ISO-10303-21;
HEADER;
/* Generated by software containing ST-Developer
 * from STEP Tools, Inc. (www.steptools.com) 
 */

FILE_DESCRIPTION(
/* description */ (''),
/* implementation_level */ '2;1');

FILE_NAME(
/* name */ 'assemblyMISTacMold.step',
/* time_stamp */ '2026-08-04T15:54:25+02:00',
/* author */ (''),
/* organization */ (''),
/* preprocessor_version */ 'ST-DEVELOPER v20.1',
/* originating_system */ 'Autodesk Translation Framework v15.8.0.0',
/* authorisation */ '');

FILE_SCHEMA (('AUTOMOTIVE_DESIGN { 1 0 10303 214 3 1 1 }'));
ENDSEC;

DATA;
#10=MECHANICAL_DESIGN_GEOMETRIC_PRESENTATION_REPRESENTATION('',(#420,#421,
#422,#423,#424),#9186);
#11=ITEM_DEFINED_TRANSFORMATION($,$,#4514,#4964);
#12=ITEM_DEFINED_TRANSFORMATION($,$,#4533,#4965);
#13=ITEM_DEFINED_TRANSFORMATION($,$,#4572,#4966);
#14=ITEM_DEFINED_TRANSFORMATION($,$,#4572,#4967);
#15=ITEM_DEFINED_TRANSFORMATION($,$,#4602,#4968);
#16=ITEM_DEFINED_TRANSFORMATION($,$,#4602,#4969);
#17=ITEM_DEFINED_TRANSFORMATION($,$,#4924,#4970);
#18=(
REPRESENTATION_RELATIONSHIP($,$,#9211,#9210)
REPRESENTATION_RELATIONSHIP_WITH_TRANSFORMATION(#11)
SHAPE_REPRESENTATION_RELATIONSHIP()
);
#19=(
REPRESENTATION_RELATIONSHIP($,$,#9212,#9210)
REPRESENTATION_RELATIONSHIP_WITH_TRANSFORMATION(#12)
SHAPE_REPRESENTATION_RELATIONSHIP()
);
#20=(
REPRESENTATION_RELATIONSHIP($,$,#9213,#9210)
REPRESENTATION_RELATIONSHIP_WITH_TRANSFORMATION(#13)
SHAPE_REPRESENTATION_RELATIONSHIP()
);
#21=(
REPRESENTATION_RELATIONSHIP($,$,#9213,#9210)
REPRESENTATION_RELATIONSHIP_WITH_TRANSFORMATION(#14)
SHAPE_REPRESENTATION_RELATIONSHIP()
);
#22=(
REPRESENTATION_RELATIONSHIP($,$,#9214,#9210)
REPRESENTATION_RELATIONSHIP_WITH_TRANSFORMATION(#15)
SHAPE_REPRESENTATION_RELATIONSHIP()
);
#23=(
REPRESENTATION_RELATIONSHIP($,$,#9214,#9210)
REPRESENTATION_RELATIONSHIP_WITH_TRANSFORMATION(#16)
SHAPE_REPRESENTATION_RELATIONSHIP()
);
#24=(
REPRESENTATION_RELATIONSHIP($,$,#9215,#9210)
REPRESENTATION_RELATIONSHIP_WITH_TRANSFORMATION(#17)
SHAPE_REPRESENTATION_RELATIONSHIP()
);
#25=CONTEXT_DEPENDENT_SHAPE_REPRESENTATION(#18,#9203);
#26=CONTEXT_DEPENDENT_SHAPE_REPRESENTATION(#19,#9204);
#27=CONTEXT_DEPENDENT_SHAPE_REPRESENTATION(#20,#9205);
#28=CONTEXT_DEPENDENT_SHAPE_REPRESENTATION(#21,#9206);
#29=CONTEXT_DEPENDENT_SHAPE_REPRESENTATION(#22,#9207);
#30=CONTEXT_DEPENDENT_SHAPE_REPRESENTATION(#23,#9208);
#31=CONTEXT_DEPENDENT_SHAPE_REPRESENTATION(#24,#9209);
#32=NEXT_ASSEMBLY_USAGE_OCCURRENCE('moldHolder:1','moldHolder:1',
'moldHolder:1',#9217,#9218,'moldHolder:1');
#33=NEXT_ASSEMBLY_USAGE_OCCURRENCE('moldSensorTip:1','moldSensorTip:1',
'moldSensorTip:1',#9217,#9219,'moldSensorTip:1');
#34=NEXT_ASSEMBLY_USAGE_OCCURRENCE('cartridgeUndercut:1',
'cartridgeUndercut:1','cartridgeUndercut:1',#9217,#9220,
'cartridgeUndercut:1');
#35=NEXT_ASSEMBLY_USAGE_OCCURRENCE('cartridgeUndercut:2',
'cartridgeUndercut:2','cartridgeUndercut:2',#9217,#9220,
'cartridgeUndercut:2');
#36=NEXT_ASSEMBLY_USAGE_OCCURRENCE('cartridgeInnerMesh:1',
'cartridgeInnerMesh:1','cartridgeInnerMesh:1',#9217,#9221,
'cartridgeInnerMesh:1');
#37=NEXT_ASSEMBLY_USAGE_OCCURRENCE('cartridgeInnerMesh:2',
'cartridgeInnerMesh:2','cartridgeInnerMesh:2',#9217,#9221,
'cartridgeInnerMesh:2');
#38=NEXT_ASSEMBLY_USAGE_OCCURRENCE('moldCartrdigeHolder:1',
'moldCartrdigeHolder:1','moldCartrdigeHolder:1',#9217,#9222,
'moldCartrdigeHolder:1');
#39=B_SPLINE_SURFACE_WITH_KNOTS('',3,3,((#6775,#6776,#6777,#6778,#6779,
#6780,#6781,#6782,#6783,#6784,#6785,#6786,#6787,#6788,#6789,#6790,#6791,
#6792,#6793,#6794,#6795,#6796,#6797,#6798),(#6799,#6800,#6801,#6802,#6803,
#6804,#6805,#6806,#6807,#6808,#6809,#6810,#6811,#6812,#6813,#6814,#6815,
#6816,#6817,#6818,#6819,#6820,#6821,#6822),(#6823,#6824,#6825,#6826,#6827,
#6828,#6829,#6830,#6831,#6832,#6833,#6834,#6835,#6836,#6837,#6838,#6839,
#6840,#6841,#6842,#6843,#6844,#6845,#6846),(#6847,#6848,#6849,#6850,#6851,
#6852,#6853,#6854,#6855,#6856,#6857,#6858,#6859,#6860,#6861,#6862,#6863,
#6864,#6865,#6866,#6867,#6868,#6869,#6870)),.UNSPECIFIED.,.F.,.F.,.F.,(4,
4),(4,1,1,1,1,1,1,1,1,1,1,1,1,1,1,1,1,1,1,1,1,4),(0.,0.0658179306876174),
(8.30838445208321,9.3044457471673,10.3005070422514,11.2965683373355,12.2926296324196,
13.2886909275036,14.2847522225877,15.2808135176718,16.2768748127559,17.27293610784,
18.2689974029241,19.2650586980081,20.2611199930922,21.2571812881763,22.2532425832604,
23.2493038783445,24.2453651734286,25.2414264685126,26.2374877635967,27.2335490586808,
28.2296103537649,29.225671648849),.UNSPECIFIED.);
#40=B_SPLINE_SURFACE_WITH_KNOTS('',3,3,((#7085,#7086,#7087,#7088,#7089,
#7090,#7091,#7092,#7093,#7094,#7095,#7096,#7097,#7098,#7099,#7100,#7101,
#7102,#7103,#7104,#7105,#7106,#7107,#7108),(#7109,#7110,#7111,#7112,#7113,
#7114,#7115,#7116,#7117,#7118,#7119,#7120,#7121,#7122,#7123,#7124,#7125,
#7126,#7127,#7128,#7129,#7130,#7131,#7132),(#7133,#7134,#7135,#7136,#7137,
#7138,#7139,#7140,#7141,#7142,#7143,#7144,#7145,#7146,#7147,#7148,#7149,
#7150,#7151,#7152,#7153,#7154,#7155,#7156),(#7157,#7158,#7159,#7160,#7161,
#7162,#7163,#7164,#7165,#7166,#7167,#7168,#7169,#7170,#7171,#7172,#7173,
#7174,#7175,#7176,#7177,#7178,#7179,#7180)),.UNSPECIFIED.,.F.,.F.,.F.,(4,
4),(4,1,1,1,1,1,1,1,1,1,1,1,1,1,1,1,1,1,1,1,1,4),(0.,0.0658179306876174),
(11.6150328478183,12.6110941429024,13.6071554379865,14.6032167330706,15.5992780281547,
16.5953393232387,17.5914006183228,18.5874619134069,19.583523208491,20.5795845035751,
21.5756457986592,22.5717070937432,23.5677683888273,24.5638296839114,25.5598909789955,
26.5559522740796,27.5520135691637,28.5480748642478,29.5441361593318,30.5401974544159,
31.5362587495,32.5323200445841),.UNSPECIFIED.);
#41=B_SPLINE_SURFACE_WITH_KNOTS('',3,3,((#8426,#8427,#8428,#8429,#8430,
#8431,#8432,#8433,#8434,#8435,#8436,#8437,#8438,#8439,#8440,#8441,#8442,
#8443,#8444,#8445,#8446,#8447,#8448,#8449),(#8450,#8451,#8452,#8453,#8454,
#8455,#8456,#8457,#8458,#8459,#8460,#8461,#8462,#8463,#8464,#8465,#8466,
#8467,#8468,#8469,#8470,#8471,#8472,#8473),(#8474,#8475,#8476,#8477,#8478,
#8479,#8480,#8481,#8482,#8483,#8484,#8485,#8486,#8487,#8488,#8489,#8490,
#8491,#8492,#8493,#8494,#8495,#8496,#8497),(#8498,#8499,#8500,#8501,#8502,
#8503,#8504,#8505,#8506,#8507,#8508,#8509,#8510,#8511,#8512,#8513,#8514,
#8515,#8516,#8517,#8518,#8519,#8520,#8521)),.UNSPECIFIED.,.F.,.F.,.F.,(4,
4),(4,1,1,1,1,1,1,1,1,1,1,1,1,1,1,1,1,1,1,1,1,4),(0.,0.0658179306876174),
(8.30838445208321,9.3044457471673,10.3005070422514,11.2965683373355,12.2926296324196,
13.2886909275036,14.2847522225877,15.2808135176718,16.2768748127559,17.27293610784,
18.2689974029241,19.2650586980081,20.2611199930922,21.2571812881763,22.2532425832604,
23.2493038783445,24.2453651734286,25.2414264685126,26.2374877635967,27.2335490586808,
28.2296103537649,29.225671648849),.UNSPECIFIED.);
#42=B_SPLINE_SURFACE_WITH_KNOTS('',3,3,((#8736,#8737,#8738,#8739,#8740,
#8741,#8742,#8743,#8744,#8745,#8746,#8747,#8748,#8749,#8750,#8751,#8752,
#8753,#8754,#8755,#8756,#8757,#8758,#8759),(#8760,#8761,#8762,#8763,#8764,
#8765,#8766,#8767,#8768,#8769,#8770,#8771,#8772,#8773,#8774,#8775,#8776,
#8777,#8778,#8779,#8780,#8781,#8782,#8783),(#8784,#8785,#8786,#8787,#8788,
#8789,#8790,#8791,#8792,#8793,#8794,#8795,#8796,#8797,#8798,#8799,#8800,
#8801,#8802,#8803,#8804,#8805,#8806,#8807),(#8808,#8809,#8810,#8811,#8812,
#8813,#8814,#8815,#8816,#8817,#8818,#8819,#8820,#8821,#8822,#8823,#8824,
#8825,#8826,#8827,#8828,#8829,#8830,#8831)),.UNSPECIFIED.,.F.,.F.,.F.,(4,
4),(4,1,1,1,1,1,1,1,1,1,1,1,1,1,1,1,1,1,1,1,1,4),(0.,0.0658179306876174),
(11.6150328478183,12.6110941429024,13.6071554379865,14.6032167330706,15.5992780281547,
16.5953393232387,17.5914006183228,18.5874619134069,19.583523208491,20.5795845035751,
21.5756457986592,22.5717070937432,23.5677683888273,24.5638296839114,25.5598909789955,
26.5559522740796,27.5520135691637,28.5480748642478,29.5441361593318,30.5401974544159,
31.5362587495,32.5323200445841),.UNSPECIFIED.);
#43=B_SPLINE_CURVE_WITH_KNOTS('',3,(#6567,#6568,#6569,#6570,#6571,#6572,
#6573,#6574,#6575,#6576,#6577,#6578,#6579,#6580,#6581,#6582,#6583,#6584,
#6585),.UNSPECIFIED.,.F.,.F.,(4,3,3,3,3,3,4),(13.6827641230453,13.9448581311772,
14.9409194262613,15.9369807213453,16.9330420164294,17.9291033115135,18.8495559215388),
 .UNSPECIFIED.);
#44=B_SPLINE_CURVE_WITH_KNOTS('',3,(#6588,#6589,#6590,#6591,#6592,#6593,
#6594,#6595,#6596,#6597,#6598,#6599,#6600,#6601,#6602,#6603),
 .UNSPECIFIED.,.F.,.F.,(4,3,3,3,3,4),(-20.9172871967658,-19.9212259016817,
-18.9251646065976,-17.9291033115135,-16.9330420164294,-16.6593010344898),
 .UNSPECIFIED.);
#45=B_SPLINE_CURVE_WITH_KNOTS('',3,(#6608,#6609,#6610,#6611,#6612,#6613,
#6614,#6615,#6616,#6617,#6618,#6619,#6620,#6621,#6622,#6623,#6624,#6625,
#6626,#6627,#6628,#6629),.UNSPECIFIED.,.F.,.F.,(4,3,3,3,3,3,3,4),(7.39957881586575,
7.96849036067267,8.96455165575676,9.96061295084085,10.9566742459249,11.952735541009,
12.9487968360931,13.6827641230453),.UNSPECIFIED.);
#46=B_SPLINE_CURVE_WITH_KNOTS('',3,(#6630,#6631,#6632,#6633,#6634,#6635,
#6636,#6637,#6638,#6639,#6640,#6641,#6642,#6643,#6644,#6645,#6646,#6647,
#6648,#6649,#6650,#6651),.UNSPECIFIED.,.F.,.F.,(4,3,3,3,3,3,3,4),(-16.6593010344898,
-15.9369807213454,-14.9409194262613,-13.9448581311772,-12.9487968360931,
-11.952735541009,-10.9566742459249,-10.3761157273102),.UNSPECIFIED.);
#47=B_SPLINE_CURVE_WITH_KNOTS('',3,(#6656,#6657,#6658,#6659,#6660,#6661,
#6662,#6663,#6664,#6665,#6666,#6667,#6668,#6669,#6670,#6671,#6672,#6673,
#6674,#6675,#6676,#6677),.UNSPECIFIED.,.F.,.F.,(4,3,3,3,3,3,3,4),(1.11639350868616,
1.99212259016817,2.98818388525225,3.98424518033634,4.98030647542042,5.97636777050451,
6.97242906558859,7.39957881586575),.UNSPECIFIED.);
#48=B_SPLINE_CURVE_WITH_KNOTS('',3,(#6678,#6679,#6680,#6681,#6682,#6683,
#6684,#6685,#6686,#6687,#6688,#6689,#6690,#6691,#6692,#6693,#6694,#6695,
#6696,#6697,#6698,#6699),.UNSPECIFIED.,.F.,.F.,(4,3,3,3,3,3,3,4),(-10.3761157273102,
-9.96061295084084,-8.96455165575676,-7.96849036067267,-6.97242906558859,
-5.9763677705045,-4.98030647542042,-4.09293042013064),.UNSPECIFIED.);
#49=B_SPLINE_CURVE_WITH_KNOTS('',3,(#6705,#6706,#6707,#6708,#6709,#6710),
 .UNSPECIFIED.,.F.,.F.,(4,1,1,4),(28.2743338823081,28.5480748642478,29.5441361593318,
30.4645887693571),.UNSPECIFIED.);
#50=B_SPLINE_CURVE_WITH_KNOTS('',3,(#6713,#6714,#6715,#6716),
 .UNSPECIFIED.,.F.,.F.,(4,4),(28.2743338823081,29.225671648849),
 .UNSPECIFIED.);
#51=B_SPLINE_CURVE_WITH_KNOTS('',3,(#6721,#6722,#6723,#6724,#6725,#6726,
#6727,#6728,#6729,#6730),.UNSPECIFIED.,.F.,.F.,(4,1,1,1,1,1,1,4),(21.9911485751285,
22.5717070937432,23.5677683888273,24.5638296839114,25.5598909789955,26.5559522740796,
27.5520135691637,28.2743338823081),.UNSPECIFIED.);
#52=B_SPLINE_CURVE_WITH_KNOTS('',3,(#6731,#6732,#6733,#6734,#6735,#6736,
#6737,#6738,#6739,#6740,#6741),.UNSPECIFIED.,.F.,.F.,(4,1,1,1,1,1,1,1,4),
(21.9911485751285,22.2532425832604,23.2493038783445,24.2453651734286,25.2414264685126,
26.2374877635967,27.2335490586808,28.2296103537649,28.2743338823081),
 .UNSPECIFIED.);
#53=B_SPLINE_CURVE_WITH_KNOTS('',3,(#6746,#6747,#6748,#6749,#6750,#6751,
#6752,#6753,#6754,#6755),.UNSPECIFIED.,.F.,.F.,(4,1,1,1,1,1,1,4),(15.707963267949,
16.5953393232387,17.5914006183228,18.5874619134069,19.583523208491,20.5795845035751,
21.5756457986592,21.9911485751285),.UNSPECIFIED.);
#54=B_SPLINE_CURVE_WITH_KNOTS('',3,(#6756,#6757,#6758,#6759,#6760,#6761,
#6762,#6763,#6764,#6765),.UNSPECIFIED.,.F.,.F.,(4,1,1,1,1,1,1,4),(15.707963267949,
16.2768748127559,17.27293610784,18.2689974029241,19.2650586980081,20.2611199930922,
21.2571812881763,21.9911485751285),.UNSPECIFIED.);
#55=B_SPLINE_CURVE_WITH_KNOTS('',3,(#6871,#6872,#6873,#6874,#6875,#6876,
#6877,#6878,#6879,#6880,#6881,#6882,#6883,#6884,#6885,#6886,#6887,#6888,
#6889,#6890,#6891,#6892,#6893,#6894,#6895,#6896,#6897,#6898,#6899,#6900,
#6901,#6902,#6903,#6904,#6905,#6906,#6907,#6908,#6909,#6910,#6911,#6912,
#6913,#6914,#6915,#6916,#6917,#6918,#6919,#6920,#6921,#6922,#6923,#6924,
#6925,#6926,#6927,#6928,#6929,#6930,#6931,#6932,#6933,#6934,#6935,#6936,
#6937,#6938,#6939,#6940,#6941,#6942,#6943,#6944,#6945,#6946,#6947,#6948,
#6949,#6950,#6951,#6952,#6953,#6954,#6955,#6956,#6957,#6958,#6959,#6960,
#6961,#6962,#6963,#6964,#6965,#6966,#6967),.UNSPECIFIED.,.F.,.F.,(4,3,3,
3,3,3,3,3,3,3,3,3,3,3,3,3,3,3,3,3,3,3,3,3,3,3,3,3,3,3,3,3,4),(-0.65575241591831,
-0.629783896538657,-0.596659553852125,-0.578222736743736,-0.569860760235283,
-0.562632880808,-0.529731689307577,-0.501224038158866,-0.488751940781305,
-0.480400490491041,-0.475515312474011,-0.443297359359077,-0.411301727327802,
-0.380269807767535,-0.360619975855125,-0.354940285538027,-0.350321856437147,
-0.31961042808904,-0.301670480117893,-0.270429387345579,-0.239032080428256,
-0.231646083466963,-0.227147458699974,-0.196575699229889,-0.1659625318337,
-0.135739969731157,-0.118772473514762,-0.113971526988794,-0.109466014141531,
-0.0798928358803396,-0.0507430344726354,-0.0225061600863233,0.),
 .UNSPECIFIED.);
#56=B_SPLINE_CURVE_WITH_KNOTS('',3,(#6969,#6970,#6971,#6972,#6973,#6974,
#6975),.UNSPECIFIED.,.F.,.F.,(4,3,4),(0.,0.996061295084083,1.11639350868616),
 .UNSPECIFIED.);
#57=B_SPLINE_CURVE_WITH_KNOTS('',3,(#6977,#6978,#6979,#6980,#6981,#6982,
#6983,#6984,#6985,#6986,#6987,#6988,#6989,#6990,#6991,#6992,#6993,#6994,
#6995,#6996,#6997,#6998,#6999,#7000,#7001,#7002,#7003,#7004,#7005,#7006,
#7007,#7008,#7009,#7010,#7011,#7012,#7013,#7014,#7015,#7016,#7017,#7018,
#7019,#7020,#7021,#7022,#7023,#7024,#7025,#7026,#7027,#7028,#7029,#7030,
#7031,#7032,#7033,#7034,#7035,#7036,#7037,#7038,#7039,#7040,#7041,#7042,
#7043,#7044,#7045,#7046,#7047,#7048,#7049,#7050,#7051,#7052,#7053,#7054,
#7055,#7056,#7057,#7058,#7059,#7060,#7061,#7062,#7063,#7064),
 .UNSPECIFIED.,.F.,.F.,(4,3,3,3,3,3,3,3,3,3,3,3,3,3,3,3,3,3,3,3,3,3,3,3,
3,3,3,3,3,4),(0.,0.0219258994549138,0.0502433443763673,0.0792776833229642,
0.110078293546827,0.114434465049036,0.144285283458245,0.174719416094397,
0.205382184085768,0.220419731714281,0.230828146729182,0.235304532060062,
0.266699627085328,0.297911555607152,0.32568256511387,0.346311930789147,
0.352527347692182,0.35709750602977,0.387692356189586,0.419054606995923,
0.452146652691022,0.478936826976659,0.484231939537362,0.516925147354238,
0.549812087668158,0.565901173556217,0.572106354788924,0.605502463091651,
0.63840317522324,0.655752415918307),.UNSPECIFIED.);
#58=B_SPLINE_CURVE_WITH_KNOTS('',3,(#7065,#7066,#7067,#7068,#7069,#7070,
#7071,#7072,#7073),.UNSPECIFIED.,.F.,.F.,(4,1,1,1,1,1,4),(10.3761157273102,
11.2965683373355,12.2926296324196,13.2886909275036,14.2847522225877,15.2808135176718,
15.707963267949),.UNSPECIFIED.);
#59=B_SPLINE_CURVE_WITH_KNOTS('',3,(#7077,#7078,#7079,#7080,#7081,#7082,
#7083,#7084),.UNSPECIFIED.,.F.,.F.,(4,1,1,1,1,4),(11.6150328478183,12.6110941429024,
13.6071554379865,14.6032167330706,15.5992780281547,15.707963267949),
 .UNSPECIFIED.);
#60=B_SPLINE_CURVE_WITH_KNOTS('',3,(#7181,#7182,#7183,#7184,#7185,#7186,
#7187,#7188,#7189,#7190,#7191,#7192,#7193,#7194,#7195,#7196,#7197,#7198,
#7199,#7200,#7201,#7202,#7203,#7204,#7205,#7206,#7207,#7208,#7209,#7210,
#7211,#7212,#7213,#7214,#7215,#7216,#7217,#7218,#7219,#7220,#7221,#7222,
#7223,#7224,#7225,#7226,#7227,#7228,#7229,#7230,#7231,#7232,#7233,#7234,
#7235,#7236,#7237,#7238,#7239,#7240,#7241,#7242,#7243,#7244,#7245,#7246,
#7247,#7248,#7249,#7250,#7251,#7252,#7253,#7254,#7255,#7256,#7257,#7258,
#7259,#7260,#7261,#7262,#7263,#7264,#7265,#7266,#7267,#7268,#7269,#7270,
#7271,#7272,#7273,#7274),.UNSPECIFIED.,.F.,.F.,(4,3,3,3,3,3,3,3,3,3,3,3,
3,3,3,3,3,3,3,3,3,3,3,3,3,3,3,3,3,3,3,4),(-0.658260979006801,-0.636273968359828,
-0.60766086634932,-0.590411856897607,-0.582870975343831,-0.578044105435929,
-0.547248181646677,-0.520301748331081,-0.507671999096002,-0.50281023744156,
-0.472333374038871,-0.441360073957975,-0.410483870153996,-0.390782081395975,
-0.38456237425865,-0.38040662502863,-0.348592904394939,-0.331676715121912,
-0.300900355595192,-0.269532406165091,-0.260273062847547,-0.25550896686762,
-0.223570346009168,-0.191215863579076,-0.158617329062681,-0.138790162929846,
-0.132401851971196,-0.127529034978542,-0.0941898343547634,-0.0608305838746705,
-0.0281631156722122,0.),.UNSPECIFIED.);
#61=B_SPLINE_CURVE_WITH_KNOTS('',3,(#7276,#7277,#7278,#7279,#7280,#7281,
#7282,#7283,#7284,#7285,#7286,#7287,#7288,#7289,#7290,#7291,#7292,#7293,
#7294,#7295,#7296,#7297,#7298,#7299,#7300,#7301,#7302,#7303,#7304,#7305,
#7306,#7307,#7308,#7309,#7310,#7311,#7312,#7313,#7314,#7315,#7316,#7317,
#7318,#7319,#7320,#7321,#7322,#7323,#7324,#7325,#7326,#7327,#7328,#7329,
#7330,#7331,#7332,#7333,#7334,#7335,#7336,#7337,#7338,#7339,#7340,#7341,
#7342,#7343,#7344,#7345,#7346,#7347,#7348,#7349,#7350,#7351,#7352,#7353,
#7354,#7355,#7356,#7357,#7358,#7359,#7360,#7361,#7362,#7363,#7364,#7365,
#7366,#7367,#7368,#7369,#7370,#7371,#7372),.UNSPECIFIED.,.F.,.F.,(4,3,3,
3,3,3,3,3,3,3,3,3,3,3,3,3,3,3,3,3,3,3,3,3,3,3,3,3,3,3,3,3,4),(0.,0.0260745497902832,
0.058879165374598,0.0922311516320918,0.125174828514979,0.131210767979049,
0.135465334056515,0.168065880009325,0.200626855056388,0.23270275519108,
0.248087481629094,0.258988790307065,0.263062132936226,0.294551688016994,
0.325175088192025,0.355780566695193,0.374685592464668,0.382139839937956,
0.386792137969294,0.417232832168198,0.448285099964665,0.479114386853879,
0.491463927242568,0.500903147397131,0.507026388134438,0.537327584336982,
0.567560933004437,0.576148483201308,0.581551187864196,0.587036126816226,
0.616264731568961,0.644680845170332,0.658260979006801),.UNSPECIFIED.);
#62=B_SPLINE_CURVE_WITH_KNOTS('',3,(#7373,#7374,#7375,#7376,#7377,#7378,
#7379,#7380,#7381,#7382),.UNSPECIFIED.,.F.,.F.,(4,3,3,4),(-4.09293042013064,
-3.98424518033634,-2.98818388525225,-2.06773127522701),.UNSPECIFIED.);
#63=B_SPLINE_CURVE_WITH_KNOTS('',3,(#7411,#7412,#7413,#7414,#7415,#7416,
#7417,#7418,#7419,#7420,#7421,#7422,#7423,#7424,#7425,#7426,#7427,#7428,
#7429),.UNSPECIFIED.,.F.,.F.,(4,3,3,3,3,3,4),(13.6827641230453,13.9448581311772,
14.9409194262613,15.9369807213453,16.9330420164294,17.9291033115135,18.8495559215388),
 .UNSPECIFIED.);
#64=B_SPLINE_CURVE_WITH_KNOTS('',3,(#7432,#7433,#7434,#7435,#7436,#7437,
#7438,#7439,#7440,#7441,#7442,#7443,#7444,#7445,#7446,#7447),
 .UNSPECIFIED.,.F.,.F.,(4,3,3,3,3,4),(-20.9172871967658,-19.9212259016817,
-18.9251646065976,-17.9291033115135,-16.9330420164294,-16.6593010344898),
 .UNSPECIFIED.);
#65=B_SPLINE_CURVE_WITH_KNOTS('',3,(#7452,#7453,#7454,#7455,#7456,#7457,
#7458,#7459,#7460,#7461,#7462,#7463,#7464,#7465,#7466,#7467,#7468,#7469,
#7470,#7471,#7472,#7473),.UNSPECIFIED.,.F.,.F.,(4,3,3,3,3,3,3,4),(7.39957881586575,
7.96849036067267,8.96455165575676,9.96061295084085,10.9566742459249,11.952735541009,
12.9487968360931,13.6827641230453),.UNSPECIFIED.);
#66=B_SPLINE_CURVE_WITH_KNOTS('',3,(#7474,#7475,#7476,#7477,#7478,#7479,
#7480,#7481,#7482,#7483,#7484,#7485,#7486,#7487,#7488,#7489,#7490,#7491,
#7492,#7493,#7494,#7495),.UNSPECIFIED.,.F.,.F.,(4,3,3,3,3,3,3,4),(-16.6593010344898,
-15.9369807213454,-14.9409194262613,-13.9448581311772,-12.9487968360931,
-11.952735541009,-10.9566742459249,-10.3761157273102),.UNSPECIFIED.);
#67=B_SPLINE_CURVE_WITH_KNOTS('',3,(#7500,#7501,#7502,#7503,#7504,#7505,
#7506,#7507,#7508,#7509,#7510,#7511,#7512,#7513,#7514,#7515,#7516,#7517,
#7518,#7519,#7520,#7521),.UNSPECIFIED.,.F.,.F.,(4,3,3,3,3,3,3,4),(1.11639350868616,
1.99212259016817,2.98818388525225,3.98424518033634,4.98030647542042,5.97636777050451,
6.97242906558859,7.39957881586575),.UNSPECIFIED.);
#68=B_SPLINE_CURVE_WITH_KNOTS('',3,(#7522,#7523,#7524,#7525,#7526,#7527,
#7528,#7529,#7530,#7531,#7532,#7533,#7534,#7535,#7536,#7537,#7538,#7539,
#7540,#7541,#7542,#7543),.UNSPECIFIED.,.F.,.F.,(4,3,3,3,3,3,3,4),(-10.3761157273102,
-9.96061295084084,-8.96455165575676,-7.96849036067267,-6.97242906558859,
-5.9763677705045,-4.98030647542042,-4.09293042013064),.UNSPECIFIED.);
#69=B_SPLINE_CURVE_WITH_KNOTS('',3,(#7549,#7550,#7551,#7552,#7553,#7554),
 .UNSPECIFIED.,.F.,.F.,(4,1,1,4),(28.2743338823081,28.5480748642478,29.5441361593318,
30.4645887693571),.UNSPECIFIED.);
#70=B_SPLINE_CURVE_WITH_KNOTS('',3,(#7557,#7558,#7559,#7560),
 .UNSPECIFIED.,.F.,.F.,(4,4),(28.2743338823081,29.225671648849),
 .UNSPECIFIED.);
#71=B_SPLINE_CURVE_WITH_KNOTS('',3,(#7565,#7566,#7567,#7568,#7569,#7570,
#7571,#7572,#7573,#7574),.UNSPECIFIED.,.F.,.F.,(4,1,1,1,1,1,1,4),(21.9911485751285,
22.5717070937432,23.5677683888273,24.5638296839114,25.5598909789955,26.5559522740796,
27.5520135691637,28.2743338823081),.UNSPECIFIED.);
#72=B_SPLINE_CURVE_WITH_KNOTS('',3,(#7575,#7576,#7577,#7578,#7579,#7580,
#7581,#7582,#7583,#7584,#7585),.UNSPECIFIED.,.F.,.F.,(4,1,1,1,1,1,1,1,4),
(21.9911485751285,22.2532425832604,23.2493038783445,24.2453651734286,25.2414264685126,
26.2374877635967,27.2335490586808,28.2296103537649,28.2743338823081),
 .UNSPECIFIED.);
#73=B_SPLINE_CURVE_WITH_KNOTS('',3,(#7590,#7591,#7592,#7593,#7594,#7595,
#7596,#7597,#7598,#7599),.UNSPECIFIED.,.F.,.F.,(4,1,1,1,1,1,1,4),(15.707963267949,
16.5953393232387,17.5914006183228,18.5874619134069,19.583523208491,20.5795845035751,
21.5756457986592,21.9911485751285),.UNSPECIFIED.);
#74=B_SPLINE_CURVE_WITH_KNOTS('',3,(#7600,#7601,#7602,#7603,#7604,#7605,
#7606,#7607,#7608,#7609),.UNSPECIFIED.,.F.,.F.,(4,1,1,1,1,1,1,4),(15.707963267949,
16.2768748127559,17.27293610784,18.2689974029241,19.2650586980081,20.2611199930922,
21.2571812881763,21.9911485751285),.UNSPECIFIED.);
#75=B_SPLINE_CURVE_WITH_KNOTS('',3,(#8522,#8523,#8524,#8525,#8526,#8527,
#8528,#8529,#8530,#8531,#8532,#8533,#8534,#8535,#8536,#8537,#8538,#8539,
#8540,#8541,#8542,#8543,#8544,#8545,#8546,#8547,#8548,#8549,#8550,#8551,
#8552,#8553,#8554,#8555,#8556,#8557,#8558,#8559,#8560,#8561,#8562,#8563,
#8564,#8565,#8566,#8567,#8568,#8569,#8570,#8571,#8572,#8573,#8574,#8575,
#8576,#8577,#8578,#8579,#8580,#8581,#8582,#8583,#8584,#8585,#8586,#8587,
#8588,#8589,#8590,#8591,#8592,#8593,#8594,#8595,#8596,#8597,#8598,#8599,
#8600,#8601,#8602,#8603,#8604,#8605,#8606,#8607,#8608,#8609,#8610,#8611,
#8612,#8613,#8614,#8615,#8616,#8617,#8618),.UNSPECIFIED.,.F.,.F.,(4,3,3,
3,3,3,3,3,3,3,3,3,3,3,3,3,3,3,3,3,3,3,3,3,3,3,3,3,3,3,3,3,4),(-0.65575241591831,
-0.629783896538657,-0.596659553852125,-0.578222736743736,-0.569860760235283,
-0.562632880808,-0.529731689307577,-0.501224038158866,-0.488751940781305,
-0.480400490491041,-0.475515312474011,-0.443297359359077,-0.411301727327802,
-0.380269807767535,-0.360619975855125,-0.354940285538027,-0.350321856437147,
-0.31961042808904,-0.301670480117893,-0.270429387345579,-0.239032080428256,
-0.231646083466963,-0.227147458699974,-0.196575699229889,-0.1659625318337,
-0.135739969731157,-0.118772473514762,-0.113971526988794,-0.109466014141531,
-0.0798928358803396,-0.0507430344726354,-0.0225061600863233,0.),
 .UNSPECIFIED.);
#76=B_SPLINE_CURVE_WITH_KNOTS('',3,(#8620,#8621,#8622,#8623,#8624,#8625,
#8626),.UNSPECIFIED.,.F.,.F.,(4,3,4),(0.,0.996061295084083,1.11639350868616),
 .UNSPECIFIED.);
#77=B_SPLINE_CURVE_WITH_KNOTS('',3,(#8628,#8629,#8630,#8631,#8632,#8633,
#8634,#8635,#8636,#8637,#8638,#8639,#8640,#8641,#8642,#8643,#8644,#8645,
#8646,#8647,#8648,#8649,#8650,#8651,#8652,#8653,#8654,#8655,#8656,#8657,
#8658,#8659,#8660,#8661,#8662,#8663,#8664,#8665,#8666,#8667,#8668,#8669,
#8670,#8671,#8672,#8673,#8674,#8675,#8676,#8677,#8678,#8679,#8680,#8681,
#8682,#8683,#8684,#8685,#8686,#8687,#8688,#8689,#8690,#8691,#8692,#8693,
#8694,#8695,#8696,#8697,#8698,#8699,#8700,#8701,#8702,#8703,#8704,#8705,
#8706,#8707,#8708,#8709,#8710,#8711,#8712,#8713,#8714,#8715),
 .UNSPECIFIED.,.F.,.F.,(4,3,3,3,3,3,3,3,3,3,3,3,3,3,3,3,3,3,3,3,3,3,3,3,
3,3,3,3,3,4),(0.,0.0219258994549138,0.0502433443763673,0.0792776833229642,
0.110078293546827,0.114434465049036,0.144285283458245,0.174719416094397,
0.205382184085768,0.220419731714281,0.230828146729182,0.235304532060062,
0.266699627085328,0.297911555607152,0.32568256511387,0.346311930789147,
0.352527347692182,0.35709750602977,0.387692356189586,0.419054606995923,
0.452146652691022,0.478936826976659,0.484231939537362,0.516925147354238,
0.549812087668158,0.565901173556217,0.572106354788924,0.605502463091651,
0.63840317522324,0.655752415918307),.UNSPECIFIED.);
#78=B_SPLINE_CURVE_WITH_KNOTS('',3,(#8716,#8717,#8718,#8719,#8720,#8721,
#8722,#8723,#8724),.UNSPECIFIED.,.F.,.F.,(4,1,1,1,1,1,4),(10.3761157273102,
11.2965683373355,12.2926296324196,13.2886909275036,14.2847522225877,15.2808135176718,
15.707963267949),.UNSPECIFIED.);
#79=B_SPLINE_CURVE_WITH_KNOTS('',3,(#8728,#8729,#8730,#8731,#8732,#8733,
#8734,#8735),.UNSPECIFIED.,.F.,.F.,(4,1,1,1,1,4),(11.6150328478183,12.6110941429024,
13.6071554379865,14.6032167330706,15.5992780281547,15.707963267949),
 .UNSPECIFIED.);
#80=B_SPLINE_CURVE_WITH_KNOTS('',3,(#8832,#8833,#8834,#8835,#8836,#8837,
#8838,#8839,#8840,#8841,#8842,#8843,#8844,#8845,#8846,#8847,#8848,#8849,
#8850,#8851,#8852,#8853,#8854,#8855,#8856,#8857,#8858,#8859,#8860,#8861,
#8862,#8863,#8864,#8865,#8866,#8867,#8868,#8869,#8870,#8871,#8872,#8873,
#8874,#8875,#8876,#8877,#8878,#8879,#8880,#8881,#8882,#8883,#8884,#8885,
#8886,#8887,#8888,#8889,#8890,#8891,#8892,#8893,#8894,#8895,#8896,#8897,
#8898,#8899,#8900,#8901,#8902,#8903,#8904,#8905,#8906,#8907,#8908,#8909,
#8910,#8911,#8912,#8913,#8914,#8915,#8916,#8917,#8918,#8919,#8920,#8921,
#8922,#8923,#8924,#8925),.UNSPECIFIED.,.F.,.F.,(4,3,3,3,3,3,3,3,3,3,3,3,
3,3,3,3,3,3,3,3,3,3,3,3,3,3,3,3,3,3,3,4),(-0.658260979006801,-0.636273968359828,
-0.60766086634932,-0.590411856897607,-0.582870975343831,-0.578044105435929,
-0.547248181646677,-0.520301748331081,-0.507671999096002,-0.50281023744156,
-0.472333374038871,-0.441360073957975,-0.410483870153996,-0.390782081395975,
-0.38456237425865,-0.38040662502863,-0.348592904394939,-0.331676715121912,
-0.300900355595192,-0.269532406165091,-0.260273062847547,-0.25550896686762,
-0.223570346009168,-0.191215863579076,-0.158617329062681,-0.138790162929846,
-0.132401851971196,-0.127529034978542,-0.0941898343547634,-0.0608305838746705,
-0.0281631156722122,0.),.UNSPECIFIED.);
#81=B_SPLINE_CURVE_WITH_KNOTS('',3,(#8927,#8928,#8929,#8930,#8931,#8932,
#8933,#8934,#8935,#8936,#8937,#8938,#8939,#8940,#8941,#8942,#8943,#8944,
#8945,#8946,#8947,#8948,#8949,#8950,#8951,#8952,#8953,#8954,#8955,#8956,
#8957,#8958,#8959,#8960,#8961,#8962,#8963,#8964,#8965,#8966,#8967,#8968,
#8969,#8970,#8971,#8972,#8973,#8974,#8975,#8976,#8977,#8978,#8979,#8980,
#8981,#8982,#8983,#8984,#8985,#8986,#8987,#8988,#8989,#8990,#8991,#8992,
#8993,#8994,#8995,#8996,#8997,#8998,#8999,#9000,#9001,#9002,#9003,#9004,
#9005,#9006,#9007,#9008,#9009,#9010,#9011,#9012,#9013,#9014,#9015,#9016,
#9017,#9018,#9019,#9020,#9021,#9022,#9023),.UNSPECIFIED.,.F.,.F.,(4,3,3,
3,3,3,3,3,3,3,3,3,3,3,3,3,3,3,3,3,3,3,3,3,3,3,3,3,3,3,3,3,4),(0.,0.0260745497902832,
0.058879165374598,0.0922311516320918,0.125174828514979,0.131210767979049,
0.135465334056515,0.168065880009325,0.200626855056388,0.23270275519108,
0.248087481629094,0.258988790307065,0.263062132936226,0.294551688016994,
0.325175088192025,0.355780566695193,0.374685592464668,0.382139839937956,
0.386792137969294,0.417232832168198,0.448285099964665,0.479114386853879,
0.491463927242568,0.500903147397131,0.507026388134438,0.537327584336982,
0.567560933004437,0.576148483201308,0.581551187864196,0.587036126816226,
0.616264731568961,0.644680845170332,0.658260979006801),.UNSPECIFIED.);
#82=B_SPLINE_CURVE_WITH_KNOTS('',3,(#9024,#9025,#9026,#9027,#9028,#9029,
#9030,#9031,#9032,#9033),.UNSPECIFIED.,.F.,.F.,(4,3,3,4),(-4.09293042013064,
-3.98424518033634,-2.98818388525225,-2.06773127522701),.UNSPECIFIED.);
#83=ELLIPSE('',#4562,4.00000014901161,2.5);
#84=ELLIPSE('',#4563,4.00000014901161,2.5);
#85=ELLIPSE('',#4564,4.00000014901161,2.5);
#86=ELLIPSE('',#4565,4.00000014901161,2.5);
#87=(
BOUNDED_SURFACE()
B_SPLINE_SURFACE(2,2,((#6427,#6428,#6429,#6430,#6431,#6432,#6433,#6434,
#6435),(#6436,#6437,#6438,#6439,#6440,#6441,#6442,#6443,#6444),(#6445,#6446,
#6447,#6448,#6449,#6450,#6451,#6452,#6453)),.UNSPECIFIED.,.F.,.T.,.F.)
B_SPLINE_SURFACE_WITH_KNOTS((3,3),(3,2,2,2,3),(-1.5707963267949,0.),(0.,
1.5707963267949,3.14159265358979,4.71238898038469,6.28318530717959),
 .UNSPECIFIED.)
GEOMETRIC_REPRESENTATION_ITEM()
RATIONAL_B_SPLINE_SURFACE(((1.,0.707106781186548,1.,0.707106781186548,1.,
0.707106781186548,1.,0.707106781186548,1.),(0.707106781186547,0.5,0.707106781186547,
0.5,0.707106781186547,0.5,0.707106781186547,0.5,0.707106781186547),(1.,
0.707106781186548,1.,0.707106781186548,1.,0.707106781186548,1.,0.707106781186548,
1.)))
REPRESENTATION_ITEM('')
SURFACE()
);
#88=(
BOUNDED_SURFACE()
B_SPLINE_SURFACE(2,2,((#6456,#6457,#6458,#6459,#6460,#6461,#6462,#6463,
#6464),(#6465,#6466,#6467,#6468,#6469,#6470,#6471,#6472,#6473),(#6474,#6475,
#6476,#6477,#6478,#6479,#6480,#6481,#6482)),.UNSPECIFIED.,.F.,.T.,.F.)
B_SPLINE_SURFACE_WITH_KNOTS((3,3),(3,2,2,2,3),(-1.5707963267949,0.),(0.,
1.5707963267949,3.14159265358979,4.71238898038469,6.28318530717959),
 .UNSPECIFIED.)
GEOMETRIC_REPRESENTATION_ITEM()
RATIONAL_B_SPLINE_SURFACE(((1.,0.707106781186548,1.,0.707106781186548,1.,
0.707106781186548,1.,0.707106781186548,1.),(0.707106781186547,0.5,0.707106781186547,
0.5,0.707106781186547,0.5,0.707106781186547,0.5,0.707106781186547),(1.,
0.707106781186548,1.,0.707106781186548,1.,0.707106781186548,1.,0.707106781186548,
1.)))
REPRESENTATION_ITEM('')
SURFACE()
);
#89=(
BOUNDED_SURFACE()
B_SPLINE_SURFACE(2,2,((#6485,#6486,#6487,#6488,#6489,#6490,#6491,#6492,
#6493),(#6494,#6495,#6496,#6497,#6498,#6499,#6500,#6501,#6502),(#6503,#6504,
#6505,#6506,#6507,#6508,#6509,#6510,#6511)),.UNSPECIFIED.,.F.,.T.,.F.)
B_SPLINE_SURFACE_WITH_KNOTS((3,3),(3,2,2,2,3),(-1.5707963267949,0.),(0.,
1.5707963267949,3.14159265358979,4.71238898038469,6.28318530717959),
 .UNSPECIFIED.)
GEOMETRIC_REPRESENTATION_ITEM()
RATIONAL_B_SPLINE_SURFACE(((1.,0.707106781186548,1.,0.707106781186548,1.,
0.707106781186548,1.,0.707106781186548,1.),(0.707106781186547,0.5,0.707106781186547,
0.5,0.707106781186547,0.5,0.707106781186547,0.5,0.707106781186547),(1.,
0.707106781186548,1.,0.707106781186548,1.,0.707106781186548,1.,0.707106781186548,
1.)))
REPRESENTATION_ITEM('')
SURFACE()
);
#90=(
BOUNDED_SURFACE()
B_SPLINE_SURFACE(2,2,((#6514,#6515,#6516,#6517,#6518,#6519,#6520,#6521,
#6522),(#6523,#6524,#6525,#6526,#6527,#6528,#6529,#6530,#6531),(#6532,#6533,
#6534,#6535,#6536,#6537,#6538,#6539,#6540)),.UNSPECIFIED.,.F.,.T.,.F.)
B_SPLINE_SURFACE_WITH_KNOTS((3,3),(3,2,2,2,3),(-1.5707963267949,0.),(0.,
1.5707963267949,3.14159265358979,4.71238898038469,6.28318530717959),
 .UNSPECIFIED.)
GEOMETRIC_REPRESENTATION_ITEM()
RATIONAL_B_SPLINE_SURFACE(((1.,0.707106781186548,1.,0.707106781186548,1.,
0.707106781186548,1.,0.707106781186548,1.),(0.707106781186547,0.5,0.707106781186547,
0.5,0.707106781186547,0.5,0.707106781186547,0.5,0.707106781186547),(1.,
0.707106781186548,1.,0.707106781186548,1.,0.707106781186548,1.,0.707106781186548,
1.)))
REPRESENTATION_ITEM('')
SURFACE()
);
#91=FACE_BOUND('',#716,.T.);
#92=FACE_BOUND('',#717,.T.);
#93=FACE_BOUND('',#718,.T.);
#94=FACE_BOUND('',#719,.T.);
#95=FACE_BOUND('',#720,.T.);
#96=FACE_BOUND('',#721,.T.);
#97=FACE_BOUND('',#722,.T.);
#98=FACE_BOUND('',#723,.T.);
#99=FACE_BOUND('',#745,.T.);
#100=FACE_BOUND('',#751,.T.);
#101=FACE_BOUND('',#754,.T.);
#102=FACE_BOUND('',#758,.T.);
#103=FACE_BOUND('',#760,.T.);
#104=FACE_BOUND('',#932,.T.);
#105=FACE_BOUND('',#934,.T.);
#106=FACE_BOUND('',#935,.T.);
#107=FACE_BOUND('',#936,.T.);
#108=FACE_BOUND('',#937,.T.);
#109=FACE_BOUND('',#938,.T.);
#110=FACE_BOUND('',#939,.T.);
#111=FACE_BOUND('',#940,.T.);
#112=FACE_BOUND('',#941,.T.);
#113=FACE_BOUND('',#942,.T.);
#114=FACE_BOUND('',#943,.T.);
#115=FACE_BOUND('',#944,.T.);
#116=FACE_BOUND('',#945,.T.);
#117=FACE_BOUND('',#946,.T.);
#118=FACE_BOUND('',#947,.T.);
#119=FACE_BOUND('',#948,.T.);
#120=FACE_BOUND('',#949,.T.);
#121=FACE_BOUND('',#950,.T.);
#122=FACE_BOUND('',#951,.T.);
#123=FACE_BOUND('',#952,.T.);
#124=FACE_BOUND('',#953,.T.);
#125=FACE_BOUND('',#954,.T.);
#126=FACE_BOUND('',#955,.T.);
#127=FACE_BOUND('',#956,.T.);
#128=FACE_BOUND('',#957,.T.);
#129=FACE_BOUND('',#958,.T.);
#130=FACE_BOUND('',#959,.T.);
#131=FACE_BOUND('',#960,.T.);
#132=FACE_BOUND('',#961,.T.);
#133=FACE_BOUND('',#963,.T.);
#134=FACE_BOUND('',#967,.T.);
#135=FACE_BOUND('',#969,.T.);
#136=FACE_BOUND('',#971,.T.);
#137=FACE_BOUND('',#974,.T.);
#138=FACE_BOUND('',#977,.T.);
#139=FACE_BOUND('',#980,.T.);
#140=FACE_BOUND('',#987,.T.);
#141=FACE_BOUND('',#997,.T.);
#142=FACE_BOUND('',#998,.T.);
#143=FACE_BOUND('',#999,.T.);
#144=FACE_BOUND('',#1000,.T.);
#145=FACE_BOUND('',#1002,.T.);
#146=FACE_BOUND('',#1003,.T.);
#147=FACE_BOUND('',#1004,.T.);
#148=FACE_BOUND('',#1005,.T.);
#149=CIRCLE('',#4535,2.5);
#150=CIRCLE('',#4536,2.5);
#151=CIRCLE('',#4538,4.);
#152=CIRCLE('',#4539,4.00000014901161);
#153=CIRCLE('',#4541,2.5);
#154=CIRCLE('',#4542,2.5);
#155=CIRCLE('',#4544,2.5);
#156=CIRCLE('',#4545,2.5);
#157=CIRCLE('',#4547,4.);
#158=CIRCLE('',#4548,4.00000014901161);
#159=CIRCLE('',#4550,4.);
#160=CIRCLE('',#4551,4.00000014901161);
#161=CIRCLE('',#4553,4.);
#162=CIRCLE('',#4554,4.00000014901161);
#163=CIRCLE('',#4556,2.5);
#164=CIRCLE('',#4557,2.5);
#165=CIRCLE('',#4574,3.442);
#166=CIRCLE('',#4578,2.872);
#167=CIRCLE('',#4582,2.5);
#168=CIRCLE('',#4583,2.5);
#169=CIRCLE('',#4585,3.);
#170=CIRCLE('',#4587,2.872);
#171=CIRCLE('',#4589,3.442);
#172=CIRCLE('',#4591,4.);
#173=CIRCLE('',#4593,3.);
#174=CIRCLE('',#4595,2.5);
#175=CIRCLE('',#4597,2.5);
#176=CIRCLE('',#4599,4.);
#177=CIRCLE('',#4604,3.442);
#178=CIRCLE('',#4608,2.872);
#179=CIRCLE('',#4612,3.4);
#180=CIRCLE('',#4613,3.4);
#181=CIRCLE('',#4616,3.);
#182=CIRCLE('',#4619,3.);
#183=CIRCLE('',#4621,3.4);
#184=CIRCLE('',#4622,3.4);
#185=CIRCLE('',#4625,3.);
#186=CIRCLE('',#4628,3.);
#187=CIRCLE('',#4630,3.4);
#188=CIRCLE('',#4631,3.4);
#189=CIRCLE('',#4634,3.);
#190=CIRCLE('',#4637,3.);
#191=CIRCLE('',#4639,3.4);
#192=CIRCLE('',#4640,3.4);
#193=CIRCLE('',#4643,3.);
#194=CIRCLE('',#4646,3.);
#195=CIRCLE('',#4648,3.4);
#196=CIRCLE('',#4649,3.4);
#197=CIRCLE('',#4652,3.);
#198=CIRCLE('',#4653,3.);
#199=CIRCLE('',#4656,3.);
#200=CIRCLE('',#4657,3.);
#201=CIRCLE('',#4659,3.4);
#202=CIRCLE('',#4660,3.4);
#203=CIRCLE('',#4663,3.);
#204=CIRCLE('',#4664,3.);
#205=CIRCLE('',#4667,3.);
#206=CIRCLE('',#4668,3.);
#207=CIRCLE('',#4670,3.4);
#208=CIRCLE('',#4671,3.4);
#209=CIRCLE('',#4674,3.);
#210=CIRCLE('',#4675,3.);
#211=CIRCLE('',#4678,3.);
#212=CIRCLE('',#4679,3.);
#213=CIRCLE('',#4681,3.4);
#214=CIRCLE('',#4682,3.4);
#215=CIRCLE('',#4685,3.);
#216=CIRCLE('',#4686,3.);
#217=CIRCLE('',#4689,3.);
#218=CIRCLE('',#4690,3.);
#219=CIRCLE('',#4692,3.4);
#220=CIRCLE('',#4693,3.4);
#221=CIRCLE('',#4696,3.);
#222=CIRCLE('',#4699,3.);
#223=CIRCLE('',#4701,3.4);
#224=CIRCLE('',#4702,3.4);
#225=CIRCLE('',#4705,3.);
#226=CIRCLE('',#4708,3.);
#227=CIRCLE('',#4710,3.4);
#228=CIRCLE('',#4711,3.4);
#229=CIRCLE('',#4714,3.);
#230=CIRCLE('',#4717,3.);
#231=CIRCLE('',#4719,3.4);
#232=CIRCLE('',#4720,3.4);
#233=CIRCLE('',#4723,3.);
#234=CIRCLE('',#4726,3.);
#235=CIRCLE('',#4728,3.4);
#236=CIRCLE('',#4729,3.4);
#237=CIRCLE('',#4732,3.);
#238=CIRCLE('',#4735,3.);
#239=CIRCLE('',#4737,3.4);
#240=CIRCLE('',#4738,3.4);
#241=CIRCLE('',#4741,3.);
#242=CIRCLE('',#4744,3.);
#243=CIRCLE('',#4746,3.4);
#244=CIRCLE('',#4747,3.4);
#245=CIRCLE('',#4750,3.);
#246=CIRCLE('',#4753,3.);
#247=CIRCLE('',#4755,3.4);
#248=CIRCLE('',#4756,3.4);
#249=CIRCLE('',#4759,3.);
#250=CIRCLE('',#4762,3.);
#251=CIRCLE('',#4764,3.4);
#252=CIRCLE('',#4765,3.4);
#253=CIRCLE('',#4768,3.);
#254=CIRCLE('',#4771,3.);
#255=CIRCLE('',#4773,3.4);
#256=CIRCLE('',#4774,3.4);
#257=CIRCLE('',#4777,3.);
#258=CIRCLE('',#4780,3.);
#259=CIRCLE('',#4782,3.4);
#260=CIRCLE('',#4783,3.4);
#261=CIRCLE('',#4786,3.);
#262=CIRCLE('',#4789,3.);
#263=CIRCLE('',#4791,3.4);
#264=CIRCLE('',#4792,3.4);
#265=CIRCLE('',#4795,3.);
#266=CIRCLE('',#4798,3.);
#267=CIRCLE('',#4800,3.4);
#268=CIRCLE('',#4801,3.4);
#269=CIRCLE('',#4804,3.);
#270=CIRCLE('',#4807,3.);
#271=CIRCLE('',#4809,3.4);
#272=CIRCLE('',#4810,3.4);
#273=CIRCLE('',#4813,3.);
#274=CIRCLE('',#4816,3.);
#275=CIRCLE('',#4818,3.4);
#276=CIRCLE('',#4819,3.4);
#277=CIRCLE('',#4822,3.);
#278=CIRCLE('',#4825,3.);
#279=CIRCLE('',#4827,3.4);
#280=CIRCLE('',#4828,3.4);
#281=CIRCLE('',#4831,3.);
#282=CIRCLE('',#4834,3.);
#283=CIRCLE('',#4836,3.4);
#284=CIRCLE('',#4837,3.4);
#285=CIRCLE('',#4840,3.);
#286=CIRCLE('',#4843,3.);
#287=CIRCLE('',#4845,3.4);
#288=CIRCLE('',#4846,3.4);
#289=CIRCLE('',#4849,3.);
#290=CIRCLE('',#4852,3.);
#291=CIRCLE('',#4854,3.4);
#292=CIRCLE('',#4855,3.4);
#293=CIRCLE('',#4858,3.);
#294=CIRCLE('',#4861,3.);
#295=CIRCLE('',#4863,3.4);
#296=CIRCLE('',#4864,3.4);
#297=CIRCLE('',#4867,3.);
#298=CIRCLE('',#4870,3.);
#299=CIRCLE('',#4872,3.4);
#300=CIRCLE('',#4873,3.4);
#301=CIRCLE('',#4876,3.);
#302=CIRCLE('',#4879,3.);
#303=CIRCLE('',#4881,3.4);
#304=CIRCLE('',#4882,3.4);
#305=CIRCLE('',#4885,3.);
#306=CIRCLE('',#4888,3.);
#307=CIRCLE('',#4890,3.4);
#308=CIRCLE('',#4891,3.4);
#309=CIRCLE('',#4894,3.);
#310=CIRCLE('',#4897,3.);
#311=CIRCLE('',#4899,3.4);
#312=CIRCLE('',#4900,3.4);
#313=CIRCLE('',#4903,3.);
#314=CIRCLE('',#4906,3.);
#315=CIRCLE('',#4908,2.872);
#316=CIRCLE('',#4910,3.442);
#317=CIRCLE('',#4912,4.);
#318=CIRCLE('',#4914,3.);
#319=CIRCLE('',#4915,3.);
#320=CIRCLE('',#4917,2.5);
#321=CIRCLE('',#4919,2.5);
#322=CIRCLE('',#4921,4.);
#323=CIRCLE('',#4926,4.05);
#324=CIRCLE('',#4927,3.75);
#325=CIRCLE('',#4929,3.75);
#326=CIRCLE('',#4931,4.05);
#327=CIRCLE('',#4932,3.75);
#328=CIRCLE('',#4934,3.75);
#329=CIRCLE('',#4936,4.05);
#330=CIRCLE('',#4937,3.75);
#331=CIRCLE('',#4939,3.75);
#332=CIRCLE('',#4941,4.05);
#333=CIRCLE('',#4942,3.75);
#334=CIRCLE('',#4944,3.75);
#335=CIRCLE('',#4953,4.05);
#336=CIRCLE('',#4955,4.05);
#337=CIRCLE('',#4957,4.05);
#338=CIRCLE('',#4959,4.05);
#339=CYLINDRICAL_SURFACE('',#4534,2.5);
#340=CYLINDRICAL_SURFACE('',#4537,4.);
#341=CYLINDRICAL_SURFACE('',#4540,2.5);
#342=CYLINDRICAL_SURFACE('',#4543,2.5);
#343=CYLINDRICAL_SURFACE('',#4546,4.);
#344=CYLINDRICAL_SURFACE('',#4549,4.);
#345=CYLINDRICAL_SURFACE('',#4552,4.);
#346=CYLINDRICAL_SURFACE('',#4555,2.5);
#347=CYLINDRICAL_SURFACE('',#4573,3.442);
#348=CYLINDRICAL_SURFACE('',#4575,3.442);
#349=CYLINDRICAL_SURFACE('',#4576,3.442);
#350=CYLINDRICAL_SURFACE('',#4577,2.872);
#351=CYLINDRICAL_SURFACE('',#4579,2.872);
#352=CYLINDRICAL_SURFACE('',#4580,2.872);
#353=CYLINDRICAL_SURFACE('',#4581,2.5);
#354=CYLINDRICAL_SURFACE('',#4586,2.872);
#355=CYLINDRICAL_SURFACE('',#4588,3.442);
#356=CYLINDRICAL_SURFACE('',#4592,3.);
#357=CYLINDRICAL_SURFACE('',#4596,2.5);
#358=CYLINDRICAL_SURFACE('',#4598,4.);
#359=CYLINDRICAL_SURFACE('',#4603,3.442);
#360=CYLINDRICAL_SURFACE('',#4605,3.442);
#361=CYLINDRICAL_SURFACE('',#4606,3.442);
#362=CYLINDRICAL_SURFACE('',#4607,2.872);
#363=CYLINDRICAL_SURFACE('',#4609,2.872);
#364=CYLINDRICAL_SURFACE('',#4610,2.872);
#365=CYLINDRICAL_SURFACE('',#4611,3.4);
#366=CYLINDRICAL_SURFACE('',#4620,3.4);
#367=CYLINDRICAL_SURFACE('',#4629,3.4);
#368=CYLINDRICAL_SURFACE('',#4638,3.4);
#369=CYLINDRICAL_SURFACE('',#4647,3.4);
#370=CYLINDRICAL_SURFACE('',#4658,3.4);
#371=CYLINDRICAL_SURFACE('',#4669,3.4);
#372=CYLINDRICAL_SURFACE('',#4680,3.4);
#373=CYLINDRICAL_SURFACE('',#4691,3.4);
#374=CYLINDRICAL_SURFACE('',#4700,3.4);
#375=CYLINDRICAL_SURFACE('',#4709,3.4);
#376=CYLINDRICAL_SURFACE('',#4718,3.4);
#377=CYLINDRICAL_SURFACE('',#4727,3.4);
#378=CYLINDRICAL_SURFACE('',#4736,3.4);
#379=CYLINDRICAL_SURFACE('',#4745,3.4);
#380=CYLINDRICAL_SURFACE('',#4754,3.4);
#381=CYLINDRICAL_SURFACE('',#4763,3.4);
#382=CYLINDRICAL_SURFACE('',#4772,3.4);
#383=CYLINDRICAL_SURFACE('',#4781,3.4);
#384=CYLINDRICAL_SURFACE('',#4790,3.4);
#385=CYLINDRICAL_SURFACE('',#4799,3.4);
#386=CYLINDRICAL_SURFACE('',#4808,3.4);
#387=CYLINDRICAL_SURFACE('',#4817,3.4);
#388=CYLINDRICAL_SURFACE('',#4826,3.4);
#389=CYLINDRICAL_SURFACE('',#4835,3.4);
#390=CYLINDRICAL_SURFACE('',#4844,3.4);
#391=CYLINDRICAL_SURFACE('',#4853,3.4);
#392=CYLINDRICAL_SURFACE('',#4862,3.4);
#393=CYLINDRICAL_SURFACE('',#4871,3.4);
#394=CYLINDRICAL_SURFACE('',#4880,3.4);
#395=CYLINDRICAL_SURFACE('',#4889,3.4);
#396=CYLINDRICAL_SURFACE('',#4898,3.4);
#397=CYLINDRICAL_SURFACE('',#4907,2.872);
#398=CYLINDRICAL_SURFACE('',#4909,3.442);
#399=CYLINDRICAL_SURFACE('',#4913,3.);
#400=CYLINDRICAL_SURFACE('',#4918,2.5);
#401=CYLINDRICAL_SURFACE('',#4920,4.);
#402=CYLINDRICAL_SURFACE('',#4928,3.75);
#403=CYLINDRICAL_SURFACE('',#4933,3.75);
#404=CYLINDRICAL_SURFACE('',#4938,3.75);
#405=CYLINDRICAL_SURFACE('',#4943,3.75);
#406=CYLINDRICAL_SURFACE('',#4952,4.05);
#407=CYLINDRICAL_SURFACE('',#4954,4.05);
#408=CYLINDRICAL_SURFACE('',#4956,4.05);
#409=CYLINDRICAL_SURFACE('',#4958,4.05);
#410=SHAPE_REPRESENTATION_RELATIONSHIP('SRR','None',#9211,#415);
#411=SHAPE_REPRESENTATION_RELATIONSHIP('SRR','None',#9212,#416);
#412=SHAPE_REPRESENTATION_RELATIONSHIP('SRR','None',#9213,#417);
#413=SHAPE_REPRESENTATION_RELATIONSHIP('SRR','None',#9214,#418);
#414=SHAPE_REPRESENTATION_RELATIONSHIP('SRR','None',#9215,#419);
#415=ADVANCED_BREP_SHAPE_REPRESENTATION('',(#425),#9181);
#416=ADVANCED_BREP_SHAPE_REPRESENTATION('',(#426),#9182);
#417=ADVANCED_BREP_SHAPE_REPRESENTATION('',(#427),#9183);
#418=ADVANCED_BREP_SHAPE_REPRESENTATION('',(#428),#9184);
#419=ADVANCED_BREP_SHAPE_REPRESENTATION('',(#429),#9185);
#420=STYLED_ITEM('',(#9244),#425);
#421=STYLED_ITEM('',(#9244),#426);
#422=STYLED_ITEM('',(#9244),#427);
#423=STYLED_ITEM('',(#9244),#428);
#424=STYLED_ITEM('',(#9244),#429);
#425=MANIFOLD_SOLID_BREP('Body1',#4452);
#426=MANIFOLD_SOLID_BREP('Body1',#4453);
#427=MANIFOLD_SOLID_BREP('Body1',#4454);
#428=MANIFOLD_SOLID_BREP('Body1',#4455);
#429=MANIFOLD_SOLID_BREP('Body1',#4456);
#430=FACE_OUTER_BOUND('',#689,.T.);
#431=FACE_OUTER_BOUND('',#690,.T.);
#432=FACE_OUTER_BOUND('',#691,.T.);
#433=FACE_OUTER_BOUND('',#692,.T.);
#434=FACE_OUTER_BOUND('',#693,.T.);
#435=FACE_OUTER_BOUND('',#694,.T.);
#436=FACE_OUTER_BOUND('',#695,.T.);
#437=FACE_OUTER_BOUND('',#696,.T.);
#438=FACE_OUTER_BOUND('',#697,.T.);
#439=FACE_OUTER_BOUND('',#698,.T.);
#440=FACE_OUTER_BOUND('',#699,.T.);
#441=FACE_OUTER_BOUND('',#700,.T.);
#442=FACE_OUTER_BOUND('',#701,.T.);
#443=FACE_OUTER_BOUND('',#702,.T.);
#444=FACE_OUTER_BOUND('',#703,.T.);
#445=FACE_OUTER_BOUND('',#704,.T.);
#446=FACE_OUTER_BOUND('',#705,.T.);
#447=FACE_OUTER_BOUND('',#706,.T.);
#448=FACE_OUTER_BOUND('',#707,.T.);
#449=FACE_OUTER_BOUND('',#708,.T.);
#450=FACE_OUTER_BOUND('',#709,.T.);
#451=FACE_OUTER_BOUND('',#710,.T.);
#452=FACE_OUTER_BOUND('',#711,.T.);
#453=FACE_OUTER_BOUND('',#712,.T.);
#454=FACE_OUTER_BOUND('',#713,.T.);
#455=FACE_OUTER_BOUND('',#714,.T.);
#456=FACE_OUTER_BOUND('',#715,.T.);
#457=FACE_OUTER_BOUND('',#724,.T.);
#458=FACE_OUTER_BOUND('',#725,.T.);
#459=FACE_OUTER_BOUND('',#726,.T.);
#460=FACE_OUTER_BOUND('',#727,.T.);
#461=FACE_OUTER_BOUND('',#728,.T.);
#462=FACE_OUTER_BOUND('',#729,.T.);
#463=FACE_OUTER_BOUND('',#730,.T.);
#464=FACE_OUTER_BOUND('',#731,.T.);
#465=FACE_OUTER_BOUND('',#732,.T.);
#466=FACE_OUTER_BOUND('',#733,.T.);
#467=FACE_OUTER_BOUND('',#734,.T.);
#468=FACE_OUTER_BOUND('',#735,.T.);
#469=FACE_OUTER_BOUND('',#736,.T.);
#470=FACE_OUTER_BOUND('',#737,.T.);
#471=FACE_OUTER_BOUND('',#738,.T.);
#472=FACE_OUTER_BOUND('',#739,.T.);
#473=FACE_OUTER_BOUND('',#740,.T.);
#474=FACE_OUTER_BOUND('',#741,.T.);
#475=FACE_OUTER_BOUND('',#742,.T.);
#476=FACE_OUTER_BOUND('',#743,.T.);
#477=FACE_OUTER_BOUND('',#744,.T.);
#478=FACE_OUTER_BOUND('',#746,.T.);
#479=FACE_OUTER_BOUND('',#747,.T.);
#480=FACE_OUTER_BOUND('',#748,.T.);
#481=FACE_OUTER_BOUND('',#749,.T.);
#482=FACE_OUTER_BOUND('',#750,.T.);
#483=FACE_OUTER_BOUND('',#752,.T.);
#484=FACE_OUTER_BOUND('',#753,.T.);
#485=FACE_OUTER_BOUND('',#755,.T.);
#486=FACE_OUTER_BOUND('',#756,.T.);
#487=FACE_OUTER_BOUND('',#757,.T.);
#488=FACE_OUTER_BOUND('',#759,.T.);
#489=FACE_OUTER_BOUND('',#761,.T.);
#490=FACE_OUTER_BOUND('',#762,.T.);
#491=FACE_OUTER_BOUND('',#763,.T.);
#492=FACE_OUTER_BOUND('',#764,.T.);
#493=FACE_OUTER_BOUND('',#765,.T.);
#494=FACE_OUTER_BOUND('',#766,.T.);
#495=FACE_OUTER_BOUND('',#767,.T.);
#496=FACE_OUTER_BOUND('',#768,.T.);
#497=FACE_OUTER_BOUND('',#769,.T.);
#498=FACE_OUTER_BOUND('',#770,.T.);
#499=FACE_OUTER_BOUND('',#771,.T.);
#500=FACE_OUTER_BOUND('',#772,.T.);
#501=FACE_OUTER_BOUND('',#773,.T.);
#502=FACE_OUTER_BOUND('',#774,.T.);
#503=FACE_OUTER_BOUND('',#775,.T.);
#504=FACE_OUTER_BOUND('',#776,.T.);
#505=FACE_OUTER_BOUND('',#777,.T.);
#506=FACE_OUTER_BOUND('',#778,.T.);
#507=FACE_OUTER_BOUND('',#779,.T.);
#508=FACE_OUTER_BOUND('',#780,.T.);
#509=FACE_OUTER_BOUND('',#781,.T.);
#510=FACE_OUTER_BOUND('',#782,.T.);
#511=FACE_OUTER_BOUND('',#783,.T.);
#512=FACE_OUTER_BOUND('',#784,.T.);
#513=FACE_OUTER_BOUND('',#785,.T.);
#514=FACE_OUTER_BOUND('',#786,.T.);
#515=FACE_OUTER_BOUND('',#787,.T.);
#516=FACE_OUTER_BOUND('',#788,.T.);
#517=FACE_OUTER_BOUND('',#789,.T.);
#518=FACE_OUTER_BOUND('',#790,.T.);
#519=FACE_OUTER_BOUND('',#791,.T.);
#520=FACE_OUTER_BOUND('',#792,.T.);
#521=FACE_OUTER_BOUND('',#793,.T.);
#522=FACE_OUTER_BOUND('',#794,.T.);
#523=FACE_OUTER_BOUND('',#795,.T.);
#524=FACE_OUTER_BOUND('',#796,.T.);
#525=FACE_OUTER_BOUND('',#797,.T.);
#526=FACE_OUTER_BOUND('',#798,.T.);
#527=FACE_OUTER_BOUND('',#799,.T.);
#528=FACE_OUTER_BOUND('',#800,.T.);
#529=FACE_OUTER_BOUND('',#801,.T.);
#530=FACE_OUTER_BOUND('',#802,.T.);
#531=FACE_OUTER_BOUND('',#803,.T.);
#532=FACE_OUTER_BOUND('',#804,.T.);
#533=FACE_OUTER_BOUND('',#805,.T.);
#534=FACE_OUTER_BOUND('',#806,.T.);
#535=FACE_OUTER_BOUND('',#807,.T.);
#536=FACE_OUTER_BOUND('',#808,.T.);
#537=FACE_OUTER_BOUND('',#809,.T.);
#538=FACE_OUTER_BOUND('',#810,.T.);
#539=FACE_OUTER_BOUND('',#811,.T.);
#540=FACE_OUTER_BOUND('',#812,.T.);
#541=FACE_OUTER_BOUND('',#813,.T.);
#542=FACE_OUTER_BOUND('',#814,.T.);
#543=FACE_OUTER_BOUND('',#815,.T.);
#544=FACE_OUTER_BOUND('',#816,.T.);
#545=FACE_OUTER_BOUND('',#817,.T.);
#546=FACE_OUTER_BOUND('',#818,.T.);
#547=FACE_OUTER_BOUND('',#819,.T.);
#548=FACE_OUTER_BOUND('',#820,.T.);
#549=FACE_OUTER_BOUND('',#821,.T.);
#550=FACE_OUTER_BOUND('',#822,.T.);
#551=FACE_OUTER_BOUND('',#823,.T.);
#552=FACE_OUTER_BOUND('',#824,.T.);
#553=FACE_OUTER_BOUND('',#825,.T.);
#554=FACE_OUTER_BOUND('',#826,.T.);
#555=FACE_OUTER_BOUND('',#827,.T.);
#556=FACE_OUTER_BOUND('',#828,.T.);
#557=FACE_OUTER_BOUND('',#829,.T.);
#558=FACE_OUTER_BOUND('',#830,.T.);
#559=FACE_OUTER_BOUND('',#831,.T.);
#560=FACE_OUTER_BOUND('',#832,.T.);
#561=FACE_OUTER_BOUND('',#833,.T.);
#562=FACE_OUTER_BOUND('',#834,.T.);
#563=FACE_OUTER_BOUND('',#835,.T.);
#564=FACE_OUTER_BOUND('',#836,.T.);
#565=FACE_OUTER_BOUND('',#837,.T.);
#566=FACE_OUTER_BOUND('',#838,.T.);
#567=FACE_OUTER_BOUND('',#839,.T.);
#568=FACE_OUTER_BOUND('',#840,.T.);
#569=FACE_OUTER_BOUND('',#841,.T.);
#570=FACE_OUTER_BOUND('',#842,.T.);
#571=FACE_OUTER_BOUND('',#843,.T.);
#572=FACE_OUTER_BOUND('',#844,.T.);
#573=FACE_OUTER_BOUND('',#845,.T.);
#574=FACE_OUTER_BOUND('',#846,.T.);
#575=FACE_OUTER_BOUND('',#847,.T.);
#576=FACE_OUTER_BOUND('',#848,.T.);
#577=FACE_OUTER_BOUND('',#849,.T.);
#578=FACE_OUTER_BOUND('',#850,.T.);
#579=FACE_OUTER_BOUND('',#851,.T.);
#580=FACE_OUTER_BOUND('',#852,.T.);
#581=FACE_OUTER_BOUND('',#853,.T.);
#582=FACE_OUTER_BOUND('',#854,.T.);
#583=FACE_OUTER_BOUND('',#855,.T.);
#584=FACE_OUTER_BOUND('',#856,.T.);
#585=FACE_OUTER_BOUND('',#857,.T.);
#586=FACE_OUTER_BOUND('',#858,.T.);
#587=FACE_OUTER_BOUND('',#859,.T.);
#588=FACE_OUTER_BOUND('',#860,.T.);
#589=FACE_OUTER_BOUND('',#861,.T.);
#590=FACE_OUTER_BOUND('',#862,.T.);
#591=FACE_OUTER_BOUND('',#863,.T.);
#592=FACE_OUTER_BOUND('',#864,.T.);
#593=FACE_OUTER_BOUND('',#865,.T.);
#594=FACE_OUTER_BOUND('',#866,.T.);
#595=FACE_OUTER_BOUND('',#867,.T.);
#596=FACE_OUTER_BOUND('',#868,.T.);
#597=FACE_OUTER_BOUND('',#869,.T.);
#598=FACE_OUTER_BOUND('',#870,.T.);
#599=FACE_OUTER_BOUND('',#871,.T.);
#600=FACE_OUTER_BOUND('',#872,.T.);
#601=FACE_OUTER_BOUND('',#873,.T.);
#602=FACE_OUTER_BOUND('',#874,.T.);
#603=FACE_OUTER_BOUND('',#875,.T.);
#604=FACE_OUTER_BOUND('',#876,.T.);
#605=FACE_OUTER_BOUND('',#877,.T.);
#606=FACE_OUTER_BOUND('',#878,.T.);
#607=FACE_OUTER_BOUND('',#879,.T.);
#608=FACE_OUTER_BOUND('',#880,.T.);
#609=FACE_OUTER_BOUND('',#881,.T.);
#610=FACE_OUTER_BOUND('',#882,.T.);
#611=FACE_OUTER_BOUND('',#883,.T.);
#612=FACE_OUTER_BOUND('',#884,.T.);
#613=FACE_OUTER_BOUND('',#885,.T.);
#614=FACE_OUTER_BOUND('',#886,.T.);
#615=FACE_OUTER_BOUND('',#887,.T.);
#616=FACE_OUTER_BOUND('',#888,.T.);
#617=FACE_OUTER_BOUND('',#889,.T.);
#618=FACE_OUTER_BOUND('',#890,.T.);
#619=FACE_OUTER_BOUND('',#891,.T.);
#620=FACE_OUTER_BOUND('',#892,.T.);
#621=FACE_OUTER_BOUND('',#893,.T.);
#622=FACE_OUTER_BOUND('',#894,.T.);
#623=FACE_OUTER_BOUND('',#895,.T.);
#624=FACE_OUTER_BOUND('',#896,.T.);
#625=FACE_OUTER_BOUND('',#897,.T.);
#626=FACE_OUTER_BOUND('',#898,.T.);
#627=FACE_OUTER_BOUND('',#899,.T.);
#628=FACE_OUTER_BOUND('',#900,.T.);
#629=FACE_OUTER_BOUND('',#901,.T.);
#630=FACE_OUTER_BOUND('',#902,.T.);
#631=FACE_OUTER_BOUND('',#903,.T.);
#632=FACE_OUTER_BOUND('',#904,.T.);
#633=FACE_OUTER_BOUND('',#905,.T.);
#634=FACE_OUTER_BOUND('',#906,.T.);
#635=FACE_OUTER_BOUND('',#907,.T.);
#636=FACE_OUTER_BOUND('',#908,.T.);
#637=FACE_OUTER_BOUND('',#909,.T.);
#638=FACE_OUTER_BOUND('',#910,.T.);
#639=FACE_OUTER_BOUND('',#911,.T.);
#640=FACE_OUTER_BOUND('',#912,.T.);
#641=FACE_OUTER_BOUND('',#913,.T.);
#642=FACE_OUTER_BOUND('',#914,.T.);
#643=FACE_OUTER_BOUND('',#915,.T.);
#644=FACE_OUTER_BOUND('',#916,.T.);
#645=FACE_OUTER_BOUND('',#917,.T.);
#646=FACE_OUTER_BOUND('',#918,.T.);
#647=FACE_OUTER_BOUND('',#919,.T.);
#648=FACE_OUTER_BOUND('',#920,.T.);
#649=FACE_OUTER_BOUND('',#921,.T.);
#650=FACE_OUTER_BOUND('',#922,.T.);
#651=FACE_OUTER_BOUND('',#923,.T.);
#652=FACE_OUTER_BOUND('',#924,.T.);
#653=FACE_OUTER_BOUND('',#925,.T.);
#654=FACE_OUTER_BOUND('',#926,.T.);
#655=FACE_OUTER_BOUND('',#927,.T.);
#656=FACE_OUTER_BOUND('',#928,.T.);
#657=FACE_OUTER_BOUND('',#929,.T.);
#658=FACE_OUTER_BOUND('',#930,.T.);
#659=FACE_OUTER_BOUND('',#931,.T.);
#660=FACE_OUTER_BOUND('',#933,.T.);
#661=FACE_OUTER_BOUND('',#962,.T.);
#662=FACE_OUTER_BOUND('',#964,.T.);
#663=FACE_OUTER_BOUND('',#965,.T.);
#664=FACE_OUTER_BOUND('',#966,.T.);
#665=FACE_OUTER_BOUND('',#968,.T.);
#666=FACE_OUTER_BOUND('',#970,.T.);
#667=FACE_OUTER_BOUND('',#972,.T.);
#668=FACE_OUTER_BOUND('',#973,.T.);
#669=FACE_OUTER_BOUND('',#975,.T.);
#670=FACE_OUTER_BOUND('',#976,.T.);
#671=FACE_OUTER_BOUND('',#978,.T.);
#672=FACE_OUTER_BOUND('',#979,.T.);
#673=FACE_OUTER_BOUND('',#981,.T.);
#674=FACE_OUTER_BOUND('',#982,.T.);
#675=FACE_OUTER_BOUND('',#983,.T.);
#676=FACE_OUTER_BOUND('',#984,.T.);
#677=FACE_OUTER_BOUND('',#985,.T.);
#678=FACE_OUTER_BOUND('',#986,.T.);
#679=FACE_OUTER_BOUND('',#988,.T.);
#680=FACE_OUTER_BOUND('',#989,.T.);
#681=FACE_OUTER_BOUND('',#990,.T.);
#682=FACE_OUTER_BOUND('',#991,.T.);
#683=FACE_OUTER_BOUND('',#992,.T.);
#684=FACE_OUTER_BOUND('',#993,.T.);
#685=FACE_OUTER_BOUND('',#994,.T.);
#686=FACE_OUTER_BOUND('',#995,.T.);
#687=FACE_OUTER_BOUND('',#996,.T.);
#688=FACE_OUTER_BOUND('',#1001,.T.);
#689=EDGE_LOOP('',(#2787,#2788,#2789,#2790));
#690=EDGE_LOOP('',(#2791,#2792,#2793,#2794));
#691=EDGE_LOOP('',(#2795,#2796,#2797,#2798));
#692=EDGE_LOOP('',(#2799,#2800,#2801,#2802));
#693=EDGE_LOOP('',(#2803,#2804,#2805,#2806));
#694=EDGE_LOOP('',(#2807,#2808,#2809,#2810));
#695=EDGE_LOOP('',(#2811,#2812,#2813,#2814,#2815,#2816,#2817,#2818,#2819,
#2820,#2821,#2822));
#696=EDGE_LOOP('',(#2823,#2824,#2825,#2826));
#697=EDGE_LOOP('',(#2827,#2828,#2829,#2830));
#698=EDGE_LOOP('',(#2831,#2832,#2833,#2834,#2835,#2836,#2837,#2838));
#699=EDGE_LOOP('',(#2839,#2840,#2841,#2842,#2843,#2844,#2845,#2846));
#700=EDGE_LOOP('',(#2847,#2848,#2849,#2850,#2851,#2852,#2853,#2854));
#701=EDGE_LOOP('',(#2855,#2856,#2857,#2858));
#702=EDGE_LOOP('',(#2859,#2860,#2861,#2862));
#703=EDGE_LOOP('',(#2863,#2864,#2865,#2866));
#704=EDGE_LOOP('',(#2867,#2868,#2869,#2870,#2871,#2872,#2873,#2874));
#705=EDGE_LOOP('',(#2875,#2876,#2877,#2878));
#706=EDGE_LOOP('',(#2879,#2880,#2881,#2882));
#707=EDGE_LOOP('',(#2883,#2884,#2885,#2886));
#708=EDGE_LOOP('',(#2887,#2888,#2889,#2890));
#709=EDGE_LOOP('',(#2891,#2892,#2893,#2894));
#710=EDGE_LOOP('',(#2895,#2896,#2897,#2898));
#711=EDGE_LOOP('',(#2899,#2900,#2901,#2902));
#712=EDGE_LOOP('',(#2903,#2904,#2905,#2906));
#713=EDGE_LOOP('',(#2907,#2908,#2909,#2910));
#714=EDGE_LOOP('',(#2911,#2912,#2913,#2914));
#715=EDGE_LOOP('',(#2915,#2916,#2917,#2918));
#716=EDGE_LOOP('',(#2919));
#717=EDGE_LOOP('',(#2920));
#718=EDGE_LOOP('',(#2921));
#719=EDGE_LOOP('',(#2922));
#720=EDGE_LOOP('',(#2923));
#721=EDGE_LOOP('',(#2924));
#722=EDGE_LOOP('',(#2925));
#723=EDGE_LOOP('',(#2926));
#724=EDGE_LOOP('',(#2927));
#725=EDGE_LOOP('',(#2928));
#726=EDGE_LOOP('',(#2929));
#727=EDGE_LOOP('',(#2930,#2931,#2932));
#728=EDGE_LOOP('',(#2933,#2934,#2935));
#729=EDGE_LOOP('',(#2936,#2937,#2938));
#730=EDGE_LOOP('',(#2939,#2940,#2941));
#731=EDGE_LOOP('',(#2942,#2943,#2944,#2945));
#732=EDGE_LOOP('',(#2946,#2947,#2948,#2949));
#733=EDGE_LOOP('',(#2950,#2951,#2952,#2953));
#734=EDGE_LOOP('',(#2954,#2955,#2956,#2957));
#735=EDGE_LOOP('',(#2958));
#736=EDGE_LOOP('',(#2959,#2960,#2961,#2962));
#737=EDGE_LOOP('',(#2963,#2964,#2965,#2966));
#738=EDGE_LOOP('',(#2967,#2968,#2969,#2970));
#739=EDGE_LOOP('',(#2971,#2972,#2973,#2974));
#740=EDGE_LOOP('',(#2975,#2976,#2977,#2978));
#741=EDGE_LOOP('',(#2979,#2980,#2981,#2982));
#742=EDGE_LOOP('',(#2983,#2984,#2985,#2986));
#743=EDGE_LOOP('',(#2987,#2988,#2989,#2990));
#744=EDGE_LOOP('',(#2991));
#745=EDGE_LOOP('',(#2992));
#746=EDGE_LOOP('',(#2993,#2994,#2995,#2996,#2997,#2998,#2999,#3000,#3001,
#3002));
#747=EDGE_LOOP('',(#3003,#3004,#3005,#3006));
#748=EDGE_LOOP('',(#3007,#3008,#3009,#3010,#3011,#3012,#3013,#3014,#3015,
#3016));
#749=EDGE_LOOP('',(#3017,#3018,#3019,#3020));
#750=EDGE_LOOP('',(#3021));
#751=EDGE_LOOP('',(#3022,#3023,#3024,#3025));
#752=EDGE_LOOP('',(#3026,#3027,#3028,#3029));
#753=EDGE_LOOP('',(#3030));
#754=EDGE_LOOP('',(#3031));
#755=EDGE_LOOP('',(#3032,#3033,#3034,#3035));
#756=EDGE_LOOP('',(#3036,#3037,#3038,#3039));
#757=EDGE_LOOP('',(#3040));
#758=EDGE_LOOP('',(#3041));
#759=EDGE_LOOP('',(#3042,#3043,#3044,#3045));
#760=EDGE_LOOP('',(#3046));
#761=EDGE_LOOP('',(#3047,#3048,#3049,#3050));
#762=EDGE_LOOP('',(#3051,#3052,#3053,#3054));
#763=EDGE_LOOP('',(#3055,#3056,#3057,#3058));
#764=EDGE_LOOP('',(#3059,#3060,#3061,#3062));
#765=EDGE_LOOP('',(#3063,#3064,#3065,#3066));
#766=EDGE_LOOP('',(#3067,#3068,#3069,#3070));
#767=EDGE_LOOP('',(#3071,#3072,#3073,#3074));
#768=EDGE_LOOP('',(#3075,#3076,#3077,#3078));
#769=EDGE_LOOP('',(#3079,#3080,#3081,#3082));
#770=EDGE_LOOP('',(#3083,#3084,#3085,#3086));
#771=EDGE_LOOP('',(#3087,#3088,#3089,#3090));
#772=EDGE_LOOP('',(#3091,#3092,#3093,#3094));
#773=EDGE_LOOP('',(#3095,#3096,#3097,#3098));
#774=EDGE_LOOP('',(#3099,#3100,#3101,#3102));
#775=EDGE_LOOP('',(#3103,#3104,#3105,#3106));
#776=EDGE_LOOP('',(#3107,#3108,#3109,#3110));
#777=EDGE_LOOP('',(#3111,#3112,#3113,#3114));
#778=EDGE_LOOP('',(#3115,#3116,#3117,#3118));
#779=EDGE_LOOP('',(#3119,#3120,#3121,#3122));
#780=EDGE_LOOP('',(#3123,#3124,#3125,#3126));
#781=EDGE_LOOP('',(#3127,#3128,#3129,#3130));
#782=EDGE_LOOP('',(#3131,#3132,#3133,#3134));
#783=EDGE_LOOP('',(#3135,#3136,#3137,#3138));
#784=EDGE_LOOP('',(#3139,#3140,#3141,#3142));
#785=EDGE_LOOP('',(#3143,#3144,#3145,#3146));
#786=EDGE_LOOP('',(#3147,#3148,#3149,#3150));
#787=EDGE_LOOP('',(#3151,#3152,#3153,#3154));
#788=EDGE_LOOP('',(#3155,#3156,#3157,#3158));
#789=EDGE_LOOP('',(#3159,#3160,#3161,#3162,#3163));
#790=EDGE_LOOP('',(#3164,#3165,#3166,#3167));
#791=EDGE_LOOP('',(#3168,#3169,#3170,#3171,#3172));
#792=EDGE_LOOP('',(#3173,#3174,#3175,#3176));
#793=EDGE_LOOP('',(#3177,#3178,#3179,#3180));
#794=EDGE_LOOP('',(#3181,#3182,#3183,#3184,#3185));
#795=EDGE_LOOP('',(#3186,#3187,#3188,#3189));
#796=EDGE_LOOP('',(#3190,#3191,#3192,#3193,#3194));
#797=EDGE_LOOP('',(#3195,#3196,#3197,#3198));
#798=EDGE_LOOP('',(#3199,#3200,#3201,#3202));
#799=EDGE_LOOP('',(#3203,#3204,#3205,#3206,#3207));
#800=EDGE_LOOP('',(#3208,#3209,#3210,#3211));
#801=EDGE_LOOP('',(#3212,#3213,#3214,#3215,#3216));
#802=EDGE_LOOP('',(#3217,#3218,#3219,#3220));
#803=EDGE_LOOP('',(#3221,#3222,#3223,#3224));
#804=EDGE_LOOP('',(#3225,#3226,#3227,#3228,#3229));
#805=EDGE_LOOP('',(#3230,#3231,#3232,#3233));
#806=EDGE_LOOP('',(#3234,#3235,#3236,#3237,#3238));
#807=EDGE_LOOP('',(#3239,#3240,#3241,#3242));
#808=EDGE_LOOP('',(#3243,#3244,#3245,#3246));
#809=EDGE_LOOP('',(#3247,#3248,#3249,#3250));
#810=EDGE_LOOP('',(#3251,#3252,#3253,#3254));
#811=EDGE_LOOP('',(#3255,#3256,#3257,#3258));
#812=EDGE_LOOP('',(#3259,#3260,#3261,#3262));
#813=EDGE_LOOP('',(#3263,#3264,#3265,#3266));
#814=EDGE_LOOP('',(#3267,#3268,#3269,#3270));
#815=EDGE_LOOP('',(#3271,#3272,#3273,#3274));
#816=EDGE_LOOP('',(#3275,#3276,#3277,#3278));
#817=EDGE_LOOP('',(#3279,#3280,#3281,#3282));
#818=EDGE_LOOP('',(#3283,#3284,#3285,#3286));
#819=EDGE_LOOP('',(#3287,#3288,#3289,#3290));
#820=EDGE_LOOP('',(#3291,#3292,#3293,#3294));
#821=EDGE_LOOP('',(#3295,#3296,#3297,#3298));
#822=EDGE_LOOP('',(#3299,#3300,#3301,#3302));
#823=EDGE_LOOP('',(#3303,#3304,#3305,#3306));
#824=EDGE_LOOP('',(#3307,#3308,#3309,#3310));
#825=EDGE_LOOP('',(#3311,#3312,#3313,#3314));
#826=EDGE_LOOP('',(#3315,#3316,#3317,#3318));
#827=EDGE_LOOP('',(#3319,#3320,#3321,#3322));
#828=EDGE_LOOP('',(#3323,#3324,#3325,#3326));
#829=EDGE_LOOP('',(#3327,#3328,#3329,#3330));
#830=EDGE_LOOP('',(#3331,#3332,#3333,#3334));
#831=EDGE_LOOP('',(#3335,#3336,#3337,#3338));
#832=EDGE_LOOP('',(#3339,#3340,#3341,#3342));
#833=EDGE_LOOP('',(#3343,#3344,#3345,#3346));
#834=EDGE_LOOP('',(#3347,#3348,#3349,#3350));
#835=EDGE_LOOP('',(#3351,#3352,#3353,#3354));
#836=EDGE_LOOP('',(#3355,#3356,#3357,#3358));
#837=EDGE_LOOP('',(#3359,#3360,#3361,#3362));
#838=EDGE_LOOP('',(#3363,#3364,#3365,#3366));
#839=EDGE_LOOP('',(#3367,#3368,#3369,#3370));
#840=EDGE_LOOP('',(#3371,#3372,#3373,#3374));
#841=EDGE_LOOP('',(#3375,#3376,#3377,#3378));
#842=EDGE_LOOP('',(#3379,#3380,#3381,#3382));
#843=EDGE_LOOP('',(#3383,#3384,#3385,#3386));
#844=EDGE_LOOP('',(#3387,#3388,#3389,#3390));
#845=EDGE_LOOP('',(#3391,#3392,#3393,#3394));
#846=EDGE_LOOP('',(#3395,#3396,#3397,#3398));
#847=EDGE_LOOP('',(#3399,#3400,#3401,#3402));
#848=EDGE_LOOP('',(#3403,#3404,#3405,#3406));
#849=EDGE_LOOP('',(#3407,#3408,#3409,#3410));
#850=EDGE_LOOP('',(#3411,#3412,#3413,#3414));
#851=EDGE_LOOP('',(#3415,#3416,#3417,#3418));
#852=EDGE_LOOP('',(#3419,#3420,#3421,#3422));
#853=EDGE_LOOP('',(#3423,#3424,#3425,#3426));
#854=EDGE_LOOP('',(#3427,#3428,#3429,#3430));
#855=EDGE_LOOP('',(#3431,#3432,#3433,#3434));
#856=EDGE_LOOP('',(#3435,#3436,#3437,#3438));
#857=EDGE_LOOP('',(#3439,#3440,#3441,#3442));
#858=EDGE_LOOP('',(#3443,#3444,#3445,#3446));
#859=EDGE_LOOP('',(#3447,#3448,#3449,#3450));
#860=EDGE_LOOP('',(#3451,#3452,#3453,#3454));
#861=EDGE_LOOP('',(#3455,#3456,#3457,#3458));
#862=EDGE_LOOP('',(#3459,#3460,#3461,#3462));
#863=EDGE_LOOP('',(#3463,#3464,#3465,#3466));
#864=EDGE_LOOP('',(#3467,#3468,#3469,#3470));
#865=EDGE_LOOP('',(#3471,#3472,#3473,#3474));
#866=EDGE_LOOP('',(#3475,#3476,#3477,#3478));
#867=EDGE_LOOP('',(#3479,#3480,#3481,#3482));
#868=EDGE_LOOP('',(#3483,#3484,#3485,#3486));
#869=EDGE_LOOP('',(#3487,#3488,#3489,#3490));
#870=EDGE_LOOP('',(#3491,#3492,#3493,#3494));
#871=EDGE_LOOP('',(#3495,#3496,#3497,#3498));
#872=EDGE_LOOP('',(#3499,#3500,#3501,#3502));
#873=EDGE_LOOP('',(#3503,#3504,#3505,#3506));
#874=EDGE_LOOP('',(#3507,#3508,#3509,#3510));
#875=EDGE_LOOP('',(#3511,#3512,#3513,#3514));
#876=EDGE_LOOP('',(#3515,#3516,#3517,#3518));
#877=EDGE_LOOP('',(#3519,#3520,#3521,#3522));
#878=EDGE_LOOP('',(#3523,#3524,#3525,#3526));
#879=EDGE_LOOP('',(#3527,#3528,#3529,#3530));
#880=EDGE_LOOP('',(#3531,#3532,#3533,#3534));
#881=EDGE_LOOP('',(#3535,#3536,#3537,#3538));
#882=EDGE_LOOP('',(#3539,#3540,#3541,#3542));
#883=EDGE_LOOP('',(#3543,#3544,#3545,#3546));
#884=EDGE_LOOP('',(#3547,#3548,#3549,#3550));
#885=EDGE_LOOP('',(#3551,#3552,#3553,#3554));
#886=EDGE_LOOP('',(#3555,#3556,#3557,#3558));
#887=EDGE_LOOP('',(#3559,#3560,#3561,#3562));
#888=EDGE_LOOP('',(#3563,#3564,#3565,#3566));
#889=EDGE_LOOP('',(#3567,#3568,#3569,#3570));
#890=EDGE_LOOP('',(#3571,#3572,#3573,#3574));
#891=EDGE_LOOP('',(#3575,#3576,#3577,#3578));
#892=EDGE_LOOP('',(#3579,#3580,#3581,#3582));
#893=EDGE_LOOP('',(#3583,#3584,#3585,#3586));
#894=EDGE_LOOP('',(#3587,#3588,#3589,#3590));
#895=EDGE_LOOP('',(#3591,#3592,#3593,#3594));
#896=EDGE_LOOP('',(#3595,#3596,#3597,#3598));
#897=EDGE_LOOP('',(#3599,#3600,#3601,#3602));
#898=EDGE_LOOP('',(#3603,#3604,#3605,#3606));
#899=EDGE_LOOP('',(#3607,#3608,#3609,#3610));
#900=EDGE_LOOP('',(#3611,#3612,#3613,#3614));
#901=EDGE_LOOP('',(#3615,#3616,#3617,#3618));
#902=EDGE_LOOP('',(#3619,#3620,#3621,#3622));
#903=EDGE_LOOP('',(#3623,#3624,#3625,#3626));
#904=EDGE_LOOP('',(#3627,#3628,#3629,#3630));
#905=EDGE_LOOP('',(#3631,#3632,#3633,#3634));
#906=EDGE_LOOP('',(#3635,#3636,#3637,#3638));
#907=EDGE_LOOP('',(#3639,#3640,#3641,#3642));
#908=EDGE_LOOP('',(#3643,#3644,#3645,#3646));
#909=EDGE_LOOP('',(#3647,#3648,#3649,#3650));
#910=EDGE_LOOP('',(#3651,#3652,#3653,#3654));
#911=EDGE_LOOP('',(#3655,#3656,#3657,#3658));
#912=EDGE_LOOP('',(#3659,#3660,#3661,#3662));
#913=EDGE_LOOP('',(#3663,#3664,#3665,#3666));
#914=EDGE_LOOP('',(#3667,#3668,#3669,#3670));
#915=EDGE_LOOP('',(#3671,#3672,#3673,#3674));
#916=EDGE_LOOP('',(#3675,#3676,#3677,#3678));
#917=EDGE_LOOP('',(#3679,#3680,#3681,#3682));
#918=EDGE_LOOP('',(#3683,#3684,#3685,#3686));
#919=EDGE_LOOP('',(#3687,#3688,#3689,#3690));
#920=EDGE_LOOP('',(#3691,#3692,#3693,#3694));
#921=EDGE_LOOP('',(#3695,#3696,#3697,#3698));
#922=EDGE_LOOP('',(#3699,#3700,#3701,#3702));
#923=EDGE_LOOP('',(#3703,#3704,#3705,#3706));
#924=EDGE_LOOP('',(#3707,#3708,#3709,#3710));
#925=EDGE_LOOP('',(#3711,#3712,#3713,#3714));
#926=EDGE_LOOP('',(#3715,#3716,#3717,#3718));
#927=EDGE_LOOP('',(#3719,#3720,#3721,#3722,#3723,#3724,#3725,#3726,#3727,
#3728));
#928=EDGE_LOOP('',(#3729,#3730,#3731,#3732));
#929=EDGE_LOOP('',(#3733,#3734,#3735,#3736,#3737,#3738,#3739,#3740,#3741,
#3742));
#930=EDGE_LOOP('',(#3743,#3744,#3745,#3746));
#931=EDGE_LOOP('',(#3747));
#932=EDGE_LOOP('',(#3748,#3749,#3750,#3751));
#933=EDGE_LOOP('',(#3752,#3753,#3754,#3755,#3756,#3757,#3758,#3759,#3760,
#3761,#3762,#3763,#3764,#3765,#3766,#3767,#3768,#3769,#3770,#3771,#3772,
#3773,#3774,#3775,#3776,#3777,#3778,#3779,#3780,#3781,#3782,#3783,#3784,
#3785,#3786,#3787));
#934=EDGE_LOOP('',(#3788,#3789,#3790,#3791));
#935=EDGE_LOOP('',(#3792,#3793,#3794,#3795));
#936=EDGE_LOOP('',(#3796,#3797,#3798,#3799));
#937=EDGE_LOOP('',(#3800,#3801,#3802,#3803));
#938=EDGE_LOOP('',(#3804,#3805,#3806,#3807));
#939=EDGE_LOOP('',(#3808,#3809,#3810,#3811));
#940=EDGE_LOOP('',(#3812,#3813,#3814,#3815));
#941=EDGE_LOOP('',(#3816,#3817,#3818,#3819));
#942=EDGE_LOOP('',(#3820,#3821,#3822,#3823));
#943=EDGE_LOOP('',(#3824,#3825,#3826,#3827));
#944=EDGE_LOOP('',(#3828,#3829,#3830,#3831));
#945=EDGE_LOOP('',(#3832,#3833,#3834,#3835));
#946=EDGE_LOOP('',(#3836,#3837,#3838,#3839));
#947=EDGE_LOOP('',(#3840,#3841,#3842,#3843));
#948=EDGE_LOOP('',(#3844,#3845,#3846,#3847));
#949=EDGE_LOOP('',(#3848,#3849,#3850,#3851));
#950=EDGE_LOOP('',(#3852,#3853,#3854,#3855));
#951=EDGE_LOOP('',(#3856,#3857,#3858,#3859));
#952=EDGE_LOOP('',(#3860,#3861,#3862,#3863));
#953=EDGE_LOOP('',(#3864,#3865,#3866,#3867));
#954=EDGE_LOOP('',(#3868,#3869,#3870,#3871));
#955=EDGE_LOOP('',(#3872,#3873,#3874,#3875));
#956=EDGE_LOOP('',(#3876,#3877,#3878,#3879));
#957=EDGE_LOOP('',(#3880,#3881,#3882,#3883));
#958=EDGE_LOOP('',(#3884,#3885,#3886,#3887));
#959=EDGE_LOOP('',(#3888,#3889,#3890,#3891));
#960=EDGE_LOOP('',(#3892,#3893,#3894,#3895));
#961=EDGE_LOOP('',(#3896,#3897,#3898,#3899));
#962=EDGE_LOOP('',(#3900));
#963=EDGE_LOOP('',(#3901));
#964=EDGE_LOOP('',(#3902,#3903,#3904,#3905));
#965=EDGE_LOOP('',(#3906,#3907,#3908,#3909));
#966=EDGE_LOOP('',(#3910));
#967=EDGE_LOOP('',(#3911));
#968=EDGE_LOOP('',(#3912,#3913,#3914,#3915));
#969=EDGE_LOOP('',(#3916));
#970=EDGE_LOOP('',(#3917));
#971=EDGE_LOOP('',(#3918));
#972=EDGE_LOOP('',(#3919,#3920,#3921,#3922));
#973=EDGE_LOOP('',(#3923));
#974=EDGE_LOOP('',(#3924));
#975=EDGE_LOOP('',(#3925,#3926,#3927,#3928));
#976=EDGE_LOOP('',(#3929));
#977=EDGE_LOOP('',(#3930));
#978=EDGE_LOOP('',(#3931,#3932,#3933,#3934));
#979=EDGE_LOOP('',(#3935));
#980=EDGE_LOOP('',(#3936));
#981=EDGE_LOOP('',(#3937,#3938,#3939,#3940));
#982=EDGE_LOOP('',(#3941,#3942,#3943,#3944));
#983=EDGE_LOOP('',(#3945,#3946,#3947,#3948));
#984=EDGE_LOOP('',(#3949,#3950,#3951,#3952));
#985=EDGE_LOOP('',(#3953,#3954,#3955,#3956));
#986=EDGE_LOOP('',(#3957,#3958,#3959,#3960));
#987=EDGE_LOOP('',(#3961,#3962,#3963,#3964));
#988=EDGE_LOOP('',(#3965,#3966,#3967,#3968));
#989=EDGE_LOOP('',(#3969,#3970,#3971,#3972));
#990=EDGE_LOOP('',(#3973,#3974,#3975,#3976));
#991=EDGE_LOOP('',(#3977,#3978,#3979,#3980));
#992=EDGE_LOOP('',(#3981,#3982,#3983,#3984));
#993=EDGE_LOOP('',(#3985,#3986,#3987,#3988));
#994=EDGE_LOOP('',(#3989,#3990,#3991,#3992));
#995=EDGE_LOOP('',(#3993,#3994,#3995,#3996));
#996=EDGE_LOOP('',(#3997,#3998,#3999,#4000));
#997=EDGE_LOOP('',(#4001));
#998=EDGE_LOOP('',(#4002));
#999=EDGE_LOOP('',(#4003));
#1000=EDGE_LOOP('',(#4004));
#1001=EDGE_LOOP('',(#4005,#4006,#4007,#4008));
#1002=EDGE_LOOP('',(#4009));
#1003=EDGE_LOOP('',(#4010));
#1004=EDGE_LOOP('',(#4011));
#1005=EDGE_LOOP('',(#4012));
#1006=LINE('',#6271,#1385);
#1007=LINE('',#6273,#1386);
#1008=LINE('',#6275,#1387);
#1009=LINE('',#6276,#1388);
#1010=LINE('',#6280,#1389);
#1011=LINE('',#6282,#1390);
#1012=LINE('',#6284,#1391);
#1013=LINE('',#6285,#1392);
#1014=LINE('',#6289,#1393);
#1015=LINE('',#6291,#1394);
#1016=LINE('',#6293,#1395);
#1017=LINE('',#6294,#1396);
#1018=LINE('',#6298,#1397);
#1019=LINE('',#6300,#1398);
#1020=LINE('',#6302,#1399);
#1021=LINE('',#6303,#1400);
#1022=LINE('',#6306,#1401);
#1023=LINE('',#6308,#1402);
#1024=LINE('',#6309,#1403);
#1025=LINE('',#6312,#1404);
#1026=LINE('',#6314,#1405);
#1027=LINE('',#6315,#1406);
#1028=LINE('',#6318,#1407);
#1029=LINE('',#6319,#1408);
#1030=LINE('',#6320,#1409);
#1031=LINE('',#6322,#1410);
#1032=LINE('',#6323,#1411);
#1033=LINE('',#6324,#1412);
#1034=LINE('',#6327,#1413);
#1035=LINE('',#6328,#1414);
#1036=LINE('',#6331,#1415);
#1037=LINE('',#6332,#1416);
#1038=LINE('',#6335,#1417);
#1039=LINE('',#6337,#1418);
#1040=LINE('',#6338,#1419);
#1041=LINE('',#6339,#1420);
#1042=LINE('',#6341,#1421);
#1043=LINE('',#6343,#1422);
#1044=LINE('',#6345,#1423);
#1045=LINE('',#6346,#1424);
#1046=LINE('',#6349,#1425);
#1047=LINE('',#6351,#1426);
#1048=LINE('',#6352,#1427);
#1049=LINE('',#6357,#1428);
#1050=LINE('',#6358,#1429);
#1051=LINE('',#6361,#1430);
#1052=LINE('',#6362,#1431);
#1053=LINE('',#6364,#1432);
#1054=LINE('',#6371,#1433);
#1055=LINE('',#6377,#1434);
#1056=LINE('',#6383,#1435);
#1057=LINE('',#6389,#1436);
#1058=LINE('',#6395,#1437);
#1059=LINE('',#6401,#1438);
#1060=LINE('',#6407,#1439);
#1061=LINE('',#6413,#1440);
#1062=LINE('',#6418,#1441);
#1063=LINE('',#6420,#1442);
#1064=LINE('',#6422,#1443);
#1065=LINE('',#6423,#1444);
#1066=LINE('',#6545,#1445);
#1067=LINE('',#6547,#1446);
#1068=LINE('',#6548,#1447);
#1069=LINE('',#6551,#1448);
#1070=LINE('',#6552,#1449);
#1071=LINE('',#6555,#1450);
#1072=LINE('',#6556,#1451);
#1073=LINE('',#6558,#1452);
#1074=LINE('',#6565,#1453);
#1075=LINE('',#6607,#1454);
#1076=LINE('',#6655,#1455);
#1077=LINE('',#6703,#1456);
#1078=LINE('',#6720,#1457);
#1079=LINE('',#6745,#1458);
#1080=LINE('',#6770,#1459);
#1081=LINE('',#7390,#1460);
#1082=LINE('',#7397,#1461);
#1083=LINE('',#7402,#1462);
#1084=LINE('',#7409,#1463);
#1085=LINE('',#7451,#1464);
#1086=LINE('',#7499,#1465);
#1087=LINE('',#7547,#1466);
#1088=LINE('',#7564,#1467);
#1089=LINE('',#7589,#1468);
#1090=LINE('',#7613,#1469);
#1091=LINE('',#7617,#1470);
#1092=LINE('',#7621,#1471);
#1093=LINE('',#7623,#1472);
#1094=LINE('',#7624,#1473);
#1095=LINE('',#7628,#1474);
#1096=LINE('',#7631,#1475);
#1097=LINE('',#7632,#1476);
#1098=LINE('',#7638,#1477);
#1099=LINE('',#7642,#1478);
#1100=LINE('',#7646,#1479);
#1101=LINE('',#7648,#1480);
#1102=LINE('',#7649,#1481);
#1103=LINE('',#7653,#1482);
#1104=LINE('',#7656,#1483);
#1105=LINE('',#7657,#1484);
#1106=LINE('',#7663,#1485);
#1107=LINE('',#7667,#1486);
#1108=LINE('',#7671,#1487);
#1109=LINE('',#7673,#1488);
#1110=LINE('',#7674,#1489);
#1111=LINE('',#7678,#1490);
#1112=LINE('',#7681,#1491);
#1113=LINE('',#7682,#1492);
#1114=LINE('',#7688,#1493);
#1115=LINE('',#7692,#1494);
#1116=LINE('',#7696,#1495);
#1117=LINE('',#7698,#1496);
#1118=LINE('',#7699,#1497);
#1119=LINE('',#7703,#1498);
#1120=LINE('',#7706,#1499);
#1121=LINE('',#7707,#1500);
#1122=LINE('',#7713,#1501);
#1123=LINE('',#7717,#1502);
#1124=LINE('',#7721,#1503);
#1125=LINE('',#7723,#1504);
#1126=LINE('',#7724,#1505);
#1127=LINE('',#7730,#1506);
#1128=LINE('',#7733,#1507);
#1129=LINE('',#7734,#1508);
#1130=LINE('',#7742,#1509);
#1131=LINE('',#7746,#1510);
#1132=LINE('',#7750,#1511);
#1133=LINE('',#7752,#1512);
#1134=LINE('',#7753,#1513);
#1135=LINE('',#7759,#1514);
#1136=LINE('',#7762,#1515);
#1137=LINE('',#7763,#1516);
#1138=LINE('',#7771,#1517);
#1139=LINE('',#7775,#1518);
#1140=LINE('',#7779,#1519);
#1141=LINE('',#7781,#1520);
#1142=LINE('',#7782,#1521);
#1143=LINE('',#7788,#1522);
#1144=LINE('',#7791,#1523);
#1145=LINE('',#7792,#1524);
#1146=LINE('',#7800,#1525);
#1147=LINE('',#7804,#1526);
#1148=LINE('',#7808,#1527);
#1149=LINE('',#7810,#1528);
#1150=LINE('',#7811,#1529);
#1151=LINE('',#7817,#1530);
#1152=LINE('',#7820,#1531);
#1153=LINE('',#7821,#1532);
#1154=LINE('',#7829,#1533);
#1155=LINE('',#7833,#1534);
#1156=LINE('',#7837,#1535);
#1157=LINE('',#7839,#1536);
#1158=LINE('',#7840,#1537);
#1159=LINE('',#7844,#1538);
#1160=LINE('',#7847,#1539);
#1161=LINE('',#7848,#1540);
#1162=LINE('',#7854,#1541);
#1163=LINE('',#7858,#1542);
#1164=LINE('',#7862,#1543);
#1165=LINE('',#7864,#1544);
#1166=LINE('',#7865,#1545);
#1167=LINE('',#7869,#1546);
#1168=LINE('',#7872,#1547);
#1169=LINE('',#7873,#1548);
#1170=LINE('',#7879,#1549);
#1171=LINE('',#7883,#1550);
#1172=LINE('',#7887,#1551);
#1173=LINE('',#7889,#1552);
#1174=LINE('',#7890,#1553);
#1175=LINE('',#7894,#1554);
#1176=LINE('',#7897,#1555);
#1177=LINE('',#7898,#1556);
#1178=LINE('',#7904,#1557);
#1179=LINE('',#7908,#1558);
#1180=LINE('',#7912,#1559);
#1181=LINE('',#7914,#1560);
#1182=LINE('',#7915,#1561);
#1183=LINE('',#7919,#1562);
#1184=LINE('',#7922,#1563);
#1185=LINE('',#7923,#1564);
#1186=LINE('',#7929,#1565);
#1187=LINE('',#7933,#1566);
#1188=LINE('',#7937,#1567);
#1189=LINE('',#7939,#1568);
#1190=LINE('',#7940,#1569);
#1191=LINE('',#7944,#1570);
#1192=LINE('',#7947,#1571);
#1193=LINE('',#7948,#1572);
#1194=LINE('',#7954,#1573);
#1195=LINE('',#7958,#1574);
#1196=LINE('',#7962,#1575);
#1197=LINE('',#7964,#1576);
#1198=LINE('',#7965,#1577);
#1199=LINE('',#7969,#1578);
#1200=LINE('',#7972,#1579);
#1201=LINE('',#7973,#1580);
#1202=LINE('',#7979,#1581);
#1203=LINE('',#7983,#1582);
#1204=LINE('',#7987,#1583);
#1205=LINE('',#7989,#1584);
#1206=LINE('',#7990,#1585);
#1207=LINE('',#7994,#1586);
#1208=LINE('',#7997,#1587);
#1209=LINE('',#7998,#1588);
#1210=LINE('',#8004,#1589);
#1211=LINE('',#8008,#1590);
#1212=LINE('',#8012,#1591);
#1213=LINE('',#8014,#1592);
#1214=LINE('',#8015,#1593);
#1215=LINE('',#8019,#1594);
#1216=LINE('',#8022,#1595);
#1217=LINE('',#8023,#1596);
#1218=LINE('',#8029,#1597);
#1219=LINE('',#8033,#1598);
#1220=LINE('',#8037,#1599);
#1221=LINE('',#8039,#1600);
#1222=LINE('',#8040,#1601);
#1223=LINE('',#8044,#1602);
#1224=LINE('',#8047,#1603);
#1225=LINE('',#8048,#1604);
#1226=LINE('',#8054,#1605);
#1227=LINE('',#8058,#1606);
#1228=LINE('',#8062,#1607);
#1229=LINE('',#8064,#1608);
#1230=LINE('',#8065,#1609);
#1231=LINE('',#8069,#1610);
#1232=LINE('',#8072,#1611);
#1233=LINE('',#8073,#1612);
#1234=LINE('',#8079,#1613);
#1235=LINE('',#8083,#1614);
#1236=LINE('',#8087,#1615);
#1237=LINE('',#8089,#1616);
#1238=LINE('',#8090,#1617);
#1239=LINE('',#8094,#1618);
#1240=LINE('',#8097,#1619);
#1241=LINE('',#8098,#1620);
#1242=LINE('',#8104,#1621);
#1243=LINE('',#8108,#1622);
#1244=LINE('',#8112,#1623);
#1245=LINE('',#8114,#1624);
#1246=LINE('',#8115,#1625);
#1247=LINE('',#8119,#1626);
#1248=LINE('',#8122,#1627);
#1249=LINE('',#8123,#1628);
#1250=LINE('',#8129,#1629);
#1251=LINE('',#8133,#1630);
#1252=LINE('',#8137,#1631);
#1253=LINE('',#8139,#1632);
#1254=LINE('',#8140,#1633);
#1255=LINE('',#8144,#1634);
#1256=LINE('',#8147,#1635);
#1257=LINE('',#8148,#1636);
#1258=LINE('',#8154,#1637);
#1259=LINE('',#8158,#1638);
#1260=LINE('',#8162,#1639);
#1261=LINE('',#8164,#1640);
#1262=LINE('',#8165,#1641);
#1263=LINE('',#8169,#1642);
#1264=LINE('',#8172,#1643);
#1265=LINE('',#8173,#1644);
#1266=LINE('',#8179,#1645);
#1267=LINE('',#8183,#1646);
#1268=LINE('',#8187,#1647);
#1269=LINE('',#8189,#1648);
#1270=LINE('',#8190,#1649);
#1271=LINE('',#8194,#1650);
#1272=LINE('',#8197,#1651);
#1273=LINE('',#8198,#1652);
#1274=LINE('',#8204,#1653);
#1275=LINE('',#8208,#1654);
#1276=LINE('',#8212,#1655);
#1277=LINE('',#8214,#1656);
#1278=LINE('',#8215,#1657);
#1279=LINE('',#8219,#1658);
#1280=LINE('',#8222,#1659);
#1281=LINE('',#8223,#1660);
#1282=LINE('',#8229,#1661);
#1283=LINE('',#8233,#1662);
#1284=LINE('',#8237,#1663);
#1285=LINE('',#8239,#1664);
#1286=LINE('',#8240,#1665);
#1287=LINE('',#8244,#1666);
#1288=LINE('',#8247,#1667);
#1289=LINE('',#8248,#1668);
#1290=LINE('',#8254,#1669);
#1291=LINE('',#8258,#1670);
#1292=LINE('',#8262,#1671);
#1293=LINE('',#8264,#1672);
#1294=LINE('',#8265,#1673);
#1295=LINE('',#8269,#1674);
#1296=LINE('',#8272,#1675);
#1297=LINE('',#8273,#1676);
#1298=LINE('',#8279,#1677);
#1299=LINE('',#8283,#1678);
#1300=LINE('',#8287,#1679);
#1301=LINE('',#8289,#1680);
#1302=LINE('',#8290,#1681);
#1303=LINE('',#8294,#1682);
#1304=LINE('',#8297,#1683);
#1305=LINE('',#8298,#1684);
#1306=LINE('',#8304,#1685);
#1307=LINE('',#8308,#1686);
#1308=LINE('',#8312,#1687);
#1309=LINE('',#8314,#1688);
#1310=LINE('',#8315,#1689);
#1311=LINE('',#8319,#1690);
#1312=LINE('',#8322,#1691);
#1313=LINE('',#8323,#1692);
#1314=LINE('',#8329,#1693);
#1315=LINE('',#8333,#1694);
#1316=LINE('',#8337,#1695);
#1317=LINE('',#8339,#1696);
#1318=LINE('',#8340,#1697);
#1319=LINE('',#8344,#1698);
#1320=LINE('',#8347,#1699);
#1321=LINE('',#8348,#1700);
#1322=LINE('',#8354,#1701);
#1323=LINE('',#8358,#1702);
#1324=LINE('',#8362,#1703);
#1325=LINE('',#8364,#1704);
#1326=LINE('',#8365,#1705);
#1327=LINE('',#8369,#1706);
#1328=LINE('',#8372,#1707);
#1329=LINE('',#8373,#1708);
#1330=LINE('',#8379,#1709);
#1331=LINE('',#8383,#1710);
#1332=LINE('',#8387,#1711);
#1333=LINE('',#8389,#1712);
#1334=LINE('',#8390,#1713);
#1335=LINE('',#8394,#1714);
#1336=LINE('',#8397,#1715);
#1337=LINE('',#8398,#1716);
#1338=LINE('',#8404,#1717);
#1339=LINE('',#8408,#1718);
#1340=LINE('',#8412,#1719);
#1341=LINE('',#8414,#1720);
#1342=LINE('',#8415,#1721);
#1343=LINE('',#8419,#1722);
#1344=LINE('',#8422,#1723);
#1345=LINE('',#8423,#1724);
#1346=LINE('',#9042,#1725);
#1347=LINE('',#9043,#1726);
#1348=LINE('',#9044,#1727);
#1349=LINE('',#9045,#1728);
#1350=LINE('',#9047,#1729);
#1351=LINE('',#9054,#1730);
#1352=LINE('',#9059,#1731);
#1353=LINE('',#9070,#1732);
#1354=LINE('',#9079,#1733);
#1355=LINE('',#9088,#1734);
#1356=LINE('',#9097,#1735);
#1357=LINE('',#9102,#1736);
#1358=LINE('',#9104,#1737);
#1359=LINE('',#9106,#1738);
#1360=LINE('',#9107,#1739);
#1361=LINE('',#9110,#1740);
#1362=LINE('',#9112,#1741);
#1363=LINE('',#9113,#1742);
#1364=LINE('',#9116,#1743);
#1365=LINE('',#9118,#1744);
#1366=LINE('',#9119,#1745);
#1367=LINE('',#9121,#1746);
#1368=LINE('',#9122,#1747);
#1369=LINE('',#9126,#1748);
#1370=LINE('',#9128,#1749);
#1371=LINE('',#9130,#1750);
#1372=LINE('',#9131,#1751);
#1373=LINE('',#9134,#1752);
#1374=LINE('',#9136,#1753);
#1375=LINE('',#9137,#1754);
#1376=LINE('',#9140,#1755);
#1377=LINE('',#9141,#1756);
#1378=LINE('',#9145,#1757);
#1379=LINE('',#9149,#1758);
#1380=LINE('',#9153,#1759);
#1381=LINE('',#9157,#1760);
#1382=LINE('',#9160,#1761);
#1383=LINE('',#9161,#1762);
#1384=LINE('',#9163,#1763);
#1385=VECTOR('',#4977,10.);
#1386=VECTOR('',#4978,10.);
#1387=VECTOR('',#4979,10.);
#1388=VECTOR('',#4980,10.);
#1389=VECTOR('',#4983,10.);
#1390=VECTOR('',#4984,10.);
#1391=VECTOR('',#4985,10.);
#1392=VECTOR('',#4986,10.);
#1393=VECTOR('',#4989,10.);
#1394=VECTOR('',#4990,10.);
#1395=VECTOR('',#4991,10.);
#1396=VECTOR('',#4992,10.);
#1397=VECTOR('',#4995,10.);
#1398=VECTOR('',#4996,10.);
#1399=VECTOR('',#4997,10.);
#1400=VECTOR('',#4998,10.);
#1401=VECTOR('',#5001,10.);
#1402=VECTOR('',#5002,10.);
#1403=VECTOR('',#5003,10.);
#1404=VECTOR('',#5006,10.);
#1405=VECTOR('',#5007,10.);
#1406=VECTOR('',#5008,10.);
#1407=VECTOR('',#5011,10.);
#1408=VECTOR('',#5012,10.);
#1409=VECTOR('',#5013,10.);
#1410=VECTOR('',#5014,10.);
#1411=VECTOR('',#5015,10.);
#1412=VECTOR('',#5016,10.);
#1413=VECTOR('',#5019,10.);
#1414=VECTOR('',#5020,10.);
#1415=VECTOR('',#5023,10.);
#1416=VECTOR('',#5024,10.);
#1417=VECTOR('',#5027,10.);
#1418=VECTOR('',#5028,10.);
#1419=VECTOR('',#5029,10.);
#1420=VECTOR('',#5030,10.);
#1421=VECTOR('',#5033,10.);
#1422=VECTOR('',#5034,10.);
#1423=VECTOR('',#5035,10.);
#1424=VECTOR('',#5036,10.);
#1425=VECTOR('',#5039,10.);
#1426=VECTOR('',#5040,10.);
#1427=VECTOR('',#5041,10.);
#1428=VECTOR('',#5048,10.);
#1429=VECTOR('',#5049,10.);
#1430=VECTOR('',#5052,10.);
#1431=VECTOR('',#5053,10.);
#1432=VECTOR('',#5056,10.);
#1433=VECTOR('',#5065,2.5);
#1434=VECTOR('',#5072,4.);
#1435=VECTOR('',#5079,2.5);
#1436=VECTOR('',#5086,2.5);
#1437=VECTOR('',#5093,4.);
#1438=VECTOR('',#5100,4.);
#1439=VECTOR('',#5107,4.);
#1440=VECTOR('',#5114,2.5);
#1441=VECTOR('',#5119,10.);
#1442=VECTOR('',#5120,10.);
#1443=VECTOR('',#5121,10.);
#1444=VECTOR('',#5122,10.);
#1445=VECTOR('',#5139,10.);
#1446=VECTOR('',#5140,10.);
#1447=VECTOR('',#5141,10.);
#1448=VECTOR('',#5144,10.);
#1449=VECTOR('',#5145,10.);
#1450=VECTOR('',#5148,10.);
#1451=VECTOR('',#5149,10.);
#1452=VECTOR('',#5152,10.);
#1453=VECTOR('',#5161,3.5);
#1454=VECTOR('',#5166,3.5);
#1455=VECTOR('',#5169,3.5);
#1456=VECTOR('',#5172,2.872);
#1457=VECTOR('',#5177,2.872);
#1458=VECTOR('',#5180,2.872);
#1459=VECTOR('',#5185,2.5);
#1460=VECTOR('',#5206,3.);
#1461=VECTOR('',#5215,2.5);
#1462=VECTOR('',#5222,4.);
#1463=VECTOR('',#5231,3.5);
#1464=VECTOR('',#5236,3.5);
#1465=VECTOR('',#5239,3.5);
#1466=VECTOR('',#5242,2.872);
#1467=VECTOR('',#5247,2.872);
#1468=VECTOR('',#5250,2.872);
#1469=VECTOR('',#5253,10.);
#1470=VECTOR('',#5256,10.);
#1471=VECTOR('',#5261,10.);
#1472=VECTOR('',#5262,10.);
#1473=VECTOR('',#5263,10.);
#1474=VECTOR('',#5268,10.);
#1475=VECTOR('',#5271,10.);
#1476=VECTOR('',#5272,10.);
#1477=VECTOR('',#5279,10.);
#1478=VECTOR('',#5282,10.);
#1479=VECTOR('',#5287,10.);
#1480=VECTOR('',#5288,10.);
#1481=VECTOR('',#5289,10.);
#1482=VECTOR('',#5294,10.);
#1483=VECTOR('',#5297,10.);
#1484=VECTOR('',#5298,10.);
#1485=VECTOR('',#5305,10.);
#1486=VECTOR('',#5308,10.);
#1487=VECTOR('',#5313,10.);
#1488=VECTOR('',#5314,10.);
#1489=VECTOR('',#5315,10.);
#1490=VECTOR('',#5320,10.);
#1491=VECTOR('',#5323,10.);
#1492=VECTOR('',#5324,10.);
#1493=VECTOR('',#5331,10.);
#1494=VECTOR('',#5334,10.);
#1495=VECTOR('',#5339,10.);
#1496=VECTOR('',#5340,10.);
#1497=VECTOR('',#5341,10.);
#1498=VECTOR('',#5346,10.);
#1499=VECTOR('',#5349,10.);
#1500=VECTOR('',#5350,10.);
#1501=VECTOR('',#5357,10.);
#1502=VECTOR('',#5360,10.);
#1503=VECTOR('',#5365,10.);
#1504=VECTOR('',#5366,10.);
#1505=VECTOR('',#5367,10.);
#1506=VECTOR('',#5374,10.);
#1507=VECTOR('',#5377,10.);
#1508=VECTOR('',#5378,10.);
#1509=VECTOR('',#5387,10.);
#1510=VECTOR('',#5390,10.);
#1511=VECTOR('',#5395,10.);
#1512=VECTOR('',#5396,10.);
#1513=VECTOR('',#5397,10.);
#1514=VECTOR('',#5404,10.);
#1515=VECTOR('',#5407,10.);
#1516=VECTOR('',#5408,10.);
#1517=VECTOR('',#5417,10.);
#1518=VECTOR('',#5420,10.);
#1519=VECTOR('',#5425,10.);
#1520=VECTOR('',#5426,10.);
#1521=VECTOR('',#5427,10.);
#1522=VECTOR('',#5434,10.);
#1523=VECTOR('',#5437,10.);
#1524=VECTOR('',#5438,10.);
#1525=VECTOR('',#5447,10.);
#1526=VECTOR('',#5450,10.);
#1527=VECTOR('',#5455,10.);
#1528=VECTOR('',#5456,10.);
#1529=VECTOR('',#5457,10.);
#1530=VECTOR('',#5464,10.);
#1531=VECTOR('',#5467,10.);
#1532=VECTOR('',#5468,10.);
#1533=VECTOR('',#5477,10.);
#1534=VECTOR('',#5480,10.);
#1535=VECTOR('',#5485,10.);
#1536=VECTOR('',#5486,10.);
#1537=VECTOR('',#5487,10.);
#1538=VECTOR('',#5492,10.);
#1539=VECTOR('',#5495,10.);
#1540=VECTOR('',#5496,10.);
#1541=VECTOR('',#5503,10.);
#1542=VECTOR('',#5506,10.);
#1543=VECTOR('',#5511,10.);
#1544=VECTOR('',#5512,10.);
#1545=VECTOR('',#5513,10.);
#1546=VECTOR('',#5518,10.);
#1547=VECTOR('',#5521,10.);
#1548=VECTOR('',#5522,10.);
#1549=VECTOR('',#5529,10.);
#1550=VECTOR('',#5532,10.);
#1551=VECTOR('',#5537,10.);
#1552=VECTOR('',#5538,10.);
#1553=VECTOR('',#5539,10.);
#1554=VECTOR('',#5544,10.);
#1555=VECTOR('',#5547,10.);
#1556=VECTOR('',#5548,10.);
#1557=VECTOR('',#5555,10.);
#1558=VECTOR('',#5558,10.);
#1559=VECTOR('',#5563,10.);
#1560=VECTOR('',#5564,10.);
#1561=VECTOR('',#5565,10.);
#1562=VECTOR('',#5570,10.);
#1563=VECTOR('',#5573,10.);
#1564=VECTOR('',#5574,10.);
#1565=VECTOR('',#5581,10.);
#1566=VECTOR('',#5584,10.);
#1567=VECTOR('',#5589,10.);
#1568=VECTOR('',#5590,10.);
#1569=VECTOR('',#5591,10.);
#1570=VECTOR('',#5596,10.);
#1571=VECTOR('',#5599,10.);
#1572=VECTOR('',#5600,10.);
#1573=VECTOR('',#5607,10.);
#1574=VECTOR('',#5610,10.);
#1575=VECTOR('',#5615,10.);
#1576=VECTOR('',#5616,10.);
#1577=VECTOR('',#5617,10.);
#1578=VECTOR('',#5622,10.);
#1579=VECTOR('',#5625,10.);
#1580=VECTOR('',#5626,10.);
#1581=VECTOR('',#5633,10.);
#1582=VECTOR('',#5636,10.);
#1583=VECTOR('',#5641,10.);
#1584=VECTOR('',#5642,10.);
#1585=VECTOR('',#5643,10.);
#1586=VECTOR('',#5648,10.);
#1587=VECTOR('',#5651,10.);
#1588=VECTOR('',#5652,10.);
#1589=VECTOR('',#5659,10.);
#1590=VECTOR('',#5662,10.);
#1591=VECTOR('',#5667,10.);
#1592=VECTOR('',#5668,10.);
#1593=VECTOR('',#5669,10.);
#1594=VECTOR('',#5674,10.);
#1595=VECTOR('',#5677,10.);
#1596=VECTOR('',#5678,10.);
#1597=VECTOR('',#5685,10.);
#1598=VECTOR('',#5688,10.);
#1599=VECTOR('',#5693,10.);
#1600=VECTOR('',#5694,10.);
#1601=VECTOR('',#5695,10.);
#1602=VECTOR('',#5700,10.);
#1603=VECTOR('',#5703,10.);
#1604=VECTOR('',#5704,10.);
#1605=VECTOR('',#5711,10.);
#1606=VECTOR('',#5714,10.);
#1607=VECTOR('',#5719,10.);
#1608=VECTOR('',#5720,10.);
#1609=VECTOR('',#5721,10.);
#1610=VECTOR('',#5726,10.);
#1611=VECTOR('',#5729,10.);
#1612=VECTOR('',#5730,10.);
#1613=VECTOR('',#5737,10.);
#1614=VECTOR('',#5740,10.);
#1615=VECTOR('',#5745,10.);
#1616=VECTOR('',#5746,10.);
#1617=VECTOR('',#5747,10.);
#1618=VECTOR('',#5752,10.);
#1619=VECTOR('',#5755,10.);
#1620=VECTOR('',#5756,10.);
#1621=VECTOR('',#5763,10.);
#1622=VECTOR('',#5766,10.);
#1623=VECTOR('',#5771,10.);
#1624=VECTOR('',#5772,10.);
#1625=VECTOR('',#5773,10.);
#1626=VECTOR('',#5778,10.);
#1627=VECTOR('',#5781,10.);
#1628=VECTOR('',#5782,10.);
#1629=VECTOR('',#5789,10.);
#1630=VECTOR('',#5792,10.);
#1631=VECTOR('',#5797,10.);
#1632=VECTOR('',#5798,10.);
#1633=VECTOR('',#5799,10.);
#1634=VECTOR('',#5804,10.);
#1635=VECTOR('',#5807,10.);
#1636=VECTOR('',#5808,10.);
#1637=VECTOR('',#5815,10.);
#1638=VECTOR('',#5818,10.);
#1639=VECTOR('',#5823,10.);
#1640=VECTOR('',#5824,10.);
#1641=VECTOR('',#5825,10.);
#1642=VECTOR('',#5830,10.);
#1643=VECTOR('',#5833,10.);
#1644=VECTOR('',#5834,10.);
#1645=VECTOR('',#5841,10.);
#1646=VECTOR('',#5844,10.);
#1647=VECTOR('',#5849,10.);
#1648=VECTOR('',#5850,10.);
#1649=VECTOR('',#5851,10.);
#1650=VECTOR('',#5856,10.);
#1651=VECTOR('',#5859,10.);
#1652=VECTOR('',#5860,10.);
#1653=VECTOR('',#5867,10.);
#1654=VECTOR('',#5870,10.);
#1655=VECTOR('',#5875,10.);
#1656=VECTOR('',#5876,10.);
#1657=VECTOR('',#5877,10.);
#1658=VECTOR('',#5882,10.);
#1659=VECTOR('',#5885,10.);
#1660=VECTOR('',#5886,10.);
#1661=VECTOR('',#5893,10.);
#1662=VECTOR('',#5896,10.);
#1663=VECTOR('',#5901,10.);
#1664=VECTOR('',#5902,10.);
#1665=VECTOR('',#5903,10.);
#1666=VECTOR('',#5908,10.);
#1667=VECTOR('',#5911,10.);
#1668=VECTOR('',#5912,10.);
#1669=VECTOR('',#5919,10.);
#1670=VECTOR('',#5922,10.);
#1671=VECTOR('',#5927,10.);
#1672=VECTOR('',#5928,10.);
#1673=VECTOR('',#5929,10.);
#1674=VECTOR('',#5934,10.);
#1675=VECTOR('',#5937,10.);
#1676=VECTOR('',#5938,10.);
#1677=VECTOR('',#5945,10.);
#1678=VECTOR('',#5948,10.);
#1679=VECTOR('',#5953,10.);
#1680=VECTOR('',#5954,10.);
#1681=VECTOR('',#5955,10.);
#1682=VECTOR('',#5960,10.);
#1683=VECTOR('',#5963,10.);
#1684=VECTOR('',#5964,10.);
#1685=VECTOR('',#5971,10.);
#1686=VECTOR('',#5974,10.);
#1687=VECTOR('',#5979,10.);
#1688=VECTOR('',#5980,10.);
#1689=VECTOR('',#5981,10.);
#1690=VECTOR('',#5986,10.);
#1691=VECTOR('',#5989,10.);
#1692=VECTOR('',#5990,10.);
#1693=VECTOR('',#5997,10.);
#1694=VECTOR('',#6000,10.);
#1695=VECTOR('',#6005,10.);
#1696=VECTOR('',#6006,10.);
#1697=VECTOR('',#6007,10.);
#1698=VECTOR('',#6012,10.);
#1699=VECTOR('',#6015,10.);
#1700=VECTOR('',#6016,10.);
#1701=VECTOR('',#6023,10.);
#1702=VECTOR('',#6026,10.);
#1703=VECTOR('',#6031,10.);
#1704=VECTOR('',#6032,10.);
#1705=VECTOR('',#6033,10.);
#1706=VECTOR('',#6038,10.);
#1707=VECTOR('',#6041,10.);
#1708=VECTOR('',#6042,10.);
#1709=VECTOR('',#6049,10.);
#1710=VECTOR('',#6052,10.);
#1711=VECTOR('',#6057,10.);
#1712=VECTOR('',#6058,10.);
#1713=VECTOR('',#6059,10.);
#1714=VECTOR('',#6064,10.);
#1715=VECTOR('',#6067,10.);
#1716=VECTOR('',#6068,10.);
#1717=VECTOR('',#6075,10.);
#1718=VECTOR('',#6078,10.);
#1719=VECTOR('',#6083,10.);
#1720=VECTOR('',#6084,10.);
#1721=VECTOR('',#6085,10.);
#1722=VECTOR('',#6090,10.);
#1723=VECTOR('',#6093,10.);
#1724=VECTOR('',#6094,10.);
#1725=VECTOR('',#6115,3.);
#1726=VECTOR('',#6116,3.);
#1727=VECTOR('',#6117,3.);
#1728=VECTOR('',#6118,3.);
#1729=VECTOR('',#6119,3.);
#1730=VECTOR('',#6128,2.5);
#1731=VECTOR('',#6135,4.);
#1732=VECTOR('',#6150,3.75);
#1733=VECTOR('',#6161,3.75);
#1734=VECTOR('',#6172,3.75);
#1735=VECTOR('',#6183,3.75);
#1736=VECTOR('',#6188,10.);
#1737=VECTOR('',#6189,10.);
#1738=VECTOR('',#6190,10.);
#1739=VECTOR('',#6191,10.);
#1740=VECTOR('',#6194,10.);
#1741=VECTOR('',#6195,10.);
#1742=VECTOR('',#6196,10.);
#1743=VECTOR('',#6199,10.);
#1744=VECTOR('',#6200,10.);
#1745=VECTOR('',#6201,10.);
#1746=VECTOR('',#6204,10.);
#1747=VECTOR('',#6205,10.);
#1748=VECTOR('',#6208,10.);
#1749=VECTOR('',#6209,10.);
#1750=VECTOR('',#6210,10.);
#1751=VECTOR('',#6211,10.);
#1752=VECTOR('',#6214,10.);
#1753=VECTOR('',#6215,10.);
#1754=VECTOR('',#6216,10.);
#1755=VECTOR('',#6219,10.);
#1756=VECTOR('',#6220,10.);
#1757=VECTOR('',#6225,4.05);
#1758=VECTOR('',#6230,4.05);
#1759=VECTOR('',#6235,4.05);
#1760=VECTOR('',#6240,4.05);
#1761=VECTOR('',#6243,10.);
#1762=VECTOR('',#6244,10.);
#1763=VECTOR('',#6247,10.);
#1764=VERTEX_POINT('',#6269);
#1765=VERTEX_POINT('',#6270);
#1766=VERTEX_POINT('',#6272);
#1767=VERTEX_POINT('',#6274);
#1768=VERTEX_POINT('',#6278);
#1769=VERTEX_POINT('',#6279);
#1770=VERTEX_POINT('',#6281);
#1771=VERTEX_POINT('',#6283);
#1772=VERTEX_POINT('',#6287);
#1773=VERTEX_POINT('',#6288);
#1774=VERTEX_POINT('',#6290);
#1775=VERTEX_POINT('',#6292);
#1776=VERTEX_POINT('',#6296);
#1777=VERTEX_POINT('',#6297);
#1778=VERTEX_POINT('',#6299);
#1779=VERTEX_POINT('',#6301);
#1780=VERTEX_POINT('',#6305);
#1781=VERTEX_POINT('',#6307);
#1782=VERTEX_POINT('',#6311);
#1783=VERTEX_POINT('',#6313);
#1784=VERTEX_POINT('',#6317);
#1785=VERTEX_POINT('',#6321);
#1786=VERTEX_POINT('',#6326);
#1787=VERTEX_POINT('',#6330);
#1788=VERTEX_POINT('',#6334);
#1789=VERTEX_POINT('',#6336);
#1790=VERTEX_POINT('',#6342);
#1791=VERTEX_POINT('',#6344);
#1792=VERTEX_POINT('',#6348);
#1793=VERTEX_POINT('',#6350);
#1794=VERTEX_POINT('',#6356);
#1795=VERTEX_POINT('',#6360);
#1796=VERTEX_POINT('',#6368);
#1797=VERTEX_POINT('',#6370);
#1798=VERTEX_POINT('',#6374);
#1799=VERTEX_POINT('',#6376);
#1800=VERTEX_POINT('',#6380);
#1801=VERTEX_POINT('',#6382);
#1802=VERTEX_POINT('',#6386);
#1803=VERTEX_POINT('',#6388);
#1804=VERTEX_POINT('',#6392);
#1805=VERTEX_POINT('',#6394);
#1806=VERTEX_POINT('',#6398);
#1807=VERTEX_POINT('',#6400);
#1808=VERTEX_POINT('',#6404);
#1809=VERTEX_POINT('',#6406);
#1810=VERTEX_POINT('',#6410);
#1811=VERTEX_POINT('',#6412);
#1812=VERTEX_POINT('',#6416);
#1813=VERTEX_POINT('',#6417);
#1814=VERTEX_POINT('',#6419);
#1815=VERTEX_POINT('',#6421);
#1816=VERTEX_POINT('',#6454);
#1817=VERTEX_POINT('',#6483);
#1818=VERTEX_POINT('',#6512);
#1819=VERTEX_POINT('',#6541);
#1820=VERTEX_POINT('',#6544);
#1821=VERTEX_POINT('',#6546);
#1822=VERTEX_POINT('',#6550);
#1823=VERTEX_POINT('',#6554);
#1824=VERTEX_POINT('',#6563);
#1825=VERTEX_POINT('',#6564);
#1826=VERTEX_POINT('',#6566);
#1827=VERTEX_POINT('',#6586);
#1828=VERTEX_POINT('',#6605);
#1829=VERTEX_POINT('',#6606);
#1830=VERTEX_POINT('',#6653);
#1831=VERTEX_POINT('',#6654);
#1832=VERTEX_POINT('',#6701);
#1833=VERTEX_POINT('',#6702);
#1834=VERTEX_POINT('',#6704);
#1835=VERTEX_POINT('',#6711);
#1836=VERTEX_POINT('',#6718);
#1837=VERTEX_POINT('',#6719);
#1838=VERTEX_POINT('',#6743);
#1839=VERTEX_POINT('',#6744);
#1840=VERTEX_POINT('',#6767);
#1841=VERTEX_POINT('',#6769);
#1842=VERTEX_POINT('',#6773);
#1843=VERTEX_POINT('',#6968);
#1844=VERTEX_POINT('',#6976);
#1845=VERTEX_POINT('',#7075);
#1846=VERTEX_POINT('',#7275);
#1847=VERTEX_POINT('',#7386);
#1848=VERTEX_POINT('',#7389);
#1849=VERTEX_POINT('',#7393);
#1850=VERTEX_POINT('',#7396);
#1851=VERTEX_POINT('',#7400);
#1852=VERTEX_POINT('',#7407);
#1853=VERTEX_POINT('',#7408);
#1854=VERTEX_POINT('',#7410);
#1855=VERTEX_POINT('',#7430);
#1856=VERTEX_POINT('',#7449);
#1857=VERTEX_POINT('',#7450);
#1858=VERTEX_POINT('',#7497);
#1859=VERTEX_POINT('',#7498);
#1860=VERTEX_POINT('',#7545);
#1861=VERTEX_POINT('',#7546);
#1862=VERTEX_POINT('',#7548);
#1863=VERTEX_POINT('',#7555);
#1864=VERTEX_POINT('',#7562);
#1865=VERTEX_POINT('',#7563);
#1866=VERTEX_POINT('',#7587);
#1867=VERTEX_POINT('',#7588);
#1868=VERTEX_POINT('',#7611);
#1869=VERTEX_POINT('',#7612);
#1870=VERTEX_POINT('',#7614);
#1871=VERTEX_POINT('',#7616);
#1872=VERTEX_POINT('',#7620);
#1873=VERTEX_POINT('',#7622);
#1874=VERTEX_POINT('',#7626);
#1875=VERTEX_POINT('',#7630);
#1876=VERTEX_POINT('',#7636);
#1877=VERTEX_POINT('',#7637);
#1878=VERTEX_POINT('',#7639);
#1879=VERTEX_POINT('',#7641);
#1880=VERTEX_POINT('',#7645);
#1881=VERTEX_POINT('',#7647);
#1882=VERTEX_POINT('',#7651);
#1883=VERTEX_POINT('',#7655);
#1884=VERTEX_POINT('',#7661);
#1885=VERTEX_POINT('',#7662);
#1886=VERTEX_POINT('',#7664);
#1887=VERTEX_POINT('',#7666);
#1888=VERTEX_POINT('',#7670);
#1889=VERTEX_POINT('',#7672);
#1890=VERTEX_POINT('',#7676);
#1891=VERTEX_POINT('',#7680);
#1892=VERTEX_POINT('',#7686);
#1893=VERTEX_POINT('',#7687);
#1894=VERTEX_POINT('',#7689);
#1895=VERTEX_POINT('',#7691);
#1896=VERTEX_POINT('',#7695);
#1897=VERTEX_POINT('',#7697);
#1898=VERTEX_POINT('',#7701);
#1899=VERTEX_POINT('',#7705);
#1900=VERTEX_POINT('',#7711);
#1901=VERTEX_POINT('',#7712);
#1902=VERTEX_POINT('',#7714);
#1903=VERTEX_POINT('',#7716);
#1904=VERTEX_POINT('',#7720);
#1905=VERTEX_POINT('',#7722);
#1906=VERTEX_POINT('',#7726);
#1907=VERTEX_POINT('',#7728);
#1908=VERTEX_POINT('',#7732);
#1909=VERTEX_POINT('',#7736);
#1910=VERTEX_POINT('',#7740);
#1911=VERTEX_POINT('',#7741);
#1912=VERTEX_POINT('',#7743);
#1913=VERTEX_POINT('',#7745);
#1914=VERTEX_POINT('',#7749);
#1915=VERTEX_POINT('',#7751);
#1916=VERTEX_POINT('',#7755);
#1917=VERTEX_POINT('',#7757);
#1918=VERTEX_POINT('',#7761);
#1919=VERTEX_POINT('',#7765);
#1920=VERTEX_POINT('',#7769);
#1921=VERTEX_POINT('',#7770);
#1922=VERTEX_POINT('',#7772);
#1923=VERTEX_POINT('',#7774);
#1924=VERTEX_POINT('',#7778);
#1925=VERTEX_POINT('',#7780);
#1926=VERTEX_POINT('',#7784);
#1927=VERTEX_POINT('',#7786);
#1928=VERTEX_POINT('',#7790);
#1929=VERTEX_POINT('',#7794);
#1930=VERTEX_POINT('',#7798);
#1931=VERTEX_POINT('',#7799);
#1932=VERTEX_POINT('',#7801);
#1933=VERTEX_POINT('',#7803);
#1934=VERTEX_POINT('',#7807);
#1935=VERTEX_POINT('',#7809);
#1936=VERTEX_POINT('',#7813);
#1937=VERTEX_POINT('',#7815);
#1938=VERTEX_POINT('',#7819);
#1939=VERTEX_POINT('',#7823);
#1940=VERTEX_POINT('',#7827);
#1941=VERTEX_POINT('',#7828);
#1942=VERTEX_POINT('',#7830);
#1943=VERTEX_POINT('',#7832);
#1944=VERTEX_POINT('',#7836);
#1945=VERTEX_POINT('',#7838);
#1946=VERTEX_POINT('',#7842);
#1947=VERTEX_POINT('',#7846);
#1948=VERTEX_POINT('',#7852);
#1949=VERTEX_POINT('',#7853);
#1950=VERTEX_POINT('',#7855);
#1951=VERTEX_POINT('',#7857);
#1952=VERTEX_POINT('',#7861);
#1953=VERTEX_POINT('',#7863);
#1954=VERTEX_POINT('',#7867);
#1955=VERTEX_POINT('',#7871);
#1956=VERTEX_POINT('',#7877);
#1957=VERTEX_POINT('',#7878);
#1958=VERTEX_POINT('',#7880);
#1959=VERTEX_POINT('',#7882);
#1960=VERTEX_POINT('',#7886);
#1961=VERTEX_POINT('',#7888);
#1962=VERTEX_POINT('',#7892);
#1963=VERTEX_POINT('',#7896);
#1964=VERTEX_POINT('',#7902);
#1965=VERTEX_POINT('',#7903);
#1966=VERTEX_POINT('',#7905);
#1967=VERTEX_POINT('',#7907);
#1968=VERTEX_POINT('',#7911);
#1969=VERTEX_POINT('',#7913);
#1970=VERTEX_POINT('',#7917);
#1971=VERTEX_POINT('',#7921);
#1972=VERTEX_POINT('',#7927);
#1973=VERTEX_POINT('',#7928);
#1974=VERTEX_POINT('',#7930);
#1975=VERTEX_POINT('',#7932);
#1976=VERTEX_POINT('',#7936);
#1977=VERTEX_POINT('',#7938);
#1978=VERTEX_POINT('',#7942);
#1979=VERTEX_POINT('',#7946);
#1980=VERTEX_POINT('',#7952);
#1981=VERTEX_POINT('',#7953);
#1982=VERTEX_POINT('',#7955);
#1983=VERTEX_POINT('',#7957);
#1984=VERTEX_POINT('',#7961);
#1985=VERTEX_POINT('',#7963);
#1986=VERTEX_POINT('',#7967);
#1987=VERTEX_POINT('',#7971);
#1988=VERTEX_POINT('',#7977);
#1989=VERTEX_POINT('',#7978);
#1990=VERTEX_POINT('',#7980);
#1991=VERTEX_POINT('',#7982);
#1992=VERTEX_POINT('',#7986);
#1993=VERTEX_POINT('',#7988);
#1994=VERTEX_POINT('',#7992);
#1995=VERTEX_POINT('',#7996);
#1996=VERTEX_POINT('',#8002);
#1997=VERTEX_POINT('',#8003);
#1998=VERTEX_POINT('',#8005);
#1999=VERTEX_POINT('',#8007);
#2000=VERTEX_POINT('',#8011);
#2001=VERTEX_POINT('',#8013);
#2002=VERTEX_POINT('',#8017);
#2003=VERTEX_POINT('',#8021);
#2004=VERTEX_POINT('',#8027);
#2005=VERTEX_POINT('',#8028);
#2006=VERTEX_POINT('',#8030);
#2007=VERTEX_POINT('',#8032);
#2008=VERTEX_POINT('',#8036);
#2009=VERTEX_POINT('',#8038);
#2010=VERTEX_POINT('',#8042);
#2011=VERTEX_POINT('',#8046);
#2012=VERTEX_POINT('',#8052);
#2013=VERTEX_POINT('',#8053);
#2014=VERTEX_POINT('',#8055);
#2015=VERTEX_POINT('',#8057);
#2016=VERTEX_POINT('',#8061);
#2017=VERTEX_POINT('',#8063);
#2018=VERTEX_POINT('',#8067);
#2019=VERTEX_POINT('',#8071);
#2020=VERTEX_POINT('',#8077);
#2021=VERTEX_POINT('',#8078);
#2022=VERTEX_POINT('',#8080);
#2023=VERTEX_POINT('',#8082);
#2024=VERTEX_POINT('',#8086);
#2025=VERTEX_POINT('',#8088);
#2026=VERTEX_POINT('',#8092);
#2027=VERTEX_POINT('',#8096);
#2028=VERTEX_POINT('',#8102);
#2029=VERTEX_POINT('',#8103);
#2030=VERTEX_POINT('',#8105);
#2031=VERTEX_POINT('',#8107);
#2032=VERTEX_POINT('',#8111);
#2033=VERTEX_POINT('',#8113);
#2034=VERTEX_POINT('',#8117);
#2035=VERTEX_POINT('',#8121);
#2036=VERTEX_POINT('',#8127);
#2037=VERTEX_POINT('',#8128);
#2038=VERTEX_POINT('',#8130);
#2039=VERTEX_POINT('',#8132);
#2040=VERTEX_POINT('',#8136);
#2041=VERTEX_POINT('',#8138);
#2042=VERTEX_POINT('',#8142);
#2043=VERTEX_POINT('',#8146);
#2044=VERTEX_POINT('',#8152);
#2045=VERTEX_POINT('',#8153);
#2046=VERTEX_POINT('',#8155);
#2047=VERTEX_POINT('',#8157);
#2048=VERTEX_POINT('',#8161);
#2049=VERTEX_POINT('',#8163);
#2050=VERTEX_POINT('',#8167);
#2051=VERTEX_POINT('',#8171);
#2052=VERTEX_POINT('',#8177);
#2053=VERTEX_POINT('',#8178);
#2054=VERTEX_POINT('',#8180);
#2055=VERTEX_POINT('',#8182);
#2056=VERTEX_POINT('',#8186);
#2057=VERTEX_POINT('',#8188);
#2058=VERTEX_POINT('',#8192);
#2059=VERTEX_POINT('',#8196);
#2060=VERTEX_POINT('',#8202);
#2061=VERTEX_POINT('',#8203);
#2062=VERTEX_POINT('',#8205);
#2063=VERTEX_POINT('',#8207);
#2064=VERTEX_POINT('',#8211);
#2065=VERTEX_POINT('',#8213);
#2066=VERTEX_POINT('',#8217);
#2067=VERTEX_POINT('',#8221);
#2068=VERTEX_POINT('',#8227);
#2069=VERTEX_POINT('',#8228);
#2070=VERTEX_POINT('',#8230);
#2071=VERTEX_POINT('',#8232);
#2072=VERTEX_POINT('',#8236);
#2073=VERTEX_POINT('',#8238);
#2074=VERTEX_POINT('',#8242);
#2075=VERTEX_POINT('',#8246);
#2076=VERTEX_POINT('',#8252);
#2077=VERTEX_POINT('',#8253);
#2078=VERTEX_POINT('',#8255);
#2079=VERTEX_POINT('',#8257);
#2080=VERTEX_POINT('',#8261);
#2081=VERTEX_POINT('',#8263);
#2082=VERTEX_POINT('',#8267);
#2083=VERTEX_POINT('',#8271);
#2084=VERTEX_POINT('',#8277);
#2085=VERTEX_POINT('',#8278);
#2086=VERTEX_POINT('',#8280);
#2087=VERTEX_POINT('',#8282);
#2088=VERTEX_POINT('',#8286);
#2089=VERTEX_POINT('',#8288);
#2090=VERTEX_POINT('',#8292);
#2091=VERTEX_POINT('',#8296);
#2092=VERTEX_POINT('',#8302);
#2093=VERTEX_POINT('',#8303);
#2094=VERTEX_POINT('',#8305);
#2095=VERTEX_POINT('',#8307);
#2096=VERTEX_POINT('',#8311);
#2097=VERTEX_POINT('',#8313);
#2098=VERTEX_POINT('',#8317);
#2099=VERTEX_POINT('',#8321);
#2100=VERTEX_POINT('',#8327);
#2101=VERTEX_POINT('',#8328);
#2102=VERTEX_POINT('',#8330);
#2103=VERTEX_POINT('',#8332);
#2104=VERTEX_POINT('',#8336);
#2105=VERTEX_POINT('',#8338);
#2106=VERTEX_POINT('',#8342);
#2107=VERTEX_POINT('',#8346);
#2108=VERTEX_POINT('',#8352);
#2109=VERTEX_POINT('',#8353);
#2110=VERTEX_POINT('',#8355);
#2111=VERTEX_POINT('',#8357);
#2112=VERTEX_POINT('',#8361);
#2113=VERTEX_POINT('',#8363);
#2114=VERTEX_POINT('',#8367);
#2115=VERTEX_POINT('',#8371);
#2116=VERTEX_POINT('',#8377);
#2117=VERTEX_POINT('',#8378);
#2118=VERTEX_POINT('',#8380);
#2119=VERTEX_POINT('',#8382);
#2120=VERTEX_POINT('',#8386);
#2121=VERTEX_POINT('',#8388);
#2122=VERTEX_POINT('',#8392);
#2123=VERTEX_POINT('',#8396);
#2124=VERTEX_POINT('',#8402);
#2125=VERTEX_POINT('',#8403);
#2126=VERTEX_POINT('',#8405);
#2127=VERTEX_POINT('',#8407);
#2128=VERTEX_POINT('',#8411);
#2129=VERTEX_POINT('',#8413);
#2130=VERTEX_POINT('',#8417);
#2131=VERTEX_POINT('',#8421);
#2132=VERTEX_POINT('',#8619);
#2133=VERTEX_POINT('',#8627);
#2134=VERTEX_POINT('',#8726);
#2135=VERTEX_POINT('',#8926);
#2136=VERTEX_POINT('',#9037);
#2137=VERTEX_POINT('',#9040);
#2138=VERTEX_POINT('',#9046);
#2139=VERTEX_POINT('',#9050);
#2140=VERTEX_POINT('',#9053);
#2141=VERTEX_POINT('',#9057);
#2142=VERTEX_POINT('',#9064);
#2143=VERTEX_POINT('',#9066);
#2144=VERTEX_POINT('',#9069);
#2145=VERTEX_POINT('',#9073);
#2146=VERTEX_POINT('',#9075);
#2147=VERTEX_POINT('',#9078);
#2148=VERTEX_POINT('',#9082);
#2149=VERTEX_POINT('',#9084);
#2150=VERTEX_POINT('',#9087);
#2151=VERTEX_POINT('',#9091);
#2152=VERTEX_POINT('',#9093);
#2153=VERTEX_POINT('',#9096);
#2154=VERTEX_POINT('',#9100);
#2155=VERTEX_POINT('',#9101);
#2156=VERTEX_POINT('',#9103);
#2157=VERTEX_POINT('',#9105);
#2158=VERTEX_POINT('',#9109);
#2159=VERTEX_POINT('',#9111);
#2160=VERTEX_POINT('',#9115);
#2161=VERTEX_POINT('',#9117);
#2162=VERTEX_POINT('',#9124);
#2163=VERTEX_POINT('',#9125);
#2164=VERTEX_POINT('',#9127);
#2165=VERTEX_POINT('',#9129);
#2166=VERTEX_POINT('',#9133);
#2167=VERTEX_POINT('',#9135);
#2168=VERTEX_POINT('',#9139);
#2169=VERTEX_POINT('',#9143);
#2170=VERTEX_POINT('',#9147);
#2171=VERTEX_POINT('',#9151);
#2172=VERTEX_POINT('',#9155);
#2173=VERTEX_POINT('',#9159);
#2174=EDGE_CURVE('',#1764,#1765,#1006,.T.);
#2175=EDGE_CURVE('',#1766,#1764,#1007,.T.);
#2176=EDGE_CURVE('',#1767,#1766,#1008,.T.);
#2177=EDGE_CURVE('',#1765,#1767,#1009,.T.);
#2178=EDGE_CURVE('',#1768,#1769,#1010,.T.);
#2179=EDGE_CURVE('',#1770,#1768,#1011,.T.);
#2180=EDGE_CURVE('',#1771,#1770,#1012,.T.);
#2181=EDGE_CURVE('',#1769,#1771,#1013,.T.);
#2182=EDGE_CURVE('',#1772,#1773,#1014,.T.);
#2183=EDGE_CURVE('',#1774,#1772,#1015,.T.);
#2184=EDGE_CURVE('',#1775,#1774,#1016,.T.);
#2185=EDGE_CURVE('',#1775,#1773,#1017,.T.);
#2186=EDGE_CURVE('',#1776,#1777,#1018,.T.);
#2187=EDGE_CURVE('',#1776,#1778,#1019,.T.);
#2188=EDGE_CURVE('',#1779,#1778,#1020,.T.);
#2189=EDGE_CURVE('',#1777,#1779,#1021,.T.);
#2190=EDGE_CURVE('',#1780,#1777,#1022,.T.);
#2191=EDGE_CURVE('',#1781,#1780,#1023,.T.);
#2192=EDGE_CURVE('',#1776,#1781,#1024,.T.);
#2193=EDGE_CURVE('',#1782,#1769,#1025,.T.);
#2194=EDGE_CURVE('',#1782,#1783,#1026,.T.);
#2195=EDGE_CURVE('',#1768,#1783,#1027,.T.);
#2196=EDGE_CURVE('',#1764,#1784,#1028,.T.);
#2197=EDGE_CURVE('',#1784,#1782,#1029,.T.);
#2198=EDGE_CURVE('',#1778,#1771,#1030,.T.);
#2199=EDGE_CURVE('',#1781,#1785,#1031,.T.);
#2200=EDGE_CURVE('',#1785,#1773,#1032,.T.);
#2201=EDGE_CURVE('',#1766,#1775,#1033,.T.);
#2202=EDGE_CURVE('',#1785,#1786,#1034,.T.);
#2203=EDGE_CURVE('',#1772,#1786,#1035,.T.);
#2204=EDGE_CURVE('',#1787,#1765,#1036,.T.);
#2205=EDGE_CURVE('',#1784,#1787,#1037,.T.);
#2206=EDGE_CURVE('',#1779,#1788,#1038,.T.);
#2207=EDGE_CURVE('',#1788,#1789,#1039,.T.);
#2208=EDGE_CURVE('',#1789,#1774,#1040,.T.);
#2209=EDGE_CURVE('',#1786,#1780,#1041,.T.);
#2210=EDGE_CURVE('',#1783,#1787,#1042,.T.);
#2211=EDGE_CURVE('',#1767,#1790,#1043,.T.);
#2212=EDGE_CURVE('',#1790,#1791,#1044,.T.);
#2213=EDGE_CURVE('',#1791,#1770,#1045,.T.);
#2214=EDGE_CURVE('',#1792,#1789,#1046,.T.);
#2215=EDGE_CURVE('',#1793,#1792,#1047,.T.);
#2216=EDGE_CURVE('',#1793,#1790,#1048,.T.);
#2217=EDGE_CURVE('',#1792,#1794,#1049,.T.);
#2218=EDGE_CURVE('',#1794,#1788,#1050,.T.);
#2219=EDGE_CURVE('',#1795,#1791,#1051,.T.);
#2220=EDGE_CURVE('',#1794,#1795,#1052,.T.);
#2221=EDGE_CURVE('',#1795,#1793,#1053,.T.);
#2222=EDGE_CURVE('',#1796,#1796,#149,.T.);
#2223=EDGE_CURVE('',#1796,#1797,#1054,.T.);
#2224=EDGE_CURVE('',#1797,#1797,#150,.T.);
#2225=EDGE_CURVE('',#1798,#1798,#151,.T.);
#2226=EDGE_CURVE('',#1798,#1799,#1055,.T.);
#2227=EDGE_CURVE('',#1799,#1799,#152,.T.);
#2228=EDGE_CURVE('',#1800,#1800,#153,.T.);
#2229=EDGE_CURVE('',#1800,#1801,#1056,.T.);
#2230=EDGE_CURVE('',#1801,#1801,#154,.T.);
#2231=EDGE_CURVE('',#1802,#1802,#155,.T.);
#2232=EDGE_CURVE('',#1802,#1803,#1057,.T.);
#2233=EDGE_CURVE('',#1803,#1803,#156,.T.);
#2234=EDGE_CURVE('',#1804,#1804,#157,.T.);
#2235=EDGE_CURVE('',#1804,#1805,#1058,.T.);
#2236=EDGE_CURVE('',#1805,#1805,#158,.T.);
#2237=EDGE_CURVE('',#1806,#1806,#159,.T.);
#2238=EDGE_CURVE('',#1806,#1807,#1059,.T.);
#2239=EDGE_CURVE('',#1807,#1807,#160,.T.);
#2240=EDGE_CURVE('',#1808,#1808,#161,.T.);
#2241=EDGE_CURVE('',#1808,#1809,#1060,.T.);
#2242=EDGE_CURVE('',#1809,#1809,#162,.T.);
#2243=EDGE_CURVE('',#1810,#1810,#163,.T.);
#2244=EDGE_CURVE('',#1810,#1811,#1061,.T.);
#2245=EDGE_CURVE('',#1811,#1811,#164,.T.);
#2246=EDGE_CURVE('',#1812,#1813,#1062,.T.);
#2247=EDGE_CURVE('',#1813,#1814,#1063,.T.);
#2248=EDGE_CURVE('',#1814,#1815,#1064,.T.);
#2249=EDGE_CURVE('',#1815,#1812,#1065,.T.);
#2250=EDGE_CURVE('',#1816,#1809,#83,.T.);
#2251=EDGE_CURVE('',#1817,#1807,#84,.T.);
#2252=EDGE_CURVE('',#1818,#1799,#85,.T.);
#2253=EDGE_CURVE('',#1819,#1805,#86,.T.);
#2254=EDGE_CURVE('',#1820,#1813,#1066,.T.);
#2255=EDGE_CURVE('',#1821,#1820,#1067,.T.);
#2256=EDGE_CURVE('',#1821,#1814,#1068,.T.);
#2257=EDGE_CURVE('',#1822,#1821,#1069,.T.);
#2258=EDGE_CURVE('',#1822,#1815,#1070,.T.);
#2259=EDGE_CURVE('',#1823,#1822,#1071,.T.);
#2260=EDGE_CURVE('',#1812,#1823,#1072,.T.);
#2261=EDGE_CURVE('',#1820,#1823,#1073,.T.);
#2262=EDGE_CURVE('',#1824,#1825,#1074,.T.);
#2263=EDGE_CURVE('',#1824,#1826,#43,.T.);
#2264=EDGE_CURVE('',#1826,#1827,#165,.F.);
#2265=EDGE_CURVE('',#1827,#1825,#44,.T.);
#2266=EDGE_CURVE('',#1828,#1829,#1075,.T.);
#2267=EDGE_CURVE('',#1828,#1824,#45,.T.);
#2268=EDGE_CURVE('',#1825,#1829,#46,.T.);
#2269=EDGE_CURVE('',#1830,#1831,#1076,.T.);
#2270=EDGE_CURVE('',#1830,#1828,#47,.T.);
#2271=EDGE_CURVE('',#1829,#1831,#48,.T.);
#2272=EDGE_CURVE('',#1832,#1833,#1077,.T.);
#2273=EDGE_CURVE('',#1832,#1834,#49,.T.);
#2274=EDGE_CURVE('',#1835,#1834,#166,.T.);
#2275=EDGE_CURVE('',#1833,#1835,#50,.T.);
#2276=EDGE_CURVE('',#1836,#1837,#1078,.T.);
#2277=EDGE_CURVE('',#1836,#1832,#51,.T.);
#2278=EDGE_CURVE('',#1837,#1833,#52,.T.);
#2279=EDGE_CURVE('',#1838,#1839,#1079,.T.);
#2280=EDGE_CURVE('',#1838,#1836,#53,.T.);
#2281=EDGE_CURVE('',#1839,#1837,#54,.T.);
#2282=EDGE_CURVE('',#1840,#1840,#167,.T.);
#2283=EDGE_CURVE('',#1840,#1841,#1080,.T.);
#2284=EDGE_CURVE('',#1841,#1841,#168,.T.);
#2285=EDGE_CURVE('',#1842,#1842,#169,.T.);
#2286=EDGE_CURVE('',#1826,#1835,#55,.T.);
#2287=EDGE_CURVE('',#1843,#1830,#56,.T.);
#2288=EDGE_CURVE('',#1844,#1843,#57,.T.);
#2289=EDGE_CURVE('',#1844,#1839,#58,.T.);
#2290=EDGE_CURVE('',#1845,#1844,#170,.T.);
#2291=EDGE_CURVE('',#1845,#1838,#59,.T.);
#2292=EDGE_CURVE('',#1834,#1827,#60,.T.);
#2293=EDGE_CURVE('',#1846,#1845,#61,.T.);
#2294=EDGE_CURVE('',#1831,#1846,#62,.T.);
#2295=EDGE_CURVE('',#1843,#1846,#171,.F.);
#2296=EDGE_CURVE('',#1847,#1847,#172,.T.);
#2297=EDGE_CURVE('',#1842,#1848,#1081,.T.);
#2298=EDGE_CURVE('',#1848,#1848,#173,.T.);
#2299=EDGE_CURVE('',#1849,#1849,#174,.T.);
#2300=EDGE_CURVE('',#1849,#1850,#1082,.T.);
#2301=EDGE_CURVE('',#1850,#1850,#175,.T.);
#2302=EDGE_CURVE('',#1851,#1851,#176,.T.);
#2303=EDGE_CURVE('',#1851,#1847,#1083,.T.);
#2304=EDGE_CURVE('',#1852,#1853,#1084,.T.);
#2305=EDGE_CURVE('',#1852,#1854,#63,.T.);
#2306=EDGE_CURVE('',#1854,#1855,#177,.F.);
#2307=EDGE_CURVE('',#1855,#1853,#64,.T.);
#2308=EDGE_CURVE('',#1856,#1857,#1085,.T.);
#2309=EDGE_CURVE('',#1856,#1852,#65,.T.);
#2310=EDGE_CURVE('',#1853,#1857,#66,.T.);
#2311=EDGE_CURVE('',#1858,#1859,#1086,.T.);
#2312=EDGE_CURVE('',#1858,#1856,#67,.T.);
#2313=EDGE_CURVE('',#1857,#1859,#68,.T.);
#2314=EDGE_CURVE('',#1860,#1861,#1087,.T.);
#2315=EDGE_CURVE('',#1860,#1862,#69,.T.);
#2316=EDGE_CURVE('',#1863,#1862,#178,.T.);
#2317=EDGE_CURVE('',#1861,#1863,#70,.T.);
#2318=EDGE_CURVE('',#1864,#1865,#1088,.T.);
#2319=EDGE_CURVE('',#1864,#1860,#71,.T.);
#2320=EDGE_CURVE('',#1865,#1861,#72,.T.);
#2321=EDGE_CURVE('',#1866,#1867,#1089,.T.);
#2322=EDGE_CURVE('',#1866,#1864,#73,.T.);
#2323=EDGE_CURVE('',#1867,#1865,#74,.T.);
#2324=EDGE_CURVE('',#1868,#1869,#1090,.T.);
#2325=EDGE_CURVE('',#1870,#1868,#179,.T.);
#2326=EDGE_CURVE('',#1871,#1870,#1091,.T.);
#2327=EDGE_CURVE('',#1869,#1871,#180,.T.);
#2328=EDGE_CURVE('',#1869,#1872,#1092,.T.);
#2329=EDGE_CURVE('',#1873,#1872,#1093,.T.);
#2330=EDGE_CURVE('',#1868,#1873,#1094,.T.);
#2331=EDGE_CURVE('',#1874,#1873,#181,.T.);
#2332=EDGE_CURVE('',#1870,#1874,#1095,.T.);
#2333=EDGE_CURVE('',#1875,#1874,#1096,.T.);
#2334=EDGE_CURVE('',#1871,#1875,#1097,.T.);
#2335=EDGE_CURVE('',#1872,#1875,#182,.T.);
#2336=EDGE_CURVE('',#1876,#1877,#1098,.T.);
#2337=EDGE_CURVE('',#1878,#1876,#183,.T.);
#2338=EDGE_CURVE('',#1879,#1878,#1099,.T.);
#2339=EDGE_CURVE('',#1877,#1879,#184,.T.);
#2340=EDGE_CURVE('',#1877,#1880,#1100,.T.);
#2341=EDGE_CURVE('',#1881,#1880,#1101,.T.);
#2342=EDGE_CURVE('',#1876,#1881,#1102,.T.);
#2343=EDGE_CURVE('',#1882,#1881,#185,.T.);
#2344=EDGE_CURVE('',#1878,#1882,#1103,.T.);
#2345=EDGE_CURVE('',#1883,#1882,#1104,.T.);
#2346=EDGE_CURVE('',#1879,#1883,#1105,.T.);
#2347=EDGE_CURVE('',#1880,#1883,#186,.T.);
#2348=EDGE_CURVE('',#1884,#1885,#1106,.T.);
#2349=EDGE_CURVE('',#1886,#1884,#187,.T.);
#2350=EDGE_CURVE('',#1887,#1886,#1107,.T.);
#2351=EDGE_CURVE('',#1885,#1887,#188,.T.);
#2352=EDGE_CURVE('',#1885,#1888,#1108,.T.);
#2353=EDGE_CURVE('',#1889,#1888,#1109,.T.);
#2354=EDGE_CURVE('',#1884,#1889,#1110,.T.);
#2355=EDGE_CURVE('',#1890,#1889,#189,.T.);
#2356=EDGE_CURVE('',#1886,#1890,#1111,.T.);
#2357=EDGE_CURVE('',#1891,#1890,#1112,.T.);
#2358=EDGE_CURVE('',#1887,#1891,#1113,.T.);
#2359=EDGE_CURVE('',#1888,#1891,#190,.T.);
#2360=EDGE_CURVE('',#1892,#1893,#1114,.T.);
#2361=EDGE_CURVE('',#1894,#1892,#191,.T.);
#2362=EDGE_CURVE('',#1895,#1894,#1115,.T.);
#2363=EDGE_CURVE('',#1893,#1895,#192,.T.);
#2364=EDGE_CURVE('',#1893,#1896,#1116,.T.);
#2365=EDGE_CURVE('',#1897,#1896,#1117,.T.);
#2366=EDGE_CURVE('',#1892,#1897,#1118,.T.);
#2367=EDGE_CURVE('',#1898,#1897,#193,.T.);
#2368=EDGE_CURVE('',#1894,#1898,#1119,.T.);
#2369=EDGE_CURVE('',#1899,#1898,#1120,.T.);
#2370=EDGE_CURVE('',#1895,#1899,#1121,.T.);
#2371=EDGE_CURVE('',#1896,#1899,#194,.T.);
#2372=EDGE_CURVE('',#1900,#1901,#1122,.T.);
#2373=EDGE_CURVE('',#1902,#1900,#195,.T.);
#2374=EDGE_CURVE('',#1903,#1902,#1123,.T.);
#2375=EDGE_CURVE('',#1901,#1903,#196,.T.);
#2376=EDGE_CURVE('',#1901,#1904,#1124,.T.);
#2377=EDGE_CURVE('',#1905,#1904,#1125,.T.);
#2378=EDGE_CURVE('',#1900,#1905,#1126,.T.);
#2379=EDGE_CURVE('',#1906,#1905,#197,.T.);
#2380=EDGE_CURVE('',#1907,#1906,#198,.T.);
#2381=EDGE_CURVE('',#1902,#1907,#1127,.T.);
#2382=EDGE_CURVE('',#1908,#1907,#1128,.T.);
#2383=EDGE_CURVE('',#1903,#1908,#1129,.T.);
#2384=EDGE_CURVE('',#1909,#1908,#199,.T.);
#2385=EDGE_CURVE('',#1904,#1909,#200,.T.);
#2386=EDGE_CURVE('',#1910,#1911,#1130,.T.);
#2387=EDGE_CURVE('',#1912,#1910,#201,.T.);
#2388=EDGE_CURVE('',#1913,#1912,#1131,.T.);
#2389=EDGE_CURVE('',#1911,#1913,#202,.T.);
#2390=EDGE_CURVE('',#1911,#1914,#1132,.T.);
#2391=EDGE_CURVE('',#1915,#1914,#1133,.T.);
#2392=EDGE_CURVE('',#1910,#1915,#1134,.T.);
#2393=EDGE_CURVE('',#1916,#1915,#203,.T.);
#2394=EDGE_CURVE('',#1917,#1916,#204,.T.);
#2395=EDGE_CURVE('',#1912,#1917,#1135,.T.);
#2396=EDGE_CURVE('',#1918,#1917,#1136,.T.);
#2397=EDGE_CURVE('',#1913,#1918,#1137,.T.);
#2398=EDGE_CURVE('',#1919,#1918,#205,.T.);
#2399=EDGE_CURVE('',#1914,#1919,#206,.T.);
#2400=EDGE_CURVE('',#1920,#1921,#1138,.T.);
#2401=EDGE_CURVE('',#1922,#1920,#207,.T.);
#2402=EDGE_CURVE('',#1923,#1922,#1139,.T.);
#2403=EDGE_CURVE('',#1921,#1923,#208,.T.);
#2404=EDGE_CURVE('',#1921,#1924,#1140,.T.);
#2405=EDGE_CURVE('',#1925,#1924,#1141,.T.);
#2406=EDGE_CURVE('',#1920,#1925,#1142,.T.);
#2407=EDGE_CURVE('',#1926,#1925,#209,.T.);
#2408=EDGE_CURVE('',#1927,#1926,#210,.T.);
#2409=EDGE_CURVE('',#1922,#1927,#1143,.T.);
#2410=EDGE_CURVE('',#1928,#1927,#1144,.T.);
#2411=EDGE_CURVE('',#1923,#1928,#1145,.T.);
#2412=EDGE_CURVE('',#1929,#1928,#211,.T.);
#2413=EDGE_CURVE('',#1924,#1929,#212,.T.);
#2414=EDGE_CURVE('',#1930,#1931,#1146,.T.);
#2415=EDGE_CURVE('',#1932,#1930,#213,.T.);
#2416=EDGE_CURVE('',#1933,#1932,#1147,.T.);
#2417=EDGE_CURVE('',#1931,#1933,#214,.T.);
#2418=EDGE_CURVE('',#1931,#1934,#1148,.T.);
#2419=EDGE_CURVE('',#1935,#1934,#1149,.T.);
#2420=EDGE_CURVE('',#1930,#1935,#1150,.T.);
#2421=EDGE_CURVE('',#1936,#1935,#215,.T.);
#2422=EDGE_CURVE('',#1937,#1936,#216,.T.);
#2423=EDGE_CURVE('',#1932,#1937,#1151,.T.);
#2424=EDGE_CURVE('',#1938,#1937,#1152,.T.);
#2425=EDGE_CURVE('',#1933,#1938,#1153,.T.);
#2426=EDGE_CURVE('',#1939,#1938,#217,.T.);
#2427=EDGE_CURVE('',#1934,#1939,#218,.T.);
#2428=EDGE_CURVE('',#1940,#1941,#1154,.T.);
#2429=EDGE_CURVE('',#1942,#1940,#219,.T.);
#2430=EDGE_CURVE('',#1943,#1942,#1155,.T.);
#2431=EDGE_CURVE('',#1941,#1943,#220,.T.);
#2432=EDGE_CURVE('',#1941,#1944,#1156,.T.);
#2433=EDGE_CURVE('',#1945,#1944,#1157,.T.);
#2434=EDGE_CURVE('',#1940,#1945,#1158,.T.);
#2435=EDGE_CURVE('',#1946,#1945,#221,.T.);
#2436=EDGE_CURVE('',#1942,#1946,#1159,.T.);
#2437=EDGE_CURVE('',#1947,#1946,#1160,.T.);
#2438=EDGE_CURVE('',#1943,#1947,#1161,.T.);
#2439=EDGE_CURVE('',#1944,#1947,#222,.T.);
#2440=EDGE_CURVE('',#1948,#1949,#1162,.T.);
#2441=EDGE_CURVE('',#1950,#1948,#223,.T.);
#2442=EDGE_CURVE('',#1951,#1950,#1163,.T.);
#2443=EDGE_CURVE('',#1949,#1951,#224,.T.);
#2444=EDGE_CURVE('',#1949,#1952,#1164,.T.);
#2445=EDGE_CURVE('',#1953,#1952,#1165,.T.);
#2446=EDGE_CURVE('',#1948,#1953,#1166,.T.);
#2447=EDGE_CURVE('',#1954,#1953,#225,.T.);
#2448=EDGE_CURVE('',#1950,#1954,#1167,.T.);
#2449=EDGE_CURVE('',#1955,#1954,#1168,.T.);
#2450=EDGE_CURVE('',#1951,#1955,#1169,.T.);
#2451=EDGE_CURVE('',#1952,#1955,#226,.T.);
#2452=EDGE_CURVE('',#1956,#1957,#1170,.T.);
#2453=EDGE_CURVE('',#1958,#1956,#227,.T.);
#2454=EDGE_CURVE('',#1959,#1958,#1171,.T.);
#2455=EDGE_CURVE('',#1957,#1959,#228,.T.);
#2456=EDGE_CURVE('',#1957,#1960,#1172,.T.);
#2457=EDGE_CURVE('',#1961,#1960,#1173,.T.);
#2458=EDGE_CURVE('',#1956,#1961,#1174,.T.);
#2459=EDGE_CURVE('',#1962,#1961,#229,.T.);
#2460=EDGE_CURVE('',#1958,#1962,#1175,.T.);
#2461=EDGE_CURVE('',#1963,#1962,#1176,.T.);
#2462=EDGE_CURVE('',#1959,#1963,#1177,.T.);
#2463=EDGE_CURVE('',#1960,#1963,#230,.T.);
#2464=EDGE_CURVE('',#1964,#1965,#1178,.T.);
#2465=EDGE_CURVE('',#1966,#1964,#231,.T.);
#2466=EDGE_CURVE('',#1967,#1966,#1179,.T.);
#2467=EDGE_CURVE('',#1965,#1967,#232,.T.);
#2468=EDGE_CURVE('',#1965,#1968,#1180,.T.);
#2469=EDGE_CURVE('',#1969,#1968,#1181,.T.);
#2470=EDGE_CURVE('',#1964,#1969,#1182,.T.);
#2471=EDGE_CURVE('',#1970,#1969,#233,.T.);
#2472=EDGE_CURVE('',#1966,#1970,#1183,.T.);
#2473=EDGE_CURVE('',#1971,#1970,#1184,.T.);
#2474=EDGE_CURVE('',#1967,#1971,#1185,.T.);
#2475=EDGE_CURVE('',#1968,#1971,#234,.T.);
#2476=EDGE_CURVE('',#1972,#1973,#1186,.T.);
#2477=EDGE_CURVE('',#1974,#1972,#235,.T.);
#2478=EDGE_CURVE('',#1975,#1974,#1187,.T.);
#2479=EDGE_CURVE('',#1973,#1975,#236,.T.);
#2480=EDGE_CURVE('',#1973,#1976,#1188,.T.);
#2481=EDGE_CURVE('',#1977,#1976,#1189,.T.);
#2482=EDGE_CURVE('',#1972,#1977,#1190,.T.);
#2483=EDGE_CURVE('',#1978,#1977,#237,.T.);
#2484=EDGE_CURVE('',#1974,#1978,#1191,.T.);
#2485=EDGE_CURVE('',#1979,#1978,#1192,.T.);
#2486=EDGE_CURVE('',#1975,#1979,#1193,.T.);
#2487=EDGE_CURVE('',#1976,#1979,#238,.T.);
#2488=EDGE_CURVE('',#1980,#1981,#1194,.T.);
#2489=EDGE_CURVE('',#1982,#1980,#239,.T.);
#2490=EDGE_CURVE('',#1983,#1982,#1195,.T.);
#2491=EDGE_CURVE('',#1981,#1983,#240,.T.);
#2492=EDGE_CURVE('',#1981,#1984,#1196,.T.);
#2493=EDGE_CURVE('',#1985,#1984,#1197,.T.);
#2494=EDGE_CURVE('',#1980,#1985,#1198,.T.);
#2495=EDGE_CURVE('',#1986,#1985,#241,.T.);
#2496=EDGE_CURVE('',#1982,#1986,#1199,.T.);
#2497=EDGE_CURVE('',#1987,#1986,#1200,.T.);
#2498=EDGE_CURVE('',#1983,#1987,#1201,.T.);
#2499=EDGE_CURVE('',#1984,#1987,#242,.T.);
#2500=EDGE_CURVE('',#1988,#1989,#1202,.T.);
#2501=EDGE_CURVE('',#1990,#1988,#243,.T.);
#2502=EDGE_CURVE('',#1991,#1990,#1203,.T.);
#2503=EDGE_CURVE('',#1989,#1991,#244,.T.);
#2504=EDGE_CURVE('',#1989,#1992,#1204,.T.);
#2505=EDGE_CURVE('',#1993,#1992,#1205,.T.);
#2506=EDGE_CURVE('',#1988,#1993,#1206,.T.);
#2507=EDGE_CURVE('',#1994,#1993,#245,.T.);
#2508=EDGE_CURVE('',#1990,#1994,#1207,.T.);
#2509=EDGE_CURVE('',#1995,#1994,#1208,.T.);
#2510=EDGE_CURVE('',#1991,#1995,#1209,.T.);
#2511=EDGE_CURVE('',#1992,#1995,#246,.T.);
#2512=EDGE_CURVE('',#1996,#1997,#1210,.T.);
#2513=EDGE_CURVE('',#1998,#1996,#247,.T.);
#2514=EDGE_CURVE('',#1999,#1998,#1211,.T.);
#2515=EDGE_CURVE('',#1997,#1999,#248,.T.);
#2516=EDGE_CURVE('',#1997,#2000,#1212,.T.);
#2517=EDGE_CURVE('',#2001,#2000,#1213,.T.);
#2518=EDGE_CURVE('',#1996,#2001,#1214,.T.);
#2519=EDGE_CURVE('',#2002,#2001,#249,.T.);
#2520=EDGE_CURVE('',#1998,#2002,#1215,.T.);
#2521=EDGE_CURVE('',#2003,#2002,#1216,.T.);
#2522=EDGE_CURVE('',#1999,#2003,#1217,.T.);
#2523=EDGE_CURVE('',#2000,#2003,#250,.T.);
#2524=EDGE_CURVE('',#2004,#2005,#1218,.T.);
#2525=EDGE_CURVE('',#2006,#2004,#251,.T.);
#2526=EDGE_CURVE('',#2007,#2006,#1219,.T.);
#2527=EDGE_CURVE('',#2005,#2007,#252,.T.);
#2528=EDGE_CURVE('',#2005,#2008,#1220,.T.);
#2529=EDGE_CURVE('',#2009,#2008,#1221,.T.);
#2530=EDGE_CURVE('',#2004,#2009,#1222,.T.);
#2531=EDGE_CURVE('',#2010,#2009,#253,.T.);
#2532=EDGE_CURVE('',#2006,#2010,#1223,.T.);
#2533=EDGE_CURVE('',#2011,#2010,#1224,.T.);
#2534=EDGE_CURVE('',#2007,#2011,#1225,.T.);
#2535=EDGE_CURVE('',#2008,#2011,#254,.T.);
#2536=EDGE_CURVE('',#2012,#2013,#1226,.T.);
#2537=EDGE_CURVE('',#2014,#2012,#255,.T.);
#2538=EDGE_CURVE('',#2015,#2014,#1227,.T.);
#2539=EDGE_CURVE('',#2013,#2015,#256,.T.);
#2540=EDGE_CURVE('',#2013,#2016,#1228,.T.);
#2541=EDGE_CURVE('',#2017,#2016,#1229,.T.);
#2542=EDGE_CURVE('',#2012,#2017,#1230,.T.);
#2543=EDGE_CURVE('',#2018,#2017,#257,.T.);
#2544=EDGE_CURVE('',#2014,#2018,#1231,.T.);
#2545=EDGE_CURVE('',#2019,#2018,#1232,.T.);
#2546=EDGE_CURVE('',#2015,#2019,#1233,.T.);
#2547=EDGE_CURVE('',#2016,#2019,#258,.T.);
#2548=EDGE_CURVE('',#2020,#2021,#1234,.T.);
#2549=EDGE_CURVE('',#2022,#2020,#259,.T.);
#2550=EDGE_CURVE('',#2023,#2022,#1235,.T.);
#2551=EDGE_CURVE('',#2021,#2023,#260,.T.);
#2552=EDGE_CURVE('',#2021,#2024,#1236,.T.);
#2553=EDGE_CURVE('',#2025,#2024,#1237,.T.);
#2554=EDGE_CURVE('',#2020,#2025,#1238,.T.);
#2555=EDGE_CURVE('',#2026,#2025,#261,.T.);
#2556=EDGE_CURVE('',#2022,#2026,#1239,.T.);
#2557=EDGE_CURVE('',#2027,#2026,#1240,.T.);
#2558=EDGE_CURVE('',#2023,#2027,#1241,.T.);
#2559=EDGE_CURVE('',#2024,#2027,#262,.T.);
#2560=EDGE_CURVE('',#2028,#2029,#1242,.T.);
#2561=EDGE_CURVE('',#2030,#2028,#263,.T.);
#2562=EDGE_CURVE('',#2031,#2030,#1243,.T.);
#2563=EDGE_CURVE('',#2029,#2031,#264,.T.);
#2564=EDGE_CURVE('',#2029,#2032,#1244,.T.);
#2565=EDGE_CURVE('',#2033,#2032,#1245,.T.);
#2566=EDGE_CURVE('',#2028,#2033,#1246,.T.);
#2567=EDGE_CURVE('',#2034,#2033,#265,.T.);
#2568=EDGE_CURVE('',#2030,#2034,#1247,.T.);
#2569=EDGE_CURVE('',#2035,#2034,#1248,.T.);
#2570=EDGE_CURVE('',#2031,#2035,#1249,.T.);
#2571=EDGE_CURVE('',#2032,#2035,#266,.T.);
#2572=EDGE_CURVE('',#2036,#2037,#1250,.T.);
#2573=EDGE_CURVE('',#2038,#2036,#267,.T.);
#2574=EDGE_CURVE('',#2039,#2038,#1251,.T.);
#2575=EDGE_CURVE('',#2037,#2039,#268,.T.);
#2576=EDGE_CURVE('',#2037,#2040,#1252,.T.);
#2577=EDGE_CURVE('',#2041,#2040,#1253,.T.);
#2578=EDGE_CURVE('',#2036,#2041,#1254,.T.);
#2579=EDGE_CURVE('',#2042,#2041,#269,.T.);
#2580=EDGE_CURVE('',#2038,#2042,#1255,.T.);
#2581=EDGE_CURVE('',#2043,#2042,#1256,.T.);
#2582=EDGE_CURVE('',#2039,#2043,#1257,.T.);
#2583=EDGE_CURVE('',#2040,#2043,#270,.T.);
#2584=EDGE_CURVE('',#2044,#2045,#1258,.T.);
#2585=EDGE_CURVE('',#2046,#2044,#271,.T.);
#2586=EDGE_CURVE('',#2047,#2046,#1259,.T.);
#2587=EDGE_CURVE('',#2045,#2047,#272,.T.);
#2588=EDGE_CURVE('',#2045,#2048,#1260,.T.);
#2589=EDGE_CURVE('',#2049,#2048,#1261,.T.);
#2590=EDGE_CURVE('',#2044,#2049,#1262,.T.);
#2591=EDGE_CURVE('',#2050,#2049,#273,.T.);
#2592=EDGE_CURVE('',#2046,#2050,#1263,.T.);
#2593=EDGE_CURVE('',#2051,#2050,#1264,.T.);
#2594=EDGE_CURVE('',#2047,#2051,#1265,.T.);
#2595=EDGE_CURVE('',#2048,#2051,#274,.T.);
#2596=EDGE_CURVE('',#2052,#2053,#1266,.T.);
#2597=EDGE_CURVE('',#2054,#2052,#275,.T.);
#2598=EDGE_CURVE('',#2055,#2054,#1267,.T.);
#2599=EDGE_CURVE('',#2053,#2055,#276,.T.);
#2600=EDGE_CURVE('',#2053,#2056,#1268,.T.);
#2601=EDGE_CURVE('',#2057,#2056,#1269,.T.);
#2602=EDGE_CURVE('',#2052,#2057,#1270,.T.);
#2603=EDGE_CURVE('',#2058,#2057,#277,.T.);
#2604=EDGE_CURVE('',#2054,#2058,#1271,.T.);
#2605=EDGE_CURVE('',#2059,#2058,#1272,.T.);
#2606=EDGE_CURVE('',#2055,#2059,#1273,.T.);
#2607=EDGE_CURVE('',#2056,#2059,#278,.T.);
#2608=EDGE_CURVE('',#2060,#2061,#1274,.T.);
#2609=EDGE_CURVE('',#2062,#2060,#279,.T.);
#2610=EDGE_CURVE('',#2063,#2062,#1275,.T.);
#2611=EDGE_CURVE('',#2061,#2063,#280,.T.);
#2612=EDGE_CURVE('',#2061,#2064,#1276,.T.);
#2613=EDGE_CURVE('',#2065,#2064,#1277,.T.);
#2614=EDGE_CURVE('',#2060,#2065,#1278,.T.);
#2615=EDGE_CURVE('',#2066,#2065,#281,.T.);
#2616=EDGE_CURVE('',#2062,#2066,#1279,.T.);
#2617=EDGE_CURVE('',#2067,#2066,#1280,.T.);
#2618=EDGE_CURVE('',#2063,#2067,#1281,.T.);
#2619=EDGE_CURVE('',#2064,#2067,#282,.T.);
#2620=EDGE_CURVE('',#2068,#2069,#1282,.T.);
#2621=EDGE_CURVE('',#2070,#2068,#283,.T.);
#2622=EDGE_CURVE('',#2071,#2070,#1283,.T.);
#2623=EDGE_CURVE('',#2069,#2071,#284,.T.);
#2624=EDGE_CURVE('',#2069,#2072,#1284,.T.);
#2625=EDGE_CURVE('',#2073,#2072,#1285,.T.);
#2626=EDGE_CURVE('',#2068,#2073,#1286,.T.);
#2627=EDGE_CURVE('',#2074,#2073,#285,.T.);
#2628=EDGE_CURVE('',#2070,#2074,#1287,.T.);
#2629=EDGE_CURVE('',#2075,#2074,#1288,.T.);
#2630=EDGE_CURVE('',#2071,#2075,#1289,.T.);
#2631=EDGE_CURVE('',#2072,#2075,#286,.T.);
#2632=EDGE_CURVE('',#2076,#2077,#1290,.T.);
#2633=EDGE_CURVE('',#2078,#2076,#287,.T.);
#2634=EDGE_CURVE('',#2079,#2078,#1291,.T.);
#2635=EDGE_CURVE('',#2077,#2079,#288,.T.);
#2636=EDGE_CURVE('',#2077,#2080,#1292,.T.);
#2637=EDGE_CURVE('',#2081,#2080,#1293,.T.);
#2638=EDGE_CURVE('',#2076,#2081,#1294,.T.);
#2639=EDGE_CURVE('',#2082,#2081,#289,.T.);
#2640=EDGE_CURVE('',#2078,#2082,#1295,.T.);
#2641=EDGE_CURVE('',#2083,#2082,#1296,.T.);
#2642=EDGE_CURVE('',#2079,#2083,#1297,.T.);
#2643=EDGE_CURVE('',#2080,#2083,#290,.T.);
#2644=EDGE_CURVE('',#2084,#2085,#1298,.T.);
#2645=EDGE_CURVE('',#2086,#2084,#291,.T.);
#2646=EDGE_CURVE('',#2087,#2086,#1299,.T.);
#2647=EDGE_CURVE('',#2085,#2087,#292,.T.);
#2648=EDGE_CURVE('',#2085,#2088,#1300,.T.);
#2649=EDGE_CURVE('',#2089,#2088,#1301,.T.);
#2650=EDGE_CURVE('',#2084,#2089,#1302,.T.);
#2651=EDGE_CURVE('',#2090,#2089,#293,.T.);
#2652=EDGE_CURVE('',#2086,#2090,#1303,.T.);
#2653=EDGE_CURVE('',#2091,#2090,#1304,.T.);
#2654=EDGE_CURVE('',#2087,#2091,#1305,.T.);
#2655=EDGE_CURVE('',#2088,#2091,#294,.T.);
#2656=EDGE_CURVE('',#2092,#2093,#1306,.T.);
#2657=EDGE_CURVE('',#2094,#2092,#295,.T.);
#2658=EDGE_CURVE('',#2095,#2094,#1307,.T.);
#2659=EDGE_CURVE('',#2093,#2095,#296,.T.);
#2660=EDGE_CURVE('',#2093,#2096,#1308,.T.);
#2661=EDGE_CURVE('',#2097,#2096,#1309,.T.);
#2662=EDGE_CURVE('',#2092,#2097,#1310,.T.);
#2663=EDGE_CURVE('',#2098,#2097,#297,.T.);
#2664=EDGE_CURVE('',#2094,#2098,#1311,.T.);
#2665=EDGE_CURVE('',#2099,#2098,#1312,.T.);
#2666=EDGE_CURVE('',#2095,#2099,#1313,.T.);
#2667=EDGE_CURVE('',#2096,#2099,#298,.T.);
#2668=EDGE_CURVE('',#2100,#2101,#1314,.T.);
#2669=EDGE_CURVE('',#2102,#2100,#299,.T.);
#2670=EDGE_CURVE('',#2103,#2102,#1315,.T.);
#2671=EDGE_CURVE('',#2101,#2103,#300,.T.);
#2672=EDGE_CURVE('',#2101,#2104,#1316,.T.);
#2673=EDGE_CURVE('',#2105,#2104,#1317,.T.);
#2674=EDGE_CURVE('',#2100,#2105,#1318,.T.);
#2675=EDGE_CURVE('',#2106,#2105,#301,.T.);
#2676=EDGE_CURVE('',#2102,#2106,#1319,.T.);
#2677=EDGE_CURVE('',#2107,#2106,#1320,.T.);
#2678=EDGE_CURVE('',#2103,#2107,#1321,.T.);
#2679=EDGE_CURVE('',#2104,#2107,#302,.T.);
#2680=EDGE_CURVE('',#2108,#2109,#1322,.T.);
#2681=EDGE_CURVE('',#2110,#2108,#303,.T.);
#2682=EDGE_CURVE('',#2111,#2110,#1323,.T.);
#2683=EDGE_CURVE('',#2109,#2111,#304,.T.);
#2684=EDGE_CURVE('',#2109,#2112,#1324,.T.);
#2685=EDGE_CURVE('',#2113,#2112,#1325,.T.);
#2686=EDGE_CURVE('',#2108,#2113,#1326,.T.);
#2687=EDGE_CURVE('',#2114,#2113,#305,.T.);
#2688=EDGE_CURVE('',#2110,#2114,#1327,.T.);
#2689=EDGE_CURVE('',#2115,#2114,#1328,.T.);
#2690=EDGE_CURVE('',#2111,#2115,#1329,.T.);
#2691=EDGE_CURVE('',#2112,#2115,#306,.T.);
#2692=EDGE_CURVE('',#2116,#2117,#1330,.T.);
#2693=EDGE_CURVE('',#2118,#2116,#307,.T.);
#2694=EDGE_CURVE('',#2119,#2118,#1331,.T.);
#2695=EDGE_CURVE('',#2117,#2119,#308,.T.);
#2696=EDGE_CURVE('',#2117,#2120,#1332,.T.);
#2697=EDGE_CURVE('',#2121,#2120,#1333,.T.);
#2698=EDGE_CURVE('',#2116,#2121,#1334,.T.);
#2699=EDGE_CURVE('',#2122,#2121,#309,.T.);
#2700=EDGE_CURVE('',#2118,#2122,#1335,.T.);
#2701=EDGE_CURVE('',#2123,#2122,#1336,.T.);
#2702=EDGE_CURVE('',#2119,#2123,#1337,.T.);
#2703=EDGE_CURVE('',#2120,#2123,#310,.T.);
#2704=EDGE_CURVE('',#2124,#2125,#1338,.T.);
#2705=EDGE_CURVE('',#2126,#2124,#311,.T.);
#2706=EDGE_CURVE('',#2127,#2126,#1339,.T.);
#2707=EDGE_CURVE('',#2125,#2127,#312,.T.);
#2708=EDGE_CURVE('',#2125,#2128,#1340,.T.);
#2709=EDGE_CURVE('',#2129,#2128,#1341,.T.);
#2710=EDGE_CURVE('',#2124,#2129,#1342,.T.);
#2711=EDGE_CURVE('',#2130,#2129,#313,.T.);
#2712=EDGE_CURVE('',#2126,#2130,#1343,.T.);
#2713=EDGE_CURVE('',#2131,#2130,#1344,.T.);
#2714=EDGE_CURVE('',#2127,#2131,#1345,.T.);
#2715=EDGE_CURVE('',#2128,#2131,#314,.T.);
#2716=EDGE_CURVE('',#1854,#1863,#75,.T.);
#2717=EDGE_CURVE('',#2132,#1858,#76,.T.);
#2718=EDGE_CURVE('',#2133,#2132,#77,.T.);
#2719=EDGE_CURVE('',#2133,#1867,#78,.T.);
#2720=EDGE_CURVE('',#2134,#2133,#315,.T.);
#2721=EDGE_CURVE('',#2134,#1866,#79,.T.);
#2722=EDGE_CURVE('',#1862,#1855,#80,.T.);
#2723=EDGE_CURVE('',#2135,#2134,#81,.T.);
#2724=EDGE_CURVE('',#1859,#2135,#82,.T.);
#2725=EDGE_CURVE('',#2132,#2135,#316,.F.);
#2726=EDGE_CURVE('',#2136,#2136,#317,.T.);
#2727=EDGE_CURVE('',#2137,#2137,#318,.T.);
#2728=EDGE_CURVE('',#2137,#1916,#1346,.T.);
#2729=EDGE_CURVE('',#1919,#1906,#1347,.T.);
#2730=EDGE_CURVE('',#1909,#1936,#1348,.T.);
#2731=EDGE_CURVE('',#1939,#1926,#1349,.T.);
#2732=EDGE_CURVE('',#1929,#2138,#1350,.T.);
#2733=EDGE_CURVE('',#2138,#2138,#319,.T.);
#2734=EDGE_CURVE('',#2139,#2139,#320,.T.);
#2735=EDGE_CURVE('',#2139,#2140,#1351,.T.);
#2736=EDGE_CURVE('',#2140,#2140,#321,.T.);
#2737=EDGE_CURVE('',#2141,#2141,#322,.T.);
#2738=EDGE_CURVE('',#2141,#2136,#1352,.T.);
#2739=EDGE_CURVE('',#2142,#2142,#323,.T.);
#2740=EDGE_CURVE('',#2143,#2143,#324,.T.);
#2741=EDGE_CURVE('',#2143,#2144,#1353,.T.);
#2742=EDGE_CURVE('',#2144,#2144,#325,.T.);
#2743=EDGE_CURVE('',#2145,#2145,#326,.T.);
#2744=EDGE_CURVE('',#2146,#2146,#327,.T.);
#2745=EDGE_CURVE('',#2146,#2147,#1354,.T.);
#2746=EDGE_CURVE('',#2147,#2147,#328,.T.);
#2747=EDGE_CURVE('',#2148,#2148,#329,.T.);
#2748=EDGE_CURVE('',#2149,#2149,#330,.T.);
#2749=EDGE_CURVE('',#2149,#2150,#1355,.T.);
#2750=EDGE_CURVE('',#2150,#2150,#331,.T.);
#2751=EDGE_CURVE('',#2151,#2151,#332,.T.);
#2752=EDGE_CURVE('',#2152,#2152,#333,.T.);
#2753=EDGE_CURVE('',#2152,#2153,#1356,.T.);
#2754=EDGE_CURVE('',#2153,#2153,#334,.T.);
#2755=EDGE_CURVE('',#2154,#2155,#1357,.T.);
#2756=EDGE_CURVE('',#2154,#2156,#1358,.T.);
#2757=EDGE_CURVE('',#2157,#2156,#1359,.T.);
#2758=EDGE_CURVE('',#2155,#2157,#1360,.T.);
#2759=EDGE_CURVE('',#2155,#2158,#1361,.T.);
#2760=EDGE_CURVE('',#2159,#2157,#1362,.T.);
#2761=EDGE_CURVE('',#2158,#2159,#1363,.T.);
#2762=EDGE_CURVE('',#2158,#2160,#1364,.T.);
#2763=EDGE_CURVE('',#2161,#2159,#1365,.T.);
#2764=EDGE_CURVE('',#2160,#2161,#1366,.T.);
#2765=EDGE_CURVE('',#2160,#2154,#1367,.T.);
#2766=EDGE_CURVE('',#2156,#2161,#1368,.T.);
#2767=EDGE_CURVE('',#2162,#2163,#1369,.T.);
#2768=EDGE_CURVE('',#2164,#2162,#1370,.T.);
#2769=EDGE_CURVE('',#2165,#2164,#1371,.T.);
#2770=EDGE_CURVE('',#2163,#2165,#1372,.T.);
#2771=EDGE_CURVE('',#2164,#2166,#1373,.T.);
#2772=EDGE_CURVE('',#2167,#2166,#1374,.T.);
#2773=EDGE_CURVE('',#2165,#2167,#1375,.T.);
#2774=EDGE_CURVE('',#2162,#2168,#1376,.T.);
#2775=EDGE_CURVE('',#2166,#2168,#1377,.T.);
#2776=EDGE_CURVE('',#2169,#2169,#335,.T.);
#2777=EDGE_CURVE('',#2169,#2145,#1378,.T.);
#2778=EDGE_CURVE('',#2170,#2170,#336,.T.);
#2779=EDGE_CURVE('',#2170,#2148,#1379,.T.);
#2780=EDGE_CURVE('',#2171,#2171,#337,.T.);
#2781=EDGE_CURVE('',#2171,#2151,#1380,.T.);
#2782=EDGE_CURVE('',#2172,#2172,#338,.T.);
#2783=EDGE_CURVE('',#2172,#2142,#1381,.T.);
#2784=EDGE_CURVE('',#2173,#2167,#1382,.T.);
#2785=EDGE_CURVE('',#2163,#2173,#1383,.T.);
#2786=EDGE_CURVE('',#2168,#2173,#1384,.T.);
#2787=ORIENTED_EDGE('',*,*,#2174,.F.);
#2788=ORIENTED_EDGE('',*,*,#2175,.F.);
#2789=ORIENTED_EDGE('',*,*,#2176,.F.);
#2790=ORIENTED_EDGE('',*,*,#2177,.F.);
#2791=ORIENTED_EDGE('',*,*,#2178,.F.);
#2792=ORIENTED_EDGE('',*,*,#2179,.F.);
#2793=ORIENTED_EDGE('',*,*,#2180,.F.);
#2794=ORIENTED_EDGE('',*,*,#2181,.F.);
#2795=ORIENTED_EDGE('',*,*,#2182,.F.);
#2796=ORIENTED_EDGE('',*,*,#2183,.F.);
#2797=ORIENTED_EDGE('',*,*,#2184,.F.);
#2798=ORIENTED_EDGE('',*,*,#2185,.T.);
#2799=ORIENTED_EDGE('',*,*,#2186,.F.);
#2800=ORIENTED_EDGE('',*,*,#2187,.T.);
#2801=ORIENTED_EDGE('',*,*,#2188,.F.);
#2802=ORIENTED_EDGE('',*,*,#2189,.F.);
#2803=ORIENTED_EDGE('',*,*,#2186,.T.);
#2804=ORIENTED_EDGE('',*,*,#2190,.F.);
#2805=ORIENTED_EDGE('',*,*,#2191,.F.);
#2806=ORIENTED_EDGE('',*,*,#2192,.F.);
#2807=ORIENTED_EDGE('',*,*,#2178,.T.);
#2808=ORIENTED_EDGE('',*,*,#2193,.F.);
#2809=ORIENTED_EDGE('',*,*,#2194,.T.);
#2810=ORIENTED_EDGE('',*,*,#2195,.F.);
#2811=ORIENTED_EDGE('',*,*,#2196,.T.);
#2812=ORIENTED_EDGE('',*,*,#2197,.T.);
#2813=ORIENTED_EDGE('',*,*,#2193,.T.);
#2814=ORIENTED_EDGE('',*,*,#2181,.T.);
#2815=ORIENTED_EDGE('',*,*,#2198,.F.);
#2816=ORIENTED_EDGE('',*,*,#2187,.F.);
#2817=ORIENTED_EDGE('',*,*,#2192,.T.);
#2818=ORIENTED_EDGE('',*,*,#2199,.T.);
#2819=ORIENTED_EDGE('',*,*,#2200,.T.);
#2820=ORIENTED_EDGE('',*,*,#2185,.F.);
#2821=ORIENTED_EDGE('',*,*,#2201,.F.);
#2822=ORIENTED_EDGE('',*,*,#2175,.T.);
#2823=ORIENTED_EDGE('',*,*,#2182,.T.);
#2824=ORIENTED_EDGE('',*,*,#2200,.F.);
#2825=ORIENTED_EDGE('',*,*,#2202,.T.);
#2826=ORIENTED_EDGE('',*,*,#2203,.F.);
#2827=ORIENTED_EDGE('',*,*,#2174,.T.);
#2828=ORIENTED_EDGE('',*,*,#2204,.F.);
#2829=ORIENTED_EDGE('',*,*,#2205,.F.);
#2830=ORIENTED_EDGE('',*,*,#2196,.F.);
#2831=ORIENTED_EDGE('',*,*,#2189,.T.);
#2832=ORIENTED_EDGE('',*,*,#2206,.T.);
#2833=ORIENTED_EDGE('',*,*,#2207,.T.);
#2834=ORIENTED_EDGE('',*,*,#2208,.T.);
#2835=ORIENTED_EDGE('',*,*,#2183,.T.);
#2836=ORIENTED_EDGE('',*,*,#2203,.T.);
#2837=ORIENTED_EDGE('',*,*,#2209,.T.);
#2838=ORIENTED_EDGE('',*,*,#2190,.T.);
#2839=ORIENTED_EDGE('',*,*,#2179,.T.);
#2840=ORIENTED_EDGE('',*,*,#2195,.T.);
#2841=ORIENTED_EDGE('',*,*,#2210,.T.);
#2842=ORIENTED_EDGE('',*,*,#2204,.T.);
#2843=ORIENTED_EDGE('',*,*,#2177,.T.);
#2844=ORIENTED_EDGE('',*,*,#2211,.T.);
#2845=ORIENTED_EDGE('',*,*,#2212,.T.);
#2846=ORIENTED_EDGE('',*,*,#2213,.T.);
#2847=ORIENTED_EDGE('',*,*,#2176,.T.);
#2848=ORIENTED_EDGE('',*,*,#2201,.T.);
#2849=ORIENTED_EDGE('',*,*,#2184,.T.);
#2850=ORIENTED_EDGE('',*,*,#2208,.F.);
#2851=ORIENTED_EDGE('',*,*,#2214,.F.);
#2852=ORIENTED_EDGE('',*,*,#2215,.F.);
#2853=ORIENTED_EDGE('',*,*,#2216,.T.);
#2854=ORIENTED_EDGE('',*,*,#2211,.F.);
#2855=ORIENTED_EDGE('',*,*,#2197,.F.);
#2856=ORIENTED_EDGE('',*,*,#2205,.T.);
#2857=ORIENTED_EDGE('',*,*,#2210,.F.);
#2858=ORIENTED_EDGE('',*,*,#2194,.F.);
#2859=ORIENTED_EDGE('',*,*,#2199,.F.);
#2860=ORIENTED_EDGE('',*,*,#2191,.T.);
#2861=ORIENTED_EDGE('',*,*,#2209,.F.);
#2862=ORIENTED_EDGE('',*,*,#2202,.F.);
#2863=ORIENTED_EDGE('',*,*,#2217,.F.);
#2864=ORIENTED_EDGE('',*,*,#2214,.T.);
#2865=ORIENTED_EDGE('',*,*,#2207,.F.);
#2866=ORIENTED_EDGE('',*,*,#2218,.F.);
#2867=ORIENTED_EDGE('',*,*,#2180,.T.);
#2868=ORIENTED_EDGE('',*,*,#2213,.F.);
#2869=ORIENTED_EDGE('',*,*,#2219,.F.);
#2870=ORIENTED_EDGE('',*,*,#2220,.F.);
#2871=ORIENTED_EDGE('',*,*,#2218,.T.);
#2872=ORIENTED_EDGE('',*,*,#2206,.F.);
#2873=ORIENTED_EDGE('',*,*,#2188,.T.);
#2874=ORIENTED_EDGE('',*,*,#2198,.T.);
#2875=ORIENTED_EDGE('',*,*,#2221,.F.);
#2876=ORIENTED_EDGE('',*,*,#2219,.T.);
#2877=ORIENTED_EDGE('',*,*,#2212,.F.);
#2878=ORIENTED_EDGE('',*,*,#2216,.F.);
#2879=ORIENTED_EDGE('',*,*,#2215,.T.);
#2880=ORIENTED_EDGE('',*,*,#2217,.T.);
#2881=ORIENTED_EDGE('',*,*,#2220,.T.);
#2882=ORIENTED_EDGE('',*,*,#2221,.T.);
#2883=ORIENTED_EDGE('',*,*,#2222,.F.);
#2884=ORIENTED_EDGE('',*,*,#2223,.T.);
#2885=ORIENTED_EDGE('',*,*,#2224,.F.);
#2886=ORIENTED_EDGE('',*,*,#2223,.F.);
#2887=ORIENTED_EDGE('',*,*,#2225,.F.);
#2888=ORIENTED_EDGE('',*,*,#2226,.T.);
#2889=ORIENTED_EDGE('',*,*,#2227,.T.);
#2890=ORIENTED_EDGE('',*,*,#2226,.F.);
#2891=ORIENTED_EDGE('',*,*,#2228,.F.);
#2892=ORIENTED_EDGE('',*,*,#2229,.T.);
#2893=ORIENTED_EDGE('',*,*,#2230,.F.);
#2894=ORIENTED_EDGE('',*,*,#2229,.F.);
#2895=ORIENTED_EDGE('',*,*,#2231,.F.);
#2896=ORIENTED_EDGE('',*,*,#2232,.T.);
#2897=ORIENTED_EDGE('',*,*,#2233,.F.);
#2898=ORIENTED_EDGE('',*,*,#2232,.F.);
#2899=ORIENTED_EDGE('',*,*,#2234,.F.);
#2900=ORIENTED_EDGE('',*,*,#2235,.T.);
#2901=ORIENTED_EDGE('',*,*,#2236,.T.);
#2902=ORIENTED_EDGE('',*,*,#2235,.F.);
#2903=ORIENTED_EDGE('',*,*,#2237,.F.);
#2904=ORIENTED_EDGE('',*,*,#2238,.T.);
#2905=ORIENTED_EDGE('',*,*,#2239,.T.);
#2906=ORIENTED_EDGE('',*,*,#2238,.F.);
#2907=ORIENTED_EDGE('',*,*,#2240,.F.);
#2908=ORIENTED_EDGE('',*,*,#2241,.T.);
#2909=ORIENTED_EDGE('',*,*,#2242,.T.);
#2910=ORIENTED_EDGE('',*,*,#2241,.F.);
#2911=ORIENTED_EDGE('',*,*,#2243,.F.);
#2912=ORIENTED_EDGE('',*,*,#2244,.T.);
#2913=ORIENTED_EDGE('',*,*,#2245,.F.);
#2914=ORIENTED_EDGE('',*,*,#2244,.F.);
#2915=ORIENTED_EDGE('',*,*,#2246,.T.);
#2916=ORIENTED_EDGE('',*,*,#2247,.T.);
#2917=ORIENTED_EDGE('',*,*,#2248,.T.);
#2918=ORIENTED_EDGE('',*,*,#2249,.T.);
#2919=ORIENTED_EDGE('',*,*,#2243,.T.);
#2920=ORIENTED_EDGE('',*,*,#2240,.T.);
#2921=ORIENTED_EDGE('',*,*,#2237,.T.);
#2922=ORIENTED_EDGE('',*,*,#2234,.T.);
#2923=ORIENTED_EDGE('',*,*,#2231,.T.);
#2924=ORIENTED_EDGE('',*,*,#2228,.T.);
#2925=ORIENTED_EDGE('',*,*,#2225,.T.);
#2926=ORIENTED_EDGE('',*,*,#2222,.T.);
#2927=ORIENTED_EDGE('',*,*,#2245,.T.);
#2928=ORIENTED_EDGE('',*,*,#2233,.T.);
#2929=ORIENTED_EDGE('',*,*,#2230,.T.);
#2930=ORIENTED_EDGE('',*,*,#2250,.F.);
#2931=ORIENTED_EDGE('',*,*,#2250,.T.);
#2932=ORIENTED_EDGE('',*,*,#2242,.F.);
#2933=ORIENTED_EDGE('',*,*,#2251,.F.);
#2934=ORIENTED_EDGE('',*,*,#2251,.T.);
#2935=ORIENTED_EDGE('',*,*,#2239,.F.);
#2936=ORIENTED_EDGE('',*,*,#2252,.F.);
#2937=ORIENTED_EDGE('',*,*,#2252,.T.);
#2938=ORIENTED_EDGE('',*,*,#2227,.F.);
#2939=ORIENTED_EDGE('',*,*,#2253,.F.);
#2940=ORIENTED_EDGE('',*,*,#2253,.T.);
#2941=ORIENTED_EDGE('',*,*,#2236,.F.);
#2942=ORIENTED_EDGE('',*,*,#2254,.F.);
#2943=ORIENTED_EDGE('',*,*,#2255,.F.);
#2944=ORIENTED_EDGE('',*,*,#2256,.T.);
#2945=ORIENTED_EDGE('',*,*,#2247,.F.);
#2946=ORIENTED_EDGE('',*,*,#2256,.F.);
#2947=ORIENTED_EDGE('',*,*,#2257,.F.);
#2948=ORIENTED_EDGE('',*,*,#2258,.T.);
#2949=ORIENTED_EDGE('',*,*,#2248,.F.);
#2950=ORIENTED_EDGE('',*,*,#2258,.F.);
#2951=ORIENTED_EDGE('',*,*,#2259,.F.);
#2952=ORIENTED_EDGE('',*,*,#2260,.F.);
#2953=ORIENTED_EDGE('',*,*,#2249,.F.);
#2954=ORIENTED_EDGE('',*,*,#2260,.T.);
#2955=ORIENTED_EDGE('',*,*,#2261,.F.);
#2956=ORIENTED_EDGE('',*,*,#2254,.T.);
#2957=ORIENTED_EDGE('',*,*,#2246,.F.);
#2958=ORIENTED_EDGE('',*,*,#2224,.T.);
#2959=ORIENTED_EDGE('',*,*,#2261,.T.);
#2960=ORIENTED_EDGE('',*,*,#2259,.T.);
#2961=ORIENTED_EDGE('',*,*,#2257,.T.);
#2962=ORIENTED_EDGE('',*,*,#2255,.T.);
#2963=ORIENTED_EDGE('',*,*,#2262,.F.);
#2964=ORIENTED_EDGE('',*,*,#2263,.T.);
#2965=ORIENTED_EDGE('',*,*,#2264,.T.);
#2966=ORIENTED_EDGE('',*,*,#2265,.T.);
#2967=ORIENTED_EDGE('',*,*,#2266,.F.);
#2968=ORIENTED_EDGE('',*,*,#2267,.T.);
#2969=ORIENTED_EDGE('',*,*,#2262,.T.);
#2970=ORIENTED_EDGE('',*,*,#2268,.T.);
#2971=ORIENTED_EDGE('',*,*,#2269,.F.);
#2972=ORIENTED_EDGE('',*,*,#2270,.T.);
#2973=ORIENTED_EDGE('',*,*,#2266,.T.);
#2974=ORIENTED_EDGE('',*,*,#2271,.T.);
#2975=ORIENTED_EDGE('',*,*,#2272,.F.);
#2976=ORIENTED_EDGE('',*,*,#2273,.T.);
#2977=ORIENTED_EDGE('',*,*,#2274,.F.);
#2978=ORIENTED_EDGE('',*,*,#2275,.F.);
#2979=ORIENTED_EDGE('',*,*,#2276,.F.);
#2980=ORIENTED_EDGE('',*,*,#2277,.T.);
#2981=ORIENTED_EDGE('',*,*,#2272,.T.);
#2982=ORIENTED_EDGE('',*,*,#2278,.F.);
#2983=ORIENTED_EDGE('',*,*,#2279,.F.);
#2984=ORIENTED_EDGE('',*,*,#2280,.T.);
#2985=ORIENTED_EDGE('',*,*,#2276,.T.);
#2986=ORIENTED_EDGE('',*,*,#2281,.F.);
#2987=ORIENTED_EDGE('',*,*,#2282,.F.);
#2988=ORIENTED_EDGE('',*,*,#2283,.T.);
#2989=ORIENTED_EDGE('',*,*,#2284,.F.);
#2990=ORIENTED_EDGE('',*,*,#2283,.F.);
#2991=ORIENTED_EDGE('',*,*,#2285,.F.);
#2992=ORIENTED_EDGE('',*,*,#2282,.T.);
#2993=ORIENTED_EDGE('',*,*,#2286,.F.);
#2994=ORIENTED_EDGE('',*,*,#2263,.F.);
#2995=ORIENTED_EDGE('',*,*,#2267,.F.);
#2996=ORIENTED_EDGE('',*,*,#2270,.F.);
#2997=ORIENTED_EDGE('',*,*,#2287,.F.);
#2998=ORIENTED_EDGE('',*,*,#2288,.F.);
#2999=ORIENTED_EDGE('',*,*,#2289,.T.);
#3000=ORIENTED_EDGE('',*,*,#2281,.T.);
#3001=ORIENTED_EDGE('',*,*,#2278,.T.);
#3002=ORIENTED_EDGE('',*,*,#2275,.T.);
#3003=ORIENTED_EDGE('',*,*,#2279,.T.);
#3004=ORIENTED_EDGE('',*,*,#2289,.F.);
#3005=ORIENTED_EDGE('',*,*,#2290,.F.);
#3006=ORIENTED_EDGE('',*,*,#2291,.T.);
#3007=ORIENTED_EDGE('',*,*,#2292,.F.);
#3008=ORIENTED_EDGE('',*,*,#2273,.F.);
#3009=ORIENTED_EDGE('',*,*,#2277,.F.);
#3010=ORIENTED_EDGE('',*,*,#2280,.F.);
#3011=ORIENTED_EDGE('',*,*,#2291,.F.);
#3012=ORIENTED_EDGE('',*,*,#2293,.F.);
#3013=ORIENTED_EDGE('',*,*,#2294,.F.);
#3014=ORIENTED_EDGE('',*,*,#2271,.F.);
#3015=ORIENTED_EDGE('',*,*,#2268,.F.);
#3016=ORIENTED_EDGE('',*,*,#2265,.F.);
#3017=ORIENTED_EDGE('',*,*,#2269,.T.);
#3018=ORIENTED_EDGE('',*,*,#2294,.T.);
#3019=ORIENTED_EDGE('',*,*,#2295,.F.);
#3020=ORIENTED_EDGE('',*,*,#2287,.T.);
#3021=ORIENTED_EDGE('',*,*,#2296,.F.);
#3022=ORIENTED_EDGE('',*,*,#2286,.T.);
#3023=ORIENTED_EDGE('',*,*,#2274,.T.);
#3024=ORIENTED_EDGE('',*,*,#2292,.T.);
#3025=ORIENTED_EDGE('',*,*,#2264,.F.);
#3026=ORIENTED_EDGE('',*,*,#2285,.T.);
#3027=ORIENTED_EDGE('',*,*,#2297,.T.);
#3028=ORIENTED_EDGE('',*,*,#2298,.T.);
#3029=ORIENTED_EDGE('',*,*,#2297,.F.);
#3030=ORIENTED_EDGE('',*,*,#2298,.F.);
#3031=ORIENTED_EDGE('',*,*,#2299,.F.);
#3032=ORIENTED_EDGE('',*,*,#2299,.T.);
#3033=ORIENTED_EDGE('',*,*,#2300,.T.);
#3034=ORIENTED_EDGE('',*,*,#2301,.T.);
#3035=ORIENTED_EDGE('',*,*,#2300,.F.);
#3036=ORIENTED_EDGE('',*,*,#2302,.F.);
#3037=ORIENTED_EDGE('',*,*,#2303,.T.);
#3038=ORIENTED_EDGE('',*,*,#2296,.T.);
#3039=ORIENTED_EDGE('',*,*,#2303,.F.);
#3040=ORIENTED_EDGE('',*,*,#2302,.T.);
#3041=ORIENTED_EDGE('',*,*,#2284,.T.);
#3042=ORIENTED_EDGE('',*,*,#2288,.T.);
#3043=ORIENTED_EDGE('',*,*,#2295,.T.);
#3044=ORIENTED_EDGE('',*,*,#2293,.T.);
#3045=ORIENTED_EDGE('',*,*,#2290,.T.);
#3046=ORIENTED_EDGE('',*,*,#2301,.F.);
#3047=ORIENTED_EDGE('',*,*,#2304,.F.);
#3048=ORIENTED_EDGE('',*,*,#2305,.T.);
#3049=ORIENTED_EDGE('',*,*,#2306,.T.);
#3050=ORIENTED_EDGE('',*,*,#2307,.T.);
#3051=ORIENTED_EDGE('',*,*,#2308,.F.);
#3052=ORIENTED_EDGE('',*,*,#2309,.T.);
#3053=ORIENTED_EDGE('',*,*,#2304,.T.);
#3054=ORIENTED_EDGE('',*,*,#2310,.T.);
#3055=ORIENTED_EDGE('',*,*,#2311,.F.);
#3056=ORIENTED_EDGE('',*,*,#2312,.T.);
#3057=ORIENTED_EDGE('',*,*,#2308,.T.);
#3058=ORIENTED_EDGE('',*,*,#2313,.T.);
#3059=ORIENTED_EDGE('',*,*,#2314,.F.);
#3060=ORIENTED_EDGE('',*,*,#2315,.T.);
#3061=ORIENTED_EDGE('',*,*,#2316,.F.);
#3062=ORIENTED_EDGE('',*,*,#2317,.F.);
#3063=ORIENTED_EDGE('',*,*,#2318,.F.);
#3064=ORIENTED_EDGE('',*,*,#2319,.T.);
#3065=ORIENTED_EDGE('',*,*,#2314,.T.);
#3066=ORIENTED_EDGE('',*,*,#2320,.F.);
#3067=ORIENTED_EDGE('',*,*,#2321,.F.);
#3068=ORIENTED_EDGE('',*,*,#2322,.T.);
#3069=ORIENTED_EDGE('',*,*,#2318,.T.);
#3070=ORIENTED_EDGE('',*,*,#2323,.F.);
#3071=ORIENTED_EDGE('',*,*,#2324,.F.);
#3072=ORIENTED_EDGE('',*,*,#2325,.F.);
#3073=ORIENTED_EDGE('',*,*,#2326,.F.);
#3074=ORIENTED_EDGE('',*,*,#2327,.F.);
#3075=ORIENTED_EDGE('',*,*,#2324,.T.);
#3076=ORIENTED_EDGE('',*,*,#2328,.T.);
#3077=ORIENTED_EDGE('',*,*,#2329,.F.);
#3078=ORIENTED_EDGE('',*,*,#2330,.F.);
#3079=ORIENTED_EDGE('',*,*,#2325,.T.);
#3080=ORIENTED_EDGE('',*,*,#2330,.T.);
#3081=ORIENTED_EDGE('',*,*,#2331,.F.);
#3082=ORIENTED_EDGE('',*,*,#2332,.F.);
#3083=ORIENTED_EDGE('',*,*,#2326,.T.);
#3084=ORIENTED_EDGE('',*,*,#2332,.T.);
#3085=ORIENTED_EDGE('',*,*,#2333,.F.);
#3086=ORIENTED_EDGE('',*,*,#2334,.F.);
#3087=ORIENTED_EDGE('',*,*,#2327,.T.);
#3088=ORIENTED_EDGE('',*,*,#2334,.T.);
#3089=ORIENTED_EDGE('',*,*,#2335,.F.);
#3090=ORIENTED_EDGE('',*,*,#2328,.F.);
#3091=ORIENTED_EDGE('',*,*,#2336,.F.);
#3092=ORIENTED_EDGE('',*,*,#2337,.F.);
#3093=ORIENTED_EDGE('',*,*,#2338,.F.);
#3094=ORIENTED_EDGE('',*,*,#2339,.F.);
#3095=ORIENTED_EDGE('',*,*,#2336,.T.);
#3096=ORIENTED_EDGE('',*,*,#2340,.T.);
#3097=ORIENTED_EDGE('',*,*,#2341,.F.);
#3098=ORIENTED_EDGE('',*,*,#2342,.F.);
#3099=ORIENTED_EDGE('',*,*,#2337,.T.);
#3100=ORIENTED_EDGE('',*,*,#2342,.T.);
#3101=ORIENTED_EDGE('',*,*,#2343,.F.);
#3102=ORIENTED_EDGE('',*,*,#2344,.F.);
#3103=ORIENTED_EDGE('',*,*,#2338,.T.);
#3104=ORIENTED_EDGE('',*,*,#2344,.T.);
#3105=ORIENTED_EDGE('',*,*,#2345,.F.);
#3106=ORIENTED_EDGE('',*,*,#2346,.F.);
#3107=ORIENTED_EDGE('',*,*,#2339,.T.);
#3108=ORIENTED_EDGE('',*,*,#2346,.T.);
#3109=ORIENTED_EDGE('',*,*,#2347,.F.);
#3110=ORIENTED_EDGE('',*,*,#2340,.F.);
#3111=ORIENTED_EDGE('',*,*,#2348,.F.);
#3112=ORIENTED_EDGE('',*,*,#2349,.F.);
#3113=ORIENTED_EDGE('',*,*,#2350,.F.);
#3114=ORIENTED_EDGE('',*,*,#2351,.F.);
#3115=ORIENTED_EDGE('',*,*,#2348,.T.);
#3116=ORIENTED_EDGE('',*,*,#2352,.T.);
#3117=ORIENTED_EDGE('',*,*,#2353,.F.);
#3118=ORIENTED_EDGE('',*,*,#2354,.F.);
#3119=ORIENTED_EDGE('',*,*,#2349,.T.);
#3120=ORIENTED_EDGE('',*,*,#2354,.T.);
#3121=ORIENTED_EDGE('',*,*,#2355,.F.);
#3122=ORIENTED_EDGE('',*,*,#2356,.F.);
#3123=ORIENTED_EDGE('',*,*,#2350,.T.);
#3124=ORIENTED_EDGE('',*,*,#2356,.T.);
#3125=ORIENTED_EDGE('',*,*,#2357,.F.);
#3126=ORIENTED_EDGE('',*,*,#2358,.F.);
#3127=ORIENTED_EDGE('',*,*,#2351,.T.);
#3128=ORIENTED_EDGE('',*,*,#2358,.T.);
#3129=ORIENTED_EDGE('',*,*,#2359,.F.);
#3130=ORIENTED_EDGE('',*,*,#2352,.F.);
#3131=ORIENTED_EDGE('',*,*,#2360,.F.);
#3132=ORIENTED_EDGE('',*,*,#2361,.F.);
#3133=ORIENTED_EDGE('',*,*,#2362,.F.);
#3134=ORIENTED_EDGE('',*,*,#2363,.F.);
#3135=ORIENTED_EDGE('',*,*,#2360,.T.);
#3136=ORIENTED_EDGE('',*,*,#2364,.T.);
#3137=ORIENTED_EDGE('',*,*,#2365,.F.);
#3138=ORIENTED_EDGE('',*,*,#2366,.F.);
#3139=ORIENTED_EDGE('',*,*,#2361,.T.);
#3140=ORIENTED_EDGE('',*,*,#2366,.T.);
#3141=ORIENTED_EDGE('',*,*,#2367,.F.);
#3142=ORIENTED_EDGE('',*,*,#2368,.F.);
#3143=ORIENTED_EDGE('',*,*,#2362,.T.);
#3144=ORIENTED_EDGE('',*,*,#2368,.T.);
#3145=ORIENTED_EDGE('',*,*,#2369,.F.);
#3146=ORIENTED_EDGE('',*,*,#2370,.F.);
#3147=ORIENTED_EDGE('',*,*,#2363,.T.);
#3148=ORIENTED_EDGE('',*,*,#2370,.T.);
#3149=ORIENTED_EDGE('',*,*,#2371,.F.);
#3150=ORIENTED_EDGE('',*,*,#2364,.F.);
#3151=ORIENTED_EDGE('',*,*,#2372,.F.);
#3152=ORIENTED_EDGE('',*,*,#2373,.F.);
#3153=ORIENTED_EDGE('',*,*,#2374,.F.);
#3154=ORIENTED_EDGE('',*,*,#2375,.F.);
#3155=ORIENTED_EDGE('',*,*,#2372,.T.);
#3156=ORIENTED_EDGE('',*,*,#2376,.T.);
#3157=ORIENTED_EDGE('',*,*,#2377,.F.);
#3158=ORIENTED_EDGE('',*,*,#2378,.F.);
#3159=ORIENTED_EDGE('',*,*,#2373,.T.);
#3160=ORIENTED_EDGE('',*,*,#2378,.T.);
#3161=ORIENTED_EDGE('',*,*,#2379,.F.);
#3162=ORIENTED_EDGE('',*,*,#2380,.F.);
#3163=ORIENTED_EDGE('',*,*,#2381,.F.);
#3164=ORIENTED_EDGE('',*,*,#2374,.T.);
#3165=ORIENTED_EDGE('',*,*,#2381,.T.);
#3166=ORIENTED_EDGE('',*,*,#2382,.F.);
#3167=ORIENTED_EDGE('',*,*,#2383,.F.);
#3168=ORIENTED_EDGE('',*,*,#2375,.T.);
#3169=ORIENTED_EDGE('',*,*,#2383,.T.);
#3170=ORIENTED_EDGE('',*,*,#2384,.F.);
#3171=ORIENTED_EDGE('',*,*,#2385,.F.);
#3172=ORIENTED_EDGE('',*,*,#2376,.F.);
#3173=ORIENTED_EDGE('',*,*,#2386,.F.);
#3174=ORIENTED_EDGE('',*,*,#2387,.F.);
#3175=ORIENTED_EDGE('',*,*,#2388,.F.);
#3176=ORIENTED_EDGE('',*,*,#2389,.F.);
#3177=ORIENTED_EDGE('',*,*,#2386,.T.);
#3178=ORIENTED_EDGE('',*,*,#2390,.T.);
#3179=ORIENTED_EDGE('',*,*,#2391,.F.);
#3180=ORIENTED_EDGE('',*,*,#2392,.F.);
#3181=ORIENTED_EDGE('',*,*,#2387,.T.);
#3182=ORIENTED_EDGE('',*,*,#2392,.T.);
#3183=ORIENTED_EDGE('',*,*,#2393,.F.);
#3184=ORIENTED_EDGE('',*,*,#2394,.F.);
#3185=ORIENTED_EDGE('',*,*,#2395,.F.);
#3186=ORIENTED_EDGE('',*,*,#2388,.T.);
#3187=ORIENTED_EDGE('',*,*,#2395,.T.);
#3188=ORIENTED_EDGE('',*,*,#2396,.F.);
#3189=ORIENTED_EDGE('',*,*,#2397,.F.);
#3190=ORIENTED_EDGE('',*,*,#2389,.T.);
#3191=ORIENTED_EDGE('',*,*,#2397,.T.);
#3192=ORIENTED_EDGE('',*,*,#2398,.F.);
#3193=ORIENTED_EDGE('',*,*,#2399,.F.);
#3194=ORIENTED_EDGE('',*,*,#2390,.F.);
#3195=ORIENTED_EDGE('',*,*,#2400,.F.);
#3196=ORIENTED_EDGE('',*,*,#2401,.F.);
#3197=ORIENTED_EDGE('',*,*,#2402,.F.);
#3198=ORIENTED_EDGE('',*,*,#2403,.F.);
#3199=ORIENTED_EDGE('',*,*,#2400,.T.);
#3200=ORIENTED_EDGE('',*,*,#2404,.T.);
#3201=ORIENTED_EDGE('',*,*,#2405,.F.);
#3202=ORIENTED_EDGE('',*,*,#2406,.F.);
#3203=ORIENTED_EDGE('',*,*,#2401,.T.);
#3204=ORIENTED_EDGE('',*,*,#2406,.T.);
#3205=ORIENTED_EDGE('',*,*,#2407,.F.);
#3206=ORIENTED_EDGE('',*,*,#2408,.F.);
#3207=ORIENTED_EDGE('',*,*,#2409,.F.);
#3208=ORIENTED_EDGE('',*,*,#2402,.T.);
#3209=ORIENTED_EDGE('',*,*,#2409,.T.);
#3210=ORIENTED_EDGE('',*,*,#2410,.F.);
#3211=ORIENTED_EDGE('',*,*,#2411,.F.);
#3212=ORIENTED_EDGE('',*,*,#2403,.T.);
#3213=ORIENTED_EDGE('',*,*,#2411,.T.);
#3214=ORIENTED_EDGE('',*,*,#2412,.F.);
#3215=ORIENTED_EDGE('',*,*,#2413,.F.);
#3216=ORIENTED_EDGE('',*,*,#2404,.F.);
#3217=ORIENTED_EDGE('',*,*,#2414,.F.);
#3218=ORIENTED_EDGE('',*,*,#2415,.F.);
#3219=ORIENTED_EDGE('',*,*,#2416,.F.);
#3220=ORIENTED_EDGE('',*,*,#2417,.F.);
#3221=ORIENTED_EDGE('',*,*,#2414,.T.);
#3222=ORIENTED_EDGE('',*,*,#2418,.T.);
#3223=ORIENTED_EDGE('',*,*,#2419,.F.);
#3224=ORIENTED_EDGE('',*,*,#2420,.F.);
#3225=ORIENTED_EDGE('',*,*,#2415,.T.);
#3226=ORIENTED_EDGE('',*,*,#2420,.T.);
#3227=ORIENTED_EDGE('',*,*,#2421,.F.);
#3228=ORIENTED_EDGE('',*,*,#2422,.F.);
#3229=ORIENTED_EDGE('',*,*,#2423,.F.);
#3230=ORIENTED_EDGE('',*,*,#2416,.T.);
#3231=ORIENTED_EDGE('',*,*,#2423,.T.);
#3232=ORIENTED_EDGE('',*,*,#2424,.F.);
#3233=ORIENTED_EDGE('',*,*,#2425,.F.);
#3234=ORIENTED_EDGE('',*,*,#2417,.T.);
#3235=ORIENTED_EDGE('',*,*,#2425,.T.);
#3236=ORIENTED_EDGE('',*,*,#2426,.F.);
#3237=ORIENTED_EDGE('',*,*,#2427,.F.);
#3238=ORIENTED_EDGE('',*,*,#2418,.F.);
#3239=ORIENTED_EDGE('',*,*,#2428,.F.);
#3240=ORIENTED_EDGE('',*,*,#2429,.F.);
#3241=ORIENTED_EDGE('',*,*,#2430,.F.);
#3242=ORIENTED_EDGE('',*,*,#2431,.F.);
#3243=ORIENTED_EDGE('',*,*,#2428,.T.);
#3244=ORIENTED_EDGE('',*,*,#2432,.T.);
#3245=ORIENTED_EDGE('',*,*,#2433,.F.);
#3246=ORIENTED_EDGE('',*,*,#2434,.F.);
#3247=ORIENTED_EDGE('',*,*,#2429,.T.);
#3248=ORIENTED_EDGE('',*,*,#2434,.T.);
#3249=ORIENTED_EDGE('',*,*,#2435,.F.);
#3250=ORIENTED_EDGE('',*,*,#2436,.F.);
#3251=ORIENTED_EDGE('',*,*,#2430,.T.);
#3252=ORIENTED_EDGE('',*,*,#2436,.T.);
#3253=ORIENTED_EDGE('',*,*,#2437,.F.);
#3254=ORIENTED_EDGE('',*,*,#2438,.F.);
#3255=ORIENTED_EDGE('',*,*,#2431,.T.);
#3256=ORIENTED_EDGE('',*,*,#2438,.T.);
#3257=ORIENTED_EDGE('',*,*,#2439,.F.);
#3258=ORIENTED_EDGE('',*,*,#2432,.F.);
#3259=ORIENTED_EDGE('',*,*,#2440,.F.);
#3260=ORIENTED_EDGE('',*,*,#2441,.F.);
#3261=ORIENTED_EDGE('',*,*,#2442,.F.);
#3262=ORIENTED_EDGE('',*,*,#2443,.F.);
#3263=ORIENTED_EDGE('',*,*,#2440,.T.);
#3264=ORIENTED_EDGE('',*,*,#2444,.T.);
#3265=ORIENTED_EDGE('',*,*,#2445,.F.);
#3266=ORIENTED_EDGE('',*,*,#2446,.F.);
#3267=ORIENTED_EDGE('',*,*,#2441,.T.);
#3268=ORIENTED_EDGE('',*,*,#2446,.T.);
#3269=ORIENTED_EDGE('',*,*,#2447,.F.);
#3270=ORIENTED_EDGE('',*,*,#2448,.F.);
#3271=ORIENTED_EDGE('',*,*,#2442,.T.);
#3272=ORIENTED_EDGE('',*,*,#2448,.T.);
#3273=ORIENTED_EDGE('',*,*,#2449,.F.);
#3274=ORIENTED_EDGE('',*,*,#2450,.F.);
#3275=ORIENTED_EDGE('',*,*,#2443,.T.);
#3276=ORIENTED_EDGE('',*,*,#2450,.T.);
#3277=ORIENTED_EDGE('',*,*,#2451,.F.);
#3278=ORIENTED_EDGE('',*,*,#2444,.F.);
#3279=ORIENTED_EDGE('',*,*,#2452,.F.);
#3280=ORIENTED_EDGE('',*,*,#2453,.F.);
#3281=ORIENTED_EDGE('',*,*,#2454,.F.);
#3282=ORIENTED_EDGE('',*,*,#2455,.F.);
#3283=ORIENTED_EDGE('',*,*,#2452,.T.);
#3284=ORIENTED_EDGE('',*,*,#2456,.T.);
#3285=ORIENTED_EDGE('',*,*,#2457,.F.);
#3286=ORIENTED_EDGE('',*,*,#2458,.F.);
#3287=ORIENTED_EDGE('',*,*,#2453,.T.);
#3288=ORIENTED_EDGE('',*,*,#2458,.T.);
#3289=ORIENTED_EDGE('',*,*,#2459,.F.);
#3290=ORIENTED_EDGE('',*,*,#2460,.F.);
#3291=ORIENTED_EDGE('',*,*,#2454,.T.);
#3292=ORIENTED_EDGE('',*,*,#2460,.T.);
#3293=ORIENTED_EDGE('',*,*,#2461,.F.);
#3294=ORIENTED_EDGE('',*,*,#2462,.F.);
#3295=ORIENTED_EDGE('',*,*,#2455,.T.);
#3296=ORIENTED_EDGE('',*,*,#2462,.T.);
#3297=ORIENTED_EDGE('',*,*,#2463,.F.);
#3298=ORIENTED_EDGE('',*,*,#2456,.F.);
#3299=ORIENTED_EDGE('',*,*,#2464,.F.);
#3300=ORIENTED_EDGE('',*,*,#2465,.F.);
#3301=ORIENTED_EDGE('',*,*,#2466,.F.);
#3302=ORIENTED_EDGE('',*,*,#2467,.F.);
#3303=ORIENTED_EDGE('',*,*,#2464,.T.);
#3304=ORIENTED_EDGE('',*,*,#2468,.T.);
#3305=ORIENTED_EDGE('',*,*,#2469,.F.);
#3306=ORIENTED_EDGE('',*,*,#2470,.F.);
#3307=ORIENTED_EDGE('',*,*,#2465,.T.);
#3308=ORIENTED_EDGE('',*,*,#2470,.T.);
#3309=ORIENTED_EDGE('',*,*,#2471,.F.);
#3310=ORIENTED_EDGE('',*,*,#2472,.F.);
#3311=ORIENTED_EDGE('',*,*,#2466,.T.);
#3312=ORIENTED_EDGE('',*,*,#2472,.T.);
#3313=ORIENTED_EDGE('',*,*,#2473,.F.);
#3314=ORIENTED_EDGE('',*,*,#2474,.F.);
#3315=ORIENTED_EDGE('',*,*,#2467,.T.);
#3316=ORIENTED_EDGE('',*,*,#2474,.T.);
#3317=ORIENTED_EDGE('',*,*,#2475,.F.);
#3318=ORIENTED_EDGE('',*,*,#2468,.F.);
#3319=ORIENTED_EDGE('',*,*,#2476,.F.);
#3320=ORIENTED_EDGE('',*,*,#2477,.F.);
#3321=ORIENTED_EDGE('',*,*,#2478,.F.);
#3322=ORIENTED_EDGE('',*,*,#2479,.F.);
#3323=ORIENTED_EDGE('',*,*,#2476,.T.);
#3324=ORIENTED_EDGE('',*,*,#2480,.T.);
#3325=ORIENTED_EDGE('',*,*,#2481,.F.);
#3326=ORIENTED_EDGE('',*,*,#2482,.F.);
#3327=ORIENTED_EDGE('',*,*,#2477,.T.);
#3328=ORIENTED_EDGE('',*,*,#2482,.T.);
#3329=ORIENTED_EDGE('',*,*,#2483,.F.);
#3330=ORIENTED_EDGE('',*,*,#2484,.F.);
#3331=ORIENTED_EDGE('',*,*,#2478,.T.);
#3332=ORIENTED_EDGE('',*,*,#2484,.T.);
#3333=ORIENTED_EDGE('',*,*,#2485,.F.);
#3334=ORIENTED_EDGE('',*,*,#2486,.F.);
#3335=ORIENTED_EDGE('',*,*,#2479,.T.);
#3336=ORIENTED_EDGE('',*,*,#2486,.T.);
#3337=ORIENTED_EDGE('',*,*,#2487,.F.);
#3338=ORIENTED_EDGE('',*,*,#2480,.F.);
#3339=ORIENTED_EDGE('',*,*,#2488,.F.);
#3340=ORIENTED_EDGE('',*,*,#2489,.F.);
#3341=ORIENTED_EDGE('',*,*,#2490,.F.);
#3342=ORIENTED_EDGE('',*,*,#2491,.F.);
#3343=ORIENTED_EDGE('',*,*,#2488,.T.);
#3344=ORIENTED_EDGE('',*,*,#2492,.T.);
#3345=ORIENTED_EDGE('',*,*,#2493,.F.);
#3346=ORIENTED_EDGE('',*,*,#2494,.F.);
#3347=ORIENTED_EDGE('',*,*,#2489,.T.);
#3348=ORIENTED_EDGE('',*,*,#2494,.T.);
#3349=ORIENTED_EDGE('',*,*,#2495,.F.);
#3350=ORIENTED_EDGE('',*,*,#2496,.F.);
#3351=ORIENTED_EDGE('',*,*,#2490,.T.);
#3352=ORIENTED_EDGE('',*,*,#2496,.T.);
#3353=ORIENTED_EDGE('',*,*,#2497,.F.);
#3354=ORIENTED_EDGE('',*,*,#2498,.F.);
#3355=ORIENTED_EDGE('',*,*,#2491,.T.);
#3356=ORIENTED_EDGE('',*,*,#2498,.T.);
#3357=ORIENTED_EDGE('',*,*,#2499,.F.);
#3358=ORIENTED_EDGE('',*,*,#2492,.F.);
#3359=ORIENTED_EDGE('',*,*,#2500,.F.);
#3360=ORIENTED_EDGE('',*,*,#2501,.F.);
#3361=ORIENTED_EDGE('',*,*,#2502,.F.);
#3362=ORIENTED_EDGE('',*,*,#2503,.F.);
#3363=ORIENTED_EDGE('',*,*,#2500,.T.);
#3364=ORIENTED_EDGE('',*,*,#2504,.T.);
#3365=ORIENTED_EDGE('',*,*,#2505,.F.);
#3366=ORIENTED_EDGE('',*,*,#2506,.F.);
#3367=ORIENTED_EDGE('',*,*,#2501,.T.);
#3368=ORIENTED_EDGE('',*,*,#2506,.T.);
#3369=ORIENTED_EDGE('',*,*,#2507,.F.);
#3370=ORIENTED_EDGE('',*,*,#2508,.F.);
#3371=ORIENTED_EDGE('',*,*,#2502,.T.);
#3372=ORIENTED_EDGE('',*,*,#2508,.T.);
#3373=ORIENTED_EDGE('',*,*,#2509,.F.);
#3374=ORIENTED_EDGE('',*,*,#2510,.F.);
#3375=ORIENTED_EDGE('',*,*,#2503,.T.);
#3376=ORIENTED_EDGE('',*,*,#2510,.T.);
#3377=ORIENTED_EDGE('',*,*,#2511,.F.);
#3378=ORIENTED_EDGE('',*,*,#2504,.F.);
#3379=ORIENTED_EDGE('',*,*,#2512,.F.);
#3380=ORIENTED_EDGE('',*,*,#2513,.F.);
#3381=ORIENTED_EDGE('',*,*,#2514,.F.);
#3382=ORIENTED_EDGE('',*,*,#2515,.F.);
#3383=ORIENTED_EDGE('',*,*,#2512,.T.);
#3384=ORIENTED_EDGE('',*,*,#2516,.T.);
#3385=ORIENTED_EDGE('',*,*,#2517,.F.);
#3386=ORIENTED_EDGE('',*,*,#2518,.F.);
#3387=ORIENTED_EDGE('',*,*,#2513,.T.);
#3388=ORIENTED_EDGE('',*,*,#2518,.T.);
#3389=ORIENTED_EDGE('',*,*,#2519,.F.);
#3390=ORIENTED_EDGE('',*,*,#2520,.F.);
#3391=ORIENTED_EDGE('',*,*,#2514,.T.);
#3392=ORIENTED_EDGE('',*,*,#2520,.T.);
#3393=ORIENTED_EDGE('',*,*,#2521,.F.);
#3394=ORIENTED_EDGE('',*,*,#2522,.F.);
#3395=ORIENTED_EDGE('',*,*,#2515,.T.);
#3396=ORIENTED_EDGE('',*,*,#2522,.T.);
#3397=ORIENTED_EDGE('',*,*,#2523,.F.);
#3398=ORIENTED_EDGE('',*,*,#2516,.F.);
#3399=ORIENTED_EDGE('',*,*,#2524,.F.);
#3400=ORIENTED_EDGE('',*,*,#2525,.F.);
#3401=ORIENTED_EDGE('',*,*,#2526,.F.);
#3402=ORIENTED_EDGE('',*,*,#2527,.F.);
#3403=ORIENTED_EDGE('',*,*,#2524,.T.);
#3404=ORIENTED_EDGE('',*,*,#2528,.T.);
#3405=ORIENTED_EDGE('',*,*,#2529,.F.);
#3406=ORIENTED_EDGE('',*,*,#2530,.F.);
#3407=ORIENTED_EDGE('',*,*,#2525,.T.);
#3408=ORIENTED_EDGE('',*,*,#2530,.T.);
#3409=ORIENTED_EDGE('',*,*,#2531,.F.);
#3410=ORIENTED_EDGE('',*,*,#2532,.F.);
#3411=ORIENTED_EDGE('',*,*,#2526,.T.);
#3412=ORIENTED_EDGE('',*,*,#2532,.T.);
#3413=ORIENTED_EDGE('',*,*,#2533,.F.);
#3414=ORIENTED_EDGE('',*,*,#2534,.F.);
#3415=ORIENTED_EDGE('',*,*,#2527,.T.);
#3416=ORIENTED_EDGE('',*,*,#2534,.T.);
#3417=ORIENTED_EDGE('',*,*,#2535,.F.);
#3418=ORIENTED_EDGE('',*,*,#2528,.F.);
#3419=ORIENTED_EDGE('',*,*,#2536,.F.);
#3420=ORIENTED_EDGE('',*,*,#2537,.F.);
#3421=ORIENTED_EDGE('',*,*,#2538,.F.);
#3422=ORIENTED_EDGE('',*,*,#2539,.F.);
#3423=ORIENTED_EDGE('',*,*,#2536,.T.);
#3424=ORIENTED_EDGE('',*,*,#2540,.T.);
#3425=ORIENTED_EDGE('',*,*,#2541,.F.);
#3426=ORIENTED_EDGE('',*,*,#2542,.F.);
#3427=ORIENTED_EDGE('',*,*,#2537,.T.);
#3428=ORIENTED_EDGE('',*,*,#2542,.T.);
#3429=ORIENTED_EDGE('',*,*,#2543,.F.);
#3430=ORIENTED_EDGE('',*,*,#2544,.F.);
#3431=ORIENTED_EDGE('',*,*,#2538,.T.);
#3432=ORIENTED_EDGE('',*,*,#2544,.T.);
#3433=ORIENTED_EDGE('',*,*,#2545,.F.);
#3434=ORIENTED_EDGE('',*,*,#2546,.F.);
#3435=ORIENTED_EDGE('',*,*,#2539,.T.);
#3436=ORIENTED_EDGE('',*,*,#2546,.T.);
#3437=ORIENTED_EDGE('',*,*,#2547,.F.);
#3438=ORIENTED_EDGE('',*,*,#2540,.F.);
#3439=ORIENTED_EDGE('',*,*,#2548,.F.);
#3440=ORIENTED_EDGE('',*,*,#2549,.F.);
#3441=ORIENTED_EDGE('',*,*,#2550,.F.);
#3442=ORIENTED_EDGE('',*,*,#2551,.F.);
#3443=ORIENTED_EDGE('',*,*,#2548,.T.);
#3444=ORIENTED_EDGE('',*,*,#2552,.T.);
#3445=ORIENTED_EDGE('',*,*,#2553,.F.);
#3446=ORIENTED_EDGE('',*,*,#2554,.F.);
#3447=ORIENTED_EDGE('',*,*,#2549,.T.);
#3448=ORIENTED_EDGE('',*,*,#2554,.T.);
#3449=ORIENTED_EDGE('',*,*,#2555,.F.);
#3450=ORIENTED_EDGE('',*,*,#2556,.F.);
#3451=ORIENTED_EDGE('',*,*,#2550,.T.);
#3452=ORIENTED_EDGE('',*,*,#2556,.T.);
#3453=ORIENTED_EDGE('',*,*,#2557,.F.);
#3454=ORIENTED_EDGE('',*,*,#2558,.F.);
#3455=ORIENTED_EDGE('',*,*,#2551,.T.);
#3456=ORIENTED_EDGE('',*,*,#2558,.T.);
#3457=ORIENTED_EDGE('',*,*,#2559,.F.);
#3458=ORIENTED_EDGE('',*,*,#2552,.F.);
#3459=ORIENTED_EDGE('',*,*,#2560,.F.);
#3460=ORIENTED_EDGE('',*,*,#2561,.F.);
#3461=ORIENTED_EDGE('',*,*,#2562,.F.);
#3462=ORIENTED_EDGE('',*,*,#2563,.F.);
#3463=ORIENTED_EDGE('',*,*,#2560,.T.);
#3464=ORIENTED_EDGE('',*,*,#2564,.T.);
#3465=ORIENTED_EDGE('',*,*,#2565,.F.);
#3466=ORIENTED_EDGE('',*,*,#2566,.F.);
#3467=ORIENTED_EDGE('',*,*,#2561,.T.);
#3468=ORIENTED_EDGE('',*,*,#2566,.T.);
#3469=ORIENTED_EDGE('',*,*,#2567,.F.);
#3470=ORIENTED_EDGE('',*,*,#2568,.F.);
#3471=ORIENTED_EDGE('',*,*,#2562,.T.);
#3472=ORIENTED_EDGE('',*,*,#2568,.T.);
#3473=ORIENTED_EDGE('',*,*,#2569,.F.);
#3474=ORIENTED_EDGE('',*,*,#2570,.F.);
#3475=ORIENTED_EDGE('',*,*,#2563,.T.);
#3476=ORIENTED_EDGE('',*,*,#2570,.T.);
#3477=ORIENTED_EDGE('',*,*,#2571,.F.);
#3478=ORIENTED_EDGE('',*,*,#2564,.F.);
#3479=ORIENTED_EDGE('',*,*,#2572,.F.);
#3480=ORIENTED_EDGE('',*,*,#2573,.F.);
#3481=ORIENTED_EDGE('',*,*,#2574,.F.);
#3482=ORIENTED_EDGE('',*,*,#2575,.F.);
#3483=ORIENTED_EDGE('',*,*,#2572,.T.);
#3484=ORIENTED_EDGE('',*,*,#2576,.T.);
#3485=ORIENTED_EDGE('',*,*,#2577,.F.);
#3486=ORIENTED_EDGE('',*,*,#2578,.F.);
#3487=ORIENTED_EDGE('',*,*,#2573,.T.);
#3488=ORIENTED_EDGE('',*,*,#2578,.T.);
#3489=ORIENTED_EDGE('',*,*,#2579,.F.);
#3490=ORIENTED_EDGE('',*,*,#2580,.F.);
#3491=ORIENTED_EDGE('',*,*,#2574,.T.);
#3492=ORIENTED_EDGE('',*,*,#2580,.T.);
#3493=ORIENTED_EDGE('',*,*,#2581,.F.);
#3494=ORIENTED_EDGE('',*,*,#2582,.F.);
#3495=ORIENTED_EDGE('',*,*,#2575,.T.);
#3496=ORIENTED_EDGE('',*,*,#2582,.T.);
#3497=ORIENTED_EDGE('',*,*,#2583,.F.);
#3498=ORIENTED_EDGE('',*,*,#2576,.F.);
#3499=ORIENTED_EDGE('',*,*,#2584,.F.);
#3500=ORIENTED_EDGE('',*,*,#2585,.F.);
#3501=ORIENTED_EDGE('',*,*,#2586,.F.);
#3502=ORIENTED_EDGE('',*,*,#2587,.F.);
#3503=ORIENTED_EDGE('',*,*,#2584,.T.);
#3504=ORIENTED_EDGE('',*,*,#2588,.T.);
#3505=ORIENTED_EDGE('',*,*,#2589,.F.);
#3506=ORIENTED_EDGE('',*,*,#2590,.F.);
#3507=ORIENTED_EDGE('',*,*,#2585,.T.);
#3508=ORIENTED_EDGE('',*,*,#2590,.T.);
#3509=ORIENTED_EDGE('',*,*,#2591,.F.);
#3510=ORIENTED_EDGE('',*,*,#2592,.F.);
#3511=ORIENTED_EDGE('',*,*,#2586,.T.);
#3512=ORIENTED_EDGE('',*,*,#2592,.T.);
#3513=ORIENTED_EDGE('',*,*,#2593,.F.);
#3514=ORIENTED_EDGE('',*,*,#2594,.F.);
#3515=ORIENTED_EDGE('',*,*,#2587,.T.);
#3516=ORIENTED_EDGE('',*,*,#2594,.T.);
#3517=ORIENTED_EDGE('',*,*,#2595,.F.);
#3518=ORIENTED_EDGE('',*,*,#2588,.F.);
#3519=ORIENTED_EDGE('',*,*,#2596,.F.);
#3520=ORIENTED_EDGE('',*,*,#2597,.F.);
#3521=ORIENTED_EDGE('',*,*,#2598,.F.);
#3522=ORIENTED_EDGE('',*,*,#2599,.F.);
#3523=ORIENTED_EDGE('',*,*,#2596,.T.);
#3524=ORIENTED_EDGE('',*,*,#2600,.T.);
#3525=ORIENTED_EDGE('',*,*,#2601,.F.);
#3526=ORIENTED_EDGE('',*,*,#2602,.F.);
#3527=ORIENTED_EDGE('',*,*,#2597,.T.);
#3528=ORIENTED_EDGE('',*,*,#2602,.T.);
#3529=ORIENTED_EDGE('',*,*,#2603,.F.);
#3530=ORIENTED_EDGE('',*,*,#2604,.F.);
#3531=ORIENTED_EDGE('',*,*,#2598,.T.);
#3532=ORIENTED_EDGE('',*,*,#2604,.T.);
#3533=ORIENTED_EDGE('',*,*,#2605,.F.);
#3534=ORIENTED_EDGE('',*,*,#2606,.F.);
#3535=ORIENTED_EDGE('',*,*,#2599,.T.);
#3536=ORIENTED_EDGE('',*,*,#2606,.T.);
#3537=ORIENTED_EDGE('',*,*,#2607,.F.);
#3538=ORIENTED_EDGE('',*,*,#2600,.F.);
#3539=ORIENTED_EDGE('',*,*,#2608,.F.);
#3540=ORIENTED_EDGE('',*,*,#2609,.F.);
#3541=ORIENTED_EDGE('',*,*,#2610,.F.);
#3542=ORIENTED_EDGE('',*,*,#2611,.F.);
#3543=ORIENTED_EDGE('',*,*,#2608,.T.);
#3544=ORIENTED_EDGE('',*,*,#2612,.T.);
#3545=ORIENTED_EDGE('',*,*,#2613,.F.);
#3546=ORIENTED_EDGE('',*,*,#2614,.F.);
#3547=ORIENTED_EDGE('',*,*,#2609,.T.);
#3548=ORIENTED_EDGE('',*,*,#2614,.T.);
#3549=ORIENTED_EDGE('',*,*,#2615,.F.);
#3550=ORIENTED_EDGE('',*,*,#2616,.F.);
#3551=ORIENTED_EDGE('',*,*,#2610,.T.);
#3552=ORIENTED_EDGE('',*,*,#2616,.T.);
#3553=ORIENTED_EDGE('',*,*,#2617,.F.);
#3554=ORIENTED_EDGE('',*,*,#2618,.F.);
#3555=ORIENTED_EDGE('',*,*,#2611,.T.);
#3556=ORIENTED_EDGE('',*,*,#2618,.T.);
#3557=ORIENTED_EDGE('',*,*,#2619,.F.);
#3558=ORIENTED_EDGE('',*,*,#2612,.F.);
#3559=ORIENTED_EDGE('',*,*,#2620,.F.);
#3560=ORIENTED_EDGE('',*,*,#2621,.F.);
#3561=ORIENTED_EDGE('',*,*,#2622,.F.);
#3562=ORIENTED_EDGE('',*,*,#2623,.F.);
#3563=ORIENTED_EDGE('',*,*,#2620,.T.);
#3564=ORIENTED_EDGE('',*,*,#2624,.T.);
#3565=ORIENTED_EDGE('',*,*,#2625,.F.);
#3566=ORIENTED_EDGE('',*,*,#2626,.F.);
#3567=ORIENTED_EDGE('',*,*,#2621,.T.);
#3568=ORIENTED_EDGE('',*,*,#2626,.T.);
#3569=ORIENTED_EDGE('',*,*,#2627,.F.);
#3570=ORIENTED_EDGE('',*,*,#2628,.F.);
#3571=ORIENTED_EDGE('',*,*,#2622,.T.);
#3572=ORIENTED_EDGE('',*,*,#2628,.T.);
#3573=ORIENTED_EDGE('',*,*,#2629,.F.);
#3574=ORIENTED_EDGE('',*,*,#2630,.F.);
#3575=ORIENTED_EDGE('',*,*,#2623,.T.);
#3576=ORIENTED_EDGE('',*,*,#2630,.T.);
#3577=ORIENTED_EDGE('',*,*,#2631,.F.);
#3578=ORIENTED_EDGE('',*,*,#2624,.F.);
#3579=ORIENTED_EDGE('',*,*,#2632,.F.);
#3580=ORIENTED_EDGE('',*,*,#2633,.F.);
#3581=ORIENTED_EDGE('',*,*,#2634,.F.);
#3582=ORIENTED_EDGE('',*,*,#2635,.F.);
#3583=ORIENTED_EDGE('',*,*,#2632,.T.);
#3584=ORIENTED_EDGE('',*,*,#2636,.T.);
#3585=ORIENTED_EDGE('',*,*,#2637,.F.);
#3586=ORIENTED_EDGE('',*,*,#2638,.F.);
#3587=ORIENTED_EDGE('',*,*,#2633,.T.);
#3588=ORIENTED_EDGE('',*,*,#2638,.T.);
#3589=ORIENTED_EDGE('',*,*,#2639,.F.);
#3590=ORIENTED_EDGE('',*,*,#2640,.F.);
#3591=ORIENTED_EDGE('',*,*,#2634,.T.);
#3592=ORIENTED_EDGE('',*,*,#2640,.T.);
#3593=ORIENTED_EDGE('',*,*,#2641,.F.);
#3594=ORIENTED_EDGE('',*,*,#2642,.F.);
#3595=ORIENTED_EDGE('',*,*,#2635,.T.);
#3596=ORIENTED_EDGE('',*,*,#2642,.T.);
#3597=ORIENTED_EDGE('',*,*,#2643,.F.);
#3598=ORIENTED_EDGE('',*,*,#2636,.F.);
#3599=ORIENTED_EDGE('',*,*,#2644,.F.);
#3600=ORIENTED_EDGE('',*,*,#2645,.F.);
#3601=ORIENTED_EDGE('',*,*,#2646,.F.);
#3602=ORIENTED_EDGE('',*,*,#2647,.F.);
#3603=ORIENTED_EDGE('',*,*,#2644,.T.);
#3604=ORIENTED_EDGE('',*,*,#2648,.T.);
#3605=ORIENTED_EDGE('',*,*,#2649,.F.);
#3606=ORIENTED_EDGE('',*,*,#2650,.F.);
#3607=ORIENTED_EDGE('',*,*,#2645,.T.);
#3608=ORIENTED_EDGE('',*,*,#2650,.T.);
#3609=ORIENTED_EDGE('',*,*,#2651,.F.);
#3610=ORIENTED_EDGE('',*,*,#2652,.F.);
#3611=ORIENTED_EDGE('',*,*,#2646,.T.);
#3612=ORIENTED_EDGE('',*,*,#2652,.T.);
#3613=ORIENTED_EDGE('',*,*,#2653,.F.);
#3614=ORIENTED_EDGE('',*,*,#2654,.F.);
#3615=ORIENTED_EDGE('',*,*,#2647,.T.);
#3616=ORIENTED_EDGE('',*,*,#2654,.T.);
#3617=ORIENTED_EDGE('',*,*,#2655,.F.);
#3618=ORIENTED_EDGE('',*,*,#2648,.F.);
#3619=ORIENTED_EDGE('',*,*,#2656,.F.);
#3620=ORIENTED_EDGE('',*,*,#2657,.F.);
#3621=ORIENTED_EDGE('',*,*,#2658,.F.);
#3622=ORIENTED_EDGE('',*,*,#2659,.F.);
#3623=ORIENTED_EDGE('',*,*,#2656,.T.);
#3624=ORIENTED_EDGE('',*,*,#2660,.T.);
#3625=ORIENTED_EDGE('',*,*,#2661,.F.);
#3626=ORIENTED_EDGE('',*,*,#2662,.F.);
#3627=ORIENTED_EDGE('',*,*,#2657,.T.);
#3628=ORIENTED_EDGE('',*,*,#2662,.T.);
#3629=ORIENTED_EDGE('',*,*,#2663,.F.);
#3630=ORIENTED_EDGE('',*,*,#2664,.F.);
#3631=ORIENTED_EDGE('',*,*,#2658,.T.);
#3632=ORIENTED_EDGE('',*,*,#2664,.T.);
#3633=ORIENTED_EDGE('',*,*,#2665,.F.);
#3634=ORIENTED_EDGE('',*,*,#2666,.F.);
#3635=ORIENTED_EDGE('',*,*,#2659,.T.);
#3636=ORIENTED_EDGE('',*,*,#2666,.T.);
#3637=ORIENTED_EDGE('',*,*,#2667,.F.);
#3638=ORIENTED_EDGE('',*,*,#2660,.F.);
#3639=ORIENTED_EDGE('',*,*,#2668,.F.);
#3640=ORIENTED_EDGE('',*,*,#2669,.F.);
#3641=ORIENTED_EDGE('',*,*,#2670,.F.);
#3642=ORIENTED_EDGE('',*,*,#2671,.F.);
#3643=ORIENTED_EDGE('',*,*,#2668,.T.);
#3644=ORIENTED_EDGE('',*,*,#2672,.T.);
#3645=ORIENTED_EDGE('',*,*,#2673,.F.);
#3646=ORIENTED_EDGE('',*,*,#2674,.F.);
#3647=ORIENTED_EDGE('',*,*,#2669,.T.);
#3648=ORIENTED_EDGE('',*,*,#2674,.T.);
#3649=ORIENTED_EDGE('',*,*,#2675,.F.);
#3650=ORIENTED_EDGE('',*,*,#2676,.F.);
#3651=ORIENTED_EDGE('',*,*,#2670,.T.);
#3652=ORIENTED_EDGE('',*,*,#2676,.T.);
#3653=ORIENTED_EDGE('',*,*,#2677,.F.);
#3654=ORIENTED_EDGE('',*,*,#2678,.F.);
#3655=ORIENTED_EDGE('',*,*,#2671,.T.);
#3656=ORIENTED_EDGE('',*,*,#2678,.T.);
#3657=ORIENTED_EDGE('',*,*,#2679,.F.);
#3658=ORIENTED_EDGE('',*,*,#2672,.F.);
#3659=ORIENTED_EDGE('',*,*,#2680,.F.);
#3660=ORIENTED_EDGE('',*,*,#2681,.F.);
#3661=ORIENTED_EDGE('',*,*,#2682,.F.);
#3662=ORIENTED_EDGE('',*,*,#2683,.F.);
#3663=ORIENTED_EDGE('',*,*,#2680,.T.);
#3664=ORIENTED_EDGE('',*,*,#2684,.T.);
#3665=ORIENTED_EDGE('',*,*,#2685,.F.);
#3666=ORIENTED_EDGE('',*,*,#2686,.F.);
#3667=ORIENTED_EDGE('',*,*,#2681,.T.);
#3668=ORIENTED_EDGE('',*,*,#2686,.T.);
#3669=ORIENTED_EDGE('',*,*,#2687,.F.);
#3670=ORIENTED_EDGE('',*,*,#2688,.F.);
#3671=ORIENTED_EDGE('',*,*,#2682,.T.);
#3672=ORIENTED_EDGE('',*,*,#2688,.T.);
#3673=ORIENTED_EDGE('',*,*,#2689,.F.);
#3674=ORIENTED_EDGE('',*,*,#2690,.F.);
#3675=ORIENTED_EDGE('',*,*,#2683,.T.);
#3676=ORIENTED_EDGE('',*,*,#2690,.T.);
#3677=ORIENTED_EDGE('',*,*,#2691,.F.);
#3678=ORIENTED_EDGE('',*,*,#2684,.F.);
#3679=ORIENTED_EDGE('',*,*,#2692,.F.);
#3680=ORIENTED_EDGE('',*,*,#2693,.F.);
#3681=ORIENTED_EDGE('',*,*,#2694,.F.);
#3682=ORIENTED_EDGE('',*,*,#2695,.F.);
#3683=ORIENTED_EDGE('',*,*,#2692,.T.);
#3684=ORIENTED_EDGE('',*,*,#2696,.T.);
#3685=ORIENTED_EDGE('',*,*,#2697,.F.);
#3686=ORIENTED_EDGE('',*,*,#2698,.F.);
#3687=ORIENTED_EDGE('',*,*,#2693,.T.);
#3688=ORIENTED_EDGE('',*,*,#2698,.T.);
#3689=ORIENTED_EDGE('',*,*,#2699,.F.);
#3690=ORIENTED_EDGE('',*,*,#2700,.F.);
#3691=ORIENTED_EDGE('',*,*,#2694,.T.);
#3692=ORIENTED_EDGE('',*,*,#2700,.T.);
#3693=ORIENTED_EDGE('',*,*,#2701,.F.);
#3694=ORIENTED_EDGE('',*,*,#2702,.F.);
#3695=ORIENTED_EDGE('',*,*,#2695,.T.);
#3696=ORIENTED_EDGE('',*,*,#2702,.T.);
#3697=ORIENTED_EDGE('',*,*,#2703,.F.);
#3698=ORIENTED_EDGE('',*,*,#2696,.F.);
#3699=ORIENTED_EDGE('',*,*,#2704,.F.);
#3700=ORIENTED_EDGE('',*,*,#2705,.F.);
#3701=ORIENTED_EDGE('',*,*,#2706,.F.);
#3702=ORIENTED_EDGE('',*,*,#2707,.F.);
#3703=ORIENTED_EDGE('',*,*,#2704,.T.);
#3704=ORIENTED_EDGE('',*,*,#2708,.T.);
#3705=ORIENTED_EDGE('',*,*,#2709,.F.);
#3706=ORIENTED_EDGE('',*,*,#2710,.F.);
#3707=ORIENTED_EDGE('',*,*,#2705,.T.);
#3708=ORIENTED_EDGE('',*,*,#2710,.T.);
#3709=ORIENTED_EDGE('',*,*,#2711,.F.);
#3710=ORIENTED_EDGE('',*,*,#2712,.F.);
#3711=ORIENTED_EDGE('',*,*,#2706,.T.);
#3712=ORIENTED_EDGE('',*,*,#2712,.T.);
#3713=ORIENTED_EDGE('',*,*,#2713,.F.);
#3714=ORIENTED_EDGE('',*,*,#2714,.F.);
#3715=ORIENTED_EDGE('',*,*,#2707,.T.);
#3716=ORIENTED_EDGE('',*,*,#2714,.T.);
#3717=ORIENTED_EDGE('',*,*,#2715,.F.);
#3718=ORIENTED_EDGE('',*,*,#2708,.F.);
#3719=ORIENTED_EDGE('',*,*,#2716,.F.);
#3720=ORIENTED_EDGE('',*,*,#2305,.F.);
#3721=ORIENTED_EDGE('',*,*,#2309,.F.);
#3722=ORIENTED_EDGE('',*,*,#2312,.F.);
#3723=ORIENTED_EDGE('',*,*,#2717,.F.);
#3724=ORIENTED_EDGE('',*,*,#2718,.F.);
#3725=ORIENTED_EDGE('',*,*,#2719,.T.);
#3726=ORIENTED_EDGE('',*,*,#2323,.T.);
#3727=ORIENTED_EDGE('',*,*,#2320,.T.);
#3728=ORIENTED_EDGE('',*,*,#2317,.T.);
#3729=ORIENTED_EDGE('',*,*,#2321,.T.);
#3730=ORIENTED_EDGE('',*,*,#2719,.F.);
#3731=ORIENTED_EDGE('',*,*,#2720,.F.);
#3732=ORIENTED_EDGE('',*,*,#2721,.T.);
#3733=ORIENTED_EDGE('',*,*,#2722,.F.);
#3734=ORIENTED_EDGE('',*,*,#2315,.F.);
#3735=ORIENTED_EDGE('',*,*,#2319,.F.);
#3736=ORIENTED_EDGE('',*,*,#2322,.F.);
#3737=ORIENTED_EDGE('',*,*,#2721,.F.);
#3738=ORIENTED_EDGE('',*,*,#2723,.F.);
#3739=ORIENTED_EDGE('',*,*,#2724,.F.);
#3740=ORIENTED_EDGE('',*,*,#2313,.F.);
#3741=ORIENTED_EDGE('',*,*,#2310,.F.);
#3742=ORIENTED_EDGE('',*,*,#2307,.F.);
#3743=ORIENTED_EDGE('',*,*,#2311,.T.);
#3744=ORIENTED_EDGE('',*,*,#2724,.T.);
#3745=ORIENTED_EDGE('',*,*,#2725,.F.);
#3746=ORIENTED_EDGE('',*,*,#2717,.T.);
#3747=ORIENTED_EDGE('',*,*,#2726,.F.);
#3748=ORIENTED_EDGE('',*,*,#2716,.T.);
#3749=ORIENTED_EDGE('',*,*,#2316,.T.);
#3750=ORIENTED_EDGE('',*,*,#2722,.T.);
#3751=ORIENTED_EDGE('',*,*,#2306,.F.);
#3752=ORIENTED_EDGE('',*,*,#2727,.F.);
#3753=ORIENTED_EDGE('',*,*,#2728,.T.);
#3754=ORIENTED_EDGE('',*,*,#2393,.T.);
#3755=ORIENTED_EDGE('',*,*,#2391,.T.);
#3756=ORIENTED_EDGE('',*,*,#2399,.T.);
#3757=ORIENTED_EDGE('',*,*,#2729,.T.);
#3758=ORIENTED_EDGE('',*,*,#2379,.T.);
#3759=ORIENTED_EDGE('',*,*,#2377,.T.);
#3760=ORIENTED_EDGE('',*,*,#2385,.T.);
#3761=ORIENTED_EDGE('',*,*,#2730,.T.);
#3762=ORIENTED_EDGE('',*,*,#2421,.T.);
#3763=ORIENTED_EDGE('',*,*,#2419,.T.);
#3764=ORIENTED_EDGE('',*,*,#2427,.T.);
#3765=ORIENTED_EDGE('',*,*,#2731,.T.);
#3766=ORIENTED_EDGE('',*,*,#2407,.T.);
#3767=ORIENTED_EDGE('',*,*,#2405,.T.);
#3768=ORIENTED_EDGE('',*,*,#2413,.T.);
#3769=ORIENTED_EDGE('',*,*,#2732,.T.);
#3770=ORIENTED_EDGE('',*,*,#2733,.T.);
#3771=ORIENTED_EDGE('',*,*,#2732,.F.);
#3772=ORIENTED_EDGE('',*,*,#2412,.T.);
#3773=ORIENTED_EDGE('',*,*,#2410,.T.);
#3774=ORIENTED_EDGE('',*,*,#2408,.T.);
#3775=ORIENTED_EDGE('',*,*,#2731,.F.);
#3776=ORIENTED_EDGE('',*,*,#2426,.T.);
#3777=ORIENTED_EDGE('',*,*,#2424,.T.);
#3778=ORIENTED_EDGE('',*,*,#2422,.T.);
#3779=ORIENTED_EDGE('',*,*,#2730,.F.);
#3780=ORIENTED_EDGE('',*,*,#2384,.T.);
#3781=ORIENTED_EDGE('',*,*,#2382,.T.);
#3782=ORIENTED_EDGE('',*,*,#2380,.T.);
#3783=ORIENTED_EDGE('',*,*,#2729,.F.);
#3784=ORIENTED_EDGE('',*,*,#2398,.T.);
#3785=ORIENTED_EDGE('',*,*,#2396,.T.);
#3786=ORIENTED_EDGE('',*,*,#2394,.T.);
#3787=ORIENTED_EDGE('',*,*,#2728,.F.);
#3788=ORIENTED_EDGE('',*,*,#2329,.T.);
#3789=ORIENTED_EDGE('',*,*,#2335,.T.);
#3790=ORIENTED_EDGE('',*,*,#2333,.T.);
#3791=ORIENTED_EDGE('',*,*,#2331,.T.);
#3792=ORIENTED_EDGE('',*,*,#2341,.T.);
#3793=ORIENTED_EDGE('',*,*,#2347,.T.);
#3794=ORIENTED_EDGE('',*,*,#2345,.T.);
#3795=ORIENTED_EDGE('',*,*,#2343,.T.);
#3796=ORIENTED_EDGE('',*,*,#2353,.T.);
#3797=ORIENTED_EDGE('',*,*,#2359,.T.);
#3798=ORIENTED_EDGE('',*,*,#2357,.T.);
#3799=ORIENTED_EDGE('',*,*,#2355,.T.);
#3800=ORIENTED_EDGE('',*,*,#2365,.T.);
#3801=ORIENTED_EDGE('',*,*,#2371,.T.);
#3802=ORIENTED_EDGE('',*,*,#2369,.T.);
#3803=ORIENTED_EDGE('',*,*,#2367,.T.);
#3804=ORIENTED_EDGE('',*,*,#2433,.T.);
#3805=ORIENTED_EDGE('',*,*,#2439,.T.);
#3806=ORIENTED_EDGE('',*,*,#2437,.T.);
#3807=ORIENTED_EDGE('',*,*,#2435,.T.);
#3808=ORIENTED_EDGE('',*,*,#2445,.T.);
#3809=ORIENTED_EDGE('',*,*,#2451,.T.);
#3810=ORIENTED_EDGE('',*,*,#2449,.T.);
#3811=ORIENTED_EDGE('',*,*,#2447,.T.);
#3812=ORIENTED_EDGE('',*,*,#2457,.T.);
#3813=ORIENTED_EDGE('',*,*,#2463,.T.);
#3814=ORIENTED_EDGE('',*,*,#2461,.T.);
#3815=ORIENTED_EDGE('',*,*,#2459,.T.);
#3816=ORIENTED_EDGE('',*,*,#2469,.T.);
#3817=ORIENTED_EDGE('',*,*,#2475,.T.);
#3818=ORIENTED_EDGE('',*,*,#2473,.T.);
#3819=ORIENTED_EDGE('',*,*,#2471,.T.);
#3820=ORIENTED_EDGE('',*,*,#2481,.T.);
#3821=ORIENTED_EDGE('',*,*,#2487,.T.);
#3822=ORIENTED_EDGE('',*,*,#2485,.T.);
#3823=ORIENTED_EDGE('',*,*,#2483,.T.);
#3824=ORIENTED_EDGE('',*,*,#2493,.T.);
#3825=ORIENTED_EDGE('',*,*,#2499,.T.);
#3826=ORIENTED_EDGE('',*,*,#2497,.T.);
#3827=ORIENTED_EDGE('',*,*,#2495,.T.);
#3828=ORIENTED_EDGE('',*,*,#2505,.T.);
#3829=ORIENTED_EDGE('',*,*,#2511,.T.);
#3830=ORIENTED_EDGE('',*,*,#2509,.T.);
#3831=ORIENTED_EDGE('',*,*,#2507,.T.);
#3832=ORIENTED_EDGE('',*,*,#2517,.T.);
#3833=ORIENTED_EDGE('',*,*,#2523,.T.);
#3834=ORIENTED_EDGE('',*,*,#2521,.T.);
#3835=ORIENTED_EDGE('',*,*,#2519,.T.);
#3836=ORIENTED_EDGE('',*,*,#2529,.T.);
#3837=ORIENTED_EDGE('',*,*,#2535,.T.);
#3838=ORIENTED_EDGE('',*,*,#2533,.T.);
#3839=ORIENTED_EDGE('',*,*,#2531,.T.);
#3840=ORIENTED_EDGE('',*,*,#2541,.T.);
#3841=ORIENTED_EDGE('',*,*,#2547,.T.);
#3842=ORIENTED_EDGE('',*,*,#2545,.T.);
#3843=ORIENTED_EDGE('',*,*,#2543,.T.);
#3844=ORIENTED_EDGE('',*,*,#2553,.T.);
#3845=ORIENTED_EDGE('',*,*,#2559,.T.);
#3846=ORIENTED_EDGE('',*,*,#2557,.T.);
#3847=ORIENTED_EDGE('',*,*,#2555,.T.);
#3848=ORIENTED_EDGE('',*,*,#2565,.T.);
#3849=ORIENTED_EDGE('',*,*,#2571,.T.);
#3850=ORIENTED_EDGE('',*,*,#2569,.T.);
#3851=ORIENTED_EDGE('',*,*,#2567,.T.);
#3852=ORIENTED_EDGE('',*,*,#2577,.T.);
#3853=ORIENTED_EDGE('',*,*,#2583,.T.);
#3854=ORIENTED_EDGE('',*,*,#2581,.T.);
#3855=ORIENTED_EDGE('',*,*,#2579,.T.);
#3856=ORIENTED_EDGE('',*,*,#2589,.T.);
#3857=ORIENTED_EDGE('',*,*,#2595,.T.);
#3858=ORIENTED_EDGE('',*,*,#2593,.T.);
#3859=ORIENTED_EDGE('',*,*,#2591,.T.);
#3860=ORIENTED_EDGE('',*,*,#2601,.T.);
#3861=ORIENTED_EDGE('',*,*,#2607,.T.);
#3862=ORIENTED_EDGE('',*,*,#2605,.T.);
#3863=ORIENTED_EDGE('',*,*,#2603,.T.);
#3864=ORIENTED_EDGE('',*,*,#2613,.T.);
#3865=ORIENTED_EDGE('',*,*,#2619,.T.);
#3866=ORIENTED_EDGE('',*,*,#2617,.T.);
#3867=ORIENTED_EDGE('',*,*,#2615,.T.);
#3868=ORIENTED_EDGE('',*,*,#2625,.T.);
#3869=ORIENTED_EDGE('',*,*,#2631,.T.);
#3870=ORIENTED_EDGE('',*,*,#2629,.T.);
#3871=ORIENTED_EDGE('',*,*,#2627,.T.);
#3872=ORIENTED_EDGE('',*,*,#2637,.T.);
#3873=ORIENTED_EDGE('',*,*,#2643,.T.);
#3874=ORIENTED_EDGE('',*,*,#2641,.T.);
#3875=ORIENTED_EDGE('',*,*,#2639,.T.);
#3876=ORIENTED_EDGE('',*,*,#2649,.T.);
#3877=ORIENTED_EDGE('',*,*,#2655,.T.);
#3878=ORIENTED_EDGE('',*,*,#2653,.T.);
#3879=ORIENTED_EDGE('',*,*,#2651,.T.);
#3880=ORIENTED_EDGE('',*,*,#2661,.T.);
#3881=ORIENTED_EDGE('',*,*,#2667,.T.);
#3882=ORIENTED_EDGE('',*,*,#2665,.T.);
#3883=ORIENTED_EDGE('',*,*,#2663,.T.);
#3884=ORIENTED_EDGE('',*,*,#2673,.T.);
#3885=ORIENTED_EDGE('',*,*,#2679,.T.);
#3886=ORIENTED_EDGE('',*,*,#2677,.T.);
#3887=ORIENTED_EDGE('',*,*,#2675,.T.);
#3888=ORIENTED_EDGE('',*,*,#2685,.T.);
#3889=ORIENTED_EDGE('',*,*,#2691,.T.);
#3890=ORIENTED_EDGE('',*,*,#2689,.T.);
#3891=ORIENTED_EDGE('',*,*,#2687,.T.);
#3892=ORIENTED_EDGE('',*,*,#2697,.T.);
#3893=ORIENTED_EDGE('',*,*,#2703,.T.);
#3894=ORIENTED_EDGE('',*,*,#2701,.T.);
#3895=ORIENTED_EDGE('',*,*,#2699,.T.);
#3896=ORIENTED_EDGE('',*,*,#2709,.T.);
#3897=ORIENTED_EDGE('',*,*,#2715,.T.);
#3898=ORIENTED_EDGE('',*,*,#2713,.T.);
#3899=ORIENTED_EDGE('',*,*,#2711,.T.);
#3900=ORIENTED_EDGE('',*,*,#2733,.F.);
#3901=ORIENTED_EDGE('',*,*,#2734,.F.);
#3902=ORIENTED_EDGE('',*,*,#2734,.T.);
#3903=ORIENTED_EDGE('',*,*,#2735,.T.);
#3904=ORIENTED_EDGE('',*,*,#2736,.T.);
#3905=ORIENTED_EDGE('',*,*,#2735,.F.);
#3906=ORIENTED_EDGE('',*,*,#2737,.F.);
#3907=ORIENTED_EDGE('',*,*,#2738,.T.);
#3908=ORIENTED_EDGE('',*,*,#2726,.T.);
#3909=ORIENTED_EDGE('',*,*,#2738,.F.);
#3910=ORIENTED_EDGE('',*,*,#2737,.T.);
#3911=ORIENTED_EDGE('',*,*,#2727,.T.);
#3912=ORIENTED_EDGE('',*,*,#2718,.T.);
#3913=ORIENTED_EDGE('',*,*,#2725,.T.);
#3914=ORIENTED_EDGE('',*,*,#2723,.T.);
#3915=ORIENTED_EDGE('',*,*,#2720,.T.);
#3916=ORIENTED_EDGE('',*,*,#2736,.F.);
#3917=ORIENTED_EDGE('',*,*,#2739,.F.);
#3918=ORIENTED_EDGE('',*,*,#2740,.T.);
#3919=ORIENTED_EDGE('',*,*,#2740,.F.);
#3920=ORIENTED_EDGE('',*,*,#2741,.T.);
#3921=ORIENTED_EDGE('',*,*,#2742,.T.);
#3922=ORIENTED_EDGE('',*,*,#2741,.F.);
#3923=ORIENTED_EDGE('',*,*,#2743,.F.);
#3924=ORIENTED_EDGE('',*,*,#2744,.T.);
#3925=ORIENTED_EDGE('',*,*,#2744,.F.);
#3926=ORIENTED_EDGE('',*,*,#2745,.T.);
#3927=ORIENTED_EDGE('',*,*,#2746,.T.);
#3928=ORIENTED_EDGE('',*,*,#2745,.F.);
#3929=ORIENTED_EDGE('',*,*,#2747,.F.);
#3930=ORIENTED_EDGE('',*,*,#2748,.T.);
#3931=ORIENTED_EDGE('',*,*,#2748,.F.);
#3932=ORIENTED_EDGE('',*,*,#2749,.T.);
#3933=ORIENTED_EDGE('',*,*,#2750,.T.);
#3934=ORIENTED_EDGE('',*,*,#2749,.F.);
#3935=ORIENTED_EDGE('',*,*,#2751,.F.);
#3936=ORIENTED_EDGE('',*,*,#2752,.T.);
#3937=ORIENTED_EDGE('',*,*,#2752,.F.);
#3938=ORIENTED_EDGE('',*,*,#2753,.T.);
#3939=ORIENTED_EDGE('',*,*,#2754,.T.);
#3940=ORIENTED_EDGE('',*,*,#2753,.F.);
#3941=ORIENTED_EDGE('',*,*,#2755,.F.);
#3942=ORIENTED_EDGE('',*,*,#2756,.T.);
#3943=ORIENTED_EDGE('',*,*,#2757,.F.);
#3944=ORIENTED_EDGE('',*,*,#2758,.F.);
#3945=ORIENTED_EDGE('',*,*,#2759,.F.);
#3946=ORIENTED_EDGE('',*,*,#2758,.T.);
#3947=ORIENTED_EDGE('',*,*,#2760,.F.);
#3948=ORIENTED_EDGE('',*,*,#2761,.F.);
#3949=ORIENTED_EDGE('',*,*,#2762,.F.);
#3950=ORIENTED_EDGE('',*,*,#2761,.T.);
#3951=ORIENTED_EDGE('',*,*,#2763,.F.);
#3952=ORIENTED_EDGE('',*,*,#2764,.F.);
#3953=ORIENTED_EDGE('',*,*,#2765,.F.);
#3954=ORIENTED_EDGE('',*,*,#2764,.T.);
#3955=ORIENTED_EDGE('',*,*,#2766,.F.);
#3956=ORIENTED_EDGE('',*,*,#2756,.F.);
#3957=ORIENTED_EDGE('',*,*,#2766,.T.);
#3958=ORIENTED_EDGE('',*,*,#2763,.T.);
#3959=ORIENTED_EDGE('',*,*,#2760,.T.);
#3960=ORIENTED_EDGE('',*,*,#2757,.T.);
#3961=ORIENTED_EDGE('',*,*,#2767,.F.);
#3962=ORIENTED_EDGE('',*,*,#2768,.F.);
#3963=ORIENTED_EDGE('',*,*,#2769,.F.);
#3964=ORIENTED_EDGE('',*,*,#2770,.F.);
#3965=ORIENTED_EDGE('',*,*,#2769,.T.);
#3966=ORIENTED_EDGE('',*,*,#2771,.T.);
#3967=ORIENTED_EDGE('',*,*,#2772,.F.);
#3968=ORIENTED_EDGE('',*,*,#2773,.F.);
#3969=ORIENTED_EDGE('',*,*,#2768,.T.);
#3970=ORIENTED_EDGE('',*,*,#2774,.T.);
#3971=ORIENTED_EDGE('',*,*,#2775,.F.);
#3972=ORIENTED_EDGE('',*,*,#2771,.F.);
#3973=ORIENTED_EDGE('',*,*,#2776,.F.);
#3974=ORIENTED_EDGE('',*,*,#2777,.T.);
#3975=ORIENTED_EDGE('',*,*,#2743,.T.);
#3976=ORIENTED_EDGE('',*,*,#2777,.F.);
#3977=ORIENTED_EDGE('',*,*,#2778,.F.);
#3978=ORIENTED_EDGE('',*,*,#2779,.T.);
#3979=ORIENTED_EDGE('',*,*,#2747,.T.);
#3980=ORIENTED_EDGE('',*,*,#2779,.F.);
#3981=ORIENTED_EDGE('',*,*,#2780,.F.);
#3982=ORIENTED_EDGE('',*,*,#2781,.T.);
#3983=ORIENTED_EDGE('',*,*,#2751,.T.);
#3984=ORIENTED_EDGE('',*,*,#2781,.F.);
#3985=ORIENTED_EDGE('',*,*,#2782,.F.);
#3986=ORIENTED_EDGE('',*,*,#2783,.T.);
#3987=ORIENTED_EDGE('',*,*,#2739,.T.);
#3988=ORIENTED_EDGE('',*,*,#2783,.F.);
#3989=ORIENTED_EDGE('',*,*,#2770,.T.);
#3990=ORIENTED_EDGE('',*,*,#2773,.T.);
#3991=ORIENTED_EDGE('',*,*,#2784,.F.);
#3992=ORIENTED_EDGE('',*,*,#2785,.F.);
#3993=ORIENTED_EDGE('',*,*,#2767,.T.);
#3994=ORIENTED_EDGE('',*,*,#2785,.T.);
#3995=ORIENTED_EDGE('',*,*,#2786,.F.);
#3996=ORIENTED_EDGE('',*,*,#2774,.F.);
#3997=ORIENTED_EDGE('',*,*,#2786,.T.);
#3998=ORIENTED_EDGE('',*,*,#2784,.T.);
#3999=ORIENTED_EDGE('',*,*,#2772,.T.);
#4000=ORIENTED_EDGE('',*,*,#2775,.T.);
#4001=ORIENTED_EDGE('',*,*,#2782,.T.);
#4002=ORIENTED_EDGE('',*,*,#2780,.T.);
#4003=ORIENTED_EDGE('',*,*,#2778,.T.);
#4004=ORIENTED_EDGE('',*,*,#2776,.T.);
#4005=ORIENTED_EDGE('',*,*,#2765,.T.);
#4006=ORIENTED_EDGE('',*,*,#2755,.T.);
#4007=ORIENTED_EDGE('',*,*,#2759,.T.);
#4008=ORIENTED_EDGE('',*,*,#2762,.T.);
#4009=ORIENTED_EDGE('',*,*,#2742,.F.);
#4010=ORIENTED_EDGE('',*,*,#2746,.F.);
#4011=ORIENTED_EDGE('',*,*,#2750,.F.);
#4012=ORIENTED_EDGE('',*,*,#2754,.F.);
#4013=PLANE('',#4515);
#4014=PLANE('',#4516);
#4015=PLANE('',#4517);
#4016=PLANE('',#4518);
#4017=PLANE('',#4519);
#4018=PLANE('',#4520);
#4019=PLANE('',#4521);
#4020=PLANE('',#4522);
#4021=PLANE('',#4523);
#4022=PLANE('',#4524);
#4023=PLANE('',#4525);
#4024=PLANE('',#4526);
#4025=PLANE('',#4527);
#4026=PLANE('',#4528);
#4027=PLANE('',#4529);
#4028=PLANE('',#4530);
#4029=PLANE('',#4531);
#4030=PLANE('',#4532);
#4031=PLANE('',#4558);
#4032=PLANE('',#4559);
#4033=PLANE('',#4560);
#4034=PLANE('',#4561);
#4035=PLANE('',#4566);
#4036=PLANE('',#4567);
#4037=PLANE('',#4568);
#4038=PLANE('',#4569);
#4039=PLANE('',#4570);
#4040=PLANE('',#4571);
#4041=PLANE('',#4584);
#4042=PLANE('',#4590);
#4043=PLANE('',#4594);
#4044=PLANE('',#4600);
#4045=PLANE('',#4601);
#4046=PLANE('',#4614);
#4047=PLANE('',#4615);
#4048=PLANE('',#4617);
#4049=PLANE('',#4618);
#4050=PLANE('',#4623);
#4051=PLANE('',#4624);
#4052=PLANE('',#4626);
#4053=PLANE('',#4627);
#4054=PLANE('',#4632);
#4055=PLANE('',#4633);
#4056=PLANE('',#4635);
#4057=PLANE('',#4636);
#4058=PLANE('',#4641);
#4059=PLANE('',#4642);
#4060=PLANE('',#4644);
#4061=PLANE('',#4645);
#4062=PLANE('',#4650);
#4063=PLANE('',#4651);
#4064=PLANE('',#4654);
#4065=PLANE('',#4655);
#4066=PLANE('',#4661);
#4067=PLANE('',#4662);
#4068=PLANE('',#4665);
#4069=PLANE('',#4666);
#4070=PLANE('',#4672);
#4071=PLANE('',#4673);
#4072=PLANE('',#4676);
#4073=PLANE('',#4677);
#4074=PLANE('',#4683);
#4075=PLANE('',#4684);
#4076=PLANE('',#4687);
#4077=PLANE('',#4688);
#4078=PLANE('',#4694);
#4079=PLANE('',#4695);
#4080=PLANE('',#4697);
#4081=PLANE('',#4698);
#4082=PLANE('',#4703);
#4083=PLANE('',#4704);
#4084=PLANE('',#4706);
#4085=PLANE('',#4707);
#4086=PLANE('',#4712);
#4087=PLANE('',#4713);
#4088=PLANE('',#4715);
#4089=PLANE('',#4716);
#4090=PLANE('',#4721);
#4091=PLANE('',#4722);
#4092=PLANE('',#4724);
#4093=PLANE('',#4725);
#4094=PLANE('',#4730);
#4095=PLANE('',#4731);
#4096=PLANE('',#4733);
#4097=PLANE('',#4734);
#4098=PLANE('',#4739);
#4099=PLANE('',#4740);
#4100=PLANE('',#4742);
#4101=PLANE('',#4743);
#4102=PLANE('',#4748);
#4103=PLANE('',#4749);
#4104=PLANE('',#4751);
#4105=PLANE('',#4752);
#4106=PLANE('',#4757);
#4107=PLANE('',#4758);
#4108=PLANE('',#4760);
#4109=PLANE('',#4761);
#4110=PLANE('',#4766);
#4111=PLANE('',#4767);
#4112=PLANE('',#4769);
#4113=PLANE('',#4770);
#4114=PLANE('',#4775);
#4115=PLANE('',#4776);
#4116=PLANE('',#4778);
#4117=PLANE('',#4779);
#4118=PLANE('',#4784);
#4119=PLANE('',#4785);
#4120=PLANE('',#4787);
#4121=PLANE('',#4788);
#4122=PLANE('',#4793);
#4123=PLANE('',#4794);
#4124=PLANE('',#4796);
#4125=PLANE('',#4797);
#4126=PLANE('',#4802);
#4127=PLANE('',#4803);
#4128=PLANE('',#4805);
#4129=PLANE('',#4806);
#4130=PLANE('',#4811);
#4131=PLANE('',#4812);
#4132=PLANE('',#4814);
#4133=PLANE('',#4815);
#4134=PLANE('',#4820);
#4135=PLANE('',#4821);
#4136=PLANE('',#4823);
#4137=PLANE('',#4824);
#4138=PLANE('',#4829);
#4139=PLANE('',#4830);
#4140=PLANE('',#4832);
#4141=PLANE('',#4833);
#4142=PLANE('',#4838);
#4143=PLANE('',#4839);
#4144=PLANE('',#4841);
#4145=PLANE('',#4842);
#4146=PLANE('',#4847);
#4147=PLANE('',#4848);
#4148=PLANE('',#4850);
#4149=PLANE('',#4851);
#4150=PLANE('',#4856);
#4151=PLANE('',#4857);
#4152=PLANE('',#4859);
#4153=PLANE('',#4860);
#4154=PLANE('',#4865);
#4155=PLANE('',#4866);
#4156=PLANE('',#4868);
#4157=PLANE('',#4869);
#4158=PLANE('',#4874);
#4159=PLANE('',#4875);
#4160=PLANE('',#4877);
#4161=PLANE('',#4878);
#4162=PLANE('',#4883);
#4163=PLANE('',#4884);
#4164=PLANE('',#4886);
#4165=PLANE('',#4887);
#4166=PLANE('',#4892);
#4167=PLANE('',#4893);
#4168=PLANE('',#4895);
#4169=PLANE('',#4896);
#4170=PLANE('',#4901);
#4171=PLANE('',#4902);
#4172=PLANE('',#4904);
#4173=PLANE('',#4905);
#4174=PLANE('',#4911);
#4175=PLANE('',#4916);
#4176=PLANE('',#4922);
#4177=PLANE('',#4923);
#4178=PLANE('',#4925);
#4179=PLANE('',#4930);
#4180=PLANE('',#4935);
#4181=PLANE('',#4940);
#4182=PLANE('',#4945);
#4183=PLANE('',#4946);
#4184=PLANE('',#4947);
#4185=PLANE('',#4948);
#4186=PLANE('',#4949);
#4187=PLANE('',#4950);
#4188=PLANE('',#4951);
#4189=PLANE('',#4960);
#4190=PLANE('',#4961);
#4191=PLANE('',#4962);
#4192=PLANE('',#4963);
#4193=ADVANCED_FACE('',(#430),#4013,.F.);
#4194=ADVANCED_FACE('',(#431),#4014,.F.);
#4195=ADVANCED_FACE('',(#432),#4015,.F.);
#4196=ADVANCED_FACE('',(#433),#4016,.F.);
#4197=ADVANCED_FACE('',(#434),#4017,.T.);
#4198=ADVANCED_FACE('',(#435),#4018,.T.);
#4199=ADVANCED_FACE('',(#436),#4019,.T.);
#4200=ADVANCED_FACE('',(#437),#4020,.T.);
#4201=ADVANCED_FACE('',(#438),#4021,.T.);
#4202=ADVANCED_FACE('',(#439),#4022,.T.);
#4203=ADVANCED_FACE('',(#440),#4023,.T.);
#4204=ADVANCED_FACE('',(#441),#4024,.T.);
#4205=ADVANCED_FACE('',(#442),#4025,.T.);
#4206=ADVANCED_FACE('',(#443),#4026,.T.);
#4207=ADVANCED_FACE('',(#444),#4027,.T.);
#4208=ADVANCED_FACE('',(#445),#4028,.T.);
#4209=ADVANCED_FACE('',(#446),#4029,.T.);
#4210=ADVANCED_FACE('',(#447),#4030,.F.);
#4211=ADVANCED_FACE('',(#448),#339,.F.);
#4212=ADVANCED_FACE('',(#449),#340,.F.);
#4213=ADVANCED_FACE('',(#450),#341,.F.);
#4214=ADVANCED_FACE('',(#451),#342,.F.);
#4215=ADVANCED_FACE('',(#452),#343,.F.);
#4216=ADVANCED_FACE('',(#453),#344,.F.);
#4217=ADVANCED_FACE('',(#454),#345,.F.);
#4218=ADVANCED_FACE('',(#455),#346,.F.);
#4219=ADVANCED_FACE('',(#456,#91,#92,#93,#94,#95,#96,#97,#98),#4031,.T.);
#4220=ADVANCED_FACE('',(#457),#4032,.T.);
#4221=ADVANCED_FACE('',(#458),#4033,.T.);
#4222=ADVANCED_FACE('',(#459),#4034,.T.);
#4223=ADVANCED_FACE('',(#460),#87,.F.);
#4224=ADVANCED_FACE('',(#461),#88,.F.);
#4225=ADVANCED_FACE('',(#462),#89,.F.);
#4226=ADVANCED_FACE('',(#463),#90,.F.);
#4227=ADVANCED_FACE('',(#464),#4035,.T.);
#4228=ADVANCED_FACE('',(#465),#4036,.T.);
#4229=ADVANCED_FACE('',(#466),#4037,.T.);
#4230=ADVANCED_FACE('',(#467),#4038,.T.);
#4231=ADVANCED_FACE('',(#468),#4039,.T.);
#4232=ADVANCED_FACE('',(#469),#4040,.T.);
#4233=ADVANCED_FACE('',(#470),#347,.T.);
#4234=ADVANCED_FACE('',(#471),#348,.T.);
#4235=ADVANCED_FACE('',(#472),#349,.T.);
#4236=ADVANCED_FACE('',(#473),#350,.T.);
#4237=ADVANCED_FACE('',(#474),#351,.T.);
#4238=ADVANCED_FACE('',(#475),#352,.T.);
#4239=ADVANCED_FACE('',(#476),#353,.F.);
#4240=ADVANCED_FACE('',(#477,#99),#4041,.F.);
#4241=ADVANCED_FACE('',(#478),#39,.F.);
#4242=ADVANCED_FACE('',(#479),#354,.T.);
#4243=ADVANCED_FACE('',(#480),#40,.F.);
#4244=ADVANCED_FACE('',(#481),#355,.T.);
#4245=ADVANCED_FACE('',(#482,#100),#4042,.F.);
#4246=ADVANCED_FACE('',(#483),#356,.F.);
#4247=ADVANCED_FACE('',(#484,#101),#4043,.F.);
#4248=ADVANCED_FACE('',(#485),#357,.F.);
#4249=ADVANCED_FACE('',(#486),#358,.T.);
#4250=ADVANCED_FACE('',(#487,#102),#4044,.T.);
#4251=ADVANCED_FACE('',(#488,#103),#4045,.F.);
#4252=ADVANCED_FACE('',(#489),#359,.T.);
#4253=ADVANCED_FACE('',(#490),#360,.T.);
#4254=ADVANCED_FACE('',(#491),#361,.T.);
#4255=ADVANCED_FACE('',(#492),#362,.T.);
#4256=ADVANCED_FACE('',(#493),#363,.T.);
#4257=ADVANCED_FACE('',(#494),#364,.T.);
#4258=ADVANCED_FACE('',(#495),#365,.F.);
#4259=ADVANCED_FACE('',(#496),#4046,.T.);
#4260=ADVANCED_FACE('',(#497),#4047,.T.);
#4261=ADVANCED_FACE('',(#498),#4048,.T.);
#4262=ADVANCED_FACE('',(#499),#4049,.T.);
#4263=ADVANCED_FACE('',(#500),#366,.F.);
#4264=ADVANCED_FACE('',(#501),#4050,.T.);
#4265=ADVANCED_FACE('',(#502),#4051,.T.);
#4266=ADVANCED_FACE('',(#503),#4052,.T.);
#4267=ADVANCED_FACE('',(#504),#4053,.T.);
#4268=ADVANCED_FACE('',(#505),#367,.F.);
#4269=ADVANCED_FACE('',(#506),#4054,.T.);
#4270=ADVANCED_FACE('',(#507),#4055,.T.);
#4271=ADVANCED_FACE('',(#508),#4056,.T.);
#4272=ADVANCED_FACE('',(#509),#4057,.T.);
#4273=ADVANCED_FACE('',(#510),#368,.F.);
#4274=ADVANCED_FACE('',(#511),#4058,.T.);
#4275=ADVANCED_FACE('',(#512),#4059,.T.);
#4276=ADVANCED_FACE('',(#513),#4060,.T.);
#4277=ADVANCED_FACE('',(#514),#4061,.T.);
#4278=ADVANCED_FACE('',(#515),#369,.F.);
#4279=ADVANCED_FACE('',(#516),#4062,.T.);
#4280=ADVANCED_FACE('',(#517),#4063,.T.);
#4281=ADVANCED_FACE('',(#518),#4064,.T.);
#4282=ADVANCED_FACE('',(#519),#4065,.T.);
#4283=ADVANCED_FACE('',(#520),#370,.F.);
#4284=ADVANCED_FACE('',(#521),#4066,.T.);
#4285=ADVANCED_FACE('',(#522),#4067,.T.);
#4286=ADVANCED_FACE('',(#523),#4068,.T.);
#4287=ADVANCED_FACE('',(#524),#4069,.T.);
#4288=ADVANCED_FACE('',(#525),#371,.F.);
#4289=ADVANCED_FACE('',(#526),#4070,.T.);
#4290=ADVANCED_FACE('',(#527),#4071,.T.);
#4291=ADVANCED_FACE('',(#528),#4072,.T.);
#4292=ADVANCED_FACE('',(#529),#4073,.T.);
#4293=ADVANCED_FACE('',(#530),#372,.F.);
#4294=ADVANCED_FACE('',(#531),#4074,.T.);
#4295=ADVANCED_FACE('',(#532),#4075,.T.);
#4296=ADVANCED_FACE('',(#533),#4076,.T.);
#4297=ADVANCED_FACE('',(#534),#4077,.T.);
#4298=ADVANCED_FACE('',(#535),#373,.F.);
#4299=ADVANCED_FACE('',(#536),#4078,.T.);
#4300=ADVANCED_FACE('',(#537),#4079,.T.);
#4301=ADVANCED_FACE('',(#538),#4080,.T.);
#4302=ADVANCED_FACE('',(#539),#4081,.T.);
#4303=ADVANCED_FACE('',(#540),#374,.F.);
#4304=ADVANCED_FACE('',(#541),#4082,.T.);
#4305=ADVANCED_FACE('',(#542),#4083,.T.);
#4306=ADVANCED_FACE('',(#543),#4084,.T.);
#4307=ADVANCED_FACE('',(#544),#4085,.T.);
#4308=ADVANCED_FACE('',(#545),#375,.F.);
#4309=ADVANCED_FACE('',(#546),#4086,.T.);
#4310=ADVANCED_FACE('',(#547),#4087,.T.);
#4311=ADVANCED_FACE('',(#548),#4088,.T.);
#4312=ADVANCED_FACE('',(#549),#4089,.T.);
#4313=ADVANCED_FACE('',(#550),#376,.F.);
#4314=ADVANCED_FACE('',(#551),#4090,.T.);
#4315=ADVANCED_FACE('',(#552),#4091,.T.);
#4316=ADVANCED_FACE('',(#553),#4092,.T.);
#4317=ADVANCED_FACE('',(#554),#4093,.T.);
#4318=ADVANCED_FACE('',(#555),#377,.F.);
#4319=ADVANCED_FACE('',(#556),#4094,.T.);
#4320=ADVANCED_FACE('',(#557),#4095,.T.);
#4321=ADVANCED_FACE('',(#558),#4096,.T.);
#4322=ADVANCED_FACE('',(#559),#4097,.T.);
#4323=ADVANCED_FACE('',(#560),#378,.F.);
#4324=ADVANCED_FACE('',(#561),#4098,.T.);
#4325=ADVANCED_FACE('',(#562),#4099,.T.);
#4326=ADVANCED_FACE('',(#563),#4100,.T.);
#4327=ADVANCED_FACE('',(#564),#4101,.T.);
#4328=ADVANCED_FACE('',(#565),#379,.F.);
#4329=ADVANCED_FACE('',(#566),#4102,.T.);
#4330=ADVANCED_FACE('',(#567),#4103,.T.);
#4331=ADVANCED_FACE('',(#568),#4104,.T.);
#4332=ADVANCED_FACE('',(#569),#4105,.T.);
#4333=ADVANCED_FACE('',(#570),#380,.F.);
#4334=ADVANCED_FACE('',(#571),#4106,.T.);
#4335=ADVANCED_FACE('',(#572),#4107,.T.);
#4336=ADVANCED_FACE('',(#573),#4108,.T.);
#4337=ADVANCED_FACE('',(#574),#4109,.T.);
#4338=ADVANCED_FACE('',(#575),#381,.F.);
#4339=ADVANCED_FACE('',(#576),#4110,.T.);
#4340=ADVANCED_FACE('',(#577),#4111,.T.);
#4341=ADVANCED_FACE('',(#578),#4112,.T.);
#4342=ADVANCED_FACE('',(#579),#4113,.T.);
#4343=ADVANCED_FACE('',(#580),#382,.F.);
#4344=ADVANCED_FACE('',(#581),#4114,.T.);
#4345=ADVANCED_FACE('',(#582),#4115,.T.);
#4346=ADVANCED_FACE('',(#583),#4116,.T.);
#4347=ADVANCED_FACE('',(#584),#4117,.T.);
#4348=ADVANCED_FACE('',(#585),#383,.F.);
#4349=ADVANCED_FACE('',(#586),#4118,.T.);
#4350=ADVANCED_FACE('',(#587),#4119,.T.);
#4351=ADVANCED_FACE('',(#588),#4120,.T.);
#4352=ADVANCED_FACE('',(#589),#4121,.T.);
#4353=ADVANCED_FACE('',(#590),#384,.F.);
#4354=ADVANCED_FACE('',(#591),#4122,.T.);
#4355=ADVANCED_FACE('',(#592),#4123,.T.);
#4356=ADVANCED_FACE('',(#593),#4124,.T.);
#4357=ADVANCED_FACE('',(#594),#4125,.T.);
#4358=ADVANCED_FACE('',(#595),#385,.F.);
#4359=ADVANCED_FACE('',(#596),#4126,.T.);
#4360=ADVANCED_FACE('',(#597),#4127,.T.);
#4361=ADVANCED_FACE('',(#598),#4128,.T.);
#4362=ADVANCED_FACE('',(#599),#4129,.T.);
#4363=ADVANCED_FACE('',(#600),#386,.F.);
#4364=ADVANCED_FACE('',(#601),#4130,.T.);
#4365=ADVANCED_FACE('',(#602),#4131,.T.);
#4366=ADVANCED_FACE('',(#603),#4132,.T.);
#4367=ADVANCED_FACE('',(#604),#4133,.T.);
#4368=ADVANCED_FACE('',(#605),#387,.F.);
#4369=ADVANCED_FACE('',(#606),#4134,.T.);
#4370=ADVANCED_FACE('',(#607),#4135,.T.);
#4371=ADVANCED_FACE('',(#608),#4136,.T.);
#4372=ADVANCED_FACE('',(#609),#4137,.T.);
#4373=ADVANCED_FACE('',(#610),#388,.F.);
#4374=ADVANCED_FACE('',(#611),#4138,.T.);
#4375=ADVANCED_FACE('',(#612),#4139,.T.);
#4376=ADVANCED_FACE('',(#613),#4140,.T.);
#4377=ADVANCED_FACE('',(#614),#4141,.T.);
#4378=ADVANCED_FACE('',(#615),#389,.F.);
#4379=ADVANCED_FACE('',(#616),#4142,.T.);
#4380=ADVANCED_FACE('',(#617),#4143,.T.);
#4381=ADVANCED_FACE('',(#618),#4144,.T.);
#4382=ADVANCED_FACE('',(#619),#4145,.T.);
#4383=ADVANCED_FACE('',(#620),#390,.F.);
#4384=ADVANCED_FACE('',(#621),#4146,.T.);
#4385=ADVANCED_FACE('',(#622),#4147,.T.);
#4386=ADVANCED_FACE('',(#623),#4148,.T.);
#4387=ADVANCED_FACE('',(#624),#4149,.T.);
#4388=ADVANCED_FACE('',(#625),#391,.F.);
#4389=ADVANCED_FACE('',(#626),#4150,.T.);
#4390=ADVANCED_FACE('',(#627),#4151,.T.);
#4391=ADVANCED_FACE('',(#628),#4152,.T.);
#4392=ADVANCED_FACE('',(#629),#4153,.T.);
#4393=ADVANCED_FACE('',(#630),#392,.F.);
#4394=ADVANCED_FACE('',(#631),#4154,.T.);
#4395=ADVANCED_FACE('',(#632),#4155,.T.);
#4396=ADVANCED_FACE('',(#633),#4156,.T.);
#4397=ADVANCED_FACE('',(#634),#4157,.T.);
#4398=ADVANCED_FACE('',(#635),#393,.F.);
#4399=ADVANCED_FACE('',(#636),#4158,.T.);
#4400=ADVANCED_FACE('',(#637),#4159,.T.);
#4401=ADVANCED_FACE('',(#638),#4160,.T.);
#4402=ADVANCED_FACE('',(#639),#4161,.T.);
#4403=ADVANCED_FACE('',(#640),#394,.F.);
#4404=ADVANCED_FACE('',(#641),#4162,.T.);
#4405=ADVANCED_FACE('',(#642),#4163,.T.);
#4406=ADVANCED_FACE('',(#643),#4164,.T.);
#4407=ADVANCED_FACE('',(#644),#4165,.T.);
#4408=ADVANCED_FACE('',(#645),#395,.F.);
#4409=ADVANCED_FACE('',(#646),#4166,.T.);
#4410=ADVANCED_FACE('',(#647),#4167,.T.);
#4411=ADVANCED_FACE('',(#648),#4168,.T.);
#4412=ADVANCED_FACE('',(#649),#4169,.T.);
#4413=ADVANCED_FACE('',(#650),#396,.F.);
#4414=ADVANCED_FACE('',(#651),#4170,.T.);
#4415=ADVANCED_FACE('',(#652),#4171,.T.);
#4416=ADVANCED_FACE('',(#653),#4172,.T.);
#4417=ADVANCED_FACE('',(#654),#4173,.T.);
#4418=ADVANCED_FACE('',(#655),#41,.F.);
#4419=ADVANCED_FACE('',(#656),#397,.T.);
#4420=ADVANCED_FACE('',(#657),#42,.F.);
#4421=ADVANCED_FACE('',(#658),#398,.T.);
#4422=ADVANCED_FACE('',(#659,#104),#4174,.F.);
#4423=ADVANCED_FACE('',(#660,#105,#106,#107,#108,#109,#110,#111,#112,#113,
#114,#115,#116,#117,#118,#119,#120,#121,#122,#123,#124,#125,#126,#127,#128,
#129,#130,#131,#132),#399,.F.);
#4424=ADVANCED_FACE('',(#661,#133),#4175,.F.);
#4425=ADVANCED_FACE('',(#662),#400,.F.);
#4426=ADVANCED_FACE('',(#663),#401,.T.);
#4427=ADVANCED_FACE('',(#664,#134),#4176,.T.);
#4428=ADVANCED_FACE('',(#665,#135),#4177,.F.);
#4429=ADVANCED_FACE('',(#666,#136),#4178,.T.);
#4430=ADVANCED_FACE('',(#667),#402,.F.);
#4431=ADVANCED_FACE('',(#668,#137),#4179,.T.);
#4432=ADVANCED_FACE('',(#669),#403,.F.);
#4433=ADVANCED_FACE('',(#670,#138),#4180,.T.);
#4434=ADVANCED_FACE('',(#671),#404,.F.);
#4435=ADVANCED_FACE('',(#672,#139),#4181,.T.);
#4436=ADVANCED_FACE('',(#673),#405,.F.);
#4437=ADVANCED_FACE('',(#674),#4182,.T.);
#4438=ADVANCED_FACE('',(#675),#4183,.T.);
#4439=ADVANCED_FACE('',(#676),#4184,.T.);
#4440=ADVANCED_FACE('',(#677),#4185,.T.);
#4441=ADVANCED_FACE('',(#678,#140),#4186,.T.);
#4442=ADVANCED_FACE('',(#679),#4187,.T.);
#4443=ADVANCED_FACE('',(#680),#4188,.T.);
#4444=ADVANCED_FACE('',(#681),#406,.F.);
#4445=ADVANCED_FACE('',(#682),#407,.F.);
#4446=ADVANCED_FACE('',(#683),#408,.F.);
#4447=ADVANCED_FACE('',(#684),#409,.F.);
#4448=ADVANCED_FACE('',(#685),#4189,.T.);
#4449=ADVANCED_FACE('',(#686),#4190,.T.);
#4450=ADVANCED_FACE('',(#687,#141,#142,#143,#144),#4191,.T.);
#4451=ADVANCED_FACE('',(#688,#145,#146,#147,#148),#4192,.F.);
#4452=CLOSED_SHELL('',(#4193,#4194,#4195,#4196,#4197,#4198,#4199,#4200,
#4201,#4202,#4203,#4204,#4205,#4206,#4207,#4208,#4209,#4210));
#4453=CLOSED_SHELL('',(#4211,#4212,#4213,#4214,#4215,#4216,#4217,#4218,
#4219,#4220,#4221,#4222,#4223,#4224,#4225,#4226,#4227,#4228,#4229,#4230,
#4231,#4232));
#4454=CLOSED_SHELL('',(#4233,#4234,#4235,#4236,#4237,#4238,#4239,#4240,
#4241,#4242,#4243,#4244,#4245,#4246,#4247,#4248,#4249,#4250,#4251));
#4455=CLOSED_SHELL('',(#4252,#4253,#4254,#4255,#4256,#4257,#4258,#4259,
#4260,#4261,#4262,#4263,#4264,#4265,#4266,#4267,#4268,#4269,#4270,#4271,
#4272,#4273,#4274,#4275,#4276,#4277,#4278,#4279,#4280,#4281,#4282,#4283,
#4284,#4285,#4286,#4287,#4288,#4289,#4290,#4291,#4292,#4293,#4294,#4295,
#4296,#4297,#4298,#4299,#4300,#4301,#4302,#4303,#4304,#4305,#4306,#4307,
#4308,#4309,#4310,#4311,#4312,#4313,#4314,#4315,#4316,#4317,#4318,#4319,
#4320,#4321,#4322,#4323,#4324,#4325,#4326,#4327,#4328,#4329,#4330,#4331,
#4332,#4333,#4334,#4335,#4336,#4337,#4338,#4339,#4340,#4341,#4342,#4343,
#4344,#4345,#4346,#4347,#4348,#4349,#4350,#4351,#4352,#4353,#4354,#4355,
#4356,#4357,#4358,#4359,#4360,#4361,#4362,#4363,#4364,#4365,#4366,#4367,
#4368,#4369,#4370,#4371,#4372,#4373,#4374,#4375,#4376,#4377,#4378,#4379,
#4380,#4381,#4382,#4383,#4384,#4385,#4386,#4387,#4388,#4389,#4390,#4391,
#4392,#4393,#4394,#4395,#4396,#4397,#4398,#4399,#4400,#4401,#4402,#4403,
#4404,#4405,#4406,#4407,#4408,#4409,#4410,#4411,#4412,#4413,#4414,#4415,
#4416,#4417,#4418,#4419,#4420,#4421,#4422,#4423,#4424,#4425,#4426,#4427,
#4428));
#4456=CLOSED_SHELL('',(#4429,#4430,#4431,#4432,#4433,#4434,#4435,#4436,
#4437,#4438,#4439,#4440,#4441,#4442,#4443,#4444,#4445,#4446,#4447,#4448,
#4449,#4450,#4451));
#4457=DERIVED_UNIT_ELEMENT(#4467,1.);
#4458=DERIVED_UNIT_ELEMENT(#9188,-3.);
#4459=DERIVED_UNIT_ELEMENT(#4467,1.);
#4460=DERIVED_UNIT_ELEMENT(#9188,-3.);
#4461=DERIVED_UNIT_ELEMENT(#4467,1.);
#4462=DERIVED_UNIT_ELEMENT(#9188,-3.);
#4463=DERIVED_UNIT_ELEMENT(#4467,1.);
#4464=DERIVED_UNIT_ELEMENT(#9188,-3.);
#4465=DERIVED_UNIT_ELEMENT(#4467,1.);
#4466=DERIVED_UNIT_ELEMENT(#9188,-3.);
#4467=(
MASS_UNIT()
NAMED_UNIT(*)
SI_UNIT(.KILO.,.GRAM.)
);
#4468=DERIVED_UNIT((#4457,#4458));
#4469=DERIVED_UNIT((#4459,#4460));
#4470=DERIVED_UNIT((#4461,#4462));
#4471=DERIVED_UNIT((#4463,#4464));
#4472=DERIVED_UNIT((#4465,#4466));
#4473=MEASURE_REPRESENTATION_ITEM('density measure',
POSITIVE_RATIO_MEASURE(7850.),#4468);
#4474=MEASURE_REPRESENTATION_ITEM('density measure',
POSITIVE_RATIO_MEASURE(7850.),#4469);
#4475=MEASURE_REPRESENTATION_ITEM('density measure',
POSITIVE_RATIO_MEASURE(7850.),#4470);
#4476=MEASURE_REPRESENTATION_ITEM('density measure',
POSITIVE_RATIO_MEASURE(7850.),#4471);
#4477=MEASURE_REPRESENTATION_ITEM('density measure',
POSITIVE_RATIO_MEASURE(7850.),#4472);
#4478=PROPERTY_DEFINITION_REPRESENTATION(#4503,#4488);
#4479=PROPERTY_DEFINITION_REPRESENTATION(#4504,#4489);
#4480=PROPERTY_DEFINITION_REPRESENTATION(#4505,#4490);
#4481=PROPERTY_DEFINITION_REPRESENTATION(#4506,#4491);
#4482=PROPERTY_DEFINITION_REPRESENTATION(#4507,#4492);
#4483=PROPERTY_DEFINITION_REPRESENTATION(#4508,#4493);
#4484=PROPERTY_DEFINITION_REPRESENTATION(#4509,#4494);
#4485=PROPERTY_DEFINITION_REPRESENTATION(#4510,#4495);
#4486=PROPERTY_DEFINITION_REPRESENTATION(#4511,#4496);
#4487=PROPERTY_DEFINITION_REPRESENTATION(#4512,#4497);
#4488=REPRESENTATION('material name',(#4498),#9181);
#4489=REPRESENTATION('density',(#4473),#9181);
#4490=REPRESENTATION('material name',(#4499),#9182);
#4491=REPRESENTATION('density',(#4474),#9182);
#4492=REPRESENTATION('material name',(#4500),#9183);
#4493=REPRESENTATION('density',(#4475),#9183);
#4494=REPRESENTATION('material name',(#4501),#9184);
#4495=REPRESENTATION('density',(#4476),#9184);
#4496=REPRESENTATION('material name',(#4502),#9185);
#4497=REPRESENTATION('density',(#4477),#9185);
#4498=DESCRIPTIVE_REPRESENTATION_ITEM('Steel','Steel');
#4499=DESCRIPTIVE_REPRESENTATION_ITEM('Steel','Steel');
#4500=DESCRIPTIVE_REPRESENTATION_ITEM('Steel','Steel');
#4501=DESCRIPTIVE_REPRESENTATION_ITEM('Steel','Steel');
#4502=DESCRIPTIVE_REPRESENTATION_ITEM('Steel','Steel');
#4503=PROPERTY_DEFINITION('material property','material name',#9218);
#4504=PROPERTY_DEFINITION('material property','density of part',#9218);
#4505=PROPERTY_DEFINITION('material property','material name',#9219);
#4506=PROPERTY_DEFINITION('material property','density of part',#9219);
#4507=PROPERTY_DEFINITION('material property','material name',#9220);
#4508=PROPERTY_DEFINITION('material property','density of part',#9220);
#4509=PROPERTY_DEFINITION('material property','material name',#9221);
#4510=PROPERTY_DEFINITION('material property','density of part',#9221);
#4511=PROPERTY_DEFINITION('material property','material name',#9222);
#4512=PROPERTY_DEFINITION('material property','density of part',#9222);
#4513=AXIS2_PLACEMENT_3D('',#6266,#4971,#4972);
#4514=AXIS2_PLACEMENT_3D('',#6267,#4973,#4974);
#4515=AXIS2_PLACEMENT_3D('',#6268,#4975,#4976);
#4516=AXIS2_PLACEMENT_3D('',#6277,#4981,#4982);
#4517=AXIS2_PLACEMENT_3D('',#6286,#4987,#4988);
#4518=AXIS2_PLACEMENT_3D('',#6295,#4993,#4994);
#4519=AXIS2_PLACEMENT_3D('',#6304,#4999,#5000);
#4520=AXIS2_PLACEMENT_3D('',#6310,#5004,#5005);
#4521=AXIS2_PLACEMENT_3D('',#6316,#5009,#5010);
#4522=AXIS2_PLACEMENT_3D('',#6325,#5017,#5018);
#4523=AXIS2_PLACEMENT_3D('',#6329,#5021,#5022);
#4524=AXIS2_PLACEMENT_3D('',#6333,#5025,#5026);
#4525=AXIS2_PLACEMENT_3D('',#6340,#5031,#5032);
#4526=AXIS2_PLACEMENT_3D('',#6347,#5037,#5038);
#4527=AXIS2_PLACEMENT_3D('',#6353,#5042,#5043);
#4528=AXIS2_PLACEMENT_3D('',#6354,#5044,#5045);
#4529=AXIS2_PLACEMENT_3D('',#6355,#5046,#5047);
#4530=AXIS2_PLACEMENT_3D('',#6359,#5050,#5051);
#4531=AXIS2_PLACEMENT_3D('',#6363,#5054,#5055);
#4532=AXIS2_PLACEMENT_3D('',#6365,#5057,#5058);
#4533=AXIS2_PLACEMENT_3D('',#6366,#5059,#5060);
#4534=AXIS2_PLACEMENT_3D('',#6367,#5061,#5062);
#4535=AXIS2_PLACEMENT_3D('',#6369,#5063,#5064);
#4536=AXIS2_PLACEMENT_3D('',#6372,#5066,#5067);
#4537=AXIS2_PLACEMENT_3D('',#6373,#5068,#5069);
#4538=AXIS2_PLACEMENT_3D('',#6375,#5070,#5071);
#4539=AXIS2_PLACEMENT_3D('',#6378,#5073,#5074);
#4540=AXIS2_PLACEMENT_3D('',#6379,#5075,#5076);
#4541=AXIS2_PLACEMENT_3D('',#6381,#5077,#5078);
#4542=AXIS2_PLACEMENT_3D('',#6384,#5080,#5081);
#4543=AXIS2_PLACEMENT_3D('',#6385,#5082,#5083);
#4544=AXIS2_PLACEMENT_3D('',#6387,#5084,#5085);
#4545=AXIS2_PLACEMENT_3D('',#6390,#5087,#5088);
#4546=AXIS2_PLACEMENT_3D('',#6391,#5089,#5090);
#4547=AXIS2_PLACEMENT_3D('',#6393,#5091,#5092);
#4548=AXIS2_PLACEMENT_3D('',#6396,#5094,#5095);
#4549=AXIS2_PLACEMENT_3D('',#6397,#5096,#5097);
#4550=AXIS2_PLACEMENT_3D('',#6399,#5098,#5099);
#4551=AXIS2_PLACEMENT_3D('',#6402,#5101,#5102);
#4552=AXIS2_PLACEMENT_3D('',#6403,#5103,#5104);
#4553=AXIS2_PLACEMENT_3D('',#6405,#5105,#5106);
#4554=AXIS2_PLACEMENT_3D('',#6408,#5108,#5109);
#4555=AXIS2_PLACEMENT_3D('',#6409,#5110,#5111);
#4556=AXIS2_PLACEMENT_3D('',#6411,#5112,#5113);
#4557=AXIS2_PLACEMENT_3D('',#6414,#5115,#5116);
#4558=AXIS2_PLACEMENT_3D('',#6415,#5117,#5118);
#4559=AXIS2_PLACEMENT_3D('',#6424,#5123,#5124);
#4560=AXIS2_PLACEMENT_3D('',#6425,#5125,#5126);
#4561=AXIS2_PLACEMENT_3D('',#6426,#5127,#5128);
#4562=AXIS2_PLACEMENT_3D('',#6455,#5129,#5130);
#4563=AXIS2_PLACEMENT_3D('',#6484,#5131,#5132);
#4564=AXIS2_PLACEMENT_3D('',#6513,#5133,#5134);
#4565=AXIS2_PLACEMENT_3D('',#6542,#5135,#5136);
#4566=AXIS2_PLACEMENT_3D('',#6543,#5137,#5138);
#4567=AXIS2_PLACEMENT_3D('',#6549,#5142,#5143);
#4568=AXIS2_PLACEMENT_3D('',#6553,#5146,#5147);
#4569=AXIS2_PLACEMENT_3D('',#6557,#5150,#5151);
#4570=AXIS2_PLACEMENT_3D('',#6559,#5153,#5154);
#4571=AXIS2_PLACEMENT_3D('',#6560,#5155,#5156);
#4572=AXIS2_PLACEMENT_3D('',#6561,#5157,#5158);
#4573=AXIS2_PLACEMENT_3D('',#6562,#5159,#5160);
#4574=AXIS2_PLACEMENT_3D('',#6587,#5162,#5163);
#4575=AXIS2_PLACEMENT_3D('',#6604,#5164,#5165);
#4576=AXIS2_PLACEMENT_3D('',#6652,#5167,#5168);
#4577=AXIS2_PLACEMENT_3D('',#6700,#5170,#5171);
#4578=AXIS2_PLACEMENT_3D('',#6712,#5173,#5174);
#4579=AXIS2_PLACEMENT_3D('',#6717,#5175,#5176);
#4580=AXIS2_PLACEMENT_3D('',#6742,#5178,#5179);
#4581=AXIS2_PLACEMENT_3D('',#6766,#5181,#5182);
#4582=AXIS2_PLACEMENT_3D('',#6768,#5183,#5184);
#4583=AXIS2_PLACEMENT_3D('',#6771,#5186,#5187);
#4584=AXIS2_PLACEMENT_3D('',#6772,#5188,#5189);
#4585=AXIS2_PLACEMENT_3D('',#6774,#5190,#5191);
#4586=AXIS2_PLACEMENT_3D('',#7074,#5192,#5193);
#4587=AXIS2_PLACEMENT_3D('',#7076,#5194,#5195);
#4588=AXIS2_PLACEMENT_3D('',#7383,#5196,#5197);
#4589=AXIS2_PLACEMENT_3D('',#7384,#5198,#5199);
#4590=AXIS2_PLACEMENT_3D('',#7385,#5200,#5201);
#4591=AXIS2_PLACEMENT_3D('',#7387,#5202,#5203);
#4592=AXIS2_PLACEMENT_3D('',#7388,#5204,#5205);
#4593=AXIS2_PLACEMENT_3D('',#7391,#5207,#5208);
#4594=AXIS2_PLACEMENT_3D('',#7392,#5209,#5210);
#4595=AXIS2_PLACEMENT_3D('',#7394,#5211,#5212);
#4596=AXIS2_PLACEMENT_3D('',#7395,#5213,#5214);
#4597=AXIS2_PLACEMENT_3D('',#7398,#5216,#5217);
#4598=AXIS2_PLACEMENT_3D('',#7399,#5218,#5219);
#4599=AXIS2_PLACEMENT_3D('',#7401,#5220,#5221);
#4600=AXIS2_PLACEMENT_3D('',#7403,#5223,#5224);
#4601=AXIS2_PLACEMENT_3D('',#7404,#5225,#5226);
#4602=AXIS2_PLACEMENT_3D('',#7405,#5227,#5228);
#4603=AXIS2_PLACEMENT_3D('',#7406,#5229,#5230);
#4604=AXIS2_PLACEMENT_3D('',#7431,#5232,#5233);
#4605=AXIS2_PLACEMENT_3D('',#7448,#5234,#5235);
#4606=AXIS2_PLACEMENT_3D('',#7496,#5237,#5238);
#4607=AXIS2_PLACEMENT_3D('',#7544,#5240,#5241);
#4608=AXIS2_PLACEMENT_3D('',#7556,#5243,#5244);
#4609=AXIS2_PLACEMENT_3D('',#7561,#5245,#5246);
#4610=AXIS2_PLACEMENT_3D('',#7586,#5248,#5249);
#4611=AXIS2_PLACEMENT_3D('',#7610,#5251,#5252);
#4612=AXIS2_PLACEMENT_3D('',#7615,#5254,#5255);
#4613=AXIS2_PLACEMENT_3D('',#7618,#5257,#5258);
#4614=AXIS2_PLACEMENT_3D('',#7619,#5259,#5260);
#4615=AXIS2_PLACEMENT_3D('',#7625,#5264,#5265);
#4616=AXIS2_PLACEMENT_3D('',#7627,#5266,#5267);
#4617=AXIS2_PLACEMENT_3D('',#7629,#5269,#5270);
#4618=AXIS2_PLACEMENT_3D('',#7633,#5273,#5274);
#4619=AXIS2_PLACEMENT_3D('',#7634,#5275,#5276);
#4620=AXIS2_PLACEMENT_3D('',#7635,#5277,#5278);
#4621=AXIS2_PLACEMENT_3D('',#7640,#5280,#5281);
#4622=AXIS2_PLACEMENT_3D('',#7643,#5283,#5284);
#4623=AXIS2_PLACEMENT_3D('',#7644,#5285,#5286);
#4624=AXIS2_PLACEMENT_3D('',#7650,#5290,#5291);
#4625=AXIS2_PLACEMENT_3D('',#7652,#5292,#5293);
#4626=AXIS2_PLACEMENT_3D('',#7654,#5295,#5296);
#4627=AXIS2_PLACEMENT_3D('',#7658,#5299,#5300);
#4628=AXIS2_PLACEMENT_3D('',#7659,#5301,#5302);
#4629=AXIS2_PLACEMENT_3D('',#7660,#5303,#5304);
#4630=AXIS2_PLACEMENT_3D('',#7665,#5306,#5307);
#4631=AXIS2_PLACEMENT_3D('',#7668,#5309,#5310);
#4632=AXIS2_PLACEMENT_3D('',#7669,#5311,#5312);
#4633=AXIS2_PLACEMENT_3D('',#7675,#5316,#5317);
#4634=AXIS2_PLACEMENT_3D('',#7677,#5318,#5319);
#4635=AXIS2_PLACEMENT_3D('',#7679,#5321,#5322);
#4636=AXIS2_PLACEMENT_3D('',#7683,#5325,#5326);
#4637=AXIS2_PLACEMENT_3D('',#7684,#5327,#5328);
#4638=AXIS2_PLACEMENT_3D('',#7685,#5329,#5330);
#4639=AXIS2_PLACEMENT_3D('',#7690,#5332,#5333);
#4640=AXIS2_PLACEMENT_3D('',#7693,#5335,#5336);
#4641=AXIS2_PLACEMENT_3D('',#7694,#5337,#5338);
#4642=AXIS2_PLACEMENT_3D('',#7700,#5342,#5343);
#4643=AXIS2_PLACEMENT_3D('',#7702,#5344,#5345);
#4644=AXIS2_PLACEMENT_3D('',#7704,#5347,#5348);
#4645=AXIS2_PLACEMENT_3D('',#7708,#5351,#5352);
#4646=AXIS2_PLACEMENT_3D('',#7709,#5353,#5354);
#4647=AXIS2_PLACEMENT_3D('',#7710,#5355,#5356);
#4648=AXIS2_PLACEMENT_3D('',#7715,#5358,#5359);
#4649=AXIS2_PLACEMENT_3D('',#7718,#5361,#5362);
#4650=AXIS2_PLACEMENT_3D('',#7719,#5363,#5364);
#4651=AXIS2_PLACEMENT_3D('',#7725,#5368,#5369);
#4652=AXIS2_PLACEMENT_3D('',#7727,#5370,#5371);
#4653=AXIS2_PLACEMENT_3D('',#7729,#5372,#5373);
#4654=AXIS2_PLACEMENT_3D('',#7731,#5375,#5376);
#4655=AXIS2_PLACEMENT_3D('',#7735,#5379,#5380);
#4656=AXIS2_PLACEMENT_3D('',#7737,#5381,#5382);
#4657=AXIS2_PLACEMENT_3D('',#7738,#5383,#5384);
#4658=AXIS2_PLACEMENT_3D('',#7739,#5385,#5386);
#4659=AXIS2_PLACEMENT_3D('',#7744,#5388,#5389);
#4660=AXIS2_PLACEMENT_3D('',#7747,#5391,#5392);
#4661=AXIS2_PLACEMENT_3D('',#7748,#5393,#5394);
#4662=AXIS2_PLACEMENT_3D('',#7754,#5398,#5399);
#4663=AXIS2_PLACEMENT_3D('',#7756,#5400,#5401);
#4664=AXIS2_PLACEMENT_3D('',#7758,#5402,#5403);
#4665=AXIS2_PLACEMENT_3D('',#7760,#5405,#5406);
#4666=AXIS2_PLACEMENT_3D('',#7764,#5409,#5410);
#4667=AXIS2_PLACEMENT_3D('',#7766,#5411,#5412);
#4668=AXIS2_PLACEMENT_3D('',#7767,#5413,#5414);
#4669=AXIS2_PLACEMENT_3D('',#7768,#5415,#5416);
#4670=AXIS2_PLACEMENT_3D('',#7773,#5418,#5419);
#4671=AXIS2_PLACEMENT_3D('',#7776,#5421,#5422);
#4672=AXIS2_PLACEMENT_3D('',#7777,#5423,#5424);
#4673=AXIS2_PLACEMENT_3D('',#7783,#5428,#5429);
#4674=AXIS2_PLACEMENT_3D('',#7785,#5430,#5431);
#4675=AXIS2_PLACEMENT_3D('',#7787,#5432,#5433);
#4676=AXIS2_PLACEMENT_3D('',#7789,#5435,#5436);
#4677=AXIS2_PLACEMENT_3D('',#7793,#5439,#5440);
#4678=AXIS2_PLACEMENT_3D('',#7795,#5441,#5442);
#4679=AXIS2_PLACEMENT_3D('',#7796,#5443,#5444);
#4680=AXIS2_PLACEMENT_3D('',#7797,#5445,#5446);
#4681=AXIS2_PLACEMENT_3D('',#7802,#5448,#5449);
#4682=AXIS2_PLACEMENT_3D('',#7805,#5451,#5452);
#4683=AXIS2_PLACEMENT_3D('',#7806,#5453,#5454);
#4684=AXIS2_PLACEMENT_3D('',#7812,#5458,#5459);
#4685=AXIS2_PLACEMENT_3D('',#7814,#5460,#5461);
#4686=AXIS2_PLACEMENT_3D('',#7816,#5462,#5463);
#4687=AXIS2_PLACEMENT_3D('',#7818,#5465,#5466);
#4688=AXIS2_PLACEMENT_3D('',#7822,#5469,#5470);
#4689=AXIS2_PLACEMENT_3D('',#7824,#5471,#5472);
#4690=AXIS2_PLACEMENT_3D('',#7825,#5473,#5474);
#4691=AXIS2_PLACEMENT_3D('',#7826,#5475,#5476);
#4692=AXIS2_PLACEMENT_3D('',#7831,#5478,#5479);
#4693=AXIS2_PLACEMENT_3D('',#7834,#5481,#5482);
#4694=AXIS2_PLACEMENT_3D('',#7835,#5483,#5484);
#4695=AXIS2_PLACEMENT_3D('',#7841,#5488,#5489);
#4696=AXIS2_PLACEMENT_3D('',#7843,#5490,#5491);
#4697=AXIS2_PLACEMENT_3D('',#7845,#5493,#5494);
#4698=AXIS2_PLACEMENT_3D('',#7849,#5497,#5498);
#4699=AXIS2_PLACEMENT_3D('',#7850,#5499,#5500);
#4700=AXIS2_PLACEMENT_3D('',#7851,#5501,#5502);
#4701=AXIS2_PLACEMENT_3D('',#7856,#5504,#5505);
#4702=AXIS2_PLACEMENT_3D('',#7859,#5507,#5508);
#4703=AXIS2_PLACEMENT_3D('',#7860,#5509,#5510);
#4704=AXIS2_PLACEMENT_3D('',#7866,#5514,#5515);
#4705=AXIS2_PLACEMENT_3D('',#7868,#5516,#5517);
#4706=AXIS2_PLACEMENT_3D('',#7870,#5519,#5520);
#4707=AXIS2_PLACEMENT_3D('',#7874,#5523,#5524);
#4708=AXIS2_PLACEMENT_3D('',#7875,#5525,#5526);
#4709=AXIS2_PLACEMENT_3D('',#7876,#5527,#5528);
#4710=AXIS2_PLACEMENT_3D('',#7881,#5530,#5531);
#4711=AXIS2_PLACEMENT_3D('',#7884,#5533,#5534);
#4712=AXIS2_PLACEMENT_3D('',#7885,#5535,#5536);
#4713=AXIS2_PLACEMENT_3D('',#7891,#5540,#5541);
#4714=AXIS2_PLACEMENT_3D('',#7893,#5542,#5543);
#4715=AXIS2_PLACEMENT_3D('',#7895,#5545,#5546);
#4716=AXIS2_PLACEMENT_3D('',#7899,#5549,#5550);
#4717=AXIS2_PLACEMENT_3D('',#7900,#5551,#5552);
#4718=AXIS2_PLACEMENT_3D('',#7901,#5553,#5554);
#4719=AXIS2_PLACEMENT_3D('',#7906,#5556,#5557);
#4720=AXIS2_PLACEMENT_3D('',#7909,#5559,#5560);
#4721=AXIS2_PLACEMENT_3D('',#7910,#5561,#5562);
#4722=AXIS2_PLACEMENT_3D('',#7916,#5566,#5567);
#4723=AXIS2_PLACEMENT_3D('',#7918,#5568,#5569);
#4724=AXIS2_PLACEMENT_3D('',#7920,#5571,#5572);
#4725=AXIS2_PLACEMENT_3D('',#7924,#5575,#5576);
#4726=AXIS2_PLACEMENT_3D('',#7925,#5577,#5578);
#4727=AXIS2_PLACEMENT_3D('',#7926,#5579,#5580);
#4728=AXIS2_PLACEMENT_3D('',#7931,#5582,#5583);
#4729=AXIS2_PLACEMENT_3D('',#7934,#5585,#5586);
#4730=AXIS2_PLACEMENT_3D('',#7935,#5587,#5588);
#4731=AXIS2_PLACEMENT_3D('',#7941,#5592,#5593);
#4732=AXIS2_PLACEMENT_3D('',#7943,#5594,#5595);
#4733=AXIS2_PLACEMENT_3D('',#7945,#5597,#5598);
#4734=AXIS2_PLACEMENT_3D('',#7949,#5601,#5602);
#4735=AXIS2_PLACEMENT_3D('',#7950,#5603,#5604);
#4736=AXIS2_PLACEMENT_3D('',#7951,#5605,#5606);
#4737=AXIS2_PLACEMENT_3D('',#7956,#5608,#5609);
#4738=AXIS2_PLACEMENT_3D('',#7959,#5611,#5612);
#4739=AXIS2_PLACEMENT_3D('',#7960,#5613,#5614);
#4740=AXIS2_PLACEMENT_3D('',#7966,#5618,#5619);
#4741=AXIS2_PLACEMENT_3D('',#7968,#5620,#5621);
#4742=AXIS2_PLACEMENT_3D('',#7970,#5623,#5624);
#4743=AXIS2_PLACEMENT_3D('',#7974,#5627,#5628);
#4744=AXIS2_PLACEMENT_3D('',#7975,#5629,#5630);
#4745=AXIS2_PLACEMENT_3D('',#7976,#5631,#5632);
#4746=AXIS2_PLACEMENT_3D('',#7981,#5634,#5635);
#4747=AXIS2_PLACEMENT_3D('',#7984,#5637,#5638);
#4748=AXIS2_PLACEMENT_3D('',#7985,#5639,#5640);
#4749=AXIS2_PLACEMENT_3D('',#7991,#5644,#5645);
#4750=AXIS2_PLACEMENT_3D('',#7993,#5646,#5647);
#4751=AXIS2_PLACEMENT_3D('',#7995,#5649,#5650);
#4752=AXIS2_PLACEMENT_3D('',#7999,#5653,#5654);
#4753=AXIS2_PLACEMENT_3D('',#8000,#5655,#5656);
#4754=AXIS2_PLACEMENT_3D('',#8001,#5657,#5658);
#4755=AXIS2_PLACEMENT_3D('',#8006,#5660,#5661);
#4756=AXIS2_PLACEMENT_3D('',#8009,#5663,#5664);
#4757=AXIS2_PLACEMENT_3D('',#8010,#5665,#5666);
#4758=AXIS2_PLACEMENT_3D('',#8016,#5670,#5671);
#4759=AXIS2_PLACEMENT_3D('',#8018,#5672,#5673);
#4760=AXIS2_PLACEMENT_3D('',#8020,#5675,#5676);
#4761=AXIS2_PLACEMENT_3D('',#8024,#5679,#5680);
#4762=AXIS2_PLACEMENT_3D('',#8025,#5681,#5682);
#4763=AXIS2_PLACEMENT_3D('',#8026,#5683,#5684);
#4764=AXIS2_PLACEMENT_3D('',#8031,#5686,#5687);
#4765=AXIS2_PLACEMENT_3D('',#8034,#5689,#5690);
#4766=AXIS2_PLACEMENT_3D('',#8035,#5691,#5692);
#4767=AXIS2_PLACEMENT_3D('',#8041,#5696,#5697);
#4768=AXIS2_PLACEMENT_3D('',#8043,#5698,#5699);
#4769=AXIS2_PLACEMENT_3D('',#8045,#5701,#5702);
#4770=AXIS2_PLACEMENT_3D('',#8049,#5705,#5706);
#4771=AXIS2_PLACEMENT_3D('',#8050,#5707,#5708);
#4772=AXIS2_PLACEMENT_3D('',#8051,#5709,#5710);
#4773=AXIS2_PLACEMENT_3D('',#8056,#5712,#5713);
#4774=AXIS2_PLACEMENT_3D('',#8059,#5715,#5716);
#4775=AXIS2_PLACEMENT_3D('',#8060,#5717,#5718);
#4776=AXIS2_PLACEMENT_3D('',#8066,#5722,#5723);
#4777=AXIS2_PLACEMENT_3D('',#8068,#5724,#5725);
#4778=AXIS2_PLACEMENT_3D('',#8070,#5727,#5728);
#4779=AXIS2_PLACEMENT_3D('',#8074,#5731,#5732);
#4780=AXIS2_PLACEMENT_3D('',#8075,#5733,#5734);
#4781=AXIS2_PLACEMENT_3D('',#8076,#5735,#5736);
#4782=AXIS2_PLACEMENT_3D('',#8081,#5738,#5739);
#4783=AXIS2_PLACEMENT_3D('',#8084,#5741,#5742);
#4784=AXIS2_PLACEMENT_3D('',#8085,#5743,#5744);
#4785=AXIS2_PLACEMENT_3D('',#8091,#5748,#5749);
#4786=AXIS2_PLACEMENT_3D('',#8093,#5750,#5751);
#4787=AXIS2_PLACEMENT_3D('',#8095,#5753,#5754);
#4788=AXIS2_PLACEMENT_3D('',#8099,#5757,#5758);
#4789=AXIS2_PLACEMENT_3D('',#8100,#5759,#5760);
#4790=AXIS2_PLACEMENT_3D('',#8101,#5761,#5762);
#4791=AXIS2_PLACEMENT_3D('',#8106,#5764,#5765);
#4792=AXIS2_PLACEMENT_3D('',#8109,#5767,#5768);
#4793=AXIS2_PLACEMENT_3D('',#8110,#5769,#5770);
#4794=AXIS2_PLACEMENT_3D('',#8116,#5774,#5775);
#4795=AXIS2_PLACEMENT_3D('',#8118,#5776,#5777);
#4796=AXIS2_PLACEMENT_3D('',#8120,#5779,#5780);
#4797=AXIS2_PLACEMENT_3D('',#8124,#5783,#5784);
#4798=AXIS2_PLACEMENT_3D('',#8125,#5785,#5786);
#4799=AXIS2_PLACEMENT_3D('',#8126,#5787,#5788);
#4800=AXIS2_PLACEMENT_3D('',#8131,#5790,#5791);
#4801=AXIS2_PLACEMENT_3D('',#8134,#5793,#5794);
#4802=AXIS2_PLACEMENT_3D('',#8135,#5795,#5796);
#4803=AXIS2_PLACEMENT_3D('',#8141,#5800,#5801);
#4804=AXIS2_PLACEMENT_3D('',#8143,#5802,#5803);
#4805=AXIS2_PLACEMENT_3D('',#8145,#5805,#5806);
#4806=AXIS2_PLACEMENT_3D('',#8149,#5809,#5810);
#4807=AXIS2_PLACEMENT_3D('',#8150,#5811,#5812);
#4808=AXIS2_PLACEMENT_3D('',#8151,#5813,#5814);
#4809=AXIS2_PLACEMENT_3D('',#8156,#5816,#5817);
#4810=AXIS2_PLACEMENT_3D('',#8159,#5819,#5820);
#4811=AXIS2_PLACEMENT_3D('',#8160,#5821,#5822);
#4812=AXIS2_PLACEMENT_3D('',#8166,#5826,#5827);
#4813=AXIS2_PLACEMENT_3D('',#8168,#5828,#5829);
#4814=AXIS2_PLACEMENT_3D('',#8170,#5831,#5832);
#4815=AXIS2_PLACEMENT_3D('',#8174,#5835,#5836);
#4816=AXIS2_PLACEMENT_3D('',#8175,#5837,#5838);
#4817=AXIS2_PLACEMENT_3D('',#8176,#5839,#5840);
#4818=AXIS2_PLACEMENT_3D('',#8181,#5842,#5843);
#4819=AXIS2_PLACEMENT_3D('',#8184,#5845,#5846);
#4820=AXIS2_PLACEMENT_3D('',#8185,#5847,#5848);
#4821=AXIS2_PLACEMENT_3D('',#8191,#5852,#5853);
#4822=AXIS2_PLACEMENT_3D('',#8193,#5854,#5855);
#4823=AXIS2_PLACEMENT_3D('',#8195,#5857,#5858);
#4824=AXIS2_PLACEMENT_3D('',#8199,#5861,#5862);
#4825=AXIS2_PLACEMENT_3D('',#8200,#5863,#5864);
#4826=AXIS2_PLACEMENT_3D('',#8201,#5865,#5866);
#4827=AXIS2_PLACEMENT_3D('',#8206,#5868,#5869);
#4828=AXIS2_PLACEMENT_3D('',#8209,#5871,#5872);
#4829=AXIS2_PLACEMENT_3D('',#8210,#5873,#5874);
#4830=AXIS2_PLACEMENT_3D('',#8216,#5878,#5879);
#4831=AXIS2_PLACEMENT_3D('',#8218,#5880,#5881);
#4832=AXIS2_PLACEMENT_3D('',#8220,#5883,#5884);
#4833=AXIS2_PLACEMENT_3D('',#8224,#5887,#5888);
#4834=AXIS2_PLACEMENT_3D('',#8225,#5889,#5890);
#4835=AXIS2_PLACEMENT_3D('',#8226,#5891,#5892);
#4836=AXIS2_PLACEMENT_3D('',#8231,#5894,#5895);
#4837=AXIS2_PLACEMENT_3D('',#8234,#5897,#5898);
#4838=AXIS2_PLACEMENT_3D('',#8235,#5899,#5900);
#4839=AXIS2_PLACEMENT_3D('',#8241,#5904,#5905);
#4840=AXIS2_PLACEMENT_3D('',#8243,#5906,#5907);
#4841=AXIS2_PLACEMENT_3D('',#8245,#5909,#5910);
#4842=AXIS2_PLACEMENT_3D('',#8249,#5913,#5914);
#4843=AXIS2_PLACEMENT_3D('',#8250,#5915,#5916);
#4844=AXIS2_PLACEMENT_3D('',#8251,#5917,#5918);
#4845=AXIS2_PLACEMENT_3D('',#8256,#5920,#5921);
#4846=AXIS2_PLACEMENT_3D('',#8259,#5923,#5924);
#4847=AXIS2_PLACEMENT_3D('',#8260,#5925,#5926);
#4848=AXIS2_PLACEMENT_3D('',#8266,#5930,#5931);
#4849=AXIS2_PLACEMENT_3D('',#8268,#5932,#5933);
#4850=AXIS2_PLACEMENT_3D('',#8270,#5935,#5936);
#4851=AXIS2_PLACEMENT_3D('',#8274,#5939,#5940);
#4852=AXIS2_PLACEMENT_3D('',#8275,#5941,#5942);
#4853=AXIS2_PLACEMENT_3D('',#8276,#5943,#5944);
#4854=AXIS2_PLACEMENT_3D('',#8281,#5946,#5947);
#4855=AXIS2_PLACEMENT_3D('',#8284,#5949,#5950);
#4856=AXIS2_PLACEMENT_3D('',#8285,#5951,#5952);
#4857=AXIS2_PLACEMENT_3D('',#8291,#5956,#5957);
#4858=AXIS2_PLACEMENT_3D('',#8293,#5958,#5959);
#4859=AXIS2_PLACEMENT_3D('',#8295,#5961,#5962);
#4860=AXIS2_PLACEMENT_3D('',#8299,#5965,#5966);
#4861=AXIS2_PLACEMENT_3D('',#8300,#5967,#5968);
#4862=AXIS2_PLACEMENT_3D('',#8301,#5969,#5970);
#4863=AXIS2_PLACEMENT_3D('',#8306,#5972,#5973);
#4864=AXIS2_PLACEMENT_3D('',#8309,#5975,#5976);
#4865=AXIS2_PLACEMENT_3D('',#8310,#5977,#5978);
#4866=AXIS2_PLACEMENT_3D('',#8316,#5982,#5983);
#4867=AXIS2_PLACEMENT_3D('',#8318,#5984,#5985);
#4868=AXIS2_PLACEMENT_3D('',#8320,#5987,#5988);
#4869=AXIS2_PLACEMENT_3D('',#8324,#5991,#5992);
#4870=AXIS2_PLACEMENT_3D('',#8325,#5993,#5994);
#4871=AXIS2_PLACEMENT_3D('',#8326,#5995,#5996);
#4872=AXIS2_PLACEMENT_3D('',#8331,#5998,#5999);
#4873=AXIS2_PLACEMENT_3D('',#8334,#6001,#6002);
#4874=AXIS2_PLACEMENT_3D('',#8335,#6003,#6004);
#4875=AXIS2_PLACEMENT_3D('',#8341,#6008,#6009);
#4876=AXIS2_PLACEMENT_3D('',#8343,#6010,#6011);
#4877=AXIS2_PLACEMENT_3D('',#8345,#6013,#6014);
#4878=AXIS2_PLACEMENT_3D('',#8349,#6017,#6018);
#4879=AXIS2_PLACEMENT_3D('',#8350,#6019,#6020);
#4880=AXIS2_PLACEMENT_3D('',#8351,#6021,#6022);
#4881=AXIS2_PLACEMENT_3D('',#8356,#6024,#6025);
#4882=AXIS2_PLACEMENT_3D('',#8359,#6027,#6028);
#4883=AXIS2_PLACEMENT_3D('',#8360,#6029,#6030);
#4884=AXIS2_PLACEMENT_3D('',#8366,#6034,#6035);
#4885=AXIS2_PLACEMENT_3D('',#8368,#6036,#6037);
#4886=AXIS2_PLACEMENT_3D('',#8370,#6039,#6040);
#4887=AXIS2_PLACEMENT_3D('',#8374,#6043,#6044);
#4888=AXIS2_PLACEMENT_3D('',#8375,#6045,#6046);
#4889=AXIS2_PLACEMENT_3D('',#8376,#6047,#6048);
#4890=AXIS2_PLACEMENT_3D('',#8381,#6050,#6051);
#4891=AXIS2_PLACEMENT_3D('',#8384,#6053,#6054);
#4892=AXIS2_PLACEMENT_3D('',#8385,#6055,#6056);
#4893=AXIS2_PLACEMENT_3D('',#8391,#6060,#6061);
#4894=AXIS2_PLACEMENT_3D('',#8393,#6062,#6063);
#4895=AXIS2_PLACEMENT_3D('',#8395,#6065,#6066);
#4896=AXIS2_PLACEMENT_3D('',#8399,#6069,#6070);
#4897=AXIS2_PLACEMENT_3D('',#8400,#6071,#6072);
#4898=AXIS2_PLACEMENT_3D('',#8401,#6073,#6074);
#4899=AXIS2_PLACEMENT_3D('',#8406,#6076,#6077);
#4900=AXIS2_PLACEMENT_3D('',#8409,#6079,#6080);
#4901=AXIS2_PLACEMENT_3D('',#8410,#6081,#6082);
#4902=AXIS2_PLACEMENT_3D('',#8416,#6086,#6087);
#4903=AXIS2_PLACEMENT_3D('',#8418,#6088,#6089);
#4904=AXIS2_PLACEMENT_3D('',#8420,#6091,#6092);
#4905=AXIS2_PLACEMENT_3D('',#8424,#6095,#6096);
#4906=AXIS2_PLACEMENT_3D('',#8425,#6097,#6098);
#4907=AXIS2_PLACEMENT_3D('',#8725,#6099,#6100);
#4908=AXIS2_PLACEMENT_3D('',#8727,#6101,#6102);
#4909=AXIS2_PLACEMENT_3D('',#9034,#6103,#6104);
#4910=AXIS2_PLACEMENT_3D('',#9035,#6105,#6106);
#4911=AXIS2_PLACEMENT_3D('',#9036,#6107,#6108);
#4912=AXIS2_PLACEMENT_3D('',#9038,#6109,#6110);
#4913=AXIS2_PLACEMENT_3D('',#9039,#6111,#6112);
#4914=AXIS2_PLACEMENT_3D('',#9041,#6113,#6114);
#4915=AXIS2_PLACEMENT_3D('',#9048,#6120,#6121);
#4916=AXIS2_PLACEMENT_3D('',#9049,#6122,#6123);
#4917=AXIS2_PLACEMENT_3D('',#9051,#6124,#6125);
#4918=AXIS2_PLACEMENT_3D('',#9052,#6126,#6127);
#4919=AXIS2_PLACEMENT_3D('',#9055,#6129,#6130);
#4920=AXIS2_PLACEMENT_3D('',#9056,#6131,#6132);
#4921=AXIS2_PLACEMENT_3D('',#9058,#6133,#6134);
#4922=AXIS2_PLACEMENT_3D('',#9060,#6136,#6137);
#4923=AXIS2_PLACEMENT_3D('',#9061,#6138,#6139);
#4924=AXIS2_PLACEMENT_3D('',#9062,#6140,#6141);
#4925=AXIS2_PLACEMENT_3D('',#9063,#6142,#6143);
#4926=AXIS2_PLACEMENT_3D('',#9065,#6144,#6145);
#4927=AXIS2_PLACEMENT_3D('',#9067,#6146,#6147);
#4928=AXIS2_PLACEMENT_3D('',#9068,#6148,#6149);
#4929=AXIS2_PLACEMENT_3D('',#9071,#6151,#6152);
#4930=AXIS2_PLACEMENT_3D('',#9072,#6153,#6154);
#4931=AXIS2_PLACEMENT_3D('',#9074,#6155,#6156);
#4932=AXIS2_PLACEMENT_3D('',#9076,#6157,#6158);
#4933=AXIS2_PLACEMENT_3D('',#9077,#6159,#6160);
#4934=AXIS2_PLACEMENT_3D('',#9080,#6162,#6163);
#4935=AXIS2_PLACEMENT_3D('',#9081,#6164,#6165);
#4936=AXIS2_PLACEMENT_3D('',#9083,#6166,#6167);
#4937=AXIS2_PLACEMENT_3D('',#9085,#6168,#6169);
#4938=AXIS2_PLACEMENT_3D('',#9086,#6170,#6171);
#4939=AXIS2_PLACEMENT_3D('',#9089,#6173,#6174);
#4940=AXIS2_PLACEMENT_3D('',#9090,#6175,#6176);
#4941=AXIS2_PLACEMENT_3D('',#9092,#6177,#6178);
#4942=AXIS2_PLACEMENT_3D('',#9094,#6179,#6180);
#4943=AXIS2_PLACEMENT_3D('',#9095,#6181,#6182);
#4944=AXIS2_PLACEMENT_3D('',#9098,#6184,#6185);
#4945=AXIS2_PLACEMENT_3D('',#9099,#6186,#6187);
#4946=AXIS2_PLACEMENT_3D('',#9108,#6192,#6193);
#4947=AXIS2_PLACEMENT_3D('',#9114,#6197,#6198);
#4948=AXIS2_PLACEMENT_3D('',#9120,#6202,#6203);
#4949=AXIS2_PLACEMENT_3D('',#9123,#6206,#6207);
#4950=AXIS2_PLACEMENT_3D('',#9132,#6212,#6213);
#4951=AXIS2_PLACEMENT_3D('',#9138,#6217,#6218);
#4952=AXIS2_PLACEMENT_3D('',#9142,#6221,#6222);
#4953=AXIS2_PLACEMENT_3D('',#9144,#6223,#6224);
#4954=AXIS2_PLACEMENT_3D('',#9146,#6226,#6227);
#4955=AXIS2_PLACEMENT_3D('',#9148,#6228,#6229);
#4956=AXIS2_PLACEMENT_3D('',#9150,#6231,#6232);
#4957=AXIS2_PLACEMENT_3D('',#9152,#6233,#6234);
#4958=AXIS2_PLACEMENT_3D('',#9154,#6236,#6237);
#4959=AXIS2_PLACEMENT_3D('',#9156,#6238,#6239);
#4960=AXIS2_PLACEMENT_3D('',#9158,#6241,#6242);
#4961=AXIS2_PLACEMENT_3D('',#9162,#6245,#6246);
#4962=AXIS2_PLACEMENT_3D('',#9164,#6248,#6249);
#4963=AXIS2_PLACEMENT_3D('',#9165,#6250,#6251);
#4964=AXIS2_PLACEMENT_3D('',#9166,#6252,#6253);
#4965=AXIS2_PLACEMENT_3D('',#9167,#6254,#6255);
#4966=AXIS2_PLACEMENT_3D('',#9168,#6256,#6257);
#4967=AXIS2_PLACEMENT_3D('',#9169,#6258,#6259);
#4968=AXIS2_PLACEMENT_3D('',#9170,#6260,#6261);
#4969=AXIS2_PLACEMENT_3D('',#9171,#6262,#6263);
#4970=AXIS2_PLACEMENT_3D('',#9172,#6264,#6265);
#4971=DIRECTION('axis',(0.,0.,1.));
#4972=DIRECTION('refdir',(1.,0.,0.));
#4973=DIRECTION('axis',(0.,0.,1.));
#4974=DIRECTION('refdir',(1.,0.,0.));
#4975=DIRECTION('center_axis',(-1.,0.,0.));
#4976=DIRECTION('ref_axis',(0.,0.,-1.));
#4977=DIRECTION('',(0.,0.,1.));
#4978=DIRECTION('',(0.,-1.,0.));
#4979=DIRECTION('',(0.,0.,-1.));
#4980=DIRECTION('',(0.,1.,0.));
#4981=DIRECTION('center_axis',(-1.,0.,0.));
#4982=DIRECTION('ref_axis',(0.,0.,-1.));
#4983=DIRECTION('',(0.,0.,-1.));
#4984=DIRECTION('',(0.,1.,0.));
#4985=DIRECTION('',(0.,0.,1.));
#4986=DIRECTION('',(0.,-1.,0.));
#4987=DIRECTION('center_axis',(1.,0.,3.00060276925718E-17));
#4988=DIRECTION('ref_axis',(-3.00060276925718E-17,0.,1.));
#4989=DIRECTION('',(3.00060276925718E-17,0.,-1.));
#4990=DIRECTION('',(0.,-1.,0.));
#4991=DIRECTION('',(-3.00060276925718E-17,0.,1.));
#4992=DIRECTION('',(0.,-1.,0.));
#4993=DIRECTION('center_axis',(1.,0.,3.00060276925718E-17));
#4994=DIRECTION('ref_axis',(-3.00060276925718E-17,0.,1.));
#4995=DIRECTION('',(-3.00060276925718E-17,0.,1.));
#4996=DIRECTION('',(0.,-1.,0.));
#4997=DIRECTION('',(3.00060276925718E-17,0.,-1.));
#4998=DIRECTION('',(0.,-1.,0.));
#4999=DIRECTION('center_axis',(0.,1.,0.));
#5000=DIRECTION('ref_axis',(-1.,0.,0.));
#5001=DIRECTION('',(-1.,0.,0.));
#5002=DIRECTION('',(0.,0.,1.));
#5003=DIRECTION('',(1.,0.,0.));
#5004=DIRECTION('center_axis',(0.,1.,0.));
#5005=DIRECTION('ref_axis',(-1.,0.,0.));
#5006=DIRECTION('',(1.,0.,0.));
#5007=DIRECTION('',(0.,0.,1.));
#5008=DIRECTION('',(-1.,0.,0.));
#5009=DIRECTION('center_axis',(0.,0.,1.));
#5010=DIRECTION('ref_axis',(1.,0.,0.));
#5011=DIRECTION('',(-1.,0.,0.));
#5012=DIRECTION('',(0.,-1.,0.));
#5013=DIRECTION('',(-1.,0.,0.));
#5014=DIRECTION('',(0.,1.,0.));
#5015=DIRECTION('',(-1.,0.,0.));
#5016=DIRECTION('',(1.,0.,0.));
#5017=DIRECTION('center_axis',(0.,-1.,0.));
#5018=DIRECTION('ref_axis',(1.,0.,0.));
#5019=DIRECTION('',(0.,0.,1.));
#5020=DIRECTION('',(1.,0.,0.));
#5021=DIRECTION('center_axis',(0.,-1.,0.));
#5022=DIRECTION('ref_axis',(1.,0.,0.));
#5023=DIRECTION('',(1.,0.,0.));
#5024=DIRECTION('',(0.,0.,1.));
#5025=DIRECTION('center_axis',(0.,0.,1.));
#5026=DIRECTION('ref_axis',(1.,0.,0.));
#5027=DIRECTION('',(1.,0.,0.));
#5028=DIRECTION('',(0.,1.,0.));
#5029=DIRECTION('',(-1.,0.,0.));
#5030=DIRECTION('',(0.,-1.,0.));
#5031=DIRECTION('center_axis',(0.,0.,1.));
#5032=DIRECTION('ref_axis',(1.,0.,0.));
#5033=DIRECTION('',(0.,1.,0.));
#5034=DIRECTION('',(-1.,0.,0.));
#5035=DIRECTION('',(0.,-1.,0.));
#5036=DIRECTION('',(1.,0.,0.));
#5037=DIRECTION('center_axis',(0.,1.,0.));
#5038=DIRECTION('ref_axis',(-1.,0.,0.));
#5039=DIRECTION('',(0.,0.,1.));
#5040=DIRECTION('',(1.,0.,0.));
#5041=DIRECTION('',(0.,0.,1.));
#5042=DIRECTION('center_axis',(1.,0.,0.));
#5043=DIRECTION('ref_axis',(0.,1.,0.));
#5044=DIRECTION('center_axis',(-1.,0.,0.));
#5045=DIRECTION('ref_axis',(0.,-1.,0.));
#5046=DIRECTION('center_axis',(1.,0.,0.));
#5047=DIRECTION('ref_axis',(0.,1.,0.));
#5048=DIRECTION('',(0.,-1.,0.));
#5049=DIRECTION('',(0.,0.,1.));
#5050=DIRECTION('center_axis',(0.,-1.,0.));
#5051=DIRECTION('ref_axis',(1.,0.,0.));
#5052=DIRECTION('',(0.,0.,1.));
#5053=DIRECTION('',(-1.,0.,0.));
#5054=DIRECTION('center_axis',(-1.,0.,0.));
#5055=DIRECTION('ref_axis',(0.,-1.,0.));
#5056=DIRECTION('',(0.,1.,0.));
#5057=DIRECTION('center_axis',(0.,0.,1.));
#5058=DIRECTION('ref_axis',(1.,0.,0.));
#5059=DIRECTION('axis',(0.,0.,1.));
#5060=DIRECTION('refdir',(1.,0.,0.));
#5061=DIRECTION('center_axis',(0.,0.,1.));
#5062=DIRECTION('ref_axis',(1.,0.,0.));
#5063=DIRECTION('center_axis',(0.,0.,-1.));
#5064=DIRECTION('ref_axis',(1.,0.,0.));
#5065=DIRECTION('',(0.,0.,-1.));
#5066=DIRECTION('center_axis',(0.,0.,1.));
#5067=DIRECTION('ref_axis',(1.,0.,0.));
#5068=DIRECTION('center_axis',(0.,0.,1.));
#5069=DIRECTION('ref_axis',(1.,0.,0.));
#5070=DIRECTION('center_axis',(0.,0.,-1.));
#5071=DIRECTION('ref_axis',(1.,0.,0.));
#5072=DIRECTION('',(0.,0.,-1.));
#5073=DIRECTION('center_axis',(0.,0.,-1.));
#5074=DIRECTION('ref_axis',(-1.,0.,0.));
#5075=DIRECTION('center_axis',(0.,0.,1.));
#5076=DIRECTION('ref_axis',(1.,0.,0.));
#5077=DIRECTION('center_axis',(0.,0.,-1.));
#5078=DIRECTION('ref_axis',(1.,0.,0.));
#5079=DIRECTION('',(0.,0.,-1.));
#5080=DIRECTION('center_axis',(0.,0.,1.));
#5081=DIRECTION('ref_axis',(1.,0.,0.));
#5082=DIRECTION('center_axis',(0.,0.,1.));
#5083=DIRECTION('ref_axis',(1.,0.,0.));
#5084=DIRECTION('center_axis',(0.,0.,-1.));
#5085=DIRECTION('ref_axis',(1.,0.,0.));
#5086=DIRECTION('',(0.,0.,-1.));
#5087=DIRECTION('center_axis',(0.,0.,1.));
#5088=DIRECTION('ref_axis',(1.,0.,0.));
#5089=DIRECTION('center_axis',(0.,0.,1.));
#5090=DIRECTION('ref_axis',(1.,0.,0.));
#5091=DIRECTION('center_axis',(0.,0.,-1.));
#5092=DIRECTION('ref_axis',(1.,0.,0.));
#5093=DIRECTION('',(0.,0.,-1.));
#5094=DIRECTION('center_axis',(0.,0.,-1.));
#5095=DIRECTION('ref_axis',(-1.,0.,0.));
#5096=DIRECTION('center_axis',(0.,0.,1.));
#5097=DIRECTION('ref_axis',(1.,0.,0.));
#5098=DIRECTION('center_axis',(0.,0.,-1.));
#5099=DIRECTION('ref_axis',(1.,0.,0.));
#5100=DIRECTION('',(0.,0.,-1.));
#5101=DIRECTION('center_axis',(0.,0.,-1.));
#5102=DIRECTION('ref_axis',(-1.,0.,0.));
#5103=DIRECTION('center_axis',(0.,0.,1.));
#5104=DIRECTION('ref_axis',(1.,0.,0.));
#5105=DIRECTION('center_axis',(0.,0.,-1.));
#5106=DIRECTION('ref_axis',(1.,0.,0.));
#5107=DIRECTION('',(0.,0.,-1.));
#5108=DIRECTION('center_axis',(0.,0.,-1.));
#5109=DIRECTION('ref_axis',(-1.,0.,0.));
#5110=DIRECTION('center_axis',(0.,0.,1.));
#5111=DIRECTION('ref_axis',(1.,0.,0.));
#5112=DIRECTION('center_axis',(0.,0.,-1.));
#5113=DIRECTION('ref_axis',(1.,0.,0.));
#5114=DIRECTION('',(0.,0.,-1.));
#5115=DIRECTION('center_axis',(0.,0.,1.));
#5116=DIRECTION('ref_axis',(1.,0.,0.));
#5117=DIRECTION('center_axis',(0.,0.,1.));
#5118=DIRECTION('ref_axis',(1.,0.,0.));
#5119=DIRECTION('',(1.,0.,0.));
#5120=DIRECTION('',(0.,1.,0.));
#5121=DIRECTION('',(-1.,0.,0.));
#5122=DIRECTION('',(0.,-1.,0.));
#5123=DIRECTION('center_axis',(0.,0.,1.));
#5124=DIRECTION('ref_axis',(1.,0.,0.));
#5125=DIRECTION('center_axis',(0.,0.,1.));
#5126=DIRECTION('ref_axis',(1.,0.,0.));
#5127=DIRECTION('center_axis',(0.,0.,1.));
#5128=DIRECTION('ref_axis',(1.,0.,0.));
#5129=DIRECTION('center_axis',(0.,1.,0.));
#5130=DIRECTION('ref_axis',(-1.,0.,0.));
#5131=DIRECTION('center_axis',(0.,1.,0.));
#5132=DIRECTION('ref_axis',(-1.,0.,0.));
#5133=DIRECTION('center_axis',(0.,1.,0.));
#5134=DIRECTION('ref_axis',(-1.,0.,0.));
#5135=DIRECTION('center_axis',(0.,1.,0.));
#5136=DIRECTION('ref_axis',(-1.,0.,0.));
#5137=DIRECTION('center_axis',(1.,0.,0.));
#5138=DIRECTION('ref_axis',(0.,-1.,0.));
#5139=DIRECTION('',(0.,0.,1.));
#5140=DIRECTION('',(0.,-1.,0.));
#5141=DIRECTION('',(0.,0.,1.));
#5142=DIRECTION('center_axis',(0.,1.,0.));
#5143=DIRECTION('ref_axis',(1.,0.,0.));
#5144=DIRECTION('',(1.,0.,0.));
#5145=DIRECTION('',(0.,0.,1.));
#5146=DIRECTION('center_axis',(-1.,0.,0.));
#5147=DIRECTION('ref_axis',(0.,1.,0.));
#5148=DIRECTION('',(0.,1.,0.));
#5149=DIRECTION('',(0.,0.,-1.));
#5150=DIRECTION('center_axis',(0.,-1.,0.));
#5151=DIRECTION('ref_axis',(-1.,0.,0.));
#5152=DIRECTION('',(-1.,0.,0.));
#5153=DIRECTION('center_axis',(0.,0.,1.));
#5154=DIRECTION('ref_axis',(1.,0.,0.));
#5155=DIRECTION('center_axis',(0.,0.,-1.));
#5156=DIRECTION('ref_axis',(-1.,0.,0.));
#5157=DIRECTION('axis',(0.,0.,1.));
#5158=DIRECTION('refdir',(1.,0.,0.));
#5159=DIRECTION('center_axis',(0.,1.,0.));
#5160=DIRECTION('ref_axis',(1.,0.,0.));
#5161=DIRECTION('',(0.,1.,0.));
#5162=DIRECTION('center_axis',(0.,1.,0.));
#5163=DIRECTION('ref_axis',(1.,0.,0.));
#5164=DIRECTION('center_axis',(0.,1.,0.));
#5165=DIRECTION('ref_axis',(1.,0.,0.));
#5166=DIRECTION('',(0.,1.,0.));
#5167=DIRECTION('center_axis',(0.,1.,0.));
#5168=DIRECTION('ref_axis',(1.,0.,0.));
#5169=DIRECTION('',(0.,1.,0.));
#5170=DIRECTION('center_axis',(0.,1.,0.));
#5171=DIRECTION('ref_axis',(-0.457801493046148,0.,0.889054437571017));
#5172=DIRECTION('',(0.,1.,0.));
#5173=DIRECTION('center_axis',(0.,1.,0.));
#5174=DIRECTION('ref_axis',(1.,0.,-4.55135353028007E-15));
#5175=DIRECTION('center_axis',(0.,1.,0.));
#5176=DIRECTION('ref_axis',(1.,0.,-4.55135353028007E-15));
#5177=DIRECTION('',(0.,1.,0.));
#5178=DIRECTION('center_axis',(0.,1.,0.));
#5179=DIRECTION('ref_axis',(1.,0.,-4.55135353028007E-15));
#5180=DIRECTION('',(0.,1.,0.));
#5181=DIRECTION('center_axis',(0.,-1.,0.));
#5182=DIRECTION('ref_axis',(-1.,0.,0.));
#5183=DIRECTION('center_axis',(0.,1.,0.));
#5184=DIRECTION('ref_axis',(-1.,0.,0.));
#5185=DIRECTION('',(0.,1.,0.));
#5186=DIRECTION('center_axis',(0.,-1.,0.));
#5187=DIRECTION('ref_axis',(-1.,0.,0.));
#5188=DIRECTION('center_axis',(0.,1.,0.));
#5189=DIRECTION('ref_axis',(-1.,0.,0.));
#5190=DIRECTION('center_axis',(0.,1.,0.));
#5191=DIRECTION('ref_axis',(0.,0.,1.));
#5192=DIRECTION('center_axis',(0.,1.,0.));
#5193=DIRECTION('ref_axis',(1.,0.,-4.55135353028007E-15));
#5194=DIRECTION('center_axis',(0.,-1.,0.));
#5195=DIRECTION('ref_axis',(1.,0.,-4.55135353028007E-15));
#5196=DIRECTION('center_axis',(0.,1.,0.));
#5197=DIRECTION('ref_axis',(1.,0.,0.));
#5198=DIRECTION('center_axis',(0.,1.,0.));
#5199=DIRECTION('ref_axis',(1.,0.,0.));
#5200=DIRECTION('center_axis',(0.,1.,0.));
#5201=DIRECTION('ref_axis',(1.,0.,0.));
#5202=DIRECTION('center_axis',(0.,1.,0.));
#5203=DIRECTION('ref_axis',(1.,0.,0.));
#5204=DIRECTION('center_axis',(0.,-1.,0.));
#5205=DIRECTION('ref_axis',(0.,0.,1.));
#5206=DIRECTION('',(0.,-1.,0.));
#5207=DIRECTION('center_axis',(0.,-1.,0.));
#5208=DIRECTION('ref_axis',(0.,0.,1.));
#5209=DIRECTION('center_axis',(0.,-1.,0.));
#5210=DIRECTION('ref_axis',(0.,0.,1.));
#5211=DIRECTION('center_axis',(0.,1.,0.));
#5212=DIRECTION('ref_axis',(1.,0.,0.));
#5213=DIRECTION('center_axis',(0.,1.,0.));
#5214=DIRECTION('ref_axis',(1.,0.,0.));
#5215=DIRECTION('',(0.,-1.,0.));
#5216=DIRECTION('center_axis',(0.,-1.,0.));
#5217=DIRECTION('ref_axis',(1.,0.,0.));
#5218=DIRECTION('center_axis',(0.,1.,0.));
#5219=DIRECTION('ref_axis',(1.,0.,0.));
#5220=DIRECTION('center_axis',(0.,1.,0.));
#5221=DIRECTION('ref_axis',(1.,0.,0.));
#5222=DIRECTION('',(0.,-1.,0.));
#5223=DIRECTION('center_axis',(0.,1.,0.));
#5224=DIRECTION('ref_axis',(1.,0.,0.));
#5225=DIRECTION('center_axis',(0.,1.,0.));
#5226=DIRECTION('ref_axis',(1.,0.,0.));
#5227=DIRECTION('axis',(0.,0.,1.));
#5228=DIRECTION('refdir',(1.,0.,0.));
#5229=DIRECTION('center_axis',(0.,1.,0.));
#5230=DIRECTION('ref_axis',(1.,0.,0.));
#5231=DIRECTION('',(0.,1.,0.));
#5232=DIRECTION('center_axis',(0.,1.,0.));
#5233=DIRECTION('ref_axis',(1.,0.,0.));
#5234=DIRECTION('center_axis',(0.,1.,0.));
#5235=DIRECTION('ref_axis',(1.,0.,0.));
#5236=DIRECTION('',(0.,1.,0.));
#5237=DIRECTION('center_axis',(0.,1.,0.));
#5238=DIRECTION('ref_axis',(1.,0.,0.));
#5239=DIRECTION('',(0.,1.,0.));
#5240=DIRECTION('center_axis',(0.,1.,0.));
#5241=DIRECTION('ref_axis',(-0.457801493046148,0.,0.889054437571017));
#5242=DIRECTION('',(0.,1.,0.));
#5243=DIRECTION('center_axis',(0.,1.,0.));
#5244=DIRECTION('ref_axis',(1.,0.,-4.55135353028007E-15));
#5245=DIRECTION('center_axis',(0.,1.,0.));
#5246=DIRECTION('ref_axis',(1.,0.,-4.55135353028007E-15));
#5247=DIRECTION('',(0.,1.,0.));
#5248=DIRECTION('center_axis',(0.,1.,0.));
#5249=DIRECTION('ref_axis',(1.,0.,-4.55135353028007E-15));
#5250=DIRECTION('',(0.,1.,0.));
#5251=DIRECTION('center_axis',(0.,-1.,0.));
#5252=DIRECTION('ref_axis',(-0.707106781186548,0.,0.707106781186547));
#5253=DIRECTION('',(0.,-1.,0.));
#5254=DIRECTION('center_axis',(0.,-1.,0.));
#5255=DIRECTION('ref_axis',(-0.794832495291786,0.,-0.606828892216111));
#5256=DIRECTION('',(0.,1.,0.));
#5257=DIRECTION('center_axis',(0.,1.,0.));
#5258=DIRECTION('ref_axis',(-0.606828892216111,0.,-0.794832495291786));
#5259=DIRECTION('center_axis',(-0.794832495291786,0.,0.606828892216111));
#5260=DIRECTION('ref_axis',(0.606828892216111,0.,0.794832495291786));
#5261=DIRECTION('',(0.606828892216111,0.,0.794832495291786));
#5262=DIRECTION('',(0.,-1.,0.));
#5263=DIRECTION('',(0.606828892216111,0.,0.794832495291786));
#5264=DIRECTION('center_axis',(0.,-1.,0.));
#5265=DIRECTION('ref_axis',(0.707106781186548,0.,-0.707106781186547));
#5266=DIRECTION('center_axis',(0.,-1.,0.));
#5267=DIRECTION('ref_axis',(0.,0.,1.));
#5268=DIRECTION('',(0.794832495291786,0.,0.606828892216111));
#5269=DIRECTION('center_axis',(0.606828892216111,0.,-0.794832495291786));
#5270=DIRECTION('ref_axis',(-0.794832495291786,0.,-0.606828892216111));
#5271=DIRECTION('',(0.,1.,0.));
#5272=DIRECTION('',(0.794832495291786,0.,0.606828892216111));
#5273=DIRECTION('center_axis',(0.,1.,0.));
#5274=DIRECTION('ref_axis',(-0.707106781186548,0.,0.707106781186547));
#5275=DIRECTION('center_axis',(0.,1.,0.));
#5276=DIRECTION('ref_axis',(0.,0.,1.));
#5277=DIRECTION('center_axis',(0.,-1.,0.));
#5278=DIRECTION('ref_axis',(-0.707106781186548,0.,0.707106781186547));
#5279=DIRECTION('',(0.,-1.,0.));
#5280=DIRECTION('center_axis',(0.,-1.,0.));
#5281=DIRECTION('ref_axis',(-0.794832495291786,0.,-0.606828892216111));
#5282=DIRECTION('',(0.,1.,0.));
#5283=DIRECTION('center_axis',(0.,1.,0.));
#5284=DIRECTION('ref_axis',(-0.606828892216111,0.,-0.794832495291786));
#5285=DIRECTION('center_axis',(-0.794832495291786,0.,0.606828892216111));
#5286=DIRECTION('ref_axis',(0.606828892216111,0.,0.794832495291786));
#5287=DIRECTION('',(0.606828892216111,0.,0.794832495291786));
#5288=DIRECTION('',(0.,-1.,0.));
#5289=DIRECTION('',(0.606828892216111,0.,0.794832495291786));
#5290=DIRECTION('center_axis',(0.,-1.,0.));
#5291=DIRECTION('ref_axis',(0.707106781186548,0.,-0.707106781186547));
#5292=DIRECTION('center_axis',(0.,-1.,0.));
#5293=DIRECTION('ref_axis',(0.,0.,1.));
#5294=DIRECTION('',(0.794832495291786,0.,0.606828892216111));
#5295=DIRECTION('center_axis',(0.606828892216111,0.,-0.794832495291786));
#5296=DIRECTION('ref_axis',(-0.794832495291786,0.,-0.606828892216111));
#5297=DIRECTION('',(0.,1.,0.));
#5298=DIRECTION('',(0.794832495291786,0.,0.606828892216111));
#5299=DIRECTION('center_axis',(0.,1.,0.));
#5300=DIRECTION('ref_axis',(-0.707106781186548,0.,0.707106781186547));
#5301=DIRECTION('center_axis',(0.,1.,0.));
#5302=DIRECTION('ref_axis',(0.,0.,1.));
#5303=DIRECTION('center_axis',(0.,-1.,0.));
#5304=DIRECTION('ref_axis',(-0.707106781186548,0.,0.707106781186547));
#5305=DIRECTION('',(0.,-1.,0.));
#5306=DIRECTION('center_axis',(0.,-1.,0.));
#5307=DIRECTION('ref_axis',(-0.794832495291786,0.,-0.606828892216111));
#5308=DIRECTION('',(0.,1.,0.));
#5309=DIRECTION('center_axis',(0.,1.,0.));
#5310=DIRECTION('ref_axis',(-0.606828892216111,0.,-0.794832495291786));
#5311=DIRECTION('center_axis',(-0.794832495291786,0.,0.606828892216111));
#5312=DIRECTION('ref_axis',(0.606828892216111,0.,0.794832495291786));
#5313=DIRECTION('',(0.606828892216111,0.,0.794832495291786));
#5314=DIRECTION('',(0.,-1.,0.));
#5315=DIRECTION('',(0.606828892216111,0.,0.794832495291786));
#5316=DIRECTION('center_axis',(0.,-1.,0.));
#5317=DIRECTION('ref_axis',(0.707106781186548,0.,-0.707106781186547));
#5318=DIRECTION('center_axis',(0.,-1.,0.));
#5319=DIRECTION('ref_axis',(0.,0.,1.));
#5320=DIRECTION('',(0.794832495291786,0.,0.606828892216111));
#5321=DIRECTION('center_axis',(0.606828892216111,0.,-0.794832495291786));
#5322=DIRECTION('ref_axis',(-0.794832495291786,0.,-0.606828892216111));
#5323=DIRECTION('',(0.,1.,0.));
#5324=DIRECTION('',(0.794832495291786,0.,0.606828892216111));
#5325=DIRECTION('center_axis',(0.,1.,0.));
#5326=DIRECTION('ref_axis',(-0.707106781186548,0.,0.707106781186547));
#5327=DIRECTION('center_axis',(0.,1.,0.));
#5328=DIRECTION('ref_axis',(0.,0.,1.));
#5329=DIRECTION('center_axis',(0.,-1.,0.));
#5330=DIRECTION('ref_axis',(-0.707106781186548,0.,0.707106781186547));
#5331=DIRECTION('',(0.,-1.,0.));
#5332=DIRECTION('center_axis',(0.,-1.,0.));
#5333=DIRECTION('ref_axis',(-0.794832495291786,0.,-0.606828892216111));
#5334=DIRECTION('',(0.,1.,0.));
#5335=DIRECTION('center_axis',(0.,1.,0.));
#5336=DIRECTION('ref_axis',(-0.606828892216111,0.,-0.794832495291786));
#5337=DIRECTION('center_axis',(-0.794832495291786,0.,0.606828892216111));
#5338=DIRECTION('ref_axis',(0.606828892216111,0.,0.794832495291786));
#5339=DIRECTION('',(0.606828892216111,0.,0.794832495291786));
#5340=DIRECTION('',(0.,-1.,0.));
#5341=DIRECTION('',(0.606828892216111,0.,0.794832495291786));
#5342=DIRECTION('center_axis',(0.,-1.,0.));
#5343=DIRECTION('ref_axis',(0.707106781186548,0.,-0.707106781186547));
#5344=DIRECTION('center_axis',(0.,-1.,0.));
#5345=DIRECTION('ref_axis',(0.,0.,1.));
#5346=DIRECTION('',(0.794832495291786,0.,0.606828892216111));
#5347=DIRECTION('center_axis',(0.606828892216111,0.,-0.794832495291786));
#5348=DIRECTION('ref_axis',(-0.794832495291786,0.,-0.606828892216111));
#5349=DIRECTION('',(0.,1.,0.));
#5350=DIRECTION('',(0.794832495291786,0.,0.606828892216111));
#5351=DIRECTION('center_axis',(0.,1.,0.));
#5352=DIRECTION('ref_axis',(-0.707106781186548,0.,0.707106781186547));
#5353=DIRECTION('center_axis',(0.,1.,0.));
#5354=DIRECTION('ref_axis',(0.,0.,1.));
#5355=DIRECTION('center_axis',(0.,-1.,0.));
#5356=DIRECTION('ref_axis',(-1.,0.,-1.83697019872103E-16));
#5357=DIRECTION('',(0.,-1.,0.));
#5358=DIRECTION('center_axis',(0.,-1.,0.));
#5359=DIRECTION('ref_axis',(-0.132938622622314,0.,-0.991124272034179));
#5360=DIRECTION('',(0.,1.,0.));
#5361=DIRECTION('center_axis',(0.,1.,0.));
#5362=DIRECTION('ref_axis',(0.132938622622314,0.,-0.991124272034179));
#5363=DIRECTION('center_axis',(-0.991124272034179,0.,-0.132938622622314));
#5364=DIRECTION('ref_axis',(-0.132938622622314,0.,0.991124272034179));
#5365=DIRECTION('',(-0.132938622622314,0.,0.991124272034179));
#5366=DIRECTION('',(0.,-1.,0.));
#5367=DIRECTION('',(-0.132938622622314,0.,0.991124272034179));
#5368=DIRECTION('center_axis',(0.,-1.,0.));
#5369=DIRECTION('ref_axis',(1.,0.,1.83697019872103E-16));
#5370=DIRECTION('center_axis',(0.,-1.,0.));
#5371=DIRECTION('ref_axis',(0.,0.,1.));
#5372=DIRECTION('center_axis',(0.,-1.,0.));
#5373=DIRECTION('ref_axis',(0.,0.,1.));
#5374=DIRECTION('',(0.132938622622314,0.,0.991124272034179));
#5375=DIRECTION('center_axis',(0.991124272034179,0.,-0.132938622622314));
#5376=DIRECTION('ref_axis',(-0.132938622622314,0.,-0.991124272034179));
#5377=DIRECTION('',(0.,1.,0.));
#5378=DIRECTION('',(0.132938622622314,0.,0.991124272034179));
#5379=DIRECTION('center_axis',(0.,1.,0.));
#5380=DIRECTION('ref_axis',(-1.,0.,-1.83697019872103E-16));
#5381=DIRECTION('center_axis',(0.,1.,0.));
#5382=DIRECTION('ref_axis',(0.,0.,1.));
#5383=DIRECTION('center_axis',(0.,1.,0.));
#5384=DIRECTION('ref_axis',(0.,0.,1.));
#5385=DIRECTION('center_axis',(0.,-1.,0.));
#5386=DIRECTION('ref_axis',(-1.,0.,-1.83697019872103E-16));
#5387=DIRECTION('',(0.,-1.,0.));
#5388=DIRECTION('center_axis',(0.,-1.,0.));
#5389=DIRECTION('ref_axis',(-0.132938622622314,0.,-0.991124272034179));
#5390=DIRECTION('',(0.,1.,0.));
#5391=DIRECTION('center_axis',(0.,1.,0.));
#5392=DIRECTION('ref_axis',(0.132938622622314,0.,-0.991124272034179));
#5393=DIRECTION('center_axis',(-0.991124272034179,0.,-0.132938622622314));
#5394=DIRECTION('ref_axis',(-0.132938622622314,0.,0.991124272034179));
#5395=DIRECTION('',(-0.132938622622314,0.,0.991124272034179));
#5396=DIRECTION('',(0.,-1.,0.));
#5397=DIRECTION('',(-0.132938622622314,0.,0.991124272034179));
#5398=DIRECTION('center_axis',(0.,-1.,0.));
#5399=DIRECTION('ref_axis',(1.,0.,1.83697019872103E-16));
#5400=DIRECTION('center_axis',(0.,-1.,0.));
#5401=DIRECTION('ref_axis',(0.,0.,1.));
#5402=DIRECTION('center_axis',(0.,-1.,0.));
#5403=DIRECTION('ref_axis',(0.,0.,1.));
#5404=DIRECTION('',(0.132938622622314,0.,0.991124272034179));
#5405=DIRECTION('center_axis',(0.991124272034179,0.,-0.132938622622314));
#5406=DIRECTION('ref_axis',(-0.132938622622314,0.,-0.991124272034179));
#5407=DIRECTION('',(0.,1.,0.));
#5408=DIRECTION('',(0.132938622622314,0.,0.991124272034179));
#5409=DIRECTION('center_axis',(0.,1.,0.));
#5410=DIRECTION('ref_axis',(-1.,0.,-1.83697019872103E-16));
#5411=DIRECTION('center_axis',(0.,1.,0.));
#5412=DIRECTION('ref_axis',(0.,0.,1.));
#5413=DIRECTION('center_axis',(0.,1.,0.));
#5414=DIRECTION('ref_axis',(0.,0.,1.));
#5415=DIRECTION('center_axis',(0.,-1.,0.));
#5416=DIRECTION('ref_axis',(-1.,0.,-1.83697019872103E-16));
#5417=DIRECTION('',(0.,-1.,0.));
#5418=DIRECTION('center_axis',(0.,-1.,0.));
#5419=DIRECTION('ref_axis',(-0.132938622622314,0.,-0.991124272034179));
#5420=DIRECTION('',(0.,1.,0.));
#5421=DIRECTION('center_axis',(0.,1.,0.));
#5422=DIRECTION('ref_axis',(0.132938622622314,0.,-0.991124272034179));
#5423=DIRECTION('center_axis',(-0.991124272034179,0.,-0.132938622622314));
#5424=DIRECTION('ref_axis',(-0.132938622622314,0.,0.991124272034179));
#5425=DIRECTION('',(-0.132938622622314,0.,0.991124272034179));
#5426=DIRECTION('',(0.,-1.,0.));
#5427=DIRECTION('',(-0.132938622622314,0.,0.991124272034179));
#5428=DIRECTION('center_axis',(0.,-1.,0.));
#5429=DIRECTION('ref_axis',(1.,0.,1.83697019872103E-16));
#5430=DIRECTION('center_axis',(0.,-1.,0.));
#5431=DIRECTION('ref_axis',(0.,0.,1.));
#5432=DIRECTION('center_axis',(0.,-1.,0.));
#5433=DIRECTION('ref_axis',(0.,0.,1.));
#5434=DIRECTION('',(0.132938622622314,0.,0.991124272034179));
#5435=DIRECTION('center_axis',(0.991124272034179,0.,-0.132938622622314));
#5436=DIRECTION('ref_axis',(-0.132938622622314,0.,-0.991124272034179));
#5437=DIRECTION('',(0.,1.,0.));
#5438=DIRECTION('',(0.132938622622314,0.,0.991124272034179));
#5439=DIRECTION('center_axis',(0.,1.,0.));
#5440=DIRECTION('ref_axis',(-1.,0.,-1.83697019872103E-16));
#5441=DIRECTION('center_axis',(0.,1.,0.));
#5442=DIRECTION('ref_axis',(0.,0.,1.));
#5443=DIRECTION('center_axis',(0.,1.,0.));
#5444=DIRECTION('ref_axis',(0.,0.,1.));
#5445=DIRECTION('center_axis',(0.,-1.,0.));
#5446=DIRECTION('ref_axis',(-1.,0.,-1.83697019872103E-16));
#5447=DIRECTION('',(0.,-1.,0.));
#5448=DIRECTION('center_axis',(0.,-1.,0.));
#5449=DIRECTION('ref_axis',(-0.132938622622314,0.,-0.991124272034179));
#5450=DIRECTION('',(0.,1.,0.));
#5451=DIRECTION('center_axis',(0.,1.,0.));
#5452=DIRECTION('ref_axis',(0.132938622622314,0.,-0.991124272034179));
#5453=DIRECTION('center_axis',(-0.991124272034179,0.,-0.132938622622314));
#5454=DIRECTION('ref_axis',(-0.132938622622314,0.,0.991124272034179));
#5455=DIRECTION('',(-0.132938622622314,0.,0.991124272034179));
#5456=DIRECTION('',(0.,-1.,0.));
#5457=DIRECTION('',(-0.132938622622314,0.,0.991124272034179));
#5458=DIRECTION('center_axis',(0.,-1.,0.));
#5459=DIRECTION('ref_axis',(1.,0.,1.83697019872103E-16));
#5460=DIRECTION('center_axis',(0.,-1.,0.));
#5461=DIRECTION('ref_axis',(0.,0.,1.));
#5462=DIRECTION('center_axis',(0.,-1.,0.));
#5463=DIRECTION('ref_axis',(0.,0.,1.));
#5464=DIRECTION('',(0.132938622622314,0.,0.991124272034179));
#5465=DIRECTION('center_axis',(0.991124272034179,0.,-0.132938622622314));
#5466=DIRECTION('ref_axis',(-0.132938622622314,0.,-0.991124272034179));
#5467=DIRECTION('',(0.,1.,0.));
#5468=DIRECTION('',(0.132938622622314,0.,0.991124272034179));
#5469=DIRECTION('center_axis',(0.,1.,0.));
#5470=DIRECTION('ref_axis',(-1.,0.,-1.83697019872103E-16));
#5471=DIRECTION('center_axis',(0.,1.,0.));
#5472=DIRECTION('ref_axis',(0.,0.,1.));
#5473=DIRECTION('center_axis',(0.,1.,0.));
#5474=DIRECTION('ref_axis',(0.,0.,1.));
#5475=DIRECTION('center_axis',(0.,-1.,0.));
#5476=DIRECTION('ref_axis',(-0.707106781186547,0.,-0.707106781186548));
#5477=DIRECTION('',(0.,-1.,0.));
#5478=DIRECTION('center_axis',(0.,-1.,0.));
#5479=DIRECTION('ref_axis',(0.606828892216111,0.,-0.794832495291786));
#5480=DIRECTION('',(0.,1.,0.));
#5481=DIRECTION('center_axis',(0.,1.,0.));
#5482=DIRECTION('ref_axis',(0.794832495291786,0.,-0.606828892216111));
#5483=DIRECTION('center_axis',(-0.606828892216111,0.,-0.794832495291786));
#5484=DIRECTION('ref_axis',(-0.794832495291786,0.,0.606828892216111));
#5485=DIRECTION('',(-0.794832495291786,0.,0.606828892216111));
#5486=DIRECTION('',(0.,-1.,0.));
#5487=DIRECTION('',(-0.794832495291786,0.,0.606828892216111));
#5488=DIRECTION('center_axis',(0.,-1.,0.));
#5489=DIRECTION('ref_axis',(0.707106781186547,0.,0.707106781186548));
#5490=DIRECTION('center_axis',(0.,-1.,0.));
#5491=DIRECTION('ref_axis',(0.,0.,1.));
#5492=DIRECTION('',(-0.606828892216111,0.,0.794832495291786));
#5493=DIRECTION('center_axis',(0.794832495291786,0.,0.606828892216111));
#5494=DIRECTION('ref_axis',(0.606828892216111,0.,-0.794832495291786));
#5495=DIRECTION('',(0.,1.,0.));
#5496=DIRECTION('',(-0.606828892216111,0.,0.794832495291786));
#5497=DIRECTION('center_axis',(0.,1.,0.));
#5498=DIRECTION('ref_axis',(-0.707106781186547,0.,-0.707106781186548));
#5499=DIRECTION('center_axis',(0.,1.,0.));
#5500=DIRECTION('ref_axis',(0.,0.,1.));
#5501=DIRECTION('center_axis',(0.,-1.,0.));
#5502=DIRECTION('ref_axis',(-0.707106781186547,0.,-0.707106781186548));
#5503=DIRECTION('',(0.,-1.,0.));
#5504=DIRECTION('center_axis',(0.,-1.,0.));
#5505=DIRECTION('ref_axis',(0.606828892216111,0.,-0.794832495291786));
#5506=DIRECTION('',(0.,1.,0.));
#5507=DIRECTION('center_axis',(0.,1.,0.));
#5508=DIRECTION('ref_axis',(0.794832495291786,0.,-0.606828892216111));
#5509=DIRECTION('center_axis',(-0.606828892216111,0.,-0.794832495291786));
#5510=DIRECTION('ref_axis',(-0.794832495291786,0.,0.606828892216111));
#5511=DIRECTION('',(-0.794832495291786,0.,0.606828892216111));
#5512=DIRECTION('',(0.,-1.,0.));
#5513=DIRECTION('',(-0.794832495291786,0.,0.606828892216111));
#5514=DIRECTION('center_axis',(0.,-1.,0.));
#5515=DIRECTION('ref_axis',(0.707106781186547,0.,0.707106781186548));
#5516=DIRECTION('center_axis',(0.,-1.,0.));
#5517=DIRECTION('ref_axis',(0.,0.,1.));
#5518=DIRECTION('',(-0.606828892216111,0.,0.794832495291786));
#5519=DIRECTION('center_axis',(0.794832495291786,0.,0.606828892216111));
#5520=DIRECTION('ref_axis',(0.606828892216111,0.,-0.794832495291786));
#5521=DIRECTION('',(0.,1.,0.));
#5522=DIRECTION('',(-0.606828892216111,0.,0.794832495291786));
#5523=DIRECTION('center_axis',(0.,1.,0.));
#5524=DIRECTION('ref_axis',(-0.707106781186547,0.,-0.707106781186548));
#5525=DIRECTION('center_axis',(0.,1.,0.));
#5526=DIRECTION('ref_axis',(0.,0.,1.));
#5527=DIRECTION('center_axis',(0.,-1.,0.));
#5528=DIRECTION('ref_axis',(-0.707106781186547,0.,-0.707106781186548));
#5529=DIRECTION('',(0.,-1.,0.));
#5530=DIRECTION('center_axis',(0.,-1.,0.));
#5531=DIRECTION('ref_axis',(0.606828892216111,0.,-0.794832495291786));
#5532=DIRECTION('',(0.,1.,0.));
#5533=DIRECTION('center_axis',(0.,1.,0.));
#5534=DIRECTION('ref_axis',(0.794832495291786,0.,-0.606828892216111));
#5535=DIRECTION('center_axis',(-0.606828892216111,0.,-0.794832495291786));
#5536=DIRECTION('ref_axis',(-0.794832495291786,0.,0.606828892216111));
#5537=DIRECTION('',(-0.794832495291786,0.,0.606828892216111));
#5538=DIRECTION('',(0.,-1.,0.));
#5539=DIRECTION('',(-0.794832495291786,0.,0.606828892216111));
#5540=DIRECTION('center_axis',(0.,-1.,0.));
#5541=DIRECTION('ref_axis',(0.707106781186547,0.,0.707106781186548));
#5542=DIRECTION('center_axis',(0.,-1.,0.));
#5543=DIRECTION('ref_axis',(0.,0.,1.));
#5544=DIRECTION('',(-0.606828892216111,0.,0.794832495291786));
#5545=DIRECTION('center_axis',(0.794832495291786,0.,0.606828892216111));
#5546=DIRECTION('ref_axis',(0.606828892216111,0.,-0.794832495291786));
#5547=DIRECTION('',(0.,1.,0.));
#5548=DIRECTION('',(-0.606828892216111,0.,0.794832495291786));
#5549=DIRECTION('center_axis',(0.,1.,0.));
#5550=DIRECTION('ref_axis',(-0.707106781186547,0.,-0.707106781186548));
#5551=DIRECTION('center_axis',(0.,1.,0.));
#5552=DIRECTION('ref_axis',(0.,0.,1.));
#5553=DIRECTION('center_axis',(0.,-1.,0.));
#5554=DIRECTION('ref_axis',(-0.707106781186547,0.,-0.707106781186548));
#5555=DIRECTION('',(0.,-1.,0.));
#5556=DIRECTION('center_axis',(0.,-1.,0.));
#5557=DIRECTION('ref_axis',(0.606828892216111,0.,-0.794832495291786));
#5558=DIRECTION('',(0.,1.,0.));
#5559=DIRECTION('center_axis',(0.,1.,0.));
#5560=DIRECTION('ref_axis',(0.794832495291786,0.,-0.606828892216111));
#5561=DIRECTION('center_axis',(-0.606828892216111,0.,-0.794832495291786));
#5562=DIRECTION('ref_axis',(-0.794832495291786,0.,0.606828892216111));
#5563=DIRECTION('',(-0.794832495291786,0.,0.606828892216111));
#5564=DIRECTION('',(0.,-1.,0.));
#5565=DIRECTION('',(-0.794832495291786,0.,0.606828892216111));
#5566=DIRECTION('center_axis',(0.,-1.,0.));
#5567=DIRECTION('ref_axis',(0.707106781186547,0.,0.707106781186548));
#5568=DIRECTION('center_axis',(0.,-1.,0.));
#5569=DIRECTION('ref_axis',(0.,0.,1.));
#5570=DIRECTION('',(-0.606828892216111,0.,0.794832495291786));
#5571=DIRECTION('center_axis',(0.794832495291786,0.,0.606828892216111));
#5572=DIRECTION('ref_axis',(0.606828892216111,0.,-0.794832495291786));
#5573=DIRECTION('',(0.,1.,0.));
#5574=DIRECTION('',(-0.606828892216111,0.,0.794832495291786));
#5575=DIRECTION('center_axis',(0.,1.,0.));
#5576=DIRECTION('ref_axis',(-0.707106781186547,0.,-0.707106781186548));
#5577=DIRECTION('center_axis',(0.,1.,0.));
#5578=DIRECTION('ref_axis',(0.,0.,1.));
#5579=DIRECTION('center_axis',(0.,-1.,0.));
#5580=DIRECTION('ref_axis',(1.22464679914735E-16,0.,-1.));
#5581=DIRECTION('',(0.,-1.,0.));
#5582=DIRECTION('center_axis',(0.,-1.,0.));
#5583=DIRECTION('ref_axis',(0.991124272034179,0.,-0.132938622622314));
#5584=DIRECTION('',(0.,1.,0.));
#5585=DIRECTION('center_axis',(0.,1.,0.));
#5586=DIRECTION('ref_axis',(0.991124272034179,0.,0.132938622622314));
#5587=DIRECTION('center_axis',(0.132938622622314,0.,-0.991124272034179));
#5588=DIRECTION('ref_axis',(-0.991124272034179,0.,-0.132938622622314));
#5589=DIRECTION('',(-0.991124272034179,0.,-0.132938622622314));
#5590=DIRECTION('',(0.,-1.,0.));
#5591=DIRECTION('',(-0.991124272034179,0.,-0.132938622622314));
#5592=DIRECTION('center_axis',(0.,-1.,0.));
#5593=DIRECTION('ref_axis',(-1.22464679914735E-16,0.,1.));
#5594=DIRECTION('center_axis',(0.,-1.,0.));
#5595=DIRECTION('ref_axis',(0.,0.,1.));
#5596=DIRECTION('',(-0.991124272034179,0.,0.132938622622314));
#5597=DIRECTION('center_axis',(0.132938622622314,0.,0.991124272034179));
#5598=DIRECTION('ref_axis',(0.991124272034179,0.,-0.132938622622314));
#5599=DIRECTION('',(0.,1.,0.));
#5600=DIRECTION('',(-0.991124272034179,0.,0.132938622622314));
#5601=DIRECTION('center_axis',(0.,1.,0.));
#5602=DIRECTION('ref_axis',(1.22464679914735E-16,0.,-1.));
#5603=DIRECTION('center_axis',(0.,1.,0.));
#5604=DIRECTION('ref_axis',(0.,0.,1.));
#5605=DIRECTION('center_axis',(0.,-1.,0.));
#5606=DIRECTION('ref_axis',(1.22464679914735E-16,0.,-1.));
#5607=DIRECTION('',(0.,-1.,0.));
#5608=DIRECTION('center_axis',(0.,-1.,0.));
#5609=DIRECTION('ref_axis',(0.991124272034179,0.,-0.132938622622314));
#5610=DIRECTION('',(0.,1.,0.));
#5611=DIRECTION('center_axis',(0.,1.,0.));
#5612=DIRECTION('ref_axis',(0.991124272034179,0.,0.132938622622314));
#5613=DIRECTION('center_axis',(0.132938622622314,0.,-0.991124272034179));
#5614=DIRECTION('ref_axis',(-0.991124272034179,0.,-0.132938622622314));
#5615=DIRECTION('',(-0.991124272034179,0.,-0.132938622622314));
#5616=DIRECTION('',(0.,-1.,0.));
#5617=DIRECTION('',(-0.991124272034179,0.,-0.132938622622314));
#5618=DIRECTION('center_axis',(0.,-1.,0.));
#5619=DIRECTION('ref_axis',(-1.22464679914735E-16,0.,1.));
#5620=DIRECTION('center_axis',(0.,-1.,0.));
#5621=DIRECTION('ref_axis',(0.,0.,1.));
#5622=DIRECTION('',(-0.991124272034179,0.,0.132938622622314));
#5623=DIRECTION('center_axis',(0.132938622622314,0.,0.991124272034179));
#5624=DIRECTION('ref_axis',(0.991124272034179,0.,-0.132938622622314));
#5625=DIRECTION('',(0.,1.,0.));
#5626=DIRECTION('',(-0.991124272034179,0.,0.132938622622314));
#5627=DIRECTION('center_axis',(0.,1.,0.));
#5628=DIRECTION('ref_axis',(1.22464679914735E-16,0.,-1.));
#5629=DIRECTION('center_axis',(0.,1.,0.));
#5630=DIRECTION('ref_axis',(0.,0.,1.));
#5631=DIRECTION('center_axis',(0.,-1.,0.));
#5632=DIRECTION('ref_axis',(1.22464679914735E-16,0.,-1.));
#5633=DIRECTION('',(0.,-1.,0.));
#5634=DIRECTION('center_axis',(0.,-1.,0.));
#5635=DIRECTION('ref_axis',(0.991124272034179,0.,-0.132938622622314));
#5636=DIRECTION('',(0.,1.,0.));
#5637=DIRECTION('center_axis',(0.,1.,0.));
#5638=DIRECTION('ref_axis',(0.991124272034179,0.,0.132938622622314));
#5639=DIRECTION('center_axis',(0.132938622622314,0.,-0.991124272034179));
#5640=DIRECTION('ref_axis',(-0.991124272034179,0.,-0.132938622622314));
#5641=DIRECTION('',(-0.991124272034179,0.,-0.132938622622314));
#5642=DIRECTION('',(0.,-1.,0.));
#5643=DIRECTION('',(-0.991124272034179,0.,-0.132938622622314));
#5644=DIRECTION('center_axis',(0.,-1.,0.));
#5645=DIRECTION('ref_axis',(-1.22464679914735E-16,0.,1.));
#5646=DIRECTION('center_axis',(0.,-1.,0.));
#5647=DIRECTION('ref_axis',(0.,0.,1.));
#5648=DIRECTION('',(-0.991124272034179,0.,0.132938622622314));
#5649=DIRECTION('center_axis',(0.132938622622314,0.,0.991124272034179));
#5650=DIRECTION('ref_axis',(0.991124272034179,0.,-0.132938622622314));
#5651=DIRECTION('',(0.,1.,0.));
#5652=DIRECTION('',(-0.991124272034179,0.,0.132938622622314));
#5653=DIRECTION('center_axis',(0.,1.,0.));
#5654=DIRECTION('ref_axis',(1.22464679914735E-16,0.,-1.));
#5655=DIRECTION('center_axis',(0.,1.,0.));
#5656=DIRECTION('ref_axis',(0.,0.,1.));
#5657=DIRECTION('center_axis',(0.,-1.,0.));
#5658=DIRECTION('ref_axis',(1.22464679914735E-16,0.,-1.));
#5659=DIRECTION('',(0.,-1.,0.));
#5660=DIRECTION('center_axis',(0.,-1.,0.));
#5661=DIRECTION('ref_axis',(0.991124272034179,0.,-0.132938622622314));
#5662=DIRECTION('',(0.,1.,0.));
#5663=DIRECTION('center_axis',(0.,1.,0.));
#5664=DIRECTION('ref_axis',(0.991124272034179,0.,0.132938622622314));
#5665=DIRECTION('center_axis',(0.132938622622314,0.,-0.991124272034179));
#5666=DIRECTION('ref_axis',(-0.991124272034179,0.,-0.132938622622314));
#5667=DIRECTION('',(-0.991124272034179,0.,-0.132938622622314));
#5668=DIRECTION('',(0.,-1.,0.));
#5669=DIRECTION('',(-0.991124272034179,0.,-0.132938622622314));
#5670=DIRECTION('center_axis',(0.,-1.,0.));
#5671=DIRECTION('ref_axis',(-1.22464679914735E-16,0.,1.));
#5672=DIRECTION('center_axis',(0.,-1.,0.));
#5673=DIRECTION('ref_axis',(0.,0.,1.));
#5674=DIRECTION('',(-0.991124272034179,0.,0.132938622622314));
#5675=DIRECTION('center_axis',(0.132938622622314,0.,0.991124272034179));
#5676=DIRECTION('ref_axis',(0.991124272034179,0.,-0.132938622622314));
#5677=DIRECTION('',(0.,1.,0.));
#5678=DIRECTION('',(-0.991124272034179,0.,0.132938622622314));
#5679=DIRECTION('center_axis',(0.,1.,0.));
#5680=DIRECTION('ref_axis',(1.22464679914735E-16,0.,-1.));
#5681=DIRECTION('center_axis',(0.,1.,0.));
#5682=DIRECTION('ref_axis',(0.,0.,1.));
#5683=DIRECTION('center_axis',(0.,-1.,0.));
#5684=DIRECTION('ref_axis',(0.707106781186548,0.,-0.707106781186547));
#5685=DIRECTION('',(0.,-1.,0.));
#5686=DIRECTION('center_axis',(0.,-1.,0.));
#5687=DIRECTION('ref_axis',(0.794832495291786,0.,0.606828892216111));
#5688=DIRECTION('',(0.,1.,0.));
#5689=DIRECTION('center_axis',(0.,1.,0.));
#5690=DIRECTION('ref_axis',(0.606828892216111,0.,0.794832495291786));
#5691=DIRECTION('center_axis',(0.794832495291786,0.,-0.606828892216111));
#5692=DIRECTION('ref_axis',(-0.606828892216111,0.,-0.794832495291786));
#5693=DIRECTION('',(-0.606828892216111,0.,-0.794832495291786));
#5694=DIRECTION('',(0.,-1.,0.));
#5695=DIRECTION('',(-0.606828892216111,0.,-0.794832495291786));
#5696=DIRECTION('center_axis',(0.,-1.,0.));
#5697=DIRECTION('ref_axis',(-0.707106781186548,0.,0.707106781186547));
#5698=DIRECTION('center_axis',(0.,-1.,0.));
#5699=DIRECTION('ref_axis',(0.,0.,1.));
#5700=DIRECTION('',(-0.794832495291786,0.,-0.606828892216111));
#5701=DIRECTION('center_axis',(-0.606828892216111,0.,0.794832495291786));
#5702=DIRECTION('ref_axis',(0.794832495291786,0.,0.606828892216111));
#5703=DIRECTION('',(0.,1.,0.));
#5704=DIRECTION('',(-0.794832495291786,0.,-0.606828892216111));
#5705=DIRECTION('center_axis',(0.,1.,0.));
#5706=DIRECTION('ref_axis',(0.707106781186548,0.,-0.707106781186547));
#5707=DIRECTION('center_axis',(0.,1.,0.));
#5708=DIRECTION('ref_axis',(0.,0.,1.));
#5709=DIRECTION('center_axis',(0.,-1.,0.));
#5710=DIRECTION('ref_axis',(0.707106781186548,0.,-0.707106781186547));
#5711=DIRECTION('',(0.,-1.,0.));
#5712=DIRECTION('center_axis',(0.,-1.,0.));
#5713=DIRECTION('ref_axis',(0.794832495291786,0.,0.606828892216111));
#5714=DIRECTION('',(0.,1.,0.));
#5715=DIRECTION('center_axis',(0.,1.,0.));
#5716=DIRECTION('ref_axis',(0.606828892216111,0.,0.794832495291786));
#5717=DIRECTION('center_axis',(0.794832495291786,0.,-0.606828892216111));
#5718=DIRECTION('ref_axis',(-0.606828892216111,0.,-0.794832495291786));
#5719=DIRECTION('',(-0.606828892216111,0.,-0.794832495291786));
#5720=DIRECTION('',(0.,-1.,0.));
#5721=DIRECTION('',(-0.606828892216111,0.,-0.794832495291786));
#5722=DIRECTION('center_axis',(0.,-1.,0.));
#5723=DIRECTION('ref_axis',(-0.707106781186548,0.,0.707106781186547));
#5724=DIRECTION('center_axis',(0.,-1.,0.));
#5725=DIRECTION('ref_axis',(0.,0.,1.));
#5726=DIRECTION('',(-0.794832495291786,0.,-0.606828892216111));
#5727=DIRECTION('center_axis',(-0.606828892216111,0.,0.794832495291786));
#5728=DIRECTION('ref_axis',(0.794832495291786,0.,0.606828892216111));
#5729=DIRECTION('',(0.,1.,0.));
#5730=DIRECTION('',(-0.794832495291786,0.,-0.606828892216111));
#5731=DIRECTION('center_axis',(0.,1.,0.));
#5732=DIRECTION('ref_axis',(0.707106781186548,0.,-0.707106781186547));
#5733=DIRECTION('center_axis',(0.,1.,0.));
#5734=DIRECTION('ref_axis',(0.,0.,1.));
#5735=DIRECTION('center_axis',(0.,-1.,0.));
#5736=DIRECTION('ref_axis',(0.707106781186548,0.,-0.707106781186547));
#5737=DIRECTION('',(0.,-1.,0.));
#5738=DIRECTION('center_axis',(0.,-1.,0.));
#5739=DIRECTION('ref_axis',(0.794832495291786,0.,0.606828892216111));
#5740=DIRECTION('',(0.,1.,0.));
#5741=DIRECTION('center_axis',(0.,1.,0.));
#5742=DIRECTION('ref_axis',(0.606828892216111,0.,0.794832495291786));
#5743=DIRECTION('center_axis',(0.794832495291786,0.,-0.606828892216111));
#5744=DIRECTION('ref_axis',(-0.606828892216111,0.,-0.794832495291786));
#5745=DIRECTION('',(-0.606828892216111,0.,-0.794832495291786));
#5746=DIRECTION('',(0.,-1.,0.));
#5747=DIRECTION('',(-0.606828892216111,0.,-0.794832495291786));
#5748=DIRECTION('center_axis',(0.,-1.,0.));
#5749=DIRECTION('ref_axis',(-0.707106781186548,0.,0.707106781186547));
#5750=DIRECTION('center_axis',(0.,-1.,0.));
#5751=DIRECTION('ref_axis',(0.,0.,1.));
#5752=DIRECTION('',(-0.794832495291786,0.,-0.606828892216111));
#5753=DIRECTION('center_axis',(-0.606828892216111,0.,0.794832495291786));
#5754=DIRECTION('ref_axis',(0.794832495291786,0.,0.606828892216111));
#5755=DIRECTION('',(0.,1.,0.));
#5756=DIRECTION('',(-0.794832495291786,0.,-0.606828892216111));
#5757=DIRECTION('center_axis',(0.,1.,0.));
#5758=DIRECTION('ref_axis',(0.707106781186548,0.,-0.707106781186547));
#5759=DIRECTION('center_axis',(0.,1.,0.));
#5760=DIRECTION('ref_axis',(0.,0.,1.));
#5761=DIRECTION('center_axis',(0.,-1.,0.));
#5762=DIRECTION('ref_axis',(0.707106781186548,0.,-0.707106781186547));
#5763=DIRECTION('',(0.,-1.,0.));
#5764=DIRECTION('center_axis',(0.,-1.,0.));
#5765=DIRECTION('ref_axis',(0.794832495291786,0.,0.606828892216111));
#5766=DIRECTION('',(0.,1.,0.));
#5767=DIRECTION('center_axis',(0.,1.,0.));
#5768=DIRECTION('ref_axis',(0.606828892216111,0.,0.794832495291786));
#5769=DIRECTION('center_axis',(0.794832495291786,0.,-0.606828892216111));
#5770=DIRECTION('ref_axis',(-0.606828892216111,0.,-0.794832495291786));
#5771=DIRECTION('',(-0.606828892216111,0.,-0.794832495291786));
#5772=DIRECTION('',(0.,-1.,0.));
#5773=DIRECTION('',(-0.606828892216111,0.,-0.794832495291786));
#5774=DIRECTION('center_axis',(0.,-1.,0.));
#5775=DIRECTION('ref_axis',(-0.707106781186548,0.,0.707106781186547));
#5776=DIRECTION('center_axis',(0.,-1.,0.));
#5777=DIRECTION('ref_axis',(0.,0.,1.));
#5778=DIRECTION('',(-0.794832495291786,0.,-0.606828892216111));
#5779=DIRECTION('center_axis',(-0.606828892216111,0.,0.794832495291786));
#5780=DIRECTION('ref_axis',(0.794832495291786,0.,0.606828892216111));
#5781=DIRECTION('',(0.,1.,0.));
#5782=DIRECTION('',(-0.794832495291786,0.,-0.606828892216111));
#5783=DIRECTION('center_axis',(0.,1.,0.));
#5784=DIRECTION('ref_axis',(0.707106781186548,0.,-0.707106781186547));
#5785=DIRECTION('center_axis',(0.,1.,0.));
#5786=DIRECTION('ref_axis',(0.,0.,1.));
#5787=DIRECTION('center_axis',(0.,-1.,0.));
#5788=DIRECTION('ref_axis',(1.,0.,6.12323399573677E-17));
#5789=DIRECTION('',(0.,-1.,0.));
#5790=DIRECTION('center_axis',(0.,-1.,0.));
#5791=DIRECTION('ref_axis',(0.132938622622314,0.,0.991124272034179));
#5792=DIRECTION('',(0.,1.,0.));
#5793=DIRECTION('center_axis',(0.,1.,0.));
#5794=DIRECTION('ref_axis',(-0.132938622622314,0.,0.991124272034179));
#5795=DIRECTION('center_axis',(0.991124272034179,0.,0.132938622622314));
#5796=DIRECTION('ref_axis',(0.132938622622314,0.,-0.991124272034179));
#5797=DIRECTION('',(0.132938622622314,0.,-0.991124272034179));
#5798=DIRECTION('',(0.,-1.,0.));
#5799=DIRECTION('',(0.132938622622314,0.,-0.991124272034179));
#5800=DIRECTION('center_axis',(0.,-1.,0.));
#5801=DIRECTION('ref_axis',(-1.,0.,-6.12323399573677E-17));
#5802=DIRECTION('center_axis',(0.,-1.,0.));
#5803=DIRECTION('ref_axis',(0.,0.,1.));
#5804=DIRECTION('',(-0.132938622622314,0.,-0.991124272034179));
#5805=DIRECTION('center_axis',(-0.991124272034179,0.,0.132938622622314));
#5806=DIRECTION('ref_axis',(0.132938622622314,0.,0.991124272034179));
#5807=DIRECTION('',(0.,1.,0.));
#5808=DIRECTION('',(-0.132938622622314,0.,-0.991124272034179));
#5809=DIRECTION('center_axis',(0.,1.,0.));
#5810=DIRECTION('ref_axis',(1.,0.,6.12323399573677E-17));
#5811=DIRECTION('center_axis',(0.,1.,0.));
#5812=DIRECTION('ref_axis',(0.,0.,1.));
#5813=DIRECTION('center_axis',(0.,-1.,0.));
#5814=DIRECTION('ref_axis',(1.,0.,6.12323399573677E-17));
#5815=DIRECTION('',(0.,-1.,0.));
#5816=DIRECTION('center_axis',(0.,-1.,0.));
#5817=DIRECTION('ref_axis',(0.132938622622314,0.,0.991124272034179));
#5818=DIRECTION('',(0.,1.,0.));
#5819=DIRECTION('center_axis',(0.,1.,0.));
#5820=DIRECTION('ref_axis',(-0.132938622622314,0.,0.991124272034179));
#5821=DIRECTION('center_axis',(0.991124272034179,0.,0.132938622622314));
#5822=DIRECTION('ref_axis',(0.132938622622314,0.,-0.991124272034179));
#5823=DIRECTION('',(0.132938622622314,0.,-0.991124272034179));
#5824=DIRECTION('',(0.,-1.,0.));
#5825=DIRECTION('',(0.132938622622314,0.,-0.991124272034179));
#5826=DIRECTION('center_axis',(0.,-1.,0.));
#5827=DIRECTION('ref_axis',(-1.,0.,-6.12323399573677E-17));
#5828=DIRECTION('center_axis',(0.,-1.,0.));
#5829=DIRECTION('ref_axis',(0.,0.,1.));
#5830=DIRECTION('',(-0.132938622622314,0.,-0.991124272034179));
#5831=DIRECTION('center_axis',(-0.991124272034179,0.,0.132938622622314));
#5832=DIRECTION('ref_axis',(0.132938622622314,0.,0.991124272034179));
#5833=DIRECTION('',(0.,1.,0.));
#5834=DIRECTION('',(-0.132938622622314,0.,-0.991124272034179));
#5835=DIRECTION('center_axis',(0.,1.,0.));
#5836=DIRECTION('ref_axis',(1.,0.,6.12323399573677E-17));
#5837=DIRECTION('center_axis',(0.,1.,0.));
#5838=DIRECTION('ref_axis',(0.,0.,1.));
#5839=DIRECTION('center_axis',(0.,-1.,0.));
#5840=DIRECTION('ref_axis',(1.,0.,6.12323399573677E-17));
#5841=DIRECTION('',(0.,-1.,0.));
#5842=DIRECTION('center_axis',(0.,-1.,0.));
#5843=DIRECTION('ref_axis',(0.132938622622314,0.,0.991124272034179));
#5844=DIRECTION('',(0.,1.,0.));
#5845=DIRECTION('center_axis',(0.,1.,0.));
#5846=DIRECTION('ref_axis',(-0.132938622622314,0.,0.991124272034179));
#5847=DIRECTION('center_axis',(0.991124272034179,0.,0.132938622622314));
#5848=DIRECTION('ref_axis',(0.132938622622314,0.,-0.991124272034179));
#5849=DIRECTION('',(0.132938622622314,0.,-0.991124272034179));
#5850=DIRECTION('',(0.,-1.,0.));
#5851=DIRECTION('',(0.132938622622314,0.,-0.991124272034179));
#5852=DIRECTION('center_axis',(0.,-1.,0.));
#5853=DIRECTION('ref_axis',(-1.,0.,-6.12323399573677E-17));
#5854=DIRECTION('center_axis',(0.,-1.,0.));
#5855=DIRECTION('ref_axis',(0.,0.,1.));
#5856=DIRECTION('',(-0.132938622622314,0.,-0.991124272034179));
#5857=DIRECTION('center_axis',(-0.991124272034179,0.,0.132938622622314));
#5858=DIRECTION('ref_axis',(0.132938622622314,0.,0.991124272034179));
#5859=DIRECTION('',(0.,1.,0.));
#5860=DIRECTION('',(-0.132938622622314,0.,-0.991124272034179));
#5861=DIRECTION('center_axis',(0.,1.,0.));
#5862=DIRECTION('ref_axis',(1.,0.,6.12323399573677E-17));
#5863=DIRECTION('center_axis',(0.,1.,0.));
#5864=DIRECTION('ref_axis',(0.,0.,1.));
#5865=DIRECTION('center_axis',(0.,-1.,0.));
#5866=DIRECTION('ref_axis',(1.,0.,6.12323399573677E-17));
#5867=DIRECTION('',(0.,-1.,0.));
#5868=DIRECTION('center_axis',(0.,-1.,0.));
#5869=DIRECTION('ref_axis',(0.132938622622314,0.,0.991124272034179));
#5870=DIRECTION('',(0.,1.,0.));
#5871=DIRECTION('center_axis',(0.,1.,0.));
#5872=DIRECTION('ref_axis',(-0.132938622622314,0.,0.991124272034179));
#5873=DIRECTION('center_axis',(0.991124272034179,0.,0.132938622622314));
#5874=DIRECTION('ref_axis',(0.132938622622314,0.,-0.991124272034179));
#5875=DIRECTION('',(0.132938622622314,0.,-0.991124272034179));
#5876=DIRECTION('',(0.,-1.,0.));
#5877=DIRECTION('',(0.132938622622314,0.,-0.991124272034179));
#5878=DIRECTION('center_axis',(0.,-1.,0.));
#5879=DIRECTION('ref_axis',(-1.,0.,-6.12323399573677E-17));
#5880=DIRECTION('center_axis',(0.,-1.,0.));
#5881=DIRECTION('ref_axis',(0.,0.,1.));
#5882=DIRECTION('',(-0.132938622622314,0.,-0.991124272034179));
#5883=DIRECTION('center_axis',(-0.991124272034179,0.,0.132938622622314));
#5884=DIRECTION('ref_axis',(0.132938622622314,0.,0.991124272034179));
#5885=DIRECTION('',(0.,1.,0.));
#5886=DIRECTION('',(-0.132938622622314,0.,-0.991124272034179));
#5887=DIRECTION('center_axis',(0.,1.,0.));
#5888=DIRECTION('ref_axis',(1.,0.,6.12323399573677E-17));
#5889=DIRECTION('center_axis',(0.,1.,0.));
#5890=DIRECTION('ref_axis',(0.,0.,1.));
#5891=DIRECTION('center_axis',(0.,-1.,0.));
#5892=DIRECTION('ref_axis',(0.707106781186548,0.,0.707106781186548));
#5893=DIRECTION('',(0.,-1.,0.));
#5894=DIRECTION('center_axis',(0.,-1.,0.));
#5895=DIRECTION('ref_axis',(-0.606828892216111,0.,0.794832495291786));
#5896=DIRECTION('',(0.,1.,0.));
#5897=DIRECTION('center_axis',(0.,1.,0.));
#5898=DIRECTION('ref_axis',(-0.794832495291786,0.,0.606828892216111));
#5899=DIRECTION('center_axis',(0.606828892216111,0.,0.794832495291786));
#5900=DIRECTION('ref_axis',(0.794832495291786,0.,-0.606828892216111));
#5901=DIRECTION('',(0.794832495291786,0.,-0.606828892216111));
#5902=DIRECTION('',(0.,-1.,0.));
#5903=DIRECTION('',(0.794832495291786,0.,-0.606828892216111));
#5904=DIRECTION('center_axis',(0.,-1.,0.));
#5905=DIRECTION('ref_axis',(-0.707106781186548,0.,-0.707106781186548));
#5906=DIRECTION('center_axis',(0.,-1.,0.));
#5907=DIRECTION('ref_axis',(0.,0.,1.));
#5908=DIRECTION('',(0.606828892216111,0.,-0.794832495291786));
#5909=DIRECTION('center_axis',(-0.794832495291786,0.,-0.606828892216111));
#5910=DIRECTION('ref_axis',(-0.606828892216111,0.,0.794832495291786));
#5911=DIRECTION('',(0.,1.,0.));
#5912=DIRECTION('',(0.606828892216111,0.,-0.794832495291786));
#5913=DIRECTION('center_axis',(0.,1.,0.));
#5914=DIRECTION('ref_axis',(0.707106781186548,0.,0.707106781186548));
#5915=DIRECTION('center_axis',(0.,1.,0.));
#5916=DIRECTION('ref_axis',(0.,0.,1.));
#5917=DIRECTION('center_axis',(0.,-1.,0.));
#5918=DIRECTION('ref_axis',(0.707106781186548,0.,0.707106781186548));
#5919=DIRECTION('',(0.,-1.,0.));
#5920=DIRECTION('center_axis',(0.,-1.,0.));
#5921=DIRECTION('ref_axis',(-0.606828892216111,0.,0.794832495291786));
#5922=DIRECTION('',(0.,1.,0.));
#5923=DIRECTION('center_axis',(0.,1.,0.));
#5924=DIRECTION('ref_axis',(-0.794832495291786,0.,0.606828892216111));
#5925=DIRECTION('center_axis',(0.606828892216111,0.,0.794832495291786));
#5926=DIRECTION('ref_axis',(0.794832495291786,0.,-0.606828892216111));
#5927=DIRECTION('',(0.794832495291786,0.,-0.606828892216111));
#5928=DIRECTION('',(0.,-1.,0.));
#5929=DIRECTION('',(0.794832495291786,0.,-0.606828892216111));
#5930=DIRECTION('center_axis',(0.,-1.,0.));
#5931=DIRECTION('ref_axis',(-0.707106781186548,0.,-0.707106781186548));
#5932=DIRECTION('center_axis',(0.,-1.,0.));
#5933=DIRECTION('ref_axis',(0.,0.,1.));
#5934=DIRECTION('',(0.606828892216111,0.,-0.794832495291786));
#5935=DIRECTION('center_axis',(-0.794832495291786,0.,-0.606828892216111));
#5936=DIRECTION('ref_axis',(-0.606828892216111,0.,0.794832495291786));
#5937=DIRECTION('',(0.,1.,0.));
#5938=DIRECTION('',(0.606828892216111,0.,-0.794832495291786));
#5939=DIRECTION('center_axis',(0.,1.,0.));
#5940=DIRECTION('ref_axis',(0.707106781186548,0.,0.707106781186548));
#5941=DIRECTION('center_axis',(0.,1.,0.));
#5942=DIRECTION('ref_axis',(0.,0.,1.));
#5943=DIRECTION('center_axis',(0.,-1.,0.));
#5944=DIRECTION('ref_axis',(0.707106781186548,0.,0.707106781186548));
#5945=DIRECTION('',(0.,-1.,0.));
#5946=DIRECTION('center_axis',(0.,-1.,0.));
#5947=DIRECTION('ref_axis',(-0.606828892216111,0.,0.794832495291786));
#5948=DIRECTION('',(0.,1.,0.));
#5949=DIRECTION('center_axis',(0.,1.,0.));
#5950=DIRECTION('ref_axis',(-0.794832495291786,0.,0.606828892216111));
#5951=DIRECTION('center_axis',(0.606828892216111,0.,0.794832495291786));
#5952=DIRECTION('ref_axis',(0.794832495291786,0.,-0.606828892216111));
#5953=DIRECTION('',(0.794832495291786,0.,-0.606828892216111));
#5954=DIRECTION('',(0.,-1.,0.));
#5955=DIRECTION('',(0.794832495291786,0.,-0.606828892216111));
#5956=DIRECTION('center_axis',(0.,-1.,0.));
#5957=DIRECTION('ref_axis',(-0.707106781186548,0.,-0.707106781186548));
#5958=DIRECTION('center_axis',(0.,-1.,0.));
#5959=DIRECTION('ref_axis',(0.,0.,1.));
#5960=DIRECTION('',(0.606828892216111,0.,-0.794832495291786));
#5961=DIRECTION('center_axis',(-0.794832495291786,0.,-0.606828892216111));
#5962=DIRECTION('ref_axis',(-0.606828892216111,0.,0.794832495291786));
#5963=DIRECTION('',(0.,1.,0.));
#5964=DIRECTION('',(0.606828892216111,0.,-0.794832495291786));
#5965=DIRECTION('center_axis',(0.,1.,0.));
#5966=DIRECTION('ref_axis',(0.707106781186548,0.,0.707106781186548));
#5967=DIRECTION('center_axis',(0.,1.,0.));
#5968=DIRECTION('ref_axis',(0.,0.,1.));
#5969=DIRECTION('center_axis',(0.,-1.,0.));
#5970=DIRECTION('ref_axis',(0.707106781186548,0.,0.707106781186548));
#5971=DIRECTION('',(0.,-1.,0.));
#5972=DIRECTION('center_axis',(0.,-1.,0.));
#5973=DIRECTION('ref_axis',(-0.606828892216111,0.,0.794832495291786));
#5974=DIRECTION('',(0.,1.,0.));
#5975=DIRECTION('center_axis',(0.,1.,0.));
#5976=DIRECTION('ref_axis',(-0.794832495291786,0.,0.606828892216111));
#5977=DIRECTION('center_axis',(0.606828892216111,0.,0.794832495291786));
#5978=DIRECTION('ref_axis',(0.794832495291786,0.,-0.606828892216111));
#5979=DIRECTION('',(0.794832495291786,0.,-0.606828892216111));
#5980=DIRECTION('',(0.,-1.,0.));
#5981=DIRECTION('',(0.794832495291786,0.,-0.606828892216111));
#5982=DIRECTION('center_axis',(0.,-1.,0.));
#5983=DIRECTION('ref_axis',(-0.707106781186548,0.,-0.707106781186548));
#5984=DIRECTION('center_axis',(0.,-1.,0.));
#5985=DIRECTION('ref_axis',(0.,0.,1.));
#5986=DIRECTION('',(0.606828892216111,0.,-0.794832495291786));
#5987=DIRECTION('center_axis',(-0.794832495291786,0.,-0.606828892216111));
#5988=DIRECTION('ref_axis',(-0.606828892216111,0.,0.794832495291786));
#5989=DIRECTION('',(0.,1.,0.));
#5990=DIRECTION('',(0.606828892216111,0.,-0.794832495291786));
#5991=DIRECTION('center_axis',(0.,1.,0.));
#5992=DIRECTION('ref_axis',(0.707106781186548,0.,0.707106781186548));
#5993=DIRECTION('center_axis',(0.,1.,0.));
#5994=DIRECTION('ref_axis',(0.,0.,1.));
#5995=DIRECTION('center_axis',(0.,-1.,0.));
#5996=DIRECTION('ref_axis',(0.,0.,1.));
#5997=DIRECTION('',(0.,-1.,0.));
#5998=DIRECTION('center_axis',(0.,-1.,0.));
#5999=DIRECTION('ref_axis',(-0.991124272034179,0.,0.132938622622314));
#6000=DIRECTION('',(0.,1.,0.));
#6001=DIRECTION('center_axis',(0.,1.,0.));
#6002=DIRECTION('ref_axis',(-0.991124272034179,0.,-0.132938622622314));
#6003=DIRECTION('center_axis',(-0.132938622622314,0.,0.991124272034179));
#6004=DIRECTION('ref_axis',(0.991124272034179,0.,0.132938622622314));
#6005=DIRECTION('',(0.991124272034179,0.,0.132938622622314));
#6006=DIRECTION('',(0.,-1.,0.));
#6007=DIRECTION('',(0.991124272034179,0.,0.132938622622314));
#6008=DIRECTION('center_axis',(0.,-1.,0.));
#6009=DIRECTION('ref_axis',(0.,0.,-1.));
#6010=DIRECTION('center_axis',(0.,-1.,0.));
#6011=DIRECTION('ref_axis',(0.,0.,1.));
#6012=DIRECTION('',(0.991124272034179,0.,-0.132938622622314));
#6013=DIRECTION('center_axis',(-0.132938622622314,0.,-0.991124272034179));
#6014=DIRECTION('ref_axis',(-0.991124272034179,0.,0.132938622622314));
#6015=DIRECTION('',(0.,1.,0.));
#6016=DIRECTION('',(0.991124272034179,0.,-0.132938622622314));
#6017=DIRECTION('center_axis',(0.,1.,0.));
#6018=DIRECTION('ref_axis',(0.,0.,1.));
#6019=DIRECTION('center_axis',(0.,1.,0.));
#6020=DIRECTION('ref_axis',(0.,0.,1.));
#6021=DIRECTION('center_axis',(0.,-1.,0.));
#6022=DIRECTION('ref_axis',(0.,0.,1.));
#6023=DIRECTION('',(0.,-1.,0.));
#6024=DIRECTION('center_axis',(0.,-1.,0.));
#6025=DIRECTION('ref_axis',(-0.991124272034179,0.,0.132938622622314));
#6026=DIRECTION('',(0.,1.,0.));
#6027=DIRECTION('center_axis',(0.,1.,0.));
#6028=DIRECTION('ref_axis',(-0.991124272034179,0.,-0.132938622622314));
#6029=DIRECTION('center_axis',(-0.132938622622314,0.,0.991124272034179));
#6030=DIRECTION('ref_axis',(0.991124272034179,0.,0.132938622622314));
#6031=DIRECTION('',(0.991124272034179,0.,0.132938622622314));
#6032=DIRECTION('',(0.,-1.,0.));
#6033=DIRECTION('',(0.991124272034179,0.,0.132938622622314));
#6034=DIRECTION('center_axis',(0.,-1.,0.));
#6035=DIRECTION('ref_axis',(0.,0.,-1.));
#6036=DIRECTION('center_axis',(0.,-1.,0.));
#6037=DIRECTION('ref_axis',(0.,0.,1.));
#6038=DIRECTION('',(0.991124272034179,0.,-0.132938622622314));
#6039=DIRECTION('center_axis',(-0.132938622622314,0.,-0.991124272034179));
#6040=DIRECTION('ref_axis',(-0.991124272034179,0.,0.132938622622314));
#6041=DIRECTION('',(0.,1.,0.));
#6042=DIRECTION('',(0.991124272034179,0.,-0.132938622622314));
#6043=DIRECTION('center_axis',(0.,1.,0.));
#6044=DIRECTION('ref_axis',(0.,0.,1.));
#6045=DIRECTION('center_axis',(0.,1.,0.));
#6046=DIRECTION('ref_axis',(0.,0.,1.));
#6047=DIRECTION('center_axis',(0.,-1.,0.));
#6048=DIRECTION('ref_axis',(0.,0.,1.));
#6049=DIRECTION('',(0.,-1.,0.));
#6050=DIRECTION('center_axis',(0.,-1.,0.));
#6051=DIRECTION('ref_axis',(-0.991124272034179,0.,0.132938622622314));
#6052=DIRECTION('',(0.,1.,0.));
#6053=DIRECTION('center_axis',(0.,1.,0.));
#6054=DIRECTION('ref_axis',(-0.991124272034179,0.,-0.132938622622314));
#6055=DIRECTION('center_axis',(-0.132938622622314,0.,0.991124272034179));
#6056=DIRECTION('ref_axis',(0.991124272034179,0.,0.132938622622314));
#6057=DIRECTION('',(0.991124272034179,0.,0.132938622622314));
#6058=DIRECTION('',(0.,-1.,0.));
#6059=DIRECTION('',(0.991124272034179,0.,0.132938622622314));
#6060=DIRECTION('center_axis',(0.,-1.,0.));
#6061=DIRECTION('ref_axis',(0.,0.,-1.));
#6062=DIRECTION('center_axis',(0.,-1.,0.));
#6063=DIRECTION('ref_axis',(0.,0.,1.));
#6064=DIRECTION('',(0.991124272034179,0.,-0.132938622622314));
#6065=DIRECTION('center_axis',(-0.132938622622314,0.,-0.991124272034179));
#6066=DIRECTION('ref_axis',(-0.991124272034179,0.,0.132938622622314));
#6067=DIRECTION('',(0.,1.,0.));
#6068=DIRECTION('',(0.991124272034179,0.,-0.132938622622314));
#6069=DIRECTION('center_axis',(0.,1.,0.));
#6070=DIRECTION('ref_axis',(0.,0.,1.));
#6071=DIRECTION('center_axis',(0.,1.,0.));
#6072=DIRECTION('ref_axis',(0.,0.,1.));
#6073=DIRECTION('center_axis',(0.,-1.,0.));
#6074=DIRECTION('ref_axis',(0.,0.,1.));
#6075=DIRECTION('',(0.,-1.,0.));
#6076=DIRECTION('center_axis',(0.,-1.,0.));
#6077=DIRECTION('ref_axis',(-0.991124272034179,0.,0.132938622622314));
#6078=DIRECTION('',(0.,1.,0.));
#6079=DIRECTION('center_axis',(0.,1.,0.));
#6080=DIRECTION('ref_axis',(-0.991124272034179,0.,-0.132938622622314));
#6081=DIRECTION('center_axis',(-0.132938622622314,0.,0.991124272034179));
#6082=DIRECTION('ref_axis',(0.991124272034179,0.,0.132938622622314));
#6083=DIRECTION('',(0.991124272034179,0.,0.132938622622314));
#6084=DIRECTION('',(0.,-1.,0.));
#6085=DIRECTION('',(0.991124272034179,0.,0.132938622622314));
#6086=DIRECTION('center_axis',(0.,-1.,0.));
#6087=DIRECTION('ref_axis',(0.,0.,-1.));
#6088=DIRECTION('center_axis',(0.,-1.,0.));
#6089=DIRECTION('ref_axis',(0.,0.,1.));
#6090=DIRECTION('',(0.991124272034179,0.,-0.132938622622314));
#6091=DIRECTION('center_axis',(-0.132938622622314,0.,-0.991124272034179));
#6092=DIRECTION('ref_axis',(-0.991124272034179,0.,0.132938622622314));
#6093=DIRECTION('',(0.,1.,0.));
#6094=DIRECTION('',(0.991124272034179,0.,-0.132938622622314));
#6095=DIRECTION('center_axis',(0.,1.,0.));
#6096=DIRECTION('ref_axis',(0.,0.,1.));
#6097=DIRECTION('center_axis',(0.,1.,0.));
#6098=DIRECTION('ref_axis',(0.,0.,1.));
#6099=DIRECTION('center_axis',(0.,1.,0.));
#6100=DIRECTION('ref_axis',(1.,0.,-4.55135353028007E-15));
#6101=DIRECTION('center_axis',(0.,-1.,0.));
#6102=DIRECTION('ref_axis',(1.,0.,-4.55135353028007E-15));
#6103=DIRECTION('center_axis',(0.,1.,0.));
#6104=DIRECTION('ref_axis',(1.,0.,0.));
#6105=DIRECTION('center_axis',(0.,1.,0.));
#6106=DIRECTION('ref_axis',(1.,0.,0.));
#6107=DIRECTION('center_axis',(0.,1.,0.));
#6108=DIRECTION('ref_axis',(1.,0.,0.));
#6109=DIRECTION('center_axis',(0.,1.,0.));
#6110=DIRECTION('ref_axis',(1.,0.,0.));
#6111=DIRECTION('center_axis',(0.,-1.,0.));
#6112=DIRECTION('ref_axis',(0.,0.,1.));
#6113=DIRECTION('center_axis',(0.,-1.,0.));
#6114=DIRECTION('ref_axis',(0.,0.,1.));
#6115=DIRECTION('',(0.,-1.,0.));
#6116=DIRECTION('',(0.,-1.,0.));
#6117=DIRECTION('',(0.,-1.,0.));
#6118=DIRECTION('',(0.,-1.,0.));
#6119=DIRECTION('',(0.,-1.,0.));
#6120=DIRECTION('center_axis',(0.,-1.,0.));
#6121=DIRECTION('ref_axis',(0.,0.,1.));
#6122=DIRECTION('center_axis',(0.,-1.,0.));
#6123=DIRECTION('ref_axis',(0.,0.,1.));
#6124=DIRECTION('center_axis',(0.,1.,0.));
#6125=DIRECTION('ref_axis',(1.,0.,0.));
#6126=DIRECTION('center_axis',(0.,1.,0.));
#6127=DIRECTION('ref_axis',(1.,0.,0.));
#6128=DIRECTION('',(0.,-1.,0.));
#6129=DIRECTION('center_axis',(0.,-1.,0.));
#6130=DIRECTION('ref_axis',(1.,0.,0.));
#6131=DIRECTION('center_axis',(0.,1.,0.));
#6132=DIRECTION('ref_axis',(1.,0.,0.));
#6133=DIRECTION('center_axis',(0.,1.,0.));
#6134=DIRECTION('ref_axis',(1.,0.,0.));
#6135=DIRECTION('',(0.,-1.,0.));
#6136=DIRECTION('center_axis',(0.,1.,0.));
#6137=DIRECTION('ref_axis',(1.,0.,0.));
#6138=DIRECTION('center_axis',(0.,1.,0.));
#6139=DIRECTION('ref_axis',(1.,0.,0.));
#6140=DIRECTION('axis',(0.,0.,1.));
#6141=DIRECTION('refdir',(1.,0.,0.));
#6142=DIRECTION('center_axis',(0.,0.,1.));
#6143=DIRECTION('ref_axis',(1.,0.,0.));
#6144=DIRECTION('center_axis',(0.,0.,-1.));
#6145=DIRECTION('ref_axis',(1.,0.,0.));
#6146=DIRECTION('center_axis',(0.,0.,-1.));
#6147=DIRECTION('ref_axis',(1.,0.,0.));
#6148=DIRECTION('center_axis',(0.,0.,1.));
#6149=DIRECTION('ref_axis',(1.,0.,0.));
#6150=DIRECTION('',(0.,0.,-1.));
#6151=DIRECTION('center_axis',(0.,0.,-1.));
#6152=DIRECTION('ref_axis',(1.,0.,0.));
#6153=DIRECTION('center_axis',(0.,0.,1.));
#6154=DIRECTION('ref_axis',(1.,0.,0.));
#6155=DIRECTION('center_axis',(0.,0.,-1.));
#6156=DIRECTION('ref_axis',(1.,0.,0.));
#6157=DIRECTION('center_axis',(0.,0.,-1.));
#6158=DIRECTION('ref_axis',(1.,0.,0.));
#6159=DIRECTION('center_axis',(0.,0.,1.));
#6160=DIRECTION('ref_axis',(1.,0.,0.));
#6161=DIRECTION('',(0.,0.,-1.));
#6162=DIRECTION('center_axis',(0.,0.,-1.));
#6163=DIRECTION('ref_axis',(1.,0.,0.));
#6164=DIRECTION('center_axis',(0.,0.,1.));
#6165=DIRECTION('ref_axis',(1.,0.,0.));
#6166=DIRECTION('center_axis',(0.,0.,-1.));
#6167=DIRECTION('ref_axis',(1.,0.,0.));
#6168=DIRECTION('center_axis',(0.,0.,-1.));
#6169=DIRECTION('ref_axis',(1.,0.,0.));
#6170=DIRECTION('center_axis',(0.,0.,1.));
#6171=DIRECTION('ref_axis',(1.,0.,0.));
#6172=DIRECTION('',(0.,0.,-1.));
#6173=DIRECTION('center_axis',(0.,0.,-1.));
#6174=DIRECTION('ref_axis',(1.,0.,0.));
#6175=DIRECTION('center_axis',(0.,0.,1.));
#6176=DIRECTION('ref_axis',(1.,0.,0.));
#6177=DIRECTION('center_axis',(0.,0.,-1.));
#6178=DIRECTION('ref_axis',(1.,0.,0.));
#6179=DIRECTION('center_axis',(0.,0.,-1.));
#6180=DIRECTION('ref_axis',(1.,0.,0.));
#6181=DIRECTION('center_axis',(0.,0.,1.));
#6182=DIRECTION('ref_axis',(1.,0.,0.));
#6183=DIRECTION('',(0.,0.,-1.));
#6184=DIRECTION('center_axis',(0.,0.,-1.));
#6185=DIRECTION('ref_axis',(1.,0.,0.));
#6186=DIRECTION('center_axis',(1.,-1.79429983777803E-16,0.));
#6187=DIRECTION('ref_axis',(1.79429983777803E-16,1.,0.));
#6188=DIRECTION('',(-1.79429983777803E-16,-1.,0.));
#6189=DIRECTION('',(0.,0.,1.));
#6190=DIRECTION('',(1.79429983777803E-16,1.,0.));
#6191=DIRECTION('',(0.,0.,1.));
#6192=DIRECTION('center_axis',(-1.79429983777803E-16,-1.,0.));
#6193=DIRECTION('ref_axis',(1.,-1.79429983777803E-16,0.));
#6194=DIRECTION('',(-1.,1.79429983777803E-16,0.));
#6195=DIRECTION('',(1.,-1.79429983777803E-16,0.));
#6196=DIRECTION('',(0.,0.,1.));
#6197=DIRECTION('center_axis',(-1.,2.69144975666705E-16,0.));
#6198=DIRECTION('ref_axis',(-2.69144975666705E-16,-1.,0.));
#6199=DIRECTION('',(2.69144975666705E-16,1.,0.));
#6200=DIRECTION('',(-2.69144975666705E-16,-1.,0.));
#6201=DIRECTION('',(0.,0.,1.));
#6202=DIRECTION('center_axis',(0.,1.,0.));
#6203=DIRECTION('ref_axis',(-1.,0.,0.));
#6204=DIRECTION('',(1.,0.,0.));
#6205=DIRECTION('',(-1.,0.,0.));
#6206=DIRECTION('center_axis',(0.,0.,1.));
#6207=DIRECTION('ref_axis',(1.,0.,0.));
#6208=DIRECTION('',(0.,-1.,0.));
#6209=DIRECTION('',(-1.,0.,0.));
#6210=DIRECTION('',(0.,1.,0.));
#6211=DIRECTION('',(1.,0.,0.));
#6212=DIRECTION('center_axis',(1.,0.,0.));
#6213=DIRECTION('ref_axis',(0.,1.,0.));
#6214=DIRECTION('',(0.,0.,1.));
#6215=DIRECTION('',(0.,1.,0.));
#6216=DIRECTION('',(0.,0.,1.));
#6217=DIRECTION('center_axis',(0.,1.,0.));
#6218=DIRECTION('ref_axis',(-1.,0.,0.));
#6219=DIRECTION('',(0.,0.,1.));
#6220=DIRECTION('',(-1.,0.,0.));
#6221=DIRECTION('center_axis',(0.,0.,1.));
#6222=DIRECTION('ref_axis',(1.,0.,0.));
#6223=DIRECTION('center_axis',(0.,0.,-1.));
#6224=DIRECTION('ref_axis',(1.,0.,0.));
#6225=DIRECTION('',(0.,0.,-1.));
#6226=DIRECTION('center_axis',(0.,0.,1.));
#6227=DIRECTION('ref_axis',(1.,0.,0.));
#6228=DIRECTION('center_axis',(0.,0.,-1.));
#6229=DIRECTION('ref_axis',(1.,0.,0.));
#6230=DIRECTION('',(0.,0.,-1.));
#6231=DIRECTION('center_axis',(0.,0.,1.));
#6232=DIRECTION('ref_axis',(1.,0.,0.));
#6233=DIRECTION('center_axis',(0.,0.,-1.));
#6234=DIRECTION('ref_axis',(1.,0.,0.));
#6235=DIRECTION('',(0.,0.,-1.));
#6236=DIRECTION('center_axis',(0.,0.,1.));
#6237=DIRECTION('ref_axis',(1.,0.,0.));
#6238=DIRECTION('center_axis',(0.,0.,-1.));
#6239=DIRECTION('ref_axis',(1.,0.,0.));
#6240=DIRECTION('',(0.,0.,-1.));
#6241=DIRECTION('center_axis',(0.,-1.,0.));
#6242=DIRECTION('ref_axis',(1.,0.,0.));
#6243=DIRECTION('',(1.,0.,0.));
#6244=DIRECTION('',(0.,0.,1.));
#6245=DIRECTION('center_axis',(-1.,0.,0.));
#6246=DIRECTION('ref_axis',(0.,-1.,0.));
#6247=DIRECTION('',(0.,-1.,0.));
#6248=DIRECTION('center_axis',(0.,0.,1.));
#6249=DIRECTION('ref_axis',(1.,0.,0.));
#6250=DIRECTION('center_axis',(0.,0.,1.));
#6251=DIRECTION('ref_axis',(1.,0.,0.));
#6252=DIRECTION('',(0.,0.,1.));
#6253=DIRECTION('',(1.,0.,0.));
#6254=DIRECTION('',(0.,0.,1.));
#6255=DIRECTION('',(1.,0.,0.));
#6256=DIRECTION('',(0.,1.,0.));
#6257=DIRECTION('',(1.,0.,0.));
#6258=DIRECTION('',(0.,1.,0.));
#6259=DIRECTION('',(1.,0.,0.));
#6260=DIRECTION('',(0.,1.,0.));
#6261=DIRECTION('',(1.,0.,0.));
#6262=DIRECTION('',(0.,1.,0.));
#6263=DIRECTION('',(1.,0.,0.));
#6264=DIRECTION('',(-3.62678816076573E-33,1.92494468631724E-49,-1.));
#6265=DIRECTION('',(1.,-1.22464679914735E-16,-6.93334779979411E-33));
#6266=CARTESIAN_POINT('',(0.,0.,0.));
#6267=CARTESIAN_POINT('',(0.,0.,0.));
#6268=CARTESIAN_POINT('Origin',(-24.75,10.,23.5));
#6269=CARTESIAN_POINT('',(-24.75,6.,5.));
#6270=CARTESIAN_POINT('',(-24.75,6.,23.5));
#6271=CARTESIAN_POINT('',(-24.75,6.,11.75));
#6272=CARTESIAN_POINT('',(-24.75,10.,5.));
#6273=CARTESIAN_POINT('',(-24.75,10.,5.));
#6274=CARTESIAN_POINT('',(-24.75,10.,23.5));
#6275=CARTESIAN_POINT('',(-24.75,10.,11.75));
#6276=CARTESIAN_POINT('',(-24.75,-2.375,23.5));
#6277=CARTESIAN_POINT('Origin',(-24.75,10.,23.5));
#6278=CARTESIAN_POINT('',(-24.75,-35.5,23.5));
#6279=CARTESIAN_POINT('',(-24.75,-35.5,5.));
#6280=CARTESIAN_POINT('',(-24.75,-35.5,11.75));
#6281=CARTESIAN_POINT('',(-24.75,-39.5,23.5));
#6282=CARTESIAN_POINT('',(-24.75,-2.375,23.5));
#6283=CARTESIAN_POINT('',(-24.75,-39.5,5.));
#6284=CARTESIAN_POINT('',(-24.75,-39.5,11.75));
#6285=CARTESIAN_POINT('',(-24.75,10.,5.));
#6286=CARTESIAN_POINT('Origin',(-4.75,10.,5.));
#6287=CARTESIAN_POINT('',(-4.75000000000001,6.,23.5));
#6288=CARTESIAN_POINT('',(-4.75,6.,5.));
#6289=CARTESIAN_POINT('',(-4.75000000000001,6.,2.5));
#6290=CARTESIAN_POINT('',(-4.75000000000001,10.,23.5));
#6291=CARTESIAN_POINT('',(-4.75000000000001,-2.375,23.5));
#6292=CARTESIAN_POINT('',(-4.75,10.,5.));
#6293=CARTESIAN_POINT('',(-4.75000000000001,10.,2.5));
#6294=CARTESIAN_POINT('',(-4.75,10.,5.));
#6295=CARTESIAN_POINT('Origin',(-4.75,10.,5.));
#6296=CARTESIAN_POINT('',(-4.75,-35.5,5.));
#6297=CARTESIAN_POINT('',(-4.75000000000001,-35.5,23.5));
#6298=CARTESIAN_POINT('',(-4.75,-35.5,2.5));
#6299=CARTESIAN_POINT('',(-4.75,-39.5,5.));
#6300=CARTESIAN_POINT('',(-4.75,10.,5.));
#6301=CARTESIAN_POINT('',(-4.75000000000001,-39.5,23.5));
#6302=CARTESIAN_POINT('',(-4.75,-39.5,2.5));
#6303=CARTESIAN_POINT('',(-4.75000000000001,-2.375,23.5));
#6304=CARTESIAN_POINT('Origin',(6.,-35.5,0.));
#6305=CARTESIAN_POINT('',(6.,-35.5,23.5));
#6306=CARTESIAN_POINT('',(6.,-35.5,23.5));
#6307=CARTESIAN_POINT('',(6.,-35.5,5.));
#6308=CARTESIAN_POINT('',(6.,-35.5,0.));
#6309=CARTESIAN_POINT('',(6.,-35.5,5.));
#6310=CARTESIAN_POINT('Origin',(6.,-35.5,0.));
#6311=CARTESIAN_POINT('',(-35.5,-35.5,5.));
#6312=CARTESIAN_POINT('',(6.,-35.5,5.));
#6313=CARTESIAN_POINT('',(-35.5,-35.5,23.5));
#6314=CARTESIAN_POINT('',(-35.5,-35.5,0.));
#6315=CARTESIAN_POINT('',(6.,-35.5,23.5));
#6316=CARTESIAN_POINT('Origin',(-14.75,-14.75,5.));
#6317=CARTESIAN_POINT('',(-35.5,6.,5.));
#6318=CARTESIAN_POINT('',(-35.5,6.,5.));
#6319=CARTESIAN_POINT('',(-35.5,-35.5,5.));
#6320=CARTESIAN_POINT('',(-32.125,-39.5,5.));
#6321=CARTESIAN_POINT('',(6.,6.,5.));
#6322=CARTESIAN_POINT('',(6.,6.,5.));
#6323=CARTESIAN_POINT('',(-35.5,6.,5.));
#6324=CARTESIAN_POINT('',(-7.37500000000001,10.,5.));
#6325=CARTESIAN_POINT('Origin',(-35.5,6.,0.));
#6326=CARTESIAN_POINT('',(6.,6.,23.5));
#6327=CARTESIAN_POINT('',(6.,6.,0.));
#6328=CARTESIAN_POINT('',(-35.5,6.,23.5));
#6329=CARTESIAN_POINT('Origin',(-35.5,6.,0.));
#6330=CARTESIAN_POINT('',(-35.5,6.,23.5));
#6331=CARTESIAN_POINT('',(-35.5,6.,23.5));
#6332=CARTESIAN_POINT('',(-35.5,6.,0.));
#6333=CARTESIAN_POINT('Origin',(-14.75,-14.75,23.5));
#6334=CARTESIAN_POINT('',(10.,-39.5,23.5));
#6335=CARTESIAN_POINT('',(10.,-39.5,23.5));
#6336=CARTESIAN_POINT('',(10.,10.,23.5));
#6337=CARTESIAN_POINT('',(10.,10.,23.5));
#6338=CARTESIAN_POINT('',(-39.5,10.,23.5));
#6339=CARTESIAN_POINT('',(6.,6.,23.5));
#6340=CARTESIAN_POINT('Origin',(-14.75,-14.75,23.5));
#6341=CARTESIAN_POINT('',(-35.5,-35.5,23.5));
#6342=CARTESIAN_POINT('',(-39.5,10.,23.5));
#6343=CARTESIAN_POINT('',(-39.5,10.,23.5));
#6344=CARTESIAN_POINT('',(-39.5,-39.5,23.5));
#6345=CARTESIAN_POINT('',(-39.5,-39.5,23.5));
#6346=CARTESIAN_POINT('',(10.,-39.5,23.5));
#6347=CARTESIAN_POINT('Origin',(10.,10.,0.));
#6348=CARTESIAN_POINT('',(10.,10.,0.));
#6349=CARTESIAN_POINT('',(10.,10.,0.));
#6350=CARTESIAN_POINT('',(-39.5,10.,0.));
#6351=CARTESIAN_POINT('',(-39.5,10.,0.));
#6352=CARTESIAN_POINT('',(-39.5,10.,0.));
#6353=CARTESIAN_POINT('Origin',(-35.5,-35.5,0.));
#6354=CARTESIAN_POINT('Origin',(6.,6.,0.));
#6355=CARTESIAN_POINT('Origin',(10.,-39.5,0.));
#6356=CARTESIAN_POINT('',(10.,-39.5,0.));
#6357=CARTESIAN_POINT('',(10.,10.,0.));
#6358=CARTESIAN_POINT('',(10.,-39.5,0.));
#6359=CARTESIAN_POINT('Origin',(-39.5,-39.5,0.));
#6360=CARTESIAN_POINT('',(-39.5,-39.5,0.));
#6361=CARTESIAN_POINT('',(-39.5,-39.5,0.));
#6362=CARTESIAN_POINT('',(10.,-39.5,0.));
#6363=CARTESIAN_POINT('Origin',(-39.5,10.,0.));
#6364=CARTESIAN_POINT('',(-39.5,-39.5,0.));
#6365=CARTESIAN_POINT('Origin',(-14.75,-14.75,0.));
#6366=CARTESIAN_POINT('',(0.,0.,0.));
#6367=CARTESIAN_POINT('Origin',(-29.5,-2.77555756156289E-15,0.));
#6368=CARTESIAN_POINT('',(-32.,-4.44089209850063E-15,2.6));
#6369=CARTESIAN_POINT('Origin',(-29.5,-2.77555756156289E-15,2.6));
#6370=CARTESIAN_POINT('',(-32.,-3.08171926134973E-15,0.));
#6371=CARTESIAN_POINT('',(-32.,-3.08171926134973E-15,0.));
#6372=CARTESIAN_POINT('Origin',(-29.5,-2.77555756156289E-15,0.));
#6373=CARTESIAN_POINT('Origin',(-23.5,-8.,0.));
#6374=CARTESIAN_POINT('',(-27.5,-8.,2.6));
#6375=CARTESIAN_POINT('Origin',(-23.5,-8.,2.6));
#6376=CARTESIAN_POINT('',(-27.5000001490116,-8.,0.));
#6377=CARTESIAN_POINT('',(-27.5,-8.,0.));
#6378=CARTESIAN_POINT('Origin',(-23.5,-8.,0.));
#6379=CARTESIAN_POINT('Origin',(-29.5,-29.5,0.));
#6380=CARTESIAN_POINT('',(-32.,-29.5,2.6));
#6381=CARTESIAN_POINT('Origin',(-29.5,-29.5,2.6));
#6382=CARTESIAN_POINT('',(-32.,-29.5,0.));
#6383=CARTESIAN_POINT('',(-32.,-29.5,0.));
#6384=CARTESIAN_POINT('Origin',(-29.5,-29.5,0.));
#6385=CARTESIAN_POINT('Origin',(0.,0.,0.));
#6386=CARTESIAN_POINT('',(-2.5,0.,2.6));
#6387=CARTESIAN_POINT('Origin',(0.,0.,2.6));
#6388=CARTESIAN_POINT('',(-2.5,-3.06161699786838E-16,0.));
#6389=CARTESIAN_POINT('',(-2.5,-3.06161699786838E-16,0.));
#6390=CARTESIAN_POINT('Origin',(0.,0.,0.));
#6391=CARTESIAN_POINT('Origin',(-6.,-8.,0.));
#6392=CARTESIAN_POINT('',(-10.,-8.,2.6));
#6393=CARTESIAN_POINT('Origin',(-6.,-8.,2.6));
#6394=CARTESIAN_POINT('',(-10.0000001490116,-8.,0.));
#6395=CARTESIAN_POINT('',(-10.,-8.,0.));
#6396=CARTESIAN_POINT('Origin',(-6.,-8.,0.));
#6397=CARTESIAN_POINT('Origin',(-6.,-21.5,0.));
#6398=CARTESIAN_POINT('',(-10.,-21.5,2.6));
#6399=CARTESIAN_POINT('Origin',(-6.,-21.5,2.6));
#6400=CARTESIAN_POINT('',(-10.0000001490116,-21.5,0.));
#6401=CARTESIAN_POINT('',(-10.,-21.5,0.));
#6402=CARTESIAN_POINT('Origin',(-6.,-21.5,0.));
#6403=CARTESIAN_POINT('Origin',(-23.5,-21.5,0.));
#6404=CARTESIAN_POINT('',(-27.5,-21.5,2.6));
#6405=CARTESIAN_POINT('Origin',(-23.5,-21.5,2.6));
#6406=CARTESIAN_POINT('',(-27.5000001490116,-21.5,0.));
#6407=CARTESIAN_POINT('',(-27.5,-21.5,0.));
#6408=CARTESIAN_POINT('Origin',(-23.5,-21.5,0.));
#6409=CARTESIAN_POINT('Origin',(1.11022302462516E-15,-29.5,0.));
#6410=CARTESIAN_POINT('',(-2.5,-29.5,2.6));
#6411=CARTESIAN_POINT('Origin',(1.11022302462516E-15,-29.5,2.6));
#6412=CARTESIAN_POINT('',(-2.5,-29.5,0.));
#6413=CARTESIAN_POINT('',(-2.5,-29.5,0.));
#6414=CARTESIAN_POINT('Origin',(1.11022302462516E-15,-29.5,0.));
#6415=CARTESIAN_POINT('Origin',(-14.75,-14.75,2.6));
#6416=CARTESIAN_POINT('',(-35.5,-35.5,2.6));
#6417=CARTESIAN_POINT('',(6.,-35.5,2.6));
#6418=CARTESIAN_POINT('',(6.,-35.5,2.6));
#6419=CARTESIAN_POINT('',(6.,6.,2.6));
#6420=CARTESIAN_POINT('',(6.,6.,2.6));
#6421=CARTESIAN_POINT('',(-35.5,6.,2.6));
#6422=CARTESIAN_POINT('',(-35.5,6.,2.6));
#6423=CARTESIAN_POINT('',(-35.5,-35.5,2.6));
#6424=CARTESIAN_POINT('Origin',(-14.75,-14.75,0.));
#6425=CARTESIAN_POINT('Origin',(-14.75,-14.75,0.));
#6426=CARTESIAN_POINT('Origin',(-14.75,-14.75,0.));
#6427=CARTESIAN_POINT('Ctrl Pts',(-23.5,-21.5,-2.5));
#6428=CARTESIAN_POINT('Ctrl Pts',(-23.5,-21.5,-2.5));
#6429=CARTESIAN_POINT('Ctrl Pts',(-23.5,-21.5,-2.5));
#6430=CARTESIAN_POINT('Ctrl Pts',(-23.5,-21.5,-2.5));
#6431=CARTESIAN_POINT('Ctrl Pts',(-23.5,-21.5,-2.5));
#6432=CARTESIAN_POINT('Ctrl Pts',(-23.5,-21.5,-2.5));
#6433=CARTESIAN_POINT('Ctrl Pts',(-23.5,-21.5,-2.5));
#6434=CARTESIAN_POINT('Ctrl Pts',(-23.5,-21.5,-2.5));
#6435=CARTESIAN_POINT('Ctrl Pts',(-23.5,-21.5,-2.5));
#6436=CARTESIAN_POINT('Ctrl Pts',(-27.5000001490116,-21.5,-2.5));
#6437=CARTESIAN_POINT('Ctrl Pts',(-27.5000001490116,-17.4999998509884,-2.5));
#6438=CARTESIAN_POINT('Ctrl Pts',(-23.5,-17.4999998509884,-2.5));
#6439=CARTESIAN_POINT('Ctrl Pts',(-19.4999998509884,-17.4999998509884,-2.5));
#6440=CARTESIAN_POINT('Ctrl Pts',(-19.4999998509884,-21.5,-2.5));
#6441=CARTESIAN_POINT('Ctrl Pts',(-19.4999998509884,-25.5000001490116,-2.5));
#6442=CARTESIAN_POINT('Ctrl Pts',(-23.5,-25.5000001490116,-2.5));
#6443=CARTESIAN_POINT('Ctrl Pts',(-27.5000001490116,-25.5000001490116,-2.5));
#6444=CARTESIAN_POINT('Ctrl Pts',(-27.5000001490116,-21.5,-2.5));
#6445=CARTESIAN_POINT('Ctrl Pts',(-27.5000001490116,-21.5,0.));
#6446=CARTESIAN_POINT('Ctrl Pts',(-27.5000001490116,-17.4999998509884,0.));
#6447=CARTESIAN_POINT('Ctrl Pts',(-23.5,-17.4999998509884,0.));
#6448=CARTESIAN_POINT('Ctrl Pts',(-19.4999998509884,-17.4999998509884,0.));
#6449=CARTESIAN_POINT('Ctrl Pts',(-19.4999998509884,-21.5,0.));
#6450=CARTESIAN_POINT('Ctrl Pts',(-19.4999998509884,-25.5000001490116,0.));
#6451=CARTESIAN_POINT('Ctrl Pts',(-23.5,-25.5000001490116,0.));
#6452=CARTESIAN_POINT('Ctrl Pts',(-27.5000001490116,-25.5000001490116,0.));
#6453=CARTESIAN_POINT('Ctrl Pts',(-27.5000001490116,-21.5,0.));
#6454=CARTESIAN_POINT('',(-23.5,-21.5,-2.5));
#6455=CARTESIAN_POINT('Origin',(-23.5,-21.5,0.));
#6456=CARTESIAN_POINT('Ctrl Pts',(-6.,-21.5,-2.5));
#6457=CARTESIAN_POINT('Ctrl Pts',(-6.,-21.5,-2.5));
#6458=CARTESIAN_POINT('Ctrl Pts',(-6.,-21.5,-2.5));
#6459=CARTESIAN_POINT('Ctrl Pts',(-6.,-21.5,-2.5));
#6460=CARTESIAN_POINT('Ctrl Pts',(-6.,-21.5,-2.5));
#6461=CARTESIAN_POINT('Ctrl Pts',(-6.,-21.5,-2.5));
#6462=CARTESIAN_POINT('Ctrl Pts',(-6.,-21.5,-2.5));
#6463=CARTESIAN_POINT('Ctrl Pts',(-6.,-21.5,-2.5));
#6464=CARTESIAN_POINT('Ctrl Pts',(-6.,-21.5,-2.5));
#6465=CARTESIAN_POINT('Ctrl Pts',(-10.0000001490116,-21.5,-2.5));
#6466=CARTESIAN_POINT('Ctrl Pts',(-10.0000001490116,-17.4999998509884,-2.5));
#6467=CARTESIAN_POINT('Ctrl Pts',(-6.,-17.4999998509884,-2.5));
#6468=CARTESIAN_POINT('Ctrl Pts',(-1.99999985098839,-17.4999998509884,-2.5));
#6469=CARTESIAN_POINT('Ctrl Pts',(-1.99999985098839,-21.5,-2.5));
#6470=CARTESIAN_POINT('Ctrl Pts',(-1.99999985098839,-25.5000001490116,-2.5));
#6471=CARTESIAN_POINT('Ctrl Pts',(-6.,-25.5000001490116,-2.5));
#6472=CARTESIAN_POINT('Ctrl Pts',(-10.0000001490116,-25.5000001490116,-2.5));
#6473=CARTESIAN_POINT('Ctrl Pts',(-10.0000001490116,-21.5,-2.5));
#6474=CARTESIAN_POINT('Ctrl Pts',(-10.0000001490116,-21.5,0.));
#6475=CARTESIAN_POINT('Ctrl Pts',(-10.0000001490116,-17.4999998509884,0.));
#6476=CARTESIAN_POINT('Ctrl Pts',(-6.,-17.4999998509884,0.));
#6477=CARTESIAN_POINT('Ctrl Pts',(-1.99999985098839,-17.4999998509884,0.));
#6478=CARTESIAN_POINT('Ctrl Pts',(-1.99999985098839,-21.5,0.));
#6479=CARTESIAN_POINT('Ctrl Pts',(-1.99999985098839,-25.5000001490116,0.));
#6480=CARTESIAN_POINT('Ctrl Pts',(-6.,-25.5000001490116,0.));
#6481=CARTESIAN_POINT('Ctrl Pts',(-10.0000001490116,-25.5000001490116,0.));
#6482=CARTESIAN_POINT('Ctrl Pts',(-10.0000001490116,-21.5,0.));
#6483=CARTESIAN_POINT('',(-6.,-21.5,-2.5));
#6484=CARTESIAN_POINT('Origin',(-6.,-21.5,0.));
#6485=CARTESIAN_POINT('Ctrl Pts',(-23.5,-8.,-2.5));
#6486=CARTESIAN_POINT('Ctrl Pts',(-23.5,-8.,-2.5));
#6487=CARTESIAN_POINT('Ctrl Pts',(-23.5,-8.,-2.5));
#6488=CARTESIAN_POINT('Ctrl Pts',(-23.5,-8.,-2.5));
#6489=CARTESIAN_POINT('Ctrl Pts',(-23.5,-8.,-2.5));
#6490=CARTESIAN_POINT('Ctrl Pts',(-23.5,-8.,-2.5));
#6491=CARTESIAN_POINT('Ctrl Pts',(-23.5,-8.,-2.5));
#6492=CARTESIAN_POINT('Ctrl Pts',(-23.5,-8.,-2.5));
#6493=CARTESIAN_POINT('Ctrl Pts',(-23.5,-8.,-2.5));
#6494=CARTESIAN_POINT('Ctrl Pts',(-27.5000001490116,-8.,-2.5));
#6495=CARTESIAN_POINT('Ctrl Pts',(-27.5000001490116,-3.99999985098839,-2.5));
#6496=CARTESIAN_POINT('Ctrl Pts',(-23.5,-3.99999985098839,-2.5));
#6497=CARTESIAN_POINT('Ctrl Pts',(-19.4999998509884,-3.99999985098839,-2.5));
#6498=CARTESIAN_POINT('Ctrl Pts',(-19.4999998509884,-8.,-2.5));
#6499=CARTESIAN_POINT('Ctrl Pts',(-19.4999998509884,-12.0000001490116,-2.5));
#6500=CARTESIAN_POINT('Ctrl Pts',(-23.5,-12.0000001490116,-2.5));
#6501=CARTESIAN_POINT('Ctrl Pts',(-27.5000001490116,-12.0000001490116,-2.5));
#6502=CARTESIAN_POINT('Ctrl Pts',(-27.5000001490116,-8.,-2.5));
#6503=CARTESIAN_POINT('Ctrl Pts',(-27.5000001490116,-8.,0.));
#6504=CARTESIAN_POINT('Ctrl Pts',(-27.5000001490116,-3.99999985098839,0.));
#6505=CARTESIAN_POINT('Ctrl Pts',(-23.5,-3.99999985098839,0.));
#6506=CARTESIAN_POINT('Ctrl Pts',(-19.4999998509884,-3.99999985098839,0.));
#6507=CARTESIAN_POINT('Ctrl Pts',(-19.4999998509884,-8.,0.));
#6508=CARTESIAN_POINT('Ctrl Pts',(-19.4999998509884,-12.0000001490116,0.));
#6509=CARTESIAN_POINT('Ctrl Pts',(-23.5,-12.0000001490116,0.));
#6510=CARTESIAN_POINT('Ctrl Pts',(-27.5000001490116,-12.0000001490116,0.));
#6511=CARTESIAN_POINT('Ctrl Pts',(-27.5000001490116,-8.,0.));
#6512=CARTESIAN_POINT('',(-23.5,-8.,-2.5));
#6513=CARTESIAN_POINT('Origin',(-23.5,-8.,0.));
#6514=CARTESIAN_POINT('Ctrl Pts',(-6.,-8.,-2.5));
#6515=CARTESIAN_POINT('Ctrl Pts',(-6.,-8.,-2.5));
#6516=CARTESIAN_POINT('Ctrl Pts',(-6.,-8.,-2.5));
#6517=CARTESIAN_POINT('Ctrl Pts',(-6.,-8.,-2.5));
#6518=CARTESIAN_POINT('Ctrl Pts',(-6.,-8.,-2.5));
#6519=CARTESIAN_POINT('Ctrl Pts',(-6.,-8.,-2.5));
#6520=CARTESIAN_POINT('Ctrl Pts',(-6.,-8.,-2.5));
#6521=CARTESIAN_POINT('Ctrl Pts',(-6.,-8.,-2.5));
#6522=CARTESIAN_POINT('Ctrl Pts',(-6.,-8.,-2.5));
#6523=CARTESIAN_POINT('Ctrl Pts',(-10.0000001490116,-8.,-2.5));
#6524=CARTESIAN_POINT('Ctrl Pts',(-10.0000001490116,-3.99999985098839,-2.5));
#6525=CARTESIAN_POINT('Ctrl Pts',(-6.,-3.99999985098839,-2.5));
#6526=CARTESIAN_POINT('Ctrl Pts',(-1.99999985098839,-3.99999985098839,-2.5));
#6527=CARTESIAN_POINT('Ctrl Pts',(-1.99999985098839,-8.,-2.5));
#6528=CARTESIAN_POINT('Ctrl Pts',(-1.99999985098839,-12.0000001490116,-2.5));
#6529=CARTESIAN_POINT('Ctrl Pts',(-6.,-12.0000001490116,-2.5));
#6530=CARTESIAN_POINT('Ctrl Pts',(-10.0000001490116,-12.0000001490116,-2.5));
#6531=CARTESIAN_POINT('Ctrl Pts',(-10.0000001490116,-8.,-2.5));
#6532=CARTESIAN_POINT('Ctrl Pts',(-10.0000001490116,-8.,0.));
#6533=CARTESIAN_POINT('Ctrl Pts',(-10.0000001490116,-3.99999985098839,0.));
#6534=CARTESIAN_POINT('Ctrl Pts',(-6.,-3.99999985098839,0.));
#6535=CARTESIAN_POINT('Ctrl Pts',(-1.99999985098839,-3.99999985098839,0.));
#6536=CARTESIAN_POINT('Ctrl Pts',(-1.99999985098839,-8.,0.));
#6537=CARTESIAN_POINT('Ctrl Pts',(-1.99999985098839,-12.0000001490116,0.));
#6538=CARTESIAN_POINT('Ctrl Pts',(-6.,-12.0000001490116,0.));
#6539=CARTESIAN_POINT('Ctrl Pts',(-10.0000001490116,-12.0000001490116,0.));
#6540=CARTESIAN_POINT('Ctrl Pts',(-10.0000001490116,-8.,0.));
#6541=CARTESIAN_POINT('',(-6.,-8.,-2.5));
#6542=CARTESIAN_POINT('Origin',(-6.,-8.,0.));
#6543=CARTESIAN_POINT('Origin',(6.,6.,0.));
#6544=CARTESIAN_POINT('',(6.,-35.5,-7.4));
#6545=CARTESIAN_POINT('',(6.,-35.5,0.));
#6546=CARTESIAN_POINT('',(6.,6.,-7.4));
#6547=CARTESIAN_POINT('',(6.,6.,-7.4));
#6548=CARTESIAN_POINT('',(6.,6.,0.));
#6549=CARTESIAN_POINT('Origin',(-35.5,6.,0.));
#6550=CARTESIAN_POINT('',(-35.5,6.,-7.4));
#6551=CARTESIAN_POINT('',(-35.5,6.,-7.4));
#6552=CARTESIAN_POINT('',(-35.5,6.,0.));
#6553=CARTESIAN_POINT('Origin',(-35.5,-35.5,0.));
#6554=CARTESIAN_POINT('',(-35.5,-35.5,-7.4));
#6555=CARTESIAN_POINT('',(-35.5,-35.5,-7.4));
#6556=CARTESIAN_POINT('',(-35.5,-35.5,0.));
#6557=CARTESIAN_POINT('Origin',(6.,-35.5,0.));
#6558=CARTESIAN_POINT('',(6.,-35.5,-7.4));
#6559=CARTESIAN_POINT('Origin',(-14.75,-14.75,0.));
#6560=CARTESIAN_POINT('Origin',(-14.75,-14.75,-7.4));
#6561=CARTESIAN_POINT('',(0.,0.,0.));
#6562=CARTESIAN_POINT('Origin',(0.,0.,0.));
#6563=CARTESIAN_POINT('',(-3.44097741017629,2.17767954534311,0.00312459394952171));
#6564=CARTESIAN_POINT('',(-3.44051511154178,2.32232045465689,0.0032640687918839));
#6565=CARTESIAN_POINT('',(-3.442,0.,4.21523428266519E-16));
#6566=CARTESIAN_POINT('',(-1.51078263890181,3.,-3.09271722244257));
#6567=CARTESIAN_POINT('Ctrl Pts',(-3.44097741017629,2.17767954534311,0.00312459394952171));
#6568=CARTESIAN_POINT('Ctrl Pts',(-3.44363214522082,2.19158406432609,0.303977132849907));
#6569=CARTESIAN_POINT('Ctrl Pts',(-3.40743738979998,2.20548858330907,0.604198075841608));
#6570=CARTESIAN_POINT('Ctrl Pts',(-3.32987672039041,2.21939310229206,0.893316589746418));
#6571=CARTESIAN_POINT('Ctrl Pts',(-3.03511538124214,2.27223579520377,1.99208173682274));
#6572=CARTESIAN_POINT('Ctrl Pts',(-2.14290541291196,2.32507848811549,2.9304943037443));
#6573=CARTESIAN_POINT('Ctrl Pts',(-1.06040427618179,2.3779211810272,3.28044569172421));
#6574=CARTESIAN_POINT('Ctrl Pts',(0.0220968605483865,2.43076387393892,3.63039707970412));
#6575=CARTESIAN_POINT('Ctrl Pts',(1.29488916567854,2.48360656685063,3.39188728874238));
#6576=CARTESIAN_POINT('Ctrl Pts',(2.17701594496205,2.53644925976235,2.6734400297397));
#6577=CARTESIAN_POINT('Ctrl Pts',(3.05914272424556,2.58929195267407,1.95499277073702));
#6578=CARTESIAN_POINT('Ctrl Pts',(3.55060397768241,2.64213464558578,0.756608043693405));
#6579=CARTESIAN_POINT('Ctrl Pts',(3.42723826772364,2.6949773384975,-0.374151054347764));
#6580=CARTESIAN_POINT('Ctrl Pts',(3.30387255776488,2.74782003140921,-1.50491015238894));
#6581=CARTESIAN_POINT('Ctrl Pts',(2.56567988441049,2.80066272432093,-2.56804362142767));
#6582=CARTESIAN_POINT('Ctrl Pts',(1.54930138940109,2.85350541723264,-3.07958347644979));
#6583=CARTESIAN_POINT('Ctrl Pts',(0.610073810614438,2.90233694482176,-3.55229353657445));
#6584=CARTESIAN_POINT('Ctrl Pts',(-0.566709617930276,2.95116847241088,-3.55397207927932));
#6585=CARTESIAN_POINT('Ctrl Pts',(-1.51442129635206,3.,-3.09710677218153));
#6586=CARTESIAN_POINT('',(1.51078263890182,3.,-3.09271722244257));
#6587=CARTESIAN_POINT('Origin',(0.,3.,0.));
#6588=CARTESIAN_POINT('Ctrl Pts',(1.51078263890182,3.,-3.09271722244257));
#6589=CARTESIAN_POINT('Ctrl Pts',(2.53762794620682,2.94715730708828,-2.59110651847753));
#6590=CARTESIAN_POINT('Ctrl Pts',(3.286239229296,2.89431461417657,-1.54227205824365));
#6591=CARTESIAN_POINT('Ctrl Pts',(3.42225996130422,2.84147192126485,-0.414705481544138));
#6592=CARTESIAN_POINT('Ctrl Pts',(3.55828069331244,2.78862922835314,0.712861095155363));
#6593=CARTESIAN_POINT('Ctrl Pts',(3.08171087423972,2.73578653544142,1.91915978832048));
#6594=CARTESIAN_POINT('Ctrl Pts',(2.20823259036577,2.6829438425297,2.64841409448915));
#6595=CARTESIAN_POINT('Ctrl Pts',(1.33475430649181,2.63010114961799,3.37766840065781));
#6596=CARTESIAN_POINT('Ctrl Pts',(0.0643675578166232,2.57725845670628,3.62987831983002));
#6597=CARTESIAN_POINT('Ctrl Pts',(-1.02224638414776,2.52441576379456,3.29228809512624));
#6598=CARTESIAN_POINT('Ctrl Pts',(-2.10886032611215,2.47157307088284,2.95469787042246));
#6599=CARTESIAN_POINT('Ctrl Pts',(-3.01170146136574,2.41873037797113,2.02730750184269));
#6600=CARTESIAN_POINT('Ctrl Pts',(-3.31918267524384,2.36588768505941,0.93218724666893));
#6601=CARTESIAN_POINT('Ctrl Pts',(-3.40368571720561,2.35136527492524,0.631222541511977));
#6602=CARTESIAN_POINT('Ctrl Pts',(-3.44322246392771,2.33684286479106,0.31758954725744));
#6603=CARTESIAN_POINT('Ctrl Pts',(-3.44051511154178,2.32232045465689,0.0032640687918839));
#6604=CARTESIAN_POINT('Origin',(0.,0.,0.));
#6605=CARTESIAN_POINT('',(-3.43686150509169,1.17767954534311,-0.00131498709970562));
#6606=CARTESIAN_POINT('',(-3.43703105587512,1.32232045465689,-0.00149073129990046));
#6607=CARTESIAN_POINT('',(-3.442,0.,4.21523428266519E-16));
#6608=CARTESIAN_POINT('Ctrl Pts',(-3.43686150509169,1.17767954534311,-0.00131498709970562));
#6609=CARTESIAN_POINT('Ctrl Pts',(-3.43464729576506,1.20786124018913,0.653706207199863));
#6610=CARTESIAN_POINT('Ctrl Pts',(-3.25462401323148,1.23804293503515,1.30986486491162));
#6611=CARTESIAN_POINT('Ctrl Pts',(-2.90458273555235,1.26822462988118,1.85729890366449));
#6612=CARTESIAN_POINT('Ctrl Pts',(-2.29172372159739,1.32106732279289,2.81575696729608));
#6613=CARTESIAN_POINT('Ctrl Pts',(-1.15769696665455,1.37391001570461,3.44093405085223));
#6614=CARTESIAN_POINT('Ctrl Pts',(-0.0200746829990188,1.42675270861632,
3.44755397309192));
#6615=CARTESIAN_POINT('Ctrl Pts',(1.11754760065651,1.47959540152804,3.4541738953316));
#6616=CARTESIAN_POINT('Ctrl Pts',(2.25876541302473,1.53243809443975,2.84223665625483));
#6617=CARTESIAN_POINT('Ctrl Pts',(2.88274865454135,1.58528078735147,1.89099384353431));
#6618=CARTESIAN_POINT('Ctrl Pts',(3.50673189605797,1.63812348026319,0.939751030813798));
#6619=CARTESIAN_POINT('Ctrl Pts',(3.61348056672299,1.6909661731749,-0.350797355550452));
#6620=CARTESIAN_POINT('Ctrl Pts',(3.15427391111254,1.74380886608662,-1.39163702710851));
#6621=CARTESIAN_POINT('Ctrl Pts',(2.69506725550209,1.79665155899833,-2.43247669866657));
#6622=CARTESIAN_POINT('Ctrl Pts',(1.66990527361617,1.84949425191005,-3.22360765541843));
#6623=CARTESIAN_POINT('Ctrl Pts',(0.546656487472929,1.90233694482176,-3.40399736706466));
#6624=CARTESIAN_POINT('Ctrl Pts',(-0.576592298670316,1.95517963773348,-3.58438707871089));
#6625=CARTESIAN_POINT('Ctrl Pts',(-1.79792788907088,2.00802233064519,-3.15403554525147));
#6626=CARTESIAN_POINT('Ctrl Pts',(-2.55993932928797,2.06086502355691,-2.30930091490622));
#6627=CARTESIAN_POINT('Ctrl Pts',(-3.12144239357027,2.09980319748564,-1.68684164669747));
#6628=CARTESIAN_POINT('Ctrl Pts',(-3.43354309799153,2.13874137141437,-0.839381968193349));
#6629=CARTESIAN_POINT('Ctrl Pts',(-3.44097741017629,2.17767954534311,0.00312459394952171));
#6630=CARTESIAN_POINT('Ctrl Pts',(-3.44051511154178,2.32232045465689,0.0032640687918839));
#6631=CARTESIAN_POINT('Ctrl Pts',(-3.43337122095827,2.28400017187935,-0.826146552978302));
#6632=CARTESIAN_POINT('Ctrl Pts',(-3.13209276228408,2.24567988910181,-1.66037876045201));
#6633=CARTESIAN_POINT('Ctrl Pts',(-2.58669348737555,2.20735960632427,-2.27940618340654));
#6634=CARTESIAN_POINT('Ctrl Pts',(-1.83460179312653,2.15451691341255,-3.13302921654052));
#6635=CARTESIAN_POINT('Ctrl Pts',(-0.618297112125846,2.10167422050083,-3.57742514104072));
#6636=CARTESIAN_POINT('Ctrl Pts',(0.506991155748512,2.04883152758912,-3.4100925200183));
#6637=CARTESIAN_POINT('Ctrl Pts',(1.63227942362286,1.9959888346774,-3.24275989899589));
#6638=CARTESIAN_POINT('Ctrl Pts',(2.6665512783709,1.94314614176569,-2.46369873245086));
#6639=CARTESIAN_POINT('Ctrl Pts',(3.13784159096614,1.89030344885397,-1.42829860363476));
#6640=CARTESIAN_POINT('Ctrl Pts',(3.60913190356137,1.83746075594226,-0.392898474818668));
#6641=CARTESIAN_POINT('Ctrl Pts',(3.51744067400383,1.78461806303054,0.898840616268486));
#6642=CARTESIAN_POINT('Ctrl Pts',(2.90458184847793,1.73177537011882,1.8572984703019));
#6643=CARTESIAN_POINT('Ctrl Pts',(2.29172302295203,1.67893267720711,2.81575632433532));
#6644=CARTESIAN_POINT('Ctrl Pts',(1.15769660145777,1.62608998429539,3.44093294131499));
#6645=CARTESIAN_POINT('Ctrl Pts',(0.0200746684170816,1.57324729138368,3.44755281781386));
#6646=CARTESIAN_POINT('Ctrl Pts',(-1.11754726462361,1.52040459847196,3.45417269431274));
#6647=CARTESIAN_POINT('Ctrl Pts',(-2.25876470921073,1.46756190556024,2.8422358303308));
#6648=CARTESIAN_POINT('Ctrl Pts',(-2.88274775691835,1.41471921264853,1.89099332506776));
#6649=CARTESIAN_POINT('Ctrl Pts',(-3.24643890284049,1.38391962665132,1.33655762675843));
#6650=CARTESIAN_POINT('Ctrl Pts',(-3.43441568150205,1.35312004065411,0.666853345336001));
#6651=CARTESIAN_POINT('Ctrl Pts',(-3.43703105587512,1.32232045465689,-0.00149073129990046));
#6652=CARTESIAN_POINT('Origin',(0.,0.,0.));
#6653=CARTESIAN_POINT('',(-3.44511297801791,0.177679545343107,-0.00357226737269139));
#6654=CARTESIAN_POINT('',(-3.44595140334264,0.322320454656893,-0.00229982394207087));
#6655=CARTESIAN_POINT('',(-3.442,0.,4.21523428266519E-16));
#6656=CARTESIAN_POINT('Ctrl Pts',(-3.44511297801791,0.177679545343107,-0.00357226737269139));
#6657=CARTESIAN_POINT('Ctrl Pts',(-3.43733898990645,0.22413841605217,0.997366756791034));
#6658=CARTESIAN_POINT('Ctrl Pts',(-2.97618868818847,0.270597286761232,2.00725890104063));
#6659=CARTESIAN_POINT('Ctrl Pts',(-2.20823430329621,0.317056157470294,2.64841188025934));
#6660=CARTESIAN_POINT('Ctrl Pts',(-1.33475681424583,0.369898850382009,3.3776644314557));
#6661=CARTESIAN_POINT('Ctrl Pts',(-0.064367790466658,0.422741543293725,
3.62988021575908));
#6662=CARTESIAN_POINT('Ctrl Pts',(1.02224704620598,0.475584236205441,3.29229101996556));
#6663=CARTESIAN_POINT('Ctrl Pts',(2.10886188287862,0.528426929117157,2.95470182417204));
#6664=CARTESIAN_POINT('Ctrl Pts',(3.01170253244472,0.581269622028872,2.02730764828162));
#6665=CARTESIAN_POINT('Ctrl Pts',(3.3191835956979,0.634112314940588,0.932186361876681));
#6666=CARTESIAN_POINT('Ctrl Pts',(3.62666465895107,0.686955007852303,-0.162934924528257));
#6667=CARTESIAN_POINT('Ctrl Pts',(3.33878613589132,0.739797700764018,-1.42578332144772));
#6668=CARTESIAN_POINT('Ctrl Pts',(2.5866943076499,0.792640393675734,-2.27940618934082));
#6669=CARTESIAN_POINT('Ctrl Pts',(1.83460247940848,0.84548308658745,-3.13302905723392));
#6670=CARTESIAN_POINT('Ctrl Pts',(0.6182973459854,0.898325779499167,-3.57742639610066));
#6671=CARTESIAN_POINT('Ctrl Pts',(-0.506991305393436,0.951168472410882,
-3.41009398426965));
#6672=CARTESIAN_POINT('Ctrl Pts',(-1.63227995677227,1.0040111653226,-3.24276157243864));
#6673=CARTESIAN_POINT('Ctrl Pts',(-2.66655212610686,1.05685385823431,-2.46369940990988));
#6674=CARTESIAN_POINT('Ctrl Pts',(-3.13784257429061,1.10969655114603,-1.428298806792));
#6675=CARTESIAN_POINT('Ctrl Pts',(-3.33995021389397,1.13235754921172,-0.984278834084103));
#6676=CARTESIAN_POINT('Ctrl Pts',(-3.43852397612003,1.15501854727741,-0.493117521474819));
#6677=CARTESIAN_POINT('Ctrl Pts',(-3.43686150509169,1.17767954534311,-0.00131498709970562));
#6678=CARTESIAN_POINT('Ctrl Pts',(-3.43703105587512,1.32232045465689,-0.00149073129990046));
#6679=CARTESIAN_POINT('Ctrl Pts',(-3.4389028660005,1.30027734774239,-0.479821184777224));
#6680=CARTESIAN_POINT('Ctrl Pts',(-3.34582900525081,1.27823424082789,-0.957454915242118));
#6681=CARTESIAN_POINT('Ctrl Pts',(-3.15427294050111,1.25619113391338,-1.39163666317438));
#6682=CARTESIAN_POINT('Ctrl Pts',(-2.69506642554812,1.20334844100167,-2.43247599960931));
#6683=CARTESIAN_POINT('Ctrl Pts',(-1.66990474481403,1.15050574808995,-3.22360652593505));
#6684=CARTESIAN_POINT('Ctrl Pts',(-0.546656312036042,1.09766305517824,-3.40399622509185));
#6685=CARTESIAN_POINT('Ctrl Pts',(0.576592120741949,1.04482036226652,-3.58438592424865));
#6686=CARTESIAN_POINT('Ctrl Pts',(1.79792730556384,0.991977669354804,-3.15403479623651));
#6687=CARTESIAN_POINT('Ctrl Pts',(2.55993852547426,0.939134976443088,-2.30930034168054));
#6688=CARTESIAN_POINT('Ctrl Pts',(3.32194974538469,0.886292283531373,-1.46456588712458));
#6689=CARTESIAN_POINT('Ctrl Pts',(3.62463700038365,0.833449590619658,-0.205448106024786));
#6690=CARTESIAN_POINT('Ctrl Pts',(3.32987571704987,0.780606897707942,0.893316550917698));
#6691=CARTESIAN_POINT('Ctrl Pts',(3.03511443371609,0.727764204796227,1.99208120786018));
#6692=CARTESIAN_POINT('Ctrl Pts',(2.14290461204957,0.67492151188451,2.93049274064535));
#6693=CARTESIAN_POINT('Ctrl Pts',(1.06040388798343,0.622078818972794,3.28044427196098));
#6694=CARTESIAN_POINT('Ctrl Pts',(-0.0220968360827219,0.569236126061079,
3.63039580327662));
#6695=CARTESIAN_POINT('Ctrl Pts',(-1.2948884625485,0.516393433149363,3.39188733312272));
#6696=CARTESIAN_POINT('Ctrl Pts',(-2.17701513681096,0.463550740237648,2.67343988910899));
#6697=CARTESIAN_POINT('Ctrl Pts',(-2.96288854875478,0.416473978377396,2.0333858463022));
#6698=CARTESIAN_POINT('Ctrl Pts',(-3.43870053967386,0.369397216517144,1.01241572847804));
#6699=CARTESIAN_POINT('Ctrl Pts',(-3.44595140334264,0.322320454656893,-0.00229982394207087));
#6700=CARTESIAN_POINT('Origin',(0.,-1.84858989190502,0.));
#6701=CARTESIAN_POINT('',(-2.87076101114119,2.65141010809498,0.0027235344481016));
#6702=CARTESIAN_POINT('',(-2.87621855329202,2.84858989190502,-0.000265687828191839));
#6703=CARTESIAN_POINT('',(-2.872,-1.84858989190502,1.34232058996795E-14));
#6704=CARTESIAN_POINT('',(1.67106223110445,3.,2.341478183016));
#6705=CARTESIAN_POINT('Ctrl Pts',(-2.87076101114119,2.65141010809498,0.00272353444810174));
#6706=CARTESIAN_POINT('Ctrl Pts',(-2.87302002219651,2.66593251822915,0.264996275340912));
#6707=CARTESIAN_POINT('Ctrl Pts',(-2.71999206497232,2.73329762127504,1.47892054600039));
#6708=CARTESIAN_POINT('Ctrl Pts',(-1.06348420399512,2.84949425191005,3.18047065903932));
#6709=CARTESIAN_POINT('Ctrl Pts',(0.95367507027296,2.95116847241088,2.84743473687276));
#6710=CARTESIAN_POINT('Ctrl Pts',(1.67106223110445,3.,2.341478183016));
#6711=CARTESIAN_POINT('',(-1.66746714335671,3.,2.33836210323077));
#6712=CARTESIAN_POINT('Origin',(0.,3.,0.));
#6713=CARTESIAN_POINT('Ctrl Pts',(-2.87621855329202,2.84858989190502,-0.0002656878281917));
#6714=CARTESIAN_POINT('Ctrl Pts',(-2.87317436339028,2.89905992793668,0.904743558610121));
#6715=CARTESIAN_POINT('Ctrl Pts',(-2.40899120357382,2.94952996396834,1.80958728058369));
#6716=CARTESIAN_POINT('Ctrl Pts',(-1.66746714335672,3.,2.33836210323076));
#6717=CARTESIAN_POINT('Origin',(0.,-1.84858989190502,0.));
#6718=CARTESIAN_POINT('',(-2.86785391995158,1.65141010809498,-0.00124386411776387));
#6719=CARTESIAN_POINT('',(-2.87114675247714,1.84858989190502,0.00260715683412793));
#6720=CARTESIAN_POINT('',(-2.872,-1.84858989190502,1.34232058996795E-14));
#6721=CARTESIAN_POINT('Ctrl Pts',(-2.86785391995158,1.65141010809498,-0.00124386411776374));
#6722=CARTESIAN_POINT('Ctrl Pts',(-2.86567165522193,1.68220969409219,0.556421501395985));
#6723=CARTESIAN_POINT('Ctrl Pts',(-2.43972152959238,1.76585197300112,2.0739526817772));
#6724=CARTESIAN_POINT('Ctrl Pts',(0.0197503651525866,1.90233694482176,3.39275614509654));
#6725=CARTESIAN_POINT('Ctrl Pts',(2.858440559108,2.06086502355691,1.82781665297078));
#6726=CARTESIAN_POINT('Ctrl Pts',(3.08796166133571,2.21939310229206,-1.40565923570064));
#6727=CARTESIAN_POINT('Ctrl Pts',(0.498976681524833,2.3779211810272,-3.3558018885048));
#6728=CARTESIAN_POINT('Ctrl Pts',(-2.26675849929271,2.52192684962818,-2.34529731526666));
#6729=CARTESIAN_POINT('Ctrl Pts',(-2.86480015880075,2.61308982531744,-0.68933553171227));
#6730=CARTESIAN_POINT('Ctrl Pts',(-2.87076101114119,2.65141010809498,0.00272353444810174));
#6731=CARTESIAN_POINT('Ctrl Pts',(-2.87114675247714,1.84858989190502,0.00260715683412828));
#6732=CARTESIAN_POINT('Ctrl Pts',(-2.87336185969616,1.862494410888,0.253638095742291));
#6733=CARTESIAN_POINT('Ctrl Pts',(-2.728385771924,1.9292416227827,1.45615645167919));
#6734=CARTESIAN_POINT('Ctrl Pts',(-1.04357853481664,2.04883152758912,3.22821049754572));
#6735=CARTESIAN_POINT('Ctrl Pts',(2.14246983851326,2.20735960632426,2.63117378664323));
#6736=CARTESIAN_POINT('Ctrl Pts',(3.37269359203211,2.36588768505941,-0.368617848513027));
#6737=CARTESIAN_POINT('Ctrl Pts',(1.52485278040475,2.52441576379456,-3.0298491004705));
#6738=CARTESIAN_POINT('Ctrl Pts',(-1.71569520111198,2.68294384252971,-2.929586698525));
#6739=CARTESIAN_POINT('Ctrl Pts',(-2.85597509768407,2.79100188523319,-1.03292015527691));
#6740=CARTESIAN_POINT('Ctrl Pts',(-2.87636166430764,2.84621723502496,-0.0428112571186366));
#6741=CARTESIAN_POINT('Ctrl Pts',(-2.87621855329202,2.84858989190502,-0.0002656878281917));
#6742=CARTESIAN_POINT('Origin',(0.,-1.84858989190502,0.));
#6743=CARTESIAN_POINT('',(-2.87529704543872,0.65141010809498,-0.00191896989005952));
#6744=CARTESIAN_POINT('',(-2.86771244701433,0.848589891905021,-0.0010972234021768));
#6745=CARTESIAN_POINT('',(-2.872,-1.84858989190502,1.34232058996795E-14));
#6746=CARTESIAN_POINT('Ctrl Pts',(-2.87529704543872,0.65141010809498,-0.00191896989005945));
#6747=CARTESIAN_POINT('Ctrl Pts',(-2.86924693490508,0.698486869955232,0.844758271989824));
#6748=CARTESIAN_POINT('Ctrl Pts',(-2.02658684556848,0.798406324727199,2.65289002805148));
#6749=CARTESIAN_POINT('Ctrl Pts',(1.04357798895413,0.951168472410882,3.22820833041617));
#6750=CARTESIAN_POINT('Ctrl Pts',(3.27695388188811,1.10969655114603,0.879180507500117));
#6751=CARTESIAN_POINT('Ctrl Pts',(2.5192684115014,1.26822462988118,-2.27263785448588));
#6752=CARTESIAN_POINT('Ctrl Pts',(-0.537972713549548,1.42675270861632,-3.34989099770278));
#6753=CARTESIAN_POINT('Ctrl Pts',(-2.60558345528816,1.55448120135426,-1.75428905013771));
#6754=CARTESIAN_POINT('Ctrl Pts',(-2.86941575570989,1.62936700118048,-0.400362127449216));
#6755=CARTESIAN_POINT('Ctrl Pts',(-2.86785391995158,1.65141010809498,-0.00124386411776374));
#6756=CARTESIAN_POINT('Ctrl Pts',(-2.86771244701433,0.848589891905021,-0.00109722340217704));
#6757=CARTESIAN_POINT('Ctrl Pts',(-2.86586491383999,0.878771586751043,0.545451547669393));
#6758=CARTESIAN_POINT('Ctrl Pts',(-2.45266111674318,0.961795974508782,2.05151923540784));
#6759=CARTESIAN_POINT('Ctrl Pts',(-0.0197503916432334,1.09766305517824,
3.39275746020362));
#6760=CARTESIAN_POINT('Ctrl Pts',(2.83694126186186,1.25619113391338,1.86095872345595));
#6761=CARTESIAN_POINT('Ctrl Pts',(3.1041540876753,1.41471921264853,-1.36953659813453));
#6762=CARTESIAN_POINT('Ctrl Pts',(0.537972903500658,1.57324729138368,-3.3498922992891));
#6763=CARTESIAN_POINT('Ctrl Pts',(-2.25111811987768,1.71787085113584,-2.36712424740986));
#6764=CARTESIAN_POINT('Ctrl Pts',(-2.86494357275761,1.80965171797629,-0.700379143710425));
#6765=CARTESIAN_POINT('Ctrl Pts',(-2.87114675247714,1.84858989190502,0.00260715683412828));
#6766=CARTESIAN_POINT('Origin',(1.55926873300775E-16,13.,0.));
#6767=CARTESIAN_POINT('',(2.5,11.,-3.06161699786838E-16));
#6768=CARTESIAN_POINT('Origin',(1.55926873300775E-16,11.,0.));
#6769=CARTESIAN_POINT('',(2.5,13.,-3.06161699786838E-16));
#6770=CARTESIAN_POINT('',(2.5,13.,3.06161699786838E-16));
#6771=CARTESIAN_POINT('Origin',(1.55926873300775E-16,13.,0.));
#6772=CARTESIAN_POINT('Origin',(0.,11.,0.));
#6773=CARTESIAN_POINT('',(3.67394039744206E-16,11.,-3.));
#6774=CARTESIAN_POINT('Origin',(0.,11.,0.));
#6775=CARTESIAN_POINT('Ctrl Pts',(-1.26059492705578,-0.329089653438087,
-2.58055893749421));
#6776=CARTESIAN_POINT('Ctrl Pts',(-2.11739321949621,-0.276246960526371,
-2.162015665621));
#6777=CARTESIAN_POINT('Ctrl Pts',(-3.3666679573627,-0.17056157470294,-0.411708381765378));
#6778=CARTESIAN_POINT('Ctrl Pts',(-2.17373005427305,-0.0120334959677929,
2.60786999262681));
#6779=CARTESIAN_POINT('Ctrl Pts',(1.00630243523346,0.146494582767354,3.23921548872149));
#6780=CARTESIAN_POINT('Ctrl Pts',(3.26628937209038,0.305022661502501,0.917766267492023));
#6781=CARTESIAN_POINT('Ctrl Pts',(2.54567305753988,0.463550740237648,-2.24339055640633));
#6782=CARTESIAN_POINT('Ctrl Pts',(-0.498976863893388,0.622078818972795,
-3.35580411587052));
#6783=CARTESIAN_POINT('Ctrl Pts',(-3.08796263117601,0.780606897707942,-1.40565896992406));
#6784=CARTESIAN_POINT('Ctrl Pts',(-2.85844142028575,0.939134976443089,1.82781680014558));
#6785=CARTESIAN_POINT('Ctrl Pts',(-0.0197503916432334,1.09766305517824,
3.39275746020362));
#6786=CARTESIAN_POINT('Ctrl Pts',(2.83694126186186,1.25619113391338,1.86095872345595));
#6787=CARTESIAN_POINT('Ctrl Pts',(3.1041540876753,1.41471921264853,-1.36953659813453));
#6788=CARTESIAN_POINT('Ctrl Pts',(0.537972903500658,1.57324729138368,-3.3498922992891));
#6789=CARTESIAN_POINT('Ctrl Pts',(-2.51926923679314,1.73177537011882,-2.27263814115828));
#6790=CARTESIAN_POINT('Ctrl Pts',(-3.27695479487847,1.89030344885397,0.879180085983786));
#6791=CARTESIAN_POINT('Ctrl Pts',(-1.04357853481664,2.04883152758912,3.22821049754572));
#6792=CARTESIAN_POINT('Ctrl Pts',(2.14246983851326,2.20735960632426,2.63117378664323));
#6793=CARTESIAN_POINT('Ctrl Pts',(3.37269359203211,2.36588768505941,-0.368617848513027));
#6794=CARTESIAN_POINT('Ctrl Pts',(1.52485278040475,2.52441576379456,-3.0298491004705));
#6795=CARTESIAN_POINT('Ctrl Pts',(-1.71569520111198,2.68294384252971,-2.929586698525));
#6796=CARTESIAN_POINT('Ctrl Pts',(-3.38855893898211,2.84147192126485,-0.147055240617627));
#6797=CARTESIAN_POINT('Ctrl Pts',(-2.44385113832991,2.94715730708828,1.78472894245675));
#6798=CARTESIAN_POINT('Ctrl Pts',(-1.66746714335672,3.,2.33836210323076));
#6799=CARTESIAN_POINT('Ctrl Pts',(-1.34399083100446,-0.219393102292058,
-2.75127836581033));
#6800=CARTESIAN_POINT('Ctrl Pts',(-2.25747146173308,-0.166550409380342,
-2.30504594990651));
#6801=CARTESIAN_POINT('Ctrl Pts',(-3.58939320523837,-0.0608650235569109,
-0.43894535688217));
#6802=CARTESIAN_POINT('Ctrl Pts',(-2.3175353155237,0.0976630551782361,2.78039621080198));
#6803=CARTESIAN_POINT('Ctrl Pts',(1.07287536792648,0.256191133913383,3.45350899250181));
#6804=CARTESIAN_POINT('Ctrl Pts',(3.4823739753972,0.41471921264853,0.978482002458419));
#6805=CARTESIAN_POINT('Ctrl Pts',(2.71408457597044,0.573247291383677,-2.39180427705994));
#6806=CARTESIAN_POINT('Ctrl Pts',(-0.531987171741487,0.731775370118824,
-3.57781065556948));
#6807=CARTESIAN_POINT('Ctrl Pts',(-3.29224985259782,0.890303448853971,-1.49865172907641));
#6808=CARTESIAN_POINT('Ctrl Pts',(-3.04754443903724,1.04883152758912,1.94873782801036));
#6809=CARTESIAN_POINT('Ctrl Pts',(-0.0210569983327247,1.20735960632427,
3.61720868493855));
#6810=CARTESIAN_POINT('Ctrl Pts',(3.02462191637222,1.36588768505941,1.98407228802998));
#6811=CARTESIAN_POINT('Ctrl Pts',(3.30951247091287,1.52441576379456,-1.46013964606125));
#6812=CARTESIAN_POINT('Ctrl Pts',(0.573563032910521,1.68294384252971,-3.57150773691617));
#6813=CARTESIAN_POINT('Ctrl Pts',(-2.68593398435257,1.84147192126485,-2.42298676470287));
#6814=CARTESIAN_POINT('Ctrl Pts',(-3.49374497977642,2.,0.937343113956249));
#6815=CARTESIAN_POINT('Ctrl Pts',(-1.11261750473836,2.15852807873515,3.44177595525243));
#6816=CARTESIAN_POINT('Ctrl Pts',(2.28420704927841,2.31705615747029,2.8052416903557));
#6817=CARTESIAN_POINT('Ctrl Pts',(3.59581747172783,2.47558423620544,-0.39300412679209));
#6818=CARTESIAN_POINT('Ctrl Pts',(1.6257309239552,2.63411231494059,-3.23029176380246));
#6819=CARTESIAN_POINT('Ctrl Pts',(-1.82919871372036,2.79264039367574,-3.12339640351099));
#6820=CARTESIAN_POINT('Ctrl Pts',(-3.61273240639388,2.95116847241088,-0.15678382547743));
#6821=CARTESIAN_POINT('Ctrl Pts',(-2.60552652700772,3.05685385823431,1.90279945048836));
#6822=CARTESIAN_POINT('Ctrl Pts',(-1.7777800811136,3.10969655114603,2.49305876047792));
#6823=CARTESIAN_POINT('Ctrl Pts',(-1.42738673495314,-0.109696551146029,
-2.92199779412645));
#6824=CARTESIAN_POINT('Ctrl Pts',(-2.39754970396995,-0.0568538582343133,
-2.44807623419203));
#6825=CARTESIAN_POINT('Ctrl Pts',(-3.81211845311404,0.0488315275891182,
-0.46618233199896));
#6826=CARTESIAN_POINT('Ctrl Pts',(-2.46134057677436,0.207359606324265,2.95292242897715));
#6827=CARTESIAN_POINT('Ctrl Pts',(1.1394483006195,0.365887685059413,3.66780249628213));
#6828=CARTESIAN_POINT('Ctrl Pts',(3.69845857870401,0.524415763794558,1.03919773742482));
#6829=CARTESIAN_POINT('Ctrl Pts',(2.882496094401,0.682943842529707,-2.54021799771357));
#6830=CARTESIAN_POINT('Ctrl Pts',(-0.564997479589585,0.841471921264853,
-3.79981719526843));
#6831=CARTESIAN_POINT('Ctrl Pts',(-3.49653707401963,1.,-1.59164448822878));
#6832=CARTESIAN_POINT('Ctrl Pts',(-3.23664745778874,1.15852807873515,2.06965885587515));
#6833=CARTESIAN_POINT('Ctrl Pts',(-0.022363605022215,1.31705615747029,3.84165990967347));
#6834=CARTESIAN_POINT('Ctrl Pts',(3.21230257088258,1.47558423620544,2.10718585260402));
#6835=CARTESIAN_POINT('Ctrl Pts',(3.51487085415044,1.63411231494059,-1.55074269398798));
#6836=CARTESIAN_POINT('Ctrl Pts',(0.609153162320385,1.79264039367573,-3.79312317454324));
#6837=CARTESIAN_POINT('Ctrl Pts',(-2.852598731912,1.95116847241088,-2.57333538824747));
#6838=CARTESIAN_POINT('Ctrl Pts',(-3.71053516467437,2.10969655114603,0.995506141928714));
#6839=CARTESIAN_POINT('Ctrl Pts',(-1.18165647466007,2.26822462988118,3.65534141295915));
#6840=CARTESIAN_POINT('Ctrl Pts',(2.42594426004356,2.42675270861632,2.97930959406817));
#6841=CARTESIAN_POINT('Ctrl Pts',(3.81894135142354,2.58528078735147,-0.417390405071156));
#6842=CARTESIAN_POINT('Ctrl Pts',(1.72660906750566,2.74380886608662,-3.43073442713442));
#6843=CARTESIAN_POINT('Ctrl Pts',(-1.94270222632874,2.90233694482176,-3.31720610849697));
#6844=CARTESIAN_POINT('Ctrl Pts',(-3.83690587380564,3.06086502355691,-0.166512410337228));
#6845=CARTESIAN_POINT('Ctrl Pts',(-2.76720191568554,3.16655040938034,2.02086995851996));
#6846=CARTESIAN_POINT('Ctrl Pts',(-1.88809301887049,3.21939310229206,2.64775541772508));
#6847=CARTESIAN_POINT('Ctrl Pts',(-1.51078263890181,0.,-3.09271722244257));
#6848=CARTESIAN_POINT('Ctrl Pts',(-2.53762794620681,0.0528426929117157,
-2.59110651847754));
#6849=CARTESIAN_POINT('Ctrl Pts',(-4.0348437009897,0.158528078735147,-0.493419307115752));
#6850=CARTESIAN_POINT('Ctrl Pts',(-2.60514583802501,0.317056157470294,3.12544864715233));
#6851=CARTESIAN_POINT('Ctrl Pts',(1.20602123331252,0.475584236205441,3.88209600006246));
#6852=CARTESIAN_POINT('Ctrl Pts',(3.91454318201082,0.634112314940588,1.09991347239121));
#6853=CARTESIAN_POINT('Ctrl Pts',(3.05090761283157,0.792640393675734,-2.68863171836719));
#6854=CARTESIAN_POINT('Ctrl Pts',(-0.598007787437686,0.951168472410884,
-4.02182373496739));
#6855=CARTESIAN_POINT('Ctrl Pts',(-3.70082429544144,1.10969655114603,-1.68463724738113));
#6856=CARTESIAN_POINT('Ctrl Pts',(-3.42575047654023,1.26822462988118,2.19057988373993));
#6857=CARTESIAN_POINT('Ctrl Pts',(-0.0236702117117062,1.42675270861632,
4.06611113440838));
#6858=CARTESIAN_POINT('Ctrl Pts',(3.39998322539294,1.58528078735147,2.23029941717805));
#6859=CARTESIAN_POINT('Ctrl Pts',(3.72022923738801,1.74380886608661,-1.6413457419147));
#6860=CARTESIAN_POINT('Ctrl Pts',(0.644743291730248,1.90233694482176,-4.0147386121703));
#6861=CARTESIAN_POINT('Ctrl Pts',(-3.01926347947144,2.06086502355691,-2.72368401179206));
#6862=CARTESIAN_POINT('Ctrl Pts',(-3.92732534957232,2.21939310229206,1.05366916990118));
#6863=CARTESIAN_POINT('Ctrl Pts',(-1.25069544458179,2.37792118102721,3.86890687066586));
#6864=CARTESIAN_POINT('Ctrl Pts',(2.56768147080871,2.53644925976235,3.15337749778064));
#6865=CARTESIAN_POINT('Ctrl Pts',(4.04206523111926,2.6949773384975,-0.441776683350216));
#6866=CARTESIAN_POINT('Ctrl Pts',(1.82748721105611,2.85350541723264,-3.63117709046639));
#6867=CARTESIAN_POINT('Ctrl Pts',(-2.05620573893713,3.01203349596779,-3.51101581348295));
#6868=CARTESIAN_POINT('Ctrl Pts',(-4.06107934121741,3.17056157470294,-0.176240995197035));
#6869=CARTESIAN_POINT('Ctrl Pts',(-2.92887730436335,3.27624696052637,2.13894046655157));
#6870=CARTESIAN_POINT('Ctrl Pts',(-1.99840595662738,3.32908965343809,2.80245207497224));
#6871=CARTESIAN_POINT('Ctrl Pts',(-1.51442129635206,3.,-3.09710677218153));
#6872=CARTESIAN_POINT('Ctrl Pts',(-1.5890662645275,3.,-3.0534126190554));
#6873=CARTESIAN_POINT('Ctrl Pts',(-1.66182928690009,3.,-3.00679044678557));
#6874=CARTESIAN_POINT('Ctrl Pts',(-1.73251423044918,3.,-2.95723063211701));
#6875=CARTESIAN_POINT('Ctrl Pts',(-1.82267694857215,3.,-2.89401423303926));
#6876=CARTESIAN_POINT('Ctrl Pts',(-1.90946003304337,3.,-2.82601879221046));
#6877=CARTESIAN_POINT('Ctrl Pts',(-1.99268326974651,3.,-2.75364024026599));
#6878=CARTESIAN_POINT('Ctrl Pts',(-2.03900484082746,3.,-2.7133547578521));
#6879=CARTESIAN_POINT('Ctrl Pts',(-2.08422287757169,3.,-2.67171075910802));
#6880=CARTESIAN_POINT('Ctrl Pts',(-2.12830059566607,3.,-2.62877267066049));
#6881=CARTESIAN_POINT('Ctrl Pts',(-2.14829194455696,3.,-2.60929819820653));
#6882=CARTESIAN_POINT('Ctrl Pts',(-2.16804866519092,3.,-2.58955749360899));
#6883=CARTESIAN_POINT('Ctrl Pts',(-2.18756702704572,3.,-2.56955643329643));
#6884=CARTESIAN_POINT('Ctrl Pts',(-2.20443820169706,3.,-2.55226802639755));
#6885=CARTESIAN_POINT('Ctrl Pts',(-2.22113347165294,3.,-2.53478259107062));
#6886=CARTESIAN_POINT('Ctrl Pts',(-2.23763318650206,3.,-2.51712270262175));
#6887=CARTESIAN_POINT('Ctrl Pts',(-2.31273962448501,3.,-2.43673517297656));
#6888=CARTESIAN_POINT('Ctrl Pts',(-2.38387138857741,3.,-2.35266187288258));
#6889=CARTESIAN_POINT('Ctrl Pts',(-2.45085087563735,3.,-2.26529891298972));
#6890=CARTESIAN_POINT('Ctrl Pts',(-2.50888609455031,3.,-2.1896021776933));
#6891=CARTESIAN_POINT('Ctrl Pts',(-2.56380345039409,3.,-2.11143478746789));
#6892=CARTESIAN_POINT('Ctrl Pts',(-2.61545892836431,3.,-2.03104058781043));
#6893=CARTESIAN_POINT('Ctrl Pts',(-2.63805819997628,3.,-1.9958681254603));
#6894=CARTESIAN_POINT('Ctrl Pts',(-2.66003276922217,3.,-1.96026931670856));
#6895=CARTESIAN_POINT('Ctrl Pts',(-2.68136884391395,3.,-1.92426416270544));
#6896=CARTESIAN_POINT('Ctrl Pts',(-2.69565570856739,3.,-1.90015472507457));
#6897=CARTESIAN_POINT('Ctrl Pts',(-2.70965626384397,3.,-1.87586308667953));
#6898=CARTESIAN_POINT('Ctrl Pts',(-2.72336609063837,3.,-1.85139522301229));
#6899=CARTESIAN_POINT('Ctrl Pts',(-2.73138564917558,3.,-1.83708275445216));
#6900=CARTESIAN_POINT('Ctrl Pts',(-2.73930442610384,3.,-1.82271220363078));
#6901=CARTESIAN_POINT('Ctrl Pts',(-2.74711662539795,3.,-1.8082943109034));
#6902=CARTESIAN_POINT('Ctrl Pts',(-2.79863840612016,3.,-1.71320770601661));
#6903=CARTESIAN_POINT('Ctrl Pts',(-2.84559414317296,3.,-1.61594727737799));
#6904=CARTESIAN_POINT('Ctrl Pts',(-2.88781365363822,3.,-1.51688170565832));
#6905=CARTESIAN_POINT('Ctrl Pts',(-2.9297418269324,3.,-1.41849973929308));
#6906=CARTESIAN_POINT('Ctrl Pts',(-2.96699917274031,3.,-1.31833656806366));
#6907=CARTESIAN_POINT('Ctrl Pts',(-2.99936966457977,3.,-1.21674012613428));
#6908=CARTESIAN_POINT('Ctrl Pts',(-3.03076515312353,3.,-1.11820378184577));
#6909=CARTESIAN_POINT('Ctrl Pts',(-3.05756377291182,3.,-1.01831844892028));
#6910=CARTESIAN_POINT('Ctrl Pts',(-3.0795200413367,3.,-0.917401174406272));
#6911=CARTESIAN_POINT('Ctrl Pts',(-3.09342304798554,3.,-0.853498988870905));
#6912=CARTESIAN_POINT('Ctrl Pts',(-3.10538350082846,3.,-0.789183066999111));
#6913=CARTESIAN_POINT('Ctrl Pts',(-3.11532843102437,3.,-0.724535832817582));
#6914=CARTESIAN_POINT('Ctrl Pts',(-3.11820296572725,3.,-0.705849857708754));
#6915=CARTESIAN_POINT('Ctrl Pts',(-3.12090905465559,3.,-0.68713621698764));
#6916=CARTESIAN_POINT('Ctrl Pts',(-3.12344480095268,3.,-0.668396940639968));
#6917=CARTESIAN_POINT('Ctrl Pts',(-3.12550673810719,3.,-0.65315913463618));
#6918=CARTESIAN_POINT('Ctrl Pts',(-3.12745599897841,3.,-0.637904146806042));
#6919=CARTESIAN_POINT('Ctrl Pts',(-3.12928997527081,3.,-0.62264780884873));
#6920=CARTESIAN_POINT('Ctrl Pts',(-3.14148547080966,3.,-0.521196878284215));
#6921=CARTESIAN_POINT('Ctrl Pts',(-3.14860987205646,3.,-0.419525804728357));
#6922=CARTESIAN_POINT('Ctrl Pts',(-3.15047227174393,3.,-0.3179457785458));
#6923=CARTESIAN_POINT('Ctrl Pts',(-3.15156018446216,3.,-0.25860824582127));
#6924=CARTESIAN_POINT('Ctrl Pts',(-3.1508516262673,3.,-0.199301735638861));
#6925=CARTESIAN_POINT('Ctrl Pts',(-3.14830028368396,3.,-0.140088967578788));
#6926=CARTESIAN_POINT('Ctrl Pts',(-3.14385730924122,3.,-0.0369743106552886));
#6927=CARTESIAN_POINT('Ctrl Pts',(-3.13382851959154,3.,0.0658572835888905));
#6928=CARTESIAN_POINT('Ctrl Pts',(-3.11842173887004,3.,0.168059178902301));
#6929=CARTESIAN_POINT('Ctrl Pts',(-3.10293791996375,3.,0.270772112091719));
#6930=CARTESIAN_POINT('Ctrl Pts',(-3.08202166301803,3.,0.372849864399939));
#6931=CARTESIAN_POINT('Ctrl Pts',(-3.0558385350904,3.,0.473914911359236));
#6932=CARTESIAN_POINT('Ctrl Pts',(-3.04967913728537,3.,0.49768975713502));
#6933=CARTESIAN_POINT('Ctrl Pts',(-3.04322809759614,3.,0.521408418133877));
#6934=CARTESIAN_POINT('Ctrl Pts',(-3.03648725811808,3.,0.54506569729156));
#6935=CARTESIAN_POINT('Ctrl Pts',(-3.03238158252883,3.,0.559474750327469));
#6936=CARTESIAN_POINT('Ctrl Pts',(-3.02817092695907,3.,0.573852113726178));
#6937=CARTESIAN_POINT('Ctrl Pts',(-3.02385673326038,3.,0.588194633961544));
#6938=CARTESIAN_POINT('Ctrl Pts',(-2.99453833066072,3.,0.685663549806218));
#6939=CARTESIAN_POINT('Ctrl Pts',(-2.96043301944238,3.,0.781557591521604));
#6940=CARTESIAN_POINT('Ctrl Pts',(-2.92177014249494,3.,0.875557034870289));
#6941=CARTESIAN_POINT('Ctrl Pts',(-2.88305489860561,3.,0.969683795784971));
#6942=CARTESIAN_POINT('Ctrl Pts',(-2.83976915434832,3.,1.06191160387449));
#6943=CARTESIAN_POINT('Ctrl Pts',(-2.79209795901521,3.,1.15189331385));
#6944=CARTESIAN_POINT('Ctrl Pts',(-2.74503501897991,3.,1.24072691223703));
#6945=CARTESIAN_POINT('Ctrl Pts',(-2.69369720634761,3.,1.32737201572664));
#6946=CARTESIAN_POINT('Ctrl Pts',(-2.63822758174895,3.,1.41145862888749));
#6947=CARTESIAN_POINT('Ctrl Pts',(-2.60708592531661,3.,1.45866638333979));
#6948=CARTESIAN_POINT('Ctrl Pts',(-2.57464138187318,3.,1.50506702229037));
#6949=CARTESIAN_POINT('Ctrl Pts',(-2.5409154165407,3.,1.5505888492325));
#6950=CARTESIAN_POINT('Ctrl Pts',(-2.53137266762637,3.,1.56346923265067));
#6951=CARTESIAN_POINT('Ctrl Pts',(-2.52172731257497,3.,1.57627922760296));
#6952=CARTESIAN_POINT('Ctrl Pts',(-2.51197980385615,3.,1.58901713610341));
#6953=CARTESIAN_POINT('Ctrl Pts',(-2.50283212318029,3.,1.60097119767972));
#6954=CARTESIAN_POINT('Ctrl Pts',(-2.49359971521167,3.,1.61285489237859));
#6955=CARTESIAN_POINT('Ctrl Pts',(-2.48428558589221,3.,1.62466414102732));
#6956=CARTESIAN_POINT('Ctrl Pts',(-2.42314972499242,3.,1.70217740694372));
#6957=CARTESIAN_POINT('Ctrl Pts',(-2.35846373823792,3.,1.77652842008276));
#6958=CARTESIAN_POINT('Ctrl Pts',(-2.2904000646774,3.,1.84740195732481));
#6959=CARTESIAN_POINT('Ctrl Pts',(-2.22331080731572,3.,1.91726085167227));
#6960=CARTESIAN_POINT('Ctrl Pts',(-2.1529392883777,3.,1.98374167339672));
#6961=CARTESIAN_POINT('Ctrl Pts',(-2.07942098424947,3.,2.04650257536303));
#6962=CARTESIAN_POINT('Ctrl Pts',(-2.00820516052125,3.,2.10729790224735));
#6963=CARTESIAN_POINT('Ctrl Pts',(-1.93403602198263,3.,2.1646029831033));
#6964=CARTESIAN_POINT('Ctrl Pts',(-1.85701706686773,3.,2.21806325372911));
#6965=CARTESIAN_POINT('Ctrl Pts',(-1.79562921955211,3.,2.26067368548233));
#6966=CARTESIAN_POINT('Ctrl Pts',(-1.73243047300739,3.,2.30084082572732));
#6967=CARTESIAN_POINT('Ctrl Pts',(-1.66746714335672,3.,2.33836210323076));
#6968=CARTESIAN_POINT('',(-1.51078263890181,0.,-3.09271722244257));
#6969=CARTESIAN_POINT('Ctrl Pts',(-1.51078263890181,-3.46944695195361E-16,
-3.09271722244257));
#6970=CARTESIAN_POINT('Ctrl Pts',(-2.53762794620681,0.0528426929117153,
-2.59110651847754));
#6971=CARTESIAN_POINT('Ctrl Pts',(-3.28623582359825,0.105685385823431,-1.54226291279665));
#6972=CARTESIAN_POINT('Ctrl Pts',(-3.4222567851332,0.158528078735147,-0.414696450911526));
#6973=CARTESIAN_POINT('Ctrl Pts',(-3.43868921100755,0.1649119009378,-0.278477355749667));
#6974=CARTESIAN_POINT('Ctrl Pts',(-3.44618118646016,0.171295723140454,-0.141109333350329));
#6975=CARTESIAN_POINT('Ctrl Pts',(-3.44511297801791,0.177679545343107,-0.00357226737269139));
#6976=CARTESIAN_POINT('',(-1.66746714335671,0.,2.33836210323077));
#6977=CARTESIAN_POINT('Ctrl Pts',(-1.67106376874253,-3.64291929955129E-17,
2.34147610736189));
#6978=CARTESIAN_POINT('Ctrl Pts',(-1.73435568700566,-2.42578737902822E-17,
2.3053964368168));
#6979=CARTESIAN_POINT('Ctrl Pts',(-1.79602848071723,-3.47226105350999E-16,
2.26684718025859));
#6980=CARTESIAN_POINT('Ctrl Pts',(-1.8559193264595,-2.75821032680312E-16,
2.22586832640963));
#6981=CARTESIAN_POINT('Ctrl Pts',(-1.9332687519229,-2.05104355795299E-16,
2.17294386421374));
#6982=CARTESIAN_POINT('Ctrl Pts',(-2.00764727653101,1.14532452721028E-16,
2.11596897499836));
#6983=CARTESIAN_POINT('Ctrl Pts',(-2.07897978735131,1.59594559789866E-16,
2.05533311192176));
#6984=CARTESIAN_POINT('Ctrl Pts',(-2.1521181761718,2.05797474421238E-16,
1.99316217080158));
#6985=CARTESIAN_POINT('Ctrl Pts',(-2.22205488380877,-1.56280565409263E-16,
1.92714211868898));
#6986=CARTESIAN_POINT('Ctrl Pts',(-2.28868633021598,-1.73472347597681E-16,
1.85764285197989));
#6987=CARTESIAN_POINT('Ctrl Pts',(-2.35937122554683,-1.91709972473968E-16,
1.7839156757322));
#6988=CARTESIAN_POINT('Ctrl Pts',(-2.42633738726274,7.91064589290136E-17,
1.70627275577991));
#6989=CARTESIAN_POINT('Ctrl Pts',(-2.48942473086994,1.11022302462516E-16,
1.62510586766874));
#6990=CARTESIAN_POINT('Ctrl Pts',(-2.49834725826061,1.15536202903419E-16,
1.61362632611606));
#6991=CARTESIAN_POINT('Ctrl Pts',(-2.50719371932635,-1.65062059585922E-16,
1.6020741084735));
#6992=CARTESIAN_POINT('Ctrl Pts',(-2.51595827753696,-1.45716771982052E-16,
1.59045731853892));
#6993=CARTESIAN_POINT('Ctrl Pts',(-2.57601772089211,-1.31525083748151E-17,
1.51085285699294));
#6994=CARTESIAN_POINT('Ctrl Pts',(-2.63211255195217,4.95042994979868E-17,
1.42838352071635));
#6995=CARTESIAN_POINT('Ctrl Pts',(-2.68415557494004,6.93889390390723E-17,
1.34347012558776));
#6996=CARTESIAN_POINT('Ctrl Pts',(-2.73721556956687,8.96621439113632E-17,
1.25689743955608));
#6997=CARTESIAN_POINT('Ctrl Pts',(-2.78606442488596,3.49687392084578E-18,
1.16778361868897));
#6998=CARTESIAN_POINT('Ctrl Pts',(-2.83057919230657,-1.2490009027033E-16,
1.07652880491899));
#6999=CARTESIAN_POINT('Ctrl Pts',(-2.87542837535792,-2.54261632156817E-16,
0.984588442557522));
#7000=CARTESIAN_POINT('Ctrl Pts',(-2.91587866720787,1.21143438996761E-16,
0.890474019096677));
#7001=CARTESIAN_POINT('Ctrl Pts',(-2.95176513575121,1.66533453693773E-16,
0.794559487793241));
#7002=CARTESIAN_POINT('Ctrl Pts',(-2.96936447577464,1.8879349584187E-16,
0.747521355647188));
#7003=CARTESIAN_POINT('Ctrl Pts',(-2.98586552835575,2.04236571206554E-16,
0.700049819888223));
#7004=CARTESIAN_POINT('Ctrl Pts',(-3.00124479567436,2.22044604925031E-16,
0.652186810690316));
#7005=CARTESIAN_POINT('Ctrl Pts',(-3.0118897359819,2.34370644391055E-16,
0.619057867334604));
#7006=CARTESIAN_POINT('Ctrl Pts',(-3.02199718592854,-1.46525626378561E-16,
0.58574134611043));
#7007=CARTESIAN_POINT('Ctrl Pts',(-3.03155852741219,-1.94289029309402E-16,
0.552250873764861));
#7008=CARTESIAN_POINT('Ctrl Pts',(-3.03567060871368,-2.14830811696677E-16,
0.53784750313472));
#7009=CARTESIAN_POINT('Ctrl Pts',(-3.03968022696684,-3.42509500904278E-16,
0.523416874131695));
#7010=CARTESIAN_POINT('Ctrl Pts',(-3.04358486097067,-3.33066907387547E-16,
0.508967980996148));
#7011=CARTESIAN_POINT('Ctrl Pts',(-3.07096998234157,-2.66841348408592E-16,
0.407630777098371));
#7012=CARTESIAN_POINT('Ctrl Pts',(-3.0932274792411,-2.22173475195278E-16,
0.305282240318825));
#7013=CARTESIAN_POINT('Ctrl Pts',(-3.11023011045417,-1.94289029309402E-16,
0.202338635410121));
#7014=CARTESIAN_POINT('Ctrl Pts',(-3.12713354424465,-1.66567267959095E-16,
0.0999956281472457));
#7015=CARTESIAN_POINT('Ctrl Pts',(-3.1388437039059,1.8644021543948E-16,
-0.00293641048836064));
#7016=CARTESIAN_POINT('Ctrl Pts',(-3.14519250318782,3.88578058618805E-16,
-0.106075332054982));
#7017=CARTESIAN_POINT('Ctrl Pts',(-3.15084138723838,5.68431474618881E-16,
-0.197843835540321));
#7018=CARTESIAN_POINT('Ctrl Pts',(-3.1522455135097,-2.26696458496073E-16,
-0.289776895458334));
#7019=CARTESIAN_POINT('Ctrl Pts',(-3.1492530739365,-3.33066907387547E-16,
-0.381614868427485));
#7020=CARTESIAN_POINT('Ctrl Pts',(-3.14703017562227,-4.39838511811737E-16,
-0.449835619524005));
#7021=CARTESIAN_POINT('Ctrl Pts',(-3.14238053139106,3.47132343582552E-16,
-0.518004112376085));
#7022=CARTESIAN_POINT('Ctrl Pts',(-3.13536881015837,4.44089209850063E-16,
-0.586036769881574));
#7023=CARTESIAN_POINT('Ctrl Pts',(-3.13325625025929,4.73301322086097E-16,
-0.606534313823256));
#7024=CARTESIAN_POINT('Ctrl Pts',(-3.13092919875892,3.77612990980502E-17,
-0.627019524838226));
#7025=CARTESIAN_POINT('Ctrl Pts',(-3.12838923845574,2.77555756156289E-17,
-0.647490104641059));
#7026=CARTESIAN_POINT('Ctrl Pts',(-3.12652162105569,2.03984278473986E-17,
-0.662541997767566));
#7027=CARTESIAN_POINT('Ctrl Pts',(-3.1245393408606,4.61847842394067E-16,
-0.6775819669591));
#7028=CARTESIAN_POINT('Ctrl Pts',(-3.12244464490953,4.44089209850063E-16,
-0.692599658275361));
#7029=CARTESIAN_POINT('Ctrl Pts',(-3.10842173716334,3.25204335061718E-16,
-0.793135346894384));
#7030=CARTESIAN_POINT('Ctrl Pts',(-3.08934974003469,-3.76673799641622E-16,
-0.892796935327895));
#7031=CARTESIAN_POINT('Ctrl Pts',(-3.06552673352085,-3.60822483003176E-16,
-0.991310222000253));
#7032=CARTESIAN_POINT('Ctrl Pts',(-3.04110618230569,-3.44573572960186E-16,
-1.09229448530719));
#7033=CARTESIAN_POINT('Ctrl Pts',(-3.01169320177551,-8.23054879028092E-17,
-1.19207276325366));
#7034=CARTESIAN_POINT('Ctrl Pts',(-2.97755483948113,-2.77555756156289E-17,
-1.29035602335732));
#7035=CARTESIAN_POINT('Ctrl Pts',(-2.94153356498851,2.98030543825183E-17,
-1.39406012783939));
#7036=CARTESIAN_POINT('Ctrl Pts',(-2.90025140614353,-8.38981850402839E-16,
-1.49610064720275));
#7037=CARTESIAN_POINT('Ctrl Pts',(-2.85396199261665,-9.43689570931383E-16,
-1.59613297736805));
#7038=CARTESIAN_POINT('Ctrl Pts',(-2.81648768633197,-1.02845731565944E-15,
-1.67711568795712));
#7039=CARTESIAN_POINT('Ctrl Pts',(-2.7757303890519,-2.51287333956942E-16,
-1.75678235795887));
#7040=CARTESIAN_POINT('Ctrl Pts',(-2.73179787678337,-2.4980018054066E-16,
-1.83494140053448));
#7041=CARTESIAN_POINT('Ctrl Pts',(-2.72311455897229,-2.49506242746516E-16,
-1.85038963628174));
#7042=CARTESIAN_POINT('Ctrl Pts',(-2.714311480531,-2.51465828040808E-16,
-1.86577114741277));
#7043=CARTESIAN_POINT('Ctrl Pts',(-2.70539214151328,-2.4980018054066E-16,
-1.88108060872983));
#7044=CARTESIAN_POINT('Ctrl Pts',(-2.65032214994034,-2.39516100788301E-16,
-1.97560464285853));
#7045=CARTESIAN_POINT('Ctrl Pts',(-2.59079708693747,-1.89982473932381E-16,
-2.06743150047776));
#7046=CARTESIAN_POINT('Ctrl Pts',(-2.52708457450807,-2.22044604925031E-16,
-2.15623937992208));
#7047=CARTESIAN_POINT('Ctrl Pts',(-2.4629945162534,-2.5429672879732E-16,
-2.24557351461606));
#7048=CARTESIAN_POINT('Ctrl Pts',(-2.39466687623081,-6.75469009400772E-17,
-2.33185363421021));
#7049=CARTESIAN_POINT('Ctrl Pts',(-2.32232443355223,0.,-2.41473541369925));
#7050=CARTESIAN_POINT('Ctrl Pts',(-2.28693276249686,3.30455761564752E-17,
-2.45528318299689));
#7051=CARTESIAN_POINT('Ctrl Pts',(-2.25057947056415,7.99231984819872E-17,
-2.49501725925499));
#7052=CARTESIAN_POINT('Ctrl Pts',(-2.21328675584908,5.55111512312578E-17,
-2.53389492109431));
#7053=CARTESIAN_POINT('Ctrl Pts',(-2.19890383471381,4.60959999600095E-17,
-2.54888911898071));
#7054=CARTESIAN_POINT('Ctrl Pts',(-2.18438628771504,1.50229167346002E-16,
-2.56375048723009));
#7055=CARTESIAN_POINT('Ctrl Pts',(-2.16974110135427,1.66533453693773E-16,
-2.5784714377319));
#7056=CARTESIAN_POINT('Ctrl Pts',(-2.09092112632438,2.54282657504105E-16,
-2.65769917320657));
#7057=CARTESIAN_POINT('Ctrl Pts',(-2.00836044229779,5.70255987634562E-16,
-2.73291091351225));
#7058=CARTESIAN_POINT('Ctrl Pts',(-1.92230406535224,3.88578058618805E-16,
-2.80376382288799));
#7059=CARTESIAN_POINT('Ctrl Pts',(-1.83752424432315,2.09595130757038E-16,
-2.87356570381152));
#7060=CARTESIAN_POINT('Ctrl Pts',(-1.74935115475422,9.60764305292184E-17,
-2.93913785788663));
#7061=CARTESIAN_POINT('Ctrl Pts',(-1.65797819066091,-5.55111512312578E-17,
-3.00012380173121));
#7062=CARTESIAN_POINT('Ctrl Pts',(-1.6097952959948,-1.35446486120879E-16,
-3.0322829785461));
#7063=CARTESIAN_POINT('Ctrl Pts',(-1.5607219786463,2.69661370711975E-17,
-3.06316632934141));
#7064=CARTESIAN_POINT('Ctrl Pts',(-1.51078263890181,0.,-3.09271722244257));
#7065=CARTESIAN_POINT('Ctrl Pts',(-1.67106376874253,-3.74049749507499E-17,
2.34147610736189));
#7066=CARTESIAN_POINT('Ctrl Pts',(-0.953676881178399,0.0488315275891179,
2.8474321446871));
#7067=CARTESIAN_POINT('Ctrl Pts',(1.06348587745375,0.150505748089952,3.18047689371257));
#7068=CARTESIAN_POINT('Ctrl Pts',(3.26628937209038,0.305022661502501,0.917766267492023));
#7069=CARTESIAN_POINT('Ctrl Pts',(2.54567305753988,0.463550740237648,-2.24339055640633));
#7070=CARTESIAN_POINT('Ctrl Pts',(-0.498976863893388,0.622078818972795,
-3.35580411587052));
#7071=CARTESIAN_POINT('Ctrl Pts',(-2.59505324242748,0.750425202861919,-1.77694137093482));
#7072=CARTESIAN_POINT('Ctrl Pts',(-2.869099610522,0.825928893839328,-0.411456572247425));
#7073=CARTESIAN_POINT('Ctrl Pts',(-2.86771244701433,0.848589891905021,-0.00109722340217704));
#7074=CARTESIAN_POINT('Origin',(0.,-1.84858989190502,0.));
#7075=CARTESIAN_POINT('',(1.66746714335671,0.,2.33836210323077));
#7076=CARTESIAN_POINT('Origin',(0.,0.,0.));
#7077=CARTESIAN_POINT('Ctrl Pts',(1.66746714335671,2.77555756156289E-16,
2.33836210323077));
#7078=CARTESIAN_POINT('Ctrl Pts',(2.4438511383299,0.0528426929117159,1.78472894245675));
#7079=CARTESIAN_POINT('Ctrl Pts',(3.3885670528,0.158528078735147,-0.147041119969857));
#7080=CARTESIAN_POINT('Ctrl Pts',(1.71568991627485,0.317056157470294,-2.9295941370369));
#7081=CARTESIAN_POINT('Ctrl Pts',(-1.52485003532148,0.475584236205441,-3.02984299268017));
#7082=CARTESIAN_POINT('Ctrl Pts',(-2.82395491097492,0.587035553080336,-1.15890186714194));
#7083=CARTESIAN_POINT('Ctrl Pts',(-2.87603805902615,0.645644177043516,-0.105619445594296));
#7084=CARTESIAN_POINT('Ctrl Pts',(-2.87529704543872,0.65141010809498,-0.00191896989005945));
#7085=CARTESIAN_POINT('Ctrl Pts',(1.99840595662736,-0.329089653438087,2.80245207497225));
#7086=CARTESIAN_POINT('Ctrl Pts',(2.92887730436334,-0.276246960526371,2.13894046655158));
#7087=CARTESIAN_POINT('Ctrl Pts',(4.06108906536824,-0.17056157470294,-0.176224072053009));
#7088=CARTESIAN_POINT('Ctrl Pts',(2.05619940522912,-0.012033495967793,-3.51102472830118));
#7089=CARTESIAN_POINT('Ctrl Pts',(-1.82748392116174,0.146494582767354,-3.63116977047533));
#7090=CARTESIAN_POINT('Ctrl Pts',(-4.0420652551917,0.305022661502501,-0.441780390651872));
#7091=CARTESIAN_POINT('Ctrl Pts',(-2.56768008901426,0.463550740237649,3.15337886296882));
#7092=CARTESIAN_POINT('Ctrl Pts',(1.25069479038305,0.622078818972793,3.86890427343052));
#7093=CARTESIAN_POINT('Ctrl Pts',(3.92732425538262,0.780606897707943,1.053669675075));
#7094=CARTESIAN_POINT('Ctrl Pts',(3.01926249038573,0.939134976443088,-2.72368366822437));
#7095=CARTESIAN_POINT('Ctrl Pts',(-0.644743064079921,1.09766305517824,-4.01473705226078));
#7096=CARTESIAN_POINT('Ctrl Pts',(-3.72022810628222,1.25619113391338,-1.64134547328358));
#7097=CARTESIAN_POINT('Ctrl Pts',(-3.39998215379785,1.41471921264853,2.23029896634887));
#7098=CARTESIAN_POINT('Ctrl Pts',(0.0236701799635077,1.57324729138368,4.06610955829467));
#7099=CARTESIAN_POINT('Ctrl Pts',(3.42574944444628,1.73177537011882,2.19057970735565));
#7100=CARTESIAN_POINT('Ctrl Pts',(3.70082313311892,1.89030344885397,-1.68463756590585));
#7101=CARTESIAN_POINT('Ctrl Pts',(0.598007568874821,2.04883152758912,-4.02182106554092));
#7102=CARTESIAN_POINT('Ctrl Pts',(-3.0509064741272,2.20735960632427,-2.68863329204032));
#7103=CARTESIAN_POINT('Ctrl Pts',(-3.91454259661932,2.36588768505941,1.09991713326292));
#7104=CARTESIAN_POINT('Ctrl Pts',(-1.20601919085856,2.52441576379456,3.88208823900223));
#7105=CARTESIAN_POINT('Ctrl Pts',(2.60514105516701,2.6829438425297,3.1254584814856));
#7106=CARTESIAN_POINT('Ctrl Pts',(4.03485051238516,2.84147192126485,-0.493437598009776));
#7107=CARTESIAN_POINT('Ctrl Pts',(2.53762794620682,2.94715730708828,-2.59110651847754));
#7108=CARTESIAN_POINT('Ctrl Pts',(1.51078263890182,3.,-3.09271722244257));
#7109=CARTESIAN_POINT('Ctrl Pts',(1.88809301887048,-0.219393102292058,2.64775541772509));
#7110=CARTESIAN_POINT('Ctrl Pts',(2.76720191568553,-0.166550409380342,2.02086995851997));
#7111=CARTESIAN_POINT('Ctrl Pts',(3.83691506117883,-0.0608650235569109,
-0.166496421358625));
#7112=CARTESIAN_POINT('Ctrl Pts',(1.94269624224436,0.0976630551782362,-3.31721453121309));
#7113=CARTESIAN_POINT('Ctrl Pts',(-1.72660595921499,0.256191133913383,-3.43072751121028));
#7114=CARTESIAN_POINT('Ctrl Pts',(-3.81894137416717,0.41471921264853,-0.417393907728032));
#7115=CARTESIAN_POINT('Ctrl Pts',(-2.42594295452481,0.573247291383676,2.97931088389733));
#7116=CARTESIAN_POINT('Ctrl Pts',(1.18165585657341,0.731775370118825,3.6553389590924));
#7117=CARTESIAN_POINT('Ctrl Pts',(3.71053413088445,0.89030344885397,0.995506619216709));
#7118=CARTESIAN_POINT('Ctrl Pts',(2.85259779742428,1.04883152758912,-2.57333506364487));
#7119=CARTESIAN_POINT('Ctrl Pts',(-0.609152947236464,1.20735960632426,-3.79312170074144));
#7120=CARTESIAN_POINT('Ctrl Pts',(-3.51486978548221,1.36588768505941,-1.55074244018542));
#7121=CARTESIAN_POINT('Ctrl Pts',(-3.21230155844004,1.52441576379456,2.10718542666081));
#7122=CARTESIAN_POINT('Ctrl Pts',(0.0223635750265339,1.68294384252971,3.84165842056196));
#7123=CARTESIAN_POINT('Ctrl Pts',(3.23664648266686,1.84147192126485,2.06965868922736));
#7124=CARTESIAN_POINT('Ctrl Pts',(3.49653597585785,2.,-1.59164478917078));
#7125=CARTESIAN_POINT('Ctrl Pts',(0.564997273091493,2.15852807873515,-3.79981467319554));
#7126=CARTESIAN_POINT('Ctrl Pts',(-2.88249501855365,2.31705615747029,-2.54021948451921));
#7127=CARTESIAN_POINT('Ctrl Pts',(-3.69845802562639,2.47558423620544,1.0392011962147));
#7128=CARTESIAN_POINT('Ctrl Pts',(-1.13944637090995,2.63411231494058,3.66779516363605));
#7129=CARTESIAN_POINT('Ctrl Pts',(2.46133605793234,2.79264039367574,2.95293172045065));
#7130=CARTESIAN_POINT('Ctrl Pts',(3.8121248885173,2.95116847241088,-0.466199613227131));
#7131=CARTESIAN_POINT('Ctrl Pts',(2.39754970396995,3.05685385823431,-2.44807623419202));
#7132=CARTESIAN_POINT('Ctrl Pts',(1.42738673495314,3.10969655114603,-2.92199779412645));
#7133=CARTESIAN_POINT('Ctrl Pts',(1.77778008111359,-0.109696551146029,2.49305876047793));
#7134=CARTESIAN_POINT('Ctrl Pts',(2.60552652700772,-0.056853858234313,1.90279945048836));
#7135=CARTESIAN_POINT('Ctrl Pts',(3.61274105698941,0.0488315275891177,-0.15676877066424));
#7136=CARTESIAN_POINT('Ctrl Pts',(1.82919307925961,0.207359606324265,-3.12340433412499));
#7137=CARTESIAN_POINT('Ctrl Pts',(-1.62572799726824,0.365887685059412,-3.23028525194522));
#7138=CARTESIAN_POINT('Ctrl Pts',(-3.59581749314264,0.524415763794559,-0.393007424804193));
#7139=CARTESIAN_POINT('Ctrl Pts',(-2.28420582003535,0.682943842529706,2.80524290482584));
#7140=CARTESIAN_POINT('Ctrl Pts',(1.11261692276377,0.841471921264853,3.44177364475429));
#7141=CARTESIAN_POINT('Ctrl Pts',(3.49374400638628,1.,0.937343563358413));
#7142=CARTESIAN_POINT('Ctrl Pts',(2.68593310446284,1.15852807873515,-2.42298645906537));
#7143=CARTESIAN_POINT('Ctrl Pts',(-0.573562830393007,1.31705615747029,-3.57150634922211));
#7144=CARTESIAN_POINT('Ctrl Pts',(-3.30951146468221,1.47558423620544,-1.46013940708725));
#7145=CARTESIAN_POINT('Ctrl Pts',(-3.02462096308222,1.63411231494059,1.98407188697276));
#7146=CARTESIAN_POINT('Ctrl Pts',(0.0210569700895601,1.79264039367574,3.61720728282925));
#7147=CARTESIAN_POINT('Ctrl Pts',(3.04754352088743,1.95116847241088,1.94873767109907));
#7148=CARTESIAN_POINT('Ctrl Pts',(3.29224881859678,2.10969655114603,-1.49865201243571));
#7149=CARTESIAN_POINT('Ctrl Pts',(0.531986977308165,2.26822462988117,-3.57780828085017));
#7150=CARTESIAN_POINT('Ctrl Pts',(-2.7140835629801,2.42675270861632,-2.3918056769981));
#7151=CARTESIAN_POINT('Ctrl Pts',(-3.48237345463346,2.58528078735147,0.978485259166488));
#7152=CARTESIAN_POINT('Ctrl Pts',(-1.07287355096134,2.74380886608662,3.45350208826985));
#7153=CARTESIAN_POINT('Ctrl Pts',(2.31753106069768,2.90233694482176,2.78040495941572));
#7154=CARTESIAN_POINT('Ctrl Pts',(3.58939926464944,3.06086502355691,-0.438961628444491));
#7155=CARTESIAN_POINT('Ctrl Pts',(2.25747146173308,3.16655040938034,-2.30504594990651));
#7156=CARTESIAN_POINT('Ctrl Pts',(1.34399083100446,3.21939310229206,-2.75127836581033));
#7157=CARTESIAN_POINT('Ctrl Pts',(1.66746714335671,2.77555756156289E-16,
2.33836210323077));
#7158=CARTESIAN_POINT('Ctrl Pts',(2.4438511383299,0.0528426929117159,1.78472894245675));
#7159=CARTESIAN_POINT('Ctrl Pts',(3.3885670528,0.158528078735147,-0.147041119969857));
#7160=CARTESIAN_POINT('Ctrl Pts',(1.71568991627485,0.317056157470294,-2.9295941370369));
#7161=CARTESIAN_POINT('Ctrl Pts',(-1.52485003532148,0.475584236205441,-3.02984299268017));
#7162=CARTESIAN_POINT('Ctrl Pts',(-3.37269361211812,0.634112314940588,-0.368620941880351));
#7163=CARTESIAN_POINT('Ctrl Pts',(-2.14246868554589,0.792640393675735,2.63117492575435));
#7164=CARTESIAN_POINT('Ctrl Pts',(1.04357798895413,0.951168472410882,3.22820833041617));
#7165=CARTESIAN_POINT('Ctrl Pts',(3.27695388188811,1.10969655114603,0.879180507500117));
#7166=CARTESIAN_POINT('Ctrl Pts',(2.5192684115014,1.26822462988118,-2.27263785448588));
#7167=CARTESIAN_POINT('Ctrl Pts',(-0.537972713549548,1.42675270861632,-3.34989099770278));
#7168=CARTESIAN_POINT('Ctrl Pts',(-3.1041531438822,1.58528078735147,-1.36953637398909));
#7169=CARTESIAN_POINT('Ctrl Pts',(-2.83694036772441,1.74380886608662,1.8609583472847));
#7170=CARTESIAN_POINT('Ctrl Pts',(0.0197503651525866,1.90233694482176,3.39275614509654));
#7171=CARTESIAN_POINT('Ctrl Pts',(2.858440559108,2.06086502355691,1.82781665297078));
#7172=CARTESIAN_POINT('Ctrl Pts',(3.08796166133571,2.21939310229206,-1.40565923570064));
#7173=CARTESIAN_POINT('Ctrl Pts',(0.498976681524833,2.3779211810272,-3.3558018885048));
#7174=CARTESIAN_POINT('Ctrl Pts',(-2.54567210740654,2.53644925976235,-2.24339186947699));
#7175=CARTESIAN_POINT('Ctrl Pts',(-3.26628888364053,2.6949773384975,0.917769322118275));
#7176=CARTESIAN_POINT('Ctrl Pts',(-1.00630073101272,2.85350541723265,3.23920901290366));
#7177=CARTESIAN_POINT('Ctrl Pts',(2.17372606346301,3.01203349596779,2.60787819838077));
#7178=CARTESIAN_POINT('Ctrl Pts',(3.36667364078157,3.17056157470294,-0.411723643661848));
#7179=CARTESIAN_POINT('Ctrl Pts',(2.11739321949621,3.27624696052637,-2.162015665621));
#7180=CARTESIAN_POINT('Ctrl Pts',(1.26059492705578,3.32908965343809,-2.58055893749421));
#7181=CARTESIAN_POINT('Ctrl Pts',(1.67106223110445,3.,2.341478183016));
#7182=CARTESIAN_POINT('Ctrl Pts',(1.73431979201033,3.,2.30541807108899));
#7183=CARTESIAN_POINT('Ctrl Pts',(1.7959939505434,3.,2.26687175745005));
#7184=CARTESIAN_POINT('Ctrl Pts',(1.85591788682029,3.,2.22587018736789));
#7185=CARTESIAN_POINT('Ctrl Pts',(1.9339007344703,3.,2.17251222405997));
#7186=CARTESIAN_POINT('Ctrl Pts',(2.00892087611123,3.,2.11499813267853));
#7187=CARTESIAN_POINT('Ctrl Pts',(2.08088999612653,3.,2.05370811086813));
#7188=CARTESIAN_POINT('Ctrl Pts',(2.12427557630303,3.,2.01676027609246));
#7189=CARTESIAN_POINT('Ctrl Pts',(2.1665520111023,3.,1.97843923737543));
#7190=CARTESIAN_POINT('Ctrl Pts',(2.20769588641659,3.,1.93882031981878));
#7191=CARTESIAN_POINT('Ctrl Pts',(2.22568306946481,3.,1.9214998142315));
#7192=CARTESIAN_POINT('Ctrl Pts',(2.24345374927189,3.,1.90393118141382));
#7193=CARTESIAN_POINT('Ctrl Pts',(2.26100575521826,3.,1.88612040022898));
#7194=CARTESIAN_POINT('Ctrl Pts',(2.27224068162861,3.,1.87471983344852));
#7195=CARTESIAN_POINT('Ctrl Pts',(2.28338432154046,3.,1.86322169417614));
#7196=CARTESIAN_POINT('Ctrl Pts',(2.29443015263524,3.,1.85163410793713));
#7197=CARTESIAN_POINT('Ctrl Pts',(2.36490368498109,3.,1.77770412235088));
#7198=CARTESIAN_POINT('Ctrl Pts',(2.43147030233707,3.,1.70006498759149));
#7199=CARTESIAN_POINT('Ctrl Pts',(2.49402184348504,3.,1.6191749509629));
#7200=CARTESIAN_POINT('Ctrl Pts',(2.54875444198951,3.,1.54839616891289));
#7201=CARTESIAN_POINT('Ctrl Pts',(2.60041284535665,3.,1.47512712701092));
#7202=CARTESIAN_POINT('Ctrl Pts',(2.64890381114983,3.,1.39964320277753));
#7203=CARTESIAN_POINT('Ctrl Pts',(2.67163144752983,3.,1.36426401091262));
#7204=CARTESIAN_POINT('Ctrl Pts',(2.69366296152226,3.,1.32839788080216));
#7205=CARTESIAN_POINT('Ctrl Pts',(2.71498700367028,3.,1.29207137390434));
#7206=CARTESIAN_POINT('Ctrl Pts',(2.72319559186179,3.,1.27808765855194));
#7207=CARTESIAN_POINT('Ctrl Pts',(2.73130052598881,3.,1.26403359804776));
#7208=CARTESIAN_POINT('Ctrl Pts',(2.7392971817501,3.,1.24991762560914));
#7209=CARTESIAN_POINT('Ctrl Pts',(2.78942571593938,3.,1.16142900885126));
#7210=CARTESIAN_POINT('Ctrl Pts',(2.83520825143929,3.,1.0706792748628));
#7211=CARTESIAN_POINT('Ctrl Pts',(2.87654683373496,3.,0.978086537951384));
#7212=CARTESIAN_POINT('Ctrl Pts',(2.9185587789094,3.,0.883985560833914));
#7213=CARTESIAN_POINT('Ctrl Pts',(2.95598139767139,3.,0.787980344281566));
#7214=CARTESIAN_POINT('Ctrl Pts',(2.98867671349172,3.,0.690469227549718));
#7215=CARTESIAN_POINT('Ctrl Pts',(3.02126953479481,3.,0.593263792368364));
#7216=CARTESIAN_POINT('Ctrl Pts',(3.04916513165891,3.,0.494561034223493));
#7217=CARTESIAN_POINT('Ctrl Pts',(3.07218430565345,3.,0.394727504853478));
#7218=CARTESIAN_POINT('Ctrl Pts',(3.0868726043285,3.,0.33102475437603));
#7219=CARTESIAN_POINT('Ctrl Pts',(3.09957455116541,3.,0.266861073370662));
#7220=CARTESIAN_POINT('Ctrl Pts',(3.11023308751426,3.,0.202328122148646));
#7221=CARTESIAN_POINT('Ctrl Pts',(3.11359790760327,3.,0.181955552823193));
#7222=CARTESIAN_POINT('Ctrl Pts',(3.11675901213406,3.,0.161546167773027));
#7223=CARTESIAN_POINT('Ctrl Pts',(3.1197144195792,3.,0.141102820400045));
#7224=CARTESIAN_POINT('Ctrl Pts',(3.12168909972786,3.,0.127443427243979));
#7225=CARTESIAN_POINT('Ctrl Pts',(3.12357144104561,3.,0.113772115581048));
#7226=CARTESIAN_POINT('Ctrl Pts',(3.12536000702047,3.,0.100097905401127));
#7227=CARTESIAN_POINT('Ctrl Pts',(3.13905210803757,3.,-0.00458297847122506));
#7228=CARTESIAN_POINT('Ctrl Pts',(3.14727258135179,3.,-0.109571129746605));
#7229=CARTESIAN_POINT('Ctrl Pts',(3.14988182172355,3.,-0.214456638118165));
#7230=CARTESIAN_POINT('Ctrl Pts',(3.15126922323172,3.,-0.270227012543721));
#7231=CARTESIAN_POINT('Ctrl Pts',(3.15106941522145,3.,-0.325968863863335));
#7232=CARTESIAN_POINT('Ctrl Pts',(3.14925599673481,3.,-0.381623178659378));
#7233=CARTESIAN_POINT('Ctrl Pts',(3.14595676554175,3.,-0.482877496267862));
#7234=CARTESIAN_POINT('Ctrl Pts',(3.13731978197132,3.,-0.583841887001646));
#7235=CARTESIAN_POINT('Ctrl Pts',(3.12360266536416,3.,-0.684240820859553));
#7236=CARTESIAN_POINT('Ctrl Pts',(3.1096218753462,3.,-0.786569644947945));
#7237=CARTESIAN_POINT('Ctrl Pts',(3.09036363753852,3.,-0.888311775285023));
#7238=CARTESIAN_POINT('Ctrl Pts',(3.06604665981592,3.,-0.98917601998428));
#7239=CARTESIAN_POINT('Ctrl Pts',(3.05886865649504,3.,-1.01894961650886));
#7240=CARTESIAN_POINT('Ctrl Pts',(3.05124951972458,3.,-1.04864668293624));
#7241=CARTESIAN_POINT('Ctrl Pts',(3.0431940272013,3.,-1.07825959359569));
#7242=CARTESIAN_POINT('Ctrl Pts',(3.03904933375702,3.,-1.09349596012714));
#7243=CARTESIAN_POINT('Ctrl Pts',(3.03479134620325,3.,-1.10870177671487));
#7244=CARTESIAN_POINT('Ctrl Pts',(3.03042231300443,3.,-1.12387191925459));
#7245=CARTESIAN_POINT('Ctrl Pts',(3.00113220309841,3.,-1.22557294143936));
#7246=CARTESIAN_POINT('Ctrl Pts',(2.96683970499719,3.,-1.32572956616676));
#7247=CARTESIAN_POINT('Ctrl Pts',(2.92785274539021,3.,-1.42404309899652));
#7248=CARTESIAN_POINT('Ctrl Pts',(2.88835815026673,3.,-1.52363673782888));
#7249=CARTESIAN_POINT('Ctrl Pts',(2.84404579973036,3.,-1.62133973719878));
#7250=CARTESIAN_POINT('Ctrl Pts',(2.79518017027646,3.,-1.71684181083813));
#7251=CARTESIAN_POINT('Ctrl Pts',(2.74594594401863,3.,-1.81306426318756));
#7252=CARTESIAN_POINT('Ctrl Pts',(2.69208917197023,3.,-1.90705328811132));
#7253=CARTESIAN_POINT('Ctrl Pts',(2.63382860120155,3.,-1.99847971819112));
#7254=CARTESIAN_POINT('Ctrl Pts',(2.59839320409671,3.,-2.0540873412029));
#7255=CARTESIAN_POINT('Ctrl Pts',(2.561327704292,3.,-2.10874669025973));
#7256=CARTESIAN_POINT('Ctrl Pts',(2.52267284049328,3.,-2.16237957014711));
#7257=CARTESIAN_POINT('Ctrl Pts',(2.51021824721676,3.,-2.17966007871969));
#7258=CARTESIAN_POINT('Ctrl Pts',(2.4975986106555,3.,-2.19683399642898));
#7259=CARTESIAN_POINT('Ctrl Pts',(2.48481516217395,3.,-2.21389861531287));
#7260=CARTESIAN_POINT('Ctrl Pts',(2.47506432108484,3.,-2.22691500812919));
#7261=CARTESIAN_POINT('Ctrl Pts',(2.46522311259455,3.,-2.2398611696841));
#7262=CARTESIAN_POINT('Ctrl Pts',(2.45529551082726,3.,-2.25273209319652));
#7263=CARTESIAN_POINT('Ctrl Pts',(2.38737210891588,3.,-2.3407933320735));
#7264=CARTESIAN_POINT('Ctrl Pts',(2.31536387272944,3.,-2.42539356055097));
#7265=CARTESIAN_POINT('Ctrl Pts',(2.23955033729241,3.,-2.50621052634795));
#7266=CARTESIAN_POINT('Ctrl Pts',(2.16369120836592,3.,-2.58707609464654));
#7267=CARTESIAN_POINT('Ctrl Pts',(2.08402177799639,3.,-2.66415468897196));
#7268=CARTESIAN_POINT('Ctrl Pts',(2.0007733999932,3.,-2.73710474092916));
#7269=CARTESIAN_POINT('Ctrl Pts',(1.91925137230411,3.,-2.80854200250977));
#7270=CARTESIAN_POINT('Ctrl Pts',(1.83429675838005,3.,-2.87602087162074));
#7271=CARTESIAN_POINT('Ctrl Pts',(1.74608747835152,3.,-2.9391914274827));
#7272=CARTESIAN_POINT('Ctrl Pts',(1.67004093132774,3.,-2.99365171380769));
#7273=CARTESIAN_POINT('Ctrl Pts',(1.59157461663295,3.,-3.04490972018925));
#7274=CARTESIAN_POINT('Ctrl Pts',(1.51078263890184,3.,-3.09271722244256));
#7275=CARTESIAN_POINT('',(1.51078263890182,0.,-3.09271722244257));
#7276=CARTESIAN_POINT('Ctrl Pts',(1.51441906985567,2.37657116208823E-16,
-3.09710892319078));
#7277=CARTESIAN_POINT('Ctrl Pts',(1.58911477173474,2.33314831378736E-16,
-3.05338504560962));
#7278=CARTESIAN_POINT('Ctrl Pts',(1.66187458466425,-3.39709513964122E-16,
-3.00675921204668));
#7279=CARTESIAN_POINT('Ctrl Pts',(1.73251218941925,-1.92554305833426E-16,
-2.95723252328512));
#7280=CARTESIAN_POINT('Ctrl Pts',(1.82138196812768,-4.25459513705502E-17,
-2.89492256974596));
#7281=CARTESIAN_POINT('Ctrl Pts',(1.90689409568805,3.29252266432364E-16,
-2.82802198683874));
#7282=CARTESIAN_POINT('Ctrl Pts',(1.9888972853496,3.36536354339501E-16,
-2.7569275688613));
#7283=CARTESIAN_POINT('Ctrl Pts',(2.0722687623795,3.43941982951511E-16,
-2.68464688490469));
#7284=CARTESIAN_POINT('Ctrl Pts',(2.15201370861931,3.29742553497719E-16,
-2.60803042382436));
#7285=CARTESIAN_POINT('Ctrl Pts',(2.22793131946314,2.08166817117217E-16,
-2.52746196951564));
#7286=CARTESIAN_POINT('Ctrl Pts',(2.30291951423065,8.80794632427987E-17,
-2.44787986891125));
#7287=CARTESIAN_POINT('Ctrl Pts',(2.37417378199922,5.55812038299144E-16,
-2.36444103466138));
#7288=CARTESIAN_POINT('Ctrl Pts',(2.44145481935876,5.759281940243E-16,-2.2774963821224));
#7289=CARTESIAN_POINT('Ctrl Pts',(2.45378204895204,5.7961387545684E-16,
-2.26156638556144));
#7290=CARTESIAN_POINT('Ctrl Pts',(2.46597576738868,2.95282923704521E-17,
-2.24551866967818));
#7291=CARTESIAN_POINT('Ctrl Pts',(2.4780343223316,2.08166817117217E-17,
-2.22935535964375));
#7292=CARTESIAN_POINT('Ctrl Pts',(2.48653406277942,1.46761093270333E-17,
-2.21796229134321));
#7293=CARTESIAN_POINT('Ctrl Pts',(2.49496477373914,-2.05153118913082E-16,
-2.20651424434049));
#7294=CARTESIAN_POINT('Ctrl Pts',(2.50332119263883,-1.94289029309402E-16,
-2.19501874947874));
#7295=CARTESIAN_POINT('Ctrl Pts',(2.56735212161725,-1.11043112825432E-16,
-2.10693470009101));
#7296=CARTESIAN_POINT('Ctrl Pts',(2.62711044735762,3.16169494791566E-16,
-2.01595271294507));
#7297=CARTESIAN_POINT('Ctrl Pts',(2.68243758291865,3.05311331771918E-16,
-1.92245823832488));
#7298=CARTESIAN_POINT('Ctrl Pts',(2.73769756178637,2.9446634851147E-16,
-1.82907724833921));
#7299=CARTESIAN_POINT('Ctrl Pts',(2.78853742911551,1.56311278700591E-16,
-1.73318895491398));
#7300=CARTESIAN_POINT('Ctrl Pts',(2.83475189612635,1.80411241501588E-16,
-1.63515644482844));
#7301=CARTESIAN_POINT('Ctrl Pts',(2.88027788625642,2.04152176744996E-16,
-1.53858436739796));
#7302=CARTESIAN_POINT('Ctrl Pts',(2.92131545918723,2.4474481919868E-17,
-1.43993063096071));
#7303=CARTESIAN_POINT('Ctrl Pts',(2.95761874617065,-2.77555756156289E-17,
-1.33953510016316));
#7304=CARTESIAN_POINT('Ctrl Pts',(2.97503107557358,-5.28069426435581E-17,
-1.29138188324847));
#7305=CARTESIAN_POINT('Ctrl Pts',(2.99135352682717,5.18886566064534E-16,
-1.24282793815046));
#7306=CARTESIAN_POINT('Ctrl Pts',(3.00655462251376,5.68989300120393E-16,
-1.19391102161886));
#7307=CARTESIAN_POINT('Ctrl Pts',(3.01732581412321,6.04491092872694E-16,
-1.15924947538767));
#7308=CARTESIAN_POINT('Ctrl Pts',(3.02753392999992,1.54672813201431E-16,
-1.12440569142341));
#7309=CARTESIAN_POINT('Ctrl Pts',(3.03716686893474,1.52655665885959E-16,
-1.08939326804523));
#7310=CARTESIAN_POINT('Ctrl Pts',(3.0407662772229,1.51901946090279E-16,
-1.07631065558928));
#7311=CARTESIAN_POINT('Ctrl Pts',(3.04428484395462,4.33904649041081E-16,
-1.06320627787966));
#7312=CARTESIAN_POINT('Ctrl Pts',(3.04771978120897,4.30211422042248E-16,
-1.0500896980837));
#7313=CARTESIAN_POINT('Ctrl Pts',(3.07427405265562,4.01660404955454E-16,
-0.948690110678742));
#7314=CARTESIAN_POINT('Ctrl Pts',(3.09587576042773,4.41332979271536E-16,
-0.846413420569681));
#7315=CARTESIAN_POINT('Ctrl Pts',(3.11233957306909,4.9960036108132E-16,
-0.743592516941223));
#7316=CARTESIAN_POINT('Ctrl Pts',(3.12835053040496,5.56265034359037E-16,
-0.643599815548763));
#7317=CARTESIAN_POINT('Ctrl Pts',(3.13950237853292,1.51810752932019E-16,
-0.543091685813491));
#7318=CARTESIAN_POINT('Ctrl Pts',(3.14557652749326,1.38777878078145E-16,
-0.442373769513591));
#7319=CARTESIAN_POINT('Ctrl Pts',(3.15164712169142,1.25752630427821E-16,
-0.341714796160472));
#7320=CARTESIAN_POINT('Ctrl Pts',(3.15264619763559,2.43016669096459E-16,
-0.240845592765957));
#7321=CARTESIAN_POINT('Ctrl Pts',(3.14830450423449,3.05311331771918E-16,
-0.140081301307333));
#7322=CARTESIAN_POINT('Ctrl Pts',(3.14562263714254,3.14635960462669E-16,
-0.0778391270354594));
#7323=CARTESIAN_POINT('Ctrl Pts',(3.14090175348509,2.87591185125006E-16,
-0.0156372193630621));
#7324=CARTESIAN_POINT('Ctrl Pts',(3.13417796365283,3.33066907387547E-16,
0.0464456544604803));
#7325=CARTESIAN_POINT('Ctrl Pts',(3.13152677481135,3.50997974602426E-16,
0.0709249178572432));
#7326=CARTESIAN_POINT('Ctrl Pts',(3.1285641286177,4.73224098328375E-16,
0.0953856372115338));
#7327=CARTESIAN_POINT('Ctrl Pts',(3.12529200951149,4.71844785465692E-16,
0.119822824415046));
#7328=CARTESIAN_POINT('Ctrl Pts',(3.12324983512291,4.7098393740039E-16,
0.135074407935145));
#7329=CARTESIAN_POINT('Ctrl Pts',(3.12108696986922,2.92688342202537E-18,
0.150317286092532));
#7330=CARTESIAN_POINT('Ctrl Pts',(3.11880637924184,0.,0.165534974340241));
#7331=CARTESIAN_POINT('Ctrl Pts',(3.10388412761189,-1.91510437649449E-17,
0.265106625004587));
#7332=CARTESIAN_POINT('Ctrl Pts',(3.08390557904492,5.81021747994563E-16,
0.363759975757016));
#7333=CARTESIAN_POINT('Ctrl Pts',(3.05911180806984,5.55111512312578E-16,
0.46118891865002));
#7334=CARTESIAN_POINT('Ctrl Pts',(3.03381991390436,5.28680722928822E-16,
0.560575273181618));
#7335=CARTESIAN_POINT('Ctrl Pts',(3.00351695050452,-2.23720634109019E-16,
0.658688372345246));
#7336=CARTESIAN_POINT('Ctrl Pts',(2.96840857732435,-3.05311331771918E-16,
0.755184407675299));
#7337=CARTESIAN_POINT('Ctrl Pts',(2.9335523112352,-3.86316140896575E-16,
0.850987521842706));
#7338=CARTESIAN_POINT('Ctrl Pts',(2.8939587878684,2.16340040902168E-16,
0.945197446322815));
#7339=CARTESIAN_POINT('Ctrl Pts',(2.84978835846742,2.22044604925031E-16,
1.03744756494915));
#7340=CARTESIAN_POINT('Ctrl Pts',(2.83209464716513,2.24329728938875E-16,
1.07440095183517));
#7341=CARTESIAN_POINT('Ctrl Pts',(2.81366610099934,1.19248748912352E-16,
1.11103946180619));
#7342=CARTESIAN_POINT('Ctrl Pts',(2.79451149856381,1.11022302462516E-16,
1.14733775544653));
#7343=CARTESIAN_POINT('Ctrl Pts',(2.77987091246332,1.04734518732454E-16,
1.17508191224283));
#7344=CARTESIAN_POINT('Ctrl Pts',(2.76480613782359,3.27477766294159E-16,
1.20262728982071));
#7345=CARTESIAN_POINT('Ctrl Pts',(2.74932079581704,3.33066907387547E-16,
1.22996211001149));
#7346=CARTESIAN_POINT('Ctrl Pts',(2.73927542390569,3.36692594241883E-16,
1.24769426179929));
#7347=CARTESIAN_POINT('Ctrl Pts',(2.72905159207806,4.17466661376414E-16,
1.26534008391091));
#7348=CARTESIAN_POINT('Ctrl Pts',(2.71866283336376,4.16333634234434E-16,
1.28287561127435));
#7349=CARTESIAN_POINT('Ctrl Pts',(2.6672534850125,4.10726786618142E-16,
1.36965114043449));
#7350=CARTESIAN_POINT('Ctrl Pts',(2.6117486277002,3.47644711189905E-16,
1.45383705831344));
#7351=CARTESIAN_POINT('Ctrl Pts',(2.55232717371218,3.33066907387547E-16,
1.53509018457529));
#7352=CARTESIAN_POINT('Ctrl Pts',(2.49303877055019,3.18521744806625E-16,
1.61616137662247));
#7353=CARTESIAN_POINT('Ctrl Pts',(2.42985071778424,5.78862839289559E-16,
1.69431360436856));
#7354=CARTESIAN_POINT('Ctrl Pts',(2.36290782732223,6.66133814775094E-16,
1.76916483534236));
#7355=CARTESIAN_POINT('Ctrl Pts',(2.34389321407216,6.90922464254688E-16,
1.79042575190028));
#7356=CARTESIAN_POINT('Ctrl Pts',(2.32457548585593,5.09770063431923E-16,
1.81142005280097));
#7357=CARTESIAN_POINT('Ctrl Pts',(2.30495757357387,4.9960036108132E-16,
1.83213825388042));
#7358=CARTESIAN_POINT('Ctrl Pts',(2.29261531254104,4.93202273495199E-16,
1.84517274206534));
#7359=CARTESIAN_POINT('Ctrl Pts',(2.28015423330463,3.90177580515335E-16,
1.85809794110884));
#7360=CARTESIAN_POINT('Ctrl Pts',(2.26757503594854,3.88578058618805E-16,
1.87091141726057));
#7361=CARTESIAN_POINT('Ctrl Pts',(2.25480437127801,3.8695419048195E-16,
1.88391992667221));
#7362=CARTESIAN_POINT('Ctrl Pts',(2.24191826623595,7.61023768325086E-16,
1.89680684062973));
#7363=CARTESIAN_POINT('Ctrl Pts',(2.22892000125049,7.21644966006352E-16,
1.90956780843814));
#7364=CARTESIAN_POINT('Ctrl Pts',(2.15965375178922,5.11799886840145E-16,
1.97756952871187));
#7365=CARTESIAN_POINT('Ctrl Pts',(2.08718410554097,-2.81235673109349E-17,
2.04201923034558));
#7366=CARTESIAN_POINT('Ctrl Pts',(2.01165296706433,0.,2.10257788671553));
#7367=CARTESIAN_POINT('Ctrl Pts',(1.93822142869464,2.73417937785252E-17,
2.16145314516569));
#7368=CARTESIAN_POINT('Ctrl Pts',(1.86189568236045,1.60827328871047E-16,
2.21665102902979));
#7369=CARTESIAN_POINT('Ctrl Pts',(1.78278559637803,2.77555756156289E-16,
2.26781559922287));
#7370=CARTESIAN_POINT('Ctrl Pts',(1.7449786826485,3.33340572028423E-16,
2.29226727902168));
#7371=CARTESIAN_POINT('Ctrl Pts',(1.70653559582202,2.59463383441002E-16,
2.31579709225513));
#7372=CARTESIAN_POINT('Ctrl Pts',(1.66746714335671,2.77555756156289E-16,
2.33836210323077));
#7373=CARTESIAN_POINT('Ctrl Pts',(-3.44595140334264,0.322320454656893,-0.00229982394207087));
#7374=CARTESIAN_POINT('Ctrl Pts',(-3.44683948438997,0.316554523605429,-0.126581522192061));
#7375=CARTESIAN_POINT('Ctrl Pts',(-3.44069859073405,0.310788592553965,-0.250769394515297));
#7376=CARTESIAN_POINT('Ctrl Pts',(-3.42723750515714,0.305022661502501,-0.374152078352332));
#7377=CARTESIAN_POINT('Ctrl Pts',(-3.30387147718172,0.252179968590785,-1.50491018392636));
#7378=CARTESIAN_POINT('Ctrl Pts',(-2.56567769917173,0.19933727567907,-2.56803997720085));
#7379=CARTESIAN_POINT('Ctrl Pts',(-1.54930025576826,0.146494582767354,-3.0795807001424));
#7380=CARTESIAN_POINT('Ctrl Pts',(-0.610073648762577,0.0976630551782362,
-3.55229156230476));
#7381=CARTESIAN_POINT('Ctrl Pts',(0.566706966668858,0.0488315275891181,
-3.55397478711075));
#7382=CARTESIAN_POINT('Ctrl Pts',(1.51441906985568,-3.90312782094782E-17,
-3.09710892319077));
#7383=CARTESIAN_POINT('Origin',(0.,0.,0.));
#7384=CARTESIAN_POINT('Origin',(0.,0.,0.));
#7385=CARTESIAN_POINT('Origin',(0.,3.,0.));
#7386=CARTESIAN_POINT('',(-4.,3.,4.89858719658941E-16));
#7387=CARTESIAN_POINT('Origin',(0.,3.,0.));
#7388=CARTESIAN_POINT('Origin',(0.,9.25,0.));
#7389=CARTESIAN_POINT('',(3.67394039744206E-16,5.5,-3.));
#7390=CARTESIAN_POINT('',(3.67394039744206E-16,9.25,-3.));
#7391=CARTESIAN_POINT('Origin',(0.,5.5,0.));
#7392=CARTESIAN_POINT('Origin',(0.,5.5,0.));
#7393=CARTESIAN_POINT('',(-2.5,5.5,3.06161699786838E-16));
#7394=CARTESIAN_POINT('Origin',(0.,5.5,0.));
#7395=CARTESIAN_POINT('Origin',(0.,0.,0.));
#7396=CARTESIAN_POINT('',(-2.5,0.,3.06161699786838E-16));
#7397=CARTESIAN_POINT('',(-2.5,0.,3.06161699786838E-16));
#7398=CARTESIAN_POINT('Origin',(0.,0.,0.));
#7399=CARTESIAN_POINT('Origin',(0.,0.,0.));
#7400=CARTESIAN_POINT('',(-4.,13.,4.89858719658941E-16));
#7401=CARTESIAN_POINT('Origin',(0.,13.,0.));
#7402=CARTESIAN_POINT('',(-4.,0.,4.89858719658941E-16));
#7403=CARTESIAN_POINT('Origin',(0.,13.,0.));
#7404=CARTESIAN_POINT('Origin',(0.,0.,0.));
#7405=CARTESIAN_POINT('',(0.,0.,0.));
#7406=CARTESIAN_POINT('Origin',(0.,0.,0.));
#7407=CARTESIAN_POINT('',(-3.44097741017629,2.17767954534311,0.00312459394952171));
#7408=CARTESIAN_POINT('',(-3.44051511154178,2.32232045465689,0.0032640687918839));
#7409=CARTESIAN_POINT('',(-3.442,0.,4.21523428266519E-16));
#7410=CARTESIAN_POINT('',(-1.51078263890181,3.,-3.09271722244257));
#7411=CARTESIAN_POINT('Ctrl Pts',(-3.44097741017629,2.17767954534311,0.00312459394952171));
#7412=CARTESIAN_POINT('Ctrl Pts',(-3.44363214522082,2.19158406432609,0.303977132849907));
#7413=CARTESIAN_POINT('Ctrl Pts',(-3.40743738979998,2.20548858330907,0.604198075841608));
#7414=CARTESIAN_POINT('Ctrl Pts',(-3.32987672039041,2.21939310229206,0.893316589746418));
#7415=CARTESIAN_POINT('Ctrl Pts',(-3.03511538124214,2.27223579520377,1.99208173682274));
#7416=CARTESIAN_POINT('Ctrl Pts',(-2.14290541291196,2.32507848811549,2.9304943037443));
#7417=CARTESIAN_POINT('Ctrl Pts',(-1.06040427618179,2.3779211810272,3.28044569172421));
#7418=CARTESIAN_POINT('Ctrl Pts',(0.0220968605483865,2.43076387393892,3.63039707970412));
#7419=CARTESIAN_POINT('Ctrl Pts',(1.29488916567854,2.48360656685063,3.39188728874238));
#7420=CARTESIAN_POINT('Ctrl Pts',(2.17701594496205,2.53644925976235,2.6734400297397));
#7421=CARTESIAN_POINT('Ctrl Pts',(3.05914272424556,2.58929195267407,1.95499277073702));
#7422=CARTESIAN_POINT('Ctrl Pts',(3.55060397768241,2.64213464558578,0.756608043693405));
#7423=CARTESIAN_POINT('Ctrl Pts',(3.42723826772364,2.6949773384975,-0.374151054347764));
#7424=CARTESIAN_POINT('Ctrl Pts',(3.30387255776488,2.74782003140921,-1.50491015238894));
#7425=CARTESIAN_POINT('Ctrl Pts',(2.56567988441049,2.80066272432093,-2.56804362142767));
#7426=CARTESIAN_POINT('Ctrl Pts',(1.54930138940109,2.85350541723264,-3.07958347644979));
#7427=CARTESIAN_POINT('Ctrl Pts',(0.610073810614438,2.90233694482176,-3.55229353657445));
#7428=CARTESIAN_POINT('Ctrl Pts',(-0.566709617930276,2.95116847241088,-3.55397207927932));
#7429=CARTESIAN_POINT('Ctrl Pts',(-1.51442129635206,3.,-3.09710677218153));
#7430=CARTESIAN_POINT('',(1.51078263890182,3.,-3.09271722244257));
#7431=CARTESIAN_POINT('Origin',(0.,3.,0.));
#7432=CARTESIAN_POINT('Ctrl Pts',(1.51078263890182,3.,-3.09271722244257));
#7433=CARTESIAN_POINT('Ctrl Pts',(2.53762794620682,2.94715730708828,-2.59110651847753));
#7434=CARTESIAN_POINT('Ctrl Pts',(3.286239229296,2.89431461417657,-1.54227205824365));
#7435=CARTESIAN_POINT('Ctrl Pts',(3.42225996130422,2.84147192126485,-0.414705481544138));
#7436=CARTESIAN_POINT('Ctrl Pts',(3.55828069331244,2.78862922835314,0.712861095155363));
#7437=CARTESIAN_POINT('Ctrl Pts',(3.08171087423972,2.73578653544142,1.91915978832048));
#7438=CARTESIAN_POINT('Ctrl Pts',(2.20823259036577,2.6829438425297,2.64841409448915));
#7439=CARTESIAN_POINT('Ctrl Pts',(1.33475430649181,2.63010114961799,3.37766840065781));
#7440=CARTESIAN_POINT('Ctrl Pts',(0.0643675578166232,2.57725845670628,3.62987831983002));
#7441=CARTESIAN_POINT('Ctrl Pts',(-1.02224638414776,2.52441576379456,3.29228809512624));
#7442=CARTESIAN_POINT('Ctrl Pts',(-2.10886032611215,2.47157307088284,2.95469787042246));
#7443=CARTESIAN_POINT('Ctrl Pts',(-3.01170146136574,2.41873037797113,2.02730750184269));
#7444=CARTESIAN_POINT('Ctrl Pts',(-3.31918267524384,2.36588768505941,0.93218724666893));
#7445=CARTESIAN_POINT('Ctrl Pts',(-3.40368571720561,2.35136527492524,0.631222541511977));
#7446=CARTESIAN_POINT('Ctrl Pts',(-3.44322246392771,2.33684286479106,0.31758954725744));
#7447=CARTESIAN_POINT('Ctrl Pts',(-3.44051511154178,2.32232045465689,0.0032640687918839));
#7448=CARTESIAN_POINT('Origin',(0.,0.,0.));
#7449=CARTESIAN_POINT('',(-3.43686150509169,1.17767954534311,-0.00131498709970562));
#7450=CARTESIAN_POINT('',(-3.43703105587512,1.32232045465689,-0.00149073129990046));
#7451=CARTESIAN_POINT('',(-3.442,0.,4.21523428266519E-16));
#7452=CARTESIAN_POINT('Ctrl Pts',(-3.43686150509169,1.17767954534311,-0.00131498709970562));
#7453=CARTESIAN_POINT('Ctrl Pts',(-3.43464729576506,1.20786124018913,0.653706207199863));
#7454=CARTESIAN_POINT('Ctrl Pts',(-3.25462401323148,1.23804293503515,1.30986486491162));
#7455=CARTESIAN_POINT('Ctrl Pts',(-2.90458273555235,1.26822462988118,1.85729890366449));
#7456=CARTESIAN_POINT('Ctrl Pts',(-2.29172372159739,1.32106732279289,2.81575696729608));
#7457=CARTESIAN_POINT('Ctrl Pts',(-1.15769696665455,1.37391001570461,3.44093405085223));
#7458=CARTESIAN_POINT('Ctrl Pts',(-0.0200746829990188,1.42675270861632,
3.44755397309192));
#7459=CARTESIAN_POINT('Ctrl Pts',(1.11754760065651,1.47959540152804,3.4541738953316));
#7460=CARTESIAN_POINT('Ctrl Pts',(2.25876541302473,1.53243809443975,2.84223665625483));
#7461=CARTESIAN_POINT('Ctrl Pts',(2.88274865454135,1.58528078735147,1.89099384353431));
#7462=CARTESIAN_POINT('Ctrl Pts',(3.50673189605797,1.63812348026319,0.939751030813798));
#7463=CARTESIAN_POINT('Ctrl Pts',(3.61348056672299,1.6909661731749,-0.350797355550452));
#7464=CARTESIAN_POINT('Ctrl Pts',(3.15427391111254,1.74380886608662,-1.39163702710851));
#7465=CARTESIAN_POINT('Ctrl Pts',(2.69506725550209,1.79665155899833,-2.43247669866657));
#7466=CARTESIAN_POINT('Ctrl Pts',(1.66990527361617,1.84949425191005,-3.22360765541843));
#7467=CARTESIAN_POINT('Ctrl Pts',(0.546656487472929,1.90233694482176,-3.40399736706466));
#7468=CARTESIAN_POINT('Ctrl Pts',(-0.576592298670316,1.95517963773348,-3.58438707871089));
#7469=CARTESIAN_POINT('Ctrl Pts',(-1.79792788907088,2.00802233064519,-3.15403554525147));
#7470=CARTESIAN_POINT('Ctrl Pts',(-2.55993932928797,2.06086502355691,-2.30930091490622));
#7471=CARTESIAN_POINT('Ctrl Pts',(-3.12144239357027,2.09980319748564,-1.68684164669747));
#7472=CARTESIAN_POINT('Ctrl Pts',(-3.43354309799153,2.13874137141437,-0.839381968193349));
#7473=CARTESIAN_POINT('Ctrl Pts',(-3.44097741017629,2.17767954534311,0.00312459394952171));
#7474=CARTESIAN_POINT('Ctrl Pts',(-3.44051511154178,2.32232045465689,0.0032640687918839));
#7475=CARTESIAN_POINT('Ctrl Pts',(-3.43337122095827,2.28400017187935,-0.826146552978302));
#7476=CARTESIAN_POINT('Ctrl Pts',(-3.13209276228408,2.24567988910181,-1.66037876045201));
#7477=CARTESIAN_POINT('Ctrl Pts',(-2.58669348737555,2.20735960632427,-2.27940618340654));
#7478=CARTESIAN_POINT('Ctrl Pts',(-1.83460179312653,2.15451691341255,-3.13302921654052));
#7479=CARTESIAN_POINT('Ctrl Pts',(-0.618297112125846,2.10167422050083,-3.57742514104072));
#7480=CARTESIAN_POINT('Ctrl Pts',(0.506991155748512,2.04883152758912,-3.4100925200183));
#7481=CARTESIAN_POINT('Ctrl Pts',(1.63227942362286,1.9959888346774,-3.24275989899589));
#7482=CARTESIAN_POINT('Ctrl Pts',(2.6665512783709,1.94314614176569,-2.46369873245086));
#7483=CARTESIAN_POINT('Ctrl Pts',(3.13784159096614,1.89030344885397,-1.42829860363476));
#7484=CARTESIAN_POINT('Ctrl Pts',(3.60913190356137,1.83746075594226,-0.392898474818668));
#7485=CARTESIAN_POINT('Ctrl Pts',(3.51744067400383,1.78461806303054,0.898840616268486));
#7486=CARTESIAN_POINT('Ctrl Pts',(2.90458184847793,1.73177537011882,1.8572984703019));
#7487=CARTESIAN_POINT('Ctrl Pts',(2.29172302295203,1.67893267720711,2.81575632433532));
#7488=CARTESIAN_POINT('Ctrl Pts',(1.15769660145777,1.62608998429539,3.44093294131499));
#7489=CARTESIAN_POINT('Ctrl Pts',(0.0200746684170816,1.57324729138368,3.44755281781386));
#7490=CARTESIAN_POINT('Ctrl Pts',(-1.11754726462361,1.52040459847196,3.45417269431274));
#7491=CARTESIAN_POINT('Ctrl Pts',(-2.25876470921073,1.46756190556024,2.8422358303308));
#7492=CARTESIAN_POINT('Ctrl Pts',(-2.88274775691835,1.41471921264853,1.89099332506776));
#7493=CARTESIAN_POINT('Ctrl Pts',(-3.24643890284049,1.38391962665132,1.33655762675843));
#7494=CARTESIAN_POINT('Ctrl Pts',(-3.43441568150205,1.35312004065411,0.666853345336001));
#7495=CARTESIAN_POINT('Ctrl Pts',(-3.43703105587512,1.32232045465689,-0.00149073129990046));
#7496=CARTESIAN_POINT('Origin',(0.,0.,0.));
#7497=CARTESIAN_POINT('',(-3.44511297801791,0.177679545343107,-0.00357226737269139));
#7498=CARTESIAN_POINT('',(-3.44595140334264,0.322320454656893,-0.00229982394207087));
#7499=CARTESIAN_POINT('',(-3.442,0.,4.21523428266519E-16));
#7500=CARTESIAN_POINT('Ctrl Pts',(-3.44511297801791,0.177679545343107,-0.00357226737269139));
#7501=CARTESIAN_POINT('Ctrl Pts',(-3.43733898990645,0.22413841605217,0.997366756791034));
#7502=CARTESIAN_POINT('Ctrl Pts',(-2.97618868818847,0.270597286761232,2.00725890104063));
#7503=CARTESIAN_POINT('Ctrl Pts',(-2.20823430329621,0.317056157470294,2.64841188025934));
#7504=CARTESIAN_POINT('Ctrl Pts',(-1.33475681424583,0.369898850382009,3.3776644314557));
#7505=CARTESIAN_POINT('Ctrl Pts',(-0.064367790466658,0.422741543293725,
3.62988021575908));
#7506=CARTESIAN_POINT('Ctrl Pts',(1.02224704620598,0.475584236205441,3.29229101996556));
#7507=CARTESIAN_POINT('Ctrl Pts',(2.10886188287862,0.528426929117157,2.95470182417204));
#7508=CARTESIAN_POINT('Ctrl Pts',(3.01170253244472,0.581269622028872,2.02730764828162));
#7509=CARTESIAN_POINT('Ctrl Pts',(3.3191835956979,0.634112314940588,0.932186361876681));
#7510=CARTESIAN_POINT('Ctrl Pts',(3.62666465895107,0.686955007852303,-0.162934924528257));
#7511=CARTESIAN_POINT('Ctrl Pts',(3.33878613589132,0.739797700764018,-1.42578332144772));
#7512=CARTESIAN_POINT('Ctrl Pts',(2.5866943076499,0.792640393675734,-2.27940618934082));
#7513=CARTESIAN_POINT('Ctrl Pts',(1.83460247940848,0.84548308658745,-3.13302905723392));
#7514=CARTESIAN_POINT('Ctrl Pts',(0.6182973459854,0.898325779499167,-3.57742639610066));
#7515=CARTESIAN_POINT('Ctrl Pts',(-0.506991305393436,0.951168472410882,
-3.41009398426965));
#7516=CARTESIAN_POINT('Ctrl Pts',(-1.63227995677227,1.0040111653226,-3.24276157243864));
#7517=CARTESIAN_POINT('Ctrl Pts',(-2.66655212610686,1.05685385823431,-2.46369940990988));
#7518=CARTESIAN_POINT('Ctrl Pts',(-3.13784257429061,1.10969655114603,-1.428298806792));
#7519=CARTESIAN_POINT('Ctrl Pts',(-3.33995021389397,1.13235754921172,-0.984278834084103));
#7520=CARTESIAN_POINT('Ctrl Pts',(-3.43852397612003,1.15501854727741,-0.493117521474819));
#7521=CARTESIAN_POINT('Ctrl Pts',(-3.43686150509169,1.17767954534311,-0.00131498709970562));
#7522=CARTESIAN_POINT('Ctrl Pts',(-3.43703105587512,1.32232045465689,-0.00149073129990046));
#7523=CARTESIAN_POINT('Ctrl Pts',(-3.4389028660005,1.30027734774239,-0.479821184777224));
#7524=CARTESIAN_POINT('Ctrl Pts',(-3.34582900525081,1.27823424082789,-0.957454915242118));
#7525=CARTESIAN_POINT('Ctrl Pts',(-3.15427294050111,1.25619113391338,-1.39163666317438));
#7526=CARTESIAN_POINT('Ctrl Pts',(-2.69506642554812,1.20334844100167,-2.43247599960931));
#7527=CARTESIAN_POINT('Ctrl Pts',(-1.66990474481403,1.15050574808995,-3.22360652593505));
#7528=CARTESIAN_POINT('Ctrl Pts',(-0.546656312036042,1.09766305517824,-3.40399622509185));
#7529=CARTESIAN_POINT('Ctrl Pts',(0.576592120741949,1.04482036226652,-3.58438592424865));
#7530=CARTESIAN_POINT('Ctrl Pts',(1.79792730556384,0.991977669354804,-3.15403479623651));
#7531=CARTESIAN_POINT('Ctrl Pts',(2.55993852547426,0.939134976443088,-2.30930034168054));
#7532=CARTESIAN_POINT('Ctrl Pts',(3.32194974538469,0.886292283531373,-1.46456588712458));
#7533=CARTESIAN_POINT('Ctrl Pts',(3.62463700038365,0.833449590619658,-0.205448106024786));
#7534=CARTESIAN_POINT('Ctrl Pts',(3.32987571704987,0.780606897707942,0.893316550917698));
#7535=CARTESIAN_POINT('Ctrl Pts',(3.03511443371609,0.727764204796227,1.99208120786018));
#7536=CARTESIAN_POINT('Ctrl Pts',(2.14290461204957,0.67492151188451,2.93049274064535));
#7537=CARTESIAN_POINT('Ctrl Pts',(1.06040388798343,0.622078818972794,3.28044427196098));
#7538=CARTESIAN_POINT('Ctrl Pts',(-0.0220968360827219,0.569236126061079,
3.63039580327662));
#7539=CARTESIAN_POINT('Ctrl Pts',(-1.2948884625485,0.516393433149363,3.39188733312272));
#7540=CARTESIAN_POINT('Ctrl Pts',(-2.17701513681096,0.463550740237648,2.67343988910899));
#7541=CARTESIAN_POINT('Ctrl Pts',(-2.96288854875478,0.416473978377396,2.0333858463022));
#7542=CARTESIAN_POINT('Ctrl Pts',(-3.43870053967386,0.369397216517144,1.01241572847804));
#7543=CARTESIAN_POINT('Ctrl Pts',(-3.44595140334264,0.322320454656893,-0.00229982394207087));
#7544=CARTESIAN_POINT('Origin',(0.,-1.84858989190502,0.));
#7545=CARTESIAN_POINT('',(-2.87076101114119,2.65141010809498,0.0027235344481016));
#7546=CARTESIAN_POINT('',(-2.87621855329202,2.84858989190502,-0.000265687828191839));
#7547=CARTESIAN_POINT('',(-2.872,-1.84858989190502,1.34232058996795E-14));
#7548=CARTESIAN_POINT('',(1.67106223110445,3.,2.341478183016));
#7549=CARTESIAN_POINT('Ctrl Pts',(-2.87076101114119,2.65141010809498,0.00272353444810174));
#7550=CARTESIAN_POINT('Ctrl Pts',(-2.87302002219651,2.66593251822915,0.264996275340912));
#7551=CARTESIAN_POINT('Ctrl Pts',(-2.71999206497232,2.73329762127504,1.47892054600039));
#7552=CARTESIAN_POINT('Ctrl Pts',(-1.06348420399512,2.84949425191005,3.18047065903932));
#7553=CARTESIAN_POINT('Ctrl Pts',(0.95367507027296,2.95116847241088,2.84743473687276));
#7554=CARTESIAN_POINT('Ctrl Pts',(1.67106223110445,3.,2.341478183016));
#7555=CARTESIAN_POINT('',(-1.66746714335671,3.,2.33836210323077));
#7556=CARTESIAN_POINT('Origin',(0.,3.,0.));
#7557=CARTESIAN_POINT('Ctrl Pts',(-2.87621855329202,2.84858989190502,-0.0002656878281917));
#7558=CARTESIAN_POINT('Ctrl Pts',(-2.87317436339028,2.89905992793668,0.904743558610121));
#7559=CARTESIAN_POINT('Ctrl Pts',(-2.40899120357382,2.94952996396834,1.80958728058369));
#7560=CARTESIAN_POINT('Ctrl Pts',(-1.66746714335672,3.,2.33836210323076));
#7561=CARTESIAN_POINT('Origin',(0.,-1.84858989190502,0.));
#7562=CARTESIAN_POINT('',(-2.86785391995158,1.65141010809498,-0.00124386411776387));
#7563=CARTESIAN_POINT('',(-2.87114675247714,1.84858989190502,0.00260715683412793));
#7564=CARTESIAN_POINT('',(-2.872,-1.84858989190502,1.34232058996795E-14));
#7565=CARTESIAN_POINT('Ctrl Pts',(-2.86785391995158,1.65141010809498,-0.00124386411776374));
#7566=CARTESIAN_POINT('Ctrl Pts',(-2.86567165522193,1.68220969409219,0.556421501395985));
#7567=CARTESIAN_POINT('Ctrl Pts',(-2.43972152959238,1.76585197300112,2.0739526817772));
#7568=CARTESIAN_POINT('Ctrl Pts',(0.0197503651525866,1.90233694482176,3.39275614509654));
#7569=CARTESIAN_POINT('Ctrl Pts',(2.858440559108,2.06086502355691,1.82781665297078));
#7570=CARTESIAN_POINT('Ctrl Pts',(3.08796166133571,2.21939310229206,-1.40565923570064));
#7571=CARTESIAN_POINT('Ctrl Pts',(0.498976681524833,2.3779211810272,-3.3558018885048));
#7572=CARTESIAN_POINT('Ctrl Pts',(-2.26675849929271,2.52192684962818,-2.34529731526666));
#7573=CARTESIAN_POINT('Ctrl Pts',(-2.86480015880075,2.61308982531744,-0.68933553171227));
#7574=CARTESIAN_POINT('Ctrl Pts',(-2.87076101114119,2.65141010809498,0.00272353444810174));
#7575=CARTESIAN_POINT('Ctrl Pts',(-2.87114675247714,1.84858989190502,0.00260715683412828));
#7576=CARTESIAN_POINT('Ctrl Pts',(-2.87336185969616,1.862494410888,0.253638095742291));
#7577=CARTESIAN_POINT('Ctrl Pts',(-2.728385771924,1.9292416227827,1.45615645167919));
#7578=CARTESIAN_POINT('Ctrl Pts',(-1.04357853481664,2.04883152758912,3.22821049754572));
#7579=CARTESIAN_POINT('Ctrl Pts',(2.14246983851326,2.20735960632426,2.63117378664323));
#7580=CARTESIAN_POINT('Ctrl Pts',(3.37269359203211,2.36588768505941,-0.368617848513027));
#7581=CARTESIAN_POINT('Ctrl Pts',(1.52485278040475,2.52441576379456,-3.0298491004705));
#7582=CARTESIAN_POINT('Ctrl Pts',(-1.71569520111198,2.68294384252971,-2.929586698525));
#7583=CARTESIAN_POINT('Ctrl Pts',(-2.85597509768407,2.79100188523319,-1.03292015527691));
#7584=CARTESIAN_POINT('Ctrl Pts',(-2.87636166430764,2.84621723502496,-0.0428112571186366));
#7585=CARTESIAN_POINT('Ctrl Pts',(-2.87621855329202,2.84858989190502,-0.0002656878281917));
#7586=CARTESIAN_POINT('Origin',(0.,-1.84858989190502,0.));
#7587=CARTESIAN_POINT('',(-2.87529704543872,0.65141010809498,-0.00191896989005952));
#7588=CARTESIAN_POINT('',(-2.86771244701433,0.848589891905021,-0.0010972234021768));
#7589=CARTESIAN_POINT('',(-2.872,-1.84858989190502,1.34232058996795E-14));
#7590=CARTESIAN_POINT('Ctrl Pts',(-2.87529704543872,0.65141010809498,-0.00191896989005945));
#7591=CARTESIAN_POINT('Ctrl Pts',(-2.86924693490508,0.698486869955232,0.844758271989824));
#7592=CARTESIAN_POINT('Ctrl Pts',(-2.02658684556848,0.798406324727199,2.65289002805148));
#7593=CARTESIAN_POINT('Ctrl Pts',(1.04357798895413,0.951168472410882,3.22820833041617));
#7594=CARTESIAN_POINT('Ctrl Pts',(3.27695388188811,1.10969655114603,0.879180507500117));
#7595=CARTESIAN_POINT('Ctrl Pts',(2.5192684115014,1.26822462988118,-2.27263785448588));
#7596=CARTESIAN_POINT('Ctrl Pts',(-0.537972713549548,1.42675270861632,-3.34989099770278));
#7597=CARTESIAN_POINT('Ctrl Pts',(-2.60558345528816,1.55448120135426,-1.75428905013771));
#7598=CARTESIAN_POINT('Ctrl Pts',(-2.86941575570989,1.62936700118048,-0.400362127449216));
#7599=CARTESIAN_POINT('Ctrl Pts',(-2.86785391995158,1.65141010809498,-0.00124386411776374));
#7600=CARTESIAN_POINT('Ctrl Pts',(-2.86771244701433,0.848589891905021,-0.00109722340217704));
#7601=CARTESIAN_POINT('Ctrl Pts',(-2.86586491383999,0.878771586751043,0.545451547669393));
#7602=CARTESIAN_POINT('Ctrl Pts',(-2.45266111674318,0.961795974508782,2.05151923540784));
#7603=CARTESIAN_POINT('Ctrl Pts',(-0.0197503916432334,1.09766305517824,
3.39275746020362));
#7604=CARTESIAN_POINT('Ctrl Pts',(2.83694126186186,1.25619113391338,1.86095872345595));
#7605=CARTESIAN_POINT('Ctrl Pts',(3.1041540876753,1.41471921264853,-1.36953659813453));
#7606=CARTESIAN_POINT('Ctrl Pts',(0.537972903500658,1.57324729138368,-3.3498922992891));
#7607=CARTESIAN_POINT('Ctrl Pts',(-2.25111811987768,1.71787085113584,-2.36712424740986));
#7608=CARTESIAN_POINT('Ctrl Pts',(-2.86494357275761,1.80965171797629,-0.700379143710425));
#7609=CARTESIAN_POINT('Ctrl Pts',(-2.87114675247714,1.84858989190502,0.00260715683412828));
#7610=CARTESIAN_POINT('Origin',(0.,9.25,0.));
#7611=CARTESIAN_POINT('',(-2.06321823353478,9.7,-2.70243048399207));
#7612=CARTESIAN_POINT('',(-2.06321823353478,8.9,-2.70243048399207));
#7613=CARTESIAN_POINT('',(-2.06321823353478,9.7,-2.70243048399207));
#7614=CARTESIAN_POINT('',(-2.70243048399207,9.7,-2.06321823353478));
#7615=CARTESIAN_POINT('Origin',(0.,9.7,0.));
#7616=CARTESIAN_POINT('',(-2.70243048399207,8.9,-2.06321823353478));
#7617=CARTESIAN_POINT('',(-2.70243048399207,8.9,-2.06321823353478));
#7618=CARTESIAN_POINT('Origin',(0.,8.9,0.));
#7619=CARTESIAN_POINT('Origin',(-1.82048667664833,9.3,-2.38449748587536));
#7620=CARTESIAN_POINT('',(-1.82048667664833,8.9,-2.38449748587536));
#7621=CARTESIAN_POINT('',(-1.82048667664833,8.9,-2.38449748587536));
#7622=CARTESIAN_POINT('',(-1.82048667664833,9.7,-2.38449748587536));
#7623=CARTESIAN_POINT('',(-1.82048667664833,9.25,-2.38449748587536));
#7624=CARTESIAN_POINT('',(-1.82048667664833,9.7,-2.38449748587536));
#7625=CARTESIAN_POINT('Origin',(-2.12132034355964,9.7,-2.12132034355964));
#7626=CARTESIAN_POINT('',(-2.38449748587536,9.7,-1.82048667664833));
#7627=CARTESIAN_POINT('Origin',(0.,9.7,0.));
#7628=CARTESIAN_POINT('',(-2.38449748587536,9.7,-1.82048667664833));
#7629=CARTESIAN_POINT('Origin',(-2.38449748587536,9.3,-1.82048667664833));
#7630=CARTESIAN_POINT('',(-2.38449748587536,8.9,-1.82048667664833));
#7631=CARTESIAN_POINT('',(-2.38449748587536,9.25,-1.82048667664833));
#7632=CARTESIAN_POINT('',(-2.38449748587536,8.9,-1.82048667664833));
#7633=CARTESIAN_POINT('Origin',(-2.12132034355964,8.9,-2.12132034355964));
#7634=CARTESIAN_POINT('Origin',(0.,8.9,0.));
#7635=CARTESIAN_POINT('Origin',(0.,9.25,0.));
#7636=CARTESIAN_POINT('',(-2.06321823353478,11.3,-2.70243048399207));
#7637=CARTESIAN_POINT('',(-2.06321823353478,10.5,-2.70243048399207));
#7638=CARTESIAN_POINT('',(-2.06321823353478,11.3,-2.70243048399207));
#7639=CARTESIAN_POINT('',(-2.70243048399207,11.3,-2.06321823353478));
#7640=CARTESIAN_POINT('Origin',(0.,11.3,0.));
#7641=CARTESIAN_POINT('',(-2.70243048399207,10.5,-2.06321823353478));
#7642=CARTESIAN_POINT('',(-2.70243048399207,10.5,-2.06321823353478));
#7643=CARTESIAN_POINT('Origin',(0.,10.5,0.));
#7644=CARTESIAN_POINT('Origin',(-1.82048667664833,10.9,-2.38449748587536));
#7645=CARTESIAN_POINT('',(-1.82048667664833,10.5,-2.38449748587536));
#7646=CARTESIAN_POINT('',(-1.82048667664833,10.5,-2.38449748587536));
#7647=CARTESIAN_POINT('',(-1.82048667664833,11.3,-2.38449748587536));
#7648=CARTESIAN_POINT('',(-1.82048667664833,9.25,-2.38449748587536));
#7649=CARTESIAN_POINT('',(-1.82048667664833,11.3,-2.38449748587536));
#7650=CARTESIAN_POINT('Origin',(-2.12132034355964,11.3,-2.12132034355964));
#7651=CARTESIAN_POINT('',(-2.38449748587536,11.3,-1.82048667664833));
#7652=CARTESIAN_POINT('Origin',(0.,11.3,0.));
#7653=CARTESIAN_POINT('',(-2.38449748587536,11.3,-1.82048667664833));
#7654=CARTESIAN_POINT('Origin',(-2.38449748587536,10.9,-1.82048667664833));
#7655=CARTESIAN_POINT('',(-2.38449748587536,10.5,-1.82048667664833));
#7656=CARTESIAN_POINT('',(-2.38449748587536,9.25,-1.82048667664833));
#7657=CARTESIAN_POINT('',(-2.38449748587536,10.5,-1.82048667664833));
#7658=CARTESIAN_POINT('Origin',(-2.12132034355964,10.5,-2.12132034355964));
#7659=CARTESIAN_POINT('Origin',(0.,10.5,0.));
#7660=CARTESIAN_POINT('Origin',(0.,9.25,0.));
#7661=CARTESIAN_POINT('',(-2.06321823353478,6.5,-2.70243048399207));
#7662=CARTESIAN_POINT('',(-2.06321823353478,5.7,-2.70243048399207));
#7663=CARTESIAN_POINT('',(-2.06321823353478,6.5,-2.70243048399207));
#7664=CARTESIAN_POINT('',(-2.70243048399207,6.5,-2.06321823353478));
#7665=CARTESIAN_POINT('Origin',(0.,6.5,0.));
#7666=CARTESIAN_POINT('',(-2.70243048399207,5.7,-2.06321823353478));
#7667=CARTESIAN_POINT('',(-2.70243048399207,5.7,-2.06321823353478));
#7668=CARTESIAN_POINT('Origin',(0.,5.7,0.));
#7669=CARTESIAN_POINT('Origin',(-1.82048667664833,6.1,-2.38449748587536));
#7670=CARTESIAN_POINT('',(-1.82048667664833,5.7,-2.38449748587536));
#7671=CARTESIAN_POINT('',(-1.82048667664833,5.7,-2.38449748587536));
#7672=CARTESIAN_POINT('',(-1.82048667664833,6.5,-2.38449748587536));
#7673=CARTESIAN_POINT('',(-1.82048667664833,9.25,-2.38449748587536));
#7674=CARTESIAN_POINT('',(-1.82048667664833,6.5,-2.38449748587536));
#7675=CARTESIAN_POINT('Origin',(-2.12132034355964,6.5,-2.12132034355964));
#7676=CARTESIAN_POINT('',(-2.38449748587536,6.5,-1.82048667664833));
#7677=CARTESIAN_POINT('Origin',(0.,6.5,0.));
#7678=CARTESIAN_POINT('',(-2.38449748587536,6.5,-1.82048667664833));
#7679=CARTESIAN_POINT('Origin',(-2.38449748587536,6.1,-1.82048667664833));
#7680=CARTESIAN_POINT('',(-2.38449748587536,5.7,-1.82048667664833));
#7681=CARTESIAN_POINT('',(-2.38449748587536,9.25,-1.82048667664833));
#7682=CARTESIAN_POINT('',(-2.38449748587536,5.7,-1.82048667664833));
#7683=CARTESIAN_POINT('Origin',(-2.12132034355964,5.7,-2.12132034355964));
#7684=CARTESIAN_POINT('Origin',(0.,5.7,0.));
#7685=CARTESIAN_POINT('Origin',(0.,9.25,0.));
#7686=CARTESIAN_POINT('',(-2.06321823353478,8.1,-2.70243048399207));
#7687=CARTESIAN_POINT('',(-2.06321823353478,7.3,-2.70243048399207));
#7688=CARTESIAN_POINT('',(-2.06321823353478,8.1,-2.70243048399207));
#7689=CARTESIAN_POINT('',(-2.70243048399207,8.1,-2.06321823353478));
#7690=CARTESIAN_POINT('Origin',(0.,8.1,0.));
#7691=CARTESIAN_POINT('',(-2.70243048399207,7.3,-2.06321823353478));
#7692=CARTESIAN_POINT('',(-2.70243048399207,7.3,-2.06321823353478));
#7693=CARTESIAN_POINT('Origin',(0.,7.3,0.));
#7694=CARTESIAN_POINT('Origin',(-1.82048667664833,7.7,-2.38449748587536));
#7695=CARTESIAN_POINT('',(-1.82048667664833,7.3,-2.38449748587536));
#7696=CARTESIAN_POINT('',(-1.82048667664833,7.3,-2.38449748587536));
#7697=CARTESIAN_POINT('',(-1.82048667664833,8.1,-2.38449748587536));
#7698=CARTESIAN_POINT('',(-1.82048667664833,9.25,-2.38449748587536));
#7699=CARTESIAN_POINT('',(-1.82048667664833,8.1,-2.38449748587536));
#7700=CARTESIAN_POINT('Origin',(-2.12132034355964,8.1,-2.12132034355964));
#7701=CARTESIAN_POINT('',(-2.38449748587536,8.1,-1.82048667664833));
#7702=CARTESIAN_POINT('Origin',(0.,8.1,0.));
#7703=CARTESIAN_POINT('',(-2.38449748587536,8.1,-1.82048667664833));
#7704=CARTESIAN_POINT('Origin',(-2.38449748587536,7.7,-1.82048667664833));
#7705=CARTESIAN_POINT('',(-2.38449748587536,7.3,-1.82048667664833));
#7706=CARTESIAN_POINT('',(-2.38449748587536,9.25,-1.82048667664833));
#7707=CARTESIAN_POINT('',(-2.38449748587536,7.3,-1.82048667664833));
#7708=CARTESIAN_POINT('Origin',(-2.12132034355964,7.3,-2.12132034355964));
#7709=CARTESIAN_POINT('Origin',(0.,7.3,0.));
#7710=CARTESIAN_POINT('Origin',(0.,9.25,0.));
#7711=CARTESIAN_POINT('',(0.451991316915868,9.7,-3.36982252491621));
#7712=CARTESIAN_POINT('',(0.451991316915868,8.9,-3.36982252491621));
#7713=CARTESIAN_POINT('',(0.451991316915868,9.7,-3.36982252491621));
#7714=CARTESIAN_POINT('',(-0.451991316915867,9.7,-3.36982252491621));
#7715=CARTESIAN_POINT('Origin',(0.,9.7,0.));
#7716=CARTESIAN_POINT('',(-0.451991316915867,8.9,-3.36982252491621));
#7717=CARTESIAN_POINT('',(-0.451991316915867,8.9,-3.36982252491621));
#7718=CARTESIAN_POINT('Origin',(0.,8.9,0.));
#7719=CARTESIAN_POINT('Origin',(0.398815867866943,9.3,-2.97337281610254));
#7720=CARTESIAN_POINT('',(0.398815867866943,8.9,-2.97337281610254));
#7721=CARTESIAN_POINT('',(0.398815867866943,8.9,-2.97337281610254));
#7722=CARTESIAN_POINT('',(0.398815867866942,9.7,-2.97337281610254));
#7723=CARTESIAN_POINT('',(0.398815867866943,9.25,-2.97337281610254));
#7724=CARTESIAN_POINT('',(0.398815867866942,9.7,-2.97337281610254));
#7725=CARTESIAN_POINT('Origin',(2.04146364420948E-16,9.7,-3.));
#7726=CARTESIAN_POINT('',(3.67394039744206E-16,9.7,-3.));
#7727=CARTESIAN_POINT('Origin',(0.,9.7,0.));
#7728=CARTESIAN_POINT('',(-0.398815867866942,9.7,-2.97337281610254));
#7729=CARTESIAN_POINT('Origin',(0.,9.7,0.));
#7730=CARTESIAN_POINT('',(-0.398815867866942,9.7,-2.97337281610254));
#7731=CARTESIAN_POINT('Origin',(-0.398815867866942,9.3,-2.97337281610254));
#7732=CARTESIAN_POINT('',(-0.398815867866942,8.9,-2.97337281610254));
#7733=CARTESIAN_POINT('',(-0.398815867866942,9.25,-2.97337281610254));
#7734=CARTESIAN_POINT('',(-0.398815867866942,8.9,-2.97337281610254));
#7735=CARTESIAN_POINT('Origin',(5.51091059616309E-16,8.9,-3.));
#7736=CARTESIAN_POINT('',(3.67394039744206E-16,8.9,-3.));
#7737=CARTESIAN_POINT('Origin',(0.,8.9,0.));
#7738=CARTESIAN_POINT('Origin',(0.,8.9,0.));
#7739=CARTESIAN_POINT('Origin',(0.,9.25,0.));
#7740=CARTESIAN_POINT('',(0.451991316915868,11.3,-3.36982252491621));
#7741=CARTESIAN_POINT('',(0.451991316915868,10.5,-3.36982252491621));
#7742=CARTESIAN_POINT('',(0.451991316915868,11.3,-3.36982252491621));
#7743=CARTESIAN_POINT('',(-0.451991316915867,11.3,-3.36982252491621));
#7744=CARTESIAN_POINT('Origin',(0.,11.3,0.));
#7745=CARTESIAN_POINT('',(-0.451991316915867,10.5,-3.36982252491621));
#7746=CARTESIAN_POINT('',(-0.451991316915867,10.5,-3.36982252491621));
#7747=CARTESIAN_POINT('Origin',(0.,10.5,0.));
#7748=CARTESIAN_POINT('Origin',(0.398815867866943,10.9,-2.97337281610254));
#7749=CARTESIAN_POINT('',(0.398815867866943,10.5,-2.97337281610254));
#7750=CARTESIAN_POINT('',(0.398815867866943,10.5,-2.97337281610254));
#7751=CARTESIAN_POINT('',(0.398815867866942,11.3,-2.97337281610254));
#7752=CARTESIAN_POINT('',(0.398815867866943,9.25,-2.97337281610254));
#7753=CARTESIAN_POINT('',(0.398815867866942,11.3,-2.97337281610254));
#7754=CARTESIAN_POINT('Origin',(2.04146364420948E-16,11.3,-3.));
#7755=CARTESIAN_POINT('',(3.67394039744206E-16,11.3,-3.));
#7756=CARTESIAN_POINT('Origin',(0.,11.3,0.));
#7757=CARTESIAN_POINT('',(-0.398815867866942,11.3,-2.97337281610254));
#7758=CARTESIAN_POINT('Origin',(0.,11.3,0.));
#7759=CARTESIAN_POINT('',(-0.398815867866942,11.3,-2.97337281610254));
#7760=CARTESIAN_POINT('Origin',(-0.398815867866942,10.9,-2.97337281610254));
#7761=CARTESIAN_POINT('',(-0.398815867866942,10.5,-2.97337281610254));
#7762=CARTESIAN_POINT('',(-0.398815867866942,9.25,-2.97337281610254));
#7763=CARTESIAN_POINT('',(-0.398815867866942,10.5,-2.97337281610254));
#7764=CARTESIAN_POINT('Origin',(5.51091059616309E-16,10.5,-3.));
#7765=CARTESIAN_POINT('',(3.67394039744206E-16,10.5,-3.));
#7766=CARTESIAN_POINT('Origin',(0.,10.5,0.));
#7767=CARTESIAN_POINT('Origin',(0.,10.5,0.));
#7768=CARTESIAN_POINT('Origin',(0.,9.25,0.));
#7769=CARTESIAN_POINT('',(0.451991316915868,6.5,-3.36982252491621));
#7770=CARTESIAN_POINT('',(0.451991316915868,5.7,-3.36982252491621));
#7771=CARTESIAN_POINT('',(0.451991316915868,6.5,-3.36982252491621));
#7772=CARTESIAN_POINT('',(-0.451991316915867,6.5,-3.36982252491621));
#7773=CARTESIAN_POINT('Origin',(0.,6.5,0.));
#7774=CARTESIAN_POINT('',(-0.451991316915867,5.7,-3.36982252491621));
#7775=CARTESIAN_POINT('',(-0.451991316915867,5.7,-3.36982252491621));
#7776=CARTESIAN_POINT('Origin',(0.,5.7,0.));
#7777=CARTESIAN_POINT('Origin',(0.398815867866943,6.1,-2.97337281610254));
#7778=CARTESIAN_POINT('',(0.398815867866943,5.7,-2.97337281610254));
#7779=CARTESIAN_POINT('',(0.398815867866943,5.7,-2.97337281610254));
#7780=CARTESIAN_POINT('',(0.398815867866942,6.5,-2.97337281610254));
#7781=CARTESIAN_POINT('',(0.398815867866943,9.25,-2.97337281610254));
#7782=CARTESIAN_POINT('',(0.398815867866942,6.5,-2.97337281610254));
#7783=CARTESIAN_POINT('Origin',(2.04146364420948E-16,6.5,-3.));
#7784=CARTESIAN_POINT('',(3.67394039744206E-16,6.5,-3.));
#7785=CARTESIAN_POINT('Origin',(0.,6.5,0.));
#7786=CARTESIAN_POINT('',(-0.398815867866942,6.5,-2.97337281610254));
#7787=CARTESIAN_POINT('Origin',(0.,6.5,0.));
#7788=CARTESIAN_POINT('',(-0.398815867866942,6.5,-2.97337281610254));
#7789=CARTESIAN_POINT('Origin',(-0.398815867866942,6.1,-2.97337281610254));
#7790=CARTESIAN_POINT('',(-0.398815867866942,5.7,-2.97337281610254));
#7791=CARTESIAN_POINT('',(-0.398815867866942,9.25,-2.97337281610254));
#7792=CARTESIAN_POINT('',(-0.398815867866942,5.7,-2.97337281610254));
#7793=CARTESIAN_POINT('Origin',(5.51091059616309E-16,5.7,-3.));
#7794=CARTESIAN_POINT('',(3.67394039744206E-16,5.7,-3.));
#7795=CARTESIAN_POINT('Origin',(0.,5.7,0.));
#7796=CARTESIAN_POINT('Origin',(0.,5.7,0.));
#7797=CARTESIAN_POINT('Origin',(0.,9.25,0.));
#7798=CARTESIAN_POINT('',(0.451991316915868,8.1,-3.36982252491621));
#7799=CARTESIAN_POINT('',(0.451991316915868,7.3,-3.36982252491621));
#7800=CARTESIAN_POINT('',(0.451991316915868,8.1,-3.36982252491621));
#7801=CARTESIAN_POINT('',(-0.451991316915867,8.1,-3.36982252491621));
#7802=CARTESIAN_POINT('Origin',(0.,8.1,0.));
#7803=CARTESIAN_POINT('',(-0.451991316915867,7.3,-3.36982252491621));
#7804=CARTESIAN_POINT('',(-0.451991316915867,7.3,-3.36982252491621));
#7805=CARTESIAN_POINT('Origin',(0.,7.3,0.));
#7806=CARTESIAN_POINT('Origin',(0.398815867866943,7.7,-2.97337281610254));
#7807=CARTESIAN_POINT('',(0.398815867866943,7.3,-2.97337281610254));
#7808=CARTESIAN_POINT('',(0.398815867866943,7.3,-2.97337281610254));
#7809=CARTESIAN_POINT('',(0.398815867866942,8.1,-2.97337281610254));
#7810=CARTESIAN_POINT('',(0.398815867866943,9.25,-2.97337281610254));
#7811=CARTESIAN_POINT('',(0.398815867866942,8.1,-2.97337281610254));
#7812=CARTESIAN_POINT('Origin',(2.04146364420948E-16,8.1,-3.));
#7813=CARTESIAN_POINT('',(3.67394039744206E-16,8.1,-3.));
#7814=CARTESIAN_POINT('Origin',(0.,8.1,0.));
#7815=CARTESIAN_POINT('',(-0.398815867866942,8.1,-2.97337281610254));
#7816=CARTESIAN_POINT('Origin',(0.,8.1,0.));
#7817=CARTESIAN_POINT('',(-0.398815867866942,8.1,-2.97337281610254));
#7818=CARTESIAN_POINT('Origin',(-0.398815867866942,7.7,-2.97337281610254));
#7819=CARTESIAN_POINT('',(-0.398815867866942,7.3,-2.97337281610254));
#7820=CARTESIAN_POINT('',(-0.398815867866942,9.25,-2.97337281610254));
#7821=CARTESIAN_POINT('',(-0.398815867866942,7.3,-2.97337281610254));
#7822=CARTESIAN_POINT('Origin',(5.51091059616309E-16,7.3,-3.));
#7823=CARTESIAN_POINT('',(3.67394039744206E-16,7.3,-3.));
#7824=CARTESIAN_POINT('Origin',(0.,7.3,0.));
#7825=CARTESIAN_POINT('Origin',(0.,7.3,0.));
#7826=CARTESIAN_POINT('Origin',(0.,9.25,0.));
#7827=CARTESIAN_POINT('',(2.70243048399207,9.7,-2.06321823353478));
#7828=CARTESIAN_POINT('',(2.70243048399207,8.9,-2.06321823353478));
#7829=CARTESIAN_POINT('',(2.70243048399207,9.7,-2.06321823353478));
#7830=CARTESIAN_POINT('',(2.06321823353478,9.7,-2.70243048399207));
#7831=CARTESIAN_POINT('Origin',(0.,9.7,0.));
#7832=CARTESIAN_POINT('',(2.06321823353478,8.9,-2.70243048399207));
#7833=CARTESIAN_POINT('',(2.06321823353478,8.9,-2.70243048399207));
#7834=CARTESIAN_POINT('Origin',(0.,8.9,0.));
#7835=CARTESIAN_POINT('Origin',(2.38449748587536,9.3,-1.82048667664833));
#7836=CARTESIAN_POINT('',(2.38449748587536,8.9,-1.82048667664833));
#7837=CARTESIAN_POINT('',(2.38449748587536,8.9,-1.82048667664833));
#7838=CARTESIAN_POINT('',(2.38449748587536,9.7,-1.82048667664833));
#7839=CARTESIAN_POINT('',(2.38449748587536,9.25,-1.82048667664833));
#7840=CARTESIAN_POINT('',(2.38449748587536,9.7,-1.82048667664833));
#7841=CARTESIAN_POINT('Origin',(2.12132034355964,9.7,-2.12132034355964));
#7842=CARTESIAN_POINT('',(1.82048667664833,9.7,-2.38449748587536));
#7843=CARTESIAN_POINT('Origin',(0.,9.7,0.));
#7844=CARTESIAN_POINT('',(1.82048667664833,9.7,-2.38449748587536));
#7845=CARTESIAN_POINT('Origin',(1.82048667664833,9.3,-2.38449748587536));
#7846=CARTESIAN_POINT('',(1.82048667664833,8.9,-2.38449748587536));
#7847=CARTESIAN_POINT('',(1.82048667664833,9.25,-2.38449748587536));
#7848=CARTESIAN_POINT('',(1.82048667664833,8.9,-2.38449748587536));
#7849=CARTESIAN_POINT('Origin',(2.12132034355964,8.9,-2.12132034355964));
#7850=CARTESIAN_POINT('Origin',(0.,8.9,0.));
#7851=CARTESIAN_POINT('Origin',(0.,9.25,0.));
#7852=CARTESIAN_POINT('',(2.70243048399207,11.3,-2.06321823353478));
#7853=CARTESIAN_POINT('',(2.70243048399207,10.5,-2.06321823353478));
#7854=CARTESIAN_POINT('',(2.70243048399207,11.3,-2.06321823353478));
#7855=CARTESIAN_POINT('',(2.06321823353478,11.3,-2.70243048399207));
#7856=CARTESIAN_POINT('Origin',(0.,11.3,0.));
#7857=CARTESIAN_POINT('',(2.06321823353478,10.5,-2.70243048399207));
#7858=CARTESIAN_POINT('',(2.06321823353478,10.5,-2.70243048399207));
#7859=CARTESIAN_POINT('Origin',(0.,10.5,0.));
#7860=CARTESIAN_POINT('Origin',(2.38449748587536,10.9,-1.82048667664833));
#7861=CARTESIAN_POINT('',(2.38449748587536,10.5,-1.82048667664833));
#7862=CARTESIAN_POINT('',(2.38449748587536,10.5,-1.82048667664833));
#7863=CARTESIAN_POINT('',(2.38449748587536,11.3,-1.82048667664833));
#7864=CARTESIAN_POINT('',(2.38449748587536,9.25,-1.82048667664833));
#7865=CARTESIAN_POINT('',(2.38449748587536,11.3,-1.82048667664833));
#7866=CARTESIAN_POINT('Origin',(2.12132034355964,11.3,-2.12132034355964));
#7867=CARTESIAN_POINT('',(1.82048667664833,11.3,-2.38449748587536));
#7868=CARTESIAN_POINT('Origin',(0.,11.3,0.));
#7869=CARTESIAN_POINT('',(1.82048667664833,11.3,-2.38449748587536));
#7870=CARTESIAN_POINT('Origin',(1.82048667664833,10.9,-2.38449748587536));
#7871=CARTESIAN_POINT('',(1.82048667664833,10.5,-2.38449748587536));
#7872=CARTESIAN_POINT('',(1.82048667664833,9.25,-2.38449748587536));
#7873=CARTESIAN_POINT('',(1.82048667664833,10.5,-2.38449748587536));
#7874=CARTESIAN_POINT('Origin',(2.12132034355964,10.5,-2.12132034355964));
#7875=CARTESIAN_POINT('Origin',(0.,10.5,0.));
#7876=CARTESIAN_POINT('Origin',(0.,9.25,0.));
#7877=CARTESIAN_POINT('',(2.70243048399207,6.5,-2.06321823353478));
#7878=CARTESIAN_POINT('',(2.70243048399207,5.7,-2.06321823353478));
#7879=CARTESIAN_POINT('',(2.70243048399207,6.5,-2.06321823353478));
#7880=CARTESIAN_POINT('',(2.06321823353478,6.5,-2.70243048399207));
#7881=CARTESIAN_POINT('Origin',(0.,6.5,0.));
#7882=CARTESIAN_POINT('',(2.06321823353478,5.7,-2.70243048399207));
#7883=CARTESIAN_POINT('',(2.06321823353478,5.7,-2.70243048399207));
#7884=CARTESIAN_POINT('Origin',(0.,5.7,0.));
#7885=CARTESIAN_POINT('Origin',(2.38449748587536,6.1,-1.82048667664833));
#7886=CARTESIAN_POINT('',(2.38449748587536,5.7,-1.82048667664833));
#7887=CARTESIAN_POINT('',(2.38449748587536,5.7,-1.82048667664833));
#7888=CARTESIAN_POINT('',(2.38449748587536,6.5,-1.82048667664833));
#7889=CARTESIAN_POINT('',(2.38449748587536,9.25,-1.82048667664833));
#7890=CARTESIAN_POINT('',(2.38449748587536,6.5,-1.82048667664833));
#7891=CARTESIAN_POINT('Origin',(2.12132034355964,6.5,-2.12132034355964));
#7892=CARTESIAN_POINT('',(1.82048667664833,6.5,-2.38449748587536));
#7893=CARTESIAN_POINT('Origin',(0.,6.5,0.));
#7894=CARTESIAN_POINT('',(1.82048667664833,6.5,-2.38449748587536));
#7895=CARTESIAN_POINT('Origin',(1.82048667664833,6.1,-2.38449748587536));
#7896=CARTESIAN_POINT('',(1.82048667664833,5.7,-2.38449748587536));
#7897=CARTESIAN_POINT('',(1.82048667664833,9.25,-2.38449748587536));
#7898=CARTESIAN_POINT('',(1.82048667664833,5.7,-2.38449748587536));
#7899=CARTESIAN_POINT('Origin',(2.12132034355964,5.7,-2.12132034355964));
#7900=CARTESIAN_POINT('Origin',(0.,5.7,0.));
#7901=CARTESIAN_POINT('Origin',(0.,9.25,0.));
#7902=CARTESIAN_POINT('',(2.70243048399207,8.1,-2.06321823353478));
#7903=CARTESIAN_POINT('',(2.70243048399207,7.3,-2.06321823353478));
#7904=CARTESIAN_POINT('',(2.70243048399207,8.1,-2.06321823353478));
#7905=CARTESIAN_POINT('',(2.06321823353478,8.1,-2.70243048399207));
#7906=CARTESIAN_POINT('Origin',(0.,8.1,0.));
#7907=CARTESIAN_POINT('',(2.06321823353478,7.3,-2.70243048399207));
#7908=CARTESIAN_POINT('',(2.06321823353478,7.3,-2.70243048399207));
#7909=CARTESIAN_POINT('Origin',(0.,7.3,0.));
#7910=CARTESIAN_POINT('Origin',(2.38449748587536,7.7,-1.82048667664833));
#7911=CARTESIAN_POINT('',(2.38449748587536,7.3,-1.82048667664833));
#7912=CARTESIAN_POINT('',(2.38449748587536,7.3,-1.82048667664833));
#7913=CARTESIAN_POINT('',(2.38449748587536,8.1,-1.82048667664833));
#7914=CARTESIAN_POINT('',(2.38449748587536,9.25,-1.82048667664833));
#7915=CARTESIAN_POINT('',(2.38449748587536,8.1,-1.82048667664833));
#7916=CARTESIAN_POINT('Origin',(2.12132034355964,8.1,-2.12132034355964));
#7917=CARTESIAN_POINT('',(1.82048667664833,8.1,-2.38449748587536));
#7918=CARTESIAN_POINT('Origin',(0.,8.1,0.));
#7919=CARTESIAN_POINT('',(1.82048667664833,8.1,-2.38449748587536));
#7920=CARTESIAN_POINT('Origin',(1.82048667664833,7.7,-2.38449748587536));
#7921=CARTESIAN_POINT('',(1.82048667664833,7.3,-2.38449748587536));
#7922=CARTESIAN_POINT('',(1.82048667664833,9.25,-2.38449748587536));
#7923=CARTESIAN_POINT('',(1.82048667664833,7.3,-2.38449748587536));
#7924=CARTESIAN_POINT('Origin',(2.12132034355964,7.3,-2.12132034355964));
#7925=CARTESIAN_POINT('Origin',(0.,7.3,0.));
#7926=CARTESIAN_POINT('Origin',(0.,9.25,0.));
#7927=CARTESIAN_POINT('',(3.36982252491621,9.7,0.451991316915868));
#7928=CARTESIAN_POINT('',(3.36982252491621,8.9,0.451991316915868));
#7929=CARTESIAN_POINT('',(3.36982252491621,9.7,0.451991316915868));
#7930=CARTESIAN_POINT('',(3.36982252491621,9.7,-0.451991316915868));
#7931=CARTESIAN_POINT('Origin',(0.,9.7,0.));
#7932=CARTESIAN_POINT('',(3.36982252491621,8.9,-0.451991316915867));
#7933=CARTESIAN_POINT('',(3.36982252491621,8.9,-0.451991316915868));
#7934=CARTESIAN_POINT('Origin',(0.,8.9,0.));
#7935=CARTESIAN_POINT('Origin',(2.97337281610254,9.3,0.398815867866942));
#7936=CARTESIAN_POINT('',(2.97337281610254,8.9,0.398815867866942));
#7937=CARTESIAN_POINT('',(2.97337281610254,8.9,0.398815867866942));
#7938=CARTESIAN_POINT('',(2.97337281610254,9.7,0.398815867866942));
#7939=CARTESIAN_POINT('',(2.97337281610254,9.25,0.398815867866942));
#7940=CARTESIAN_POINT('',(2.97337281610254,9.7,0.398815867866942));
#7941=CARTESIAN_POINT('Origin',(3.,9.7,2.04493445488446E-17));
#7942=CARTESIAN_POINT('',(2.97337281610254,9.7,-0.398815867866942));
#7943=CARTESIAN_POINT('Origin',(0.,9.7,0.));
#7944=CARTESIAN_POINT('',(2.97337281610254,9.7,-0.398815867866942));
#7945=CARTESIAN_POINT('Origin',(2.97337281610254,9.3,-0.398815867866942));
#7946=CARTESIAN_POINT('',(2.97337281610254,8.9,-0.398815867866942));
#7947=CARTESIAN_POINT('',(2.97337281610254,9.25,-0.398815867866942));
#7948=CARTESIAN_POINT('',(2.97337281610254,8.9,-0.398815867866942));
#7949=CARTESIAN_POINT('Origin',(3.,8.9,3.67394039744206E-16));
#7950=CARTESIAN_POINT('Origin',(0.,8.9,0.));
#7951=CARTESIAN_POINT('Origin',(0.,9.25,0.));
#7952=CARTESIAN_POINT('',(3.36982252491621,11.3,0.451991316915868));
#7953=CARTESIAN_POINT('',(3.36982252491621,10.5,0.451991316915868));
#7954=CARTESIAN_POINT('',(3.36982252491621,11.3,0.451991316915868));
#7955=CARTESIAN_POINT('',(3.36982252491621,11.3,-0.451991316915868));
#7956=CARTESIAN_POINT('Origin',(0.,11.3,0.));
#7957=CARTESIAN_POINT('',(3.36982252491621,10.5,-0.451991316915867));
#7958=CARTESIAN_POINT('',(3.36982252491621,10.5,-0.451991316915868));
#7959=CARTESIAN_POINT('Origin',(0.,10.5,0.));
#7960=CARTESIAN_POINT('Origin',(2.97337281610254,10.9,0.398815867866942));
#7961=CARTESIAN_POINT('',(2.97337281610254,10.5,0.398815867866942));
#7962=CARTESIAN_POINT('',(2.97337281610254,10.5,0.398815867866942));
#7963=CARTESIAN_POINT('',(2.97337281610254,11.3,0.398815867866942));
#7964=CARTESIAN_POINT('',(2.97337281610254,9.25,0.398815867866942));
#7965=CARTESIAN_POINT('',(2.97337281610254,11.3,0.398815867866942));
#7966=CARTESIAN_POINT('Origin',(3.,11.3,2.04493445488446E-17));
#7967=CARTESIAN_POINT('',(2.97337281610254,11.3,-0.398815867866942));
#7968=CARTESIAN_POINT('Origin',(0.,11.3,0.));
#7969=CARTESIAN_POINT('',(2.97337281610254,11.3,-0.398815867866942));
#7970=CARTESIAN_POINT('Origin',(2.97337281610254,10.9,-0.398815867866942));
#7971=CARTESIAN_POINT('',(2.97337281610254,10.5,-0.398815867866942));
#7972=CARTESIAN_POINT('',(2.97337281610254,9.25,-0.398815867866942));
#7973=CARTESIAN_POINT('',(2.97337281610254,10.5,-0.398815867866942));
#7974=CARTESIAN_POINT('Origin',(3.,10.5,3.67394039744206E-16));
#7975=CARTESIAN_POINT('Origin',(0.,10.5,0.));
#7976=CARTESIAN_POINT('Origin',(0.,9.25,0.));
#7977=CARTESIAN_POINT('',(3.36982252491621,6.5,0.451991316915868));
#7978=CARTESIAN_POINT('',(3.36982252491621,5.7,0.451991316915868));
#7979=CARTESIAN_POINT('',(3.36982252491621,6.5,0.451991316915868));
#7980=CARTESIAN_POINT('',(3.36982252491621,6.5,-0.451991316915868));
#7981=CARTESIAN_POINT('Origin',(0.,6.5,0.));
#7982=CARTESIAN_POINT('',(3.36982252491621,5.7,-0.451991316915867));
#7983=CARTESIAN_POINT('',(3.36982252491621,5.7,-0.451991316915868));
#7984=CARTESIAN_POINT('Origin',(0.,5.7,0.));
#7985=CARTESIAN_POINT('Origin',(2.97337281610254,6.1,0.398815867866942));
#7986=CARTESIAN_POINT('',(2.97337281610254,5.7,0.398815867866942));
#7987=CARTESIAN_POINT('',(2.97337281610254,5.7,0.398815867866942));
#7988=CARTESIAN_POINT('',(2.97337281610254,6.5,0.398815867866942));
#7989=CARTESIAN_POINT('',(2.97337281610254,9.25,0.398815867866942));
#7990=CARTESIAN_POINT('',(2.97337281610254,6.5,0.398815867866942));
#7991=CARTESIAN_POINT('Origin',(3.,6.5,2.04493445488446E-17));
#7992=CARTESIAN_POINT('',(2.97337281610254,6.5,-0.398815867866942));
#7993=CARTESIAN_POINT('Origin',(0.,6.5,0.));
#7994=CARTESIAN_POINT('',(2.97337281610254,6.5,-0.398815867866942));
#7995=CARTESIAN_POINT('Origin',(2.97337281610254,6.1,-0.398815867866942));
#7996=CARTESIAN_POINT('',(2.97337281610254,5.7,-0.398815867866942));
#7997=CARTESIAN_POINT('',(2.97337281610254,9.25,-0.398815867866942));
#7998=CARTESIAN_POINT('',(2.97337281610254,5.7,-0.398815867866942));
#7999=CARTESIAN_POINT('Origin',(3.,5.7,3.67394039744206E-16));
#8000=CARTESIAN_POINT('Origin',(0.,5.7,0.));
#8001=CARTESIAN_POINT('Origin',(0.,9.25,0.));
#8002=CARTESIAN_POINT('',(3.36982252491621,8.1,0.451991316915868));
#8003=CARTESIAN_POINT('',(3.36982252491621,7.3,0.451991316915868));
#8004=CARTESIAN_POINT('',(3.36982252491621,8.1,0.451991316915868));
#8005=CARTESIAN_POINT('',(3.36982252491621,8.1,-0.451991316915868));
#8006=CARTESIAN_POINT('Origin',(0.,8.1,0.));
#8007=CARTESIAN_POINT('',(3.36982252491621,7.3,-0.451991316915867));
#8008=CARTESIAN_POINT('',(3.36982252491621,7.3,-0.451991316915868));
#8009=CARTESIAN_POINT('Origin',(0.,7.3,0.));
#8010=CARTESIAN_POINT('Origin',(2.97337281610254,7.7,0.398815867866942));
#8011=CARTESIAN_POINT('',(2.97337281610254,7.3,0.398815867866942));
#8012=CARTESIAN_POINT('',(2.97337281610254,7.3,0.398815867866942));
#8013=CARTESIAN_POINT('',(2.97337281610254,8.1,0.398815867866942));
#8014=CARTESIAN_POINT('',(2.97337281610254,9.25,0.398815867866942));
#8015=CARTESIAN_POINT('',(2.97337281610254,8.1,0.398815867866942));
#8016=CARTESIAN_POINT('Origin',(3.,8.1,2.04493445488446E-17));
#8017=CARTESIAN_POINT('',(2.97337281610254,8.1,-0.398815867866942));
#8018=CARTESIAN_POINT('Origin',(0.,8.1,0.));
#8019=CARTESIAN_POINT('',(2.97337281610254,8.1,-0.398815867866942));
#8020=CARTESIAN_POINT('Origin',(2.97337281610254,7.7,-0.398815867866942));
#8021=CARTESIAN_POINT('',(2.97337281610254,7.3,-0.398815867866942));
#8022=CARTESIAN_POINT('',(2.97337281610254,9.25,-0.398815867866942));
#8023=CARTESIAN_POINT('',(2.97337281610254,7.3,-0.398815867866942));
#8024=CARTESIAN_POINT('Origin',(3.,7.3,3.67394039744206E-16));
#8025=CARTESIAN_POINT('Origin',(0.,7.3,0.));
#8026=CARTESIAN_POINT('Origin',(0.,9.25,0.));
#8027=CARTESIAN_POINT('',(2.06321823353478,9.7,2.70243048399207));
#8028=CARTESIAN_POINT('',(2.06321823353478,8.9,2.70243048399207));
#8029=CARTESIAN_POINT('',(2.06321823353478,9.7,2.70243048399207));
#8030=CARTESIAN_POINT('',(2.70243048399207,9.7,2.06321823353478));
#8031=CARTESIAN_POINT('Origin',(0.,9.7,0.));
#8032=CARTESIAN_POINT('',(2.70243048399207,8.9,2.06321823353478));
#8033=CARTESIAN_POINT('',(2.70243048399207,8.9,2.06321823353478));
#8034=CARTESIAN_POINT('Origin',(0.,8.9,0.));
#8035=CARTESIAN_POINT('Origin',(1.82048667664833,9.3,2.38449748587536));
#8036=CARTESIAN_POINT('',(1.82048667664833,8.9,2.38449748587536));
#8037=CARTESIAN_POINT('',(1.82048667664833,8.9,2.38449748587536));
#8038=CARTESIAN_POINT('',(1.82048667664833,9.7,2.38449748587536));
#8039=CARTESIAN_POINT('',(1.82048667664833,9.25,2.38449748587536));
#8040=CARTESIAN_POINT('',(1.82048667664833,9.7,2.38449748587536));
#8041=CARTESIAN_POINT('Origin',(2.12132034355964,9.7,2.12132034355964));
#8042=CARTESIAN_POINT('',(2.38449748587536,9.7,1.82048667664833));
#8043=CARTESIAN_POINT('Origin',(0.,9.7,0.));
#8044=CARTESIAN_POINT('',(2.38449748587536,9.7,1.82048667664833));
#8045=CARTESIAN_POINT('Origin',(2.38449748587536,9.3,1.82048667664833));
#8046=CARTESIAN_POINT('',(2.38449748587536,8.9,1.82048667664833));
#8047=CARTESIAN_POINT('',(2.38449748587536,9.25,1.82048667664833));
#8048=CARTESIAN_POINT('',(2.38449748587536,8.9,1.82048667664833));
#8049=CARTESIAN_POINT('Origin',(2.12132034355964,8.9,2.12132034355964));
#8050=CARTESIAN_POINT('Origin',(0.,8.9,0.));
#8051=CARTESIAN_POINT('Origin',(0.,9.25,0.));
#8052=CARTESIAN_POINT('',(2.06321823353478,11.3,2.70243048399207));
#8053=CARTESIAN_POINT('',(2.06321823353478,10.5,2.70243048399207));
#8054=CARTESIAN_POINT('',(2.06321823353478,11.3,2.70243048399207));
#8055=CARTESIAN_POINT('',(2.70243048399207,11.3,2.06321823353478));
#8056=CARTESIAN_POINT('Origin',(0.,11.3,0.));
#8057=CARTESIAN_POINT('',(2.70243048399207,10.5,2.06321823353478));
#8058=CARTESIAN_POINT('',(2.70243048399207,10.5,2.06321823353478));
#8059=CARTESIAN_POINT('Origin',(0.,10.5,0.));
#8060=CARTESIAN_POINT('Origin',(1.82048667664833,10.9,2.38449748587536));
#8061=CARTESIAN_POINT('',(1.82048667664833,10.5,2.38449748587536));
#8062=CARTESIAN_POINT('',(1.82048667664833,10.5,2.38449748587536));
#8063=CARTESIAN_POINT('',(1.82048667664833,11.3,2.38449748587536));
#8064=CARTESIAN_POINT('',(1.82048667664833,9.25,2.38449748587536));
#8065=CARTESIAN_POINT('',(1.82048667664833,11.3,2.38449748587536));
#8066=CARTESIAN_POINT('Origin',(2.12132034355964,11.3,2.12132034355964));
#8067=CARTESIAN_POINT('',(2.38449748587536,11.3,1.82048667664833));
#8068=CARTESIAN_POINT('Origin',(0.,11.3,0.));
#8069=CARTESIAN_POINT('',(2.38449748587536,11.3,1.82048667664833));
#8070=CARTESIAN_POINT('Origin',(2.38449748587536,10.9,1.82048667664833));
#8071=CARTESIAN_POINT('',(2.38449748587536,10.5,1.82048667664833));
#8072=CARTESIAN_POINT('',(2.38449748587536,9.25,1.82048667664833));
#8073=CARTESIAN_POINT('',(2.38449748587536,10.5,1.82048667664833));
#8074=CARTESIAN_POINT('Origin',(2.12132034355964,10.5,2.12132034355964));
#8075=CARTESIAN_POINT('Origin',(0.,10.5,0.));
#8076=CARTESIAN_POINT('Origin',(0.,9.25,0.));
#8077=CARTESIAN_POINT('',(2.06321823353478,6.5,2.70243048399207));
#8078=CARTESIAN_POINT('',(2.06321823353478,5.7,2.70243048399207));
#8079=CARTESIAN_POINT('',(2.06321823353478,6.5,2.70243048399207));
#8080=CARTESIAN_POINT('',(2.70243048399207,6.5,2.06321823353478));
#8081=CARTESIAN_POINT('Origin',(0.,6.5,0.));
#8082=CARTESIAN_POINT('',(2.70243048399207,5.7,2.06321823353478));
#8083=CARTESIAN_POINT('',(2.70243048399207,5.7,2.06321823353478));
#8084=CARTESIAN_POINT('Origin',(0.,5.7,0.));
#8085=CARTESIAN_POINT('Origin',(1.82048667664833,6.1,2.38449748587536));
#8086=CARTESIAN_POINT('',(1.82048667664833,5.7,2.38449748587536));
#8087=CARTESIAN_POINT('',(1.82048667664833,5.7,2.38449748587536));
#8088=CARTESIAN_POINT('',(1.82048667664833,6.5,2.38449748587536));
#8089=CARTESIAN_POINT('',(1.82048667664833,9.25,2.38449748587536));
#8090=CARTESIAN_POINT('',(1.82048667664833,6.5,2.38449748587536));
#8091=CARTESIAN_POINT('Origin',(2.12132034355964,6.5,2.12132034355964));
#8092=CARTESIAN_POINT('',(2.38449748587536,6.5,1.82048667664833));
#8093=CARTESIAN_POINT('Origin',(0.,6.5,0.));
#8094=CARTESIAN_POINT('',(2.38449748587536,6.5,1.82048667664833));
#8095=CARTESIAN_POINT('Origin',(2.38449748587536,6.1,1.82048667664833));
#8096=CARTESIAN_POINT('',(2.38449748587536,5.7,1.82048667664833));
#8097=CARTESIAN_POINT('',(2.38449748587536,9.25,1.82048667664833));
#8098=CARTESIAN_POINT('',(2.38449748587536,5.7,1.82048667664833));
#8099=CARTESIAN_POINT('Origin',(2.12132034355964,5.7,2.12132034355964));
#8100=CARTESIAN_POINT('Origin',(0.,5.7,0.));
#8101=CARTESIAN_POINT('Origin',(0.,9.25,0.));
#8102=CARTESIAN_POINT('',(2.06321823353478,8.1,2.70243048399207));
#8103=CARTESIAN_POINT('',(2.06321823353478,7.3,2.70243048399207));
#8104=CARTESIAN_POINT('',(2.06321823353478,8.1,2.70243048399207));
#8105=CARTESIAN_POINT('',(2.70243048399207,8.1,2.06321823353478));
#8106=CARTESIAN_POINT('Origin',(0.,8.1,0.));
#8107=CARTESIAN_POINT('',(2.70243048399207,7.3,2.06321823353478));
#8108=CARTESIAN_POINT('',(2.70243048399207,7.3,2.06321823353478));
#8109=CARTESIAN_POINT('Origin',(0.,7.3,0.));
#8110=CARTESIAN_POINT('Origin',(1.82048667664833,7.7,2.38449748587536));
#8111=CARTESIAN_POINT('',(1.82048667664833,7.3,2.38449748587536));
#8112=CARTESIAN_POINT('',(1.82048667664833,7.3,2.38449748587536));
#8113=CARTESIAN_POINT('',(1.82048667664833,8.1,2.38449748587536));
#8114=CARTESIAN_POINT('',(1.82048667664833,9.25,2.38449748587536));
#8115=CARTESIAN_POINT('',(1.82048667664833,8.1,2.38449748587536));
#8116=CARTESIAN_POINT('Origin',(2.12132034355964,8.1,2.12132034355964));
#8117=CARTESIAN_POINT('',(2.38449748587536,8.1,1.82048667664833));
#8118=CARTESIAN_POINT('Origin',(0.,8.1,0.));
#8119=CARTESIAN_POINT('',(2.38449748587536,8.1,1.82048667664833));
#8120=CARTESIAN_POINT('Origin',(2.38449748587536,7.7,1.82048667664833));
#8121=CARTESIAN_POINT('',(2.38449748587536,7.3,1.82048667664833));
#8122=CARTESIAN_POINT('',(2.38449748587536,9.25,1.82048667664833));
#8123=CARTESIAN_POINT('',(2.38449748587536,7.3,1.82048667664833));
#8124=CARTESIAN_POINT('Origin',(2.12132034355964,7.3,2.12132034355964));
#8125=CARTESIAN_POINT('Origin',(0.,7.3,0.));
#8126=CARTESIAN_POINT('Origin',(0.,9.25,0.));
#8127=CARTESIAN_POINT('',(-0.451991316915868,9.7,3.36982252491621));
#8128=CARTESIAN_POINT('',(-0.451991316915868,8.9,3.36982252491621));
#8129=CARTESIAN_POINT('',(-0.451991316915868,9.7,3.36982252491621));
#8130=CARTESIAN_POINT('',(0.451991316915868,9.7,3.36982252491621));
#8131=CARTESIAN_POINT('Origin',(0.,9.7,0.));
#8132=CARTESIAN_POINT('',(0.451991316915868,8.9,3.36982252491621));
#8133=CARTESIAN_POINT('',(0.451991316915868,8.9,3.36982252491621));
#8134=CARTESIAN_POINT('Origin',(0.,8.9,0.));
#8135=CARTESIAN_POINT('Origin',(-0.398815867866942,9.3,2.97337281610254));
#8136=CARTESIAN_POINT('',(-0.398815867866942,8.9,2.97337281610254));
#8137=CARTESIAN_POINT('',(-0.398815867866942,8.9,2.97337281610254));
#8138=CARTESIAN_POINT('',(-0.398815867866942,9.7,2.97337281610254));
#8139=CARTESIAN_POINT('',(-0.398815867866942,9.25,2.97337281610254));
#8140=CARTESIAN_POINT('',(-0.398815867866942,9.7,2.97337281610254));
#8141=CARTESIAN_POINT('Origin',(1.63247675323258E-16,9.7,3.));
#8142=CARTESIAN_POINT('',(0.398815867866942,9.7,2.97337281610254));
#8143=CARTESIAN_POINT('Origin',(0.,9.7,0.));
#8144=CARTESIAN_POINT('',(0.398815867866942,9.7,2.97337281610254));
#8145=CARTESIAN_POINT('Origin',(0.398815867866942,9.3,2.97337281610254));
#8146=CARTESIAN_POINT('',(0.398815867866942,8.9,2.97337281610254));
#8147=CARTESIAN_POINT('',(0.398815867866942,9.25,2.97337281610254));
#8148=CARTESIAN_POINT('',(0.398815867866942,8.9,2.97337281610254));
#8149=CARTESIAN_POINT('Origin',(-1.83697019872103E-16,8.9,3.));
#8150=CARTESIAN_POINT('Origin',(0.,8.9,0.));
#8151=CARTESIAN_POINT('Origin',(0.,9.25,0.));
#8152=CARTESIAN_POINT('',(-0.451991316915868,11.3,3.36982252491621));
#8153=CARTESIAN_POINT('',(-0.451991316915868,10.5,3.36982252491621));
#8154=CARTESIAN_POINT('',(-0.451991316915868,11.3,3.36982252491621));
#8155=CARTESIAN_POINT('',(0.451991316915868,11.3,3.36982252491621));
#8156=CARTESIAN_POINT('Origin',(0.,11.3,0.));
#8157=CARTESIAN_POINT('',(0.451991316915868,10.5,3.36982252491621));
#8158=CARTESIAN_POINT('',(0.451991316915868,10.5,3.36982252491621));
#8159=CARTESIAN_POINT('Origin',(0.,10.5,0.));
#8160=CARTESIAN_POINT('Origin',(-0.398815867866942,10.9,2.97337281610254));
#8161=CARTESIAN_POINT('',(-0.398815867866942,10.5,2.97337281610254));
#8162=CARTESIAN_POINT('',(-0.398815867866942,10.5,2.97337281610254));
#8163=CARTESIAN_POINT('',(-0.398815867866942,11.3,2.97337281610254));
#8164=CARTESIAN_POINT('',(-0.398815867866942,9.25,2.97337281610254));
#8165=CARTESIAN_POINT('',(-0.398815867866942,11.3,2.97337281610254));
#8166=CARTESIAN_POINT('Origin',(1.63247675323258E-16,11.3,3.));
#8167=CARTESIAN_POINT('',(0.398815867866942,11.3,2.97337281610254));
#8168=CARTESIAN_POINT('Origin',(0.,11.3,0.));
#8169=CARTESIAN_POINT('',(0.398815867866942,11.3,2.97337281610254));
#8170=CARTESIAN_POINT('Origin',(0.398815867866942,10.9,2.97337281610254));
#8171=CARTESIAN_POINT('',(0.398815867866942,10.5,2.97337281610254));
#8172=CARTESIAN_POINT('',(0.398815867866942,9.25,2.97337281610254));
#8173=CARTESIAN_POINT('',(0.398815867866942,10.5,2.97337281610254));
#8174=CARTESIAN_POINT('Origin',(-1.83697019872103E-16,10.5,3.));
#8175=CARTESIAN_POINT('Origin',(0.,10.5,0.));
#8176=CARTESIAN_POINT('Origin',(0.,9.25,0.));
#8177=CARTESIAN_POINT('',(-0.451991316915868,6.5,3.36982252491621));
#8178=CARTESIAN_POINT('',(-0.451991316915868,5.7,3.36982252491621));
#8179=CARTESIAN_POINT('',(-0.451991316915868,6.5,3.36982252491621));
#8180=CARTESIAN_POINT('',(0.451991316915868,6.5,3.36982252491621));
#8181=CARTESIAN_POINT('Origin',(0.,6.5,0.));
#8182=CARTESIAN_POINT('',(0.451991316915868,5.7,3.36982252491621));
#8183=CARTESIAN_POINT('',(0.451991316915868,5.7,3.36982252491621));
#8184=CARTESIAN_POINT('Origin',(0.,5.7,0.));
#8185=CARTESIAN_POINT('Origin',(-0.398815867866942,6.1,2.97337281610254));
#8186=CARTESIAN_POINT('',(-0.398815867866942,5.7,2.97337281610254));
#8187=CARTESIAN_POINT('',(-0.398815867866942,5.7,2.97337281610254));
#8188=CARTESIAN_POINT('',(-0.398815867866942,6.5,2.97337281610254));
#8189=CARTESIAN_POINT('',(-0.398815867866942,9.25,2.97337281610254));
#8190=CARTESIAN_POINT('',(-0.398815867866942,6.5,2.97337281610254));
#8191=CARTESIAN_POINT('Origin',(1.63247675323258E-16,6.5,3.));
#8192=CARTESIAN_POINT('',(0.398815867866942,6.5,2.97337281610254));
#8193=CARTESIAN_POINT('Origin',(0.,6.5,0.));
#8194=CARTESIAN_POINT('',(0.398815867866942,6.5,2.97337281610254));
#8195=CARTESIAN_POINT('Origin',(0.398815867866942,6.1,2.97337281610254));
#8196=CARTESIAN_POINT('',(0.398815867866942,5.7,2.97337281610254));
#8197=CARTESIAN_POINT('',(0.398815867866942,9.25,2.97337281610254));
#8198=CARTESIAN_POINT('',(0.398815867866942,5.7,2.97337281610254));
#8199=CARTESIAN_POINT('Origin',(-1.83697019872103E-16,5.7,3.));
#8200=CARTESIAN_POINT('Origin',(0.,5.7,0.));
#8201=CARTESIAN_POINT('Origin',(0.,9.25,0.));
#8202=CARTESIAN_POINT('',(-0.451991316915868,8.1,3.36982252491621));
#8203=CARTESIAN_POINT('',(-0.451991316915868,7.3,3.36982252491621));
#8204=CARTESIAN_POINT('',(-0.451991316915868,8.1,3.36982252491621));
#8205=CARTESIAN_POINT('',(0.451991316915868,8.1,3.36982252491621));
#8206=CARTESIAN_POINT('Origin',(0.,8.1,0.));
#8207=CARTESIAN_POINT('',(0.451991316915868,7.3,3.36982252491621));
#8208=CARTESIAN_POINT('',(0.451991316915868,7.3,3.36982252491621));
#8209=CARTESIAN_POINT('Origin',(0.,7.3,0.));
#8210=CARTESIAN_POINT('Origin',(-0.398815867866942,7.7,2.97337281610254));
#8211=CARTESIAN_POINT('',(-0.398815867866942,7.3,2.97337281610254));
#8212=CARTESIAN_POINT('',(-0.398815867866942,7.3,2.97337281610254));
#8213=CARTESIAN_POINT('',(-0.398815867866942,8.1,2.97337281610254));
#8214=CARTESIAN_POINT('',(-0.398815867866942,9.25,2.97337281610254));
#8215=CARTESIAN_POINT('',(-0.398815867866942,8.1,2.97337281610254));
#8216=CARTESIAN_POINT('Origin',(1.63247675323258E-16,8.1,3.));
#8217=CARTESIAN_POINT('',(0.398815867866942,8.1,2.97337281610254));
#8218=CARTESIAN_POINT('Origin',(0.,8.1,0.));
#8219=CARTESIAN_POINT('',(0.398815867866942,8.1,2.97337281610254));
#8220=CARTESIAN_POINT('Origin',(0.398815867866942,7.7,2.97337281610254));
#8221=CARTESIAN_POINT('',(0.398815867866942,7.3,2.97337281610254));
#8222=CARTESIAN_POINT('',(0.398815867866942,9.25,2.97337281610254));
#8223=CARTESIAN_POINT('',(0.398815867866942,7.3,2.97337281610254));
#8224=CARTESIAN_POINT('Origin',(-1.83697019872103E-16,7.3,3.));
#8225=CARTESIAN_POINT('Origin',(0.,7.3,0.));
#8226=CARTESIAN_POINT('Origin',(0.,9.25,0.));
#8227=CARTESIAN_POINT('',(-2.70243048399207,9.7,2.06321823353478));
#8228=CARTESIAN_POINT('',(-2.70243048399207,8.9,2.06321823353478));
#8229=CARTESIAN_POINT('',(-2.70243048399207,9.7,2.06321823353478));
#8230=CARTESIAN_POINT('',(-2.06321823353478,9.7,2.70243048399207));
#8231=CARTESIAN_POINT('Origin',(0.,9.7,0.));
#8232=CARTESIAN_POINT('',(-2.06321823353478,8.9,2.70243048399207));
#8233=CARTESIAN_POINT('',(-2.06321823353478,8.9,2.70243048399207));
#8234=CARTESIAN_POINT('Origin',(0.,8.9,0.));
#8235=CARTESIAN_POINT('Origin',(-2.38449748587536,9.3,1.82048667664833));
#8236=CARTESIAN_POINT('',(-2.38449748587536,8.9,1.82048667664833));
#8237=CARTESIAN_POINT('',(-2.38449748587536,8.9,1.82048667664833));
#8238=CARTESIAN_POINT('',(-2.38449748587536,9.7,1.82048667664833));
#8239=CARTESIAN_POINT('',(-2.38449748587536,9.25,1.82048667664833));
#8240=CARTESIAN_POINT('',(-2.38449748587536,9.7,1.82048667664833));
#8241=CARTESIAN_POINT('Origin',(-2.12132034355964,9.7,2.12132034355964));
#8242=CARTESIAN_POINT('',(-1.82048667664833,9.7,2.38449748587536));
#8243=CARTESIAN_POINT('Origin',(0.,9.7,0.));
#8244=CARTESIAN_POINT('',(-1.82048667664833,9.7,2.38449748587536));
#8245=CARTESIAN_POINT('Origin',(-1.82048667664833,9.3,2.38449748587536));
#8246=CARTESIAN_POINT('',(-1.82048667664833,8.9,2.38449748587536));
#8247=CARTESIAN_POINT('',(-1.82048667664833,9.25,2.38449748587536));
#8248=CARTESIAN_POINT('',(-1.82048667664833,8.9,2.38449748587536));
#8249=CARTESIAN_POINT('Origin',(-2.12132034355964,8.9,2.12132034355964));
#8250=CARTESIAN_POINT('Origin',(0.,8.9,0.));
#8251=CARTESIAN_POINT('Origin',(0.,9.25,0.));
#8252=CARTESIAN_POINT('',(-2.70243048399207,11.3,2.06321823353478));
#8253=CARTESIAN_POINT('',(-2.70243048399207,10.5,2.06321823353478));
#8254=CARTESIAN_POINT('',(-2.70243048399207,11.3,2.06321823353478));
#8255=CARTESIAN_POINT('',(-2.06321823353478,11.3,2.70243048399207));
#8256=CARTESIAN_POINT('Origin',(0.,11.3,0.));
#8257=CARTESIAN_POINT('',(-2.06321823353478,10.5,2.70243048399207));
#8258=CARTESIAN_POINT('',(-2.06321823353478,10.5,2.70243048399207));
#8259=CARTESIAN_POINT('Origin',(0.,10.5,0.));
#8260=CARTESIAN_POINT('Origin',(-2.38449748587536,10.9,1.82048667664833));
#8261=CARTESIAN_POINT('',(-2.38449748587536,10.5,1.82048667664833));
#8262=CARTESIAN_POINT('',(-2.38449748587536,10.5,1.82048667664833));
#8263=CARTESIAN_POINT('',(-2.38449748587536,11.3,1.82048667664833));
#8264=CARTESIAN_POINT('',(-2.38449748587536,9.25,1.82048667664833));
#8265=CARTESIAN_POINT('',(-2.38449748587536,11.3,1.82048667664833));
#8266=CARTESIAN_POINT('Origin',(-2.12132034355964,11.3,2.12132034355964));
#8267=CARTESIAN_POINT('',(-1.82048667664833,11.3,2.38449748587536));
#8268=CARTESIAN_POINT('Origin',(0.,11.3,0.));
#8269=CARTESIAN_POINT('',(-1.82048667664833,11.3,2.38449748587536));
#8270=CARTESIAN_POINT('Origin',(-1.82048667664833,10.9,2.38449748587536));
#8271=CARTESIAN_POINT('',(-1.82048667664833,10.5,2.38449748587536));
#8272=CARTESIAN_POINT('',(-1.82048667664833,9.25,2.38449748587536));
#8273=CARTESIAN_POINT('',(-1.82048667664833,10.5,2.38449748587536));
#8274=CARTESIAN_POINT('Origin',(-2.12132034355964,10.5,2.12132034355964));
#8275=CARTESIAN_POINT('Origin',(0.,10.5,0.));
#8276=CARTESIAN_POINT('Origin',(0.,9.25,0.));
#8277=CARTESIAN_POINT('',(-2.70243048399207,6.5,2.06321823353478));
#8278=CARTESIAN_POINT('',(-2.70243048399207,5.7,2.06321823353478));
#8279=CARTESIAN_POINT('',(-2.70243048399207,6.5,2.06321823353478));
#8280=CARTESIAN_POINT('',(-2.06321823353478,6.5,2.70243048399207));
#8281=CARTESIAN_POINT('Origin',(0.,6.5,0.));
#8282=CARTESIAN_POINT('',(-2.06321823353478,5.7,2.70243048399207));
#8283=CARTESIAN_POINT('',(-2.06321823353478,5.7,2.70243048399207));
#8284=CARTESIAN_POINT('Origin',(0.,5.7,0.));
#8285=CARTESIAN_POINT('Origin',(-2.38449748587536,6.1,1.82048667664833));
#8286=CARTESIAN_POINT('',(-2.38449748587536,5.7,1.82048667664833));
#8287=CARTESIAN_POINT('',(-2.38449748587536,5.7,1.82048667664833));
#8288=CARTESIAN_POINT('',(-2.38449748587536,6.5,1.82048667664833));
#8289=CARTESIAN_POINT('',(-2.38449748587536,9.25,1.82048667664833));
#8290=CARTESIAN_POINT('',(-2.38449748587536,6.5,1.82048667664833));
#8291=CARTESIAN_POINT('Origin',(-2.12132034355964,6.5,2.12132034355964));
#8292=CARTESIAN_POINT('',(-1.82048667664833,6.5,2.38449748587536));
#8293=CARTESIAN_POINT('Origin',(0.,6.5,0.));
#8294=CARTESIAN_POINT('',(-1.82048667664833,6.5,2.38449748587536));
#8295=CARTESIAN_POINT('Origin',(-1.82048667664833,6.1,2.38449748587536));
#8296=CARTESIAN_POINT('',(-1.82048667664833,5.7,2.38449748587536));
#8297=CARTESIAN_POINT('',(-1.82048667664833,9.25,2.38449748587536));
#8298=CARTESIAN_POINT('',(-1.82048667664833,5.7,2.38449748587536));
#8299=CARTESIAN_POINT('Origin',(-2.12132034355964,5.7,2.12132034355964));
#8300=CARTESIAN_POINT('Origin',(0.,5.7,0.));
#8301=CARTESIAN_POINT('Origin',(0.,9.25,0.));
#8302=CARTESIAN_POINT('',(-2.70243048399207,8.1,2.06321823353478));
#8303=CARTESIAN_POINT('',(-2.70243048399207,7.3,2.06321823353478));
#8304=CARTESIAN_POINT('',(-2.70243048399207,8.1,2.06321823353478));
#8305=CARTESIAN_POINT('',(-2.06321823353478,8.1,2.70243048399207));
#8306=CARTESIAN_POINT('Origin',(0.,8.1,0.));
#8307=CARTESIAN_POINT('',(-2.06321823353478,7.3,2.70243048399207));
#8308=CARTESIAN_POINT('',(-2.06321823353478,7.3,2.70243048399207));
#8309=CARTESIAN_POINT('Origin',(0.,7.3,0.));
#8310=CARTESIAN_POINT('Origin',(-2.38449748587536,7.7,1.82048667664833));
#8311=CARTESIAN_POINT('',(-2.38449748587536,7.3,1.82048667664833));
#8312=CARTESIAN_POINT('',(-2.38449748587536,7.3,1.82048667664833));
#8313=CARTESIAN_POINT('',(-2.38449748587536,8.1,1.82048667664833));
#8314=CARTESIAN_POINT('',(-2.38449748587536,9.25,1.82048667664833));
#8315=CARTESIAN_POINT('',(-2.38449748587536,8.1,1.82048667664833));
#8316=CARTESIAN_POINT('Origin',(-2.12132034355964,8.1,2.12132034355964));
#8317=CARTESIAN_POINT('',(-1.82048667664833,8.1,2.38449748587536));
#8318=CARTESIAN_POINT('Origin',(0.,8.1,0.));
#8319=CARTESIAN_POINT('',(-1.82048667664833,8.1,2.38449748587536));
#8320=CARTESIAN_POINT('Origin',(-1.82048667664833,7.7,2.38449748587536));
#8321=CARTESIAN_POINT('',(-1.82048667664833,7.3,2.38449748587536));
#8322=CARTESIAN_POINT('',(-1.82048667664833,9.25,2.38449748587536));
#8323=CARTESIAN_POINT('',(-1.82048667664833,7.3,2.38449748587536));
#8324=CARTESIAN_POINT('Origin',(-2.12132034355964,7.3,2.12132034355964));
#8325=CARTESIAN_POINT('Origin',(0.,7.3,0.));
#8326=CARTESIAN_POINT('Origin',(0.,9.25,0.));
#8327=CARTESIAN_POINT('',(-3.36982252491621,9.7,-0.451991316915867));
#8328=CARTESIAN_POINT('',(-3.36982252491621,8.9,-0.451991316915868));
#8329=CARTESIAN_POINT('',(-3.36982252491621,9.7,-0.451991316915868));
#8330=CARTESIAN_POINT('',(-3.36982252491621,9.7,0.451991316915868));
#8331=CARTESIAN_POINT('Origin',(0.,9.7,0.));
#8332=CARTESIAN_POINT('',(-3.36982252491621,8.9,0.451991316915868));
#8333=CARTESIAN_POINT('',(-3.36982252491621,8.9,0.451991316915868));
#8334=CARTESIAN_POINT('Origin',(0.,8.9,0.));
#8335=CARTESIAN_POINT('Origin',(-2.97337281610254,9.3,-0.398815867866942));
#8336=CARTESIAN_POINT('',(-2.97337281610254,8.9,-0.398815867866942));
#8337=CARTESIAN_POINT('',(-2.97337281610254,8.9,-0.398815867866942));
#8338=CARTESIAN_POINT('',(-2.97337281610254,9.7,-0.398815867866942));
#8339=CARTESIAN_POINT('',(-2.97337281610254,9.25,-0.398815867866942));
#8340=CARTESIAN_POINT('',(-2.97337281610254,9.7,-0.398815867866942));
#8341=CARTESIAN_POINT('Origin',(-3.,9.7,3.46944695195361E-16));
#8342=CARTESIAN_POINT('',(-2.97337281610254,9.7,0.398815867866942));
#8343=CARTESIAN_POINT('Origin',(0.,9.7,0.));
#8344=CARTESIAN_POINT('',(-2.97337281610254,9.7,0.398815867866942));
#8345=CARTESIAN_POINT('Origin',(-2.97337281610254,9.3,0.398815867866942));
#8346=CARTESIAN_POINT('',(-2.97337281610254,8.9,0.398815867866942));
#8347=CARTESIAN_POINT('',(-2.97337281610254,9.25,0.398815867866942));
#8348=CARTESIAN_POINT('',(-2.97337281610254,8.9,0.398815867866942));
#8349=CARTESIAN_POINT('Origin',(-3.,8.9,0.));
#8350=CARTESIAN_POINT('Origin',(0.,8.9,0.));
#8351=CARTESIAN_POINT('Origin',(0.,9.25,0.));
#8352=CARTESIAN_POINT('',(-3.36982252491621,11.3,-0.451991316915867));
#8353=CARTESIAN_POINT('',(-3.36982252491621,10.5,-0.451991316915868));
#8354=CARTESIAN_POINT('',(-3.36982252491621,11.3,-0.451991316915868));
#8355=CARTESIAN_POINT('',(-3.36982252491621,11.3,0.451991316915868));
#8356=CARTESIAN_POINT('Origin',(0.,11.3,0.));
#8357=CARTESIAN_POINT('',(-3.36982252491621,10.5,0.451991316915868));
#8358=CARTESIAN_POINT('',(-3.36982252491621,10.5,0.451991316915868));
#8359=CARTESIAN_POINT('Origin',(0.,10.5,0.));
#8360=CARTESIAN_POINT('Origin',(-2.97337281610254,10.9,-0.398815867866942));
#8361=CARTESIAN_POINT('',(-2.97337281610254,10.5,-0.398815867866942));
#8362=CARTESIAN_POINT('',(-2.97337281610254,10.5,-0.398815867866942));
#8363=CARTESIAN_POINT('',(-2.97337281610254,11.3,-0.398815867866942));
#8364=CARTESIAN_POINT('',(-2.97337281610254,9.25,-0.398815867866942));
#8365=CARTESIAN_POINT('',(-2.97337281610254,11.3,-0.398815867866942));
#8366=CARTESIAN_POINT('Origin',(-3.,11.3,3.46944695195361E-16));
#8367=CARTESIAN_POINT('',(-2.97337281610254,11.3,0.398815867866942));
#8368=CARTESIAN_POINT('Origin',(0.,11.3,0.));
#8369=CARTESIAN_POINT('',(-2.97337281610254,11.3,0.398815867866942));
#8370=CARTESIAN_POINT('Origin',(-2.97337281610254,10.9,0.398815867866942));
#8371=CARTESIAN_POINT('',(-2.97337281610254,10.5,0.398815867866942));
#8372=CARTESIAN_POINT('',(-2.97337281610254,9.25,0.398815867866942));
#8373=CARTESIAN_POINT('',(-2.97337281610254,10.5,0.398815867866942));
#8374=CARTESIAN_POINT('Origin',(-3.,10.5,0.));
#8375=CARTESIAN_POINT('Origin',(0.,10.5,0.));
#8376=CARTESIAN_POINT('Origin',(0.,9.25,0.));
#8377=CARTESIAN_POINT('',(-3.36982252491621,6.5,-0.451991316915867));
#8378=CARTESIAN_POINT('',(-3.36982252491621,5.7,-0.451991316915868));
#8379=CARTESIAN_POINT('',(-3.36982252491621,6.5,-0.451991316915868));
#8380=CARTESIAN_POINT('',(-3.36982252491621,6.5,0.451991316915868));
#8381=CARTESIAN_POINT('Origin',(0.,6.5,0.));
#8382=CARTESIAN_POINT('',(-3.36982252491621,5.7,0.451991316915868));
#8383=CARTESIAN_POINT('',(-3.36982252491621,5.7,0.451991316915868));
#8384=CARTESIAN_POINT('Origin',(0.,5.7,0.));
#8385=CARTESIAN_POINT('Origin',(-2.97337281610254,6.1,-0.398815867866942));
#8386=CARTESIAN_POINT('',(-2.97337281610254,5.7,-0.398815867866942));
#8387=CARTESIAN_POINT('',(-2.97337281610254,5.7,-0.398815867866942));
#8388=CARTESIAN_POINT('',(-2.97337281610254,6.5,-0.398815867866942));
#8389=CARTESIAN_POINT('',(-2.97337281610254,9.25,-0.398815867866942));
#8390=CARTESIAN_POINT('',(-2.97337281610254,6.5,-0.398815867866942));
#8391=CARTESIAN_POINT('Origin',(-3.,6.5,3.46944695195361E-16));
#8392=CARTESIAN_POINT('',(-2.97337281610254,6.5,0.398815867866942));
#8393=CARTESIAN_POINT('Origin',(0.,6.5,0.));
#8394=CARTESIAN_POINT('',(-2.97337281610254,6.5,0.398815867866942));
#8395=CARTESIAN_POINT('Origin',(-2.97337281610254,6.1,0.398815867866942));
#8396=CARTESIAN_POINT('',(-2.97337281610254,5.7,0.398815867866942));
#8397=CARTESIAN_POINT('',(-2.97337281610254,9.25,0.398815867866942));
#8398=CARTESIAN_POINT('',(-2.97337281610254,5.7,0.398815867866942));
#8399=CARTESIAN_POINT('Origin',(-3.,5.7,0.));
#8400=CARTESIAN_POINT('Origin',(0.,5.7,0.));
#8401=CARTESIAN_POINT('Origin',(0.,9.25,0.));
#8402=CARTESIAN_POINT('',(-3.36982252491621,8.1,-0.451991316915867));
#8403=CARTESIAN_POINT('',(-3.36982252491621,7.3,-0.451991316915868));
#8404=CARTESIAN_POINT('',(-3.36982252491621,8.1,-0.451991316915868));
#8405=CARTESIAN_POINT('',(-3.36982252491621,8.1,0.451991316915868));
#8406=CARTESIAN_POINT('Origin',(0.,8.1,0.));
#8407=CARTESIAN_POINT('',(-3.36982252491621,7.3,0.451991316915868));
#8408=CARTESIAN_POINT('',(-3.36982252491621,7.3,0.451991316915868));
#8409=CARTESIAN_POINT('Origin',(0.,7.3,0.));
#8410=CARTESIAN_POINT('Origin',(-2.97337281610254,7.7,-0.398815867866942));
#8411=CARTESIAN_POINT('',(-2.97337281610254,7.3,-0.398815867866942));
#8412=CARTESIAN_POINT('',(-2.97337281610254,7.3,-0.398815867866942));
#8413=CARTESIAN_POINT('',(-2.97337281610254,8.1,-0.398815867866942));
#8414=CARTESIAN_POINT('',(-2.97337281610254,9.25,-0.398815867866942));
#8415=CARTESIAN_POINT('',(-2.97337281610254,8.1,-0.398815867866942));
#8416=CARTESIAN_POINT('Origin',(-3.,8.1,3.46944695195361E-16));
#8417=CARTESIAN_POINT('',(-2.97337281610254,8.1,0.398815867866942));
#8418=CARTESIAN_POINT('Origin',(0.,8.1,0.));
#8419=CARTESIAN_POINT('',(-2.97337281610254,8.1,0.398815867866942));
#8420=CARTESIAN_POINT('Origin',(-2.97337281610254,7.7,0.398815867866942));
#8421=CARTESIAN_POINT('',(-2.97337281610254,7.3,0.398815867866942));
#8422=CARTESIAN_POINT('',(-2.97337281610254,9.25,0.398815867866942));
#8423=CARTESIAN_POINT('',(-2.97337281610254,7.3,0.398815867866942));
#8424=CARTESIAN_POINT('Origin',(-3.,7.3,0.));
#8425=CARTESIAN_POINT('Origin',(0.,7.3,0.));
#8426=CARTESIAN_POINT('Ctrl Pts',(-1.26059492705578,-0.329089653438087,
-2.58055893749421));
#8427=CARTESIAN_POINT('Ctrl Pts',(-2.11739321949621,-0.276246960526371,
-2.162015665621));
#8428=CARTESIAN_POINT('Ctrl Pts',(-3.3666679573627,-0.17056157470294,-0.411708381765378));
#8429=CARTESIAN_POINT('Ctrl Pts',(-2.17373005427305,-0.0120334959677929,
2.60786999262681));
#8430=CARTESIAN_POINT('Ctrl Pts',(1.00630243523346,0.146494582767354,3.23921548872149));
#8431=CARTESIAN_POINT('Ctrl Pts',(3.26628937209038,0.305022661502501,0.917766267492023));
#8432=CARTESIAN_POINT('Ctrl Pts',(2.54567305753988,0.463550740237648,-2.24339055640633));
#8433=CARTESIAN_POINT('Ctrl Pts',(-0.498976863893388,0.622078818972795,
-3.35580411587052));
#8434=CARTESIAN_POINT('Ctrl Pts',(-3.08796263117601,0.780606897707942,-1.40565896992406));
#8435=CARTESIAN_POINT('Ctrl Pts',(-2.85844142028575,0.939134976443089,1.82781680014558));
#8436=CARTESIAN_POINT('Ctrl Pts',(-0.0197503916432334,1.09766305517824,
3.39275746020362));
#8437=CARTESIAN_POINT('Ctrl Pts',(2.83694126186186,1.25619113391338,1.86095872345595));
#8438=CARTESIAN_POINT('Ctrl Pts',(3.1041540876753,1.41471921264853,-1.36953659813453));
#8439=CARTESIAN_POINT('Ctrl Pts',(0.537972903500658,1.57324729138368,-3.3498922992891));
#8440=CARTESIAN_POINT('Ctrl Pts',(-2.51926923679314,1.73177537011882,-2.27263814115828));
#8441=CARTESIAN_POINT('Ctrl Pts',(-3.27695479487847,1.89030344885397,0.879180085983786));
#8442=CARTESIAN_POINT('Ctrl Pts',(-1.04357853481664,2.04883152758912,3.22821049754572));
#8443=CARTESIAN_POINT('Ctrl Pts',(2.14246983851326,2.20735960632426,2.63117378664323));
#8444=CARTESIAN_POINT('Ctrl Pts',(3.37269359203211,2.36588768505941,-0.368617848513027));
#8445=CARTESIAN_POINT('Ctrl Pts',(1.52485278040475,2.52441576379456,-3.0298491004705));
#8446=CARTESIAN_POINT('Ctrl Pts',(-1.71569520111198,2.68294384252971,-2.929586698525));
#8447=CARTESIAN_POINT('Ctrl Pts',(-3.38855893898211,2.84147192126485,-0.147055240617627));
#8448=CARTESIAN_POINT('Ctrl Pts',(-2.44385113832991,2.94715730708828,1.78472894245675));
#8449=CARTESIAN_POINT('Ctrl Pts',(-1.66746714335672,3.,2.33836210323076));
#8450=CARTESIAN_POINT('Ctrl Pts',(-1.34399083100446,-0.219393102292058,
-2.75127836581033));
#8451=CARTESIAN_POINT('Ctrl Pts',(-2.25747146173308,-0.166550409380342,
-2.30504594990651));
#8452=CARTESIAN_POINT('Ctrl Pts',(-3.58939320523837,-0.0608650235569109,
-0.43894535688217));
#8453=CARTESIAN_POINT('Ctrl Pts',(-2.3175353155237,0.0976630551782361,2.78039621080198));
#8454=CARTESIAN_POINT('Ctrl Pts',(1.07287536792648,0.256191133913383,3.45350899250181));
#8455=CARTESIAN_POINT('Ctrl Pts',(3.4823739753972,0.41471921264853,0.978482002458419));
#8456=CARTESIAN_POINT('Ctrl Pts',(2.71408457597044,0.573247291383677,-2.39180427705994));
#8457=CARTESIAN_POINT('Ctrl Pts',(-0.531987171741487,0.731775370118824,
-3.57781065556948));
#8458=CARTESIAN_POINT('Ctrl Pts',(-3.29224985259782,0.890303448853971,-1.49865172907641));
#8459=CARTESIAN_POINT('Ctrl Pts',(-3.04754443903724,1.04883152758912,1.94873782801036));
#8460=CARTESIAN_POINT('Ctrl Pts',(-0.0210569983327247,1.20735960632427,
3.61720868493855));
#8461=CARTESIAN_POINT('Ctrl Pts',(3.02462191637222,1.36588768505941,1.98407228802998));
#8462=CARTESIAN_POINT('Ctrl Pts',(3.30951247091287,1.52441576379456,-1.46013964606125));
#8463=CARTESIAN_POINT('Ctrl Pts',(0.573563032910521,1.68294384252971,-3.57150773691617));
#8464=CARTESIAN_POINT('Ctrl Pts',(-2.68593398435257,1.84147192126485,-2.42298676470287));
#8465=CARTESIAN_POINT('Ctrl Pts',(-3.49374497977642,2.,0.937343113956249));
#8466=CARTESIAN_POINT('Ctrl Pts',(-1.11261750473836,2.15852807873515,3.44177595525243));
#8467=CARTESIAN_POINT('Ctrl Pts',(2.28420704927841,2.31705615747029,2.8052416903557));
#8468=CARTESIAN_POINT('Ctrl Pts',(3.59581747172783,2.47558423620544,-0.39300412679209));
#8469=CARTESIAN_POINT('Ctrl Pts',(1.6257309239552,2.63411231494059,-3.23029176380246));
#8470=CARTESIAN_POINT('Ctrl Pts',(-1.82919871372036,2.79264039367574,-3.12339640351099));
#8471=CARTESIAN_POINT('Ctrl Pts',(-3.61273240639388,2.95116847241088,-0.15678382547743));
#8472=CARTESIAN_POINT('Ctrl Pts',(-2.60552652700772,3.05685385823431,1.90279945048836));
#8473=CARTESIAN_POINT('Ctrl Pts',(-1.7777800811136,3.10969655114603,2.49305876047792));
#8474=CARTESIAN_POINT('Ctrl Pts',(-1.42738673495314,-0.109696551146029,
-2.92199779412645));
#8475=CARTESIAN_POINT('Ctrl Pts',(-2.39754970396995,-0.0568538582343133,
-2.44807623419203));
#8476=CARTESIAN_POINT('Ctrl Pts',(-3.81211845311404,0.0488315275891182,
-0.46618233199896));
#8477=CARTESIAN_POINT('Ctrl Pts',(-2.46134057677436,0.207359606324265,2.95292242897715));
#8478=CARTESIAN_POINT('Ctrl Pts',(1.1394483006195,0.365887685059413,3.66780249628213));
#8479=CARTESIAN_POINT('Ctrl Pts',(3.69845857870401,0.524415763794558,1.03919773742482));
#8480=CARTESIAN_POINT('Ctrl Pts',(2.882496094401,0.682943842529707,-2.54021799771357));
#8481=CARTESIAN_POINT('Ctrl Pts',(-0.564997479589585,0.841471921264853,
-3.79981719526843));
#8482=CARTESIAN_POINT('Ctrl Pts',(-3.49653707401963,1.,-1.59164448822878));
#8483=CARTESIAN_POINT('Ctrl Pts',(-3.23664745778874,1.15852807873515,2.06965885587515));
#8484=CARTESIAN_POINT('Ctrl Pts',(-0.022363605022215,1.31705615747029,3.84165990967347));
#8485=CARTESIAN_POINT('Ctrl Pts',(3.21230257088258,1.47558423620544,2.10718585260402));
#8486=CARTESIAN_POINT('Ctrl Pts',(3.51487085415044,1.63411231494059,-1.55074269398798));
#8487=CARTESIAN_POINT('Ctrl Pts',(0.609153162320385,1.79264039367573,-3.79312317454324));
#8488=CARTESIAN_POINT('Ctrl Pts',(-2.852598731912,1.95116847241088,-2.57333538824747));
#8489=CARTESIAN_POINT('Ctrl Pts',(-3.71053516467437,2.10969655114603,0.995506141928714));
#8490=CARTESIAN_POINT('Ctrl Pts',(-1.18165647466007,2.26822462988118,3.65534141295915));
#8491=CARTESIAN_POINT('Ctrl Pts',(2.42594426004356,2.42675270861632,2.97930959406817));
#8492=CARTESIAN_POINT('Ctrl Pts',(3.81894135142354,2.58528078735147,-0.417390405071156));
#8493=CARTESIAN_POINT('Ctrl Pts',(1.72660906750566,2.74380886608662,-3.43073442713442));
#8494=CARTESIAN_POINT('Ctrl Pts',(-1.94270222632874,2.90233694482176,-3.31720610849697));
#8495=CARTESIAN_POINT('Ctrl Pts',(-3.83690587380564,3.06086502355691,-0.166512410337228));
#8496=CARTESIAN_POINT('Ctrl Pts',(-2.76720191568554,3.16655040938034,2.02086995851996));
#8497=CARTESIAN_POINT('Ctrl Pts',(-1.88809301887049,3.21939310229206,2.64775541772508));
#8498=CARTESIAN_POINT('Ctrl Pts',(-1.51078263890181,0.,-3.09271722244257));
#8499=CARTESIAN_POINT('Ctrl Pts',(-2.53762794620681,0.0528426929117157,
-2.59110651847754));
#8500=CARTESIAN_POINT('Ctrl Pts',(-4.0348437009897,0.158528078735147,-0.493419307115752));
#8501=CARTESIAN_POINT('Ctrl Pts',(-2.60514583802501,0.317056157470294,3.12544864715233));
#8502=CARTESIAN_POINT('Ctrl Pts',(1.20602123331252,0.475584236205441,3.88209600006246));
#8503=CARTESIAN_POINT('Ctrl Pts',(3.91454318201082,0.634112314940588,1.09991347239121));
#8504=CARTESIAN_POINT('Ctrl Pts',(3.05090761283157,0.792640393675734,-2.68863171836719));
#8505=CARTESIAN_POINT('Ctrl Pts',(-0.598007787437686,0.951168472410884,
-4.02182373496739));
#8506=CARTESIAN_POINT('Ctrl Pts',(-3.70082429544144,1.10969655114603,-1.68463724738113));
#8507=CARTESIAN_POINT('Ctrl Pts',(-3.42575047654023,1.26822462988118,2.19057988373993));
#8508=CARTESIAN_POINT('Ctrl Pts',(-0.0236702117117062,1.42675270861632,
4.06611113440838));
#8509=CARTESIAN_POINT('Ctrl Pts',(3.39998322539294,1.58528078735147,2.23029941717805));
#8510=CARTESIAN_POINT('Ctrl Pts',(3.72022923738801,1.74380886608661,-1.6413457419147));
#8511=CARTESIAN_POINT('Ctrl Pts',(0.644743291730248,1.90233694482176,-4.0147386121703));
#8512=CARTESIAN_POINT('Ctrl Pts',(-3.01926347947144,2.06086502355691,-2.72368401179206));
#8513=CARTESIAN_POINT('Ctrl Pts',(-3.92732534957232,2.21939310229206,1.05366916990118));
#8514=CARTESIAN_POINT('Ctrl Pts',(-1.25069544458179,2.37792118102721,3.86890687066586));
#8515=CARTESIAN_POINT('Ctrl Pts',(2.56768147080871,2.53644925976235,3.15337749778064));
#8516=CARTESIAN_POINT('Ctrl Pts',(4.04206523111926,2.6949773384975,-0.441776683350216));
#8517=CARTESIAN_POINT('Ctrl Pts',(1.82748721105611,2.85350541723264,-3.63117709046639));
#8518=CARTESIAN_POINT('Ctrl Pts',(-2.05620573893713,3.01203349596779,-3.51101581348295));
#8519=CARTESIAN_POINT('Ctrl Pts',(-4.06107934121741,3.17056157470294,-0.176240995197035));
#8520=CARTESIAN_POINT('Ctrl Pts',(-2.92887730436335,3.27624696052637,2.13894046655157));
#8521=CARTESIAN_POINT('Ctrl Pts',(-1.99840595662738,3.32908965343809,2.80245207497224));
#8522=CARTESIAN_POINT('Ctrl Pts',(-1.51442129635206,3.,-3.09710677218153));
#8523=CARTESIAN_POINT('Ctrl Pts',(-1.5890662645275,3.,-3.0534126190554));
#8524=CARTESIAN_POINT('Ctrl Pts',(-1.66182928690009,3.,-3.00679044678557));
#8525=CARTESIAN_POINT('Ctrl Pts',(-1.73251423044918,3.,-2.95723063211701));
#8526=CARTESIAN_POINT('Ctrl Pts',(-1.82267694857215,3.,-2.89401423303926));
#8527=CARTESIAN_POINT('Ctrl Pts',(-1.90946003304337,3.,-2.82601879221046));
#8528=CARTESIAN_POINT('Ctrl Pts',(-1.99268326974651,3.,-2.75364024026599));
#8529=CARTESIAN_POINT('Ctrl Pts',(-2.03900484082746,3.,-2.7133547578521));
#8530=CARTESIAN_POINT('Ctrl Pts',(-2.08422287757169,3.,-2.67171075910802));
#8531=CARTESIAN_POINT('Ctrl Pts',(-2.12830059566607,3.,-2.62877267066049));
#8532=CARTESIAN_POINT('Ctrl Pts',(-2.14829194455696,3.,-2.60929819820653));
#8533=CARTESIAN_POINT('Ctrl Pts',(-2.16804866519092,3.,-2.58955749360899));
#8534=CARTESIAN_POINT('Ctrl Pts',(-2.18756702704572,3.,-2.56955643329643));
#8535=CARTESIAN_POINT('Ctrl Pts',(-2.20443820169706,3.,-2.55226802639755));
#8536=CARTESIAN_POINT('Ctrl Pts',(-2.22113347165294,3.,-2.53478259107062));
#8537=CARTESIAN_POINT('Ctrl Pts',(-2.23763318650206,3.,-2.51712270262175));
#8538=CARTESIAN_POINT('Ctrl Pts',(-2.31273962448501,3.,-2.43673517297656));
#8539=CARTESIAN_POINT('Ctrl Pts',(-2.38387138857741,3.,-2.35266187288258));
#8540=CARTESIAN_POINT('Ctrl Pts',(-2.45085087563735,3.,-2.26529891298972));
#8541=CARTESIAN_POINT('Ctrl Pts',(-2.50888609455031,3.,-2.1896021776933));
#8542=CARTESIAN_POINT('Ctrl Pts',(-2.56380345039409,3.,-2.11143478746789));
#8543=CARTESIAN_POINT('Ctrl Pts',(-2.61545892836431,3.,-2.03104058781043));
#8544=CARTESIAN_POINT('Ctrl Pts',(-2.63805819997628,3.,-1.9958681254603));
#8545=CARTESIAN_POINT('Ctrl Pts',(-2.66003276922217,3.,-1.96026931670856));
#8546=CARTESIAN_POINT('Ctrl Pts',(-2.68136884391395,3.,-1.92426416270544));
#8547=CARTESIAN_POINT('Ctrl Pts',(-2.69565570856739,3.,-1.90015472507457));
#8548=CARTESIAN_POINT('Ctrl Pts',(-2.70965626384397,3.,-1.87586308667953));
#8549=CARTESIAN_POINT('Ctrl Pts',(-2.72336609063837,3.,-1.85139522301229));
#8550=CARTESIAN_POINT('Ctrl Pts',(-2.73138564917558,3.,-1.83708275445216));
#8551=CARTESIAN_POINT('Ctrl Pts',(-2.73930442610384,3.,-1.82271220363078));
#8552=CARTESIAN_POINT('Ctrl Pts',(-2.74711662539795,3.,-1.8082943109034));
#8553=CARTESIAN_POINT('Ctrl Pts',(-2.79863840612016,3.,-1.71320770601661));
#8554=CARTESIAN_POINT('Ctrl Pts',(-2.84559414317296,3.,-1.61594727737799));
#8555=CARTESIAN_POINT('Ctrl Pts',(-2.88781365363822,3.,-1.51688170565832));
#8556=CARTESIAN_POINT('Ctrl Pts',(-2.9297418269324,3.,-1.41849973929308));
#8557=CARTESIAN_POINT('Ctrl Pts',(-2.96699917274031,3.,-1.31833656806366));
#8558=CARTESIAN_POINT('Ctrl Pts',(-2.99936966457977,3.,-1.21674012613428));
#8559=CARTESIAN_POINT('Ctrl Pts',(-3.03076515312353,3.,-1.11820378184577));
#8560=CARTESIAN_POINT('Ctrl Pts',(-3.05756377291182,3.,-1.01831844892028));
#8561=CARTESIAN_POINT('Ctrl Pts',(-3.0795200413367,3.,-0.917401174406272));
#8562=CARTESIAN_POINT('Ctrl Pts',(-3.09342304798554,3.,-0.853498988870905));
#8563=CARTESIAN_POINT('Ctrl Pts',(-3.10538350082846,3.,-0.789183066999111));
#8564=CARTESIAN_POINT('Ctrl Pts',(-3.11532843102437,3.,-0.724535832817582));
#8565=CARTESIAN_POINT('Ctrl Pts',(-3.11820296572725,3.,-0.705849857708754));
#8566=CARTESIAN_POINT('Ctrl Pts',(-3.12090905465559,3.,-0.68713621698764));
#8567=CARTESIAN_POINT('Ctrl Pts',(-3.12344480095268,3.,-0.668396940639968));
#8568=CARTESIAN_POINT('Ctrl Pts',(-3.12550673810719,3.,-0.65315913463618));
#8569=CARTESIAN_POINT('Ctrl Pts',(-3.12745599897841,3.,-0.637904146806042));
#8570=CARTESIAN_POINT('Ctrl Pts',(-3.12928997527081,3.,-0.62264780884873));
#8571=CARTESIAN_POINT('Ctrl Pts',(-3.14148547080966,3.,-0.521196878284215));
#8572=CARTESIAN_POINT('Ctrl Pts',(-3.14860987205646,3.,-0.419525804728357));
#8573=CARTESIAN_POINT('Ctrl Pts',(-3.15047227174393,3.,-0.3179457785458));
#8574=CARTESIAN_POINT('Ctrl Pts',(-3.15156018446216,3.,-0.25860824582127));
#8575=CARTESIAN_POINT('Ctrl Pts',(-3.1508516262673,3.,-0.199301735638861));
#8576=CARTESIAN_POINT('Ctrl Pts',(-3.14830028368396,3.,-0.140088967578788));
#8577=CARTESIAN_POINT('Ctrl Pts',(-3.14385730924122,3.,-0.0369743106552886));
#8578=CARTESIAN_POINT('Ctrl Pts',(-3.13382851959154,3.,0.0658572835888905));
#8579=CARTESIAN_POINT('Ctrl Pts',(-3.11842173887004,3.,0.168059178902301));
#8580=CARTESIAN_POINT('Ctrl Pts',(-3.10293791996375,3.,0.270772112091719));
#8581=CARTESIAN_POINT('Ctrl Pts',(-3.08202166301803,3.,0.372849864399939));
#8582=CARTESIAN_POINT('Ctrl Pts',(-3.0558385350904,3.,0.473914911359236));
#8583=CARTESIAN_POINT('Ctrl Pts',(-3.04967913728537,3.,0.49768975713502));
#8584=CARTESIAN_POINT('Ctrl Pts',(-3.04322809759614,3.,0.521408418133877));
#8585=CARTESIAN_POINT('Ctrl Pts',(-3.03648725811808,3.,0.54506569729156));
#8586=CARTESIAN_POINT('Ctrl Pts',(-3.03238158252883,3.,0.559474750327469));
#8587=CARTESIAN_POINT('Ctrl Pts',(-3.02817092695907,3.,0.573852113726178));
#8588=CARTESIAN_POINT('Ctrl Pts',(-3.02385673326038,3.,0.588194633961544));
#8589=CARTESIAN_POINT('Ctrl Pts',(-2.99453833066072,3.,0.685663549806218));
#8590=CARTESIAN_POINT('Ctrl Pts',(-2.96043301944238,3.,0.781557591521604));
#8591=CARTESIAN_POINT('Ctrl Pts',(-2.92177014249494,3.,0.875557034870289));
#8592=CARTESIAN_POINT('Ctrl Pts',(-2.88305489860561,3.,0.969683795784971));
#8593=CARTESIAN_POINT('Ctrl Pts',(-2.83976915434832,3.,1.06191160387449));
#8594=CARTESIAN_POINT('Ctrl Pts',(-2.79209795901521,3.,1.15189331385));
#8595=CARTESIAN_POINT('Ctrl Pts',(-2.74503501897991,3.,1.24072691223703));
#8596=CARTESIAN_POINT('Ctrl Pts',(-2.69369720634761,3.,1.32737201572664));
#8597=CARTESIAN_POINT('Ctrl Pts',(-2.63822758174895,3.,1.41145862888749));
#8598=CARTESIAN_POINT('Ctrl Pts',(-2.60708592531661,3.,1.45866638333979));
#8599=CARTESIAN_POINT('Ctrl Pts',(-2.57464138187318,3.,1.50506702229037));
#8600=CARTESIAN_POINT('Ctrl Pts',(-2.5409154165407,3.,1.5505888492325));
#8601=CARTESIAN_POINT('Ctrl Pts',(-2.53137266762637,3.,1.56346923265067));
#8602=CARTESIAN_POINT('Ctrl Pts',(-2.52172731257497,3.,1.57627922760296));
#8603=CARTESIAN_POINT('Ctrl Pts',(-2.51197980385615,3.,1.58901713610341));
#8604=CARTESIAN_POINT('Ctrl Pts',(-2.50283212318029,3.,1.60097119767972));
#8605=CARTESIAN_POINT('Ctrl Pts',(-2.49359971521167,3.,1.61285489237859));
#8606=CARTESIAN_POINT('Ctrl Pts',(-2.48428558589221,3.,1.62466414102732));
#8607=CARTESIAN_POINT('Ctrl Pts',(-2.42314972499242,3.,1.70217740694372));
#8608=CARTESIAN_POINT('Ctrl Pts',(-2.35846373823792,3.,1.77652842008276));
#8609=CARTESIAN_POINT('Ctrl Pts',(-2.2904000646774,3.,1.84740195732481));
#8610=CARTESIAN_POINT('Ctrl Pts',(-2.22331080731572,3.,1.91726085167227));
#8611=CARTESIAN_POINT('Ctrl Pts',(-2.1529392883777,3.,1.98374167339672));
#8612=CARTESIAN_POINT('Ctrl Pts',(-2.07942098424947,3.,2.04650257536303));
#8613=CARTESIAN_POINT('Ctrl Pts',(-2.00820516052125,3.,2.10729790224735));
#8614=CARTESIAN_POINT('Ctrl Pts',(-1.93403602198263,3.,2.1646029831033));
#8615=CARTESIAN_POINT('Ctrl Pts',(-1.85701706686773,3.,2.21806325372911));
#8616=CARTESIAN_POINT('Ctrl Pts',(-1.79562921955211,3.,2.26067368548233));
#8617=CARTESIAN_POINT('Ctrl Pts',(-1.73243047300739,3.,2.30084082572732));
#8618=CARTESIAN_POINT('Ctrl Pts',(-1.66746714335672,3.,2.33836210323076));
#8619=CARTESIAN_POINT('',(-1.51078263890181,0.,-3.09271722244257));
#8620=CARTESIAN_POINT('Ctrl Pts',(-1.51078263890181,-3.46944695195361E-16,
-3.09271722244257));
#8621=CARTESIAN_POINT('Ctrl Pts',(-2.53762794620681,0.0528426929117153,
-2.59110651847754));
#8622=CARTESIAN_POINT('Ctrl Pts',(-3.28623582359825,0.105685385823431,-1.54226291279665));
#8623=CARTESIAN_POINT('Ctrl Pts',(-3.4222567851332,0.158528078735147,-0.414696450911526));
#8624=CARTESIAN_POINT('Ctrl Pts',(-3.43868921100755,0.1649119009378,-0.278477355749667));
#8625=CARTESIAN_POINT('Ctrl Pts',(-3.44618118646016,0.171295723140454,-0.141109333350329));
#8626=CARTESIAN_POINT('Ctrl Pts',(-3.44511297801791,0.177679545343107,-0.00357226737269139));
#8627=CARTESIAN_POINT('',(-1.66746714335671,0.,2.33836210323077));
#8628=CARTESIAN_POINT('Ctrl Pts',(-1.67106376874253,-3.64291929955129E-17,
2.34147610736189));
#8629=CARTESIAN_POINT('Ctrl Pts',(-1.73435568700566,-2.42578737902822E-17,
2.3053964368168));
#8630=CARTESIAN_POINT('Ctrl Pts',(-1.79602848071723,-3.47226105350999E-16,
2.26684718025859));
#8631=CARTESIAN_POINT('Ctrl Pts',(-1.8559193264595,-2.75821032680312E-16,
2.22586832640963));
#8632=CARTESIAN_POINT('Ctrl Pts',(-1.9332687519229,-2.05104355795299E-16,
2.17294386421374));
#8633=CARTESIAN_POINT('Ctrl Pts',(-2.00764727653101,1.14532452721028E-16,
2.11596897499836));
#8634=CARTESIAN_POINT('Ctrl Pts',(-2.07897978735131,1.59594559789866E-16,
2.05533311192176));
#8635=CARTESIAN_POINT('Ctrl Pts',(-2.1521181761718,2.05797474421238E-16,
1.99316217080158));
#8636=CARTESIAN_POINT('Ctrl Pts',(-2.22205488380877,-1.56280565409263E-16,
1.92714211868898));
#8637=CARTESIAN_POINT('Ctrl Pts',(-2.28868633021598,-1.73472347597681E-16,
1.85764285197989));
#8638=CARTESIAN_POINT('Ctrl Pts',(-2.35937122554683,-1.91709972473968E-16,
1.7839156757322));
#8639=CARTESIAN_POINT('Ctrl Pts',(-2.42633738726274,7.91064589290136E-17,
1.70627275577991));
#8640=CARTESIAN_POINT('Ctrl Pts',(-2.48942473086994,1.11022302462516E-16,
1.62510586766874));
#8641=CARTESIAN_POINT('Ctrl Pts',(-2.49834725826061,1.15536202903419E-16,
1.61362632611606));
#8642=CARTESIAN_POINT('Ctrl Pts',(-2.50719371932635,-1.65062059585922E-16,
1.6020741084735));
#8643=CARTESIAN_POINT('Ctrl Pts',(-2.51595827753696,-1.45716771982052E-16,
1.59045731853892));
#8644=CARTESIAN_POINT('Ctrl Pts',(-2.57601772089211,-1.31525083748151E-17,
1.51085285699294));
#8645=CARTESIAN_POINT('Ctrl Pts',(-2.63211255195217,4.95042994979868E-17,
1.42838352071635));
#8646=CARTESIAN_POINT('Ctrl Pts',(-2.68415557494004,6.93889390390723E-17,
1.34347012558776));
#8647=CARTESIAN_POINT('Ctrl Pts',(-2.73721556956687,8.96621439113632E-17,
1.25689743955608));
#8648=CARTESIAN_POINT('Ctrl Pts',(-2.78606442488596,3.49687392084578E-18,
1.16778361868897));
#8649=CARTESIAN_POINT('Ctrl Pts',(-2.83057919230657,-1.2490009027033E-16,
1.07652880491899));
#8650=CARTESIAN_POINT('Ctrl Pts',(-2.87542837535792,-2.54261632156817E-16,
0.984588442557522));
#8651=CARTESIAN_POINT('Ctrl Pts',(-2.91587866720787,1.21143438996761E-16,
0.890474019096677));
#8652=CARTESIAN_POINT('Ctrl Pts',(-2.95176513575121,1.66533453693773E-16,
0.794559487793241));
#8653=CARTESIAN_POINT('Ctrl Pts',(-2.96936447577464,1.8879349584187E-16,
0.747521355647188));
#8654=CARTESIAN_POINT('Ctrl Pts',(-2.98586552835575,2.04236571206554E-16,
0.700049819888223));
#8655=CARTESIAN_POINT('Ctrl Pts',(-3.00124479567436,2.22044604925031E-16,
0.652186810690316));
#8656=CARTESIAN_POINT('Ctrl Pts',(-3.0118897359819,2.34370644391055E-16,
0.619057867334604));
#8657=CARTESIAN_POINT('Ctrl Pts',(-3.02199718592854,-1.46525626378561E-16,
0.58574134611043));
#8658=CARTESIAN_POINT('Ctrl Pts',(-3.03155852741219,-1.94289029309402E-16,
0.552250873764861));
#8659=CARTESIAN_POINT('Ctrl Pts',(-3.03567060871368,-2.14830811696677E-16,
0.53784750313472));
#8660=CARTESIAN_POINT('Ctrl Pts',(-3.03968022696684,-3.42509500904278E-16,
0.523416874131695));
#8661=CARTESIAN_POINT('Ctrl Pts',(-3.04358486097067,-3.33066907387547E-16,
0.508967980996148));
#8662=CARTESIAN_POINT('Ctrl Pts',(-3.07096998234157,-2.66841348408592E-16,
0.407630777098371));
#8663=CARTESIAN_POINT('Ctrl Pts',(-3.0932274792411,-2.22173475195278E-16,
0.305282240318825));
#8664=CARTESIAN_POINT('Ctrl Pts',(-3.11023011045417,-1.94289029309402E-16,
0.202338635410121));
#8665=CARTESIAN_POINT('Ctrl Pts',(-3.12713354424465,-1.66567267959095E-16,
0.0999956281472457));
#8666=CARTESIAN_POINT('Ctrl Pts',(-3.1388437039059,1.8644021543948E-16,
-0.00293641048836064));
#8667=CARTESIAN_POINT('Ctrl Pts',(-3.14519250318782,3.88578058618805E-16,
-0.106075332054982));
#8668=CARTESIAN_POINT('Ctrl Pts',(-3.15084138723838,5.68431474618881E-16,
-0.197843835540321));
#8669=CARTESIAN_POINT('Ctrl Pts',(-3.1522455135097,-2.26696458496073E-16,
-0.289776895458334));
#8670=CARTESIAN_POINT('Ctrl Pts',(-3.1492530739365,-3.33066907387547E-16,
-0.381614868427485));
#8671=CARTESIAN_POINT('Ctrl Pts',(-3.14703017562227,-4.39838511811737E-16,
-0.449835619524005));
#8672=CARTESIAN_POINT('Ctrl Pts',(-3.14238053139106,3.47132343582552E-16,
-0.518004112376085));
#8673=CARTESIAN_POINT('Ctrl Pts',(-3.13536881015837,4.44089209850063E-16,
-0.586036769881574));
#8674=CARTESIAN_POINT('Ctrl Pts',(-3.13325625025929,4.73301322086097E-16,
-0.606534313823256));
#8675=CARTESIAN_POINT('Ctrl Pts',(-3.13092919875892,3.77612990980502E-17,
-0.627019524838226));
#8676=CARTESIAN_POINT('Ctrl Pts',(-3.12838923845574,2.77555756156289E-17,
-0.647490104641059));
#8677=CARTESIAN_POINT('Ctrl Pts',(-3.12652162105569,2.03984278473986E-17,
-0.662541997767566));
#8678=CARTESIAN_POINT('Ctrl Pts',(-3.1245393408606,4.61847842394067E-16,
-0.6775819669591));
#8679=CARTESIAN_POINT('Ctrl Pts',(-3.12244464490953,4.44089209850063E-16,
-0.692599658275361));
#8680=CARTESIAN_POINT('Ctrl Pts',(-3.10842173716334,3.25204335061718E-16,
-0.793135346894384));
#8681=CARTESIAN_POINT('Ctrl Pts',(-3.08934974003469,-3.76673799641622E-16,
-0.892796935327895));
#8682=CARTESIAN_POINT('Ctrl Pts',(-3.06552673352085,-3.60822483003176E-16,
-0.991310222000253));
#8683=CARTESIAN_POINT('Ctrl Pts',(-3.04110618230569,-3.44573572960186E-16,
-1.09229448530719));
#8684=CARTESIAN_POINT('Ctrl Pts',(-3.01169320177551,-8.23054879028092E-17,
-1.19207276325366));
#8685=CARTESIAN_POINT('Ctrl Pts',(-2.97755483948113,-2.77555756156289E-17,
-1.29035602335732));
#8686=CARTESIAN_POINT('Ctrl Pts',(-2.94153356498851,2.98030543825183E-17,
-1.39406012783939));
#8687=CARTESIAN_POINT('Ctrl Pts',(-2.90025140614353,-8.38981850402839E-16,
-1.49610064720275));
#8688=CARTESIAN_POINT('Ctrl Pts',(-2.85396199261665,-9.43689570931383E-16,
-1.59613297736805));
#8689=CARTESIAN_POINT('Ctrl Pts',(-2.81648768633197,-1.02845731565944E-15,
-1.67711568795712));
#8690=CARTESIAN_POINT('Ctrl Pts',(-2.7757303890519,-2.51287333956942E-16,
-1.75678235795887));
#8691=CARTESIAN_POINT('Ctrl Pts',(-2.73179787678337,-2.4980018054066E-16,
-1.83494140053448));
#8692=CARTESIAN_POINT('Ctrl Pts',(-2.72311455897229,-2.49506242746516E-16,
-1.85038963628174));
#8693=CARTESIAN_POINT('Ctrl Pts',(-2.714311480531,-2.51465828040808E-16,
-1.86577114741277));
#8694=CARTESIAN_POINT('Ctrl Pts',(-2.70539214151328,-2.4980018054066E-16,
-1.88108060872983));
#8695=CARTESIAN_POINT('Ctrl Pts',(-2.65032214994034,-2.39516100788301E-16,
-1.97560464285853));
#8696=CARTESIAN_POINT('Ctrl Pts',(-2.59079708693747,-1.89982473932381E-16,
-2.06743150047776));
#8697=CARTESIAN_POINT('Ctrl Pts',(-2.52708457450807,-2.22044604925031E-16,
-2.15623937992208));
#8698=CARTESIAN_POINT('Ctrl Pts',(-2.4629945162534,-2.5429672879732E-16,
-2.24557351461606));
#8699=CARTESIAN_POINT('Ctrl Pts',(-2.39466687623081,-6.75469009400772E-17,
-2.33185363421021));
#8700=CARTESIAN_POINT('Ctrl Pts',(-2.32232443355223,0.,-2.41473541369925));
#8701=CARTESIAN_POINT('Ctrl Pts',(-2.28693276249686,3.30455761564752E-17,
-2.45528318299689));
#8702=CARTESIAN_POINT('Ctrl Pts',(-2.25057947056415,7.99231984819872E-17,
-2.49501725925499));
#8703=CARTESIAN_POINT('Ctrl Pts',(-2.21328675584908,5.55111512312578E-17,
-2.53389492109431));
#8704=CARTESIAN_POINT('Ctrl Pts',(-2.19890383471381,4.60959999600095E-17,
-2.54888911898071));
#8705=CARTESIAN_POINT('Ctrl Pts',(-2.18438628771504,1.50229167346002E-16,
-2.56375048723009));
#8706=CARTESIAN_POINT('Ctrl Pts',(-2.16974110135427,1.66533453693773E-16,
-2.5784714377319));
#8707=CARTESIAN_POINT('Ctrl Pts',(-2.09092112632438,2.54282657504105E-16,
-2.65769917320657));
#8708=CARTESIAN_POINT('Ctrl Pts',(-2.00836044229779,5.70255987634562E-16,
-2.73291091351225));
#8709=CARTESIAN_POINT('Ctrl Pts',(-1.92230406535224,3.88578058618805E-16,
-2.80376382288799));
#8710=CARTESIAN_POINT('Ctrl Pts',(-1.83752424432315,2.09595130757038E-16,
-2.87356570381152));
#8711=CARTESIAN_POINT('Ctrl Pts',(-1.74935115475422,9.60764305292184E-17,
-2.93913785788663));
#8712=CARTESIAN_POINT('Ctrl Pts',(-1.65797819066091,-5.55111512312578E-17,
-3.00012380173121));
#8713=CARTESIAN_POINT('Ctrl Pts',(-1.6097952959948,-1.35446486120879E-16,
-3.0322829785461));
#8714=CARTESIAN_POINT('Ctrl Pts',(-1.5607219786463,2.69661370711975E-17,
-3.06316632934141));
#8715=CARTESIAN_POINT('Ctrl Pts',(-1.51078263890181,0.,-3.09271722244257));
#8716=CARTESIAN_POINT('Ctrl Pts',(-1.67106376874253,-3.74049749507499E-17,
2.34147610736189));
#8717=CARTESIAN_POINT('Ctrl Pts',(-0.953676881178399,0.0488315275891179,
2.8474321446871));
#8718=CARTESIAN_POINT('Ctrl Pts',(1.06348587745375,0.150505748089952,3.18047689371257));
#8719=CARTESIAN_POINT('Ctrl Pts',(3.26628937209038,0.305022661502501,0.917766267492023));
#8720=CARTESIAN_POINT('Ctrl Pts',(2.54567305753988,0.463550740237648,-2.24339055640633));
#8721=CARTESIAN_POINT('Ctrl Pts',(-0.498976863893388,0.622078818972795,
-3.35580411587052));
#8722=CARTESIAN_POINT('Ctrl Pts',(-2.59505324242748,0.750425202861919,-1.77694137093482));
#8723=CARTESIAN_POINT('Ctrl Pts',(-2.869099610522,0.825928893839328,-0.411456572247425));
#8724=CARTESIAN_POINT('Ctrl Pts',(-2.86771244701433,0.848589891905021,-0.00109722340217704));
#8725=CARTESIAN_POINT('Origin',(0.,-1.84858989190502,0.));
#8726=CARTESIAN_POINT('',(1.66746714335671,0.,2.33836210323077));
#8727=CARTESIAN_POINT('Origin',(0.,0.,0.));
#8728=CARTESIAN_POINT('Ctrl Pts',(1.66746714335671,2.77555756156289E-16,
2.33836210323077));
#8729=CARTESIAN_POINT('Ctrl Pts',(2.4438511383299,0.0528426929117159,1.78472894245675));
#8730=CARTESIAN_POINT('Ctrl Pts',(3.3885670528,0.158528078735147,-0.147041119969857));
#8731=CARTESIAN_POINT('Ctrl Pts',(1.71568991627485,0.317056157470294,-2.9295941370369));
#8732=CARTESIAN_POINT('Ctrl Pts',(-1.52485003532148,0.475584236205441,-3.02984299268017));
#8733=CARTESIAN_POINT('Ctrl Pts',(-2.82395491097492,0.587035553080336,-1.15890186714194));
#8734=CARTESIAN_POINT('Ctrl Pts',(-2.87603805902615,0.645644177043516,-0.105619445594296));
#8735=CARTESIAN_POINT('Ctrl Pts',(-2.87529704543872,0.65141010809498,-0.00191896989005945));
#8736=CARTESIAN_POINT('Ctrl Pts',(1.99840595662736,-0.329089653438087,2.80245207497225));
#8737=CARTESIAN_POINT('Ctrl Pts',(2.92887730436334,-0.276246960526371,2.13894046655158));
#8738=CARTESIAN_POINT('Ctrl Pts',(4.06108906536824,-0.17056157470294,-0.176224072053009));
#8739=CARTESIAN_POINT('Ctrl Pts',(2.05619940522912,-0.012033495967793,-3.51102472830118));
#8740=CARTESIAN_POINT('Ctrl Pts',(-1.82748392116174,0.146494582767354,-3.63116977047533));
#8741=CARTESIAN_POINT('Ctrl Pts',(-4.0420652551917,0.305022661502501,-0.441780390651872));
#8742=CARTESIAN_POINT('Ctrl Pts',(-2.56768008901426,0.463550740237649,3.15337886296882));
#8743=CARTESIAN_POINT('Ctrl Pts',(1.25069479038305,0.622078818972793,3.86890427343052));
#8744=CARTESIAN_POINT('Ctrl Pts',(3.92732425538262,0.780606897707943,1.053669675075));
#8745=CARTESIAN_POINT('Ctrl Pts',(3.01926249038573,0.939134976443088,-2.72368366822437));
#8746=CARTESIAN_POINT('Ctrl Pts',(-0.644743064079921,1.09766305517824,-4.01473705226078));
#8747=CARTESIAN_POINT('Ctrl Pts',(-3.72022810628222,1.25619113391338,-1.64134547328358));
#8748=CARTESIAN_POINT('Ctrl Pts',(-3.39998215379785,1.41471921264853,2.23029896634887));
#8749=CARTESIAN_POINT('Ctrl Pts',(0.0236701799635077,1.57324729138368,4.06610955829467));
#8750=CARTESIAN_POINT('Ctrl Pts',(3.42574944444628,1.73177537011882,2.19057970735565));
#8751=CARTESIAN_POINT('Ctrl Pts',(3.70082313311892,1.89030344885397,-1.68463756590585));
#8752=CARTESIAN_POINT('Ctrl Pts',(0.598007568874821,2.04883152758912,-4.02182106554092));
#8753=CARTESIAN_POINT('Ctrl Pts',(-3.0509064741272,2.20735960632427,-2.68863329204032));
#8754=CARTESIAN_POINT('Ctrl Pts',(-3.91454259661932,2.36588768505941,1.09991713326292));
#8755=CARTESIAN_POINT('Ctrl Pts',(-1.20601919085856,2.52441576379456,3.88208823900223));
#8756=CARTESIAN_POINT('Ctrl Pts',(2.60514105516701,2.6829438425297,3.1254584814856));
#8757=CARTESIAN_POINT('Ctrl Pts',(4.03485051238516,2.84147192126485,-0.493437598009776));
#8758=CARTESIAN_POINT('Ctrl Pts',(2.53762794620682,2.94715730708828,-2.59110651847754));
#8759=CARTESIAN_POINT('Ctrl Pts',(1.51078263890182,3.,-3.09271722244257));
#8760=CARTESIAN_POINT('Ctrl Pts',(1.88809301887048,-0.219393102292058,2.64775541772509));
#8761=CARTESIAN_POINT('Ctrl Pts',(2.76720191568553,-0.166550409380342,2.02086995851997));
#8762=CARTESIAN_POINT('Ctrl Pts',(3.83691506117883,-0.0608650235569109,
-0.166496421358625));
#8763=CARTESIAN_POINT('Ctrl Pts',(1.94269624224436,0.0976630551782362,-3.31721453121309));
#8764=CARTESIAN_POINT('Ctrl Pts',(-1.72660595921499,0.256191133913383,-3.43072751121028));
#8765=CARTESIAN_POINT('Ctrl Pts',(-3.81894137416717,0.41471921264853,-0.417393907728032));
#8766=CARTESIAN_POINT('Ctrl Pts',(-2.42594295452481,0.573247291383676,2.97931088389733));
#8767=CARTESIAN_POINT('Ctrl Pts',(1.18165585657341,0.731775370118825,3.6553389590924));
#8768=CARTESIAN_POINT('Ctrl Pts',(3.71053413088445,0.89030344885397,0.995506619216709));
#8769=CARTESIAN_POINT('Ctrl Pts',(2.85259779742428,1.04883152758912,-2.57333506364487));
#8770=CARTESIAN_POINT('Ctrl Pts',(-0.609152947236464,1.20735960632426,-3.79312170074144));
#8771=CARTESIAN_POINT('Ctrl Pts',(-3.51486978548221,1.36588768505941,-1.55074244018542));
#8772=CARTESIAN_POINT('Ctrl Pts',(-3.21230155844004,1.52441576379456,2.10718542666081));
#8773=CARTESIAN_POINT('Ctrl Pts',(0.0223635750265339,1.68294384252971,3.84165842056196));
#8774=CARTESIAN_POINT('Ctrl Pts',(3.23664648266686,1.84147192126485,2.06965868922736));
#8775=CARTESIAN_POINT('Ctrl Pts',(3.49653597585785,2.,-1.59164478917078));
#8776=CARTESIAN_POINT('Ctrl Pts',(0.564997273091493,2.15852807873515,-3.79981467319554));
#8777=CARTESIAN_POINT('Ctrl Pts',(-2.88249501855365,2.31705615747029,-2.54021948451921));
#8778=CARTESIAN_POINT('Ctrl Pts',(-3.69845802562639,2.47558423620544,1.0392011962147));
#8779=CARTESIAN_POINT('Ctrl Pts',(-1.13944637090995,2.63411231494058,3.66779516363605));
#8780=CARTESIAN_POINT('Ctrl Pts',(2.46133605793234,2.79264039367574,2.95293172045065));
#8781=CARTESIAN_POINT('Ctrl Pts',(3.8121248885173,2.95116847241088,-0.466199613227131));
#8782=CARTESIAN_POINT('Ctrl Pts',(2.39754970396995,3.05685385823431,-2.44807623419202));
#8783=CARTESIAN_POINT('Ctrl Pts',(1.42738673495314,3.10969655114603,-2.92199779412645));
#8784=CARTESIAN_POINT('Ctrl Pts',(1.77778008111359,-0.109696551146029,2.49305876047793));
#8785=CARTESIAN_POINT('Ctrl Pts',(2.60552652700772,-0.056853858234313,1.90279945048836));
#8786=CARTESIAN_POINT('Ctrl Pts',(3.61274105698941,0.0488315275891177,-0.15676877066424));
#8787=CARTESIAN_POINT('Ctrl Pts',(1.82919307925961,0.207359606324265,-3.12340433412499));
#8788=CARTESIAN_POINT('Ctrl Pts',(-1.62572799726824,0.365887685059412,-3.23028525194522));
#8789=CARTESIAN_POINT('Ctrl Pts',(-3.59581749314264,0.524415763794559,-0.393007424804193));
#8790=CARTESIAN_POINT('Ctrl Pts',(-2.28420582003535,0.682943842529706,2.80524290482584));
#8791=CARTESIAN_POINT('Ctrl Pts',(1.11261692276377,0.841471921264853,3.44177364475429));
#8792=CARTESIAN_POINT('Ctrl Pts',(3.49374400638628,1.,0.937343563358413));
#8793=CARTESIAN_POINT('Ctrl Pts',(2.68593310446284,1.15852807873515,-2.42298645906537));
#8794=CARTESIAN_POINT('Ctrl Pts',(-0.573562830393007,1.31705615747029,-3.57150634922211));
#8795=CARTESIAN_POINT('Ctrl Pts',(-3.30951146468221,1.47558423620544,-1.46013940708725));
#8796=CARTESIAN_POINT('Ctrl Pts',(-3.02462096308222,1.63411231494059,1.98407188697276));
#8797=CARTESIAN_POINT('Ctrl Pts',(0.0210569700895601,1.79264039367574,3.61720728282925));
#8798=CARTESIAN_POINT('Ctrl Pts',(3.04754352088743,1.95116847241088,1.94873767109907));
#8799=CARTESIAN_POINT('Ctrl Pts',(3.29224881859678,2.10969655114603,-1.49865201243571));
#8800=CARTESIAN_POINT('Ctrl Pts',(0.531986977308165,2.26822462988117,-3.57780828085017));
#8801=CARTESIAN_POINT('Ctrl Pts',(-2.7140835629801,2.42675270861632,-2.3918056769981));
#8802=CARTESIAN_POINT('Ctrl Pts',(-3.48237345463346,2.58528078735147,0.978485259166488));
#8803=CARTESIAN_POINT('Ctrl Pts',(-1.07287355096134,2.74380886608662,3.45350208826985));
#8804=CARTESIAN_POINT('Ctrl Pts',(2.31753106069768,2.90233694482176,2.78040495941572));
#8805=CARTESIAN_POINT('Ctrl Pts',(3.58939926464944,3.06086502355691,-0.438961628444491));
#8806=CARTESIAN_POINT('Ctrl Pts',(2.25747146173308,3.16655040938034,-2.30504594990651));
#8807=CARTESIAN_POINT('Ctrl Pts',(1.34399083100446,3.21939310229206,-2.75127836581033));
#8808=CARTESIAN_POINT('Ctrl Pts',(1.66746714335671,2.77555756156289E-16,
2.33836210323077));
#8809=CARTESIAN_POINT('Ctrl Pts',(2.4438511383299,0.0528426929117159,1.78472894245675));
#8810=CARTESIAN_POINT('Ctrl Pts',(3.3885670528,0.158528078735147,-0.147041119969857));
#8811=CARTESIAN_POINT('Ctrl Pts',(1.71568991627485,0.317056157470294,-2.9295941370369));
#8812=CARTESIAN_POINT('Ctrl Pts',(-1.52485003532148,0.475584236205441,-3.02984299268017));
#8813=CARTESIAN_POINT('Ctrl Pts',(-3.37269361211812,0.634112314940588,-0.368620941880351));
#8814=CARTESIAN_POINT('Ctrl Pts',(-2.14246868554589,0.792640393675735,2.63117492575435));
#8815=CARTESIAN_POINT('Ctrl Pts',(1.04357798895413,0.951168472410882,3.22820833041617));
#8816=CARTESIAN_POINT('Ctrl Pts',(3.27695388188811,1.10969655114603,0.879180507500117));
#8817=CARTESIAN_POINT('Ctrl Pts',(2.5192684115014,1.26822462988118,-2.27263785448588));
#8818=CARTESIAN_POINT('Ctrl Pts',(-0.537972713549548,1.42675270861632,-3.34989099770278));
#8819=CARTESIAN_POINT('Ctrl Pts',(-3.1041531438822,1.58528078735147,-1.36953637398909));
#8820=CARTESIAN_POINT('Ctrl Pts',(-2.83694036772441,1.74380886608662,1.8609583472847));
#8821=CARTESIAN_POINT('Ctrl Pts',(0.0197503651525866,1.90233694482176,3.39275614509654));
#8822=CARTESIAN_POINT('Ctrl Pts',(2.858440559108,2.06086502355691,1.82781665297078));
#8823=CARTESIAN_POINT('Ctrl Pts',(3.08796166133571,2.21939310229206,-1.40565923570064));
#8824=CARTESIAN_POINT('Ctrl Pts',(0.498976681524833,2.3779211810272,-3.3558018885048));
#8825=CARTESIAN_POINT('Ctrl Pts',(-2.54567210740654,2.53644925976235,-2.24339186947699));
#8826=CARTESIAN_POINT('Ctrl Pts',(-3.26628888364053,2.6949773384975,0.917769322118275));
#8827=CARTESIAN_POINT('Ctrl Pts',(-1.00630073101272,2.85350541723265,3.23920901290366));
#8828=CARTESIAN_POINT('Ctrl Pts',(2.17372606346301,3.01203349596779,2.60787819838077));
#8829=CARTESIAN_POINT('Ctrl Pts',(3.36667364078157,3.17056157470294,-0.411723643661848));
#8830=CARTESIAN_POINT('Ctrl Pts',(2.11739321949621,3.27624696052637,-2.162015665621));
#8831=CARTESIAN_POINT('Ctrl Pts',(1.26059492705578,3.32908965343809,-2.58055893749421));
#8832=CARTESIAN_POINT('Ctrl Pts',(1.67106223110445,3.,2.341478183016));
#8833=CARTESIAN_POINT('Ctrl Pts',(1.73431979201033,3.,2.30541807108899));
#8834=CARTESIAN_POINT('Ctrl Pts',(1.7959939505434,3.,2.26687175745005));
#8835=CARTESIAN_POINT('Ctrl Pts',(1.85591788682029,3.,2.22587018736789));
#8836=CARTESIAN_POINT('Ctrl Pts',(1.9339007344703,3.,2.17251222405997));
#8837=CARTESIAN_POINT('Ctrl Pts',(2.00892087611123,3.,2.11499813267853));
#8838=CARTESIAN_POINT('Ctrl Pts',(2.08088999612653,3.,2.05370811086813));
#8839=CARTESIAN_POINT('Ctrl Pts',(2.12427557630303,3.,2.01676027609246));
#8840=CARTESIAN_POINT('Ctrl Pts',(2.1665520111023,3.,1.97843923737543));
#8841=CARTESIAN_POINT('Ctrl Pts',(2.20769588641659,3.,1.93882031981878));
#8842=CARTESIAN_POINT('Ctrl Pts',(2.22568306946481,3.,1.9214998142315));
#8843=CARTESIAN_POINT('Ctrl Pts',(2.24345374927189,3.,1.90393118141382));
#8844=CARTESIAN_POINT('Ctrl Pts',(2.26100575521826,3.,1.88612040022898));
#8845=CARTESIAN_POINT('Ctrl Pts',(2.27224068162861,3.,1.87471983344852));
#8846=CARTESIAN_POINT('Ctrl Pts',(2.28338432154046,3.,1.86322169417614));
#8847=CARTESIAN_POINT('Ctrl Pts',(2.29443015263524,3.,1.85163410793713));
#8848=CARTESIAN_POINT('Ctrl Pts',(2.36490368498109,3.,1.77770412235088));
#8849=CARTESIAN_POINT('Ctrl Pts',(2.43147030233707,3.,1.70006498759149));
#8850=CARTESIAN_POINT('Ctrl Pts',(2.49402184348504,3.,1.6191749509629));
#8851=CARTESIAN_POINT('Ctrl Pts',(2.54875444198951,3.,1.54839616891289));
#8852=CARTESIAN_POINT('Ctrl Pts',(2.60041284535665,3.,1.47512712701092));
#8853=CARTESIAN_POINT('Ctrl Pts',(2.64890381114983,3.,1.39964320277753));
#8854=CARTESIAN_POINT('Ctrl Pts',(2.67163144752983,3.,1.36426401091262));
#8855=CARTESIAN_POINT('Ctrl Pts',(2.69366296152226,3.,1.32839788080216));
#8856=CARTESIAN_POINT('Ctrl Pts',(2.71498700367028,3.,1.29207137390434));
#8857=CARTESIAN_POINT('Ctrl Pts',(2.72319559186179,3.,1.27808765855194));
#8858=CARTESIAN_POINT('Ctrl Pts',(2.73130052598881,3.,1.26403359804776));
#8859=CARTESIAN_POINT('Ctrl Pts',(2.7392971817501,3.,1.24991762560914));
#8860=CARTESIAN_POINT('Ctrl Pts',(2.78942571593938,3.,1.16142900885126));
#8861=CARTESIAN_POINT('Ctrl Pts',(2.83520825143929,3.,1.0706792748628));
#8862=CARTESIAN_POINT('Ctrl Pts',(2.87654683373496,3.,0.978086537951384));
#8863=CARTESIAN_POINT('Ctrl Pts',(2.9185587789094,3.,0.883985560833914));
#8864=CARTESIAN_POINT('Ctrl Pts',(2.95598139767139,3.,0.787980344281566));
#8865=CARTESIAN_POINT('Ctrl Pts',(2.98867671349172,3.,0.690469227549718));
#8866=CARTESIAN_POINT('Ctrl Pts',(3.02126953479481,3.,0.593263792368364));
#8867=CARTESIAN_POINT('Ctrl Pts',(3.04916513165891,3.,0.494561034223493));
#8868=CARTESIAN_POINT('Ctrl Pts',(3.07218430565345,3.,0.394727504853478));
#8869=CARTESIAN_POINT('Ctrl Pts',(3.0868726043285,3.,0.33102475437603));
#8870=CARTESIAN_POINT('Ctrl Pts',(3.09957455116541,3.,0.266861073370662));
#8871=CARTESIAN_POINT('Ctrl Pts',(3.11023308751426,3.,0.202328122148646));
#8872=CARTESIAN_POINT('Ctrl Pts',(3.11359790760327,3.,0.181955552823193));
#8873=CARTESIAN_POINT('Ctrl Pts',(3.11675901213406,3.,0.161546167773027));
#8874=CARTESIAN_POINT('Ctrl Pts',(3.1197144195792,3.,0.141102820400045));
#8875=CARTESIAN_POINT('Ctrl Pts',(3.12168909972786,3.,0.127443427243979));
#8876=CARTESIAN_POINT('Ctrl Pts',(3.12357144104561,3.,0.113772115581048));
#8877=CARTESIAN_POINT('Ctrl Pts',(3.12536000702047,3.,0.100097905401127));
#8878=CARTESIAN_POINT('Ctrl Pts',(3.13905210803757,3.,-0.00458297847122506));
#8879=CARTESIAN_POINT('Ctrl Pts',(3.14727258135179,3.,-0.109571129746605));
#8880=CARTESIAN_POINT('Ctrl Pts',(3.14988182172355,3.,-0.214456638118165));
#8881=CARTESIAN_POINT('Ctrl Pts',(3.15126922323172,3.,-0.270227012543721));
#8882=CARTESIAN_POINT('Ctrl Pts',(3.15106941522145,3.,-0.325968863863335));
#8883=CARTESIAN_POINT('Ctrl Pts',(3.14925599673481,3.,-0.381623178659378));
#8884=CARTESIAN_POINT('Ctrl Pts',(3.14595676554175,3.,-0.482877496267862));
#8885=CARTESIAN_POINT('Ctrl Pts',(3.13731978197132,3.,-0.583841887001646));
#8886=CARTESIAN_POINT('Ctrl Pts',(3.12360266536416,3.,-0.684240820859553));
#8887=CARTESIAN_POINT('Ctrl Pts',(3.1096218753462,3.,-0.786569644947945));
#8888=CARTESIAN_POINT('Ctrl Pts',(3.09036363753852,3.,-0.888311775285023));
#8889=CARTESIAN_POINT('Ctrl Pts',(3.06604665981592,3.,-0.98917601998428));
#8890=CARTESIAN_POINT('Ctrl Pts',(3.05886865649504,3.,-1.01894961650886));
#8891=CARTESIAN_POINT('Ctrl Pts',(3.05124951972458,3.,-1.04864668293624));
#8892=CARTESIAN_POINT('Ctrl Pts',(3.0431940272013,3.,-1.07825959359569));
#8893=CARTESIAN_POINT('Ctrl Pts',(3.03904933375702,3.,-1.09349596012714));
#8894=CARTESIAN_POINT('Ctrl Pts',(3.03479134620325,3.,-1.10870177671487));
#8895=CARTESIAN_POINT('Ctrl Pts',(3.03042231300443,3.,-1.12387191925459));
#8896=CARTESIAN_POINT('Ctrl Pts',(3.00113220309841,3.,-1.22557294143936));
#8897=CARTESIAN_POINT('Ctrl Pts',(2.96683970499719,3.,-1.32572956616676));
#8898=CARTESIAN_POINT('Ctrl Pts',(2.92785274539021,3.,-1.42404309899652));
#8899=CARTESIAN_POINT('Ctrl Pts',(2.88835815026673,3.,-1.52363673782888));
#8900=CARTESIAN_POINT('Ctrl Pts',(2.84404579973036,3.,-1.62133973719878));
#8901=CARTESIAN_POINT('Ctrl Pts',(2.79518017027646,3.,-1.71684181083813));
#8902=CARTESIAN_POINT('Ctrl Pts',(2.74594594401863,3.,-1.81306426318756));
#8903=CARTESIAN_POINT('Ctrl Pts',(2.69208917197023,3.,-1.90705328811132));
#8904=CARTESIAN_POINT('Ctrl Pts',(2.63382860120155,3.,-1.99847971819112));
#8905=CARTESIAN_POINT('Ctrl Pts',(2.59839320409671,3.,-2.0540873412029));
#8906=CARTESIAN_POINT('Ctrl Pts',(2.561327704292,3.,-2.10874669025973));
#8907=CARTESIAN_POINT('Ctrl Pts',(2.52267284049328,3.,-2.16237957014711));
#8908=CARTESIAN_POINT('Ctrl Pts',(2.51021824721676,3.,-2.17966007871969));
#8909=CARTESIAN_POINT('Ctrl Pts',(2.4975986106555,3.,-2.19683399642898));
#8910=CARTESIAN_POINT('Ctrl Pts',(2.48481516217395,3.,-2.21389861531287));
#8911=CARTESIAN_POINT('Ctrl Pts',(2.47506432108484,3.,-2.22691500812919));
#8912=CARTESIAN_POINT('Ctrl Pts',(2.46522311259455,3.,-2.2398611696841));
#8913=CARTESIAN_POINT('Ctrl Pts',(2.45529551082726,3.,-2.25273209319652));
#8914=CARTESIAN_POINT('Ctrl Pts',(2.38737210891588,3.,-2.3407933320735));
#8915=CARTESIAN_POINT('Ctrl Pts',(2.31536387272944,3.,-2.42539356055097));
#8916=CARTESIAN_POINT('Ctrl Pts',(2.23955033729241,3.,-2.50621052634795));
#8917=CARTESIAN_POINT('Ctrl Pts',(2.16369120836592,3.,-2.58707609464654));
#8918=CARTESIAN_POINT('Ctrl Pts',(2.08402177799639,3.,-2.66415468897196));
#8919=CARTESIAN_POINT('Ctrl Pts',(2.0007733999932,3.,-2.73710474092916));
#8920=CARTESIAN_POINT('Ctrl Pts',(1.91925137230411,3.,-2.80854200250977));
#8921=CARTESIAN_POINT('Ctrl Pts',(1.83429675838005,3.,-2.87602087162074));
#8922=CARTESIAN_POINT('Ctrl Pts',(1.74608747835152,3.,-2.9391914274827));
#8923=CARTESIAN_POINT('Ctrl Pts',(1.67004093132774,3.,-2.99365171380769));
#8924=CARTESIAN_POINT('Ctrl Pts',(1.59157461663295,3.,-3.04490972018925));
#8925=CARTESIAN_POINT('Ctrl Pts',(1.51078263890184,3.,-3.09271722244256));
#8926=CARTESIAN_POINT('',(1.51078263890182,0.,-3.09271722244257));
#8927=CARTESIAN_POINT('Ctrl Pts',(1.51441906985567,2.37657116208823E-16,
-3.09710892319078));
#8928=CARTESIAN_POINT('Ctrl Pts',(1.58911477173474,2.33314831378736E-16,
-3.05338504560962));
#8929=CARTESIAN_POINT('Ctrl Pts',(1.66187458466425,-3.39709513964122E-16,
-3.00675921204668));
#8930=CARTESIAN_POINT('Ctrl Pts',(1.73251218941925,-1.92554305833426E-16,
-2.95723252328512));
#8931=CARTESIAN_POINT('Ctrl Pts',(1.82138196812768,-4.25459513705502E-17,
-2.89492256974596));
#8932=CARTESIAN_POINT('Ctrl Pts',(1.90689409568805,3.29252266432364E-16,
-2.82802198683874));
#8933=CARTESIAN_POINT('Ctrl Pts',(1.9888972853496,3.36536354339501E-16,
-2.7569275688613));
#8934=CARTESIAN_POINT('Ctrl Pts',(2.0722687623795,3.43941982951511E-16,
-2.68464688490469));
#8935=CARTESIAN_POINT('Ctrl Pts',(2.15201370861931,3.29742553497719E-16,
-2.60803042382436));
#8936=CARTESIAN_POINT('Ctrl Pts',(2.22793131946314,2.08166817117217E-16,
-2.52746196951564));
#8937=CARTESIAN_POINT('Ctrl Pts',(2.30291951423065,8.80794632427987E-17,
-2.44787986891125));
#8938=CARTESIAN_POINT('Ctrl Pts',(2.37417378199922,5.55812038299144E-16,
-2.36444103466138));
#8939=CARTESIAN_POINT('Ctrl Pts',(2.44145481935876,5.759281940243E-16,-2.2774963821224));
#8940=CARTESIAN_POINT('Ctrl Pts',(2.45378204895204,5.7961387545684E-16,
-2.26156638556144));
#8941=CARTESIAN_POINT('Ctrl Pts',(2.46597576738868,2.95282923704521E-17,
-2.24551866967818));
#8942=CARTESIAN_POINT('Ctrl Pts',(2.4780343223316,2.08166817117217E-17,
-2.22935535964375));
#8943=CARTESIAN_POINT('Ctrl Pts',(2.48653406277942,1.46761093270333E-17,
-2.21796229134321));
#8944=CARTESIAN_POINT('Ctrl Pts',(2.49496477373914,-2.05153118913082E-16,
-2.20651424434049));
#8945=CARTESIAN_POINT('Ctrl Pts',(2.50332119263883,-1.94289029309402E-16,
-2.19501874947874));
#8946=CARTESIAN_POINT('Ctrl Pts',(2.56735212161725,-1.11043112825432E-16,
-2.10693470009101));
#8947=CARTESIAN_POINT('Ctrl Pts',(2.62711044735762,3.16169494791566E-16,
-2.01595271294507));
#8948=CARTESIAN_POINT('Ctrl Pts',(2.68243758291865,3.05311331771918E-16,
-1.92245823832488));
#8949=CARTESIAN_POINT('Ctrl Pts',(2.73769756178637,2.9446634851147E-16,
-1.82907724833921));
#8950=CARTESIAN_POINT('Ctrl Pts',(2.78853742911551,1.56311278700591E-16,
-1.73318895491398));
#8951=CARTESIAN_POINT('Ctrl Pts',(2.83475189612635,1.80411241501588E-16,
-1.63515644482844));
#8952=CARTESIAN_POINT('Ctrl Pts',(2.88027788625642,2.04152176744996E-16,
-1.53858436739796));
#8953=CARTESIAN_POINT('Ctrl Pts',(2.92131545918723,2.4474481919868E-17,
-1.43993063096071));
#8954=CARTESIAN_POINT('Ctrl Pts',(2.95761874617065,-2.77555756156289E-17,
-1.33953510016316));
#8955=CARTESIAN_POINT('Ctrl Pts',(2.97503107557358,-5.28069426435581E-17,
-1.29138188324847));
#8956=CARTESIAN_POINT('Ctrl Pts',(2.99135352682717,5.18886566064534E-16,
-1.24282793815046));
#8957=CARTESIAN_POINT('Ctrl Pts',(3.00655462251376,5.68989300120393E-16,
-1.19391102161886));
#8958=CARTESIAN_POINT('Ctrl Pts',(3.01732581412321,6.04491092872694E-16,
-1.15924947538767));
#8959=CARTESIAN_POINT('Ctrl Pts',(3.02753392999992,1.54672813201431E-16,
-1.12440569142341));
#8960=CARTESIAN_POINT('Ctrl Pts',(3.03716686893474,1.52655665885959E-16,
-1.08939326804523));
#8961=CARTESIAN_POINT('Ctrl Pts',(3.0407662772229,1.51901946090279E-16,
-1.07631065558928));
#8962=CARTESIAN_POINT('Ctrl Pts',(3.04428484395462,4.33904649041081E-16,
-1.06320627787966));
#8963=CARTESIAN_POINT('Ctrl Pts',(3.04771978120897,4.30211422042248E-16,
-1.0500896980837));
#8964=CARTESIAN_POINT('Ctrl Pts',(3.07427405265562,4.01660404955454E-16,
-0.948690110678742));
#8965=CARTESIAN_POINT('Ctrl Pts',(3.09587576042773,4.41332979271536E-16,
-0.846413420569681));
#8966=CARTESIAN_POINT('Ctrl Pts',(3.11233957306909,4.9960036108132E-16,
-0.743592516941223));
#8967=CARTESIAN_POINT('Ctrl Pts',(3.12835053040496,5.56265034359037E-16,
-0.643599815548763));
#8968=CARTESIAN_POINT('Ctrl Pts',(3.13950237853292,1.51810752932019E-16,
-0.543091685813491));
#8969=CARTESIAN_POINT('Ctrl Pts',(3.14557652749326,1.38777878078145E-16,
-0.442373769513591));
#8970=CARTESIAN_POINT('Ctrl Pts',(3.15164712169142,1.25752630427821E-16,
-0.341714796160472));
#8971=CARTESIAN_POINT('Ctrl Pts',(3.15264619763559,2.43016669096459E-16,
-0.240845592765957));
#8972=CARTESIAN_POINT('Ctrl Pts',(3.14830450423449,3.05311331771918E-16,
-0.140081301307333));
#8973=CARTESIAN_POINT('Ctrl Pts',(3.14562263714254,3.14635960462669E-16,
-0.0778391270354594));
#8974=CARTESIAN_POINT('Ctrl Pts',(3.14090175348509,2.87591185125006E-16,
-0.0156372193630621));
#8975=CARTESIAN_POINT('Ctrl Pts',(3.13417796365283,3.33066907387547E-16,
0.0464456544604803));
#8976=CARTESIAN_POINT('Ctrl Pts',(3.13152677481135,3.50997974602426E-16,
0.0709249178572432));
#8977=CARTESIAN_POINT('Ctrl Pts',(3.1285641286177,4.73224098328375E-16,
0.0953856372115338));
#8978=CARTESIAN_POINT('Ctrl Pts',(3.12529200951149,4.71844785465692E-16,
0.119822824415046));
#8979=CARTESIAN_POINT('Ctrl Pts',(3.12324983512291,4.7098393740039E-16,
0.135074407935145));
#8980=CARTESIAN_POINT('Ctrl Pts',(3.12108696986922,2.92688342202537E-18,
0.150317286092532));
#8981=CARTESIAN_POINT('Ctrl Pts',(3.11880637924184,0.,0.165534974340241));
#8982=CARTESIAN_POINT('Ctrl Pts',(3.10388412761189,-1.91510437649449E-17,
0.265106625004587));
#8983=CARTESIAN_POINT('Ctrl Pts',(3.08390557904492,5.81021747994563E-16,
0.363759975757016));
#8984=CARTESIAN_POINT('Ctrl Pts',(3.05911180806984,5.55111512312578E-16,
0.46118891865002));
#8985=CARTESIAN_POINT('Ctrl Pts',(3.03381991390436,5.28680722928822E-16,
0.560575273181618));
#8986=CARTESIAN_POINT('Ctrl Pts',(3.00351695050452,-2.23720634109019E-16,
0.658688372345246));
#8987=CARTESIAN_POINT('Ctrl Pts',(2.96840857732435,-3.05311331771918E-16,
0.755184407675299));
#8988=CARTESIAN_POINT('Ctrl Pts',(2.9335523112352,-3.86316140896575E-16,
0.850987521842706));
#8989=CARTESIAN_POINT('Ctrl Pts',(2.8939587878684,2.16340040902168E-16,
0.945197446322815));
#8990=CARTESIAN_POINT('Ctrl Pts',(2.84978835846742,2.22044604925031E-16,
1.03744756494915));
#8991=CARTESIAN_POINT('Ctrl Pts',(2.83209464716513,2.24329728938875E-16,
1.07440095183517));
#8992=CARTESIAN_POINT('Ctrl Pts',(2.81366610099934,1.19248748912352E-16,
1.11103946180619));
#8993=CARTESIAN_POINT('Ctrl Pts',(2.79451149856381,1.11022302462516E-16,
1.14733775544653));
#8994=CARTESIAN_POINT('Ctrl Pts',(2.77987091246332,1.04734518732454E-16,
1.17508191224283));
#8995=CARTESIAN_POINT('Ctrl Pts',(2.76480613782359,3.27477766294159E-16,
1.20262728982071));
#8996=CARTESIAN_POINT('Ctrl Pts',(2.74932079581704,3.33066907387547E-16,
1.22996211001149));
#8997=CARTESIAN_POINT('Ctrl Pts',(2.73927542390569,3.36692594241883E-16,
1.24769426179929));
#8998=CARTESIAN_POINT('Ctrl Pts',(2.72905159207806,4.17466661376414E-16,
1.26534008391091));
#8999=CARTESIAN_POINT('Ctrl Pts',(2.71866283336376,4.16333634234434E-16,
1.28287561127435));
#9000=CARTESIAN_POINT('Ctrl Pts',(2.6672534850125,4.10726786618142E-16,
1.36965114043449));
#9001=CARTESIAN_POINT('Ctrl Pts',(2.6117486277002,3.47644711189905E-16,
1.45383705831344));
#9002=CARTESIAN_POINT('Ctrl Pts',(2.55232717371218,3.33066907387547E-16,
1.53509018457529));
#9003=CARTESIAN_POINT('Ctrl Pts',(2.49303877055019,3.18521744806625E-16,
1.61616137662247));
#9004=CARTESIAN_POINT('Ctrl Pts',(2.42985071778424,5.78862839289559E-16,
1.69431360436856));
#9005=CARTESIAN_POINT('Ctrl Pts',(2.36290782732223,6.66133814775094E-16,
1.76916483534236));
#9006=CARTESIAN_POINT('Ctrl Pts',(2.34389321407216,6.90922464254688E-16,
1.79042575190028));
#9007=CARTESIAN_POINT('Ctrl Pts',(2.32457548585593,5.09770063431923E-16,
1.81142005280097));
#9008=CARTESIAN_POINT('Ctrl Pts',(2.30495757357387,4.9960036108132E-16,
1.83213825388042));
#9009=CARTESIAN_POINT('Ctrl Pts',(2.29261531254104,4.93202273495199E-16,
1.84517274206534));
#9010=CARTESIAN_POINT('Ctrl Pts',(2.28015423330463,3.90177580515335E-16,
1.85809794110884));
#9011=CARTESIAN_POINT('Ctrl Pts',(2.26757503594854,3.88578058618805E-16,
1.87091141726057));
#9012=CARTESIAN_POINT('Ctrl Pts',(2.25480437127801,3.8695419048195E-16,
1.88391992667221));
#9013=CARTESIAN_POINT('Ctrl Pts',(2.24191826623595,7.61023768325086E-16,
1.89680684062973));
#9014=CARTESIAN_POINT('Ctrl Pts',(2.22892000125049,7.21644966006352E-16,
1.90956780843814));
#9015=CARTESIAN_POINT('Ctrl Pts',(2.15965375178922,5.11799886840145E-16,
1.97756952871187));
#9016=CARTESIAN_POINT('Ctrl Pts',(2.08718410554097,-2.81235673109349E-17,
2.04201923034558));
#9017=CARTESIAN_POINT('Ctrl Pts',(2.01165296706433,0.,2.10257788671553));
#9018=CARTESIAN_POINT('Ctrl Pts',(1.93822142869464,2.73417937785252E-17,
2.16145314516569));
#9019=CARTESIAN_POINT('Ctrl Pts',(1.86189568236045,1.60827328871047E-16,
2.21665102902979));
#9020=CARTESIAN_POINT('Ctrl Pts',(1.78278559637803,2.77555756156289E-16,
2.26781559922287));
#9021=CARTESIAN_POINT('Ctrl Pts',(1.7449786826485,3.33340572028423E-16,
2.29226727902168));
#9022=CARTESIAN_POINT('Ctrl Pts',(1.70653559582202,2.59463383441002E-16,
2.31579709225513));
#9023=CARTESIAN_POINT('Ctrl Pts',(1.66746714335671,2.77555756156289E-16,
2.33836210323077));
#9024=CARTESIAN_POINT('Ctrl Pts',(-3.44595140334264,0.322320454656893,-0.00229982394207087));
#9025=CARTESIAN_POINT('Ctrl Pts',(-3.44683948438997,0.316554523605429,-0.126581522192061));
#9026=CARTESIAN_POINT('Ctrl Pts',(-3.44069859073405,0.310788592553965,-0.250769394515297));
#9027=CARTESIAN_POINT('Ctrl Pts',(-3.42723750515714,0.305022661502501,-0.374152078352332));
#9028=CARTESIAN_POINT('Ctrl Pts',(-3.30387147718172,0.252179968590785,-1.50491018392636));
#9029=CARTESIAN_POINT('Ctrl Pts',(-2.56567769917173,0.19933727567907,-2.56803997720085));
#9030=CARTESIAN_POINT('Ctrl Pts',(-1.54930025576826,0.146494582767354,-3.0795807001424));
#9031=CARTESIAN_POINT('Ctrl Pts',(-0.610073648762577,0.0976630551782362,
-3.55229156230476));
#9032=CARTESIAN_POINT('Ctrl Pts',(0.566706966668858,0.0488315275891181,
-3.55397478711075));
#9033=CARTESIAN_POINT('Ctrl Pts',(1.51441906985568,-3.90312782094782E-17,
-3.09710892319077));
#9034=CARTESIAN_POINT('Origin',(0.,0.,0.));
#9035=CARTESIAN_POINT('Origin',(0.,0.,0.));
#9036=CARTESIAN_POINT('Origin',(0.,3.,0.));
#9037=CARTESIAN_POINT('',(-4.,3.,4.89858719658941E-16));
#9038=CARTESIAN_POINT('Origin',(0.,3.,0.));
#9039=CARTESIAN_POINT('Origin',(0.,9.25,0.));
#9040=CARTESIAN_POINT('',(3.67394039744206E-16,13.,-3.));
#9041=CARTESIAN_POINT('Origin',(0.,13.,0.));
#9042=CARTESIAN_POINT('',(3.67394039744206E-16,9.25,-3.));
#9043=CARTESIAN_POINT('',(3.67394039744206E-16,9.25,-3.));
#9044=CARTESIAN_POINT('',(3.67394039744206E-16,9.25,-3.));
#9045=CARTESIAN_POINT('',(3.67394039744206E-16,9.25,-3.));
#9046=CARTESIAN_POINT('',(3.67394039744206E-16,5.5,-3.));
#9047=CARTESIAN_POINT('',(3.67394039744206E-16,9.25,-3.));
#9048=CARTESIAN_POINT('Origin',(0.,5.5,0.));
#9049=CARTESIAN_POINT('Origin',(0.,5.5,0.));
#9050=CARTESIAN_POINT('',(-2.5,5.5,3.06161699786838E-16));
#9051=CARTESIAN_POINT('Origin',(0.,5.5,0.));
#9052=CARTESIAN_POINT('Origin',(0.,0.,0.));
#9053=CARTESIAN_POINT('',(-2.5,0.,3.06161699786838E-16));
#9054=CARTESIAN_POINT('',(-2.5,0.,3.06161699786838E-16));
#9055=CARTESIAN_POINT('Origin',(0.,0.,0.));
#9056=CARTESIAN_POINT('Origin',(0.,0.,0.));
#9057=CARTESIAN_POINT('',(-4.,13.,4.89858719658941E-16));
#9058=CARTESIAN_POINT('Origin',(0.,13.,0.));
#9059=CARTESIAN_POINT('',(-4.,0.,4.89858719658941E-16));
#9060=CARTESIAN_POINT('Origin',(0.,13.,0.));
#9061=CARTESIAN_POINT('Origin',(0.,0.,0.));
#9062=CARTESIAN_POINT('',(0.,0.,0.));
#9063=CARTESIAN_POINT('Origin',(-23.5,-8.,1.));
#9064=CARTESIAN_POINT('',(-27.55,-8.,1.));
#9065=CARTESIAN_POINT('Origin',(-23.5,-8.,1.));
#9066=CARTESIAN_POINT('',(-27.25,-8.,1.));
#9067=CARTESIAN_POINT('Origin',(-23.5,-8.,1.));
#9068=CARTESIAN_POINT('Origin',(-23.5,-8.,0.));
#9069=CARTESIAN_POINT('',(-27.25,-8.,0.));
#9070=CARTESIAN_POINT('',(-27.25,-8.,0.));
#9071=CARTESIAN_POINT('Origin',(-23.5,-8.,0.));
#9072=CARTESIAN_POINT('Origin',(-6.,-21.5,1.));
#9073=CARTESIAN_POINT('',(-10.05,-21.5,1.));
#9074=CARTESIAN_POINT('Origin',(-6.,-21.5,1.));
#9075=CARTESIAN_POINT('',(-9.75,-21.5,1.));
#9076=CARTESIAN_POINT('Origin',(-6.,-21.5,1.));
#9077=CARTESIAN_POINT('Origin',(-6.,-21.5,0.));
#9078=CARTESIAN_POINT('',(-9.75,-21.5,0.));
#9079=CARTESIAN_POINT('',(-9.75,-21.5,0.));
#9080=CARTESIAN_POINT('Origin',(-6.,-21.5,0.));
#9081=CARTESIAN_POINT('Origin',(-6.,-8.,1.));
#9082=CARTESIAN_POINT('',(-10.05,-8.,1.));
#9083=CARTESIAN_POINT('Origin',(-6.,-8.,1.));
#9084=CARTESIAN_POINT('',(-9.75,-8.,1.));
#9085=CARTESIAN_POINT('Origin',(-6.,-8.,1.));
#9086=CARTESIAN_POINT('Origin',(-6.,-8.,0.));
#9087=CARTESIAN_POINT('',(-9.75,-8.,0.));
#9088=CARTESIAN_POINT('',(-9.75,-8.,0.));
#9089=CARTESIAN_POINT('Origin',(-6.,-8.,0.));
#9090=CARTESIAN_POINT('Origin',(-23.5,-21.5,1.));
#9091=CARTESIAN_POINT('',(-27.55,-21.5,1.));
#9092=CARTESIAN_POINT('Origin',(-23.5,-21.5,1.));
#9093=CARTESIAN_POINT('',(-27.25,-21.5,1.));
#9094=CARTESIAN_POINT('Origin',(-23.5,-21.5,1.));
#9095=CARTESIAN_POINT('Origin',(-23.5,-21.5,0.));
#9096=CARTESIAN_POINT('',(-27.25,-21.5,0.));
#9097=CARTESIAN_POINT('',(-27.25,-21.5,0.));
#9098=CARTESIAN_POINT('Origin',(-23.5,-21.5,0.));
#9099=CARTESIAN_POINT('Origin',(9.99999999999999,-39.5,0.));
#9100=CARTESIAN_POINT('',(10.,10.,0.));
#9101=CARTESIAN_POINT('',(9.99999999999999,-39.5,0.));
#9102=CARTESIAN_POINT('',(10.,10.,0.));
#9103=CARTESIAN_POINT('',(10.,10.,2.4));
#9104=CARTESIAN_POINT('',(10.,10.,0.));
#9105=CARTESIAN_POINT('',(9.99999999999999,-39.5,2.4));
#9106=CARTESIAN_POINT('',(10.,10.,2.4));
#9107=CARTESIAN_POINT('',(9.99999999999999,-39.5,0.));
#9108=CARTESIAN_POINT('Origin',(-39.5,-39.5,0.));
#9109=CARTESIAN_POINT('',(-39.5,-39.5,0.));
#9110=CARTESIAN_POINT('',(9.99999999999999,-39.5,0.));
#9111=CARTESIAN_POINT('',(-39.5,-39.5,2.4));
#9112=CARTESIAN_POINT('',(9.99999999999999,-39.5,2.4));
#9113=CARTESIAN_POINT('',(-39.5,-39.5,0.));
#9114=CARTESIAN_POINT('Origin',(-39.5,10.,0.));
#9115=CARTESIAN_POINT('',(-39.5,10.,0.));
#9116=CARTESIAN_POINT('',(-39.5,-39.5,0.));
#9117=CARTESIAN_POINT('',(-39.5,10.,2.4));
#9118=CARTESIAN_POINT('',(-39.5,-39.5,2.4));
#9119=CARTESIAN_POINT('',(-39.5,10.,0.));
#9120=CARTESIAN_POINT('Origin',(10.,10.,0.));
#9121=CARTESIAN_POINT('',(-39.5,10.,0.));
#9122=CARTESIAN_POINT('',(-39.5,10.,2.4));
#9123=CARTESIAN_POINT('Origin',(-14.75,-14.75,2.4));
#9124=CARTESIAN_POINT('',(-35.5,6.,2.4));
#9125=CARTESIAN_POINT('',(-35.5,-35.5,2.4));
#9126=CARTESIAN_POINT('',(-35.5,-4.375,2.4));
#9127=CARTESIAN_POINT('',(6.,6.,2.4));
#9128=CARTESIAN_POINT('',(-4.375,6.,2.4));
#9129=CARTESIAN_POINT('',(6.,-35.5,2.4));
#9130=CARTESIAN_POINT('',(6.,-25.125,2.4));
#9131=CARTESIAN_POINT('',(-25.125,-35.5,2.4));
#9132=CARTESIAN_POINT('Origin',(6.,-35.5,0.));
#9133=CARTESIAN_POINT('',(6.,6.,5.));
#9134=CARTESIAN_POINT('',(6.,6.,0.));
#9135=CARTESIAN_POINT('',(6.,-35.5,5.));
#9136=CARTESIAN_POINT('',(6.,6.,5.));
#9137=CARTESIAN_POINT('',(6.,-35.5,0.));
#9138=CARTESIAN_POINT('Origin',(6.,6.,0.));
#9139=CARTESIAN_POINT('',(-35.5,6.,5.));
#9140=CARTESIAN_POINT('',(-35.5,6.,0.));
#9141=CARTESIAN_POINT('',(-35.5,6.,5.));
#9142=CARTESIAN_POINT('Origin',(-6.,-21.5,0.));
#9143=CARTESIAN_POINT('',(-10.05,-21.5,5.));
#9144=CARTESIAN_POINT('Origin',(-6.,-21.5,5.));
#9145=CARTESIAN_POINT('',(-10.05,-21.5,0.));
#9146=CARTESIAN_POINT('Origin',(-6.,-8.,0.));
#9147=CARTESIAN_POINT('',(-10.05,-8.,5.));
#9148=CARTESIAN_POINT('Origin',(-6.,-8.,5.));
#9149=CARTESIAN_POINT('',(-10.05,-8.,0.));
#9150=CARTESIAN_POINT('Origin',(-23.5,-21.5,0.));
#9151=CARTESIAN_POINT('',(-27.55,-21.5,5.));
#9152=CARTESIAN_POINT('Origin',(-23.5,-21.5,5.));
#9153=CARTESIAN_POINT('',(-27.55,-21.5,0.));
#9154=CARTESIAN_POINT('Origin',(-23.5,-8.,0.));
#9155=CARTESIAN_POINT('',(-27.55,-8.,5.));
#9156=CARTESIAN_POINT('Origin',(-23.5,-8.,5.));
#9157=CARTESIAN_POINT('',(-27.55,-8.,0.));
#9158=CARTESIAN_POINT('Origin',(-35.5,-35.5,0.));
#9159=CARTESIAN_POINT('',(-35.5,-35.5,5.));
#9160=CARTESIAN_POINT('',(6.,-35.5,5.));
#9161=CARTESIAN_POINT('',(-35.5,-35.5,0.));
#9162=CARTESIAN_POINT('Origin',(-35.5,6.,0.));
#9163=CARTESIAN_POINT('',(-35.5,-35.5,5.));
#9164=CARTESIAN_POINT('Origin',(-14.75,-14.75,5.));
#9165=CARTESIAN_POINT('Origin',(-14.75,-14.75,0.));
#9166=CARTESIAN_POINT('',(0.,0.,0.));
#9167=CARTESIAN_POINT('',(-4.44089209850063E-15,0.,12.4));
#9168=CARTESIAN_POINT('',(-6.,-8.,28.));
#9169=CARTESIAN_POINT('',(-23.5,-8.,28.));
#9170=CARTESIAN_POINT('',(-23.5,-21.5,28.));
#9171=CARTESIAN_POINT('',(-6.,-21.5,28.));
#9172=CARTESIAN_POINT('',(-6.66133814775094E-15,-29.5,25.9));
#9173=UNCERTAINTY_MEASURE_WITH_UNIT(LENGTH_MEASURE(0.01),#9187,
'DISTANCE_ACCURACY_VALUE',
'Maximum model space distance between geometric entities at asserted c
onnectivities');
#9174=UNCERTAINTY_MEASURE_WITH_UNIT(LENGTH_MEASURE(0.01),#9187,
'DISTANCE_ACCURACY_VALUE',
'Maximum model space distance between geometric entities at asserted c
onnectivities');
#9175=UNCERTAINTY_MEASURE_WITH_UNIT(LENGTH_MEASURE(0.01),#9187,
'DISTANCE_ACCURACY_VALUE',
'Maximum model space distance between geometric entities at asserted c
onnectivities');
#9176=UNCERTAINTY_MEASURE_WITH_UNIT(LENGTH_MEASURE(0.01),#9187,
'DISTANCE_ACCURACY_VALUE',
'Maximum model space distance between geometric entities at asserted c
onnectivities');
#9177=UNCERTAINTY_MEASURE_WITH_UNIT(LENGTH_MEASURE(0.01),#9187,
'DISTANCE_ACCURACY_VALUE',
'Maximum model space distance between geometric entities at asserted c
onnectivities');
#9178=UNCERTAINTY_MEASURE_WITH_UNIT(LENGTH_MEASURE(0.01),#9187,
'DISTANCE_ACCURACY_VALUE',
'Maximum model space distance between geometric entities at asserted c
onnectivities');
#9179=UNCERTAINTY_MEASURE_WITH_UNIT(LENGTH_MEASURE(0.01),#9187,
'DISTANCE_ACCURACY_VALUE',
'Maximum model space distance between geometric entities at asserted c
onnectivities');
#9180=(
GEOMETRIC_REPRESENTATION_CONTEXT(3)
GLOBAL_UNCERTAINTY_ASSIGNED_CONTEXT((#9173))
GLOBAL_UNIT_ASSIGNED_CONTEXT((#9187,#9189,#9190))
REPRESENTATION_CONTEXT('','3D')
);
#9181=(
GEOMETRIC_REPRESENTATION_CONTEXT(3)
GLOBAL_UNCERTAINTY_ASSIGNED_CONTEXT((#9174))
GLOBAL_UNIT_ASSIGNED_CONTEXT((#9187,#9189,#9190))
REPRESENTATION_CONTEXT('','3D')
);
#9182=(
GEOMETRIC_REPRESENTATION_CONTEXT(3)
GLOBAL_UNCERTAINTY_ASSIGNED_CONTEXT((#9175))
GLOBAL_UNIT_ASSIGNED_CONTEXT((#9187,#9189,#9190))
REPRESENTATION_CONTEXT('','3D')
);
#9183=(
GEOMETRIC_REPRESENTATION_CONTEXT(3)
GLOBAL_UNCERTAINTY_ASSIGNED_CONTEXT((#9176))
GLOBAL_UNIT_ASSIGNED_CONTEXT((#9187,#9189,#9190))
REPRESENTATION_CONTEXT('','3D')
);
#9184=(
GEOMETRIC_REPRESENTATION_CONTEXT(3)
GLOBAL_UNCERTAINTY_ASSIGNED_CONTEXT((#9177))
GLOBAL_UNIT_ASSIGNED_CONTEXT((#9187,#9189,#9190))
REPRESENTATION_CONTEXT('','3D')
);
#9185=(
GEOMETRIC_REPRESENTATION_CONTEXT(3)
GLOBAL_UNCERTAINTY_ASSIGNED_CONTEXT((#9178))
GLOBAL_UNIT_ASSIGNED_CONTEXT((#9187,#9189,#9190))
REPRESENTATION_CONTEXT('','3D')
);
#9186=(
GEOMETRIC_REPRESENTATION_CONTEXT(3)
GLOBAL_UNCERTAINTY_ASSIGNED_CONTEXT((#9179))
GLOBAL_UNIT_ASSIGNED_CONTEXT((#9187,#9189,#9190))
REPRESENTATION_CONTEXT('','3D')
);
#9187=(
LENGTH_UNIT()
NAMED_UNIT(*)
SI_UNIT(.MILLI.,.METRE.)
);
#9188=(
LENGTH_UNIT()
NAMED_UNIT(*)
SI_UNIT($,.METRE.)
);
#9189=(
NAMED_UNIT(*)
PLANE_ANGLE_UNIT()
SI_UNIT($,.RADIAN.)
);
#9190=(
NAMED_UNIT(*)
SI_UNIT($,.STERADIAN.)
SOLID_ANGLE_UNIT()
);
#9191=SHAPE_DEFINITION_REPRESENTATION(#9197,#9210);
#9192=SHAPE_DEFINITION_REPRESENTATION(#9198,#9211);
#9193=SHAPE_DEFINITION_REPRESENTATION(#9199,#9212);
#9194=SHAPE_DEFINITION_REPRESENTATION(#9200,#9213);
#9195=SHAPE_DEFINITION_REPRESENTATION(#9201,#9214);
#9196=SHAPE_DEFINITION_REPRESENTATION(#9202,#9215);
#9197=PRODUCT_DEFINITION_SHAPE('',$,#9217);
#9198=PRODUCT_DEFINITION_SHAPE('',$,#9218);
#9199=PRODUCT_DEFINITION_SHAPE('',$,#9219);
#9200=PRODUCT_DEFINITION_SHAPE('',$,#9220);
#9201=PRODUCT_DEFINITION_SHAPE('',$,#9221);
#9202=PRODUCT_DEFINITION_SHAPE('',$,#9222);
#9203=PRODUCT_DEFINITION_SHAPE($,$,#32);
#9204=PRODUCT_DEFINITION_SHAPE($,$,#33);
#9205=PRODUCT_DEFINITION_SHAPE($,$,#34);
#9206=PRODUCT_DEFINITION_SHAPE($,$,#35);
#9207=PRODUCT_DEFINITION_SHAPE($,$,#36);
#9208=PRODUCT_DEFINITION_SHAPE($,$,#37);
#9209=PRODUCT_DEFINITION_SHAPE($,$,#38);
#9210=SHAPE_REPRESENTATION('',(#4513,#4964,#4965,#4966,#4967,#4968,#4969,
#4970),#9180);
#9211=SHAPE_REPRESENTATION('',(#4514),#9181);
#9212=SHAPE_REPRESENTATION('',(#4533),#9182);
#9213=SHAPE_REPRESENTATION('',(#4572),#9183);
#9214=SHAPE_REPRESENTATION('',(#4602),#9184);
#9215=SHAPE_REPRESENTATION('',(#4924),#9185);
#9216=PRODUCT_DEFINITION_CONTEXT('part definition',#9236,'design');
#9217=PRODUCT_DEFINITION('assemblyMISTacMold','assemblyMISTacMold',#9223,
#9216);
#9218=PRODUCT_DEFINITION('moldHolder','moldHolder',#9224,#9216);
#9219=PRODUCT_DEFINITION('moldSensorTip','moldSensorTip',#9225,#9216);
#9220=PRODUCT_DEFINITION('cartridgeUndercut','cartridgeUndercut',#9226,
#9216);
#9221=PRODUCT_DEFINITION('cartridgeInnerMesh','cartridgeInnerMesh',#9227,
#9216);
#9222=PRODUCT_DEFINITION('moldCartrdigeHolder','moldCartrdigeHolder',#9228,
#9216);
#9223=PRODUCT_DEFINITION_FORMATION('',$,#9238);
#9224=PRODUCT_DEFINITION_FORMATION('',$,#9239);
#9225=PRODUCT_DEFINITION_FORMATION('',$,#9240);
#9226=PRODUCT_DEFINITION_FORMATION('',$,#9241);
#9227=PRODUCT_DEFINITION_FORMATION('',$,#9242);
#9228=PRODUCT_DEFINITION_FORMATION('',$,#9243);
#9229=PRODUCT_RELATED_PRODUCT_CATEGORY('assemblyMISTacMold',
'assemblyMISTacMold',(#9238));
#9230=PRODUCT_RELATED_PRODUCT_CATEGORY('moldHolder','moldHolder',(#9239));
#9231=PRODUCT_RELATED_PRODUCT_CATEGORY('moldSensorTip','moldSensorTip',
(#9240));
#9232=PRODUCT_RELATED_PRODUCT_CATEGORY('cartridgeUndercut',
'cartridgeUndercut',(#9241));
#9233=PRODUCT_RELATED_PRODUCT_CATEGORY('cartridgeInnerMesh',
'cartridgeInnerMesh',(#9242));
#9234=PRODUCT_RELATED_PRODUCT_CATEGORY('moldCartrdigeHolder',
'moldCartrdigeHolder',(#9243));
#9235=APPLICATION_PROTOCOL_DEFINITION('international standard',
'automotive_design',2009,#9236);
#9236=APPLICATION_CONTEXT(
'Core Data for Automotive Mechanical Design Process');
#9237=PRODUCT_CONTEXT('part definition',#9236,'mechanical');
#9238=PRODUCT('assemblyMISTacMold','assemblyMISTacMold',$,(#9237));
#9239=PRODUCT('moldHolder','moldHolder',$,(#9237));
#9240=PRODUCT('moldSensorTip','moldSensorTip',$,(#9237));
#9241=PRODUCT('cartridgeUndercut','cartridgeUndercut',$,(#9237));
#9242=PRODUCT('cartridgeInnerMesh','cartridgeInnerMesh',$,(#9237));
#9243=PRODUCT('moldCartrdigeHolder','moldCartrdigeHolder',$,(#9237));
#9244=PRESENTATION_STYLE_ASSIGNMENT((#9245));
#9245=SURFACE_STYLE_USAGE(.BOTH.,#9246);
#9246=SURFACE_SIDE_STYLE('',(#9247));
#9247=SURFACE_STYLE_FILL_AREA(#9248);
#9248=FILL_AREA_STYLE('Steel - Satin',(#9249));
#9249=FILL_AREA_STYLE_COLOUR('Steel - Satin',#9250);
#9250=COLOUR_RGB('Steel - Satin',0.627450980392157,0.627450980392157,0.627450980392157);
ENDSEC;
END-ISO-10303-21;
