ISO-10303-21;
HEADER;
/* Generated by software containing ST-Developer
 * from STEP Tools, Inc. (www.steptools.com) 
 */

FILE_DESCRIPTION(
/* description */ (''),
/* implementation_level */ '2;1');

FILE_NAME(
/* name */ 'cartridgeInnerMesh.step',
/* time_stamp */ '2026-08-04T10:36:54+02:00',
/* author */ (''),
/* organization */ (''),
/* preprocessor_version */ 'ST-DEVELOPER v20.1',
/* originating_system */ 'Autodesk Translation Framework v15.8.0.0',
/* authorisation */ '');

FILE_SCHEMA (('AUTOMOTIVE_DESIGN { 1 0 10303 214 3 1 1 }'));
ENDSEC;

DATA;
#10=MECHANICAL_DESIGN_GEOMETRIC_PRESENTATION_REPRESENTATION('',(#13),#5994);
#11=SHAPE_REPRESENTATION_RELATIONSHIP('SRR','None',#6001,#12);
#12=ADVANCED_BREP_SHAPE_REPRESENTATION('',(#14),#5993);
#13=STYLED_ITEM('',(#6010),#14);
#14=MANIFOLD_SOLID_BREP('Body1',#3086);
#15=FACE_BOUND('',#529,.T.);
#16=FACE_BOUND('',#531,.T.);
#17=FACE_BOUND('',#532,.T.);
#18=FACE_BOUND('',#533,.T.);
#19=FACE_BOUND('',#534,.T.);
#20=FACE_BOUND('',#535,.T.);
#21=FACE_BOUND('',#536,.T.);
#22=FACE_BOUND('',#537,.T.);
#23=FACE_BOUND('',#538,.T.);
#24=FACE_BOUND('',#539,.T.);
#25=FACE_BOUND('',#540,.T.);
#26=FACE_BOUND('',#541,.T.);
#27=FACE_BOUND('',#542,.T.);
#28=FACE_BOUND('',#543,.T.);
#29=FACE_BOUND('',#544,.T.);
#30=FACE_BOUND('',#545,.T.);
#31=FACE_BOUND('',#546,.T.);
#32=FACE_BOUND('',#547,.T.);
#33=FACE_BOUND('',#548,.T.);
#34=FACE_BOUND('',#549,.T.);
#35=FACE_BOUND('',#550,.T.);
#36=FACE_BOUND('',#551,.T.);
#37=FACE_BOUND('',#552,.T.);
#38=FACE_BOUND('',#553,.T.);
#39=FACE_BOUND('',#554,.T.);
#40=FACE_BOUND('',#555,.T.);
#41=FACE_BOUND('',#556,.T.);
#42=FACE_BOUND('',#557,.T.);
#43=FACE_BOUND('',#558,.T.);
#44=FACE_BOUND('',#560,.T.);
#45=FACE_BOUND('',#564,.T.);
#46=FACE_BOUND('',#566,.T.);
#47=B_SPLINE_SURFACE_WITH_KNOTS('',3,3,((#5355,#5356,#5357,#5358,#5359,
#5360,#5361,#5362,#5363,#5364,#5365,#5366,#5367,#5368,#5369,#5370,#5371,
#5372,#5373,#5374,#5375,#5376,#5377,#5378),(#5379,#5380,#5381,#5382,#5383,
#5384,#5385,#5386,#5387,#5388,#5389,#5390,#5391,#5392,#5393,#5394,#5395,
#5396,#5397,#5398,#5399,#5400,#5401,#5402),(#5403,#5404,#5405,#5406,#5407,
#5408,#5409,#5410,#5411,#5412,#5413,#5414,#5415,#5416,#5417,#5418,#5419,
#5420,#5421,#5422,#5423,#5424,#5425,#5426),(#5427,#5428,#5429,#5430,#5431,
#5432,#5433,#5434,#5435,#5436,#5437,#5438,#5439,#5440,#5441,#5442,#5443,
#5444,#5445,#5446,#5447,#5448,#5449,#5450)),.UNSPECIFIED.,.F.,.F.,.F.,(4,
4),(4,1,1,1,1,1,1,1,1,1,1,1,1,1,1,1,1,1,1,1,1,4),(0.,0.0658179306876174),
(8.30838445208321,9.3044457471673,10.3005070422514,11.2965683373355,12.2926296324196,
13.2886909275036,14.2847522225877,15.2808135176718,16.2768748127559,17.27293610784,
18.2689974029241,19.2650586980081,20.2611199930922,21.2571812881763,22.2532425832604,
23.2493038783445,24.2453651734286,25.2414264685126,26.2374877635967,27.2335490586808,
28.2296103537649,29.225671648849),.UNSPECIFIED.);
#48=B_SPLINE_SURFACE_WITH_KNOTS('',3,3,((#5665,#5666,#5667,#5668,#5669,
#5670,#5671,#5672,#5673,#5674,#5675,#5676,#5677,#5678,#5679,#5680,#5681,
#5682,#5683,#5684,#5685,#5686,#5687,#5688),(#5689,#5690,#5691,#5692,#5693,
#5694,#5695,#5696,#5697,#5698,#5699,#5700,#5701,#5702,#5703,#5704,#5705,
#5706,#5707,#5708,#5709,#5710,#5711,#5712),(#5713,#5714,#5715,#5716,#5717,
#5718,#5719,#5720,#5721,#5722,#5723,#5724,#5725,#5726,#5727,#5728,#5729,
#5730,#5731,#5732,#5733,#5734,#5735,#5736),(#5737,#5738,#5739,#5740,#5741,
#5742,#5743,#5744,#5745,#5746,#5747,#5748,#5749,#5750,#5751,#5752,#5753,
#5754,#5755,#5756,#5757,#5758,#5759,#5760)),.UNSPECIFIED.,.F.,.F.,.F.,(4,
4),(4,1,1,1,1,1,1,1,1,1,1,1,1,1,1,1,1,1,1,1,1,4),(0.,0.0658179306876174),
(11.6150328478183,12.6110941429024,13.6071554379865,14.6032167330706,15.5992780281547,
16.5953393232387,17.5914006183228,18.5874619134069,19.583523208491,20.5795845035751,
21.5756457986592,22.5717070937432,23.5677683888273,24.5638296839114,25.5598909789955,
26.5559522740796,27.5520135691637,28.5480748642478,29.5441361593318,30.5401974544159,
31.5362587495,32.5323200445841),.UNSPECIFIED.);
#49=PLANE('',#3111);
#50=PLANE('',#3112);
#51=PLANE('',#3114);
#52=PLANE('',#3115);
#53=PLANE('',#3120);
#54=PLANE('',#3121);
#55=PLANE('',#3123);
#56=PLANE('',#3124);
#57=PLANE('',#3129);
#58=PLANE('',#3130);
#59=PLANE('',#3132);
#60=PLANE('',#3133);
#61=PLANE('',#3138);
#62=PLANE('',#3139);
#63=PLANE('',#3141);
#64=PLANE('',#3142);
#65=PLANE('',#3147);
#66=PLANE('',#3148);
#67=PLANE('',#3151);
#68=PLANE('',#3152);
#69=PLANE('',#3158);
#70=PLANE('',#3159);
#71=PLANE('',#3162);
#72=PLANE('',#3163);
#73=PLANE('',#3169);
#74=PLANE('',#3170);
#75=PLANE('',#3173);
#76=PLANE('',#3174);
#77=PLANE('',#3180);
#78=PLANE('',#3181);
#79=PLANE('',#3184);
#80=PLANE('',#3185);
#81=PLANE('',#3191);
#82=PLANE('',#3192);
#83=PLANE('',#3194);
#84=PLANE('',#3195);
#85=PLANE('',#3200);
#86=PLANE('',#3201);
#87=PLANE('',#3203);
#88=PLANE('',#3204);
#89=PLANE('',#3209);
#90=PLANE('',#3210);
#91=PLANE('',#3212);
#92=PLANE('',#3213);
#93=PLANE('',#3218);
#94=PLANE('',#3219);
#95=PLANE('',#3221);
#96=PLANE('',#3222);
#97=PLANE('',#3227);
#98=PLANE('',#3228);
#99=PLANE('',#3230);
#100=PLANE('',#3231);
#101=PLANE('',#3236);
#102=PLANE('',#3237);
#103=PLANE('',#3239);
#104=PLANE('',#3240);
#105=PLANE('',#3245);
#106=PLANE('',#3246);
#107=PLANE('',#3248);
#108=PLANE('',#3249);
#109=PLANE('',#3254);
#110=PLANE('',#3255);
#111=PLANE('',#3257);
#112=PLANE('',#3258);
#113=PLANE('',#3263);
#114=PLANE('',#3264);
#115=PLANE('',#3266);
#116=PLANE('',#3267);
#117=PLANE('',#3272);
#118=PLANE('',#3273);
#119=PLANE('',#3275);
#120=PLANE('',#3276);
#121=PLANE('',#3281);
#122=PLANE('',#3282);
#123=PLANE('',#3284);
#124=PLANE('',#3285);
#125=PLANE('',#3290);
#126=PLANE('',#3291);
#127=PLANE('',#3293);
#128=PLANE('',#3294);
#129=PLANE('',#3299);
#130=PLANE('',#3300);
#131=PLANE('',#3302);
#132=PLANE('',#3303);
#133=PLANE('',#3308);
#134=PLANE('',#3309);
#135=PLANE('',#3311);
#136=PLANE('',#3312);
#137=PLANE('',#3317);
#138=PLANE('',#3318);
#139=PLANE('',#3320);
#140=PLANE('',#3321);
#141=PLANE('',#3326);
#142=PLANE('',#3327);
#143=PLANE('',#3329);
#144=PLANE('',#3330);
#145=PLANE('',#3335);
#146=PLANE('',#3336);
#147=PLANE('',#3338);
#148=PLANE('',#3339);
#149=PLANE('',#3344);
#150=PLANE('',#3345);
#151=PLANE('',#3347);
#152=PLANE('',#3348);
#153=PLANE('',#3353);
#154=PLANE('',#3354);
#155=PLANE('',#3356);
#156=PLANE('',#3357);
#157=PLANE('',#3362);
#158=PLANE('',#3363);
#159=PLANE('',#3365);
#160=PLANE('',#3366);
#161=PLANE('',#3371);
#162=PLANE('',#3372);
#163=PLANE('',#3374);
#164=PLANE('',#3375);
#165=PLANE('',#3380);
#166=PLANE('',#3381);
#167=PLANE('',#3383);
#168=PLANE('',#3384);
#169=PLANE('',#3389);
#170=PLANE('',#3390);
#171=PLANE('',#3392);
#172=PLANE('',#3393);
#173=PLANE('',#3398);
#174=PLANE('',#3399);
#175=PLANE('',#3401);
#176=PLANE('',#3402);
#177=PLANE('',#3408);
#178=PLANE('',#3413);
#179=PLANE('',#3419);
#180=PLANE('',#3420);
#181=FACE_OUTER_BOUND('',#358,.T.);
#182=FACE_OUTER_BOUND('',#359,.T.);
#183=FACE_OUTER_BOUND('',#360,.T.);
#184=FACE_OUTER_BOUND('',#361,.T.);
#185=FACE_OUTER_BOUND('',#362,.T.);
#186=FACE_OUTER_BOUND('',#363,.T.);
#187=FACE_OUTER_BOUND('',#364,.T.);
#188=FACE_OUTER_BOUND('',#365,.T.);
#189=FACE_OUTER_BOUND('',#366,.T.);
#190=FACE_OUTER_BOUND('',#367,.T.);
#191=FACE_OUTER_BOUND('',#368,.T.);
#192=FACE_OUTER_BOUND('',#369,.T.);
#193=FACE_OUTER_BOUND('',#370,.T.);
#194=FACE_OUTER_BOUND('',#371,.T.);
#195=FACE_OUTER_BOUND('',#372,.T.);
#196=FACE_OUTER_BOUND('',#373,.T.);
#197=FACE_OUTER_BOUND('',#374,.T.);
#198=FACE_OUTER_BOUND('',#375,.T.);
#199=FACE_OUTER_BOUND('',#376,.T.);
#200=FACE_OUTER_BOUND('',#377,.T.);
#201=FACE_OUTER_BOUND('',#378,.T.);
#202=FACE_OUTER_BOUND('',#379,.T.);
#203=FACE_OUTER_BOUND('',#380,.T.);
#204=FACE_OUTER_BOUND('',#381,.T.);
#205=FACE_OUTER_BOUND('',#382,.T.);
#206=FACE_OUTER_BOUND('',#383,.T.);
#207=FACE_OUTER_BOUND('',#384,.T.);
#208=FACE_OUTER_BOUND('',#385,.T.);
#209=FACE_OUTER_BOUND('',#386,.T.);
#210=FACE_OUTER_BOUND('',#387,.T.);
#211=FACE_OUTER_BOUND('',#388,.T.);
#212=FACE_OUTER_BOUND('',#389,.T.);
#213=FACE_OUTER_BOUND('',#390,.T.);
#214=FACE_OUTER_BOUND('',#391,.T.);
#215=FACE_OUTER_BOUND('',#392,.T.);
#216=FACE_OUTER_BOUND('',#393,.T.);
#217=FACE_OUTER_BOUND('',#394,.T.);
#218=FACE_OUTER_BOUND('',#395,.T.);
#219=FACE_OUTER_BOUND('',#396,.T.);
#220=FACE_OUTER_BOUND('',#397,.T.);
#221=FACE_OUTER_BOUND('',#398,.T.);
#222=FACE_OUTER_BOUND('',#399,.T.);
#223=FACE_OUTER_BOUND('',#400,.T.);
#224=FACE_OUTER_BOUND('',#401,.T.);
#225=FACE_OUTER_BOUND('',#402,.T.);
#226=FACE_OUTER_BOUND('',#403,.T.);
#227=FACE_OUTER_BOUND('',#404,.T.);
#228=FACE_OUTER_BOUND('',#405,.T.);
#229=FACE_OUTER_BOUND('',#406,.T.);
#230=FACE_OUTER_BOUND('',#407,.T.);
#231=FACE_OUTER_BOUND('',#408,.T.);
#232=FACE_OUTER_BOUND('',#409,.T.);
#233=FACE_OUTER_BOUND('',#410,.T.);
#234=FACE_OUTER_BOUND('',#411,.T.);
#235=FACE_OUTER_BOUND('',#412,.T.);
#236=FACE_OUTER_BOUND('',#413,.T.);
#237=FACE_OUTER_BOUND('',#414,.T.);
#238=FACE_OUTER_BOUND('',#415,.T.);
#239=FACE_OUTER_BOUND('',#416,.T.);
#240=FACE_OUTER_BOUND('',#417,.T.);
#241=FACE_OUTER_BOUND('',#418,.T.);
#242=FACE_OUTER_BOUND('',#419,.T.);
#243=FACE_OUTER_BOUND('',#420,.T.);
#244=FACE_OUTER_BOUND('',#421,.T.);
#245=FACE_OUTER_BOUND('',#422,.T.);
#246=FACE_OUTER_BOUND('',#423,.T.);
#247=FACE_OUTER_BOUND('',#424,.T.);
#248=FACE_OUTER_BOUND('',#425,.T.);
#249=FACE_OUTER_BOUND('',#426,.T.);
#250=FACE_OUTER_BOUND('',#427,.T.);
#251=FACE_OUTER_BOUND('',#428,.T.);
#252=FACE_OUTER_BOUND('',#429,.T.);
#253=FACE_OUTER_BOUND('',#430,.T.);
#254=FACE_OUTER_BOUND('',#431,.T.);
#255=FACE_OUTER_BOUND('',#432,.T.);
#256=FACE_OUTER_BOUND('',#433,.T.);
#257=FACE_OUTER_BOUND('',#434,.T.);
#258=FACE_OUTER_BOUND('',#435,.T.);
#259=FACE_OUTER_BOUND('',#436,.T.);
#260=FACE_OUTER_BOUND('',#437,.T.);
#261=FACE_OUTER_BOUND('',#438,.T.);
#262=FACE_OUTER_BOUND('',#439,.T.);
#263=FACE_OUTER_BOUND('',#440,.T.);
#264=FACE_OUTER_BOUND('',#441,.T.);
#265=FACE_OUTER_BOUND('',#442,.T.);
#266=FACE_OUTER_BOUND('',#443,.T.);
#267=FACE_OUTER_BOUND('',#444,.T.);
#268=FACE_OUTER_BOUND('',#445,.T.);
#269=FACE_OUTER_BOUND('',#446,.T.);
#270=FACE_OUTER_BOUND('',#447,.T.);
#271=FACE_OUTER_BOUND('',#448,.T.);
#272=FACE_OUTER_BOUND('',#449,.T.);
#273=FACE_OUTER_BOUND('',#450,.T.);
#274=FACE_OUTER_BOUND('',#451,.T.);
#275=FACE_OUTER_BOUND('',#452,.T.);
#276=FACE_OUTER_BOUND('',#453,.T.);
#277=FACE_OUTER_BOUND('',#454,.T.);
#278=FACE_OUTER_BOUND('',#455,.T.);
#279=FACE_OUTER_BOUND('',#456,.T.);
#280=FACE_OUTER_BOUND('',#457,.T.);
#281=FACE_OUTER_BOUND('',#458,.T.);
#282=FACE_OUTER_BOUND('',#459,.T.);
#283=FACE_OUTER_BOUND('',#460,.T.);
#284=FACE_OUTER_BOUND('',#461,.T.);
#285=FACE_OUTER_BOUND('',#462,.T.);
#286=FACE_OUTER_BOUND('',#463,.T.);
#287=FACE_OUTER_BOUND('',#464,.T.);
#288=FACE_OUTER_BOUND('',#465,.T.);
#289=FACE_OUTER_BOUND('',#466,.T.);
#290=FACE_OUTER_BOUND('',#467,.T.);
#291=FACE_OUTER_BOUND('',#468,.T.);
#292=FACE_OUTER_BOUND('',#469,.T.);
#293=FACE_OUTER_BOUND('',#470,.T.);
#294=FACE_OUTER_BOUND('',#471,.T.);
#295=FACE_OUTER_BOUND('',#472,.T.);
#296=FACE_OUTER_BOUND('',#473,.T.);
#297=FACE_OUTER_BOUND('',#474,.T.);
#298=FACE_OUTER_BOUND('',#475,.T.);
#299=FACE_OUTER_BOUND('',#476,.T.);
#300=FACE_OUTER_BOUND('',#477,.T.);
#301=FACE_OUTER_BOUND('',#478,.T.);
#302=FACE_OUTER_BOUND('',#479,.T.);
#303=FACE_OUTER_BOUND('',#480,.T.);
#304=FACE_OUTER_BOUND('',#481,.T.);
#305=FACE_OUTER_BOUND('',#482,.T.);
#306=FACE_OUTER_BOUND('',#483,.T.);
#307=FACE_OUTER_BOUND('',#484,.T.);
#308=FACE_OUTER_BOUND('',#485,.T.);
#309=FACE_OUTER_BOUND('',#486,.T.);
#310=FACE_OUTER_BOUND('',#487,.T.);
#311=FACE_OUTER_BOUND('',#488,.T.);
#312=FACE_OUTER_BOUND('',#489,.T.);
#313=FACE_OUTER_BOUND('',#490,.T.);
#314=FACE_OUTER_BOUND('',#491,.T.);
#315=FACE_OUTER_BOUND('',#492,.T.);
#316=FACE_OUTER_BOUND('',#493,.T.);
#317=FACE_OUTER_BOUND('',#494,.T.);
#318=FACE_OUTER_BOUND('',#495,.T.);
#319=FACE_OUTER_BOUND('',#496,.T.);
#320=FACE_OUTER_BOUND('',#497,.T.);
#321=FACE_OUTER_BOUND('',#498,.T.);
#322=FACE_OUTER_BOUND('',#499,.T.);
#323=FACE_OUTER_BOUND('',#500,.T.);
#324=FACE_OUTER_BOUND('',#501,.T.);
#325=FACE_OUTER_BOUND('',#502,.T.);
#326=FACE_OUTER_BOUND('',#503,.T.);
#327=FACE_OUTER_BOUND('',#504,.T.);
#328=FACE_OUTER_BOUND('',#505,.T.);
#329=FACE_OUTER_BOUND('',#506,.T.);
#330=FACE_OUTER_BOUND('',#507,.T.);
#331=FACE_OUTER_BOUND('',#508,.T.);
#332=FACE_OUTER_BOUND('',#509,.T.);
#333=FACE_OUTER_BOUND('',#510,.T.);
#334=FACE_OUTER_BOUND('',#511,.T.);
#335=FACE_OUTER_BOUND('',#512,.T.);
#336=FACE_OUTER_BOUND('',#513,.T.);
#337=FACE_OUTER_BOUND('',#514,.T.);
#338=FACE_OUTER_BOUND('',#515,.T.);
#339=FACE_OUTER_BOUND('',#516,.T.);
#340=FACE_OUTER_BOUND('',#517,.T.);
#341=FACE_OUTER_BOUND('',#518,.T.);
#342=FACE_OUTER_BOUND('',#519,.T.);
#343=FACE_OUTER_BOUND('',#520,.T.);
#344=FACE_OUTER_BOUND('',#521,.T.);
#345=FACE_OUTER_BOUND('',#522,.T.);
#346=FACE_OUTER_BOUND('',#523,.T.);
#347=FACE_OUTER_BOUND('',#524,.T.);
#348=FACE_OUTER_BOUND('',#525,.T.);
#349=FACE_OUTER_BOUND('',#526,.T.);
#350=FACE_OUTER_BOUND('',#527,.T.);
#351=FACE_OUTER_BOUND('',#528,.T.);
#352=FACE_OUTER_BOUND('',#530,.T.);
#353=FACE_OUTER_BOUND('',#559,.T.);
#354=FACE_OUTER_BOUND('',#561,.T.);
#355=FACE_OUTER_BOUND('',#562,.T.);
#356=FACE_OUTER_BOUND('',#563,.T.);
#357=FACE_OUTER_BOUND('',#565,.T.);
#358=EDGE_LOOP('',(#1996,#1997,#1998,#1999));
#359=EDGE_LOOP('',(#2000,#2001,#2002,#2003));
#360=EDGE_LOOP('',(#2004,#2005,#2006,#2007));
#361=EDGE_LOOP('',(#2008,#2009,#2010,#2011));
#362=EDGE_LOOP('',(#2012,#2013,#2014,#2015));
#363=EDGE_LOOP('',(#2016,#2017,#2018,#2019));
#364=EDGE_LOOP('',(#2020,#2021,#2022,#2023));
#365=EDGE_LOOP('',(#2024,#2025,#2026,#2027));
#366=EDGE_LOOP('',(#2028,#2029,#2030,#2031));
#367=EDGE_LOOP('',(#2032,#2033,#2034,#2035));
#368=EDGE_LOOP('',(#2036,#2037,#2038,#2039));
#369=EDGE_LOOP('',(#2040,#2041,#2042,#2043));
#370=EDGE_LOOP('',(#2044,#2045,#2046,#2047));
#371=EDGE_LOOP('',(#2048,#2049,#2050,#2051));
#372=EDGE_LOOP('',(#2052,#2053,#2054,#2055));
#373=EDGE_LOOP('',(#2056,#2057,#2058,#2059));
#374=EDGE_LOOP('',(#2060,#2061,#2062,#2063));
#375=EDGE_LOOP('',(#2064,#2065,#2066,#2067));
#376=EDGE_LOOP('',(#2068,#2069,#2070,#2071));
#377=EDGE_LOOP('',(#2072,#2073,#2074,#2075));
#378=EDGE_LOOP('',(#2076,#2077,#2078,#2079));
#379=EDGE_LOOP('',(#2080,#2081,#2082,#2083));
#380=EDGE_LOOP('',(#2084,#2085,#2086,#2087));
#381=EDGE_LOOP('',(#2088,#2089,#2090,#2091));
#382=EDGE_LOOP('',(#2092,#2093,#2094,#2095));
#383=EDGE_LOOP('',(#2096,#2097,#2098,#2099));
#384=EDGE_LOOP('',(#2100,#2101,#2102,#2103));
#385=EDGE_LOOP('',(#2104,#2105,#2106,#2107));
#386=EDGE_LOOP('',(#2108,#2109,#2110,#2111,#2112));
#387=EDGE_LOOP('',(#2113,#2114,#2115,#2116));
#388=EDGE_LOOP('',(#2117,#2118,#2119,#2120,#2121));
#389=EDGE_LOOP('',(#2122,#2123,#2124,#2125));
#390=EDGE_LOOP('',(#2126,#2127,#2128,#2129));
#391=EDGE_LOOP('',(#2130,#2131,#2132,#2133,#2134));
#392=EDGE_LOOP('',(#2135,#2136,#2137,#2138));
#393=EDGE_LOOP('',(#2139,#2140,#2141,#2142,#2143));
#394=EDGE_LOOP('',(#2144,#2145,#2146,#2147));
#395=EDGE_LOOP('',(#2148,#2149,#2150,#2151));
#396=EDGE_LOOP('',(#2152,#2153,#2154,#2155,#2156));
#397=EDGE_LOOP('',(#2157,#2158,#2159,#2160));
#398=EDGE_LOOP('',(#2161,#2162,#2163,#2164,#2165));
#399=EDGE_LOOP('',(#2166,#2167,#2168,#2169));
#400=EDGE_LOOP('',(#2170,#2171,#2172,#2173));
#401=EDGE_LOOP('',(#2174,#2175,#2176,#2177,#2178));
#402=EDGE_LOOP('',(#2179,#2180,#2181,#2182));
#403=EDGE_LOOP('',(#2183,#2184,#2185,#2186,#2187));
#404=EDGE_LOOP('',(#2188,#2189,#2190,#2191));
#405=EDGE_LOOP('',(#2192,#2193,#2194,#2195));
#406=EDGE_LOOP('',(#2196,#2197,#2198,#2199));
#407=EDGE_LOOP('',(#2200,#2201,#2202,#2203));
#408=EDGE_LOOP('',(#2204,#2205,#2206,#2207));
#409=EDGE_LOOP('',(#2208,#2209,#2210,#2211));
#410=EDGE_LOOP('',(#2212,#2213,#2214,#2215));
#411=EDGE_LOOP('',(#2216,#2217,#2218,#2219));
#412=EDGE_LOOP('',(#2220,#2221,#2222,#2223));
#413=EDGE_LOOP('',(#2224,#2225,#2226,#2227));
#414=EDGE_LOOP('',(#2228,#2229,#2230,#2231));
#415=EDGE_LOOP('',(#2232,#2233,#2234,#2235));
#416=EDGE_LOOP('',(#2236,#2237,#2238,#2239));
#417=EDGE_LOOP('',(#2240,#2241,#2242,#2243));
#418=EDGE_LOOP('',(#2244,#2245,#2246,#2247));
#419=EDGE_LOOP('',(#2248,#2249,#2250,#2251));
#420=EDGE_LOOP('',(#2252,#2253,#2254,#2255));
#421=EDGE_LOOP('',(#2256,#2257,#2258,#2259));
#422=EDGE_LOOP('',(#2260,#2261,#2262,#2263));
#423=EDGE_LOOP('',(#2264,#2265,#2266,#2267));
#424=EDGE_LOOP('',(#2268,#2269,#2270,#2271));
#425=EDGE_LOOP('',(#2272,#2273,#2274,#2275));
#426=EDGE_LOOP('',(#2276,#2277,#2278,#2279));
#427=EDGE_LOOP('',(#2280,#2281,#2282,#2283));
#428=EDGE_LOOP('',(#2284,#2285,#2286,#2287));
#429=EDGE_LOOP('',(#2288,#2289,#2290,#2291));
#430=EDGE_LOOP('',(#2292,#2293,#2294,#2295));
#431=EDGE_LOOP('',(#2296,#2297,#2298,#2299));
#432=EDGE_LOOP('',(#2300,#2301,#2302,#2303));
#433=EDGE_LOOP('',(#2304,#2305,#2306,#2307));
#434=EDGE_LOOP('',(#2308,#2309,#2310,#2311));
#435=EDGE_LOOP('',(#2312,#2313,#2314,#2315));
#436=EDGE_LOOP('',(#2316,#2317,#2318,#2319));
#437=EDGE_LOOP('',(#2320,#2321,#2322,#2323));
#438=EDGE_LOOP('',(#2324,#2325,#2326,#2327));
#439=EDGE_LOOP('',(#2328,#2329,#2330,#2331));
#440=EDGE_LOOP('',(#2332,#2333,#2334,#2335));
#441=EDGE_LOOP('',(#2336,#2337,#2338,#2339));
#442=EDGE_LOOP('',(#2340,#2341,#2342,#2343));
#443=EDGE_LOOP('',(#2344,#2345,#2346,#2347));
#444=EDGE_LOOP('',(#2348,#2349,#2350,#2351));
#445=EDGE_LOOP('',(#2352,#2353,#2354,#2355));
#446=EDGE_LOOP('',(#2356,#2357,#2358,#2359));
#447=EDGE_LOOP('',(#2360,#2361,#2362,#2363));
#448=EDGE_LOOP('',(#2364,#2365,#2366,#2367));
#449=EDGE_LOOP('',(#2368,#2369,#2370,#2371));
#450=EDGE_LOOP('',(#2372,#2373,#2374,#2375));
#451=EDGE_LOOP('',(#2376,#2377,#2378,#2379));
#452=EDGE_LOOP('',(#2380,#2381,#2382,#2383));
#453=EDGE_LOOP('',(#2384,#2385,#2386,#2387));
#454=EDGE_LOOP('',(#2388,#2389,#2390,#2391));
#455=EDGE_LOOP('',(#2392,#2393,#2394,#2395));
#456=EDGE_LOOP('',(#2396,#2397,#2398,#2399));
#457=EDGE_LOOP('',(#2400,#2401,#2402,#2403));
#458=EDGE_LOOP('',(#2404,#2405,#2406,#2407));
#459=EDGE_LOOP('',(#2408,#2409,#2410,#2411));
#460=EDGE_LOOP('',(#2412,#2413,#2414,#2415));
#461=EDGE_LOOP('',(#2416,#2417,#2418,#2419));
#462=EDGE_LOOP('',(#2420,#2421,#2422,#2423));
#463=EDGE_LOOP('',(#2424,#2425,#2426,#2427));
#464=EDGE_LOOP('',(#2428,#2429,#2430,#2431));
#465=EDGE_LOOP('',(#2432,#2433,#2434,#2435));
#466=EDGE_LOOP('',(#2436,#2437,#2438,#2439));
#467=EDGE_LOOP('',(#2440,#2441,#2442,#2443));
#468=EDGE_LOOP('',(#2444,#2445,#2446,#2447));
#469=EDGE_LOOP('',(#2448,#2449,#2450,#2451));
#470=EDGE_LOOP('',(#2452,#2453,#2454,#2455));
#471=EDGE_LOOP('',(#2456,#2457,#2458,#2459));
#472=EDGE_LOOP('',(#2460,#2461,#2462,#2463));
#473=EDGE_LOOP('',(#2464,#2465,#2466,#2467));
#474=EDGE_LOOP('',(#2468,#2469,#2470,#2471));
#475=EDGE_LOOP('',(#2472,#2473,#2474,#2475));
#476=EDGE_LOOP('',(#2476,#2477,#2478,#2479));
#477=EDGE_LOOP('',(#2480,#2481,#2482,#2483));
#478=EDGE_LOOP('',(#2484,#2485,#2486,#2487));
#479=EDGE_LOOP('',(#2488,#2489,#2490,#2491));
#480=EDGE_LOOP('',(#2492,#2493,#2494,#2495));
#481=EDGE_LOOP('',(#2496,#2497,#2498,#2499));
#482=EDGE_LOOP('',(#2500,#2501,#2502,#2503));
#483=EDGE_LOOP('',(#2504,#2505,#2506,#2507));
#484=EDGE_LOOP('',(#2508,#2509,#2510,#2511));
#485=EDGE_LOOP('',(#2512,#2513,#2514,#2515));
#486=EDGE_LOOP('',(#2516,#2517,#2518,#2519));
#487=EDGE_LOOP('',(#2520,#2521,#2522,#2523));
#488=EDGE_LOOP('',(#2524,#2525,#2526,#2527));
#489=EDGE_LOOP('',(#2528,#2529,#2530,#2531));
#490=EDGE_LOOP('',(#2532,#2533,#2534,#2535));
#491=EDGE_LOOP('',(#2536,#2537,#2538,#2539));
#492=EDGE_LOOP('',(#2540,#2541,#2542,#2543));
#493=EDGE_LOOP('',(#2544,#2545,#2546,#2547));
#494=EDGE_LOOP('',(#2548,#2549,#2550,#2551));
#495=EDGE_LOOP('',(#2552,#2553,#2554,#2555));
#496=EDGE_LOOP('',(#2556,#2557,#2558,#2559));
#497=EDGE_LOOP('',(#2560,#2561,#2562,#2563));
#498=EDGE_LOOP('',(#2564,#2565,#2566,#2567));
#499=EDGE_LOOP('',(#2568,#2569,#2570,#2571));
#500=EDGE_LOOP('',(#2572,#2573,#2574,#2575));
#501=EDGE_LOOP('',(#2576,#2577,#2578,#2579));
#502=EDGE_LOOP('',(#2580,#2581,#2582,#2583));
#503=EDGE_LOOP('',(#2584,#2585,#2586,#2587));
#504=EDGE_LOOP('',(#2588,#2589,#2590,#2591));
#505=EDGE_LOOP('',(#2592,#2593,#2594,#2595));
#506=EDGE_LOOP('',(#2596,#2597,#2598,#2599));
#507=EDGE_LOOP('',(#2600,#2601,#2602,#2603));
#508=EDGE_LOOP('',(#2604,#2605,#2606,#2607));
#509=EDGE_LOOP('',(#2608,#2609,#2610,#2611));
#510=EDGE_LOOP('',(#2612,#2613,#2614,#2615));
#511=EDGE_LOOP('',(#2616,#2617,#2618,#2619));
#512=EDGE_LOOP('',(#2620,#2621,#2622,#2623));
#513=EDGE_LOOP('',(#2624,#2625,#2626,#2627));
#514=EDGE_LOOP('',(#2628,#2629,#2630,#2631));
#515=EDGE_LOOP('',(#2632,#2633,#2634,#2635));
#516=EDGE_LOOP('',(#2636,#2637,#2638,#2639));
#517=EDGE_LOOP('',(#2640,#2641,#2642,#2643));
#518=EDGE_LOOP('',(#2644,#2645,#2646,#2647));
#519=EDGE_LOOP('',(#2648,#2649,#2650,#2651));
#520=EDGE_LOOP('',(#2652,#2653,#2654,#2655));
#521=EDGE_LOOP('',(#2656,#2657,#2658,#2659));
#522=EDGE_LOOP('',(#2660,#2661,#2662,#2663));
#523=EDGE_LOOP('',(#2664,#2665,#2666,#2667));
#524=EDGE_LOOP('',(#2668,#2669,#2670,#2671,#2672,#2673,#2674,#2675,#2676,
#2677));
#525=EDGE_LOOP('',(#2678,#2679,#2680,#2681));
#526=EDGE_LOOP('',(#2682,#2683,#2684,#2685,#2686,#2687,#2688,#2689,#2690,
#2691));
#527=EDGE_LOOP('',(#2692,#2693,#2694,#2695));
#528=EDGE_LOOP('',(#2696));
#529=EDGE_LOOP('',(#2697,#2698,#2699,#2700));
#530=EDGE_LOOP('',(#2701,#2702,#2703,#2704,#2705,#2706,#2707,#2708,#2709,
#2710,#2711,#2712,#2713,#2714,#2715,#2716,#2717,#2718,#2719,#2720,#2721,
#2722,#2723,#2724,#2725,#2726,#2727,#2728,#2729,#2730,#2731,#2732,#2733,
#2734,#2735,#2736));
#531=EDGE_LOOP('',(#2737,#2738,#2739,#2740));
#532=EDGE_LOOP('',(#2741,#2742,#2743,#2744));
#533=EDGE_LOOP('',(#2745,#2746,#2747,#2748));
#534=EDGE_LOOP('',(#2749,#2750,#2751,#2752));
#535=EDGE_LOOP('',(#2753,#2754,#2755,#2756));
#536=EDGE_LOOP('',(#2757,#2758,#2759,#2760));
#537=EDGE_LOOP('',(#2761,#2762,#2763,#2764));
#538=EDGE_LOOP('',(#2765,#2766,#2767,#2768));
#539=EDGE_LOOP('',(#2769,#2770,#2771,#2772));
#540=EDGE_LOOP('',(#2773,#2774,#2775,#2776));
#541=EDGE_LOOP('',(#2777,#2778,#2779,#2780));
#542=EDGE_LOOP('',(#2781,#2782,#2783,#2784));
#543=EDGE_LOOP('',(#2785,#2786,#2787,#2788));
#544=EDGE_LOOP('',(#2789,#2790,#2791,#2792));
#545=EDGE_LOOP('',(#2793,#2794,#2795,#2796));
#546=EDGE_LOOP('',(#2797,#2798,#2799,#2800));
#547=EDGE_LOOP('',(#2801,#2802,#2803,#2804));
#548=EDGE_LOOP('',(#2805,#2806,#2807,#2808));
#549=EDGE_LOOP('',(#2809,#2810,#2811,#2812));
#550=EDGE_LOOP('',(#2813,#2814,#2815,#2816));
#551=EDGE_LOOP('',(#2817,#2818,#2819,#2820));
#552=EDGE_LOOP('',(#2821,#2822,#2823,#2824));
#553=EDGE_LOOP('',(#2825,#2826,#2827,#2828));
#554=EDGE_LOOP('',(#2829,#2830,#2831,#2832));
#555=EDGE_LOOP('',(#2833,#2834,#2835,#2836));
#556=EDGE_LOOP('',(#2837,#2838,#2839,#2840));
#557=EDGE_LOOP('',(#2841,#2842,#2843,#2844));
#558=EDGE_LOOP('',(#2845,#2846,#2847,#2848));
#559=EDGE_LOOP('',(#2849));
#560=EDGE_LOOP('',(#2850));
#561=EDGE_LOOP('',(#2851,#2852,#2853,#2854));
#562=EDGE_LOOP('',(#2855,#2856,#2857,#2858));
#563=EDGE_LOOP('',(#2859));
#564=EDGE_LOOP('',(#2860));
#565=EDGE_LOOP('',(#2861,#2862,#2863,#2864));
#566=EDGE_LOOP('',(#2865));
#567=CIRCLE('',#3101,3.442);
#568=CIRCLE('',#3105,2.872);
#569=CIRCLE('',#3109,3.4);
#570=CIRCLE('',#3110,3.4);
#571=CIRCLE('',#3113,3.);
#572=CIRCLE('',#3116,3.);
#573=CIRCLE('',#3118,3.4);
#574=CIRCLE('',#3119,3.4);
#575=CIRCLE('',#3122,3.);
#576=CIRCLE('',#3125,3.);
#577=CIRCLE('',#3127,3.4);
#578=CIRCLE('',#3128,3.4);
#579=CIRCLE('',#3131,3.);
#580=CIRCLE('',#3134,3.);
#581=CIRCLE('',#3136,3.4);
#582=CIRCLE('',#3137,3.4);
#583=CIRCLE('',#3140,3.);
#584=CIRCLE('',#3143,3.);
#585=CIRCLE('',#3145,3.4);
#586=CIRCLE('',#3146,3.4);
#587=CIRCLE('',#3149,3.);
#588=CIRCLE('',#3150,3.);
#589=CIRCLE('',#3153,3.);
#590=CIRCLE('',#3154,3.);
#591=CIRCLE('',#3156,3.4);
#592=CIRCLE('',#3157,3.4);
#593=CIRCLE('',#3160,3.);
#594=CIRCLE('',#3161,3.);
#595=CIRCLE('',#3164,3.);
#596=CIRCLE('',#3165,3.);
#597=CIRCLE('',#3167,3.4);
#598=CIRCLE('',#3168,3.4);
#599=CIRCLE('',#3171,3.);
#600=CIRCLE('',#3172,3.);
#601=CIRCLE('',#3175,3.);
#602=CIRCLE('',#3176,3.);
#603=CIRCLE('',#3178,3.4);
#604=CIRCLE('',#3179,3.4);
#605=CIRCLE('',#3182,3.);
#606=CIRCLE('',#3183,3.);
#607=CIRCLE('',#3186,3.);
#608=CIRCLE('',#3187,3.);
#609=CIRCLE('',#3189,3.4);
#610=CIRCLE('',#3190,3.4);
#611=CIRCLE('',#3193,3.);
#612=CIRCLE('',#3196,3.);
#613=CIRCLE('',#3198,3.4);
#614=CIRCLE('',#3199,3.4);
#615=CIRCLE('',#3202,3.);
#616=CIRCLE('',#3205,3.);
#617=CIRCLE('',#3207,3.4);
#618=CIRCLE('',#3208,3.4);
#619=CIRCLE('',#3211,3.);
#620=CIRCLE('',#3214,3.);
#621=CIRCLE('',#3216,3.4);
#622=CIRCLE('',#3217,3.4);
#623=CIRCLE('',#3220,3.);
#624=CIRCLE('',#3223,3.);
#625=CIRCLE('',#3225,3.4);
#626=CIRCLE('',#3226,3.4);
#627=CIRCLE('',#3229,3.);
#628=CIRCLE('',#3232,3.);
#629=CIRCLE('',#3234,3.4);
#630=CIRCLE('',#3235,3.4);
#631=CIRCLE('',#3238,3.);
#632=CIRCLE('',#3241,3.);
#633=CIRCLE('',#3243,3.4);
#634=CIRCLE('',#3244,3.4);
#635=CIRCLE('',#3247,3.);
#636=CIRCLE('',#3250,3.);
#637=CIRCLE('',#3252,3.4);
#638=CIRCLE('',#3253,3.4);
#639=CIRCLE('',#3256,3.);
#640=CIRCLE('',#3259,3.);
#641=CIRCLE('',#3261,3.4);
#642=CIRCLE('',#3262,3.4);
#643=CIRCLE('',#3265,3.);
#644=CIRCLE('',#3268,3.);
#645=CIRCLE('',#3270,3.4);
#646=CIRCLE('',#3271,3.4);
#647=CIRCLE('',#3274,3.);
#648=CIRCLE('',#3277,3.);
#649=CIRCLE('',#3279,3.4);
#650=CIRCLE('',#3280,3.4);
#651=CIRCLE('',#3283,3.);
#652=CIRCLE('',#3286,3.);
#653=CIRCLE('',#3288,3.4);
#654=CIRCLE('',#3289,3.4);
#655=CIRCLE('',#3292,3.);
#656=CIRCLE('',#3295,3.);
#657=CIRCLE('',#3297,3.4);
#658=CIRCLE('',#3298,3.4);
#659=CIRCLE('',#3301,3.);
#660=CIRCLE('',#3304,3.);
#661=CIRCLE('',#3306,3.4);
#662=CIRCLE('',#3307,3.4);
#663=CIRCLE('',#3310,3.);
#664=CIRCLE('',#3313,3.);
#665=CIRCLE('',#3315,3.4);
#666=CIRCLE('',#3316,3.4);
#667=CIRCLE('',#3319,3.);
#668=CIRCLE('',#3322,3.);
#669=CIRCLE('',#3324,3.4);
#670=CIRCLE('',#3325,3.4);
#671=CIRCLE('',#3328,3.);
#672=CIRCLE('',#3331,3.);
#673=CIRCLE('',#3333,3.4);
#674=CIRCLE('',#3334,3.4);
#675=CIRCLE('',#3337,3.);
#676=CIRCLE('',#3340,3.);
#677=CIRCLE('',#3342,3.4);
#678=CIRCLE('',#3343,3.4);
#679=CIRCLE('',#3346,3.);
#680=CIRCLE('',#3349,3.);
#681=CIRCLE('',#3351,3.4);
#682=CIRCLE('',#3352,3.4);
#683=CIRCLE('',#3355,3.);
#684=CIRCLE('',#3358,3.);
#685=CIRCLE('',#3360,3.4);
#686=CIRCLE('',#3361,3.4);
#687=CIRCLE('',#3364,3.);
#688=CIRCLE('',#3367,3.);
#689=CIRCLE('',#3369,3.4);
#690=CIRCLE('',#3370,3.4);
#691=CIRCLE('',#3373,3.);
#692=CIRCLE('',#3376,3.);
#693=CIRCLE('',#3378,3.4);
#694=CIRCLE('',#3379,3.4);
#695=CIRCLE('',#3382,3.);
#696=CIRCLE('',#3385,3.);
#697=CIRCLE('',#3387,3.4);
#698=CIRCLE('',#3388,3.4);
#699=CIRCLE('',#3391,3.);
#700=CIRCLE('',#3394,3.);
#701=CIRCLE('',#3396,3.4);
#702=CIRCLE('',#3397,3.4);
#703=CIRCLE('',#3400,3.);
#704=CIRCLE('',#3403,3.);
#705=CIRCLE('',#3405,2.872);
#706=CIRCLE('',#3407,3.442);
#707=CIRCLE('',#3409,4.);
#708=CIRCLE('',#3411,3.);
#709=CIRCLE('',#3412,3.);
#710=CIRCLE('',#3414,2.5);
#711=CIRCLE('',#3416,2.5);
#712=CIRCLE('',#3418,4.);
#713=B_SPLINE_CURVE_WITH_KNOTS('',3,(#4340,#4341,#4342,#4343,#4344,#4345,
#4346,#4347,#4348,#4349,#4350,#4351,#4352,#4353,#4354,#4355,#4356,#4357,
#4358),.UNSPECIFIED.,.F.,.F.,(4,3,3,3,3,3,4),(13.6827641230453,13.9448581311772,
14.9409194262613,15.9369807213453,16.9330420164294,17.9291033115135,18.8495559215388),
 .UNSPECIFIED.);
#714=B_SPLINE_CURVE_WITH_KNOTS('',3,(#4361,#4362,#4363,#4364,#4365,#4366,
#4367,#4368,#4369,#4370,#4371,#4372,#4373,#4374,#4375,#4376),
 .UNSPECIFIED.,.F.,.F.,(4,3,3,3,3,4),(-20.9172871967658,-19.9212259016817,
-18.9251646065976,-17.9291033115135,-16.9330420164294,-16.6593010344898),
 .UNSPECIFIED.);
#715=B_SPLINE_CURVE_WITH_KNOTS('',3,(#4381,#4382,#4383,#4384,#4385,#4386,
#4387,#4388,#4389,#4390,#4391,#4392,#4393,#4394,#4395,#4396,#4397,#4398,
#4399,#4400,#4401,#4402),.UNSPECIFIED.,.F.,.F.,(4,3,3,3,3,3,3,4),(7.39957881586575,
7.96849036067267,8.96455165575676,9.96061295084085,10.9566742459249,11.952735541009,
12.9487968360931,13.6827641230453),.UNSPECIFIED.);
#716=B_SPLINE_CURVE_WITH_KNOTS('',3,(#4403,#4404,#4405,#4406,#4407,#4408,
#4409,#4410,#4411,#4412,#4413,#4414,#4415,#4416,#4417,#4418,#4419,#4420,
#4421,#4422,#4423,#4424),.UNSPECIFIED.,.F.,.F.,(4,3,3,3,3,3,3,4),(-16.6593010344898,
-15.9369807213454,-14.9409194262613,-13.9448581311772,-12.9487968360931,
-11.952735541009,-10.9566742459249,-10.3761157273102),.UNSPECIFIED.);
#717=B_SPLINE_CURVE_WITH_KNOTS('',3,(#4429,#4430,#4431,#4432,#4433,#4434,
#4435,#4436,#4437,#4438,#4439,#4440,#4441,#4442,#4443,#4444,#4445,#4446,
#4447,#4448,#4449,#4450),.UNSPECIFIED.,.F.,.F.,(4,3,3,3,3,3,3,4),(1.11639350868616,
1.99212259016817,2.98818388525225,3.98424518033634,4.98030647542042,5.97636777050451,
6.97242906558859,7.39957881586575),.UNSPECIFIED.);
#718=B_SPLINE_CURVE_WITH_KNOTS('',3,(#4451,#4452,#4453,#4454,#4455,#4456,
#4457,#4458,#4459,#4460,#4461,#4462,#4463,#4464,#4465,#4466,#4467,#4468,
#4469,#4470,#4471,#4472),.UNSPECIFIED.,.F.,.F.,(4,3,3,3,3,3,3,4),(-10.3761157273102,
-9.96061295084084,-8.96455165575676,-7.96849036067267,-6.97242906558859,
-5.9763677705045,-4.98030647542042,-4.09293042013064),.UNSPECIFIED.);
#719=B_SPLINE_CURVE_WITH_KNOTS('',3,(#4478,#4479,#4480,#4481,#4482,#4483),
 .UNSPECIFIED.,.F.,.F.,(4,1,1,4),(28.2743338823081,28.5480748642478,29.5441361593318,
30.4645887693571),.UNSPECIFIED.);
#720=B_SPLINE_CURVE_WITH_KNOTS('',3,(#4486,#4487,#4488,#4489),
 .UNSPECIFIED.,.F.,.F.,(4,4),(28.2743338823081,29.225671648849),
 .UNSPECIFIED.);
#721=B_SPLINE_CURVE_WITH_KNOTS('',3,(#4494,#4495,#4496,#4497,#4498,#4499,
#4500,#4501,#4502,#4503),.UNSPECIFIED.,.F.,.F.,(4,1,1,1,1,1,1,4),(21.9911485751285,
22.5717070937432,23.5677683888273,24.5638296839114,25.5598909789955,26.5559522740796,
27.5520135691637,28.2743338823081),.UNSPECIFIED.);
#722=B_SPLINE_CURVE_WITH_KNOTS('',3,(#4504,#4505,#4506,#4507,#4508,#4509,
#4510,#4511,#4512,#4513,#4514),.UNSPECIFIED.,.F.,.F.,(4,1,1,1,1,1,1,1,4),
(21.9911485751285,22.2532425832604,23.2493038783445,24.2453651734286,25.2414264685126,
26.2374877635967,27.2335490586808,28.2296103537649,28.2743338823081),
 .UNSPECIFIED.);
#723=B_SPLINE_CURVE_WITH_KNOTS('',3,(#4519,#4520,#4521,#4522,#4523,#4524,
#4525,#4526,#4527,#4528),.UNSPECIFIED.,.F.,.F.,(4,1,1,1,1,1,1,4),(15.707963267949,
16.5953393232387,17.5914006183228,18.5874619134069,19.583523208491,20.5795845035751,
21.5756457986592,21.9911485751285),.UNSPECIFIED.);
#724=B_SPLINE_CURVE_WITH_KNOTS('',3,(#4529,#4530,#4531,#4532,#4533,#4534,
#4535,#4536,#4537,#4538),.UNSPECIFIED.,.F.,.F.,(4,1,1,1,1,1,1,4),(15.707963267949,
16.2768748127559,17.27293610784,18.2689974029241,19.2650586980081,20.2611199930922,
21.2571812881763,21.9911485751285),.UNSPECIFIED.);
#725=B_SPLINE_CURVE_WITH_KNOTS('',3,(#5451,#5452,#5453,#5454,#5455,#5456,
#5457,#5458,#5459,#5460,#5461,#5462,#5463,#5464,#5465,#5466,#5467,#5468,
#5469,#5470,#5471,#5472,#5473,#5474,#5475,#5476,#5477,#5478,#5479,#5480,
#5481,#5482,#5483,#5484,#5485,#5486,#5487,#5488,#5489,#5490,#5491,#5492,
#5493,#5494,#5495,#5496,#5497,#5498,#5499,#5500,#5501,#5502,#5503,#5504,
#5505,#5506,#5507,#5508,#5509,#5510,#5511,#5512,#5513,#5514,#5515,#5516,
#5517,#5518,#5519,#5520,#5521,#5522,#5523,#5524,#5525,#5526,#5527,#5528,
#5529,#5530,#5531,#5532,#5533,#5534,#5535,#5536,#5537,#5538,#5539,#5540,
#5541,#5542,#5543,#5544,#5545,#5546,#5547),.UNSPECIFIED.,.F.,.F.,(4,3,3,
3,3,3,3,3,3,3,3,3,3,3,3,3,3,3,3,3,3,3,3,3,3,3,3,3,3,3,3,3,4),(-0.65575241591831,
-0.629783896538657,-0.596659553852125,-0.578222736743736,-0.569860760235283,
-0.562632880808,-0.529731689307577,-0.501224038158866,-0.488751940781305,
-0.480400490491041,-0.475515312474011,-0.443297359359077,-0.411301727327802,
-0.380269807767535,-0.360619975855125,-0.354940285538027,-0.350321856437147,
-0.31961042808904,-0.301670480117893,-0.270429387345579,-0.239032080428256,
-0.231646083466963,-0.227147458699974,-0.196575699229889,-0.1659625318337,
-0.135739969731157,-0.118772473514762,-0.113971526988794,-0.109466014141531,
-0.0798928358803396,-0.0507430344726354,-0.0225061600863233,0.),
 .UNSPECIFIED.);
#726=B_SPLINE_CURVE_WITH_KNOTS('',3,(#5549,#5550,#5551,#5552,#5553,#5554,
#5555),.UNSPECIFIED.,.F.,.F.,(4,3,4),(0.,0.996061295084083,1.11639350868616),
 .UNSPECIFIED.);
#727=B_SPLINE_CURVE_WITH_KNOTS('',3,(#5557,#5558,#5559,#5560,#5561,#5562,
#5563,#5564,#5565,#5566,#5567,#5568,#5569,#5570,#5571,#5572,#5573,#5574,
#5575,#5576,#5577,#5578,#5579,#5580,#5581,#5582,#5583,#5584,#5585,#5586,
#5587,#5588,#5589,#5590,#5591,#5592,#5593,#5594,#5595,#5596,#5597,#5598,
#5599,#5600,#5601,#5602,#5603,#5604,#5605,#5606,#5607,#5608,#5609,#5610,
#5611,#5612,#5613,#5614,#5615,#5616,#5617,#5618,#5619,#5620,#5621,#5622,
#5623,#5624,#5625,#5626,#5627,#5628,#5629,#5630,#5631,#5632,#5633,#5634,
#5635,#5636,#5637,#5638,#5639,#5640,#5641,#5642,#5643,#5644),
 .UNSPECIFIED.,.F.,.F.,(4,3,3,3,3,3,3,3,3,3,3,3,3,3,3,3,3,3,3,3,3,3,3,3,
3,3,3,3,3,4),(0.,0.0219258994549138,0.0502433443763673,0.0792776833229642,
0.110078293546827,0.114434465049036,0.144285283458245,0.174719416094397,
0.205382184085768,0.220419731714281,0.230828146729182,0.235304532060062,
0.266699627085328,0.297911555607152,0.32568256511387,0.346311930789147,
0.352527347692182,0.35709750602977,0.387692356189586,0.419054606995923,
0.452146652691022,0.478936826976659,0.484231939537362,0.516925147354238,
0.549812087668158,0.565901173556217,0.572106354788924,0.605502463091651,
0.63840317522324,0.655752415918307),.UNSPECIFIED.);
#728=B_SPLINE_CURVE_WITH_KNOTS('',3,(#5645,#5646,#5647,#5648,#5649,#5650,
#5651,#5652,#5653),.UNSPECIFIED.,.F.,.F.,(4,1,1,1,1,1,4),(10.3761157273102,
11.2965683373355,12.2926296324196,13.2886909275036,14.2847522225877,15.2808135176718,
15.707963267949),.UNSPECIFIED.);
#729=B_SPLINE_CURVE_WITH_KNOTS('',3,(#5657,#5658,#5659,#5660,#5661,#5662,
#5663,#5664),.UNSPECIFIED.,.F.,.F.,(4,1,1,1,1,4),(11.6150328478183,12.6110941429024,
13.6071554379865,14.6032167330706,15.5992780281547,15.707963267949),
 .UNSPECIFIED.);
#730=B_SPLINE_CURVE_WITH_KNOTS('',3,(#5761,#5762,#5763,#5764,#5765,#5766,
#5767,#5768,#5769,#5770,#5771,#5772,#5773,#5774,#5775,#5776,#5777,#5778,
#5779,#5780,#5781,#5782,#5783,#5784,#5785,#5786,#5787,#5788,#5789,#5790,
#5791,#5792,#5793,#5794,#5795,#5796,#5797,#5798,#5799,#5800,#5801,#5802,
#5803,#5804,#5805,#5806,#5807,#5808,#5809,#5810,#5811,#5812,#5813,#5814,
#5815,#5816,#5817,#5818,#5819,#5820,#5821,#5822,#5823,#5824,#5825,#5826,
#5827,#5828,#5829,#5830,#5831,#5832,#5833,#5834,#5835,#5836,#5837,#5838,
#5839,#5840,#5841,#5842,#5843,#5844,#5845,#5846,#5847,#5848,#5849,#5850,
#5851,#5852,#5853,#5854),.UNSPECIFIED.,.F.,.F.,(4,3,3,3,3,3,3,3,3,3,3,3,
3,3,3,3,3,3,3,3,3,3,3,3,3,3,3,3,3,3,3,4),(-0.658260979006801,-0.636273968359828,
-0.60766086634932,-0.590411856897607,-0.582870975343831,-0.578044105435929,
-0.547248181646677,-0.520301748331081,-0.507671999096002,-0.50281023744156,
-0.472333374038871,-0.441360073957975,-0.410483870153996,-0.390782081395975,
-0.38456237425865,-0.38040662502863,-0.348592904394939,-0.331676715121912,
-0.300900355595192,-0.269532406165091,-0.260273062847547,-0.25550896686762,
-0.223570346009168,-0.191215863579076,-0.158617329062681,-0.138790162929846,
-0.132401851971196,-0.127529034978542,-0.0941898343547634,-0.0608305838746705,
-0.0281631156722122,0.),.UNSPECIFIED.);
#731=B_SPLINE_CURVE_WITH_KNOTS('',3,(#5856,#5857,#5858,#5859,#5860,#5861,
#5862,#5863,#5864,#5865,#5866,#5867,#5868,#5869,#5870,#5871,#5872,#5873,
#5874,#5875,#5876,#5877,#5878,#5879,#5880,#5881,#5882,#5883,#5884,#5885,
#5886,#5887,#5888,#5889,#5890,#5891,#5892,#5893,#5894,#5895,#5896,#5897,
#5898,#5899,#5900,#5901,#5902,#5903,#5904,#5905,#5906,#5907,#5908,#5909,
#5910,#5911,#5912,#5913,#5914,#5915,#5916,#5917,#5918,#5919,#5920,#5921,
#5922,#5923,#5924,#5925,#5926,#5927,#5928,#5929,#5930,#5931,#5932,#5933,
#5934,#5935,#5936,#5937,#5938,#5939,#5940,#5941,#5942,#5943,#5944,#5945,
#5946,#5947,#5948,#5949,#5950,#5951,#5952),.UNSPECIFIED.,.F.,.F.,(4,3,3,
3,3,3,3,3,3,3,3,3,3,3,3,3,3,3,3,3,3,3,3,3,3,3,3,3,3,3,3,3,4),(0.,0.0260745497902832,
0.058879165374598,0.0922311516320918,0.125174828514979,0.131210767979049,
0.135465334056515,0.168065880009325,0.200626855056388,0.23270275519108,
0.248087481629094,0.258988790307065,0.263062132936226,0.294551688016994,
0.325175088192025,0.355780566695193,0.374685592464668,0.382139839937956,
0.386792137969294,0.417232832168198,0.448285099964665,0.479114386853879,
0.491463927242568,0.500903147397131,0.507026388134438,0.537327584336982,
0.567560933004437,0.576148483201308,0.581551187864196,0.587036126816226,
0.616264731568961,0.644680845170332,0.658260979006801),.UNSPECIFIED.);
#732=B_SPLINE_CURVE_WITH_KNOTS('',3,(#5953,#5954,#5955,#5956,#5957,#5958,
#5959,#5960,#5961,#5962),.UNSPECIFIED.,.F.,.F.,(4,3,3,4),(-4.09293042013064,
-3.98424518033634,-2.98818388525225,-2.06773127522701),.UNSPECIFIED.);
#733=LINE('',#4338,#1002);
#734=LINE('',#4380,#1003);
#735=LINE('',#4428,#1004);
#736=LINE('',#4476,#1005);
#737=LINE('',#4493,#1006);
#738=LINE('',#4518,#1007);
#739=LINE('',#4542,#1008);
#740=LINE('',#4546,#1009);
#741=LINE('',#4550,#1010);
#742=LINE('',#4552,#1011);
#743=LINE('',#4553,#1012);
#744=LINE('',#4557,#1013);
#745=LINE('',#4560,#1014);
#746=LINE('',#4561,#1015);
#747=LINE('',#4567,#1016);
#748=LINE('',#4571,#1017);
#749=LINE('',#4575,#1018);
#750=LINE('',#4577,#1019);
#751=LINE('',#4578,#1020);
#752=LINE('',#4582,#1021);
#753=LINE('',#4585,#1022);
#754=LINE('',#4586,#1023);
#755=LINE('',#4592,#1024);
#756=LINE('',#4596,#1025);
#757=LINE('',#4600,#1026);
#758=LINE('',#4602,#1027);
#759=LINE('',#4603,#1028);
#760=LINE('',#4607,#1029);
#761=LINE('',#4610,#1030);
#762=LINE('',#4611,#1031);
#763=LINE('',#4617,#1032);
#764=LINE('',#4621,#1033);
#765=LINE('',#4625,#1034);
#766=LINE('',#4627,#1035);
#767=LINE('',#4628,#1036);
#768=LINE('',#4632,#1037);
#769=LINE('',#4635,#1038);
#770=LINE('',#4636,#1039);
#771=LINE('',#4642,#1040);
#772=LINE('',#4646,#1041);
#773=LINE('',#4650,#1042);
#774=LINE('',#4652,#1043);
#775=LINE('',#4653,#1044);
#776=LINE('',#4659,#1045);
#777=LINE('',#4662,#1046);
#778=LINE('',#4663,#1047);
#779=LINE('',#4671,#1048);
#780=LINE('',#4675,#1049);
#781=LINE('',#4679,#1050);
#782=LINE('',#4681,#1051);
#783=LINE('',#4682,#1052);
#784=LINE('',#4688,#1053);
#785=LINE('',#4691,#1054);
#786=LINE('',#4692,#1055);
#787=LINE('',#4700,#1056);
#788=LINE('',#4704,#1057);
#789=LINE('',#4708,#1058);
#790=LINE('',#4710,#1059);
#791=LINE('',#4711,#1060);
#792=LINE('',#4717,#1061);
#793=LINE('',#4720,#1062);
#794=LINE('',#4721,#1063);
#795=LINE('',#4729,#1064);
#796=LINE('',#4733,#1065);
#797=LINE('',#4737,#1066);
#798=LINE('',#4739,#1067);
#799=LINE('',#4740,#1068);
#800=LINE('',#4746,#1069);
#801=LINE('',#4749,#1070);
#802=LINE('',#4750,#1071);
#803=LINE('',#4758,#1072);
#804=LINE('',#4762,#1073);
#805=LINE('',#4766,#1074);
#806=LINE('',#4768,#1075);
#807=LINE('',#4769,#1076);
#808=LINE('',#4773,#1077);
#809=LINE('',#4776,#1078);
#810=LINE('',#4777,#1079);
#811=LINE('',#4783,#1080);
#812=LINE('',#4787,#1081);
#813=LINE('',#4791,#1082);
#814=LINE('',#4793,#1083);
#815=LINE('',#4794,#1084);
#816=LINE('',#4798,#1085);
#817=LINE('',#4801,#1086);
#818=LINE('',#4802,#1087);
#819=LINE('',#4808,#1088);
#820=LINE('',#4812,#1089);
#821=LINE('',#4816,#1090);
#822=LINE('',#4818,#1091);
#823=LINE('',#4819,#1092);
#824=LINE('',#4823,#1093);
#825=LINE('',#4826,#1094);
#826=LINE('',#4827,#1095);
#827=LINE('',#4833,#1096);
#828=LINE('',#4837,#1097);
#829=LINE('',#4841,#1098);
#830=LINE('',#4843,#1099);
#831=LINE('',#4844,#1100);
#832=LINE('',#4848,#1101);
#833=LINE('',#4851,#1102);
#834=LINE('',#4852,#1103);
#835=LINE('',#4858,#1104);
#836=LINE('',#4862,#1105);
#837=LINE('',#4866,#1106);
#838=LINE('',#4868,#1107);
#839=LINE('',#4869,#1108);
#840=LINE('',#4873,#1109);
#841=LINE('',#4876,#1110);
#842=LINE('',#4877,#1111);
#843=LINE('',#4883,#1112);
#844=LINE('',#4887,#1113);
#845=LINE('',#4891,#1114);
#846=LINE('',#4893,#1115);
#847=LINE('',#4894,#1116);
#848=LINE('',#4898,#1117);
#849=LINE('',#4901,#1118);
#850=LINE('',#4902,#1119);
#851=LINE('',#4908,#1120);
#852=LINE('',#4912,#1121);
#853=LINE('',#4916,#1122);
#854=LINE('',#4918,#1123);
#855=LINE('',#4919,#1124);
#856=LINE('',#4923,#1125);
#857=LINE('',#4926,#1126);
#858=LINE('',#4927,#1127);
#859=LINE('',#4933,#1128);
#860=LINE('',#4937,#1129);
#861=LINE('',#4941,#1130);
#862=LINE('',#4943,#1131);
#863=LINE('',#4944,#1132);
#864=LINE('',#4948,#1133);
#865=LINE('',#4951,#1134);
#866=LINE('',#4952,#1135);
#867=LINE('',#4958,#1136);
#868=LINE('',#4962,#1137);
#869=LINE('',#4966,#1138);
#870=LINE('',#4968,#1139);
#871=LINE('',#4969,#1140);
#872=LINE('',#4973,#1141);
#873=LINE('',#4976,#1142);
#874=LINE('',#4977,#1143);
#875=LINE('',#4983,#1144);
#876=LINE('',#4987,#1145);
#877=LINE('',#4991,#1146);
#878=LINE('',#4993,#1147);
#879=LINE('',#4994,#1148);
#880=LINE('',#4998,#1149);
#881=LINE('',#5001,#1150);
#882=LINE('',#5002,#1151);
#883=LINE('',#5008,#1152);
#884=LINE('',#5012,#1153);
#885=LINE('',#5016,#1154);
#886=LINE('',#5018,#1155);
#887=LINE('',#5019,#1156);
#888=LINE('',#5023,#1157);
#889=LINE('',#5026,#1158);
#890=LINE('',#5027,#1159);
#891=LINE('',#5033,#1160);
#892=LINE('',#5037,#1161);
#893=LINE('',#5041,#1162);
#894=LINE('',#5043,#1163);
#895=LINE('',#5044,#1164);
#896=LINE('',#5048,#1165);
#897=LINE('',#5051,#1166);
#898=LINE('',#5052,#1167);
#899=LINE('',#5058,#1168);
#900=LINE('',#5062,#1169);
#901=LINE('',#5066,#1170);
#902=LINE('',#5068,#1171);
#903=LINE('',#5069,#1172);
#904=LINE('',#5073,#1173);
#905=LINE('',#5076,#1174);
#906=LINE('',#5077,#1175);
#907=LINE('',#5083,#1176);
#908=LINE('',#5087,#1177);
#909=LINE('',#5091,#1178);
#910=LINE('',#5093,#1179);
#911=LINE('',#5094,#1180);
#912=LINE('',#5098,#1181);
#913=LINE('',#5101,#1182);
#914=LINE('',#5102,#1183);
#915=LINE('',#5108,#1184);
#916=LINE('',#5112,#1185);
#917=LINE('',#5116,#1186);
#918=LINE('',#5118,#1187);
#919=LINE('',#5119,#1188);
#920=LINE('',#5123,#1189);
#921=LINE('',#5126,#1190);
#922=LINE('',#5127,#1191);
#923=LINE('',#5133,#1192);
#924=LINE('',#5137,#1193);
#925=LINE('',#5141,#1194);
#926=LINE('',#5143,#1195);
#927=LINE('',#5144,#1196);
#928=LINE('',#5148,#1197);
#929=LINE('',#5151,#1198);
#930=LINE('',#5152,#1199);
#931=LINE('',#5158,#1200);
#932=LINE('',#5162,#1201);
#933=LINE('',#5166,#1202);
#934=LINE('',#5168,#1203);
#935=LINE('',#5169,#1204);
#936=LINE('',#5173,#1205);
#937=LINE('',#5176,#1206);
#938=LINE('',#5177,#1207);
#939=LINE('',#5183,#1208);
#940=LINE('',#5187,#1209);
#941=LINE('',#5191,#1210);
#942=LINE('',#5193,#1211);
#943=LINE('',#5194,#1212);
#944=LINE('',#5198,#1213);
#945=LINE('',#5201,#1214);
#946=LINE('',#5202,#1215);
#947=LINE('',#5208,#1216);
#948=LINE('',#5212,#1217);
#949=LINE('',#5216,#1218);
#950=LINE('',#5218,#1219);
#951=LINE('',#5219,#1220);
#952=LINE('',#5223,#1221);
#953=LINE('',#5226,#1222);
#954=LINE('',#5227,#1223);
#955=LINE('',#5233,#1224);
#956=LINE('',#5237,#1225);
#957=LINE('',#5241,#1226);
#958=LINE('',#5243,#1227);
#959=LINE('',#5244,#1228);
#960=LINE('',#5248,#1229);
#961=LINE('',#5251,#1230);
#962=LINE('',#5252,#1231);
#963=LINE('',#5258,#1232);
#964=LINE('',#5262,#1233);
#965=LINE('',#5266,#1234);
#966=LINE('',#5268,#1235);
#967=LINE('',#5269,#1236);
#968=LINE('',#5273,#1237);
#969=LINE('',#5276,#1238);
#970=LINE('',#5277,#1239);
#971=LINE('',#5283,#1240);
#972=LINE('',#5287,#1241);
#973=LINE('',#5291,#1242);
#974=LINE('',#5293,#1243);
#975=LINE('',#5294,#1244);
#976=LINE('',#5298,#1245);
#977=LINE('',#5301,#1246);
#978=LINE('',#5302,#1247);
#979=LINE('',#5308,#1248);
#980=LINE('',#5312,#1249);
#981=LINE('',#5316,#1250);
#982=LINE('',#5318,#1251);
#983=LINE('',#5319,#1252);
#984=LINE('',#5323,#1253);
#985=LINE('',#5326,#1254);
#986=LINE('',#5327,#1255);
#987=LINE('',#5333,#1256);
#988=LINE('',#5337,#1257);
#989=LINE('',#5341,#1258);
#990=LINE('',#5343,#1259);
#991=LINE('',#5344,#1260);
#992=LINE('',#5348,#1261);
#993=LINE('',#5351,#1262);
#994=LINE('',#5352,#1263);
#995=LINE('',#5971,#1264);
#996=LINE('',#5972,#1265);
#997=LINE('',#5973,#1266);
#998=LINE('',#5974,#1267);
#999=LINE('',#5976,#1268);
#1000=LINE('',#5983,#1269);
#1001=LINE('',#5988,#1270);
#1002=VECTOR('',#3425,3.5);
#1003=VECTOR('',#3430,3.5);
#1004=VECTOR('',#3433,3.5);
#1005=VECTOR('',#3436,2.872);
#1006=VECTOR('',#3441,2.872);
#1007=VECTOR('',#3444,2.872);
#1008=VECTOR('',#3447,10.);
#1009=VECTOR('',#3450,10.);
#1010=VECTOR('',#3455,10.);
#1011=VECTOR('',#3456,10.);
#1012=VECTOR('',#3457,10.);
#1013=VECTOR('',#3462,10.);
#1014=VECTOR('',#3465,10.);
#1015=VECTOR('',#3466,10.);
#1016=VECTOR('',#3473,10.);
#1017=VECTOR('',#3476,10.);
#1018=VECTOR('',#3481,10.);
#1019=VECTOR('',#3482,10.);
#1020=VECTOR('',#3483,10.);
#1021=VECTOR('',#3488,10.);
#1022=VECTOR('',#3491,10.);
#1023=VECTOR('',#3492,10.);
#1024=VECTOR('',#3499,10.);
#1025=VECTOR('',#3502,10.);
#1026=VECTOR('',#3507,10.);
#1027=VECTOR('',#3508,10.);
#1028=VECTOR('',#3509,10.);
#1029=VECTOR('',#3514,10.);
#1030=VECTOR('',#3517,10.);
#1031=VECTOR('',#3518,10.);
#1032=VECTOR('',#3525,10.);
#1033=VECTOR('',#3528,10.);
#1034=VECTOR('',#3533,10.);
#1035=VECTOR('',#3534,10.);
#1036=VECTOR('',#3535,10.);
#1037=VECTOR('',#3540,10.);
#1038=VECTOR('',#3543,10.);
#1039=VECTOR('',#3544,10.);
#1040=VECTOR('',#3551,10.);
#1041=VECTOR('',#3554,10.);
#1042=VECTOR('',#3559,10.);
#1043=VECTOR('',#3560,10.);
#1044=VECTOR('',#3561,10.);
#1045=VECTOR('',#3568,10.);
#1046=VECTOR('',#3571,10.);
#1047=VECTOR('',#3572,10.);
#1048=VECTOR('',#3581,10.);
#1049=VECTOR('',#3584,10.);
#1050=VECTOR('',#3589,10.);
#1051=VECTOR('',#3590,10.);
#1052=VECTOR('',#3591,10.);
#1053=VECTOR('',#3598,10.);
#1054=VECTOR('',#3601,10.);
#1055=VECTOR('',#3602,10.);
#1056=VECTOR('',#3611,10.);
#1057=VECTOR('',#3614,10.);
#1058=VECTOR('',#3619,10.);
#1059=VECTOR('',#3620,10.);
#1060=VECTOR('',#3621,10.);
#1061=VECTOR('',#3628,10.);
#1062=VECTOR('',#3631,10.);
#1063=VECTOR('',#3632,10.);
#1064=VECTOR('',#3641,10.);
#1065=VECTOR('',#3644,10.);
#1066=VECTOR('',#3649,10.);
#1067=VECTOR('',#3650,10.);
#1068=VECTOR('',#3651,10.);
#1069=VECTOR('',#3658,10.);
#1070=VECTOR('',#3661,10.);
#1071=VECTOR('',#3662,10.);
#1072=VECTOR('',#3671,10.);
#1073=VECTOR('',#3674,10.);
#1074=VECTOR('',#3679,10.);
#1075=VECTOR('',#3680,10.);
#1076=VECTOR('',#3681,10.);
#1077=VECTOR('',#3686,10.);
#1078=VECTOR('',#3689,10.);
#1079=VECTOR('',#3690,10.);
#1080=VECTOR('',#3697,10.);
#1081=VECTOR('',#3700,10.);
#1082=VECTOR('',#3705,10.);
#1083=VECTOR('',#3706,10.);
#1084=VECTOR('',#3707,10.);
#1085=VECTOR('',#3712,10.);
#1086=VECTOR('',#3715,10.);
#1087=VECTOR('',#3716,10.);
#1088=VECTOR('',#3723,10.);
#1089=VECTOR('',#3726,10.);
#1090=VECTOR('',#3731,10.);
#1091=VECTOR('',#3732,10.);
#1092=VECTOR('',#3733,10.);
#1093=VECTOR('',#3738,10.);
#1094=VECTOR('',#3741,10.);
#1095=VECTOR('',#3742,10.);
#1096=VECTOR('',#3749,10.);
#1097=VECTOR('',#3752,10.);
#1098=VECTOR('',#3757,10.);
#1099=VECTOR('',#3758,10.);
#1100=VECTOR('',#3759,10.);
#1101=VECTOR('',#3764,10.);
#1102=VECTOR('',#3767,10.);
#1103=VECTOR('',#3768,10.);
#1104=VECTOR('',#3775,10.);
#1105=VECTOR('',#3778,10.);
#1106=VECTOR('',#3783,10.);
#1107=VECTOR('',#3784,10.);
#1108=VECTOR('',#3785,10.);
#1109=VECTOR('',#3790,10.);
#1110=VECTOR('',#3793,10.);
#1111=VECTOR('',#3794,10.);
#1112=VECTOR('',#3801,10.);
#1113=VECTOR('',#3804,10.);
#1114=VECTOR('',#3809,10.);
#1115=VECTOR('',#3810,10.);
#1116=VECTOR('',#3811,10.);
#1117=VECTOR('',#3816,10.);
#1118=VECTOR('',#3819,10.);
#1119=VECTOR('',#3820,10.);
#1120=VECTOR('',#3827,10.);
#1121=VECTOR('',#3830,10.);
#1122=VECTOR('',#3835,10.);
#1123=VECTOR('',#3836,10.);
#1124=VECTOR('',#3837,10.);
#1125=VECTOR('',#3842,10.);
#1126=VECTOR('',#3845,10.);
#1127=VECTOR('',#3846,10.);
#1128=VECTOR('',#3853,10.);
#1129=VECTOR('',#3856,10.);
#1130=VECTOR('',#3861,10.);
#1131=VECTOR('',#3862,10.);
#1132=VECTOR('',#3863,10.);
#1133=VECTOR('',#3868,10.);
#1134=VECTOR('',#3871,10.);
#1135=VECTOR('',#3872,10.);
#1136=VECTOR('',#3879,10.);
#1137=VECTOR('',#3882,10.);
#1138=VECTOR('',#3887,10.);
#1139=VECTOR('',#3888,10.);
#1140=VECTOR('',#3889,10.);
#1141=VECTOR('',#3894,10.);
#1142=VECTOR('',#3897,10.);
#1143=VECTOR('',#3898,10.);
#1144=VECTOR('',#3905,10.);
#1145=VECTOR('',#3908,10.);
#1146=VECTOR('',#3913,10.);
#1147=VECTOR('',#3914,10.);
#1148=VECTOR('',#3915,10.);
#1149=VECTOR('',#3920,10.);
#1150=VECTOR('',#3923,10.);
#1151=VECTOR('',#3924,10.);
#1152=VECTOR('',#3931,10.);
#1153=VECTOR('',#3934,10.);
#1154=VECTOR('',#3939,10.);
#1155=VECTOR('',#3940,10.);
#1156=VECTOR('',#3941,10.);
#1157=VECTOR('',#3946,10.);
#1158=VECTOR('',#3949,10.);
#1159=VECTOR('',#3950,10.);
#1160=VECTOR('',#3957,10.);
#1161=VECTOR('',#3960,10.);
#1162=VECTOR('',#3965,10.);
#1163=VECTOR('',#3966,10.);
#1164=VECTOR('',#3967,10.);
#1165=VECTOR('',#3972,10.);
#1166=VECTOR('',#3975,10.);
#1167=VECTOR('',#3976,10.);
#1168=VECTOR('',#3983,10.);
#1169=VECTOR('',#3986,10.);
#1170=VECTOR('',#3991,10.);
#1171=VECTOR('',#3992,10.);
#1172=VECTOR('',#3993,10.);
#1173=VECTOR('',#3998,10.);
#1174=VECTOR('',#4001,10.);
#1175=VECTOR('',#4002,10.);
#1176=VECTOR('',#4009,10.);
#1177=VECTOR('',#4012,10.);
#1178=VECTOR('',#4017,10.);
#1179=VECTOR('',#4018,10.);
#1180=VECTOR('',#4019,10.);
#1181=VECTOR('',#4024,10.);
#1182=VECTOR('',#4027,10.);
#1183=VECTOR('',#4028,10.);
#1184=VECTOR('',#4035,10.);
#1185=VECTOR('',#4038,10.);
#1186=VECTOR('',#4043,10.);
#1187=VECTOR('',#4044,10.);
#1188=VECTOR('',#4045,10.);
#1189=VECTOR('',#4050,10.);
#1190=VECTOR('',#4053,10.);
#1191=VECTOR('',#4054,10.);
#1192=VECTOR('',#4061,10.);
#1193=VECTOR('',#4064,10.);
#1194=VECTOR('',#4069,10.);
#1195=VECTOR('',#4070,10.);
#1196=VECTOR('',#4071,10.);
#1197=VECTOR('',#4076,10.);
#1198=VECTOR('',#4079,10.);
#1199=VECTOR('',#4080,10.);
#1200=VECTOR('',#4087,10.);
#1201=VECTOR('',#4090,10.);
#1202=VECTOR('',#4095,10.);
#1203=VECTOR('',#4096,10.);
#1204=VECTOR('',#4097,10.);
#1205=VECTOR('',#4102,10.);
#1206=VECTOR('',#4105,10.);
#1207=VECTOR('',#4106,10.);
#1208=VECTOR('',#4113,10.);
#1209=VECTOR('',#4116,10.);
#1210=VECTOR('',#4121,10.);
#1211=VECTOR('',#4122,10.);
#1212=VECTOR('',#4123,10.);
#1213=VECTOR('',#4128,10.);
#1214=VECTOR('',#4131,10.);
#1215=VECTOR('',#4132,10.);
#1216=VECTOR('',#4139,10.);
#1217=VECTOR('',#4142,10.);
#1218=VECTOR('',#4147,10.);
#1219=VECTOR('',#4148,10.);
#1220=VECTOR('',#4149,10.);
#1221=VECTOR('',#4154,10.);
#1222=VECTOR('',#4157,10.);
#1223=VECTOR('',#4158,10.);
#1224=VECTOR('',#4165,10.);
#1225=VECTOR('',#4168,10.);
#1226=VECTOR('',#4173,10.);
#1227=VECTOR('',#4174,10.);
#1228=VECTOR('',#4175,10.);
#1229=VECTOR('',#4180,10.);
#1230=VECTOR('',#4183,10.);
#1231=VECTOR('',#4184,10.);
#1232=VECTOR('',#4191,10.);
#1233=VECTOR('',#4194,10.);
#1234=VECTOR('',#4199,10.);
#1235=VECTOR('',#4200,10.);
#1236=VECTOR('',#4201,10.);
#1237=VECTOR('',#4206,10.);
#1238=VECTOR('',#4209,10.);
#1239=VECTOR('',#4210,10.);
#1240=VECTOR('',#4217,10.);
#1241=VECTOR('',#4220,10.);
#1242=VECTOR('',#4225,10.);
#1243=VECTOR('',#4226,10.);
#1244=VECTOR('',#4227,10.);
#1245=VECTOR('',#4232,10.);
#1246=VECTOR('',#4235,10.);
#1247=VECTOR('',#4236,10.);
#1248=VECTOR('',#4243,10.);
#1249=VECTOR('',#4246,10.);
#1250=VECTOR('',#4251,10.);
#1251=VECTOR('',#4252,10.);
#1252=VECTOR('',#4253,10.);
#1253=VECTOR('',#4258,10.);
#1254=VECTOR('',#4261,10.);
#1255=VECTOR('',#4262,10.);
#1256=VECTOR('',#4269,10.);
#1257=VECTOR('',#4272,10.);
#1258=VECTOR('',#4277,10.);
#1259=VECTOR('',#4278,10.);
#1260=VECTOR('',#4279,10.);
#1261=VECTOR('',#4284,10.);
#1262=VECTOR('',#4287,10.);
#1263=VECTOR('',#4288,10.);
#1264=VECTOR('',#4309,3.);
#1265=VECTOR('',#4310,3.);
#1266=VECTOR('',#4311,3.);
#1267=VECTOR('',#4312,3.);
#1268=VECTOR('',#4313,3.);
#1269=VECTOR('',#4322,2.5);
#1270=VECTOR('',#4329,4.);
#1271=VERTEX_POINT('',#4336);
#1272=VERTEX_POINT('',#4337);
#1273=VERTEX_POINT('',#4339);
#1274=VERTEX_POINT('',#4359);
#1275=VERTEX_POINT('',#4378);
#1276=VERTEX_POINT('',#4379);
#1277=VERTEX_POINT('',#4426);
#1278=VERTEX_POINT('',#4427);
#1279=VERTEX_POINT('',#4474);
#1280=VERTEX_POINT('',#4475);
#1281=VERTEX_POINT('',#4477);
#1282=VERTEX_POINT('',#4484);
#1283=VERTEX_POINT('',#4491);
#1284=VERTEX_POINT('',#4492);
#1285=VERTEX_POINT('',#4516);
#1286=VERTEX_POINT('',#4517);
#1287=VERTEX_POINT('',#4540);
#1288=VERTEX_POINT('',#4541);
#1289=VERTEX_POINT('',#4543);
#1290=VERTEX_POINT('',#4545);
#1291=VERTEX_POINT('',#4549);
#1292=VERTEX_POINT('',#4551);
#1293=VERTEX_POINT('',#4555);
#1294=VERTEX_POINT('',#4559);
#1295=VERTEX_POINT('',#4565);
#1296=VERTEX_POINT('',#4566);
#1297=VERTEX_POINT('',#4568);
#1298=VERTEX_POINT('',#4570);
#1299=VERTEX_POINT('',#4574);
#1300=VERTEX_POINT('',#4576);
#1301=VERTEX_POINT('',#4580);
#1302=VERTEX_POINT('',#4584);
#1303=VERTEX_POINT('',#4590);
#1304=VERTEX_POINT('',#4591);
#1305=VERTEX_POINT('',#4593);
#1306=VERTEX_POINT('',#4595);
#1307=VERTEX_POINT('',#4599);
#1308=VERTEX_POINT('',#4601);
#1309=VERTEX_POINT('',#4605);
#1310=VERTEX_POINT('',#4609);
#1311=VERTEX_POINT('',#4615);
#1312=VERTEX_POINT('',#4616);
#1313=VERTEX_POINT('',#4618);
#1314=VERTEX_POINT('',#4620);
#1315=VERTEX_POINT('',#4624);
#1316=VERTEX_POINT('',#4626);
#1317=VERTEX_POINT('',#4630);
#1318=VERTEX_POINT('',#4634);
#1319=VERTEX_POINT('',#4640);
#1320=VERTEX_POINT('',#4641);
#1321=VERTEX_POINT('',#4643);
#1322=VERTEX_POINT('',#4645);
#1323=VERTEX_POINT('',#4649);
#1324=VERTEX_POINT('',#4651);
#1325=VERTEX_POINT('',#4655);
#1326=VERTEX_POINT('',#4657);
#1327=VERTEX_POINT('',#4661);
#1328=VERTEX_POINT('',#4665);
#1329=VERTEX_POINT('',#4669);
#1330=VERTEX_POINT('',#4670);
#1331=VERTEX_POINT('',#4672);
#1332=VERTEX_POINT('',#4674);
#1333=VERTEX_POINT('',#4678);
#1334=VERTEX_POINT('',#4680);
#1335=VERTEX_POINT('',#4684);
#1336=VERTEX_POINT('',#4686);
#1337=VERTEX_POINT('',#4690);
#1338=VERTEX_POINT('',#4694);
#1339=VERTEX_POINT('',#4698);
#1340=VERTEX_POINT('',#4699);
#1341=VERTEX_POINT('',#4701);
#1342=VERTEX_POINT('',#4703);
#1343=VERTEX_POINT('',#4707);
#1344=VERTEX_POINT('',#4709);
#1345=VERTEX_POINT('',#4713);
#1346=VERTEX_POINT('',#4715);
#1347=VERTEX_POINT('',#4719);
#1348=VERTEX_POINT('',#4723);
#1349=VERTEX_POINT('',#4727);
#1350=VERTEX_POINT('',#4728);
#1351=VERTEX_POINT('',#4730);
#1352=VERTEX_POINT('',#4732);
#1353=VERTEX_POINT('',#4736);
#1354=VERTEX_POINT('',#4738);
#1355=VERTEX_POINT('',#4742);
#1356=VERTEX_POINT('',#4744);
#1357=VERTEX_POINT('',#4748);
#1358=VERTEX_POINT('',#4752);
#1359=VERTEX_POINT('',#4756);
#1360=VERTEX_POINT('',#4757);
#1361=VERTEX_POINT('',#4759);
#1362=VERTEX_POINT('',#4761);
#1363=VERTEX_POINT('',#4765);
#1364=VERTEX_POINT('',#4767);
#1365=VERTEX_POINT('',#4771);
#1366=VERTEX_POINT('',#4775);
#1367=VERTEX_POINT('',#4781);
#1368=VERTEX_POINT('',#4782);
#1369=VERTEX_POINT('',#4784);
#1370=VERTEX_POINT('',#4786);
#1371=VERTEX_POINT('',#4790);
#1372=VERTEX_POINT('',#4792);
#1373=VERTEX_POINT('',#4796);
#1374=VERTEX_POINT('',#4800);
#1375=VERTEX_POINT('',#4806);
#1376=VERTEX_POINT('',#4807);
#1377=VERTEX_POINT('',#4809);
#1378=VERTEX_POINT('',#4811);
#1379=VERTEX_POINT('',#4815);
#1380=VERTEX_POINT('',#4817);
#1381=VERTEX_POINT('',#4821);
#1382=VERTEX_POINT('',#4825);
#1383=VERTEX_POINT('',#4831);
#1384=VERTEX_POINT('',#4832);
#1385=VERTEX_POINT('',#4834);
#1386=VERTEX_POINT('',#4836);
#1387=VERTEX_POINT('',#4840);
#1388=VERTEX_POINT('',#4842);
#1389=VERTEX_POINT('',#4846);
#1390=VERTEX_POINT('',#4850);
#1391=VERTEX_POINT('',#4856);
#1392=VERTEX_POINT('',#4857);
#1393=VERTEX_POINT('',#4859);
#1394=VERTEX_POINT('',#4861);
#1395=VERTEX_POINT('',#4865);
#1396=VERTEX_POINT('',#4867);
#1397=VERTEX_POINT('',#4871);
#1398=VERTEX_POINT('',#4875);
#1399=VERTEX_POINT('',#4881);
#1400=VERTEX_POINT('',#4882);
#1401=VERTEX_POINT('',#4884);
#1402=VERTEX_POINT('',#4886);
#1403=VERTEX_POINT('',#4890);
#1404=VERTEX_POINT('',#4892);
#1405=VERTEX_POINT('',#4896);
#1406=VERTEX_POINT('',#4900);
#1407=VERTEX_POINT('',#4906);
#1408=VERTEX_POINT('',#4907);
#1409=VERTEX_POINT('',#4909);
#1410=VERTEX_POINT('',#4911);
#1411=VERTEX_POINT('',#4915);
#1412=VERTEX_POINT('',#4917);
#1413=VERTEX_POINT('',#4921);
#1414=VERTEX_POINT('',#4925);
#1415=VERTEX_POINT('',#4931);
#1416=VERTEX_POINT('',#4932);
#1417=VERTEX_POINT('',#4934);
#1418=VERTEX_POINT('',#4936);
#1419=VERTEX_POINT('',#4940);
#1420=VERTEX_POINT('',#4942);
#1421=VERTEX_POINT('',#4946);
#1422=VERTEX_POINT('',#4950);
#1423=VERTEX_POINT('',#4956);
#1424=VERTEX_POINT('',#4957);
#1425=VERTEX_POINT('',#4959);
#1426=VERTEX_POINT('',#4961);
#1427=VERTEX_POINT('',#4965);
#1428=VERTEX_POINT('',#4967);
#1429=VERTEX_POINT('',#4971);
#1430=VERTEX_POINT('',#4975);
#1431=VERTEX_POINT('',#4981);
#1432=VERTEX_POINT('',#4982);
#1433=VERTEX_POINT('',#4984);
#1434=VERTEX_POINT('',#4986);
#1435=VERTEX_POINT('',#4990);
#1436=VERTEX_POINT('',#4992);
#1437=VERTEX_POINT('',#4996);
#1438=VERTEX_POINT('',#5000);
#1439=VERTEX_POINT('',#5006);
#1440=VERTEX_POINT('',#5007);
#1441=VERTEX_POINT('',#5009);
#1442=VERTEX_POINT('',#5011);
#1443=VERTEX_POINT('',#5015);
#1444=VERTEX_POINT('',#5017);
#1445=VERTEX_POINT('',#5021);
#1446=VERTEX_POINT('',#5025);
#1447=VERTEX_POINT('',#5031);
#1448=VERTEX_POINT('',#5032);
#1449=VERTEX_POINT('',#5034);
#1450=VERTEX_POINT('',#5036);
#1451=VERTEX_POINT('',#5040);
#1452=VERTEX_POINT('',#5042);
#1453=VERTEX_POINT('',#5046);
#1454=VERTEX_POINT('',#5050);
#1455=VERTEX_POINT('',#5056);
#1456=VERTEX_POINT('',#5057);
#1457=VERTEX_POINT('',#5059);
#1458=VERTEX_POINT('',#5061);
#1459=VERTEX_POINT('',#5065);
#1460=VERTEX_POINT('',#5067);
#1461=VERTEX_POINT('',#5071);
#1462=VERTEX_POINT('',#5075);
#1463=VERTEX_POINT('',#5081);
#1464=VERTEX_POINT('',#5082);
#1465=VERTEX_POINT('',#5084);
#1466=VERTEX_POINT('',#5086);
#1467=VERTEX_POINT('',#5090);
#1468=VERTEX_POINT('',#5092);
#1469=VERTEX_POINT('',#5096);
#1470=VERTEX_POINT('',#5100);
#1471=VERTEX_POINT('',#5106);
#1472=VERTEX_POINT('',#5107);
#1473=VERTEX_POINT('',#5109);
#1474=VERTEX_POINT('',#5111);
#1475=VERTEX_POINT('',#5115);
#1476=VERTEX_POINT('',#5117);
#1477=VERTEX_POINT('',#5121);
#1478=VERTEX_POINT('',#5125);
#1479=VERTEX_POINT('',#5131);
#1480=VERTEX_POINT('',#5132);
#1481=VERTEX_POINT('',#5134);
#1482=VERTEX_POINT('',#5136);
#1483=VERTEX_POINT('',#5140);
#1484=VERTEX_POINT('',#5142);
#1485=VERTEX_POINT('',#5146);
#1486=VERTEX_POINT('',#5150);
#1487=VERTEX_POINT('',#5156);
#1488=VERTEX_POINT('',#5157);
#1489=VERTEX_POINT('',#5159);
#1490=VERTEX_POINT('',#5161);
#1491=VERTEX_POINT('',#5165);
#1492=VERTEX_POINT('',#5167);
#1493=VERTEX_POINT('',#5171);
#1494=VERTEX_POINT('',#5175);
#1495=VERTEX_POINT('',#5181);
#1496=VERTEX_POINT('',#5182);
#1497=VERTEX_POINT('',#5184);
#1498=VERTEX_POINT('',#5186);
#1499=VERTEX_POINT('',#5190);
#1500=VERTEX_POINT('',#5192);
#1501=VERTEX_POINT('',#5196);
#1502=VERTEX_POINT('',#5200);
#1503=VERTEX_POINT('',#5206);
#1504=VERTEX_POINT('',#5207);
#1505=VERTEX_POINT('',#5209);
#1506=VERTEX_POINT('',#5211);
#1507=VERTEX_POINT('',#5215);
#1508=VERTEX_POINT('',#5217);
#1509=VERTEX_POINT('',#5221);
#1510=VERTEX_POINT('',#5225);
#1511=VERTEX_POINT('',#5231);
#1512=VERTEX_POINT('',#5232);
#1513=VERTEX_POINT('',#5234);
#1514=VERTEX_POINT('',#5236);
#1515=VERTEX_POINT('',#5240);
#1516=VERTEX_POINT('',#5242);
#1517=VERTEX_POINT('',#5246);
#1518=VERTEX_POINT('',#5250);
#1519=VERTEX_POINT('',#5256);
#1520=VERTEX_POINT('',#5257);
#1521=VERTEX_POINT('',#5259);
#1522=VERTEX_POINT('',#5261);
#1523=VERTEX_POINT('',#5265);
#1524=VERTEX_POINT('',#5267);
#1525=VERTEX_POINT('',#5271);
#1526=VERTEX_POINT('',#5275);
#1527=VERTEX_POINT('',#5281);
#1528=VERTEX_POINT('',#5282);
#1529=VERTEX_POINT('',#5284);
#1530=VERTEX_POINT('',#5286);
#1531=VERTEX_POINT('',#5290);
#1532=VERTEX_POINT('',#5292);
#1533=VERTEX_POINT('',#5296);
#1534=VERTEX_POINT('',#5300);
#1535=VERTEX_POINT('',#5306);
#1536=VERTEX_POINT('',#5307);
#1537=VERTEX_POINT('',#5309);
#1538=VERTEX_POINT('',#5311);
#1539=VERTEX_POINT('',#5315);
#1540=VERTEX_POINT('',#5317);
#1541=VERTEX_POINT('',#5321);
#1542=VERTEX_POINT('',#5325);
#1543=VERTEX_POINT('',#5331);
#1544=VERTEX_POINT('',#5332);
#1545=VERTEX_POINT('',#5334);
#1546=VERTEX_POINT('',#5336);
#1547=VERTEX_POINT('',#5340);
#1548=VERTEX_POINT('',#5342);
#1549=VERTEX_POINT('',#5346);
#1550=VERTEX_POINT('',#5350);
#1551=VERTEX_POINT('',#5548);
#1552=VERTEX_POINT('',#5556);
#1553=VERTEX_POINT('',#5655);
#1554=VERTEX_POINT('',#5855);
#1555=VERTEX_POINT('',#5966);
#1556=VERTEX_POINT('',#5969);
#1557=VERTEX_POINT('',#5975);
#1558=VERTEX_POINT('',#5979);
#1559=VERTEX_POINT('',#5982);
#1560=VERTEX_POINT('',#5986);
#1561=EDGE_CURVE('',#1271,#1272,#733,.T.);
#1562=EDGE_CURVE('',#1271,#1273,#713,.T.);
#1563=EDGE_CURVE('',#1273,#1274,#567,.F.);
#1564=EDGE_CURVE('',#1274,#1272,#714,.T.);
#1565=EDGE_CURVE('',#1275,#1276,#734,.T.);
#1566=EDGE_CURVE('',#1275,#1271,#715,.T.);
#1567=EDGE_CURVE('',#1272,#1276,#716,.T.);
#1568=EDGE_CURVE('',#1277,#1278,#735,.T.);
#1569=EDGE_CURVE('',#1277,#1275,#717,.T.);
#1570=EDGE_CURVE('',#1276,#1278,#718,.T.);
#1571=EDGE_CURVE('',#1279,#1280,#736,.T.);
#1572=EDGE_CURVE('',#1279,#1281,#719,.T.);
#1573=EDGE_CURVE('',#1282,#1281,#568,.T.);
#1574=EDGE_CURVE('',#1280,#1282,#720,.T.);
#1575=EDGE_CURVE('',#1283,#1284,#737,.T.);
#1576=EDGE_CURVE('',#1283,#1279,#721,.T.);
#1577=EDGE_CURVE('',#1284,#1280,#722,.T.);
#1578=EDGE_CURVE('',#1285,#1286,#738,.T.);
#1579=EDGE_CURVE('',#1285,#1283,#723,.T.);
#1580=EDGE_CURVE('',#1286,#1284,#724,.T.);
#1581=EDGE_CURVE('',#1287,#1288,#739,.T.);
#1582=EDGE_CURVE('',#1289,#1287,#569,.T.);
#1583=EDGE_CURVE('',#1290,#1289,#740,.T.);
#1584=EDGE_CURVE('',#1288,#1290,#570,.T.);
#1585=EDGE_CURVE('',#1288,#1291,#741,.T.);
#1586=EDGE_CURVE('',#1292,#1291,#742,.T.);
#1587=EDGE_CURVE('',#1287,#1292,#743,.T.);
#1588=EDGE_CURVE('',#1293,#1292,#571,.T.);
#1589=EDGE_CURVE('',#1289,#1293,#744,.T.);
#1590=EDGE_CURVE('',#1294,#1293,#745,.T.);
#1591=EDGE_CURVE('',#1290,#1294,#746,.T.);
#1592=EDGE_CURVE('',#1291,#1294,#572,.T.);
#1593=EDGE_CURVE('',#1295,#1296,#747,.T.);
#1594=EDGE_CURVE('',#1297,#1295,#573,.T.);
#1595=EDGE_CURVE('',#1298,#1297,#748,.T.);
#1596=EDGE_CURVE('',#1296,#1298,#574,.T.);
#1597=EDGE_CURVE('',#1296,#1299,#749,.T.);
#1598=EDGE_CURVE('',#1300,#1299,#750,.T.);
#1599=EDGE_CURVE('',#1295,#1300,#751,.T.);
#1600=EDGE_CURVE('',#1301,#1300,#575,.T.);
#1601=EDGE_CURVE('',#1297,#1301,#752,.T.);
#1602=EDGE_CURVE('',#1302,#1301,#753,.T.);
#1603=EDGE_CURVE('',#1298,#1302,#754,.T.);
#1604=EDGE_CURVE('',#1299,#1302,#576,.T.);
#1605=EDGE_CURVE('',#1303,#1304,#755,.T.);
#1606=EDGE_CURVE('',#1305,#1303,#577,.T.);
#1607=EDGE_CURVE('',#1306,#1305,#756,.T.);
#1608=EDGE_CURVE('',#1304,#1306,#578,.T.);
#1609=EDGE_CURVE('',#1304,#1307,#757,.T.);
#1610=EDGE_CURVE('',#1308,#1307,#758,.T.);
#1611=EDGE_CURVE('',#1303,#1308,#759,.T.);
#1612=EDGE_CURVE('',#1309,#1308,#579,.T.);
#1613=EDGE_CURVE('',#1305,#1309,#760,.T.);
#1614=EDGE_CURVE('',#1310,#1309,#761,.T.);
#1615=EDGE_CURVE('',#1306,#1310,#762,.T.);
#1616=EDGE_CURVE('',#1307,#1310,#580,.T.);
#1617=EDGE_CURVE('',#1311,#1312,#763,.T.);
#1618=EDGE_CURVE('',#1313,#1311,#581,.T.);
#1619=EDGE_CURVE('',#1314,#1313,#764,.T.);
#1620=EDGE_CURVE('',#1312,#1314,#582,.T.);
#1621=EDGE_CURVE('',#1312,#1315,#765,.T.);
#1622=EDGE_CURVE('',#1316,#1315,#766,.T.);
#1623=EDGE_CURVE('',#1311,#1316,#767,.T.);
#1624=EDGE_CURVE('',#1317,#1316,#583,.T.);
#1625=EDGE_CURVE('',#1313,#1317,#768,.T.);
#1626=EDGE_CURVE('',#1318,#1317,#769,.T.);
#1627=EDGE_CURVE('',#1314,#1318,#770,.T.);
#1628=EDGE_CURVE('',#1315,#1318,#584,.T.);
#1629=EDGE_CURVE('',#1319,#1320,#771,.T.);
#1630=EDGE_CURVE('',#1321,#1319,#585,.T.);
#1631=EDGE_CURVE('',#1322,#1321,#772,.T.);
#1632=EDGE_CURVE('',#1320,#1322,#586,.T.);
#1633=EDGE_CURVE('',#1320,#1323,#773,.T.);
#1634=EDGE_CURVE('',#1324,#1323,#774,.T.);
#1635=EDGE_CURVE('',#1319,#1324,#775,.T.);
#1636=EDGE_CURVE('',#1325,#1324,#587,.T.);
#1637=EDGE_CURVE('',#1326,#1325,#588,.T.);
#1638=EDGE_CURVE('',#1321,#1326,#776,.T.);
#1639=EDGE_CURVE('',#1327,#1326,#777,.T.);
#1640=EDGE_CURVE('',#1322,#1327,#778,.T.);
#1641=EDGE_CURVE('',#1328,#1327,#589,.T.);
#1642=EDGE_CURVE('',#1323,#1328,#590,.T.);
#1643=EDGE_CURVE('',#1329,#1330,#779,.T.);
#1644=EDGE_CURVE('',#1331,#1329,#591,.T.);
#1645=EDGE_CURVE('',#1332,#1331,#780,.T.);
#1646=EDGE_CURVE('',#1330,#1332,#592,.T.);
#1647=EDGE_CURVE('',#1330,#1333,#781,.T.);
#1648=EDGE_CURVE('',#1334,#1333,#782,.T.);
#1649=EDGE_CURVE('',#1329,#1334,#783,.T.);
#1650=EDGE_CURVE('',#1335,#1334,#593,.T.);
#1651=EDGE_CURVE('',#1336,#1335,#594,.T.);
#1652=EDGE_CURVE('',#1331,#1336,#784,.T.);
#1653=EDGE_CURVE('',#1337,#1336,#785,.T.);
#1654=EDGE_CURVE('',#1332,#1337,#786,.T.);
#1655=EDGE_CURVE('',#1338,#1337,#595,.T.);
#1656=EDGE_CURVE('',#1333,#1338,#596,.T.);
#1657=EDGE_CURVE('',#1339,#1340,#787,.T.);
#1658=EDGE_CURVE('',#1341,#1339,#597,.T.);
#1659=EDGE_CURVE('',#1342,#1341,#788,.T.);
#1660=EDGE_CURVE('',#1340,#1342,#598,.T.);
#1661=EDGE_CURVE('',#1340,#1343,#789,.T.);
#1662=EDGE_CURVE('',#1344,#1343,#790,.T.);
#1663=EDGE_CURVE('',#1339,#1344,#791,.T.);
#1664=EDGE_CURVE('',#1345,#1344,#599,.T.);
#1665=EDGE_CURVE('',#1346,#1345,#600,.T.);
#1666=EDGE_CURVE('',#1341,#1346,#792,.T.);
#1667=EDGE_CURVE('',#1347,#1346,#793,.T.);
#1668=EDGE_CURVE('',#1342,#1347,#794,.T.);
#1669=EDGE_CURVE('',#1348,#1347,#601,.T.);
#1670=EDGE_CURVE('',#1343,#1348,#602,.T.);
#1671=EDGE_CURVE('',#1349,#1350,#795,.T.);
#1672=EDGE_CURVE('',#1351,#1349,#603,.T.);
#1673=EDGE_CURVE('',#1352,#1351,#796,.T.);
#1674=EDGE_CURVE('',#1350,#1352,#604,.T.);
#1675=EDGE_CURVE('',#1350,#1353,#797,.T.);
#1676=EDGE_CURVE('',#1354,#1353,#798,.T.);
#1677=EDGE_CURVE('',#1349,#1354,#799,.T.);
#1678=EDGE_CURVE('',#1355,#1354,#605,.T.);
#1679=EDGE_CURVE('',#1356,#1355,#606,.T.);
#1680=EDGE_CURVE('',#1351,#1356,#800,.T.);
#1681=EDGE_CURVE('',#1357,#1356,#801,.T.);
#1682=EDGE_CURVE('',#1352,#1357,#802,.T.);
#1683=EDGE_CURVE('',#1358,#1357,#607,.T.);
#1684=EDGE_CURVE('',#1353,#1358,#608,.T.);
#1685=EDGE_CURVE('',#1359,#1360,#803,.T.);
#1686=EDGE_CURVE('',#1361,#1359,#609,.T.);
#1687=EDGE_CURVE('',#1362,#1361,#804,.T.);
#1688=EDGE_CURVE('',#1360,#1362,#610,.T.);
#1689=EDGE_CURVE('',#1360,#1363,#805,.T.);
#1690=EDGE_CURVE('',#1364,#1363,#806,.T.);
#1691=EDGE_CURVE('',#1359,#1364,#807,.T.);
#1692=EDGE_CURVE('',#1365,#1364,#611,.T.);
#1693=EDGE_CURVE('',#1361,#1365,#808,.T.);
#1694=EDGE_CURVE('',#1366,#1365,#809,.T.);
#1695=EDGE_CURVE('',#1362,#1366,#810,.T.);
#1696=EDGE_CURVE('',#1363,#1366,#612,.T.);
#1697=EDGE_CURVE('',#1367,#1368,#811,.T.);
#1698=EDGE_CURVE('',#1369,#1367,#613,.T.);
#1699=EDGE_CURVE('',#1370,#1369,#812,.T.);
#1700=EDGE_CURVE('',#1368,#1370,#614,.T.);
#1701=EDGE_CURVE('',#1368,#1371,#813,.T.);
#1702=EDGE_CURVE('',#1372,#1371,#814,.T.);
#1703=EDGE_CURVE('',#1367,#1372,#815,.T.);
#1704=EDGE_CURVE('',#1373,#1372,#615,.T.);
#1705=EDGE_CURVE('',#1369,#1373,#816,.T.);
#1706=EDGE_CURVE('',#1374,#1373,#817,.T.);
#1707=EDGE_CURVE('',#1370,#1374,#818,.T.);
#1708=EDGE_CURVE('',#1371,#1374,#616,.T.);
#1709=EDGE_CURVE('',#1375,#1376,#819,.T.);
#1710=EDGE_CURVE('',#1377,#1375,#617,.T.);
#1711=EDGE_CURVE('',#1378,#1377,#820,.T.);
#1712=EDGE_CURVE('',#1376,#1378,#618,.T.);
#1713=EDGE_CURVE('',#1376,#1379,#821,.T.);
#1714=EDGE_CURVE('',#1380,#1379,#822,.T.);
#1715=EDGE_CURVE('',#1375,#1380,#823,.T.);
#1716=EDGE_CURVE('',#1381,#1380,#619,.T.);
#1717=EDGE_CURVE('',#1377,#1381,#824,.T.);
#1718=EDGE_CURVE('',#1382,#1381,#825,.T.);
#1719=EDGE_CURVE('',#1378,#1382,#826,.T.);
#1720=EDGE_CURVE('',#1379,#1382,#620,.T.);
#1721=EDGE_CURVE('',#1383,#1384,#827,.T.);
#1722=EDGE_CURVE('',#1385,#1383,#621,.T.);
#1723=EDGE_CURVE('',#1386,#1385,#828,.T.);
#1724=EDGE_CURVE('',#1384,#1386,#622,.T.);
#1725=EDGE_CURVE('',#1384,#1387,#829,.T.);
#1726=EDGE_CURVE('',#1388,#1387,#830,.T.);
#1727=EDGE_CURVE('',#1383,#1388,#831,.T.);
#1728=EDGE_CURVE('',#1389,#1388,#623,.T.);
#1729=EDGE_CURVE('',#1385,#1389,#832,.T.);
#1730=EDGE_CURVE('',#1390,#1389,#833,.T.);
#1731=EDGE_CURVE('',#1386,#1390,#834,.T.);
#1732=EDGE_CURVE('',#1387,#1390,#624,.T.);
#1733=EDGE_CURVE('',#1391,#1392,#835,.T.);
#1734=EDGE_CURVE('',#1393,#1391,#625,.T.);
#1735=EDGE_CURVE('',#1394,#1393,#836,.T.);
#1736=EDGE_CURVE('',#1392,#1394,#626,.T.);
#1737=EDGE_CURVE('',#1392,#1395,#837,.T.);
#1738=EDGE_CURVE('',#1396,#1395,#838,.T.);
#1739=EDGE_CURVE('',#1391,#1396,#839,.T.);
#1740=EDGE_CURVE('',#1397,#1396,#627,.T.);
#1741=EDGE_CURVE('',#1393,#1397,#840,.T.);
#1742=EDGE_CURVE('',#1398,#1397,#841,.T.);
#1743=EDGE_CURVE('',#1394,#1398,#842,.T.);
#1744=EDGE_CURVE('',#1395,#1398,#628,.T.);
#1745=EDGE_CURVE('',#1399,#1400,#843,.T.);
#1746=EDGE_CURVE('',#1401,#1399,#629,.T.);
#1747=EDGE_CURVE('',#1402,#1401,#844,.T.);
#1748=EDGE_CURVE('',#1400,#1402,#630,.T.);
#1749=EDGE_CURVE('',#1400,#1403,#845,.T.);
#1750=EDGE_CURVE('',#1404,#1403,#846,.T.);
#1751=EDGE_CURVE('',#1399,#1404,#847,.T.);
#1752=EDGE_CURVE('',#1405,#1404,#631,.T.);
#1753=EDGE_CURVE('',#1401,#1405,#848,.T.);
#1754=EDGE_CURVE('',#1406,#1405,#849,.T.);
#1755=EDGE_CURVE('',#1402,#1406,#850,.T.);
#1756=EDGE_CURVE('',#1403,#1406,#632,.T.);
#1757=EDGE_CURVE('',#1407,#1408,#851,.T.);
#1758=EDGE_CURVE('',#1409,#1407,#633,.T.);
#1759=EDGE_CURVE('',#1410,#1409,#852,.T.);
#1760=EDGE_CURVE('',#1408,#1410,#634,.T.);
#1761=EDGE_CURVE('',#1408,#1411,#853,.T.);
#1762=EDGE_CURVE('',#1412,#1411,#854,.T.);
#1763=EDGE_CURVE('',#1407,#1412,#855,.T.);
#1764=EDGE_CURVE('',#1413,#1412,#635,.T.);
#1765=EDGE_CURVE('',#1409,#1413,#856,.T.);
#1766=EDGE_CURVE('',#1414,#1413,#857,.T.);
#1767=EDGE_CURVE('',#1410,#1414,#858,.T.);
#1768=EDGE_CURVE('',#1411,#1414,#636,.T.);
#1769=EDGE_CURVE('',#1415,#1416,#859,.T.);
#1770=EDGE_CURVE('',#1417,#1415,#637,.T.);
#1771=EDGE_CURVE('',#1418,#1417,#860,.T.);
#1772=EDGE_CURVE('',#1416,#1418,#638,.T.);
#1773=EDGE_CURVE('',#1416,#1419,#861,.T.);
#1774=EDGE_CURVE('',#1420,#1419,#862,.T.);
#1775=EDGE_CURVE('',#1415,#1420,#863,.T.);
#1776=EDGE_CURVE('',#1421,#1420,#639,.T.);
#1777=EDGE_CURVE('',#1417,#1421,#864,.T.);
#1778=EDGE_CURVE('',#1422,#1421,#865,.T.);
#1779=EDGE_CURVE('',#1418,#1422,#866,.T.);
#1780=EDGE_CURVE('',#1419,#1422,#640,.T.);
#1781=EDGE_CURVE('',#1423,#1424,#867,.T.);
#1782=EDGE_CURVE('',#1425,#1423,#641,.T.);
#1783=EDGE_CURVE('',#1426,#1425,#868,.T.);
#1784=EDGE_CURVE('',#1424,#1426,#642,.T.);
#1785=EDGE_CURVE('',#1424,#1427,#869,.T.);
#1786=EDGE_CURVE('',#1428,#1427,#870,.T.);
#1787=EDGE_CURVE('',#1423,#1428,#871,.T.);
#1788=EDGE_CURVE('',#1429,#1428,#643,.T.);
#1789=EDGE_CURVE('',#1425,#1429,#872,.T.);
#1790=EDGE_CURVE('',#1430,#1429,#873,.T.);
#1791=EDGE_CURVE('',#1426,#1430,#874,.T.);
#1792=EDGE_CURVE('',#1427,#1430,#644,.T.);
#1793=EDGE_CURVE('',#1431,#1432,#875,.T.);
#1794=EDGE_CURVE('',#1433,#1431,#645,.T.);
#1795=EDGE_CURVE('',#1434,#1433,#876,.T.);
#1796=EDGE_CURVE('',#1432,#1434,#646,.T.);
#1797=EDGE_CURVE('',#1432,#1435,#877,.T.);
#1798=EDGE_CURVE('',#1436,#1435,#878,.T.);
#1799=EDGE_CURVE('',#1431,#1436,#879,.T.);
#1800=EDGE_CURVE('',#1437,#1436,#647,.T.);
#1801=EDGE_CURVE('',#1433,#1437,#880,.T.);
#1802=EDGE_CURVE('',#1438,#1437,#881,.T.);
#1803=EDGE_CURVE('',#1434,#1438,#882,.T.);
#1804=EDGE_CURVE('',#1435,#1438,#648,.T.);
#1805=EDGE_CURVE('',#1439,#1440,#883,.T.);
#1806=EDGE_CURVE('',#1441,#1439,#649,.T.);
#1807=EDGE_CURVE('',#1442,#1441,#884,.T.);
#1808=EDGE_CURVE('',#1440,#1442,#650,.T.);
#1809=EDGE_CURVE('',#1440,#1443,#885,.T.);
#1810=EDGE_CURVE('',#1444,#1443,#886,.T.);
#1811=EDGE_CURVE('',#1439,#1444,#887,.T.);
#1812=EDGE_CURVE('',#1445,#1444,#651,.T.);
#1813=EDGE_CURVE('',#1441,#1445,#888,.T.);
#1814=EDGE_CURVE('',#1446,#1445,#889,.T.);
#1815=EDGE_CURVE('',#1442,#1446,#890,.T.);
#1816=EDGE_CURVE('',#1443,#1446,#652,.T.);
#1817=EDGE_CURVE('',#1447,#1448,#891,.T.);
#1818=EDGE_CURVE('',#1449,#1447,#653,.T.);
#1819=EDGE_CURVE('',#1450,#1449,#892,.T.);
#1820=EDGE_CURVE('',#1448,#1450,#654,.T.);
#1821=EDGE_CURVE('',#1448,#1451,#893,.T.);
#1822=EDGE_CURVE('',#1452,#1451,#894,.T.);
#1823=EDGE_CURVE('',#1447,#1452,#895,.T.);
#1824=EDGE_CURVE('',#1453,#1452,#655,.T.);
#1825=EDGE_CURVE('',#1449,#1453,#896,.T.);
#1826=EDGE_CURVE('',#1454,#1453,#897,.T.);
#1827=EDGE_CURVE('',#1450,#1454,#898,.T.);
#1828=EDGE_CURVE('',#1451,#1454,#656,.T.);
#1829=EDGE_CURVE('',#1455,#1456,#899,.T.);
#1830=EDGE_CURVE('',#1457,#1455,#657,.T.);
#1831=EDGE_CURVE('',#1458,#1457,#900,.T.);
#1832=EDGE_CURVE('',#1456,#1458,#658,.T.);
#1833=EDGE_CURVE('',#1456,#1459,#901,.T.);
#1834=EDGE_CURVE('',#1460,#1459,#902,.T.);
#1835=EDGE_CURVE('',#1455,#1460,#903,.T.);
#1836=EDGE_CURVE('',#1461,#1460,#659,.T.);
#1837=EDGE_CURVE('',#1457,#1461,#904,.T.);
#1838=EDGE_CURVE('',#1462,#1461,#905,.T.);
#1839=EDGE_CURVE('',#1458,#1462,#906,.T.);
#1840=EDGE_CURVE('',#1459,#1462,#660,.T.);
#1841=EDGE_CURVE('',#1463,#1464,#907,.T.);
#1842=EDGE_CURVE('',#1465,#1463,#661,.T.);
#1843=EDGE_CURVE('',#1466,#1465,#908,.T.);
#1844=EDGE_CURVE('',#1464,#1466,#662,.T.);
#1845=EDGE_CURVE('',#1464,#1467,#909,.T.);
#1846=EDGE_CURVE('',#1468,#1467,#910,.T.);
#1847=EDGE_CURVE('',#1463,#1468,#911,.T.);
#1848=EDGE_CURVE('',#1469,#1468,#663,.T.);
#1849=EDGE_CURVE('',#1465,#1469,#912,.T.);
#1850=EDGE_CURVE('',#1470,#1469,#913,.T.);
#1851=EDGE_CURVE('',#1466,#1470,#914,.T.);
#1852=EDGE_CURVE('',#1467,#1470,#664,.T.);
#1853=EDGE_CURVE('',#1471,#1472,#915,.T.);
#1854=EDGE_CURVE('',#1473,#1471,#665,.T.);
#1855=EDGE_CURVE('',#1474,#1473,#916,.T.);
#1856=EDGE_CURVE('',#1472,#1474,#666,.T.);
#1857=EDGE_CURVE('',#1472,#1475,#917,.T.);
#1858=EDGE_CURVE('',#1476,#1475,#918,.T.);
#1859=EDGE_CURVE('',#1471,#1476,#919,.T.);
#1860=EDGE_CURVE('',#1477,#1476,#667,.T.);
#1861=EDGE_CURVE('',#1473,#1477,#920,.T.);
#1862=EDGE_CURVE('',#1478,#1477,#921,.T.);
#1863=EDGE_CURVE('',#1474,#1478,#922,.T.);
#1864=EDGE_CURVE('',#1475,#1478,#668,.T.);
#1865=EDGE_CURVE('',#1479,#1480,#923,.T.);
#1866=EDGE_CURVE('',#1481,#1479,#669,.T.);
#1867=EDGE_CURVE('',#1482,#1481,#924,.T.);
#1868=EDGE_CURVE('',#1480,#1482,#670,.T.);
#1869=EDGE_CURVE('',#1480,#1483,#925,.T.);
#1870=EDGE_CURVE('',#1484,#1483,#926,.T.);
#1871=EDGE_CURVE('',#1479,#1484,#927,.T.);
#1872=EDGE_CURVE('',#1485,#1484,#671,.T.);
#1873=EDGE_CURVE('',#1481,#1485,#928,.T.);
#1874=EDGE_CURVE('',#1486,#1485,#929,.T.);
#1875=EDGE_CURVE('',#1482,#1486,#930,.T.);
#1876=EDGE_CURVE('',#1483,#1486,#672,.T.);
#1877=EDGE_CURVE('',#1487,#1488,#931,.T.);
#1878=EDGE_CURVE('',#1489,#1487,#673,.T.);
#1879=EDGE_CURVE('',#1490,#1489,#932,.T.);
#1880=EDGE_CURVE('',#1488,#1490,#674,.T.);
#1881=EDGE_CURVE('',#1488,#1491,#933,.T.);
#1882=EDGE_CURVE('',#1492,#1491,#934,.T.);
#1883=EDGE_CURVE('',#1487,#1492,#935,.T.);
#1884=EDGE_CURVE('',#1493,#1492,#675,.T.);
#1885=EDGE_CURVE('',#1489,#1493,#936,.T.);
#1886=EDGE_CURVE('',#1494,#1493,#937,.T.);
#1887=EDGE_CURVE('',#1490,#1494,#938,.T.);
#1888=EDGE_CURVE('',#1491,#1494,#676,.T.);
#1889=EDGE_CURVE('',#1495,#1496,#939,.T.);
#1890=EDGE_CURVE('',#1497,#1495,#677,.T.);
#1891=EDGE_CURVE('',#1498,#1497,#940,.T.);
#1892=EDGE_CURVE('',#1496,#1498,#678,.T.);
#1893=EDGE_CURVE('',#1496,#1499,#941,.T.);
#1894=EDGE_CURVE('',#1500,#1499,#942,.T.);
#1895=EDGE_CURVE('',#1495,#1500,#943,.T.);
#1896=EDGE_CURVE('',#1501,#1500,#679,.T.);
#1897=EDGE_CURVE('',#1497,#1501,#944,.T.);
#1898=EDGE_CURVE('',#1502,#1501,#945,.T.);
#1899=EDGE_CURVE('',#1498,#1502,#946,.T.);
#1900=EDGE_CURVE('',#1499,#1502,#680,.T.);
#1901=EDGE_CURVE('',#1503,#1504,#947,.T.);
#1902=EDGE_CURVE('',#1505,#1503,#681,.T.);
#1903=EDGE_CURVE('',#1506,#1505,#948,.T.);
#1904=EDGE_CURVE('',#1504,#1506,#682,.T.);
#1905=EDGE_CURVE('',#1504,#1507,#949,.T.);
#1906=EDGE_CURVE('',#1508,#1507,#950,.T.);
#1907=EDGE_CURVE('',#1503,#1508,#951,.T.);
#1908=EDGE_CURVE('',#1509,#1508,#683,.T.);
#1909=EDGE_CURVE('',#1505,#1509,#952,.T.);
#1910=EDGE_CURVE('',#1510,#1509,#953,.T.);
#1911=EDGE_CURVE('',#1506,#1510,#954,.T.);
#1912=EDGE_CURVE('',#1507,#1510,#684,.T.);
#1913=EDGE_CURVE('',#1511,#1512,#955,.T.);
#1914=EDGE_CURVE('',#1513,#1511,#685,.T.);
#1915=EDGE_CURVE('',#1514,#1513,#956,.T.);
#1916=EDGE_CURVE('',#1512,#1514,#686,.T.);
#1917=EDGE_CURVE('',#1512,#1515,#957,.T.);
#1918=EDGE_CURVE('',#1516,#1515,#958,.T.);
#1919=EDGE_CURVE('',#1511,#1516,#959,.T.);
#1920=EDGE_CURVE('',#1517,#1516,#687,.T.);
#1921=EDGE_CURVE('',#1513,#1517,#960,.T.);
#1922=EDGE_CURVE('',#1518,#1517,#961,.T.);
#1923=EDGE_CURVE('',#1514,#1518,#962,.T.);
#1924=EDGE_CURVE('',#1515,#1518,#688,.T.);
#1925=EDGE_CURVE('',#1519,#1520,#963,.T.);
#1926=EDGE_CURVE('',#1521,#1519,#689,.T.);
#1927=EDGE_CURVE('',#1522,#1521,#964,.T.);
#1928=EDGE_CURVE('',#1520,#1522,#690,.T.);
#1929=EDGE_CURVE('',#1520,#1523,#965,.T.);
#1930=EDGE_CURVE('',#1524,#1523,#966,.T.);
#1931=EDGE_CURVE('',#1519,#1524,#967,.T.);
#1932=EDGE_CURVE('',#1525,#1524,#691,.T.);
#1933=EDGE_CURVE('',#1521,#1525,#968,.T.);
#1934=EDGE_CURVE('',#1526,#1525,#969,.T.);
#1935=EDGE_CURVE('',#1522,#1526,#970,.T.);
#1936=EDGE_CURVE('',#1523,#1526,#692,.T.);
#1937=EDGE_CURVE('',#1527,#1528,#971,.T.);
#1938=EDGE_CURVE('',#1529,#1527,#693,.T.);
#1939=EDGE_CURVE('',#1530,#1529,#972,.T.);
#1940=EDGE_CURVE('',#1528,#1530,#694,.T.);
#1941=EDGE_CURVE('',#1528,#1531,#973,.T.);
#1942=EDGE_CURVE('',#1532,#1531,#974,.T.);
#1943=EDGE_CURVE('',#1527,#1532,#975,.T.);
#1944=EDGE_CURVE('',#1533,#1532,#695,.T.);
#1945=EDGE_CURVE('',#1529,#1533,#976,.T.);
#1946=EDGE_CURVE('',#1534,#1533,#977,.T.);
#1947=EDGE_CURVE('',#1530,#1534,#978,.T.);
#1948=EDGE_CURVE('',#1531,#1534,#696,.T.);
#1949=EDGE_CURVE('',#1535,#1536,#979,.T.);
#1950=EDGE_CURVE('',#1537,#1535,#697,.T.);
#1951=EDGE_CURVE('',#1538,#1537,#980,.T.);
#1952=EDGE_CURVE('',#1536,#1538,#698,.T.);
#1953=EDGE_CURVE('',#1536,#1539,#981,.T.);
#1954=EDGE_CURVE('',#1540,#1539,#982,.T.);
#1955=EDGE_CURVE('',#1535,#1540,#983,.T.);
#1956=EDGE_CURVE('',#1541,#1540,#699,.T.);
#1957=EDGE_CURVE('',#1537,#1541,#984,.T.);
#1958=EDGE_CURVE('',#1542,#1541,#985,.T.);
#1959=EDGE_CURVE('',#1538,#1542,#986,.T.);
#1960=EDGE_CURVE('',#1539,#1542,#700,.T.);
#1961=EDGE_CURVE('',#1543,#1544,#987,.T.);
#1962=EDGE_CURVE('',#1545,#1543,#701,.T.);
#1963=EDGE_CURVE('',#1546,#1545,#988,.T.);
#1964=EDGE_CURVE('',#1544,#1546,#702,.T.);
#1965=EDGE_CURVE('',#1544,#1547,#989,.T.);
#1966=EDGE_CURVE('',#1548,#1547,#990,.T.);
#1967=EDGE_CURVE('',#1543,#1548,#991,.T.);
#1968=EDGE_CURVE('',#1549,#1548,#703,.T.);
#1969=EDGE_CURVE('',#1545,#1549,#992,.T.);
#1970=EDGE_CURVE('',#1550,#1549,#993,.T.);
#1971=EDGE_CURVE('',#1546,#1550,#994,.T.);
#1972=EDGE_CURVE('',#1547,#1550,#704,.T.);
#1973=EDGE_CURVE('',#1273,#1282,#725,.T.);
#1974=EDGE_CURVE('',#1551,#1277,#726,.T.);
#1975=EDGE_CURVE('',#1552,#1551,#727,.T.);
#1976=EDGE_CURVE('',#1552,#1286,#728,.T.);
#1977=EDGE_CURVE('',#1553,#1552,#705,.T.);
#1978=EDGE_CURVE('',#1553,#1285,#729,.T.);
#1979=EDGE_CURVE('',#1281,#1274,#730,.T.);
#1980=EDGE_CURVE('',#1554,#1553,#731,.T.);
#1981=EDGE_CURVE('',#1278,#1554,#732,.T.);
#1982=EDGE_CURVE('',#1551,#1554,#706,.F.);
#1983=EDGE_CURVE('',#1555,#1555,#707,.T.);
#1984=EDGE_CURVE('',#1556,#1556,#708,.T.);
#1985=EDGE_CURVE('',#1556,#1335,#995,.T.);
#1986=EDGE_CURVE('',#1338,#1325,#996,.T.);
#1987=EDGE_CURVE('',#1328,#1355,#997,.T.);
#1988=EDGE_CURVE('',#1358,#1345,#998,.T.);
#1989=EDGE_CURVE('',#1348,#1557,#999,.T.);
#1990=EDGE_CURVE('',#1557,#1557,#709,.T.);
#1991=EDGE_CURVE('',#1558,#1558,#710,.T.);
#1992=EDGE_CURVE('',#1558,#1559,#1000,.T.);
#1993=EDGE_CURVE('',#1559,#1559,#711,.T.);
#1994=EDGE_CURVE('',#1560,#1560,#712,.T.);
#1995=EDGE_CURVE('',#1560,#1555,#1001,.T.);
#1996=ORIENTED_EDGE('',*,*,#1561,.F.);
#1997=ORIENTED_EDGE('',*,*,#1562,.T.);
#1998=ORIENTED_EDGE('',*,*,#1563,.T.);
#1999=ORIENTED_EDGE('',*,*,#1564,.T.);
#2000=ORIENTED_EDGE('',*,*,#1565,.F.);
#2001=ORIENTED_EDGE('',*,*,#1566,.T.);
#2002=ORIENTED_EDGE('',*,*,#1561,.T.);
#2003=ORIENTED_EDGE('',*,*,#1567,.T.);
#2004=ORIENTED_EDGE('',*,*,#1568,.F.);
#2005=ORIENTED_EDGE('',*,*,#1569,.T.);
#2006=ORIENTED_EDGE('',*,*,#1565,.T.);
#2007=ORIENTED_EDGE('',*,*,#1570,.T.);
#2008=ORIENTED_EDGE('',*,*,#1571,.F.);
#2009=ORIENTED_EDGE('',*,*,#1572,.T.);
#2010=ORIENTED_EDGE('',*,*,#1573,.F.);
#2011=ORIENTED_EDGE('',*,*,#1574,.F.);
#2012=ORIENTED_EDGE('',*,*,#1575,.F.);
#2013=ORIENTED_EDGE('',*,*,#1576,.T.);
#2014=ORIENTED_EDGE('',*,*,#1571,.T.);
#2015=ORIENTED_EDGE('',*,*,#1577,.F.);
#2016=ORIENTED_EDGE('',*,*,#1578,.F.);
#2017=ORIENTED_EDGE('',*,*,#1579,.T.);
#2018=ORIENTED_EDGE('',*,*,#1575,.T.);
#2019=ORIENTED_EDGE('',*,*,#1580,.F.);
#2020=ORIENTED_EDGE('',*,*,#1581,.F.);
#2021=ORIENTED_EDGE('',*,*,#1582,.F.);
#2022=ORIENTED_EDGE('',*,*,#1583,.F.);
#2023=ORIENTED_EDGE('',*,*,#1584,.F.);
#2024=ORIENTED_EDGE('',*,*,#1581,.T.);
#2025=ORIENTED_EDGE('',*,*,#1585,.T.);
#2026=ORIENTED_EDGE('',*,*,#1586,.F.);
#2027=ORIENTED_EDGE('',*,*,#1587,.F.);
#2028=ORIENTED_EDGE('',*,*,#1582,.T.);
#2029=ORIENTED_EDGE('',*,*,#1587,.T.);
#2030=ORIENTED_EDGE('',*,*,#1588,.F.);
#2031=ORIENTED_EDGE('',*,*,#1589,.F.);
#2032=ORIENTED_EDGE('',*,*,#1583,.T.);
#2033=ORIENTED_EDGE('',*,*,#1589,.T.);
#2034=ORIENTED_EDGE('',*,*,#1590,.F.);
#2035=ORIENTED_EDGE('',*,*,#1591,.F.);
#2036=ORIENTED_EDGE('',*,*,#1584,.T.);
#2037=ORIENTED_EDGE('',*,*,#1591,.T.);
#2038=ORIENTED_EDGE('',*,*,#1592,.F.);
#2039=ORIENTED_EDGE('',*,*,#1585,.F.);
#2040=ORIENTED_EDGE('',*,*,#1593,.F.);
#2041=ORIENTED_EDGE('',*,*,#1594,.F.);
#2042=ORIENTED_EDGE('',*,*,#1595,.F.);
#2043=ORIENTED_EDGE('',*,*,#1596,.F.);
#2044=ORIENTED_EDGE('',*,*,#1593,.T.);
#2045=ORIENTED_EDGE('',*,*,#1597,.T.);
#2046=ORIENTED_EDGE('',*,*,#1598,.F.);
#2047=ORIENTED_EDGE('',*,*,#1599,.F.);
#2048=ORIENTED_EDGE('',*,*,#1594,.T.);
#2049=ORIENTED_EDGE('',*,*,#1599,.T.);
#2050=ORIENTED_EDGE('',*,*,#1600,.F.);
#2051=ORIENTED_EDGE('',*,*,#1601,.F.);
#2052=ORIENTED_EDGE('',*,*,#1595,.T.);
#2053=ORIENTED_EDGE('',*,*,#1601,.T.);
#2054=ORIENTED_EDGE('',*,*,#1602,.F.);
#2055=ORIENTED_EDGE('',*,*,#1603,.F.);
#2056=ORIENTED_EDGE('',*,*,#1596,.T.);
#2057=ORIENTED_EDGE('',*,*,#1603,.T.);
#2058=ORIENTED_EDGE('',*,*,#1604,.F.);
#2059=ORIENTED_EDGE('',*,*,#1597,.F.);
#2060=ORIENTED_EDGE('',*,*,#1605,.F.);
#2061=ORIENTED_EDGE('',*,*,#1606,.F.);
#2062=ORIENTED_EDGE('',*,*,#1607,.F.);
#2063=ORIENTED_EDGE('',*,*,#1608,.F.);
#2064=ORIENTED_EDGE('',*,*,#1605,.T.);
#2065=ORIENTED_EDGE('',*,*,#1609,.T.);
#2066=ORIENTED_EDGE('',*,*,#1610,.F.);
#2067=ORIENTED_EDGE('',*,*,#1611,.F.);
#2068=ORIENTED_EDGE('',*,*,#1606,.T.);
#2069=ORIENTED_EDGE('',*,*,#1611,.T.);
#2070=ORIENTED_EDGE('',*,*,#1612,.F.);
#2071=ORIENTED_EDGE('',*,*,#1613,.F.);
#2072=ORIENTED_EDGE('',*,*,#1607,.T.);
#2073=ORIENTED_EDGE('',*,*,#1613,.T.);
#2074=ORIENTED_EDGE('',*,*,#1614,.F.);
#2075=ORIENTED_EDGE('',*,*,#1615,.F.);
#2076=ORIENTED_EDGE('',*,*,#1608,.T.);
#2077=ORIENTED_EDGE('',*,*,#1615,.T.);
#2078=ORIENTED_EDGE('',*,*,#1616,.F.);
#2079=ORIENTED_EDGE('',*,*,#1609,.F.);
#2080=ORIENTED_EDGE('',*,*,#1617,.F.);
#2081=ORIENTED_EDGE('',*,*,#1618,.F.);
#2082=ORIENTED_EDGE('',*,*,#1619,.F.);
#2083=ORIENTED_EDGE('',*,*,#1620,.F.);
#2084=ORIENTED_EDGE('',*,*,#1617,.T.);
#2085=ORIENTED_EDGE('',*,*,#1621,.T.);
#2086=ORIENTED_EDGE('',*,*,#1622,.F.);
#2087=ORIENTED_EDGE('',*,*,#1623,.F.);
#2088=ORIENTED_EDGE('',*,*,#1618,.T.);
#2089=ORIENTED_EDGE('',*,*,#1623,.T.);
#2090=ORIENTED_EDGE('',*,*,#1624,.F.);
#2091=ORIENTED_EDGE('',*,*,#1625,.F.);
#2092=ORIENTED_EDGE('',*,*,#1619,.T.);
#2093=ORIENTED_EDGE('',*,*,#1625,.T.);
#2094=ORIENTED_EDGE('',*,*,#1626,.F.);
#2095=ORIENTED_EDGE('',*,*,#1627,.F.);
#2096=ORIENTED_EDGE('',*,*,#1620,.T.);
#2097=ORIENTED_EDGE('',*,*,#1627,.T.);
#2098=ORIENTED_EDGE('',*,*,#1628,.F.);
#2099=ORIENTED_EDGE('',*,*,#1621,.F.);
#2100=ORIENTED_EDGE('',*,*,#1629,.F.);
#2101=ORIENTED_EDGE('',*,*,#1630,.F.);
#2102=ORIENTED_EDGE('',*,*,#1631,.F.);
#2103=ORIENTED_EDGE('',*,*,#1632,.F.);
#2104=ORIENTED_EDGE('',*,*,#1629,.T.);
#2105=ORIENTED_EDGE('',*,*,#1633,.T.);
#2106=ORIENTED_EDGE('',*,*,#1634,.F.);
#2107=ORIENTED_EDGE('',*,*,#1635,.F.);
#2108=ORIENTED_EDGE('',*,*,#1630,.T.);
#2109=ORIENTED_EDGE('',*,*,#1635,.T.);
#2110=ORIENTED_EDGE('',*,*,#1636,.F.);
#2111=ORIENTED_EDGE('',*,*,#1637,.F.);
#2112=ORIENTED_EDGE('',*,*,#1638,.F.);
#2113=ORIENTED_EDGE('',*,*,#1631,.T.);
#2114=ORIENTED_EDGE('',*,*,#1638,.T.);
#2115=ORIENTED_EDGE('',*,*,#1639,.F.);
#2116=ORIENTED_EDGE('',*,*,#1640,.F.);
#2117=ORIENTED_EDGE('',*,*,#1632,.T.);
#2118=ORIENTED_EDGE('',*,*,#1640,.T.);
#2119=ORIENTED_EDGE('',*,*,#1641,.F.);
#2120=ORIENTED_EDGE('',*,*,#1642,.F.);
#2121=ORIENTED_EDGE('',*,*,#1633,.F.);
#2122=ORIENTED_EDGE('',*,*,#1643,.F.);
#2123=ORIENTED_EDGE('',*,*,#1644,.F.);
#2124=ORIENTED_EDGE('',*,*,#1645,.F.);
#2125=ORIENTED_EDGE('',*,*,#1646,.F.);
#2126=ORIENTED_EDGE('',*,*,#1643,.T.);
#2127=ORIENTED_EDGE('',*,*,#1647,.T.);
#2128=ORIENTED_EDGE('',*,*,#1648,.F.);
#2129=ORIENTED_EDGE('',*,*,#1649,.F.);
#2130=ORIENTED_EDGE('',*,*,#1644,.T.);
#2131=ORIENTED_EDGE('',*,*,#1649,.T.);
#2132=ORIENTED_EDGE('',*,*,#1650,.F.);
#2133=ORIENTED_EDGE('',*,*,#1651,.F.);
#2134=ORIENTED_EDGE('',*,*,#1652,.F.);
#2135=ORIENTED_EDGE('',*,*,#1645,.T.);
#2136=ORIENTED_EDGE('',*,*,#1652,.T.);
#2137=ORIENTED_EDGE('',*,*,#1653,.F.);
#2138=ORIENTED_EDGE('',*,*,#1654,.F.);
#2139=ORIENTED_EDGE('',*,*,#1646,.T.);
#2140=ORIENTED_EDGE('',*,*,#1654,.T.);
#2141=ORIENTED_EDGE('',*,*,#1655,.F.);
#2142=ORIENTED_EDGE('',*,*,#1656,.F.);
#2143=ORIENTED_EDGE('',*,*,#1647,.F.);
#2144=ORIENTED_EDGE('',*,*,#1657,.F.);
#2145=ORIENTED_EDGE('',*,*,#1658,.F.);
#2146=ORIENTED_EDGE('',*,*,#1659,.F.);
#2147=ORIENTED_EDGE('',*,*,#1660,.F.);
#2148=ORIENTED_EDGE('',*,*,#1657,.T.);
#2149=ORIENTED_EDGE('',*,*,#1661,.T.);
#2150=ORIENTED_EDGE('',*,*,#1662,.F.);
#2151=ORIENTED_EDGE('',*,*,#1663,.F.);
#2152=ORIENTED_EDGE('',*,*,#1658,.T.);
#2153=ORIENTED_EDGE('',*,*,#1663,.T.);
#2154=ORIENTED_EDGE('',*,*,#1664,.F.);
#2155=ORIENTED_EDGE('',*,*,#1665,.F.);
#2156=ORIENTED_EDGE('',*,*,#1666,.F.);
#2157=ORIENTED_EDGE('',*,*,#1659,.T.);
#2158=ORIENTED_EDGE('',*,*,#1666,.T.);
#2159=ORIENTED_EDGE('',*,*,#1667,.F.);
#2160=ORIENTED_EDGE('',*,*,#1668,.F.);
#2161=ORIENTED_EDGE('',*,*,#1660,.T.);
#2162=ORIENTED_EDGE('',*,*,#1668,.T.);
#2163=ORIENTED_EDGE('',*,*,#1669,.F.);
#2164=ORIENTED_EDGE('',*,*,#1670,.F.);
#2165=ORIENTED_EDGE('',*,*,#1661,.F.);
#2166=ORIENTED_EDGE('',*,*,#1671,.F.);
#2167=ORIENTED_EDGE('',*,*,#1672,.F.);
#2168=ORIENTED_EDGE('',*,*,#1673,.F.);
#2169=ORIENTED_EDGE('',*,*,#1674,.F.);
#2170=ORIENTED_EDGE('',*,*,#1671,.T.);
#2171=ORIENTED_EDGE('',*,*,#1675,.T.);
#2172=ORIENTED_EDGE('',*,*,#1676,.F.);
#2173=ORIENTED_EDGE('',*,*,#1677,.F.);
#2174=ORIENTED_EDGE('',*,*,#1672,.T.);
#2175=ORIENTED_EDGE('',*,*,#1677,.T.);
#2176=ORIENTED_EDGE('',*,*,#1678,.F.);
#2177=ORIENTED_EDGE('',*,*,#1679,.F.);
#2178=ORIENTED_EDGE('',*,*,#1680,.F.);
#2179=ORIENTED_EDGE('',*,*,#1673,.T.);
#2180=ORIENTED_EDGE('',*,*,#1680,.T.);
#2181=ORIENTED_EDGE('',*,*,#1681,.F.);
#2182=ORIENTED_EDGE('',*,*,#1682,.F.);
#2183=ORIENTED_EDGE('',*,*,#1674,.T.);
#2184=ORIENTED_EDGE('',*,*,#1682,.T.);
#2185=ORIENTED_EDGE('',*,*,#1683,.F.);
#2186=ORIENTED_EDGE('',*,*,#1684,.F.);
#2187=ORIENTED_EDGE('',*,*,#1675,.F.);
#2188=ORIENTED_EDGE('',*,*,#1685,.F.);
#2189=ORIENTED_EDGE('',*,*,#1686,.F.);
#2190=ORIENTED_EDGE('',*,*,#1687,.F.);
#2191=ORIENTED_EDGE('',*,*,#1688,.F.);
#2192=ORIENTED_EDGE('',*,*,#1685,.T.);
#2193=ORIENTED_EDGE('',*,*,#1689,.T.);
#2194=ORIENTED_EDGE('',*,*,#1690,.F.);
#2195=ORIENTED_EDGE('',*,*,#1691,.F.);
#2196=ORIENTED_EDGE('',*,*,#1686,.T.);
#2197=ORIENTED_EDGE('',*,*,#1691,.T.);
#2198=ORIENTED_EDGE('',*,*,#1692,.F.);
#2199=ORIENTED_EDGE('',*,*,#1693,.F.);
#2200=ORIENTED_EDGE('',*,*,#1687,.T.);
#2201=ORIENTED_EDGE('',*,*,#1693,.T.);
#2202=ORIENTED_EDGE('',*,*,#1694,.F.);
#2203=ORIENTED_EDGE('',*,*,#1695,.F.);
#2204=ORIENTED_EDGE('',*,*,#1688,.T.);
#2205=ORIENTED_EDGE('',*,*,#1695,.T.);
#2206=ORIENTED_EDGE('',*,*,#1696,.F.);
#2207=ORIENTED_EDGE('',*,*,#1689,.F.);
#2208=ORIENTED_EDGE('',*,*,#1697,.F.);
#2209=ORIENTED_EDGE('',*,*,#1698,.F.);
#2210=ORIENTED_EDGE('',*,*,#1699,.F.);
#2211=ORIENTED_EDGE('',*,*,#1700,.F.);
#2212=ORIENTED_EDGE('',*,*,#1697,.T.);
#2213=ORIENTED_EDGE('',*,*,#1701,.T.);
#2214=ORIENTED_EDGE('',*,*,#1702,.F.);
#2215=ORIENTED_EDGE('',*,*,#1703,.F.);
#2216=ORIENTED_EDGE('',*,*,#1698,.T.);
#2217=ORIENTED_EDGE('',*,*,#1703,.T.);
#2218=ORIENTED_EDGE('',*,*,#1704,.F.);
#2219=ORIENTED_EDGE('',*,*,#1705,.F.);
#2220=ORIENTED_EDGE('',*,*,#1699,.T.);
#2221=ORIENTED_EDGE('',*,*,#1705,.T.);
#2222=ORIENTED_EDGE('',*,*,#1706,.F.);
#2223=ORIENTED_EDGE('',*,*,#1707,.F.);
#2224=ORIENTED_EDGE('',*,*,#1700,.T.);
#2225=ORIENTED_EDGE('',*,*,#1707,.T.);
#2226=ORIENTED_EDGE('',*,*,#1708,.F.);
#2227=ORIENTED_EDGE('',*,*,#1701,.F.);
#2228=ORIENTED_EDGE('',*,*,#1709,.F.);
#2229=ORIENTED_EDGE('',*,*,#1710,.F.);
#2230=ORIENTED_EDGE('',*,*,#1711,.F.);
#2231=ORIENTED_EDGE('',*,*,#1712,.F.);
#2232=ORIENTED_EDGE('',*,*,#1709,.T.);
#2233=ORIENTED_EDGE('',*,*,#1713,.T.);
#2234=ORIENTED_EDGE('',*,*,#1714,.F.);
#2235=ORIENTED_EDGE('',*,*,#1715,.F.);
#2236=ORIENTED_EDGE('',*,*,#1710,.T.);
#2237=ORIENTED_EDGE('',*,*,#1715,.T.);
#2238=ORIENTED_EDGE('',*,*,#1716,.F.);
#2239=ORIENTED_EDGE('',*,*,#1717,.F.);
#2240=ORIENTED_EDGE('',*,*,#1711,.T.);
#2241=ORIENTED_EDGE('',*,*,#1717,.T.);
#2242=ORIENTED_EDGE('',*,*,#1718,.F.);
#2243=ORIENTED_EDGE('',*,*,#1719,.F.);
#2244=ORIENTED_EDGE('',*,*,#1712,.T.);
#2245=ORIENTED_EDGE('',*,*,#1719,.T.);
#2246=ORIENTED_EDGE('',*,*,#1720,.F.);
#2247=ORIENTED_EDGE('',*,*,#1713,.F.);
#2248=ORIENTED_EDGE('',*,*,#1721,.F.);
#2249=ORIENTED_EDGE('',*,*,#1722,.F.);
#2250=ORIENTED_EDGE('',*,*,#1723,.F.);
#2251=ORIENTED_EDGE('',*,*,#1724,.F.);
#2252=ORIENTED_EDGE('',*,*,#1721,.T.);
#2253=ORIENTED_EDGE('',*,*,#1725,.T.);
#2254=ORIENTED_EDGE('',*,*,#1726,.F.);
#2255=ORIENTED_EDGE('',*,*,#1727,.F.);
#2256=ORIENTED_EDGE('',*,*,#1722,.T.);
#2257=ORIENTED_EDGE('',*,*,#1727,.T.);
#2258=ORIENTED_EDGE('',*,*,#1728,.F.);
#2259=ORIENTED_EDGE('',*,*,#1729,.F.);
#2260=ORIENTED_EDGE('',*,*,#1723,.T.);
#2261=ORIENTED_EDGE('',*,*,#1729,.T.);
#2262=ORIENTED_EDGE('',*,*,#1730,.F.);
#2263=ORIENTED_EDGE('',*,*,#1731,.F.);
#2264=ORIENTED_EDGE('',*,*,#1724,.T.);
#2265=ORIENTED_EDGE('',*,*,#1731,.T.);
#2266=ORIENTED_EDGE('',*,*,#1732,.F.);
#2267=ORIENTED_EDGE('',*,*,#1725,.F.);
#2268=ORIENTED_EDGE('',*,*,#1733,.F.);
#2269=ORIENTED_EDGE('',*,*,#1734,.F.);
#2270=ORIENTED_EDGE('',*,*,#1735,.F.);
#2271=ORIENTED_EDGE('',*,*,#1736,.F.);
#2272=ORIENTED_EDGE('',*,*,#1733,.T.);
#2273=ORIENTED_EDGE('',*,*,#1737,.T.);
#2274=ORIENTED_EDGE('',*,*,#1738,.F.);
#2275=ORIENTED_EDGE('',*,*,#1739,.F.);
#2276=ORIENTED_EDGE('',*,*,#1734,.T.);
#2277=ORIENTED_EDGE('',*,*,#1739,.T.);
#2278=ORIENTED_EDGE('',*,*,#1740,.F.);
#2279=ORIENTED_EDGE('',*,*,#1741,.F.);
#2280=ORIENTED_EDGE('',*,*,#1735,.T.);
#2281=ORIENTED_EDGE('',*,*,#1741,.T.);
#2282=ORIENTED_EDGE('',*,*,#1742,.F.);
#2283=ORIENTED_EDGE('',*,*,#1743,.F.);
#2284=ORIENTED_EDGE('',*,*,#1736,.T.);
#2285=ORIENTED_EDGE('',*,*,#1743,.T.);
#2286=ORIENTED_EDGE('',*,*,#1744,.F.);
#2287=ORIENTED_EDGE('',*,*,#1737,.F.);
#2288=ORIENTED_EDGE('',*,*,#1745,.F.);
#2289=ORIENTED_EDGE('',*,*,#1746,.F.);
#2290=ORIENTED_EDGE('',*,*,#1747,.F.);
#2291=ORIENTED_EDGE('',*,*,#1748,.F.);
#2292=ORIENTED_EDGE('',*,*,#1745,.T.);
#2293=ORIENTED_EDGE('',*,*,#1749,.T.);
#2294=ORIENTED_EDGE('',*,*,#1750,.F.);
#2295=ORIENTED_EDGE('',*,*,#1751,.F.);
#2296=ORIENTED_EDGE('',*,*,#1746,.T.);
#2297=ORIENTED_EDGE('',*,*,#1751,.T.);
#2298=ORIENTED_EDGE('',*,*,#1752,.F.);
#2299=ORIENTED_EDGE('',*,*,#1753,.F.);
#2300=ORIENTED_EDGE('',*,*,#1747,.T.);
#2301=ORIENTED_EDGE('',*,*,#1753,.T.);
#2302=ORIENTED_EDGE('',*,*,#1754,.F.);
#2303=ORIENTED_EDGE('',*,*,#1755,.F.);
#2304=ORIENTED_EDGE('',*,*,#1748,.T.);
#2305=ORIENTED_EDGE('',*,*,#1755,.T.);
#2306=ORIENTED_EDGE('',*,*,#1756,.F.);
#2307=ORIENTED_EDGE('',*,*,#1749,.F.);
#2308=ORIENTED_EDGE('',*,*,#1757,.F.);
#2309=ORIENTED_EDGE('',*,*,#1758,.F.);
#2310=ORIENTED_EDGE('',*,*,#1759,.F.);
#2311=ORIENTED_EDGE('',*,*,#1760,.F.);
#2312=ORIENTED_EDGE('',*,*,#1757,.T.);
#2313=ORIENTED_EDGE('',*,*,#1761,.T.);
#2314=ORIENTED_EDGE('',*,*,#1762,.F.);
#2315=ORIENTED_EDGE('',*,*,#1763,.F.);
#2316=ORIENTED_EDGE('',*,*,#1758,.T.);
#2317=ORIENTED_EDGE('',*,*,#1763,.T.);
#2318=ORIENTED_EDGE('',*,*,#1764,.F.);
#2319=ORIENTED_EDGE('',*,*,#1765,.F.);
#2320=ORIENTED_EDGE('',*,*,#1759,.T.);
#2321=ORIENTED_EDGE('',*,*,#1765,.T.);
#2322=ORIENTED_EDGE('',*,*,#1766,.F.);
#2323=ORIENTED_EDGE('',*,*,#1767,.F.);
#2324=ORIENTED_EDGE('',*,*,#1760,.T.);
#2325=ORIENTED_EDGE('',*,*,#1767,.T.);
#2326=ORIENTED_EDGE('',*,*,#1768,.F.);
#2327=ORIENTED_EDGE('',*,*,#1761,.F.);
#2328=ORIENTED_EDGE('',*,*,#1769,.F.);
#2329=ORIENTED_EDGE('',*,*,#1770,.F.);
#2330=ORIENTED_EDGE('',*,*,#1771,.F.);
#2331=ORIENTED_EDGE('',*,*,#1772,.F.);
#2332=ORIENTED_EDGE('',*,*,#1769,.T.);
#2333=ORIENTED_EDGE('',*,*,#1773,.T.);
#2334=ORIENTED_EDGE('',*,*,#1774,.F.);
#2335=ORIENTED_EDGE('',*,*,#1775,.F.);
#2336=ORIENTED_EDGE('',*,*,#1770,.T.);
#2337=ORIENTED_EDGE('',*,*,#1775,.T.);
#2338=ORIENTED_EDGE('',*,*,#1776,.F.);
#2339=ORIENTED_EDGE('',*,*,#1777,.F.);
#2340=ORIENTED_EDGE('',*,*,#1771,.T.);
#2341=ORIENTED_EDGE('',*,*,#1777,.T.);
#2342=ORIENTED_EDGE('',*,*,#1778,.F.);
#2343=ORIENTED_EDGE('',*,*,#1779,.F.);
#2344=ORIENTED_EDGE('',*,*,#1772,.T.);
#2345=ORIENTED_EDGE('',*,*,#1779,.T.);
#2346=ORIENTED_EDGE('',*,*,#1780,.F.);
#2347=ORIENTED_EDGE('',*,*,#1773,.F.);
#2348=ORIENTED_EDGE('',*,*,#1781,.F.);
#2349=ORIENTED_EDGE('',*,*,#1782,.F.);
#2350=ORIENTED_EDGE('',*,*,#1783,.F.);
#2351=ORIENTED_EDGE('',*,*,#1784,.F.);
#2352=ORIENTED_EDGE('',*,*,#1781,.T.);
#2353=ORIENTED_EDGE('',*,*,#1785,.T.);
#2354=ORIENTED_EDGE('',*,*,#1786,.F.);
#2355=ORIENTED_EDGE('',*,*,#1787,.F.);
#2356=ORIENTED_EDGE('',*,*,#1782,.T.);
#2357=ORIENTED_EDGE('',*,*,#1787,.T.);
#2358=ORIENTED_EDGE('',*,*,#1788,.F.);
#2359=ORIENTED_EDGE('',*,*,#1789,.F.);
#2360=ORIENTED_EDGE('',*,*,#1783,.T.);
#2361=ORIENTED_EDGE('',*,*,#1789,.T.);
#2362=ORIENTED_EDGE('',*,*,#1790,.F.);
#2363=ORIENTED_EDGE('',*,*,#1791,.F.);
#2364=ORIENTED_EDGE('',*,*,#1784,.T.);
#2365=ORIENTED_EDGE('',*,*,#1791,.T.);
#2366=ORIENTED_EDGE('',*,*,#1792,.F.);
#2367=ORIENTED_EDGE('',*,*,#1785,.F.);
#2368=ORIENTED_EDGE('',*,*,#1793,.F.);
#2369=ORIENTED_EDGE('',*,*,#1794,.F.);
#2370=ORIENTED_EDGE('',*,*,#1795,.F.);
#2371=ORIENTED_EDGE('',*,*,#1796,.F.);
#2372=ORIENTED_EDGE('',*,*,#1793,.T.);
#2373=ORIENTED_EDGE('',*,*,#1797,.T.);
#2374=ORIENTED_EDGE('',*,*,#1798,.F.);
#2375=ORIENTED_EDGE('',*,*,#1799,.F.);
#2376=ORIENTED_EDGE('',*,*,#1794,.T.);
#2377=ORIENTED_EDGE('',*,*,#1799,.T.);
#2378=ORIENTED_EDGE('',*,*,#1800,.F.);
#2379=ORIENTED_EDGE('',*,*,#1801,.F.);
#2380=ORIENTED_EDGE('',*,*,#1795,.T.);
#2381=ORIENTED_EDGE('',*,*,#1801,.T.);
#2382=ORIENTED_EDGE('',*,*,#1802,.F.);
#2383=ORIENTED_EDGE('',*,*,#1803,.F.);
#2384=ORIENTED_EDGE('',*,*,#1796,.T.);
#2385=ORIENTED_EDGE('',*,*,#1803,.T.);
#2386=ORIENTED_EDGE('',*,*,#1804,.F.);
#2387=ORIENTED_EDGE('',*,*,#1797,.F.);
#2388=ORIENTED_EDGE('',*,*,#1805,.F.);
#2389=ORIENTED_EDGE('',*,*,#1806,.F.);
#2390=ORIENTED_EDGE('',*,*,#1807,.F.);
#2391=ORIENTED_EDGE('',*,*,#1808,.F.);
#2392=ORIENTED_EDGE('',*,*,#1805,.T.);
#2393=ORIENTED_EDGE('',*,*,#1809,.T.);
#2394=ORIENTED_EDGE('',*,*,#1810,.F.);
#2395=ORIENTED_EDGE('',*,*,#1811,.F.);
#2396=ORIENTED_EDGE('',*,*,#1806,.T.);
#2397=ORIENTED_EDGE('',*,*,#1811,.T.);
#2398=ORIENTED_EDGE('',*,*,#1812,.F.);
#2399=ORIENTED_EDGE('',*,*,#1813,.F.);
#2400=ORIENTED_EDGE('',*,*,#1807,.T.);
#2401=ORIENTED_EDGE('',*,*,#1813,.T.);
#2402=ORIENTED_EDGE('',*,*,#1814,.F.);
#2403=ORIENTED_EDGE('',*,*,#1815,.F.);
#2404=ORIENTED_EDGE('',*,*,#1808,.T.);
#2405=ORIENTED_EDGE('',*,*,#1815,.T.);
#2406=ORIENTED_EDGE('',*,*,#1816,.F.);
#2407=ORIENTED_EDGE('',*,*,#1809,.F.);
#2408=ORIENTED_EDGE('',*,*,#1817,.F.);
#2409=ORIENTED_EDGE('',*,*,#1818,.F.);
#2410=ORIENTED_EDGE('',*,*,#1819,.F.);
#2411=ORIENTED_EDGE('',*,*,#1820,.F.);
#2412=ORIENTED_EDGE('',*,*,#1817,.T.);
#2413=ORIENTED_EDGE('',*,*,#1821,.T.);
#2414=ORIENTED_EDGE('',*,*,#1822,.F.);
#2415=ORIENTED_EDGE('',*,*,#1823,.F.);
#2416=ORIENTED_EDGE('',*,*,#1818,.T.);
#2417=ORIENTED_EDGE('',*,*,#1823,.T.);
#2418=ORIENTED_EDGE('',*,*,#1824,.F.);
#2419=ORIENTED_EDGE('',*,*,#1825,.F.);
#2420=ORIENTED_EDGE('',*,*,#1819,.T.);
#2421=ORIENTED_EDGE('',*,*,#1825,.T.);
#2422=ORIENTED_EDGE('',*,*,#1826,.F.);
#2423=ORIENTED_EDGE('',*,*,#1827,.F.);
#2424=ORIENTED_EDGE('',*,*,#1820,.T.);
#2425=ORIENTED_EDGE('',*,*,#1827,.T.);
#2426=ORIENTED_EDGE('',*,*,#1828,.F.);
#2427=ORIENTED_EDGE('',*,*,#1821,.F.);
#2428=ORIENTED_EDGE('',*,*,#1829,.F.);
#2429=ORIENTED_EDGE('',*,*,#1830,.F.);
#2430=ORIENTED_EDGE('',*,*,#1831,.F.);
#2431=ORIENTED_EDGE('',*,*,#1832,.F.);
#2432=ORIENTED_EDGE('',*,*,#1829,.T.);
#2433=ORIENTED_EDGE('',*,*,#1833,.T.);
#2434=ORIENTED_EDGE('',*,*,#1834,.F.);
#2435=ORIENTED_EDGE('',*,*,#1835,.F.);
#2436=ORIENTED_EDGE('',*,*,#1830,.T.);
#2437=ORIENTED_EDGE('',*,*,#1835,.T.);
#2438=ORIENTED_EDGE('',*,*,#1836,.F.);
#2439=ORIENTED_EDGE('',*,*,#1837,.F.);
#2440=ORIENTED_EDGE('',*,*,#1831,.T.);
#2441=ORIENTED_EDGE('',*,*,#1837,.T.);
#2442=ORIENTED_EDGE('',*,*,#1838,.F.);
#2443=ORIENTED_EDGE('',*,*,#1839,.F.);
#2444=ORIENTED_EDGE('',*,*,#1832,.T.);
#2445=ORIENTED_EDGE('',*,*,#1839,.T.);
#2446=ORIENTED_EDGE('',*,*,#1840,.F.);
#2447=ORIENTED_EDGE('',*,*,#1833,.F.);
#2448=ORIENTED_EDGE('',*,*,#1841,.F.);
#2449=ORIENTED_EDGE('',*,*,#1842,.F.);
#2450=ORIENTED_EDGE('',*,*,#1843,.F.);
#2451=ORIENTED_EDGE('',*,*,#1844,.F.);
#2452=ORIENTED_EDGE('',*,*,#1841,.T.);
#2453=ORIENTED_EDGE('',*,*,#1845,.T.);
#2454=ORIENTED_EDGE('',*,*,#1846,.F.);
#2455=ORIENTED_EDGE('',*,*,#1847,.F.);
#2456=ORIENTED_EDGE('',*,*,#1842,.T.);
#2457=ORIENTED_EDGE('',*,*,#1847,.T.);
#2458=ORIENTED_EDGE('',*,*,#1848,.F.);
#2459=ORIENTED_EDGE('',*,*,#1849,.F.);
#2460=ORIENTED_EDGE('',*,*,#1843,.T.);
#2461=ORIENTED_EDGE('',*,*,#1849,.T.);
#2462=ORIENTED_EDGE('',*,*,#1850,.F.);
#2463=ORIENTED_EDGE('',*,*,#1851,.F.);
#2464=ORIENTED_EDGE('',*,*,#1844,.T.);
#2465=ORIENTED_EDGE('',*,*,#1851,.T.);
#2466=ORIENTED_EDGE('',*,*,#1852,.F.);
#2467=ORIENTED_EDGE('',*,*,#1845,.F.);
#2468=ORIENTED_EDGE('',*,*,#1853,.F.);
#2469=ORIENTED_EDGE('',*,*,#1854,.F.);
#2470=ORIENTED_EDGE('',*,*,#1855,.F.);
#2471=ORIENTED_EDGE('',*,*,#1856,.F.);
#2472=ORIENTED_EDGE('',*,*,#1853,.T.);
#2473=ORIENTED_EDGE('',*,*,#1857,.T.);
#2474=ORIENTED_EDGE('',*,*,#1858,.F.);
#2475=ORIENTED_EDGE('',*,*,#1859,.F.);
#2476=ORIENTED_EDGE('',*,*,#1854,.T.);
#2477=ORIENTED_EDGE('',*,*,#1859,.T.);
#2478=ORIENTED_EDGE('',*,*,#1860,.F.);
#2479=ORIENTED_EDGE('',*,*,#1861,.F.);
#2480=ORIENTED_EDGE('',*,*,#1855,.T.);
#2481=ORIENTED_EDGE('',*,*,#1861,.T.);
#2482=ORIENTED_EDGE('',*,*,#1862,.F.);
#2483=ORIENTED_EDGE('',*,*,#1863,.F.);
#2484=ORIENTED_EDGE('',*,*,#1856,.T.);
#2485=ORIENTED_EDGE('',*,*,#1863,.T.);
#2486=ORIENTED_EDGE('',*,*,#1864,.F.);
#2487=ORIENTED_EDGE('',*,*,#1857,.F.);
#2488=ORIENTED_EDGE('',*,*,#1865,.F.);
#2489=ORIENTED_EDGE('',*,*,#1866,.F.);
#2490=ORIENTED_EDGE('',*,*,#1867,.F.);
#2491=ORIENTED_EDGE('',*,*,#1868,.F.);
#2492=ORIENTED_EDGE('',*,*,#1865,.T.);
#2493=ORIENTED_EDGE('',*,*,#1869,.T.);
#2494=ORIENTED_EDGE('',*,*,#1870,.F.);
#2495=ORIENTED_EDGE('',*,*,#1871,.F.);
#2496=ORIENTED_EDGE('',*,*,#1866,.T.);
#2497=ORIENTED_EDGE('',*,*,#1871,.T.);
#2498=ORIENTED_EDGE('',*,*,#1872,.F.);
#2499=ORIENTED_EDGE('',*,*,#1873,.F.);
#2500=ORIENTED_EDGE('',*,*,#1867,.T.);
#2501=ORIENTED_EDGE('',*,*,#1873,.T.);
#2502=ORIENTED_EDGE('',*,*,#1874,.F.);
#2503=ORIENTED_EDGE('',*,*,#1875,.F.);
#2504=ORIENTED_EDGE('',*,*,#1868,.T.);
#2505=ORIENTED_EDGE('',*,*,#1875,.T.);
#2506=ORIENTED_EDGE('',*,*,#1876,.F.);
#2507=ORIENTED_EDGE('',*,*,#1869,.F.);
#2508=ORIENTED_EDGE('',*,*,#1877,.F.);
#2509=ORIENTED_EDGE('',*,*,#1878,.F.);
#2510=ORIENTED_EDGE('',*,*,#1879,.F.);
#2511=ORIENTED_EDGE('',*,*,#1880,.F.);
#2512=ORIENTED_EDGE('',*,*,#1877,.T.);
#2513=ORIENTED_EDGE('',*,*,#1881,.T.);
#2514=ORIENTED_EDGE('',*,*,#1882,.F.);
#2515=ORIENTED_EDGE('',*,*,#1883,.F.);
#2516=ORIENTED_EDGE('',*,*,#1878,.T.);
#2517=ORIENTED_EDGE('',*,*,#1883,.T.);
#2518=ORIENTED_EDGE('',*,*,#1884,.F.);
#2519=ORIENTED_EDGE('',*,*,#1885,.F.);
#2520=ORIENTED_EDGE('',*,*,#1879,.T.);
#2521=ORIENTED_EDGE('',*,*,#1885,.T.);
#2522=ORIENTED_EDGE('',*,*,#1886,.F.);
#2523=ORIENTED_EDGE('',*,*,#1887,.F.);
#2524=ORIENTED_EDGE('',*,*,#1880,.T.);
#2525=ORIENTED_EDGE('',*,*,#1887,.T.);
#2526=ORIENTED_EDGE('',*,*,#1888,.F.);
#2527=ORIENTED_EDGE('',*,*,#1881,.F.);
#2528=ORIENTED_EDGE('',*,*,#1889,.F.);
#2529=ORIENTED_EDGE('',*,*,#1890,.F.);
#2530=ORIENTED_EDGE('',*,*,#1891,.F.);
#2531=ORIENTED_EDGE('',*,*,#1892,.F.);
#2532=ORIENTED_EDGE('',*,*,#1889,.T.);
#2533=ORIENTED_EDGE('',*,*,#1893,.T.);
#2534=ORIENTED_EDGE('',*,*,#1894,.F.);
#2535=ORIENTED_EDGE('',*,*,#1895,.F.);
#2536=ORIENTED_EDGE('',*,*,#1890,.T.);
#2537=ORIENTED_EDGE('',*,*,#1895,.T.);
#2538=ORIENTED_EDGE('',*,*,#1896,.F.);
#2539=ORIENTED_EDGE('',*,*,#1897,.F.);
#2540=ORIENTED_EDGE('',*,*,#1891,.T.);
#2541=ORIENTED_EDGE('',*,*,#1897,.T.);
#2542=ORIENTED_EDGE('',*,*,#1898,.F.);
#2543=ORIENTED_EDGE('',*,*,#1899,.F.);
#2544=ORIENTED_EDGE('',*,*,#1892,.T.);
#2545=ORIENTED_EDGE('',*,*,#1899,.T.);
#2546=ORIENTED_EDGE('',*,*,#1900,.F.);
#2547=ORIENTED_EDGE('',*,*,#1893,.F.);
#2548=ORIENTED_EDGE('',*,*,#1901,.F.);
#2549=ORIENTED_EDGE('',*,*,#1902,.F.);
#2550=ORIENTED_EDGE('',*,*,#1903,.F.);
#2551=ORIENTED_EDGE('',*,*,#1904,.F.);
#2552=ORIENTED_EDGE('',*,*,#1901,.T.);
#2553=ORIENTED_EDGE('',*,*,#1905,.T.);
#2554=ORIENTED_EDGE('',*,*,#1906,.F.);
#2555=ORIENTED_EDGE('',*,*,#1907,.F.);
#2556=ORIENTED_EDGE('',*,*,#1902,.T.);
#2557=ORIENTED_EDGE('',*,*,#1907,.T.);
#2558=ORIENTED_EDGE('',*,*,#1908,.F.);
#2559=ORIENTED_EDGE('',*,*,#1909,.F.);
#2560=ORIENTED_EDGE('',*,*,#1903,.T.);
#2561=ORIENTED_EDGE('',*,*,#1909,.T.);
#2562=ORIENTED_EDGE('',*,*,#1910,.F.);
#2563=ORIENTED_EDGE('',*,*,#1911,.F.);
#2564=ORIENTED_EDGE('',*,*,#1904,.T.);
#2565=ORIENTED_EDGE('',*,*,#1911,.T.);
#2566=ORIENTED_EDGE('',*,*,#1912,.F.);
#2567=ORIENTED_EDGE('',*,*,#1905,.F.);
#2568=ORIENTED_EDGE('',*,*,#1913,.F.);
#2569=ORIENTED_EDGE('',*,*,#1914,.F.);
#2570=ORIENTED_EDGE('',*,*,#1915,.F.);
#2571=ORIENTED_EDGE('',*,*,#1916,.F.);
#2572=ORIENTED_EDGE('',*,*,#1913,.T.);
#2573=ORIENTED_EDGE('',*,*,#1917,.T.);
#2574=ORIENTED_EDGE('',*,*,#1918,.F.);
#2575=ORIENTED_EDGE('',*,*,#1919,.F.);
#2576=ORIENTED_EDGE('',*,*,#1914,.T.);
#2577=ORIENTED_EDGE('',*,*,#1919,.T.);
#2578=ORIENTED_EDGE('',*,*,#1920,.F.);
#2579=ORIENTED_EDGE('',*,*,#1921,.F.);
#2580=ORIENTED_EDGE('',*,*,#1915,.T.);
#2581=ORIENTED_EDGE('',*,*,#1921,.T.);
#2582=ORIENTED_EDGE('',*,*,#1922,.F.);
#2583=ORIENTED_EDGE('',*,*,#1923,.F.);
#2584=ORIENTED_EDGE('',*,*,#1916,.T.);
#2585=ORIENTED_EDGE('',*,*,#1923,.T.);
#2586=ORIENTED_EDGE('',*,*,#1924,.F.);
#2587=ORIENTED_EDGE('',*,*,#1917,.F.);
#2588=ORIENTED_EDGE('',*,*,#1925,.F.);
#2589=ORIENTED_EDGE('',*,*,#1926,.F.);
#2590=ORIENTED_EDGE('',*,*,#1927,.F.);
#2591=ORIENTED_EDGE('',*,*,#1928,.F.);
#2592=ORIENTED_EDGE('',*,*,#1925,.T.);
#2593=ORIENTED_EDGE('',*,*,#1929,.T.);
#2594=ORIENTED_EDGE('',*,*,#1930,.F.);
#2595=ORIENTED_EDGE('',*,*,#1931,.F.);
#2596=ORIENTED_EDGE('',*,*,#1926,.T.);
#2597=ORIENTED_EDGE('',*,*,#1931,.T.);
#2598=ORIENTED_EDGE('',*,*,#1932,.F.);
#2599=ORIENTED_EDGE('',*,*,#1933,.F.);
#2600=ORIENTED_EDGE('',*,*,#1927,.T.);
#2601=ORIENTED_EDGE('',*,*,#1933,.T.);
#2602=ORIENTED_EDGE('',*,*,#1934,.F.);
#2603=ORIENTED_EDGE('',*,*,#1935,.F.);
#2604=ORIENTED_EDGE('',*,*,#1928,.T.);
#2605=ORIENTED_EDGE('',*,*,#1935,.T.);
#2606=ORIENTED_EDGE('',*,*,#1936,.F.);
#2607=ORIENTED_EDGE('',*,*,#1929,.F.);
#2608=ORIENTED_EDGE('',*,*,#1937,.F.);
#2609=ORIENTED_EDGE('',*,*,#1938,.F.);
#2610=ORIENTED_EDGE('',*,*,#1939,.F.);
#2611=ORIENTED_EDGE('',*,*,#1940,.F.);
#2612=ORIENTED_EDGE('',*,*,#1937,.T.);
#2613=ORIENTED_EDGE('',*,*,#1941,.T.);
#2614=ORIENTED_EDGE('',*,*,#1942,.F.);
#2615=ORIENTED_EDGE('',*,*,#1943,.F.);
#2616=ORIENTED_EDGE('',*,*,#1938,.T.);
#2617=ORIENTED_EDGE('',*,*,#1943,.T.);
#2618=ORIENTED_EDGE('',*,*,#1944,.F.);
#2619=ORIENTED_EDGE('',*,*,#1945,.F.);
#2620=ORIENTED_EDGE('',*,*,#1939,.T.);
#2621=ORIENTED_EDGE('',*,*,#1945,.T.);
#2622=ORIENTED_EDGE('',*,*,#1946,.F.);
#2623=ORIENTED_EDGE('',*,*,#1947,.F.);
#2624=ORIENTED_EDGE('',*,*,#1940,.T.);
#2625=ORIENTED_EDGE('',*,*,#1947,.T.);
#2626=ORIENTED_EDGE('',*,*,#1948,.F.);
#2627=ORIENTED_EDGE('',*,*,#1941,.F.);
#2628=ORIENTED_EDGE('',*,*,#1949,.F.);
#2629=ORIENTED_EDGE('',*,*,#1950,.F.);
#2630=ORIENTED_EDGE('',*,*,#1951,.F.);
#2631=ORIENTED_EDGE('',*,*,#1952,.F.);
#2632=ORIENTED_EDGE('',*,*,#1949,.T.);
#2633=ORIENTED_EDGE('',*,*,#1953,.T.);
#2634=ORIENTED_EDGE('',*,*,#1954,.F.);
#2635=ORIENTED_EDGE('',*,*,#1955,.F.);
#2636=ORIENTED_EDGE('',*,*,#1950,.T.);
#2637=ORIENTED_EDGE('',*,*,#1955,.T.);
#2638=ORIENTED_EDGE('',*,*,#1956,.F.);
#2639=ORIENTED_EDGE('',*,*,#1957,.F.);
#2640=ORIENTED_EDGE('',*,*,#1951,.T.);
#2641=ORIENTED_EDGE('',*,*,#1957,.T.);
#2642=ORIENTED_EDGE('',*,*,#1958,.F.);
#2643=ORIENTED_EDGE('',*,*,#1959,.F.);
#2644=ORIENTED_EDGE('',*,*,#1952,.T.);
#2645=ORIENTED_EDGE('',*,*,#1959,.T.);
#2646=ORIENTED_EDGE('',*,*,#1960,.F.);
#2647=ORIENTED_EDGE('',*,*,#1953,.F.);
#2648=ORIENTED_EDGE('',*,*,#1961,.F.);
#2649=ORIENTED_EDGE('',*,*,#1962,.F.);
#2650=ORIENTED_EDGE('',*,*,#1963,.F.);
#2651=ORIENTED_EDGE('',*,*,#1964,.F.);
#2652=ORIENTED_EDGE('',*,*,#1961,.T.);
#2653=ORIENTED_EDGE('',*,*,#1965,.T.);
#2654=ORIENTED_EDGE('',*,*,#1966,.F.);
#2655=ORIENTED_EDGE('',*,*,#1967,.F.);
#2656=ORIENTED_EDGE('',*,*,#1962,.T.);
#2657=ORIENTED_EDGE('',*,*,#1967,.T.);
#2658=ORIENTED_EDGE('',*,*,#1968,.F.);
#2659=ORIENTED_EDGE('',*,*,#1969,.F.);
#2660=ORIENTED_EDGE('',*,*,#1963,.T.);
#2661=ORIENTED_EDGE('',*,*,#1969,.T.);
#2662=ORIENTED_EDGE('',*,*,#1970,.F.);
#2663=ORIENTED_EDGE('',*,*,#1971,.F.);
#2664=ORIENTED_EDGE('',*,*,#1964,.T.);
#2665=ORIENTED_EDGE('',*,*,#1971,.T.);
#2666=ORIENTED_EDGE('',*,*,#1972,.F.);
#2667=ORIENTED_EDGE('',*,*,#1965,.F.);
#2668=ORIENTED_EDGE('',*,*,#1973,.F.);
#2669=ORIENTED_EDGE('',*,*,#1562,.F.);
#2670=ORIENTED_EDGE('',*,*,#1566,.F.);
#2671=ORIENTED_EDGE('',*,*,#1569,.F.);
#2672=ORIENTED_EDGE('',*,*,#1974,.F.);
#2673=ORIENTED_EDGE('',*,*,#1975,.F.);
#2674=ORIENTED_EDGE('',*,*,#1976,.T.);
#2675=ORIENTED_EDGE('',*,*,#1580,.T.);
#2676=ORIENTED_EDGE('',*,*,#1577,.T.);
#2677=ORIENTED_EDGE('',*,*,#1574,.T.);
#2678=ORIENTED_EDGE('',*,*,#1578,.T.);
#2679=ORIENTED_EDGE('',*,*,#1976,.F.);
#2680=ORIENTED_EDGE('',*,*,#1977,.F.);
#2681=ORIENTED_EDGE('',*,*,#1978,.T.);
#2682=ORIENTED_EDGE('',*,*,#1979,.F.);
#2683=ORIENTED_EDGE('',*,*,#1572,.F.);
#2684=ORIENTED_EDGE('',*,*,#1576,.F.);
#2685=ORIENTED_EDGE('',*,*,#1579,.F.);
#2686=ORIENTED_EDGE('',*,*,#1978,.F.);
#2687=ORIENTED_EDGE('',*,*,#1980,.F.);
#2688=ORIENTED_EDGE('',*,*,#1981,.F.);
#2689=ORIENTED_EDGE('',*,*,#1570,.F.);
#2690=ORIENTED_EDGE('',*,*,#1567,.F.);
#2691=ORIENTED_EDGE('',*,*,#1564,.F.);
#2692=ORIENTED_EDGE('',*,*,#1568,.T.);
#2693=ORIENTED_EDGE('',*,*,#1981,.T.);
#2694=ORIENTED_EDGE('',*,*,#1982,.F.);
#2695=ORIENTED_EDGE('',*,*,#1974,.T.);
#2696=ORIENTED_EDGE('',*,*,#1983,.F.);
#2697=ORIENTED_EDGE('',*,*,#1973,.T.);
#2698=ORIENTED_EDGE('',*,*,#1573,.T.);
#2699=ORIENTED_EDGE('',*,*,#1979,.T.);
#2700=ORIENTED_EDGE('',*,*,#1563,.F.);
#2701=ORIENTED_EDGE('',*,*,#1984,.F.);
#2702=ORIENTED_EDGE('',*,*,#1985,.T.);
#2703=ORIENTED_EDGE('',*,*,#1650,.T.);
#2704=ORIENTED_EDGE('',*,*,#1648,.T.);
#2705=ORIENTED_EDGE('',*,*,#1656,.T.);
#2706=ORIENTED_EDGE('',*,*,#1986,.T.);
#2707=ORIENTED_EDGE('',*,*,#1636,.T.);
#2708=ORIENTED_EDGE('',*,*,#1634,.T.);
#2709=ORIENTED_EDGE('',*,*,#1642,.T.);
#2710=ORIENTED_EDGE('',*,*,#1987,.T.);
#2711=ORIENTED_EDGE('',*,*,#1678,.T.);
#2712=ORIENTED_EDGE('',*,*,#1676,.T.);
#2713=ORIENTED_EDGE('',*,*,#1684,.T.);
#2714=ORIENTED_EDGE('',*,*,#1988,.T.);
#2715=ORIENTED_EDGE('',*,*,#1664,.T.);
#2716=ORIENTED_EDGE('',*,*,#1662,.T.);
#2717=ORIENTED_EDGE('',*,*,#1670,.T.);
#2718=ORIENTED_EDGE('',*,*,#1989,.T.);
#2719=ORIENTED_EDGE('',*,*,#1990,.T.);
#2720=ORIENTED_EDGE('',*,*,#1989,.F.);
#2721=ORIENTED_EDGE('',*,*,#1669,.T.);
#2722=ORIENTED_EDGE('',*,*,#1667,.T.);
#2723=ORIENTED_EDGE('',*,*,#1665,.T.);
#2724=ORIENTED_EDGE('',*,*,#1988,.F.);
#2725=ORIENTED_EDGE('',*,*,#1683,.T.);
#2726=ORIENTED_EDGE('',*,*,#1681,.T.);
#2727=ORIENTED_EDGE('',*,*,#1679,.T.);
#2728=ORIENTED_EDGE('',*,*,#1987,.F.);
#2729=ORIENTED_EDGE('',*,*,#1641,.T.);
#2730=ORIENTED_EDGE('',*,*,#1639,.T.);
#2731=ORIENTED_EDGE('',*,*,#1637,.T.);
#2732=ORIENTED_EDGE('',*,*,#1986,.F.);
#2733=ORIENTED_EDGE('',*,*,#1655,.T.);
#2734=ORIENTED_EDGE('',*,*,#1653,.T.);
#2735=ORIENTED_EDGE('',*,*,#1651,.T.);
#2736=ORIENTED_EDGE('',*,*,#1985,.F.);
#2737=ORIENTED_EDGE('',*,*,#1586,.T.);
#2738=ORIENTED_EDGE('',*,*,#1592,.T.);
#2739=ORIENTED_EDGE('',*,*,#1590,.T.);
#2740=ORIENTED_EDGE('',*,*,#1588,.T.);
#2741=ORIENTED_EDGE('',*,*,#1598,.T.);
#2742=ORIENTED_EDGE('',*,*,#1604,.T.);
#2743=ORIENTED_EDGE('',*,*,#1602,.T.);
#2744=ORIENTED_EDGE('',*,*,#1600,.T.);
#2745=ORIENTED_EDGE('',*,*,#1610,.T.);
#2746=ORIENTED_EDGE('',*,*,#1616,.T.);
#2747=ORIENTED_EDGE('',*,*,#1614,.T.);
#2748=ORIENTED_EDGE('',*,*,#1612,.T.);
#2749=ORIENTED_EDGE('',*,*,#1622,.T.);
#2750=ORIENTED_EDGE('',*,*,#1628,.T.);
#2751=ORIENTED_EDGE('',*,*,#1626,.T.);
#2752=ORIENTED_EDGE('',*,*,#1624,.T.);
#2753=ORIENTED_EDGE('',*,*,#1690,.T.);
#2754=ORIENTED_EDGE('',*,*,#1696,.T.);
#2755=ORIENTED_EDGE('',*,*,#1694,.T.);
#2756=ORIENTED_EDGE('',*,*,#1692,.T.);
#2757=ORIENTED_EDGE('',*,*,#1702,.T.);
#2758=ORIENTED_EDGE('',*,*,#1708,.T.);
#2759=ORIENTED_EDGE('',*,*,#1706,.T.);
#2760=ORIENTED_EDGE('',*,*,#1704,.T.);
#2761=ORIENTED_EDGE('',*,*,#1714,.T.);
#2762=ORIENTED_EDGE('',*,*,#1720,.T.);
#2763=ORIENTED_EDGE('',*,*,#1718,.T.);
#2764=ORIENTED_EDGE('',*,*,#1716,.T.);
#2765=ORIENTED_EDGE('',*,*,#1726,.T.);
#2766=ORIENTED_EDGE('',*,*,#1732,.T.);
#2767=ORIENTED_EDGE('',*,*,#1730,.T.);
#2768=ORIENTED_EDGE('',*,*,#1728,.T.);
#2769=ORIENTED_EDGE('',*,*,#1738,.T.);
#2770=ORIENTED_EDGE('',*,*,#1744,.T.);
#2771=ORIENTED_EDGE('',*,*,#1742,.T.);
#2772=ORIENTED_EDGE('',*,*,#1740,.T.);
#2773=ORIENTED_EDGE('',*,*,#1750,.T.);
#2774=ORIENTED_EDGE('',*,*,#1756,.T.);
#2775=ORIENTED_EDGE('',*,*,#1754,.T.);
#2776=ORIENTED_EDGE('',*,*,#1752,.T.);
#2777=ORIENTED_EDGE('',*,*,#1762,.T.);
#2778=ORIENTED_EDGE('',*,*,#1768,.T.);
#2779=ORIENTED_EDGE('',*,*,#1766,.T.);
#2780=ORIENTED_EDGE('',*,*,#1764,.T.);
#2781=ORIENTED_EDGE('',*,*,#1774,.T.);
#2782=ORIENTED_EDGE('',*,*,#1780,.T.);
#2783=ORIENTED_EDGE('',*,*,#1778,.T.);
#2784=ORIENTED_EDGE('',*,*,#1776,.T.);
#2785=ORIENTED_EDGE('',*,*,#1786,.T.);
#2786=ORIENTED_EDGE('',*,*,#1792,.T.);
#2787=ORIENTED_EDGE('',*,*,#1790,.T.);
#2788=ORIENTED_EDGE('',*,*,#1788,.T.);
#2789=ORIENTED_EDGE('',*,*,#1798,.T.);
#2790=ORIENTED_EDGE('',*,*,#1804,.T.);
#2791=ORIENTED_EDGE('',*,*,#1802,.T.);
#2792=ORIENTED_EDGE('',*,*,#1800,.T.);
#2793=ORIENTED_EDGE('',*,*,#1810,.T.);
#2794=ORIENTED_EDGE('',*,*,#1816,.T.);
#2795=ORIENTED_EDGE('',*,*,#1814,.T.);
#2796=ORIENTED_EDGE('',*,*,#1812,.T.);
#2797=ORIENTED_EDGE('',*,*,#1822,.T.);
#2798=ORIENTED_EDGE('',*,*,#1828,.T.);
#2799=ORIENTED_EDGE('',*,*,#1826,.T.);
#2800=ORIENTED_EDGE('',*,*,#1824,.T.);
#2801=ORIENTED_EDGE('',*,*,#1834,.T.);
#2802=ORIENTED_EDGE('',*,*,#1840,.T.);
#2803=ORIENTED_EDGE('',*,*,#1838,.T.);
#2804=ORIENTED_EDGE('',*,*,#1836,.T.);
#2805=ORIENTED_EDGE('',*,*,#1846,.T.);
#2806=ORIENTED_EDGE('',*,*,#1852,.T.);
#2807=ORIENTED_EDGE('',*,*,#1850,.T.);
#2808=ORIENTED_EDGE('',*,*,#1848,.T.);
#2809=ORIENTED_EDGE('',*,*,#1858,.T.);
#2810=ORIENTED_EDGE('',*,*,#1864,.T.);
#2811=ORIENTED_EDGE('',*,*,#1862,.T.);
#2812=ORIENTED_EDGE('',*,*,#1860,.T.);
#2813=ORIENTED_EDGE('',*,*,#1870,.T.);
#2814=ORIENTED_EDGE('',*,*,#1876,.T.);
#2815=ORIENTED_EDGE('',*,*,#1874,.T.);
#2816=ORIENTED_EDGE('',*,*,#1872,.T.);
#2817=ORIENTED_EDGE('',*,*,#1882,.T.);
#2818=ORIENTED_EDGE('',*,*,#1888,.T.);
#2819=ORIENTED_EDGE('',*,*,#1886,.T.);
#2820=ORIENTED_EDGE('',*,*,#1884,.T.);
#2821=ORIENTED_EDGE('',*,*,#1894,.T.);
#2822=ORIENTED_EDGE('',*,*,#1900,.T.);
#2823=ORIENTED_EDGE('',*,*,#1898,.T.);
#2824=ORIENTED_EDGE('',*,*,#1896,.T.);
#2825=ORIENTED_EDGE('',*,*,#1906,.T.);
#2826=ORIENTED_EDGE('',*,*,#1912,.T.);
#2827=ORIENTED_EDGE('',*,*,#1910,.T.);
#2828=ORIENTED_EDGE('',*,*,#1908,.T.);
#2829=ORIENTED_EDGE('',*,*,#1918,.T.);
#2830=ORIENTED_EDGE('',*,*,#1924,.T.);
#2831=ORIENTED_EDGE('',*,*,#1922,.T.);
#2832=ORIENTED_EDGE('',*,*,#1920,.T.);
#2833=ORIENTED_EDGE('',*,*,#1930,.T.);
#2834=ORIENTED_EDGE('',*,*,#1936,.T.);
#2835=ORIENTED_EDGE('',*,*,#1934,.T.);
#2836=ORIENTED_EDGE('',*,*,#1932,.T.);
#2837=ORIENTED_EDGE('',*,*,#1942,.T.);
#2838=ORIENTED_EDGE('',*,*,#1948,.T.);
#2839=ORIENTED_EDGE('',*,*,#1946,.T.);
#2840=ORIENTED_EDGE('',*,*,#1944,.T.);
#2841=ORIENTED_EDGE('',*,*,#1954,.T.);
#2842=ORIENTED_EDGE('',*,*,#1960,.T.);
#2843=ORIENTED_EDGE('',*,*,#1958,.T.);
#2844=ORIENTED_EDGE('',*,*,#1956,.T.);
#2845=ORIENTED_EDGE('',*,*,#1966,.T.);
#2846=ORIENTED_EDGE('',*,*,#1972,.T.);
#2847=ORIENTED_EDGE('',*,*,#1970,.T.);
#2848=ORIENTED_EDGE('',*,*,#1968,.T.);
#2849=ORIENTED_EDGE('',*,*,#1990,.F.);
#2850=ORIENTED_EDGE('',*,*,#1991,.F.);
#2851=ORIENTED_EDGE('',*,*,#1991,.T.);
#2852=ORIENTED_EDGE('',*,*,#1992,.T.);
#2853=ORIENTED_EDGE('',*,*,#1993,.T.);
#2854=ORIENTED_EDGE('',*,*,#1992,.F.);
#2855=ORIENTED_EDGE('',*,*,#1994,.F.);
#2856=ORIENTED_EDGE('',*,*,#1995,.T.);
#2857=ORIENTED_EDGE('',*,*,#1983,.T.);
#2858=ORIENTED_EDGE('',*,*,#1995,.F.);
#2859=ORIENTED_EDGE('',*,*,#1994,.T.);
#2860=ORIENTED_EDGE('',*,*,#1984,.T.);
#2861=ORIENTED_EDGE('',*,*,#1975,.T.);
#2862=ORIENTED_EDGE('',*,*,#1982,.T.);
#2863=ORIENTED_EDGE('',*,*,#1980,.T.);
#2864=ORIENTED_EDGE('',*,*,#1977,.T.);
#2865=ORIENTED_EDGE('',*,*,#1993,.F.);
#2866=CYLINDRICAL_SURFACE('',#3100,3.442);
#2867=CYLINDRICAL_SURFACE('',#3102,3.442);
#2868=CYLINDRICAL_SURFACE('',#3103,3.442);
#2869=CYLINDRICAL_SURFACE('',#3104,2.872);
#2870=CYLINDRICAL_SURFACE('',#3106,2.872);
#2871=CYLINDRICAL_SURFACE('',#3107,2.872);
#2872=CYLINDRICAL_SURFACE('',#3108,3.4);
#2873=CYLINDRICAL_SURFACE('',#3117,3.4);
#2874=CYLINDRICAL_SURFACE('',#3126,3.4);
#2875=CYLINDRICAL_SURFACE('',#3135,3.4);
#2876=CYLINDRICAL_SURFACE('',#3144,3.4);
#2877=CYLINDRICAL_SURFACE('',#3155,3.4);
#2878=CYLINDRICAL_SURFACE('',#3166,3.4);
#2879=CYLINDRICAL_SURFACE('',#3177,3.4);
#2880=CYLINDRICAL_SURFACE('',#3188,3.4);
#2881=CYLINDRICAL_SURFACE('',#3197,3.4);
#2882=CYLINDRICAL_SURFACE('',#3206,3.4);
#2883=CYLINDRICAL_SURFACE('',#3215,3.4);
#2884=CYLINDRICAL_SURFACE('',#3224,3.4);
#2885=CYLINDRICAL_SURFACE('',#3233,3.4);
#2886=CYLINDRICAL_SURFACE('',#3242,3.4);
#2887=CYLINDRICAL_SURFACE('',#3251,3.4);
#2888=CYLINDRICAL_SURFACE('',#3260,3.4);
#2889=CYLINDRICAL_SURFACE('',#3269,3.4);
#2890=CYLINDRICAL_SURFACE('',#3278,3.4);
#2891=CYLINDRICAL_SURFACE('',#3287,3.4);
#2892=CYLINDRICAL_SURFACE('',#3296,3.4);
#2893=CYLINDRICAL_SURFACE('',#3305,3.4);
#2894=CYLINDRICAL_SURFACE('',#3314,3.4);
#2895=CYLINDRICAL_SURFACE('',#3323,3.4);
#2896=CYLINDRICAL_SURFACE('',#3332,3.4);
#2897=CYLINDRICAL_SURFACE('',#3341,3.4);
#2898=CYLINDRICAL_SURFACE('',#3350,3.4);
#2899=CYLINDRICAL_SURFACE('',#3359,3.4);
#2900=CYLINDRICAL_SURFACE('',#3368,3.4);
#2901=CYLINDRICAL_SURFACE('',#3377,3.4);
#2902=CYLINDRICAL_SURFACE('',#3386,3.4);
#2903=CYLINDRICAL_SURFACE('',#3395,3.4);
#2904=CYLINDRICAL_SURFACE('',#3404,2.872);
#2905=CYLINDRICAL_SURFACE('',#3406,3.442);
#2906=CYLINDRICAL_SURFACE('',#3410,3.);
#2907=CYLINDRICAL_SURFACE('',#3415,2.5);
#2908=CYLINDRICAL_SURFACE('',#3417,4.);
#2909=ADVANCED_FACE('',(#181),#2866,.T.);
#2910=ADVANCED_FACE('',(#182),#2867,.T.);
#2911=ADVANCED_FACE('',(#183),#2868,.T.);
#2912=ADVANCED_FACE('',(#184),#2869,.T.);
#2913=ADVANCED_FACE('',(#185),#2870,.T.);
#2914=ADVANCED_FACE('',(#186),#2871,.T.);
#2915=ADVANCED_FACE('',(#187),#2872,.F.);
#2916=ADVANCED_FACE('',(#188),#49,.T.);
#2917=ADVANCED_FACE('',(#189),#50,.T.);
#2918=ADVANCED_FACE('',(#190),#51,.T.);
#2919=ADVANCED_FACE('',(#191),#52,.T.);
#2920=ADVANCED_FACE('',(#192),#2873,.F.);
#2921=ADVANCED_FACE('',(#193),#53,.T.);
#2922=ADVANCED_FACE('',(#194),#54,.T.);
#2923=ADVANCED_FACE('',(#195),#55,.T.);
#2924=ADVANCED_FACE('',(#196),#56,.T.);
#2925=ADVANCED_FACE('',(#197),#2874,.F.);
#2926=ADVANCED_FACE('',(#198),#57,.T.);
#2927=ADVANCED_FACE('',(#199),#58,.T.);
#2928=ADVANCED_FACE('',(#200),#59,.T.);
#2929=ADVANCED_FACE('',(#201),#60,.T.);
#2930=ADVANCED_FACE('',(#202),#2875,.F.);
#2931=ADVANCED_FACE('',(#203),#61,.T.);
#2932=ADVANCED_FACE('',(#204),#62,.T.);
#2933=ADVANCED_FACE('',(#205),#63,.T.);
#2934=ADVANCED_FACE('',(#206),#64,.T.);
#2935=ADVANCED_FACE('',(#207),#2876,.F.);
#2936=ADVANCED_FACE('',(#208),#65,.T.);
#2937=ADVANCED_FACE('',(#209),#66,.T.);
#2938=ADVANCED_FACE('',(#210),#67,.T.);
#2939=ADVANCED_FACE('',(#211),#68,.T.);
#2940=ADVANCED_FACE('',(#212),#2877,.F.);
#2941=ADVANCED_FACE('',(#213),#69,.T.);
#2942=ADVANCED_FACE('',(#214),#70,.T.);
#2943=ADVANCED_FACE('',(#215),#71,.T.);
#2944=ADVANCED_FACE('',(#216),#72,.T.);
#2945=ADVANCED_FACE('',(#217),#2878,.F.);
#2946=ADVANCED_FACE('',(#218),#73,.T.);
#2947=ADVANCED_FACE('',(#219),#74,.T.);
#2948=ADVANCED_FACE('',(#220),#75,.T.);
#2949=ADVANCED_FACE('',(#221),#76,.T.);
#2950=ADVANCED_FACE('',(#222),#2879,.F.);
#2951=ADVANCED_FACE('',(#223),#77,.T.);
#2952=ADVANCED_FACE('',(#224),#78,.T.);
#2953=ADVANCED_FACE('',(#225),#79,.T.);
#2954=ADVANCED_FACE('',(#226),#80,.T.);
#2955=ADVANCED_FACE('',(#227),#2880,.F.);
#2956=ADVANCED_FACE('',(#228),#81,.T.);
#2957=ADVANCED_FACE('',(#229),#82,.T.);
#2958=ADVANCED_FACE('',(#230),#83,.T.);
#2959=ADVANCED_FACE('',(#231),#84,.T.);
#2960=ADVANCED_FACE('',(#232),#2881,.F.);
#2961=ADVANCED_FACE('',(#233),#85,.T.);
#2962=ADVANCED_FACE('',(#234),#86,.T.);
#2963=ADVANCED_FACE('',(#235),#87,.T.);
#2964=ADVANCED_FACE('',(#236),#88,.T.);
#2965=ADVANCED_FACE('',(#237),#2882,.F.);
#2966=ADVANCED_FACE('',(#238),#89,.T.);
#2967=ADVANCED_FACE('',(#239),#90,.T.);
#2968=ADVANCED_FACE('',(#240),#91,.T.);
#2969=ADVANCED_FACE('',(#241),#92,.T.);
#2970=ADVANCED_FACE('',(#242),#2883,.F.);
#2971=ADVANCED_FACE('',(#243),#93,.T.);
#2972=ADVANCED_FACE('',(#244),#94,.T.);
#2973=ADVANCED_FACE('',(#245),#95,.T.);
#2974=ADVANCED_FACE('',(#246),#96,.T.);
#2975=ADVANCED_FACE('',(#247),#2884,.F.);
#2976=ADVANCED_FACE('',(#248),#97,.T.);
#2977=ADVANCED_FACE('',(#249),#98,.T.);
#2978=ADVANCED_FACE('',(#250),#99,.T.);
#2979=ADVANCED_FACE('',(#251),#100,.T.);
#2980=ADVANCED_FACE('',(#252),#2885,.F.);
#2981=ADVANCED_FACE('',(#253),#101,.T.);
#2982=ADVANCED_FACE('',(#254),#102,.T.);
#2983=ADVANCED_FACE('',(#255),#103,.T.);
#2984=ADVANCED_FACE('',(#256),#104,.T.);
#2985=ADVANCED_FACE('',(#257),#2886,.F.);
#2986=ADVANCED_FACE('',(#258),#105,.T.);
#2987=ADVANCED_FACE('',(#259),#106,.T.);
#2988=ADVANCED_FACE('',(#260),#107,.T.);
#2989=ADVANCED_FACE('',(#261),#108,.T.);
#2990=ADVANCED_FACE('',(#262),#2887,.F.);
#2991=ADVANCED_FACE('',(#263),#109,.T.);
#2992=ADVANCED_FACE('',(#264),#110,.T.);
#2993=ADVANCED_FACE('',(#265),#111,.T.);
#2994=ADVANCED_FACE('',(#266),#112,.T.);
#2995=ADVANCED_FACE('',(#267),#2888,.F.);
#2996=ADVANCED_FACE('',(#268),#113,.T.);
#2997=ADVANCED_FACE('',(#269),#114,.T.);
#2998=ADVANCED_FACE('',(#270),#115,.T.);
#2999=ADVANCED_FACE('',(#271),#116,.T.);
#3000=ADVANCED_FACE('',(#272),#2889,.F.);
#3001=ADVANCED_FACE('',(#273),#117,.T.);
#3002=ADVANCED_FACE('',(#274),#118,.T.);
#3003=ADVANCED_FACE('',(#275),#119,.T.);
#3004=ADVANCED_FACE('',(#276),#120,.T.);
#3005=ADVANCED_FACE('',(#277),#2890,.F.);
#3006=ADVANCED_FACE('',(#278),#121,.T.);
#3007=ADVANCED_FACE('',(#279),#122,.T.);
#3008=ADVANCED_FACE('',(#280),#123,.T.);
#3009=ADVANCED_FACE('',(#281),#124,.T.);
#3010=ADVANCED_FACE('',(#282),#2891,.F.);
#3011=ADVANCED_FACE('',(#283),#125,.T.);
#3012=ADVANCED_FACE('',(#284),#126,.T.);
#3013=ADVANCED_FACE('',(#285),#127,.T.);
#3014=ADVANCED_FACE('',(#286),#128,.T.);
#3015=ADVANCED_FACE('',(#287),#2892,.F.);
#3016=ADVANCED_FACE('',(#288),#129,.T.);
#3017=ADVANCED_FACE('',(#289),#130,.T.);
#3018=ADVANCED_FACE('',(#290),#131,.T.);
#3019=ADVANCED_FACE('',(#291),#132,.T.);
#3020=ADVANCED_FACE('',(#292),#2893,.F.);
#3021=ADVANCED_FACE('',(#293),#133,.T.);
#3022=ADVANCED_FACE('',(#294),#134,.T.);
#3023=ADVANCED_FACE('',(#295),#135,.T.);
#3024=ADVANCED_FACE('',(#296),#136,.T.);
#3025=ADVANCED_FACE('',(#297),#2894,.F.);
#3026=ADVANCED_FACE('',(#298),#137,.T.);
#3027=ADVANCED_FACE('',(#299),#138,.T.);
#3028=ADVANCED_FACE('',(#300),#139,.T.);
#3029=ADVANCED_FACE('',(#301),#140,.T.);
#3030=ADVANCED_FACE('',(#302),#2895,.F.);
#3031=ADVANCED_FACE('',(#303),#141,.T.);
#3032=ADVANCED_FACE('',(#304),#142,.T.);
#3033=ADVANCED_FACE('',(#305),#143,.T.);
#3034=ADVANCED_FACE('',(#306),#144,.T.);
#3035=ADVANCED_FACE('',(#307),#2896,.F.);
#3036=ADVANCED_FACE('',(#308),#145,.T.);
#3037=ADVANCED_FACE('',(#309),#146,.T.);
#3038=ADVANCED_FACE('',(#310),#147,.T.);
#3039=ADVANCED_FACE('',(#311),#148,.T.);
#3040=ADVANCED_FACE('',(#312),#2897,.F.);
#3041=ADVANCED_FACE('',(#313),#149,.T.);
#3042=ADVANCED_FACE('',(#314),#150,.T.);
#3043=ADVANCED_FACE('',(#315),#151,.T.);
#3044=ADVANCED_FACE('',(#316),#152,.T.);
#3045=ADVANCED_FACE('',(#317),#2898,.F.);
#3046=ADVANCED_FACE('',(#318),#153,.T.);
#3047=ADVANCED_FACE('',(#319),#154,.T.);
#3048=ADVANCED_FACE('',(#320),#155,.T.);
#3049=ADVANCED_FACE('',(#321),#156,.T.);
#3050=ADVANCED_FACE('',(#322),#2899,.F.);
#3051=ADVANCED_FACE('',(#323),#157,.T.);
#3052=ADVANCED_FACE('',(#324),#158,.T.);
#3053=ADVANCED_FACE('',(#325),#159,.T.);
#3054=ADVANCED_FACE('',(#326),#160,.T.);
#3055=ADVANCED_FACE('',(#327),#2900,.F.);
#3056=ADVANCED_FACE('',(#328),#161,.T.);
#3057=ADVANCED_FACE('',(#329),#162,.T.);
#3058=ADVANCED_FACE('',(#330),#163,.T.);
#3059=ADVANCED_FACE('',(#331),#164,.T.);
#3060=ADVANCED_FACE('',(#332),#2901,.F.);
#3061=ADVANCED_FACE('',(#333),#165,.T.);
#3062=ADVANCED_FACE('',(#334),#166,.T.);
#3063=ADVANCED_FACE('',(#335),#167,.T.);
#3064=ADVANCED_FACE('',(#336),#168,.T.);
#3065=ADVANCED_FACE('',(#337),#2902,.F.);
#3066=ADVANCED_FACE('',(#338),#169,.T.);
#3067=ADVANCED_FACE('',(#339),#170,.T.);
#3068=ADVANCED_FACE('',(#340),#171,.T.);
#3069=ADVANCED_FACE('',(#341),#172,.T.);
#3070=ADVANCED_FACE('',(#342),#2903,.F.);
#3071=ADVANCED_FACE('',(#343),#173,.T.);
#3072=ADVANCED_FACE('',(#344),#174,.T.);
#3073=ADVANCED_FACE('',(#345),#175,.T.);
#3074=ADVANCED_FACE('',(#346),#176,.T.);
#3075=ADVANCED_FACE('',(#347),#47,.F.);
#3076=ADVANCED_FACE('',(#348),#2904,.T.);
#3077=ADVANCED_FACE('',(#349),#48,.F.);
#3078=ADVANCED_FACE('',(#350),#2905,.T.);
#3079=ADVANCED_FACE('',(#351,#15),#177,.F.);
#3080=ADVANCED_FACE('',(#352,#16,#17,#18,#19,#20,#21,#22,#23,#24,#25,#26,
#27,#28,#29,#30,#31,#32,#33,#34,#35,#36,#37,#38,#39,#40,#41,#42,#43),#2906,
 .F.);
#3081=ADVANCED_FACE('',(#353,#44),#178,.F.);
#3082=ADVANCED_FACE('',(#354),#2907,.F.);
#3083=ADVANCED_FACE('',(#355),#2908,.T.);
#3084=ADVANCED_FACE('',(#356,#45),#179,.T.);
#3085=ADVANCED_FACE('',(#357,#46),#180,.F.);
#3086=CLOSED_SHELL('',(#2909,#2910,#2911,#2912,#2913,#2914,#2915,#2916,
#2917,#2918,#2919,#2920,#2921,#2922,#2923,#2924,#2925,#2926,#2927,#2928,
#2929,#2930,#2931,#2932,#2933,#2934,#2935,#2936,#2937,#2938,#2939,#2940,
#2941,#2942,#2943,#2944,#2945,#2946,#2947,#2948,#2949,#2950,#2951,#2952,
#2953,#2954,#2955,#2956,#2957,#2958,#2959,#2960,#2961,#2962,#2963,#2964,
#2965,#2966,#2967,#2968,#2969,#2970,#2971,#2972,#2973,#2974,#2975,#2976,
#2977,#2978,#2979,#2980,#2981,#2982,#2983,#2984,#2985,#2986,#2987,#2988,
#2989,#2990,#2991,#2992,#2993,#2994,#2995,#2996,#2997,#2998,#2999,#3000,
#3001,#3002,#3003,#3004,#3005,#3006,#3007,#3008,#3009,#3010,#3011,#3012,
#3013,#3014,#3015,#3016,#3017,#3018,#3019,#3020,#3021,#3022,#3023,#3024,
#3025,#3026,#3027,#3028,#3029,#3030,#3031,#3032,#3033,#3034,#3035,#3036,
#3037,#3038,#3039,#3040,#3041,#3042,#3043,#3044,#3045,#3046,#3047,#3048,
#3049,#3050,#3051,#3052,#3053,#3054,#3055,#3056,#3057,#3058,#3059,#3060,
#3061,#3062,#3063,#3064,#3065,#3066,#3067,#3068,#3069,#3070,#3071,#3072,
#3073,#3074,#3075,#3076,#3077,#3078,#3079,#3080,#3081,#3082,#3083,#3084,
#3085));
#3087=DERIVED_UNIT_ELEMENT(#3089,1.);
#3088=DERIVED_UNIT_ELEMENT(#5996,-3.);
#3089=(
MASS_UNIT()
NAMED_UNIT(*)
SI_UNIT(.KILO.,.GRAM.)
);
#3090=DERIVED_UNIT((#3087,#3088));
#3091=MEASURE_REPRESENTATION_ITEM('density measure',
POSITIVE_RATIO_MEASURE(7850.),#3090);
#3092=PROPERTY_DEFINITION_REPRESENTATION(#3097,#3094);
#3093=PROPERTY_DEFINITION_REPRESENTATION(#3098,#3095);
#3094=REPRESENTATION('material name',(#3096),#5993);
#3095=REPRESENTATION('density',(#3091),#5993);
#3096=DESCRIPTIVE_REPRESENTATION_ITEM('Steel','Steel');
#3097=PROPERTY_DEFINITION('material property','material name',#6003);
#3098=PROPERTY_DEFINITION('material property','density of part',#6003);
#3099=AXIS2_PLACEMENT_3D('',#4334,#3421,#3422);
#3100=AXIS2_PLACEMENT_3D('',#4335,#3423,#3424);
#3101=AXIS2_PLACEMENT_3D('',#4360,#3426,#3427);
#3102=AXIS2_PLACEMENT_3D('',#4377,#3428,#3429);
#3103=AXIS2_PLACEMENT_3D('',#4425,#3431,#3432);
#3104=AXIS2_PLACEMENT_3D('',#4473,#3434,#3435);
#3105=AXIS2_PLACEMENT_3D('',#4485,#3437,#3438);
#3106=AXIS2_PLACEMENT_3D('',#4490,#3439,#3440);
#3107=AXIS2_PLACEMENT_3D('',#4515,#3442,#3443);
#3108=AXIS2_PLACEMENT_3D('',#4539,#3445,#3446);
#3109=AXIS2_PLACEMENT_3D('',#4544,#3448,#3449);
#3110=AXIS2_PLACEMENT_3D('',#4547,#3451,#3452);
#3111=AXIS2_PLACEMENT_3D('',#4548,#3453,#3454);
#3112=AXIS2_PLACEMENT_3D('',#4554,#3458,#3459);
#3113=AXIS2_PLACEMENT_3D('',#4556,#3460,#3461);
#3114=AXIS2_PLACEMENT_3D('',#4558,#3463,#3464);
#3115=AXIS2_PLACEMENT_3D('',#4562,#3467,#3468);
#3116=AXIS2_PLACEMENT_3D('',#4563,#3469,#3470);
#3117=AXIS2_PLACEMENT_3D('',#4564,#3471,#3472);
#3118=AXIS2_PLACEMENT_3D('',#4569,#3474,#3475);
#3119=AXIS2_PLACEMENT_3D('',#4572,#3477,#3478);
#3120=AXIS2_PLACEMENT_3D('',#4573,#3479,#3480);
#3121=AXIS2_PLACEMENT_3D('',#4579,#3484,#3485);
#3122=AXIS2_PLACEMENT_3D('',#4581,#3486,#3487);
#3123=AXIS2_PLACEMENT_3D('',#4583,#3489,#3490);
#3124=AXIS2_PLACEMENT_3D('',#4587,#3493,#3494);
#3125=AXIS2_PLACEMENT_3D('',#4588,#3495,#3496);
#3126=AXIS2_PLACEMENT_3D('',#4589,#3497,#3498);
#3127=AXIS2_PLACEMENT_3D('',#4594,#3500,#3501);
#3128=AXIS2_PLACEMENT_3D('',#4597,#3503,#3504);
#3129=AXIS2_PLACEMENT_3D('',#4598,#3505,#3506);
#3130=AXIS2_PLACEMENT_3D('',#4604,#3510,#3511);
#3131=AXIS2_PLACEMENT_3D('',#4606,#3512,#3513);
#3132=AXIS2_PLACEMENT_3D('',#4608,#3515,#3516);
#3133=AXIS2_PLACEMENT_3D('',#4612,#3519,#3520);
#3134=AXIS2_PLACEMENT_3D('',#4613,#3521,#3522);
#3135=AXIS2_PLACEMENT_3D('',#4614,#3523,#3524);
#3136=AXIS2_PLACEMENT_3D('',#4619,#3526,#3527);
#3137=AXIS2_PLACEMENT_3D('',#4622,#3529,#3530);
#3138=AXIS2_PLACEMENT_3D('',#4623,#3531,#3532);
#3139=AXIS2_PLACEMENT_3D('',#4629,#3536,#3537);
#3140=AXIS2_PLACEMENT_3D('',#4631,#3538,#3539);
#3141=AXIS2_PLACEMENT_3D('',#4633,#3541,#3542);
#3142=AXIS2_PLACEMENT_3D('',#4637,#3545,#3546);
#3143=AXIS2_PLACEMENT_3D('',#4638,#3547,#3548);
#3144=AXIS2_PLACEMENT_3D('',#4639,#3549,#3550);
#3145=AXIS2_PLACEMENT_3D('',#4644,#3552,#3553);
#3146=AXIS2_PLACEMENT_3D('',#4647,#3555,#3556);
#3147=AXIS2_PLACEMENT_3D('',#4648,#3557,#3558);
#3148=AXIS2_PLACEMENT_3D('',#4654,#3562,#3563);
#3149=AXIS2_PLACEMENT_3D('',#4656,#3564,#3565);
#3150=AXIS2_PLACEMENT_3D('',#4658,#3566,#3567);
#3151=AXIS2_PLACEMENT_3D('',#4660,#3569,#3570);
#3152=AXIS2_PLACEMENT_3D('',#4664,#3573,#3574);
#3153=AXIS2_PLACEMENT_3D('',#4666,#3575,#3576);
#3154=AXIS2_PLACEMENT_3D('',#4667,#3577,#3578);
#3155=AXIS2_PLACEMENT_3D('',#4668,#3579,#3580);
#3156=AXIS2_PLACEMENT_3D('',#4673,#3582,#3583);
#3157=AXIS2_PLACEMENT_3D('',#4676,#3585,#3586);
#3158=AXIS2_PLACEMENT_3D('',#4677,#3587,#3588);
#3159=AXIS2_PLACEMENT_3D('',#4683,#3592,#3593);
#3160=AXIS2_PLACEMENT_3D('',#4685,#3594,#3595);
#3161=AXIS2_PLACEMENT_3D('',#4687,#3596,#3597);
#3162=AXIS2_PLACEMENT_3D('',#4689,#3599,#3600);
#3163=AXIS2_PLACEMENT_3D('',#4693,#3603,#3604);
#3164=AXIS2_PLACEMENT_3D('',#4695,#3605,#3606);
#3165=AXIS2_PLACEMENT_3D('',#4696,#3607,#3608);
#3166=AXIS2_PLACEMENT_3D('',#4697,#3609,#3610);
#3167=AXIS2_PLACEMENT_3D('',#4702,#3612,#3613);
#3168=AXIS2_PLACEMENT_3D('',#4705,#3615,#3616);
#3169=AXIS2_PLACEMENT_3D('',#4706,#3617,#3618);
#3170=AXIS2_PLACEMENT_3D('',#4712,#3622,#3623);
#3171=AXIS2_PLACEMENT_3D('',#4714,#3624,#3625);
#3172=AXIS2_PLACEMENT_3D('',#4716,#3626,#3627);
#3173=AXIS2_PLACEMENT_3D('',#4718,#3629,#3630);
#3174=AXIS2_PLACEMENT_3D('',#4722,#3633,#3634);
#3175=AXIS2_PLACEMENT_3D('',#4724,#3635,#3636);
#3176=AXIS2_PLACEMENT_3D('',#4725,#3637,#3638);
#3177=AXIS2_PLACEMENT_3D('',#4726,#3639,#3640);
#3178=AXIS2_PLACEMENT_3D('',#4731,#3642,#3643);
#3179=AXIS2_PLACEMENT_3D('',#4734,#3645,#3646);
#3180=AXIS2_PLACEMENT_3D('',#4735,#3647,#3648);
#3181=AXIS2_PLACEMENT_3D('',#4741,#3652,#3653);
#3182=AXIS2_PLACEMENT_3D('',#4743,#3654,#3655);
#3183=AXIS2_PLACEMENT_3D('',#4745,#3656,#3657);
#3184=AXIS2_PLACEMENT_3D('',#4747,#3659,#3660);
#3185=AXIS2_PLACEMENT_3D('',#4751,#3663,#3664);
#3186=AXIS2_PLACEMENT_3D('',#4753,#3665,#3666);
#3187=AXIS2_PLACEMENT_3D('',#4754,#3667,#3668);
#3188=AXIS2_PLACEMENT_3D('',#4755,#3669,#3670);
#3189=AXIS2_PLACEMENT_3D('',#4760,#3672,#3673);
#3190=AXIS2_PLACEMENT_3D('',#4763,#3675,#3676);
#3191=AXIS2_PLACEMENT_3D('',#4764,#3677,#3678);
#3192=AXIS2_PLACEMENT_3D('',#4770,#3682,#3683);
#3193=AXIS2_PLACEMENT_3D('',#4772,#3684,#3685);
#3194=AXIS2_PLACEMENT_3D('',#4774,#3687,#3688);
#3195=AXIS2_PLACEMENT_3D('',#4778,#3691,#3692);
#3196=AXIS2_PLACEMENT_3D('',#4779,#3693,#3694);
#3197=AXIS2_PLACEMENT_3D('',#4780,#3695,#3696);
#3198=AXIS2_PLACEMENT_3D('',#4785,#3698,#3699);
#3199=AXIS2_PLACEMENT_3D('',#4788,#3701,#3702);
#3200=AXIS2_PLACEMENT_3D('',#4789,#3703,#3704);
#3201=AXIS2_PLACEMENT_3D('',#4795,#3708,#3709);
#3202=AXIS2_PLACEMENT_3D('',#4797,#3710,#3711);
#3203=AXIS2_PLACEMENT_3D('',#4799,#3713,#3714);
#3204=AXIS2_PLACEMENT_3D('',#4803,#3717,#3718);
#3205=AXIS2_PLACEMENT_3D('',#4804,#3719,#3720);
#3206=AXIS2_PLACEMENT_3D('',#4805,#3721,#3722);
#3207=AXIS2_PLACEMENT_3D('',#4810,#3724,#3725);
#3208=AXIS2_PLACEMENT_3D('',#4813,#3727,#3728);
#3209=AXIS2_PLACEMENT_3D('',#4814,#3729,#3730);
#3210=AXIS2_PLACEMENT_3D('',#4820,#3734,#3735);
#3211=AXIS2_PLACEMENT_3D('',#4822,#3736,#3737);
#3212=AXIS2_PLACEMENT_3D('',#4824,#3739,#3740);
#3213=AXIS2_PLACEMENT_3D('',#4828,#3743,#3744);
#3214=AXIS2_PLACEMENT_3D('',#4829,#3745,#3746);
#3215=AXIS2_PLACEMENT_3D('',#4830,#3747,#3748);
#3216=AXIS2_PLACEMENT_3D('',#4835,#3750,#3751);
#3217=AXIS2_PLACEMENT_3D('',#4838,#3753,#3754);
#3218=AXIS2_PLACEMENT_3D('',#4839,#3755,#3756);
#3219=AXIS2_PLACEMENT_3D('',#4845,#3760,#3761);
#3220=AXIS2_PLACEMENT_3D('',#4847,#3762,#3763);
#3221=AXIS2_PLACEMENT_3D('',#4849,#3765,#3766);
#3222=AXIS2_PLACEMENT_3D('',#4853,#3769,#3770);
#3223=AXIS2_PLACEMENT_3D('',#4854,#3771,#3772);
#3224=AXIS2_PLACEMENT_3D('',#4855,#3773,#3774);
#3225=AXIS2_PLACEMENT_3D('',#4860,#3776,#3777);
#3226=AXIS2_PLACEMENT_3D('',#4863,#3779,#3780);
#3227=AXIS2_PLACEMENT_3D('',#4864,#3781,#3782);
#3228=AXIS2_PLACEMENT_3D('',#4870,#3786,#3787);
#3229=AXIS2_PLACEMENT_3D('',#4872,#3788,#3789);
#3230=AXIS2_PLACEMENT_3D('',#4874,#3791,#3792);
#3231=AXIS2_PLACEMENT_3D('',#4878,#3795,#3796);
#3232=AXIS2_PLACEMENT_3D('',#4879,#3797,#3798);
#3233=AXIS2_PLACEMENT_3D('',#4880,#3799,#3800);
#3234=AXIS2_PLACEMENT_3D('',#4885,#3802,#3803);
#3235=AXIS2_PLACEMENT_3D('',#4888,#3805,#3806);
#3236=AXIS2_PLACEMENT_3D('',#4889,#3807,#3808);
#3237=AXIS2_PLACEMENT_3D('',#4895,#3812,#3813);
#3238=AXIS2_PLACEMENT_3D('',#4897,#3814,#3815);
#3239=AXIS2_PLACEMENT_3D('',#4899,#3817,#3818);
#3240=AXIS2_PLACEMENT_3D('',#4903,#3821,#3822);
#3241=AXIS2_PLACEMENT_3D('',#4904,#3823,#3824);
#3242=AXIS2_PLACEMENT_3D('',#4905,#3825,#3826);
#3243=AXIS2_PLACEMENT_3D('',#4910,#3828,#3829);
#3244=AXIS2_PLACEMENT_3D('',#4913,#3831,#3832);
#3245=AXIS2_PLACEMENT_3D('',#4914,#3833,#3834);
#3246=AXIS2_PLACEMENT_3D('',#4920,#3838,#3839);
#3247=AXIS2_PLACEMENT_3D('',#4922,#3840,#3841);
#3248=AXIS2_PLACEMENT_3D('',#4924,#3843,#3844);
#3249=AXIS2_PLACEMENT_3D('',#4928,#3847,#3848);
#3250=AXIS2_PLACEMENT_3D('',#4929,#3849,#3850);
#3251=AXIS2_PLACEMENT_3D('',#4930,#3851,#3852);
#3252=AXIS2_PLACEMENT_3D('',#4935,#3854,#3855);
#3253=AXIS2_PLACEMENT_3D('',#4938,#3857,#3858);
#3254=AXIS2_PLACEMENT_3D('',#4939,#3859,#3860);
#3255=AXIS2_PLACEMENT_3D('',#4945,#3864,#3865);
#3256=AXIS2_PLACEMENT_3D('',#4947,#3866,#3867);
#3257=AXIS2_PLACEMENT_3D('',#4949,#3869,#3870);
#3258=AXIS2_PLACEMENT_3D('',#4953,#3873,#3874);
#3259=AXIS2_PLACEMENT_3D('',#4954,#3875,#3876);
#3260=AXIS2_PLACEMENT_3D('',#4955,#3877,#3878);
#3261=AXIS2_PLACEMENT_3D('',#4960,#3880,#3881);
#3262=AXIS2_PLACEMENT_3D('',#4963,#3883,#3884);
#3263=AXIS2_PLACEMENT_3D('',#4964,#3885,#3886);
#3264=AXIS2_PLACEMENT_3D('',#4970,#3890,#3891);
#3265=AXIS2_PLACEMENT_3D('',#4972,#3892,#3893);
#3266=AXIS2_PLACEMENT_3D('',#4974,#3895,#3896);
#3267=AXIS2_PLACEMENT_3D('',#4978,#3899,#3900);
#3268=AXIS2_PLACEMENT_3D('',#4979,#3901,#3902);
#3269=AXIS2_PLACEMENT_3D('',#4980,#3903,#3904);
#3270=AXIS2_PLACEMENT_3D('',#4985,#3906,#3907);
#3271=AXIS2_PLACEMENT_3D('',#4988,#3909,#3910);
#3272=AXIS2_PLACEMENT_3D('',#4989,#3911,#3912);
#3273=AXIS2_PLACEMENT_3D('',#4995,#3916,#3917);
#3274=AXIS2_PLACEMENT_3D('',#4997,#3918,#3919);
#3275=AXIS2_PLACEMENT_3D('',#4999,#3921,#3922);
#3276=AXIS2_PLACEMENT_3D('',#5003,#3925,#3926);
#3277=AXIS2_PLACEMENT_3D('',#5004,#3927,#3928);
#3278=AXIS2_PLACEMENT_3D('',#5005,#3929,#3930);
#3279=AXIS2_PLACEMENT_3D('',#5010,#3932,#3933);
#3280=AXIS2_PLACEMENT_3D('',#5013,#3935,#3936);
#3281=AXIS2_PLACEMENT_3D('',#5014,#3937,#3938);
#3282=AXIS2_PLACEMENT_3D('',#5020,#3942,#3943);
#3283=AXIS2_PLACEMENT_3D('',#5022,#3944,#3945);
#3284=AXIS2_PLACEMENT_3D('',#5024,#3947,#3948);
#3285=AXIS2_PLACEMENT_3D('',#5028,#3951,#3952);
#3286=AXIS2_PLACEMENT_3D('',#5029,#3953,#3954);
#3287=AXIS2_PLACEMENT_3D('',#5030,#3955,#3956);
#3288=AXIS2_PLACEMENT_3D('',#5035,#3958,#3959);
#3289=AXIS2_PLACEMENT_3D('',#5038,#3961,#3962);
#3290=AXIS2_PLACEMENT_3D('',#5039,#3963,#3964);
#3291=AXIS2_PLACEMENT_3D('',#5045,#3968,#3969);
#3292=AXIS2_PLACEMENT_3D('',#5047,#3970,#3971);
#3293=AXIS2_PLACEMENT_3D('',#5049,#3973,#3974);
#3294=AXIS2_PLACEMENT_3D('',#5053,#3977,#3978);
#3295=AXIS2_PLACEMENT_3D('',#5054,#3979,#3980);
#3296=AXIS2_PLACEMENT_3D('',#5055,#3981,#3982);
#3297=AXIS2_PLACEMENT_3D('',#5060,#3984,#3985);
#3298=AXIS2_PLACEMENT_3D('',#5063,#3987,#3988);
#3299=AXIS2_PLACEMENT_3D('',#5064,#3989,#3990);
#3300=AXIS2_PLACEMENT_3D('',#5070,#3994,#3995);
#3301=AXIS2_PLACEMENT_3D('',#5072,#3996,#3997);
#3302=AXIS2_PLACEMENT_3D('',#5074,#3999,#4000);
#3303=AXIS2_PLACEMENT_3D('',#5078,#4003,#4004);
#3304=AXIS2_PLACEMENT_3D('',#5079,#4005,#4006);
#3305=AXIS2_PLACEMENT_3D('',#5080,#4007,#4008);
#3306=AXIS2_PLACEMENT_3D('',#5085,#4010,#4011);
#3307=AXIS2_PLACEMENT_3D('',#5088,#4013,#4014);
#3308=AXIS2_PLACEMENT_3D('',#5089,#4015,#4016);
#3309=AXIS2_PLACEMENT_3D('',#5095,#4020,#4021);
#3310=AXIS2_PLACEMENT_3D('',#5097,#4022,#4023);
#3311=AXIS2_PLACEMENT_3D('',#5099,#4025,#4026);
#3312=AXIS2_PLACEMENT_3D('',#5103,#4029,#4030);
#3313=AXIS2_PLACEMENT_3D('',#5104,#4031,#4032);
#3314=AXIS2_PLACEMENT_3D('',#5105,#4033,#4034);
#3315=AXIS2_PLACEMENT_3D('',#5110,#4036,#4037);
#3316=AXIS2_PLACEMENT_3D('',#5113,#4039,#4040);
#3317=AXIS2_PLACEMENT_3D('',#5114,#4041,#4042);
#3318=AXIS2_PLACEMENT_3D('',#5120,#4046,#4047);
#3319=AXIS2_PLACEMENT_3D('',#5122,#4048,#4049);
#3320=AXIS2_PLACEMENT_3D('',#5124,#4051,#4052);
#3321=AXIS2_PLACEMENT_3D('',#5128,#4055,#4056);
#3322=AXIS2_PLACEMENT_3D('',#5129,#4057,#4058);
#3323=AXIS2_PLACEMENT_3D('',#5130,#4059,#4060);
#3324=AXIS2_PLACEMENT_3D('',#5135,#4062,#4063);
#3325=AXIS2_PLACEMENT_3D('',#5138,#4065,#4066);
#3326=AXIS2_PLACEMENT_3D('',#5139,#4067,#4068);
#3327=AXIS2_PLACEMENT_3D('',#5145,#4072,#4073);
#3328=AXIS2_PLACEMENT_3D('',#5147,#4074,#4075);
#3329=AXIS2_PLACEMENT_3D('',#5149,#4077,#4078);
#3330=AXIS2_PLACEMENT_3D('',#5153,#4081,#4082);
#3331=AXIS2_PLACEMENT_3D('',#5154,#4083,#4084);
#3332=AXIS2_PLACEMENT_3D('',#5155,#4085,#4086);
#3333=AXIS2_PLACEMENT_3D('',#5160,#4088,#4089);
#3334=AXIS2_PLACEMENT_3D('',#5163,#4091,#4092);
#3335=AXIS2_PLACEMENT_3D('',#5164,#4093,#4094);
#3336=AXIS2_PLACEMENT_3D('',#5170,#4098,#4099);
#3337=AXIS2_PLACEMENT_3D('',#5172,#4100,#4101);
#3338=AXIS2_PLACEMENT_3D('',#5174,#4103,#4104);
#3339=AXIS2_PLACEMENT_3D('',#5178,#4107,#4108);
#3340=AXIS2_PLACEMENT_3D('',#5179,#4109,#4110);
#3341=AXIS2_PLACEMENT_3D('',#5180,#4111,#4112);
#3342=AXIS2_PLACEMENT_3D('',#5185,#4114,#4115);
#3343=AXIS2_PLACEMENT_3D('',#5188,#4117,#4118);
#3344=AXIS2_PLACEMENT_3D('',#5189,#4119,#4120);
#3345=AXIS2_PLACEMENT_3D('',#5195,#4124,#4125);
#3346=AXIS2_PLACEMENT_3D('',#5197,#4126,#4127);
#3347=AXIS2_PLACEMENT_3D('',#5199,#4129,#4130);
#3348=AXIS2_PLACEMENT_3D('',#5203,#4133,#4134);
#3349=AXIS2_PLACEMENT_3D('',#5204,#4135,#4136);
#3350=AXIS2_PLACEMENT_3D('',#5205,#4137,#4138);
#3351=AXIS2_PLACEMENT_3D('',#5210,#4140,#4141);
#3352=AXIS2_PLACEMENT_3D('',#5213,#4143,#4144);
#3353=AXIS2_PLACEMENT_3D('',#5214,#4145,#4146);
#3354=AXIS2_PLACEMENT_3D('',#5220,#4150,#4151);
#3355=AXIS2_PLACEMENT_3D('',#5222,#4152,#4153);
#3356=AXIS2_PLACEMENT_3D('',#5224,#4155,#4156);
#3357=AXIS2_PLACEMENT_3D('',#5228,#4159,#4160);
#3358=AXIS2_PLACEMENT_3D('',#5229,#4161,#4162);
#3359=AXIS2_PLACEMENT_3D('',#5230,#4163,#4164);
#3360=AXIS2_PLACEMENT_3D('',#5235,#4166,#4167);
#3361=AXIS2_PLACEMENT_3D('',#5238,#4169,#4170);
#3362=AXIS2_PLACEMENT_3D('',#5239,#4171,#4172);
#3363=AXIS2_PLACEMENT_3D('',#5245,#4176,#4177);
#3364=AXIS2_PLACEMENT_3D('',#5247,#4178,#4179);
#3365=AXIS2_PLACEMENT_3D('',#5249,#4181,#4182);
#3366=AXIS2_PLACEMENT_3D('',#5253,#4185,#4186);
#3367=AXIS2_PLACEMENT_3D('',#5254,#4187,#4188);
#3368=AXIS2_PLACEMENT_3D('',#5255,#4189,#4190);
#3369=AXIS2_PLACEMENT_3D('',#5260,#4192,#4193);
#3370=AXIS2_PLACEMENT_3D('',#5263,#4195,#4196);
#3371=AXIS2_PLACEMENT_3D('',#5264,#4197,#4198);
#3372=AXIS2_PLACEMENT_3D('',#5270,#4202,#4203);
#3373=AXIS2_PLACEMENT_3D('',#5272,#4204,#4205);
#3374=AXIS2_PLACEMENT_3D('',#5274,#4207,#4208);
#3375=AXIS2_PLACEMENT_3D('',#5278,#4211,#4212);
#3376=AXIS2_PLACEMENT_3D('',#5279,#4213,#4214);
#3377=AXIS2_PLACEMENT_3D('',#5280,#4215,#4216);
#3378=AXIS2_PLACEMENT_3D('',#5285,#4218,#4219);
#3379=AXIS2_PLACEMENT_3D('',#5288,#4221,#4222);
#3380=AXIS2_PLACEMENT_3D('',#5289,#4223,#4224);
#3381=AXIS2_PLACEMENT_3D('',#5295,#4228,#4229);
#3382=AXIS2_PLACEMENT_3D('',#5297,#4230,#4231);
#3383=AXIS2_PLACEMENT_3D('',#5299,#4233,#4234);
#3384=AXIS2_PLACEMENT_3D('',#5303,#4237,#4238);
#3385=AXIS2_PLACEMENT_3D('',#5304,#4239,#4240);
#3386=AXIS2_PLACEMENT_3D('',#5305,#4241,#4242);
#3387=AXIS2_PLACEMENT_3D('',#5310,#4244,#4245);
#3388=AXIS2_PLACEMENT_3D('',#5313,#4247,#4248);
#3389=AXIS2_PLACEMENT_3D('',#5314,#4249,#4250);
#3390=AXIS2_PLACEMENT_3D('',#5320,#4254,#4255);
#3391=AXIS2_PLACEMENT_3D('',#5322,#4256,#4257);
#3392=AXIS2_PLACEMENT_3D('',#5324,#4259,#4260);
#3393=AXIS2_PLACEMENT_3D('',#5328,#4263,#4264);
#3394=AXIS2_PLACEMENT_3D('',#5329,#4265,#4266);
#3395=AXIS2_PLACEMENT_3D('',#5330,#4267,#4268);
#3396=AXIS2_PLACEMENT_3D('',#5335,#4270,#4271);
#3397=AXIS2_PLACEMENT_3D('',#5338,#4273,#4274);
#3398=AXIS2_PLACEMENT_3D('',#5339,#4275,#4276);
#3399=AXIS2_PLACEMENT_3D('',#5345,#4280,#4281);
#3400=AXIS2_PLACEMENT_3D('',#5347,#4282,#4283);
#3401=AXIS2_PLACEMENT_3D('',#5349,#4285,#4286);
#3402=AXIS2_PLACEMENT_3D('',#5353,#4289,#4290);
#3403=AXIS2_PLACEMENT_3D('',#5354,#4291,#4292);
#3404=AXIS2_PLACEMENT_3D('',#5654,#4293,#4294);
#3405=AXIS2_PLACEMENT_3D('',#5656,#4295,#4296);
#3406=AXIS2_PLACEMENT_3D('',#5963,#4297,#4298);
#3407=AXIS2_PLACEMENT_3D('',#5964,#4299,#4300);
#3408=AXIS2_PLACEMENT_3D('',#5965,#4301,#4302);
#3409=AXIS2_PLACEMENT_3D('',#5967,#4303,#4304);
#3410=AXIS2_PLACEMENT_3D('',#5968,#4305,#4306);
#3411=AXIS2_PLACEMENT_3D('',#5970,#4307,#4308);
#3412=AXIS2_PLACEMENT_3D('',#5977,#4314,#4315);
#3413=AXIS2_PLACEMENT_3D('',#5978,#4316,#4317);
#3414=AXIS2_PLACEMENT_3D('',#5980,#4318,#4319);
#3415=AXIS2_PLACEMENT_3D('',#5981,#4320,#4321);
#3416=AXIS2_PLACEMENT_3D('',#5984,#4323,#4324);
#3417=AXIS2_PLACEMENT_3D('',#5985,#4325,#4326);
#3418=AXIS2_PLACEMENT_3D('',#5987,#4327,#4328);
#3419=AXIS2_PLACEMENT_3D('',#5989,#4330,#4331);
#3420=AXIS2_PLACEMENT_3D('',#5990,#4332,#4333);
#3421=DIRECTION('axis',(0.,0.,1.));
#3422=DIRECTION('refdir',(1.,0.,0.));
#3423=DIRECTION('center_axis',(0.,1.,0.));
#3424=DIRECTION('ref_axis',(1.,0.,0.));
#3425=DIRECTION('',(0.,1.,0.));
#3426=DIRECTION('center_axis',(0.,1.,0.));
#3427=DIRECTION('ref_axis',(1.,0.,0.));
#3428=DIRECTION('center_axis',(0.,1.,0.));
#3429=DIRECTION('ref_axis',(1.,0.,0.));
#3430=DIRECTION('',(0.,1.,0.));
#3431=DIRECTION('center_axis',(0.,1.,0.));
#3432=DIRECTION('ref_axis',(1.,0.,0.));
#3433=DIRECTION('',(0.,1.,0.));
#3434=DIRECTION('center_axis',(0.,1.,0.));
#3435=DIRECTION('ref_axis',(-0.457801493046148,0.,0.889054437571017));
#3436=DIRECTION('',(0.,1.,0.));
#3437=DIRECTION('center_axis',(0.,1.,0.));
#3438=DIRECTION('ref_axis',(1.,0.,-4.55135353028007E-15));
#3439=DIRECTION('center_axis',(0.,1.,0.));
#3440=DIRECTION('ref_axis',(1.,0.,-4.55135353028007E-15));
#3441=DIRECTION('',(0.,1.,0.));
#3442=DIRECTION('center_axis',(0.,1.,0.));
#3443=DIRECTION('ref_axis',(1.,0.,-4.55135353028007E-15));
#3444=DIRECTION('',(0.,1.,0.));
#3445=DIRECTION('center_axis',(0.,-1.,0.));
#3446=DIRECTION('ref_axis',(-0.707106781186548,0.,0.707106781186547));
#3447=DIRECTION('',(0.,-1.,0.));
#3448=DIRECTION('center_axis',(0.,-1.,0.));
#3449=DIRECTION('ref_axis',(-0.794832495291786,0.,-0.606828892216111));
#3450=DIRECTION('',(0.,1.,0.));
#3451=DIRECTION('center_axis',(0.,1.,0.));
#3452=DIRECTION('ref_axis',(-0.606828892216111,0.,-0.794832495291786));
#3453=DIRECTION('center_axis',(-0.794832495291786,0.,0.606828892216111));
#3454=DIRECTION('ref_axis',(0.606828892216111,0.,0.794832495291786));
#3455=DIRECTION('',(0.606828892216111,0.,0.794832495291786));
#3456=DIRECTION('',(0.,-1.,0.));
#3457=DIRECTION('',(0.606828892216111,0.,0.794832495291786));
#3458=DIRECTION('center_axis',(0.,-1.,0.));
#3459=DIRECTION('ref_axis',(0.707106781186548,0.,-0.707106781186547));
#3460=DIRECTION('center_axis',(0.,-1.,0.));
#3461=DIRECTION('ref_axis',(0.,0.,1.));
#3462=DIRECTION('',(0.794832495291786,0.,0.606828892216111));
#3463=DIRECTION('center_axis',(0.606828892216111,0.,-0.794832495291786));
#3464=DIRECTION('ref_axis',(-0.794832495291786,0.,-0.606828892216111));
#3465=DIRECTION('',(0.,1.,0.));
#3466=DIRECTION('',(0.794832495291786,0.,0.606828892216111));
#3467=DIRECTION('center_axis',(0.,1.,0.));
#3468=DIRECTION('ref_axis',(-0.707106781186548,0.,0.707106781186547));
#3469=DIRECTION('center_axis',(0.,1.,0.));
#3470=DIRECTION('ref_axis',(0.,0.,1.));
#3471=DIRECTION('center_axis',(0.,-1.,0.));
#3472=DIRECTION('ref_axis',(-0.707106781186548,0.,0.707106781186547));
#3473=DIRECTION('',(0.,-1.,0.));
#3474=DIRECTION('center_axis',(0.,-1.,0.));
#3475=DIRECTION('ref_axis',(-0.794832495291786,0.,-0.606828892216111));
#3476=DIRECTION('',(0.,1.,0.));
#3477=DIRECTION('center_axis',(0.,1.,0.));
#3478=DIRECTION('ref_axis',(-0.606828892216111,0.,-0.794832495291786));
#3479=DIRECTION('center_axis',(-0.794832495291786,0.,0.606828892216111));
#3480=DIRECTION('ref_axis',(0.606828892216111,0.,0.794832495291786));
#3481=DIRECTION('',(0.606828892216111,0.,0.794832495291786));
#3482=DIRECTION('',(0.,-1.,0.));
#3483=DIRECTION('',(0.606828892216111,0.,0.794832495291786));
#3484=DIRECTION('center_axis',(0.,-1.,0.));
#3485=DIRECTION('ref_axis',(0.707106781186548,0.,-0.707106781186547));
#3486=DIRECTION('center_axis',(0.,-1.,0.));
#3487=DIRECTION('ref_axis',(0.,0.,1.));
#3488=DIRECTION('',(0.794832495291786,0.,0.606828892216111));
#3489=DIRECTION('center_axis',(0.606828892216111,0.,-0.794832495291786));
#3490=DIRECTION('ref_axis',(-0.794832495291786,0.,-0.606828892216111));
#3491=DIRECTION('',(0.,1.,0.));
#3492=DIRECTION('',(0.794832495291786,0.,0.606828892216111));
#3493=DIRECTION('center_axis',(0.,1.,0.));
#3494=DIRECTION('ref_axis',(-0.707106781186548,0.,0.707106781186547));
#3495=DIRECTION('center_axis',(0.,1.,0.));
#3496=DIRECTION('ref_axis',(0.,0.,1.));
#3497=DIRECTION('center_axis',(0.,-1.,0.));
#3498=DIRECTION('ref_axis',(-0.707106781186548,0.,0.707106781186547));
#3499=DIRECTION('',(0.,-1.,0.));
#3500=DIRECTION('center_axis',(0.,-1.,0.));
#3501=DIRECTION('ref_axis',(-0.794832495291786,0.,-0.606828892216111));
#3502=DIRECTION('',(0.,1.,0.));
#3503=DIRECTION('center_axis',(0.,1.,0.));
#3504=DIRECTION('ref_axis',(-0.606828892216111,0.,-0.794832495291786));
#3505=DIRECTION('center_axis',(-0.794832495291786,0.,0.606828892216111));
#3506=DIRECTION('ref_axis',(0.606828892216111,0.,0.794832495291786));
#3507=DIRECTION('',(0.606828892216111,0.,0.794832495291786));
#3508=DIRECTION('',(0.,-1.,0.));
#3509=DIRECTION('',(0.606828892216111,0.,0.794832495291786));
#3510=DIRECTION('center_axis',(0.,-1.,0.));
#3511=DIRECTION('ref_axis',(0.707106781186548,0.,-0.707106781186547));
#3512=DIRECTION('center_axis',(0.,-1.,0.));
#3513=DIRECTION('ref_axis',(0.,0.,1.));
#3514=DIRECTION('',(0.794832495291786,0.,0.606828892216111));
#3515=DIRECTION('center_axis',(0.606828892216111,0.,-0.794832495291786));
#3516=DIRECTION('ref_axis',(-0.794832495291786,0.,-0.606828892216111));
#3517=DIRECTION('',(0.,1.,0.));
#3518=DIRECTION('',(0.794832495291786,0.,0.606828892216111));
#3519=DIRECTION('center_axis',(0.,1.,0.));
#3520=DIRECTION('ref_axis',(-0.707106781186548,0.,0.707106781186547));
#3521=DIRECTION('center_axis',(0.,1.,0.));
#3522=DIRECTION('ref_axis',(0.,0.,1.));
#3523=DIRECTION('center_axis',(0.,-1.,0.));
#3524=DIRECTION('ref_axis',(-0.707106781186548,0.,0.707106781186547));
#3525=DIRECTION('',(0.,-1.,0.));
#3526=DIRECTION('center_axis',(0.,-1.,0.));
#3527=DIRECTION('ref_axis',(-0.794832495291786,0.,-0.606828892216111));
#3528=DIRECTION('',(0.,1.,0.));
#3529=DIRECTION('center_axis',(0.,1.,0.));
#3530=DIRECTION('ref_axis',(-0.606828892216111,0.,-0.794832495291786));
#3531=DIRECTION('center_axis',(-0.794832495291786,0.,0.606828892216111));
#3532=DIRECTION('ref_axis',(0.606828892216111,0.,0.794832495291786));
#3533=DIRECTION('',(0.606828892216111,0.,0.794832495291786));
#3534=DIRECTION('',(0.,-1.,0.));
#3535=DIRECTION('',(0.606828892216111,0.,0.794832495291786));
#3536=DIRECTION('center_axis',(0.,-1.,0.));
#3537=DIRECTION('ref_axis',(0.707106781186548,0.,-0.707106781186547));
#3538=DIRECTION('center_axis',(0.,-1.,0.));
#3539=DIRECTION('ref_axis',(0.,0.,1.));
#3540=DIRECTION('',(0.794832495291786,0.,0.606828892216111));
#3541=DIRECTION('center_axis',(0.606828892216111,0.,-0.794832495291786));
#3542=DIRECTION('ref_axis',(-0.794832495291786,0.,-0.606828892216111));
#3543=DIRECTION('',(0.,1.,0.));
#3544=DIRECTION('',(0.794832495291786,0.,0.606828892216111));
#3545=DIRECTION('center_axis',(0.,1.,0.));
#3546=DIRECTION('ref_axis',(-0.707106781186548,0.,0.707106781186547));
#3547=DIRECTION('center_axis',(0.,1.,0.));
#3548=DIRECTION('ref_axis',(0.,0.,1.));
#3549=DIRECTION('center_axis',(0.,-1.,0.));
#3550=DIRECTION('ref_axis',(-1.,0.,-1.83697019872103E-16));
#3551=DIRECTION('',(0.,-1.,0.));
#3552=DIRECTION('center_axis',(0.,-1.,0.));
#3553=DIRECTION('ref_axis',(-0.132938622622314,0.,-0.991124272034179));
#3554=DIRECTION('',(0.,1.,0.));
#3555=DIRECTION('center_axis',(0.,1.,0.));
#3556=DIRECTION('ref_axis',(0.132938622622314,0.,-0.991124272034179));
#3557=DIRECTION('center_axis',(-0.991124272034179,0.,-0.132938622622314));
#3558=DIRECTION('ref_axis',(-0.132938622622314,0.,0.991124272034179));
#3559=DIRECTION('',(-0.132938622622314,0.,0.991124272034179));
#3560=DIRECTION('',(0.,-1.,0.));
#3561=DIRECTION('',(-0.132938622622314,0.,0.991124272034179));
#3562=DIRECTION('center_axis',(0.,-1.,0.));
#3563=DIRECTION('ref_axis',(1.,0.,1.83697019872103E-16));
#3564=DIRECTION('center_axis',(0.,-1.,0.));
#3565=DIRECTION('ref_axis',(0.,0.,1.));
#3566=DIRECTION('center_axis',(0.,-1.,0.));
#3567=DIRECTION('ref_axis',(0.,0.,1.));
#3568=DIRECTION('',(0.132938622622314,0.,0.991124272034179));
#3569=DIRECTION('center_axis',(0.991124272034179,0.,-0.132938622622314));
#3570=DIRECTION('ref_axis',(-0.132938622622314,0.,-0.991124272034179));
#3571=DIRECTION('',(0.,1.,0.));
#3572=DIRECTION('',(0.132938622622314,0.,0.991124272034179));
#3573=DIRECTION('center_axis',(0.,1.,0.));
#3574=DIRECTION('ref_axis',(-1.,0.,-1.83697019872103E-16));
#3575=DIRECTION('center_axis',(0.,1.,0.));
#3576=DIRECTION('ref_axis',(0.,0.,1.));
#3577=DIRECTION('center_axis',(0.,1.,0.));
#3578=DIRECTION('ref_axis',(0.,0.,1.));
#3579=DIRECTION('center_axis',(0.,-1.,0.));
#3580=DIRECTION('ref_axis',(-1.,0.,-1.83697019872103E-16));
#3581=DIRECTION('',(0.,-1.,0.));
#3582=DIRECTION('center_axis',(0.,-1.,0.));
#3583=DIRECTION('ref_axis',(-0.132938622622314,0.,-0.991124272034179));
#3584=DIRECTION('',(0.,1.,0.));
#3585=DIRECTION('center_axis',(0.,1.,0.));
#3586=DIRECTION('ref_axis',(0.132938622622314,0.,-0.991124272034179));
#3587=DIRECTION('center_axis',(-0.991124272034179,0.,-0.132938622622314));
#3588=DIRECTION('ref_axis',(-0.132938622622314,0.,0.991124272034179));
#3589=DIRECTION('',(-0.132938622622314,0.,0.991124272034179));
#3590=DIRECTION('',(0.,-1.,0.));
#3591=DIRECTION('',(-0.132938622622314,0.,0.991124272034179));
#3592=DIRECTION('center_axis',(0.,-1.,0.));
#3593=DIRECTION('ref_axis',(1.,0.,1.83697019872103E-16));
#3594=DIRECTION('center_axis',(0.,-1.,0.));
#3595=DIRECTION('ref_axis',(0.,0.,1.));
#3596=DIRECTION('center_axis',(0.,-1.,0.));
#3597=DIRECTION('ref_axis',(0.,0.,1.));
#3598=DIRECTION('',(0.132938622622314,0.,0.991124272034179));
#3599=DIRECTION('center_axis',(0.991124272034179,0.,-0.132938622622314));
#3600=DIRECTION('ref_axis',(-0.132938622622314,0.,-0.991124272034179));
#3601=DIRECTION('',(0.,1.,0.));
#3602=DIRECTION('',(0.132938622622314,0.,0.991124272034179));
#3603=DIRECTION('center_axis',(0.,1.,0.));
#3604=DIRECTION('ref_axis',(-1.,0.,-1.83697019872103E-16));
#3605=DIRECTION('center_axis',(0.,1.,0.));
#3606=DIRECTION('ref_axis',(0.,0.,1.));
#3607=DIRECTION('center_axis',(0.,1.,0.));
#3608=DIRECTION('ref_axis',(0.,0.,1.));
#3609=DIRECTION('center_axis',(0.,-1.,0.));
#3610=DIRECTION('ref_axis',(-1.,0.,-1.83697019872103E-16));
#3611=DIRECTION('',(0.,-1.,0.));
#3612=DIRECTION('center_axis',(0.,-1.,0.));
#3613=DIRECTION('ref_axis',(-0.132938622622314,0.,-0.991124272034179));
#3614=DIRECTION('',(0.,1.,0.));
#3615=DIRECTION('center_axis',(0.,1.,0.));
#3616=DIRECTION('ref_axis',(0.132938622622314,0.,-0.991124272034179));
#3617=DIRECTION('center_axis',(-0.991124272034179,0.,-0.132938622622314));
#3618=DIRECTION('ref_axis',(-0.132938622622314,0.,0.991124272034179));
#3619=DIRECTION('',(-0.132938622622314,0.,0.991124272034179));
#3620=DIRECTION('',(0.,-1.,0.));
#3621=DIRECTION('',(-0.132938622622314,0.,0.991124272034179));
#3622=DIRECTION('center_axis',(0.,-1.,0.));
#3623=DIRECTION('ref_axis',(1.,0.,1.83697019872103E-16));
#3624=DIRECTION('center_axis',(0.,-1.,0.));
#3625=DIRECTION('ref_axis',(0.,0.,1.));
#3626=DIRECTION('center_axis',(0.,-1.,0.));
#3627=DIRECTION('ref_axis',(0.,0.,1.));
#3628=DIRECTION('',(0.132938622622314,0.,0.991124272034179));
#3629=DIRECTION('center_axis',(0.991124272034179,0.,-0.132938622622314));
#3630=DIRECTION('ref_axis',(-0.132938622622314,0.,-0.991124272034179));
#3631=DIRECTION('',(0.,1.,0.));
#3632=DIRECTION('',(0.132938622622314,0.,0.991124272034179));
#3633=DIRECTION('center_axis',(0.,1.,0.));
#3634=DIRECTION('ref_axis',(-1.,0.,-1.83697019872103E-16));
#3635=DIRECTION('center_axis',(0.,1.,0.));
#3636=DIRECTION('ref_axis',(0.,0.,1.));
#3637=DIRECTION('center_axis',(0.,1.,0.));
#3638=DIRECTION('ref_axis',(0.,0.,1.));
#3639=DIRECTION('center_axis',(0.,-1.,0.));
#3640=DIRECTION('ref_axis',(-1.,0.,-1.83697019872103E-16));
#3641=DIRECTION('',(0.,-1.,0.));
#3642=DIRECTION('center_axis',(0.,-1.,0.));
#3643=DIRECTION('ref_axis',(-0.132938622622314,0.,-0.991124272034179));
#3644=DIRECTION('',(0.,1.,0.));
#3645=DIRECTION('center_axis',(0.,1.,0.));
#3646=DIRECTION('ref_axis',(0.132938622622314,0.,-0.991124272034179));
#3647=DIRECTION('center_axis',(-0.991124272034179,0.,-0.132938622622314));
#3648=DIRECTION('ref_axis',(-0.132938622622314,0.,0.991124272034179));
#3649=DIRECTION('',(-0.132938622622314,0.,0.991124272034179));
#3650=DIRECTION('',(0.,-1.,0.));
#3651=DIRECTION('',(-0.132938622622314,0.,0.991124272034179));
#3652=DIRECTION('center_axis',(0.,-1.,0.));
#3653=DIRECTION('ref_axis',(1.,0.,1.83697019872103E-16));
#3654=DIRECTION('center_axis',(0.,-1.,0.));
#3655=DIRECTION('ref_axis',(0.,0.,1.));
#3656=DIRECTION('center_axis',(0.,-1.,0.));
#3657=DIRECTION('ref_axis',(0.,0.,1.));
#3658=DIRECTION('',(0.132938622622314,0.,0.991124272034179));
#3659=DIRECTION('center_axis',(0.991124272034179,0.,-0.132938622622314));
#3660=DIRECTION('ref_axis',(-0.132938622622314,0.,-0.991124272034179));
#3661=DIRECTION('',(0.,1.,0.));
#3662=DIRECTION('',(0.132938622622314,0.,0.991124272034179));
#3663=DIRECTION('center_axis',(0.,1.,0.));
#3664=DIRECTION('ref_axis',(-1.,0.,-1.83697019872103E-16));
#3665=DIRECTION('center_axis',(0.,1.,0.));
#3666=DIRECTION('ref_axis',(0.,0.,1.));
#3667=DIRECTION('center_axis',(0.,1.,0.));
#3668=DIRECTION('ref_axis',(0.,0.,1.));
#3669=DIRECTION('center_axis',(0.,-1.,0.));
#3670=DIRECTION('ref_axis',(-0.707106781186547,0.,-0.707106781186548));
#3671=DIRECTION('',(0.,-1.,0.));
#3672=DIRECTION('center_axis',(0.,-1.,0.));
#3673=DIRECTION('ref_axis',(0.606828892216111,0.,-0.794832495291786));
#3674=DIRECTION('',(0.,1.,0.));
#3675=DIRECTION('center_axis',(0.,1.,0.));
#3676=DIRECTION('ref_axis',(0.794832495291786,0.,-0.606828892216111));
#3677=DIRECTION('center_axis',(-0.606828892216111,0.,-0.794832495291786));
#3678=DIRECTION('ref_axis',(-0.794832495291786,0.,0.606828892216111));
#3679=DIRECTION('',(-0.794832495291786,0.,0.606828892216111));
#3680=DIRECTION('',(0.,-1.,0.));
#3681=DIRECTION('',(-0.794832495291786,0.,0.606828892216111));
#3682=DIRECTION('center_axis',(0.,-1.,0.));
#3683=DIRECTION('ref_axis',(0.707106781186547,0.,0.707106781186548));
#3684=DIRECTION('center_axis',(0.,-1.,0.));
#3685=DIRECTION('ref_axis',(0.,0.,1.));
#3686=DIRECTION('',(-0.606828892216111,0.,0.794832495291786));
#3687=DIRECTION('center_axis',(0.794832495291786,0.,0.606828892216111));
#3688=DIRECTION('ref_axis',(0.606828892216111,0.,-0.794832495291786));
#3689=DIRECTION('',(0.,1.,0.));
#3690=DIRECTION('',(-0.606828892216111,0.,0.794832495291786));
#3691=DIRECTION('center_axis',(0.,1.,0.));
#3692=DIRECTION('ref_axis',(-0.707106781186547,0.,-0.707106781186548));
#3693=DIRECTION('center_axis',(0.,1.,0.));
#3694=DIRECTION('ref_axis',(0.,0.,1.));
#3695=DIRECTION('center_axis',(0.,-1.,0.));
#3696=DIRECTION('ref_axis',(-0.707106781186547,0.,-0.707106781186548));
#3697=DIRECTION('',(0.,-1.,0.));
#3698=DIRECTION('center_axis',(0.,-1.,0.));
#3699=DIRECTION('ref_axis',(0.606828892216111,0.,-0.794832495291786));
#3700=DIRECTION('',(0.,1.,0.));
#3701=DIRECTION('center_axis',(0.,1.,0.));
#3702=DIRECTION('ref_axis',(0.794832495291786,0.,-0.606828892216111));
#3703=DIRECTION('center_axis',(-0.606828892216111,0.,-0.794832495291786));
#3704=DIRECTION('ref_axis',(-0.794832495291786,0.,0.606828892216111));
#3705=DIRECTION('',(-0.794832495291786,0.,0.606828892216111));
#3706=DIRECTION('',(0.,-1.,0.));
#3707=DIRECTION('',(-0.794832495291786,0.,0.606828892216111));
#3708=DIRECTION('center_axis',(0.,-1.,0.));
#3709=DIRECTION('ref_axis',(0.707106781186547,0.,0.707106781186548));
#3710=DIRECTION('center_axis',(0.,-1.,0.));
#3711=DIRECTION('ref_axis',(0.,0.,1.));
#3712=DIRECTION('',(-0.606828892216111,0.,0.794832495291786));
#3713=DIRECTION('center_axis',(0.794832495291786,0.,0.606828892216111));
#3714=DIRECTION('ref_axis',(0.606828892216111,0.,-0.794832495291786));
#3715=DIRECTION('',(0.,1.,0.));
#3716=DIRECTION('',(-0.606828892216111,0.,0.794832495291786));
#3717=DIRECTION('center_axis',(0.,1.,0.));
#3718=DIRECTION('ref_axis',(-0.707106781186547,0.,-0.707106781186548));
#3719=DIRECTION('center_axis',(0.,1.,0.));
#3720=DIRECTION('ref_axis',(0.,0.,1.));
#3721=DIRECTION('center_axis',(0.,-1.,0.));
#3722=DIRECTION('ref_axis',(-0.707106781186547,0.,-0.707106781186548));
#3723=DIRECTION('',(0.,-1.,0.));
#3724=DIRECTION('center_axis',(0.,-1.,0.));
#3725=DIRECTION('ref_axis',(0.606828892216111,0.,-0.794832495291786));
#3726=DIRECTION('',(0.,1.,0.));
#3727=DIRECTION('center_axis',(0.,1.,0.));
#3728=DIRECTION('ref_axis',(0.794832495291786,0.,-0.606828892216111));
#3729=DIRECTION('center_axis',(-0.606828892216111,0.,-0.794832495291786));
#3730=DIRECTION('ref_axis',(-0.794832495291786,0.,0.606828892216111));
#3731=DIRECTION('',(-0.794832495291786,0.,0.606828892216111));
#3732=DIRECTION('',(0.,-1.,0.));
#3733=DIRECTION('',(-0.794832495291786,0.,0.606828892216111));
#3734=DIRECTION('center_axis',(0.,-1.,0.));
#3735=DIRECTION('ref_axis',(0.707106781186547,0.,0.707106781186548));
#3736=DIRECTION('center_axis',(0.,-1.,0.));
#3737=DIRECTION('ref_axis',(0.,0.,1.));
#3738=DIRECTION('',(-0.606828892216111,0.,0.794832495291786));
#3739=DIRECTION('center_axis',(0.794832495291786,0.,0.606828892216111));
#3740=DIRECTION('ref_axis',(0.606828892216111,0.,-0.794832495291786));
#3741=DIRECTION('',(0.,1.,0.));
#3742=DIRECTION('',(-0.606828892216111,0.,0.794832495291786));
#3743=DIRECTION('center_axis',(0.,1.,0.));
#3744=DIRECTION('ref_axis',(-0.707106781186547,0.,-0.707106781186548));
#3745=DIRECTION('center_axis',(0.,1.,0.));
#3746=DIRECTION('ref_axis',(0.,0.,1.));
#3747=DIRECTION('center_axis',(0.,-1.,0.));
#3748=DIRECTION('ref_axis',(-0.707106781186547,0.,-0.707106781186548));
#3749=DIRECTION('',(0.,-1.,0.));
#3750=DIRECTION('center_axis',(0.,-1.,0.));
#3751=DIRECTION('ref_axis',(0.606828892216111,0.,-0.794832495291786));
#3752=DIRECTION('',(0.,1.,0.));
#3753=DIRECTION('center_axis',(0.,1.,0.));
#3754=DIRECTION('ref_axis',(0.794832495291786,0.,-0.606828892216111));
#3755=DIRECTION('center_axis',(-0.606828892216111,0.,-0.794832495291786));
#3756=DIRECTION('ref_axis',(-0.794832495291786,0.,0.606828892216111));
#3757=DIRECTION('',(-0.794832495291786,0.,0.606828892216111));
#3758=DIRECTION('',(0.,-1.,0.));
#3759=DIRECTION('',(-0.794832495291786,0.,0.606828892216111));
#3760=DIRECTION('center_axis',(0.,-1.,0.));
#3761=DIRECTION('ref_axis',(0.707106781186547,0.,0.707106781186548));
#3762=DIRECTION('center_axis',(0.,-1.,0.));
#3763=DIRECTION('ref_axis',(0.,0.,1.));
#3764=DIRECTION('',(-0.606828892216111,0.,0.794832495291786));
#3765=DIRECTION('center_axis',(0.794832495291786,0.,0.606828892216111));
#3766=DIRECTION('ref_axis',(0.606828892216111,0.,-0.794832495291786));
#3767=DIRECTION('',(0.,1.,0.));
#3768=DIRECTION('',(-0.606828892216111,0.,0.794832495291786));
#3769=DIRECTION('center_axis',(0.,1.,0.));
#3770=DIRECTION('ref_axis',(-0.707106781186547,0.,-0.707106781186548));
#3771=DIRECTION('center_axis',(0.,1.,0.));
#3772=DIRECTION('ref_axis',(0.,0.,1.));
#3773=DIRECTION('center_axis',(0.,-1.,0.));
#3774=DIRECTION('ref_axis',(1.22464679914735E-16,0.,-1.));
#3775=DIRECTION('',(0.,-1.,0.));
#3776=DIRECTION('center_axis',(0.,-1.,0.));
#3777=DIRECTION('ref_axis',(0.991124272034179,0.,-0.132938622622314));
#3778=DIRECTION('',(0.,1.,0.));
#3779=DIRECTION('center_axis',(0.,1.,0.));
#3780=DIRECTION('ref_axis',(0.991124272034179,0.,0.132938622622314));
#3781=DIRECTION('center_axis',(0.132938622622314,0.,-0.991124272034179));
#3782=DIRECTION('ref_axis',(-0.991124272034179,0.,-0.132938622622314));
#3783=DIRECTION('',(-0.991124272034179,0.,-0.132938622622314));
#3784=DIRECTION('',(0.,-1.,0.));
#3785=DIRECTION('',(-0.991124272034179,0.,-0.132938622622314));
#3786=DIRECTION('center_axis',(0.,-1.,0.));
#3787=DIRECTION('ref_axis',(-1.22464679914735E-16,0.,1.));
#3788=DIRECTION('center_axis',(0.,-1.,0.));
#3789=DIRECTION('ref_axis',(0.,0.,1.));
#3790=DIRECTION('',(-0.991124272034179,0.,0.132938622622314));
#3791=DIRECTION('center_axis',(0.132938622622314,0.,0.991124272034179));
#3792=DIRECTION('ref_axis',(0.991124272034179,0.,-0.132938622622314));
#3793=DIRECTION('',(0.,1.,0.));
#3794=DIRECTION('',(-0.991124272034179,0.,0.132938622622314));
#3795=DIRECTION('center_axis',(0.,1.,0.));
#3796=DIRECTION('ref_axis',(1.22464679914735E-16,0.,-1.));
#3797=DIRECTION('center_axis',(0.,1.,0.));
#3798=DIRECTION('ref_axis',(0.,0.,1.));
#3799=DIRECTION('center_axis',(0.,-1.,0.));
#3800=DIRECTION('ref_axis',(1.22464679914735E-16,0.,-1.));
#3801=DIRECTION('',(0.,-1.,0.));
#3802=DIRECTION('center_axis',(0.,-1.,0.));
#3803=DIRECTION('ref_axis',(0.991124272034179,0.,-0.132938622622314));
#3804=DIRECTION('',(0.,1.,0.));
#3805=DIRECTION('center_axis',(0.,1.,0.));
#3806=DIRECTION('ref_axis',(0.991124272034179,0.,0.132938622622314));
#3807=DIRECTION('center_axis',(0.132938622622314,0.,-0.991124272034179));
#3808=DIRECTION('ref_axis',(-0.991124272034179,0.,-0.132938622622314));
#3809=DIRECTION('',(-0.991124272034179,0.,-0.132938622622314));
#3810=DIRECTION('',(0.,-1.,0.));
#3811=DIRECTION('',(-0.991124272034179,0.,-0.132938622622314));
#3812=DIRECTION('center_axis',(0.,-1.,0.));
#3813=DIRECTION('ref_axis',(-1.22464679914735E-16,0.,1.));
#3814=DIRECTION('center_axis',(0.,-1.,0.));
#3815=DIRECTION('ref_axis',(0.,0.,1.));
#3816=DIRECTION('',(-0.991124272034179,0.,0.132938622622314));
#3817=DIRECTION('center_axis',(0.132938622622314,0.,0.991124272034179));
#3818=DIRECTION('ref_axis',(0.991124272034179,0.,-0.132938622622314));
#3819=DIRECTION('',(0.,1.,0.));
#3820=DIRECTION('',(-0.991124272034179,0.,0.132938622622314));
#3821=DIRECTION('center_axis',(0.,1.,0.));
#3822=DIRECTION('ref_axis',(1.22464679914735E-16,0.,-1.));
#3823=DIRECTION('center_axis',(0.,1.,0.));
#3824=DIRECTION('ref_axis',(0.,0.,1.));
#3825=DIRECTION('center_axis',(0.,-1.,0.));
#3826=DIRECTION('ref_axis',(1.22464679914735E-16,0.,-1.));
#3827=DIRECTION('',(0.,-1.,0.));
#3828=DIRECTION('center_axis',(0.,-1.,0.));
#3829=DIRECTION('ref_axis',(0.991124272034179,0.,-0.132938622622314));
#3830=DIRECTION('',(0.,1.,0.));
#3831=DIRECTION('center_axis',(0.,1.,0.));
#3832=DIRECTION('ref_axis',(0.991124272034179,0.,0.132938622622314));
#3833=DIRECTION('center_axis',(0.132938622622314,0.,-0.991124272034179));
#3834=DIRECTION('ref_axis',(-0.991124272034179,0.,-0.132938622622314));
#3835=DIRECTION('',(-0.991124272034179,0.,-0.132938622622314));
#3836=DIRECTION('',(0.,-1.,0.));
#3837=DIRECTION('',(-0.991124272034179,0.,-0.132938622622314));
#3838=DIRECTION('center_axis',(0.,-1.,0.));
#3839=DIRECTION('ref_axis',(-1.22464679914735E-16,0.,1.));
#3840=DIRECTION('center_axis',(0.,-1.,0.));
#3841=DIRECTION('ref_axis',(0.,0.,1.));
#3842=DIRECTION('',(-0.991124272034179,0.,0.132938622622314));
#3843=DIRECTION('center_axis',(0.132938622622314,0.,0.991124272034179));
#3844=DIRECTION('ref_axis',(0.991124272034179,0.,-0.132938622622314));
#3845=DIRECTION('',(0.,1.,0.));
#3846=DIRECTION('',(-0.991124272034179,0.,0.132938622622314));
#3847=DIRECTION('center_axis',(0.,1.,0.));
#3848=DIRECTION('ref_axis',(1.22464679914735E-16,0.,-1.));
#3849=DIRECTION('center_axis',(0.,1.,0.));
#3850=DIRECTION('ref_axis',(0.,0.,1.));
#3851=DIRECTION('center_axis',(0.,-1.,0.));
#3852=DIRECTION('ref_axis',(1.22464679914735E-16,0.,-1.));
#3853=DIRECTION('',(0.,-1.,0.));
#3854=DIRECTION('center_axis',(0.,-1.,0.));
#3855=DIRECTION('ref_axis',(0.991124272034179,0.,-0.132938622622314));
#3856=DIRECTION('',(0.,1.,0.));
#3857=DIRECTION('center_axis',(0.,1.,0.));
#3858=DIRECTION('ref_axis',(0.991124272034179,0.,0.132938622622314));
#3859=DIRECTION('center_axis',(0.132938622622314,0.,-0.991124272034179));
#3860=DIRECTION('ref_axis',(-0.991124272034179,0.,-0.132938622622314));
#3861=DIRECTION('',(-0.991124272034179,0.,-0.132938622622314));
#3862=DIRECTION('',(0.,-1.,0.));
#3863=DIRECTION('',(-0.991124272034179,0.,-0.132938622622314));
#3864=DIRECTION('center_axis',(0.,-1.,0.));
#3865=DIRECTION('ref_axis',(-1.22464679914735E-16,0.,1.));
#3866=DIRECTION('center_axis',(0.,-1.,0.));
#3867=DIRECTION('ref_axis',(0.,0.,1.));
#3868=DIRECTION('',(-0.991124272034179,0.,0.132938622622314));
#3869=DIRECTION('center_axis',(0.132938622622314,0.,0.991124272034179));
#3870=DIRECTION('ref_axis',(0.991124272034179,0.,-0.132938622622314));
#3871=DIRECTION('',(0.,1.,0.));
#3872=DIRECTION('',(-0.991124272034179,0.,0.132938622622314));
#3873=DIRECTION('center_axis',(0.,1.,0.));
#3874=DIRECTION('ref_axis',(1.22464679914735E-16,0.,-1.));
#3875=DIRECTION('center_axis',(0.,1.,0.));
#3876=DIRECTION('ref_axis',(0.,0.,1.));
#3877=DIRECTION('center_axis',(0.,-1.,0.));
#3878=DIRECTION('ref_axis',(0.707106781186548,0.,-0.707106781186547));
#3879=DIRECTION('',(0.,-1.,0.));
#3880=DIRECTION('center_axis',(0.,-1.,0.));
#3881=DIRECTION('ref_axis',(0.794832495291786,0.,0.606828892216111));
#3882=DIRECTION('',(0.,1.,0.));
#3883=DIRECTION('center_axis',(0.,1.,0.));
#3884=DIRECTION('ref_axis',(0.606828892216111,0.,0.794832495291786));
#3885=DIRECTION('center_axis',(0.794832495291786,0.,-0.606828892216111));
#3886=DIRECTION('ref_axis',(-0.606828892216111,0.,-0.794832495291786));
#3887=DIRECTION('',(-0.606828892216111,0.,-0.794832495291786));
#3888=DIRECTION('',(0.,-1.,0.));
#3889=DIRECTION('',(-0.606828892216111,0.,-0.794832495291786));
#3890=DIRECTION('center_axis',(0.,-1.,0.));
#3891=DIRECTION('ref_axis',(-0.707106781186548,0.,0.707106781186547));
#3892=DIRECTION('center_axis',(0.,-1.,0.));
#3893=DIRECTION('ref_axis',(0.,0.,1.));
#3894=DIRECTION('',(-0.794832495291786,0.,-0.606828892216111));
#3895=DIRECTION('center_axis',(-0.606828892216111,0.,0.794832495291786));
#3896=DIRECTION('ref_axis',(0.794832495291786,0.,0.606828892216111));
#3897=DIRECTION('',(0.,1.,0.));
#3898=DIRECTION('',(-0.794832495291786,0.,-0.606828892216111));
#3899=DIRECTION('center_axis',(0.,1.,0.));
#3900=DIRECTION('ref_axis',(0.707106781186548,0.,-0.707106781186547));
#3901=DIRECTION('center_axis',(0.,1.,0.));
#3902=DIRECTION('ref_axis',(0.,0.,1.));
#3903=DIRECTION('center_axis',(0.,-1.,0.));
#3904=DIRECTION('ref_axis',(0.707106781186548,0.,-0.707106781186547));
#3905=DIRECTION('',(0.,-1.,0.));
#3906=DIRECTION('center_axis',(0.,-1.,0.));
#3907=DIRECTION('ref_axis',(0.794832495291786,0.,0.606828892216111));
#3908=DIRECTION('',(0.,1.,0.));
#3909=DIRECTION('center_axis',(0.,1.,0.));
#3910=DIRECTION('ref_axis',(0.606828892216111,0.,0.794832495291786));
#3911=DIRECTION('center_axis',(0.794832495291786,0.,-0.606828892216111));
#3912=DIRECTION('ref_axis',(-0.606828892216111,0.,-0.794832495291786));
#3913=DIRECTION('',(-0.606828892216111,0.,-0.794832495291786));
#3914=DIRECTION('',(0.,-1.,0.));
#3915=DIRECTION('',(-0.606828892216111,0.,-0.794832495291786));
#3916=DIRECTION('center_axis',(0.,-1.,0.));
#3917=DIRECTION('ref_axis',(-0.707106781186548,0.,0.707106781186547));
#3918=DIRECTION('center_axis',(0.,-1.,0.));
#3919=DIRECTION('ref_axis',(0.,0.,1.));
#3920=DIRECTION('',(-0.794832495291786,0.,-0.606828892216111));
#3921=DIRECTION('center_axis',(-0.606828892216111,0.,0.794832495291786));
#3922=DIRECTION('ref_axis',(0.794832495291786,0.,0.606828892216111));
#3923=DIRECTION('',(0.,1.,0.));
#3924=DIRECTION('',(-0.794832495291786,0.,-0.606828892216111));
#3925=DIRECTION('center_axis',(0.,1.,0.));
#3926=DIRECTION('ref_axis',(0.707106781186548,0.,-0.707106781186547));
#3927=DIRECTION('center_axis',(0.,1.,0.));
#3928=DIRECTION('ref_axis',(0.,0.,1.));
#3929=DIRECTION('center_axis',(0.,-1.,0.));
#3930=DIRECTION('ref_axis',(0.707106781186548,0.,-0.707106781186547));
#3931=DIRECTION('',(0.,-1.,0.));
#3932=DIRECTION('center_axis',(0.,-1.,0.));
#3933=DIRECTION('ref_axis',(0.794832495291786,0.,0.606828892216111));
#3934=DIRECTION('',(0.,1.,0.));
#3935=DIRECTION('center_axis',(0.,1.,0.));
#3936=DIRECTION('ref_axis',(0.606828892216111,0.,0.794832495291786));
#3937=DIRECTION('center_axis',(0.794832495291786,0.,-0.606828892216111));
#3938=DIRECTION('ref_axis',(-0.606828892216111,0.,-0.794832495291786));
#3939=DIRECTION('',(-0.606828892216111,0.,-0.794832495291786));
#3940=DIRECTION('',(0.,-1.,0.));
#3941=DIRECTION('',(-0.606828892216111,0.,-0.794832495291786));
#3942=DIRECTION('center_axis',(0.,-1.,0.));
#3943=DIRECTION('ref_axis',(-0.707106781186548,0.,0.707106781186547));
#3944=DIRECTION('center_axis',(0.,-1.,0.));
#3945=DIRECTION('ref_axis',(0.,0.,1.));
#3946=DIRECTION('',(-0.794832495291786,0.,-0.606828892216111));
#3947=DIRECTION('center_axis',(-0.606828892216111,0.,0.794832495291786));
#3948=DIRECTION('ref_axis',(0.794832495291786,0.,0.606828892216111));
#3949=DIRECTION('',(0.,1.,0.));
#3950=DIRECTION('',(-0.794832495291786,0.,-0.606828892216111));
#3951=DIRECTION('center_axis',(0.,1.,0.));
#3952=DIRECTION('ref_axis',(0.707106781186548,0.,-0.707106781186547));
#3953=DIRECTION('center_axis',(0.,1.,0.));
#3954=DIRECTION('ref_axis',(0.,0.,1.));
#3955=DIRECTION('center_axis',(0.,-1.,0.));
#3956=DIRECTION('ref_axis',(0.707106781186548,0.,-0.707106781186547));
#3957=DIRECTION('',(0.,-1.,0.));
#3958=DIRECTION('center_axis',(0.,-1.,0.));
#3959=DIRECTION('ref_axis',(0.794832495291786,0.,0.606828892216111));
#3960=DIRECTION('',(0.,1.,0.));
#3961=DIRECTION('center_axis',(0.,1.,0.));
#3962=DIRECTION('ref_axis',(0.606828892216111,0.,0.794832495291786));
#3963=DIRECTION('center_axis',(0.794832495291786,0.,-0.606828892216111));
#3964=DIRECTION('ref_axis',(-0.606828892216111,0.,-0.794832495291786));
#3965=DIRECTION('',(-0.606828892216111,0.,-0.794832495291786));
#3966=DIRECTION('',(0.,-1.,0.));
#3967=DIRECTION('',(-0.606828892216111,0.,-0.794832495291786));
#3968=DIRECTION('center_axis',(0.,-1.,0.));
#3969=DIRECTION('ref_axis',(-0.707106781186548,0.,0.707106781186547));
#3970=DIRECTION('center_axis',(0.,-1.,0.));
#3971=DIRECTION('ref_axis',(0.,0.,1.));
#3972=DIRECTION('',(-0.794832495291786,0.,-0.606828892216111));
#3973=DIRECTION('center_axis',(-0.606828892216111,0.,0.794832495291786));
#3974=DIRECTION('ref_axis',(0.794832495291786,0.,0.606828892216111));
#3975=DIRECTION('',(0.,1.,0.));
#3976=DIRECTION('',(-0.794832495291786,0.,-0.606828892216111));
#3977=DIRECTION('center_axis',(0.,1.,0.));
#3978=DIRECTION('ref_axis',(0.707106781186548,0.,-0.707106781186547));
#3979=DIRECTION('center_axis',(0.,1.,0.));
#3980=DIRECTION('ref_axis',(0.,0.,1.));
#3981=DIRECTION('center_axis',(0.,-1.,0.));
#3982=DIRECTION('ref_axis',(1.,0.,6.12323399573677E-17));
#3983=DIRECTION('',(0.,-1.,0.));
#3984=DIRECTION('center_axis',(0.,-1.,0.));
#3985=DIRECTION('ref_axis',(0.132938622622314,0.,0.991124272034179));
#3986=DIRECTION('',(0.,1.,0.));
#3987=DIRECTION('center_axis',(0.,1.,0.));
#3988=DIRECTION('ref_axis',(-0.132938622622314,0.,0.991124272034179));
#3989=DIRECTION('center_axis',(0.991124272034179,0.,0.132938622622314));
#3990=DIRECTION('ref_axis',(0.132938622622314,0.,-0.991124272034179));
#3991=DIRECTION('',(0.132938622622314,0.,-0.991124272034179));
#3992=DIRECTION('',(0.,-1.,0.));
#3993=DIRECTION('',(0.132938622622314,0.,-0.991124272034179));
#3994=DIRECTION('center_axis',(0.,-1.,0.));
#3995=DIRECTION('ref_axis',(-1.,0.,-6.12323399573677E-17));
#3996=DIRECTION('center_axis',(0.,-1.,0.));
#3997=DIRECTION('ref_axis',(0.,0.,1.));
#3998=DIRECTION('',(-0.132938622622314,0.,-0.991124272034179));
#3999=DIRECTION('center_axis',(-0.991124272034179,0.,0.132938622622314));
#4000=DIRECTION('ref_axis',(0.132938622622314,0.,0.991124272034179));
#4001=DIRECTION('',(0.,1.,0.));
#4002=DIRECTION('',(-0.132938622622314,0.,-0.991124272034179));
#4003=DIRECTION('center_axis',(0.,1.,0.));
#4004=DIRECTION('ref_axis',(1.,0.,6.12323399573677E-17));
#4005=DIRECTION('center_axis',(0.,1.,0.));
#4006=DIRECTION('ref_axis',(0.,0.,1.));
#4007=DIRECTION('center_axis',(0.,-1.,0.));
#4008=DIRECTION('ref_axis',(1.,0.,6.12323399573677E-17));
#4009=DIRECTION('',(0.,-1.,0.));
#4010=DIRECTION('center_axis',(0.,-1.,0.));
#4011=DIRECTION('ref_axis',(0.132938622622314,0.,0.991124272034179));
#4012=DIRECTION('',(0.,1.,0.));
#4013=DIRECTION('center_axis',(0.,1.,0.));
#4014=DIRECTION('ref_axis',(-0.132938622622314,0.,0.991124272034179));
#4015=DIRECTION('center_axis',(0.991124272034179,0.,0.132938622622314));
#4016=DIRECTION('ref_axis',(0.132938622622314,0.,-0.991124272034179));
#4017=DIRECTION('',(0.132938622622314,0.,-0.991124272034179));
#4018=DIRECTION('',(0.,-1.,0.));
#4019=DIRECTION('',(0.132938622622314,0.,-0.991124272034179));
#4020=DIRECTION('center_axis',(0.,-1.,0.));
#4021=DIRECTION('ref_axis',(-1.,0.,-6.12323399573677E-17));
#4022=DIRECTION('center_axis',(0.,-1.,0.));
#4023=DIRECTION('ref_axis',(0.,0.,1.));
#4024=DIRECTION('',(-0.132938622622314,0.,-0.991124272034179));
#4025=DIRECTION('center_axis',(-0.991124272034179,0.,0.132938622622314));
#4026=DIRECTION('ref_axis',(0.132938622622314,0.,0.991124272034179));
#4027=DIRECTION('',(0.,1.,0.));
#4028=DIRECTION('',(-0.132938622622314,0.,-0.991124272034179));
#4029=DIRECTION('center_axis',(0.,1.,0.));
#4030=DIRECTION('ref_axis',(1.,0.,6.12323399573677E-17));
#4031=DIRECTION('center_axis',(0.,1.,0.));
#4032=DIRECTION('ref_axis',(0.,0.,1.));
#4033=DIRECTION('center_axis',(0.,-1.,0.));
#4034=DIRECTION('ref_axis',(1.,0.,6.12323399573677E-17));
#4035=DIRECTION('',(0.,-1.,0.));
#4036=DIRECTION('center_axis',(0.,-1.,0.));
#4037=DIRECTION('ref_axis',(0.132938622622314,0.,0.991124272034179));
#4038=DIRECTION('',(0.,1.,0.));
#4039=DIRECTION('center_axis',(0.,1.,0.));
#4040=DIRECTION('ref_axis',(-0.132938622622314,0.,0.991124272034179));
#4041=DIRECTION('center_axis',(0.991124272034179,0.,0.132938622622314));
#4042=DIRECTION('ref_axis',(0.132938622622314,0.,-0.991124272034179));
#4043=DIRECTION('',(0.132938622622314,0.,-0.991124272034179));
#4044=DIRECTION('',(0.,-1.,0.));
#4045=DIRECTION('',(0.132938622622314,0.,-0.991124272034179));
#4046=DIRECTION('center_axis',(0.,-1.,0.));
#4047=DIRECTION('ref_axis',(-1.,0.,-6.12323399573677E-17));
#4048=DIRECTION('center_axis',(0.,-1.,0.));
#4049=DIRECTION('ref_axis',(0.,0.,1.));
#4050=DIRECTION('',(-0.132938622622314,0.,-0.991124272034179));
#4051=DIRECTION('center_axis',(-0.991124272034179,0.,0.132938622622314));
#4052=DIRECTION('ref_axis',(0.132938622622314,0.,0.991124272034179));
#4053=DIRECTION('',(0.,1.,0.));
#4054=DIRECTION('',(-0.132938622622314,0.,-0.991124272034179));
#4055=DIRECTION('center_axis',(0.,1.,0.));
#4056=DIRECTION('ref_axis',(1.,0.,6.12323399573677E-17));
#4057=DIRECTION('center_axis',(0.,1.,0.));
#4058=DIRECTION('ref_axis',(0.,0.,1.));
#4059=DIRECTION('center_axis',(0.,-1.,0.));
#4060=DIRECTION('ref_axis',(1.,0.,6.12323399573677E-17));
#4061=DIRECTION('',(0.,-1.,0.));
#4062=DIRECTION('center_axis',(0.,-1.,0.));
#4063=DIRECTION('ref_axis',(0.132938622622314,0.,0.991124272034179));
#4064=DIRECTION('',(0.,1.,0.));
#4065=DIRECTION('center_axis',(0.,1.,0.));
#4066=DIRECTION('ref_axis',(-0.132938622622314,0.,0.991124272034179));
#4067=DIRECTION('center_axis',(0.991124272034179,0.,0.132938622622314));
#4068=DIRECTION('ref_axis',(0.132938622622314,0.,-0.991124272034179));
#4069=DIRECTION('',(0.132938622622314,0.,-0.991124272034179));
#4070=DIRECTION('',(0.,-1.,0.));
#4071=DIRECTION('',(0.132938622622314,0.,-0.991124272034179));
#4072=DIRECTION('center_axis',(0.,-1.,0.));
#4073=DIRECTION('ref_axis',(-1.,0.,-6.12323399573677E-17));
#4074=DIRECTION('center_axis',(0.,-1.,0.));
#4075=DIRECTION('ref_axis',(0.,0.,1.));
#4076=DIRECTION('',(-0.132938622622314,0.,-0.991124272034179));
#4077=DIRECTION('center_axis',(-0.991124272034179,0.,0.132938622622314));
#4078=DIRECTION('ref_axis',(0.132938622622314,0.,0.991124272034179));
#4079=DIRECTION('',(0.,1.,0.));
#4080=DIRECTION('',(-0.132938622622314,0.,-0.991124272034179));
#4081=DIRECTION('center_axis',(0.,1.,0.));
#4082=DIRECTION('ref_axis',(1.,0.,6.12323399573677E-17));
#4083=DIRECTION('center_axis',(0.,1.,0.));
#4084=DIRECTION('ref_axis',(0.,0.,1.));
#4085=DIRECTION('center_axis',(0.,-1.,0.));
#4086=DIRECTION('ref_axis',(0.707106781186548,0.,0.707106781186548));
#4087=DIRECTION('',(0.,-1.,0.));
#4088=DIRECTION('center_axis',(0.,-1.,0.));
#4089=DIRECTION('ref_axis',(-0.606828892216111,0.,0.794832495291786));
#4090=DIRECTION('',(0.,1.,0.));
#4091=DIRECTION('center_axis',(0.,1.,0.));
#4092=DIRECTION('ref_axis',(-0.794832495291786,0.,0.606828892216111));
#4093=DIRECTION('center_axis',(0.606828892216111,0.,0.794832495291786));
#4094=DIRECTION('ref_axis',(0.794832495291786,0.,-0.606828892216111));
#4095=DIRECTION('',(0.794832495291786,0.,-0.606828892216111));
#4096=DIRECTION('',(0.,-1.,0.));
#4097=DIRECTION('',(0.794832495291786,0.,-0.606828892216111));
#4098=DIRECTION('center_axis',(0.,-1.,0.));
#4099=DIRECTION('ref_axis',(-0.707106781186548,0.,-0.707106781186548));
#4100=DIRECTION('center_axis',(0.,-1.,0.));
#4101=DIRECTION('ref_axis',(0.,0.,1.));
#4102=DIRECTION('',(0.606828892216111,0.,-0.794832495291786));
#4103=DIRECTION('center_axis',(-0.794832495291786,0.,-0.606828892216111));
#4104=DIRECTION('ref_axis',(-0.606828892216111,0.,0.794832495291786));
#4105=DIRECTION('',(0.,1.,0.));
#4106=DIRECTION('',(0.606828892216111,0.,-0.794832495291786));
#4107=DIRECTION('center_axis',(0.,1.,0.));
#4108=DIRECTION('ref_axis',(0.707106781186548,0.,0.707106781186548));
#4109=DIRECTION('center_axis',(0.,1.,0.));
#4110=DIRECTION('ref_axis',(0.,0.,1.));
#4111=DIRECTION('center_axis',(0.,-1.,0.));
#4112=DIRECTION('ref_axis',(0.707106781186548,0.,0.707106781186548));
#4113=DIRECTION('',(0.,-1.,0.));
#4114=DIRECTION('center_axis',(0.,-1.,0.));
#4115=DIRECTION('ref_axis',(-0.606828892216111,0.,0.794832495291786));
#4116=DIRECTION('',(0.,1.,0.));
#4117=DIRECTION('center_axis',(0.,1.,0.));
#4118=DIRECTION('ref_axis',(-0.794832495291786,0.,0.606828892216111));
#4119=DIRECTION('center_axis',(0.606828892216111,0.,0.794832495291786));
#4120=DIRECTION('ref_axis',(0.794832495291786,0.,-0.606828892216111));
#4121=DIRECTION('',(0.794832495291786,0.,-0.606828892216111));
#4122=DIRECTION('',(0.,-1.,0.));
#4123=DIRECTION('',(0.794832495291786,0.,-0.606828892216111));
#4124=DIRECTION('center_axis',(0.,-1.,0.));
#4125=DIRECTION('ref_axis',(-0.707106781186548,0.,-0.707106781186548));
#4126=DIRECTION('center_axis',(0.,-1.,0.));
#4127=DIRECTION('ref_axis',(0.,0.,1.));
#4128=DIRECTION('',(0.606828892216111,0.,-0.794832495291786));
#4129=DIRECTION('center_axis',(-0.794832495291786,0.,-0.606828892216111));
#4130=DIRECTION('ref_axis',(-0.606828892216111,0.,0.794832495291786));
#4131=DIRECTION('',(0.,1.,0.));
#4132=DIRECTION('',(0.606828892216111,0.,-0.794832495291786));
#4133=DIRECTION('center_axis',(0.,1.,0.));
#4134=DIRECTION('ref_axis',(0.707106781186548,0.,0.707106781186548));
#4135=DIRECTION('center_axis',(0.,1.,0.));
#4136=DIRECTION('ref_axis',(0.,0.,1.));
#4137=DIRECTION('center_axis',(0.,-1.,0.));
#4138=DIRECTION('ref_axis',(0.707106781186548,0.,0.707106781186548));
#4139=DIRECTION('',(0.,-1.,0.));
#4140=DIRECTION('center_axis',(0.,-1.,0.));
#4141=DIRECTION('ref_axis',(-0.606828892216111,0.,0.794832495291786));
#4142=DIRECTION('',(0.,1.,0.));
#4143=DIRECTION('center_axis',(0.,1.,0.));
#4144=DIRECTION('ref_axis',(-0.794832495291786,0.,0.606828892216111));
#4145=DIRECTION('center_axis',(0.606828892216111,0.,0.794832495291786));
#4146=DIRECTION('ref_axis',(0.794832495291786,0.,-0.606828892216111));
#4147=DIRECTION('',(0.794832495291786,0.,-0.606828892216111));
#4148=DIRECTION('',(0.,-1.,0.));
#4149=DIRECTION('',(0.794832495291786,0.,-0.606828892216111));
#4150=DIRECTION('center_axis',(0.,-1.,0.));
#4151=DIRECTION('ref_axis',(-0.707106781186548,0.,-0.707106781186548));
#4152=DIRECTION('center_axis',(0.,-1.,0.));
#4153=DIRECTION('ref_axis',(0.,0.,1.));
#4154=DIRECTION('',(0.606828892216111,0.,-0.794832495291786));
#4155=DIRECTION('center_axis',(-0.794832495291786,0.,-0.606828892216111));
#4156=DIRECTION('ref_axis',(-0.606828892216111,0.,0.794832495291786));
#4157=DIRECTION('',(0.,1.,0.));
#4158=DIRECTION('',(0.606828892216111,0.,-0.794832495291786));
#4159=DIRECTION('center_axis',(0.,1.,0.));
#4160=DIRECTION('ref_axis',(0.707106781186548,0.,0.707106781186548));
#4161=DIRECTION('center_axis',(0.,1.,0.));
#4162=DIRECTION('ref_axis',(0.,0.,1.));
#4163=DIRECTION('center_axis',(0.,-1.,0.));
#4164=DIRECTION('ref_axis',(0.707106781186548,0.,0.707106781186548));
#4165=DIRECTION('',(0.,-1.,0.));
#4166=DIRECTION('center_axis',(0.,-1.,0.));
#4167=DIRECTION('ref_axis',(-0.606828892216111,0.,0.794832495291786));
#4168=DIRECTION('',(0.,1.,0.));
#4169=DIRECTION('center_axis',(0.,1.,0.));
#4170=DIRECTION('ref_axis',(-0.794832495291786,0.,0.606828892216111));
#4171=DIRECTION('center_axis',(0.606828892216111,0.,0.794832495291786));
#4172=DIRECTION('ref_axis',(0.794832495291786,0.,-0.606828892216111));
#4173=DIRECTION('',(0.794832495291786,0.,-0.606828892216111));
#4174=DIRECTION('',(0.,-1.,0.));
#4175=DIRECTION('',(0.794832495291786,0.,-0.606828892216111));
#4176=DIRECTION('center_axis',(0.,-1.,0.));
#4177=DIRECTION('ref_axis',(-0.707106781186548,0.,-0.707106781186548));
#4178=DIRECTION('center_axis',(0.,-1.,0.));
#4179=DIRECTION('ref_axis',(0.,0.,1.));
#4180=DIRECTION('',(0.606828892216111,0.,-0.794832495291786));
#4181=DIRECTION('center_axis',(-0.794832495291786,0.,-0.606828892216111));
#4182=DIRECTION('ref_axis',(-0.606828892216111,0.,0.794832495291786));
#4183=DIRECTION('',(0.,1.,0.));
#4184=DIRECTION('',(0.606828892216111,0.,-0.794832495291786));
#4185=DIRECTION('center_axis',(0.,1.,0.));
#4186=DIRECTION('ref_axis',(0.707106781186548,0.,0.707106781186548));
#4187=DIRECTION('center_axis',(0.,1.,0.));
#4188=DIRECTION('ref_axis',(0.,0.,1.));
#4189=DIRECTION('center_axis',(0.,-1.,0.));
#4190=DIRECTION('ref_axis',(0.,0.,1.));
#4191=DIRECTION('',(0.,-1.,0.));
#4192=DIRECTION('center_axis',(0.,-1.,0.));
#4193=DIRECTION('ref_axis',(-0.991124272034179,0.,0.132938622622314));
#4194=DIRECTION('',(0.,1.,0.));
#4195=DIRECTION('center_axis',(0.,1.,0.));
#4196=DIRECTION('ref_axis',(-0.991124272034179,0.,-0.132938622622314));
#4197=DIRECTION('center_axis',(-0.132938622622314,0.,0.991124272034179));
#4198=DIRECTION('ref_axis',(0.991124272034179,0.,0.132938622622314));
#4199=DIRECTION('',(0.991124272034179,0.,0.132938622622314));
#4200=DIRECTION('',(0.,-1.,0.));
#4201=DIRECTION('',(0.991124272034179,0.,0.132938622622314));
#4202=DIRECTION('center_axis',(0.,-1.,0.));
#4203=DIRECTION('ref_axis',(0.,0.,-1.));
#4204=DIRECTION('center_axis',(0.,-1.,0.));
#4205=DIRECTION('ref_axis',(0.,0.,1.));
#4206=DIRECTION('',(0.991124272034179,0.,-0.132938622622314));
#4207=DIRECTION('center_axis',(-0.132938622622314,0.,-0.991124272034179));
#4208=DIRECTION('ref_axis',(-0.991124272034179,0.,0.132938622622314));
#4209=DIRECTION('',(0.,1.,0.));
#4210=DIRECTION('',(0.991124272034179,0.,-0.132938622622314));
#4211=DIRECTION('center_axis',(0.,1.,0.));
#4212=DIRECTION('ref_axis',(0.,0.,1.));
#4213=DIRECTION('center_axis',(0.,1.,0.));
#4214=DIRECTION('ref_axis',(0.,0.,1.));
#4215=DIRECTION('center_axis',(0.,-1.,0.));
#4216=DIRECTION('ref_axis',(0.,0.,1.));
#4217=DIRECTION('',(0.,-1.,0.));
#4218=DIRECTION('center_axis',(0.,-1.,0.));
#4219=DIRECTION('ref_axis',(-0.991124272034179,0.,0.132938622622314));
#4220=DIRECTION('',(0.,1.,0.));
#4221=DIRECTION('center_axis',(0.,1.,0.));
#4222=DIRECTION('ref_axis',(-0.991124272034179,0.,-0.132938622622314));
#4223=DIRECTION('center_axis',(-0.132938622622314,0.,0.991124272034179));
#4224=DIRECTION('ref_axis',(0.991124272034179,0.,0.132938622622314));
#4225=DIRECTION('',(0.991124272034179,0.,0.132938622622314));
#4226=DIRECTION('',(0.,-1.,0.));
#4227=DIRECTION('',(0.991124272034179,0.,0.132938622622314));
#4228=DIRECTION('center_axis',(0.,-1.,0.));
#4229=DIRECTION('ref_axis',(0.,0.,-1.));
#4230=DIRECTION('center_axis',(0.,-1.,0.));
#4231=DIRECTION('ref_axis',(0.,0.,1.));
#4232=DIRECTION('',(0.991124272034179,0.,-0.132938622622314));
#4233=DIRECTION('center_axis',(-0.132938622622314,0.,-0.991124272034179));
#4234=DIRECTION('ref_axis',(-0.991124272034179,0.,0.132938622622314));
#4235=DIRECTION('',(0.,1.,0.));
#4236=DIRECTION('',(0.991124272034179,0.,-0.132938622622314));
#4237=DIRECTION('center_axis',(0.,1.,0.));
#4238=DIRECTION('ref_axis',(0.,0.,1.));
#4239=DIRECTION('center_axis',(0.,1.,0.));
#4240=DIRECTION('ref_axis',(0.,0.,1.));
#4241=DIRECTION('center_axis',(0.,-1.,0.));
#4242=DIRECTION('ref_axis',(0.,0.,1.));
#4243=DIRECTION('',(0.,-1.,0.));
#4244=DIRECTION('center_axis',(0.,-1.,0.));
#4245=DIRECTION('ref_axis',(-0.991124272034179,0.,0.132938622622314));
#4246=DIRECTION('',(0.,1.,0.));
#4247=DIRECTION('center_axis',(0.,1.,0.));
#4248=DIRECTION('ref_axis',(-0.991124272034179,0.,-0.132938622622314));
#4249=DIRECTION('center_axis',(-0.132938622622314,0.,0.991124272034179));
#4250=DIRECTION('ref_axis',(0.991124272034179,0.,0.132938622622314));
#4251=DIRECTION('',(0.991124272034179,0.,0.132938622622314));
#4252=DIRECTION('',(0.,-1.,0.));
#4253=DIRECTION('',(0.991124272034179,0.,0.132938622622314));
#4254=DIRECTION('center_axis',(0.,-1.,0.));
#4255=DIRECTION('ref_axis',(0.,0.,-1.));
#4256=DIRECTION('center_axis',(0.,-1.,0.));
#4257=DIRECTION('ref_axis',(0.,0.,1.));
#4258=DIRECTION('',(0.991124272034179,0.,-0.132938622622314));
#4259=DIRECTION('center_axis',(-0.132938622622314,0.,-0.991124272034179));
#4260=DIRECTION('ref_axis',(-0.991124272034179,0.,0.132938622622314));
#4261=DIRECTION('',(0.,1.,0.));
#4262=DIRECTION('',(0.991124272034179,0.,-0.132938622622314));
#4263=DIRECTION('center_axis',(0.,1.,0.));
#4264=DIRECTION('ref_axis',(0.,0.,1.));
#4265=DIRECTION('center_axis',(0.,1.,0.));
#4266=DIRECTION('ref_axis',(0.,0.,1.));
#4267=DIRECTION('center_axis',(0.,-1.,0.));
#4268=DIRECTION('ref_axis',(0.,0.,1.));
#4269=DIRECTION('',(0.,-1.,0.));
#4270=DIRECTION('center_axis',(0.,-1.,0.));
#4271=DIRECTION('ref_axis',(-0.991124272034179,0.,0.132938622622314));
#4272=DIRECTION('',(0.,1.,0.));
#4273=DIRECTION('center_axis',(0.,1.,0.));
#4274=DIRECTION('ref_axis',(-0.991124272034179,0.,-0.132938622622314));
#4275=DIRECTION('center_axis',(-0.132938622622314,0.,0.991124272034179));
#4276=DIRECTION('ref_axis',(0.991124272034179,0.,0.132938622622314));
#4277=DIRECTION('',(0.991124272034179,0.,0.132938622622314));
#4278=DIRECTION('',(0.,-1.,0.));
#4279=DIRECTION('',(0.991124272034179,0.,0.132938622622314));
#4280=DIRECTION('center_axis',(0.,-1.,0.));
#4281=DIRECTION('ref_axis',(0.,0.,-1.));
#4282=DIRECTION('center_axis',(0.,-1.,0.));
#4283=DIRECTION('ref_axis',(0.,0.,1.));
#4284=DIRECTION('',(0.991124272034179,0.,-0.132938622622314));
#4285=DIRECTION('center_axis',(-0.132938622622314,0.,-0.991124272034179));
#4286=DIRECTION('ref_axis',(-0.991124272034179,0.,0.132938622622314));
#4287=DIRECTION('',(0.,1.,0.));
#4288=DIRECTION('',(0.991124272034179,0.,-0.132938622622314));
#4289=DIRECTION('center_axis',(0.,1.,0.));
#4290=DIRECTION('ref_axis',(0.,0.,1.));
#4291=DIRECTION('center_axis',(0.,1.,0.));
#4292=DIRECTION('ref_axis',(0.,0.,1.));
#4293=DIRECTION('center_axis',(0.,1.,0.));
#4294=DIRECTION('ref_axis',(1.,0.,-4.55135353028007E-15));
#4295=DIRECTION('center_axis',(0.,-1.,0.));
#4296=DIRECTION('ref_axis',(1.,0.,-4.55135353028007E-15));
#4297=DIRECTION('center_axis',(0.,1.,0.));
#4298=DIRECTION('ref_axis',(1.,0.,0.));
#4299=DIRECTION('center_axis',(0.,1.,0.));
#4300=DIRECTION('ref_axis',(1.,0.,0.));
#4301=DIRECTION('center_axis',(0.,1.,0.));
#4302=DIRECTION('ref_axis',(1.,0.,0.));
#4303=DIRECTION('center_axis',(0.,1.,0.));
#4304=DIRECTION('ref_axis',(1.,0.,0.));
#4305=DIRECTION('center_axis',(0.,-1.,0.));
#4306=DIRECTION('ref_axis',(0.,0.,1.));
#4307=DIRECTION('center_axis',(0.,-1.,0.));
#4308=DIRECTION('ref_axis',(0.,0.,1.));
#4309=DIRECTION('',(0.,-1.,0.));
#4310=DIRECTION('',(0.,-1.,0.));
#4311=DIRECTION('',(0.,-1.,0.));
#4312=DIRECTION('',(0.,-1.,0.));
#4313=DIRECTION('',(0.,-1.,0.));
#4314=DIRECTION('center_axis',(0.,-1.,0.));
#4315=DIRECTION('ref_axis',(0.,0.,1.));
#4316=DIRECTION('center_axis',(0.,-1.,0.));
#4317=DIRECTION('ref_axis',(0.,0.,1.));
#4318=DIRECTION('center_axis',(0.,1.,0.));
#4319=DIRECTION('ref_axis',(1.,0.,0.));
#4320=DIRECTION('center_axis',(0.,1.,0.));
#4321=DIRECTION('ref_axis',(1.,0.,0.));
#4322=DIRECTION('',(0.,-1.,0.));
#4323=DIRECTION('center_axis',(0.,-1.,0.));
#4324=DIRECTION('ref_axis',(1.,0.,0.));
#4325=DIRECTION('center_axis',(0.,1.,0.));
#4326=DIRECTION('ref_axis',(1.,0.,0.));
#4327=DIRECTION('center_axis',(0.,1.,0.));
#4328=DIRECTION('ref_axis',(1.,0.,0.));
#4329=DIRECTION('',(0.,-1.,0.));
#4330=DIRECTION('center_axis',(0.,1.,0.));
#4331=DIRECTION('ref_axis',(1.,0.,0.));
#4332=DIRECTION('center_axis',(0.,1.,0.));
#4333=DIRECTION('ref_axis',(1.,0.,0.));
#4334=CARTESIAN_POINT('',(0.,0.,0.));
#4335=CARTESIAN_POINT('Origin',(0.,0.,0.));
#4336=CARTESIAN_POINT('',(-3.44097741017629,2.17767954534311,0.00312459394952171));
#4337=CARTESIAN_POINT('',(-3.44051511154178,2.32232045465689,0.0032640687918839));
#4338=CARTESIAN_POINT('',(-3.442,0.,4.21523428266519E-16));
#4339=CARTESIAN_POINT('',(-1.51078263890181,3.,-3.09271722244257));
#4340=CARTESIAN_POINT('Ctrl Pts',(-3.44097741017629,2.17767954534311,0.00312459394952171));
#4341=CARTESIAN_POINT('Ctrl Pts',(-3.44363214522082,2.19158406432609,0.303977132849907));
#4342=CARTESIAN_POINT('Ctrl Pts',(-3.40743738979998,2.20548858330907,0.604198075841608));
#4343=CARTESIAN_POINT('Ctrl Pts',(-3.32987672039041,2.21939310229206,0.893316589746418));
#4344=CARTESIAN_POINT('Ctrl Pts',(-3.03511538124214,2.27223579520377,1.99208173682274));
#4345=CARTESIAN_POINT('Ctrl Pts',(-2.14290541291196,2.32507848811549,2.9304943037443));
#4346=CARTESIAN_POINT('Ctrl Pts',(-1.06040427618179,2.3779211810272,3.28044569172421));
#4347=CARTESIAN_POINT('Ctrl Pts',(0.0220968605483865,2.43076387393892,3.63039707970412));
#4348=CARTESIAN_POINT('Ctrl Pts',(1.29488916567854,2.48360656685063,3.39188728874238));
#4349=CARTESIAN_POINT('Ctrl Pts',(2.17701594496205,2.53644925976235,2.6734400297397));
#4350=CARTESIAN_POINT('Ctrl Pts',(3.05914272424556,2.58929195267407,1.95499277073702));
#4351=CARTESIAN_POINT('Ctrl Pts',(3.55060397768241,2.64213464558578,0.756608043693405));
#4352=CARTESIAN_POINT('Ctrl Pts',(3.42723826772364,2.6949773384975,-0.374151054347764));
#4353=CARTESIAN_POINT('Ctrl Pts',(3.30387255776488,2.74782003140921,-1.50491015238894));
#4354=CARTESIAN_POINT('Ctrl Pts',(2.56567988441049,2.80066272432093,-2.56804362142767));
#4355=CARTESIAN_POINT('Ctrl Pts',(1.54930138940109,2.85350541723264,-3.07958347644979));
#4356=CARTESIAN_POINT('Ctrl Pts',(0.610073810614438,2.90233694482176,-3.55229353657445));
#4357=CARTESIAN_POINT('Ctrl Pts',(-0.566709617930276,2.95116847241088,-3.55397207927932));
#4358=CARTESIAN_POINT('Ctrl Pts',(-1.51442129635206,3.,-3.09710677218153));
#4359=CARTESIAN_POINT('',(1.51078263890182,3.,-3.09271722244257));
#4360=CARTESIAN_POINT('Origin',(0.,3.,0.));
#4361=CARTESIAN_POINT('Ctrl Pts',(1.51078263890182,3.,-3.09271722244257));
#4362=CARTESIAN_POINT('Ctrl Pts',(2.53762794620682,2.94715730708828,-2.59110651847753));
#4363=CARTESIAN_POINT('Ctrl Pts',(3.286239229296,2.89431461417657,-1.54227205824365));
#4364=CARTESIAN_POINT('Ctrl Pts',(3.42225996130422,2.84147192126485,-0.414705481544138));
#4365=CARTESIAN_POINT('Ctrl Pts',(3.55828069331244,2.78862922835314,0.712861095155363));
#4366=CARTESIAN_POINT('Ctrl Pts',(3.08171087423972,2.73578653544142,1.91915978832048));
#4367=CARTESIAN_POINT('Ctrl Pts',(2.20823259036577,2.6829438425297,2.64841409448915));
#4368=CARTESIAN_POINT('Ctrl Pts',(1.33475430649181,2.63010114961799,3.37766840065781));
#4369=CARTESIAN_POINT('Ctrl Pts',(0.0643675578166232,2.57725845670628,3.62987831983002));
#4370=CARTESIAN_POINT('Ctrl Pts',(-1.02224638414776,2.52441576379456,3.29228809512624));
#4371=CARTESIAN_POINT('Ctrl Pts',(-2.10886032611215,2.47157307088284,2.95469787042246));
#4372=CARTESIAN_POINT('Ctrl Pts',(-3.01170146136574,2.41873037797113,2.02730750184269));
#4373=CARTESIAN_POINT('Ctrl Pts',(-3.31918267524384,2.36588768505941,0.93218724666893));
#4374=CARTESIAN_POINT('Ctrl Pts',(-3.40368571720561,2.35136527492524,0.631222541511977));
#4375=CARTESIAN_POINT('Ctrl Pts',(-3.44322246392771,2.33684286479106,0.31758954725744));
#4376=CARTESIAN_POINT('Ctrl Pts',(-3.44051511154178,2.32232045465689,0.0032640687918839));
#4377=CARTESIAN_POINT('Origin',(0.,0.,0.));
#4378=CARTESIAN_POINT('',(-3.43686150509169,1.17767954534311,-0.00131498709970562));
#4379=CARTESIAN_POINT('',(-3.43703105587512,1.32232045465689,-0.00149073129990046));
#4380=CARTESIAN_POINT('',(-3.442,0.,4.21523428266519E-16));
#4381=CARTESIAN_POINT('Ctrl Pts',(-3.43686150509169,1.17767954534311,-0.00131498709970562));
#4382=CARTESIAN_POINT('Ctrl Pts',(-3.43464729576506,1.20786124018913,0.653706207199863));
#4383=CARTESIAN_POINT('Ctrl Pts',(-3.25462401323148,1.23804293503515,1.30986486491162));
#4384=CARTESIAN_POINT('Ctrl Pts',(-2.90458273555235,1.26822462988118,1.85729890366449));
#4385=CARTESIAN_POINT('Ctrl Pts',(-2.29172372159739,1.32106732279289,2.81575696729608));
#4386=CARTESIAN_POINT('Ctrl Pts',(-1.15769696665455,1.37391001570461,3.44093405085223));
#4387=CARTESIAN_POINT('Ctrl Pts',(-0.0200746829990188,1.42675270861632,
3.44755397309192));
#4388=CARTESIAN_POINT('Ctrl Pts',(1.11754760065651,1.47959540152804,3.4541738953316));
#4389=CARTESIAN_POINT('Ctrl Pts',(2.25876541302473,1.53243809443975,2.84223665625483));
#4390=CARTESIAN_POINT('Ctrl Pts',(2.88274865454135,1.58528078735147,1.89099384353431));
#4391=CARTESIAN_POINT('Ctrl Pts',(3.50673189605797,1.63812348026319,0.939751030813798));
#4392=CARTESIAN_POINT('Ctrl Pts',(3.61348056672299,1.6909661731749,-0.350797355550452));
#4393=CARTESIAN_POINT('Ctrl Pts',(3.15427391111254,1.74380886608662,-1.39163702710851));
#4394=CARTESIAN_POINT('Ctrl Pts',(2.69506725550209,1.79665155899833,-2.43247669866657));
#4395=CARTESIAN_POINT('Ctrl Pts',(1.66990527361617,1.84949425191005,-3.22360765541843));
#4396=CARTESIAN_POINT('Ctrl Pts',(0.546656487472929,1.90233694482176,-3.40399736706466));
#4397=CARTESIAN_POINT('Ctrl Pts',(-0.576592298670316,1.95517963773348,-3.58438707871089));
#4398=CARTESIAN_POINT('Ctrl Pts',(-1.79792788907088,2.00802233064519,-3.15403554525147));
#4399=CARTESIAN_POINT('Ctrl Pts',(-2.55993932928797,2.06086502355691,-2.30930091490622));
#4400=CARTESIAN_POINT('Ctrl Pts',(-3.12144239357027,2.09980319748564,-1.68684164669747));
#4401=CARTESIAN_POINT('Ctrl Pts',(-3.43354309799153,2.13874137141437,-0.839381968193349));
#4402=CARTESIAN_POINT('Ctrl Pts',(-3.44097741017629,2.17767954534311,0.00312459394952171));
#4403=CARTESIAN_POINT('Ctrl Pts',(-3.44051511154178,2.32232045465689,0.0032640687918839));
#4404=CARTESIAN_POINT('Ctrl Pts',(-3.43337122095827,2.28400017187935,-0.826146552978302));
#4405=CARTESIAN_POINT('Ctrl Pts',(-3.13209276228408,2.24567988910181,-1.66037876045201));
#4406=CARTESIAN_POINT('Ctrl Pts',(-2.58669348737555,2.20735960632427,-2.27940618340654));
#4407=CARTESIAN_POINT('Ctrl Pts',(-1.83460179312653,2.15451691341255,-3.13302921654052));
#4408=CARTESIAN_POINT('Ctrl Pts',(-0.618297112125846,2.10167422050083,-3.57742514104072));
#4409=CARTESIAN_POINT('Ctrl Pts',(0.506991155748512,2.04883152758912,-3.4100925200183));
#4410=CARTESIAN_POINT('Ctrl Pts',(1.63227942362286,1.9959888346774,-3.24275989899589));
#4411=CARTESIAN_POINT('Ctrl Pts',(2.6665512783709,1.94314614176569,-2.46369873245086));
#4412=CARTESIAN_POINT('Ctrl Pts',(3.13784159096614,1.89030344885397,-1.42829860363476));
#4413=CARTESIAN_POINT('Ctrl Pts',(3.60913190356137,1.83746075594226,-0.392898474818668));
#4414=CARTESIAN_POINT('Ctrl Pts',(3.51744067400383,1.78461806303054,0.898840616268486));
#4415=CARTESIAN_POINT('Ctrl Pts',(2.90458184847793,1.73177537011882,1.8572984703019));
#4416=CARTESIAN_POINT('Ctrl Pts',(2.29172302295203,1.67893267720711,2.81575632433532));
#4417=CARTESIAN_POINT('Ctrl Pts',(1.15769660145777,1.62608998429539,3.44093294131499));
#4418=CARTESIAN_POINT('Ctrl Pts',(0.0200746684170816,1.57324729138368,3.44755281781386));
#4419=CARTESIAN_POINT('Ctrl Pts',(-1.11754726462361,1.52040459847196,3.45417269431274));
#4420=CARTESIAN_POINT('Ctrl Pts',(-2.25876470921073,1.46756190556024,2.8422358303308));
#4421=CARTESIAN_POINT('Ctrl Pts',(-2.88274775691835,1.41471921264853,1.89099332506776));
#4422=CARTESIAN_POINT('Ctrl Pts',(-3.24643890284049,1.38391962665132,1.33655762675843));
#4423=CARTESIAN_POINT('Ctrl Pts',(-3.43441568150205,1.35312004065411,0.666853345336001));
#4424=CARTESIAN_POINT('Ctrl Pts',(-3.43703105587512,1.32232045465689,-0.00149073129990046));
#4425=CARTESIAN_POINT('Origin',(0.,0.,0.));
#4426=CARTESIAN_POINT('',(-3.44511297801791,0.177679545343107,-0.00357226737269139));
#4427=CARTESIAN_POINT('',(-3.44595140334264,0.322320454656893,-0.00229982394207087));
#4428=CARTESIAN_POINT('',(-3.442,0.,4.21523428266519E-16));
#4429=CARTESIAN_POINT('Ctrl Pts',(-3.44511297801791,0.177679545343107,-0.00357226737269139));
#4430=CARTESIAN_POINT('Ctrl Pts',(-3.43733898990645,0.22413841605217,0.997366756791034));
#4431=CARTESIAN_POINT('Ctrl Pts',(-2.97618868818847,0.270597286761232,2.00725890104063));
#4432=CARTESIAN_POINT('Ctrl Pts',(-2.20823430329621,0.317056157470294,2.64841188025934));
#4433=CARTESIAN_POINT('Ctrl Pts',(-1.33475681424583,0.369898850382009,3.3776644314557));
#4434=CARTESIAN_POINT('Ctrl Pts',(-0.064367790466658,0.422741543293725,
3.62988021575908));
#4435=CARTESIAN_POINT('Ctrl Pts',(1.02224704620598,0.475584236205441,3.29229101996556));
#4436=CARTESIAN_POINT('Ctrl Pts',(2.10886188287862,0.528426929117157,2.95470182417204));
#4437=CARTESIAN_POINT('Ctrl Pts',(3.01170253244472,0.581269622028872,2.02730764828162));
#4438=CARTESIAN_POINT('Ctrl Pts',(3.3191835956979,0.634112314940588,0.932186361876681));
#4439=CARTESIAN_POINT('Ctrl Pts',(3.62666465895107,0.686955007852303,-0.162934924528257));
#4440=CARTESIAN_POINT('Ctrl Pts',(3.33878613589132,0.739797700764018,-1.42578332144772));
#4441=CARTESIAN_POINT('Ctrl Pts',(2.5866943076499,0.792640393675734,-2.27940618934082));
#4442=CARTESIAN_POINT('Ctrl Pts',(1.83460247940848,0.84548308658745,-3.13302905723392));
#4443=CARTESIAN_POINT('Ctrl Pts',(0.6182973459854,0.898325779499167,-3.57742639610066));
#4444=CARTESIAN_POINT('Ctrl Pts',(-0.506991305393436,0.951168472410882,
-3.41009398426965));
#4445=CARTESIAN_POINT('Ctrl Pts',(-1.63227995677227,1.0040111653226,-3.24276157243864));
#4446=CARTESIAN_POINT('Ctrl Pts',(-2.66655212610686,1.05685385823431,-2.46369940990988));
#4447=CARTESIAN_POINT('Ctrl Pts',(-3.13784257429061,1.10969655114603,-1.428298806792));
#4448=CARTESIAN_POINT('Ctrl Pts',(-3.33995021389397,1.13235754921172,-0.984278834084103));
#4449=CARTESIAN_POINT('Ctrl Pts',(-3.43852397612003,1.15501854727741,-0.493117521474819));
#4450=CARTESIAN_POINT('Ctrl Pts',(-3.43686150509169,1.17767954534311,-0.00131498709970562));
#4451=CARTESIAN_POINT('Ctrl Pts',(-3.43703105587512,1.32232045465689,-0.00149073129990046));
#4452=CARTESIAN_POINT('Ctrl Pts',(-3.4389028660005,1.30027734774239,-0.479821184777224));
#4453=CARTESIAN_POINT('Ctrl Pts',(-3.34582900525081,1.27823424082789,-0.957454915242118));
#4454=CARTESIAN_POINT('Ctrl Pts',(-3.15427294050111,1.25619113391338,-1.39163666317438));
#4455=CARTESIAN_POINT('Ctrl Pts',(-2.69506642554812,1.20334844100167,-2.43247599960931));
#4456=CARTESIAN_POINT('Ctrl Pts',(-1.66990474481403,1.15050574808995,-3.22360652593505));
#4457=CARTESIAN_POINT('Ctrl Pts',(-0.546656312036042,1.09766305517824,-3.40399622509185));
#4458=CARTESIAN_POINT('Ctrl Pts',(0.576592120741949,1.04482036226652,-3.58438592424865));
#4459=CARTESIAN_POINT('Ctrl Pts',(1.79792730556384,0.991977669354804,-3.15403479623651));
#4460=CARTESIAN_POINT('Ctrl Pts',(2.55993852547426,0.939134976443088,-2.30930034168054));
#4461=CARTESIAN_POINT('Ctrl Pts',(3.32194974538469,0.886292283531373,-1.46456588712458));
#4462=CARTESIAN_POINT('Ctrl Pts',(3.62463700038365,0.833449590619658,-0.205448106024786));
#4463=CARTESIAN_POINT('Ctrl Pts',(3.32987571704987,0.780606897707942,0.893316550917698));
#4464=CARTESIAN_POINT('Ctrl Pts',(3.03511443371609,0.727764204796227,1.99208120786018));
#4465=CARTESIAN_POINT('Ctrl Pts',(2.14290461204957,0.67492151188451,2.93049274064535));
#4466=CARTESIAN_POINT('Ctrl Pts',(1.06040388798343,0.622078818972794,3.28044427196098));
#4467=CARTESIAN_POINT('Ctrl Pts',(-0.0220968360827219,0.569236126061079,
3.63039580327662));
#4468=CARTESIAN_POINT('Ctrl Pts',(-1.2948884625485,0.516393433149363,3.39188733312272));
#4469=CARTESIAN_POINT('Ctrl Pts',(-2.17701513681096,0.463550740237648,2.67343988910899));
#4470=CARTESIAN_POINT('Ctrl Pts',(-2.96288854875478,0.416473978377396,2.0333858463022));
#4471=CARTESIAN_POINT('Ctrl Pts',(-3.43870053967386,0.369397216517144,1.01241572847804));
#4472=CARTESIAN_POINT('Ctrl Pts',(-3.44595140334264,0.322320454656893,-0.00229982394207087));
#4473=CARTESIAN_POINT('Origin',(0.,-1.84858989190502,0.));
#4474=CARTESIAN_POINT('',(-2.87076101114119,2.65141010809498,0.0027235344481016));
#4475=CARTESIAN_POINT('',(-2.87621855329202,2.84858989190502,-0.000265687828191839));
#4476=CARTESIAN_POINT('',(-2.872,-1.84858989190502,1.34232058996795E-14));
#4477=CARTESIAN_POINT('',(1.67106223110445,3.,2.341478183016));
#4478=CARTESIAN_POINT('Ctrl Pts',(-2.87076101114119,2.65141010809498,0.00272353444810174));
#4479=CARTESIAN_POINT('Ctrl Pts',(-2.87302002219651,2.66593251822915,0.264996275340912));
#4480=CARTESIAN_POINT('Ctrl Pts',(-2.71999206497232,2.73329762127504,1.47892054600039));
#4481=CARTESIAN_POINT('Ctrl Pts',(-1.06348420399512,2.84949425191005,3.18047065903932));
#4482=CARTESIAN_POINT('Ctrl Pts',(0.95367507027296,2.95116847241088,2.84743473687276));
#4483=CARTESIAN_POINT('Ctrl Pts',(1.67106223110445,3.,2.341478183016));
#4484=CARTESIAN_POINT('',(-1.66746714335671,3.,2.33836210323077));
#4485=CARTESIAN_POINT('Origin',(0.,3.,0.));
#4486=CARTESIAN_POINT('Ctrl Pts',(-2.87621855329202,2.84858989190502,-0.0002656878281917));
#4487=CARTESIAN_POINT('Ctrl Pts',(-2.87317436339028,2.89905992793668,0.904743558610121));
#4488=CARTESIAN_POINT('Ctrl Pts',(-2.40899120357382,2.94952996396834,1.80958728058369));
#4489=CARTESIAN_POINT('Ctrl Pts',(-1.66746714335672,3.,2.33836210323076));
#4490=CARTESIAN_POINT('Origin',(0.,-1.84858989190502,0.));
#4491=CARTESIAN_POINT('',(-2.86785391995158,1.65141010809498,-0.00124386411776387));
#4492=CARTESIAN_POINT('',(-2.87114675247714,1.84858989190502,0.00260715683412793));
#4493=CARTESIAN_POINT('',(-2.872,-1.84858989190502,1.34232058996795E-14));
#4494=CARTESIAN_POINT('Ctrl Pts',(-2.86785391995158,1.65141010809498,-0.00124386411776374));
#4495=CARTESIAN_POINT('Ctrl Pts',(-2.86567165522193,1.68220969409219,0.556421501395985));
#4496=CARTESIAN_POINT('Ctrl Pts',(-2.43972152959238,1.76585197300112,2.0739526817772));
#4497=CARTESIAN_POINT('Ctrl Pts',(0.0197503651525866,1.90233694482176,3.39275614509654));
#4498=CARTESIAN_POINT('Ctrl Pts',(2.858440559108,2.06086502355691,1.82781665297078));
#4499=CARTESIAN_POINT('Ctrl Pts',(3.08796166133571,2.21939310229206,-1.40565923570064));
#4500=CARTESIAN_POINT('Ctrl Pts',(0.498976681524833,2.3779211810272,-3.3558018885048));
#4501=CARTESIAN_POINT('Ctrl Pts',(-2.26675849929271,2.52192684962818,-2.34529731526666));
#4502=CARTESIAN_POINT('Ctrl Pts',(-2.86480015880075,2.61308982531744,-0.68933553171227));
#4503=CARTESIAN_POINT('Ctrl Pts',(-2.87076101114119,2.65141010809498,0.00272353444810174));
#4504=CARTESIAN_POINT('Ctrl Pts',(-2.87114675247714,1.84858989190502,0.00260715683412828));
#4505=CARTESIAN_POINT('Ctrl Pts',(-2.87336185969616,1.862494410888,0.253638095742291));
#4506=CARTESIAN_POINT('Ctrl Pts',(-2.728385771924,1.9292416227827,1.45615645167919));
#4507=CARTESIAN_POINT('Ctrl Pts',(-1.04357853481664,2.04883152758912,3.22821049754572));
#4508=CARTESIAN_POINT('Ctrl Pts',(2.14246983851326,2.20735960632426,2.63117378664323));
#4509=CARTESIAN_POINT('Ctrl Pts',(3.37269359203211,2.36588768505941,-0.368617848513027));
#4510=CARTESIAN_POINT('Ctrl Pts',(1.52485278040475,2.52441576379456,-3.0298491004705));
#4511=CARTESIAN_POINT('Ctrl Pts',(-1.71569520111198,2.68294384252971,-2.929586698525));
#4512=CARTESIAN_POINT('Ctrl Pts',(-2.85597509768407,2.79100188523319,-1.03292015527691));
#4513=CARTESIAN_POINT('Ctrl Pts',(-2.87636166430764,2.84621723502496,-0.0428112571186366));
#4514=CARTESIAN_POINT('Ctrl Pts',(-2.87621855329202,2.84858989190502,-0.0002656878281917));
#4515=CARTESIAN_POINT('Origin',(0.,-1.84858989190502,0.));
#4516=CARTESIAN_POINT('',(-2.87529704543872,0.65141010809498,-0.00191896989005952));
#4517=CARTESIAN_POINT('',(-2.86771244701433,0.848589891905021,-0.0010972234021768));
#4518=CARTESIAN_POINT('',(-2.872,-1.84858989190502,1.34232058996795E-14));
#4519=CARTESIAN_POINT('Ctrl Pts',(-2.87529704543872,0.65141010809498,-0.00191896989005945));
#4520=CARTESIAN_POINT('Ctrl Pts',(-2.86924693490508,0.698486869955232,0.844758271989824));
#4521=CARTESIAN_POINT('Ctrl Pts',(-2.02658684556848,0.798406324727199,2.65289002805148));
#4522=CARTESIAN_POINT('Ctrl Pts',(1.04357798895413,0.951168472410882,3.22820833041617));
#4523=CARTESIAN_POINT('Ctrl Pts',(3.27695388188811,1.10969655114603,0.879180507500117));
#4524=CARTESIAN_POINT('Ctrl Pts',(2.5192684115014,1.26822462988118,-2.27263785448588));
#4525=CARTESIAN_POINT('Ctrl Pts',(-0.537972713549548,1.42675270861632,-3.34989099770278));
#4526=CARTESIAN_POINT('Ctrl Pts',(-2.60558345528816,1.55448120135426,-1.75428905013771));
#4527=CARTESIAN_POINT('Ctrl Pts',(-2.86941575570989,1.62936700118048,-0.400362127449216));
#4528=CARTESIAN_POINT('Ctrl Pts',(-2.86785391995158,1.65141010809498,-0.00124386411776374));
#4529=CARTESIAN_POINT('Ctrl Pts',(-2.86771244701433,0.848589891905021,-0.00109722340217704));
#4530=CARTESIAN_POINT('Ctrl Pts',(-2.86586491383999,0.878771586751043,0.545451547669393));
#4531=CARTESIAN_POINT('Ctrl Pts',(-2.45266111674318,0.961795974508782,2.05151923540784));
#4532=CARTESIAN_POINT('Ctrl Pts',(-0.0197503916432334,1.09766305517824,
3.39275746020362));
#4533=CARTESIAN_POINT('Ctrl Pts',(2.83694126186186,1.25619113391338,1.86095872345595));
#4534=CARTESIAN_POINT('Ctrl Pts',(3.1041540876753,1.41471921264853,-1.36953659813453));
#4535=CARTESIAN_POINT('Ctrl Pts',(0.537972903500658,1.57324729138368,-3.3498922992891));
#4536=CARTESIAN_POINT('Ctrl Pts',(-2.25111811987768,1.71787085113584,-2.36712424740986));
#4537=CARTESIAN_POINT('Ctrl Pts',(-2.86494357275761,1.80965171797629,-0.700379143710425));
#4538=CARTESIAN_POINT('Ctrl Pts',(-2.87114675247714,1.84858989190502,0.00260715683412828));
#4539=CARTESIAN_POINT('Origin',(0.,9.25,0.));
#4540=CARTESIAN_POINT('',(-2.06321823353478,9.7,-2.70243048399207));
#4541=CARTESIAN_POINT('',(-2.06321823353478,8.9,-2.70243048399207));
#4542=CARTESIAN_POINT('',(-2.06321823353478,9.7,-2.70243048399207));
#4543=CARTESIAN_POINT('',(-2.70243048399207,9.7,-2.06321823353478));
#4544=CARTESIAN_POINT('Origin',(0.,9.7,0.));
#4545=CARTESIAN_POINT('',(-2.70243048399207,8.9,-2.06321823353478));
#4546=CARTESIAN_POINT('',(-2.70243048399207,8.9,-2.06321823353478));
#4547=CARTESIAN_POINT('Origin',(0.,8.9,0.));
#4548=CARTESIAN_POINT('Origin',(-1.82048667664833,9.3,-2.38449748587536));
#4549=CARTESIAN_POINT('',(-1.82048667664833,8.9,-2.38449748587536));
#4550=CARTESIAN_POINT('',(-1.82048667664833,8.9,-2.38449748587536));
#4551=CARTESIAN_POINT('',(-1.82048667664833,9.7,-2.38449748587536));
#4552=CARTESIAN_POINT('',(-1.82048667664833,9.25,-2.38449748587536));
#4553=CARTESIAN_POINT('',(-1.82048667664833,9.7,-2.38449748587536));
#4554=CARTESIAN_POINT('Origin',(-2.12132034355964,9.7,-2.12132034355964));
#4555=CARTESIAN_POINT('',(-2.38449748587536,9.7,-1.82048667664833));
#4556=CARTESIAN_POINT('Origin',(0.,9.7,0.));
#4557=CARTESIAN_POINT('',(-2.38449748587536,9.7,-1.82048667664833));
#4558=CARTESIAN_POINT('Origin',(-2.38449748587536,9.3,-1.82048667664833));
#4559=CARTESIAN_POINT('',(-2.38449748587536,8.9,-1.82048667664833));
#4560=CARTESIAN_POINT('',(-2.38449748587536,9.25,-1.82048667664833));
#4561=CARTESIAN_POINT('',(-2.38449748587536,8.9,-1.82048667664833));
#4562=CARTESIAN_POINT('Origin',(-2.12132034355964,8.9,-2.12132034355964));
#4563=CARTESIAN_POINT('Origin',(0.,8.9,0.));
#4564=CARTESIAN_POINT('Origin',(0.,9.25,0.));
#4565=CARTESIAN_POINT('',(-2.06321823353478,11.3,-2.70243048399207));
#4566=CARTESIAN_POINT('',(-2.06321823353478,10.5,-2.70243048399207));
#4567=CARTESIAN_POINT('',(-2.06321823353478,11.3,-2.70243048399207));
#4568=CARTESIAN_POINT('',(-2.70243048399207,11.3,-2.06321823353478));
#4569=CARTESIAN_POINT('Origin',(0.,11.3,0.));
#4570=CARTESIAN_POINT('',(-2.70243048399207,10.5,-2.06321823353478));
#4571=CARTESIAN_POINT('',(-2.70243048399207,10.5,-2.06321823353478));
#4572=CARTESIAN_POINT('Origin',(0.,10.5,0.));
#4573=CARTESIAN_POINT('Origin',(-1.82048667664833,10.9,-2.38449748587536));
#4574=CARTESIAN_POINT('',(-1.82048667664833,10.5,-2.38449748587536));
#4575=CARTESIAN_POINT('',(-1.82048667664833,10.5,-2.38449748587536));
#4576=CARTESIAN_POINT('',(-1.82048667664833,11.3,-2.38449748587536));
#4577=CARTESIAN_POINT('',(-1.82048667664833,9.25,-2.38449748587536));
#4578=CARTESIAN_POINT('',(-1.82048667664833,11.3,-2.38449748587536));
#4579=CARTESIAN_POINT('Origin',(-2.12132034355964,11.3,-2.12132034355964));
#4580=CARTESIAN_POINT('',(-2.38449748587536,11.3,-1.82048667664833));
#4581=CARTESIAN_POINT('Origin',(0.,11.3,0.));
#4582=CARTESIAN_POINT('',(-2.38449748587536,11.3,-1.82048667664833));
#4583=CARTESIAN_POINT('Origin',(-2.38449748587536,10.9,-1.82048667664833));
#4584=CARTESIAN_POINT('',(-2.38449748587536,10.5,-1.82048667664833));
#4585=CARTESIAN_POINT('',(-2.38449748587536,9.25,-1.82048667664833));
#4586=CARTESIAN_POINT('',(-2.38449748587536,10.5,-1.82048667664833));
#4587=CARTESIAN_POINT('Origin',(-2.12132034355964,10.5,-2.12132034355964));
#4588=CARTESIAN_POINT('Origin',(0.,10.5,0.));
#4589=CARTESIAN_POINT('Origin',(0.,9.25,0.));
#4590=CARTESIAN_POINT('',(-2.06321823353478,6.5,-2.70243048399207));
#4591=CARTESIAN_POINT('',(-2.06321823353478,5.7,-2.70243048399207));
#4592=CARTESIAN_POINT('',(-2.06321823353478,6.5,-2.70243048399207));
#4593=CARTESIAN_POINT('',(-2.70243048399207,6.5,-2.06321823353478));
#4594=CARTESIAN_POINT('Origin',(0.,6.5,0.));
#4595=CARTESIAN_POINT('',(-2.70243048399207,5.7,-2.06321823353478));
#4596=CARTESIAN_POINT('',(-2.70243048399207,5.7,-2.06321823353478));
#4597=CARTESIAN_POINT('Origin',(0.,5.7,0.));
#4598=CARTESIAN_POINT('Origin',(-1.82048667664833,6.1,-2.38449748587536));
#4599=CARTESIAN_POINT('',(-1.82048667664833,5.7,-2.38449748587536));
#4600=CARTESIAN_POINT('',(-1.82048667664833,5.7,-2.38449748587536));
#4601=CARTESIAN_POINT('',(-1.82048667664833,6.5,-2.38449748587536));
#4602=CARTESIAN_POINT('',(-1.82048667664833,9.25,-2.38449748587536));
#4603=CARTESIAN_POINT('',(-1.82048667664833,6.5,-2.38449748587536));
#4604=CARTESIAN_POINT('Origin',(-2.12132034355964,6.5,-2.12132034355964));
#4605=CARTESIAN_POINT('',(-2.38449748587536,6.5,-1.82048667664833));
#4606=CARTESIAN_POINT('Origin',(0.,6.5,0.));
#4607=CARTESIAN_POINT('',(-2.38449748587536,6.5,-1.82048667664833));
#4608=CARTESIAN_POINT('Origin',(-2.38449748587536,6.1,-1.82048667664833));
#4609=CARTESIAN_POINT('',(-2.38449748587536,5.7,-1.82048667664833));
#4610=CARTESIAN_POINT('',(-2.38449748587536,9.25,-1.82048667664833));
#4611=CARTESIAN_POINT('',(-2.38449748587536,5.7,-1.82048667664833));
#4612=CARTESIAN_POINT('Origin',(-2.12132034355964,5.7,-2.12132034355964));
#4613=CARTESIAN_POINT('Origin',(0.,5.7,0.));
#4614=CARTESIAN_POINT('Origin',(0.,9.25,0.));
#4615=CARTESIAN_POINT('',(-2.06321823353478,8.1,-2.70243048399207));
#4616=CARTESIAN_POINT('',(-2.06321823353478,7.3,-2.70243048399207));
#4617=CARTESIAN_POINT('',(-2.06321823353478,8.1,-2.70243048399207));
#4618=CARTESIAN_POINT('',(-2.70243048399207,8.1,-2.06321823353478));
#4619=CARTESIAN_POINT('Origin',(0.,8.1,0.));
#4620=CARTESIAN_POINT('',(-2.70243048399207,7.3,-2.06321823353478));
#4621=CARTESIAN_POINT('',(-2.70243048399207,7.3,-2.06321823353478));
#4622=CARTESIAN_POINT('Origin',(0.,7.3,0.));
#4623=CARTESIAN_POINT('Origin',(-1.82048667664833,7.7,-2.38449748587536));
#4624=CARTESIAN_POINT('',(-1.82048667664833,7.3,-2.38449748587536));
#4625=CARTESIAN_POINT('',(-1.82048667664833,7.3,-2.38449748587536));
#4626=CARTESIAN_POINT('',(-1.82048667664833,8.1,-2.38449748587536));
#4627=CARTESIAN_POINT('',(-1.82048667664833,9.25,-2.38449748587536));
#4628=CARTESIAN_POINT('',(-1.82048667664833,8.1,-2.38449748587536));
#4629=CARTESIAN_POINT('Origin',(-2.12132034355964,8.1,-2.12132034355964));
#4630=CARTESIAN_POINT('',(-2.38449748587536,8.1,-1.82048667664833));
#4631=CARTESIAN_POINT('Origin',(0.,8.1,0.));
#4632=CARTESIAN_POINT('',(-2.38449748587536,8.1,-1.82048667664833));
#4633=CARTESIAN_POINT('Origin',(-2.38449748587536,7.7,-1.82048667664833));
#4634=CARTESIAN_POINT('',(-2.38449748587536,7.3,-1.82048667664833));
#4635=CARTESIAN_POINT('',(-2.38449748587536,9.25,-1.82048667664833));
#4636=CARTESIAN_POINT('',(-2.38449748587536,7.3,-1.82048667664833));
#4637=CARTESIAN_POINT('Origin',(-2.12132034355964,7.3,-2.12132034355964));
#4638=CARTESIAN_POINT('Origin',(0.,7.3,0.));
#4639=CARTESIAN_POINT('Origin',(0.,9.25,0.));
#4640=CARTESIAN_POINT('',(0.451991316915868,9.7,-3.36982252491621));
#4641=CARTESIAN_POINT('',(0.451991316915868,8.9,-3.36982252491621));
#4642=CARTESIAN_POINT('',(0.451991316915868,9.7,-3.36982252491621));
#4643=CARTESIAN_POINT('',(-0.451991316915867,9.7,-3.36982252491621));
#4644=CARTESIAN_POINT('Origin',(0.,9.7,0.));
#4645=CARTESIAN_POINT('',(-0.451991316915867,8.9,-3.36982252491621));
#4646=CARTESIAN_POINT('',(-0.451991316915867,8.9,-3.36982252491621));
#4647=CARTESIAN_POINT('Origin',(0.,8.9,0.));
#4648=CARTESIAN_POINT('Origin',(0.398815867866943,9.3,-2.97337281610254));
#4649=CARTESIAN_POINT('',(0.398815867866943,8.9,-2.97337281610254));
#4650=CARTESIAN_POINT('',(0.398815867866943,8.9,-2.97337281610254));
#4651=CARTESIAN_POINT('',(0.398815867866942,9.7,-2.97337281610254));
#4652=CARTESIAN_POINT('',(0.398815867866943,9.25,-2.97337281610254));
#4653=CARTESIAN_POINT('',(0.398815867866942,9.7,-2.97337281610254));
#4654=CARTESIAN_POINT('Origin',(2.04146364420948E-16,9.7,-3.));
#4655=CARTESIAN_POINT('',(3.67394039744206E-16,9.7,-3.));
#4656=CARTESIAN_POINT('Origin',(0.,9.7,0.));
#4657=CARTESIAN_POINT('',(-0.398815867866942,9.7,-2.97337281610254));
#4658=CARTESIAN_POINT('Origin',(0.,9.7,0.));
#4659=CARTESIAN_POINT('',(-0.398815867866942,9.7,-2.97337281610254));
#4660=CARTESIAN_POINT('Origin',(-0.398815867866942,9.3,-2.97337281610254));
#4661=CARTESIAN_POINT('',(-0.398815867866942,8.9,-2.97337281610254));
#4662=CARTESIAN_POINT('',(-0.398815867866942,9.25,-2.97337281610254));
#4663=CARTESIAN_POINT('',(-0.398815867866942,8.9,-2.97337281610254));
#4664=CARTESIAN_POINT('Origin',(5.51091059616309E-16,8.9,-3.));
#4665=CARTESIAN_POINT('',(3.67394039744206E-16,8.9,-3.));
#4666=CARTESIAN_POINT('Origin',(0.,8.9,0.));
#4667=CARTESIAN_POINT('Origin',(0.,8.9,0.));
#4668=CARTESIAN_POINT('Origin',(0.,9.25,0.));
#4669=CARTESIAN_POINT('',(0.451991316915868,11.3,-3.36982252491621));
#4670=CARTESIAN_POINT('',(0.451991316915868,10.5,-3.36982252491621));
#4671=CARTESIAN_POINT('',(0.451991316915868,11.3,-3.36982252491621));
#4672=CARTESIAN_POINT('',(-0.451991316915867,11.3,-3.36982252491621));
#4673=CARTESIAN_POINT('Origin',(0.,11.3,0.));
#4674=CARTESIAN_POINT('',(-0.451991316915867,10.5,-3.36982252491621));
#4675=CARTESIAN_POINT('',(-0.451991316915867,10.5,-3.36982252491621));
#4676=CARTESIAN_POINT('Origin',(0.,10.5,0.));
#4677=CARTESIAN_POINT('Origin',(0.398815867866943,10.9,-2.97337281610254));
#4678=CARTESIAN_POINT('',(0.398815867866943,10.5,-2.97337281610254));
#4679=CARTESIAN_POINT('',(0.398815867866943,10.5,-2.97337281610254));
#4680=CARTESIAN_POINT('',(0.398815867866942,11.3,-2.97337281610254));
#4681=CARTESIAN_POINT('',(0.398815867866943,9.25,-2.97337281610254));
#4682=CARTESIAN_POINT('',(0.398815867866942,11.3,-2.97337281610254));
#4683=CARTESIAN_POINT('Origin',(2.04146364420948E-16,11.3,-3.));
#4684=CARTESIAN_POINT('',(3.67394039744206E-16,11.3,-3.));
#4685=CARTESIAN_POINT('Origin',(0.,11.3,0.));
#4686=CARTESIAN_POINT('',(-0.398815867866942,11.3,-2.97337281610254));
#4687=CARTESIAN_POINT('Origin',(0.,11.3,0.));
#4688=CARTESIAN_POINT('',(-0.398815867866942,11.3,-2.97337281610254));
#4689=CARTESIAN_POINT('Origin',(-0.398815867866942,10.9,-2.97337281610254));
#4690=CARTESIAN_POINT('',(-0.398815867866942,10.5,-2.97337281610254));
#4691=CARTESIAN_POINT('',(-0.398815867866942,9.25,-2.97337281610254));
#4692=CARTESIAN_POINT('',(-0.398815867866942,10.5,-2.97337281610254));
#4693=CARTESIAN_POINT('Origin',(5.51091059616309E-16,10.5,-3.));
#4694=CARTESIAN_POINT('',(3.67394039744206E-16,10.5,-3.));
#4695=CARTESIAN_POINT('Origin',(0.,10.5,0.));
#4696=CARTESIAN_POINT('Origin',(0.,10.5,0.));
#4697=CARTESIAN_POINT('Origin',(0.,9.25,0.));
#4698=CARTESIAN_POINT('',(0.451991316915868,6.5,-3.36982252491621));
#4699=CARTESIAN_POINT('',(0.451991316915868,5.7,-3.36982252491621));
#4700=CARTESIAN_POINT('',(0.451991316915868,6.5,-3.36982252491621));
#4701=CARTESIAN_POINT('',(-0.451991316915867,6.5,-3.36982252491621));
#4702=CARTESIAN_POINT('Origin',(0.,6.5,0.));
#4703=CARTESIAN_POINT('',(-0.451991316915867,5.7,-3.36982252491621));
#4704=CARTESIAN_POINT('',(-0.451991316915867,5.7,-3.36982252491621));
#4705=CARTESIAN_POINT('Origin',(0.,5.7,0.));
#4706=CARTESIAN_POINT('Origin',(0.398815867866943,6.1,-2.97337281610254));
#4707=CARTESIAN_POINT('',(0.398815867866943,5.7,-2.97337281610254));
#4708=CARTESIAN_POINT('',(0.398815867866943,5.7,-2.97337281610254));
#4709=CARTESIAN_POINT('',(0.398815867866942,6.5,-2.97337281610254));
#4710=CARTESIAN_POINT('',(0.398815867866943,9.25,-2.97337281610254));
#4711=CARTESIAN_POINT('',(0.398815867866942,6.5,-2.97337281610254));
#4712=CARTESIAN_POINT('Origin',(2.04146364420948E-16,6.5,-3.));
#4713=CARTESIAN_POINT('',(3.67394039744206E-16,6.5,-3.));
#4714=CARTESIAN_POINT('Origin',(0.,6.5,0.));
#4715=CARTESIAN_POINT('',(-0.398815867866942,6.5,-2.97337281610254));
#4716=CARTESIAN_POINT('Origin',(0.,6.5,0.));
#4717=CARTESIAN_POINT('',(-0.398815867866942,6.5,-2.97337281610254));
#4718=CARTESIAN_POINT('Origin',(-0.398815867866942,6.1,-2.97337281610254));
#4719=CARTESIAN_POINT('',(-0.398815867866942,5.7,-2.97337281610254));
#4720=CARTESIAN_POINT('',(-0.398815867866942,9.25,-2.97337281610254));
#4721=CARTESIAN_POINT('',(-0.398815867866942,5.7,-2.97337281610254));
#4722=CARTESIAN_POINT('Origin',(5.51091059616309E-16,5.7,-3.));
#4723=CARTESIAN_POINT('',(3.67394039744206E-16,5.7,-3.));
#4724=CARTESIAN_POINT('Origin',(0.,5.7,0.));
#4725=CARTESIAN_POINT('Origin',(0.,5.7,0.));
#4726=CARTESIAN_POINT('Origin',(0.,9.25,0.));
#4727=CARTESIAN_POINT('',(0.451991316915868,8.1,-3.36982252491621));
#4728=CARTESIAN_POINT('',(0.451991316915868,7.3,-3.36982252491621));
#4729=CARTESIAN_POINT('',(0.451991316915868,8.1,-3.36982252491621));
#4730=CARTESIAN_POINT('',(-0.451991316915867,8.1,-3.36982252491621));
#4731=CARTESIAN_POINT('Origin',(0.,8.1,0.));
#4732=CARTESIAN_POINT('',(-0.451991316915867,7.3,-3.36982252491621));
#4733=CARTESIAN_POINT('',(-0.451991316915867,7.3,-3.36982252491621));
#4734=CARTESIAN_POINT('Origin',(0.,7.3,0.));
#4735=CARTESIAN_POINT('Origin',(0.398815867866943,7.7,-2.97337281610254));
#4736=CARTESIAN_POINT('',(0.398815867866943,7.3,-2.97337281610254));
#4737=CARTESIAN_POINT('',(0.398815867866943,7.3,-2.97337281610254));
#4738=CARTESIAN_POINT('',(0.398815867866942,8.1,-2.97337281610254));
#4739=CARTESIAN_POINT('',(0.398815867866943,9.25,-2.97337281610254));
#4740=CARTESIAN_POINT('',(0.398815867866942,8.1,-2.97337281610254));
#4741=CARTESIAN_POINT('Origin',(2.04146364420948E-16,8.1,-3.));
#4742=CARTESIAN_POINT('',(3.67394039744206E-16,8.1,-3.));
#4743=CARTESIAN_POINT('Origin',(0.,8.1,0.));
#4744=CARTESIAN_POINT('',(-0.398815867866942,8.1,-2.97337281610254));
#4745=CARTESIAN_POINT('Origin',(0.,8.1,0.));
#4746=CARTESIAN_POINT('',(-0.398815867866942,8.1,-2.97337281610254));
#4747=CARTESIAN_POINT('Origin',(-0.398815867866942,7.7,-2.97337281610254));
#4748=CARTESIAN_POINT('',(-0.398815867866942,7.3,-2.97337281610254));
#4749=CARTESIAN_POINT('',(-0.398815867866942,9.25,-2.97337281610254));
#4750=CARTESIAN_POINT('',(-0.398815867866942,7.3,-2.97337281610254));
#4751=CARTESIAN_POINT('Origin',(5.51091059616309E-16,7.3,-3.));
#4752=CARTESIAN_POINT('',(3.67394039744206E-16,7.3,-3.));
#4753=CARTESIAN_POINT('Origin',(0.,7.3,0.));
#4754=CARTESIAN_POINT('Origin',(0.,7.3,0.));
#4755=CARTESIAN_POINT('Origin',(0.,9.25,0.));
#4756=CARTESIAN_POINT('',(2.70243048399207,9.7,-2.06321823353478));
#4757=CARTESIAN_POINT('',(2.70243048399207,8.9,-2.06321823353478));
#4758=CARTESIAN_POINT('',(2.70243048399207,9.7,-2.06321823353478));
#4759=CARTESIAN_POINT('',(2.06321823353478,9.7,-2.70243048399207));
#4760=CARTESIAN_POINT('Origin',(0.,9.7,0.));
#4761=CARTESIAN_POINT('',(2.06321823353478,8.9,-2.70243048399207));
#4762=CARTESIAN_POINT('',(2.06321823353478,8.9,-2.70243048399207));
#4763=CARTESIAN_POINT('Origin',(0.,8.9,0.));
#4764=CARTESIAN_POINT('Origin',(2.38449748587536,9.3,-1.82048667664833));
#4765=CARTESIAN_POINT('',(2.38449748587536,8.9,-1.82048667664833));
#4766=CARTESIAN_POINT('',(2.38449748587536,8.9,-1.82048667664833));
#4767=CARTESIAN_POINT('',(2.38449748587536,9.7,-1.82048667664833));
#4768=CARTESIAN_POINT('',(2.38449748587536,9.25,-1.82048667664833));
#4769=CARTESIAN_POINT('',(2.38449748587536,9.7,-1.82048667664833));
#4770=CARTESIAN_POINT('Origin',(2.12132034355964,9.7,-2.12132034355964));
#4771=CARTESIAN_POINT('',(1.82048667664833,9.7,-2.38449748587536));
#4772=CARTESIAN_POINT('Origin',(0.,9.7,0.));
#4773=CARTESIAN_POINT('',(1.82048667664833,9.7,-2.38449748587536));
#4774=CARTESIAN_POINT('Origin',(1.82048667664833,9.3,-2.38449748587536));
#4775=CARTESIAN_POINT('',(1.82048667664833,8.9,-2.38449748587536));
#4776=CARTESIAN_POINT('',(1.82048667664833,9.25,-2.38449748587536));
#4777=CARTESIAN_POINT('',(1.82048667664833,8.9,-2.38449748587536));
#4778=CARTESIAN_POINT('Origin',(2.12132034355964,8.9,-2.12132034355964));
#4779=CARTESIAN_POINT('Origin',(0.,8.9,0.));
#4780=CARTESIAN_POINT('Origin',(0.,9.25,0.));
#4781=CARTESIAN_POINT('',(2.70243048399207,11.3,-2.06321823353478));
#4782=CARTESIAN_POINT('',(2.70243048399207,10.5,-2.06321823353478));
#4783=CARTESIAN_POINT('',(2.70243048399207,11.3,-2.06321823353478));
#4784=CARTESIAN_POINT('',(2.06321823353478,11.3,-2.70243048399207));
#4785=CARTESIAN_POINT('Origin',(0.,11.3,0.));
#4786=CARTESIAN_POINT('',(2.06321823353478,10.5,-2.70243048399207));
#4787=CARTESIAN_POINT('',(2.06321823353478,10.5,-2.70243048399207));
#4788=CARTESIAN_POINT('Origin',(0.,10.5,0.));
#4789=CARTESIAN_POINT('Origin',(2.38449748587536,10.9,-1.82048667664833));
#4790=CARTESIAN_POINT('',(2.38449748587536,10.5,-1.82048667664833));
#4791=CARTESIAN_POINT('',(2.38449748587536,10.5,-1.82048667664833));
#4792=CARTESIAN_POINT('',(2.38449748587536,11.3,-1.82048667664833));
#4793=CARTESIAN_POINT('',(2.38449748587536,9.25,-1.82048667664833));
#4794=CARTESIAN_POINT('',(2.38449748587536,11.3,-1.82048667664833));
#4795=CARTESIAN_POINT('Origin',(2.12132034355964,11.3,-2.12132034355964));
#4796=CARTESIAN_POINT('',(1.82048667664833,11.3,-2.38449748587536));
#4797=CARTESIAN_POINT('Origin',(0.,11.3,0.));
#4798=CARTESIAN_POINT('',(1.82048667664833,11.3,-2.38449748587536));
#4799=CARTESIAN_POINT('Origin',(1.82048667664833,10.9,-2.38449748587536));
#4800=CARTESIAN_POINT('',(1.82048667664833,10.5,-2.38449748587536));
#4801=CARTESIAN_POINT('',(1.82048667664833,9.25,-2.38449748587536));
#4802=CARTESIAN_POINT('',(1.82048667664833,10.5,-2.38449748587536));
#4803=CARTESIAN_POINT('Origin',(2.12132034355964,10.5,-2.12132034355964));
#4804=CARTESIAN_POINT('Origin',(0.,10.5,0.));
#4805=CARTESIAN_POINT('Origin',(0.,9.25,0.));
#4806=CARTESIAN_POINT('',(2.70243048399207,6.5,-2.06321823353478));
#4807=CARTESIAN_POINT('',(2.70243048399207,5.7,-2.06321823353478));
#4808=CARTESIAN_POINT('',(2.70243048399207,6.5,-2.06321823353478));
#4809=CARTESIAN_POINT('',(2.06321823353478,6.5,-2.70243048399207));
#4810=CARTESIAN_POINT('Origin',(0.,6.5,0.));
#4811=CARTESIAN_POINT('',(2.06321823353478,5.7,-2.70243048399207));
#4812=CARTESIAN_POINT('',(2.06321823353478,5.7,-2.70243048399207));
#4813=CARTESIAN_POINT('Origin',(0.,5.7,0.));
#4814=CARTESIAN_POINT('Origin',(2.38449748587536,6.1,-1.82048667664833));
#4815=CARTESIAN_POINT('',(2.38449748587536,5.7,-1.82048667664833));
#4816=CARTESIAN_POINT('',(2.38449748587536,5.7,-1.82048667664833));
#4817=CARTESIAN_POINT('',(2.38449748587536,6.5,-1.82048667664833));
#4818=CARTESIAN_POINT('',(2.38449748587536,9.25,-1.82048667664833));
#4819=CARTESIAN_POINT('',(2.38449748587536,6.5,-1.82048667664833));
#4820=CARTESIAN_POINT('Origin',(2.12132034355964,6.5,-2.12132034355964));
#4821=CARTESIAN_POINT('',(1.82048667664833,6.5,-2.38449748587536));
#4822=CARTESIAN_POINT('Origin',(0.,6.5,0.));
#4823=CARTESIAN_POINT('',(1.82048667664833,6.5,-2.38449748587536));
#4824=CARTESIAN_POINT('Origin',(1.82048667664833,6.1,-2.38449748587536));
#4825=CARTESIAN_POINT('',(1.82048667664833,5.7,-2.38449748587536));
#4826=CARTESIAN_POINT('',(1.82048667664833,9.25,-2.38449748587536));
#4827=CARTESIAN_POINT('',(1.82048667664833,5.7,-2.38449748587536));
#4828=CARTESIAN_POINT('Origin',(2.12132034355964,5.7,-2.12132034355964));
#4829=CARTESIAN_POINT('Origin',(0.,5.7,0.));
#4830=CARTESIAN_POINT('Origin',(0.,9.25,0.));
#4831=CARTESIAN_POINT('',(2.70243048399207,8.1,-2.06321823353478));
#4832=CARTESIAN_POINT('',(2.70243048399207,7.3,-2.06321823353478));
#4833=CARTESIAN_POINT('',(2.70243048399207,8.1,-2.06321823353478));
#4834=CARTESIAN_POINT('',(2.06321823353478,8.1,-2.70243048399207));
#4835=CARTESIAN_POINT('Origin',(0.,8.1,0.));
#4836=CARTESIAN_POINT('',(2.06321823353478,7.3,-2.70243048399207));
#4837=CARTESIAN_POINT('',(2.06321823353478,7.3,-2.70243048399207));
#4838=CARTESIAN_POINT('Origin',(0.,7.3,0.));
#4839=CARTESIAN_POINT('Origin',(2.38449748587536,7.7,-1.82048667664833));
#4840=CARTESIAN_POINT('',(2.38449748587536,7.3,-1.82048667664833));
#4841=CARTESIAN_POINT('',(2.38449748587536,7.3,-1.82048667664833));
#4842=CARTESIAN_POINT('',(2.38449748587536,8.1,-1.82048667664833));
#4843=CARTESIAN_POINT('',(2.38449748587536,9.25,-1.82048667664833));
#4844=CARTESIAN_POINT('',(2.38449748587536,8.1,-1.82048667664833));
#4845=CARTESIAN_POINT('Origin',(2.12132034355964,8.1,-2.12132034355964));
#4846=CARTESIAN_POINT('',(1.82048667664833,8.1,-2.38449748587536));
#4847=CARTESIAN_POINT('Origin',(0.,8.1,0.));
#4848=CARTESIAN_POINT('',(1.82048667664833,8.1,-2.38449748587536));
#4849=CARTESIAN_POINT('Origin',(1.82048667664833,7.7,-2.38449748587536));
#4850=CARTESIAN_POINT('',(1.82048667664833,7.3,-2.38449748587536));
#4851=CARTESIAN_POINT('',(1.82048667664833,9.25,-2.38449748587536));
#4852=CARTESIAN_POINT('',(1.82048667664833,7.3,-2.38449748587536));
#4853=CARTESIAN_POINT('Origin',(2.12132034355964,7.3,-2.12132034355964));
#4854=CARTESIAN_POINT('Origin',(0.,7.3,0.));
#4855=CARTESIAN_POINT('Origin',(0.,9.25,0.));
#4856=CARTESIAN_POINT('',(3.36982252491621,9.7,0.451991316915868));
#4857=CARTESIAN_POINT('',(3.36982252491621,8.9,0.451991316915868));
#4858=CARTESIAN_POINT('',(3.36982252491621,9.7,0.451991316915868));
#4859=CARTESIAN_POINT('',(3.36982252491621,9.7,-0.451991316915868));
#4860=CARTESIAN_POINT('Origin',(0.,9.7,0.));
#4861=CARTESIAN_POINT('',(3.36982252491621,8.9,-0.451991316915867));
#4862=CARTESIAN_POINT('',(3.36982252491621,8.9,-0.451991316915868));
#4863=CARTESIAN_POINT('Origin',(0.,8.9,0.));
#4864=CARTESIAN_POINT('Origin',(2.97337281610254,9.3,0.398815867866942));
#4865=CARTESIAN_POINT('',(2.97337281610254,8.9,0.398815867866942));
#4866=CARTESIAN_POINT('',(2.97337281610254,8.9,0.398815867866942));
#4867=CARTESIAN_POINT('',(2.97337281610254,9.7,0.398815867866942));
#4868=CARTESIAN_POINT('',(2.97337281610254,9.25,0.398815867866942));
#4869=CARTESIAN_POINT('',(2.97337281610254,9.7,0.398815867866942));
#4870=CARTESIAN_POINT('Origin',(3.,9.7,2.04493445488446E-17));
#4871=CARTESIAN_POINT('',(2.97337281610254,9.7,-0.398815867866942));
#4872=CARTESIAN_POINT('Origin',(0.,9.7,0.));
#4873=CARTESIAN_POINT('',(2.97337281610254,9.7,-0.398815867866942));
#4874=CARTESIAN_POINT('Origin',(2.97337281610254,9.3,-0.398815867866942));
#4875=CARTESIAN_POINT('',(2.97337281610254,8.9,-0.398815867866942));
#4876=CARTESIAN_POINT('',(2.97337281610254,9.25,-0.398815867866942));
#4877=CARTESIAN_POINT('',(2.97337281610254,8.9,-0.398815867866942));
#4878=CARTESIAN_POINT('Origin',(3.,8.9,3.67394039744206E-16));
#4879=CARTESIAN_POINT('Origin',(0.,8.9,0.));
#4880=CARTESIAN_POINT('Origin',(0.,9.25,0.));
#4881=CARTESIAN_POINT('',(3.36982252491621,11.3,0.451991316915868));
#4882=CARTESIAN_POINT('',(3.36982252491621,10.5,0.451991316915868));
#4883=CARTESIAN_POINT('',(3.36982252491621,11.3,0.451991316915868));
#4884=CARTESIAN_POINT('',(3.36982252491621,11.3,-0.451991316915868));
#4885=CARTESIAN_POINT('Origin',(0.,11.3,0.));
#4886=CARTESIAN_POINT('',(3.36982252491621,10.5,-0.451991316915867));
#4887=CARTESIAN_POINT('',(3.36982252491621,10.5,-0.451991316915868));
#4888=CARTESIAN_POINT('Origin',(0.,10.5,0.));
#4889=CARTESIAN_POINT('Origin',(2.97337281610254,10.9,0.398815867866942));
#4890=CARTESIAN_POINT('',(2.97337281610254,10.5,0.398815867866942));
#4891=CARTESIAN_POINT('',(2.97337281610254,10.5,0.398815867866942));
#4892=CARTESIAN_POINT('',(2.97337281610254,11.3,0.398815867866942));
#4893=CARTESIAN_POINT('',(2.97337281610254,9.25,0.398815867866942));
#4894=CARTESIAN_POINT('',(2.97337281610254,11.3,0.398815867866942));
#4895=CARTESIAN_POINT('Origin',(3.,11.3,2.04493445488446E-17));
#4896=CARTESIAN_POINT('',(2.97337281610254,11.3,-0.398815867866942));
#4897=CARTESIAN_POINT('Origin',(0.,11.3,0.));
#4898=CARTESIAN_POINT('',(2.97337281610254,11.3,-0.398815867866942));
#4899=CARTESIAN_POINT('Origin',(2.97337281610254,10.9,-0.398815867866942));
#4900=CARTESIAN_POINT('',(2.97337281610254,10.5,-0.398815867866942));
#4901=CARTESIAN_POINT('',(2.97337281610254,9.25,-0.398815867866942));
#4902=CARTESIAN_POINT('',(2.97337281610254,10.5,-0.398815867866942));
#4903=CARTESIAN_POINT('Origin',(3.,10.5,3.67394039744206E-16));
#4904=CARTESIAN_POINT('Origin',(0.,10.5,0.));
#4905=CARTESIAN_POINT('Origin',(0.,9.25,0.));
#4906=CARTESIAN_POINT('',(3.36982252491621,6.5,0.451991316915868));
#4907=CARTESIAN_POINT('',(3.36982252491621,5.7,0.451991316915868));
#4908=CARTESIAN_POINT('',(3.36982252491621,6.5,0.451991316915868));
#4909=CARTESIAN_POINT('',(3.36982252491621,6.5,-0.451991316915868));
#4910=CARTESIAN_POINT('Origin',(0.,6.5,0.));
#4911=CARTESIAN_POINT('',(3.36982252491621,5.7,-0.451991316915867));
#4912=CARTESIAN_POINT('',(3.36982252491621,5.7,-0.451991316915868));
#4913=CARTESIAN_POINT('Origin',(0.,5.7,0.));
#4914=CARTESIAN_POINT('Origin',(2.97337281610254,6.1,0.398815867866942));
#4915=CARTESIAN_POINT('',(2.97337281610254,5.7,0.398815867866942));
#4916=CARTESIAN_POINT('',(2.97337281610254,5.7,0.398815867866942));
#4917=CARTESIAN_POINT('',(2.97337281610254,6.5,0.398815867866942));
#4918=CARTESIAN_POINT('',(2.97337281610254,9.25,0.398815867866942));
#4919=CARTESIAN_POINT('',(2.97337281610254,6.5,0.398815867866942));
#4920=CARTESIAN_POINT('Origin',(3.,6.5,2.04493445488446E-17));
#4921=CARTESIAN_POINT('',(2.97337281610254,6.5,-0.398815867866942));
#4922=CARTESIAN_POINT('Origin',(0.,6.5,0.));
#4923=CARTESIAN_POINT('',(2.97337281610254,6.5,-0.398815867866942));
#4924=CARTESIAN_POINT('Origin',(2.97337281610254,6.1,-0.398815867866942));
#4925=CARTESIAN_POINT('',(2.97337281610254,5.7,-0.398815867866942));
#4926=CARTESIAN_POINT('',(2.97337281610254,9.25,-0.398815867866942));
#4927=CARTESIAN_POINT('',(2.97337281610254,5.7,-0.398815867866942));
#4928=CARTESIAN_POINT('Origin',(3.,5.7,3.67394039744206E-16));
#4929=CARTESIAN_POINT('Origin',(0.,5.7,0.));
#4930=CARTESIAN_POINT('Origin',(0.,9.25,0.));
#4931=CARTESIAN_POINT('',(3.36982252491621,8.1,0.451991316915868));
#4932=CARTESIAN_POINT('',(3.36982252491621,7.3,0.451991316915868));
#4933=CARTESIAN_POINT('',(3.36982252491621,8.1,0.451991316915868));
#4934=CARTESIAN_POINT('',(3.36982252491621,8.1,-0.451991316915868));
#4935=CARTESIAN_POINT('Origin',(0.,8.1,0.));
#4936=CARTESIAN_POINT('',(3.36982252491621,7.3,-0.451991316915867));
#4937=CARTESIAN_POINT('',(3.36982252491621,7.3,-0.451991316915868));
#4938=CARTESIAN_POINT('Origin',(0.,7.3,0.));
#4939=CARTESIAN_POINT('Origin',(2.97337281610254,7.7,0.398815867866942));
#4940=CARTESIAN_POINT('',(2.97337281610254,7.3,0.398815867866942));
#4941=CARTESIAN_POINT('',(2.97337281610254,7.3,0.398815867866942));
#4942=CARTESIAN_POINT('',(2.97337281610254,8.1,0.398815867866942));
#4943=CARTESIAN_POINT('',(2.97337281610254,9.25,0.398815867866942));
#4944=CARTESIAN_POINT('',(2.97337281610254,8.1,0.398815867866942));
#4945=CARTESIAN_POINT('Origin',(3.,8.1,2.04493445488446E-17));
#4946=CARTESIAN_POINT('',(2.97337281610254,8.1,-0.398815867866942));
#4947=CARTESIAN_POINT('Origin',(0.,8.1,0.));
#4948=CARTESIAN_POINT('',(2.97337281610254,8.1,-0.398815867866942));
#4949=CARTESIAN_POINT('Origin',(2.97337281610254,7.7,-0.398815867866942));
#4950=CARTESIAN_POINT('',(2.97337281610254,7.3,-0.398815867866942));
#4951=CARTESIAN_POINT('',(2.97337281610254,9.25,-0.398815867866942));
#4952=CARTESIAN_POINT('',(2.97337281610254,7.3,-0.398815867866942));
#4953=CARTESIAN_POINT('Origin',(3.,7.3,3.67394039744206E-16));
#4954=CARTESIAN_POINT('Origin',(0.,7.3,0.));
#4955=CARTESIAN_POINT('Origin',(0.,9.25,0.));
#4956=CARTESIAN_POINT('',(2.06321823353478,9.7,2.70243048399207));
#4957=CARTESIAN_POINT('',(2.06321823353478,8.9,2.70243048399207));
#4958=CARTESIAN_POINT('',(2.06321823353478,9.7,2.70243048399207));
#4959=CARTESIAN_POINT('',(2.70243048399207,9.7,2.06321823353478));
#4960=CARTESIAN_POINT('Origin',(0.,9.7,0.));
#4961=CARTESIAN_POINT('',(2.70243048399207,8.9,2.06321823353478));
#4962=CARTESIAN_POINT('',(2.70243048399207,8.9,2.06321823353478));
#4963=CARTESIAN_POINT('Origin',(0.,8.9,0.));
#4964=CARTESIAN_POINT('Origin',(1.82048667664833,9.3,2.38449748587536));
#4965=CARTESIAN_POINT('',(1.82048667664833,8.9,2.38449748587536));
#4966=CARTESIAN_POINT('',(1.82048667664833,8.9,2.38449748587536));
#4967=CARTESIAN_POINT('',(1.82048667664833,9.7,2.38449748587536));
#4968=CARTESIAN_POINT('',(1.82048667664833,9.25,2.38449748587536));
#4969=CARTESIAN_POINT('',(1.82048667664833,9.7,2.38449748587536));
#4970=CARTESIAN_POINT('Origin',(2.12132034355964,9.7,2.12132034355964));
#4971=CARTESIAN_POINT('',(2.38449748587536,9.7,1.82048667664833));
#4972=CARTESIAN_POINT('Origin',(0.,9.7,0.));
#4973=CARTESIAN_POINT('',(2.38449748587536,9.7,1.82048667664833));
#4974=CARTESIAN_POINT('Origin',(2.38449748587536,9.3,1.82048667664833));
#4975=CARTESIAN_POINT('',(2.38449748587536,8.9,1.82048667664833));
#4976=CARTESIAN_POINT('',(2.38449748587536,9.25,1.82048667664833));
#4977=CARTESIAN_POINT('',(2.38449748587536,8.9,1.82048667664833));
#4978=CARTESIAN_POINT('Origin',(2.12132034355964,8.9,2.12132034355964));
#4979=CARTESIAN_POINT('Origin',(0.,8.9,0.));
#4980=CARTESIAN_POINT('Origin',(0.,9.25,0.));
#4981=CARTESIAN_POINT('',(2.06321823353478,11.3,2.70243048399207));
#4982=CARTESIAN_POINT('',(2.06321823353478,10.5,2.70243048399207));
#4983=CARTESIAN_POINT('',(2.06321823353478,11.3,2.70243048399207));
#4984=CARTESIAN_POINT('',(2.70243048399207,11.3,2.06321823353478));
#4985=CARTESIAN_POINT('Origin',(0.,11.3,0.));
#4986=CARTESIAN_POINT('',(2.70243048399207,10.5,2.06321823353478));
#4987=CARTESIAN_POINT('',(2.70243048399207,10.5,2.06321823353478));
#4988=CARTESIAN_POINT('Origin',(0.,10.5,0.));
#4989=CARTESIAN_POINT('Origin',(1.82048667664833,10.9,2.38449748587536));
#4990=CARTESIAN_POINT('',(1.82048667664833,10.5,2.38449748587536));
#4991=CARTESIAN_POINT('',(1.82048667664833,10.5,2.38449748587536));
#4992=CARTESIAN_POINT('',(1.82048667664833,11.3,2.38449748587536));
#4993=CARTESIAN_POINT('',(1.82048667664833,9.25,2.38449748587536));
#4994=CARTESIAN_POINT('',(1.82048667664833,11.3,2.38449748587536));
#4995=CARTESIAN_POINT('Origin',(2.12132034355964,11.3,2.12132034355964));
#4996=CARTESIAN_POINT('',(2.38449748587536,11.3,1.82048667664833));
#4997=CARTESIAN_POINT('Origin',(0.,11.3,0.));
#4998=CARTESIAN_POINT('',(2.38449748587536,11.3,1.82048667664833));
#4999=CARTESIAN_POINT('Origin',(2.38449748587536,10.9,1.82048667664833));
#5000=CARTESIAN_POINT('',(2.38449748587536,10.5,1.82048667664833));
#5001=CARTESIAN_POINT('',(2.38449748587536,9.25,1.82048667664833));
#5002=CARTESIAN_POINT('',(2.38449748587536,10.5,1.82048667664833));
#5003=CARTESIAN_POINT('Origin',(2.12132034355964,10.5,2.12132034355964));
#5004=CARTESIAN_POINT('Origin',(0.,10.5,0.));
#5005=CARTESIAN_POINT('Origin',(0.,9.25,0.));
#5006=CARTESIAN_POINT('',(2.06321823353478,6.5,2.70243048399207));
#5007=CARTESIAN_POINT('',(2.06321823353478,5.7,2.70243048399207));
#5008=CARTESIAN_POINT('',(2.06321823353478,6.5,2.70243048399207));
#5009=CARTESIAN_POINT('',(2.70243048399207,6.5,2.06321823353478));
#5010=CARTESIAN_POINT('Origin',(0.,6.5,0.));
#5011=CARTESIAN_POINT('',(2.70243048399207,5.7,2.06321823353478));
#5012=CARTESIAN_POINT('',(2.70243048399207,5.7,2.06321823353478));
#5013=CARTESIAN_POINT('Origin',(0.,5.7,0.));
#5014=CARTESIAN_POINT('Origin',(1.82048667664833,6.1,2.38449748587536));
#5015=CARTESIAN_POINT('',(1.82048667664833,5.7,2.38449748587536));
#5016=CARTESIAN_POINT('',(1.82048667664833,5.7,2.38449748587536));
#5017=CARTESIAN_POINT('',(1.82048667664833,6.5,2.38449748587536));
#5018=CARTESIAN_POINT('',(1.82048667664833,9.25,2.38449748587536));
#5019=CARTESIAN_POINT('',(1.82048667664833,6.5,2.38449748587536));
#5020=CARTESIAN_POINT('Origin',(2.12132034355964,6.5,2.12132034355964));
#5021=CARTESIAN_POINT('',(2.38449748587536,6.5,1.82048667664833));
#5022=CARTESIAN_POINT('Origin',(0.,6.5,0.));
#5023=CARTESIAN_POINT('',(2.38449748587536,6.5,1.82048667664833));
#5024=CARTESIAN_POINT('Origin',(2.38449748587536,6.1,1.82048667664833));
#5025=CARTESIAN_POINT('',(2.38449748587536,5.7,1.82048667664833));
#5026=CARTESIAN_POINT('',(2.38449748587536,9.25,1.82048667664833));
#5027=CARTESIAN_POINT('',(2.38449748587536,5.7,1.82048667664833));
#5028=CARTESIAN_POINT('Origin',(2.12132034355964,5.7,2.12132034355964));
#5029=CARTESIAN_POINT('Origin',(0.,5.7,0.));
#5030=CARTESIAN_POINT('Origin',(0.,9.25,0.));
#5031=CARTESIAN_POINT('',(2.06321823353478,8.1,2.70243048399207));
#5032=CARTESIAN_POINT('',(2.06321823353478,7.3,2.70243048399207));
#5033=CARTESIAN_POINT('',(2.06321823353478,8.1,2.70243048399207));
#5034=CARTESIAN_POINT('',(2.70243048399207,8.1,2.06321823353478));
#5035=CARTESIAN_POINT('Origin',(0.,8.1,0.));
#5036=CARTESIAN_POINT('',(2.70243048399207,7.3,2.06321823353478));
#5037=CARTESIAN_POINT('',(2.70243048399207,7.3,2.06321823353478));
#5038=CARTESIAN_POINT('Origin',(0.,7.3,0.));
#5039=CARTESIAN_POINT('Origin',(1.82048667664833,7.7,2.38449748587536));
#5040=CARTESIAN_POINT('',(1.82048667664833,7.3,2.38449748587536));
#5041=CARTESIAN_POINT('',(1.82048667664833,7.3,2.38449748587536));
#5042=CARTESIAN_POINT('',(1.82048667664833,8.1,2.38449748587536));
#5043=CARTESIAN_POINT('',(1.82048667664833,9.25,2.38449748587536));
#5044=CARTESIAN_POINT('',(1.82048667664833,8.1,2.38449748587536));
#5045=CARTESIAN_POINT('Origin',(2.12132034355964,8.1,2.12132034355964));
#5046=CARTESIAN_POINT('',(2.38449748587536,8.1,1.82048667664833));
#5047=CARTESIAN_POINT('Origin',(0.,8.1,0.));
#5048=CARTESIAN_POINT('',(2.38449748587536,8.1,1.82048667664833));
#5049=CARTESIAN_POINT('Origin',(2.38449748587536,7.7,1.82048667664833));
#5050=CARTESIAN_POINT('',(2.38449748587536,7.3,1.82048667664833));
#5051=CARTESIAN_POINT('',(2.38449748587536,9.25,1.82048667664833));
#5052=CARTESIAN_POINT('',(2.38449748587536,7.3,1.82048667664833));
#5053=CARTESIAN_POINT('Origin',(2.12132034355964,7.3,2.12132034355964));
#5054=CARTESIAN_POINT('Origin',(0.,7.3,0.));
#5055=CARTESIAN_POINT('Origin',(0.,9.25,0.));
#5056=CARTESIAN_POINT('',(-0.451991316915868,9.7,3.36982252491621));
#5057=CARTESIAN_POINT('',(-0.451991316915868,8.9,3.36982252491621));
#5058=CARTESIAN_POINT('',(-0.451991316915868,9.7,3.36982252491621));
#5059=CARTESIAN_POINT('',(0.451991316915868,9.7,3.36982252491621));
#5060=CARTESIAN_POINT('Origin',(0.,9.7,0.));
#5061=CARTESIAN_POINT('',(0.451991316915868,8.9,3.36982252491621));
#5062=CARTESIAN_POINT('',(0.451991316915868,8.9,3.36982252491621));
#5063=CARTESIAN_POINT('Origin',(0.,8.9,0.));
#5064=CARTESIAN_POINT('Origin',(-0.398815867866942,9.3,2.97337281610254));
#5065=CARTESIAN_POINT('',(-0.398815867866942,8.9,2.97337281610254));
#5066=CARTESIAN_POINT('',(-0.398815867866942,8.9,2.97337281610254));
#5067=CARTESIAN_POINT('',(-0.398815867866942,9.7,2.97337281610254));
#5068=CARTESIAN_POINT('',(-0.398815867866942,9.25,2.97337281610254));
#5069=CARTESIAN_POINT('',(-0.398815867866942,9.7,2.97337281610254));
#5070=CARTESIAN_POINT('Origin',(1.63247675323258E-16,9.7,3.));
#5071=CARTESIAN_POINT('',(0.398815867866942,9.7,2.97337281610254));
#5072=CARTESIAN_POINT('Origin',(0.,9.7,0.));
#5073=CARTESIAN_POINT('',(0.398815867866942,9.7,2.97337281610254));
#5074=CARTESIAN_POINT('Origin',(0.398815867866942,9.3,2.97337281610254));
#5075=CARTESIAN_POINT('',(0.398815867866942,8.9,2.97337281610254));
#5076=CARTESIAN_POINT('',(0.398815867866942,9.25,2.97337281610254));
#5077=CARTESIAN_POINT('',(0.398815867866942,8.9,2.97337281610254));
#5078=CARTESIAN_POINT('Origin',(-1.83697019872103E-16,8.9,3.));
#5079=CARTESIAN_POINT('Origin',(0.,8.9,0.));
#5080=CARTESIAN_POINT('Origin',(0.,9.25,0.));
#5081=CARTESIAN_POINT('',(-0.451991316915868,11.3,3.36982252491621));
#5082=CARTESIAN_POINT('',(-0.451991316915868,10.5,3.36982252491621));
#5083=CARTESIAN_POINT('',(-0.451991316915868,11.3,3.36982252491621));
#5084=CARTESIAN_POINT('',(0.451991316915868,11.3,3.36982252491621));
#5085=CARTESIAN_POINT('Origin',(0.,11.3,0.));
#5086=CARTESIAN_POINT('',(0.451991316915868,10.5,3.36982252491621));
#5087=CARTESIAN_POINT('',(0.451991316915868,10.5,3.36982252491621));
#5088=CARTESIAN_POINT('Origin',(0.,10.5,0.));
#5089=CARTESIAN_POINT('Origin',(-0.398815867866942,10.9,2.97337281610254));
#5090=CARTESIAN_POINT('',(-0.398815867866942,10.5,2.97337281610254));
#5091=CARTESIAN_POINT('',(-0.398815867866942,10.5,2.97337281610254));
#5092=CARTESIAN_POINT('',(-0.398815867866942,11.3,2.97337281610254));
#5093=CARTESIAN_POINT('',(-0.398815867866942,9.25,2.97337281610254));
#5094=CARTESIAN_POINT('',(-0.398815867866942,11.3,2.97337281610254));
#5095=CARTESIAN_POINT('Origin',(1.63247675323258E-16,11.3,3.));
#5096=CARTESIAN_POINT('',(0.398815867866942,11.3,2.97337281610254));
#5097=CARTESIAN_POINT('Origin',(0.,11.3,0.));
#5098=CARTESIAN_POINT('',(0.398815867866942,11.3,2.97337281610254));
#5099=CARTESIAN_POINT('Origin',(0.398815867866942,10.9,2.97337281610254));
#5100=CARTESIAN_POINT('',(0.398815867866942,10.5,2.97337281610254));
#5101=CARTESIAN_POINT('',(0.398815867866942,9.25,2.97337281610254));
#5102=CARTESIAN_POINT('',(0.398815867866942,10.5,2.97337281610254));
#5103=CARTESIAN_POINT('Origin',(-1.83697019872103E-16,10.5,3.));
#5104=CARTESIAN_POINT('Origin',(0.,10.5,0.));
#5105=CARTESIAN_POINT('Origin',(0.,9.25,0.));
#5106=CARTESIAN_POINT('',(-0.451991316915868,6.5,3.36982252491621));
#5107=CARTESIAN_POINT('',(-0.451991316915868,5.7,3.36982252491621));
#5108=CARTESIAN_POINT('',(-0.451991316915868,6.5,3.36982252491621));
#5109=CARTESIAN_POINT('',(0.451991316915868,6.5,3.36982252491621));
#5110=CARTESIAN_POINT('Origin',(0.,6.5,0.));
#5111=CARTESIAN_POINT('',(0.451991316915868,5.7,3.36982252491621));
#5112=CARTESIAN_POINT('',(0.451991316915868,5.7,3.36982252491621));
#5113=CARTESIAN_POINT('Origin',(0.,5.7,0.));
#5114=CARTESIAN_POINT('Origin',(-0.398815867866942,6.1,2.97337281610254));
#5115=CARTESIAN_POINT('',(-0.398815867866942,5.7,2.97337281610254));
#5116=CARTESIAN_POINT('',(-0.398815867866942,5.7,2.97337281610254));
#5117=CARTESIAN_POINT('',(-0.398815867866942,6.5,2.97337281610254));
#5118=CARTESIAN_POINT('',(-0.398815867866942,9.25,2.97337281610254));
#5119=CARTESIAN_POINT('',(-0.398815867866942,6.5,2.97337281610254));
#5120=CARTESIAN_POINT('Origin',(1.63247675323258E-16,6.5,3.));
#5121=CARTESIAN_POINT('',(0.398815867866942,6.5,2.97337281610254));
#5122=CARTESIAN_POINT('Origin',(0.,6.5,0.));
#5123=CARTESIAN_POINT('',(0.398815867866942,6.5,2.97337281610254));
#5124=CARTESIAN_POINT('Origin',(0.398815867866942,6.1,2.97337281610254));
#5125=CARTESIAN_POINT('',(0.398815867866942,5.7,2.97337281610254));
#5126=CARTESIAN_POINT('',(0.398815867866942,9.25,2.97337281610254));
#5127=CARTESIAN_POINT('',(0.398815867866942,5.7,2.97337281610254));
#5128=CARTESIAN_POINT('Origin',(-1.83697019872103E-16,5.7,3.));
#5129=CARTESIAN_POINT('Origin',(0.,5.7,0.));
#5130=CARTESIAN_POINT('Origin',(0.,9.25,0.));
#5131=CARTESIAN_POINT('',(-0.451991316915868,8.1,3.36982252491621));
#5132=CARTESIAN_POINT('',(-0.451991316915868,7.3,3.36982252491621));
#5133=CARTESIAN_POINT('',(-0.451991316915868,8.1,3.36982252491621));
#5134=CARTESIAN_POINT('',(0.451991316915868,8.1,3.36982252491621));
#5135=CARTESIAN_POINT('Origin',(0.,8.1,0.));
#5136=CARTESIAN_POINT('',(0.451991316915868,7.3,3.36982252491621));
#5137=CARTESIAN_POINT('',(0.451991316915868,7.3,3.36982252491621));
#5138=CARTESIAN_POINT('Origin',(0.,7.3,0.));
#5139=CARTESIAN_POINT('Origin',(-0.398815867866942,7.7,2.97337281610254));
#5140=CARTESIAN_POINT('',(-0.398815867866942,7.3,2.97337281610254));
#5141=CARTESIAN_POINT('',(-0.398815867866942,7.3,2.97337281610254));
#5142=CARTESIAN_POINT('',(-0.398815867866942,8.1,2.97337281610254));
#5143=CARTESIAN_POINT('',(-0.398815867866942,9.25,2.97337281610254));
#5144=CARTESIAN_POINT('',(-0.398815867866942,8.1,2.97337281610254));
#5145=CARTESIAN_POINT('Origin',(1.63247675323258E-16,8.1,3.));
#5146=CARTESIAN_POINT('',(0.398815867866942,8.1,2.97337281610254));
#5147=CARTESIAN_POINT('Origin',(0.,8.1,0.));
#5148=CARTESIAN_POINT('',(0.398815867866942,8.1,2.97337281610254));
#5149=CARTESIAN_POINT('Origin',(0.398815867866942,7.7,2.97337281610254));
#5150=CARTESIAN_POINT('',(0.398815867866942,7.3,2.97337281610254));
#5151=CARTESIAN_POINT('',(0.398815867866942,9.25,2.97337281610254));
#5152=CARTESIAN_POINT('',(0.398815867866942,7.3,2.97337281610254));
#5153=CARTESIAN_POINT('Origin',(-1.83697019872103E-16,7.3,3.));
#5154=CARTESIAN_POINT('Origin',(0.,7.3,0.));
#5155=CARTESIAN_POINT('Origin',(0.,9.25,0.));
#5156=CARTESIAN_POINT('',(-2.70243048399207,9.7,2.06321823353478));
#5157=CARTESIAN_POINT('',(-2.70243048399207,8.9,2.06321823353478));
#5158=CARTESIAN_POINT('',(-2.70243048399207,9.7,2.06321823353478));
#5159=CARTESIAN_POINT('',(-2.06321823353478,9.7,2.70243048399207));
#5160=CARTESIAN_POINT('Origin',(0.,9.7,0.));
#5161=CARTESIAN_POINT('',(-2.06321823353478,8.9,2.70243048399207));
#5162=CARTESIAN_POINT('',(-2.06321823353478,8.9,2.70243048399207));
#5163=CARTESIAN_POINT('Origin',(0.,8.9,0.));
#5164=CARTESIAN_POINT('Origin',(-2.38449748587536,9.3,1.82048667664833));
#5165=CARTESIAN_POINT('',(-2.38449748587536,8.9,1.82048667664833));
#5166=CARTESIAN_POINT('',(-2.38449748587536,8.9,1.82048667664833));
#5167=CARTESIAN_POINT('',(-2.38449748587536,9.7,1.82048667664833));
#5168=CARTESIAN_POINT('',(-2.38449748587536,9.25,1.82048667664833));
#5169=CARTESIAN_POINT('',(-2.38449748587536,9.7,1.82048667664833));
#5170=CARTESIAN_POINT('Origin',(-2.12132034355964,9.7,2.12132034355964));
#5171=CARTESIAN_POINT('',(-1.82048667664833,9.7,2.38449748587536));
#5172=CARTESIAN_POINT('Origin',(0.,9.7,0.));
#5173=CARTESIAN_POINT('',(-1.82048667664833,9.7,2.38449748587536));
#5174=CARTESIAN_POINT('Origin',(-1.82048667664833,9.3,2.38449748587536));
#5175=CARTESIAN_POINT('',(-1.82048667664833,8.9,2.38449748587536));
#5176=CARTESIAN_POINT('',(-1.82048667664833,9.25,2.38449748587536));
#5177=CARTESIAN_POINT('',(-1.82048667664833,8.9,2.38449748587536));
#5178=CARTESIAN_POINT('Origin',(-2.12132034355964,8.9,2.12132034355964));
#5179=CARTESIAN_POINT('Origin',(0.,8.9,0.));
#5180=CARTESIAN_POINT('Origin',(0.,9.25,0.));
#5181=CARTESIAN_POINT('',(-2.70243048399207,11.3,2.06321823353478));
#5182=CARTESIAN_POINT('',(-2.70243048399207,10.5,2.06321823353478));
#5183=CARTESIAN_POINT('',(-2.70243048399207,11.3,2.06321823353478));
#5184=CARTESIAN_POINT('',(-2.06321823353478,11.3,2.70243048399207));
#5185=CARTESIAN_POINT('Origin',(0.,11.3,0.));
#5186=CARTESIAN_POINT('',(-2.06321823353478,10.5,2.70243048399207));
#5187=CARTESIAN_POINT('',(-2.06321823353478,10.5,2.70243048399207));
#5188=CARTESIAN_POINT('Origin',(0.,10.5,0.));
#5189=CARTESIAN_POINT('Origin',(-2.38449748587536,10.9,1.82048667664833));
#5190=CARTESIAN_POINT('',(-2.38449748587536,10.5,1.82048667664833));
#5191=CARTESIAN_POINT('',(-2.38449748587536,10.5,1.82048667664833));
#5192=CARTESIAN_POINT('',(-2.38449748587536,11.3,1.82048667664833));
#5193=CARTESIAN_POINT('',(-2.38449748587536,9.25,1.82048667664833));
#5194=CARTESIAN_POINT('',(-2.38449748587536,11.3,1.82048667664833));
#5195=CARTESIAN_POINT('Origin',(-2.12132034355964,11.3,2.12132034355964));
#5196=CARTESIAN_POINT('',(-1.82048667664833,11.3,2.38449748587536));
#5197=CARTESIAN_POINT('Origin',(0.,11.3,0.));
#5198=CARTESIAN_POINT('',(-1.82048667664833,11.3,2.38449748587536));
#5199=CARTESIAN_POINT('Origin',(-1.82048667664833,10.9,2.38449748587536));
#5200=CARTESIAN_POINT('',(-1.82048667664833,10.5,2.38449748587536));
#5201=CARTESIAN_POINT('',(-1.82048667664833,9.25,2.38449748587536));
#5202=CARTESIAN_POINT('',(-1.82048667664833,10.5,2.38449748587536));
#5203=CARTESIAN_POINT('Origin',(-2.12132034355964,10.5,2.12132034355964));
#5204=CARTESIAN_POINT('Origin',(0.,10.5,0.));
#5205=CARTESIAN_POINT('Origin',(0.,9.25,0.));
#5206=CARTESIAN_POINT('',(-2.70243048399207,6.5,2.06321823353478));
#5207=CARTESIAN_POINT('',(-2.70243048399207,5.7,2.06321823353478));
#5208=CARTESIAN_POINT('',(-2.70243048399207,6.5,2.06321823353478));
#5209=CARTESIAN_POINT('',(-2.06321823353478,6.5,2.70243048399207));
#5210=CARTESIAN_POINT('Origin',(0.,6.5,0.));
#5211=CARTESIAN_POINT('',(-2.06321823353478,5.7,2.70243048399207));
#5212=CARTESIAN_POINT('',(-2.06321823353478,5.7,2.70243048399207));
#5213=CARTESIAN_POINT('Origin',(0.,5.7,0.));
#5214=CARTESIAN_POINT('Origin',(-2.38449748587536,6.1,1.82048667664833));
#5215=CARTESIAN_POINT('',(-2.38449748587536,5.7,1.82048667664833));
#5216=CARTESIAN_POINT('',(-2.38449748587536,5.7,1.82048667664833));
#5217=CARTESIAN_POINT('',(-2.38449748587536,6.5,1.82048667664833));
#5218=CARTESIAN_POINT('',(-2.38449748587536,9.25,1.82048667664833));
#5219=CARTESIAN_POINT('',(-2.38449748587536,6.5,1.82048667664833));
#5220=CARTESIAN_POINT('Origin',(-2.12132034355964,6.5,2.12132034355964));
#5221=CARTESIAN_POINT('',(-1.82048667664833,6.5,2.38449748587536));
#5222=CARTESIAN_POINT('Origin',(0.,6.5,0.));
#5223=CARTESIAN_POINT('',(-1.82048667664833,6.5,2.38449748587536));
#5224=CARTESIAN_POINT('Origin',(-1.82048667664833,6.1,2.38449748587536));
#5225=CARTESIAN_POINT('',(-1.82048667664833,5.7,2.38449748587536));
#5226=CARTESIAN_POINT('',(-1.82048667664833,9.25,2.38449748587536));
#5227=CARTESIAN_POINT('',(-1.82048667664833,5.7,2.38449748587536));
#5228=CARTESIAN_POINT('Origin',(-2.12132034355964,5.7,2.12132034355964));
#5229=CARTESIAN_POINT('Origin',(0.,5.7,0.));
#5230=CARTESIAN_POINT('Origin',(0.,9.25,0.));
#5231=CARTESIAN_POINT('',(-2.70243048399207,8.1,2.06321823353478));
#5232=CARTESIAN_POINT('',(-2.70243048399207,7.3,2.06321823353478));
#5233=CARTESIAN_POINT('',(-2.70243048399207,8.1,2.06321823353478));
#5234=CARTESIAN_POINT('',(-2.06321823353478,8.1,2.70243048399207));
#5235=CARTESIAN_POINT('Origin',(0.,8.1,0.));
#5236=CARTESIAN_POINT('',(-2.06321823353478,7.3,2.70243048399207));
#5237=CARTESIAN_POINT('',(-2.06321823353478,7.3,2.70243048399207));
#5238=CARTESIAN_POINT('Origin',(0.,7.3,0.));
#5239=CARTESIAN_POINT('Origin',(-2.38449748587536,7.7,1.82048667664833));
#5240=CARTESIAN_POINT('',(-2.38449748587536,7.3,1.82048667664833));
#5241=CARTESIAN_POINT('',(-2.38449748587536,7.3,1.82048667664833));
#5242=CARTESIAN_POINT('',(-2.38449748587536,8.1,1.82048667664833));
#5243=CARTESIAN_POINT('',(-2.38449748587536,9.25,1.82048667664833));
#5244=CARTESIAN_POINT('',(-2.38449748587536,8.1,1.82048667664833));
#5245=CARTESIAN_POINT('Origin',(-2.12132034355964,8.1,2.12132034355964));
#5246=CARTESIAN_POINT('',(-1.82048667664833,8.1,2.38449748587536));
#5247=CARTESIAN_POINT('Origin',(0.,8.1,0.));
#5248=CARTESIAN_POINT('',(-1.82048667664833,8.1,2.38449748587536));
#5249=CARTESIAN_POINT('Origin',(-1.82048667664833,7.7,2.38449748587536));
#5250=CARTESIAN_POINT('',(-1.82048667664833,7.3,2.38449748587536));
#5251=CARTESIAN_POINT('',(-1.82048667664833,9.25,2.38449748587536));
#5252=CARTESIAN_POINT('',(-1.82048667664833,7.3,2.38449748587536));
#5253=CARTESIAN_POINT('Origin',(-2.12132034355964,7.3,2.12132034355964));
#5254=CARTESIAN_POINT('Origin',(0.,7.3,0.));
#5255=CARTESIAN_POINT('Origin',(0.,9.25,0.));
#5256=CARTESIAN_POINT('',(-3.36982252491621,9.7,-0.451991316915867));
#5257=CARTESIAN_POINT('',(-3.36982252491621,8.9,-0.451991316915868));
#5258=CARTESIAN_POINT('',(-3.36982252491621,9.7,-0.451991316915868));
#5259=CARTESIAN_POINT('',(-3.36982252491621,9.7,0.451991316915868));
#5260=CARTESIAN_POINT('Origin',(0.,9.7,0.));
#5261=CARTESIAN_POINT('',(-3.36982252491621,8.9,0.451991316915868));
#5262=CARTESIAN_POINT('',(-3.36982252491621,8.9,0.451991316915868));
#5263=CARTESIAN_POINT('Origin',(0.,8.9,0.));
#5264=CARTESIAN_POINT('Origin',(-2.97337281610254,9.3,-0.398815867866942));
#5265=CARTESIAN_POINT('',(-2.97337281610254,8.9,-0.398815867866942));
#5266=CARTESIAN_POINT('',(-2.97337281610254,8.9,-0.398815867866942));
#5267=CARTESIAN_POINT('',(-2.97337281610254,9.7,-0.398815867866942));
#5268=CARTESIAN_POINT('',(-2.97337281610254,9.25,-0.398815867866942));
#5269=CARTESIAN_POINT('',(-2.97337281610254,9.7,-0.398815867866942));
#5270=CARTESIAN_POINT('Origin',(-3.,9.7,3.46944695195361E-16));
#5271=CARTESIAN_POINT('',(-2.97337281610254,9.7,0.398815867866942));
#5272=CARTESIAN_POINT('Origin',(0.,9.7,0.));
#5273=CARTESIAN_POINT('',(-2.97337281610254,9.7,0.398815867866942));
#5274=CARTESIAN_POINT('Origin',(-2.97337281610254,9.3,0.398815867866942));
#5275=CARTESIAN_POINT('',(-2.97337281610254,8.9,0.398815867866942));
#5276=CARTESIAN_POINT('',(-2.97337281610254,9.25,0.398815867866942));
#5277=CARTESIAN_POINT('',(-2.97337281610254,8.9,0.398815867866942));
#5278=CARTESIAN_POINT('Origin',(-3.,8.9,0.));
#5279=CARTESIAN_POINT('Origin',(0.,8.9,0.));
#5280=CARTESIAN_POINT('Origin',(0.,9.25,0.));
#5281=CARTESIAN_POINT('',(-3.36982252491621,11.3,-0.451991316915867));
#5282=CARTESIAN_POINT('',(-3.36982252491621,10.5,-0.451991316915868));
#5283=CARTESIAN_POINT('',(-3.36982252491621,11.3,-0.451991316915868));
#5284=CARTESIAN_POINT('',(-3.36982252491621,11.3,0.451991316915868));
#5285=CARTESIAN_POINT('Origin',(0.,11.3,0.));
#5286=CARTESIAN_POINT('',(-3.36982252491621,10.5,0.451991316915868));
#5287=CARTESIAN_POINT('',(-3.36982252491621,10.5,0.451991316915868));
#5288=CARTESIAN_POINT('Origin',(0.,10.5,0.));
#5289=CARTESIAN_POINT('Origin',(-2.97337281610254,10.9,-0.398815867866942));
#5290=CARTESIAN_POINT('',(-2.97337281610254,10.5,-0.398815867866942));
#5291=CARTESIAN_POINT('',(-2.97337281610254,10.5,-0.398815867866942));
#5292=CARTESIAN_POINT('',(-2.97337281610254,11.3,-0.398815867866942));
#5293=CARTESIAN_POINT('',(-2.97337281610254,9.25,-0.398815867866942));
#5294=CARTESIAN_POINT('',(-2.97337281610254,11.3,-0.398815867866942));
#5295=CARTESIAN_POINT('Origin',(-3.,11.3,3.46944695195361E-16));
#5296=CARTESIAN_POINT('',(-2.97337281610254,11.3,0.398815867866942));
#5297=CARTESIAN_POINT('Origin',(0.,11.3,0.));
#5298=CARTESIAN_POINT('',(-2.97337281610254,11.3,0.398815867866942));
#5299=CARTESIAN_POINT('Origin',(-2.97337281610254,10.9,0.398815867866942));
#5300=CARTESIAN_POINT('',(-2.97337281610254,10.5,0.398815867866942));
#5301=CARTESIAN_POINT('',(-2.97337281610254,9.25,0.398815867866942));
#5302=CARTESIAN_POINT('',(-2.97337281610254,10.5,0.398815867866942));
#5303=CARTESIAN_POINT('Origin',(-3.,10.5,0.));
#5304=CARTESIAN_POINT('Origin',(0.,10.5,0.));
#5305=CARTESIAN_POINT('Origin',(0.,9.25,0.));
#5306=CARTESIAN_POINT('',(-3.36982252491621,6.5,-0.451991316915867));
#5307=CARTESIAN_POINT('',(-3.36982252491621,5.7,-0.451991316915868));
#5308=CARTESIAN_POINT('',(-3.36982252491621,6.5,-0.451991316915868));
#5309=CARTESIAN_POINT('',(-3.36982252491621,6.5,0.451991316915868));
#5310=CARTESIAN_POINT('Origin',(0.,6.5,0.));
#5311=CARTESIAN_POINT('',(-3.36982252491621,5.7,0.451991316915868));
#5312=CARTESIAN_POINT('',(-3.36982252491621,5.7,0.451991316915868));
#5313=CARTESIAN_POINT('Origin',(0.,5.7,0.));
#5314=CARTESIAN_POINT('Origin',(-2.97337281610254,6.1,-0.398815867866942));
#5315=CARTESIAN_POINT('',(-2.97337281610254,5.7,-0.398815867866942));
#5316=CARTESIAN_POINT('',(-2.97337281610254,5.7,-0.398815867866942));
#5317=CARTESIAN_POINT('',(-2.97337281610254,6.5,-0.398815867866942));
#5318=CARTESIAN_POINT('',(-2.97337281610254,9.25,-0.398815867866942));
#5319=CARTESIAN_POINT('',(-2.97337281610254,6.5,-0.398815867866942));
#5320=CARTESIAN_POINT('Origin',(-3.,6.5,3.46944695195361E-16));
#5321=CARTESIAN_POINT('',(-2.97337281610254,6.5,0.398815867866942));
#5322=CARTESIAN_POINT('Origin',(0.,6.5,0.));
#5323=CARTESIAN_POINT('',(-2.97337281610254,6.5,0.398815867866942));
#5324=CARTESIAN_POINT('Origin',(-2.97337281610254,6.1,0.398815867866942));
#5325=CARTESIAN_POINT('',(-2.97337281610254,5.7,0.398815867866942));
#5326=CARTESIAN_POINT('',(-2.97337281610254,9.25,0.398815867866942));
#5327=CARTESIAN_POINT('',(-2.97337281610254,5.7,0.398815867866942));
#5328=CARTESIAN_POINT('Origin',(-3.,5.7,0.));
#5329=CARTESIAN_POINT('Origin',(0.,5.7,0.));
#5330=CARTESIAN_POINT('Origin',(0.,9.25,0.));
#5331=CARTESIAN_POINT('',(-3.36982252491621,8.1,-0.451991316915867));
#5332=CARTESIAN_POINT('',(-3.36982252491621,7.3,-0.451991316915868));
#5333=CARTESIAN_POINT('',(-3.36982252491621,8.1,-0.451991316915868));
#5334=CARTESIAN_POINT('',(-3.36982252491621,8.1,0.451991316915868));
#5335=CARTESIAN_POINT('Origin',(0.,8.1,0.));
#5336=CARTESIAN_POINT('',(-3.36982252491621,7.3,0.451991316915868));
#5337=CARTESIAN_POINT('',(-3.36982252491621,7.3,0.451991316915868));
#5338=CARTESIAN_POINT('Origin',(0.,7.3,0.));
#5339=CARTESIAN_POINT('Origin',(-2.97337281610254,7.7,-0.398815867866942));
#5340=CARTESIAN_POINT('',(-2.97337281610254,7.3,-0.398815867866942));
#5341=CARTESIAN_POINT('',(-2.97337281610254,7.3,-0.398815867866942));
#5342=CARTESIAN_POINT('',(-2.97337281610254,8.1,-0.398815867866942));
#5343=CARTESIAN_POINT('',(-2.97337281610254,9.25,-0.398815867866942));
#5344=CARTESIAN_POINT('',(-2.97337281610254,8.1,-0.398815867866942));
#5345=CARTESIAN_POINT('Origin',(-3.,8.1,3.46944695195361E-16));
#5346=CARTESIAN_POINT('',(-2.97337281610254,8.1,0.398815867866942));
#5347=CARTESIAN_POINT('Origin',(0.,8.1,0.));
#5348=CARTESIAN_POINT('',(-2.97337281610254,8.1,0.398815867866942));
#5349=CARTESIAN_POINT('Origin',(-2.97337281610254,7.7,0.398815867866942));
#5350=CARTESIAN_POINT('',(-2.97337281610254,7.3,0.398815867866942));
#5351=CARTESIAN_POINT('',(-2.97337281610254,9.25,0.398815867866942));
#5352=CARTESIAN_POINT('',(-2.97337281610254,7.3,0.398815867866942));
#5353=CARTESIAN_POINT('Origin',(-3.,7.3,0.));
#5354=CARTESIAN_POINT('Origin',(0.,7.3,0.));
#5355=CARTESIAN_POINT('Ctrl Pts',(-1.26059492705578,-0.329089653438087,
-2.58055893749421));
#5356=CARTESIAN_POINT('Ctrl Pts',(-2.11739321949621,-0.276246960526371,
-2.162015665621));
#5357=CARTESIAN_POINT('Ctrl Pts',(-3.3666679573627,-0.17056157470294,-0.411708381765378));
#5358=CARTESIAN_POINT('Ctrl Pts',(-2.17373005427305,-0.0120334959677929,
2.60786999262681));
#5359=CARTESIAN_POINT('Ctrl Pts',(1.00630243523346,0.146494582767354,3.23921548872149));
#5360=CARTESIAN_POINT('Ctrl Pts',(3.26628937209038,0.305022661502501,0.917766267492023));
#5361=CARTESIAN_POINT('Ctrl Pts',(2.54567305753988,0.463550740237648,-2.24339055640633));
#5362=CARTESIAN_POINT('Ctrl Pts',(-0.498976863893388,0.622078818972795,
-3.35580411587052));
#5363=CARTESIAN_POINT('Ctrl Pts',(-3.08796263117601,0.780606897707942,-1.40565896992406));
#5364=CARTESIAN_POINT('Ctrl Pts',(-2.85844142028575,0.939134976443089,1.82781680014558));
#5365=CARTESIAN_POINT('Ctrl Pts',(-0.0197503916432334,1.09766305517824,
3.39275746020362));
#5366=CARTESIAN_POINT('Ctrl Pts',(2.83694126186186,1.25619113391338,1.86095872345595));
#5367=CARTESIAN_POINT('Ctrl Pts',(3.1041540876753,1.41471921264853,-1.36953659813453));
#5368=CARTESIAN_POINT('Ctrl Pts',(0.537972903500658,1.57324729138368,-3.3498922992891));
#5369=CARTESIAN_POINT('Ctrl Pts',(-2.51926923679314,1.73177537011882,-2.27263814115828));
#5370=CARTESIAN_POINT('Ctrl Pts',(-3.27695479487847,1.89030344885397,0.879180085983786));
#5371=CARTESIAN_POINT('Ctrl Pts',(-1.04357853481664,2.04883152758912,3.22821049754572));
#5372=CARTESIAN_POINT('Ctrl Pts',(2.14246983851326,2.20735960632426,2.63117378664323));
#5373=CARTESIAN_POINT('Ctrl Pts',(3.37269359203211,2.36588768505941,-0.368617848513027));
#5374=CARTESIAN_POINT('Ctrl Pts',(1.52485278040475,2.52441576379456,-3.0298491004705));
#5375=CARTESIAN_POINT('Ctrl Pts',(-1.71569520111198,2.68294384252971,-2.929586698525));
#5376=CARTESIAN_POINT('Ctrl Pts',(-3.38855893898211,2.84147192126485,-0.147055240617627));
#5377=CARTESIAN_POINT('Ctrl Pts',(-2.44385113832991,2.94715730708828,1.78472894245675));
#5378=CARTESIAN_POINT('Ctrl Pts',(-1.66746714335672,3.,2.33836210323076));
#5379=CARTESIAN_POINT('Ctrl Pts',(-1.34399083100446,-0.219393102292058,
-2.75127836581033));
#5380=CARTESIAN_POINT('Ctrl Pts',(-2.25747146173308,-0.166550409380342,
-2.30504594990651));
#5381=CARTESIAN_POINT('Ctrl Pts',(-3.58939320523837,-0.0608650235569109,
-0.43894535688217));
#5382=CARTESIAN_POINT('Ctrl Pts',(-2.3175353155237,0.0976630551782361,2.78039621080198));
#5383=CARTESIAN_POINT('Ctrl Pts',(1.07287536792648,0.256191133913383,3.45350899250181));
#5384=CARTESIAN_POINT('Ctrl Pts',(3.4823739753972,0.41471921264853,0.978482002458419));
#5385=CARTESIAN_POINT('Ctrl Pts',(2.71408457597044,0.573247291383677,-2.39180427705994));
#5386=CARTESIAN_POINT('Ctrl Pts',(-0.531987171741487,0.731775370118824,
-3.57781065556948));
#5387=CARTESIAN_POINT('Ctrl Pts',(-3.29224985259782,0.890303448853971,-1.49865172907641));
#5388=CARTESIAN_POINT('Ctrl Pts',(-3.04754443903724,1.04883152758912,1.94873782801036));
#5389=CARTESIAN_POINT('Ctrl Pts',(-0.0210569983327247,1.20735960632427,
3.61720868493855));
#5390=CARTESIAN_POINT('Ctrl Pts',(3.02462191637222,1.36588768505941,1.98407228802998));
#5391=CARTESIAN_POINT('Ctrl Pts',(3.30951247091287,1.52441576379456,-1.46013964606125));
#5392=CARTESIAN_POINT('Ctrl Pts',(0.573563032910521,1.68294384252971,-3.57150773691617));
#5393=CARTESIAN_POINT('Ctrl Pts',(-2.68593398435257,1.84147192126485,-2.42298676470287));
#5394=CARTESIAN_POINT('Ctrl Pts',(-3.49374497977642,2.,0.937343113956249));
#5395=CARTESIAN_POINT('Ctrl Pts',(-1.11261750473836,2.15852807873515,3.44177595525243));
#5396=CARTESIAN_POINT('Ctrl Pts',(2.28420704927841,2.31705615747029,2.8052416903557));
#5397=CARTESIAN_POINT('Ctrl Pts',(3.59581747172783,2.47558423620544,-0.39300412679209));
#5398=CARTESIAN_POINT('Ctrl Pts',(1.6257309239552,2.63411231494059,-3.23029176380246));
#5399=CARTESIAN_POINT('Ctrl Pts',(-1.82919871372036,2.79264039367574,-3.12339640351099));
#5400=CARTESIAN_POINT('Ctrl Pts',(-3.61273240639388,2.95116847241088,-0.15678382547743));
#5401=CARTESIAN_POINT('Ctrl Pts',(-2.60552652700772,3.05685385823431,1.90279945048836));
#5402=CARTESIAN_POINT('Ctrl Pts',(-1.7777800811136,3.10969655114603,2.49305876047792));
#5403=CARTESIAN_POINT('Ctrl Pts',(-1.42738673495314,-0.109696551146029,
-2.92199779412645));
#5404=CARTESIAN_POINT('Ctrl Pts',(-2.39754970396995,-0.0568538582343133,
-2.44807623419203));
#5405=CARTESIAN_POINT('Ctrl Pts',(-3.81211845311404,0.0488315275891182,
-0.46618233199896));
#5406=CARTESIAN_POINT('Ctrl Pts',(-2.46134057677436,0.207359606324265,2.95292242897715));
#5407=CARTESIAN_POINT('Ctrl Pts',(1.1394483006195,0.365887685059413,3.66780249628213));
#5408=CARTESIAN_POINT('Ctrl Pts',(3.69845857870401,0.524415763794558,1.03919773742482));
#5409=CARTESIAN_POINT('Ctrl Pts',(2.882496094401,0.682943842529707,-2.54021799771357));
#5410=CARTESIAN_POINT('Ctrl Pts',(-0.564997479589585,0.841471921264853,
-3.79981719526843));
#5411=CARTESIAN_POINT('Ctrl Pts',(-3.49653707401963,1.,-1.59164448822878));
#5412=CARTESIAN_POINT('Ctrl Pts',(-3.23664745778874,1.15852807873515,2.06965885587515));
#5413=CARTESIAN_POINT('Ctrl Pts',(-0.022363605022215,1.31705615747029,3.84165990967347));
#5414=CARTESIAN_POINT('Ctrl Pts',(3.21230257088258,1.47558423620544,2.10718585260402));
#5415=CARTESIAN_POINT('Ctrl Pts',(3.51487085415044,1.63411231494059,-1.55074269398798));
#5416=CARTESIAN_POINT('Ctrl Pts',(0.609153162320385,1.79264039367573,-3.79312317454324));
#5417=CARTESIAN_POINT('Ctrl Pts',(-2.852598731912,1.95116847241088,-2.57333538824747));
#5418=CARTESIAN_POINT('Ctrl Pts',(-3.71053516467437,2.10969655114603,0.995506141928714));
#5419=CARTESIAN_POINT('Ctrl Pts',(-1.18165647466007,2.26822462988118,3.65534141295915));
#5420=CARTESIAN_POINT('Ctrl Pts',(2.42594426004356,2.42675270861632,2.97930959406817));
#5421=CARTESIAN_POINT('Ctrl Pts',(3.81894135142354,2.58528078735147,-0.417390405071156));
#5422=CARTESIAN_POINT('Ctrl Pts',(1.72660906750566,2.74380886608662,-3.43073442713442));
#5423=CARTESIAN_POINT('Ctrl Pts',(-1.94270222632874,2.90233694482176,-3.31720610849697));
#5424=CARTESIAN_POINT('Ctrl Pts',(-3.83690587380564,3.06086502355691,-0.166512410337228));
#5425=CARTESIAN_POINT('Ctrl Pts',(-2.76720191568554,3.16655040938034,2.02086995851996));
#5426=CARTESIAN_POINT('Ctrl Pts',(-1.88809301887049,3.21939310229206,2.64775541772508));
#5427=CARTESIAN_POINT('Ctrl Pts',(-1.51078263890181,0.,-3.09271722244257));
#5428=CARTESIAN_POINT('Ctrl Pts',(-2.53762794620681,0.0528426929117157,
-2.59110651847754));
#5429=CARTESIAN_POINT('Ctrl Pts',(-4.0348437009897,0.158528078735147,-0.493419307115752));
#5430=CARTESIAN_POINT('Ctrl Pts',(-2.60514583802501,0.317056157470294,3.12544864715233));
#5431=CARTESIAN_POINT('Ctrl Pts',(1.20602123331252,0.475584236205441,3.88209600006246));
#5432=CARTESIAN_POINT('Ctrl Pts',(3.91454318201082,0.634112314940588,1.09991347239121));
#5433=CARTESIAN_POINT('Ctrl Pts',(3.05090761283157,0.792640393675734,-2.68863171836719));
#5434=CARTESIAN_POINT('Ctrl Pts',(-0.598007787437686,0.951168472410884,
-4.02182373496739));
#5435=CARTESIAN_POINT('Ctrl Pts',(-3.70082429544144,1.10969655114603,-1.68463724738113));
#5436=CARTESIAN_POINT('Ctrl Pts',(-3.42575047654023,1.26822462988118,2.19057988373993));
#5437=CARTESIAN_POINT('Ctrl Pts',(-0.0236702117117062,1.42675270861632,
4.06611113440838));
#5438=CARTESIAN_POINT('Ctrl Pts',(3.39998322539294,1.58528078735147,2.23029941717805));
#5439=CARTESIAN_POINT('Ctrl Pts',(3.72022923738801,1.74380886608661,-1.6413457419147));
#5440=CARTESIAN_POINT('Ctrl Pts',(0.644743291730248,1.90233694482176,-4.0147386121703));
#5441=CARTESIAN_POINT('Ctrl Pts',(-3.01926347947144,2.06086502355691,-2.72368401179206));
#5442=CARTESIAN_POINT('Ctrl Pts',(-3.92732534957232,2.21939310229206,1.05366916990118));
#5443=CARTESIAN_POINT('Ctrl Pts',(-1.25069544458179,2.37792118102721,3.86890687066586));
#5444=CARTESIAN_POINT('Ctrl Pts',(2.56768147080871,2.53644925976235,3.15337749778064));
#5445=CARTESIAN_POINT('Ctrl Pts',(4.04206523111926,2.6949773384975,-0.441776683350216));
#5446=CARTESIAN_POINT('Ctrl Pts',(1.82748721105611,2.85350541723264,-3.63117709046639));
#5447=CARTESIAN_POINT('Ctrl Pts',(-2.05620573893713,3.01203349596779,-3.51101581348295));
#5448=CARTESIAN_POINT('Ctrl Pts',(-4.06107934121741,3.17056157470294,-0.176240995197035));
#5449=CARTESIAN_POINT('Ctrl Pts',(-2.92887730436335,3.27624696052637,2.13894046655157));
#5450=CARTESIAN_POINT('Ctrl Pts',(-1.99840595662738,3.32908965343809,2.80245207497224));
#5451=CARTESIAN_POINT('Ctrl Pts',(-1.51442129635206,3.,-3.09710677218153));
#5452=CARTESIAN_POINT('Ctrl Pts',(-1.5890662645275,3.,-3.0534126190554));
#5453=CARTESIAN_POINT('Ctrl Pts',(-1.66182928690009,3.,-3.00679044678557));
#5454=CARTESIAN_POINT('Ctrl Pts',(-1.73251423044918,3.,-2.95723063211701));
#5455=CARTESIAN_POINT('Ctrl Pts',(-1.82267694857215,3.,-2.89401423303926));
#5456=CARTESIAN_POINT('Ctrl Pts',(-1.90946003304337,3.,-2.82601879221046));
#5457=CARTESIAN_POINT('Ctrl Pts',(-1.99268326974651,3.,-2.75364024026599));
#5458=CARTESIAN_POINT('Ctrl Pts',(-2.03900484082746,3.,-2.7133547578521));
#5459=CARTESIAN_POINT('Ctrl Pts',(-2.08422287757169,3.,-2.67171075910802));
#5460=CARTESIAN_POINT('Ctrl Pts',(-2.12830059566607,3.,-2.62877267066049));
#5461=CARTESIAN_POINT('Ctrl Pts',(-2.14829194455696,3.,-2.60929819820653));
#5462=CARTESIAN_POINT('Ctrl Pts',(-2.16804866519092,3.,-2.58955749360899));
#5463=CARTESIAN_POINT('Ctrl Pts',(-2.18756702704572,3.,-2.56955643329643));
#5464=CARTESIAN_POINT('Ctrl Pts',(-2.20443820169706,3.,-2.55226802639755));
#5465=CARTESIAN_POINT('Ctrl Pts',(-2.22113347165294,3.,-2.53478259107062));
#5466=CARTESIAN_POINT('Ctrl Pts',(-2.23763318650206,3.,-2.51712270262175));
#5467=CARTESIAN_POINT('Ctrl Pts',(-2.31273962448501,3.,-2.43673517297656));
#5468=CARTESIAN_POINT('Ctrl Pts',(-2.38387138857741,3.,-2.35266187288258));
#5469=CARTESIAN_POINT('Ctrl Pts',(-2.45085087563735,3.,-2.26529891298972));
#5470=CARTESIAN_POINT('Ctrl Pts',(-2.50888609455031,3.,-2.1896021776933));
#5471=CARTESIAN_POINT('Ctrl Pts',(-2.56380345039409,3.,-2.11143478746789));
#5472=CARTESIAN_POINT('Ctrl Pts',(-2.61545892836431,3.,-2.03104058781043));
#5473=CARTESIAN_POINT('Ctrl Pts',(-2.63805819997628,3.,-1.9958681254603));
#5474=CARTESIAN_POINT('Ctrl Pts',(-2.66003276922217,3.,-1.96026931670856));
#5475=CARTESIAN_POINT('Ctrl Pts',(-2.68136884391395,3.,-1.92426416270544));
#5476=CARTESIAN_POINT('Ctrl Pts',(-2.69565570856739,3.,-1.90015472507457));
#5477=CARTESIAN_POINT('Ctrl Pts',(-2.70965626384397,3.,-1.87586308667953));
#5478=CARTESIAN_POINT('Ctrl Pts',(-2.72336609063837,3.,-1.85139522301229));
#5479=CARTESIAN_POINT('Ctrl Pts',(-2.73138564917558,3.,-1.83708275445216));
#5480=CARTESIAN_POINT('Ctrl Pts',(-2.73930442610384,3.,-1.82271220363078));
#5481=CARTESIAN_POINT('Ctrl Pts',(-2.74711662539795,3.,-1.8082943109034));
#5482=CARTESIAN_POINT('Ctrl Pts',(-2.79863840612016,3.,-1.71320770601661));
#5483=CARTESIAN_POINT('Ctrl Pts',(-2.84559414317296,3.,-1.61594727737799));
#5484=CARTESIAN_POINT('Ctrl Pts',(-2.88781365363822,3.,-1.51688170565832));
#5485=CARTESIAN_POINT('Ctrl Pts',(-2.9297418269324,3.,-1.41849973929308));
#5486=CARTESIAN_POINT('Ctrl Pts',(-2.96699917274031,3.,-1.31833656806366));
#5487=CARTESIAN_POINT('Ctrl Pts',(-2.99936966457977,3.,-1.21674012613428));
#5488=CARTESIAN_POINT('Ctrl Pts',(-3.03076515312353,3.,-1.11820378184577));
#5489=CARTESIAN_POINT('Ctrl Pts',(-3.05756377291182,3.,-1.01831844892028));
#5490=CARTESIAN_POINT('Ctrl Pts',(-3.0795200413367,3.,-0.917401174406272));
#5491=CARTESIAN_POINT('Ctrl Pts',(-3.09342304798554,3.,-0.853498988870905));
#5492=CARTESIAN_POINT('Ctrl Pts',(-3.10538350082846,3.,-0.789183066999111));
#5493=CARTESIAN_POINT('Ctrl Pts',(-3.11532843102437,3.,-0.724535832817582));
#5494=CARTESIAN_POINT('Ctrl Pts',(-3.11820296572725,3.,-0.705849857708754));
#5495=CARTESIAN_POINT('Ctrl Pts',(-3.12090905465559,3.,-0.68713621698764));
#5496=CARTESIAN_POINT('Ctrl Pts',(-3.12344480095268,3.,-0.668396940639968));
#5497=CARTESIAN_POINT('Ctrl Pts',(-3.12550673810719,3.,-0.65315913463618));
#5498=CARTESIAN_POINT('Ctrl Pts',(-3.12745599897841,3.,-0.637904146806042));
#5499=CARTESIAN_POINT('Ctrl Pts',(-3.12928997527081,3.,-0.62264780884873));
#5500=CARTESIAN_POINT('Ctrl Pts',(-3.14148547080966,3.,-0.521196878284215));
#5501=CARTESIAN_POINT('Ctrl Pts',(-3.14860987205646,3.,-0.419525804728357));
#5502=CARTESIAN_POINT('Ctrl Pts',(-3.15047227174393,3.,-0.3179457785458));
#5503=CARTESIAN_POINT('Ctrl Pts',(-3.15156018446216,3.,-0.25860824582127));
#5504=CARTESIAN_POINT('Ctrl Pts',(-3.1508516262673,3.,-0.199301735638861));
#5505=CARTESIAN_POINT('Ctrl Pts',(-3.14830028368396,3.,-0.140088967578788));
#5506=CARTESIAN_POINT('Ctrl Pts',(-3.14385730924122,3.,-0.0369743106552886));
#5507=CARTESIAN_POINT('Ctrl Pts',(-3.13382851959154,3.,0.0658572835888905));
#5508=CARTESIAN_POINT('Ctrl Pts',(-3.11842173887004,3.,0.168059178902301));
#5509=CARTESIAN_POINT('Ctrl Pts',(-3.10293791996375,3.,0.270772112091719));
#5510=CARTESIAN_POINT('Ctrl Pts',(-3.08202166301803,3.,0.372849864399939));
#5511=CARTESIAN_POINT('Ctrl Pts',(-3.0558385350904,3.,0.473914911359236));
#5512=CARTESIAN_POINT('Ctrl Pts',(-3.04967913728537,3.,0.49768975713502));
#5513=CARTESIAN_POINT('Ctrl Pts',(-3.04322809759614,3.,0.521408418133877));
#5514=CARTESIAN_POINT('Ctrl Pts',(-3.03648725811808,3.,0.54506569729156));
#5515=CARTESIAN_POINT('Ctrl Pts',(-3.03238158252883,3.,0.559474750327469));
#5516=CARTESIAN_POINT('Ctrl Pts',(-3.02817092695907,3.,0.573852113726178));
#5517=CARTESIAN_POINT('Ctrl Pts',(-3.02385673326038,3.,0.588194633961544));
#5518=CARTESIAN_POINT('Ctrl Pts',(-2.99453833066072,3.,0.685663549806218));
#5519=CARTESIAN_POINT('Ctrl Pts',(-2.96043301944238,3.,0.781557591521604));
#5520=CARTESIAN_POINT('Ctrl Pts',(-2.92177014249494,3.,0.875557034870289));
#5521=CARTESIAN_POINT('Ctrl Pts',(-2.88305489860561,3.,0.969683795784971));
#5522=CARTESIAN_POINT('Ctrl Pts',(-2.83976915434832,3.,1.06191160387449));
#5523=CARTESIAN_POINT('Ctrl Pts',(-2.79209795901521,3.,1.15189331385));
#5524=CARTESIAN_POINT('Ctrl Pts',(-2.74503501897991,3.,1.24072691223703));
#5525=CARTESIAN_POINT('Ctrl Pts',(-2.69369720634761,3.,1.32737201572664));
#5526=CARTESIAN_POINT('Ctrl Pts',(-2.63822758174895,3.,1.41145862888749));
#5527=CARTESIAN_POINT('Ctrl Pts',(-2.60708592531661,3.,1.45866638333979));
#5528=CARTESIAN_POINT('Ctrl Pts',(-2.57464138187318,3.,1.50506702229037));
#5529=CARTESIAN_POINT('Ctrl Pts',(-2.5409154165407,3.,1.5505888492325));
#5530=CARTESIAN_POINT('Ctrl Pts',(-2.53137266762637,3.,1.56346923265067));
#5531=CARTESIAN_POINT('Ctrl Pts',(-2.52172731257497,3.,1.57627922760296));
#5532=CARTESIAN_POINT('Ctrl Pts',(-2.51197980385615,3.,1.58901713610341));
#5533=CARTESIAN_POINT('Ctrl Pts',(-2.50283212318029,3.,1.60097119767972));
#5534=CARTESIAN_POINT('Ctrl Pts',(-2.49359971521167,3.,1.61285489237859));
#5535=CARTESIAN_POINT('Ctrl Pts',(-2.48428558589221,3.,1.62466414102732));
#5536=CARTESIAN_POINT('Ctrl Pts',(-2.42314972499242,3.,1.70217740694372));
#5537=CARTESIAN_POINT('Ctrl Pts',(-2.35846373823792,3.,1.77652842008276));
#5538=CARTESIAN_POINT('Ctrl Pts',(-2.2904000646774,3.,1.84740195732481));
#5539=CARTESIAN_POINT('Ctrl Pts',(-2.22331080731572,3.,1.91726085167227));
#5540=CARTESIAN_POINT('Ctrl Pts',(-2.1529392883777,3.,1.98374167339672));
#5541=CARTESIAN_POINT('Ctrl Pts',(-2.07942098424947,3.,2.04650257536303));
#5542=CARTESIAN_POINT('Ctrl Pts',(-2.00820516052125,3.,2.10729790224735));
#5543=CARTESIAN_POINT('Ctrl Pts',(-1.93403602198263,3.,2.1646029831033));
#5544=CARTESIAN_POINT('Ctrl Pts',(-1.85701706686773,3.,2.21806325372911));
#5545=CARTESIAN_POINT('Ctrl Pts',(-1.79562921955211,3.,2.26067368548233));
#5546=CARTESIAN_POINT('Ctrl Pts',(-1.73243047300739,3.,2.30084082572732));
#5547=CARTESIAN_POINT('Ctrl Pts',(-1.66746714335672,3.,2.33836210323076));
#5548=CARTESIAN_POINT('',(-1.51078263890181,0.,-3.09271722244257));
#5549=CARTESIAN_POINT('Ctrl Pts',(-1.51078263890181,-3.46944695195361E-16,
-3.09271722244257));
#5550=CARTESIAN_POINT('Ctrl Pts',(-2.53762794620681,0.0528426929117153,
-2.59110651847754));
#5551=CARTESIAN_POINT('Ctrl Pts',(-3.28623582359825,0.105685385823431,-1.54226291279665));
#5552=CARTESIAN_POINT('Ctrl Pts',(-3.4222567851332,0.158528078735147,-0.414696450911526));
#5553=CARTESIAN_POINT('Ctrl Pts',(-3.43868921100755,0.1649119009378,-0.278477355749667));
#5554=CARTESIAN_POINT('Ctrl Pts',(-3.44618118646016,0.171295723140454,-0.141109333350329));
#5555=CARTESIAN_POINT('Ctrl Pts',(-3.44511297801791,0.177679545343107,-0.00357226737269139));
#5556=CARTESIAN_POINT('',(-1.66746714335671,0.,2.33836210323077));
#5557=CARTESIAN_POINT('Ctrl Pts',(-1.67106376874253,-3.64291929955129E-17,
2.34147610736189));
#5558=CARTESIAN_POINT('Ctrl Pts',(-1.73435568700566,-2.42578737902822E-17,
2.3053964368168));
#5559=CARTESIAN_POINT('Ctrl Pts',(-1.79602848071723,-3.47226105350999E-16,
2.26684718025859));
#5560=CARTESIAN_POINT('Ctrl Pts',(-1.8559193264595,-2.75821032680312E-16,
2.22586832640963));
#5561=CARTESIAN_POINT('Ctrl Pts',(-1.9332687519229,-2.05104355795299E-16,
2.17294386421374));
#5562=CARTESIAN_POINT('Ctrl Pts',(-2.00764727653101,1.14532452721028E-16,
2.11596897499836));
#5563=CARTESIAN_POINT('Ctrl Pts',(-2.07897978735131,1.59594559789866E-16,
2.05533311192176));
#5564=CARTESIAN_POINT('Ctrl Pts',(-2.1521181761718,2.05797474421238E-16,
1.99316217080158));
#5565=CARTESIAN_POINT('Ctrl Pts',(-2.22205488380877,-1.56280565409263E-16,
1.92714211868898));
#5566=CARTESIAN_POINT('Ctrl Pts',(-2.28868633021598,-1.73472347597681E-16,
1.85764285197989));
#5567=CARTESIAN_POINT('Ctrl Pts',(-2.35937122554683,-1.91709972473968E-16,
1.7839156757322));
#5568=CARTESIAN_POINT('Ctrl Pts',(-2.42633738726274,7.91064589290136E-17,
1.70627275577991));
#5569=CARTESIAN_POINT('Ctrl Pts',(-2.48942473086994,1.11022302462516E-16,
1.62510586766874));
#5570=CARTESIAN_POINT('Ctrl Pts',(-2.49834725826061,1.15536202903419E-16,
1.61362632611606));
#5571=CARTESIAN_POINT('Ctrl Pts',(-2.50719371932635,-1.65062059585922E-16,
1.6020741084735));
#5572=CARTESIAN_POINT('Ctrl Pts',(-2.51595827753696,-1.45716771982052E-16,
1.59045731853892));
#5573=CARTESIAN_POINT('Ctrl Pts',(-2.57601772089211,-1.31525083748151E-17,
1.51085285699294));
#5574=CARTESIAN_POINT('Ctrl Pts',(-2.63211255195217,4.95042994979868E-17,
1.42838352071635));
#5575=CARTESIAN_POINT('Ctrl Pts',(-2.68415557494004,6.93889390390723E-17,
1.34347012558776));
#5576=CARTESIAN_POINT('Ctrl Pts',(-2.73721556956687,8.96621439113632E-17,
1.25689743955608));
#5577=CARTESIAN_POINT('Ctrl Pts',(-2.78606442488596,3.49687392084578E-18,
1.16778361868897));
#5578=CARTESIAN_POINT('Ctrl Pts',(-2.83057919230657,-1.2490009027033E-16,
1.07652880491899));
#5579=CARTESIAN_POINT('Ctrl Pts',(-2.87542837535792,-2.54261632156817E-16,
0.984588442557522));
#5580=CARTESIAN_POINT('Ctrl Pts',(-2.91587866720787,1.21143438996761E-16,
0.890474019096677));
#5581=CARTESIAN_POINT('Ctrl Pts',(-2.95176513575121,1.66533453693773E-16,
0.794559487793241));
#5582=CARTESIAN_POINT('Ctrl Pts',(-2.96936447577464,1.8879349584187E-16,
0.747521355647188));
#5583=CARTESIAN_POINT('Ctrl Pts',(-2.98586552835575,2.04236571206554E-16,
0.700049819888223));
#5584=CARTESIAN_POINT('Ctrl Pts',(-3.00124479567436,2.22044604925031E-16,
0.652186810690316));
#5585=CARTESIAN_POINT('Ctrl Pts',(-3.0118897359819,2.34370644391055E-16,
0.619057867334604));
#5586=CARTESIAN_POINT('Ctrl Pts',(-3.02199718592854,-1.46525626378561E-16,
0.58574134611043));
#5587=CARTESIAN_POINT('Ctrl Pts',(-3.03155852741219,-1.94289029309402E-16,
0.552250873764861));
#5588=CARTESIAN_POINT('Ctrl Pts',(-3.03567060871368,-2.14830811696677E-16,
0.53784750313472));
#5589=CARTESIAN_POINT('Ctrl Pts',(-3.03968022696684,-3.42509500904278E-16,
0.523416874131695));
#5590=CARTESIAN_POINT('Ctrl Pts',(-3.04358486097067,-3.33066907387547E-16,
0.508967980996148));
#5591=CARTESIAN_POINT('Ctrl Pts',(-3.07096998234157,-2.66841348408592E-16,
0.407630777098371));
#5592=CARTESIAN_POINT('Ctrl Pts',(-3.0932274792411,-2.22173475195278E-16,
0.305282240318825));
#5593=CARTESIAN_POINT('Ctrl Pts',(-3.11023011045417,-1.94289029309402E-16,
0.202338635410121));
#5594=CARTESIAN_POINT('Ctrl Pts',(-3.12713354424465,-1.66567267959095E-16,
0.0999956281472457));
#5595=CARTESIAN_POINT('Ctrl Pts',(-3.1388437039059,1.8644021543948E-16,
-0.00293641048836064));
#5596=CARTESIAN_POINT('Ctrl Pts',(-3.14519250318782,3.88578058618805E-16,
-0.106075332054982));
#5597=CARTESIAN_POINT('Ctrl Pts',(-3.15084138723838,5.68431474618881E-16,
-0.197843835540321));
#5598=CARTESIAN_POINT('Ctrl Pts',(-3.1522455135097,-2.26696458496073E-16,
-0.289776895458334));
#5599=CARTESIAN_POINT('Ctrl Pts',(-3.1492530739365,-3.33066907387547E-16,
-0.381614868427485));
#5600=CARTESIAN_POINT('Ctrl Pts',(-3.14703017562227,-4.39838511811737E-16,
-0.449835619524005));
#5601=CARTESIAN_POINT('Ctrl Pts',(-3.14238053139106,3.47132343582552E-16,
-0.518004112376085));
#5602=CARTESIAN_POINT('Ctrl Pts',(-3.13536881015837,4.44089209850063E-16,
-0.586036769881574));
#5603=CARTESIAN_POINT('Ctrl Pts',(-3.13325625025929,4.73301322086097E-16,
-0.606534313823256));
#5604=CARTESIAN_POINT('Ctrl Pts',(-3.13092919875892,3.77612990980502E-17,
-0.627019524838226));
#5605=CARTESIAN_POINT('Ctrl Pts',(-3.12838923845574,2.77555756156289E-17,
-0.647490104641059));
#5606=CARTESIAN_POINT('Ctrl Pts',(-3.12652162105569,2.03984278473986E-17,
-0.662541997767566));
#5607=CARTESIAN_POINT('Ctrl Pts',(-3.1245393408606,4.61847842394067E-16,
-0.6775819669591));
#5608=CARTESIAN_POINT('Ctrl Pts',(-3.12244464490953,4.44089209850063E-16,
-0.692599658275361));
#5609=CARTESIAN_POINT('Ctrl Pts',(-3.10842173716334,3.25204335061718E-16,
-0.793135346894384));
#5610=CARTESIAN_POINT('Ctrl Pts',(-3.08934974003469,-3.76673799641622E-16,
-0.892796935327895));
#5611=CARTESIAN_POINT('Ctrl Pts',(-3.06552673352085,-3.60822483003176E-16,
-0.991310222000253));
#5612=CARTESIAN_POINT('Ctrl Pts',(-3.04110618230569,-3.44573572960186E-16,
-1.09229448530719));
#5613=CARTESIAN_POINT('Ctrl Pts',(-3.01169320177551,-8.23054879028092E-17,
-1.19207276325366));
#5614=CARTESIAN_POINT('Ctrl Pts',(-2.97755483948113,-2.77555756156289E-17,
-1.29035602335732));
#5615=CARTESIAN_POINT('Ctrl Pts',(-2.94153356498851,2.98030543825183E-17,
-1.39406012783939));
#5616=CARTESIAN_POINT('Ctrl Pts',(-2.90025140614353,-8.38981850402839E-16,
-1.49610064720275));
#5617=CARTESIAN_POINT('Ctrl Pts',(-2.85396199261665,-9.43689570931383E-16,
-1.59613297736805));
#5618=CARTESIAN_POINT('Ctrl Pts',(-2.81648768633197,-1.02845731565944E-15,
-1.67711568795712));
#5619=CARTESIAN_POINT('Ctrl Pts',(-2.7757303890519,-2.51287333956942E-16,
-1.75678235795887));
#5620=CARTESIAN_POINT('Ctrl Pts',(-2.73179787678337,-2.4980018054066E-16,
-1.83494140053448));
#5621=CARTESIAN_POINT('Ctrl Pts',(-2.72311455897229,-2.49506242746516E-16,
-1.85038963628174));
#5622=CARTESIAN_POINT('Ctrl Pts',(-2.714311480531,-2.51465828040808E-16,
-1.86577114741277));
#5623=CARTESIAN_POINT('Ctrl Pts',(-2.70539214151328,-2.4980018054066E-16,
-1.88108060872983));
#5624=CARTESIAN_POINT('Ctrl Pts',(-2.65032214994034,-2.39516100788301E-16,
-1.97560464285853));
#5625=CARTESIAN_POINT('Ctrl Pts',(-2.59079708693747,-1.89982473932381E-16,
-2.06743150047776));
#5626=CARTESIAN_POINT('Ctrl Pts',(-2.52708457450807,-2.22044604925031E-16,
-2.15623937992208));
#5627=CARTESIAN_POINT('Ctrl Pts',(-2.4629945162534,-2.5429672879732E-16,
-2.24557351461606));
#5628=CARTESIAN_POINT('Ctrl Pts',(-2.39466687623081,-6.75469009400772E-17,
-2.33185363421021));
#5629=CARTESIAN_POINT('Ctrl Pts',(-2.32232443355223,0.,-2.41473541369925));
#5630=CARTESIAN_POINT('Ctrl Pts',(-2.28693276249686,3.30455761564752E-17,
-2.45528318299689));
#5631=CARTESIAN_POINT('Ctrl Pts',(-2.25057947056415,7.99231984819872E-17,
-2.49501725925499));
#5632=CARTESIAN_POINT('Ctrl Pts',(-2.21328675584908,5.55111512312578E-17,
-2.53389492109431));
#5633=CARTESIAN_POINT('Ctrl Pts',(-2.19890383471381,4.60959999600095E-17,
-2.54888911898071));
#5634=CARTESIAN_POINT('Ctrl Pts',(-2.18438628771504,1.50229167346002E-16,
-2.56375048723009));
#5635=CARTESIAN_POINT('Ctrl Pts',(-2.16974110135427,1.66533453693773E-16,
-2.5784714377319));
#5636=CARTESIAN_POINT('Ctrl Pts',(-2.09092112632438,2.54282657504105E-16,
-2.65769917320657));
#5637=CARTESIAN_POINT('Ctrl Pts',(-2.00836044229779,5.70255987634562E-16,
-2.73291091351225));
#5638=CARTESIAN_POINT('Ctrl Pts',(-1.92230406535224,3.88578058618805E-16,
-2.80376382288799));
#5639=CARTESIAN_POINT('Ctrl Pts',(-1.83752424432315,2.09595130757038E-16,
-2.87356570381152));
#5640=CARTESIAN_POINT('Ctrl Pts',(-1.74935115475422,9.60764305292184E-17,
-2.93913785788663));
#5641=CARTESIAN_POINT('Ctrl Pts',(-1.65797819066091,-5.55111512312578E-17,
-3.00012380173121));
#5642=CARTESIAN_POINT('Ctrl Pts',(-1.6097952959948,-1.35446486120879E-16,
-3.0322829785461));
#5643=CARTESIAN_POINT('Ctrl Pts',(-1.5607219786463,2.69661370711975E-17,
-3.06316632934141));
#5644=CARTESIAN_POINT('Ctrl Pts',(-1.51078263890181,0.,-3.09271722244257));
#5645=CARTESIAN_POINT('Ctrl Pts',(-1.67106376874253,-3.74049749507499E-17,
2.34147610736189));
#5646=CARTESIAN_POINT('Ctrl Pts',(-0.953676881178399,0.0488315275891179,
2.8474321446871));
#5647=CARTESIAN_POINT('Ctrl Pts',(1.06348587745375,0.150505748089952,3.18047689371257));
#5648=CARTESIAN_POINT('Ctrl Pts',(3.26628937209038,0.305022661502501,0.917766267492023));
#5649=CARTESIAN_POINT('Ctrl Pts',(2.54567305753988,0.463550740237648,-2.24339055640633));
#5650=CARTESIAN_POINT('Ctrl Pts',(-0.498976863893388,0.622078818972795,
-3.35580411587052));
#5651=CARTESIAN_POINT('Ctrl Pts',(-2.59505324242748,0.750425202861919,-1.77694137093482));
#5652=CARTESIAN_POINT('Ctrl Pts',(-2.869099610522,0.825928893839328,-0.411456572247425));
#5653=CARTESIAN_POINT('Ctrl Pts',(-2.86771244701433,0.848589891905021,-0.00109722340217704));
#5654=CARTESIAN_POINT('Origin',(0.,-1.84858989190502,0.));
#5655=CARTESIAN_POINT('',(1.66746714335671,0.,2.33836210323077));
#5656=CARTESIAN_POINT('Origin',(0.,0.,0.));
#5657=CARTESIAN_POINT('Ctrl Pts',(1.66746714335671,2.77555756156289E-16,
2.33836210323077));
#5658=CARTESIAN_POINT('Ctrl Pts',(2.4438511383299,0.0528426929117159,1.78472894245675));
#5659=CARTESIAN_POINT('Ctrl Pts',(3.3885670528,0.158528078735147,-0.147041119969857));
#5660=CARTESIAN_POINT('Ctrl Pts',(1.71568991627485,0.317056157470294,-2.9295941370369));
#5661=CARTESIAN_POINT('Ctrl Pts',(-1.52485003532148,0.475584236205441,-3.02984299268017));
#5662=CARTESIAN_POINT('Ctrl Pts',(-2.82395491097492,0.587035553080336,-1.15890186714194));
#5663=CARTESIAN_POINT('Ctrl Pts',(-2.87603805902615,0.645644177043516,-0.105619445594296));
#5664=CARTESIAN_POINT('Ctrl Pts',(-2.87529704543872,0.65141010809498,-0.00191896989005945));
#5665=CARTESIAN_POINT('Ctrl Pts',(1.99840595662736,-0.329089653438087,2.80245207497225));
#5666=CARTESIAN_POINT('Ctrl Pts',(2.92887730436334,-0.276246960526371,2.13894046655158));
#5667=CARTESIAN_POINT('Ctrl Pts',(4.06108906536824,-0.17056157470294,-0.176224072053009));
#5668=CARTESIAN_POINT('Ctrl Pts',(2.05619940522912,-0.012033495967793,-3.51102472830118));
#5669=CARTESIAN_POINT('Ctrl Pts',(-1.82748392116174,0.146494582767354,-3.63116977047533));
#5670=CARTESIAN_POINT('Ctrl Pts',(-4.0420652551917,0.305022661502501,-0.441780390651872));
#5671=CARTESIAN_POINT('Ctrl Pts',(-2.56768008901426,0.463550740237649,3.15337886296882));
#5672=CARTESIAN_POINT('Ctrl Pts',(1.25069479038305,0.622078818972793,3.86890427343052));
#5673=CARTESIAN_POINT('Ctrl Pts',(3.92732425538262,0.780606897707943,1.053669675075));
#5674=CARTESIAN_POINT('Ctrl Pts',(3.01926249038573,0.939134976443088,-2.72368366822437));
#5675=CARTESIAN_POINT('Ctrl Pts',(-0.644743064079921,1.09766305517824,-4.01473705226078));
#5676=CARTESIAN_POINT('Ctrl Pts',(-3.72022810628222,1.25619113391338,-1.64134547328358));
#5677=CARTESIAN_POINT('Ctrl Pts',(-3.39998215379785,1.41471921264853,2.23029896634887));
#5678=CARTESIAN_POINT('Ctrl Pts',(0.0236701799635077,1.57324729138368,4.06610955829467));
#5679=CARTESIAN_POINT('Ctrl Pts',(3.42574944444628,1.73177537011882,2.19057970735565));
#5680=CARTESIAN_POINT('Ctrl Pts',(3.70082313311892,1.89030344885397,-1.68463756590585));
#5681=CARTESIAN_POINT('Ctrl Pts',(0.598007568874821,2.04883152758912,-4.02182106554092));
#5682=CARTESIAN_POINT('Ctrl Pts',(-3.0509064741272,2.20735960632427,-2.68863329204032));
#5683=CARTESIAN_POINT('Ctrl Pts',(-3.91454259661932,2.36588768505941,1.09991713326292));
#5684=CARTESIAN_POINT('Ctrl Pts',(-1.20601919085856,2.52441576379456,3.88208823900223));
#5685=CARTESIAN_POINT('Ctrl Pts',(2.60514105516701,2.6829438425297,3.1254584814856));
#5686=CARTESIAN_POINT('Ctrl Pts',(4.03485051238516,2.84147192126485,-0.493437598009776));
#5687=CARTESIAN_POINT('Ctrl Pts',(2.53762794620682,2.94715730708828,-2.59110651847754));
#5688=CARTESIAN_POINT('Ctrl Pts',(1.51078263890182,3.,-3.09271722244257));
#5689=CARTESIAN_POINT('Ctrl Pts',(1.88809301887048,-0.219393102292058,2.64775541772509));
#5690=CARTESIAN_POINT('Ctrl Pts',(2.76720191568553,-0.166550409380342,2.02086995851997));
#5691=CARTESIAN_POINT('Ctrl Pts',(3.83691506117883,-0.0608650235569109,
-0.166496421358625));
#5692=CARTESIAN_POINT('Ctrl Pts',(1.94269624224436,0.0976630551782362,-3.31721453121309));
#5693=CARTESIAN_POINT('Ctrl Pts',(-1.72660595921499,0.256191133913383,-3.43072751121028));
#5694=CARTESIAN_POINT('Ctrl Pts',(-3.81894137416717,0.41471921264853,-0.417393907728032));
#5695=CARTESIAN_POINT('Ctrl Pts',(-2.42594295452481,0.573247291383676,2.97931088389733));
#5696=CARTESIAN_POINT('Ctrl Pts',(1.18165585657341,0.731775370118825,3.6553389590924));
#5697=CARTESIAN_POINT('Ctrl Pts',(3.71053413088445,0.89030344885397,0.995506619216709));
#5698=CARTESIAN_POINT('Ctrl Pts',(2.85259779742428,1.04883152758912,-2.57333506364487));
#5699=CARTESIAN_POINT('Ctrl Pts',(-0.609152947236464,1.20735960632426,-3.79312170074144));
#5700=CARTESIAN_POINT('Ctrl Pts',(-3.51486978548221,1.36588768505941,-1.55074244018542));
#5701=CARTESIAN_POINT('Ctrl Pts',(-3.21230155844004,1.52441576379456,2.10718542666081));
#5702=CARTESIAN_POINT('Ctrl Pts',(0.0223635750265339,1.68294384252971,3.84165842056196));
#5703=CARTESIAN_POINT('Ctrl Pts',(3.23664648266686,1.84147192126485,2.06965868922736));
#5704=CARTESIAN_POINT('Ctrl Pts',(3.49653597585785,2.,-1.59164478917078));
#5705=CARTESIAN_POINT('Ctrl Pts',(0.564997273091493,2.15852807873515,-3.79981467319554));
#5706=CARTESIAN_POINT('Ctrl Pts',(-2.88249501855365,2.31705615747029,-2.54021948451921));
#5707=CARTESIAN_POINT('Ctrl Pts',(-3.69845802562639,2.47558423620544,1.0392011962147));
#5708=CARTESIAN_POINT('Ctrl Pts',(-1.13944637090995,2.63411231494058,3.66779516363605));
#5709=CARTESIAN_POINT('Ctrl Pts',(2.46133605793234,2.79264039367574,2.95293172045065));
#5710=CARTESIAN_POINT('Ctrl Pts',(3.8121248885173,2.95116847241088,-0.466199613227131));
#5711=CARTESIAN_POINT('Ctrl Pts',(2.39754970396995,3.05685385823431,-2.44807623419202));
#5712=CARTESIAN_POINT('Ctrl Pts',(1.42738673495314,3.10969655114603,-2.92199779412645));
#5713=CARTESIAN_POINT('Ctrl Pts',(1.77778008111359,-0.109696551146029,2.49305876047793));
#5714=CARTESIAN_POINT('Ctrl Pts',(2.60552652700772,-0.056853858234313,1.90279945048836));
#5715=CARTESIAN_POINT('Ctrl Pts',(3.61274105698941,0.0488315275891177,-0.15676877066424));
#5716=CARTESIAN_POINT('Ctrl Pts',(1.82919307925961,0.207359606324265,-3.12340433412499));
#5717=CARTESIAN_POINT('Ctrl Pts',(-1.62572799726824,0.365887685059412,-3.23028525194522));
#5718=CARTESIAN_POINT('Ctrl Pts',(-3.59581749314264,0.524415763794559,-0.393007424804193));
#5719=CARTESIAN_POINT('Ctrl Pts',(-2.28420582003535,0.682943842529706,2.80524290482584));
#5720=CARTESIAN_POINT('Ctrl Pts',(1.11261692276377,0.841471921264853,3.44177364475429));
#5721=CARTESIAN_POINT('Ctrl Pts',(3.49374400638628,1.,0.937343563358413));
#5722=CARTESIAN_POINT('Ctrl Pts',(2.68593310446284,1.15852807873515,-2.42298645906537));
#5723=CARTESIAN_POINT('Ctrl Pts',(-0.573562830393007,1.31705615747029,-3.57150634922211));
#5724=CARTESIAN_POINT('Ctrl Pts',(-3.30951146468221,1.47558423620544,-1.46013940708725));
#5725=CARTESIAN_POINT('Ctrl Pts',(-3.02462096308222,1.63411231494059,1.98407188697276));
#5726=CARTESIAN_POINT('Ctrl Pts',(0.0210569700895601,1.79264039367574,3.61720728282925));
#5727=CARTESIAN_POINT('Ctrl Pts',(3.04754352088743,1.95116847241088,1.94873767109907));
#5728=CARTESIAN_POINT('Ctrl Pts',(3.29224881859678,2.10969655114603,-1.49865201243571));
#5729=CARTESIAN_POINT('Ctrl Pts',(0.531986977308165,2.26822462988117,-3.57780828085017));
#5730=CARTESIAN_POINT('Ctrl Pts',(-2.7140835629801,2.42675270861632,-2.3918056769981));
#5731=CARTESIAN_POINT('Ctrl Pts',(-3.48237345463346,2.58528078735147,0.978485259166488));
#5732=CARTESIAN_POINT('Ctrl Pts',(-1.07287355096134,2.74380886608662,3.45350208826985));
#5733=CARTESIAN_POINT('Ctrl Pts',(2.31753106069768,2.90233694482176,2.78040495941572));
#5734=CARTESIAN_POINT('Ctrl Pts',(3.58939926464944,3.06086502355691,-0.438961628444491));
#5735=CARTESIAN_POINT('Ctrl Pts',(2.25747146173308,3.16655040938034,-2.30504594990651));
#5736=CARTESIAN_POINT('Ctrl Pts',(1.34399083100446,3.21939310229206,-2.75127836581033));
#5737=CARTESIAN_POINT('Ctrl Pts',(1.66746714335671,2.77555756156289E-16,
2.33836210323077));
#5738=CARTESIAN_POINT('Ctrl Pts',(2.4438511383299,0.0528426929117159,1.78472894245675));
#5739=CARTESIAN_POINT('Ctrl Pts',(3.3885670528,0.158528078735147,-0.147041119969857));
#5740=CARTESIAN_POINT('Ctrl Pts',(1.71568991627485,0.317056157470294,-2.9295941370369));
#5741=CARTESIAN_POINT('Ctrl Pts',(-1.52485003532148,0.475584236205441,-3.02984299268017));
#5742=CARTESIAN_POINT('Ctrl Pts',(-3.37269361211812,0.634112314940588,-0.368620941880351));
#5743=CARTESIAN_POINT('Ctrl Pts',(-2.14246868554589,0.792640393675735,2.63117492575435));
#5744=CARTESIAN_POINT('Ctrl Pts',(1.04357798895413,0.951168472410882,3.22820833041617));
#5745=CARTESIAN_POINT('Ctrl Pts',(3.27695388188811,1.10969655114603,0.879180507500117));
#5746=CARTESIAN_POINT('Ctrl Pts',(2.5192684115014,1.26822462988118,-2.27263785448588));
#5747=CARTESIAN_POINT('Ctrl Pts',(-0.537972713549548,1.42675270861632,-3.34989099770278));
#5748=CARTESIAN_POINT('Ctrl Pts',(-3.1041531438822,1.58528078735147,-1.36953637398909));
#5749=CARTESIAN_POINT('Ctrl Pts',(-2.83694036772441,1.74380886608662,1.8609583472847));
#5750=CARTESIAN_POINT('Ctrl Pts',(0.0197503651525866,1.90233694482176,3.39275614509654));
#5751=CARTESIAN_POINT('Ctrl Pts',(2.858440559108,2.06086502355691,1.82781665297078));
#5752=CARTESIAN_POINT('Ctrl Pts',(3.08796166133571,2.21939310229206,-1.40565923570064));
#5753=CARTESIAN_POINT('Ctrl Pts',(0.498976681524833,2.3779211810272,-3.3558018885048));
#5754=CARTESIAN_POINT('Ctrl Pts',(-2.54567210740654,2.53644925976235,-2.24339186947699));
#5755=CARTESIAN_POINT('Ctrl Pts',(-3.26628888364053,2.6949773384975,0.917769322118275));
#5756=CARTESIAN_POINT('Ctrl Pts',(-1.00630073101272,2.85350541723265,3.23920901290366));
#5757=CARTESIAN_POINT('Ctrl Pts',(2.17372606346301,3.01203349596779,2.60787819838077));
#5758=CARTESIAN_POINT('Ctrl Pts',(3.36667364078157,3.17056157470294,-0.411723643661848));
#5759=CARTESIAN_POINT('Ctrl Pts',(2.11739321949621,3.27624696052637,-2.162015665621));
#5760=CARTESIAN_POINT('Ctrl Pts',(1.26059492705578,3.32908965343809,-2.58055893749421));
#5761=CARTESIAN_POINT('Ctrl Pts',(1.67106223110445,3.,2.341478183016));
#5762=CARTESIAN_POINT('Ctrl Pts',(1.73431979201033,3.,2.30541807108899));
#5763=CARTESIAN_POINT('Ctrl Pts',(1.7959939505434,3.,2.26687175745005));
#5764=CARTESIAN_POINT('Ctrl Pts',(1.85591788682029,3.,2.22587018736789));
#5765=CARTESIAN_POINT('Ctrl Pts',(1.9339007344703,3.,2.17251222405997));
#5766=CARTESIAN_POINT('Ctrl Pts',(2.00892087611123,3.,2.11499813267853));
#5767=CARTESIAN_POINT('Ctrl Pts',(2.08088999612653,3.,2.05370811086813));
#5768=CARTESIAN_POINT('Ctrl Pts',(2.12427557630303,3.,2.01676027609246));
#5769=CARTESIAN_POINT('Ctrl Pts',(2.1665520111023,3.,1.97843923737543));
#5770=CARTESIAN_POINT('Ctrl Pts',(2.20769588641659,3.,1.93882031981878));
#5771=CARTESIAN_POINT('Ctrl Pts',(2.22568306946481,3.,1.9214998142315));
#5772=CARTESIAN_POINT('Ctrl Pts',(2.24345374927189,3.,1.90393118141382));
#5773=CARTESIAN_POINT('Ctrl Pts',(2.26100575521826,3.,1.88612040022898));
#5774=CARTESIAN_POINT('Ctrl Pts',(2.27224068162861,3.,1.87471983344852));
#5775=CARTESIAN_POINT('Ctrl Pts',(2.28338432154046,3.,1.86322169417614));
#5776=CARTESIAN_POINT('Ctrl Pts',(2.29443015263524,3.,1.85163410793713));
#5777=CARTESIAN_POINT('Ctrl Pts',(2.36490368498109,3.,1.77770412235088));
#5778=CARTESIAN_POINT('Ctrl Pts',(2.43147030233707,3.,1.70006498759149));
#5779=CARTESIAN_POINT('Ctrl Pts',(2.49402184348504,3.,1.6191749509629));
#5780=CARTESIAN_POINT('Ctrl Pts',(2.54875444198951,3.,1.54839616891289));
#5781=CARTESIAN_POINT('Ctrl Pts',(2.60041284535665,3.,1.47512712701092));
#5782=CARTESIAN_POINT('Ctrl Pts',(2.64890381114983,3.,1.39964320277753));
#5783=CARTESIAN_POINT('Ctrl Pts',(2.67163144752983,3.,1.36426401091262));
#5784=CARTESIAN_POINT('Ctrl Pts',(2.69366296152226,3.,1.32839788080216));
#5785=CARTESIAN_POINT('Ctrl Pts',(2.71498700367028,3.,1.29207137390434));
#5786=CARTESIAN_POINT('Ctrl Pts',(2.72319559186179,3.,1.27808765855194));
#5787=CARTESIAN_POINT('Ctrl Pts',(2.73130052598881,3.,1.26403359804776));
#5788=CARTESIAN_POINT('Ctrl Pts',(2.7392971817501,3.,1.24991762560914));
#5789=CARTESIAN_POINT('Ctrl Pts',(2.78942571593938,3.,1.16142900885126));
#5790=CARTESIAN_POINT('Ctrl Pts',(2.83520825143929,3.,1.0706792748628));
#5791=CARTESIAN_POINT('Ctrl Pts',(2.87654683373496,3.,0.978086537951384));
#5792=CARTESIAN_POINT('Ctrl Pts',(2.9185587789094,3.,0.883985560833914));
#5793=CARTESIAN_POINT('Ctrl Pts',(2.95598139767139,3.,0.787980344281566));
#5794=CARTESIAN_POINT('Ctrl Pts',(2.98867671349172,3.,0.690469227549718));
#5795=CARTESIAN_POINT('Ctrl Pts',(3.02126953479481,3.,0.593263792368364));
#5796=CARTESIAN_POINT('Ctrl Pts',(3.04916513165891,3.,0.494561034223493));
#5797=CARTESIAN_POINT('Ctrl Pts',(3.07218430565345,3.,0.394727504853478));
#5798=CARTESIAN_POINT('Ctrl Pts',(3.0868726043285,3.,0.33102475437603));
#5799=CARTESIAN_POINT('Ctrl Pts',(3.09957455116541,3.,0.266861073370662));
#5800=CARTESIAN_POINT('Ctrl Pts',(3.11023308751426,3.,0.202328122148646));
#5801=CARTESIAN_POINT('Ctrl Pts',(3.11359790760327,3.,0.181955552823193));
#5802=CARTESIAN_POINT('Ctrl Pts',(3.11675901213406,3.,0.161546167773027));
#5803=CARTESIAN_POINT('Ctrl Pts',(3.1197144195792,3.,0.141102820400045));
#5804=CARTESIAN_POINT('Ctrl Pts',(3.12168909972786,3.,0.127443427243979));
#5805=CARTESIAN_POINT('Ctrl Pts',(3.12357144104561,3.,0.113772115581048));
#5806=CARTESIAN_POINT('Ctrl Pts',(3.12536000702047,3.,0.100097905401127));
#5807=CARTESIAN_POINT('Ctrl Pts',(3.13905210803757,3.,-0.00458297847122506));
#5808=CARTESIAN_POINT('Ctrl Pts',(3.14727258135179,3.,-0.109571129746605));
#5809=CARTESIAN_POINT('Ctrl Pts',(3.14988182172355,3.,-0.214456638118165));
#5810=CARTESIAN_POINT('Ctrl Pts',(3.15126922323172,3.,-0.270227012543721));
#5811=CARTESIAN_POINT('Ctrl Pts',(3.15106941522145,3.,-0.325968863863335));
#5812=CARTESIAN_POINT('Ctrl Pts',(3.14925599673481,3.,-0.381623178659378));
#5813=CARTESIAN_POINT('Ctrl Pts',(3.14595676554175,3.,-0.482877496267862));
#5814=CARTESIAN_POINT('Ctrl Pts',(3.13731978197132,3.,-0.583841887001646));
#5815=CARTESIAN_POINT('Ctrl Pts',(3.12360266536416,3.,-0.684240820859553));
#5816=CARTESIAN_POINT('Ctrl Pts',(3.1096218753462,3.,-0.786569644947945));
#5817=CARTESIAN_POINT('Ctrl Pts',(3.09036363753852,3.,-0.888311775285023));
#5818=CARTESIAN_POINT('Ctrl Pts',(3.06604665981592,3.,-0.98917601998428));
#5819=CARTESIAN_POINT('Ctrl Pts',(3.05886865649504,3.,-1.01894961650886));
#5820=CARTESIAN_POINT('Ctrl Pts',(3.05124951972458,3.,-1.04864668293624));
#5821=CARTESIAN_POINT('Ctrl Pts',(3.0431940272013,3.,-1.07825959359569));
#5822=CARTESIAN_POINT('Ctrl Pts',(3.03904933375702,3.,-1.09349596012714));
#5823=CARTESIAN_POINT('Ctrl Pts',(3.03479134620325,3.,-1.10870177671487));
#5824=CARTESIAN_POINT('Ctrl Pts',(3.03042231300443,3.,-1.12387191925459));
#5825=CARTESIAN_POINT('Ctrl Pts',(3.00113220309841,3.,-1.22557294143936));
#5826=CARTESIAN_POINT('Ctrl Pts',(2.96683970499719,3.,-1.32572956616676));
#5827=CARTESIAN_POINT('Ctrl Pts',(2.92785274539021,3.,-1.42404309899652));
#5828=CARTESIAN_POINT('Ctrl Pts',(2.88835815026673,3.,-1.52363673782888));
#5829=CARTESIAN_POINT('Ctrl Pts',(2.84404579973036,3.,-1.62133973719878));
#5830=CARTESIAN_POINT('Ctrl Pts',(2.79518017027646,3.,-1.71684181083813));
#5831=CARTESIAN_POINT('Ctrl Pts',(2.74594594401863,3.,-1.81306426318756));
#5832=CARTESIAN_POINT('Ctrl Pts',(2.69208917197023,3.,-1.90705328811132));
#5833=CARTESIAN_POINT('Ctrl Pts',(2.63382860120155,3.,-1.99847971819112));
#5834=CARTESIAN_POINT('Ctrl Pts',(2.59839320409671,3.,-2.0540873412029));
#5835=CARTESIAN_POINT('Ctrl Pts',(2.561327704292,3.,-2.10874669025973));
#5836=CARTESIAN_POINT('Ctrl Pts',(2.52267284049328,3.,-2.16237957014711));
#5837=CARTESIAN_POINT('Ctrl Pts',(2.51021824721676,3.,-2.17966007871969));
#5838=CARTESIAN_POINT('Ctrl Pts',(2.4975986106555,3.,-2.19683399642898));
#5839=CARTESIAN_POINT('Ctrl Pts',(2.48481516217395,3.,-2.21389861531287));
#5840=CARTESIAN_POINT('Ctrl Pts',(2.47506432108484,3.,-2.22691500812919));
#5841=CARTESIAN_POINT('Ctrl Pts',(2.46522311259455,3.,-2.2398611696841));
#5842=CARTESIAN_POINT('Ctrl Pts',(2.45529551082726,3.,-2.25273209319652));
#5843=CARTESIAN_POINT('Ctrl Pts',(2.38737210891588,3.,-2.3407933320735));
#5844=CARTESIAN_POINT('Ctrl Pts',(2.31536387272944,3.,-2.42539356055097));
#5845=CARTESIAN_POINT('Ctrl Pts',(2.23955033729241,3.,-2.50621052634795));
#5846=CARTESIAN_POINT('Ctrl Pts',(2.16369120836592,3.,-2.58707609464654));
#5847=CARTESIAN_POINT('Ctrl Pts',(2.08402177799639,3.,-2.66415468897196));
#5848=CARTESIAN_POINT('Ctrl Pts',(2.0007733999932,3.,-2.73710474092916));
#5849=CARTESIAN_POINT('Ctrl Pts',(1.91925137230411,3.,-2.80854200250977));
#5850=CARTESIAN_POINT('Ctrl Pts',(1.83429675838005,3.,-2.87602087162074));
#5851=CARTESIAN_POINT('Ctrl Pts',(1.74608747835152,3.,-2.9391914274827));
#5852=CARTESIAN_POINT('Ctrl Pts',(1.67004093132774,3.,-2.99365171380769));
#5853=CARTESIAN_POINT('Ctrl Pts',(1.59157461663295,3.,-3.04490972018925));
#5854=CARTESIAN_POINT('Ctrl Pts',(1.51078263890184,3.,-3.09271722244256));
#5855=CARTESIAN_POINT('',(1.51078263890182,0.,-3.09271722244257));
#5856=CARTESIAN_POINT('Ctrl Pts',(1.51441906985567,2.37657116208823E-16,
-3.09710892319078));
#5857=CARTESIAN_POINT('Ctrl Pts',(1.58911477173474,2.33314831378736E-16,
-3.05338504560962));
#5858=CARTESIAN_POINT('Ctrl Pts',(1.66187458466425,-3.39709513964122E-16,
-3.00675921204668));
#5859=CARTESIAN_POINT('Ctrl Pts',(1.73251218941925,-1.92554305833426E-16,
-2.95723252328512));
#5860=CARTESIAN_POINT('Ctrl Pts',(1.82138196812768,-4.25459513705502E-17,
-2.89492256974596));
#5861=CARTESIAN_POINT('Ctrl Pts',(1.90689409568805,3.29252266432364E-16,
-2.82802198683874));
#5862=CARTESIAN_POINT('Ctrl Pts',(1.9888972853496,3.36536354339501E-16,
-2.7569275688613));
#5863=CARTESIAN_POINT('Ctrl Pts',(2.0722687623795,3.43941982951511E-16,
-2.68464688490469));
#5864=CARTESIAN_POINT('Ctrl Pts',(2.15201370861931,3.29742553497719E-16,
-2.60803042382436));
#5865=CARTESIAN_POINT('Ctrl Pts',(2.22793131946314,2.08166817117217E-16,
-2.52746196951564));
#5866=CARTESIAN_POINT('Ctrl Pts',(2.30291951423065,8.80794632427987E-17,
-2.44787986891125));
#5867=CARTESIAN_POINT('Ctrl Pts',(2.37417378199922,5.55812038299144E-16,
-2.36444103466138));
#5868=CARTESIAN_POINT('Ctrl Pts',(2.44145481935876,5.759281940243E-16,-2.2774963821224));
#5869=CARTESIAN_POINT('Ctrl Pts',(2.45378204895204,5.7961387545684E-16,
-2.26156638556144));
#5870=CARTESIAN_POINT('Ctrl Pts',(2.46597576738868,2.95282923704521E-17,
-2.24551866967818));
#5871=CARTESIAN_POINT('Ctrl Pts',(2.4780343223316,2.08166817117217E-17,
-2.22935535964375));
#5872=CARTESIAN_POINT('Ctrl Pts',(2.48653406277942,1.46761093270333E-17,
-2.21796229134321));
#5873=CARTESIAN_POINT('Ctrl Pts',(2.49496477373914,-2.05153118913082E-16,
-2.20651424434049));
#5874=CARTESIAN_POINT('Ctrl Pts',(2.50332119263883,-1.94289029309402E-16,
-2.19501874947874));
#5875=CARTESIAN_POINT('Ctrl Pts',(2.56735212161725,-1.11043112825432E-16,
-2.10693470009101));
#5876=CARTESIAN_POINT('Ctrl Pts',(2.62711044735762,3.16169494791566E-16,
-2.01595271294507));
#5877=CARTESIAN_POINT('Ctrl Pts',(2.68243758291865,3.05311331771918E-16,
-1.92245823832488));
#5878=CARTESIAN_POINT('Ctrl Pts',(2.73769756178637,2.9446634851147E-16,
-1.82907724833921));
#5879=CARTESIAN_POINT('Ctrl Pts',(2.78853742911551,1.56311278700591E-16,
-1.73318895491398));
#5880=CARTESIAN_POINT('Ctrl Pts',(2.83475189612635,1.80411241501588E-16,
-1.63515644482844));
#5881=CARTESIAN_POINT('Ctrl Pts',(2.88027788625642,2.04152176744996E-16,
-1.53858436739796));
#5882=CARTESIAN_POINT('Ctrl Pts',(2.92131545918723,2.4474481919868E-17,
-1.43993063096071));
#5883=CARTESIAN_POINT('Ctrl Pts',(2.95761874617065,-2.77555756156289E-17,
-1.33953510016316));
#5884=CARTESIAN_POINT('Ctrl Pts',(2.97503107557358,-5.28069426435581E-17,
-1.29138188324847));
#5885=CARTESIAN_POINT('Ctrl Pts',(2.99135352682717,5.18886566064534E-16,
-1.24282793815046));
#5886=CARTESIAN_POINT('Ctrl Pts',(3.00655462251376,5.68989300120393E-16,
-1.19391102161886));
#5887=CARTESIAN_POINT('Ctrl Pts',(3.01732581412321,6.04491092872694E-16,
-1.15924947538767));
#5888=CARTESIAN_POINT('Ctrl Pts',(3.02753392999992,1.54672813201431E-16,
-1.12440569142341));
#5889=CARTESIAN_POINT('Ctrl Pts',(3.03716686893474,1.52655665885959E-16,
-1.08939326804523));
#5890=CARTESIAN_POINT('Ctrl Pts',(3.0407662772229,1.51901946090279E-16,
-1.07631065558928));
#5891=CARTESIAN_POINT('Ctrl Pts',(3.04428484395462,4.33904649041081E-16,
-1.06320627787966));
#5892=CARTESIAN_POINT('Ctrl Pts',(3.04771978120897,4.30211422042248E-16,
-1.0500896980837));
#5893=CARTESIAN_POINT('Ctrl Pts',(3.07427405265562,4.01660404955454E-16,
-0.948690110678742));
#5894=CARTESIAN_POINT('Ctrl Pts',(3.09587576042773,4.41332979271536E-16,
-0.846413420569681));
#5895=CARTESIAN_POINT('Ctrl Pts',(3.11233957306909,4.9960036108132E-16,
-0.743592516941223));
#5896=CARTESIAN_POINT('Ctrl Pts',(3.12835053040496,5.56265034359037E-16,
-0.643599815548763));
#5897=CARTESIAN_POINT('Ctrl Pts',(3.13950237853292,1.51810752932019E-16,
-0.543091685813491));
#5898=CARTESIAN_POINT('Ctrl Pts',(3.14557652749326,1.38777878078145E-16,
-0.442373769513591));
#5899=CARTESIAN_POINT('Ctrl Pts',(3.15164712169142,1.25752630427821E-16,
-0.341714796160472));
#5900=CARTESIAN_POINT('Ctrl Pts',(3.15264619763559,2.43016669096459E-16,
-0.240845592765957));
#5901=CARTESIAN_POINT('Ctrl Pts',(3.14830450423449,3.05311331771918E-16,
-0.140081301307333));
#5902=CARTESIAN_POINT('Ctrl Pts',(3.14562263714254,3.14635960462669E-16,
-0.0778391270354594));
#5903=CARTESIAN_POINT('Ctrl Pts',(3.14090175348509,2.87591185125006E-16,
-0.0156372193630621));
#5904=CARTESIAN_POINT('Ctrl Pts',(3.13417796365283,3.33066907387547E-16,
0.0464456544604803));
#5905=CARTESIAN_POINT('Ctrl Pts',(3.13152677481135,3.50997974602426E-16,
0.0709249178572432));
#5906=CARTESIAN_POINT('Ctrl Pts',(3.1285641286177,4.73224098328375E-16,
0.0953856372115338));
#5907=CARTESIAN_POINT('Ctrl Pts',(3.12529200951149,4.71844785465692E-16,
0.119822824415046));
#5908=CARTESIAN_POINT('Ctrl Pts',(3.12324983512291,4.7098393740039E-16,
0.135074407935145));
#5909=CARTESIAN_POINT('Ctrl Pts',(3.12108696986922,2.92688342202537E-18,
0.150317286092532));
#5910=CARTESIAN_POINT('Ctrl Pts',(3.11880637924184,0.,0.165534974340241));
#5911=CARTESIAN_POINT('Ctrl Pts',(3.10388412761189,-1.91510437649449E-17,
0.265106625004587));
#5912=CARTESIAN_POINT('Ctrl Pts',(3.08390557904492,5.81021747994563E-16,
0.363759975757016));
#5913=CARTESIAN_POINT('Ctrl Pts',(3.05911180806984,5.55111512312578E-16,
0.46118891865002));
#5914=CARTESIAN_POINT('Ctrl Pts',(3.03381991390436,5.28680722928822E-16,
0.560575273181618));
#5915=CARTESIAN_POINT('Ctrl Pts',(3.00351695050452,-2.23720634109019E-16,
0.658688372345246));
#5916=CARTESIAN_POINT('Ctrl Pts',(2.96840857732435,-3.05311331771918E-16,
0.755184407675299));
#5917=CARTESIAN_POINT('Ctrl Pts',(2.9335523112352,-3.86316140896575E-16,
0.850987521842706));
#5918=CARTESIAN_POINT('Ctrl Pts',(2.8939587878684,2.16340040902168E-16,
0.945197446322815));
#5919=CARTESIAN_POINT('Ctrl Pts',(2.84978835846742,2.22044604925031E-16,
1.03744756494915));
#5920=CARTESIAN_POINT('Ctrl Pts',(2.83209464716513,2.24329728938875E-16,
1.07440095183517));
#5921=CARTESIAN_POINT('Ctrl Pts',(2.81366610099934,1.19248748912352E-16,
1.11103946180619));
#5922=CARTESIAN_POINT('Ctrl Pts',(2.79451149856381,1.11022302462516E-16,
1.14733775544653));
#5923=CARTESIAN_POINT('Ctrl Pts',(2.77987091246332,1.04734518732454E-16,
1.17508191224283));
#5924=CARTESIAN_POINT('Ctrl Pts',(2.76480613782359,3.27477766294159E-16,
1.20262728982071));
#5925=CARTESIAN_POINT('Ctrl Pts',(2.74932079581704,3.33066907387547E-16,
1.22996211001149));
#5926=CARTESIAN_POINT('Ctrl Pts',(2.73927542390569,3.36692594241883E-16,
1.24769426179929));
#5927=CARTESIAN_POINT('Ctrl Pts',(2.72905159207806,4.17466661376414E-16,
1.26534008391091));
#5928=CARTESIAN_POINT('Ctrl Pts',(2.71866283336376,4.16333634234434E-16,
1.28287561127435));
#5929=CARTESIAN_POINT('Ctrl Pts',(2.6672534850125,4.10726786618142E-16,
1.36965114043449));
#5930=CARTESIAN_POINT('Ctrl Pts',(2.6117486277002,3.47644711189905E-16,
1.45383705831344));
#5931=CARTESIAN_POINT('Ctrl Pts',(2.55232717371218,3.33066907387547E-16,
1.53509018457529));
#5932=CARTESIAN_POINT('Ctrl Pts',(2.49303877055019,3.18521744806625E-16,
1.61616137662247));
#5933=CARTESIAN_POINT('Ctrl Pts',(2.42985071778424,5.78862839289559E-16,
1.69431360436856));
#5934=CARTESIAN_POINT('Ctrl Pts',(2.36290782732223,6.66133814775094E-16,
1.76916483534236));
#5935=CARTESIAN_POINT('Ctrl Pts',(2.34389321407216,6.90922464254688E-16,
1.79042575190028));
#5936=CARTESIAN_POINT('Ctrl Pts',(2.32457548585593,5.09770063431923E-16,
1.81142005280097));
#5937=CARTESIAN_POINT('Ctrl Pts',(2.30495757357387,4.9960036108132E-16,
1.83213825388042));
#5938=CARTESIAN_POINT('Ctrl Pts',(2.29261531254104,4.93202273495199E-16,
1.84517274206534));
#5939=CARTESIAN_POINT('Ctrl Pts',(2.28015423330463,3.90177580515335E-16,
1.85809794110884));
#5940=CARTESIAN_POINT('Ctrl Pts',(2.26757503594854,3.88578058618805E-16,
1.87091141726057));
#5941=CARTESIAN_POINT('Ctrl Pts',(2.25480437127801,3.8695419048195E-16,
1.88391992667221));
#5942=CARTESIAN_POINT('Ctrl Pts',(2.24191826623595,7.61023768325086E-16,
1.89680684062973));
#5943=CARTESIAN_POINT('Ctrl Pts',(2.22892000125049,7.21644966006352E-16,
1.90956780843814));
#5944=CARTESIAN_POINT('Ctrl Pts',(2.15965375178922,5.11799886840145E-16,
1.97756952871187));
#5945=CARTESIAN_POINT('Ctrl Pts',(2.08718410554097,-2.81235673109349E-17,
2.04201923034558));
#5946=CARTESIAN_POINT('Ctrl Pts',(2.01165296706433,0.,2.10257788671553));
#5947=CARTESIAN_POINT('Ctrl Pts',(1.93822142869464,2.73417937785252E-17,
2.16145314516569));
#5948=CARTESIAN_POINT('Ctrl Pts',(1.86189568236045,1.60827328871047E-16,
2.21665102902979));
#5949=CARTESIAN_POINT('Ctrl Pts',(1.78278559637803,2.77555756156289E-16,
2.26781559922287));
#5950=CARTESIAN_POINT('Ctrl Pts',(1.7449786826485,3.33340572028423E-16,
2.29226727902168));
#5951=CARTESIAN_POINT('Ctrl Pts',(1.70653559582202,2.59463383441002E-16,
2.31579709225513));
#5952=CARTESIAN_POINT('Ctrl Pts',(1.66746714335671,2.77555756156289E-16,
2.33836210323077));
#5953=CARTESIAN_POINT('Ctrl Pts',(-3.44595140334264,0.322320454656893,-0.00229982394207087));
#5954=CARTESIAN_POINT('Ctrl Pts',(-3.44683948438997,0.316554523605429,-0.126581522192061));
#5955=CARTESIAN_POINT('Ctrl Pts',(-3.44069859073405,0.310788592553965,-0.250769394515297));
#5956=CARTESIAN_POINT('Ctrl Pts',(-3.42723750515714,0.305022661502501,-0.374152078352332));
#5957=CARTESIAN_POINT('Ctrl Pts',(-3.30387147718172,0.252179968590785,-1.50491018392636));
#5958=CARTESIAN_POINT('Ctrl Pts',(-2.56567769917173,0.19933727567907,-2.56803997720085));
#5959=CARTESIAN_POINT('Ctrl Pts',(-1.54930025576826,0.146494582767354,-3.0795807001424));
#5960=CARTESIAN_POINT('Ctrl Pts',(-0.610073648762577,0.0976630551782362,
-3.55229156230476));
#5961=CARTESIAN_POINT('Ctrl Pts',(0.566706966668858,0.0488315275891181,
-3.55397478711075));
#5962=CARTESIAN_POINT('Ctrl Pts',(1.51441906985568,-3.90312782094782E-17,
-3.09710892319077));
#5963=CARTESIAN_POINT('Origin',(0.,0.,0.));
#5964=CARTESIAN_POINT('Origin',(0.,0.,0.));
#5965=CARTESIAN_POINT('Origin',(0.,3.,0.));
#5966=CARTESIAN_POINT('',(-4.,3.,4.89858719658941E-16));
#5967=CARTESIAN_POINT('Origin',(0.,3.,0.));
#5968=CARTESIAN_POINT('Origin',(0.,9.25,0.));
#5969=CARTESIAN_POINT('',(3.67394039744206E-16,13.,-3.));
#5970=CARTESIAN_POINT('Origin',(0.,13.,0.));
#5971=CARTESIAN_POINT('',(3.67394039744206E-16,9.25,-3.));
#5972=CARTESIAN_POINT('',(3.67394039744206E-16,9.25,-3.));
#5973=CARTESIAN_POINT('',(3.67394039744206E-16,9.25,-3.));
#5974=CARTESIAN_POINT('',(3.67394039744206E-16,9.25,-3.));
#5975=CARTESIAN_POINT('',(3.67394039744206E-16,5.5,-3.));
#5976=CARTESIAN_POINT('',(3.67394039744206E-16,9.25,-3.));
#5977=CARTESIAN_POINT('Origin',(0.,5.5,0.));
#5978=CARTESIAN_POINT('Origin',(0.,5.5,0.));
#5979=CARTESIAN_POINT('',(-2.5,5.5,3.06161699786838E-16));
#5980=CARTESIAN_POINT('Origin',(0.,5.5,0.));
#5981=CARTESIAN_POINT('Origin',(0.,0.,0.));
#5982=CARTESIAN_POINT('',(-2.5,0.,3.06161699786838E-16));
#5983=CARTESIAN_POINT('',(-2.5,0.,3.06161699786838E-16));
#5984=CARTESIAN_POINT('Origin',(0.,0.,0.));
#5985=CARTESIAN_POINT('Origin',(0.,0.,0.));
#5986=CARTESIAN_POINT('',(-4.,13.,4.89858719658941E-16));
#5987=CARTESIAN_POINT('Origin',(0.,13.,0.));
#5988=CARTESIAN_POINT('',(-4.,0.,4.89858719658941E-16));
#5989=CARTESIAN_POINT('Origin',(0.,13.,0.));
#5990=CARTESIAN_POINT('Origin',(0.,0.,0.));
#5991=UNCERTAINTY_MEASURE_WITH_UNIT(LENGTH_MEASURE(0.01),#5995,
'DISTANCE_ACCURACY_VALUE',
'Maximum model space distance between geometric entities at asserted c
onnectivities');
#5992=UNCERTAINTY_MEASURE_WITH_UNIT(LENGTH_MEASURE(0.01),#5995,
'DISTANCE_ACCURACY_VALUE',
'Maximum model space distance between geometric entities at asserted c
onnectivities');
#5993=(
GEOMETRIC_REPRESENTATION_CONTEXT(3)
GLOBAL_UNCERTAINTY_ASSIGNED_CONTEXT((#5991))
GLOBAL_UNIT_ASSIGNED_CONTEXT((#5995,#5997,#5998))
REPRESENTATION_CONTEXT('','3D')
);
#5994=(
GEOMETRIC_REPRESENTATION_CONTEXT(3)
GLOBAL_UNCERTAINTY_ASSIGNED_CONTEXT((#5992))
GLOBAL_UNIT_ASSIGNED_CONTEXT((#5995,#5997,#5998))
REPRESENTATION_CONTEXT('','3D')
);
#5995=(
LENGTH_UNIT()
NAMED_UNIT(*)
SI_UNIT(.MILLI.,.METRE.)
);
#5996=(
LENGTH_UNIT()
NAMED_UNIT(*)
SI_UNIT($,.METRE.)
);
#5997=(
NAMED_UNIT(*)
PLANE_ANGLE_UNIT()
SI_UNIT($,.RADIAN.)
);
#5998=(
NAMED_UNIT(*)
SI_UNIT($,.STERADIAN.)
SOLID_ANGLE_UNIT()
);
#5999=SHAPE_DEFINITION_REPRESENTATION(#6000,#6001);
#6000=PRODUCT_DEFINITION_SHAPE('',$,#6003);
#6001=SHAPE_REPRESENTATION('',(#3099),#5993);
#6002=PRODUCT_DEFINITION_CONTEXT('part definition',#6007,'design');
#6003=PRODUCT_DEFINITION('2026-08-04-10-36-54-409','cartridgeInnerMesh',
#6004,#6002);
#6004=PRODUCT_DEFINITION_FORMATION('',$,#6009);
#6005=PRODUCT_RELATED_PRODUCT_CATEGORY('cartridgeInnerMesh',
'cartridgeInnerMesh',(#6009));
#6006=APPLICATION_PROTOCOL_DEFINITION('international standard',
'automotive_design',2009,#6007);
#6007=APPLICATION_CONTEXT(
'Core Data for Automotive Mechanical Design Process');
#6008=PRODUCT_CONTEXT('part definition',#6007,'mechanical');
#6009=PRODUCT('2026-08-04-10-36-54-409','cartridgeInnerMesh',$,(#6008));
#6010=PRESENTATION_STYLE_ASSIGNMENT((#6011));
#6011=SURFACE_STYLE_USAGE(.BOTH.,#6012);
#6012=SURFACE_SIDE_STYLE('',(#6013));
#6013=SURFACE_STYLE_FILL_AREA(#6014);
#6014=FILL_AREA_STYLE('Steel - Satin',(#6015));
#6015=FILL_AREA_STYLE_COLOUR('Steel - Satin',#6016);
#6016=COLOUR_RGB('Steel - Satin',0.627450980392157,0.627450980392157,0.627450980392157);
ENDSEC;
END-ISO-10303-21;
