ISO-10303-21;
HEADER;
/* Generated by software containing ST-Developer
 * from STEP Tools, Inc. (www.steptools.com) 
 */

FILE_DESCRIPTION(
/* description */ (''),
/* implementation_level */ '2;1');

FILE_NAME(
/* name */ 'FasteningNutTip.step',
/* time_stamp */ '2026-08-04T10:43:26+02:00',
/* author */ (''),
/* organization */ (''),
/* preprocessor_version */ 'ST-DEVELOPER v20.1',
/* originating_system */ 'Autodesk Translation Framework v15.8.0.0',
/* authorisation */ '');

FILE_SCHEMA (('AUTOMOTIVE_DESIGN { 1 0 10303 214 3 1 1 }'));
ENDSEC;

DATA;
#10=MECHANICAL_DESIGN_GEOMETRIC_PRESENTATION_REPRESENTATION('',(#13),#1417);
#11=SHAPE_REPRESENTATION_RELATIONSHIP('SRR','None',#1424,#12);
#12=ADVANCED_BREP_SHAPE_REPRESENTATION('',(#14),#1416);
#13=STYLED_ITEM('',(#1433),#14);
#14=MANIFOLD_SOLID_BREP('Body1',#429);
#15=B_SPLINE_SURFACE_WITH_KNOTS('',3,3,((#1002,#1003,#1004,#1005,#1006,
#1007,#1008,#1009,#1010,#1011,#1012,#1013,#1014,#1015,#1016,#1017,#1018,
#1019,#1020,#1021,#1022,#1023,#1024),(#1025,#1026,#1027,#1028,#1029,#1030,
#1031,#1032,#1033,#1034,#1035,#1036,#1037,#1038,#1039,#1040,#1041,#1042,
#1043,#1044,#1045,#1046,#1047),(#1048,#1049,#1050,#1051,#1052,#1053,#1054,
#1055,#1056,#1057,#1058,#1059,#1060,#1061,#1062,#1063,#1064,#1065,#1066,
#1067,#1068,#1069,#1070),(#1071,#1072,#1073,#1074,#1075,#1076,#1077,#1078,
#1079,#1080,#1081,#1082,#1083,#1084,#1085,#1086,#1087,#1088,#1089,#1090,
#1091,#1092,#1093)),.UNSPECIFIED.,.F.,.F.,.F.,(4,4),(4,1,1,1,1,1,1,1,1,
1,1,1,1,1,1,1,1,1,1,1,4),(0.00288961213391943,0.0670728375279389),(11.6779775057126,
12.1987870323773,12.719596559042,13.7612156123715,14.802834665701,15.8444537190304,
16.5388664212501,17.2332791234697,17.9276918256894,18.622104527909,19.3165172301286,
20.0109299323483,20.7053426345679,21.3997553367876,22.0941680390072,22.7885807412269,
23.4829934434465,24.1774061456662,25.2190251989956,25.7398347256604,26.2606442523251),
 .UNSPECIFIED.);
#16=B_SPLINE_SURFACE_WITH_KNOTS('',3,3,((#1192,#1193,#1194,#1195,#1196,
#1197,#1198,#1199,#1200,#1201,#1202,#1203,#1204,#1205,#1206,#1207,#1208,
#1209,#1210,#1211,#1212,#1213,#1214),(#1215,#1216,#1217,#1218,#1219,#1220,
#1221,#1222,#1223,#1224,#1225,#1226,#1227,#1228,#1229,#1230,#1231,#1232,
#1233,#1234,#1235,#1236,#1237),(#1238,#1239,#1240,#1241,#1242,#1243,#1244,
#1245,#1246,#1247,#1248,#1249,#1250,#1251,#1252,#1253,#1254,#1255,#1256,
#1257,#1258,#1259,#1260),(#1261,#1262,#1263,#1264,#1265,#1266,#1267,#1268,
#1269,#1270,#1271,#1272,#1273,#1274,#1275,#1276,#1277,#1278,#1279,#1280,
#1281,#1282,#1283)),.UNSPECIFIED.,.F.,.F.,.F.,(4,4),(4,1,1,1,1,1,1,1,1,
1,1,1,1,1,1,1,1,1,1,1,4),(-0.00288880810213199,0.0612944172881725),(14.5800602443432,
15.1008697710079,15.6216792976726,16.663298351002,17.7049174043314,18.7465364576608,
19.4409491598804,20.1353618621,20.8297745643196,21.5241872665392,22.2185999687588,
22.9130126709784,23.607425373198,24.3018380754176,24.9962507776372,25.6906634798568,
26.3850761820764,27.079488884296,28.1211079376254,28.6419174642901,29.1627269909548),
 .UNSPECIFIED.);
#17=FACE_BOUND('',#68,.T.);
#18=FACE_BOUND('',#70,.T.);
#19=FACE_BOUND('',#89,.T.);
#20=PLANE('',#454);
#21=PLANE('',#455);
#22=PLANE('',#465);
#23=PLANE('',#466);
#24=PLANE('',#467);
#25=PLANE('',#468);
#26=PLANE('',#469);
#27=PLANE('',#470);
#28=PLANE('',#473);
#29=PLANE('',#474);
#30=PLANE('',#475);
#31=PLANE('',#476);
#32=PLANE('',#477);
#33=PLANE('',#478);
#34=PLANE('',#479);
#35=CONICAL_SURFACE('',#451,2.95,0.0199973339731507);
#36=CONICAL_SURFACE('',#457,3.9,0.132551532296674);
#37=FACE_OUTER_BOUND('',#62,.T.);
#38=FACE_OUTER_BOUND('',#63,.T.);
#39=FACE_OUTER_BOUND('',#64,.T.);
#40=FACE_OUTER_BOUND('',#65,.T.);
#41=FACE_OUTER_BOUND('',#66,.T.);
#42=FACE_OUTER_BOUND('',#67,.T.);
#43=FACE_OUTER_BOUND('',#69,.T.);
#44=FACE_OUTER_BOUND('',#71,.T.);
#45=FACE_OUTER_BOUND('',#72,.T.);
#46=FACE_OUTER_BOUND('',#73,.T.);
#47=FACE_OUTER_BOUND('',#74,.T.);
#48=FACE_OUTER_BOUND('',#75,.T.);
#49=FACE_OUTER_BOUND('',#76,.T.);
#50=FACE_OUTER_BOUND('',#77,.T.);
#51=FACE_OUTER_BOUND('',#78,.T.);
#52=FACE_OUTER_BOUND('',#79,.T.);
#53=FACE_OUTER_BOUND('',#80,.T.);
#54=FACE_OUTER_BOUND('',#81,.T.);
#55=FACE_OUTER_BOUND('',#82,.T.);
#56=FACE_OUTER_BOUND('',#83,.T.);
#57=FACE_OUTER_BOUND('',#84,.T.);
#58=FACE_OUTER_BOUND('',#85,.T.);
#59=FACE_OUTER_BOUND('',#86,.T.);
#60=FACE_OUTER_BOUND('',#87,.T.);
#61=FACE_OUTER_BOUND('',#88,.T.);
#62=EDGE_LOOP('',(#278,#279,#280,#281));
#63=EDGE_LOOP('',(#282,#283,#284,#285));
#64=EDGE_LOOP('',(#286,#287,#288,#289));
#65=EDGE_LOOP('',(#290,#291,#292,#293));
#66=EDGE_LOOP('',(#294,#295,#296,#297));
#67=EDGE_LOOP('',(#298,#299,#300,#301));
#68=EDGE_LOOP('',(#302));
#69=EDGE_LOOP('',(#303));
#70=EDGE_LOOP('',(#304));
#71=EDGE_LOOP('',(#305,#306,#307,#308,#309,#310,#311,#312,#313,#314));
#72=EDGE_LOOP('',(#315,#316,#317));
#73=EDGE_LOOP('',(#318,#319,#320));
#74=EDGE_LOOP('',(#321,#322,#323));
#75=EDGE_LOOP('',(#324,#325,#326));
#76=EDGE_LOOP('',(#327,#328,#329));
#77=EDGE_LOOP('',(#330,#331,#332,#333));
#78=EDGE_LOOP('',(#334,#335,#336,#337));
#79=EDGE_LOOP('',(#338,#339,#340,#341,#342,#343,#344,#345));
#80=EDGE_LOOP('',(#346,#347,#348,#349,#350,#351,#352,#353));
#81=EDGE_LOOP('',(#354,#355,#356,#357));
#82=EDGE_LOOP('',(#358,#359,#360,#361,#362));
#83=EDGE_LOOP('',(#363,#364,#365,#366,#367));
#84=EDGE_LOOP('',(#368,#369,#370,#371,#372));
#85=EDGE_LOOP('',(#373,#374,#375,#376,#377));
#86=EDGE_LOOP('',(#378,#379,#380,#381,#382));
#87=EDGE_LOOP('',(#383,#384,#385,#386,#387));
#88=EDGE_LOOP('',(#388,#389,#390,#391,#392,#393));
#89=EDGE_LOOP('',(#394,#395,#396,#397));
#90=CIRCLE('',#444,3.06775);
#91=CIRCLE('',#446,3.06775);
#92=CIRCLE('',#448,3.6236);
#93=CIRCLE('',#450,3.6236);
#94=CIRCLE('',#452,3.);
#95=CIRCLE('',#453,2.94);
#96=CIRCLE('',#456,3.5);
#97=CIRCLE('',#458,3.9);
#98=CIRCLE('',#459,3.9);
#99=CIRCLE('',#460,3.9);
#100=CIRCLE('',#461,3.9);
#101=CIRCLE('',#462,3.9);
#102=CIRCLE('',#463,3.9);
#103=CIRCLE('',#464,3.9);
#104=B_SPLINE_CURVE_WITH_KNOTS('',3,(#592,#593,#594,#595,#596,#597,#598,
#599,#600,#601,#602,#603,#604,#605,#606,#607),.UNSPECIFIED.,.F.,.F.,(4,
3,3,3,3,4),(3.39731335948015,3.67647471749368,3.99747113914082,4.31846756078795,
4.47896577161152,4.63946398243508),.UNSPECIFIED.);
#105=B_SPLINE_CURVE_WITH_KNOTS('',3,(#610,#611,#612,#613,#614,#615,#616,
#617,#618,#619,#620,#621,#622,#623,#624,#625,#626,#627,#628,#629,#630,#631,
#632,#633,#634),.UNSPECIFIED.,.F.,.F.,(4,3,3,3,3,3,3,3,4),(0.767003788777805,
0.787632260553057,1.10861187659653,1.42959149264001,1.64357790333565,1.8575643140313,
2.07155072472695,2.2855371354226,2.42920609613057),.UNSPECIFIED.);
#106=B_SPLINE_CURVE_WITH_KNOTS('',3,(#640,#641,#642,#643,#644,#645,#646),
 .UNSPECIFIED.,.F.,.F.,(4,3,4),(4.36542389348544,4.47894461495293,4.6394639824351),
 .UNSPECIFIED.);
#107=B_SPLINE_CURVE_WITH_KNOTS('',3,(#649,#650,#651,#652,#653,#654,#655,
#656,#657,#658,#659,#660,#661,#662,#663,#664),.UNSPECIFIED.,.F.,.F.,(4,
3,3,3,3,4),(0.767003788777804,0.787632046535211,1.00161623715113,1.21560042776704,
1.42958461838295,1.46110292860591),.UNSPECIFIED.);
#108=B_SPLINE_CURVE_WITH_KNOTS('',3,(#670,#671,#672,#673,#674,#675,#676,
#677,#678,#679,#680,#681,#682,#683,#684,#685,#686,#687,#688,#689,#690,#691),
 .UNSPECIFIED.,.F.,.F.,(4,3,3,3,3,3,3,4),(-5.56662987252022,-5.37713471011902,
-5.18763954771601,-4.80864922291001,-4.55598900637267,-4.30332878983534,
-4.050668573298,-4.01337736815982),.UNSPECIFIED.);
#109=B_SPLINE_CURVE_WITH_KNOTS('',3,(#694,#695,#696,#697,#698,#699,#700,
#701,#702,#703,#704,#705,#706,#707,#708,#709,#710,#711,#712,#713,#714,#715,
#716,#717,#718,#719,#720,#721),.UNSPECIFIED.,.F.,.F.,(4,3,3,3,3,3,3,3,3,
4),(0.994370262363768,1.0187268542649,1.27138636943314,1.52404588460139,
1.77670539976963,2.02936491493787,2.28202443010612,2.53468394527436,2.78734346044261,
2.8702929684131),.UNSPECIFIED.);
#110=B_SPLINE_CURVE_WITH_KNOTS('',3,(#727,#728,#729,#730,#731,#732,#733,
#734,#735,#736),.UNSPECIFIED.,.F.,.F.,(4,3,3,4),(5.15646557762761,5.18766548277477,
5.37714767764821,5.56662987252024),.UNSPECIFIED.);
#111=B_SPLINE_CURVE_WITH_KNOTS('',3,(#739,#740,#741,#742,#743,#744,#745,
#746,#747,#748),.UNSPECIFIED.,.F.,.F.,(4,3,3,4),(-1.72721351489242,-1.39770375080829,
-1.01872610691062,-0.994370262363753),.UNSPECIFIED.);
#112=B_SPLINE_CURVE_WITH_KNOTS('',3,(#756,#757,#758,#759,#760,#761,#762,
#763,#764,#765,#766,#767,#768,#769,#770,#771,#772,#773,#774,#775,#776,#777,
#778,#779,#780,#781,#782,#783,#784,#785,#786,#787,#788,#789,#790,#791,#792,
#793,#794,#795,#796,#797,#798,#799,#800,#801,#802,#803,#804,#805,#806,#807,
#808,#809,#810,#811,#812,#813,#814,#815,#816,#817,#818,#819,#820,#821,#822,
#823,#824,#825,#826,#827,#828,#829,#830,#831),.UNSPECIFIED.,.F.,.F.,(4,
3,3,3,3,3,3,3,3,3,3,3,3,3,3,3,3,3,3,3,3,3,3,3,3,4),(0.175474983403731,0.210092068663492,
0.24484109829615,0.279308500542246,0.284385162233634,0.318304580345129,
0.352160219478303,0.36190610022862,0.395409012358093,0.420435135970403,
0.453497570029444,0.486224080380368,0.518018510804826,0.540959716761987,
0.55238767486099,0.58451077112033,0.617079635715555,0.649620911753653,0.680241017122212,
0.712169776556115,0.743868244829293,0.774818760500577,0.783597141213933,
0.814441267332998,0.844536795637413,0.856119134615146),.UNSPECIFIED.);
#113=B_SPLINE_CURVE_WITH_KNOTS('',3,(#832,#833,#834,#835,#836,#837,#838,
#839,#840,#841,#842,#843,#844,#845,#846,#847,#848,#849,#850,#851,#852,#853,
#854,#855,#856,#857,#858,#859,#860,#861,#862,#863,#864,#865,#866,#867,#868,
#869,#870,#871,#872,#873,#874,#875,#876,#877,#878,#879,#880,#881,#882,#883,
#884,#885,#886,#887,#888,#889,#890,#891,#892,#893,#894,#895,#896,#897,#898,
#899,#900,#901),.UNSPECIFIED.,.F.,.F.,(4,3,3,3,3,3,3,3,3,3,3,3,3,3,3,3,
3,3,3,3,3,3,3,4),(0.027902946125813,0.0582563306657146,0.0893287154558035,
0.120401100245892,0.151696334752907,0.183410710787824,0.192524904678198,
0.224206432077103,0.244888043378217,0.277154479671836,0.309649138537367,
0.341762625262576,0.364410571054782,0.373458916042808,0.40492708319896,
0.437511170024177,0.471811486311604,0.506111802599032,0.540295049828418,
0.574597132117595,0.608751779869816,0.642844791516576,0.677921816234859,
0.705646799317917),.UNSPECIFIED.);
#114=B_SPLINE_CURVE_WITH_KNOTS('',3,(#946,#947,#948,#949,#950,#951,#952,
#953,#954,#955,#956,#957,#958,#959,#960,#961,#962,#963,#964,#965,#966,#967,
#968,#969,#970,#971,#972,#973,#974,#975,#976),.UNSPECIFIED.,.F.,.F.,(4,
3,3,3,3,3,3,3,3,3,4),(-4.01337736815982,-3.7980042517268,-3.54533921936781,
-3.29267418700883,-3.04000915464985,-2.78734412229087,-2.53467908993189,
-2.2820140575729,-2.02934902521392,-1.77668399285494,-1.72721351489242),
 .UNSPECIFIED.);
#115=B_SPLINE_CURVE_WITH_KNOTS('',3,(#977,#978,#979,#980,#981,#982,#983,
#984,#985,#986,#987,#988,#989,#990,#991,#992,#993,#994,#995,#996,#997,#998,
#999,#1000,#1001),.UNSPECIFIED.,.F.,.F.,(4,3,3,3,3,3,3,3,4),(2.8702929684131,
3.04000733149451,3.2926733315806,3.54533933166669,3.79800533175277,4.05067133183886,
4.42967033196799,4.80866933209712,5.15646557762761),.UNSPECIFIED.);
#116=B_SPLINE_CURVE_WITH_KNOTS('',3,(#1094,#1095,#1096,#1097,#1098,#1099,
#1100,#1101,#1102,#1103,#1104,#1105,#1106,#1107,#1108,#1109,#1110,#1111,
#1112,#1113,#1114,#1115,#1116,#1117,#1118,#1119,#1120,#1121,#1122,#1123,
#1124,#1125,#1126,#1127,#1128,#1129,#1130,#1131,#1132,#1133,#1134,#1135,
#1136,#1137,#1138,#1139,#1140,#1141,#1142,#1143,#1144,#1145,#1146,#1147,
#1148,#1149,#1150,#1151,#1152,#1153,#1154,#1155,#1156,#1157,#1158,#1159,
#1160),.UNSPECIFIED.,.F.,.F.,(4,3,3,3,3,3,3,3,3,3,3,3,3,3,3,3,3,3,3,3,3,
3,4),(0.027902946125813,0.0580527552867039,0.0892269277662984,0.120401100245893,
0.151884621016084,0.183778097278096,0.215719421568471,0.244888043378219,
0.277649887930835,0.310150466855292,0.341924544421925,0.373458916042807,
0.406622137681863,0.439366657244243,0.472739229921637,0.506111802599031,
0.520091046070905,0.553814272489965,0.587812663512321,0.621792986752903,
0.642844791516575,0.677590984037968,0.705602413640218),.UNSPECIFIED.);
#117=B_SPLINE_CURVE_WITH_KNOTS('',3,(#1161,#1162,#1163,#1164,#1165,#1166,
#1167,#1168,#1169,#1170,#1171,#1172,#1173,#1174,#1175,#1176,#1177,#1178,
#1179,#1180,#1181,#1182,#1183,#1184,#1185,#1186,#1187,#1188,#1189,#1190,
#1191),.UNSPECIFIED.,.F.,.F.,(4,3,3,3,3,3,3,3,3,3,4),(1.46110292860591,
1.6435724453817,1.85756090051235,2.07154935564301,2.28553781077366,2.49952626590432,
2.71351472103497,2.92750317616562,3.14149163129628,3.35548008642693,3.39731335948015),
 .UNSPECIFIED.);
#118=B_SPLINE_CURVE_WITH_KNOTS('',3,(#1284,#1285,#1286,#1287,#1288,#1289,
#1290,#1291,#1292,#1293,#1294,#1295,#1296,#1297,#1298,#1299,#1300,#1301,
#1302,#1303,#1304,#1305,#1306,#1307,#1308,#1309,#1310,#1311,#1312,#1313,
#1314,#1315,#1316,#1317,#1318,#1319,#1320,#1321,#1322,#1323,#1324,#1325,
#1326,#1327,#1328,#1329,#1330,#1331,#1332,#1333,#1334,#1335,#1336,#1337,
#1338,#1339,#1340,#1341,#1342,#1343,#1344,#1345,#1346,#1347,#1348,#1349,
#1350,#1351,#1352,#1353,#1354,#1355,#1356),.UNSPECIFIED.,.F.,.F.,(4,3,3,
3,3,3,3,3,3,3,3,3,3,3,3,3,3,3,3,3,3,3,3,3,4),(0.218069771192267,0.253310850073979,
0.286805338714222,0.321187130865956,0.355690441977404,0.389877766632534,
0.424065091287664,0.457528818781922,0.490571471786853,0.523899336292572,
0.555457411840821,0.557227200798291,0.560930117182732,0.593172632224171,
0.625756062883336,0.65802074414072,0.686289901542017,0.718056739924107,
0.733603648517947,0.765437432472071,0.796984956590203,0.811251443266924,
0.842268053815958,0.872976337303068,0.898976636783767),.UNSPECIFIED.);
#119=B_SPLINE_CURVE_WITH_KNOTS('',3,(#1357,#1358,#1359,#1360,#1361,#1362,
#1363,#1364,#1365,#1366,#1367,#1368,#1369,#1370,#1371,#1372,#1373,#1374,
#1375,#1376,#1377,#1378,#1379,#1380,#1381,#1382,#1383,#1384,#1385,#1386,
#1387),.UNSPECIFIED.,.F.,.F.,(4,3,3,3,3,3,3,3,3,3,4),(2.42920609613057,
2.4995244854745,2.71351375477031,2.92750302406611,3.14149229336191,3.35548156265772,
3.56947083195352,3.78346010124932,3.99744937054513,4.31843327448883,4.36542389348544),
 .UNSPECIFIED.);
#120=LINE('',#590,#150);
#121=LINE('',#638,#151);
#122=LINE('',#668,#152);
#123=LINE('',#725,#153);
#124=LINE('',#753,#154);
#125=LINE('',#907,#155);
#126=LINE('',#923,#156);
#127=LINE('',#924,#157);
#128=LINE('',#927,#158);
#129=LINE('',#928,#159);
#130=LINE('',#931,#160);
#131=LINE('',#932,#161);
#132=LINE('',#935,#162);
#133=LINE('',#936,#163);
#134=LINE('',#939,#164);
#135=LINE('',#940,#165);
#136=LINE('',#943,#166);
#137=LINE('',#944,#167);
#138=LINE('',#1391,#168);
#139=LINE('',#1393,#169);
#140=LINE('',#1394,#170);
#141=LINE('',#1397,#171);
#142=LINE('',#1398,#172);
#143=LINE('',#1401,#173);
#144=LINE('',#1402,#174);
#145=LINE('',#1405,#175);
#146=LINE('',#1406,#176);
#147=LINE('',#1409,#177);
#148=LINE('',#1410,#178);
#149=LINE('',#1412,#179);
#150=VECTOR('',#484,2.75);
#151=VECTOR('',#489,2.75);
#152=VECTOR('',#494,3.5736);
#153=VECTOR('',#499,3.5736);
#154=VECTOR('',#506,2.95);
#155=VECTOR('',#517,3.9);
#156=VECTOR('',#534,10.);
#157=VECTOR('',#535,10.);
#158=VECTOR('',#538,10.);
#159=VECTOR('',#539,10.);
#160=VECTOR('',#542,10.);
#161=VECTOR('',#543,10.);
#162=VECTOR('',#546,10.);
#163=VECTOR('',#547,10.);
#164=VECTOR('',#550,10.);
#165=VECTOR('',#551,10.);
#166=VECTOR('',#554,10.);
#167=VECTOR('',#555,10.);
#168=VECTOR('',#562,10.);
#169=VECTOR('',#563,10.);
#170=VECTOR('',#564,10.);
#171=VECTOR('',#567,10.);
#172=VECTOR('',#568,10.);
#173=VECTOR('',#571,10.);
#174=VECTOR('',#572,10.);
#175=VECTOR('',#575,10.);
#176=VECTOR('',#576,10.);
#177=VECTOR('',#579,10.);
#178=VECTOR('',#580,10.);
#179=VECTOR('',#583,10.);
#180=VERTEX_POINT('',#588);
#181=VERTEX_POINT('',#589);
#182=VERTEX_POINT('',#591);
#183=VERTEX_POINT('',#608);
#184=VERTEX_POINT('',#636);
#185=VERTEX_POINT('',#637);
#186=VERTEX_POINT('',#639);
#187=VERTEX_POINT('',#647);
#188=VERTEX_POINT('',#666);
#189=VERTEX_POINT('',#667);
#190=VERTEX_POINT('',#669);
#191=VERTEX_POINT('',#692);
#192=VERTEX_POINT('',#723);
#193=VERTEX_POINT('',#724);
#194=VERTEX_POINT('',#726);
#195=VERTEX_POINT('',#737);
#196=VERTEX_POINT('',#750);
#197=VERTEX_POINT('',#752);
#198=VERTEX_POINT('',#903);
#199=VERTEX_POINT('',#906);
#200=VERTEX_POINT('',#908);
#201=VERTEX_POINT('',#910);
#202=VERTEX_POINT('',#912);
#203=VERTEX_POINT('',#914);
#204=VERTEX_POINT('',#916);
#205=VERTEX_POINT('',#918);
#206=VERTEX_POINT('',#922);
#207=VERTEX_POINT('',#926);
#208=VERTEX_POINT('',#930);
#209=VERTEX_POINT('',#934);
#210=VERTEX_POINT('',#938);
#211=VERTEX_POINT('',#942);
#212=VERTEX_POINT('',#1390);
#213=VERTEX_POINT('',#1392);
#214=VERTEX_POINT('',#1396);
#215=VERTEX_POINT('',#1400);
#216=VERTEX_POINT('',#1404);
#217=VERTEX_POINT('',#1408);
#218=EDGE_CURVE('',#180,#181,#120,.T.);
#219=EDGE_CURVE('',#181,#182,#104,.T.);
#220=EDGE_CURVE('',#183,#182,#90,.F.);
#221=EDGE_CURVE('',#183,#180,#105,.T.);
#222=EDGE_CURVE('',#184,#185,#121,.T.);
#223=EDGE_CURVE('',#184,#186,#106,.T.);
#224=EDGE_CURVE('',#187,#186,#91,.T.);
#225=EDGE_CURVE('',#187,#185,#107,.T.);
#226=EDGE_CURVE('',#188,#189,#122,.T.);
#227=EDGE_CURVE('',#189,#190,#108,.F.);
#228=EDGE_CURVE('',#191,#190,#92,.F.);
#229=EDGE_CURVE('',#188,#191,#109,.F.);
#230=EDGE_CURVE('',#192,#193,#123,.T.);
#231=EDGE_CURVE('',#194,#192,#110,.F.);
#232=EDGE_CURVE('',#195,#194,#93,.T.);
#233=EDGE_CURVE('',#195,#193,#111,.F.);
#234=EDGE_CURVE('',#196,#196,#94,.T.);
#235=EDGE_CURVE('',#196,#197,#124,.T.);
#236=EDGE_CURVE('',#197,#197,#95,.T.);
#237=EDGE_CURVE('',#194,#183,#112,.T.);
#238=EDGE_CURVE('',#182,#195,#113,.T.);
#239=EDGE_CURVE('',#198,#198,#96,.T.);
#240=EDGE_CURVE('',#198,#199,#125,.T.);
#241=EDGE_CURVE('',#200,#199,#97,.T.);
#242=EDGE_CURVE('',#201,#200,#98,.T.);
#243=EDGE_CURVE('',#202,#201,#99,.T.);
#244=EDGE_CURVE('',#203,#202,#100,.T.);
#245=EDGE_CURVE('',#204,#203,#101,.T.);
#246=EDGE_CURVE('',#205,#204,#102,.T.);
#247=EDGE_CURVE('',#199,#205,#103,.T.);
#248=EDGE_CURVE('',#204,#206,#126,.T.);
#249=EDGE_CURVE('',#206,#205,#127,.T.);
#250=EDGE_CURVE('',#203,#207,#128,.T.);
#251=EDGE_CURVE('',#207,#204,#129,.T.);
#252=EDGE_CURVE('',#202,#208,#130,.T.);
#253=EDGE_CURVE('',#208,#203,#131,.T.);
#254=EDGE_CURVE('',#201,#209,#132,.T.);
#255=EDGE_CURVE('',#209,#202,#133,.T.);
#256=EDGE_CURVE('',#200,#210,#134,.T.);
#257=EDGE_CURVE('',#210,#201,#135,.T.);
#258=EDGE_CURVE('',#205,#211,#136,.T.);
#259=EDGE_CURVE('',#211,#200,#137,.T.);
#260=EDGE_CURVE('',#193,#189,#114,.F.);
#261=EDGE_CURVE('',#192,#188,#115,.F.);
#262=EDGE_CURVE('',#190,#187,#116,.F.);
#263=EDGE_CURVE('',#185,#181,#117,.T.);
#264=EDGE_CURVE('',#186,#191,#118,.F.);
#265=EDGE_CURVE('',#180,#184,#119,.T.);
#266=EDGE_CURVE('',#208,#212,#138,.T.);
#267=EDGE_CURVE('',#213,#212,#139,.T.);
#268=EDGE_CURVE('',#207,#213,#140,.T.);
#269=EDGE_CURVE('',#214,#213,#141,.T.);
#270=EDGE_CURVE('',#206,#214,#142,.T.);
#271=EDGE_CURVE('',#215,#214,#143,.T.);
#272=EDGE_CURVE('',#211,#215,#144,.T.);
#273=EDGE_CURVE('',#216,#215,#145,.T.);
#274=EDGE_CURVE('',#210,#216,#146,.T.);
#275=EDGE_CURVE('',#217,#216,#147,.T.);
#276=EDGE_CURVE('',#209,#217,#148,.T.);
#277=EDGE_CURVE('',#212,#217,#149,.T.);
#278=ORIENTED_EDGE('',*,*,#218,.T.);
#279=ORIENTED_EDGE('',*,*,#219,.T.);
#280=ORIENTED_EDGE('',*,*,#220,.F.);
#281=ORIENTED_EDGE('',*,*,#221,.T.);
#282=ORIENTED_EDGE('',*,*,#222,.F.);
#283=ORIENTED_EDGE('',*,*,#223,.T.);
#284=ORIENTED_EDGE('',*,*,#224,.F.);
#285=ORIENTED_EDGE('',*,*,#225,.T.);
#286=ORIENTED_EDGE('',*,*,#226,.T.);
#287=ORIENTED_EDGE('',*,*,#227,.T.);
#288=ORIENTED_EDGE('',*,*,#228,.F.);
#289=ORIENTED_EDGE('',*,*,#229,.F.);
#290=ORIENTED_EDGE('',*,*,#230,.F.);
#291=ORIENTED_EDGE('',*,*,#231,.F.);
#292=ORIENTED_EDGE('',*,*,#232,.F.);
#293=ORIENTED_EDGE('',*,*,#233,.T.);
#294=ORIENTED_EDGE('',*,*,#234,.F.);
#295=ORIENTED_EDGE('',*,*,#235,.T.);
#296=ORIENTED_EDGE('',*,*,#236,.F.);
#297=ORIENTED_EDGE('',*,*,#235,.F.);
#298=ORIENTED_EDGE('',*,*,#232,.T.);
#299=ORIENTED_EDGE('',*,*,#237,.T.);
#300=ORIENTED_EDGE('',*,*,#220,.T.);
#301=ORIENTED_EDGE('',*,*,#238,.T.);
#302=ORIENTED_EDGE('',*,*,#234,.T.);
#303=ORIENTED_EDGE('',*,*,#239,.F.);
#304=ORIENTED_EDGE('',*,*,#236,.T.);
#305=ORIENTED_EDGE('',*,*,#239,.T.);
#306=ORIENTED_EDGE('',*,*,#240,.T.);
#307=ORIENTED_EDGE('',*,*,#241,.F.);
#308=ORIENTED_EDGE('',*,*,#242,.F.);
#309=ORIENTED_EDGE('',*,*,#243,.F.);
#310=ORIENTED_EDGE('',*,*,#244,.F.);
#311=ORIENTED_EDGE('',*,*,#245,.F.);
#312=ORIENTED_EDGE('',*,*,#246,.F.);
#313=ORIENTED_EDGE('',*,*,#247,.F.);
#314=ORIENTED_EDGE('',*,*,#240,.F.);
#315=ORIENTED_EDGE('',*,*,#246,.T.);
#316=ORIENTED_EDGE('',*,*,#248,.T.);
#317=ORIENTED_EDGE('',*,*,#249,.T.);
#318=ORIENTED_EDGE('',*,*,#245,.T.);
#319=ORIENTED_EDGE('',*,*,#250,.T.);
#320=ORIENTED_EDGE('',*,*,#251,.T.);
#321=ORIENTED_EDGE('',*,*,#244,.T.);
#322=ORIENTED_EDGE('',*,*,#252,.T.);
#323=ORIENTED_EDGE('',*,*,#253,.T.);
#324=ORIENTED_EDGE('',*,*,#243,.T.);
#325=ORIENTED_EDGE('',*,*,#254,.T.);
#326=ORIENTED_EDGE('',*,*,#255,.T.);
#327=ORIENTED_EDGE('',*,*,#242,.T.);
#328=ORIENTED_EDGE('',*,*,#256,.T.);
#329=ORIENTED_EDGE('',*,*,#257,.T.);
#330=ORIENTED_EDGE('',*,*,#241,.T.);
#331=ORIENTED_EDGE('',*,*,#247,.T.);
#332=ORIENTED_EDGE('',*,*,#258,.T.);
#333=ORIENTED_EDGE('',*,*,#259,.T.);
#334=ORIENTED_EDGE('',*,*,#230,.T.);
#335=ORIENTED_EDGE('',*,*,#260,.T.);
#336=ORIENTED_EDGE('',*,*,#226,.F.);
#337=ORIENTED_EDGE('',*,*,#261,.F.);
#338=ORIENTED_EDGE('',*,*,#262,.F.);
#339=ORIENTED_EDGE('',*,*,#227,.F.);
#340=ORIENTED_EDGE('',*,*,#260,.F.);
#341=ORIENTED_EDGE('',*,*,#233,.F.);
#342=ORIENTED_EDGE('',*,*,#238,.F.);
#343=ORIENTED_EDGE('',*,*,#219,.F.);
#344=ORIENTED_EDGE('',*,*,#263,.F.);
#345=ORIENTED_EDGE('',*,*,#225,.F.);
#346=ORIENTED_EDGE('',*,*,#264,.F.);
#347=ORIENTED_EDGE('',*,*,#223,.F.);
#348=ORIENTED_EDGE('',*,*,#265,.F.);
#349=ORIENTED_EDGE('',*,*,#221,.F.);
#350=ORIENTED_EDGE('',*,*,#237,.F.);
#351=ORIENTED_EDGE('',*,*,#231,.T.);
#352=ORIENTED_EDGE('',*,*,#261,.T.);
#353=ORIENTED_EDGE('',*,*,#229,.T.);
#354=ORIENTED_EDGE('',*,*,#222,.T.);
#355=ORIENTED_EDGE('',*,*,#263,.T.);
#356=ORIENTED_EDGE('',*,*,#218,.F.);
#357=ORIENTED_EDGE('',*,*,#265,.T.);
#358=ORIENTED_EDGE('',*,*,#253,.F.);
#359=ORIENTED_EDGE('',*,*,#266,.T.);
#360=ORIENTED_EDGE('',*,*,#267,.F.);
#361=ORIENTED_EDGE('',*,*,#268,.F.);
#362=ORIENTED_EDGE('',*,*,#250,.F.);
#363=ORIENTED_EDGE('',*,*,#251,.F.);
#364=ORIENTED_EDGE('',*,*,#268,.T.);
#365=ORIENTED_EDGE('',*,*,#269,.F.);
#366=ORIENTED_EDGE('',*,*,#270,.F.);
#367=ORIENTED_EDGE('',*,*,#248,.F.);
#368=ORIENTED_EDGE('',*,*,#249,.F.);
#369=ORIENTED_EDGE('',*,*,#270,.T.);
#370=ORIENTED_EDGE('',*,*,#271,.F.);
#371=ORIENTED_EDGE('',*,*,#272,.F.);
#372=ORIENTED_EDGE('',*,*,#258,.F.);
#373=ORIENTED_EDGE('',*,*,#259,.F.);
#374=ORIENTED_EDGE('',*,*,#272,.T.);
#375=ORIENTED_EDGE('',*,*,#273,.F.);
#376=ORIENTED_EDGE('',*,*,#274,.F.);
#377=ORIENTED_EDGE('',*,*,#256,.F.);
#378=ORIENTED_EDGE('',*,*,#257,.F.);
#379=ORIENTED_EDGE('',*,*,#274,.T.);
#380=ORIENTED_EDGE('',*,*,#275,.F.);
#381=ORIENTED_EDGE('',*,*,#276,.F.);
#382=ORIENTED_EDGE('',*,*,#254,.F.);
#383=ORIENTED_EDGE('',*,*,#255,.F.);
#384=ORIENTED_EDGE('',*,*,#276,.T.);
#385=ORIENTED_EDGE('',*,*,#277,.F.);
#386=ORIENTED_EDGE('',*,*,#266,.F.);
#387=ORIENTED_EDGE('',*,*,#252,.F.);
#388=ORIENTED_EDGE('',*,*,#277,.T.);
#389=ORIENTED_EDGE('',*,*,#275,.T.);
#390=ORIENTED_EDGE('',*,*,#273,.T.);
#391=ORIENTED_EDGE('',*,*,#271,.T.);
#392=ORIENTED_EDGE('',*,*,#269,.T.);
#393=ORIENTED_EDGE('',*,*,#267,.T.);
#394=ORIENTED_EDGE('',*,*,#262,.T.);
#395=ORIENTED_EDGE('',*,*,#224,.T.);
#396=ORIENTED_EDGE('',*,*,#264,.T.);
#397=ORIENTED_EDGE('',*,*,#228,.T.);
#398=CYLINDRICAL_SURFACE('',#443,3.06775);
#399=CYLINDRICAL_SURFACE('',#445,3.06775);
#400=CYLINDRICAL_SURFACE('',#447,3.6236);
#401=CYLINDRICAL_SURFACE('',#449,3.6236);
#402=CYLINDRICAL_SURFACE('',#471,3.6236);
#403=CYLINDRICAL_SURFACE('',#472,3.06775);
#404=ADVANCED_FACE('',(#37),#398,.F.);
#405=ADVANCED_FACE('',(#38),#399,.F.);
#406=ADVANCED_FACE('',(#39),#400,.F.);
#407=ADVANCED_FACE('',(#40),#401,.F.);
#408=ADVANCED_FACE('',(#41),#35,.F.);
#409=ADVANCED_FACE('',(#42,#17),#20,.F.);
#410=ADVANCED_FACE('',(#43,#18),#21,.F.);
#411=ADVANCED_FACE('',(#44),#36,.T.);
#412=ADVANCED_FACE('',(#45),#22,.T.);
#413=ADVANCED_FACE('',(#46),#23,.T.);
#414=ADVANCED_FACE('',(#47),#24,.T.);
#415=ADVANCED_FACE('',(#48),#25,.T.);
#416=ADVANCED_FACE('',(#49),#26,.T.);
#417=ADVANCED_FACE('',(#50),#27,.T.);
#418=ADVANCED_FACE('',(#51),#402,.F.);
#419=ADVANCED_FACE('',(#52),#15,.F.);
#420=ADVANCED_FACE('',(#53),#16,.F.);
#421=ADVANCED_FACE('',(#54),#403,.F.);
#422=ADVANCED_FACE('',(#55),#28,.T.);
#423=ADVANCED_FACE('',(#56),#29,.T.);
#424=ADVANCED_FACE('',(#57),#30,.T.);
#425=ADVANCED_FACE('',(#58),#31,.T.);
#426=ADVANCED_FACE('',(#59),#32,.T.);
#427=ADVANCED_FACE('',(#60),#33,.T.);
#428=ADVANCED_FACE('',(#61,#19),#34,.F.);
#429=CLOSED_SHELL('',(#404,#405,#406,#407,#408,#409,#410,#411,#412,#413,
#414,#415,#416,#417,#418,#419,#420,#421,#422,#423,#424,#425,#426,#427,#428));
#430=DERIVED_UNIT_ELEMENT(#432,1.);
#431=DERIVED_UNIT_ELEMENT(#1419,-3.);
#432=(
MASS_UNIT()
NAMED_UNIT(*)
SI_UNIT(.KILO.,.GRAM.)
);
#433=DERIVED_UNIT((#430,#431));
#434=MEASURE_REPRESENTATION_ITEM('density measure',
POSITIVE_RATIO_MEASURE(7850.),#433);
#435=PROPERTY_DEFINITION_REPRESENTATION(#440,#437);
#436=PROPERTY_DEFINITION_REPRESENTATION(#441,#438);
#437=REPRESENTATION('material name',(#439),#1416);
#438=REPRESENTATION('density',(#434),#1416);
#439=DESCRIPTIVE_REPRESENTATION_ITEM('Steel','Steel');
#440=PROPERTY_DEFINITION('material property','material name',#1426);
#441=PROPERTY_DEFINITION('material property','density of part',#1426);
#442=AXIS2_PLACEMENT_3D('',#586,#480,#481);
#443=AXIS2_PLACEMENT_3D('',#587,#482,#483);
#444=AXIS2_PLACEMENT_3D('',#609,#485,#486);
#445=AXIS2_PLACEMENT_3D('',#635,#487,#488);
#446=AXIS2_PLACEMENT_3D('',#648,#490,#491);
#447=AXIS2_PLACEMENT_3D('',#665,#492,#493);
#448=AXIS2_PLACEMENT_3D('',#693,#495,#496);
#449=AXIS2_PLACEMENT_3D('',#722,#497,#498);
#450=AXIS2_PLACEMENT_3D('',#738,#500,#501);
#451=AXIS2_PLACEMENT_3D('',#749,#502,#503);
#452=AXIS2_PLACEMENT_3D('',#751,#504,#505);
#453=AXIS2_PLACEMENT_3D('',#754,#507,#508);
#454=AXIS2_PLACEMENT_3D('',#755,#509,#510);
#455=AXIS2_PLACEMENT_3D('',#902,#511,#512);
#456=AXIS2_PLACEMENT_3D('',#904,#513,#514);
#457=AXIS2_PLACEMENT_3D('',#905,#515,#516);
#458=AXIS2_PLACEMENT_3D('',#909,#518,#519);
#459=AXIS2_PLACEMENT_3D('',#911,#520,#521);
#460=AXIS2_PLACEMENT_3D('',#913,#522,#523);
#461=AXIS2_PLACEMENT_3D('',#915,#524,#525);
#462=AXIS2_PLACEMENT_3D('',#917,#526,#527);
#463=AXIS2_PLACEMENT_3D('',#919,#528,#529);
#464=AXIS2_PLACEMENT_3D('',#920,#530,#531);
#465=AXIS2_PLACEMENT_3D('',#921,#532,#533);
#466=AXIS2_PLACEMENT_3D('',#925,#536,#537);
#467=AXIS2_PLACEMENT_3D('',#929,#540,#541);
#468=AXIS2_PLACEMENT_3D('',#933,#544,#545);
#469=AXIS2_PLACEMENT_3D('',#937,#548,#549);
#470=AXIS2_PLACEMENT_3D('',#941,#552,#553);
#471=AXIS2_PLACEMENT_3D('',#945,#556,#557);
#472=AXIS2_PLACEMENT_3D('',#1388,#558,#559);
#473=AXIS2_PLACEMENT_3D('',#1389,#560,#561);
#474=AXIS2_PLACEMENT_3D('',#1395,#565,#566);
#475=AXIS2_PLACEMENT_3D('',#1399,#569,#570);
#476=AXIS2_PLACEMENT_3D('',#1403,#573,#574);
#477=AXIS2_PLACEMENT_3D('',#1407,#577,#578);
#478=AXIS2_PLACEMENT_3D('',#1411,#581,#582);
#479=AXIS2_PLACEMENT_3D('',#1413,#584,#585);
#480=DIRECTION('axis',(0.,0.,1.));
#481=DIRECTION('refdir',(1.,0.,0.));
#482=DIRECTION('center_axis',(0.,0.,-1.));
#483=DIRECTION('ref_axis',(1.,0.,0.));
#484=DIRECTION('',(0.,0.,1.));
#485=DIRECTION('center_axis',(0.,0.,1.));
#486=DIRECTION('ref_axis',(1.,0.,0.));
#487=DIRECTION('center_axis',(0.,0.,-1.));
#488=DIRECTION('ref_axis',(1.,0.,0.));
#489=DIRECTION('',(0.,0.,1.));
#490=DIRECTION('center_axis',(0.,0.,1.));
#491=DIRECTION('ref_axis',(1.,0.,0.));
#492=DIRECTION('center_axis',(0.,0.,-1.));
#493=DIRECTION('ref_axis',(1.,-3.66180471160721E-16,0.));
#494=DIRECTION('',(1.22464679914735E-16,-5.98417720183432E-32,-1.));
#495=DIRECTION('center_axis',(0.,0.,-1.));
#496=DIRECTION('ref_axis',(1.,-3.66180471160721E-16,0.));
#497=DIRECTION('center_axis',(0.,0.,-1.));
#498=DIRECTION('ref_axis',(1.,-3.66180471160721E-16,0.));
#499=DIRECTION('',(1.22464679914735E-16,-5.98417720183432E-32,-1.));
#500=DIRECTION('center_axis',(0.,0.,-1.));
#501=DIRECTION('ref_axis',(1.,-3.66180471160721E-16,0.));
#502=DIRECTION('center_axis',(0.,0.,-1.));
#503=DIRECTION('ref_axis',(1.,0.,0.));
#504=DIRECTION('center_axis',(0.,0.,1.));
#505=DIRECTION('ref_axis',(1.,0.,0.));
#506=DIRECTION('',(0.0199960011996003,2.44880388648371E-18,0.999800059980007));
#507=DIRECTION('center_axis',(0.,0.,-1.));
#508=DIRECTION('ref_axis',(1.,0.,0.));
#509=DIRECTION('center_axis',(0.,0.,1.));
#510=DIRECTION('ref_axis',(1.,0.,0.));
#511=DIRECTION('center_axis',(0.,0.,-1.));
#512=DIRECTION('ref_axis',(-1.,0.,0.));
#513=DIRECTION('center_axis',(0.,0.,-1.));
#514=DIRECTION('ref_axis',(1.,0.,0.));
#515=DIRECTION('center_axis',(0.,0.,-1.));
#516=DIRECTION('ref_axis',(1.,0.,0.));
#517=DIRECTION('',(-0.132163720091018,-1.61853876772872E-17,-0.991227900682635));
#518=DIRECTION('center_axis',(0.,0.,-1.));
#519=DIRECTION('ref_axis',(1.,0.,0.));
#520=DIRECTION('center_axis',(0.,0.,-1.));
#521=DIRECTION('ref_axis',(1.,0.,0.));
#522=DIRECTION('center_axis',(0.,0.,-1.));
#523=DIRECTION('ref_axis',(1.,0.,0.));
#524=DIRECTION('center_axis',(0.,0.,-1.));
#525=DIRECTION('ref_axis',(1.,0.,0.));
#526=DIRECTION('center_axis',(0.,0.,-1.));
#527=DIRECTION('ref_axis',(1.,0.,0.));
#528=DIRECTION('center_axis',(0.,0.,-1.));
#529=DIRECTION('ref_axis',(1.,0.,0.));
#530=DIRECTION('center_axis',(0.,0.,-1.));
#531=DIRECTION('ref_axis',(1.,0.,0.));
#532=DIRECTION('center_axis',(0.,0.,1.));
#533=DIRECTION('ref_axis',(1.,0.,0.));
#534=DIRECTION('',(-1.,0.,0.));
#535=DIRECTION('',(-0.5,-0.866025403784438,0.));
#536=DIRECTION('center_axis',(0.,0.,1.));
#537=DIRECTION('ref_axis',(1.,0.,0.));
#538=DIRECTION('',(-0.5,0.866025403784439,0.));
#539=DIRECTION('',(-1.,0.,0.));
#540=DIRECTION('center_axis',(0.,0.,1.));
#541=DIRECTION('ref_axis',(1.,0.,0.));
#542=DIRECTION('',(0.5,0.866025403784438,0.));
#543=DIRECTION('',(-0.5,0.866025403784439,0.));
#544=DIRECTION('center_axis',(0.,0.,1.));
#545=DIRECTION('ref_axis',(1.,0.,0.));
#546=DIRECTION('',(1.,-6.16334194353707E-16,0.));
#547=DIRECTION('',(0.5,0.866025403784438,0.));
#548=DIRECTION('center_axis',(0.,0.,1.));
#549=DIRECTION('ref_axis',(1.,0.,0.));
#550=DIRECTION('',(0.5,-0.866025403784439,0.));
#551=DIRECTION('',(1.,-6.16334194353707E-16,0.));
#552=DIRECTION('center_axis',(0.,0.,1.));
#553=DIRECTION('ref_axis',(1.,0.,0.));
#554=DIRECTION('',(-0.5,-0.866025403784438,0.));
#555=DIRECTION('',(0.5,-0.866025403784439,0.));
#556=DIRECTION('center_axis',(0.,0.,-1.));
#557=DIRECTION('ref_axis',(1.,-3.66180471160721E-16,0.));
#558=DIRECTION('center_axis',(0.,0.,-1.));
#559=DIRECTION('ref_axis',(1.,0.,0.));
#560=DIRECTION('center_axis',(0.866025403784439,0.5,0.));
#561=DIRECTION('ref_axis',(0.5,-0.866025403784439,0.));
#562=DIRECTION('',(0.,0.,-1.));
#563=DIRECTION('',(0.5,-0.866025403784439,0.));
#564=DIRECTION('',(0.,0.,-1.));
#565=DIRECTION('center_axis',(0.,1.,0.));
#566=DIRECTION('ref_axis',(1.,0.,0.));
#567=DIRECTION('',(1.,0.,0.));
#568=DIRECTION('',(0.,0.,-1.));
#569=DIRECTION('center_axis',(-0.866025403784438,0.5,0.));
#570=DIRECTION('ref_axis',(0.5,0.866025403784438,0.));
#571=DIRECTION('',(0.5,0.866025403784438,0.));
#572=DIRECTION('',(0.,0.,-1.));
#573=DIRECTION('center_axis',(-0.866025403784439,-0.5,0.));
#574=DIRECTION('ref_axis',(-0.5,0.866025403784439,0.));
#575=DIRECTION('',(-0.5,0.866025403784439,0.));
#576=DIRECTION('',(0.,0.,-1.));
#577=DIRECTION('center_axis',(-6.16334194353707E-16,-1.,0.));
#578=DIRECTION('ref_axis',(-1.,6.16334194353707E-16,0.));
#579=DIRECTION('',(-1.,6.16334194353707E-16,0.));
#580=DIRECTION('',(0.,0.,-1.));
#581=DIRECTION('center_axis',(0.866025403784438,-0.5,0.));
#582=DIRECTION('ref_axis',(-0.5,-0.866025403784438,0.));
#583=DIRECTION('',(-0.5,-0.866025403784438,0.));
#584=DIRECTION('center_axis',(0.,0.,1.));
#585=DIRECTION('ref_axis',(1.,0.,0.));
#586=CARTESIAN_POINT('',(0.,0.,0.));
#587=CARTESIAN_POINT('Origin',(0.,0.,0.));
#588=CARTESIAN_POINT('',(-3.06702650142102,0.000327323305758245,-0.858490462517485));
#589=CARTESIAN_POINT('',(-3.06892491948313,0.00169812837997246,-0.64150953744317));
#590=CARTESIAN_POINT('',(-3.06775,3.75691021808429E-16,0.));
#591=CARTESIAN_POINT('',(1.93295042675269,2.38218234193283,2.02384405530627E-17));
#592=CARTESIAN_POINT('Ctrl Pts',(-3.06892491948313,0.00169812837997246,
-0.64150953744317));
#593=CARTESIAN_POINT('Ctrl Pts',(-3.05965506038109,-0.922794768619105,-0.593451846118198));
#594=CARTESIAN_POINT('Ctrl Pts',(-2.62348793488694,-1.84998768667145,-0.545394154793227));
#595=CARTESIAN_POINT('Ctrl Pts',(-1.89898192602118,-2.41747796849947,-0.497336463468255));
#596=CARTESIAN_POINT('Ctrl Pts',(-1.06590159583995,-3.07001222711807,-0.442076856416226));
#597=CARTESIAN_POINT('Ctrl Pts',(0.148413931601633,-3.2469557368493,-0.386817249364198));
#598=CARTESIAN_POINT('Ctrl Pts',(1.13274847174395,-2.85857468228175,-0.331557642312169));
#599=CARTESIAN_POINT('Ctrl Pts',(2.11708301188627,-2.4701936277142,-0.276298035260141));
#600=CARTESIAN_POINT('Ctrl Pts',(2.87143656472932,-1.51648800884787,-0.221038428208113));
#601=CARTESIAN_POINT('Ctrl Pts',(3.03598910954072,-0.466273185926528,-0.165778821156084));
#602=CARTESIAN_POINT('Ctrl Pts',(3.11826538194641,0.0588342255341431,-0.13814901763007));
#603=CARTESIAN_POINT('Ctrl Pts',(3.0530914023442,0.60806893800857,-0.110519214104056));
#604=CARTESIAN_POINT('Ctrl Pts',(2.86015126837336,1.10501438403962,-0.0828894105780415));
#605=CARTESIAN_POINT('Ctrl Pts',(2.66721113440252,1.60195983007068,-0.0552596070520272));
#606=CARTESIAN_POINT('Ctrl Pts',(2.34650484606305,2.04661600965836,-0.0276298035260132));
#607=CARTESIAN_POINT('Ctrl Pts',(1.93295042675268,2.38218234193284,1.09063530038126E-15));
#608=CARTESIAN_POINT('',(-1.93295042675271,2.38218234193282,1.64798730217797E-16));
#609=CARTESIAN_POINT('Origin',(0.,0.,0.));
#610=CARTESIAN_POINT('Ctrl Pts',(-1.93712965445256,2.38736613839506,3.6727565433381E-13));
#611=CARTESIAN_POINT('Ctrl Pts',(-1.88454964151601,2.43048550145188,-0.00355138204200455));
#612=CARTESIAN_POINT('Ctrl Pts',(-1.83043248369001,2.47170318228868,-0.00710276408437632));
#613=CARTESIAN_POINT('Ctrl Pts',(-1.77484165060462,2.51087572701603,-0.0106541461267481));
#614=CARTESIAN_POINT('Ctrl Pts',(-0.909846683760154,3.12040165327072,-0.0659137531787727));
#615=CARTESIAN_POINT('Ctrl Pts',(0.311946428648824,3.23477047715146,-0.121173360230797));
#616=CARTESIAN_POINT('Ctrl Pts',(1.27540283537645,2.79707463966478,-0.176432967282821));
#617=CARTESIAN_POINT('Ctrl Pts',(2.23885924210408,2.3593788021781,-0.231692574334846));
#618=CARTESIAN_POINT('Ctrl Pts',(2.94397894315036,1.369618303324,-0.286952181386872));
#619=CARTESIAN_POINT('Ctrl Pts',(3.05611929165631,0.313529614955416,-0.342211788438896));
#620=CARTESIAN_POINT('Ctrl Pts',(3.13087952399361,-0.390529510623634,-0.379051526473579));
#621=CARTESIAN_POINT('Ctrl Pts',(2.9420933774241,-1.12406783154245,-0.415891264508262));
#622=CARTESIAN_POINT('Ctrl Pts',(2.54479957773942,-1.71309497982647,-0.452731002542945));
#623=CARTESIAN_POINT('Ctrl Pts',(2.14750577805474,-2.30212212811049,-0.489570740577628));
#624=CARTESIAN_POINT('Ctrl Pts',(1.54170432525488,-2.74663810375971,-0.526410478612311));
#625=CARTESIAN_POINT('Ctrl Pts',(0.861547274296621,-2.94537545909011,-0.563250216646994));
#626=CARTESIAN_POINT('Ctrl Pts',(0.181390223338358,-3.14411281442051,-0.600089954681677));
#627=CARTESIAN_POINT('Ctrl Pts',(-0.573122425778314,-3.0970715494321,-0.636929692716359));
#628=CARTESIAN_POINT('Ctrl Pts',(-1.2241243754202,-2.81433968387351,-0.673769430751042));
#629=CARTESIAN_POINT('Ctrl Pts',(-1.87512632506209,-2.53160781831491,-0.710609168785726));
#630=CARTESIAN_POINT('Ctrl Pts',(-2.4226175752292,-2.01318535218613,-0.747448906820409));
#631=CARTESIAN_POINT('Ctrl Pts',(-2.74122546792161,-1.3794942756407,-0.784288644855093));
#632=CARTESIAN_POINT('Ctrl Pts',(-2.95513655072199,-0.954038574593019,-0.809022584075768));
#633=CARTESIAN_POINT('Ctrl Pts',(-3.06587423713796,-0.476623420641413,-0.833756523296443));
#634=CARTESIAN_POINT('Ctrl Pts',(-3.06702650142038,0.000327323305759119,
-0.858490462517117));
#635=CARTESIAN_POINT('Origin',(0.,0.,0.));
#636=CARTESIAN_POINT('',(-3.07104020607718,-0.00247581850552389,-1.85849046252744));
#637=CARTESIAN_POINT('',(-3.0687976582596,0.000139102449446839,-1.6415095375817));
#638=CARTESIAN_POINT('',(-3.06775,3.75691021808429E-16,0.));
#639=CARTESIAN_POINT('',(-1.9329504267527,2.38218234193283,-2.));
#640=CARTESIAN_POINT('Ctrl Pts',(-3.07104020607718,-0.00247581850552389,
-1.85849046252744));
#641=CARTESIAN_POINT('Ctrl Pts',(-3.06922934944836,0.375197592911697,-1.87803050482562));
#642=CARTESIAN_POINT('Ctrl Pts',(-2.99649455312128,0.754419801641427,-1.89757054712379));
#643=CARTESIAN_POINT('Ctrl Pts',(-2.85999943490719,1.10627604867872,-1.91711058942196));
#644=CARTESIAN_POINT('Ctrl Pts',(-2.66699405441897,1.60380409015839,-1.94474039294798));
#645=CARTESIAN_POINT('Ctrl Pts',(-2.34650484606303,2.04661600965837,-1.97237019647399));
#646=CARTESIAN_POINT('Ctrl Pts',(-1.93295042675269,2.38218234193283,-2.));
#647=CARTESIAN_POINT('',(1.93295042675269,2.38218234193283,-2.));
#648=CARTESIAN_POINT('Origin',(0.,0.,-2.));
#649=CARTESIAN_POINT('Ctrl Pts',(1.93487712905347,2.38369948054276,-2.00000000000037));
#650=CARTESIAN_POINT('Ctrl Pts',(1.88229000812259,2.42705004974361,-1.99644861795804));
#651=CARTESIAN_POINT('Ctrl Pts',(1.82818049387881,2.46855961357111,-1.99289723591572));
#652=CARTESIAN_POINT('Ctrl Pts',(1.77261417425793,2.50809201677068,-1.98934585387339));
#653=CARTESIAN_POINT('Ctrl Pts',(1.19620514983074,2.91817557308672,-1.9525061158387));
#654=CARTESIAN_POINT('Ctrl Pts',(0.463034479850611,3.11550390593386,-1.91566637780402));
#655=CARTESIAN_POINT('Ctrl Pts',(-0.245459718627412,3.05857208055337,-1.87882663976933));
#656=CARTESIAN_POINT('Ctrl Pts',(-0.953953917105427,3.00164025517288,-1.84198690173465));
#657=CARTESIAN_POINT('Ctrl Pts',(-1.63777164408134,2.69044827156476,-1.80514716369996));
#658=CARTESIAN_POINT('Ctrl Pts',(-2.14436867424415,2.1948008306901,-1.76830742566528));
#659=CARTESIAN_POINT('Ctrl Pts',(-2.65096570440698,1.69915338981543,-1.73146768763059));
#660=CARTESIAN_POINT('Ctrl Pts',(-2.9803420377567,1.01905049167422,-1.69462794959591));
#661=CARTESIAN_POINT('Ctrl Pts',(-3.05317210349702,0.313183471575164,-1.65778821156122));
#662=CARTESIAN_POINT('Ctrl Pts',(-3.06389944087159,0.209214408946761,-1.6523619869015));
#663=CARTESIAN_POINT('Ctrl Pts',(-3.06906097082531,0.104686390062548,-1.64693576224179));
#664=CARTESIAN_POINT('Ctrl Pts',(-3.06879765825896,0.000139102449445866,
-1.64150953758207));
#665=CARTESIAN_POINT('Origin',(0.,0.,2.20833684463708));
#666=CARTESIAN_POINT('',(-3.62274732595391,0.000387109162401403,-1.17942728951072));
#667=CARTESIAN_POINT('',(-3.62483553884911,0.000164901800371957,-1.32057271049753));
#668=CARTESIAN_POINT('',(-3.6236,1.77065456943702E-15,2.20833684463708));
#669=CARTESIAN_POINT('',(1.55464215820676,-3.27315821797942,-2.));
#670=CARTESIAN_POINT('Ctrl Pts',(1.55464215820672,-3.27315821797939,-2.00000000000003));
#671=CARTESIAN_POINT('Ctrl Pts',(2.12287281893608,-3.0032674024657,-1.97237019647428));
#672=CARTESIAN_POINT('Ctrl Pts',(2.61416106810552,-2.58434400245831,-1.94474039294852));
#673=CARTESIAN_POINT('Ctrl Pts',(2.97438785470103,-2.06706855929756,-1.91711058942277));
#674=CARTESIAN_POINT('Ctrl Pts',(3.33461464129996,-1.5497931161319,-1.88948078589676));
#675=CARTESIAN_POINT('Ctrl Pts',(3.56377996532246,-0.934165629811012,-1.86185098237074));
#676=CARTESIAN_POINT('Ctrl Pts',(3.61582666502452,-0.308390167638748,-1.83422117884473));
#677=CARTESIAN_POINT('Ctrl Pts',(3.71992006442862,0.943160756705782,-1.7789615717927));
#678=CARTESIAN_POINT('Ctrl Pts',(3.11553896655094,2.23530358445581,-1.72370196474067));
#679=CARTESIAN_POINT('Ctrl Pts',(2.09441705822727,2.96209822351681,-1.66844235768864));
#680=CARTESIAN_POINT('Ctrl Pts',(1.41366911934482,3.44662798289081,-1.63160261965396));
#681=CARTESIAN_POINT('Ctrl Pts',(0.547703042486381,3.67989188062524,-1.59476288161927));
#682=CARTESIAN_POINT('Ctrl Pts',(-0.289178295928303,3.61281976150255,-1.55792314358459));
#683=CARTESIAN_POINT('Ctrl Pts',(-1.12605963434298,3.54574764237986,-1.5210834055499));
#684=CARTESIAN_POINT('Ctrl Pts',(-1.93385623431391,3.17833950640005,-1.48424366751522));
#685=CARTESIAN_POINT('Ctrl Pts',(-2.5323669007164,2.59301033052514,-1.44740392948053));
#686=CARTESIAN_POINT('Ctrl Pts',(-3.13087756711889,2.00768115465022,-1.41056419144584));
#687=CARTESIAN_POINT('Ctrl Pts',(-3.52010229995294,1.2044309388802,-1.37372445341116));
#688=CARTESIAN_POINT('Ctrl Pts',(-3.60630316090743,0.370684900770422,-1.33688471537647));
#689=CARTESIAN_POINT('Ctrl Pts',(-3.61902591573206,0.247628746673825,-1.33144738041683));
#690=CARTESIAN_POINT('Ctrl Pts',(-3.62514757602143,0.123908269317987,-1.3260100454572));
#691=CARTESIAN_POINT('Ctrl Pts',(-3.62483553884906,0.000164901800371903,
-1.32057271049756));
#692=CARTESIAN_POINT('',(-1.55464215820674,-3.27315821797943,-2.));
#693=CARTESIAN_POINT('Origin',(0.,0.,-2.));
#694=CARTESIAN_POINT('Ctrl Pts',(-1.55642119182306,-3.27543845817071,-2.));
#695=CARTESIAN_POINT('Ctrl Pts',(-1.483976548451,-3.31053872227079,-1.99644861795742));
#696=CARTESIAN_POINT('Ctrl Pts',(-1.41029767631817,-3.34310139082149,-1.99289723591484));
#697=CARTESIAN_POINT('Ctrl Pts',(-1.33549780903258,-3.37298845048708,-1.98934585387226));
#698=CARTESIAN_POINT('Ctrl Pts',(-0.559572413569094,-3.68301745764726,-1.95250611583758));
#699=CARTESIAN_POINT('Ctrl Pts',(0.336979283484403,-3.70513370843214,-1.91566637780289));
#700=CARTESIAN_POINT('Ctrl Pts',(1.13433878218733,-3.44228713421691,-1.87882663976821));
#701=CARTESIAN_POINT('Ctrl Pts',(1.93169828089027,-3.17944056000167,-1.84198690173353));
#702=CARTESIAN_POINT('Ctrl Pts',(2.62986558124263,-2.63163116078633,-1.80514716369885));
#703=CARTESIAN_POINT('Ctrl Pts',(3.07318751401922,-1.92149660943034,-1.76830742566416));
#704=CARTESIAN_POINT('Ctrl Pts',(3.5165094467958,-1.21136205807435,-1.73146768762948));
#705=CARTESIAN_POINT('Ctrl Pts',(3.70498601199659,-0.338902354577729,-1.6946279495948));
#706=CARTESIAN_POINT('Ctrl Pts',(3.59181360365377,0.491613277153684,-1.65778821156011));
#707=CARTESIAN_POINT('Ctrl Pts',(3.47864119531095,1.3221289088851,-1.62094847352543));
#708=CARTESIAN_POINT('Ctrl Pts',(3.06381981342451,2.11070046885131,-1.58410873549075));
#709=CARTESIAN_POINT('Ctrl Pts',(2.44506110349368,2.67577518331769,-1.54726899745606));
#710=CARTESIAN_POINT('Ctrl Pts',(1.82630239356285,3.24084989778406,-1.51042925942138));
#711=CARTESIAN_POINT('Ctrl Pts',(1.00360635558762,3.58242776675062,-1.4735895213867));
#712=CARTESIAN_POINT('Ctrl Pts',(0.166684987922918,3.62107884893325,-1.43674978335202));
#713=CARTESIAN_POINT('Ctrl Pts',(-0.670236379741798,3.65972993111589,-1.39991004531733));
#714=CARTESIAN_POINT('Ctrl Pts',(-1.521383077096,3.3954542265146,-1.36307030728265));
#715=CARTESIAN_POINT('Ctrl Pts',(-2.18926789795149,2.88938526091592,-1.32623056924797));
#716=CARTESIAN_POINT('Ctrl Pts',(-2.85715271880698,2.38331629531723,-1.28939083121328));
#717=CARTESIAN_POINT('Ctrl Pts',(-3.34177566316375,1.63545406872115,-1.2525510931786));
#718=CARTESIAN_POINT('Ctrl Pts',(-3.53100357381358,0.819201682226235,-1.21571135514392));
#719=CARTESIAN_POINT('Ctrl Pts',(-3.59312813726901,0.551221535923769,-1.20361666659952));
#720=CARTESIAN_POINT('Ctrl Pts',(-3.62341369469444,0.27586999042719,-1.19152197805512));
#721=CARTESIAN_POINT('Ctrl Pts',(-3.62274732595391,0.000387109162401402,
-1.17942728951072));
#722=CARTESIAN_POINT('Origin',(0.,0.,2.20833684463708));
#723=CARTESIAN_POINT('',(-3.62625988203084,-0.00130122185045203,-0.179427289548301));
#724=CARTESIAN_POINT('',(-3.62497978890994,0.00200761835986853,-0.320572710429323));
#725=CARTESIAN_POINT('',(-3.6236,1.77065456943702E-15,2.20833684463708));
#726=CARTESIAN_POINT('',(-1.55464215820675,-3.27315821797942,1.70581141804386E-16));
#727=CARTESIAN_POINT('Ctrl Pts',(-3.62625988203084,-0.00130122185045203,
-0.179427289548301));
#728=CARTESIAN_POINT('Ctrl Pts',(-3.62709300133611,-0.104693899103995,-0.174877800084017));
#729=CARTESIAN_POINT('Ctrl Pts',(-3.62331273471129,-0.208079331042678,-0.170328310619733));
#730=CARTESIAN_POINT('Ctrl Pts',(-3.61476154738387,-0.31110125636374,-0.16577882115545));
#731=CARTESIAN_POINT('Ctrl Pts',(-3.56282876951381,-0.936770483172369,-0.138149017629437));
#732=CARTESIAN_POINT('Ctrl Pts',(-3.33492849150396,-1.54903237106793,-0.110519214103425));
#733=CARTESIAN_POINT('Ctrl Pts',(-2.97493950385796,-2.06565660089272,-0.0828894105774133));
#734=CARTESIAN_POINT('Ctrl Pts',(-2.61495051621468,-2.58228083071362,-0.0552596070516093));
#735=CARTESIAN_POINT('Ctrl Pts',(-2.12287281893723,-3.0032674024652,-0.0276298035258052));
#736=CARTESIAN_POINT('Ctrl Pts',(-1.55464215820676,-3.27315821797942,-1.17069207379942E-15));
#737=CARTESIAN_POINT('',(1.55464215820676,-3.27315821797942,1.44560289664734E-17));
#738=CARTESIAN_POINT('Origin',(0.,0.,0.));
#739=CARTESIAN_POINT('Ctrl Pts',(-3.62497978890994,0.00200761835987533,
-0.320572710429323));
#740=CARTESIAN_POINT('Ctrl Pts',(-3.61402839844742,-1.08974677864096,-0.272526129380831));
#741=CARTESIAN_POINT('Ctrl Pts',(-3.09910121720235,-2.18469557221813,-0.224479548332339));
#742=CARTESIAN_POINT('Ctrl Pts',(-2.24365914436503,-2.85503442871422,-0.176432967283847));
#743=CARTESIAN_POINT('Ctrl Pts',(-1.25979324237603,-3.62600836678265,-0.121173360231818));
#744=CARTESIAN_POINT('Ctrl Pts',(0.174502045456623,-3.83531290975288,-0.06591375317979));
#745=CARTESIAN_POINT('Ctrl Pts',(1.3372856156217,-3.37680404712532,-0.0106541461277617));
#746=CARTESIAN_POINT('Ctrl Pts',(1.41201449826851,-3.34733695121257,-0.00710276408517425));
#747=CARTESIAN_POINT('Ctrl Pts',(1.4856219622477,-3.31511160079074,-0.00355138204258676));
#748=CARTESIAN_POINT('Ctrl Pts',(1.55799515981156,-3.28027496329057,6.93889390390723E-16));
#749=CARTESIAN_POINT('Origin',(0.,0.,2.5));
#750=CARTESIAN_POINT('',(-3.,-3.67394039744206E-16,-5.55111512312578E-16));
#751=CARTESIAN_POINT('Origin',(0.,0.,0.));
#752=CARTESIAN_POINT('',(-2.94,3.60046158949322E-16,3.));
#753=CARTESIAN_POINT('',(-2.95,-3.61270805748469E-16,2.5));
#754=CARTESIAN_POINT('Origin',(0.,0.,3.));
#755=CARTESIAN_POINT('Origin',(0.,0.,0.));
#756=CARTESIAN_POINT('Ctrl Pts',(-1.55464215815986,-3.27315821791366,4.65353900188808E-11));
#757=CARTESIAN_POINT('Ctrl Pts',(-1.65440288351332,-3.21612552006948,1.35919902441805E-11));
#758=CARTESIAN_POINT('Ctrl Pts',(-1.75111209019411,-3.15431292134504,7.93258592213752E-11));
#759=CARTESIAN_POINT('Ctrl Pts',(-1.8445525221552,-3.08800973744157,2.37382074066983E-10));
#760=CARTESIAN_POINT('Ctrl Pts',(-1.93834910597327,-3.0214538363623,3.96040726350457E-10));
#761=CARTESIAN_POINT('Ctrl Pts',(-2.02885245407832,-2.95037240179751,6.47889385730708E-10));
#762=CARTESIAN_POINT('Ctrl Pts',(-2.11580428232422,-2.87502252749213,9.66192750806449E-10));
#763=CARTESIAN_POINT('Ctrl Pts',(-2.20205139977951,-2.80028333464757,1.2819163907564E-9));
#764=CARTESIAN_POINT('Ctrl Pts',(-2.28480474249452,-2.72134393384703,1.66315157635688E-9));
#765=CARTESIAN_POINT('Ctrl Pts',(-2.36376770365303,-2.63843031540225,2.06173794703446E-9));
#766=CARTESIAN_POINT('Ctrl Pts',(-2.37539806201569,-2.62621806954027,2.12044524804544E-9));
#767=CARTESIAN_POINT('Ctrl Pts',(-2.38694610608286,-2.6139195731272,2.17948718997808E-9));
#768=CARTESIAN_POINT('Ctrl Pts',(-2.39841079718005,-2.6015355157665,2.2386669878971E-9));
#769=CARTESIAN_POINT('Ctrl Pts',(-2.47501337647611,-2.51879009088432,2.63408329375523E-9));
#770=CARTESIAN_POINT('Ctrl Pts',(-2.54753706374528,-2.43261756476479,3.02574733599902E-9));
#771=CARTESIAN_POINT('Ctrl Pts',(-2.61577561206978,-2.34328970557996,3.43324366158804E-9));
#772=CARTESIAN_POINT('Ctrl Pts',(-2.68388585085548,-2.25412981034946,3.83997376827464E-9));
#773=CARTESIAN_POINT('Ctrl Pts',(-2.74772747287447,-2.16182576736034,4.2626170104981E-9));
#774=CARTESIAN_POINT('Ctrl Pts',(-2.80705221729413,-2.06661964768816,4.69865107932677E-9));
#775=CARTESIAN_POINT('Ctrl Pts',(-2.82412978249332,-2.03921306158368,4.82417037675204E-9));
#776=CARTESIAN_POINT('Ctrl Pts',(-2.84083275281097,-2.01156584611597,4.95065291177328E-9));
#777=CARTESIAN_POINT('Ctrl Pts',(-2.85715446479505,-1.98368346144274,5.07767203283827E-9));
#778=CARTESIAN_POINT('Ctrl Pts',(-2.91326277315775,-1.88783362420388,5.51431912292196E-9));
#779=CARTESIAN_POINT('Ctrl Pts',(-2.96486940725405,-1.78920517105859,5.95922386762434E-9));
#780=CARTESIAN_POINT('Ctrl Pts',(-3.011742901062,-1.68817124752616,6.37932275060482E-9));
#781=CARTESIAN_POINT('Ctrl Pts',(-3.04675662899243,-1.61270057054179,6.69312969772135E-9));
#782=CARTESIAN_POINT('Ctrl Pts',(-3.07912837695297,-1.535887356607,6.99261947920439E-9));
#783=CARTESIAN_POINT('Ctrl Pts',(-3.10874261069786,-1.45788694778629,7.25446212823666E-9));
#784=CARTESIAN_POINT('Ctrl Pts',(-3.1478664744479,-1.35483929193821,7.60038682228806E-9));
#785=CARTESIAN_POINT('Ctrl Pts',(-3.18199395735052,-1.25020892140129,7.87498179699416E-9));
#786=CARTESIAN_POINT('Ctrl Pts',(-3.21096262174904,-1.14437652550048,8.11260505995115E-9));
#787=CARTESIAN_POINT('Ctrl Pts',(-3.23963695630039,-1.03961941676112,8.34781400315525E-9));
#788=CARTESIAN_POINT('Ctrl Pts',(-3.26325694980775,-0.933683727704774,8.5469073056872E-9));
#789=CARTESIAN_POINT('Ctrl Pts',(-3.28161532053044,-0.826930316008988,8.71808603086777E-9));
#790=CARTESIAN_POINT('Ctrl Pts',(-3.29945082863656,-0.723217335787763,8.88438943473029E-9));
#791=CARTESIAN_POINT('Ctrl Pts',(-3.31232016079891,-0.618731835232704,9.024372281119E-9));
#792=CARTESIAN_POINT('Ctrl Pts',(-3.31998496811183,-0.513808235409607,9.1208602337467E-9));
#793=CARTESIAN_POINT('Ctrl Pts',(-3.32551549408258,-0.438100827502817,9.19048091774908E-9));
#794=CARTESIAN_POINT('Ctrl Pts',(-3.32833540204589,-0.362165374720627,9.23695912712933E-9));
#795=CARTESIAN_POINT('Ctrl Pts',(-3.32833873008665,-0.286131748104653,9.24531140533702E-9));
#796=CARTESIAN_POINT('Ctrl Pts',(-3.32834038792061,-0.248256271954658,9.2494720185832E-9));
#797=CARTESIAN_POINT('Ctrl Pts',(-3.32764288282256,-0.210356506878519,9.24405765692282E-9));
#798=CARTESIAN_POINT('Ctrl Pts',(-3.32625219538044,-0.172448388313736,9.22651091639359E-9));
#799=CARTESIAN_POINT('Ctrl Pts',(-3.32234308176777,-0.0658916324070767,
9.17718835500434E-9));
#800=CARTESIAN_POINT('Ctrl Pts',(-3.31297971737197,0.0402257393440935,9.02852173067872E-9));
#801=CARTESIAN_POINT('Ctrl Pts',(-3.29841479460263,0.145573963551284,8.83288242548019E-9));
#802=CARTESIAN_POINT('Ctrl Pts',(-3.28364775615512,0.252384092371095,8.63452825721841E-9));
#803=CARTESIAN_POINT('Ctrl Pts',(-3.26353337398389,0.358404416324064,8.3881316814911E-9));
#804=CARTESIAN_POINT('Ctrl Pts',(-3.23828165785321,0.46327941967587,8.11693634528154E-9));
#805=CARTESIAN_POINT('Ctrl Pts',(-3.21305133204183,0.568065585112784,7.84597073424412E-9));
#806=CARTESIAN_POINT('Ctrl Pts',(-3.18269183918981,0.671709173128472,7.55043644194681E-9));
#807=CARTESIAN_POINT('Ctrl Pts',(-3.14736714345873,0.773831517075505,7.2193084010852E-9));
#808=CARTESIAN_POINT('Ctrl Pts',(-3.11412794582765,0.869924765800028,6.90772948543985E-9));
#809=CARTESIAN_POINT('Ctrl Pts',(-3.07649177726733,0.964671434213774,6.56449540320201E-9));
#810=CARTESIAN_POINT('Ctrl Pts',(-3.03456462392702,1.05772704312303,6.15034220774469E-9));
#811=CARTESIAN_POINT('Ctrl Pts',(-2.99084557147315,1.15475969912069,5.71848875473346E-9));
#812=CARTESIAN_POINT('Ctrl Pts',(-2.94265465505348,1.24952587316142,5.22183968423697E-9));
#813=CARTESIAN_POINT('Ctrl Pts',(-2.8901851270654,1.34167966868873,4.72614772317748E-9));
#814=CARTESIAN_POINT('Ctrl Pts',(-2.83809404373716,1.4331687905828,4.23403101775268E-9));
#815=CARTESIAN_POINT('Ctrl Pts',(-2.78178527527089,1.52208379718627,3.74300557211696E-9));
#816=CARTESIAN_POINT('Ctrl Pts',(-2.7214089913108,1.60805327221867,3.28085197898176E-9));
#817=CARTESIAN_POINT('Ctrl Pts',(-2.66245733766065,1.69199422360193,2.82960329707069E-9));
#818=CARTESIAN_POINT('Ctrl Pts',(-2.59962728113365,1.77312752294258,2.40593003262838E-9));
#819=CARTESIAN_POINT('Ctrl Pts',(-2.53302991331814,1.85106705776165,1.99942362666405E-9));
#820=CARTESIAN_POINT('Ctrl Pts',(-2.51414114728267,1.87317276083071,1.8841277126356E-9));
#821=CARTESIAN_POINT('Ctrl Pts',(-2.49494917227476,1.89502126523233,1.76998127023785E-9));
#822=CARTESIAN_POINT('Ctrl Pts',(-2.4754561843961,1.91660306374323,1.65618913028354E-9));
#823=CARTESIAN_POINT('Ctrl Pts',(-2.40696260016106,1.99243621684687,1.25635142566892E-9));
#824=CARTESIAN_POINT('Ctrl Pts',(-2.33503037075493,2.06467476271455,8.71761204317992E-10));
#825=CARTESIAN_POINT('Ctrl Pts',(-2.25980661234832,2.1329790977491,5.82788650671517E-10));
#826=CARTESIAN_POINT('Ctrl Pts',(-2.18640856107751,2.19962566249246,3.00829562775985E-10));
#827=CARTESIAN_POINT('Ctrl Pts',(-2.10987625739098,2.26252710898589,1.09930747133288E-10));
#828=CARTESIAN_POINT('Ctrl Pts',(-2.03032030121732,2.32132603427766,4.82686113301156E-11));
#829=CARTESIAN_POINT('Ctrl Pts',(-1.99970299346381,2.34395494703065,2.45377848850932E-11));
#830=CARTESIAN_POINT('Ctrl Pts',(-1.96863761229452,2.36597574636561,1.95559795876318E-11));
#831=CARTESIAN_POINT('Ctrl Pts',(-1.93712965442582,2.38736613834293,3.39878680755135E-11));
#832=CARTESIAN_POINT('Ctrl Pts',(1.9329504266798,2.38218234179091,-9.18504773061886E-11));
#833=CARTESIAN_POINT('Ctrl Pts',(2.01664305435428,2.32589622200742,-2.54367000695268E-11));
#834=CARTESIAN_POINT('Ctrl Pts',(2.09725489534749,2.2654888494809,-9.04712564099303E-11));
#835=CARTESIAN_POINT('Ctrl Pts',(2.17465317954903,2.20128767679632,-2.77195677869657E-10));
#836=CARTESIAN_POINT('Ctrl Pts',(2.25388484696462,2.13556572941323,-4.68343161461684E-10));
#837=CARTESIAN_POINT('Ctrl Pts',(2.32974955188568,2.06586775785103,-7.8696497343696E-10));
#838=CARTESIAN_POINT('Ctrl Pts',(2.40208021746715,1.99249522556526,-1.18012145888802E-9));
#839=CARTESIAN_POINT('Ctrl Pts',(2.47441088304862,1.9191226932795,-1.57327794433907E-9));
#840=CARTESIAN_POINT('Ctrl Pts',(2.54320809526609,1.84207501798951,-2.04077281794214E-9));
#841=CARTESIAN_POINT('Ctrl Pts',(2.60827127963932,1.76161187616987,-2.4898014899799E-9));
#842=CARTESIAN_POINT('Ctrl Pts',(2.67379848100714,1.68057488808675,-2.94203251821958E-9));
#843=CARTESIAN_POINT('Ctrl Pts',(2.73521589526649,1.59647136023759,-3.36738104615058E-9));
#844=CARTESIAN_POINT('Ctrl Pts',(2.79238589683215,1.50964161516608,-3.80324322035719E-9));
#845=CARTESIAN_POINT('Ctrl Pts',(2.85032158436195,1.42164894696619,-4.24494295866994E-9));
#846=CARTESIAN_POINT('Ctrl Pts',(2.9038959348807,1.33085604272126,-4.69731079682659E-9));
#847=CARTESIAN_POINT('Ctrl Pts',(2.95293618335626,1.23757294273178,-5.15972467529657E-9));
#848=CARTESIAN_POINT('Ctrl Pts',(2.9670295501167,1.21076490277339,-5.29261487440803E-9));
#849=CARTESIAN_POINT('Ctrl Pts',(2.98074823145835,1.18375095050152,-5.42609417609587E-9));
#850=CARTESIAN_POINT('Ctrl Pts',(2.99408757216141,1.15653787592194,-5.55957879733171E-9));
#851=CARTESIAN_POINT('Ctrl Pts',(3.04045598313121,1.06194346875095,-6.0235799584559E-9));
#852=CARTESIAN_POINT('Ctrl Pts',(3.08224420452925,0.96494523575539,-6.49027170040795E-9));
#853=CARTESIAN_POINT('Ctrl Pts',(3.11933536000743,0.865945045805412,-6.91250308382241E-9));
#854=CARTESIAN_POINT('Ctrl Pts',(3.1435483611879,0.801318002370861,-7.18813453431906E-9));
#855=CARTESIAN_POINT('Ctrl Pts',(3.16575887643748,0.735837170916992,-7.44410082698772E-9));
#856=CARTESIAN_POINT('Ctrl Pts',(3.18592358181082,0.669609180888302,-7.65964050519763E-9));
#857=CARTESIAN_POINT('Ctrl Pts',(3.21738356681081,0.566283516847804,-7.99591497206886E-9));
#858=CARTESIAN_POINT('Ctrl Pts',(3.24371153765523,0.461646809900801,-8.24087197280006E-9));
#859=CARTESIAN_POINT('Ctrl Pts',(3.26484675256005,0.35615111878462,-8.44149697365459E-9));
#860=CARTESIAN_POINT('Ctrl Pts',(3.28613145819448,0.249909249883784,-8.64354100799855E-9));
#861=CARTESIAN_POINT('Ctrl Pts',(3.30215011744865,0.142795347247783,-8.80046314283178E-9));
#862=CARTESIAN_POINT('Ctrl Pts',(3.31279741512183,0.0352402285365847,-8.92562204701797E-9));
#863=CARTESIAN_POINT('Ctrl Pts',(3.32331981678487,-0.0710532362218348,-9.04931279954309E-9));
#864=CARTESIAN_POINT('Ctrl Pts',(3.32859641888521,-0.177778533434676,-9.14174469964057E-9));
#865=CARTESIAN_POINT('Ctrl Pts',(3.32847835714976,-0.284536634243708,-9.18523151982598E-9));
#866=CARTESIAN_POINT('Ctrl Pts',(3.32839509444435,-0.359827483247155,-9.21590047691127E-9));
#867=CARTESIAN_POINT('Ctrl Pts',(3.32562770236641,-0.4351350183775,-9.22159085565772E-9));
#868=CARTESIAN_POINT('Ctrl Pts',(3.32010836195304,-0.510320711103031,-9.18768652824475E-9));
#869=CARTESIAN_POINT('Ctrl Pts',(3.31790326588717,-0.540359024166216,-9.17414098685108E-9));
#870=CARTESIAN_POINT('Ctrl Pts',(3.31525875605122,-0.570377885565699,-9.15420007269502E-9));
#871=CARTESIAN_POINT('Ctrl Pts',(3.31217964792062,-0.600371106998204,-9.12663897234545E-9));
#872=CARTESIAN_POINT('Ctrl Pts',(3.30147118250802,-0.704680978785649,-9.03078745258824E-9));
#873=CARTESIAN_POINT('Ctrl Pts',(3.28555968882206,-0.808198041786119,-8.85031020347603E-9));
#874=CARTESIAN_POINT('Ctrl Pts',(3.26476218389168,-0.910659996625225,-8.63057147970636E-9));
#875=CARTESIAN_POINT('Ctrl Pts',(3.24322716079876,-1.01675544273722,-8.40304041256021E-9));
#876=CARTESIAN_POINT('Ctrl Pts',(3.21645342687028,-1.12172021179196,-8.13340814705665E-9));
#877=CARTESIAN_POINT('Ctrl Pts',(3.18473772176894,-1.22527053439397,-7.84474013526548E-9));
#878=CARTESIAN_POINT('Ctrl Pts',(3.15135152555327,-1.33427493387174,-7.54086775241763E-9));
#879=CARTESIAN_POINT('Ctrl Pts',(3.11248914227412,-1.44171279664336,-7.21596932196958E-9));
#880=CARTESIAN_POINT('Ctrl Pts',(3.06843580947441,-1.5472500714038,-6.86663023663492E-9));
#881=CARTESIAN_POINT('Ctrl Pts',(3.0243824766747,-1.65278734616424,-6.51729115130025E-9));
#882=CARTESIAN_POINT('Ctrl Pts',(2.97513774431642,-1.75642492991554,-6.14332907364356E-9));
#883=CARTESIAN_POINT('Ctrl Pts',(2.92093104040022,-1.85781259639506,-5.71304681340479E-9));
#884=CARTESIAN_POINT('Ctrl Pts',(2.86690934724933,-1.95885422062494,-5.28423315283527E-9));
#885=CARTESIAN_POINT('Ctrl Pts',(2.80822271074493,-2.05716800925278,-4.80644349222082E-9));
#886=CARTESIAN_POINT('Ctrl Pts',(2.74519693345069,-2.15244262234244,-4.33524080523107E-9));
#887=CARTESIAN_POINT('Ctrl Pts',(2.6819520525715,-2.24804844926522,-3.86240002344282E-9));
#888=CARTESIAN_POINT('Ctrl Pts',(2.61433739196022,-2.34059473747033,-3.39602722657327E-9));
#889=CARTESIAN_POINT('Ctrl Pts',(2.54262876207769,-2.42975676772641,-2.96581675884866E-9));
#890=CARTESIAN_POINT('Ctrl Pts',(2.47122834463991,-2.51853556869238,-2.5374553882304E-9));
#891=CARTESIAN_POINT('Ctrl Pts',(2.39576860254827,-2.60395993069699,-2.14476555754444E-9));
#892=CARTESIAN_POINT('Ctrl Pts',(2.31647571363738,-2.68568738579956,-1.7935138929559E-9));
#893=CARTESIAN_POINT('Ctrl Pts',(2.23732591813206,-2.76726735403363,-1.44289610358104E-9));
#894=CARTESIAN_POINT('Ctrl Pts',(2.1543563516835,-2.84516455839982,-1.13341287450961E-9));
#895=CARTESIAN_POINT('Ctrl Pts',(2.06775277945851,-2.91900452224976,-8.49760484200601E-10));
#896=CARTESIAN_POINT('Ctrl Pts',(1.97865863973067,-2.99496799451457,-5.5795088523475E-10));
#897=CARTESIAN_POINT('Ctrl Pts',(1.8861510007533,-3.06626764187713,-3.69092003609743E-10));
#898=CARTESIAN_POINT('Ctrl Pts',(1.79051465221548,-3.13257558095989,-2.81575984750759E-10));
#899=CARTESIAN_POINT('Ctrl Pts',(1.71492340219837,-3.18498557023653,-2.12403067097423E-10));
#900=CARTESIAN_POINT('Ctrl Pts',(1.63737646079323,-3.23427687078358,-2.06028252055366E-10));
#901=CARTESIAN_POINT('Ctrl Pts',(1.55799515955814,-3.28027496293411,-2.51729193045946E-10));
#902=CARTESIAN_POINT('Origin',(0.,0.,3.));
#903=CARTESIAN_POINT('',(-3.5,-4.28626379701574E-16,3.));
#904=CARTESIAN_POINT('Origin',(0.,0.,3.));
#905=CARTESIAN_POINT('Origin',(0.,0.,0.));
#906=CARTESIAN_POINT('',(-3.9,-4.77612251667468E-16,-7.27220321806871E-17));
#907=CARTESIAN_POINT('',(-3.9,-4.77612251667468E-16,0.));
#908=CARTESIAN_POINT('',(-3.37749907475931,-1.95,0.));
#909=CARTESIAN_POINT('Origin',(0.,0.,0.));
#910=CARTESIAN_POINT('',(-2.35922392732846E-15,-3.89999999999999,0.));
#911=CARTESIAN_POINT('Origin',(0.,0.,0.));
#912=CARTESIAN_POINT('',(3.3774990747593,-1.95,0.));
#913=CARTESIAN_POINT('Origin',(0.,0.,0.));
#914=CARTESIAN_POINT('',(3.37749907475931,1.95,0.));
#915=CARTESIAN_POINT('Origin',(0.,0.,0.));
#916=CARTESIAN_POINT('',(0.,3.89999999999999,0.));
#917=CARTESIAN_POINT('Origin',(0.,0.,0.));
#918=CARTESIAN_POINT('',(-3.37749907475931,1.95,0.));
#919=CARTESIAN_POINT('Origin',(0.,0.,0.));
#920=CARTESIAN_POINT('Origin',(0.,0.,0.));
#921=CARTESIAN_POINT('Origin',(-5.55111512312578E-16,-5.55111512312578E-16,
0.));
#922=CARTESIAN_POINT('',(-2.25166604983954,3.89999999999999,0.));
#923=CARTESIAN_POINT('',(2.25166604983954,3.89999999999999,0.));
#924=CARTESIAN_POINT('',(-2.25166604983954,3.89999999999999,0.));
#925=CARTESIAN_POINT('Origin',(-5.55111512312578E-16,-5.55111512312578E-16,
0.));
#926=CARTESIAN_POINT('',(2.25166604983954,3.89999999999999,0.));
#927=CARTESIAN_POINT('',(4.50333209967908,-1.38777878078145E-16,0.));
#928=CARTESIAN_POINT('',(2.25166604983954,3.89999999999999,0.));
#929=CARTESIAN_POINT('Origin',(-5.55111512312578E-16,-5.55111512312578E-16,
0.));
#930=CARTESIAN_POINT('',(4.50333209967908,0.,0.));
#931=CARTESIAN_POINT('',(2.25166604983953,-3.9,0.));
#932=CARTESIAN_POINT('',(4.50333209967908,-1.38777878078145E-16,0.));
#933=CARTESIAN_POINT('Origin',(-5.55111512312578E-16,-5.55111512312578E-16,
0.));
#934=CARTESIAN_POINT('',(2.25166604983953,-3.9,0.));
#935=CARTESIAN_POINT('',(-2.25166604983954,-3.89999999999999,0.));
#936=CARTESIAN_POINT('',(2.25166604983953,-3.9,0.));
#937=CARTESIAN_POINT('Origin',(-5.55111512312578E-16,-5.55111512312578E-16,
0.));
#938=CARTESIAN_POINT('',(-2.25166604983954,-3.89999999999999,0.));
#939=CARTESIAN_POINT('',(-4.50333209967908,4.23233422435447E-16,0.));
#940=CARTESIAN_POINT('',(-2.25166604983954,-3.89999999999999,0.));
#941=CARTESIAN_POINT('Origin',(-5.55111512312578E-16,-5.55111512312578E-16,
0.));
#942=CARTESIAN_POINT('',(-4.50333209967908,4.23233422435447E-16,0.));
#943=CARTESIAN_POINT('',(-2.25166604983954,3.89999999999999,0.));
#944=CARTESIAN_POINT('',(-4.50333209967908,4.23233422435447E-16,0.));
#945=CARTESIAN_POINT('Origin',(0.,0.,2.20833684463708));
#946=CARTESIAN_POINT('Ctrl Pts',(-3.62483553884911,0.000164901800371957,
-1.32057271049753));
#947=CARTESIAN_POINT('Ctrl Pts',(-3.62303342124299,-0.714493866419064,-1.28917030742248));
#948=CARTESIAN_POINT('Ctrl Pts',(-3.40663895819999,-1.42991612305742,-1.25776790434744));
#949=CARTESIAN_POINT('Ctrl Pts',(-3.00789832786058,-2.02254077178532,-1.22636550127239));
#950=CARTESIAN_POINT('Ctrl Pts',(-2.54011564478427,-2.71777854578173,-1.1895257632377));
#951=CARTESIAN_POINT('Ctrl Pts',(-1.82137328955672,-3.24401223332501,-1.15268602520302));
#952=CARTESIAN_POINT('Ctrl Pts',(-1.01726411123493,-3.47924763355739,-1.11584628716833));
#953=CARTESIAN_POINT('Ctrl Pts',(-0.213154932913144,-3.71448303378977,-1.07900654913365));
#954=CARTESIAN_POINT('Ctrl Pts',(0.676321068502891,-3.65872014671126,-1.04216681109896));
#955=CARTESIAN_POINT('Ctrl Pts',(1.44484201014388,-3.32472657457965,-1.00532707306428));
#956=CARTESIAN_POINT('Ctrl Pts',(2.21336295178487,-2.99073300244803,-0.96848733502959));
#957=CARTESIAN_POINT('Ctrl Pts',(2.86092883365081,-2.37850874526331,-0.931647596994904));
#958=CARTESIAN_POINT('Ctrl Pts',(3.23760116988192,-1.63004934406193,-0.894807858960218));
#959=CARTESIAN_POINT('Ctrl Pts',(3.61427350611303,-0.881589942860549,-0.857968120925532));
#960=CARTESIAN_POINT('Ctrl Pts',(3.72005229670931,0.00310460235749724,-0.821128382890846));
#961=CARTESIAN_POINT('Ctrl Pts',(3.53099065770391,0.81928725863074,-0.78428864485616));
#962=CARTESIAN_POINT('Ctrl Pts',(3.34192901869851,1.63546991490398,-0.747448906821475));
#963=CARTESIAN_POINT('Ctrl Pts',(2.85802695009142,2.38314068223242,-0.710609168786789));
#964=CARTESIAN_POINT('Ctrl Pts',(2.18960375711748,2.8891406271609,-0.673769430752104));
#965=CARTESIAN_POINT('Ctrl Pts',(1.52118056414354,3.39514057208938,-0.636929692717418));
#966=CARTESIAN_POINT('Ctrl Pts',(0.668236246802738,3.65946969461789,-0.600089954682733));
#967=CARTESIAN_POINT('Ctrl Pts',(-0.167866648817948,3.62095084105423,-0.563250216648047));
#968=CARTESIAN_POINT('Ctrl Pts',(-1.00396954443864,3.58243198749057,-0.526410478613361));
#969=CARTESIAN_POINT('Ctrl Pts',(-1.82323101833921,3.24106515783473,-0.489570740578675));
#970=CARTESIAN_POINT('Ctrl Pts',(-2.443446528769,2.67571222916677,-0.452731002543989));
#971=CARTESIAN_POINT('Ctrl Pts',(-3.06366203919879,2.11035930049881,-0.415891264509304));
#972=CARTESIAN_POINT('Ctrl Pts',(-3.4848315861578,1.32102027281873,-0.379051526474618));
#973=CARTESIAN_POINT('Ctrl Pts',(-3.59528357669444,0.492045300699577,-0.342211788439933));
#974=CARTESIAN_POINT('Ctrl Pts',(-3.61690949268583,0.329736382418274,-0.334998762436397));
#975=CARTESIAN_POINT('Ctrl Pts',(-3.6266238739303,0.165907997600064,-0.32778573643286));
#976=CARTESIAN_POINT('Ctrl Pts',(-3.62497978890994,0.00200761835987533,
-0.320572710429324));
#977=CARTESIAN_POINT('Ctrl Pts',(-3.62274732595391,0.000387109162401402,
-1.17942728951072));
#978=CARTESIAN_POINT('Ctrl Pts',(-3.62138397315631,-0.563235302907033,-1.15468224002044));
#979=CARTESIAN_POINT('Ctrl Pts',(-3.49045942210882,-1.12740747137648,-1.12993719053015));
#980=CARTESIAN_POINT('Ctrl Pts',(-3.2375706991846,-1.63012488569559,-1.10519214103987));
#981=CARTESIAN_POINT('Ctrl Pts',(-2.86107703696291,-2.37855652072876,-1.06835240300519));
#982=CARTESIAN_POINT('Ctrl Pts',(-2.21425683557664,-2.99077724440134,-1.0315126649705));
#983=CARTESIAN_POINT('Ctrl Pts',(-1.44522898992108,-3.32457665145801,-0.994672926935819));
#984=CARTESIAN_POINT('Ctrl Pts',(-0.676201144265522,-3.65837605851467,-0.957833188901135));
#985=CARTESIAN_POINT('Ctrl Pts',(0.215034345659327,-3.71375414895541,-0.920993450866452));
#986=CARTESIAN_POINT('Ctrl Pts',(1.01838084303488,-3.47883904020217,-0.884153712831769));
#987=CARTESIAN_POINT('Ctrl Pts',(1.82172734041042,-3.24392393144893,-0.847313974797086));
#988=CARTESIAN_POINT('Ctrl Pts',(2.53718484523667,-2.7187156235017,-0.810474236762404));
#989=CARTESIAN_POINT('Ctrl Pts',(3.00631915476048,-2.02286354057958,-0.773634498727721));
#990=CARTESIAN_POINT('Ctrl Pts',(3.47545346428429,-1.32701145765745,-0.736794760693038));
#991=CARTESIAN_POINT('Ctrl Pts',(3.69826457850565,-0.460515599760449,-0.699955022658354));
#992=CARTESIAN_POINT('Ctrl Pts',(3.6097842685914,0.37109449141417,-0.663115284623671));
#993=CARTESIAN_POINT('Ctrl Pts',(3.47706380372003,1.6185096281761,-0.607855677571646));
#994=CARTESIAN_POINT('Ctrl Pts',(2.64393763454351,2.78743178981265,-0.552596070519622));
#995=CARTESIAN_POINT('Ctrl Pts',(1.50580293681312,3.30419601468815,-0.497336463467597));
#996=CARTESIAN_POINT('Ctrl Pts',(0.367668239082732,3.82096023956365,-0.442076856415573));
#997=CARTESIAN_POINT('Ctrl Pts',(-1.07547498720153,3.68556652767812,-0.386817249363548));
#998=CARTESIAN_POINT('Ctrl Pts',(-2.0970488227532,2.96538576710059,-0.331557642311524));
#999=CARTESIAN_POINT('Ctrl Pts',(-3.03451711268537,2.30449704563478,-0.280847524723783));
#1000=CARTESIAN_POINT('Ctrl Pts',(-3.61697365810034,1.15114783037829,-0.230137407136042));
#1001=CARTESIAN_POINT('Ctrl Pts',(-3.62625988203084,-0.00130122185045203,
-0.179427289548301));
#1002=CARTESIAN_POINT('Ctrl Pts',(1.93295042665412,2.38218234181175,-9.01349567900001E-11));
#1003=CARTESIAN_POINT('Ctrl Pts',(2.34650484594348,2.04661600955437,-0.0276298036161492));
#1004=CARTESIAN_POINT('Ctrl Pts',(2.98791742258983,1.15730365042432,-0.0828894106681773));
#1005=CARTESIAN_POINT('Ctrl Pts',(3.24861334098559,-1.03963519936155,-0.193408624772235));
#1006=CARTESIAN_POINT('Ctrl Pts',(1.36272945897412,-3.42389924640618,-0.331557642402305));
#1007=CARTESIAN_POINT('Ctrl Pts',(-2.28021712316526,-2.89306871723977,-0.497336463558391));
#1008=CARTESIAN_POINT('Ctrl Pts',(-3.48513747755986,0.115264635956249,-0.644695415697134));
#1009=CARTESIAN_POINT('Ctrl Pts',(-2.23765568558167,2.45442422483332,-0.773634498818533));
#1010=CARTESIAN_POINT('Ctrl Pts',(-0.157070069839943,3.32186634473843,-0.88415371292259));
#1011=CARTESIAN_POINT('Ctrl Pts',(2.00938568931073,2.65097470029996,-0.994672927026647));
#1012=CARTESIAN_POINT('Ctrl Pts',(3.23880192992231,0.752291579544679,-1.1051921411307));
#1013=CARTESIAN_POINT('Ctrl Pts',(2.97061464199604,-1.4947193417228,-1.21571135523476));
#1014=CARTESIAN_POINT('Ctrl Pts',(1.32624700789526,-3.04999611110702,-1.32623056933882));
#1015=CARTESIAN_POINT('Ctrl Pts',(-0.932821970930991,-3.19209627992222,
-1.43674978344287));
#1016=CARTESIAN_POINT('Ctrl Pts',(-2.7585697653592,-1.85594583254377,-1.54726899754693));
#1017=CARTESIAN_POINT('Ctrl Pts',(-3.30971837093869,0.338947593515575,-1.65778821165099));
#1018=CARTESIAN_POINT('Ctrl Pts',(-2.32158937093977,2.37925628783586,-1.76830742575504));
#1019=CARTESIAN_POINT('Ctrl Pts',(-0.270136190116071,3.31283223861306,-1.8788266398591));
#1020=CARTESIAN_POINT('Ctrl Pts',(2.29596115468436,2.62218307368327,-2.0077657229805));
#1021=CARTESIAN_POINT('Ctrl Pts',(3.40507746194612,0.252229801365466,-2.12749487159323));
#1022=CARTESIAN_POINT('Ctrl Pts',(2.62946604414833,-1.83270055755096,-2.23801408569729));
#1023=CARTESIAN_POINT('Ctrl Pts',(1.79776257446273,-2.54219822367604,-2.29327369274932));
#1024=CARTESIAN_POINT('Ctrl Pts',(1.3167447541624,-2.7707892943939,-2.32090349627533));
#1025=CARTESIAN_POINT('Ctrl Pts',(2.04990839394114,2.52588710955638,0.106966648514263));
#1026=CARTESIAN_POINT('Ctrl Pts',(2.48841042998552,2.170016520256,0.0793368449882484));
#1027=CARTESIAN_POINT('Ctrl Pts',(3.1684831338185,1.22693470660545,0.0240772379362202));
#1028=CARTESIAN_POINT('Ctrl Pts',(3.44472808468537,-1.10271671316795,-0.0864419761678368));
#1029=CARTESIAN_POINT('Ctrl Pts',(1.44472873407368,-3.6308154741033,-0.224590993797908));
#1030=CARTESIAN_POINT('Ctrl Pts',(-2.41819473116293,-3.06759863303564,-0.390369814953993));
#1031=CARTESIAN_POINT('Ctrl Pts',(-3.69562024947993,0.122537755346237,-0.537728767092736));
#1032=CARTESIAN_POINT('Ctrl Pts',(-2.3725848255,2.6028649121066,-0.666667850214135));
#1033=CARTESIAN_POINT('Ctrl Pts',(-0.166259833599435,3.52251231087211,-0.777187064318193));
#1034=CARTESIAN_POINT('Ctrl Pts',(2.13098416439545,2.81090698463943,-0.887706278422249));
#1035=CARTESIAN_POINT('Ctrl Pts',(3.43448421226663,0.797438569221212,-0.998225492526308));
#1036=CARTESIAN_POINT('Ctrl Pts',(3.1498983251168,-1.5852618966652,-1.10874470663036));
#1037=CARTESIAN_POINT('Ctrl Pts',(1.40607625779029,-3.23432631516666,-1.21926392073442));
#1038=CARTESIAN_POINT('Ctrl Pts',(-0.989447204313675,-3.38480707937078,
-1.32978313483848));
#1039=CARTESIAN_POINT('Ctrl Pts',(-2.92534592683238,-1.96779353131942,-1.44030234894253));
#1040=CARTESIAN_POINT('Ctrl Pts',(-3.50958630568136,0.359714899706552,-1.55082156304659));
#1041=CARTESIAN_POINT('Ctrl Pts',(-2.46159459936416,2.52316452765926,-1.66134077715065));
#1042=CARTESIAN_POINT('Ctrl Pts',(-0.286155655815055,3.51294267231389,-1.7718599912547));
#1043=CARTESIAN_POINT('Ctrl Pts',(2.43486545933063,2.78035081266314,-1.90079907437611));
#1044=CARTESIAN_POINT('Ctrl Pts',(3.61075765283267,0.267159528413801,-2.02052822298883));
#1045=CARTESIAN_POINT('Ctrl Pts',(2.7881150595092,-1.94362580344281,-2.13104743709289));
#1046=CARTESIAN_POINT('Ctrl Pts',(1.90611548110213,-2.69590089912317,-2.18630704414492));
#1047=CARTESIAN_POINT('Ctrl Pts',(1.39602504099719,-2.93825529841813,-2.21393684767093));
#1048=CARTESIAN_POINT('Ctrl Pts',(2.16684687229645,2.66960665834207,0.213934717265765));
#1049=CARTESIAN_POINT('Ctrl Pts',(2.63029907684844,2.29343517567999,0.186304913739751));
#1050=CARTESIAN_POINT('Ctrl Pts',(3.34903885081573,1.2965892787835,0.131045306687722));
#1051=CARTESIAN_POINT('Ctrl Pts',(3.64085025477842,-1.16577207542981,0.020526092583665));
#1052=CARTESIAN_POINT('Ctrl Pts',(1.52675493991295,-3.83771994374499,-0.117622925046405));
#1053=CARTESIAN_POINT('Ctrl Pts',(-2.55614869132782,-3.24214596677959,-0.283401746202492));
#1054=CARTESIAN_POINT('Ctrl Pts',(-3.90610302926171,0.129783077091826,-0.430760698341233));
#1055=CARTESIAN_POINT('Ctrl Pts',(-2.50753293945865,2.75128712670818,-0.559699781462634));
#1056=CARTESIAN_POINT('Ctrl Pts',(-0.175476025302216,3.72315615586485,-0.670218995566689));
#1057=CARTESIAN_POINT('Ctrl Pts',(2.25256098851763,2.97085458815466,-0.780738209670749));
#1058=CARTESIAN_POINT('Ctrl Pts',(3.63015965689872,0.842611168972738,-0.891257423774803));
#1059=CARTESIAN_POINT('Ctrl Pts',(3.32919314213828,-1.67578038820052,-1.00177663787886));
#1060=CARTESIAN_POINT('Ctrl Pts',(1.4859294629914,-3.41864515457666,-1.11229585198292));
#1061=CARTESIAN_POINT('Ctrl Pts',(-1.04604675742581,-3.57752447856732,-1.22281506608698));
#1062=CARTESIAN_POINT('Ctrl Pts',(-3.09210657772636,-2.07966272472211,-1.33333428019103));
#1063=CARTESIAN_POINT('Ctrl Pts',(-3.70945607506,0.380455742344473,-1.44385349429509));
#1064=CARTESIAN_POINT('Ctrl Pts',(-2.60161818209441,2.66705364985349,-1.55437270839915));
#1065=CARTESIAN_POINT('Ctrl Pts',(-0.302201447432245,3.7130500866444,-1.6648919225032));
#1066=CARTESIAN_POINT('Ctrl Pts',(2.57374826369745,2.93853615965497,-1.7938310056246));
#1067=CARTESIAN_POINT('Ctrl Pts',(3.8164349539374,0.282116317581756,-1.91356015423733));
#1068=CARTESIAN_POINT('Ctrl Pts',(2.94677798311224,-2.0545296082337,-2.02407936834139));
#1069=CARTESIAN_POINT('Ctrl Pts',(2.0144881882428,-2.84958860500058,-2.07933897539342));
#1070=CARTESIAN_POINT('Ctrl Pts',(1.47532706413078,-3.10571008500286,-2.10696877891943));
#1071=CARTESIAN_POINT('Ctrl Pts',(2.28377371409407,2.81333513517551,0.320903496184412));
#1072=CARTESIAN_POINT('Ctrl Pts',(2.77217762746075,2.41686476615994,0.293273692658398));
#1073=CARTESIAN_POINT('Ctrl Pts',(3.52958865427092,1.36625798549177,0.238014085606369));
#1074=CARTESIAN_POINT('Ctrl Pts',(3.83697696453303,-1.22881178215972,0.127494871502312));
#1075=CARTESIAN_POINT('Ctrl Pts',(1.60879733328928,-4.04461745272312,-0.0106541461277588));
#1076=CARTESIAN_POINT('Ctrl Pts',(-2.69408853020869,-3.41670382381242,-0.176432967283844));
#1077=CARTESIAN_POINT('Ctrl Pts',(-4.11658590659631,0.137011731298602,-0.323791919422587));
#1078=CARTESIAN_POINT('Ctrl Pts',(-2.64249249223979,2.8996983281789,-0.452731002543986));
#1079=CARTESIAN_POINT('Ctrl Pts',(-0.184708070538068,3.92379881714642,-0.563250216648044));
#1080=CARTESIAN_POINT('Ctrl Pts',(2.37412488148434,3.13081144956086,-0.6737694307521));
#1081=CARTESIAN_POINT('Ctrl Pts',(3.8258310873056,0.887799147575533,-0.784288644856158));
#1082=CARTESIAN_POINT('Ctrl Pts',(3.50849471551675,-1.7662844880786,-0.894807858960214));
#1083=CARTESIAN_POINT('Ctrl Pts',(1.56579706991893,-3.60295725963275,-1.00532707306427));
#1084=CARTESIAN_POINT('Ctrl Pts',(-1.10263093432918,-3.77024592086828,-1.11584628716833));
#1085=CARTESIAN_POINT('Ctrl Pts',(-3.25885800001182,-2.19154485823847,-1.22636550127239));
#1086=CARTESIAN_POINT('Ctrl Pts',(-3.90932703278705,0.401180723110197,-1.33688471537644));
#1087=CARTESIAN_POINT('Ctrl Pts',(-2.74165283428488,2.81093137042028,-1.4474039294805));
#1088=CARTESIAN_POINT('Ctrl Pts',(-0.318263034372059,3.91315577835973,-1.55792314358456));
#1089=CARTESIAN_POINT('Ctrl Pts',(2.71261823463252,3.09673213628921,-1.68686222670595));
#1090=CARTESIAN_POINT('Ctrl Pts',(4.02211061336753,0.297089342830771,-1.80659137531868));
#1091=CARTESIAN_POINT('Ctrl Pts',(3.1054493172775,-2.16542060245282,-1.91711058942274));
#1092=CARTESIAN_POINT('Ctrl Pts',(2.12287281892679,-3.0032674024737,-1.97237019647477));
#1093=CARTESIAN_POINT('Ctrl Pts',(1.55464215819057,-3.27315821798712,-2.00000000000078));
#1094=CARTESIAN_POINT('Ctrl Pts',(1.93487712898061,2.38369948040115,-2.00000000009185));
#1095=CARTESIAN_POINT('Ctrl Pts',(2.01718497632221,2.32747650184613,-2.00000000002588));
#1096=CARTESIAN_POINT('Ctrl Pts',(2.09647508810074,2.26710417775251,-2.00000000008956));
#1097=CARTESIAN_POINT('Ctrl Pts',(2.17264266879467,2.20295096057203,-2.00000000027345));
#1098=CARTESIAN_POINT('Ctrl Pts',(2.25139810254335,2.13661808772256,-2.0000000004636));
#1099=CARTESIAN_POINT('Ctrl Pts',(2.32681585292591,2.06624268111266,-2.00000000078228));
#1100=CARTESIAN_POINT('Ctrl Pts',(2.39875522477637,1.99218049200408,-2.00000000117626));
#1101=CARTESIAN_POINT('Ctrl Pts',(2.47069459662683,1.91811830289551,-2.00000000157024));
#1102=CARTESIAN_POINT('Ctrl Pts',(2.53915613187987,1.84036864738699,-2.0000000020393));
#1103=CARTESIAN_POINT('Ctrl Pts',(2.60396597463267,1.75924494106276,-2.0000000024898));
#1104=CARTESIAN_POINT('Ctrl Pts',(2.6694163298486,1.67731949317043,-2.00000000294475));
#1105=CARTESIAN_POINT('Ctrl Pts',(2.73081869195593,1.5923577703337,-2.00000000337254));
#1106=CARTESIAN_POINT('Ctrl Pts',(2.78805984558243,1.50475676343545,-2.00000000381111));
#1107=CARTESIAN_POINT('Ctrl Pts',(2.84604635184781,1.41601507998679,-2.00000000425539));
#1108=CARTESIAN_POINT('Ctrl Pts',(2.8997631479243,1.32456431857072,-2.00000000471061));
#1109=CARTESIAN_POINT('Ctrl Pts',(2.94906271706035,1.23077160075626,-2.0000000051758));
#1110=CARTESIAN_POINT('Ctrl Pts',(2.99843624762859,1.13683817088566,-2.00000000564168));
#1111=CARTESIAN_POINT('Ctrl Pts',(3.04337983262669,1.04055502827043,-2.00000000611736));
#1112=CARTESIAN_POINT('Ctrl Pts',(3.08370722914133,0.942255744037542,-2.00000000656418));
#1113=CARTESIAN_POINT('Ctrl Pts',(3.12053396077004,0.852489439425621,-2.00000000697222));
#1114=CARTESIAN_POINT('Ctrl Pts',(3.15351102359699,0.761040999607889,-2.00000000735565));
#1115=CARTESIAN_POINT('Ctrl Pts',(3.18246301059576,0.668146665291682,-2.00000000765964));
#1116=CARTESIAN_POINT('Ctrl Pts',(3.21498153353899,0.563808868307757,-2.00000000800108));
#1117=CARTESIAN_POINT('Ctrl Pts',(3.24226027643444,0.458166534870472,-2.00000000824847));
#1118=CARTESIAN_POINT('Ctrl Pts',(3.26415185414277,0.351600965025617,-2.0000000084507));
#1119=CARTESIAN_POINT('Ctrl Pts',(3.28586885325581,0.24588522280573,-2.00000000865133));
#1120=CARTESIAN_POINT('Ctrl Pts',(3.3022847306018,0.139260107323816,-2.00000000880727));
#1121=CARTESIAN_POINT('Ctrl Pts',(3.3132140404992,0.0320691243108545,-2.00000000893139));
#1122=CARTESIAN_POINT('Ctrl Pts',(3.32389904217985,-0.0727257661621413,
-2.00000000905273));
#1123=CARTESIAN_POINT('Ctrl Pts',(3.32934034019116,-0.178062274419874,-2.00000000914337));
#1124=CARTESIAN_POINT('Ctrl Pts',(3.32931920539442,-0.283635405606389,-2.00000000918588));
#1125=CARTESIAN_POINT('Ctrl Pts',(3.32929823004013,-0.38841208543397,-2.00000000922808));
#1126=CARTESIAN_POINT('Ctrl Pts',(3.32389698482769,-0.49342257059169,-2.00000000922269));
#1127=CARTESIAN_POINT('Ctrl Pts',(3.31329963073929,-0.598306192163064,-2.00000000912664));
#1128=CARTESIAN_POINT('Ctrl Pts',(3.30215488979927,-0.708607384471425,-2.00000000902562));
#1129=CARTESIAN_POINT('Ctrl Pts',(3.28531825483736,-0.818229651133292,-2.00000000883088));
#1130=CARTESIAN_POINT('Ctrl Pts',(3.26311486511187,-0.92674775836427,-2.00000000859471));
#1131=CARTESIAN_POINT('Ctrl Pts',(3.24119180416411,-1.03389577081528,-2.00000000836152));
#1132=CARTESIAN_POINT('Ctrl Pts',(3.21403622517398,-1.13996822457975,-2.00000000808771));
#1133=CARTESIAN_POINT('Ctrl Pts',(3.1819052476111,-1.24456715834893,-2.00000000779522));
#1134=CARTESIAN_POINT('Ctrl Pts',(3.14915798491664,-1.35117234192905,-2.00000000749713));
#1135=CARTESIAN_POINT('Ctrl Pts',(3.11124249055019,-1.45624787005878,-2.00000000717954));
#1136=CARTESIAN_POINT('Ctrl Pts',(3.06837643050158,-1.55937059486265,-2.00000000683822));
#1137=CARTESIAN_POINT('Ctrl Pts',(3.02551037045298,-1.66249331966653,-2.00000000649691));
#1138=CARTESIAN_POINT('Ctrl Pts',(2.9776934255659,-1.7636642211892,-2.00000000613169));
#1139=CARTESIAN_POINT('Ctrl Pts',(2.92509299150065,-1.86244388746262,-2.00000000571305));
#1140=CARTESIAN_POINT('Ctrl Pts',(2.90305950065677,-1.90382112913516,-2.00000000553768));
#1141=CARTESIAN_POINT('Ctrl Pts',(2.88022994912899,-1.94469611514011,-2.00000000535381));
#1142=CARTESIAN_POINT('Ctrl Pts',(2.85662473364756,-1.98503949842807,-2.00000000516578));
#1143=CARTESIAN_POINT('Ctrl Pts',(2.79968001929641,-2.0823630089505,-2.00000000471219));
#1144=CARTESIAN_POINT('Ctrl Pts',(2.7382248619048,-2.17659392785046,-2.00000000423616));
#1145=CARTESIAN_POINT('Ctrl Pts',(2.67255758570031,-2.26754489284597,-2.00000000378064));
#1146=CARTESIAN_POINT('Ctrl Pts',(2.60635449747767,-2.35923797207133,-2.0000000033214));
#1147=CARTESIAN_POINT('Ctrl Pts',(2.53586990938889,-2.44759796757995,-2.00000000288288));
#1148=CARTESIAN_POINT('Ctrl Pts',(2.4613595827616,-2.53241408403849,-2.00000000248462));
#1149=CARTESIAN_POINT('Ctrl Pts',(2.38688885319408,-2.61718512662628,-2.00000000208657));
#1150=CARTESIAN_POINT('Ctrl Pts',(2.30839622644199,-2.69841666401277,-2.00000000172859));
#1151=CARTESIAN_POINT('Ctrl Pts',(2.22609350487173,-2.77587037751706,-2.00000000140808));
#1152=CARTESIAN_POINT('Ctrl Pts',(2.17510456007127,-2.82385521990274,-2.00000000120952));
#1153=CARTESIAN_POINT('Ctrl Pts',(2.12265240473868,-2.87038948856083,-2.00000000102491));
#1154=CARTESIAN_POINT('Ctrl Pts',(2.06878012647847,-2.91540956487215,-2.00000000084976));
#1155=CARTESIAN_POINT('Ctrl Pts',(1.97986780383625,-2.98971196454117,-2.00000000056069));
#1156=CARTESIAN_POINT('Ctrl Pts',(1.88748534242655,-3.05956012920037,-2.00000000033315));
#1157=CARTESIAN_POINT('Ctrl Pts',(1.79190758451103,-3.12474155835617,-2.00000000019846));
#1158=CARTESIAN_POINT('Ctrl Pts',(1.71485541150695,-3.17728904289127,-2.00000000008988));
#1159=CARTESIAN_POINT('Ctrl Pts',(1.6357255479221,-3.22680325751867,-2.00000000004117));
#1160=CARTESIAN_POINT('Ctrl Pts',(1.55464215814767,-3.27315821789655,-2.00000000005864));
#1161=CARTESIAN_POINT('Ctrl Pts',(-3.0687976582596,0.000139102449446839,
-1.6415095375817));
#1162=CARTESIAN_POINT('Ctrl Pts',(-3.06727328849174,-0.605106316549296,
-1.61009602420673));
#1163=CARTESIAN_POINT('Ctrl Pts',(-2.88393605072982,-1.21099752440718,-1.57868251083176));
#1164=CARTESIAN_POINT('Ctrl Pts',(-2.54613656734746,-1.7128220028506,-1.5472689974568));
#1165=CARTESIAN_POINT('Ctrl Pts',(-2.14998716732606,-2.30132931512022,-1.51042925942211));
#1166=CARTESIAN_POINT('Ctrl Pts',(-1.54140456915238,-2.74671279760241,-1.47358952138742));
#1167=CARTESIAN_POINT('Ctrl Pts',(-0.86060177357534,-2.94572117737313,-1.43674978335274));
#1168=CARTESIAN_POINT('Ctrl Pts',(-0.179798977998297,-3.14472955714385,
-1.39991004531805));
#1169=CARTESIAN_POINT('Ctrl Pts',(0.573224014982114,-3.0973628342031,-1.36307030728337));
#1170=CARTESIAN_POINT('Ctrl Pts',(1.22379678383642,-2.81446667782218,-1.32623056924868));
#1171=CARTESIAN_POINT('Ctrl Pts',(1.87436955269072,-2.53157052144126,-1.289390831214));
#1172=CARTESIAN_POINT('Ctrl Pts',(2.42249209741892,-2.01314493162018,-1.25255109317931));
#1173=CARTESIAN_POINT('Ctrl Pts',(2.74125125110636,-1.37943031647933,-1.21571135514463));
#1174=CARTESIAN_POINT('Ctrl Pts',(3.06001040479381,-0.745715701338484,-1.17887161710994));
#1175=CARTESIAN_POINT('Ctrl Pts',(3.1494061674405,0.00328793912211564,-1.14203187907525));
#1176=CARTESIAN_POINT('Ctrl Pts',(2.98920134198485,0.694236946161085,-1.10519214104057));
#1177=CARTESIAN_POINT('Ctrl Pts',(2.8289965165292,1.38518595320006,-1.06835240300588));
#1178=CARTESIAN_POINT('Ctrl Pts',(2.41919110297119,2.01808032681739,-1.0315126649712));
#1179=CARTESIAN_POINT('Ctrl Pts',(1.85321243631538,2.44634278770486,-0.994672926936511));
#1180=CARTESIAN_POINT('Ctrl Pts',(1.28723376965957,2.87460524859232,-0.957833188901826));
#1181=CARTESIAN_POINT('Ctrl Pts',(0.565081849905941,3.09823579674991,-0.92099345086714));
#1182=CARTESIAN_POINT('Ctrl Pts',(-0.142758379278816,3.06547738417052,-0.884153712832454));
#1183=CARTESIAN_POINT('Ctrl Pts',(-0.850598608463579,3.03271897159114,-0.847313974797768));
#1184=CARTESIAN_POINT('Ctrl Pts',(-1.54412714707947,2.74357159827477,-0.810474236763083));
#1185=CARTESIAN_POINT('Ctrl Pts',(-2.06910310096483,2.26483225604572,-0.773634498728397));
#1186=CARTESIAN_POINT('Ctrl Pts',(-2.59407905485018,1.78609291381668,-0.736794760693712));
#1187=CARTESIAN_POINT('Ctrl Pts',(-2.950502424005,1.11776160267496,-0.699955022659026));
#1188=CARTESIAN_POINT('Ctrl Pts',(-3.04386441005232,0.415929480655011,-0.663115284624341));
#1189=CARTESIAN_POINT('Ctrl Pts',(-3.06211603700445,0.278726121809998,-0.655913368897284));
#1190=CARTESIAN_POINT('Ctrl Pts',(-3.07031409865953,0.140242443574541,-0.648711453170227));
#1191=CARTESIAN_POINT('Ctrl Pts',(-3.06892491948313,0.00169812837997246,
-0.64150953744317));
#1192=CARTESIAN_POINT('Ctrl Pts',(-1.55464215819392,-3.27315821798556,6.02252622772248E-13));
#1193=CARTESIAN_POINT('Ctrl Pts',(-2.12287281892983,-3.00326740247158,-0.02762980352541));
#1194=CARTESIAN_POINT('Ctrl Pts',(-3.10702821349414,-2.16129425896352,-0.0828894105774348));
#1195=CARTESIAN_POINT('Ctrl Pts',(-4.01862932553356,0.287753292618771,-0.193408624681484));
#1196=CARTESIAN_POINT('Ctrl Pts',(-2.51861821348581,3.55017281579262,-0.331557642311545));
#1197=CARTESIAN_POINT('Ctrl Pts',(1.810811465367,3.95635395144923,-0.497336463467619));
#1198=CARTESIAN_POINT('Ctrl Pts',(4.03248124983774,0.839228187085092,-0.64469541560635));
#1199=CARTESIAN_POINT('Ctrl Pts',(3.25264235006296,-2.19350731555449,-0.773634498727743));
#1200=CARTESIAN_POINT('Ctrl Pts',(1.10626983558419,-3.7691322393962,-0.884153712831791));
#1201=CARTESIAN_POINT('Ctrl Pts',(-1.56743663419039,-3.60299796807396,-0.99467292693584));
#1202=CARTESIAN_POINT('Ctrl Pts',(-3.5078972383492,-1.7663357970562,-1.10519214103989));
#1203=CARTESIAN_POINT('Ctrl Pts',(-3.82639860752057,0.887591842125082,-1.21571135514394));
#1204=CARTESIAN_POINT('Ctrl Pts',(-2.37252977445022,3.13117852191336,-1.32623056924799));
#1205=CARTESIAN_POINT('Ctrl Pts',(0.180910317612402,3.92400563571721,-1.43674978335204));
#1206=CARTESIAN_POINT('Ctrl Pts',(2.6489984315381,2.89927202881754,-1.54726899745609));
#1207=CARTESIAN_POINT('Ctrl Pts',(3.89346257719743,0.533557348918902,-1.65778821156013));
#1208=CARTESIAN_POINT('Ctrl Pts',(3.32803288159503,-2.08382176157101,-1.76830742566419));
#1209=CARTESIAN_POINT('Ctrl Pts',(1.23353098053791,-3.72724995921706,-1.87882663976823));
#1210=CARTESIAN_POINT('Ctrl Pts',(-1.90439995914936,-3.64984308146997,-2.00776572288963));
#1211=CARTESIAN_POINT('Ctrl Pts',(-3.83810427415441,-1.23867412086976,-2.12749487150234));
#1212=CARTESIAN_POINT('Ctrl Pts',(-3.52907674069733,1.37061494120567,-2.23801408560639));
#1213=CARTESIAN_POINT('Ctrl Pts',(-2.77217762746075,2.41686476615998,-2.29327369265842));
#1214=CARTESIAN_POINT('Ctrl Pts',(-2.28377371409411,2.81333513517552,-2.32090349618443));
#1215=CARTESIAN_POINT('Ctrl Pts',(-1.47532706413854,-3.10571008501108,0.106968778913058));
#1216=CARTESIAN_POINT('Ctrl Pts',(-2.01448818825196,-2.84958860500747,0.0793389753870456));
#1217=CARTESIAN_POINT('Ctrl Pts',(-2.94827592264528,-2.05061416922964,0.0240793683350209));
#1218=CARTESIAN_POINT('Ctrl Pts',(-3.81313217936365,0.273257454139634,-0.0864398457690284));
#1219=CARTESIAN_POINT('Ctrl Pts',(-2.38964334209225,3.36878088605174,-0.224588863399089));
#1220=CARTESIAN_POINT('Ctrl Pts',(1.71843485874752,3.75395861391793,-0.390367684555164));
#1221=CARTESIAN_POINT('Ctrl Pts',(3.82633686212005,0.796098180554982,-0.537726636693895));
#1222=CARTESIAN_POINT('Ctrl Pts',(3.0862086418538,-2.08152449871516,-0.666665719815287));
#1223=CARTESIAN_POINT('Ctrl Pts',(1.04949965235559,-3.57646793897171,-0.777184933919334));
#1224=CARTESIAN_POINT('Ctrl Pts',(-1.4874851921827,-3.41868369329921,-0.887704148023386));
#1225=CARTESIAN_POINT('Ctrl Pts',(-3.32862622082059,-1.67582910385039,-0.998223362127433));
#1226=CARTESIAN_POINT('Ctrl Pts',(-3.63069817199147,0.842414491900038,-1.10874257623148));
#1227=CARTESIAN_POINT('Ctrl Pts',(-2.25104742031311,2.97120280593415,-1.21926179033553));
#1228=CARTESIAN_POINT('Ctrl Pts',(0.171872470002371,3.72335260465422,-1.32978100443958));
#1229=CARTESIAN_POINT('Ctrl Pts',(2.5137061928626,2.75088227068482,-1.44030021854363));
#1230=CARTESIAN_POINT('Ctrl Pts',(3.69440997155171,0.506064512468812,-1.55081943264768));
#1231=CARTESIAN_POINT('Ctrl Pts',(3.15775022733037,-1.9774514998156,-1.66133864675173));
#1232=CARTESIAN_POINT('Ctrl Pts',(1.17025591653668,-3.53673408622076,-1.77185786085578));
#1233=CARTESIAN_POINT('Ctrl Pts',(-1.80722135853033,-3.46311526008566,-1.90079694397717));
#1234=CARTESIAN_POINT('Ctrl Pts',(-3.6419204582232,-1.17513007178147,-2.02052609258989));
#1235=CARTESIAN_POINT('Ctrl Pts',(-3.34855287590015,1.30072342696407,-2.13104530669394));
#1236=CARTESIAN_POINT('Ctrl Pts',(-2.63029907685666,2.29343517568717,-2.18630491374596));
#1237=CARTESIAN_POINT('Ctrl Pts',(-2.16684687230324,2.66960665835041,-2.21393471727197));
#1238=CARTESIAN_POINT('Ctrl Pts',(-1.39602504100938,-2.93825529843612,0.213936847658368));
#1239=CARTESIAN_POINT('Ctrl Pts',(-1.90611548111741,-2.69590089913906,0.186307044132356));
#1240=CARTESIAN_POINT('Ctrl Pts',(-2.78953202610544,-1.93992126234264,0.131047437080331));
#1241=CARTESIAN_POINT('Ctrl Pts',(-3.60763342831834,0.25877783693412,0.0205282229762825));
#1242=CARTESIAN_POINT('Ctrl Pts',(-2.26065382590354,3.1873987551883,-0.117620794653779));
#1243=CARTESIAN_POINT('Ctrl Pts',(1.62607405703386,3.55155550809189,-0.283399615809853));
#1244=CARTESIAN_POINT('Ctrl Pts',(3.62019542156608,0.752951768894791,-0.430758567948585));
#1245=CARTESIAN_POINT('Ctrl Pts',(2.91976569763438,-1.96955459822681,-0.559697651069977));
#1246=CARTESIAN_POINT('Ctrl Pts',(0.992714098251995,-3.38380769669943,-0.670216865174024));
#1247=CARTESIAN_POINT('Ctrl Pts',(-1.40754815418767,-3.23436267704272,-0.780736079278074));
#1248=CARTESIAN_POINT('Ctrl Pts',(-3.14936195759182,-1.58530802323815,-0.891255293382124));
#1249=CARTESIAN_POINT('Ctrl Pts',(-3.4349937211051,0.797252524870246,-1.00177450748617));
#1250=CARTESIAN_POINT('Ctrl Pts',(-2.12955213603841,2.81123634045767,-1.11229372159022));
#1251=CARTESIAN_POINT('Ctrl Pts',(0.162850478235069,3.52269840553428,-1.22281293569427));
#1252=CARTESIAN_POINT('Ctrl Pts',(2.37842539013485,2.60248147485349,-1.33333214979832));
#1253=CARTESIAN_POINT('Ctrl Pts',(3.4953590933625,0.47855586380088,-1.44385136390237));
#1254=CARTESIAN_POINT('Ctrl Pts',(2.98745877125217,-1.87109446883359,-1.55437057800642));
#1255=CARTESIAN_POINT('Ctrl Pts',(1.10696563724626,-3.34622279053481,-1.66488979211047));
#1256=CARTESIAN_POINT('Ctrl Pts',(-1.71005731641055,-3.2763793307843,-1.79382887523186));
#1257=CARTESIAN_POINT('Ctrl Pts',(-3.44574122036285,-1.11157035957078,-1.91355802384458));
#1258=CARTESIAN_POINT('Ctrl Pts',(-3.16802308058523,1.23084604372507,-2.02407723794863));
#1259=CARTESIAN_POINT('Ctrl Pts',(-2.48841043000194,2.17001652027032,-2.07933684500065));
#1260=CARTESIAN_POINT('Ctrl Pts',(-2.0499083939547,2.52588710957304,-2.10696664852666));
#1261=CARTESIAN_POINT('Ctrl Pts',(-1.316744754179,-2.77078929442167,0.320903496256575));
#1262=CARTESIAN_POINT('Ctrl Pts',(-1.79776257448412,-2.54219822370094,0.293273692730563));
#1263=CARTESIAN_POINT('Ctrl Pts',(-2.63080201053492,-1.8292069036462,0.238014085678538));
#1264=CARTESIAN_POINT('Ctrl Pts',(-3.40213184923225,0.244325257808758,0.127494871574489));
#1265=CARTESIAN_POINT('Ctrl Pts',(-2.13163979608329,3.00603282926929,-0.0106541460555733));
#1266=CARTESIAN_POINT('Ctrl Pts',(1.53373954099636,3.34913930089752,-0.176432967211646));
#1267=CARTESIAN_POINT('Ctrl Pts',(3.41405874371072,0.709777970725878,-0.32379191935038));
#1268=CARTESIAN_POINT('Ctrl Pts',(2.75330723074383,-1.85760615238678,-0.452731002471769));
#1269=CARTESIAN_POINT('Ctrl Pts',(0.935902872417225,-3.19115407928073,-0.563250216575819));
#1270=CARTESIAN_POINT('Ctrl Pts',(-1.32763507484182,-3.05003028432103,-0.673769430679868));
#1271=CARTESIAN_POINT('Ctrl Pts',(-2.97010882527703,-1.49476288599711,-0.784288644783917));
#1272=CARTESIAN_POINT('Ctrl Pts',(-3.23928243091924,0.752116174798869,-0.894807858887965));
#1273=CARTESIAN_POINT('Ctrl Pts',(-2.00803520215599,2.65128518199561,-1.00532707299202));
#1274=CARTESIAN_POINT('Ctrl Pts',(0.153854918222593,3.32204211130647,-1.11584628709606));
#1275=CARTESIAN_POINT('Ctrl Pts',(2.24316355649541,2.45406216510461,-1.22636550120012));
#1276=CARTESIAN_POINT('Ctrl Pts',(3.29631094902279,0.451020829357624,-1.33688471530416));
#1277=CARTESIAN_POINT('Ctrl Pts',(2.81715251389168,-1.7647594213812,-1.44740392940822));
#1278=CARTESIAN_POINT('Ctrl Pts',(1.04364994082475,-3.15571898700548,-1.55792314351226));
#1279=CARTESIAN_POINT('Ctrl Pts',(-1.61291747746469,-3.08962974443858,-1.68686222663365));
#1280=CARTESIAN_POINT('Ctrl Pts',(-3.24956947312575,-1.0479844831365,-1.80659137524637));
#1281=CARTESIAN_POINT('Ctrl Pts',(-2.98748326265416,1.16099217061168,-1.91711058935042));
#1282=CARTESIAN_POINT('Ctrl Pts',(-2.34650484596812,2.04661600957584,-1.97237019640245));
#1283=CARTESIAN_POINT('Ctrl Pts',(-1.93295042667446,2.38218234183672,-1.99999999992846));
#1284=CARTESIAN_POINT('Ctrl Pts',(-1.55642119156576,-3.27543845780937,-1.99999999974425));
#1285=CARTESIAN_POINT('Ctrl Pts',(-1.65695202034968,-3.21687913481356,-1.99999999980264));
#1286=CARTESIAN_POINT('Ctrl Pts',(-1.75452872941229,-3.15321573524276,-1.99999999977163));
#1287=CARTESIAN_POINT('Ctrl Pts',(-1.84890488754016,-3.08477633606719,-1.99999999964066));
#1288=CARTESIAN_POINT('Ctrl Pts',(-1.9386036497981,-3.01972887580283,-1.99999999951618));
#1289=CARTESIAN_POINT('Ctrl Pts',(-2.02541133577296,-2.95036623050072,-1.99999999930143));
#1290=CARTESIAN_POINT('Ctrl Pts',(-2.10907945836308,-2.87694679037114,-1.99999999900632));
#1291=CARTESIAN_POINT('Ctrl Pts',(-2.19497208673226,-2.80157532880486,-1.99999999870335));
#1292=CARTESIAN_POINT('Ctrl Pts',(-2.27714888455205,-2.72228718563048,-1.99999999837816));
#1293=CARTESIAN_POINT('Ctrl Pts',(-2.35541968332779,-2.63943283606961,-1.9999999980147));
#1294=CARTESIAN_POINT('Ctrl Pts',(-2.43396712230893,-2.55628564620763,-1.99999999764996));
#1295=CARTESIAN_POINT('Ctrl Pts',(-2.50858137589342,-2.46954621418951,-1.99999999724653));
#1296=CARTESIAN_POINT('Ctrl Pts',(-2.57902933906932,-2.37953543142109,-1.99999999681007));
#1297=CARTESIAN_POINT('Ctrl Pts',(-2.64883212931771,-2.29034898079243,-1.99999999637761));
#1298=CARTESIAN_POINT('Ctrl Pts',(-2.71454495607145,-2.19795003698627,-1.99999999591261));
#1299=CARTESIAN_POINT('Ctrl Pts',(-2.77589485080311,-2.10262990231533,-1.99999999544409));
#1300=CARTESIAN_POINT('Ctrl Pts',(-2.83724474553477,-2.00730976764439,-1.99999999497558));
#1301=CARTESIAN_POINT('Ctrl Pts',(-2.89423214304312,-1.9090677109761,-1.99999999450338));
#1302=CARTESIAN_POINT('Ctrl Pts',(-2.94653157432656,-1.80818536505633,-1.99999999408247));
#1303=CARTESIAN_POINT('Ctrl Pts',(-2.99772405382674,-1.70943826018939,-1.99999999367047));
#1304=CARTESIAN_POINT('Ctrl Pts',(-3.04418126995537,-1.60863173276609,-1.99999999331435));
#1305=CARTESIAN_POINT('Ctrl Pts',(-3.08569111080272,-1.50606131733778,-1.999999992984));
#1306=CARTESIAN_POINT('Ctrl Pts',(-3.12667863281873,-1.40478154669205,-1.9999999926578));
#1307=CARTESIAN_POINT('Ctrl Pts',(-3.16284277343603,-1.30178126569871,-1.99999999235662));
#1308=CARTESIAN_POINT('Ctrl Pts',(-3.19393140003443,-1.19733120939598,-1.9999999920757));
#1309=CARTESIAN_POINT('Ctrl Pts',(-3.22528837172752,-1.09197958028943,-1.99999999179236));
#1310=CARTESIAN_POINT('Ctrl Pts',(-3.25148228829481,-0.985152353153152,
-1.99999999152943));
#1311=CARTESIAN_POINT('Ctrl Pts',(-3.2721996502752,-0.877123803633789,-1.99999999130926));
#1312=CARTESIAN_POINT('Ctrl Pts',(-3.29181687100729,-0.774831827305248,
-1.99999999110079));
#1313=CARTESIAN_POINT('Ctrl Pts',(-3.30652358269082,-0.671462206901823,
-1.99999999093072));
#1314=CARTESIAN_POINT('Ctrl Pts',(-3.3160034591775,-0.567253337017637,-1.99999999084283));
#1315=CARTESIAN_POINT('Ctrl Pts',(-3.31653509427986,-0.56140926370241,-1.9999999908379));
#1316=CARTESIAN_POINT('Ctrl Pts',(-3.31705027747211,-0.555562553614607,
-1.99999999083324));
#1317=CARTESIAN_POINT('Ctrl Pts',(-3.31754894811355,-0.549713249840939,
-1.99999999082885));
#1318=CARTESIAN_POINT('Ctrl Pts',(-3.31859231301921,-0.537474794690873,
-1.99999999081966));
#1319=CARTESIAN_POINT('Ctrl Pts',(-3.31956282640798,-0.525231615844118,
-1.99999999081176));
#1320=CARTESIAN_POINT('Ctrl Pts',(-3.32046016495773,-0.51298409744173,-1.99999999080505));
#1321=CARTESIAN_POINT('Ctrl Pts',(-3.32827358786117,-0.406340912635111,
-1.99999999074663));
#1322=CARTESIAN_POINT('Ctrl Pts',(-3.33054362362002,-0.299368947027787,
-1.99999999077643));
#1323=CARTESIAN_POINT('Ctrl Pts',(-3.32746636110799,-0.192499293164,-1.99999999085146));
#1324=CARTESIAN_POINT('Ctrl Pts',(-3.3243565612195,-0.084499655053751,-1.99999999092728));
#1325=CARTESIAN_POINT('Ctrl Pts',(-3.31578546708639,0.0233964782859303,
-1.99999999104906));
#1326=CARTESIAN_POINT('Ctrl Pts',(-3.30190184184799,0.130738343408935,-1.99999999120196));
#1327=CARTESIAN_POINT('Ctrl Pts',(-3.28815403402199,0.237030130176107,-1.99999999135336));
#1328=CARTESIAN_POINT('Ctrl Pts',(-3.26919666693082,0.342779339997704,-1.99999999153513));
#1329=CARTESIAN_POINT('Ctrl Pts',(-3.24512798247323,0.447528578286739,-1.99999999176405));
#1330=CARTESIAN_POINT('Ctrl Pts',(-3.22403986373602,0.539306106824419,-1.99999999196462));
#1331=CARTESIAN_POINT('Ctrl Pts',(-3.19902713765478,0.630316082002238,-1.99999999220177));
#1332=CARTESIAN_POINT('Ctrl Pts',(-3.17013027282063,0.720230117236158,-1.99999999250806));
#1333=CARTESIAN_POINT('Ctrl Pts',(-3.13765806213869,0.821269019280912,-1.99999999285226));
#1334=CARTESIAN_POINT('Ctrl Pts',(-3.10043863600335,0.920438257425954,-1.99999999328837));
#1335=CARTESIAN_POINT('Ctrl Pts',(-3.05862041083079,1.01731714233783,-1.9999999937465));
#1336=CARTESIAN_POINT('Ctrl Pts',(-3.03815428459894,1.06473033310872,-1.99999999397071));
#1337=CARTESIAN_POINT('Ctrl Pts',(-3.01658592138333,1.11159465156828,-1.99999999420068));
#1338=CARTESIAN_POINT('Ctrl Pts',(-2.99392871780991,1.15785859983671,-1.99999999443116));
#1339=CARTESIAN_POINT('Ctrl Pts',(-2.94753592407814,1.25258846366477,-1.99999999490308));
#1340=CARTESIAN_POINT('Ctrl Pts',(-2.89658030887963,1.34480353852086,-1.99999999537474));
#1341=CARTESIAN_POINT('Ctrl Pts',(-2.84124561490782,1.43423998939761,-1.99999999582774));
#1342=CARTESIAN_POINT('Ctrl Pts',(-2.78640850866997,1.52287219834709,-1.99999999627668));
#1343=CARTESIAN_POINT('Ctrl Pts',(-2.72727013964898,1.6087760141933,-1.99999999670715));
#1344=CARTESIAN_POINT('Ctrl Pts',(-2.66397737023319,1.69165518739125,-1.99999999713865));
#1345=CARTESIAN_POINT('Ctrl Pts',(-2.63535498299855,1.72913497869844,-1.99999999733378));
#1346=CARTESIAN_POINT('Ctrl Pts',(-2.60588261834914,1.76599563409514,-1.99999999752964));
#1347=CARTESIAN_POINT('Ctrl Pts',(-2.57557216575359,1.80220666536996,-1.99999999773072));
#1348=CARTESIAN_POINT('Ctrl Pts',(-2.50967206991422,1.8809356260785,-1.99999999816789));
#1349=CARTESIAN_POINT('Ctrl Pts',(-2.44012412154496,1.95622441180729,-1.99999999861482));
#1350=CARTESIAN_POINT('Ctrl Pts',(-2.36711822883429,2.0278430047067,-1.99999999898269));
#1351=CARTESIAN_POINT('Ctrl Pts',(-2.29483806636958,2.09874965810219,-1.99999999934692));
#1352=CARTESIAN_POINT('Ctrl Pts',(-2.21916777370952,2.16605915293156,-1.99999999963353));
#1353=CARTESIAN_POINT('Ctrl Pts',(-2.14026093516503,2.22950816407217,-1.99999999979429));
#1354=CARTESIAN_POINT('Ctrl Pts',(-2.07345155345234,2.2832296067605,-1.99999999993041));
#1355=CARTESIAN_POINT('Ctrl Pts',(-2.00432128052686,2.33418303123997,-1.99999999997687));
#1356=CARTESIAN_POINT('Ctrl Pts',(-1.93295042669483,2.38218234182019,-1.9999999999271));
#1357=CARTESIAN_POINT('Ctrl Pts',(-3.06702650142102,0.000327323305758245,
-0.858490462517485));
#1358=CARTESIAN_POINT('Ctrl Pts',(-3.06759046656459,0.233766473410509,-0.870596261331493));
#1359=CARTESIAN_POINT('Ctrl Pts',(-3.04190299295441,0.467094373035491,-0.882702060145501));
#1360=CARTESIAN_POINT('Ctrl Pts',(-2.98921229197246,0.694164499226855,-0.894807858959509));
#1361=CARTESIAN_POINT('Ctrl Pts',(-2.82886668811251,1.3851725105869,-0.931647596994192));
#1362=CARTESIAN_POINT('Ctrl Pts',(-2.41845094517489,2.01822884634474,-0.968487335028876));
#1363=CARTESIAN_POINT('Ctrl Pts',(-1.85292805362843,2.44654983578001,-1.00532707306356));
#1364=CARTESIAN_POINT('Ctrl Pts',(-1.28740516208197,2.87487082521528,-1.04216681109824));
#1365=CARTESIAN_POINT('Ctrl Pts',(-0.56677512192668,3.09845646832798,-1.07900654913292));
#1366=CARTESIAN_POINT('Ctrl Pts',(0.141758004543845,3.06558596551153,-1.11584628716761));
#1367=CARTESIAN_POINT('Ctrl Pts',(0.850291131014365,3.03271546269508,-1.15268602520229));
#1368=CARTESIAN_POINT('Ctrl Pts',(1.54672734380012,2.74338881394948,-1.18952576323697));
#1369=CARTESIAN_POINT('Ctrl Pts',(2.07047001562134,2.26488526693871,-1.22636550127166));
#1370=CARTESIAN_POINT('Ctrl Pts',(2.59421268744256,1.78638171992794,-1.26320523930634));
#1371=CARTESIAN_POINT('Ctrl Pts',(2.94526181829924,1.11870127465198,-1.30004497734102));
#1372=CARTESIAN_POINT('Ctrl Pts',(3.04092664453586,0.415564343542609,-1.3368847153757));
#1373=CARTESIAN_POINT('Ctrl Pts',(3.13659147077248,-0.287572587566758,-1.37372445341039));
#1374=CARTESIAN_POINT('Ctrl Pts',(2.97687199238903,-1.02616600450954,-1.41056419144507));
#1375=CARTESIAN_POINT('Ctrl Pts',(2.60142849100756,-1.62728930726103,-1.44740392947976));
#1376=CARTESIAN_POINT('Ctrl Pts',(2.22598498962609,-2.22841261001251,-1.48424366751444));
#1377=CARTESIAN_POINT('Ctrl Pts',(1.6348174652466,-2.6920657985727,-1.52108340554912));
#1378=CARTESIAN_POINT('Ctrl Pts',(0.959724071857315,-2.91445107248574,-1.5579231435838));
#1379=CARTESIAN_POINT('Ctrl Pts',(0.284630678468027,-3.13683634639878,-1.59476288161849));
#1380=CARTESIAN_POINT('Ctrl Pts',(-0.474388583931056,-3.11795370566466,
-1.63160261965317));
#1381=CARTESIAN_POINT('Ctrl Pts',(-1.13123423315232,-2.85534470443841,-1.66844235768785));
#1382=CARTESIAN_POINT('Ctrl Pts',(-2.11650270698422,-2.46143120259903,-1.72370196473988));
#1383=CARTESIAN_POINT('Ctrl Pts',(-2.87188055116604,-1.51913338965236,-1.7789615717919));
#1384=CARTESIAN_POINT('Ctrl Pts',(-3.03631109573263,-0.468708567390997,
-1.83422117884393));
#1385=CARTESIAN_POINT('Ctrl Pts',(-3.06038299770716,-0.314931035243711,
-1.84231094007176));
#1386=CARTESIAN_POINT('Ctrl Pts',(-3.07178991774727,-0.158836161735385,
-1.8504007012996));
#1387=CARTESIAN_POINT('Ctrl Pts',(-3.07104020607718,-0.00247581850552389,
-1.85849046252744));
#1388=CARTESIAN_POINT('Origin',(0.,0.,0.));
#1389=CARTESIAN_POINT('Origin',(2.25166604983954,3.89999999999999,0.));
#1390=CARTESIAN_POINT('',(4.50333209967908,0.,-2.));
#1391=CARTESIAN_POINT('',(4.50333209967908,0.,0.));
#1392=CARTESIAN_POINT('',(2.25166604983954,3.89999999999999,-2.));
#1393=CARTESIAN_POINT('',(4.50333209967908,-1.38777878078145E-16,-2.));
#1394=CARTESIAN_POINT('',(2.25166604983954,3.89999999999999,0.));
#1395=CARTESIAN_POINT('Origin',(-2.25166604983954,3.89999999999999,0.));
#1396=CARTESIAN_POINT('',(-2.25166604983954,3.89999999999999,-2.));
#1397=CARTESIAN_POINT('',(2.25166604983954,3.89999999999999,-2.));
#1398=CARTESIAN_POINT('',(-2.25166604983954,3.89999999999999,0.));
#1399=CARTESIAN_POINT('Origin',(-4.50333209967908,5.55111512312578E-16,
0.));
#1400=CARTESIAN_POINT('',(-4.50333209967908,4.23233422435447E-16,-2.));
#1401=CARTESIAN_POINT('',(-2.25166604983954,3.89999999999999,-2.));
#1402=CARTESIAN_POINT('',(-4.50333209967908,4.23233422435447E-16,0.));
#1403=CARTESIAN_POINT('Origin',(-2.25166604983954,-3.89999999999999,0.));
#1404=CARTESIAN_POINT('',(-2.25166604983954,-3.89999999999999,-2.));
#1405=CARTESIAN_POINT('',(-4.50333209967908,4.23233422435447E-16,-2.));
#1406=CARTESIAN_POINT('',(-2.25166604983954,-3.89999999999999,0.));
#1407=CARTESIAN_POINT('Origin',(2.25166604983953,-3.9,0.));
#1408=CARTESIAN_POINT('',(2.25166604983953,-3.9,-2.));
#1409=CARTESIAN_POINT('',(-2.25166604983954,-3.89999999999999,-2.));
#1410=CARTESIAN_POINT('',(2.25166604983953,-3.9,0.));
#1411=CARTESIAN_POINT('Origin',(4.50333209967908,0.,0.));
#1412=CARTESIAN_POINT('',(2.25166604983953,-3.9,-2.));
#1413=CARTESIAN_POINT('Origin',(-5.55111512312578E-16,-5.55111512312578E-16,
-2.));
#1414=UNCERTAINTY_MEASURE_WITH_UNIT(LENGTH_MEASURE(0.01),#1418,
'DISTANCE_ACCURACY_VALUE',
'Maximum model space distance between geometric entities at asserted c
onnectivities');
#1415=UNCERTAINTY_MEASURE_WITH_UNIT(LENGTH_MEASURE(0.01),#1418,
'DISTANCE_ACCURACY_VALUE',
'Maximum model space distance between geometric entities at asserted c
onnectivities');
#1416=(
GEOMETRIC_REPRESENTATION_CONTEXT(3)
GLOBAL_UNCERTAINTY_ASSIGNED_CONTEXT((#1414))
GLOBAL_UNIT_ASSIGNED_CONTEXT((#1418,#1420,#1421))
REPRESENTATION_CONTEXT('','3D')
);
#1417=(
GEOMETRIC_REPRESENTATION_CONTEXT(3)
GLOBAL_UNCERTAINTY_ASSIGNED_CONTEXT((#1415))
GLOBAL_UNIT_ASSIGNED_CONTEXT((#1418,#1420,#1421))
REPRESENTATION_CONTEXT('','3D')
);
#1418=(
LENGTH_UNIT()
NAMED_UNIT(*)
SI_UNIT(.MILLI.,.METRE.)
);
#1419=(
LENGTH_UNIT()
NAMED_UNIT(*)
SI_UNIT($,.METRE.)
);
#1420=(
NAMED_UNIT(*)
PLANE_ANGLE_UNIT()
SI_UNIT($,.RADIAN.)
);
#1421=(
NAMED_UNIT(*)
SI_UNIT($,.STERADIAN.)
SOLID_ANGLE_UNIT()
);
#1422=SHAPE_DEFINITION_REPRESENTATION(#1423,#1424);
#1423=PRODUCT_DEFINITION_SHAPE('',$,#1426);
#1424=SHAPE_REPRESENTATION('',(#442),#1416);
#1425=PRODUCT_DEFINITION_CONTEXT('part definition',#1430,'design');
#1426=PRODUCT_DEFINITION('fasteningNut','FasteningNutTip',#1427,#1425);
#1427=PRODUCT_DEFINITION_FORMATION('',$,#1432);
#1428=PRODUCT_RELATED_PRODUCT_CATEGORY('FasteningNutTip',
'FasteningNutTip',(#1432));
#1429=APPLICATION_PROTOCOL_DEFINITION('international standard',
'automotive_design',2009,#1430);
#1430=APPLICATION_CONTEXT(
'Core Data for Automotive Mechanical Design Process');
#1431=PRODUCT_CONTEXT('part definition',#1430,'mechanical');
#1432=PRODUCT('fasteningNut','FasteningNutTip',$,(#1431));
#1433=PRESENTATION_STYLE_ASSIGNMENT((#1434));
#1434=SURFACE_STYLE_USAGE(.BOTH.,#1435);
#1435=SURFACE_SIDE_STYLE('',(#1436));
#1436=SURFACE_STYLE_FILL_AREA(#1437);
#1437=FILL_AREA_STYLE('Steel - Satin',(#1438));
#1438=FILL_AREA_STYLE_COLOUR('Steel - Satin',#1439);
#1439=COLOUR_RGB('Steel - Satin',0.627450980392157,0.627450980392157,0.627450980392157);
ENDSEC;
END-ISO-10303-21;
