ISO-10303-21;
HEADER;
/* Generated by software containing ST-Developer
 * from STEP Tools, Inc. (www.steptools.com) 
 */

FILE_DESCRIPTION(
/* description */ (''),
/* implementation_level */ '2;1');

FILE_NAME(
/* name */ 'adjustmentMechanismConnectorObjective.step',
/* time_stamp */ '2026-08-03T19:34:07+02:00',
/* author */ (''),
/* organization */ (''),
/* preprocessor_version */ 'ST-DEVELOPER v20.1',
/* originating_system */ 'Autodesk Translation Framework v15.8.0.0',
/* authorisation */ '');

FILE_SCHEMA (('AUTOMOTIVE_DESIGN { 1 0 10303 214 3 1 1 }'));
ENDSEC;

DATA;
#10=MECHANICAL_DESIGN_GEOMETRIC_PRESENTATION_REPRESENTATION('',(#13),#5280);
#11=SHAPE_REPRESENTATION_RELATIONSHIP('SRR','None',#5287,#12);
#12=ADVANCED_BREP_SHAPE_REPRESENTATION('',(#14),#5279);
#13=STYLED_ITEM('',(#5296),#14);
#14=MANIFOLD_SOLID_BREP('Body7',#1315);
#15=B_SPLINE_SURFACE_WITH_KNOTS('',3,3,((#3629,#3630,#3631,#3632,#3633,
#3634,#3635,#3636,#3637,#3638,#3639,#3640,#3641,#3642,#3643,#3644,#3645,
#3646,#3647,#3648,#3649,#3650,#3651,#3652,#3653,#3654,#3655,#3656,#3657,
#3658,#3659,#3660,#3661,#3662,#3663,#3664,#3665,#3666,#3667,#3668,#3669,
#3670,#3671,#3672,#3673,#3674,#3675,#3676,#3677,#3678,#3679,#3680,#3681,
#3682,#3683,#3684,#3685,#3686,#3687,#3688,#3689,#3690,#3691,#3692,#3693,
#3694,#3695,#3696,#3697,#3698,#3699,#3700,#3701,#3702,#3703,#3704,#3705,
#3706,#3707,#3708,#3709,#3710,#3711,#3712,#3713,#3714,#3715,#3716,#3717,
#3718,#3719,#3720,#3721,#3722,#3723,#3724,#3725,#3726,#3727,#3728,#3729,
#3730,#3731,#3732,#3733,#3734,#3735,#3736,#3737,#3738,#3739,#3740,#3741,
#3742,#3743,#3744,#3745,#3746,#3747,#3748,#3749,#3750,#3751,#3752,#3753,
#3754,#3755,#3756,#3757,#3758,#3759,#3760,#3761,#3762,#3763,#3764,#3765,
#3766,#3767,#3768,#3769,#3770,#3771,#3772,#3773,#3774,#3775,#3776,#3777,
#3778,#3779,#3780,#3781,#3782,#3783,#3784,#3785,#3786,#3787),(#3788,#3789,
#3790,#3791,#3792,#3793,#3794,#3795,#3796,#3797,#3798,#3799,#3800,#3801,
#3802,#3803,#3804,#3805,#3806,#3807,#3808,#3809,#3810,#3811,#3812,#3813,
#3814,#3815,#3816,#3817,#3818,#3819,#3820,#3821,#3822,#3823,#3824,#3825,
#3826,#3827,#3828,#3829,#3830,#3831,#3832,#3833,#3834,#3835,#3836,#3837,
#3838,#3839,#3840,#3841,#3842,#3843,#3844,#3845,#3846,#3847,#3848,#3849,
#3850,#3851,#3852,#3853,#3854,#3855,#3856,#3857,#3858,#3859,#3860,#3861,
#3862,#3863,#3864,#3865,#3866,#3867,#3868,#3869,#3870,#3871,#3872,#3873,
#3874,#3875,#3876,#3877,#3878,#3879,#3880,#3881,#3882,#3883,#3884,#3885,
#3886,#3887,#3888,#3889,#3890,#3891,#3892,#3893,#3894,#3895,#3896,#3897,
#3898,#3899,#3900,#3901,#3902,#3903,#3904,#3905,#3906,#3907,#3908,#3909,
#3910,#3911,#3912,#3913,#3914,#3915,#3916,#3917,#3918,#3919,#3920,#3921,
#3922,#3923,#3924,#3925,#3926,#3927,#3928,#3929,#3930,#3931,#3932,#3933,
#3934,#3935,#3936,#3937,#3938,#3939,#3940,#3941,#3942,#3943,#3944,#3945,
#3946),(#3947,#3948,#3949,#3950,#3951,#3952,#3953,#3954,#3955,#3956,#3957,
#3958,#3959,#3960,#3961,#3962,#3963,#3964,#3965,#3966,#3967,#3968,#3969,
#3970,#3971,#3972,#3973,#3974,#3975,#3976,#3977,#3978,#3979,#3980,#3981,
#3982,#3983,#3984,#3985,#3986,#3987,#3988,#3989,#3990,#3991,#3992,#3993,
#3994,#3995,#3996,#3997,#3998,#3999,#4000,#4001,#4002,#4003,#4004,#4005,
#4006,#4007,#4008,#4009,#4010,#4011,#4012,#4013,#4014,#4015,#4016,#4017,
#4018,#4019,#4020,#4021,#4022,#4023,#4024,#4025,#4026,#4027,#4028,#4029,
#4030,#4031,#4032,#4033,#4034,#4035,#4036,#4037,#4038,#4039,#4040,#4041,
#4042,#4043,#4044,#4045,#4046,#4047,#4048,#4049,#4050,#4051,#4052,#4053,
#4054,#4055,#4056,#4057,#4058,#4059,#4060,#4061,#4062,#4063,#4064,#4065,
#4066,#4067,#4068,#4069,#4070,#4071,#4072,#4073,#4074,#4075,#4076,#4077,
#4078,#4079,#4080,#4081,#4082,#4083,#4084,#4085,#4086,#4087,#4088,#4089,
#4090,#4091,#4092,#4093,#4094,#4095,#4096,#4097,#4098,#4099,#4100,#4101,
#4102,#4103,#4104,#4105),(#4106,#4107,#4108,#4109,#4110,#4111,#4112,#4113,
#4114,#4115,#4116,#4117,#4118,#4119,#4120,#4121,#4122,#4123,#4124,#4125,
#4126,#4127,#4128,#4129,#4130,#4131,#4132,#4133,#4134,#4135,#4136,#4137,
#4138,#4139,#4140,#4141,#4142,#4143,#4144,#4145,#4146,#4147,#4148,#4149,
#4150,#4151,#4152,#4153,#4154,#4155,#4156,#4157,#4158,#4159,#4160,#4161,
#4162,#4163,#4164,#4165,#4166,#4167,#4168,#4169,#4170,#4171,#4172,#4173,
#4174,#4175,#4176,#4177,#4178,#4179,#4180,#4181,#4182,#4183,#4184,#4185,
#4186,#4187,#4188,#4189,#4190,#4191,#4192,#4193,#4194,#4195,#4196,#4197,
#4198,#4199,#4200,#4201,#4202,#4203,#4204,#4205,#4206,#4207,#4208,#4209,
#4210,#4211,#4212,#4213,#4214,#4215,#4216,#4217,#4218,#4219,#4220,#4221,
#4222,#4223,#4224,#4225,#4226,#4227,#4228,#4229,#4230,#4231,#4232,#4233,
#4234,#4235,#4236,#4237,#4238,#4239,#4240,#4241,#4242,#4243,#4244,#4245,
#4246,#4247,#4248,#4249,#4250,#4251,#4252,#4253,#4254,#4255,#4256,#4257,
#4258,#4259,#4260,#4261,#4262,#4263,#4264)),.UNSPECIFIED.,.F.,.F.,.F.,(4,
4),(4,1,1,1,1,1,1,1,1,1,1,1,1,1,1,1,1,1,1,1,1,1,1,1,1,1,1,1,1,1,1,1,1,1,
1,1,1,1,1,1,1,1,1,1,1,1,1,1,1,1,1,1,1,1,1,1,1,1,1,1,1,1,1,1,1,1,1,1,1,1,
1,1,1,1,1,1,1,1,1,1,1,1,1,1,1,1,1,1,1,1,1,1,1,1,1,1,1,1,1,1,1,1,1,1,1,1,
1,1,1,1,1,1,1,1,1,1,1,1,1,1,1,1,1,1,1,1,1,1,1,1,1,1,1,1,1,1,1,1,1,1,1,1,
1,1,1,1,1,1,1,1,1,1,1,1,1,1,4),(0.,0.0661932083625907),(8.29659475621564,
8.79324696555698,9.28989917489832,9.78655138423967,10.283203593581,10.7798558029223,
11.2765080122637,11.773160221605,12.2698124309464,12.7664646402877,13.2631168496291,
13.7597690589704,14.2564212683117,14.7530734776531,15.2497256869944,15.7463778963358,
16.2430301056771,16.7396823150185,17.2363345243598,17.7329867337011,18.2296389430425,
18.7262911523838,19.2229433617252,19.7195955710665,20.2162477804079,20.7128999897492,
21.2095521990905,21.7062044084319,22.2028566177732,22.6995088271146,23.1961610364559,
23.6928132457972,24.1894654551386,24.6861176644799,25.1827698738213,25.6794220831626,
26.176074292504,26.6727265018453,27.1693787111866,27.666030920528,28.1626831298693,
28.6593353392107,29.155987548552,29.6526397578934,30.1492919672347,30.645944176576,
31.1425963859174,31.6392485952587,32.1359008046001,32.6325530139414,33.1292052232828,
33.6258574326241,34.1225096419654,34.6191618513068,35.1158140606481,35.6124662699895,
36.1091184793308,36.6057706886721,37.1024228980135,37.5990751073548,38.0957273166962,
38.5923795260375,39.0890317353789,39.5856839447202,40.0823361540615,40.5789883634029,
41.0756405727442,41.5722927820856,42.0689449914269,42.5655972007683,43.0622494101096,
43.5589016194509,44.0555538287923,44.5522060381336,45.048858247475,45.5455104568163,
46.0421626661577,46.538814875499,47.0354670848403,47.5321192941817,48.028771503523,
48.5254237128644,49.0220759222057,49.518728131547,50.0153803408884,50.5120325502297,
51.0086847595711,51.5053369689124,52.0019891782538,52.4986413875951,52.9952935969364,
53.4919458062778,53.9885980156191,54.4852502249605,54.9819024343018,55.4785546436432,
55.9752068529845,56.4718590623258,56.9685112716672,57.4651634810085,57.9618156903499,
58.4584678996912,58.9551201090325,59.4517723183739,59.9484245277152,60.4450767370566,
60.9417289463979,61.4383811557393,61.9350333650806,62.4316855744219,62.9283377837633,
63.4249899931046,63.921642202446,64.4182944117873,64.9149466211286,65.41159883047,
65.9082510398113,66.4049032491527,66.901555458494,67.3982076678354,67.8948598771767,
68.391512086518,68.8881642958594,69.3848165052007,69.8814687145421,70.3781209238834,
70.8747731332248,71.3714253425661,71.8680775519074,72.3647297612488,72.8613819705901,
73.3580341799315,73.8546863892728,74.3513385986141,74.8479908079555,75.3446430172968,
75.8412952266382,76.3379474359795,76.8345996453209,77.3312518546622,77.8279040640035,
78.3245562733449,78.8212084826862,79.3178606920276,79.8145129013689,80.3111651107103,
80.8078173200516,81.3044695293929,81.8011217387343,82.2977739480756,82.794426157417,
83.2910783667583,83.7877305760997,84.284382785441,84.7810349947823,85.2776872041237,
85.774339413465),.UNSPECIFIED.);
#16=B_SPLINE_SURFACE_WITH_KNOTS('',3,3,((#4462,#4463,#4464,#4465,#4466,
#4467,#4468,#4469,#4470,#4471,#4472,#4473,#4474,#4475,#4476,#4477,#4478,
#4479,#4480,#4481,#4482,#4483,#4484,#4485,#4486,#4487,#4488,#4489,#4490,
#4491,#4492,#4493,#4494,#4495,#4496,#4497,#4498,#4499,#4500,#4501,#4502,
#4503,#4504,#4505,#4506,#4507,#4508,#4509,#4510,#4511,#4512,#4513,#4514,
#4515,#4516,#4517,#4518,#4519,#4520,#4521,#4522,#4523,#4524,#4525,#4526,
#4527,#4528,#4529,#4530,#4531,#4532,#4533,#4534,#4535,#4536,#4537,#4538,
#4539,#4540,#4541,#4542,#4543,#4544,#4545,#4546,#4547,#4548,#4549,#4550,
#4551,#4552,#4553,#4554,#4555,#4556,#4557,#4558,#4559,#4560,#4561,#4562,
#4563,#4564,#4565,#4566,#4567,#4568,#4569,#4570,#4571,#4572,#4573,#4574,
#4575,#4576,#4577,#4578,#4579,#4580,#4581,#4582,#4583,#4584,#4585,#4586,
#4587,#4588,#4589,#4590,#4591,#4592,#4593,#4594,#4595,#4596,#4597,#4598,
#4599,#4600,#4601,#4602,#4603,#4604,#4605,#4606,#4607,#4608,#4609,#4610,
#4611,#4612,#4613,#4614,#4615,#4616,#4617,#4618,#4619,#4620),(#4621,#4622,
#4623,#4624,#4625,#4626,#4627,#4628,#4629,#4630,#4631,#4632,#4633,#4634,
#4635,#4636,#4637,#4638,#4639,#4640,#4641,#4642,#4643,#4644,#4645,#4646,
#4647,#4648,#4649,#4650,#4651,#4652,#4653,#4654,#4655,#4656,#4657,#4658,
#4659,#4660,#4661,#4662,#4663,#4664,#4665,#4666,#4667,#4668,#4669,#4670,
#4671,#4672,#4673,#4674,#4675,#4676,#4677,#4678,#4679,#4680,#4681,#4682,
#4683,#4684,#4685,#4686,#4687,#4688,#4689,#4690,#4691,#4692,#4693,#4694,
#4695,#4696,#4697,#4698,#4699,#4700,#4701,#4702,#4703,#4704,#4705,#4706,
#4707,#4708,#4709,#4710,#4711,#4712,#4713,#4714,#4715,#4716,#4717,#4718,
#4719,#4720,#4721,#4722,#4723,#4724,#4725,#4726,#4727,#4728,#4729,#4730,
#4731,#4732,#4733,#4734,#4735,#4736,#4737,#4738,#4739,#4740,#4741,#4742,
#4743,#4744,#4745,#4746,#4747,#4748,#4749,#4750,#4751,#4752,#4753,#4754,
#4755,#4756,#4757,#4758,#4759,#4760,#4761,#4762,#4763,#4764,#4765,#4766,
#4767,#4768,#4769,#4770,#4771,#4772,#4773,#4774,#4775,#4776,#4777,#4778,
#4779),(#4780,#4781,#4782,#4783,#4784,#4785,#4786,#4787,#4788,#4789,#4790,
#4791,#4792,#4793,#4794,#4795,#4796,#4797,#4798,#4799,#4800,#4801,#4802,
#4803,#4804,#4805,#4806,#4807,#4808,#4809,#4810,#4811,#4812,#4813,#4814,
#4815,#4816,#4817,#4818,#4819,#4820,#4821,#4822,#4823,#4824,#4825,#4826,
#4827,#4828,#4829,#4830,#4831,#4832,#4833,#4834,#4835,#4836,#4837,#4838,
#4839,#4840,#4841,#4842,#4843,#4844,#4845,#4846,#4847,#4848,#4849,#4850,
#4851,#4852,#4853,#4854,#4855,#4856,#4857,#4858,#4859,#4860,#4861,#4862,
#4863,#4864,#4865,#4866,#4867,#4868,#4869,#4870,#4871,#4872,#4873,#4874,
#4875,#4876,#4877,#4878,#4879,#4880,#4881,#4882,#4883,#4884,#4885,#4886,
#4887,#4888,#4889,#4890,#4891,#4892,#4893,#4894,#4895,#4896,#4897,#4898,
#4899,#4900,#4901,#4902,#4903,#4904,#4905,#4906,#4907,#4908,#4909,#4910,
#4911,#4912,#4913,#4914,#4915,#4916,#4917,#4918,#4919,#4920,#4921,#4922,
#4923,#4924,#4925,#4926,#4927,#4928,#4929,#4930,#4931,#4932,#4933,#4934,
#4935,#4936,#4937,#4938),(#4939,#4940,#4941,#4942,#4943,#4944,#4945,#4946,
#4947,#4948,#4949,#4950,#4951,#4952,#4953,#4954,#4955,#4956,#4957,#4958,
#4959,#4960,#4961,#4962,#4963,#4964,#4965,#4966,#4967,#4968,#4969,#4970,
#4971,#4972,#4973,#4974,#4975,#4976,#4977,#4978,#4979,#4980,#4981,#4982,
#4983,#4984,#4985,#4986,#4987,#4988,#4989,#4990,#4991,#4992,#4993,#4994,
#4995,#4996,#4997,#4998,#4999,#5000,#5001,#5002,#5003,#5004,#5005,#5006,
#5007,#5008,#5009,#5010,#5011,#5012,#5013,#5014,#5015,#5016,#5017,#5018,
#5019,#5020,#5021,#5022,#5023,#5024,#5025,#5026,#5027,#5028,#5029,#5030,
#5031,#5032,#5033,#5034,#5035,#5036,#5037,#5038,#5039,#5040,#5041,#5042,
#5043,#5044,#5045,#5046,#5047,#5048,#5049,#5050,#5051,#5052,#5053,#5054,
#5055,#5056,#5057,#5058,#5059,#5060,#5061,#5062,#5063,#5064,#5065,#5066,
#5067,#5068,#5069,#5070,#5071,#5072,#5073,#5074,#5075,#5076,#5077,#5078,
#5079,#5080,#5081,#5082,#5083,#5084,#5085,#5086,#5087,#5088,#5089,#5090,
#5091,#5092,#5093,#5094,#5095,#5096,#5097)),.UNSPECIFIED.,.F.,.F.,.F.,(4,
4),(4,1,1,1,1,1,1,1,1,1,1,1,1,1,1,1,1,1,1,1,1,1,1,1,1,1,1,1,1,1,1,1,1,1,
1,1,1,1,1,1,1,1,1,1,1,1,1,1,1,1,1,1,1,1,1,1,1,1,1,1,1,1,1,1,1,1,1,1,1,1,
1,1,1,1,1,1,1,1,1,1,1,1,1,1,1,1,1,1,1,1,1,1,1,1,1,1,1,1,1,1,1,1,1,1,1,1,
1,1,1,1,1,1,1,1,1,1,1,1,1,1,1,1,1,1,1,1,1,1,1,1,1,1,1,1,1,1,1,1,1,1,1,1,
1,1,1,1,1,1,1,1,1,1,1,1,1,1,4),(0.,0.0661932083625907),(11.6150328478183,
12.1116850571596,12.6083372665009,13.1049894758423,13.6016416851836,14.098293894525,
14.5949461038663,15.0915983132077,15.588250522549,16.0849027318903,16.5815549412317,
17.078207150573,17.5748593599144,18.0715115692557,18.568163778597,19.0648159879384,
19.5614681972797,20.0581204066211,20.5547726159624,21.0514248253038,21.5480770346451,
22.0447292439864,22.5413814533278,23.0380336626691,23.5346858720105,24.0313380813518,
24.5279902906932,25.0246425000345,25.5212947093758,26.0179469187172,26.5145991280585,
27.0112513373999,27.5079035467412,28.0045557560826,28.5012079654239,28.9978601747652,
29.4945123841066,29.9911645934479,30.4878168027893,30.9844690121306,31.4811212214719,
31.9777734308133,32.4744256401546,32.971077849496,33.4677300588373,33.9643822681787,
34.46103447752,34.9576866868613,35.4543388962027,35.950991105544,36.4476433148854,
36.9442955242267,37.4409477335681,37.9375999429094,38.4342521522507,38.9309043615921,
39.4275565709334,39.9242087802748,40.4208609896161,40.9175131989575,41.4141654082988,
41.9108176176401,42.4074698269815,42.9041220363228,43.4007742456642,43.8974264550055,
44.3940786643468,44.8907308736882,45.3873830830295,45.8840352923709,46.3806875017122,
46.8773397110536,47.3739919203949,47.8706441297362,48.3672963390776,48.8639485484189,
49.3606007577603,49.8572529671016,50.353905176443,50.8505573857843,51.3472095951256,
51.843861804467,52.3405140138083,52.8371662231497,53.333818432491,53.8304706418323,
54.3271228511737,54.823775060515,55.3204272698564,55.8170794791977,56.3137316885391,
56.8103838978804,57.3070361072217,57.8036883165631,58.3003405259044,58.7969927352458,
59.2936449445871,59.7902971539285,60.2869493632698,60.7836015726111,61.2802537819525,
61.7769059912938,62.2735582006352,62.7702104099765,63.2668626193179,63.7635148286592,
64.2601670380005,64.7568192473419,65.2534714566832,65.7501236660246,66.2467758753659,
66.7434280847072,67.2400802940486,67.7367325033899,68.2333847127313,68.7300369220726,
69.226689131414,69.7233413407553,70.2199935500966,70.716645759438,71.2132979687793,
71.7099501781207,72.206602387462,72.7032545968034,73.1999068061447,73.696559015486,
74.1932112248274,74.6898634341687,75.1865156435101,75.6831678528514,76.1798200621928,
76.6764722715341,77.1731244808754,77.6697766902168,78.1664288995581,78.6630811088995,
79.1597333182408,79.6563855275822,80.1530377369235,80.6496899462648,81.1463421556062,
81.6429943649475,82.1396465742889,82.6362987836302,83.1329509929715,83.6296032023129,
84.1262554116542,84.6229076209956,85.1195598303369,85.6162120396783,86.1128642490196,
86.6095164583609,87.1061686677023,87.6028208770436,88.099473086385,88.5961252957263,
89.0927775050677),.UNSPECIFIED.);
#17=CONICAL_SURFACE('',#1364,39.5,0.785398163397422);
#18=CONICAL_SURFACE('',#1404,19.7,0.785398163397449);
#19=FACE_BOUND('',#169,.T.);
#20=FACE_BOUND('',#170,.T.);
#21=FACE_BOUND('',#171,.T.);
#22=FACE_BOUND('',#172,.T.);
#23=FACE_BOUND('',#173,.T.);
#24=FACE_BOUND('',#176,.T.);
#25=FACE_BOUND('',#177,.T.);
#26=FACE_BOUND('',#178,.T.);
#27=FACE_BOUND('',#179,.T.);
#28=FACE_BOUND('',#180,.T.);
#29=FACE_BOUND('',#188,.T.);
#30=FACE_BOUND('',#196,.T.);
#31=FACE_BOUND('',#204,.T.);
#32=FACE_BOUND('',#212,.T.);
#33=FACE_BOUND('',#215,.T.);
#34=FACE_BOUND('',#226,.T.);
#35=FACE_BOUND('',#228,.T.);
#36=PLANE('',#1362);
#37=PLANE('',#1366);
#38=PLANE('',#1372);
#39=PLANE('',#1373);
#40=PLANE('',#1374);
#41=PLANE('',#1375);
#42=PLANE('',#1376);
#43=PLANE('',#1377);
#44=PLANE('',#1378);
#45=PLANE('',#1380);
#46=PLANE('',#1381);
#47=PLANE('',#1382);
#48=PLANE('',#1383);
#49=PLANE('',#1384);
#50=PLANE('',#1385);
#51=PLANE('',#1386);
#52=PLANE('',#1388);
#53=PLANE('',#1389);
#54=PLANE('',#1390);
#55=PLANE('',#1391);
#56=PLANE('',#1392);
#57=PLANE('',#1393);
#58=PLANE('',#1394);
#59=PLANE('',#1396);
#60=PLANE('',#1397);
#61=PLANE('',#1398);
#62=PLANE('',#1399);
#63=PLANE('',#1400);
#64=PLANE('',#1401);
#65=PLANE('',#1402);
#66=PLANE('',#1407);
#67=PLANE('',#1418);
#68=PLANE('',#1420);
#69=TOROIDAL_SURFACE('',#1355,39.,1.);
#70=FACE_OUTER_BOUND('',#142,.T.);
#71=FACE_OUTER_BOUND('',#143,.T.);
#72=FACE_OUTER_BOUND('',#144,.T.);
#73=FACE_OUTER_BOUND('',#145,.T.);
#74=FACE_OUTER_BOUND('',#146,.T.);
#75=FACE_OUTER_BOUND('',#147,.T.);
#76=FACE_OUTER_BOUND('',#148,.T.);
#77=FACE_OUTER_BOUND('',#149,.T.);
#78=FACE_OUTER_BOUND('',#150,.T.);
#79=FACE_OUTER_BOUND('',#151,.T.);
#80=FACE_OUTER_BOUND('',#152,.T.);
#81=FACE_OUTER_BOUND('',#153,.T.);
#82=FACE_OUTER_BOUND('',#154,.T.);
#83=FACE_OUTER_BOUND('',#155,.T.);
#84=FACE_OUTER_BOUND('',#156,.T.);
#85=FACE_OUTER_BOUND('',#157,.T.);
#86=FACE_OUTER_BOUND('',#158,.T.);
#87=FACE_OUTER_BOUND('',#159,.T.);
#88=FACE_OUTER_BOUND('',#160,.T.);
#89=FACE_OUTER_BOUND('',#161,.T.);
#90=FACE_OUTER_BOUND('',#162,.T.);
#91=FACE_OUTER_BOUND('',#163,.T.);
#92=FACE_OUTER_BOUND('',#164,.T.);
#93=FACE_OUTER_BOUND('',#165,.T.);
#94=FACE_OUTER_BOUND('',#166,.T.);
#95=FACE_OUTER_BOUND('',#167,.T.);
#96=FACE_OUTER_BOUND('',#168,.T.);
#97=FACE_OUTER_BOUND('',#174,.T.);
#98=FACE_OUTER_BOUND('',#175,.T.);
#99=FACE_OUTER_BOUND('',#181,.T.);
#100=FACE_OUTER_BOUND('',#182,.T.);
#101=FACE_OUTER_BOUND('',#183,.T.);
#102=FACE_OUTER_BOUND('',#184,.T.);
#103=FACE_OUTER_BOUND('',#185,.T.);
#104=FACE_OUTER_BOUND('',#186,.T.);
#105=FACE_OUTER_BOUND('',#187,.T.);
#106=FACE_OUTER_BOUND('',#189,.T.);
#107=FACE_OUTER_BOUND('',#190,.T.);
#108=FACE_OUTER_BOUND('',#191,.T.);
#109=FACE_OUTER_BOUND('',#192,.T.);
#110=FACE_OUTER_BOUND('',#193,.T.);
#111=FACE_OUTER_BOUND('',#194,.T.);
#112=FACE_OUTER_BOUND('',#195,.T.);
#113=FACE_OUTER_BOUND('',#197,.T.);
#114=FACE_OUTER_BOUND('',#198,.T.);
#115=FACE_OUTER_BOUND('',#199,.T.);
#116=FACE_OUTER_BOUND('',#200,.T.);
#117=FACE_OUTER_BOUND('',#201,.T.);
#118=FACE_OUTER_BOUND('',#202,.T.);
#119=FACE_OUTER_BOUND('',#203,.T.);
#120=FACE_OUTER_BOUND('',#205,.T.);
#121=FACE_OUTER_BOUND('',#206,.T.);
#122=FACE_OUTER_BOUND('',#207,.T.);
#123=FACE_OUTER_BOUND('',#208,.T.);
#124=FACE_OUTER_BOUND('',#209,.T.);
#125=FACE_OUTER_BOUND('',#210,.T.);
#126=FACE_OUTER_BOUND('',#211,.T.);
#127=FACE_OUTER_BOUND('',#213,.T.);
#128=FACE_OUTER_BOUND('',#214,.T.);
#129=FACE_OUTER_BOUND('',#216,.T.);
#130=FACE_OUTER_BOUND('',#217,.T.);
#131=FACE_OUTER_BOUND('',#218,.T.);
#132=FACE_OUTER_BOUND('',#219,.T.);
#133=FACE_OUTER_BOUND('',#220,.T.);
#134=FACE_OUTER_BOUND('',#221,.T.);
#135=FACE_OUTER_BOUND('',#222,.T.);
#136=FACE_OUTER_BOUND('',#223,.T.);
#137=FACE_OUTER_BOUND('',#224,.T.);
#138=FACE_OUTER_BOUND('',#225,.T.);
#139=FACE_OUTER_BOUND('',#227,.T.);
#140=FACE_OUTER_BOUND('',#229,.T.);
#141=FACE_OUTER_BOUND('',#230,.T.);
#142=EDGE_LOOP('',(#835,#836,#837,#838));
#143=EDGE_LOOP('',(#839,#840,#841,#842));
#144=EDGE_LOOP('',(#843,#844,#845,#846));
#145=EDGE_LOOP('',(#847,#848,#849,#850));
#146=EDGE_LOOP('',(#851,#852,#853,#854));
#147=EDGE_LOOP('',(#855,#856,#857,#858));
#148=EDGE_LOOP('',(#859,#860,#861,#862));
#149=EDGE_LOOP('',(#863,#864,#865,#866));
#150=EDGE_LOOP('',(#867,#868,#869,#870));
#151=EDGE_LOOP('',(#871,#872,#873,#874));
#152=EDGE_LOOP('',(#875,#876,#877,#878));
#153=EDGE_LOOP('',(#879,#880,#881,#882));
#154=EDGE_LOOP('',(#883,#884,#885,#886));
#155=EDGE_LOOP('',(#887,#888,#889,#890));
#156=EDGE_LOOP('',(#891,#892,#893,#894));
#157=EDGE_LOOP('',(#895,#896,#897,#898));
#158=EDGE_LOOP('',(#899,#900,#901,#902));
#159=EDGE_LOOP('',(#903,#904,#905,#906));
#160=EDGE_LOOP('',(#907,#908,#909,#910));
#161=EDGE_LOOP('',(#911,#912,#913,#914));
#162=EDGE_LOOP('',(#915,#916,#917,#918));
#163=EDGE_LOOP('',(#919,#920,#921,#922));
#164=EDGE_LOOP('',(#923,#924,#925,#926));
#165=EDGE_LOOP('',(#927,#928,#929,#930));
#166=EDGE_LOOP('',(#931,#932,#933,#934));
#167=EDGE_LOOP('',(#935,#936,#937,#938,#939));
#168=EDGE_LOOP('',(#940));
#169=EDGE_LOOP('',(#941,#942,#943,#944));
#170=EDGE_LOOP('',(#945,#946,#947,#948,#949,#950));
#171=EDGE_LOOP('',(#951,#952,#953,#954,#955,#956));
#172=EDGE_LOOP('',(#957,#958,#959,#960,#961,#962));
#173=EDGE_LOOP('',(#963,#964,#965,#966,#967,#968));
#174=EDGE_LOOP('',(#969,#970,#971,#972,#973));
#175=EDGE_LOOP('',(#974));
#176=EDGE_LOOP('',(#975));
#177=EDGE_LOOP('',(#976));
#178=EDGE_LOOP('',(#977));
#179=EDGE_LOOP('',(#978));
#180=EDGE_LOOP('',(#979));
#181=EDGE_LOOP('',(#980,#981,#982,#983));
#182=EDGE_LOOP('',(#984,#985,#986,#987));
#183=EDGE_LOOP('',(#988,#989,#990,#991));
#184=EDGE_LOOP('',(#992,#993,#994,#995));
#185=EDGE_LOOP('',(#996,#997,#998,#999));
#186=EDGE_LOOP('',(#1000,#1001,#1002,#1003));
#187=EDGE_LOOP('',(#1004,#1005,#1006,#1007,#1008,#1009));
#188=EDGE_LOOP('',(#1010));
#189=EDGE_LOOP('',(#1011,#1012,#1013,#1014));
#190=EDGE_LOOP('',(#1015,#1016,#1017,#1018));
#191=EDGE_LOOP('',(#1019,#1020,#1021,#1022));
#192=EDGE_LOOP('',(#1023,#1024,#1025,#1026));
#193=EDGE_LOOP('',(#1027,#1028,#1029,#1030));
#194=EDGE_LOOP('',(#1031,#1032,#1033,#1034));
#195=EDGE_LOOP('',(#1035,#1036,#1037,#1038,#1039,#1040));
#196=EDGE_LOOP('',(#1041));
#197=EDGE_LOOP('',(#1042,#1043,#1044,#1045));
#198=EDGE_LOOP('',(#1046,#1047,#1048,#1049));
#199=EDGE_LOOP('',(#1050,#1051,#1052,#1053));
#200=EDGE_LOOP('',(#1054,#1055,#1056,#1057));
#201=EDGE_LOOP('',(#1058,#1059,#1060,#1061));
#202=EDGE_LOOP('',(#1062,#1063,#1064,#1065));
#203=EDGE_LOOP('',(#1066,#1067,#1068,#1069,#1070,#1071));
#204=EDGE_LOOP('',(#1072));
#205=EDGE_LOOP('',(#1073,#1074,#1075,#1076));
#206=EDGE_LOOP('',(#1077,#1078,#1079,#1080));
#207=EDGE_LOOP('',(#1081,#1082,#1083,#1084));
#208=EDGE_LOOP('',(#1085,#1086,#1087,#1088));
#209=EDGE_LOOP('',(#1089,#1090,#1091,#1092));
#210=EDGE_LOOP('',(#1093,#1094,#1095,#1096));
#211=EDGE_LOOP('',(#1097,#1098,#1099,#1100,#1101,#1102));
#212=EDGE_LOOP('',(#1103));
#213=EDGE_LOOP('',(#1104,#1105,#1106,#1107));
#214=EDGE_LOOP('',(#1108));
#215=EDGE_LOOP('',(#1109));
#216=EDGE_LOOP('',(#1110,#1111,#1112,#1113));
#217=EDGE_LOOP('',(#1114,#1115,#1116,#1117,#1118,#1119,#1120,#1121,#1122,
#1123,#1124,#1125,#1126,#1127,#1128,#1129,#1130,#1131,#1132,#1133,#1134,
#1135,#1136,#1137,#1138,#1139,#1140,#1141));
#218=EDGE_LOOP('',(#1142,#1143,#1144,#1145));
#219=EDGE_LOOP('',(#1146,#1147,#1148,#1149,#1150,#1151,#1152,#1153,#1154,
#1155,#1156,#1157,#1158,#1159,#1160,#1161,#1162,#1163,#1164,#1165,#1166,
#1167,#1168,#1169,#1170,#1171,#1172,#1173));
#220=EDGE_LOOP('',(#1174,#1175,#1176,#1177));
#221=EDGE_LOOP('',(#1178,#1179,#1180,#1181));
#222=EDGE_LOOP('',(#1182,#1183,#1184,#1185));
#223=EDGE_LOOP('',(#1186,#1187,#1188,#1189));
#224=EDGE_LOOP('',(#1190,#1191,#1192,#1193));
#225=EDGE_LOOP('',(#1194));
#226=EDGE_LOOP('',(#1195));
#227=EDGE_LOOP('',(#1196,#1197,#1198,#1199));
#228=EDGE_LOOP('',(#1200));
#229=EDGE_LOOP('',(#1201,#1202,#1203,#1204));
#230=EDGE_LOOP('',(#1205,#1206,#1207,#1208));
#231=CIRCLE('',#1330,16.442);
#232=CIRCLE('',#1343,15.86875);
#233=CIRCLE('',#1356,40.);
#234=CIRCLE('',#1357,1.);
#235=CIRCLE('',#1358,39.);
#236=CIRCLE('',#1360,40.);
#237=CIRCLE('',#1361,40.);
#238=CIRCLE('',#1363,16.442);
#239=CIRCLE('',#1365,39.);
#240=CIRCLE('',#1367,19.9);
#241=CIRCLE('',#1368,2.1);
#242=CIRCLE('',#1369,2.1);
#243=CIRCLE('',#1370,2.1);
#244=CIRCLE('',#1371,2.1);
#245=CIRCLE('',#1379,2.1);
#246=CIRCLE('',#1387,2.1);
#247=CIRCLE('',#1395,2.1);
#248=CIRCLE('',#1403,2.1);
#249=CIRCLE('',#1405,19.9);
#250=CIRCLE('',#1406,19.5);
#251=CIRCLE('',#1408,18.);
#252=CIRCLE('',#1411,15.86875);
#253=CIRCLE('',#1417,18.);
#254=CIRCLE('',#1419,13.);
#255=CIRCLE('',#1421,13.);
#256=B_SPLINE_CURVE_WITH_KNOTS('',3,(#1728,#1729,#1730,#1731,#1732,#1733,
#1734,#1735,#1736,#1737,#1738,#1739,#1740,#1741,#1742,#1743),
 .UNSPECIFIED.,.F.,.F.,(4,3,3,3,3,4),(-4.09293042013065,-3.97321767473074,
-3.4765654653894,-2.97991325604805,-2.48326104670671,-2.07952097109453),
 .UNSPECIFIED.);
#257=B_SPLINE_CURVE_WITH_KNOTS('',3,(#1746,#1747,#1748,#1749,#1750,#1751,
#1752,#1753,#1754,#1755),.UNSPECIFIED.,.F.,.F.,(4,3,3,4),(0.,0.496652209341344,
0.993304418682688,1.12818320455363),.UNSPECIFIED.);
#258=B_SPLINE_CURVE_WITH_KNOTS('',3,(#1760,#1761,#1762,#1763,#1764,#1765,
#1766,#1767,#1768,#1769,#1770,#1771,#1772,#1773,#1774,#1775,#1776,#1777,
#1778,#1779,#1780,#1781,#1782,#1783,#1784,#1785,#1786,#1787,#1788,#1789,
#1790,#1791,#1792,#1793,#1794,#1795,#1796,#1797,#1798,#1799),
 .UNSPECIFIED.,.F.,.F.,(4,3,3,3,3,3,3,3,3,3,3,3,3,4),(-10.3761157273102,
-9.93304418682685,-9.4363919774855,-8.93973976814416,-8.44308755880282,
-7.94643534946148,-7.44978314012014,-6.95313093077879,-6.45647872143745,
-5.95982651209611,-5.46317430275477,-4.96652209341342,-4.46986988407208,
-4.09293042013065),.UNSPECIFIED.);
#259=B_SPLINE_CURVE_WITH_KNOTS('',3,(#1800,#1801,#1802,#1803,#1804,#1805,
#1806,#1807,#1808,#1809,#1810,#1811,#1812,#1813,#1814,#1815,#1816,#1817,
#1818,#1819,#1820,#1821,#1822,#1823,#1824,#1825,#1826,#1827,#1828,#1829,
#1830,#1831,#1832,#1833,#1834,#1835,#1836,#1837,#1838,#1839),
 .UNSPECIFIED.,.F.,.F.,(4,3,3,3,3,3,3,3,3,3,3,3,3,4),(1.12818320455363,
1.48995662802403,1.98660883736537,2.48326104670671,2.97991325604805,3.4765654653894,
3.97321767473074,4.46986988407208,4.96652209341342,5.46317430275476,5.9598265120961,
6.45647872143744,6.95313093077878,7.41136851173322),.UNSPECIFIED.);
#260=B_SPLINE_CURVE_WITH_KNOTS('',3,(#1844,#1845,#1846,#1847,#1848,#1849,
#1850,#1851,#1852,#1853,#1854,#1855,#1856,#1857,#1858,#1859,#1860,#1861,
#1862,#1863,#1864,#1865,#1866,#1867,#1868,#1869,#1870,#1871,#1872,#1873,
#1874,#1875,#1876,#1877,#1878,#1879,#1880,#1881,#1882,#1883,#1884,#1885,
#1886),.UNSPECIFIED.,.F.,.F.,(4,3,3,3,3,3,3,3,3,3,3,3,3,3,4),(-16.6593010344898,
-16.3895229082643,-15.892870698923,-15.3962184895816,-14.8995662802403,
-14.4029140708989,-13.9062618615576,-13.4096096522162,-12.9129574428749,
-12.4163052335336,-11.9196530241922,-11.4230008148509,-10.9263486055095,
-10.4296963961682,-10.3761157273102),.UNSPECIFIED.);
#261=B_SPLINE_CURVE_WITH_KNOTS('',3,(#1887,#1888,#1889,#1890,#1891,#1892,
#1893,#1894,#1895,#1896,#1897,#1898,#1899,#1900,#1901,#1902,#1903,#1904,
#1905,#1906,#1907,#1908,#1909,#1910,#1911,#1912,#1913,#1914,#1915,#1916,
#1917,#1918,#1919,#1920,#1921,#1922,#1923,#1924,#1925,#1926,#1927,#1928,
#1929),.UNSPECIFIED.,.F.,.F.,(4,3,3,3,3,3,3,3,3,3,3,3,3,3,4),(7.41136851173322,
7.44978314012013,7.94643534946147,8.44308755880281,8.93973976814415,9.4363919774855,
9.93304418682684,10.4296963961682,10.9263486055095,11.4230008148509,11.9196530241922,
12.4163052335336,12.9129574428749,13.4096096522162,13.6945538189128),
 .UNSPECIFIED.);
#262=B_SPLINE_CURVE_WITH_KNOTS('',3,(#1934,#1935,#1936,#1937,#1938,#1939,
#1940,#1941,#1942,#1943,#1944,#1945,#1946,#1947,#1948,#1949,#1950,#1951,
#1952,#1953,#1954,#1955,#1956,#1957,#1958,#1959,#1960,#1961,#1962,#1963,
#1964,#1965,#1966,#1967,#1968,#1969,#1970,#1971,#1972,#1973,#1974,#1975,
#1976),.UNSPECIFIED.,.F.,.F.,(4,3,3,3,3,3,3,3,3,3,3,3,3,3,4),(-22.9424863416694,
-22.8460016297017,-22.3493494203604,-21.8526972110191,-21.3560450016777,
-20.8593927923364,-20.362740582995,-19.8660883736537,-19.3694361643123,
-18.872783954971,-18.3761317456297,-17.8794795362883,-17.382827326947,-16.8861751176056,
-16.6593010344898),.UNSPECIFIED.);
#263=B_SPLINE_CURVE_WITH_KNOTS('',3,(#1977,#1978,#1979,#1980,#1981,#1982,
#1983,#1984,#1985,#1986,#1987,#1988,#1989,#1990,#1991,#1992,#1993,#1994,
#1995,#1996,#1997,#1998,#1999,#2000,#2001,#2002,#2003,#2004,#2005,#2006,
#2007,#2008,#2009,#2010,#2011,#2012,#2013,#2014,#2015,#2016,#2017,#2018,
#2019),.UNSPECIFIED.,.F.,.F.,(4,3,3,3,3,3,3,3,3,3,3,3,3,3,4),(13.6945538189128,
13.9062618615576,14.4029140708989,14.8995662802403,15.3962184895816,15.892870698923,
16.3895229082643,16.8861751176056,17.382827326947,17.8794795362883,18.3761317456297,
18.872783954971,19.3694361643124,19.8660883736537,19.9777391260924),
 .UNSPECIFIED.);
#264=B_SPLINE_CURVE_WITH_KNOTS('',3,(#2024,#2025,#2026,#2027,#2028,#2029,
#2030,#2031,#2032,#2033,#2034,#2035,#2036,#2037,#2038,#2039,#2040,#2041,
#2042,#2043,#2044,#2045,#2046,#2047,#2048,#2049,#2050,#2051,#2052,#2053,
#2054,#2055,#2056,#2057,#2058,#2059,#2060,#2061,#2062,#2063),
 .UNSPECIFIED.,.F.,.F.,(4,3,3,3,3,3,3,3,3,3,3,3,3,4),(-29.225671648849,
-28.8058281417979,-28.3091759324565,-27.8125237231152,-27.3158715137738,
-26.8192193044325,-26.3225670950911,-25.8259148857498,-25.3292626764085,
-24.8326104670671,-24.3359582577258,-23.8393060483844,-23.3426538390431,
-22.9424863416694),.UNSPECIFIED.);
#265=B_SPLINE_CURVE_WITH_KNOTS('',3,(#2064,#2065,#2066,#2067,#2068,#2069,
#2070,#2071,#2072,#2073,#2074,#2075,#2076,#2077,#2078,#2079,#2080,#2081,
#2082,#2083,#2084,#2085,#2086,#2087,#2088,#2089,#2090,#2091,#2092,#2093,
#2094,#2095,#2096,#2097,#2098,#2099,#2100,#2101,#2102,#2103),
 .UNSPECIFIED.,.F.,.F.,(4,3,3,3,3,3,3,3,3,3,3,3,3,4),(19.9777391260924,
20.362740582995,20.8593927923364,21.3560450016777,21.8526972110191,22.3493494203604,
22.8460016297017,23.3426538390431,23.8393060483844,24.3359582577258,24.8326104670671,
25.3292626764085,25.8259148857498,26.260924433272),.UNSPECIFIED.);
#266=B_SPLINE_CURVE_WITH_KNOTS('',3,(#2108,#2109,#2110,#2111,#2112,#2113,
#2114,#2115,#2116,#2117,#2118,#2119,#2120,#2121,#2122,#2123,#2124,#2125,
#2126,#2127,#2128,#2129,#2130,#2131,#2132,#2133,#2134,#2135,#2136,#2137,
#2138,#2139,#2140,#2141,#2142,#2143,#2144,#2145,#2146,#2147,#2148,#2149,
#2150),.UNSPECIFIED.,.F.,.F.,(4,3,3,3,3,3,3,3,3,3,3,3,3,3,4),(-35.5088569560286,
-35.2623068632353,-34.765654653894,-34.2690024445526,-33.7723502352113,
-33.2756980258699,-32.7790458165286,-32.2823936071873,-31.7857413978459,
-31.2890891885046,-30.7924369791632,-30.2957847698219,-29.7991325604805,
-29.3024803511392,-29.225671648849),.UNSPECIFIED.);
#267=B_SPLINE_CURVE_WITH_KNOTS('',3,(#2151,#2152,#2153,#2154,#2155,#2156,
#2157,#2158,#2159,#2160,#2161,#2162,#2163,#2164,#2165,#2166,#2167,#2168,
#2169,#2170,#2171,#2172,#2173,#2174,#2175,#2176,#2177,#2178,#2179,#2180,
#2181,#2182,#2183,#2184,#2185,#2186,#2187,#2188,#2189,#2190,#2191,#2192,
#2193),.UNSPECIFIED.,.F.,.F.,(4,3,3,3,3,3,3,3,3,3,3,3,3,3,4),(26.260924433272,
26.3225670950911,26.8192193044325,27.3158715137738,27.8125237231152,28.3091759324565,
28.8058281417978,29.3024803511392,29.7991325604805,30.2957847698219,30.7924369791632,
31.2890891885046,31.7857413978459,32.2823936071872,32.5441097404516),
 .UNSPECIFIED.);
#268=B_SPLINE_CURVE_WITH_KNOTS('',3,(#2198,#2199,#2200,#2201,#2202,#2203,
#2204,#2205,#2206,#2207,#2208,#2209,#2210,#2211,#2212,#2213,#2214,#2215,
#2216,#2217,#2218,#2219,#2220,#2221,#2222,#2223,#2224,#2225,#2226,#2227,
#2228,#2229,#2230,#2231,#2232,#2233,#2234,#2235,#2236,#2237,#2238,#2239,
#2240),.UNSPECIFIED.,.F.,.F.,(4,3,3,3,3,3,3,3,3,3,3,3,3,3,4),(-41.7920422632082,
-41.7187855846728,-41.2221333753314,-40.7254811659901,-40.2288289566487,
-39.7321767473074,-39.2355245379661,-38.7388723286247,-38.2422201192834,
-37.745567909942,-37.2489157006007,-36.7522634912593,-36.255611281918,-35.7589590725767,
-35.5088569560286),.UNSPECIFIED.);
#269=B_SPLINE_CURVE_WITH_KNOTS('',3,(#2241,#2242,#2243,#2244,#2245,#2246,
#2247,#2248,#2249,#2250,#2251,#2252,#2253,#2254,#2255,#2256,#2257,#2258,
#2259,#2260,#2261,#2262,#2263,#2264,#2265,#2266,#2267,#2268,#2269,#2270,
#2271,#2272,#2273,#2274,#2275,#2276,#2277,#2278,#2279,#2280,#2281,#2282,
#2283),.UNSPECIFIED.,.F.,.F.,(4,3,3,3,3,3,3,3,3,3,3,3,3,3,4),(32.5441097404516,
32.7790458165286,33.2756980258699,33.7723502352113,34.2690024445526,34.7656546538939,
35.2623068632353,35.7589590725766,36.255611281918,36.7522634912593,37.2489157006007,
37.745567909942,38.2422201192834,38.7388723286247,38.8272950476312),
 .UNSPECIFIED.);
#270=B_SPLINE_CURVE_WITH_KNOTS('',3,(#2288,#2289,#2290,#2291,#2292,#2293,
#2294,#2295,#2296,#2297,#2298,#2299,#2300,#2301,#2302,#2303,#2304,#2305,
#2306,#2307,#2308,#2309,#2310,#2311,#2312,#2313,#2314,#2315,#2316,#2317,
#2318,#2319,#2320,#2321,#2322,#2323,#2324,#2325,#2326,#2327),
 .UNSPECIFIED.,.F.,.F.,(4,3,3,3,3,3,3,3,3,3,3,3,3,4),(-48.0752275703878,
-47.6786120967689,-47.1819598874275,-46.6853076780862,-46.1886554687448,
-45.6920032594035,-45.1953510500622,-44.6986988407208,-44.2020466313795,
-43.7053944220381,-43.2087422126968,-42.7120900033554,-42.2154377940141,
-41.7920422632082),.UNSPECIFIED.);
#271=B_SPLINE_CURVE_WITH_KNOTS('',3,(#2328,#2329,#2330,#2331,#2332,#2333,
#2334,#2335,#2336,#2337,#2338,#2339,#2340,#2341,#2342,#2343,#2344,#2345,
#2346,#2347,#2348,#2349,#2350,#2351,#2352,#2353,#2354,#2355,#2356,#2357,
#2358,#2359,#2360,#2361,#2362,#2363,#2364,#2365,#2366,#2367),
 .UNSPECIFIED.,.F.,.F.,(4,3,3,3,3,3,3,3,3,3,3,3,3,4),(38.8272950476312,
39.235524537966,39.7321767473074,40.2288289566487,40.7254811659901,41.2221333753314,
41.7187855846728,42.2154377940141,42.7120900033554,43.2087422126968,43.7053944220381,
44.2020466313795,44.6986988407208,45.1104803548107),.UNSPECIFIED.);
#272=B_SPLINE_CURVE_WITH_KNOTS('',3,(#2372,#2373,#2374,#2375,#2376,#2377,
#2378,#2379,#2380,#2381,#2382,#2383,#2384,#2385,#2386,#2387,#2388,#2389,
#2390,#2391,#2392,#2393,#2394,#2395,#2396,#2397,#2398,#2399,#2400,#2401,
#2402,#2403,#2404,#2405,#2406,#2407,#2408,#2409,#2410,#2411,#2412,#2413,
#2414),.UNSPECIFIED.,.F.,.F.,(4,3,3,3,3,3,3,3,3,3,3,3,3,3,4),(-54.3584128775673,
-54.1350908182063,-53.638438608865,-53.1417863995236,-52.6451341901823,
-52.1484819808409,-51.6518297714996,-51.1551775621583,-50.6585253528169,
-50.1618731434756,-49.6652209341342,-49.1685687247929,-48.6719165154515,
-48.1752643061102,-48.0752275703878),.UNSPECIFIED.);
#273=B_SPLINE_CURVE_WITH_KNOTS('',3,(#2415,#2416,#2417,#2418,#2419,#2420,
#2421,#2422,#2423,#2424,#2425,#2426,#2427,#2428,#2429,#2430,#2431,#2432,
#2433,#2434,#2435,#2436,#2437,#2438,#2439,#2440,#2441,#2442,#2443,#2444,
#2445,#2446,#2447,#2448,#2449,#2450,#2451,#2452,#2453,#2454,#2455,#2456,
#2457),.UNSPECIFIED.,.F.,.F.,(4,3,3,3,3,3,3,3,3,3,3,3,3,3,4),(45.1104803548107,
45.1953510500622,45.6920032594035,46.1886554687448,46.6853076780862,47.1819598874275,
47.6786120967689,48.1752643061102,48.6719165154515,49.1685687247929,49.6652209341342,
50.1618731434756,50.6585253528169,51.1551775621583,51.3936656619903),
 .UNSPECIFIED.);
#274=B_SPLINE_CURVE_WITH_KNOTS('',3,(#2462,#2463,#2464,#2465,#2466,#2467,
#2468,#2469,#2470,#2471,#2472,#2473,#2474,#2475,#2476,#2477,#2478,#2479,
#2480,#2481,#2482,#2483,#2484,#2485,#2486,#2487,#2488,#2489,#2490,#2491,
#2492,#2493,#2494,#2495,#2496,#2497,#2498,#2499,#2500,#2501,#2502,#2503,
#2504),.UNSPECIFIED.,.F.,.F.,(4,3,3,3,3,3,3,3,3,3,3,3,3,3,4),(-60.6415981847469,
-60.5915695396438,-60.0949173303024,-59.5982651209611,-59.1016129116197,
-58.6049607022784,-58.108308492937,-57.6116562835957,-57.1150040742544,
-56.618351864913,-56.1216996555717,-55.6250474462303,-55.128395236889,-54.6317430275476,
-54.3584128775673),.UNSPECIFIED.);
#275=B_SPLINE_CURVE_WITH_KNOTS('',3,(#2505,#2506,#2507,#2508,#2509,#2510,
#2511,#2512,#2513,#2514,#2515,#2516,#2517,#2518,#2519,#2520,#2521,#2522,
#2523,#2524,#2525,#2526,#2527,#2528,#2529,#2530,#2531,#2532,#2533,#2534,
#2535,#2536,#2537,#2538,#2539,#2540,#2541,#2542,#2543,#2544,#2545,#2546,
#2547),.UNSPECIFIED.,.F.,.F.,(4,3,3,3,3,3,3,3,3,3,3,3,3,3,4),(51.3936656619903,
51.6518297714996,52.1484819808409,52.6451341901823,53.1417863995236,53.638438608865,
54.1350908182063,54.6317430275477,55.128395236889,55.6250474462303,56.1216996555717,
56.618351864913,57.1150040742544,57.6116562835957,57.6768509691699),
 .UNSPECIFIED.);
#276=B_SPLINE_CURVE_WITH_KNOTS('',3,(#2552,#2553,#2554,#2555,#2556,#2557,
#2558,#2559,#2560,#2561,#2562,#2563,#2564,#2565,#2566,#2567,#2568,#2569,
#2570,#2571,#2572,#2573,#2574,#2575,#2576,#2577,#2578,#2579,#2580,#2581,
#2582,#2583,#2584,#2585,#2586,#2587,#2588,#2589,#2590,#2591),
 .UNSPECIFIED.,.F.,.F.,(4,3,3,3,3,3,3,3,3,3,3,3,3,4),(-66.9247834919265,
-66.5513960517399,-66.0547438423985,-65.5580916330572,-65.0614394237158,
-64.5647872143745,-64.0681350050332,-63.5714827956918,-63.0748305863505,
-62.5781783770091,-62.0815261676678,-61.5848739583264,-61.0882217489851,
-60.6415981847469),.UNSPECIFIED.);
#277=B_SPLINE_CURVE_WITH_KNOTS('',3,(#2592,#2593,#2594,#2595,#2596,#2597,
#2598,#2599,#2600,#2601,#2602,#2603,#2604,#2605,#2606,#2607,#2608,#2609,
#2610,#2611,#2612,#2613,#2614,#2615,#2616,#2617,#2618,#2619,#2620,#2621,
#2622,#2623,#2624,#2625,#2626,#2627,#2628,#2629,#2630,#2631),
 .UNSPECIFIED.,.F.,.F.,(4,3,3,3,3,3,3,3,3,3,3,3,3,4),(57.6768509691699,
58.108308492937,58.6049607022784,59.1016129116197,59.5982651209611,60.0949173303024,
60.5915695396438,61.0882217489851,61.5848739583265,62.0815261676678,62.5781783770091,
63.0748305863505,63.5714827956918,63.9600362763495),.UNSPECIFIED.);
#278=B_SPLINE_CURVE_WITH_KNOTS('',3,(#2636,#2637,#2638,#2639,#2640,#2641,
#2642,#2643,#2644,#2645,#2646,#2647,#2648,#2649,#2650,#2651,#2652,#2653,
#2654,#2655,#2656,#2657,#2658,#2659,#2660,#2661,#2662,#2663,#2664,#2665,
#2666,#2667,#2668,#2669,#2670,#2671,#2672,#2673,#2674,#2675,#2676,#2677,
#2678),.UNSPECIFIED.,.F.,.F.,(4,3,3,3,3,3,3,3,3,3,3,3,3,3,4),(-73.2079687991061,
-73.0078747731773,-72.511222563836,-72.0145703544946,-71.5179181451533,
-71.0212659358119,-70.5246137264706,-70.0279615171293,-69.5313093077879,
-69.0346570984466,-68.5380048891052,-68.0413526797639,-67.5447004704226,
-67.0480482610812,-66.9247834919265),.UNSPECIFIED.);
#279=B_SPLINE_CURVE_WITH_KNOTS('',3,(#2679,#2680,#2681,#2682,#2683,#2684,
#2685,#2686,#2687,#2688,#2689,#2690,#2691,#2692,#2693,#2694,#2695,#2696,
#2697,#2698,#2699,#2700,#2701,#2702,#2703,#2704,#2705,#2706,#2707,#2708,
#2709,#2710,#2711,#2712,#2713,#2714,#2715,#2716,#2717,#2718,#2719,#2720,
#2721),.UNSPECIFIED.,.F.,.F.,(4,3,3,3,3,3,3,3,3,3,3,3,3,3,4),(63.9600362763495,
64.0681350050332,64.5647872143745,65.0614394237159,65.5580916330572,66.0547438423985,
66.5513960517399,67.0480482610812,67.5447004704225,68.0413526797639,68.5380048891052,
69.0346570984466,69.5313093077879,70.0279615171293,70.2432215835291),
 .UNSPECIFIED.);
#280=B_SPLINE_CURVE_WITH_KNOTS('',3,(#2727,#2728,#2729,#2730,#2731,#2732,
#2733,#2734),.UNSPECIFIED.,.F.,.F.,(4,1,1,1,1,4),(84.8230016469244,85.1195598303369,
85.6162120396783,86.1128642490196,86.6095164583609,87.0132565339731),
 .UNSPECIFIED.);
#281=B_SPLINE_CURVE_WITH_KNOTS('',3,(#2737,#2738,#2739,#2740,#2741),
 .UNSPECIFIED.,.F.,.F.,(4,1,4),(84.8230016469244,85.2776872041237,85.774339413465),
 .UNSPECIFIED.);
#282=B_SPLINE_CURVE_WITH_KNOTS('',3,(#2746,#2747,#2748,#2749,#2750,#2751,
#2752,#2753,#2754,#2755,#2756,#2757,#2758,#2759,#2760,#2761,#2762),
 .UNSPECIFIED.,.F.,.F.,(4,1,1,1,1,1,1,1,1,1,1,1,1,1,4),(78.5398163397448,
78.6630811088995,79.1597333182408,79.6563855275822,80.1530377369235,80.6496899462648,
81.1463421556062,81.6429943649475,82.1396465742889,82.6362987836302,83.1329509929715,
83.6296032023129,84.1262554116542,84.6229076209956,84.8230016469244),
 .UNSPECIFIED.);
#283=B_SPLINE_CURVE_WITH_KNOTS('',3,(#2763,#2764,#2765,#2766,#2767,#2768,
#2769,#2770,#2771,#2772,#2773,#2774,#2775,#2776,#2777,#2778,#2779),
 .UNSPECIFIED.,.F.,.F.,(4,1,1,1,1,1,1,1,1,1,1,1,1,1,4),(78.5398163397448,
78.8212084826862,79.3178606920276,79.8145129013689,80.3111651107103,80.8078173200516,
81.3044695293929,81.8011217387343,82.2977739480756,82.794426157417,83.2910783667583,
83.7877305760997,84.284382785441,84.7810349947823,84.8230016469244),
 .UNSPECIFIED.);
#284=B_SPLINE_CURVE_WITH_KNOTS('',3,(#2784,#2785,#2786,#2787,#2788,#2789,
#2790,#2791,#2792,#2793,#2794,#2795,#2796,#2797,#2798,#2799),
 .UNSPECIFIED.,.F.,.F.,(4,1,1,1,1,1,1,1,1,1,1,1,1,4),(72.2566310325652,
72.7032545968034,73.1999068061447,73.696559015486,74.1932112248274,74.6898634341687,
75.1865156435101,75.6831678528514,76.1798200621928,76.6764722715341,77.1731244808754,
77.6697766902168,78.1664288995581,78.5398163397448),.UNSPECIFIED.);
#285=B_SPLINE_CURVE_WITH_KNOTS('',3,(#2800,#2801,#2802,#2803,#2804,#2805,
#2806,#2807,#2808,#2809,#2810,#2811,#2812,#2813,#2814,#2815,#2816),
 .UNSPECIFIED.,.F.,.F.,(4,1,1,1,1,1,1,1,1,1,1,1,1,1,4),(72.2566310325652,
72.3647297612488,72.8613819705901,73.3580341799315,73.8546863892728,74.3513385986141,
74.8479908079555,75.3446430172968,75.8412952266382,76.3379474359795,76.8345996453209,
77.3312518546622,77.8279040640035,78.3245562733449,78.5398163397448),
 .UNSPECIFIED.);
#286=B_SPLINE_CURVE_WITH_KNOTS('',3,(#2821,#2822,#2823,#2824,#2825,#2826,
#2827,#2828,#2829,#2830,#2831,#2832,#2833,#2834,#2835,#2836,#2837),
 .UNSPECIFIED.,.F.,.F.,(4,1,1,1,1,1,1,1,1,1,1,1,1,1,4),(65.9734457253856,
66.2467758753659,66.7434280847072,67.2400802940486,67.7367325033899,68.2333847127313,
68.7300369220726,69.226689131414,69.7233413407553,70.2199935500966,70.716645759438,
71.2132979687793,71.7099501781207,72.206602387462,72.2566310325652),
 .UNSPECIFIED.);
#287=B_SPLINE_CURVE_WITH_KNOTS('',3,(#2838,#2839,#2840,#2841,#2842,#2843,
#2844,#2845,#2846,#2847,#2848,#2849,#2850,#2851,#2852,#2853),
 .UNSPECIFIED.,.F.,.F.,(4,1,1,1,1,1,1,1,1,1,1,1,1,4),(65.9734457253856,
66.4049032491527,66.901555458494,67.3982076678354,67.8948598771767,68.391512086518,
68.8881642958594,69.3848165052007,69.8814687145421,70.3781209238834,70.8747731332248,
71.3714253425661,71.8680775519074,72.2566310325652),.UNSPECIFIED.);
#288=B_SPLINE_CURVE_WITH_KNOTS('',3,(#2858,#2859,#2860,#2861,#2862,#2863,
#2864,#2865,#2866,#2867,#2868,#2869,#2870,#2871,#2872,#2873,#2874),
 .UNSPECIFIED.,.F.,.F.,(4,1,1,1,1,1,1,1,1,1,1,1,1,1,4),(59.690260418206,
59.7902971539285,60.2869493632698,60.7836015726111,61.2802537819525,61.7769059912938,
62.2735582006352,62.7702104099765,63.2668626193179,63.7635148286592,64.2601670380005,
64.7568192473419,65.2534714566832,65.7501236660246,65.9734457253856),
 .UNSPECIFIED.);
#289=B_SPLINE_CURVE_WITH_KNOTS('',3,(#2875,#2876,#2877,#2878,#2879,#2880,
#2881,#2882,#2883,#2884,#2885,#2886,#2887,#2888,#2889,#2890,#2891),
 .UNSPECIFIED.,.F.,.F.,(4,1,1,1,1,1,1,1,1,1,1,1,1,1,4),(59.690260418206,
59.9484245277152,60.4450767370566,60.9417289463979,61.4383811557393,61.9350333650806,
62.4316855744219,62.9283377837633,63.4249899931046,63.921642202446,64.4182944117873,
64.9149466211286,65.41159883047,65.9082510398113,65.9734457253856),
 .UNSPECIFIED.);
#290=B_SPLINE_CURVE_WITH_KNOTS('',3,(#2896,#2897,#2898,#2899,#2900,#2901,
#2902,#2903,#2904,#2905,#2906,#2907,#2908,#2909,#2910,#2911),
 .UNSPECIFIED.,.F.,.F.,(4,1,1,1,1,1,1,1,1,1,1,1,1,4),(53.4070751110264,
53.8304706418323,54.3271228511737,54.823775060515,55.3204272698564,55.8170794791977,
56.3137316885391,56.8103838978804,57.3070361072217,57.8036883165631,58.3003405259044,
58.7969927352458,59.2936449445871,59.690260418206),.UNSPECIFIED.);
#291=B_SPLINE_CURVE_WITH_KNOTS('',3,(#2912,#2913,#2914,#2915,#2916,#2917,
#2918,#2919,#2920,#2921,#2922,#2923,#2924,#2925,#2926,#2927,#2928),
 .UNSPECIFIED.,.F.,.F.,(4,1,1,1,1,1,1,1,1,1,1,1,1,1,4),(53.4070751110265,
53.4919458062778,53.9885980156191,54.4852502249605,54.9819024343018,55.4785546436432,
55.9752068529845,56.4718590623258,56.9685112716672,57.4651634810085,57.9618156903499,
58.4584678996912,58.9551201090325,59.4517723183739,59.690260418206),
 .UNSPECIFIED.);
#292=B_SPLINE_CURVE_WITH_KNOTS('',3,(#2933,#2934,#2935,#2936,#2937,#2938,
#2939,#2940,#2941,#2942,#2943,#2944,#2945,#2946,#2947,#2948,#2949),
 .UNSPECIFIED.,.F.,.F.,(4,1,1,1,1,1,1,1,1,1,1,1,1,1,4),(47.1238898038469,
47.3739919203949,47.8706441297362,48.3672963390776,48.8639485484189,49.3606007577603,
49.8572529671016,50.353905176443,50.8505573857843,51.3472095951256,51.843861804467,
52.3405140138083,52.8371662231497,53.333818432491,53.4070751110264),
 .UNSPECIFIED.);
#293=B_SPLINE_CURVE_WITH_KNOTS('',3,(#2950,#2951,#2952,#2953,#2954,#2955,
#2956,#2957,#2958,#2959,#2960,#2961,#2962,#2963,#2964,#2965),
 .UNSPECIFIED.,.F.,.F.,(4,1,1,1,1,1,1,1,1,1,1,1,1,4),(47.1238898038469,
47.5321192941817,48.028771503523,48.5254237128644,49.0220759222057,49.518728131547,
50.0153803408884,50.5120325502297,51.0086847595711,51.5053369689124,52.0019891782538,
52.4986413875951,52.9952935969364,53.4070751110265),.UNSPECIFIED.);
#294=B_SPLINE_CURVE_WITH_KNOTS('',3,(#2970,#2971,#2972,#2973,#2974,#2975,
#2976,#2977,#2978,#2979,#2980,#2981,#2982,#2983,#2984,#2985,#2986),
 .UNSPECIFIED.,.F.,.F.,(4,1,1,1,1,1,1,1,1,1,1,1,1,1,4),(40.8407044966673,
40.9175131989575,41.4141654082988,41.9108176176401,42.4074698269815,42.9041220363228,
43.4007742456642,43.8974264550055,44.3940786643468,44.8907308736882,45.3873830830295,
45.8840352923709,46.3806875017122,46.8773397110536,47.1238898038469),
 .UNSPECIFIED.);
#295=B_SPLINE_CURVE_WITH_KNOTS('',3,(#2987,#2988,#2989,#2990,#2991,#2992,
#2993,#2994,#2995,#2996,#2997,#2998,#2999,#3000,#3001,#3002,#3003),
 .UNSPECIFIED.,.F.,.F.,(4,1,1,1,1,1,1,1,1,1,1,1,1,1,4),(40.8407044966673,
41.0756405727442,41.5722927820856,42.0689449914269,42.5655972007683,43.0622494101096,
43.5589016194509,44.0555538287923,44.5522060381336,45.048858247475,45.5455104568163,
46.0421626661577,46.538814875499,47.0354670848403,47.1238898038469),
 .UNSPECIFIED.);
#296=B_SPLINE_CURVE_WITH_KNOTS('',3,(#3008,#3009,#3010,#3011,#3012,#3013,
#3014,#3015,#3016,#3017,#3018,#3019,#3020,#3021,#3022,#3023),
 .UNSPECIFIED.,.F.,.F.,(4,1,1,1,1,1,1,1,1,1,1,1,1,4),(34.5575191894877,
34.9576866868613,35.4543388962027,35.950991105544,36.4476433148854,36.9442955242267,
37.4409477335681,37.9375999429094,38.4342521522507,38.9309043615921,39.4275565709334,
39.9242087802748,40.4208609896161,40.8407044966673),.UNSPECIFIED.);
#297=B_SPLINE_CURVE_WITH_KNOTS('',3,(#3024,#3025,#3026,#3027,#3028,#3029,
#3030,#3031,#3032,#3033,#3034,#3035,#3036,#3037,#3038,#3039,#3040),
 .UNSPECIFIED.,.F.,.F.,(4,1,1,1,1,1,1,1,1,1,1,1,1,1,4),(34.5575191894877,
34.6191618513068,35.1158140606481,35.6124662699895,36.1091184793308,36.6057706886721,
37.1024228980135,37.5990751073548,38.0957273166962,38.5923795260375,39.0890317353789,
39.5856839447202,40.0823361540615,40.5789883634029,40.8407044966673),
 .UNSPECIFIED.);
#298=B_SPLINE_CURVE_WITH_KNOTS('',3,(#3045,#3046,#3047,#3048,#3049,#3050,
#3051,#3052,#3053,#3054,#3055,#3056,#3057,#3058,#3059,#3060,#3061),
 .UNSPECIFIED.,.F.,.F.,(4,1,1,1,1,1,1,1,1,1,1,1,1,1,4),(28.2743338823081,
28.5012079654239,28.9978601747652,29.4945123841066,29.9911645934479,30.4878168027893,
30.9844690121306,31.4811212214719,31.9777734308133,32.4744256401546,32.971077849496,
33.4677300588373,33.9643822681787,34.46103447752,34.5575191894877),
 .UNSPECIFIED.);
#299=B_SPLINE_CURVE_WITH_KNOTS('',3,(#3062,#3063,#3064,#3065,#3066,#3067,
#3068,#3069,#3070,#3071,#3072,#3073,#3074,#3075,#3076,#3077),
 .UNSPECIFIED.,.F.,.F.,(4,1,1,1,1,1,1,1,1,1,1,1,1,4),(28.2743338823081,
28.6593353392107,29.155987548552,29.6526397578934,30.1492919672347,30.645944176576,
31.1425963859174,31.6392485952587,32.1359008046001,32.6325530139414,33.1292052232828,
33.6258574326241,34.1225096419654,34.5575191894877),.UNSPECIFIED.);
#300=B_SPLINE_CURVE_WITH_KNOTS('',3,(#3082,#3083,#3084,#3085,#3086,#3087,
#3088,#3089,#3090,#3091,#3092,#3093,#3094,#3095,#3096,#3097,#3098),
 .UNSPECIFIED.,.F.,.F.,(4,1,1,1,1,1,1,1,1,1,1,1,1,1,4),(21.9911485751285,
22.0447292439864,22.5413814533278,23.0380336626691,23.5346858720105,24.0313380813518,
24.5279902906932,25.0246425000345,25.5212947093758,26.0179469187172,26.5145991280585,
27.0112513373999,27.5079035467412,28.0045557560826,28.2743338823081),
 .UNSPECIFIED.);
#301=B_SPLINE_CURVE_WITH_KNOTS('',3,(#3099,#3100,#3101,#3102,#3103,#3104,
#3105,#3106,#3107,#3108,#3109,#3110,#3111,#3112,#3113,#3114,#3115),
 .UNSPECIFIED.,.F.,.F.,(4,1,1,1,1,1,1,1,1,1,1,1,1,1,4),(21.9911485751285,
22.2028566177732,22.6995088271146,23.1961610364559,23.6928132457972,24.1894654551386,
24.6861176644799,25.1827698738213,25.6794220831626,26.176074292504,26.6727265018453,
27.1693787111866,27.666030920528,28.1626831298693,28.2743338823081),
 .UNSPECIFIED.);
#302=B_SPLINE_CURVE_WITH_KNOTS('',3,(#3120,#3121,#3122,#3123,#3124,#3125,
#3126,#3127,#3128,#3129,#3130,#3131,#3132,#3133,#3134,#3135),
 .UNSPECIFIED.,.F.,.F.,(4,1,1,1,1,1,1,1,1,1,1,1,1,4),(15.7079632679489,
16.0849027318903,16.5815549412317,17.078207150573,17.5748593599144,18.0715115692557,
18.568163778597,19.0648159879384,19.5614681972797,20.0581204066211,20.5547726159624,
21.0514248253038,21.5480770346451,21.9911485751285),.UNSPECIFIED.);
#303=B_SPLINE_CURVE_WITH_KNOTS('',3,(#3136,#3137,#3138,#3139,#3140,#3141,
#3142,#3143,#3144,#3145,#3146,#3147,#3148,#3149,#3150,#3151,#3152),
 .UNSPECIFIED.,.F.,.F.,(4,1,1,1,1,1,1,1,1,1,1,1,1,1,4),(15.7079632679489,
15.7463778963358,16.2430301056771,16.7396823150185,17.2363345243598,17.7329867337011,
18.2296389430425,18.7262911523838,19.2229433617252,19.7195955710665,20.2162477804079,
20.7128999897492,21.2095521990905,21.7062044084319,21.9911485751285),
 .UNSPECIFIED.);
#304=B_SPLINE_CURVE_WITH_KNOTS('',3,(#3167,#3168,#3169,#3170,#3171,#3172,
#3173,#3174,#3175,#3176,#3177,#3178,#3179,#3180,#3181,#3182,#3183,#3184,
#3185,#3186,#3187,#3188,#3189,#3190,#3191,#3192,#3193,#3194,#3195,#3196,
#3197,#3198,#3199,#3200,#3201,#3202,#3203,#3204,#3205,#3206,#3207,#3208,
#3209,#3210,#3211,#3212,#3213,#3214,#3215,#3216,#3217,#3218,#3219,#3220,
#3221,#3222,#3223,#3224,#3225,#3226,#3227,#3228,#3229,#3230,#3231,#3232,
#3233,#3234,#3235,#3236,#3237,#3238,#3239,#3240,#3241,#3242,#3243,#3244,
#3245,#3246,#3247,#3248,#3249,#3250,#3251,#3252,#3253,#3254,#3255,#3256,
#3257,#3258,#3259,#3260,#3261,#3262,#3263,#3264,#3265,#3266,#3267,#3268,
#3269,#3270,#3271,#3272,#3273,#3274,#3275,#3276,#3277,#3278,#3279,#3280,
#3281,#3282,#3283,#3284,#3285,#3286,#3287,#3288,#3289,#3290,#3291,#3292,
#3293,#3294,#3295,#3296,#3297,#3298,#3299,#3300,#3301,#3302),
 .UNSPECIFIED.,.F.,.F.,(4,3,3,3,3,3,3,3,3,3,3,3,3,3,3,3,3,3,3,3,3,3,3,3,
3,3,3,3,3,3,3,3,3,3,3,3,3,3,3,3,3,3,3,3,3,4),(-3.36794535108655,-3.2594753579243,
-3.21519808683318,-3.10669535281489,-3.01866398183207,-2.9758054343247,
-2.94959662411945,-2.93690069754721,-2.82888152974395,-2.72064689065955,
-2.61294195722999,-2.56031756416057,-2.51901050611716,-2.50426075798667,
-2.40244438495232,-2.29523551490135,-2.18728902995218,-2.0792197332886,
-1.97166493165046,-1.9245669007336,-1.87882718850409,-1.86798252979238,
-1.76063394828448,-1.65330423853857,-1.59488068431558,-1.48742312225905,
-1.37996942745834,-1.30671078667175,-1.27466013132761,-1.2485724290295,
-1.23802561135513,-1.12699428380774,-1.01998405482202,-0.913240702794092,
-0.807561064122474,-0.793900301165571,-0.694662763519874,-0.651246340799882,
-0.627450342977963,-0.614617605079996,-0.509224311388532,-0.402964716149237,
-0.296547310429309,-0.190670935880815,-0.08644470250159,0.),
 .UNSPECIFIED.);
#305=B_SPLINE_CURVE_WITH_KNOTS('',3,(#3304,#3305,#3306,#3307,#3308,#3309,
#3310,#3311,#3312,#3313,#3314,#3315,#3316,#3317,#3318,#3319,#3320,#3321,
#3322,#3323,#3324,#3325,#3326,#3327,#3328,#3329,#3330,#3331,#3332,#3333,
#3334,#3335,#3336,#3337,#3338,#3339,#3340,#3341,#3342,#3343,#3344,#3345,
#3346,#3347,#3348,#3349,#3350,#3351,#3352,#3353,#3354,#3355,#3356,#3357,
#3358,#3359,#3360,#3361,#3362,#3363,#3364,#3365,#3366,#3367,#3368,#3369,
#3370,#3371,#3372,#3373,#3374,#3375,#3376,#3377,#3378,#3379,#3380,#3381,
#3382,#3383,#3384,#3385,#3386,#3387,#3388,#3389,#3390,#3391,#3392,#3393,
#3394,#3395,#3396,#3397,#3398,#3399,#3400,#3401,#3402,#3403,#3404,#3405,
#3406,#3407,#3408,#3409,#3410,#3411,#3412,#3413,#3414,#3415,#3416,#3417,
#3418,#3419,#3420,#3421,#3422,#3423,#3424,#3425,#3426,#3427,#3428,#3429,
#3430,#3431,#3432,#3433,#3434,#3435,#3436,#3437,#3438,#3439,#3440,#3441,
#3442,#3443,#3444,#3445),.UNSPECIFIED.,.F.,.F.,(4,3,3,3,3,3,3,3,3,3,3,3,
3,3,3,3,3,3,3,3,3,3,3,3,3,3,3,3,3,3,3,3,3,3,3,3,3,3,3,3,3,3,3,3,3,3,3,4),
(-3.37044690712393,-3.26419828495479,-3.2225997490126,-3.11673551316573,
-3.03064874881124,-2.98714791380724,-2.96416341415499,-2.94526549288562,
-2.83915730254059,-2.73248359400177,-2.62614787692029,-2.57662125727266,
-2.55174067060264,-2.53642372141339,-2.52531167220454,-2.42804139832977,
-2.32206943638312,-2.21515770144537,-2.10786712527121,-2.00082950582161,
-1.95388830794535,-1.9303150806685,-1.91043383174083,-1.901247559708,-1.79383235951349,
-1.6860708244791,-1.62529992281151,-1.51780656081357,-1.41005107668049,
-1.33576740627611,-1.30326830047419,-1.27727052807516,-1.26639386239726,
-1.15374082515931,-1.04543585084435,-0.93716988286402,-0.82971842619869,
-0.81578171344547,-0.713808999264786,-0.669195936810737,-0.644130443342462,
-0.633311555443452,-0.526091222383316,-0.417786189992907,-0.308905565345144,
-0.200351946129612,-0.0932312521930837,0.),.UNSPECIFIED.);
#306=B_SPLINE_CURVE_WITH_KNOTS('',3,(#4265,#4266,#4267,#4268,#4269,#4270,
#4271,#4272,#4273,#4274,#4275,#4276,#4277,#4278,#4279,#4280,#4281,#4282,
#4283,#4284,#4285,#4286,#4287,#4288,#4289,#4290,#4291,#4292,#4293,#4294,
#4295,#4296,#4297,#4298),.UNSPECIFIED.,.F.,.F.,(4,3,3,3,3,3,3,3,3,3,3,4),
(70.2432215835291,70.5246137264706,71.0212659358119,71.5179181451533,72.0145703544946,
72.511222563836,73.0078747731773,73.5045269825187,74.00117919186,74.4978314012013,
74.9944836105427,75.3982236861548),.UNSPECIFIED.);
#307=B_SPLINE_CURVE_WITH_KNOTS('',3,(#4300,#4301,#4302,#4303,#4304,#4305,
#4306,#4307,#4308,#4309,#4310,#4311,#4312,#4313,#4314,#4315,#4316,#4317,
#4318,#4319,#4320,#4321,#4322,#4323,#4324,#4325,#4326,#4327,#4328,#4329,
#4330,#4331,#4332,#4333,#4334,#4335,#4336,#4337,#4338,#4339,#4340,#4341,
#4342,#4343,#4344,#4345,#4346,#4347,#4348,#4349,#4350,#4351,#4352,#4353,
#4354,#4355,#4356,#4357,#4358,#4359,#4360,#4361,#4362,#4363,#4364,#4365,
#4366,#4367,#4368,#4369,#4370,#4371,#4372,#4373,#4374,#4375,#4376,#4377,
#4378,#4379,#4380,#4381,#4382,#4383,#4384,#4385,#4386,#4387,#4388,#4389,
#4390,#4391,#4392,#4393,#4394,#4395,#4396,#4397,#4398,#4399,#4400,#4401,
#4402,#4403,#4404,#4405,#4406,#4407,#4408,#4409,#4410,#4411,#4412,#4413,
#4414,#4415,#4416,#4417,#4418,#4419,#4420,#4421,#4422,#4423,#4424,#4425,
#4426,#4427,#4428,#4429,#4430,#4431,#4432),.UNSPECIFIED.,.F.,.F.,(4,3,3,
3,3,3,3,3,3,3,3,3,3,3,3,3,3,3,3,3,3,3,3,3,3,3,3,3,3,3,3,3,3,3,3,3,3,3,3,
3,3,3,3,3,4),(0.,0.106317457000439,0.147858171053907,0.253351054404195,
0.359636999525431,0.466127982758219,0.57218857795218,0.59965088925123,0.614241002151058,
0.629083530987515,0.73569539511301,0.842678680813518,0.943386185722914,
1.05021667453322,1.15713365764427,1.23068779148042,1.24462301410579,1.25487655661194,
1.3612403803097,1.46873917502647,1.57626790991798,1.68294811112529,1.74556672833352,
1.84661239282429,1.8718595667376,1.88515612165508,1.99148758061003,2.09894507301501,
2.20699214629047,2.31475795631917,2.42175153833882,2.48784179129928,2.50410465586927,
2.51999476900003,2.55393204425974,2.66116341229652,2.76922033084515,2.87752457707537,
2.91890726461983,2.93880371679126,2.95171909019802,3.06032183438766,3.16898298324121,
3.27676409282221,3.36794535108652),.UNSPECIFIED.);
#308=B_SPLINE_CURVE_WITH_KNOTS('',3,(#4433,#4434,#4435,#4436,#4437,#4438,
#4439,#4440,#4441,#4442,#4443,#4444,#4445,#4446),.UNSPECIFIED.,.F.,.F.,
(4,1,1,1,1,1,1,1,1,1,1,4),(10.3761157273102,10.7798558029223,11.2765080122637,
11.773160221605,12.2698124309464,12.7664646402877,13.2631168496291,13.7597690589704,
14.2564212683117,14.7530734776531,15.2497256869944,15.7079632679489),
 .UNSPECIFIED.);
#309=B_SPLINE_CURVE_WITH_KNOTS('',3,(#4450,#4451,#4452,#4453,#4454,#4455,
#4456,#4457,#4458,#4459,#4460,#4461),.UNSPECIFIED.,.F.,.F.,(4,1,1,1,1,1,
1,1,1,4),(11.6150328478183,12.1116850571596,12.6083372665009,13.1049894758423,
13.6016416851836,14.098293894525,14.5949461038663,15.0915983132077,15.588250522549,
15.7079632679489),.UNSPECIFIED.);
#310=B_SPLINE_CURVE_WITH_KNOTS('',3,(#5098,#5099,#5100,#5101,#5102,#5103,
#5104,#5105,#5106,#5107,#5108,#5109,#5110,#5111,#5112,#5113,#5114,#5115,
#5116,#5117,#5118,#5119,#5120,#5121,#5122,#5123,#5124,#5125,#5126,#5127,
#5128,#5129,#5130,#5131,#5132,#5133,#5134,#5135,#5136,#5137,#5138,#5139,
#5140,#5141,#5142,#5143,#5144,#5145,#5146,#5147,#5148,#5149,#5150,#5151,
#5152,#5153,#5154,#5155,#5156,#5157,#5158,#5159,#5160,#5161,#5162,#5163,
#5164,#5165,#5166,#5167,#5168,#5169,#5170,#5171,#5172,#5173,#5174,#5175,
#5176,#5177,#5178,#5179,#5180,#5181,#5182,#5183,#5184,#5185,#5186,#5187,
#5188,#5189,#5190,#5191,#5192,#5193,#5194,#5195,#5196,#5197,#5198,#5199,
#5200,#5201,#5202,#5203,#5204,#5205,#5206,#5207,#5208,#5209,#5210,#5211,
#5212,#5213,#5214,#5215,#5216,#5217,#5218,#5219,#5220,#5221,#5222,#5223,
#5224,#5225,#5226,#5227),.UNSPECIFIED.,.F.,.F.,(4,3,3,3,3,3,3,3,3,3,3,3,
3,3,3,3,3,3,3,3,3,3,3,3,3,3,3,3,3,3,3,3,3,3,3,3,3,3,3,3,3,3,3,4),(0.,0.10869705731975,
0.152963242627239,0.261203411360451,0.370023790088888,0.478789104466655,
0.58686789909012,0.637223742116176,0.647505218729456,0.755620825449625,
0.86373174327706,0.967884272585502,1.07617625403075,1.18428949555954,1.25826544770868,
1.27203087187903,1.28308851353739,1.3901251387182,1.4979328076916,1.60554421285141,
1.71201774289809,1.77609711275271,1.87622857052862,1.90075498851206,1.9154078133824,
2.02147564111698,2.12846567365366,2.24063644898025,2.34725340676303,2.45290903643227,
2.51502890569615,2.53313419444907,2.54427128159938,2.57714877496003,2.68316146742008,
2.78976901459692,2.89635043947708,2.93534772831787,2.95381593948326,2.96660510805601,
3.07290645426094,3.17903427587293,3.28398779741325,3.37044690712386),
 .UNSPECIFIED.);
#311=B_SPLINE_CURVE_WITH_KNOTS('',3,(#5228,#5229,#5230,#5231,#5232,#5233,
#5234,#5235,#5236,#5237,#5238,#5239,#5240,#5241,#5242,#5243,#5244,#5245,
#5246,#5247,#5248,#5249,#5250,#5251,#5252,#5253,#5254,#5255),
 .UNSPECIFIED.,.F.,.F.,(4,3,3,3,3,3,3,3,3,4),(-77.4777446572494,-76.9810924479081,
-76.4844402385667,-75.9877880292254,-75.491135819884,-74.9944836105427,
-74.4978314012013,-74.00117919186,-73.5045269825187,-73.2079687991061),
 .UNSPECIFIED.);
#312=LINE('',#1726,#418);
#313=LINE('',#1759,#419);
#314=LINE('',#1843,#420);
#315=LINE('',#1933,#421);
#316=LINE('',#2023,#422);
#317=LINE('',#2107,#423);
#318=LINE('',#2197,#424);
#319=LINE('',#2287,#425);
#320=LINE('',#2371,#426);
#321=LINE('',#2461,#427);
#322=LINE('',#2551,#428);
#323=LINE('',#2635,#429);
#324=LINE('',#2725,#430);
#325=LINE('',#2745,#431);
#326=LINE('',#2783,#432);
#327=LINE('',#2820,#433);
#328=LINE('',#2857,#434);
#329=LINE('',#2895,#435);
#330=LINE('',#2932,#436);
#331=LINE('',#2969,#437);
#332=LINE('',#3007,#438);
#333=LINE('',#3044,#439);
#334=LINE('',#3081,#440);
#335=LINE('',#3119,#441);
#336=LINE('',#3164,#442);
#337=LINE('',#3449,#443);
#338=LINE('',#3451,#444);
#339=LINE('',#3453,#445);
#340=LINE('',#3455,#446);
#341=LINE('',#3457,#447);
#342=LINE('',#3458,#448);
#343=LINE('',#3461,#449);
#344=LINE('',#3463,#450);
#345=LINE('',#3465,#451);
#346=LINE('',#3467,#452);
#347=LINE('',#3469,#453);
#348=LINE('',#3470,#454);
#349=LINE('',#3473,#455);
#350=LINE('',#3475,#456);
#351=LINE('',#3477,#457);
#352=LINE('',#3479,#458);
#353=LINE('',#3481,#459);
#354=LINE('',#3482,#460);
#355=LINE('',#3485,#461);
#356=LINE('',#3487,#462);
#357=LINE('',#3489,#463);
#358=LINE('',#3491,#464);
#359=LINE('',#3493,#465);
#360=LINE('',#3494,#466);
#361=LINE('',#3498,#467);
#362=LINE('',#3512,#468);
#363=LINE('',#3514,#469);
#364=LINE('',#3515,#470);
#365=LINE('',#3518,#471);
#366=LINE('',#3519,#472);
#367=LINE('',#3522,#473);
#368=LINE('',#3523,#474);
#369=LINE('',#3526,#475);
#370=LINE('',#3527,#476);
#371=LINE('',#3530,#477);
#372=LINE('',#3531,#478);
#373=LINE('',#3533,#479);
#374=LINE('',#3539,#480);
#375=LINE('',#3541,#481);
#376=LINE('',#3542,#482);
#377=LINE('',#3545,#483);
#378=LINE('',#3546,#484);
#379=LINE('',#3549,#485);
#380=LINE('',#3550,#486);
#381=LINE('',#3553,#487);
#382=LINE('',#3554,#488);
#383=LINE('',#3557,#489);
#384=LINE('',#3558,#490);
#385=LINE('',#3560,#491);
#386=LINE('',#3566,#492);
#387=LINE('',#3568,#493);
#388=LINE('',#3569,#494);
#389=LINE('',#3572,#495);
#390=LINE('',#3573,#496);
#391=LINE('',#3576,#497);
#392=LINE('',#3577,#498);
#393=LINE('',#3580,#499);
#394=LINE('',#3581,#500);
#395=LINE('',#3584,#501);
#396=LINE('',#3585,#502);
#397=LINE('',#3587,#503);
#398=LINE('',#3593,#504);
#399=LINE('',#3595,#505);
#400=LINE('',#3596,#506);
#401=LINE('',#3599,#507);
#402=LINE('',#3600,#508);
#403=LINE('',#3603,#509);
#404=LINE('',#3604,#510);
#405=LINE('',#3607,#511);
#406=LINE('',#3608,#512);
#407=LINE('',#3611,#513);
#408=LINE('',#3612,#514);
#409=LINE('',#3614,#515);
#410=LINE('',#3622,#516);
#411=LINE('',#3628,#517);
#412=LINE('',#5257,#518);
#413=LINE('',#5259,#519);
#414=LINE('',#5261,#520);
#415=LINE('',#5263,#521);
#416=LINE('',#5266,#522);
#417=LINE('',#5276,#523);
#418=VECTOR('',#1428,17.4999999999998);
#419=VECTOR('',#1433,17.4999999999998);
#420=VECTOR('',#1436,17.4999999999998);
#421=VECTOR('',#1439,17.4999999999998);
#422=VECTOR('',#1442,17.4999999999998);
#423=VECTOR('',#1445,17.4999999999998);
#424=VECTOR('',#1448,17.4999999999998);
#425=VECTOR('',#1451,17.4999999999998);
#426=VECTOR('',#1454,17.4999999999998);
#427=VECTOR('',#1457,17.4999999999998);
#428=VECTOR('',#1460,17.4999999999998);
#429=VECTOR('',#1463,17.4999999999998);
#430=VECTOR('',#1466,15.86875);
#431=VECTOR('',#1471,15.86875);
#432=VECTOR('',#1474,15.86875);
#433=VECTOR('',#1477,15.86875);
#434=VECTOR('',#1480,15.86875);
#435=VECTOR('',#1483,15.86875);
#436=VECTOR('',#1486,15.86875);
#437=VECTOR('',#1489,15.86875);
#438=VECTOR('',#1492,15.86875);
#439=VECTOR('',#1495,15.86875);
#440=VECTOR('',#1498,15.86875);
#441=VECTOR('',#1501,15.86875);
#442=VECTOR('',#1516,40.);
#443=VECTOR('',#1521,10.);
#444=VECTOR('',#1522,10.);
#445=VECTOR('',#1523,10.);
#446=VECTOR('',#1524,10.);
#447=VECTOR('',#1525,10.);
#448=VECTOR('',#1526,10.);
#449=VECTOR('',#1527,10.);
#450=VECTOR('',#1528,10.);
#451=VECTOR('',#1529,10.);
#452=VECTOR('',#1530,10.);
#453=VECTOR('',#1531,10.);
#454=VECTOR('',#1532,10.);
#455=VECTOR('',#1533,10.);
#456=VECTOR('',#1534,10.);
#457=VECTOR('',#1535,10.);
#458=VECTOR('',#1536,10.);
#459=VECTOR('',#1537,10.);
#460=VECTOR('',#1538,10.);
#461=VECTOR('',#1539,10.);
#462=VECTOR('',#1540,10.);
#463=VECTOR('',#1541,10.);
#464=VECTOR('',#1542,10.);
#465=VECTOR('',#1543,10.);
#466=VECTOR('',#1544,10.);
#467=VECTOR('',#1549,39.5);
#468=VECTOR('',#1564,10.);
#469=VECTOR('',#1565,10.);
#470=VECTOR('',#1566,10.);
#471=VECTOR('',#1569,10.);
#472=VECTOR('',#1570,10.);
#473=VECTOR('',#1573,10.);
#474=VECTOR('',#1574,10.);
#475=VECTOR('',#1577,10.);
#476=VECTOR('',#1578,10.);
#477=VECTOR('',#1581,10.);
#478=VECTOR('',#1582,10.);
#479=VECTOR('',#1585,10.);
#480=VECTOR('',#1592,10.);
#481=VECTOR('',#1593,10.);
#482=VECTOR('',#1594,10.);
#483=VECTOR('',#1597,10.);
#484=VECTOR('',#1598,10.);
#485=VECTOR('',#1601,10.);
#486=VECTOR('',#1602,10.);
#487=VECTOR('',#1605,10.);
#488=VECTOR('',#1606,10.);
#489=VECTOR('',#1609,10.);
#490=VECTOR('',#1610,10.);
#491=VECTOR('',#1613,10.);
#492=VECTOR('',#1620,10.);
#493=VECTOR('',#1621,10.);
#494=VECTOR('',#1622,10.);
#495=VECTOR('',#1625,10.);
#496=VECTOR('',#1626,10.);
#497=VECTOR('',#1629,10.);
#498=VECTOR('',#1630,10.);
#499=VECTOR('',#1633,10.);
#500=VECTOR('',#1634,10.);
#501=VECTOR('',#1637,10.);
#502=VECTOR('',#1638,10.);
#503=VECTOR('',#1641,10.);
#504=VECTOR('',#1648,10.);
#505=VECTOR('',#1649,10.);
#506=VECTOR('',#1650,10.);
#507=VECTOR('',#1653,10.);
#508=VECTOR('',#1654,10.);
#509=VECTOR('',#1657,10.);
#510=VECTOR('',#1658,10.);
#511=VECTOR('',#1661,10.);
#512=VECTOR('',#1662,10.);
#513=VECTOR('',#1665,10.);
#514=VECTOR('',#1666,10.);
#515=VECTOR('',#1669,10.);
#516=VECTOR('',#1678,19.7);
#517=VECTOR('',#1687,20.);
#518=VECTOR('',#1694,2.1);
#519=VECTOR('',#1697,2.1);
#520=VECTOR('',#1700,2.1);
#521=VECTOR('',#1703,2.1);
#522=VECTOR('',#1706,18.);
#523=VECTOR('',#1721,13.);
#524=VERTEX_POINT('',#1724);
#525=VERTEX_POINT('',#1725);
#526=VERTEX_POINT('',#1727);
#527=VERTEX_POINT('',#1744);
#528=VERTEX_POINT('',#1757);
#529=VERTEX_POINT('',#1758);
#530=VERTEX_POINT('',#1841);
#531=VERTEX_POINT('',#1842);
#532=VERTEX_POINT('',#1931);
#533=VERTEX_POINT('',#1932);
#534=VERTEX_POINT('',#2021);
#535=VERTEX_POINT('',#2022);
#536=VERTEX_POINT('',#2105);
#537=VERTEX_POINT('',#2106);
#538=VERTEX_POINT('',#2195);
#539=VERTEX_POINT('',#2196);
#540=VERTEX_POINT('',#2285);
#541=VERTEX_POINT('',#2286);
#542=VERTEX_POINT('',#2369);
#543=VERTEX_POINT('',#2370);
#544=VERTEX_POINT('',#2459);
#545=VERTEX_POINT('',#2460);
#546=VERTEX_POINT('',#2549);
#547=VERTEX_POINT('',#2550);
#548=VERTEX_POINT('',#2633);
#549=VERTEX_POINT('',#2634);
#550=VERTEX_POINT('',#2723);
#551=VERTEX_POINT('',#2724);
#552=VERTEX_POINT('',#2726);
#553=VERTEX_POINT('',#2735);
#554=VERTEX_POINT('',#2743);
#555=VERTEX_POINT('',#2744);
#556=VERTEX_POINT('',#2781);
#557=VERTEX_POINT('',#2782);
#558=VERTEX_POINT('',#2818);
#559=VERTEX_POINT('',#2819);
#560=VERTEX_POINT('',#2855);
#561=VERTEX_POINT('',#2856);
#562=VERTEX_POINT('',#2893);
#563=VERTEX_POINT('',#2894);
#564=VERTEX_POINT('',#2930);
#565=VERTEX_POINT('',#2931);
#566=VERTEX_POINT('',#2967);
#567=VERTEX_POINT('',#2968);
#568=VERTEX_POINT('',#3005);
#569=VERTEX_POINT('',#3006);
#570=VERTEX_POINT('',#3042);
#571=VERTEX_POINT('',#3043);
#572=VERTEX_POINT('',#3079);
#573=VERTEX_POINT('',#3080);
#574=VERTEX_POINT('',#3117);
#575=VERTEX_POINT('',#3118);
#576=VERTEX_POINT('',#3154);
#577=VERTEX_POINT('',#3156);
#578=VERTEX_POINT('',#3160);
#579=VERTEX_POINT('',#3161);
#580=VERTEX_POINT('',#3166);
#581=VERTEX_POINT('',#3303);
#582=VERTEX_POINT('',#3447);
#583=VERTEX_POINT('',#3448);
#584=VERTEX_POINT('',#3450);
#585=VERTEX_POINT('',#3452);
#586=VERTEX_POINT('',#3454);
#587=VERTEX_POINT('',#3456);
#588=VERTEX_POINT('',#3459);
#589=VERTEX_POINT('',#3460);
#590=VERTEX_POINT('',#3462);
#591=VERTEX_POINT('',#3464);
#592=VERTEX_POINT('',#3466);
#593=VERTEX_POINT('',#3468);
#594=VERTEX_POINT('',#3471);
#595=VERTEX_POINT('',#3472);
#596=VERTEX_POINT('',#3474);
#597=VERTEX_POINT('',#3476);
#598=VERTEX_POINT('',#3478);
#599=VERTEX_POINT('',#3480);
#600=VERTEX_POINT('',#3483);
#601=VERTEX_POINT('',#3484);
#602=VERTEX_POINT('',#3486);
#603=VERTEX_POINT('',#3488);
#604=VERTEX_POINT('',#3490);
#605=VERTEX_POINT('',#3492);
#606=VERTEX_POINT('',#3496);
#607=VERTEX_POINT('',#3500);
#608=VERTEX_POINT('',#3502);
#609=VERTEX_POINT('',#3504);
#610=VERTEX_POINT('',#3506);
#611=VERTEX_POINT('',#3508);
#612=VERTEX_POINT('',#3511);
#613=VERTEX_POINT('',#3513);
#614=VERTEX_POINT('',#3517);
#615=VERTEX_POINT('',#3521);
#616=VERTEX_POINT('',#3525);
#617=VERTEX_POINT('',#3529);
#618=VERTEX_POINT('',#3535);
#619=VERTEX_POINT('',#3538);
#620=VERTEX_POINT('',#3540);
#621=VERTEX_POINT('',#3544);
#622=VERTEX_POINT('',#3548);
#623=VERTEX_POINT('',#3552);
#624=VERTEX_POINT('',#3556);
#625=VERTEX_POINT('',#3562);
#626=VERTEX_POINT('',#3565);
#627=VERTEX_POINT('',#3567);
#628=VERTEX_POINT('',#3571);
#629=VERTEX_POINT('',#3575);
#630=VERTEX_POINT('',#3579);
#631=VERTEX_POINT('',#3583);
#632=VERTEX_POINT('',#3589);
#633=VERTEX_POINT('',#3592);
#634=VERTEX_POINT('',#3594);
#635=VERTEX_POINT('',#3598);
#636=VERTEX_POINT('',#3602);
#637=VERTEX_POINT('',#3606);
#638=VERTEX_POINT('',#3610);
#639=VERTEX_POINT('',#3616);
#640=VERTEX_POINT('',#3619);
#641=VERTEX_POINT('',#3621);
#642=VERTEX_POINT('',#3625);
#643=VERTEX_POINT('',#4299);
#644=VERTEX_POINT('',#4448);
#645=VERTEX_POINT('',#5265);
#646=VERTEX_POINT('',#5269);
#647=VERTEX_POINT('',#5272);
#648=EDGE_CURVE('',#524,#525,#312,.T.);
#649=EDGE_CURVE('',#524,#526,#256,.T.);
#650=EDGE_CURVE('',#526,#527,#231,.T.);
#651=EDGE_CURVE('',#527,#525,#257,.T.);
#652=EDGE_CURVE('',#528,#529,#313,.T.);
#653=EDGE_CURVE('',#528,#524,#258,.T.);
#654=EDGE_CURVE('',#525,#529,#259,.T.);
#655=EDGE_CURVE('',#530,#531,#314,.T.);
#656=EDGE_CURVE('',#530,#528,#260,.T.);
#657=EDGE_CURVE('',#529,#531,#261,.T.);
#658=EDGE_CURVE('',#532,#533,#315,.T.);
#659=EDGE_CURVE('',#532,#530,#262,.T.);
#660=EDGE_CURVE('',#531,#533,#263,.T.);
#661=EDGE_CURVE('',#534,#535,#316,.T.);
#662=EDGE_CURVE('',#534,#532,#264,.T.);
#663=EDGE_CURVE('',#533,#535,#265,.T.);
#664=EDGE_CURVE('',#536,#537,#317,.T.);
#665=EDGE_CURVE('',#536,#534,#266,.T.);
#666=EDGE_CURVE('',#535,#537,#267,.T.);
#667=EDGE_CURVE('',#538,#539,#318,.T.);
#668=EDGE_CURVE('',#538,#536,#268,.T.);
#669=EDGE_CURVE('',#537,#539,#269,.T.);
#670=EDGE_CURVE('',#540,#541,#319,.T.);
#671=EDGE_CURVE('',#540,#538,#270,.T.);
#672=EDGE_CURVE('',#539,#541,#271,.T.);
#673=EDGE_CURVE('',#542,#543,#320,.T.);
#674=EDGE_CURVE('',#542,#540,#272,.T.);
#675=EDGE_CURVE('',#541,#543,#273,.T.);
#676=EDGE_CURVE('',#544,#545,#321,.T.);
#677=EDGE_CURVE('',#544,#542,#274,.T.);
#678=EDGE_CURVE('',#543,#545,#275,.T.);
#679=EDGE_CURVE('',#546,#547,#322,.T.);
#680=EDGE_CURVE('',#546,#544,#276,.T.);
#681=EDGE_CURVE('',#545,#547,#277,.T.);
#682=EDGE_CURVE('',#548,#549,#323,.T.);
#683=EDGE_CURVE('',#548,#546,#278,.T.);
#684=EDGE_CURVE('',#547,#549,#279,.T.);
#685=EDGE_CURVE('',#550,#551,#324,.T.);
#686=EDGE_CURVE('',#550,#552,#280,.T.);
#687=EDGE_CURVE('',#553,#552,#232,.T.);
#688=EDGE_CURVE('',#551,#553,#281,.T.);
#689=EDGE_CURVE('',#554,#555,#325,.T.);
#690=EDGE_CURVE('',#554,#550,#282,.T.);
#691=EDGE_CURVE('',#555,#551,#283,.T.);
#692=EDGE_CURVE('',#556,#557,#326,.T.);
#693=EDGE_CURVE('',#556,#554,#284,.T.);
#694=EDGE_CURVE('',#557,#555,#285,.T.);
#695=EDGE_CURVE('',#558,#559,#327,.T.);
#696=EDGE_CURVE('',#558,#556,#286,.T.);
#697=EDGE_CURVE('',#559,#557,#287,.T.);
#698=EDGE_CURVE('',#560,#561,#328,.T.);
#699=EDGE_CURVE('',#560,#558,#288,.T.);
#700=EDGE_CURVE('',#561,#559,#289,.T.);
#701=EDGE_CURVE('',#562,#563,#329,.T.);
#702=EDGE_CURVE('',#562,#560,#290,.T.);
#703=EDGE_CURVE('',#563,#561,#291,.T.);
#704=EDGE_CURVE('',#564,#565,#330,.T.);
#705=EDGE_CURVE('',#564,#562,#292,.T.);
#706=EDGE_CURVE('',#565,#563,#293,.T.);
#707=EDGE_CURVE('',#566,#567,#331,.T.);
#708=EDGE_CURVE('',#566,#564,#294,.T.);
#709=EDGE_CURVE('',#567,#565,#295,.T.);
#710=EDGE_CURVE('',#568,#569,#332,.T.);
#711=EDGE_CURVE('',#568,#566,#296,.T.);
#712=EDGE_CURVE('',#569,#567,#297,.T.);
#713=EDGE_CURVE('',#570,#571,#333,.T.);
#714=EDGE_CURVE('',#570,#568,#298,.T.);
#715=EDGE_CURVE('',#571,#569,#299,.T.);
#716=EDGE_CURVE('',#572,#573,#334,.T.);
#717=EDGE_CURVE('',#572,#570,#300,.T.);
#718=EDGE_CURVE('',#573,#571,#301,.T.);
#719=EDGE_CURVE('',#574,#575,#335,.T.);
#720=EDGE_CURVE('',#574,#572,#302,.T.);
#721=EDGE_CURVE('',#575,#573,#303,.T.);
#722=EDGE_CURVE('',#576,#576,#233,.T.);
#723=EDGE_CURVE('',#576,#577,#234,.T.);
#724=EDGE_CURVE('',#577,#577,#235,.T.);
#725=EDGE_CURVE('',#578,#579,#236,.T.);
#726=EDGE_CURVE('',#579,#578,#237,.T.);
#727=EDGE_CURVE('',#579,#576,#336,.T.);
#728=EDGE_CURVE('',#580,#553,#304,.T.);
#729=EDGE_CURVE('',#552,#581,#305,.T.);
#730=EDGE_CURVE('',#580,#581,#238,.F.);
#731=EDGE_CURVE('',#582,#583,#337,.T.);
#732=EDGE_CURVE('',#583,#584,#338,.T.);
#733=EDGE_CURVE('',#584,#585,#339,.T.);
#734=EDGE_CURVE('',#585,#586,#340,.T.);
#735=EDGE_CURVE('',#586,#587,#341,.T.);
#736=EDGE_CURVE('',#587,#582,#342,.T.);
#737=EDGE_CURVE('',#588,#589,#343,.T.);
#738=EDGE_CURVE('',#589,#590,#344,.T.);
#739=EDGE_CURVE('',#590,#591,#345,.T.);
#740=EDGE_CURVE('',#591,#592,#346,.T.);
#741=EDGE_CURVE('',#592,#593,#347,.T.);
#742=EDGE_CURVE('',#593,#588,#348,.T.);
#743=EDGE_CURVE('',#594,#595,#349,.T.);
#744=EDGE_CURVE('',#595,#596,#350,.T.);
#745=EDGE_CURVE('',#596,#597,#351,.T.);
#746=EDGE_CURVE('',#597,#598,#352,.T.);
#747=EDGE_CURVE('',#598,#599,#353,.T.);
#748=EDGE_CURVE('',#599,#594,#354,.T.);
#749=EDGE_CURVE('',#600,#601,#355,.T.);
#750=EDGE_CURVE('',#601,#602,#356,.T.);
#751=EDGE_CURVE('',#602,#603,#357,.T.);
#752=EDGE_CURVE('',#603,#604,#358,.T.);
#753=EDGE_CURVE('',#604,#605,#359,.T.);
#754=EDGE_CURVE('',#605,#600,#360,.T.);
#755=EDGE_CURVE('',#606,#606,#239,.T.);
#756=EDGE_CURVE('',#606,#578,#361,.T.);
#757=EDGE_CURVE('',#607,#607,#240,.T.);
#758=EDGE_CURVE('',#608,#608,#241,.T.);
#759=EDGE_CURVE('',#609,#609,#242,.T.);
#760=EDGE_CURVE('',#610,#610,#243,.T.);
#761=EDGE_CURVE('',#611,#611,#244,.T.);
#762=EDGE_CURVE('',#600,#612,#362,.T.);
#763=EDGE_CURVE('',#612,#613,#363,.T.);
#764=EDGE_CURVE('',#601,#613,#364,.T.);
#765=EDGE_CURVE('',#605,#614,#365,.T.);
#766=EDGE_CURVE('',#614,#612,#366,.T.);
#767=EDGE_CURVE('',#604,#615,#367,.T.);
#768=EDGE_CURVE('',#615,#614,#368,.T.);
#769=EDGE_CURVE('',#603,#616,#369,.T.);
#770=EDGE_CURVE('',#616,#615,#370,.T.);
#771=EDGE_CURVE('',#602,#617,#371,.T.);
#772=EDGE_CURVE('',#617,#616,#372,.T.);
#773=EDGE_CURVE('',#613,#617,#373,.T.);
#774=EDGE_CURVE('',#618,#618,#245,.T.);
#775=EDGE_CURVE('',#594,#619,#374,.T.);
#776=EDGE_CURVE('',#619,#620,#375,.T.);
#777=EDGE_CURVE('',#595,#620,#376,.T.);
#778=EDGE_CURVE('',#599,#621,#377,.T.);
#779=EDGE_CURVE('',#621,#619,#378,.T.);
#780=EDGE_CURVE('',#598,#622,#379,.T.);
#781=EDGE_CURVE('',#622,#621,#380,.T.);
#782=EDGE_CURVE('',#597,#623,#381,.T.);
#783=EDGE_CURVE('',#623,#622,#382,.T.);
#784=EDGE_CURVE('',#596,#624,#383,.T.);
#785=EDGE_CURVE('',#624,#623,#384,.T.);
#786=EDGE_CURVE('',#620,#624,#385,.T.);
#787=EDGE_CURVE('',#625,#625,#246,.T.);
#788=EDGE_CURVE('',#588,#626,#386,.T.);
#789=EDGE_CURVE('',#626,#627,#387,.T.);
#790=EDGE_CURVE('',#589,#627,#388,.T.);
#791=EDGE_CURVE('',#593,#628,#389,.T.);
#792=EDGE_CURVE('',#628,#626,#390,.T.);
#793=EDGE_CURVE('',#592,#629,#391,.T.);
#794=EDGE_CURVE('',#629,#628,#392,.T.);
#795=EDGE_CURVE('',#591,#630,#393,.T.);
#796=EDGE_CURVE('',#630,#629,#394,.T.);
#797=EDGE_CURVE('',#590,#631,#395,.T.);
#798=EDGE_CURVE('',#631,#630,#396,.T.);
#799=EDGE_CURVE('',#627,#631,#397,.T.);
#800=EDGE_CURVE('',#632,#632,#247,.T.);
#801=EDGE_CURVE('',#582,#633,#398,.T.);
#802=EDGE_CURVE('',#633,#634,#399,.T.);
#803=EDGE_CURVE('',#583,#634,#400,.T.);
#804=EDGE_CURVE('',#587,#635,#401,.T.);
#805=EDGE_CURVE('',#635,#633,#402,.T.);
#806=EDGE_CURVE('',#586,#636,#403,.T.);
#807=EDGE_CURVE('',#636,#635,#404,.T.);
#808=EDGE_CURVE('',#585,#637,#405,.T.);
#809=EDGE_CURVE('',#637,#636,#406,.T.);
#810=EDGE_CURVE('',#584,#638,#407,.T.);
#811=EDGE_CURVE('',#638,#637,#408,.T.);
#812=EDGE_CURVE('',#634,#638,#409,.T.);
#813=EDGE_CURVE('',#639,#639,#248,.T.);
#814=EDGE_CURVE('',#640,#640,#249,.T.);
#815=EDGE_CURVE('',#640,#641,#410,.T.);
#816=EDGE_CURVE('',#641,#641,#250,.T.);
#817=EDGE_CURVE('',#642,#642,#251,.T.);
#818=EDGE_CURVE('',#640,#607,#411,.T.);
#819=EDGE_CURVE('',#549,#580,#306,.T.);
#820=EDGE_CURVE('',#643,#527,#307,.T.);
#821=EDGE_CURVE('',#643,#575,#308,.T.);
#822=EDGE_CURVE('',#644,#643,#252,.T.);
#823=EDGE_CURVE('',#644,#574,#309,.T.);
#824=EDGE_CURVE('',#526,#644,#310,.T.);
#825=EDGE_CURVE('',#581,#548,#311,.T.);
#826=EDGE_CURVE('',#611,#639,#412,.T.);
#827=EDGE_CURVE('',#610,#618,#413,.T.);
#828=EDGE_CURVE('',#609,#625,#414,.T.);
#829=EDGE_CURVE('',#608,#632,#415,.T.);
#830=EDGE_CURVE('',#642,#645,#416,.T.);
#831=EDGE_CURVE('',#645,#645,#253,.T.);
#832=EDGE_CURVE('',#646,#646,#254,.T.);
#833=EDGE_CURVE('',#647,#647,#255,.T.);
#834=EDGE_CURVE('',#646,#647,#417,.T.);
#835=ORIENTED_EDGE('',*,*,#648,.F.);
#836=ORIENTED_EDGE('',*,*,#649,.T.);
#837=ORIENTED_EDGE('',*,*,#650,.T.);
#838=ORIENTED_EDGE('',*,*,#651,.T.);
#839=ORIENTED_EDGE('',*,*,#652,.F.);
#840=ORIENTED_EDGE('',*,*,#653,.T.);
#841=ORIENTED_EDGE('',*,*,#648,.T.);
#842=ORIENTED_EDGE('',*,*,#654,.T.);
#843=ORIENTED_EDGE('',*,*,#655,.F.);
#844=ORIENTED_EDGE('',*,*,#656,.T.);
#845=ORIENTED_EDGE('',*,*,#652,.T.);
#846=ORIENTED_EDGE('',*,*,#657,.T.);
#847=ORIENTED_EDGE('',*,*,#658,.F.);
#848=ORIENTED_EDGE('',*,*,#659,.T.);
#849=ORIENTED_EDGE('',*,*,#655,.T.);
#850=ORIENTED_EDGE('',*,*,#660,.T.);
#851=ORIENTED_EDGE('',*,*,#661,.F.);
#852=ORIENTED_EDGE('',*,*,#662,.T.);
#853=ORIENTED_EDGE('',*,*,#658,.T.);
#854=ORIENTED_EDGE('',*,*,#663,.T.);
#855=ORIENTED_EDGE('',*,*,#664,.F.);
#856=ORIENTED_EDGE('',*,*,#665,.T.);
#857=ORIENTED_EDGE('',*,*,#661,.T.);
#858=ORIENTED_EDGE('',*,*,#666,.T.);
#859=ORIENTED_EDGE('',*,*,#667,.F.);
#860=ORIENTED_EDGE('',*,*,#668,.T.);
#861=ORIENTED_EDGE('',*,*,#664,.T.);
#862=ORIENTED_EDGE('',*,*,#669,.T.);
#863=ORIENTED_EDGE('',*,*,#670,.F.);
#864=ORIENTED_EDGE('',*,*,#671,.T.);
#865=ORIENTED_EDGE('',*,*,#667,.T.);
#866=ORIENTED_EDGE('',*,*,#672,.T.);
#867=ORIENTED_EDGE('',*,*,#673,.F.);
#868=ORIENTED_EDGE('',*,*,#674,.T.);
#869=ORIENTED_EDGE('',*,*,#670,.T.);
#870=ORIENTED_EDGE('',*,*,#675,.T.);
#871=ORIENTED_EDGE('',*,*,#676,.F.);
#872=ORIENTED_EDGE('',*,*,#677,.T.);
#873=ORIENTED_EDGE('',*,*,#673,.T.);
#874=ORIENTED_EDGE('',*,*,#678,.T.);
#875=ORIENTED_EDGE('',*,*,#679,.F.);
#876=ORIENTED_EDGE('',*,*,#680,.T.);
#877=ORIENTED_EDGE('',*,*,#676,.T.);
#878=ORIENTED_EDGE('',*,*,#681,.T.);
#879=ORIENTED_EDGE('',*,*,#682,.F.);
#880=ORIENTED_EDGE('',*,*,#683,.T.);
#881=ORIENTED_EDGE('',*,*,#679,.T.);
#882=ORIENTED_EDGE('',*,*,#684,.T.);
#883=ORIENTED_EDGE('',*,*,#685,.F.);
#884=ORIENTED_EDGE('',*,*,#686,.T.);
#885=ORIENTED_EDGE('',*,*,#687,.F.);
#886=ORIENTED_EDGE('',*,*,#688,.F.);
#887=ORIENTED_EDGE('',*,*,#689,.F.);
#888=ORIENTED_EDGE('',*,*,#690,.T.);
#889=ORIENTED_EDGE('',*,*,#685,.T.);
#890=ORIENTED_EDGE('',*,*,#691,.F.);
#891=ORIENTED_EDGE('',*,*,#692,.F.);
#892=ORIENTED_EDGE('',*,*,#693,.T.);
#893=ORIENTED_EDGE('',*,*,#689,.T.);
#894=ORIENTED_EDGE('',*,*,#694,.F.);
#895=ORIENTED_EDGE('',*,*,#695,.F.);
#896=ORIENTED_EDGE('',*,*,#696,.T.);
#897=ORIENTED_EDGE('',*,*,#692,.T.);
#898=ORIENTED_EDGE('',*,*,#697,.F.);
#899=ORIENTED_EDGE('',*,*,#698,.F.);
#900=ORIENTED_EDGE('',*,*,#699,.T.);
#901=ORIENTED_EDGE('',*,*,#695,.T.);
#902=ORIENTED_EDGE('',*,*,#700,.F.);
#903=ORIENTED_EDGE('',*,*,#701,.F.);
#904=ORIENTED_EDGE('',*,*,#702,.T.);
#905=ORIENTED_EDGE('',*,*,#698,.T.);
#906=ORIENTED_EDGE('',*,*,#703,.F.);
#907=ORIENTED_EDGE('',*,*,#704,.F.);
#908=ORIENTED_EDGE('',*,*,#705,.T.);
#909=ORIENTED_EDGE('',*,*,#701,.T.);
#910=ORIENTED_EDGE('',*,*,#706,.F.);
#911=ORIENTED_EDGE('',*,*,#707,.F.);
#912=ORIENTED_EDGE('',*,*,#708,.T.);
#913=ORIENTED_EDGE('',*,*,#704,.T.);
#914=ORIENTED_EDGE('',*,*,#709,.F.);
#915=ORIENTED_EDGE('',*,*,#710,.F.);
#916=ORIENTED_EDGE('',*,*,#711,.T.);
#917=ORIENTED_EDGE('',*,*,#707,.T.);
#918=ORIENTED_EDGE('',*,*,#712,.F.);
#919=ORIENTED_EDGE('',*,*,#713,.F.);
#920=ORIENTED_EDGE('',*,*,#714,.T.);
#921=ORIENTED_EDGE('',*,*,#710,.T.);
#922=ORIENTED_EDGE('',*,*,#715,.F.);
#923=ORIENTED_EDGE('',*,*,#716,.F.);
#924=ORIENTED_EDGE('',*,*,#717,.T.);
#925=ORIENTED_EDGE('',*,*,#713,.T.);
#926=ORIENTED_EDGE('',*,*,#718,.F.);
#927=ORIENTED_EDGE('',*,*,#719,.F.);
#928=ORIENTED_EDGE('',*,*,#720,.T.);
#929=ORIENTED_EDGE('',*,*,#716,.T.);
#930=ORIENTED_EDGE('',*,*,#721,.F.);
#931=ORIENTED_EDGE('',*,*,#722,.T.);
#932=ORIENTED_EDGE('',*,*,#723,.T.);
#933=ORIENTED_EDGE('',*,*,#724,.T.);
#934=ORIENTED_EDGE('',*,*,#723,.F.);
#935=ORIENTED_EDGE('',*,*,#725,.F.);
#936=ORIENTED_EDGE('',*,*,#726,.F.);
#937=ORIENTED_EDGE('',*,*,#727,.T.);
#938=ORIENTED_EDGE('',*,*,#722,.F.);
#939=ORIENTED_EDGE('',*,*,#727,.F.);
#940=ORIENTED_EDGE('',*,*,#724,.F.);
#941=ORIENTED_EDGE('',*,*,#728,.T.);
#942=ORIENTED_EDGE('',*,*,#687,.T.);
#943=ORIENTED_EDGE('',*,*,#729,.T.);
#944=ORIENTED_EDGE('',*,*,#730,.F.);
#945=ORIENTED_EDGE('',*,*,#731,.T.);
#946=ORIENTED_EDGE('',*,*,#732,.T.);
#947=ORIENTED_EDGE('',*,*,#733,.T.);
#948=ORIENTED_EDGE('',*,*,#734,.T.);
#949=ORIENTED_EDGE('',*,*,#735,.T.);
#950=ORIENTED_EDGE('',*,*,#736,.T.);
#951=ORIENTED_EDGE('',*,*,#737,.T.);
#952=ORIENTED_EDGE('',*,*,#738,.T.);
#953=ORIENTED_EDGE('',*,*,#739,.T.);
#954=ORIENTED_EDGE('',*,*,#740,.T.);
#955=ORIENTED_EDGE('',*,*,#741,.T.);
#956=ORIENTED_EDGE('',*,*,#742,.T.);
#957=ORIENTED_EDGE('',*,*,#743,.T.);
#958=ORIENTED_EDGE('',*,*,#744,.T.);
#959=ORIENTED_EDGE('',*,*,#745,.T.);
#960=ORIENTED_EDGE('',*,*,#746,.T.);
#961=ORIENTED_EDGE('',*,*,#747,.T.);
#962=ORIENTED_EDGE('',*,*,#748,.T.);
#963=ORIENTED_EDGE('',*,*,#749,.T.);
#964=ORIENTED_EDGE('',*,*,#750,.T.);
#965=ORIENTED_EDGE('',*,*,#751,.T.);
#966=ORIENTED_EDGE('',*,*,#752,.T.);
#967=ORIENTED_EDGE('',*,*,#753,.T.);
#968=ORIENTED_EDGE('',*,*,#754,.T.);
#969=ORIENTED_EDGE('',*,*,#755,.T.);
#970=ORIENTED_EDGE('',*,*,#756,.T.);
#971=ORIENTED_EDGE('',*,*,#725,.T.);
#972=ORIENTED_EDGE('',*,*,#726,.T.);
#973=ORIENTED_EDGE('',*,*,#756,.F.);
#974=ORIENTED_EDGE('',*,*,#755,.F.);
#975=ORIENTED_EDGE('',*,*,#757,.T.);
#976=ORIENTED_EDGE('',*,*,#758,.T.);
#977=ORIENTED_EDGE('',*,*,#759,.T.);
#978=ORIENTED_EDGE('',*,*,#760,.T.);
#979=ORIENTED_EDGE('',*,*,#761,.T.);
#980=ORIENTED_EDGE('',*,*,#749,.F.);
#981=ORIENTED_EDGE('',*,*,#762,.T.);
#982=ORIENTED_EDGE('',*,*,#763,.T.);
#983=ORIENTED_EDGE('',*,*,#764,.F.);
#984=ORIENTED_EDGE('',*,*,#754,.F.);
#985=ORIENTED_EDGE('',*,*,#765,.T.);
#986=ORIENTED_EDGE('',*,*,#766,.T.);
#987=ORIENTED_EDGE('',*,*,#762,.F.);
#988=ORIENTED_EDGE('',*,*,#753,.F.);
#989=ORIENTED_EDGE('',*,*,#767,.T.);
#990=ORIENTED_EDGE('',*,*,#768,.T.);
#991=ORIENTED_EDGE('',*,*,#765,.F.);
#992=ORIENTED_EDGE('',*,*,#752,.F.);
#993=ORIENTED_EDGE('',*,*,#769,.T.);
#994=ORIENTED_EDGE('',*,*,#770,.T.);
#995=ORIENTED_EDGE('',*,*,#767,.F.);
#996=ORIENTED_EDGE('',*,*,#751,.F.);
#997=ORIENTED_EDGE('',*,*,#771,.T.);
#998=ORIENTED_EDGE('',*,*,#772,.T.);
#999=ORIENTED_EDGE('',*,*,#769,.F.);
#1000=ORIENTED_EDGE('',*,*,#750,.F.);
#1001=ORIENTED_EDGE('',*,*,#764,.T.);
#1002=ORIENTED_EDGE('',*,*,#773,.T.);
#1003=ORIENTED_EDGE('',*,*,#771,.F.);
#1004=ORIENTED_EDGE('',*,*,#773,.F.);
#1005=ORIENTED_EDGE('',*,*,#763,.F.);
#1006=ORIENTED_EDGE('',*,*,#766,.F.);
#1007=ORIENTED_EDGE('',*,*,#768,.F.);
#1008=ORIENTED_EDGE('',*,*,#770,.F.);
#1009=ORIENTED_EDGE('',*,*,#772,.F.);
#1010=ORIENTED_EDGE('',*,*,#774,.F.);
#1011=ORIENTED_EDGE('',*,*,#743,.F.);
#1012=ORIENTED_EDGE('',*,*,#775,.T.);
#1013=ORIENTED_EDGE('',*,*,#776,.T.);
#1014=ORIENTED_EDGE('',*,*,#777,.F.);
#1015=ORIENTED_EDGE('',*,*,#748,.F.);
#1016=ORIENTED_EDGE('',*,*,#778,.T.);
#1017=ORIENTED_EDGE('',*,*,#779,.T.);
#1018=ORIENTED_EDGE('',*,*,#775,.F.);
#1019=ORIENTED_EDGE('',*,*,#747,.F.);
#1020=ORIENTED_EDGE('',*,*,#780,.T.);
#1021=ORIENTED_EDGE('',*,*,#781,.T.);
#1022=ORIENTED_EDGE('',*,*,#778,.F.);
#1023=ORIENTED_EDGE('',*,*,#746,.F.);
#1024=ORIENTED_EDGE('',*,*,#782,.T.);
#1025=ORIENTED_EDGE('',*,*,#783,.T.);
#1026=ORIENTED_EDGE('',*,*,#780,.F.);
#1027=ORIENTED_EDGE('',*,*,#745,.F.);
#1028=ORIENTED_EDGE('',*,*,#784,.T.);
#1029=ORIENTED_EDGE('',*,*,#785,.T.);
#1030=ORIENTED_EDGE('',*,*,#782,.F.);
#1031=ORIENTED_EDGE('',*,*,#744,.F.);
#1032=ORIENTED_EDGE('',*,*,#777,.T.);
#1033=ORIENTED_EDGE('',*,*,#786,.T.);
#1034=ORIENTED_EDGE('',*,*,#784,.F.);
#1035=ORIENTED_EDGE('',*,*,#786,.F.);
#1036=ORIENTED_EDGE('',*,*,#776,.F.);
#1037=ORIENTED_EDGE('',*,*,#779,.F.);
#1038=ORIENTED_EDGE('',*,*,#781,.F.);
#1039=ORIENTED_EDGE('',*,*,#783,.F.);
#1040=ORIENTED_EDGE('',*,*,#785,.F.);
#1041=ORIENTED_EDGE('',*,*,#787,.F.);
#1042=ORIENTED_EDGE('',*,*,#737,.F.);
#1043=ORIENTED_EDGE('',*,*,#788,.T.);
#1044=ORIENTED_EDGE('',*,*,#789,.T.);
#1045=ORIENTED_EDGE('',*,*,#790,.F.);
#1046=ORIENTED_EDGE('',*,*,#742,.F.);
#1047=ORIENTED_EDGE('',*,*,#791,.T.);
#1048=ORIENTED_EDGE('',*,*,#792,.T.);
#1049=ORIENTED_EDGE('',*,*,#788,.F.);
#1050=ORIENTED_EDGE('',*,*,#741,.F.);
#1051=ORIENTED_EDGE('',*,*,#793,.T.);
#1052=ORIENTED_EDGE('',*,*,#794,.T.);
#1053=ORIENTED_EDGE('',*,*,#791,.F.);
#1054=ORIENTED_EDGE('',*,*,#740,.F.);
#1055=ORIENTED_EDGE('',*,*,#795,.T.);
#1056=ORIENTED_EDGE('',*,*,#796,.T.);
#1057=ORIENTED_EDGE('',*,*,#793,.F.);
#1058=ORIENTED_EDGE('',*,*,#739,.F.);
#1059=ORIENTED_EDGE('',*,*,#797,.T.);
#1060=ORIENTED_EDGE('',*,*,#798,.T.);
#1061=ORIENTED_EDGE('',*,*,#795,.F.);
#1062=ORIENTED_EDGE('',*,*,#738,.F.);
#1063=ORIENTED_EDGE('',*,*,#790,.T.);
#1064=ORIENTED_EDGE('',*,*,#799,.T.);
#1065=ORIENTED_EDGE('',*,*,#797,.F.);
#1066=ORIENTED_EDGE('',*,*,#799,.F.);
#1067=ORIENTED_EDGE('',*,*,#789,.F.);
#1068=ORIENTED_EDGE('',*,*,#792,.F.);
#1069=ORIENTED_EDGE('',*,*,#794,.F.);
#1070=ORIENTED_EDGE('',*,*,#796,.F.);
#1071=ORIENTED_EDGE('',*,*,#798,.F.);
#1072=ORIENTED_EDGE('',*,*,#800,.F.);
#1073=ORIENTED_EDGE('',*,*,#731,.F.);
#1074=ORIENTED_EDGE('',*,*,#801,.T.);
#1075=ORIENTED_EDGE('',*,*,#802,.T.);
#1076=ORIENTED_EDGE('',*,*,#803,.F.);
#1077=ORIENTED_EDGE('',*,*,#736,.F.);
#1078=ORIENTED_EDGE('',*,*,#804,.T.);
#1079=ORIENTED_EDGE('',*,*,#805,.T.);
#1080=ORIENTED_EDGE('',*,*,#801,.F.);
#1081=ORIENTED_EDGE('',*,*,#735,.F.);
#1082=ORIENTED_EDGE('',*,*,#806,.T.);
#1083=ORIENTED_EDGE('',*,*,#807,.T.);
#1084=ORIENTED_EDGE('',*,*,#804,.F.);
#1085=ORIENTED_EDGE('',*,*,#734,.F.);
#1086=ORIENTED_EDGE('',*,*,#808,.T.);
#1087=ORIENTED_EDGE('',*,*,#809,.T.);
#1088=ORIENTED_EDGE('',*,*,#806,.F.);
#1089=ORIENTED_EDGE('',*,*,#733,.F.);
#1090=ORIENTED_EDGE('',*,*,#810,.T.);
#1091=ORIENTED_EDGE('',*,*,#811,.T.);
#1092=ORIENTED_EDGE('',*,*,#808,.F.);
#1093=ORIENTED_EDGE('',*,*,#732,.F.);
#1094=ORIENTED_EDGE('',*,*,#803,.T.);
#1095=ORIENTED_EDGE('',*,*,#812,.T.);
#1096=ORIENTED_EDGE('',*,*,#810,.F.);
#1097=ORIENTED_EDGE('',*,*,#812,.F.);
#1098=ORIENTED_EDGE('',*,*,#802,.F.);
#1099=ORIENTED_EDGE('',*,*,#805,.F.);
#1100=ORIENTED_EDGE('',*,*,#807,.F.);
#1101=ORIENTED_EDGE('',*,*,#809,.F.);
#1102=ORIENTED_EDGE('',*,*,#811,.F.);
#1103=ORIENTED_EDGE('',*,*,#813,.F.);
#1104=ORIENTED_EDGE('',*,*,#814,.T.);
#1105=ORIENTED_EDGE('',*,*,#815,.T.);
#1106=ORIENTED_EDGE('',*,*,#816,.T.);
#1107=ORIENTED_EDGE('',*,*,#815,.F.);
#1108=ORIENTED_EDGE('',*,*,#816,.F.);
#1109=ORIENTED_EDGE('',*,*,#817,.F.);
#1110=ORIENTED_EDGE('',*,*,#814,.F.);
#1111=ORIENTED_EDGE('',*,*,#818,.T.);
#1112=ORIENTED_EDGE('',*,*,#757,.F.);
#1113=ORIENTED_EDGE('',*,*,#818,.F.);
#1114=ORIENTED_EDGE('',*,*,#728,.F.);
#1115=ORIENTED_EDGE('',*,*,#819,.F.);
#1116=ORIENTED_EDGE('',*,*,#684,.F.);
#1117=ORIENTED_EDGE('',*,*,#681,.F.);
#1118=ORIENTED_EDGE('',*,*,#678,.F.);
#1119=ORIENTED_EDGE('',*,*,#675,.F.);
#1120=ORIENTED_EDGE('',*,*,#672,.F.);
#1121=ORIENTED_EDGE('',*,*,#669,.F.);
#1122=ORIENTED_EDGE('',*,*,#666,.F.);
#1123=ORIENTED_EDGE('',*,*,#663,.F.);
#1124=ORIENTED_EDGE('',*,*,#660,.F.);
#1125=ORIENTED_EDGE('',*,*,#657,.F.);
#1126=ORIENTED_EDGE('',*,*,#654,.F.);
#1127=ORIENTED_EDGE('',*,*,#651,.F.);
#1128=ORIENTED_EDGE('',*,*,#820,.F.);
#1129=ORIENTED_EDGE('',*,*,#821,.T.);
#1130=ORIENTED_EDGE('',*,*,#721,.T.);
#1131=ORIENTED_EDGE('',*,*,#718,.T.);
#1132=ORIENTED_EDGE('',*,*,#715,.T.);
#1133=ORIENTED_EDGE('',*,*,#712,.T.);
#1134=ORIENTED_EDGE('',*,*,#709,.T.);
#1135=ORIENTED_EDGE('',*,*,#706,.T.);
#1136=ORIENTED_EDGE('',*,*,#703,.T.);
#1137=ORIENTED_EDGE('',*,*,#700,.T.);
#1138=ORIENTED_EDGE('',*,*,#697,.T.);
#1139=ORIENTED_EDGE('',*,*,#694,.T.);
#1140=ORIENTED_EDGE('',*,*,#691,.T.);
#1141=ORIENTED_EDGE('',*,*,#688,.T.);
#1142=ORIENTED_EDGE('',*,*,#719,.T.);
#1143=ORIENTED_EDGE('',*,*,#821,.F.);
#1144=ORIENTED_EDGE('',*,*,#822,.F.);
#1145=ORIENTED_EDGE('',*,*,#823,.T.);
#1146=ORIENTED_EDGE('',*,*,#729,.F.);
#1147=ORIENTED_EDGE('',*,*,#686,.F.);
#1148=ORIENTED_EDGE('',*,*,#690,.F.);
#1149=ORIENTED_EDGE('',*,*,#693,.F.);
#1150=ORIENTED_EDGE('',*,*,#696,.F.);
#1151=ORIENTED_EDGE('',*,*,#699,.F.);
#1152=ORIENTED_EDGE('',*,*,#702,.F.);
#1153=ORIENTED_EDGE('',*,*,#705,.F.);
#1154=ORIENTED_EDGE('',*,*,#708,.F.);
#1155=ORIENTED_EDGE('',*,*,#711,.F.);
#1156=ORIENTED_EDGE('',*,*,#714,.F.);
#1157=ORIENTED_EDGE('',*,*,#717,.F.);
#1158=ORIENTED_EDGE('',*,*,#720,.F.);
#1159=ORIENTED_EDGE('',*,*,#823,.F.);
#1160=ORIENTED_EDGE('',*,*,#824,.F.);
#1161=ORIENTED_EDGE('',*,*,#649,.F.);
#1162=ORIENTED_EDGE('',*,*,#653,.F.);
#1163=ORIENTED_EDGE('',*,*,#656,.F.);
#1164=ORIENTED_EDGE('',*,*,#659,.F.);
#1165=ORIENTED_EDGE('',*,*,#662,.F.);
#1166=ORIENTED_EDGE('',*,*,#665,.F.);
#1167=ORIENTED_EDGE('',*,*,#668,.F.);
#1168=ORIENTED_EDGE('',*,*,#671,.F.);
#1169=ORIENTED_EDGE('',*,*,#674,.F.);
#1170=ORIENTED_EDGE('',*,*,#677,.F.);
#1171=ORIENTED_EDGE('',*,*,#680,.F.);
#1172=ORIENTED_EDGE('',*,*,#683,.F.);
#1173=ORIENTED_EDGE('',*,*,#825,.F.);
#1174=ORIENTED_EDGE('',*,*,#761,.F.);
#1175=ORIENTED_EDGE('',*,*,#826,.T.);
#1176=ORIENTED_EDGE('',*,*,#813,.T.);
#1177=ORIENTED_EDGE('',*,*,#826,.F.);
#1178=ORIENTED_EDGE('',*,*,#760,.F.);
#1179=ORIENTED_EDGE('',*,*,#827,.T.);
#1180=ORIENTED_EDGE('',*,*,#774,.T.);
#1181=ORIENTED_EDGE('',*,*,#827,.F.);
#1182=ORIENTED_EDGE('',*,*,#759,.F.);
#1183=ORIENTED_EDGE('',*,*,#828,.T.);
#1184=ORIENTED_EDGE('',*,*,#787,.T.);
#1185=ORIENTED_EDGE('',*,*,#828,.F.);
#1186=ORIENTED_EDGE('',*,*,#758,.F.);
#1187=ORIENTED_EDGE('',*,*,#829,.T.);
#1188=ORIENTED_EDGE('',*,*,#800,.T.);
#1189=ORIENTED_EDGE('',*,*,#829,.F.);
#1190=ORIENTED_EDGE('',*,*,#817,.T.);
#1191=ORIENTED_EDGE('',*,*,#830,.T.);
#1192=ORIENTED_EDGE('',*,*,#831,.F.);
#1193=ORIENTED_EDGE('',*,*,#830,.F.);
#1194=ORIENTED_EDGE('',*,*,#831,.T.);
#1195=ORIENTED_EDGE('',*,*,#832,.F.);
#1196=ORIENTED_EDGE('',*,*,#820,.T.);
#1197=ORIENTED_EDGE('',*,*,#650,.F.);
#1198=ORIENTED_EDGE('',*,*,#824,.T.);
#1199=ORIENTED_EDGE('',*,*,#822,.T.);
#1200=ORIENTED_EDGE('',*,*,#833,.T.);
#1201=ORIENTED_EDGE('',*,*,#682,.T.);
#1202=ORIENTED_EDGE('',*,*,#819,.T.);
#1203=ORIENTED_EDGE('',*,*,#730,.T.);
#1204=ORIENTED_EDGE('',*,*,#825,.T.);
#1205=ORIENTED_EDGE('',*,*,#832,.T.);
#1206=ORIENTED_EDGE('',*,*,#834,.T.);
#1207=ORIENTED_EDGE('',*,*,#833,.F.);
#1208=ORIENTED_EDGE('',*,*,#834,.F.);
#1209=CYLINDRICAL_SURFACE('',#1329,16.442);
#1210=CYLINDRICAL_SURFACE('',#1331,16.442);
#1211=CYLINDRICAL_SURFACE('',#1332,16.442);
#1212=CYLINDRICAL_SURFACE('',#1333,16.442);
#1213=CYLINDRICAL_SURFACE('',#1334,16.442);
#1214=CYLINDRICAL_SURFACE('',#1335,16.442);
#1215=CYLINDRICAL_SURFACE('',#1336,16.442);
#1216=CYLINDRICAL_SURFACE('',#1337,16.442);
#1217=CYLINDRICAL_SURFACE('',#1338,16.442);
#1218=CYLINDRICAL_SURFACE('',#1339,16.442);
#1219=CYLINDRICAL_SURFACE('',#1340,16.442);
#1220=CYLINDRICAL_SURFACE('',#1341,16.442);
#1221=CYLINDRICAL_SURFACE('',#1342,15.86875);
#1222=CYLINDRICAL_SURFACE('',#1344,15.86875);
#1223=CYLINDRICAL_SURFACE('',#1345,15.86875);
#1224=CYLINDRICAL_SURFACE('',#1346,15.86875);
#1225=CYLINDRICAL_SURFACE('',#1347,15.86875);
#1226=CYLINDRICAL_SURFACE('',#1348,15.86875);
#1227=CYLINDRICAL_SURFACE('',#1349,15.86875);
#1228=CYLINDRICAL_SURFACE('',#1350,15.86875);
#1229=CYLINDRICAL_SURFACE('',#1351,15.86875);
#1230=CYLINDRICAL_SURFACE('',#1352,15.86875);
#1231=CYLINDRICAL_SURFACE('',#1353,15.86875);
#1232=CYLINDRICAL_SURFACE('',#1354,15.86875);
#1233=CYLINDRICAL_SURFACE('',#1359,40.);
#1234=CYLINDRICAL_SURFACE('',#1409,19.9);
#1235=CYLINDRICAL_SURFACE('',#1410,15.86875);
#1236=CYLINDRICAL_SURFACE('',#1412,2.1);
#1237=CYLINDRICAL_SURFACE('',#1413,2.1);
#1238=CYLINDRICAL_SURFACE('',#1414,2.1);
#1239=CYLINDRICAL_SURFACE('',#1415,2.1);
#1240=CYLINDRICAL_SURFACE('',#1416,18.);
#1241=CYLINDRICAL_SURFACE('',#1422,16.442);
#1242=CYLINDRICAL_SURFACE('',#1423,13.);
#1243=ADVANCED_FACE('',(#70),#1209,.T.);
#1244=ADVANCED_FACE('',(#71),#1210,.T.);
#1245=ADVANCED_FACE('',(#72),#1211,.T.);
#1246=ADVANCED_FACE('',(#73),#1212,.T.);
#1247=ADVANCED_FACE('',(#74),#1213,.T.);
#1248=ADVANCED_FACE('',(#75),#1214,.T.);
#1249=ADVANCED_FACE('',(#76),#1215,.T.);
#1250=ADVANCED_FACE('',(#77),#1216,.T.);
#1251=ADVANCED_FACE('',(#78),#1217,.T.);
#1252=ADVANCED_FACE('',(#79),#1218,.T.);
#1253=ADVANCED_FACE('',(#80),#1219,.T.);
#1254=ADVANCED_FACE('',(#81),#1220,.T.);
#1255=ADVANCED_FACE('',(#82),#1221,.T.);
#1256=ADVANCED_FACE('',(#83),#1222,.T.);
#1257=ADVANCED_FACE('',(#84),#1223,.T.);
#1258=ADVANCED_FACE('',(#85),#1224,.T.);
#1259=ADVANCED_FACE('',(#86),#1225,.T.);
#1260=ADVANCED_FACE('',(#87),#1226,.T.);
#1261=ADVANCED_FACE('',(#88),#1227,.T.);
#1262=ADVANCED_FACE('',(#89),#1228,.T.);
#1263=ADVANCED_FACE('',(#90),#1229,.T.);
#1264=ADVANCED_FACE('',(#91),#1230,.T.);
#1265=ADVANCED_FACE('',(#92),#1231,.T.);
#1266=ADVANCED_FACE('',(#93),#1232,.T.);
#1267=ADVANCED_FACE('',(#94),#69,.T.);
#1268=ADVANCED_FACE('',(#95),#1233,.T.);
#1269=ADVANCED_FACE('',(#96,#19,#20,#21,#22,#23),#36,.T.);
#1270=ADVANCED_FACE('',(#97),#17,.T.);
#1271=ADVANCED_FACE('',(#98,#24,#25,#26,#27,#28),#37,.T.);
#1272=ADVANCED_FACE('',(#99),#38,.F.);
#1273=ADVANCED_FACE('',(#100),#39,.F.);
#1274=ADVANCED_FACE('',(#101),#40,.F.);
#1275=ADVANCED_FACE('',(#102),#41,.F.);
#1276=ADVANCED_FACE('',(#103),#42,.F.);
#1277=ADVANCED_FACE('',(#104),#43,.F.);
#1278=ADVANCED_FACE('',(#105,#29),#44,.T.);
#1279=ADVANCED_FACE('',(#106),#45,.F.);
#1280=ADVANCED_FACE('',(#107),#46,.F.);
#1281=ADVANCED_FACE('',(#108),#47,.F.);
#1282=ADVANCED_FACE('',(#109),#48,.F.);
#1283=ADVANCED_FACE('',(#110),#49,.F.);
#1284=ADVANCED_FACE('',(#111),#50,.F.);
#1285=ADVANCED_FACE('',(#112,#30),#51,.T.);
#1286=ADVANCED_FACE('',(#113),#52,.F.);
#1287=ADVANCED_FACE('',(#114),#53,.F.);
#1288=ADVANCED_FACE('',(#115),#54,.F.);
#1289=ADVANCED_FACE('',(#116),#55,.F.);
#1290=ADVANCED_FACE('',(#117),#56,.F.);
#1291=ADVANCED_FACE('',(#118),#57,.F.);
#1292=ADVANCED_FACE('',(#119,#31),#58,.T.);
#1293=ADVANCED_FACE('',(#120),#59,.F.);
#1294=ADVANCED_FACE('',(#121),#60,.F.);
#1295=ADVANCED_FACE('',(#122),#61,.F.);
#1296=ADVANCED_FACE('',(#123),#62,.F.);
#1297=ADVANCED_FACE('',(#124),#63,.F.);
#1298=ADVANCED_FACE('',(#125),#64,.F.);
#1299=ADVANCED_FACE('',(#126,#32),#65,.T.);
#1300=ADVANCED_FACE('',(#127),#18,.T.);
#1301=ADVANCED_FACE('',(#128,#33),#66,.T.);
#1302=ADVANCED_FACE('',(#129),#1234,.T.);
#1303=ADVANCED_FACE('',(#130),#15,.F.);
#1304=ADVANCED_FACE('',(#131),#1235,.T.);
#1305=ADVANCED_FACE('',(#132),#16,.F.);
#1306=ADVANCED_FACE('',(#133),#1236,.F.);
#1307=ADVANCED_FACE('',(#134),#1237,.F.);
#1308=ADVANCED_FACE('',(#135),#1238,.F.);
#1309=ADVANCED_FACE('',(#136),#1239,.F.);
#1310=ADVANCED_FACE('',(#137),#1240,.F.);
#1311=ADVANCED_FACE('',(#138,#34),#67,.T.);
#1312=ADVANCED_FACE('',(#139,#35),#68,.T.);
#1313=ADVANCED_FACE('',(#140),#1241,.T.);
#1314=ADVANCED_FACE('',(#141),#1242,.F.);
#1315=CLOSED_SHELL('',(#1243,#1244,#1245,#1246,#1247,#1248,#1249,#1250,
#1251,#1252,#1253,#1254,#1255,#1256,#1257,#1258,#1259,#1260,#1261,#1262,
#1263,#1264,#1265,#1266,#1267,#1268,#1269,#1270,#1271,#1272,#1273,#1274,
#1275,#1276,#1277,#1278,#1279,#1280,#1281,#1282,#1283,#1284,#1285,#1286,
#1287,#1288,#1289,#1290,#1291,#1292,#1293,#1294,#1295,#1296,#1297,#1298,
#1299,#1300,#1301,#1302,#1303,#1304,#1305,#1306,#1307,#1308,#1309,#1310,
#1311,#1312,#1313,#1314));
#1316=DERIVED_UNIT_ELEMENT(#1318,1.);
#1317=DERIVED_UNIT_ELEMENT(#5282,-3.);
#1318=(
MASS_UNIT()
NAMED_UNIT(*)
SI_UNIT(.KILO.,.GRAM.)
);
#1319=DERIVED_UNIT((#1316,#1317));
#1320=MEASURE_REPRESENTATION_ITEM('density measure',
POSITIVE_RATIO_MEASURE(7850.),#1319);
#1321=PROPERTY_DEFINITION_REPRESENTATION(#1326,#1323);
#1322=PROPERTY_DEFINITION_REPRESENTATION(#1327,#1324);
#1323=REPRESENTATION('material name',(#1325),#5279);
#1324=REPRESENTATION('density',(#1320),#5279);
#1325=DESCRIPTIVE_REPRESENTATION_ITEM('Steel','Steel');
#1326=PROPERTY_DEFINITION('material property','material name',#5289);
#1327=PROPERTY_DEFINITION('material property','density of part',#5289);
#1328=AXIS2_PLACEMENT_3D('',#1722,#1424,#1425);
#1329=AXIS2_PLACEMENT_3D('',#1723,#1426,#1427);
#1330=AXIS2_PLACEMENT_3D('',#1745,#1429,#1430);
#1331=AXIS2_PLACEMENT_3D('',#1756,#1431,#1432);
#1332=AXIS2_PLACEMENT_3D('',#1840,#1434,#1435);
#1333=AXIS2_PLACEMENT_3D('',#1930,#1437,#1438);
#1334=AXIS2_PLACEMENT_3D('',#2020,#1440,#1441);
#1335=AXIS2_PLACEMENT_3D('',#2104,#1443,#1444);
#1336=AXIS2_PLACEMENT_3D('',#2194,#1446,#1447);
#1337=AXIS2_PLACEMENT_3D('',#2284,#1449,#1450);
#1338=AXIS2_PLACEMENT_3D('',#2368,#1452,#1453);
#1339=AXIS2_PLACEMENT_3D('',#2458,#1455,#1456);
#1340=AXIS2_PLACEMENT_3D('',#2548,#1458,#1459);
#1341=AXIS2_PLACEMENT_3D('',#2632,#1461,#1462);
#1342=AXIS2_PLACEMENT_3D('',#2722,#1464,#1465);
#1343=AXIS2_PLACEMENT_3D('',#2736,#1467,#1468);
#1344=AXIS2_PLACEMENT_3D('',#2742,#1469,#1470);
#1345=AXIS2_PLACEMENT_3D('',#2780,#1472,#1473);
#1346=AXIS2_PLACEMENT_3D('',#2817,#1475,#1476);
#1347=AXIS2_PLACEMENT_3D('',#2854,#1478,#1479);
#1348=AXIS2_PLACEMENT_3D('',#2892,#1481,#1482);
#1349=AXIS2_PLACEMENT_3D('',#2929,#1484,#1485);
#1350=AXIS2_PLACEMENT_3D('',#2966,#1487,#1488);
#1351=AXIS2_PLACEMENT_3D('',#3004,#1490,#1491);
#1352=AXIS2_PLACEMENT_3D('',#3041,#1493,#1494);
#1353=AXIS2_PLACEMENT_3D('',#3078,#1496,#1497);
#1354=AXIS2_PLACEMENT_3D('',#3116,#1499,#1500);
#1355=AXIS2_PLACEMENT_3D('',#3153,#1502,#1503);
#1356=AXIS2_PLACEMENT_3D('',#3155,#1504,#1505);
#1357=AXIS2_PLACEMENT_3D('',#3157,#1506,#1507);
#1358=AXIS2_PLACEMENT_3D('',#3158,#1508,#1509);
#1359=AXIS2_PLACEMENT_3D('',#3159,#1510,#1511);
#1360=AXIS2_PLACEMENT_3D('',#3162,#1512,#1513);
#1361=AXIS2_PLACEMENT_3D('',#3163,#1514,#1515);
#1362=AXIS2_PLACEMENT_3D('',#3165,#1517,#1518);
#1363=AXIS2_PLACEMENT_3D('',#3446,#1519,#1520);
#1364=AXIS2_PLACEMENT_3D('',#3495,#1545,#1546);
#1365=AXIS2_PLACEMENT_3D('',#3497,#1547,#1548);
#1366=AXIS2_PLACEMENT_3D('',#3499,#1550,#1551);
#1367=AXIS2_PLACEMENT_3D('',#3501,#1552,#1553);
#1368=AXIS2_PLACEMENT_3D('',#3503,#1554,#1555);
#1369=AXIS2_PLACEMENT_3D('',#3505,#1556,#1557);
#1370=AXIS2_PLACEMENT_3D('',#3507,#1558,#1559);
#1371=AXIS2_PLACEMENT_3D('',#3509,#1560,#1561);
#1372=AXIS2_PLACEMENT_3D('',#3510,#1562,#1563);
#1373=AXIS2_PLACEMENT_3D('',#3516,#1567,#1568);
#1374=AXIS2_PLACEMENT_3D('',#3520,#1571,#1572);
#1375=AXIS2_PLACEMENT_3D('',#3524,#1575,#1576);
#1376=AXIS2_PLACEMENT_3D('',#3528,#1579,#1580);
#1377=AXIS2_PLACEMENT_3D('',#3532,#1583,#1584);
#1378=AXIS2_PLACEMENT_3D('',#3534,#1586,#1587);
#1379=AXIS2_PLACEMENT_3D('',#3536,#1588,#1589);
#1380=AXIS2_PLACEMENT_3D('',#3537,#1590,#1591);
#1381=AXIS2_PLACEMENT_3D('',#3543,#1595,#1596);
#1382=AXIS2_PLACEMENT_3D('',#3547,#1599,#1600);
#1383=AXIS2_PLACEMENT_3D('',#3551,#1603,#1604);
#1384=AXIS2_PLACEMENT_3D('',#3555,#1607,#1608);
#1385=AXIS2_PLACEMENT_3D('',#3559,#1611,#1612);
#1386=AXIS2_PLACEMENT_3D('',#3561,#1614,#1615);
#1387=AXIS2_PLACEMENT_3D('',#3563,#1616,#1617);
#1388=AXIS2_PLACEMENT_3D('',#3564,#1618,#1619);
#1389=AXIS2_PLACEMENT_3D('',#3570,#1623,#1624);
#1390=AXIS2_PLACEMENT_3D('',#3574,#1627,#1628);
#1391=AXIS2_PLACEMENT_3D('',#3578,#1631,#1632);
#1392=AXIS2_PLACEMENT_3D('',#3582,#1635,#1636);
#1393=AXIS2_PLACEMENT_3D('',#3586,#1639,#1640);
#1394=AXIS2_PLACEMENT_3D('',#3588,#1642,#1643);
#1395=AXIS2_PLACEMENT_3D('',#3590,#1644,#1645);
#1396=AXIS2_PLACEMENT_3D('',#3591,#1646,#1647);
#1397=AXIS2_PLACEMENT_3D('',#3597,#1651,#1652);
#1398=AXIS2_PLACEMENT_3D('',#3601,#1655,#1656);
#1399=AXIS2_PLACEMENT_3D('',#3605,#1659,#1660);
#1400=AXIS2_PLACEMENT_3D('',#3609,#1663,#1664);
#1401=AXIS2_PLACEMENT_3D('',#3613,#1667,#1668);
#1402=AXIS2_PLACEMENT_3D('',#3615,#1670,#1671);
#1403=AXIS2_PLACEMENT_3D('',#3617,#1672,#1673);
#1404=AXIS2_PLACEMENT_3D('',#3618,#1674,#1675);
#1405=AXIS2_PLACEMENT_3D('',#3620,#1676,#1677);
#1406=AXIS2_PLACEMENT_3D('',#3623,#1679,#1680);
#1407=AXIS2_PLACEMENT_3D('',#3624,#1681,#1682);
#1408=AXIS2_PLACEMENT_3D('',#3626,#1683,#1684);
#1409=AXIS2_PLACEMENT_3D('',#3627,#1685,#1686);
#1410=AXIS2_PLACEMENT_3D('',#4447,#1688,#1689);
#1411=AXIS2_PLACEMENT_3D('',#4449,#1690,#1691);
#1412=AXIS2_PLACEMENT_3D('',#5256,#1692,#1693);
#1413=AXIS2_PLACEMENT_3D('',#5258,#1695,#1696);
#1414=AXIS2_PLACEMENT_3D('',#5260,#1698,#1699);
#1415=AXIS2_PLACEMENT_3D('',#5262,#1701,#1702);
#1416=AXIS2_PLACEMENT_3D('',#5264,#1704,#1705);
#1417=AXIS2_PLACEMENT_3D('',#5267,#1707,#1708);
#1418=AXIS2_PLACEMENT_3D('',#5268,#1709,#1710);
#1419=AXIS2_PLACEMENT_3D('',#5270,#1711,#1712);
#1420=AXIS2_PLACEMENT_3D('',#5271,#1713,#1714);
#1421=AXIS2_PLACEMENT_3D('',#5273,#1715,#1716);
#1422=AXIS2_PLACEMENT_3D('',#5274,#1717,#1718);
#1423=AXIS2_PLACEMENT_3D('',#5275,#1719,#1720);
#1424=DIRECTION('axis',(0.,0.,1.));
#1425=DIRECTION('refdir',(1.,0.,0.));
#1426=DIRECTION('center_axis',(1.,0.,4.40666848894133E-16));
#1427=DIRECTION('ref_axis',(-4.27008855625061E-16,0.,1.));
#1428=DIRECTION('',(-1.,0.,-4.40666848894133E-16));
#1429=DIRECTION('center_axis',(1.,0.,4.40666848894133E-16));
#1430=DIRECTION('ref_axis',(-4.27008855625061E-16,0.,1.));
#1431=DIRECTION('center_axis',(1.,0.,4.40666848894133E-16));
#1432=DIRECTION('ref_axis',(-4.27008855625061E-16,0.,1.));
#1433=DIRECTION('',(-1.,0.,-4.40666848894133E-16));
#1434=DIRECTION('center_axis',(1.,0.,4.40666848894133E-16));
#1435=DIRECTION('ref_axis',(-4.27008855625061E-16,0.,1.));
#1436=DIRECTION('',(-1.,0.,-4.40666848894133E-16));
#1437=DIRECTION('center_axis',(1.,0.,4.40666848894133E-16));
#1438=DIRECTION('ref_axis',(-4.27008855625061E-16,0.,1.));
#1439=DIRECTION('',(-1.,0.,-4.40666848894133E-16));
#1440=DIRECTION('center_axis',(1.,0.,4.40666848894133E-16));
#1441=DIRECTION('ref_axis',(-4.27008855625061E-16,0.,1.));
#1442=DIRECTION('',(-1.,0.,-4.40666848894133E-16));
#1443=DIRECTION('center_axis',(1.,0.,4.40666848894133E-16));
#1444=DIRECTION('ref_axis',(-4.27008855625061E-16,0.,1.));
#1445=DIRECTION('',(-1.,0.,-4.40666848894133E-16));
#1446=DIRECTION('center_axis',(1.,0.,4.40666848894133E-16));
#1447=DIRECTION('ref_axis',(-4.27008855625061E-16,0.,1.));
#1448=DIRECTION('',(-1.,0.,-4.40666848894133E-16));
#1449=DIRECTION('center_axis',(1.,0.,4.40666848894133E-16));
#1450=DIRECTION('ref_axis',(-4.27008855625061E-16,0.,1.));
#1451=DIRECTION('',(-1.,0.,-4.40666848894133E-16));
#1452=DIRECTION('center_axis',(1.,0.,4.40666848894133E-16));
#1453=DIRECTION('ref_axis',(-4.27008855625061E-16,0.,1.));
#1454=DIRECTION('',(-1.,0.,-4.40666848894133E-16));
#1455=DIRECTION('center_axis',(1.,0.,4.40666848894133E-16));
#1456=DIRECTION('ref_axis',(-4.27008855625061E-16,0.,1.));
#1457=DIRECTION('',(-1.,0.,-4.40666848894133E-16));
#1458=DIRECTION('center_axis',(1.,0.,4.40666848894133E-16));
#1459=DIRECTION('ref_axis',(-4.27008855625061E-16,0.,1.));
#1460=DIRECTION('',(-1.,0.,-4.40666848894133E-16));
#1461=DIRECTION('center_axis',(1.,0.,4.40666848894133E-16));
#1462=DIRECTION('ref_axis',(-4.27008855625061E-16,0.,1.));
#1463=DIRECTION('',(-1.,0.,-4.40666848894133E-16));
#1464=DIRECTION('center_axis',(1.,0.,4.40666848894133E-16));
#1465=DIRECTION('ref_axis',(2.05194204794498E-16,0.888987531855993,-0.457931401199557));
#1466=DIRECTION('',(1.,-1.54193201725077E-29,6.85596208723603E-16));
#1467=DIRECTION('center_axis',(1.,0.,4.40666848894133E-16));
#1468=DIRECTION('ref_axis',(-4.37267831675918E-16,-6.28316874202794E-14,
1.));
#1469=DIRECTION('center_axis',(1.,0.,4.40666848894133E-16));
#1470=DIRECTION('ref_axis',(-4.37267831675918E-16,-6.28316874202794E-14,
1.));
#1471=DIRECTION('',(1.,-1.54193201725077E-29,6.85596208723603E-16));
#1472=DIRECTION('center_axis',(1.,0.,4.40666848894133E-16));
#1473=DIRECTION('ref_axis',(-4.37267831675918E-16,-6.28316874202794E-14,
1.));
#1474=DIRECTION('',(1.,-1.54193201725077E-29,6.85596208723603E-16));
#1475=DIRECTION('center_axis',(1.,0.,4.40666848894133E-16));
#1476=DIRECTION('ref_axis',(-4.37267831675918E-16,-6.28316874202794E-14,
1.));
#1477=DIRECTION('',(1.,-1.54193201725077E-29,6.85596208723603E-16));
#1478=DIRECTION('center_axis',(1.,0.,4.40666848894133E-16));
#1479=DIRECTION('ref_axis',(-4.37267831675918E-16,-6.28316874202794E-14,
1.));
#1480=DIRECTION('',(1.,-1.54193201725077E-29,6.85596208723603E-16));
#1481=DIRECTION('center_axis',(1.,0.,4.40666848894133E-16));
#1482=DIRECTION('ref_axis',(-4.37267831675918E-16,-6.28316874202794E-14,
1.));
#1483=DIRECTION('',(1.,-1.54193201725077E-29,6.85596208723603E-16));
#1484=DIRECTION('center_axis',(1.,0.,4.40666848894133E-16));
#1485=DIRECTION('ref_axis',(-4.37267831675918E-16,-6.28316874202794E-14,
1.));
#1486=DIRECTION('',(1.,-1.54193201725077E-29,6.85596208723603E-16));
#1487=DIRECTION('center_axis',(1.,0.,4.40666848894133E-16));
#1488=DIRECTION('ref_axis',(-4.37267831675918E-16,-6.28316874202794E-14,
1.));
#1489=DIRECTION('',(1.,-1.54193201725077E-29,6.85596208723603E-16));
#1490=DIRECTION('center_axis',(1.,0.,4.40666848894133E-16));
#1491=DIRECTION('ref_axis',(-4.37267831675918E-16,-6.28316874202794E-14,
1.));
#1492=DIRECTION('',(1.,-1.54193201725077E-29,6.85596208723603E-16));
#1493=DIRECTION('center_axis',(1.,0.,4.40666848894133E-16));
#1494=DIRECTION('ref_axis',(-4.37267831675918E-16,-6.28316874202794E-14,
1.));
#1495=DIRECTION('',(1.,-1.54193201725077E-29,6.85596208723603E-16));
#1496=DIRECTION('center_axis',(1.,0.,4.40666848894133E-16));
#1497=DIRECTION('ref_axis',(-4.37267831675918E-16,-6.28316874202794E-14,
1.));
#1498=DIRECTION('',(1.,-1.54193201725077E-29,6.85596208723603E-16));
#1499=DIRECTION('center_axis',(1.,0.,4.40666848894133E-16));
#1500=DIRECTION('ref_axis',(-4.37267831675918E-16,-6.28316874202794E-14,
1.));
#1501=DIRECTION('',(1.,-1.54193201725077E-29,6.85596208723603E-16));
#1502=DIRECTION('center_axis',(1.,0.,4.40666848894133E-16));
#1503=DIRECTION('ref_axis',(4.44089209850063E-16,0.,-1.));
#1504=DIRECTION('center_axis',(-1.,0.,-4.40666848894133E-16));
#1505=DIRECTION('ref_axis',(-4.40619762898109E-16,1.22464679914735E-16,
1.));
#1506=DIRECTION('center_axis',(5.3966124598855E-32,-1.,-1.22464679914735E-16));
#1507=DIRECTION('ref_axis',(-4.44089209850063E-16,-1.22464679914735E-16,
1.));
#1508=DIRECTION('center_axis',(1.,0.,4.40666848894133E-16));
#1509=DIRECTION('ref_axis',(-4.40666848894133E-16,1.22464679914735E-16,
1.));
#1510=DIRECTION('center_axis',(1.,0.,4.40666848894133E-16));
#1511=DIRECTION('ref_axis',(4.37684077015686E-16,0.,-1.));
#1512=DIRECTION('center_axis',(1.,0.,4.40666848894133E-16));
#1513=DIRECTION('ref_axis',(-4.37684077015686E-16,0.,1.));
#1514=DIRECTION('center_axis',(1.,0.,4.40666848894133E-16));
#1515=DIRECTION('ref_axis',(-4.37684077015686E-16,0.,1.));
#1516=DIRECTION('',(-1.,0.,-4.40666848894133E-16));
#1517=DIRECTION('center_axis',(-1.,0.,-4.40666848894133E-16));
#1518=DIRECTION('ref_axis',(-4.40666848894133E-16,0.,1.));
#1519=DIRECTION('center_axis',(1.,0.,4.40666848894133E-16));
#1520=DIRECTION('ref_axis',(-4.27008855625061E-16,0.,1.));
#1521=DIRECTION('',(2.20333424447067E-16,-0.866025403784438,-0.500000000000002));
#1522=DIRECTION('',(4.40666848894133E-16,2.22044604925031E-15,-1.));
#1523=DIRECTION('',(2.20333424447066E-16,0.866025403784439,-0.499999999999999));
#1524=DIRECTION('',(-2.20333424447067E-16,0.866025403784438,0.500000000000001));
#1525=DIRECTION('',(-4.40666848894133E-16,-1.11022302462515E-15,1.));
#1526=DIRECTION('',(-2.20333424447066E-16,-0.866025403784439,0.499999999999998));
#1527=DIRECTION('',(3.81628685747957E-16,0.500000000000002,-0.866025403784438));
#1528=DIRECTION('',(-9.7847696366256E-31,1.,2.22044604925031E-15));
#1529=DIRECTION('',(-3.81628685747958E-16,0.499999999999998,0.86602540378444));
#1530=DIRECTION('',(-3.81628685747957E-16,-0.500000000000001,0.866025403784438));
#1531=DIRECTION('',(4.8923848183128E-31,-1.,-1.11022302462515E-15));
#1532=DIRECTION('',(3.81628685747958E-16,-0.499999999999998,-0.86602540378444));
#1533=DIRECTION('',(-3.81628685747957E-16,-0.500000000000002,0.866025403784438));
#1534=DIRECTION('',(9.7847696366256E-31,-1.,-2.22044604925031E-15));
#1535=DIRECTION('',(3.81628685747958E-16,-0.499999999999998,-0.86602540378444));
#1536=DIRECTION('',(3.81628685747957E-16,0.500000000000001,-0.866025403784438));
#1537=DIRECTION('',(-4.8923848183128E-31,1.,1.11022302462515E-15));
#1538=DIRECTION('',(-3.81628685747958E-16,0.499999999999998,0.86602540378444));
#1539=DIRECTION('',(-2.20333424447067E-16,0.866025403784437,0.500000000000002));
#1540=DIRECTION('',(-4.40666848894133E-16,-2.22044604925031E-15,1.));
#1541=DIRECTION('',(-2.20333424447066E-16,-0.86602540378444,0.499999999999998));
#1542=DIRECTION('',(2.20333424447067E-16,-0.866025403784438,-0.500000000000001));
#1543=DIRECTION('',(4.40666848894133E-16,1.11022302462515E-15,-1.));
#1544=DIRECTION('',(2.20333424447065E-16,0.86602540378444,-0.499999999999998));
#1545=DIRECTION('center_axis',(-1.,0.,-4.40666848894133E-16));
#1546=DIRECTION('ref_axis',(-4.39156584651881E-16,0.,1.));
#1547=DIRECTION('center_axis',(-1.,0.,-4.40666848894133E-16));
#1548=DIRECTION('ref_axis',(-4.40666848894133E-16,0.,1.));
#1549=DIRECTION('',(-0.707106781186566,8.6595605623547E-17,-0.707106781186529));
#1550=DIRECTION('center_axis',(1.,0.,4.40666848894133E-16));
#1551=DIRECTION('ref_axis',(4.40666848894133E-16,0.,-1.));
#1552=DIRECTION('center_axis',(-1.,0.,-4.40666848894133E-16));
#1553=DIRECTION('ref_axis',(-4.41295842470889E-16,0.,1.));
#1554=DIRECTION('center_axis',(-1.,0.,-4.40666848894133E-16));
#1555=DIRECTION('ref_axis',(0.,1.,0.));
#1556=DIRECTION('center_axis',(-1.,0.,-4.40666848894133E-16));
#1557=DIRECTION('ref_axis',(0.,1.,0.));
#1558=DIRECTION('center_axis',(-1.,0.,-4.40666848894133E-16));
#1559=DIRECTION('ref_axis',(0.,1.,0.));
#1560=DIRECTION('center_axis',(-1.,0.,-4.40666848894133E-16));
#1561=DIRECTION('ref_axis',(0.,1.,0.));
#1562=DIRECTION('center_axis',(0.,0.500000000000002,-0.866025403784438));
#1563=DIRECTION('ref_axis',(0.,0.866025403784437,0.500000000000002));
#1564=DIRECTION('',(1.,0.,0.));
#1565=DIRECTION('',(0.,0.866025403784437,0.500000000000002));
#1566=DIRECTION('',(1.,0.,0.));
#1567=DIRECTION('center_axis',(0.,-0.499999999999998,-0.86602540378444));
#1568=DIRECTION('ref_axis',(0.,0.86602540378444,-0.499999999999998));
#1569=DIRECTION('',(1.,0.,0.));
#1570=DIRECTION('',(0.,0.86602540378444,-0.499999999999998));
#1571=DIRECTION('center_axis',(0.,-1.,-1.11022302462515E-15));
#1572=DIRECTION('ref_axis',(0.,1.11022302462515E-15,-1.));
#1573=DIRECTION('',(1.,0.,0.));
#1574=DIRECTION('',(0.,1.11022302462515E-15,-1.));
#1575=DIRECTION('center_axis',(0.,-0.500000000000001,0.866025403784438));
#1576=DIRECTION('ref_axis',(0.,-0.866025403784438,-0.500000000000001));
#1577=DIRECTION('',(1.,0.,0.));
#1578=DIRECTION('',(0.,-0.866025403784438,-0.500000000000001));
#1579=DIRECTION('center_axis',(0.,0.499999999999998,0.86602540378444));
#1580=DIRECTION('ref_axis',(0.,-0.86602540378444,0.499999999999998));
#1581=DIRECTION('',(1.,0.,0.));
#1582=DIRECTION('',(0.,-0.86602540378444,0.499999999999998));
#1583=DIRECTION('center_axis',(0.,1.,2.22044604925031E-15));
#1584=DIRECTION('ref_axis',(0.,-2.22044604925031E-15,1.));
#1585=DIRECTION('',(0.,-2.22044604925031E-15,1.));
#1586=DIRECTION('center_axis',(-1.,0.,0.));
#1587=DIRECTION('ref_axis',(0.,-1.,0.));
#1588=DIRECTION('center_axis',(-1.,0.,0.));
#1589=DIRECTION('ref_axis',(0.,1.,0.));
#1590=DIRECTION('center_axis',(0.,0.866025403784438,0.500000000000002));
#1591=DIRECTION('ref_axis',(0.,-0.500000000000002,0.866025403784438));
#1592=DIRECTION('',(1.,0.,0.));
#1593=DIRECTION('',(0.,-0.500000000000002,0.866025403784438));
#1594=DIRECTION('',(1.,0.,0.));
#1595=DIRECTION('center_axis',(0.,0.86602540378444,-0.499999999999998));
#1596=DIRECTION('ref_axis',(0.,0.499999999999998,0.86602540378444));
#1597=DIRECTION('',(1.,0.,0.));
#1598=DIRECTION('',(0.,0.499999999999998,0.86602540378444));
#1599=DIRECTION('center_axis',(0.,1.11022302462515E-15,-1.));
#1600=DIRECTION('ref_axis',(0.,1.,1.11022302462515E-15));
#1601=DIRECTION('',(1.,0.,0.));
#1602=DIRECTION('',(0.,1.,1.11022302462515E-15));
#1603=DIRECTION('center_axis',(0.,-0.866025403784438,-0.500000000000001));
#1604=DIRECTION('ref_axis',(0.,0.500000000000001,-0.866025403784438));
#1605=DIRECTION('',(1.,0.,0.));
#1606=DIRECTION('',(0.,0.500000000000001,-0.866025403784438));
#1607=DIRECTION('center_axis',(0.,-0.86602540378444,0.499999999999998));
#1608=DIRECTION('ref_axis',(0.,-0.499999999999998,-0.86602540378444));
#1609=DIRECTION('',(1.,0.,0.));
#1610=DIRECTION('',(0.,-0.499999999999998,-0.86602540378444));
#1611=DIRECTION('center_axis',(0.,-2.22044604925031E-15,1.));
#1612=DIRECTION('ref_axis',(0.,-1.,-2.22044604925031E-15));
#1613=DIRECTION('',(0.,-1.,-2.22044604925031E-15));
#1614=DIRECTION('center_axis',(-1.,0.,0.));
#1615=DIRECTION('ref_axis',(0.,-1.,0.));
#1616=DIRECTION('center_axis',(-1.,0.,0.));
#1617=DIRECTION('ref_axis',(0.,1.,0.));
#1618=DIRECTION('center_axis',(0.,-0.866025403784438,-0.500000000000002));
#1619=DIRECTION('ref_axis',(0.,0.500000000000002,-0.866025403784438));
#1620=DIRECTION('',(1.,0.,0.));
#1621=DIRECTION('',(0.,0.500000000000002,-0.866025403784438));
#1622=DIRECTION('',(1.,0.,0.));
#1623=DIRECTION('center_axis',(0.,-0.86602540378444,0.499999999999998));
#1624=DIRECTION('ref_axis',(0.,-0.499999999999998,-0.86602540378444));
#1625=DIRECTION('',(1.,0.,0.));
#1626=DIRECTION('',(0.,-0.499999999999998,-0.86602540378444));
#1627=DIRECTION('center_axis',(0.,-1.11022302462515E-15,1.));
#1628=DIRECTION('ref_axis',(0.,-1.,-1.11022302462515E-15));
#1629=DIRECTION('',(1.,0.,0.));
#1630=DIRECTION('',(0.,-1.,-1.11022302462515E-15));
#1631=DIRECTION('center_axis',(0.,0.866025403784438,0.500000000000001));
#1632=DIRECTION('ref_axis',(0.,-0.500000000000001,0.866025403784438));
#1633=DIRECTION('',(1.,0.,0.));
#1634=DIRECTION('',(0.,-0.500000000000001,0.866025403784438));
#1635=DIRECTION('center_axis',(0.,0.86602540378444,-0.499999999999998));
#1636=DIRECTION('ref_axis',(0.,0.499999999999998,0.86602540378444));
#1637=DIRECTION('',(1.,0.,0.));
#1638=DIRECTION('',(0.,0.499999999999998,0.86602540378444));
#1639=DIRECTION('center_axis',(0.,2.22044604925031E-15,-1.));
#1640=DIRECTION('ref_axis',(0.,1.,2.22044604925031E-15));
#1641=DIRECTION('',(0.,1.,2.22044604925031E-15));
#1642=DIRECTION('center_axis',(-1.,0.,0.));
#1643=DIRECTION('ref_axis',(0.,-1.,0.));
#1644=DIRECTION('center_axis',(-1.,0.,0.));
#1645=DIRECTION('ref_axis',(0.,1.,0.));
#1646=DIRECTION('center_axis',(0.,-0.500000000000002,0.866025403784438));
#1647=DIRECTION('ref_axis',(0.,-0.866025403784438,-0.500000000000002));
#1648=DIRECTION('',(1.,0.,0.));
#1649=DIRECTION('',(0.,-0.866025403784438,-0.500000000000002));
#1650=DIRECTION('',(1.,0.,0.));
#1651=DIRECTION('center_axis',(0.,0.499999999999999,0.86602540378444));
#1652=DIRECTION('ref_axis',(0.,-0.866025403784439,0.499999999999998));
#1653=DIRECTION('',(1.,0.,0.));
#1654=DIRECTION('',(0.,-0.866025403784439,0.499999999999998));
#1655=DIRECTION('center_axis',(0.,1.,1.11022302462515E-15));
#1656=DIRECTION('ref_axis',(0.,-1.11022302462515E-15,1.));
#1657=DIRECTION('',(1.,0.,0.));
#1658=DIRECTION('',(0.,-1.11022302462515E-15,1.));
#1659=DIRECTION('center_axis',(0.,0.500000000000001,-0.866025403784438));
#1660=DIRECTION('ref_axis',(0.,0.866025403784438,0.500000000000001));
#1661=DIRECTION('',(1.,0.,0.));
#1662=DIRECTION('',(0.,0.866025403784438,0.500000000000001));
#1663=DIRECTION('center_axis',(0.,-0.499999999999999,-0.866025403784439));
#1664=DIRECTION('ref_axis',(0.,0.866025403784439,-0.499999999999999));
#1665=DIRECTION('',(1.,0.,0.));
#1666=DIRECTION('',(0.,0.866025403784439,-0.499999999999999));
#1667=DIRECTION('center_axis',(0.,-1.,-2.22044604925031E-15));
#1668=DIRECTION('ref_axis',(0.,2.22044604925031E-15,-1.));
#1669=DIRECTION('',(0.,2.22044604925031E-15,-1.));
#1670=DIRECTION('center_axis',(-1.,0.,0.));
#1671=DIRECTION('ref_axis',(0.,-1.,0.));
#1672=DIRECTION('center_axis',(-1.,0.,0.));
#1673=DIRECTION('ref_axis',(0.,1.,0.));
#1674=DIRECTION('center_axis',(-1.,0.,-4.40666848894133E-16));
#1675=DIRECTION('ref_axis',(-4.40984538543307E-16,0.,1.));
#1676=DIRECTION('center_axis',(1.,0.,4.40666848894133E-16));
#1677=DIRECTION('ref_axis',(-4.41295842470889E-16,0.,1.));
#1678=DIRECTION('',(0.707106781186547,8.65956056235494E-17,0.707106781186548));
#1679=DIRECTION('center_axis',(-1.,0.,-4.40666848894133E-16));
#1680=DIRECTION('ref_axis',(-4.40666848894133E-16,0.,1.));
#1681=DIRECTION('center_axis',(1.,0.,4.40666848894133E-16));
#1682=DIRECTION('ref_axis',(4.40666848894133E-16,0.,-1.));
#1683=DIRECTION('center_axis',(1.,0.,4.40666848894133E-16));
#1684=DIRECTION('ref_axis',(4.40666848894133E-16,0.,-1.));
#1685=DIRECTION('center_axis',(1.,0.,4.40666848894133E-16));
#1686=DIRECTION('ref_axis',(-4.41295842470889E-16,0.,1.));
#1687=DIRECTION('',(-1.,0.,-4.40666848894133E-16));
#1688=DIRECTION('center_axis',(1.,0.,4.40666848894133E-16));
#1689=DIRECTION('ref_axis',(-3.88348919551736E-16,-0.4579287473763,0.888988898876906));
#1690=DIRECTION('center_axis',(-1.,0.,-4.40666848894133E-16));
#1691=DIRECTION('ref_axis',(-4.37267831675918E-16,-6.28316874202794E-14,
1.));
#1692=DIRECTION('center_axis',(-1.,0.,-4.40666848894133E-16));
#1693=DIRECTION('ref_axis',(0.,1.,0.));
#1694=DIRECTION('',(-1.,0.,-4.40666848894133E-16));
#1695=DIRECTION('center_axis',(-1.,0.,-4.40666848894133E-16));
#1696=DIRECTION('ref_axis',(0.,1.,0.));
#1697=DIRECTION('',(-1.,0.,-4.40666848894133E-16));
#1698=DIRECTION('center_axis',(-1.,0.,-4.40666848894133E-16));
#1699=DIRECTION('ref_axis',(0.,1.,0.));
#1700=DIRECTION('',(-1.,0.,-4.40666848894133E-16));
#1701=DIRECTION('center_axis',(-1.,0.,-4.40666848894133E-16));
#1702=DIRECTION('ref_axis',(0.,1.,0.));
#1703=DIRECTION('',(-1.,0.,-4.40666848894133E-16));
#1704=DIRECTION('center_axis',(1.,0.,4.40666848894133E-16));
#1705=DIRECTION('ref_axis',(-4.41295842470889E-16,0.,1.));
#1706=DIRECTION('',(-1.,0.,-4.40666848894133E-16));
#1707=DIRECTION('center_axis',(1.,0.,4.40666848894133E-16));
#1708=DIRECTION('ref_axis',(-4.41295842470889E-16,0.,1.));
#1709=DIRECTION('center_axis',(1.,0.,4.40666848894133E-16));
#1710=DIRECTION('ref_axis',(4.40666848894133E-16,0.,-1.));
#1711=DIRECTION('center_axis',(1.,0.,4.40666848894133E-16));
#1712=DIRECTION('ref_axis',(4.40666848894133E-16,0.,-1.));
#1713=DIRECTION('center_axis',(-1.,0.,-4.40666848894133E-16));
#1714=DIRECTION('ref_axis',(-4.40666848894133E-16,0.,1.));
#1715=DIRECTION('center_axis',(1.,0.,4.40666848894133E-16));
#1716=DIRECTION('ref_axis',(4.40666848894133E-16,0.,-1.));
#1717=DIRECTION('center_axis',(1.,0.,4.40666848894133E-16));
#1718=DIRECTION('ref_axis',(-3.58739409539953E-16,0.534644671606957,0.845076964022975));
#1719=DIRECTION('center_axis',(1.,0.,4.40666848894133E-16));
#1720=DIRECTION('ref_axis',(-4.27008855625061E-16,0.,1.));
#1721=DIRECTION('',(-1.,0.,-4.40666848894133E-16));
#1722=CARTESIAN_POINT('',(0.,0.,0.));
#1723=CARTESIAN_POINT('Origin',(10.9999999999999,0.,4.84733533783543E-15));
#1724=CARTESIAN_POINT('',(0.320444066281957,-0.00042111613940965,-16.4419114896916));
#1725=CARTESIAN_POINT('',(0.179555933717895,-0.000250766371311076,-16.441674601854));
#1726=CARTESIAN_POINT('',(10.9999999999999,2.01356426715808E-15,-16.442));
#1727=CARTESIAN_POINT('',(-8.07687250414801E-14,-14.8575756077425,7.04214534500784));
#1728=CARTESIAN_POINT('Ctrl Pts',(0.320444066281957,-0.00042111613940965,
-16.4419114896916));
#1729=CARTESIAN_POINT('Ctrl Pts',(0.314093107888124,-0.656523985942277,
-16.4425707564142));
#1730=CARTESIAN_POINT('Ctrl Pts',(0.307742149494292,-1.31254963151518,-16.4040369549707));
#1731=CARTESIAN_POINT('Ctrl Pts',(0.301391191100459,-1.96378711077231,-16.3257008395725));
#1732=CARTESIAN_POINT('Ctrl Pts',(0.275042973062397,-4.66557572817024,-16.0007078352452));
#1733=CARTESIAN_POINT('Ctrl Pts',(0.248694755024335,-7.28495182649971,-14.9906490371577));
#1734=CARTESIAN_POINT('Ctrl Pts',(0.222346536986272,-9.50547000463625,-13.417558784783));
#1735=CARTESIAN_POINT('Ctrl Pts',(0.19599831894821,-11.7259881827728,-11.8444685324082));
#1736=CARTESIAN_POINT('Ctrl Pts',(0.169650100910147,-13.5476484407164,-9.70834682574626));
#1737=CARTESIAN_POINT('Ctrl Pts',(0.143301882872084,-14.7503227650531,-7.26727089439155));
#1738=CARTESIAN_POINT('Ctrl Pts',(0.116953664834021,-15.9529970893899,-4.82619496303685));
#1739=CARTESIAN_POINT('Ctrl Pts',(0.0906054467959579,-16.5366854801198,
-2.08016480698939));
#1740=CARTESIAN_POINT('Ctrl Pts',(0.0642572287578949,-16.4309451898799,
0.639045099518156));
#1741=CARTESIAN_POINT('Ctrl Pts',(0.0428381525052358,-16.3449864606651,
2.84955376656852));
#1742=CARTESIAN_POINT('Ctrl Pts',(0.0214190762525769,-15.8034228976996,
5.04233843160087));
#1743=CARTESIAN_POINT('Ctrl Pts',(-8.20610940310829E-14,-14.8577850454894,
7.04265637762483));
#1744=CARTESIAN_POINT('',(-7.46624984060418E-14,-14.8575756077425,-7.04214534500784));
#1745=CARTESIAN_POINT('Origin',(-7.7715611723761E-14,0.,-3.45126646034193E-29));
#1746=CARTESIAN_POINT('Ctrl Pts',(-7.43849426498855E-14,-14.8575756077425,
-7.04214534500783));
#1747=CARTESIAN_POINT('Ctrl Pts',(0.0263482180379886,-13.6917432597088,
-9.50182792868828));
#1748=CARTESIAN_POINT('Ctrl Pts',(0.0526964360760516,-11.9040386965797,
-11.6652603878856));
#1749=CARTESIAN_POINT('Ctrl Pts',(0.0790446541141143,-9.70803096352062,
-13.2718322036927));
#1750=CARTESIAN_POINT('Ctrl Pts',(0.105392872152177,-7.51202323046155,-14.8784040194999));
#1751=CARTESIAN_POINT('Ctrl Pts',(0.131741090190239,-4.90771232747256,-15.9281151919169));
#1752=CARTESIAN_POINT('Ctrl Pts',(0.158089308228301,-2.21102169387719,-16.2940548486111));
#1753=CARTESIAN_POINT('Ctrl Pts',(0.165244850058166,-1.47866542587376,-16.393435251373));
#1754=CARTESIAN_POINT('Ctrl Pts',(0.17240039188803,-0.739495830701483,-16.4423851212162));
#1755=CARTESIAN_POINT('Ctrl Pts',(0.179555933717895,-0.000250766371311076,
-16.441674601854));
#1756=CARTESIAN_POINT('Origin',(10.9999999999999,0.,4.84733533783543E-15));
#1757=CARTESIAN_POINT('',(1.32044406628195,0.000276685347543326,-16.4429807887692));
#1758=CARTESIAN_POINT('',(1.1795559337179,0.00020825481258865,-16.4431637709065));
#1759=CARTESIAN_POINT('',(10.9999999999999,2.01356426715808E-15,-16.442));
#1760=CARTESIAN_POINT('Ctrl Pts',(1.32044406628195,0.000276685347543326,
-16.4429807887692));
#1761=CARTESIAN_POINT('Ctrl Pts',(1.29693839101153,-2.42758403945765,-16.4410492804771));
#1762=CARTESIAN_POINT('Ctrl Pts',(1.27343271574111,-4.85628267198127,-15.8963873996527));
#1763=CARTESIAN_POINT('Ctrl Pts',(1.24992704047068,-7.04954988538188,-14.8555981655145));
#1764=CARTESIAN_POINT('Ctrl Pts',(1.22357882243262,-9.50804903886608,-13.6889462247705));
#1765=CARTESIAN_POINT('Ctrl Pts',(1.19723060439456,-11.6707323331253,-11.8989181014753));
#1766=CARTESIAN_POINT('Ctrl Pts',(1.17088238635649,-13.276310127409,-9.70178023732035));
#1767=CARTESIAN_POINT('Ctrl Pts',(1.14453416831843,-14.8818879216927,-7.50464237316546));
#1768=CARTESIAN_POINT('Ctrl Pts',(1.11818595028037,-15.9303602160009,-4.90039476815091));
#1769=CARTESIAN_POINT('Ctrl Pts',(1.0918377322423,-16.2950533589686,-2.20367569615514));
#1770=CARTESIAN_POINT('Ctrl Pts',(1.06548951420424,-16.6597465019363,0.493043375840637));
#1771=CARTESIAN_POINT('Ctrl Pts',(1.03914129616618,-16.3406604935634,3.28223391481764));
#1772=CARTESIAN_POINT('Ctrl Pts',(1.01279307812812,-15.3763464863309,5.82691332943176));
#1773=CARTESIAN_POINT('Ctrl Pts',(0.986444860090053,-14.4120324790984,8.37159274404588));
#1774=CARTESIAN_POINT('Ctrl Pts',(0.960096642051991,-12.8024904730062,10.6717610342971));
#1775=CARTESIAN_POINT('Ctrl Pts',(0.933748424013928,-10.7421810003062,12.4495179844512));
#1776=CARTESIAN_POINT('Ctrl Pts',(0.907400205975866,-8.68187152760614,14.2272749346054));
#1777=CARTESIAN_POINT('Ctrl Pts',(0.881051987937804,-6.1707945882983,15.4826205446624));
#1778=CARTESIAN_POINT('Ctrl Pts',(0.854703769899742,-3.51233193280934,16.0638872850122));
#1779=CARTESIAN_POINT('Ctrl Pts',(0.828355551861679,-0.853869277320375,
16.6451540253619));
#1780=CARTESIAN_POINT('Ctrl Pts',(0.802007333823617,1.95197909434971,16.5523418960044));
#1781=CARTESIAN_POINT('Ctrl Pts',(0.775659115785556,4.56621824568052,15.7966642290421));
#1782=CARTESIAN_POINT('Ctrl Pts',(0.749310897747495,7.18045739701132,15.0409865620797));
#1783=CARTESIAN_POINT('Ctrl Pts',(0.722962679709434,9.60308732800286,13.6224433575124));
#1784=CARTESIAN_POINT('Ctrl Pts',(0.696614461671373,11.5414119279124,11.7124192023616));
#1785=CARTESIAN_POINT('Ctrl Pts',(0.670266243633312,13.479736527822,9.80239504721074));
#1786=CARTESIAN_POINT('Ctrl Pts',(0.643918025595252,14.9337557966495,7.40088994147635));
#1787=CARTESIAN_POINT('Ctrl Pts',(0.617569807557191,15.7277997627301,4.79804741458769));
#1788=CARTESIAN_POINT('Ctrl Pts',(0.59122158951913,16.5218437288106,2.19520488769902));
#1789=CARTESIAN_POINT('Ctrl Pts',(0.56487337148107,16.6559123921442,-0.608975060343919));
#1790=CARTESIAN_POINT('Ctrl Pts',(0.538525153443009,16.1138064425961,-3.27569898409792));
#1791=CARTESIAN_POINT('Ctrl Pts',(0.512176935404949,15.5717004930479,-5.94242290785193));
#1792=CARTESIAN_POINT('Ctrl Pts',(0.485828717366888,14.353419930618,-8.47169080731699));
#1793=CARTESIAN_POINT('Ctrl Pts',(0.459480499328827,12.6061570512981,-10.5579230167581));
#1794=CARTESIAN_POINT('Ctrl Pts',(0.433132281290766,10.8588941719782,-12.6441552261992));
#1795=CARTESIAN_POINT('Ctrl Pts',(0.406784063252705,8.58264897576829,-14.2873517456164));
#1796=CARTESIAN_POINT('Ctrl Pts',(0.380435845214644,6.05242580943015,-15.2889864000415));
#1797=CARTESIAN_POINT('Ctrl Pts',(0.360438585570415,4.13208609074344,-16.0491876487279));
#1798=CARTESIAN_POINT('Ctrl Pts',(0.340441325926186,2.06544967487586,-16.4398356568788));
#1799=CARTESIAN_POINT('Ctrl Pts',(0.320444066281957,-0.00042111613940965,
-16.4419114896916));
#1800=CARTESIAN_POINT('Ctrl Pts',(0.179555933717895,-0.000250766371311076,
-16.441674601854));
#1801=CARTESIAN_POINT('Ctrl Pts',(0.198748609926092,1.98256080758684,-16.439768838687));
#1802=CARTESIAN_POINT('Ctrl Pts',(0.21794128613429,3.96591532615666,-16.0805934108594));
#1803=CARTESIAN_POINT('Ctrl Pts',(0.237133962342486,5.81979556514765,-15.3790094133436));
#1804=CARTESIAN_POINT('Ctrl Pts',(0.263482180380548,8.36485182637537,-14.4158561804107));
#1805=CARTESIAN_POINT('Ctrl Pts',(0.289830398418609,10.665893984629,-12.8073815735733));
#1806=CARTESIAN_POINT('Ctrl Pts',(0.316178616456669,12.444628145665,-10.7478903659556));
#1807=CARTESIAN_POINT('Ctrl Pts',(0.34252683449473,14.223362306701,-8.68839915833795));
#1808=CARTESIAN_POINT('Ctrl Pts',(0.368875052532791,15.4797884705194,-6.17789134993988));
#1809=CARTESIAN_POINT('Ctrl Pts',(0.395223270570852,16.0622568625063,-3.5196938079874));
#1810=CARTESIAN_POINT('Ctrl Pts',(0.421571488608913,16.6447252544932,-0.861496266034906));
#1811=CARTESIAN_POINT('Ctrl Pts',(0.447919706646973,16.5532358746487,1.944391009472));
#1812=CARTESIAN_POINT('Ctrl Pts',(0.474267924685034,15.7987654866638,4.5589754283546));
#1813=CARTESIAN_POINT('Ctrl Pts',(0.500616142723095,15.0442950986789,7.1735598472372));
#1814=CARTESIAN_POINT('Ctrl Pts',(0.526964360761156,13.6268437025535,9.5968414094955));
#1815=CARTESIAN_POINT('Ctrl Pts',(0.553312578799217,11.7177037633121,11.5360419167328));
#1816=CARTESIAN_POINT('Ctrl Pts',(0.579660796837278,9.80856382407081,13.4752424239702));
#1817=CARTESIAN_POINT('Ctrl Pts',(0.606009014875338,7.40773534171355,14.9303618761865));
#1818=CARTESIAN_POINT('Ctrl Pts',(0.6323572329134,4.80525943505618,15.7255985562357));
#1819=CARTESIAN_POINT('Ctrl Pts',(0.658705450951461,2.20278352839881,16.5208352362849));
#1820=CARTESIAN_POINT('Ctrl Pts',(0.685053668989524,-0.601339802558674,
16.6561891441669));
#1821=CARTESIAN_POINT('Ctrl Pts',(0.711401887027586,-3.2683131551183,16.1153061708789));
#1822=CARTESIAN_POINT('Ctrl Pts',(0.737750105065648,-5.93528650767792,15.5744231975908));
#1823=CARTESIAN_POINT('Ctrl Pts',(0.764098323103709,-8.46510988183969,14.3573033431328));
#1824=CARTESIAN_POINT('Ctrl Pts',(0.790446541141772,-10.5521422710203,12.6109963170735));
#1825=CARTESIAN_POINT('Ctrl Pts',(0.816794759179834,-12.6391746602009,10.8646892910141));
#1826=CARTESIAN_POINT('Ctrl Pts',(0.843142977217897,-14.2834160644004,8.58919509335355));
#1827=CARTESIAN_POINT('Ctrl Pts',(0.86949119525596,-15.2862107406648,6.05943261509868));
#1828=CARTESIAN_POINT('Ctrl Pts',(0.895839413294024,-16.2890054169292,3.52967013684381));
#1829=CARTESIAN_POINT('Ctrl Pts',(0.922187631332086,-16.6503533652586,0.745639377994657));
#1830=CARTESIAN_POINT('Ctrl Pts',(0.94853584937015,-16.3265989718179,-1.9563003229714));
#1831=CARTESIAN_POINT('Ctrl Pts',(0.974884067408213,-16.0028445783773,-4.65824002393745));
#1832=CARTESIAN_POINT('Ctrl Pts',(1.00123228544628,-14.9939878431666,-7.2780886670204));
#1833=CARTESIAN_POINT('Ctrl Pts',(1.02758050348434,-13.4219153864929,-9.49932317391794));
#1834=CARTESIAN_POINT('Ctrl Pts',(1.0539287215224,-11.8498429298192,-11.7205576808155));
#1835=CARTESIAN_POINT('Ctrl Pts',(1.08027693956046,-9.71455475168248,-13.5431780515276));
#1836=CARTESIAN_POINT('Ctrl Pts',(1.10662515759853,-7.27403109420407,-14.7469800985715));
#1837=CARTESIAN_POINT('Ctrl Pts',(1.13093541630498,-5.02227496379622,-15.8576714991332));
#1838=CARTESIAN_POINT('Ctrl Pts',(1.15524567501144,-2.51067544153565,-16.4415701018545));
#1839=CARTESIAN_POINT('Ctrl Pts',(1.1795559337179,0.00020825481258865,-16.4431637709065));
#1840=CARTESIAN_POINT('Origin',(10.9999999999999,0.,4.84733533783543E-15));
#1841=CARTESIAN_POINT('',(2.32044406628196,0.000106621579392119,-16.4406584581887));
#1842=CARTESIAN_POINT('',(2.1795559337179,0.000178267671656173,-16.4407371630203));
#1843=CARTESIAN_POINT('',(10.9999999999999,2.01356426715808E-15,-16.442));
#1844=CARTESIAN_POINT('Ctrl Pts',(2.32044406628196,0.000106621579392119,
-16.4406584581887));
#1845=CARTESIAN_POINT('Ctrl Pts',(2.306131892173,-1.47877405444861,-16.4403207538179));
#1846=CARTESIAN_POINT('Ctrl Pts',(2.29181971806405,-2.95774328243994,-16.2425891802321));
#1847=CARTESIAN_POINT('Ctrl Pts',(2.2775075439551,-4.38245174343855,-15.8486298190713));
#1848=CARTESIAN_POINT('Ctrl Pts',(2.25115932591703,-7.00529079537394,-15.1233642467705));
#1849=CARTESIAN_POINT('Ctrl Pts',(2.22481110787897,-9.44423176346332,-13.7330525254313));
#1850=CARTESIAN_POINT('Ctrl Pts',(2.19846288984091,-11.4046082811689,-11.8456684226189));
#1851=CARTESIAN_POINT('Ctrl Pts',(2.17211467180284,-13.3649847988744,-9.95828431980659));
#1852=CARTESIAN_POINT('Ctrl Pts',(2.14576645376478,-14.8467968661961,-7.57382783552116));
#1853=CARTESIAN_POINT('Ctrl Pts',(2.11941823572672,-15.6710158869224,-4.98038266575273));
#1854=CARTESIAN_POINT('Ctrl Pts',(2.09307001768865,-16.4952349076486,-2.38693749598433));
#1855=CARTESIAN_POINT('Ctrl Pts',(2.06672179965059,-16.6618608817794,0.415496359267062));
#1856=CARTESIAN_POINT('Ctrl Pts',(2.04037358161253,-16.1507625019056,3.08833628878273));
#1857=CARTESIAN_POINT('Ctrl Pts',(2.01402536357447,-15.6396641220317,5.7611762182984));
#1858=CARTESIAN_POINT('Ctrl Pts',(1.9876771455364,-14.4508413881532,8.30442222207836));
#1859=CARTESIAN_POINT('Ctrl Pts',(1.96132892749834,-12.7279247038171,10.4108060763529));
#1860=CARTESIAN_POINT('Ctrl Pts',(1.93498070946028,-11.005008019481,12.5171899306275));
#1861=CARTESIAN_POINT('Ctrl Pts',(1.90863249142222,-8.74799738468743,14.1867116353966));
#1862=CARTESIAN_POINT('Ctrl Pts',(1.88228427338415,-6.22957882654343,15.2176640148697));
#1863=CARTESIAN_POINT('Ctrl Pts',(1.85593605534609,-3.71116026839943,16.2486163943428));
#1864=CARTESIAN_POINT('Ctrl Pts',(1.82958783730803,-0.931333786905053,16.6409994485198));
#1865=CARTESIAN_POINT('Ctrl Pts',(1.80323961926997,1.77404936950072,16.3474064995082));
#1866=CARTESIAN_POINT('Ctrl Pts',(1.7768914012319,4.47943252590649,16.0538135504967));
#1867=CARTESIAN_POINT('Ctrl Pts',(1.75054318319384,7.11037235722367,15.0742445982966));
#1868=CARTESIAN_POINT('Ctrl Pts',(1.72419496515578,9.34900570455546,13.5270485606181));
#1869=CARTESIAN_POINT('Ctrl Pts',(1.69784674711772,11.5876390518872,11.9798525229396));
#1870=CARTESIAN_POINT('Ctrl Pts',(1.67149852907966,13.4339659152336,9.8650293997828));
#1871=CARTESIAN_POINT('Ctrl Pts',(1.6451503110416,14.6649179892336,7.43808650095555));
#1872=CARTESIAN_POINT('Ctrl Pts',(1.61880209300354,15.8958700632336,5.0111436021283));
#1873=CARTESIAN_POINT('Ctrl Pts',(1.59245387496548,16.5114473478871,2.27208092763064));
#1874=CARTESIAN_POINT('Ctrl Pts',(1.56610565692742,16.4372774317842,-0.448175248950515));
#1875=CARTESIAN_POINT('Ctrl Pts',(1.53975743888936,16.3631075156813,-3.16843142553167));
#1876=CARTESIAN_POINT('Ctrl Pts',(1.5134092208513,15.5991903988219,-5.86988110419634));
#1877=CARTESIAN_POINT('Ctrl Pts',(1.48706100281323,14.2378205166761,-8.22614231363235));
#1878=CARTESIAN_POINT('Ctrl Pts',(1.46071278477517,12.8764506345303,-10.5824035230684));
#1879=CARTESIAN_POINT('Ctrl Pts',(1.43436456673711,10.917627987098,-12.5934762632757));
#1880=CARTESIAN_POINT('Ctrl Pts',(1.40801634869905,8.59801232235769,-14.0163880699063));
#1881=CARTESIAN_POINT('Ctrl Pts',(1.38166813066099,6.27839665761739,-15.4392998765368));
#1882=CARTESIAN_POINT('Ctrl Pts',(1.35531991262293,3.59798797556907,-16.2740507495905));
#1883=CARTESIAN_POINT('Ctrl Pts',(1.32897169458487,0.88062612819034,-16.419788307021));
#1884=CARTESIAN_POINT('Ctrl Pts',(1.32612915181723,0.587467127639934,-16.4355110112756));
#1885=CARTESIAN_POINT('Ctrl Pts',(1.32328660904959,0.293878033308447,-16.4432143661867));
#1886=CARTESIAN_POINT('Ctrl Pts',(1.32044406628195,0.000276685347543326,
-16.4429807887692));
#1887=CARTESIAN_POINT('Ctrl Pts',(1.1795559337179,0.00020825481258865,-16.4431637709065));
#1888=CARTESIAN_POINT('Ctrl Pts',(1.1815938930495,0.210698769180855,-16.4432973701724));
#1889=CARTESIAN_POINT('Ctrl Pts',(1.18363185238111,0.421184252954981,-16.4393387177641));
#1890=CARTESIAN_POINT('Ctrl Pts',(1.18566981171271,0.631511200529242,-16.4312551093157));
#1891=CARTESIAN_POINT('Ctrl Pts',(1.21201802975077,3.35077070096404,-16.3267443496402));
#1892=CARTESIAN_POINT('Ctrl Pts',(1.23836624778884,6.04353056501353,-15.5327391069137));
#1893=CARTESIAN_POINT('Ctrl Pts',(1.2647144658269,8.38445859456383,-14.1451689744505));
#1894=CARTESIAN_POINT('Ctrl Pts',(1.29106268386496,10.7253866241141,-12.7575988419873));
#1895=CARTESIAN_POINT('Ctrl Pts',(1.31741090190302,12.7144828191652,-10.7764638197875));
#1896=CARTESIAN_POINT('Ctrl Pts',(1.34375911994108,14.1114299187227,-8.4411193818232));
#1897=CARTESIAN_POINT('Ctrl Pts',(1.37010733797914,15.5083770182801,-6.10577494385893));
#1898=CARTESIAN_POINT('Ctrl Pts',(1.3964555560172,16.3131750223439,-3.41622109013025));
#1899=CARTESIAN_POINT('Ctrl Pts',(1.42280377405526,16.4285903459812,-0.697402567320018));
#1900=CARTESIAN_POINT('Ctrl Pts',(1.44915199209332,16.5440056696186,2.02141595549023));
#1901=CARTESIAN_POINT('Ctrl Pts',(1.47550021013138,15.9700383128296,4.76949914738203));
#1902=CARTESIAN_POINT('Ctrl Pts',(1.50184842816944,14.7760335012999,7.21483089844322));
#1903=CARTESIAN_POINT('Ctrl Pts',(1.5281966462075,13.5820286897703,9.66016264950441));
#1904=CARTESIAN_POINT('Ctrl Pts',(1.55454486424557,11.7679864235001,11.802742959735));
#1905=CARTESIAN_POINT('Ctrl Pts',(1.58089308228363,9.55307446075535,13.3837109704641));
#1906=CARTESIAN_POINT('Ctrl Pts',(1.60724130032169,7.33816249801055,14.9646789811932));
#1907=CARTESIAN_POINT('Ctrl Pts',(1.63358951835975,4.72238083879113,15.9840346924208));
#1908=CARTESIAN_POINT('Ctrl Pts',(1.65993773639781,2.02176127599995,16.3186222555683));
#1909=CARTESIAN_POINT('Ctrl Pts',(1.68628595443587,-0.678858286791244,16.6532098187159));
#1910=CARTESIAN_POINT('Ctrl Pts',(1.71263417247393,-3.46431575315422,16.3030292337834));
#1911=CARTESIAN_POINT('Ctrl Pts',(1.738982390512,-5.99807955613486,15.3103883886705));
#1912=CARTESIAN_POINT('Ctrl Pts',(1.76533060855006,-8.53184335911551,14.3177475435575));
#1913=CARTESIAN_POINT('Ctrl Pts',(1.79167882658812,-10.8139134987138,12.6826464382641));
#1914=CARTESIAN_POINT('Ctrl Pts',(1.81802704462618,-12.5685763239502,10.6026336431216));
#1915=CARTESIAN_POINT('Ctrl Pts',(1.84437526266425,-14.3232391491866,8.52262084797907));
#1916=CARTESIAN_POINT('Ctrl Pts',(1.87072348070231,-15.5504946600611,5.99769636298741));
#1917=CARTESIAN_POINT('Ctrl Pts',(1.89707169874037,-16.1020691076083,3.33291485475551));
#1918=CARTESIAN_POINT('Ctrl Pts',(1.92341991677844,-16.6536435551556,0.668133346523623));
#1919=CARTESIAN_POINT('Ctrl Pts',(1.9497681348165,-16.5295369393756,-2.13650518494851));
#1920=CARTESIAN_POINT('Ctrl Pts',(1.97611635285456,-15.7447434914982,-4.74215176534665));
#1921=CARTESIAN_POINT('Ctrl Pts',(2.00246457089262,-14.9599500436209,-7.3477983457448));
#1922=CARTESIAN_POINT('Ctrl Pts',(2.02881278893069,-13.5144697636463,-9.75445297506898));
#1923=CARTESIAN_POINT('Ctrl Pts',(2.05516100696875,-11.582941737939,-11.6713500364209));
#1924=CARTESIAN_POINT('Ctrl Pts',(2.08150922500681,-9.65141371223172,-13.5882470977727));
#1925=CARTESIAN_POINT('Ctrl Pts',(2.10785744304487,-7.23383794079176,-15.0153865911523));
#1926=CARTESIAN_POINT('Ctrl Pts',(2.13420566108294,-4.62229950379452,-15.7803453154494));
#1927=CARTESIAN_POINT('Ctrl Pts',(2.14932241862792,-3.12398211039545,-16.2192249220481));
#1928=CARTESIAN_POINT('Ctrl Pts',(2.16443917617291,-1.56181882754602,-16.4401372200541));
#1929=CARTESIAN_POINT('Ctrl Pts',(2.1795559337179,0.000178267671656173,
-16.4407371630203));
#1930=CARTESIAN_POINT('Origin',(10.9999999999999,0.,4.84733533783543E-15));
#1931=CARTESIAN_POINT('',(3.32044406628196,-0.000400422558943792,-16.4423086372758));
#1932=CARTESIAN_POINT('',(3.17955593371789,-0.00041592524960545,-16.4420486754784));
#1933=CARTESIAN_POINT('',(10.9999999999999,2.01356426715808E-15,-16.442));
#1934=CARTESIAN_POINT('Ctrl Pts',(3.32044406628196,-0.000400422558943792,
-16.4423086372758));
#1935=CARTESIAN_POINT('Ctrl Pts',(3.31532539333447,-0.529161800756361,-16.4428443476079));
#1936=CARTESIAN_POINT('Ctrl Pts',(3.31020672038699,-1.05787271841346,-16.4178359791391));
#1937=CARTESIAN_POINT('Ctrl Pts',(3.30508804743951,-1.5840749399928,-16.3669073746391));
#1938=CARTESIAN_POINT('Ctrl Pts',(3.27873982940144,-4.29268535689791,-16.1047538849534));
#1939=CARTESIAN_POINT('Ctrl Pts',(3.25239161136338,-6.93482422700956,-15.1558060890449));
#1940=CARTESIAN_POINT('Ctrl Pts',(3.22604339332532,-9.19127535324615,-13.6347133378864));
#1941=CARTESIAN_POINT('Ctrl Pts',(3.19969517528726,-11.4477264794827,-12.1136205867279));
#1942=CARTESIAN_POINT('Ctrl Pts',(3.17334695724919,-13.3184898618442,-10.0203828803195));
#1943=CARTESIAN_POINT('Ctrl Pts',(3.14699873921113,-14.5775448398301,-7.60789963579113));
#1944=CARTESIAN_POINT('Ctrl Pts',(3.12065052117307,-15.8365998178159,-5.1954163912627));
#1945=CARTESIAN_POINT('Ctrl Pts',(3.094302303135,-16.4839463914261,-2.46368760861425));
#1946=CARTESIAN_POINT('Ctrl Pts',(3.06795408509694,-16.4413738678922,0.25724649991565));
#1947=CARTESIAN_POINT('Ctrl Pts',(3.04160586705888,-16.3988013443583,2.97818060844551));
#1948=CARTESIAN_POINT('Ctrl Pts',(3.01525764902082,-15.6663097236804,5.68832004285681));
#1949=CARTESIAN_POINT('Ctrl Pts',(2.98890943098275,-14.3323966969495,8.06023295859358));
#1950=CARTESIAN_POINT('Ctrl Pts',(2.96256121294469,-12.9984836702186,10.4321458743304));
#1951=CARTESIAN_POINT('Ctrl Pts',(2.93621299490663,-11.0631492374349,12.4658322713926));
#1952=CARTESIAN_POINT('Ctrl Pts',(2.90986477686856,-8.76021536182002,13.9155875635943));
#1953=CARTESIAN_POINT('Ctrl Pts',(2.8835165588305,-6.4572814862052,15.365342855796));
#1954=CARTESIAN_POINT('Ctrl Pts',(2.85716834079244,-3.78674816775927,16.2311670431371));
#1955=CARTESIAN_POINT('Ctrl Pts',(2.83082012275438,-1.07126214535644,16.4084535481396));
#1956=CARTESIAN_POINT('Ctrl Pts',(2.80447190471632,1.64422387704643,16.585740053142));
#1957=CARTESIAN_POINT('Ctrl Pts',(2.77812368667825,4.4046626034062,16.0744888758058));
#1958=CARTESIAN_POINT('Ctrl Pts',(2.75177546864019,6.87654516237883,14.9364680247806));
#1959=CARTESIAN_POINT('Ctrl Pts',(2.72542725060213,9.34842772135145,13.7984471737553));
#1960=CARTESIAN_POINT('Ctrl Pts',(2.69907903256407,11.5317541129369,12.0336566490411));
#1961=CARTESIAN_POINT('Ctrl Pts',(2.67273081452601,13.1627406444634,9.85531375208924));
#1962=CARTESIAN_POINT('Ctrl Pts',(2.64638259648795,14.7937271759898,7.6769708551374));
#1963=CARTESIAN_POINT('Ctrl Pts',(2.62003437844989,15.8723738474573,5.08507558594801));
#1964=CARTESIAN_POINT('Ctrl Pts',(2.59368616041183,16.2683614344087,2.39277384325618));
#1965=CARTESIAN_POINT('Ctrl Pts',(2.56733794237377,16.6643490213602,-0.299527899435683));
#1966=CARTESIAN_POINT('Ctrl Pts',(2.54098972433571,16.3776775237956,-3.09223611562999));
#1967=CARTESIAN_POINT('Ctrl Pts',(2.51464150629765,15.4429818302517,-5.64794321997344));
#1968=CARTESIAN_POINT('Ctrl Pts',(2.48829328825959,14.5082861367077,-8.20365032431688));
#1969=CARTESIAN_POINT('Ctrl Pts',(2.46194507022152,12.9255662471843,-10.5223563168095));
#1970=CARTESIAN_POINT('Ctrl Pts',(2.43559685218346,10.8860421728224,-12.323921301155));
#1971=CARTESIAN_POINT('Ctrl Pts',(2.4092486341454,8.84651809846047,-14.1254862855004));
#1972=CARTESIAN_POINT('Ctrl Pts',(2.38290041610734,6.35018983926003,-15.4099102616987));
#1973=CARTESIAN_POINT('Ctrl Pts',(2.35655219806928,3.69865714176911,-16.0220125381666));
#1974=CARTESIAN_POINT('Ctrl Pts',(2.34451615414017,2.4874190997746,-16.3016249915793));
#1975=CARTESIAN_POINT('Ctrl Pts',(2.33248011021106,1.24379417366456,-16.4409424558966));
#1976=CARTESIAN_POINT('Ctrl Pts',(2.32044406628196,0.000106621579392119,
-16.4406584581887));
#1977=CARTESIAN_POINT('Ctrl Pts',(2.1795559337179,0.000178267671656173,
-16.4407371630203));
#1978=CARTESIAN_POINT('Ctrl Pts',(2.19078739421097,1.16071210656064,-16.4411829091205));
#1979=CARTESIAN_POINT('Ctrl Pts',(2.20201885470405,2.32115420647715,-16.3200117282507));
#1980=CARTESIAN_POINT('Ctrl Pts',(2.21325031519712,3.45525061594148,-16.0762618216621));
#1981=CARTESIAN_POINT('Ctrl Pts',(2.23959853323519,6.11576119612565,-15.5044416483631));
#1982=CARTESIAN_POINT('Ctrl Pts',(2.26594675127324,8.63128125393951,-14.2580233465503));
#1983=CARTESIAN_POINT('Ctrl Pts',(2.29229496931131,10.6978923407479,-12.4875958632256));
#1984=CARTESIAN_POINT('Ctrl Pts',(2.31864318734937,12.7645034275564,-10.717168379901));
#1985=CARTESIAN_POINT('Ctrl Pts',(2.34499140538743,14.3822055433593,-8.42273171506447));
#1986=CARTESIAN_POINT('Ctrl Pts',(2.37133962342549,15.3555522173875,-5.88149360933724));
#1987=CARTESIAN_POINT('Ctrl Pts',(2.39768784146355,16.3288988914156,-3.34025550361003));
#1988=CARTESIAN_POINT('Ctrl Pts',(2.42403605950161,16.6578901236689,-0.552215956992188));
#1989=CARTESIAN_POINT('Ctrl Pts',(2.45038427753967,16.3027780677316,2.14578150141444));
#1990=CARTESIAN_POINT('Ctrl Pts',(2.47673249557773,15.9476660117943,4.84377895982107));
#1991=CARTESIAN_POINT('Ctrl Pts',(2.50308071361579,14.9084506676663,7.45173433001647));
#1992=CARTESIAN_POINT('Ctrl Pts',(2.52942893165385,13.3106872716173,9.65456137454004));
#1993=CARTESIAN_POINT('Ctrl Pts',(2.55577714969191,11.7129238755682,11.8573884190636));
#1994=CARTESIAN_POINT('Ctrl Pts',(2.58212536772997,9.55661242759806,13.6550871379154));
#1995=CARTESIAN_POINT('Ctrl Pts',(2.60847358576803,7.10227274668189,14.8304643490783));
#1996=CARTESIAN_POINT('Ctrl Pts',(2.6348218038061,4.64793306576573,16.0058415602412));
#1997=CARTESIAN_POINT('Ctrl Pts',(2.66117002184416,1.89556515190354,16.5588972637152));
#1998=CARTESIAN_POINT('Ctrl Pts',(2.68751823988222,-0.822297217679939,16.4228127390938));
#1999=CARTESIAN_POINT('Ctrl Pts',(2.71386645792028,-3.54015958726344,16.2867282144724));
#2000=CARTESIAN_POINT('Ctrl Pts',(2.74021467595834,-6.22351641256825,15.4615034617556));
#2001=CARTESIAN_POINT('Ctrl Pts',(2.76656289399641,-8.54817165269826,14.0468399426189));
#2002=CARTESIAN_POINT('Ctrl Pts',(2.79291111203447,-10.8728268928283,12.6321764234821));
#2003=CARTESIAN_POINT('Ctrl Pts',(2.81925933007253,-12.8387805477834,10.6280741379256));
#2004=CARTESIAN_POINT('Ctrl Pts',(2.8456075481106,-14.2085113212868,8.27666339839968));
#2005=CARTESIAN_POINT('Ctrl Pts',(2.87195576614866,-15.5782420947902,5.92525265887378));
#2006=CARTESIAN_POINT('Ctrl Pts',(2.89830398418672,-16.3517499868417,3.22653346537856));
#2007=CARTESIAN_POINT('Ctrl Pts',(2.92465220222478,-16.4355818294392,0.506557899310612));
#2008=CARTESIAN_POINT('Ctrl Pts',(2.95100042026284,-16.5194136720367,-2.21341766675732));
#2009=CARTESIAN_POINT('Ctrl Pts',(2.97734863830091,-15.9135694651802,-4.95464960539799));
#2010=CARTESIAN_POINT('Ctrl Pts',(3.00369685633898,-14.6912456959751,-7.38594955831948));
#2011=CARTESIAN_POINT('Ctrl Pts',(3.03004507437704,-13.4689219267699,-9.81724951124097));
#2012=CARTESIAN_POINT('Ctrl Pts',(3.0563932924151,-11.6301185952161,-11.9386174784433));
#2013=CARTESIAN_POINT('Ctrl Pts',(3.08274151045316,-9.39699503340625,-13.4937554194406));
#2014=CARTESIAN_POINT('Ctrl Pts',(3.10908972849122,-7.16387147159636,-15.0488933604379));
#2015=CARTESIAN_POINT('Ctrl Pts',(3.13543794652929,-4.53642767953037,-16.0378012752302));
#2016=CARTESIAN_POINT('Ctrl Pts',(3.16178616456735,-1.83210443401093,-16.3410019374708));
#2017=CARTESIAN_POINT('Ctrl Pts',(3.16770942095086,-1.2241544047538,-16.4091634827983));
#2018=CARTESIAN_POINT('Ctrl Pts',(3.17363267733438,-0.612319037080922,-16.4426707139937));
#2019=CARTESIAN_POINT('Ctrl Pts',(3.17955593371789,-0.00041592524960545,
-16.4420486754784));
#2020=CARTESIAN_POINT('Origin',(10.9999999999999,0.,4.84733533783543E-15));
#2021=CARTESIAN_POINT('',(4.32044406628196,0.000357746570639472,-16.4426360676233));
#2022=CARTESIAN_POINT('',(4.1795559337179,0.000308327216141036,-16.4428684537708));
#2023=CARTESIAN_POINT('',(10.9999999999999,2.01356426715808E-15,-16.442));
#2024=CARTESIAN_POINT('Ctrl Pts',(4.32044406628196,0.000357746570639472,
-16.4426360676233));
#2025=CARTESIAN_POINT('Ctrl Pts',(4.29817067645788,-2.30036189147649,-16.4404409441743));
#2026=CARTESIAN_POINT('Ctrl Pts',(4.27589728663381,-4.60198237258386,-15.9530128566239));
#2027=CARTESIAN_POINT('Ctrl Pts',(4.25362389680973,-6.70261290534243,-15.0153231955448));
#2028=CARTESIAN_POINT('Ctrl Pts',(4.22727567877167,-9.18754545183375,-13.9060869348188));
#2029=CARTESIAN_POINT('Ctrl Pts',(4.2009274607336,-11.3912204415469,-12.1667720501509));
#2030=CARTESIAN_POINT('Ctrl Pts',(4.17457924269554,-13.0473957182585,-10.0075179438608));
#2031=CARTESIAN_POINT('Ctrl Pts',(4.14823102465748,-14.7035709949701,-7.84826383757081));
#2032=CARTESIAN_POINT('Ctrl Pts',(4.12188280661942,-15.8122465586802,-5.26907050965862));
#2033=CARTESIAN_POINT('Ctrl Pts',(4.09553458858135,-16.2394751739697,-2.5815492440685));
#2034=CARTESIAN_POINT('Ctrl Pts',(4.06918637054329,-16.6667037892591,0.105972021521609));
#2035=CARTESIAN_POINT('Ctrl Pts',(4.04283815250523,-16.4124854561279,2.90182122478966));
#2036=CARTESIAN_POINT('Ctrl Pts',(4.01648993446716,-15.5075341580265,5.46821129467106));
#2037=CARTESIAN_POINT('Ctrl Pts',(3.9901417164291,-14.6025828599252,8.0346013645525));
#2038=CARTESIAN_POINT('Ctrl Pts',(3.96379349839104,-13.0468985968536,10.3715323010473));
#2039=CARTESIAN_POINT('Ctrl Pts',(3.93744528035297,-11.0284350074095,12.1966623185555));
#2040=CARTESIAN_POINT('Ctrl Pts',(3.91109706231491,-9.00997141796535,14.0217923360638));
#2041=CARTESIAN_POINT('Ctrl Pts',(3.88474884427685,-6.52872850214862,15.3351214345854));
#2042=CARTESIAN_POINT('Ctrl Pts',(3.85840062623879,-3.88448343540694,15.9779766824707));
#2043=CARTESIAN_POINT('Ctrl Pts',(3.83205240820073,-1.24023836866528,16.6208319303559));
#2044=CARTESIAN_POINT('Ctrl Pts',(3.80570419016267,1.56700884900128,16.5932133276048));
#2045=CARTESIAN_POINT('Ctrl Pts',(3.7793559721246,4.19809406871756,15.8984576804081));
#2046=CARTESIAN_POINT('Ctrl Pts',(3.75300775408654,6.82917928843385,15.2037020332113));
#2047=CARTESIAN_POINT('Ctrl Pts',(3.72665953604848,9.28410251019987,13.8418093415691));
#2048=CARTESIAN_POINT('Ctrl Pts',(3.70031131801042,11.2662664340613,11.9773198613994));
#2049=CARTESIAN_POINT('Ctrl Pts',(3.67396309997236,13.2484303579227,10.1128303812297));
#2050=CARTESIAN_POINT('Ctrl Pts',(3.6476148819343,14.7578349838795,7.74574411253247));
#2051=CARTESIAN_POINT('Ctrl Pts',(3.62126666389624,15.6121180561071,5.1620461280098));
#2052=CARTESIAN_POINT('Ctrl Pts',(3.59491844585818,16.4664011283348,2.57834814348714));
#2053=CARTESIAN_POINT('Ctrl Pts',(3.56857022782012,16.6655626468333,-0.221961556861018));
#2054=CARTESIAN_POINT('Ctrl Pts',(3.54222200978205,16.1855404461883,-2.90055699656616));
#2055=CARTESIAN_POINT('Ctrl Pts',(3.51587379174399,15.7055182455434,-5.5791524362713));
#2056=CARTESIAN_POINT('Ctrl Pts',(3.48952557370593,14.546312325755,-8.13603361533345));
#2057=CARTESIAN_POINT('Ctrl Pts',(3.46317735566787,12.8479748655846,-10.2622849443403));
#2058=CARTESIAN_POINT('Ctrl Pts',(3.43682913762981,11.1496374054143,-12.3885362733471));
#2059=CARTESIAN_POINT('Ctrl Pts',(3.41048091959175,8.91216840486185,-14.0841577522985));
#2060=CARTESIAN_POINT('Ctrl Pts',(3.38413270155369,6.40589292273637,-15.1442889000429));
#2061=CARTESIAN_POINT('Ctrl Pts',(3.36290315646311,4.3865120188615,-15.9984681834561));
#2062=CARTESIAN_POINT('Ctrl Pts',(3.34167361137253,2.19262179936608,-16.4400867944725));
#2063=CARTESIAN_POINT('Ctrl Pts',(3.32044406628196,-0.000400422558943792,
-16.4423086372758));
#2064=CARTESIAN_POINT('Ctrl Pts',(3.17955593371789,-0.00041592524960545,
-16.4420486754784));
#2065=CARTESIAN_POINT('Ctrl Pts',(3.19998089537244,2.10958856995237,-16.4399037214193));
#2066=CARTESIAN_POINT('Ctrl Pts',(3.22040585702698,4.22039857951893,-16.0319434522419));
#2067=CARTESIAN_POINT('Ctrl Pts',(3.24083081868153,6.17548614357038,-15.2396955963075));
#2068=CARTESIAN_POINT('Ctrl Pts',(3.26717903671959,8.69755077665943,-14.217695183215));
#2069=CARTESIAN_POINT('Ctrl Pts',(3.29352725475766,10.9604773438647,-12.5562009473413));
#2070=CARTESIAN_POINT('Ctrl Pts',(3.31987547279572,12.6908650708251,-10.4559502070189));
#2071=CARTESIAN_POINT('Ctrl Pts',(3.34622369083378,14.4212527977854,-8.35569946669646));
#2072=CARTESIAN_POINT('Ctrl Pts',(3.37257190887184,15.6191016845009,-5.81669222192542));
#2073=CARTESIAN_POINT('Ctrl Pts',(3.3989201269099,16.1396908116355,-3.14568458087511));
#2074=CARTESIAN_POINT('Ctrl Pts',(3.42526834494796,16.66027993877,-0.474676939824821));
#2075=CARTESIAN_POINT('Ctrl Pts',(3.45161656298602,16.5036093063238,2.32833109750477));
#2076=CARTESIAN_POINT('Ctrl Pts',(3.47796478102408,15.6886074437732,4.92468754874154));
#2077=CARTESIAN_POINT('Ctrl Pts',(3.50431299906214,14.8736055812226,7.52104399997833));
#2078=CARTESIAN_POINT('Ctrl Pts',(3.5306612171002,13.4002724885676,9.91074886512234));
#2079=CARTESIAN_POINT('Ctrl Pts',(3.55700943513826,11.4466123548356,11.8050843527554));
#2080=CARTESIAN_POINT('Ctrl Pts',(3.58335765317632,9.49295222110356,13.6994198403885));
#2081=CARTESIAN_POINT('Ctrl Pts',(3.60970587121438,7.05896504629451,15.0983859505107));
#2082=CARTESIAN_POINT('Ctrl Pts',(3.63605408925245,4.43871869280475,15.8329633153018));
#2083=CARTESIAN_POINT('Ctrl Pts',(3.66240230729051,1.81847233931494,16.5675406800929));
#2084=CARTESIAN_POINT('Ctrl Pts',(3.68875052532857,-0.988033192855582,16.6377292995529));
#2085=CARTESIAN_POINT('Ctrl Pts',(3.71509874336663,-3.64172336330233,16.0350491711976));
#2086=CARTESIAN_POINT('Ctrl Pts',(3.74144696140469,-6.29541353374903,15.4323690428422));
#2087=CARTESIAN_POINT('Ctrl Pts',(3.76779517944276,-8.79628834247195,14.1568201666715));
#2088=CARTESIAN_POINT('Ctrl Pts',(3.79414339748082,-10.8421987408921,12.3625109682678));
#2089=CARTESIAN_POINT('Ctrl Pts',(3.82049161551888,-12.8881091393123,10.5682017698642));
#2090=CARTESIAN_POINT('Ctrl Pts',(3.84683983355694,-14.4790551274297,8.2551322492275));
#2091=CARTESIAN_POINT('Ctrl Pts',(3.87318805159501,-15.4228228387312,5.70276131910298));
#2092=CARTESIAN_POINT('Ctrl Pts',(3.89953626963307,-16.3665905500326,3.15039038897848));
#2093=CARTESIAN_POINT('Ctrl Pts',(3.92588448767113,-16.6631799845181,0.358718049366078));
#2094=CARTESIAN_POINT('Ctrl Pts',(3.9522327057092,-16.2767579948682,-2.33497326623688));
#2095=CARTESIAN_POINT('Ctrl Pts',(3.97858092374726,-15.8903360052182,-5.02866458183985));
#2096=CARTESIAN_POINT('Ctrl Pts',(4.00492914178532,-14.8209025914329,-7.6243748734334));
#2097=CARTESIAN_POINT('Ctrl Pts',(4.03127735982338,-13.1976638566593,-9.80849732141345));
#2098=CARTESIAN_POINT('Ctrl Pts',(4.05762557786145,-11.5744251218856,-11.9926197693935));
#2099=CARTESIAN_POINT('Ctrl Pts',(4.08397379589951,-9.3973810661237,-13.76515437376));
#2100=CARTESIAN_POINT('Ctrl Pts',(4.11032201393757,-6.92955636692572,-14.9119482139372));
#2101=CARTESIAN_POINT('Ctrl Pts',(4.13339998719768,-4.76802907363959,-15.9164061829821));
#2102=CARTESIAN_POINT('Ctrl Pts',(4.15647796045779,-2.38342296605529,-16.4408132583915));
#2103=CARTESIAN_POINT('Ctrl Pts',(4.1795559337179,0.000308327216141036,
-16.4428684537708));
#2104=CARTESIAN_POINT('Origin',(10.9999999999999,0.,4.84733533783543E-15));
#2105=CARTESIAN_POINT('',(5.32044406628195,-8.92177193401178E-6,-16.4406171603541));
#2106=CARTESIAN_POINT('',(5.1795559337179,6.69894417330375E-5,-16.4406331305438));
#2107=CARTESIAN_POINT('',(10.9999999999999,2.01356426715808E-15,-16.442));
#2108=CARTESIAN_POINT('Ctrl Pts',(5.32044406628195,-8.92177193401178E-6,
-16.4406171603541));
#2109=CARTESIAN_POINT('Ctrl Pts',(5.30736417761935,-1.35156693706925,-16.4406429058934));
#2110=CARTESIAN_POINT('Ctrl Pts',(5.29428428895674,-2.70311878324339,-16.275842116029));
#2111=CARTESIAN_POINT('Ctrl Pts',(5.28120440029414,-4.01317013882969,-15.9461410962757));
#2112=CARTESIAN_POINT('Ctrl Pts',(5.25485618225607,-6.65214663537527,-15.2819890855122));
#2113=CARTESIAN_POINT('Ctrl Pts',(5.22850796421801,-9.12272098127848,-13.9486991209213));
#2114=CARTESIAN_POINT('Ctrl Pts',(5.20215974617995,-11.1264049493581,-12.1073557529473));
#2115=CARTESIAN_POINT('Ctrl Pts',(5.17581152814189,-13.1300889174378,-10.2660123849733));
#2116=CARTESIAN_POINT('Ctrl Pts',(5.14946331010382,-14.6668825076938,-7.91661561361635));
#2117=CARTESIAN_POINT('Ctrl Pts',(5.12311509206576,-15.5511144024183,-5.34301331351767));
#2118=CARTESIAN_POINT('Ctrl Pts',(5.0967668740277,-16.4353462971427,-2.76941101341899));
#2119=CARTESIAN_POINT('Ctrl Pts',(5.07041865598964,-16.6670164963356,0.0283968154214004));
#2120=CARTESIAN_POINT('Ctrl Pts',(5.04407043795158,-16.2181352221695,2.71238646600209));
#2121=CARTESIAN_POINT('Ctrl Pts',(5.01772221991351,-15.7692539480035,5.39637611658283));
#2122=CARTESIAN_POINT('Ctrl Pts',(4.99137400187545,-14.6398212004785,7.96654758890387));
#2123=CARTESIAN_POINT('Ctrl Pts',(4.96502578383738,-12.9662920428021,10.1123795956389));
#2124=CARTESIAN_POINT('Ctrl Pts',(4.93867756579932,-11.2927628851258,12.2582116023739));
#2125=CARTESIAN_POINT('Ctrl Pts',(4.91232934776126,-9.07513731729824,13.9797041435228));
#2126=CARTESIAN_POINT('Ctrl Pts',(4.8859811297232,-6.58134296731823,15.068871064949));
#2127=CARTESIAN_POINT('Ctrl Pts',(4.85963291168514,-4.08754861733823,16.1580379863752));
#2128=CARTESIAN_POINT('Ctrl Pts',(4.83328469364707,-1.31758548520575,16.6148792880786));
#2129=CARTESIAN_POINT('Ctrl Pts',(4.80693647560901,1.39388684433952,16.3842006179949));
#2130=CARTESIAN_POINT('Ctrl Pts',(4.78058825757095,4.10535917388476,16.1535219479112));
#2131=CARTESIAN_POINT('Ctrl Pts',(4.75424003953289,6.75834070084285,15.2353233060405));
#2132=CARTESIAN_POINT('Ctrl Pts',(4.72789182149483,9.03230524714531,13.7405390122775));
#2133=CARTESIAN_POINT('Ctrl Pts',(4.70154360345677,11.3062697934478,12.2457547185144));
#2134=CARTESIAN_POINT('Ctrl Pts',(4.67519538541871,13.2012173590946,10.1743847728591));
#2135=CARTESIAN_POINT('Ctrl Pts',(4.64884716738065,14.4882054148275,7.77668658769855));
#2136=CARTESIAN_POINT('Ctrl Pts',(4.62249894934259,15.7751934705604,5.37898840253801));
#2137=CARTESIAN_POINT('Ctrl Pts',(4.59615073130452,16.4542220163793,2.65496197787219));
#2138=CARTESIAN_POINT('Ctrl Pts',(4.56980251326646,16.4432526278252,-0.06628305248357));
#2139=CARTESIAN_POINT('Ctrl Pts',(4.5434542952284,16.4322832392711,-2.78752808283933));
#2140=CARTESIAN_POINT('Ctrl Pts',(4.51710607719034,15.731315916344,-5.50599171888506));
#2141=CARTESIAN_POINT('Ctrl Pts',(4.49075785915228,14.4250396682532,-7.89323640814399));
#2142=CARTESIAN_POINT('Ctrl Pts',(4.46440964111422,13.1187634201623,-10.2804810974029));
#2143=CARTESIAN_POINT('Ctrl Pts',(4.43806142307616,11.2071782469078,-12.3365068398751));
#2144=CARTESIAN_POINT('Ctrl Pts',(4.4117132050381,8.92123678928635,-13.8129100690264));
#2145=CARTESIAN_POINT('Ctrl Pts',(4.38536498700004,6.63529533166485,-15.2893132981778));
#2146=CARTESIAN_POINT('Ctrl Pts',(4.35901676896198,3.97499758967637,-16.1860940140083));
#2147=CARTESIAN_POINT('Ctrl Pts',(4.33266855092392,1.26175366704738,-16.3949055535316));
#2148=CARTESIAN_POINT('Ctrl Pts',(4.32859372270993,0.842142637892177,-16.4271988627575));
#2149=CARTESIAN_POINT('Ctrl Pts',(4.32451889449594,0.421265267501943,-16.4430376567408));
#2150=CARTESIAN_POINT('Ctrl Pts',(4.32044406628196,0.000357746570639472,
-16.4426360676233));
#2151=CARTESIAN_POINT('Ctrl Pts',(4.1795559337179,0.000308327216141036,
-16.4428684537708));
#2152=CARTESIAN_POINT('Ctrl Pts',(4.18282617849585,0.338092963934712,-16.4431596835024));
#2153=CARTESIAN_POINT('Ctrl Pts',(4.1860964232738,0.675860034321953,-16.4329620517006));
#2154=CARTESIAN_POINT('Ctrl Pts',(4.18936666805176,1.01297229418192,-16.4121551939032));
#2155=CARTESIAN_POINT('Ctrl Pts',(4.21571488608982,3.72907091345758,-16.2445152577044));
#2156=CARTESIAN_POINT('Ctrl Pts',(4.24206310412788,6.40266280937486,-15.3881823093188));
#2157=CARTESIAN_POINT('Ctrl Pts',(4.26841132216594,8.71073171385744,-13.9466162199561));
#2158=CARTESIAN_POINT('Ctrl Pts',(4.294759540204,11.01880061834,-12.5050501305934));
#2159=CARTESIAN_POINT('Ctrl Pts',(4.32110775824207,12.9613465313879,-10.4782509002536));
#2160=CARTESIAN_POINT('Ctrl Pts',(4.34745597628013,14.3036762178974,-8.11109102594108));
#2161=CARTESIAN_POINT('Ctrl Pts',(4.37380419431819,15.6460059044069,-5.74393115162859));
#2162=CARTESIAN_POINT('Ctrl Pts',(4.40015241235625,16.3881193643781,-3.03641063334348));
#2163=CARTESIAN_POINT('Ctrl Pts',(4.42650063039431,16.4403564216654,-0.315644905154848));
#2164=CARTESIAN_POINT('Ctrl Pts',(4.45284884843237,16.4925934789527,2.40512082303378));
#2165=CARTESIAN_POINT('Ctrl Pts',(4.47919706647043,15.8549541335562,5.13913176112594));
#2166=CARTESIAN_POINT('Ctrl Pts',(4.50554528450849,14.6044762767274,7.55607197292693));
#2167=CARTESIAN_POINT('Ctrl Pts',(4.53189350254655,13.3539984198986,9.97301218472792));
#2168=CARTESIAN_POINT('Ctrl Pts',(4.55824172058461,11.4906820516374,12.0728816702378));
#2169=CARTESIAN_POINT('Ctrl Pts',(4.58458993862267,9.23964810399061,13.6019797783987));
#2170=CARTESIAN_POINT('Ctrl Pts',(4.61093815666073,6.9886141563438,15.1310778865597));
#2171=CARTESIAN_POINT('Ctrl Pts',(4.63728637469879,4.34986262931133,16.0894046173718));
#2172=CARTESIAN_POINT('Ctrl Pts',(4.66363459273686,1.64220047018549,16.3611774818705));
#2173=CARTESIAN_POINT('Ctrl Pts',(4.68998281077492,-1.06546168894035,16.6329503463693));
#2174=CARTESIAN_POINT('Ctrl Pts',(4.71633102881298,-3.84203448015957,16.2181693445546));
#2175=CARTESIAN_POINT('Ctrl Pts',(4.74267924685104,-6.35205975728629,15.166947214829));
#2176=CARTESIAN_POINT('Ctrl Pts',(4.7690274648891,-8.86208503441305,14.1157250851034));
#2177=CARTESIAN_POINT('Ctrl Pts',(4.79537568292717,-11.1055627974473,12.4280618274669));
#2178=CARTESIAN_POINT('Ctrl Pts',(4.82172390096523,-12.8114420248647,10.3078564319201));
#2179=CARTESIAN_POINT('Ctrl Pts',(4.84807211900329,-14.5173212522821,8.18765103637327));
#2180=CARTESIAN_POINT('Ctrl Pts',(4.87442033704136,-15.6856019440826,5.63490350291617));
#2181=CARTESIAN_POINT('Ctrl Pts',(4.90076855507942,-16.1751355316656,2.95803000488382));
#2182=CARTESIAN_POINT('Ctrl Pts',(4.92711677311748,-16.6646691192487,0.281156506851477));
#2183=CARTESIAN_POINT('Ctrl Pts',(4.95346499115554,-16.4754556026142,-2.51984295575612));
#2184=CARTESIAN_POINT('Ctrl Pts',(4.97981320919361,-15.630355256027,-5.10655907122726));
#2185=CARTESIAN_POINT('Ctrl Pts',(5.00616142723167,-14.7852549094399,-7.69327518669845));
#2186=CARTESIAN_POINT('Ctrl Pts',(5.03250964526974,-13.2842677329,-10.0657079550332));
#2187=CARTESIAN_POINT('Ctrl Pts',(5.0588578633078,-11.3087390083619,-11.937226353651));
#2188=CARTESIAN_POINT('Ctrl Pts',(5.08520608134586,-9.33321028382387,-13.8087447522687));
#2189=CARTESIAN_POINT('Ctrl Pts',(5.11155429938392,-6.88314001128766,-15.1793487811696));
#2190=CARTESIAN_POINT('Ctrl Pts',(5.13790251742198,-4.25453917027784,-15.8834457038174));
#2191=CARTESIAN_POINT('Ctrl Pts',(5.15178698952062,-2.86937016253941,-16.2544770222587));
#2192=CARTESIAN_POINT('Ctrl Pts',(5.16567146161926,-1.43462545712875,-16.4404276843256));
#2193=CARTESIAN_POINT('Ctrl Pts',(5.1795559337179,6.69894417330375E-5,-16.4406331305438));
#2194=CARTESIAN_POINT('Origin',(10.9999999999999,0.,4.84733533783543E-15));
#2195=CARTESIAN_POINT('',(6.32044406628196,-0.000347413761044996,-16.4426925272221));
#2196=CARTESIAN_POINT('',(6.17955593371789,-0.000385973508924467,-16.4424451436868));
#2197=CARTESIAN_POINT('',(10.9999999999999,2.01356426715808E-15,-16.442));
#2198=CARTESIAN_POINT('Ctrl Pts',(6.32044406628196,-0.000347413761044996,
-16.4426925272221));
#2199=CARTESIAN_POINT('Ctrl Pts',(6.31655767878082,-0.401786053401193,-16.4430684153071));
#2200=CARTESIAN_POINT('Ctrl Pts',(6.31267129127969,-0.803197770689447,-16.4286620670592));
#2201=CARTESIAN_POINT('Ctrl Pts',(6.30878490377855,-1.20351073583684,-16.3992838969954));
#2202=CARTESIAN_POINT('Ctrl Pts',(6.28243668574049,-3.91747924414612,-16.2001111613449));
#2203=CARTESIAN_POINT('Ctrl Pts',(6.25608846770242,-6.58094558354036,-15.3127855236965));
#2204=CARTESIAN_POINT('Ctrl Pts',(6.22974024966436,-8.87211682877473,-13.8445113096165));
#2205=CARTESIAN_POINT('Ctrl Pts',(6.2033920316263,-11.1632880740092,-12.3762370955365));
#2206=CARTESIAN_POINT('Ctrl Pts',(6.17704381358824,-13.0821642250837,-10.3270143050249));
#2207=CARTESIAN_POINT('Ctrl Pts',(6.15069559555018,-14.3969117646365,-7.94442459003798));
#2208=CARTESIAN_POINT('Ctrl Pts',(6.12434737751212,-15.7116593041892,-5.56183487505109));
#2209=CARTESIAN_POINT('Ctrl Pts',(6.09799915947404,-16.4222782322201,-2.84587823558891));
#2210=CARTESIAN_POINT('Ctrl Pts',(6.07165094143598,-16.4429134582394,-0.124689335463016));
#2211=CARTESIAN_POINT('Ctrl Pts',(6.04530272339792,-16.4635486842586,2.59649956466287));
#2212=CARTESIAN_POINT('Ctrl Pts',(6.01895450535986,-15.7942002082662,5.32292072545247));
#2213=CARTESIAN_POINT('Ctrl Pts',(5.9926062873218,-14.5157369344086,7.72517518743573));
#2214=CARTESIAN_POINT('Ctrl Pts',(5.96625806928374,-13.237273660551,10.127429649419));
#2215=CARTESIAN_POINT('Ctrl Pts',(5.93990985124567,-11.3496955888282,12.2055174125959));
#2216=CARTESIAN_POINT('Ctrl Pts',(5.91356163320761,-9.08105488582615,13.7083694357185));
#2217=CARTESIAN_POINT('Ctrl Pts',(5.88721341516954,-6.81241418282406,15.2112214588411));
#2218=CARTESIAN_POINT('Ctrl Pts',(5.86086519713149,-4.16271084854273,16.1388377419092));
#2219=CARTESIAN_POINT('Ctrl Pts',(5.83451697909343,-1.45207499852299,16.3791461506451));
#2220=CARTESIAN_POINT('Ctrl Pts',(5.80816876105537,1.25856085149668,16.619454559381));
#2221=CARTESIAN_POINT('Ctrl Pts',(5.78182054301729,4.03012921725475,16.1724550937846));
#2222=CARTESIAN_POINT('Ctrl Pts',(5.75547232497923,6.52777657395086,15.0921530414353));
#2223=CARTESIAN_POINT('Ctrl Pts',(5.72912410694117,9.02542393064701,14.0118509890861));
#2224=CARTESIAN_POINT('Ctrl Pts',(5.70277588890312,11.2491502782812,12.298246349984));
#2225=CARTESIAN_POINT('Ctrl Pts',(5.67642767086506,12.9302909088504,10.1583722829019));
#2226=CARTESIAN_POINT('Ctrl Pts',(5.650079452827,14.6114315394196,8.01849821581975));
#2227=CARTESIAN_POINT('Ctrl Pts',(5.62373123478893,15.7499864529237,5.45235472075755));
#2228=CARTESIAN_POINT('Ctrl Pts',(5.59738301675087,16.2083984703029,2.76997643553312));
#2229=CARTESIAN_POINT('Ctrl Pts',(5.57103479871281,16.6668104876821,0.0875981503086515));
#2230=CARTESIAN_POINT('Ctrl Pts',(5.54468658067475,16.4450796089363,-2.71101492507805));
#2231=CARTESIAN_POINT('Ctrl Pts',(5.51833836263669,15.5699947696091,-5.28774179587773));
#2232=CARTESIAN_POINT('Ctrl Pts',(5.49199014459863,14.694909930282,-7.86446866667734));
#2233=CARTESIAN_POINT('Ctrl Pts',(5.46564192656057,13.1664711303734,-10.2193093328899));
#2234=CARTESIAN_POINT('Ctrl Pts',(5.43929370852251,11.1693402840237,-12.0677582029643));
#2235=CARTESIAN_POINT('Ctrl Pts',(5.41294549048445,9.17220943767388,-13.9162070730388));
#2236=CARTESIAN_POINT('Ctrl Pts',(5.38659727244639,6.70638654488282,-15.258264146975));
#2237=CARTESIAN_POINT('Ctrl Pts',(5.36024905440832,4.06978577489333,-15.9317856554751));
#2238=CARTESIAN_POINT('Ctrl Pts',(5.34698072503287,2.74205699273172,-16.2709549003677));
#2239=CARTESIAN_POINT('Ctrl Pts',(5.33371239565741,1.37102086140004,-16.4405910439013));
#2240=CARTESIAN_POINT('Ctrl Pts',(5.32044406628195,-8.92177193401178E-6,
-16.4406171603541));
#2241=CARTESIAN_POINT('Ctrl Pts',(5.1795559337179,6.69894417330375E-5,-16.4406331305438));
#2242=CARTESIAN_POINT('Ctrl Pts',(5.19201967965732,1.28795478439929,-16.440817554514));
#2243=CARTESIAN_POINT('Ctrl Pts',(5.20448342559675,2.57580046810052,-16.2913246345034));
#2244=CARTESIAN_POINT('Ctrl Pts',(5.21694717153617,3.82770490093433,-15.9916736512758));
#2245=CARTESIAN_POINT('Ctrl Pts',(5.24329538957423,6.47421672165317,-15.3582148596916));
#2246=CARTESIAN_POINT('Ctrl Pts',(5.26964360761229,8.96010895360736,-14.0537074601284));
#2247=CARTESIAN_POINT('Ctrl Pts',(5.29599182565035,10.9850427033286,-12.2357585700108));
#2248=CARTESIAN_POINT('Ctrl Pts',(5.32234004368841,13.0099764530497,-10.4178096798932));
#2249=CARTESIAN_POINT('Ctrl Pts',(5.34868826172647,14.5739517205379,-8.08641929922106));
#2250=CARTESIAN_POINT('Ctrl Pts',(5.37503647976453,15.4880131700744,-5.52325981836329));
#2251=CARTESIAN_POINT('Ctrl Pts',(5.4013846978026,16.4020746196109,-2.96010033750552));
#2252=CARTESIAN_POINT('Ctrl Pts',(5.42773291584065,16.6662222511957,-0.165171756462091));
#2253=CARTESIAN_POINT('Ctrl Pts',(5.45408113387871,16.2485424499253,2.52385008083312));
#2254=CARTESIAN_POINT('Ctrl Pts',(5.48042935191677,15.8308626486548,5.2128719181283));
#2255=CARTESIAN_POINT('Ctrl Pts',(5.50677756995483,14.7313554145291,7.79598701167526));
#2256=CARTESIAN_POINT('Ctrl Pts',(5.5331257879929,13.0828602897507,9.96111026022752));
#2257=CARTESIAN_POINT('Ctrl Pts',(5.55947400603096,11.4343651649722,12.1262335087798));
#2258=CARTESIAN_POINT('Ctrl Pts',(5.58582222406902,9.23688214954108,13.8733649123374));
#2259=CARTESIAN_POINT('Ctrl Pts',(5.61217044210709,6.75590530180235,14.9914206975398));
#2260=CARTESIAN_POINT('Ctrl Pts',(5.63851866014515,4.27492845406363,16.1094764827422));
#2261=CARTESIAN_POINT('Ctrl Pts',(5.6648668781832,1.51045777401734,16.5984566495893));
#2262=CARTESIAN_POINT('Ctrl Pts',(5.69121509622126,-1.20351073706248,16.399283913736));
#2263=CARTESIAN_POINT('Ctrl Pts',(5.71756331425933,-3.91747924814225,16.2001111778827));
#2264=CARTESIAN_POINT('Ctrl Pts',(5.74391153229739,-6.58094559025555,15.3127855393289));
#2265=CARTESIAN_POINT('Ctrl Pts',(5.77025975033546,-8.87211683782903,13.8445113237505));
#2266=CARTESIAN_POINT('Ctrl Pts',(5.79660796837352,-11.1632880854025,12.3762371081721));
#2267=CARTESIAN_POINT('Ctrl Pts',(5.82295618641158,-13.0821642384362,10.327014315569));
#2268=CARTESIAN_POINT('Ctrl Pts',(5.84930440444964,-14.3969117793314,7.9444245981502));
#2269=CARTESIAN_POINT('Ctrl Pts',(5.8756526224877,-15.7116593202266,5.5618348807314));
#2270=CARTESIAN_POINT('Ctrl Pts',(5.90200084052577,-16.4222782489834,2.84587823849689));
#2271=CARTESIAN_POINT('Ctrl Pts',(5.92834905856383,-16.4429134750243,0.124689335593218));
#2272=CARTESIAN_POINT('Ctrl Pts',(5.95469727660189,-16.4635487010651,-2.59649956731046));
#2273=CARTESIAN_POINT('Ctrl Pts',(5.98104549463995,-15.7942002243899,-5.32292073088329));
#2274=CARTESIAN_POINT('Ctrl Pts',(6.00739371267802,-14.5157369492277,-7.725175195319));
#2275=CARTESIAN_POINT('Ctrl Pts',(6.03374193071608,-13.2372736740654,-10.1274296597547));
#2276=CARTESIAN_POINT('Ctrl Pts',(6.06009014875415,-11.3496956004161,-12.2055174250533));
#2277=CARTESIAN_POINT('Ctrl Pts',(6.08643836679221,-9.08105489509852,-13.7083694497104));
#2278=CARTESIAN_POINT('Ctrl Pts',(6.11278658483027,-6.81241418978091,-15.2112214743674));
#2279=CARTESIAN_POINT('Ctrl Pts',(6.13913480286833,-4.16271085279496,-16.138837758383));
#2280=CARTESIAN_POINT('Ctrl Pts',(6.16548302090639,-1.45207500000829,-16.3791461673647));
#2281=CARTESIAN_POINT('Ctrl Pts',(6.17017399184356,-0.969480162349846,-16.4219300763509));
#2282=CARTESIAN_POINT('Ctrl Pts',(6.17486496278072,-0.484953925269829,-16.4429281454643));
#2283=CARTESIAN_POINT('Ctrl Pts',(6.17955593371789,-0.000385973508924467,
-16.4424451436868));
#2284=CARTESIAN_POINT('Origin',(10.9999999999999,0.,4.84733533783543E-15));
#2285=CARTESIAN_POINT('',(7.32044406628195,0.000405426065974712,-16.4422479157201));
#2286=CARTESIAN_POINT('',(7.1795559337179,0.000378258607361865,-16.4425044095035));
#2287=CARTESIAN_POINT('',(10.9999999999999,2.01356426715808E-15,-16.442));
#2288=CARTESIAN_POINT('Ctrl Pts',(7.32044406628195,0.000405426065974712,
-16.4422479157201));
#2289=CARTESIAN_POINT('Ctrl Pts',(7.29940296190423,-2.17317392109024,-16.4400372329495));
#2290=CARTESIAN_POINT('Ctrl Pts',(7.2783618575265,-4.34760906208863,-16.0064299492305));
#2291=CARTESIAN_POINT('Ctrl Pts',(7.25732075314878,-6.3520597508049,-15.1669471993454));
#2292=CARTESIAN_POINT('Ctrl Pts',(7.23097253511071,-8.8620850253692,-14.1157250706925));
#2293=CARTESIAN_POINT('Ctrl Pts',(7.20462431707265,-11.105562786113,-12.4280618147783));
#2294=CARTESIAN_POINT('Ctrl Pts',(7.17827609903459,-12.8114420117886,-10.3078564213955));
#2295=CARTESIAN_POINT('Ctrl Pts',(7.15192788099653,-14.5173212374643,-8.18765102801274));
#2296=CARTESIAN_POINT('Ctrl Pts',(7.12557966295846,-15.6856019280718,-5.63490349716128));
#2297=CARTESIAN_POINT('Ctrl Pts',(7.0992314449204,-16.1751355151546,-2.9580300018614));
#2298=CARTESIAN_POINT('Ctrl Pts',(7.07288322688234,-16.6646691022374,-0.281156506561476));
#2299=CARTESIAN_POINT('Ctrl Pts',(7.04653500884428,-16.4754555857956,2.51984295318687));
#2300=CARTESIAN_POINT('Ctrl Pts',(7.02018679080621,-15.6303552400706,5.10655906601738));
#2301=CARTESIAN_POINT('Ctrl Pts',(6.99383857276815,-14.7852548943457,7.69327517884781));
#2302=CARTESIAN_POINT('Ctrl Pts',(6.96749035473008,-13.2842677193376,10.0657079447605));
#2303=CARTESIAN_POINT('Ctrl Pts',(6.94114213669202,-11.3087389968158,11.9372263414675));
#2304=CARTESIAN_POINT('Ctrl Pts',(6.91479391865396,-9.33321027429405,13.8087447381745));
#2305=CARTESIAN_POINT('Ctrl Pts',(6.8884457006159,-6.8831400042587,15.1793487656758));
#2306=CARTESIAN_POINT('Ctrl Pts',(6.86209748257783,-4.25453916593199,15.8834456876044));
#2307=CARTESIAN_POINT('Ctrl Pts',(6.83574926453977,-1.62593832760528,16.587542609533));
#2308=CARTESIAN_POINT('Ctrl Pts',(6.80940104650171,1.18119307901268,16.6251324258889));
#2309=CARTESIAN_POINT('Ctrl Pts',(6.78305282846365,3.82770489702984,15.9916736349508));
#2310=CARTESIAN_POINT('Ctrl Pts',(6.75670461042559,6.47421671504705,15.3582148440128));
#2311=CARTESIAN_POINT('Ctrl Pts',(6.73035639238753,8.96010894446345,14.0537074457808));
#2312=CARTESIAN_POINT('Ctrl Pts',(6.70400817434947,10.9850426921173,12.2357585575185));
#2313=CARTESIAN_POINT('Ctrl Pts',(6.67765995631141,13.0099764397711,10.4178096692563));
#2314=CARTESIAN_POINT('Ctrl Pts',(6.65131173827334,14.5739517056623,8.08641929096382));
#2315=CARTESIAN_POINT('Ctrl Pts',(6.62496352023528,15.4880131542653,5.5232598127224));
#2316=CARTESIAN_POINT('Ctrl Pts',(6.59861530219722,16.4020746028682,2.9601003344809));
#2317=CARTESIAN_POINT('Ctrl Pts',(6.57226708415916,16.6662222341829,0.165171756290457));
#2318=CARTESIAN_POINT('Ctrl Pts',(6.5459188661211,16.2485424333383,-2.52385007825976));
#2319=CARTESIAN_POINT('Ctrl Pts',(6.51957064808304,15.8308626324937,-5.21287191280994));
#2320=CARTESIAN_POINT('Ctrl Pts',(6.49322243004498,14.7313553994899,-7.79598700371991));
#2321=CARTESIAN_POINT('Ctrl Pts',(6.46687421200692,13.0828602763938,-9.96111025006172));
#2322=CARTESIAN_POINT('Ctrl Pts',(6.44052599396885,11.4343651532977,-12.1262334964035));
#2323=CARTESIAN_POINT('Ctrl Pts',(6.41417777593079,9.23688214010948,-13.8733648981772));
#2324=CARTESIAN_POINT('Ctrl Pts',(6.38782955789273,6.75590529490316,-14.9914206822378));
#2325=CARTESIAN_POINT('Ctrl Pts',(6.36536772735581,4.64087492045574,-15.9445621628541));
#2326=CARTESIAN_POINT('Ctrl Pts',(6.34290589681888,2.3198140966233,-16.4405200381272));
#2327=CARTESIAN_POINT('Ctrl Pts',(6.32044406628196,-0.000347413761044996,
-16.4426925272221));
#2328=CARTESIAN_POINT('Ctrl Pts',(6.17955593371789,-0.000385973508924467,
-16.4424451436868));
#2329=CARTESIAN_POINT('Ctrl Pts',(6.20121318081879,2.23676450323135,-16.4402152239141));
#2330=CARTESIAN_POINT('Ctrl Pts',(6.22287042791968,4.47480411955405,-15.9801208306558));
#2331=CARTESIAN_POINT('Ctrl Pts',(6.24452767502058,6.52777658061174,-15.0921530568426));
#2332=CARTESIAN_POINT('Ctrl Pts',(6.27087589305864,9.02542393985767,-14.011851003391));
#2333=CARTESIAN_POINT('Ctrl Pts',(6.2972241110967,11.2491502897621,-12.2982463625401));
#2334=CARTESIAN_POINT('Ctrl Pts',(6.32357232913476,12.9302909220478,-10.1583722932738));
#2335=CARTESIAN_POINT('Ctrl Pts',(6.34992054717282,14.6114315543335,-8.01849822400758));
#2336=CARTESIAN_POINT('Ctrl Pts',(6.37626876521088,15.7499864690004,-5.45235472632602));
#2337=CARTESIAN_POINT('Ctrl Pts',(6.40261698324895,16.208398486848,-2.76997643836347));
#2338=CARTESIAN_POINT('Ctrl Pts',(6.42896520128701,16.6668105046956,-0.0875981504009926));
#2339=CARTESIAN_POINT('Ctrl Pts',(6.45531341932507,16.4450796257239,2.7110149278425));
#2340=CARTESIAN_POINT('Ctrl Pts',(6.48166163736313,15.5699947855039,5.28774180127259));
#2341=CARTESIAN_POINT('Ctrl Pts',(6.50800985540119,14.6949099452839,7.86446867470275));
#2342=CARTESIAN_POINT('Ctrl Pts',(6.53435807343925,13.1664711438156,10.2193093433195));
#2343=CARTESIAN_POINT('Ctrl Pts',(6.56070629147731,11.1693402954274,12.0677582152812));
#2344=CARTESIAN_POINT('Ctrl Pts',(6.58705450951537,9.17220944703928,13.9162070872429));
#2345=CARTESIAN_POINT('Ctrl Pts',(6.61340272755343,6.70638655173147,15.2582641625494));
#2346=CARTESIAN_POINT('Ctrl Pts',(6.63975094559149,4.0697857790507,15.9317856717376));
#2347=CARTESIAN_POINT('Ctrl Pts',(6.66609916362956,1.43318500636993,16.6053071809257));
#2348=CARTESIAN_POINT('Ctrl Pts',(6.69244738166761,-1.37419364368381,16.6102931239953));
#2349=CARTESIAN_POINT('Ctrl Pts',(6.71879559970568,-4.01317014292338,15.9461411125543));
#2350=CARTESIAN_POINT('Ctrl Pts',(6.74514381774374,-6.65214664216296,15.2819891011133));
#2351=CARTESIAN_POINT('Ctrl Pts',(6.7714920357818,-9.12272099058848,13.9486991351617));
#2352=CARTESIAN_POINT('Ctrl Pts',(6.79784025381987,-11.1264049607138,12.1073557653085));
#2353=CARTESIAN_POINT('Ctrl Pts',(6.82418847185793,-13.1300889308392,10.2660123954552));
#2354=CARTESIAN_POINT('Ctrl Pts',(6.85053668989599,-14.6668825226643,7.91661562170026));
#2355=CARTESIAN_POINT('Ctrl Pts',(6.87688490793405,-15.5511144182919,5.34301331897457));
#2356=CARTESIAN_POINT('Ctrl Pts',(6.90323312597211,-16.4353463139194,2.76941101624895));
#2357=CARTESIAN_POINT('Ctrl Pts',(6.92958134401018,-16.6670165133493,-0.028396815447348));
#2358=CARTESIAN_POINT('Ctrl Pts',(6.95592956204824,-16.2181352387255,-2.7123864687679));
#2359=CARTESIAN_POINT('Ctrl Pts',(6.98227778008631,-15.7692539641017,-5.39637612208852));
#2360=CARTESIAN_POINT('Ctrl Pts',(7.00862599812437,-14.6398212154243,-7.96654759703341));
#2361=CARTESIAN_POINT('Ctrl Pts',(7.03497421616243,-12.96629205604,-10.1123796059592));
#2362=CARTESIAN_POINT('Ctrl Pts',(7.06132243420049,-11.2927628966557,-12.258211614885));
#2363=CARTESIAN_POINT('Ctrl Pts',(7.08767065223855,-9.07513732656468,-13.9797041577917));
#2364=CARTESIAN_POINT('Ctrl Pts',(7.11401887027662,-6.58134297403925,-15.0688710803301));
#2365=CARTESIAN_POINT('Ctrl Pts',(7.13586455809038,-4.51370208772615,-15.9719150938751));
#2366=CARTESIAN_POINT('Ctrl Pts',(7.15771024590414,-2.25621429089787,-16.4402790381946));
#2367=CARTESIAN_POINT('Ctrl Pts',(7.1795559337179,0.000378258607361865,
-16.4425044095035));
#2368=CARTESIAN_POINT('Origin',(10.9999999999999,0.,4.84733533783543E-15));
#2369=CARTESIAN_POINT('',(8.32044406628196,-0.000123796706190116,-16.4406732911162));
#2370=CARTESIAN_POINT('',(8.1795559337179,-4.93135629922834E-5,-16.4406256635293));
#2371=CARTESIAN_POINT('',(10.9999999999999,2.01356426715808E-15,-16.442));
#2372=CARTESIAN_POINT('Ctrl Pts',(8.32044406628196,-0.000123796706190116,
-16.4406732911162));
#2373=CARTESIAN_POINT('Ctrl Pts',(8.3085964630657,-1.22433655991487,-16.440998236304));
#2374=CARTESIAN_POINT('Ctrl Pts',(8.29674885984944,-2.44847878719112,-16.3060471786597));
#2375=CARTESIAN_POINT('Ctrl Pts',(8.28490125663318,-3.6417233595877,-16.0350491548283));
#2376=CARTESIAN_POINT('Ctrl Pts',(8.25855303859512,-6.29541352732545,-15.4323690270877));
#2377=CARTESIAN_POINT('Ctrl Pts',(8.23220482055706,-8.79628833349528,-14.1568201522186));
#2378=CARTESIAN_POINT('Ctrl Pts',(8.205856602519,-10.8421987298267,-12.3625109556462));
#2379=CARTESIAN_POINT('Ctrl Pts',(8.17950838448094,-12.8881091261581,-10.5682017590737));
#2380=CARTESIAN_POINT('Ctrl Pts',(8.15316016644287,-14.4790551126511,-8.25513224079792));
#2381=CARTESIAN_POINT('Ctrl Pts',(8.12681194840481,-15.4228228229887,-5.70276131327864));
#2382=CARTESIAN_POINT('Ctrl Pts',(8.10046373036675,-16.3665905333262,-3.15039038575944));
#2383=CARTESIAN_POINT('Ctrl Pts',(8.07411551232868,-16.6631799675084,-0.358718048996799));
#2384=CARTESIAN_POINT('Ctrl Pts',(8.04776729429062,-16.2767579782524,2.33497326385634));
#2385=CARTESIAN_POINT('Ctrl Pts',(8.02141907625256,-15.8903359889964,5.02866457670948));
#2386=CARTESIAN_POINT('Ctrl Pts',(7.99507085821449,-14.8209025763023,7.62437486565322));
#2387=CARTESIAN_POINT('Ctrl Pts',(7.96872264017643,-13.1976638431853,9.80849731140338));
#2388=CARTESIAN_POINT('Ctrl Pts',(7.94237442213837,-11.5744251100683,11.9926197571536));
#2389=CARTESIAN_POINT('Ctrl Pts',(7.91602620410031,-9.39738105652841,13.7651543597102));
#2390=CARTESIAN_POINT('Ctrl Pts',(7.88967798606225,-6.92955635984938,14.9119481987163));
#2391=CARTESIAN_POINT('Ctrl Pts',(7.86332976802418,-4.46173166317035,16.0587420377224));
#2392=CARTESIAN_POINT('Ctrl Pts',(7.83698154998613,-1.70312632335223,16.5797951131778));
#2393=CARTESIAN_POINT('Ctrl Pts',(7.81063333194806,1.01297229315079,16.4121551771496));
#2394=CARTESIAN_POINT('Ctrl Pts',(7.78428511391,3.72907090965382,16.2445152411213));
#2395=CARTESIAN_POINT('Ctrl Pts',(7.75793689587193,6.40266280284175,15.3881822936095));
#2396=CARTESIAN_POINT('Ctrl Pts',(7.73158867783387,8.710731704968,13.9466162057179));
#2397=CARTESIAN_POINT('Ctrl Pts',(7.70524045979581,11.0188006070942,12.5050501178264));
#2398=CARTESIAN_POINT('Ctrl Pts',(7.67889224175776,12.9613465181588,10.478250889555));
#2399=CARTESIAN_POINT('Ctrl Pts',(7.6525440237197,14.3036762032976,8.11109101765875));
#2400=CARTESIAN_POINT('Ctrl Pts',(7.62619580568164,15.6460058884365,5.74393114576245));
#2401=CARTESIAN_POINT('Ctrl Pts',(7.59984758764357,16.3881193476496,3.03641063024109));
#2402=CARTESIAN_POINT('Ctrl Pts',(7.57349936960551,16.4403564048831,0.315644904829842));
#2403=CARTESIAN_POINT('Ctrl Pts',(7.54715115156745,16.4925934621167,-2.40512082058148));
#2404=CARTESIAN_POINT('Ctrl Pts',(7.52080293352939,15.8549541173706,-5.13913175588268));
#2405=CARTESIAN_POINT('Ctrl Pts',(7.49445471549133,14.6044762618178,-7.55607196521628));
#2406=CARTESIAN_POINT('Ctrl Pts',(7.46810649745327,13.353998406265,-9.97301217454987));
#2407=CARTESIAN_POINT('Ctrl Pts',(7.44175827941521,11.4906820399056,-12.0728816579159));
#2408=CARTESIAN_POINT('Ctrl Pts',(7.41541006137715,9.23964809455628,-13.6019797645155));
#2409=CARTESIAN_POINT('Ctrl Pts',(7.38906184333908,6.98861414920707,-15.1310778711152));
#2410=CARTESIAN_POINT('Ctrl Pts',(7.36271362530102,4.3498626248681,-16.0894046009485));
#2411=CARTESIAN_POINT('Ctrl Pts',(7.33636540726296,1.64220046850623,-16.3611774651693));
#2412=CARTESIAN_POINT('Ctrl Pts',(7.33105829360262,1.09681744499992,-16.4159185288015));
#2413=CARTESIAN_POINT('Ctrl Pts',(7.32575117994229,0.548638657460743,-16.4428055073997));
#2414=CARTESIAN_POINT('Ctrl Pts',(7.32044406628195,0.000405426065974712,
-16.4422479157201));
#2415=CARTESIAN_POINT('Ctrl Pts',(7.1795559337179,0.000378258607361865,
-16.4425044095035));
#2416=CARTESIAN_POINT('Ctrl Pts',(7.1840584639422,0.465475821325569,-16.4429630721771));
#2417=CARTESIAN_POINT('Ctrl Pts',(7.1885609941665,0.930535354172227,-16.4236202904901));
#2418=CARTESIAN_POINT('Ctrl Pts',(7.1930635243908,1.39388684575938,-16.3842006347201));
#2419=CARTESIAN_POINT('Ctrl Pts',(7.21941174242886,4.10535917807251,-16.1535219644015));
#2420=CARTESIAN_POINT('Ctrl Pts',(7.24575996046692,6.75834070773897,-15.2353233215939));
#2421=CARTESIAN_POINT('Ctrl Pts',(7.27210817850498,9.03230525636295,-13.7405390263055));
#2422=CARTESIAN_POINT('Ctrl Pts',(7.29845639654305,11.306269804987,-12.245754731017));
#2423=CARTESIAN_POINT('Ctrl Pts',(7.32480461458112,13.2012173725686,-10.1743847832476));
#2424=CARTESIAN_POINT('Ctrl Pts',(7.35115283261918,14.4882054296156,-7.77668659563965));
#2425=CARTESIAN_POINT('Ctrl Pts',(7.37750105065723,15.7751934866627,-5.37898840803178));
#2426=CARTESIAN_POINT('Ctrl Pts',(7.40384926869529,16.4542220331753,-2.65496198058542));
#2427=CARTESIAN_POINT('Ctrl Pts',(7.43019748673335,16.4432526446105,0.0662830525481995));
#2428=CARTESIAN_POINT('Ctrl Pts',(7.45654570477141,16.4322832560457,2.78752808568182));
#2429=CARTESIAN_POINT('Ctrl Pts',(7.48289392280948,15.7313159324035,5.50599172450268));
#2430=CARTESIAN_POINT('Ctrl Pts',(7.50924214084754,14.4250396829797,7.89323641619876));
#2431=CARTESIAN_POINT('Ctrl Pts',(7.5355903588856,13.1187634335559,10.2804811078949));
#2432=CARTESIAN_POINT('Ctrl Pts',(7.56193857692366,11.2071782583504,12.3365068524662));
#2433=CARTESIAN_POINT('Ctrl Pts',(7.58828679496172,8.9212367983956,13.8129100831251));
#2434=CARTESIAN_POINT('Ctrl Pts',(7.61463501299978,6.63529533844084,15.2893133137839));
#2435=CARTESIAN_POINT('Ctrl Pts',(7.64098323103784,3.97499759373684,16.1860940305304));
#2436=CARTESIAN_POINT('Ctrl Pts',(7.66733144907591,1.26175366833817,16.3949055702673));
#2437=CARTESIAN_POINT('Ctrl Pts',(7.69367966711397,-1.45149025706043,16.6037171100041));
#2438=CARTESIAN_POINT('Ctrl Pts',(7.72002788515202,-4.21768036315368,16.1245594727314));
#2439=CARTESIAN_POINT('Ctrl Pts',(7.74637610319009,-6.70261291218179,15.0153232108736));
#2440=CARTESIAN_POINT('Ctrl Pts',(7.77272432122815,-9.18754546120996,13.9060869490157));
#2441=CARTESIAN_POINT('Ctrl Pts',(7.79907253926622,-11.391220453173,12.1667720625727));
#2442=CARTESIAN_POINT('Ctrl Pts',(7.82542075730428,-13.0473957315756,10.0075179540787));
#2443=CARTESIAN_POINT('Ctrl Pts',(7.85176897534234,-14.7035710099782,7.84826384558484));
#2444=CARTESIAN_POINT('Ctrl Pts',(7.8781171933804,-15.8122465748204,5.26907051504006));
#2445=CARTESIAN_POINT('Ctrl Pts',(7.90446541141846,-16.2394751905465,2.58154924670664));
#2446=CARTESIAN_POINT('Ctrl Pts',(7.93081362945652,-16.6667038062725,-0.105972021626778));
#2447=CARTESIAN_POINT('Ctrl Pts',(7.95716184749459,-16.4124854728823,-2.90182122774884));
#2448=CARTESIAN_POINT('Ctrl Pts',(7.98351006553266,-15.5075341738576,-5.46821130025015));
#2449=CARTESIAN_POINT('Ctrl Pts',(8.00985828357072,-14.602582874833,-8.03460137275152));
#2450=CARTESIAN_POINT('Ctrl Pts',(8.03620650160878,-13.0468986101739,-10.371532311632));
#2451=CARTESIAN_POINT('Ctrl Pts',(8.06255471964684,-11.0284350186696,-12.1966623310038));
#2452=CARTESIAN_POINT('Ctrl Pts',(8.0889029376849,-9.00997142716542,-14.0217923503755));
#2453=CARTESIAN_POINT('Ctrl Pts',(8.11525115572297,-6.52872850881595,-15.3351214502383));
#2454=CARTESIAN_POINT('Ctrl Pts',(8.14159937376103,-3.88448343937517,-15.9779766987803));
#2455=CARTESIAN_POINT('Ctrl Pts',(8.15425156041332,-2.61473980340586,-16.2866702348368));
#2456=CARTESIAN_POINT('Ctrl Pts',(8.16690374706561,-1.30741052145404,-16.44076340122));
#2457=CARTESIAN_POINT('Ctrl Pts',(8.1795559337179,-4.93135629922834E-5,
-16.4406256635293));
#2458=CARTESIAN_POINT('Origin',(10.9999999999999,0.,4.84733533783543E-15));
#2459=CARTESIAN_POINT('',(9.32044406628196,-0.000261653135321116,-16.4430272347025));
#2460=CARTESIAN_POINT('',(9.17955593371789,-0.00032112142070149,-16.4428162387924));
#2461=CARTESIAN_POINT('',(10.9999999999999,2.01356426715808E-15,-16.442));
#2462=CARTESIAN_POINT('Ctrl Pts',(9.32044406628196,-0.000261653135321116,
-16.4430272347025));
#2463=CARTESIAN_POINT('Ctrl Pts',(9.31778996422717,-0.274397039994467,-16.4432361596842));
#2464=CARTESIAN_POINT('Ctrl Pts',(9.31513586217239,-0.548522190313861,-16.436520754331));
#2465=CARTESIAN_POINT('Ctrl Pts',(9.3124817601176,-0.822297216843335,-16.4228127223292));
#2466=CARTESIAN_POINT('Ctrl Pts',(9.28613354207954,-3.54015958365251,-16.2867281978463));
#2467=CARTESIAN_POINT('Ctrl Pts',(9.25978532404148,-6.22351640621811,-15.4615034459713));
#2468=CARTESIAN_POINT('Ctrl Pts',(9.23343710600341,-8.54817164397492,-14.0468399282782));
#2469=CARTESIAN_POINT('Ctrl Pts',(9.20708888796535,-10.8728268817316,-12.6321764105852));
#2470=CARTESIAN_POINT('Ctrl Pts',(9.18074066992729,-12.8387805346796,-10.6280741270741));
#2471=CARTESIAN_POINT('Ctrl Pts',(9.15439245188922,-14.2085113067843,-8.27666338994829));
#2472=CARTESIAN_POINT('Ctrl Pts',(9.12804423385116,-15.578242078889,-5.92525265282251));
#2473=CARTESIAN_POINT('Ctrl Pts',(9.1016960158131,-16.3517499701504,-3.22653346208207));
#2474=CARTESIAN_POINT('Ctrl Pts',(9.07534779777503,-16.4355818126618,-0.506557898790716));
#2475=CARTESIAN_POINT('Ctrl Pts',(9.04899957973697,-16.5194136551733,2.21341766450072));
#2476=CARTESIAN_POINT('Ctrl Pts',(9.02265136169891,-15.9135694489347,4.95464960034308));
#2477=CARTESIAN_POINT('Ctrl Pts',(8.99630314366085,-14.6912456809769,7.38594955078252));
#2478=CARTESIAN_POINT('Ctrl Pts',(8.96995492562278,-13.4689219130191,9.81724950122196));
#2479=CARTESIAN_POINT('Ctrl Pts',(8.94360670758472,-11.630118583342,11.9386174662585));
#2480=CARTESIAN_POINT('Ctrl Pts',(8.91725848954666,-9.39699502381136,13.4937554056679));
#2481=CARTESIAN_POINT('Ctrl Pts',(8.8909102715086,-7.16387146428076,15.0488933450773));
#2482=CARTESIAN_POINT('Ctrl Pts',(8.86456205347054,-4.53642767489674,16.0378012588596));
#2483=CARTESIAN_POINT('Ctrl Pts',(8.83821383543247,-1.83210443213782,16.3410019207902));
#2484=CARTESIAN_POINT('Ctrl Pts',(8.81186561739441,0.872218810621053,16.6442025827207));
#2485=CARTESIAN_POINT('Ctrl Pts',(8.78551739935635,3.65342150675473,16.2616959927995));
#2486=CARTESIAN_POINT('Ctrl Pts',(8.75916918131828,6.17548613726904,15.2396955807498));
#2487=CARTESIAN_POINT('Ctrl Pts',(8.73282096328022,8.69755076778342,14.2176951687001));
#2488=CARTESIAN_POINT('Ctrl Pts',(8.70647274524216,10.9604773326784,12.556200934522));
#2489=CARTESIAN_POINT('Ctrl Pts',(8.6801245272041,12.6908650578721,10.4559501963432));
#2490=CARTESIAN_POINT('Ctrl Pts',(8.65377630916604,14.4212527830657,8.35569945816438));
#2491=CARTESIAN_POINT('Ctrl Pts',(8.62742809112798,15.619101668558,5.81669221598489));
#2492=CARTESIAN_POINT('Ctrl Pts',(8.60107987308992,16.1396907951607,3.14568457766102));
#2493=CARTESIAN_POINT('Ctrl Pts',(8.57473165505186,16.6602799217633,0.474676939337229));
#2494=CARTESIAN_POINT('Ctrl Pts',(8.5483834370138,16.5036092894765,-2.32833109513096));
#2495=CARTESIAN_POINT('Ctrl Pts',(8.52203521897574,15.6886074277574,-4.9246875437172));
#2496=CARTESIAN_POINT('Ctrl Pts',(8.49568700093768,14.8736055660382,-7.52104399230351));
#2497=CARTESIAN_POINT('Ctrl Pts',(8.46933878289961,13.4002724748868,-9.91074885500789));
#2498=CARTESIAN_POINT('Ctrl Pts',(8.44299056486155,11.4466123431487,-11.8050843407069));
#2499=CARTESIAN_POINT('Ctrl Pts',(8.4166423468235,9.49295221141061,-13.6994198264059));
#2500=CARTESIAN_POINT('Ctrl Pts',(8.39029412878544,7.05896503908586,-15.0983859350996));
#2501=CARTESIAN_POINT('Ctrl Pts',(8.36394591074738,4.43871868827067,-15.8329632991403));
#2502=CARTESIAN_POINT('Ctrl Pts',(8.34944529592557,2.99667873640285,-16.2372344114176));
#2503=CARTESIAN_POINT('Ctrl Pts',(8.33494468110376,1.49822463843277,-16.4402755815609));
#2504=CARTESIAN_POINT('Ctrl Pts',(8.32044406628196,-0.000123796706190116,
-16.4406732911162));
#2505=CARTESIAN_POINT('Ctrl Pts',(8.1795559337179,-4.93135629922834E-5,
-16.4406256635293));
#2506=CARTESIAN_POINT('Ctrl Pts',(8.19325196510367,1.41517325846389,-16.4404765620509));
#2507=CARTESIAN_POINT('Ctrl Pts',(8.20694799648944,2.83043324172079,-16.259597685134));
#2508=CARTESIAN_POINT('Ctrl Pts',(8.22064402787521,4.19809407300005,-15.898457696638));
#2509=CARTESIAN_POINT('Ctrl Pts',(8.24699224591327,6.82917929540227,-15.2037020487325));
#2510=CARTESIAN_POINT('Ctrl Pts',(8.27334046395134,9.28410251967452,-13.8418093557005));
#2511=CARTESIAN_POINT('Ctrl Pts',(8.2996886819894,11.2662664455597,-11.9773198736279));
#2512=CARTESIAN_POINT('Ctrl Pts',(8.32603690002746,13.2484303714448,-10.1128303915552));
#2513=CARTESIAN_POINT('Ctrl Pts',(8.35238511806552,14.7578349989428,-7.74574412044208));
#2514=CARTESIAN_POINT('Ctrl Pts',(8.37873333610358,15.612118072043,-5.16204613328209));
#2515=CARTESIAN_POINT('Ctrl Pts',(8.40508155414164,16.4664011451432,-2.57834814612221));
#2516=CARTESIAN_POINT('Ctrl Pts',(8.4314297721797,16.6655626638455,0.221961557084485));
#2517=CARTESIAN_POINT('Ctrl Pts',(8.45777799021776,16.1855404627111,2.90055699952395));
#2518=CARTESIAN_POINT('Ctrl Pts',(8.48412620825582,15.7055182615767,5.57915244196354));
#2519=CARTESIAN_POINT('Ctrl Pts',(8.51047442629388,14.5463123406054,8.13603362363599));
#2520=CARTESIAN_POINT('Ctrl Pts',(8.53682264433195,12.8479748787018,10.2622849548136));
#2521=CARTESIAN_POINT('Ctrl Pts',(8.56317086237001,11.1496374167981,12.3885362859913));
#2522=CARTESIAN_POINT('Ctrl Pts',(8.58951908040806,8.91216841396193,14.0841577666741));
#2523=CARTESIAN_POINT('Ctrl Pts',(8.61586729844612,6.40589292927819,15.1442889155011));
#2524=CARTESIAN_POINT('Ctrl Pts',(8.64221551648419,3.89961744459448,16.2044200643281));
#2525=CARTESIAN_POINT('Ctrl Pts',(8.66856373452226,1.12453547806318,16.6290608812994));
#2526=CARTESIAN_POINT('Ctrl Pts',(8.69491195256032,-1.58407494160692,16.3669073913467));
#2527=CARTESIAN_POINT('Ctrl Pts',(8.72126017059838,-4.29268536127702,16.1047539013939));
#2528=CARTESIAN_POINT('Ctrl Pts',(8.74760838863643,-6.93482423408593,15.1558061045172));
#2529=CARTESIAN_POINT('Ctrl Pts',(8.77395660667449,-9.19127536262617,13.6347133518064));
#2530=CARTESIAN_POINT('Ctrl Pts',(8.80030482471256,-11.4477264911664,12.1136205990955));
#2531=CARTESIAN_POINT('Ctrl Pts',(8.82665304275063,-13.318489875438,10.0203828905507));
#2532=CARTESIAN_POINT('Ctrl Pts',(8.85300126078869,-14.5775448547096,7.60789964355977));
#2533=CARTESIAN_POINT('Ctrl Pts',(8.87934947882676,-15.836599833981,5.19541639656895));
#2534=CARTESIAN_POINT('Ctrl Pts',(8.90569769686481,-16.4839464082525,2.46368761113214));
#2535=CARTESIAN_POINT('Ctrl Pts',(8.93204591490287,-16.4413738846756,-0.257246500175211));
#2536=CARTESIAN_POINT('Ctrl Pts',(8.95839413294093,-16.3988013610987,-2.97818061148257));
#2537=CARTESIAN_POINT('Ctrl Pts',(8.984742350979,-15.6663097396736,-5.68832004866047));
#2538=CARTESIAN_POINT('Ctrl Pts',(9.01109056901706,-14.3323967115816,-8.06023296681871));
#2539=CARTESIAN_POINT('Ctrl Pts',(9.03743878705513,-12.9984836834895,-10.432145884977));
#2540=CARTESIAN_POINT('Ctrl Pts',(9.06378700509319,-11.0631492487306,-12.4658322841155));
#2541=CARTESIAN_POINT('Ctrl Pts',(9.09013522313125,-8.76021537076521,-13.9155875777976));
#2542=CARTESIAN_POINT('Ctrl Pts',(9.11648344116932,-6.45728149279979,-15.3653428714797));
#2543=CARTESIAN_POINT('Ctrl Pts',(9.14283165920737,-3.78674817162795,-16.2311670597052));
#2544=CARTESIAN_POINT('Ctrl Pts',(9.16917987724544,-1.07126214645313,-16.4084535648891));
#2545=CARTESIAN_POINT('Ctrl Pts',(9.17263856273625,-0.714804943076826,-16.4317256610253));
#2546=CARTESIAN_POINT('Ctrl Pts',(9.17609724822707,-0.357573143312821,-16.4431333139892));
#2547=CARTESIAN_POINT('Ctrl Pts',(9.17955593371789,-0.00032112142070149,
-16.4428162387924));
#2548=CARTESIAN_POINT('Origin',(10.9999999999999,0.,4.84733533783543E-15));
#2549=CARTESIAN_POINT('',(10.320444066282,0.000417474831627684,-16.4418512837695));
#2550=CARTESIAN_POINT('',(10.1795559337179,0.000413667784522815,-16.4421095919728));
#2551=CARTESIAN_POINT('',(10.9999999999999,2.01356426715808E-15,-16.442));
#2552=CARTESIAN_POINT('Ctrl Pts',(10.320444066282,0.000417474831627684,
-16.4418512837695));
#2553=CARTESIAN_POINT('Ctrl Pts',(10.3006352473506,-2.04600697383405,-16.4398113696979));
#2554=CARTESIAN_POINT('Ctrl Pts',(10.2808264284192,-4.09317394067146,-16.0566643722852));
#2555=CARTESIAN_POINT('Ctrl Pts',(10.2610176094878,-5.99807955001337,-15.3103883730406));
#2556=CARTESIAN_POINT('Ctrl Pts',(10.2346693914498,-8.53184335040626,-14.3177475289405));
#2557=CARTESIAN_POINT('Ctrl Pts',(10.2083211734117,-10.8139134876772,-12.6826464253159));
#2558=CARTESIAN_POINT('Ctrl Pts',(10.1819729553736,-12.5685763111227,-10.6026336322964));
#2559=CARTESIAN_POINT('Ctrl Pts',(10.1556247373356,-14.3232391345682,-8.52262083927678));
#2560=CARTESIAN_POINT('Ctrl Pts',(10.1292765192975,-15.5504946441881,-5.99769635686235));
#2561=CARTESIAN_POINT('Ctrl Pts',(10.1029283012594,-16.1020690911715,-3.33291485135053));
#2562=CARTESIAN_POINT('Ctrl Pts',(10.0765800832214,-16.6536435381549,-0.668133345838715));
#2563=CARTESIAN_POINT('Ctrl Pts',(10.0502318651833,-16.5295369225019,2.13650518277046));
#2564=CARTESIAN_POINT('Ctrl Pts',(10.0238836471453,-15.7447434754254,4.74215176050867));
#2565=CARTESIAN_POINT('Ctrl Pts',(9.9975354291072,-14.9599500283489,7.3477983382468));
#2566=CARTESIAN_POINT('Ctrl Pts',(9.97118721106913,-13.514469749849,9.75445296511395));
#2567=CARTESIAN_POINT('Ctrl Pts',(9.94483899303106,-11.582941726113,11.6713500245087));
#2568=CARTESIAN_POINT('Ctrl Pts',(9.918490774993,-9.65141370237702,13.5882470839035));
#2569=CARTESIAN_POINT('Ctrl Pts',(9.89214255695494,-7.23383793340485,15.0153865758259));
#2570=CARTESIAN_POINT('Ctrl Pts',(9.86579433891688,-4.62229949907334,15.7803452993417));
#2571=CARTESIAN_POINT('Ctrl Pts',(9.83944612087882,-2.01076106474187,16.5453040228575));
#2572=CARTESIAN_POINT('Ctrl Pts',(9.81309790284076,0.794740034949026,16.6480819779667));
#2573=CARTESIAN_POINT('Ctrl Pts',(9.78674968480269,3.4552506124173,16.0762618052509));
#2574=CARTESIAN_POINT('Ctrl Pts',(9.76040146676463,6.11576118988561,15.504441632535));
#2575=CARTESIAN_POINT('Ctrl Pts',(9.73405324872657,8.63128124513138,14.2580233319941));
#2576=CARTESIAN_POINT('Ctrl Pts',(9.70770503068851,10.6978923298299,12.4875958504763));
#2577=CARTESIAN_POINT('Ctrl Pts',(9.68135681265045,12.7645034145283,10.7171683689585));
#2578=CARTESIAN_POINT('Ctrl Pts',(9.65500859461239,14.3822055286796,8.42273170646385));
#2579=CARTESIAN_POINT('Ctrl Pts',(9.62866037657433,15.3555522017136,5.88149360333059));
#2580=CARTESIAN_POINT('Ctrl Pts',(9.60231215853627,16.3288988747477,3.34025550019725));
#2581=CARTESIAN_POINT('Ctrl Pts',(9.57596394049821,16.6578901066646,0.552215956425285));
#2582=CARTESIAN_POINT('Ctrl Pts',(9.54961572246015,16.3027780510893,-2.1457814992272));
#2583=CARTESIAN_POINT('Ctrl Pts',(9.52326750442209,15.947665995514,-4.84377895487961));
#2584=CARTESIAN_POINT('Ctrl Pts',(9.49691928638403,14.9084506524464,-7.45173432241252));
#2585=CARTESIAN_POINT('Ctrl Pts',(9.47057106834596,13.3106872580279,-9.65456136468712));
#2586=CARTESIAN_POINT('Ctrl Pts',(9.4442228503079,11.7129238636095,-11.8573884069617));
#2587=CARTESIAN_POINT('Ctrl Pts',(9.41787463226984,9.55661241784022,-13.655087123978));
#2588=CARTESIAN_POINT('Ctrl Pts',(9.39152641423178,7.10227273942926,-14.8304643339406));
#2589=CARTESIAN_POINT('Ctrl Pts',(9.36783229824851,4.89516298655651,-15.8874437432017));
#2590=CARTESIAN_POINT('Ctrl Pts',(9.34413818226523,2.44704275237788,-16.4411620868497));
#2591=CARTESIAN_POINT('Ctrl Pts',(9.32044406628196,-0.000261653135321116,
-16.4430272347025));
#2592=CARTESIAN_POINT('Ctrl Pts',(9.17955593371789,-0.00032112142070149,
-16.4428162387924));
#2593=CARTESIAN_POINT('Ctrl Pts',(9.20244546626514,2.36396779827779,-16.4407178395433));
#2594=CARTESIAN_POINT('Ctrl Pts',(9.22533499881238,4.72914240148962,-15.9251028425015));
#2595=CARTESIAN_POINT('Ctrl Pts',(9.24822453135962,6.87654516939566,-14.936468040029));
#2596=CARTESIAN_POINT('Ctrl Pts',(9.27457274939768,9.34842773089175,-13.7984471878425));
#2597=CARTESIAN_POINT('Ctrl Pts',(9.30092096743574,11.5317541247062,-12.0336566613273));
#2598=CARTESIAN_POINT('Ctrl Pts',(9.3272691854738,13.162740657898,-9.85531376215211));
#2599=CARTESIAN_POINT('Ctrl Pts',(9.35361740351187,14.7937271910897,-7.67697086297696));
#2600=CARTESIAN_POINT('Ctrl Pts',(9.37996562154993,15.8723738636588,-5.08507559114192));
#2601=CARTESIAN_POINT('Ctrl Pts',(9.40631383958799,16.268361451015,-2.39277384570189));
#2602=CARTESIAN_POINT('Ctrl Pts',(9.43266205762605,16.6643490383712,0.299527899738212));
#2603=CARTESIAN_POINT('Ctrl Pts',(9.4590102756641,16.3776775405146,3.09223611878334));
#2604=CARTESIAN_POINT('Ctrl Pts',(9.48535849370216,15.442981846017,5.64794322573585));
#2605=CARTESIAN_POINT('Ctrl Pts',(9.51170671174022,14.5082861515193,8.20365033268837));
#2606=CARTESIAN_POINT('Ctrl Pts',(9.53805492977829,12.9255662603807,10.5223563275483));
#2607=CARTESIAN_POINT('Ctrl Pts',(9.56440314781635,10.8860421839372,12.3239213137332));
#2608=CARTESIAN_POINT('Ctrl Pts',(9.59075136585442,8.84651810749357,14.1254862999181));
#2609=CARTESIAN_POINT('Ctrl Pts',(9.61709958389248,6.35018984574499,15.409910277428));
#2610=CARTESIAN_POINT('Ctrl Pts',(9.64344780193054,3.69865714554737,16.0220125545212));
#2611=CARTESIAN_POINT('Ctrl Pts',(9.6697960199686,1.04712444534987,16.6341148316145));
#2612=CARTESIAN_POINT('Ctrl Pts',(9.69614423800666,-1.75961269329657,16.5738954082911));
#2613=CARTESIAN_POINT('Ctrl Pts',(9.72249245604473,-4.38245174790946,15.8486298352504));
#2614=CARTESIAN_POINT('Ctrl Pts',(9.74884067408279,-7.00529080252231,15.1233642622097));
#2615=CARTESIAN_POINT('Ctrl Pts',(9.77518889212085,-9.44423177310153,13.7330525394516));
#2616=CARTESIAN_POINT('Ctrl Pts',(9.80153711015891,-11.4046082928085,11.845668434713));
#2617=CARTESIAN_POINT('Ctrl Pts',(9.82788532819697,-13.3649848125155,9.95828432997446));
#2618=CARTESIAN_POINT('Ctrl Pts',(9.85423354623503,-14.8467968813503,7.57382784325531));
#2619=CARTESIAN_POINT('Ctrl Pts',(9.88058176427309,-15.6710159029184,4.98038267083972));
#2620=CARTESIAN_POINT('Ctrl Pts',(9.90692998231116,-16.4952349244865,2.38693749842406));
#2621=CARTESIAN_POINT('Ctrl Pts',(9.93327820034923,-16.6618608987879,-0.41549635968809));
#2622=CARTESIAN_POINT('Ctrl Pts',(9.95962641838729,-16.1507625183928,-3.08833629193233));
#2623=CARTESIAN_POINT('Ctrl Pts',(9.98597463642536,-15.6396641379977,-5.76117622417657));
#2624=CARTESIAN_POINT('Ctrl Pts',(10.0123228544634,-14.4508414029061,-8.30442223055291));
#2625=CARTESIAN_POINT('Ctrl Pts',(10.0386710725015,-12.7279247168117,-10.410806086978));
#2626=CARTESIAN_POINT('Ctrl Pts',(10.0650192905395,-11.0050080307172,-12.517189943403));
#2627=CARTESIAN_POINT('Ctrl Pts',(10.0913675085776,-8.7479973936199,-14.1867116498768));
#2628=CARTESIAN_POINT('Ctrl Pts',(10.1177157266157,-6.22957883290535,-15.2176640304027));
#2629=CARTESIAN_POINT('Ctrl Pts',(10.1383291289831,-4.25930611667933,-16.0242246946087));
#2630=CARTESIAN_POINT('Ctrl Pts',(10.1589425313505,-2.12903501087426,-16.4399400379366));
#2631=CARTESIAN_POINT('Ctrl Pts',(10.1795559337179,0.000413667784522815,
-16.4421095919728));
#2632=CARTESIAN_POINT('Origin',(10.9999999999999,0.,4.84733533783543E-15));
#2633=CARTESIAN_POINT('',(11.320444066282,-0.000228084296962083,-16.4408236834913));
#2634=CARTESIAN_POINT('',(11.1795559337179,-0.000161948708619138,-16.4407151638544));
#2635=CARTESIAN_POINT('',(10.9999999999999,2.01356426715808E-15,-16.442));
#2636=CARTESIAN_POINT('Ctrl Pts',(11.320444066282,-0.000228084296962083,
-16.4408236834913));
#2637=CARTESIAN_POINT('Ctrl Pts',(11.3098287485121,-1.09708106054237,-16.4413694683451));
#2638=CARTESIAN_POINT('Ctrl Pts',(11.2992134307421,-2.19382798210465,-16.333220118026));
#2639=CARTESIAN_POINT('Ctrl Pts',(11.2885981129722,-3.26831315516238,-16.1153061540606));
#2640=CARTESIAN_POINT('Ctrl Pts',(11.2622498949342,-5.93528650744747,-15.5744231809315));
#2641=CARTESIAN_POINT('Ctrl Pts',(11.2359016768961,-8.46510987270747,-14.3573033284608));
#2642=CARTESIAN_POINT('Ctrl Pts',(11.209553458858,-10.5521422583666,-12.6109963043757));
#2643=CARTESIAN_POINT('Ctrl Pts',(11.18320524082,-12.6391746440255,-10.8646892802906));
#2644=CARTESIAN_POINT('Ctrl Pts',(11.1568570227819,-14.2834160500836,-8.58919508459114));
#2645=CARTESIAN_POINT('Ctrl Pts',(11.1305088047439,-15.286210726108,-6.05943260882508));
#2646=CARTESIAN_POINT('Ctrl Pts',(11.1041605867058,-16.2890054021323,-3.52967013305888));
#2647=CARTESIAN_POINT('Ctrl Pts',(11.0778123686677,-16.6503533481229,-0.74563937722609));
#2648=CARTESIAN_POINT('Ctrl Pts',(11.0514641506297,-16.3265989545731,1.95630032093643));
#2649=CARTESIAN_POINT('Ctrl Pts',(11.0251159325916,-16.0028445610233,4.65824001909894));
#2650=CARTESIAN_POINT('Ctrl Pts',(10.9987677145535,-14.9939878279332,7.27808865959119));
#2651=CARTESIAN_POINT('Ctrl Pts',(10.9724194965155,-13.4219153731084,9.49932316424294));
#2652=CARTESIAN_POINT('Ctrl Pts',(10.9460712784774,-11.8498429182837,11.7205576688946));
#2653=CARTESIAN_POINT('Ctrl Pts',(10.9197230604394,-9.7145547417243,13.5431780377058));
#2654=CARTESIAN_POINT('Ctrl Pts',(10.8933748424013,-7.27403108660145,14.7469800835099));
#2655=CARTESIAN_POINT('Ctrl Pts',(10.8670266243632,-4.83350743147859,15.950782129314));
#2656=CARTESIAN_POINT('Ctrl Pts',(10.8406784063252,-2.08774829779226,16.535765852111));
#2657=CARTESIAN_POINT('Ctrl Pts',(10.8143301882871,0.631511199791847,16.4312550925468));
#2658=CARTESIAN_POINT('Ctrl Pts',(10.787981970249,3.35077069737603,16.3267443329826));
#2659=CARTESIAN_POINT('Ctrl Pts',(10.761633752211,6.043530558858,15.5327390910573));
#2660=CARTESIAN_POINT('Ctrl Pts',(10.7352855341729,8.3844585860596,14.1451689600077));
#2661=CARTESIAN_POINT('Ctrl Pts',(10.7089373161349,10.7253866132612,12.7575988289581));
#2662=CARTESIAN_POINT('Ctrl Pts',(10.6825890980968,12.7144828061825,10.7764638087843));
#2663=CARTESIAN_POINT('Ctrl Pts',(10.6562408800587,14.1114299042909,8.4411193732048));
#2664=CARTESIAN_POINT('Ctrl Pts',(10.6298926620207,15.5083770023994,6.10577493762534));
#2665=CARTESIAN_POINT('Ctrl Pts',(10.6035444439826,16.3131750056951,3.41622108664017));
#2666=CARTESIAN_POINT('Ctrl Pts',(10.5771962259446,16.4285903292264,0.697402566604802));
#2667=CARTESIAN_POINT('Ctrl Pts',(10.5508480079065,16.5440056527578,-2.02141595343057));
#2668=CARTESIAN_POINT('Ctrl Pts',(10.5244997898684,15.9700382965249,-4.76949914251614));
#2669=CARTESIAN_POINT('Ctrl Pts',(10.4981515718304,14.776033486207,-7.21483089108066));
#2670=CARTESIAN_POINT('Ctrl Pts',(10.4718033537923,13.5820286758891,-9.66016263964524));
#2671=CARTESIAN_POINT('Ctrl Pts',(10.4454551357543,11.7679864114862,-11.8027429476888));
#2672=CARTESIAN_POINT('Ctrl Pts',(10.4191069177162,9.55307445100571,-13.3837109568037));
#2673=CARTESIAN_POINT('Ctrl Pts',(10.3927586996781,7.33816249052523,-14.9646789659187));
#2674=CARTESIAN_POINT('Ctrl Pts',(10.3664104816401,4.72238083396716,-15.9840346761052));
#2675=CARTESIAN_POINT('Ctrl Pts',(10.340062263602,2.02176127393069,-16.3186222389106));
#2676=CARTESIAN_POINT('Ctrl Pts',(10.3335228644953,1.35149093106052,-16.4016639689493));
#2677=CARTESIAN_POINT('Ctrl Pts',(10.3269834653886,0.675994663853064,-16.4425247117161));
#2678=CARTESIAN_POINT('Ctrl Pts',(10.320444066282,0.000417474831627684,
-16.4418512837695));
#2679=CARTESIAN_POINT('Ctrl Pts',(10.1795559337179,0.000413667784522815,
-16.4421095919728));
#2680=CARTESIAN_POINT('Ctrl Pts',(10.1852907493885,0.5928435556095,-16.4427131794962));
#2681=CARTESIAN_POINT('Ctrl Pts',(10.1910255650592,1.18520978777787,-16.4113084257698));
#2682=CARTESIAN_POINT('Ctrl Pts',(10.1967603807298,1.77404937130848,-16.347406516196));
#2683=CARTESIAN_POINT('Ctrl Pts',(10.2231085987679,4.47943253047606,-16.0538135668852));
#2684=CARTESIAN_POINT('Ctrl Pts',(10.249456816806,7.11037236447931,-15.0742446136857));
#2685=CARTESIAN_POINT('Ctrl Pts',(10.275805034844,9.34900571409653,-13.5270485744283));
#2686=CARTESIAN_POINT('Ctrl Pts',(10.3021532528821,11.5876390637138,-11.9798525351708));
#2687=CARTESIAN_POINT('Ctrl Pts',(10.3285014709202,13.4339659289449,-9.86502940985536));
#2688=CARTESIAN_POINT('Ctrl Pts',(10.3548496889582,14.664918004202,-7.4380865085509));
#2689=CARTESIAN_POINT('Ctrl Pts',(10.3811979069963,15.8958700794592,-5.0111436072465));
#2690=CARTESIAN_POINT('Ctrl Pts',(10.4075461250343,16.5114473647423,-2.27208092995312));
#2691=CARTESIAN_POINT('Ctrl Pts',(10.4338943430724,16.4372774485638,0.448175249404917));
#2692=CARTESIAN_POINT('Ctrl Pts',(10.4602425611105,16.3631075323854,3.16843142876288));
#2693=CARTESIAN_POINT('Ctrl Pts',(10.4865907791485,15.5991904147454,5.86988111018567));
#2694=CARTESIAN_POINT('Ctrl Pts',(10.5129389971866,14.237820531211,8.226142322027));
#2695=CARTESIAN_POINT('Ctrl Pts',(10.5392872152246,12.8764506476765,10.5824035338685));
#2696=CARTESIAN_POINT('Ctrl Pts',(10.5656354332627,10.9176279982476,12.5934762761285));
#2697=CARTESIAN_POINT('Ctrl Pts',(10.5919836513008,8.59801233113861,14.0163880842122));
#2698=CARTESIAN_POINT('Ctrl Pts',(10.6183318693388,6.27839666402962,15.439299892296));
#2699=CARTESIAN_POINT('Ctrl Pts',(10.6446800873769,3.59798797924046,16.2740507662033));
#2700=CARTESIAN_POINT('Ctrl Pts',(10.6710283054149,0.880626129089747,16.4197883237826));
#2701=CARTESIAN_POINT('Ctrl Pts',(10.697376523453,-1.83673572106089,16.5655258813619));
#2702=CARTESIAN_POINT('Ctrl Pts',(10.7237247414911,-4.59105073657326,16.0222501226133));
#2703=CARTESIAN_POINT('Ctrl Pts',(10.7500729595291,-7.04954989257084,14.8555981806796));
#2704=CARTESIAN_POINT('Ctrl Pts',(10.7764211775672,-9.50804904856842,13.6889462387459));
#2705=CARTESIAN_POINT('Ctrl Pts',(10.8027693956053,-11.6707323450512,11.898918113627));
#2706=CARTESIAN_POINT('Ctrl Pts',(10.8291176136433,-13.2763101409677,9.7017802472282));
#2707=CARTESIAN_POINT('Ctrl Pts',(10.8554658316814,-14.8818879368843,7.50464238082928));
#2708=CARTESIAN_POINT('Ctrl Pts',(10.8818140497194,-15.9303602322347,4.90039477315042));
#2709=CARTESIAN_POINT('Ctrl Pts',(10.9081622677575,-16.2950533755872,2.20367569840445));
#2710=CARTESIAN_POINT('Ctrl Pts',(10.9345104857956,-16.6597465189396,-0.493043376341362));
#2711=CARTESIAN_POINT('Ctrl Pts',(10.9608587038336,-16.3406605102943,-3.28223391815422));
#2712=CARTESIAN_POINT('Ctrl Pts',(10.9872069218717,-15.3763465020559,-5.82691333537116));
#2713=CARTESIAN_POINT('Ctrl Pts',(11.0135551399098,-14.4120324938175,-8.37159275258811));
#2714=CARTESIAN_POINT('Ctrl Pts',(11.0399033579478,-12.8024904859859,-10.6717610452091));
#2715=CARTESIAN_POINT('Ctrl Pts',(11.0662515759859,-10.7421810112232,-12.4495179971688));
#2716=CARTESIAN_POINT('Ctrl Pts',(11.092599794024,-8.68187153646041,-14.2272749491285));
#2717=CARTESIAN_POINT('Ctrl Pts',(11.118948012062,-6.17079459476641,-15.4826205604268));
#2718=CARTESIAN_POINT('Ctrl Pts',(11.1452962301001,-3.51233193649099,-16.0638873013885));
#2719=CARTESIAN_POINT('Ctrl Pts',(11.156716131306,-2.36009534601886,-16.315821179668));
#2720=CARTESIAN_POINT('Ctrl Pts',(11.168136032512,-1.18017164762269,-16.4411261357886));
#2721=CARTESIAN_POINT('Ctrl Pts',(11.1795559337179,-0.000161948708619138,
-16.4407151638544));
#2722=CARTESIAN_POINT('Origin',(-1.84858989190509,0.,-8.14612282563361E-16));
#2723=CARTESIAN_POINT('',(11.6514101080949,-0.000220132142265258,-15.8676146957427));
#2724=CARTESIAN_POINT('',(11.848589891905,-0.000295695317225481,-15.8698313879438));
#2725=CARTESIAN_POINT('',(-1.84858989190508,9.99003701139956E-13,-15.86875));
#2726=CARTESIAN_POINT('',(11.9999999999999,12.9203363177664,9.21382861554188));
#2727=CARTESIAN_POINT('Ctrl Pts',(11.6514101080949,-0.000220132142266655,
-15.8676146957427));
#2728=CARTESIAN_POINT('Ctrl Pts',(11.6671430083631,1.568741353147,-15.8668339936491));
#2729=CARTESIAN_POINT('Ctrl Pts',(11.7092241266693,5.76587692159503,-15.248394634594));
#2730=CARTESIAN_POINT('Ctrl Pts',(11.7776534630135,11.7837120402408,-11.6010416076643));
#2731=CARTESIAN_POINT('Ctrl Pts',(11.8566981171278,15.8878080808195,-4.58465993564306));
#2732=CARTESIAN_POINT('Ctrl Pts',(11.9308136294565,16.1361879199669,3.03290494426648));
#2733=CARTESIAN_POINT('Ctrl Pts',(11.9785809237472,14.1584070657819,7.47392308636828));
#2734=CARTESIAN_POINT('Ctrl Pts',(11.9999999999999,12.9203363177664,9.21382861554188));
#2735=CARTESIAN_POINT('',(11.9999999999999,12.9202241036346,-9.21330753173685));
#2736=CARTESIAN_POINT('Origin',(11.9999999999999,0.,5.28800218672954E-15));
#2737=CARTESIAN_POINT('Ctrl Pts',(11.848589891905,-0.000295695317225411,
-15.8698313879438));
#2738=CARTESIAN_POINT('Ctrl Pts',(11.8727117098985,2.40445275470386,-15.8682215306678));
#2739=CARTESIAN_POINT('Ctrl Pts',(11.9231817459302,7.43791451980603,-14.7080300613057));
#2740=CARTESIAN_POINT('Ctrl Pts',(11.9736517819618,11.3949542566418,-11.3522601471553));
#2741=CARTESIAN_POINT('Ctrl Pts',(11.9999999999999,12.9202241036346,-9.21330753173685));
#2742=CARTESIAN_POINT('Origin',(-1.84858989190509,0.,-8.14612282563361E-16));
#2743=CARTESIAN_POINT('',(10.6514101080949,0.000402919580263769,-15.8686064687579));
#2744=CARTESIAN_POINT('',(10.848589891905,-0.00015630236920694,-15.8675099596408));
#2745=CARTESIAN_POINT('',(-1.84858989190508,9.99003701139956E-13,-15.86875));
#2746=CARTESIAN_POINT('Ctrl Pts',(10.6514101080949,0.000402919580264199,
-15.8686064687579));
#2747=CARTESIAN_POINT('Ctrl Pts',(10.6579495072016,0.652426123465599,-15.8692564176526));
#2748=CARTESIAN_POINT('Ctrl Pts',(10.6908371243463,3.93115565358292,-15.6709261966942));
#2749=CARTESIAN_POINT('Ctrl Pts',(10.7500729595291,9.60690008417641,-13.4591198403115));
#2750=CARTESIAN_POINT('Ctrl Pts',(10.8291176136433,14.8592872359663,-7.25548197449248));
#2751=CARTESIAN_POINT('Ctrl Pts',(10.9081622677575,16.5211552235995,0.701331997068542));
#2752=CARTESIAN_POINT('Ctrl Pts',(10.9872069218717,14.1909390124088,8.4886798269228));
#2753=CARTESIAN_POINT('Ctrl Pts',(11.0662515759859,8.43169983017695,14.2248681892965));
#2754=CARTESIAN_POINT('Ctrl Pts',(11.1452962301001,0.635069301307294,16.5238349846017));
#2755=CARTESIAN_POINT('Ctrl Pts',(11.2243408842142,-7.31501558849053,14.8300701534739));
#2756=CARTESIAN_POINT('Ctrl Pts',(11.3033855383284,-13.4975397799107,9.55284591477299));
#2757=CARTESIAN_POINT('Ctrl Pts',(11.3824301924426,-16.4185886699284,1.96732290410317));
#2758=CARTESIAN_POINT('Ctrl Pts',(11.4614748465568,-15.3723399986103,-6.09357383411986));
#2759=CARTESIAN_POINT('Ctrl Pts',(11.540519500671,-10.6115951112999,-12.6820512428307));
#2760=CARTESIAN_POINT('Ctrl Pts',(11.603831254517,-4.74465885814192,-15.5046849037243));
#2761=CARTESIAN_POINT('Ctrl Pts',(11.640794790325,-1.0588313513854,-15.8681414518186));
#2762=CARTESIAN_POINT('Ctrl Pts',(11.6514101080949,-0.000220132142266655,
-15.8676146957427));
#2763=CARTESIAN_POINT('Ctrl Pts',(10.848589891905,-0.000156302369207634,
-15.8675099596408));
#2764=CARTESIAN_POINT('Ctrl Pts',(10.8635182087371,1.48859497883466,-15.8669914596707));
#2765=CARTESIAN_POINT('Ctrl Pts',(10.9047947436072,5.60535839943887,-15.2922765347034));
#2766=CARTESIAN_POINT('Ctrl Pts',(10.9724194965155,11.606440878875,-11.7784114308021));
#2767=CARTESIAN_POINT('Ctrl Pts',(11.0514641506297,15.8164156348499,-4.82508138923202));
#2768=CARTESIAN_POINT('Ctrl Pts',(11.1305088047439,16.2045987159549,3.29415543186427));
#2769=CARTESIAN_POINT('Ctrl Pts',(11.209553458858,12.6771830170371,10.61741051125));
#2770=CARTESIAN_POINT('Ctrl Pts',(11.2885981129722,6.08653113329038,15.3751300386941));
#2771=CARTESIAN_POINT('Ctrl Pts',(11.3676427670864,-1.97485890292438,16.4176866062528));
#2772=CARTESIAN_POINT('Ctrl Pts',(11.4466874212006,-9.55901377507315,13.4931572671642));
#2773=CARTESIAN_POINT('Ctrl Pts',(11.5257320753148,-14.8334580142841,7.30821962638608));
#2774=CARTESIAN_POINT('Ctrl Pts',(11.604776729429,-16.5234724991508,-0.642649923697983));
#2775=CARTESIAN_POINT('Ctrl Pts',(11.6838213835432,-14.2211359579737,-8.43820869530335));
#2776=CARTESIAN_POINT('Ctrl Pts',(11.7628660376573,-8.48191315005949,-14.1948506519624));
#2777=CARTESIAN_POINT('Ctrl Pts',(11.8177888737779,-3.07080081982019,-15.8114355224219));
#2778=CARTESIAN_POINT('Ctrl Pts',(11.8463634918605,-0.222249615104866,-15.8699799748501));
#2779=CARTESIAN_POINT('Ctrl Pts',(11.848589891905,-0.000295695317225411,
-15.8698313879438));
#2780=CARTESIAN_POINT('Origin',(-1.84858989190509,0.,-8.14612282563361E-16));
#2781=CARTESIAN_POINT('',(9.65141010809492,-0.000252530603750144,-15.8697414201852));
#2782=CARTESIAN_POINT('',(9.84858989190495,0.00039924526645474,-15.8688557710509));
#2783=CARTESIAN_POINT('',(-1.84858989190508,9.99003701139956E-13,-15.86875));
#2784=CARTESIAN_POINT('Ctrl Pts',(9.65141010809492,-0.000252530603750273,
-15.8697414201852));
#2785=CARTESIAN_POINT('Ctrl Pts',(9.67510422407819,2.3617266559299,-15.8679413006749));
#2786=CARTESIAN_POINT('Ctrl Pts',(9.72514655809952,7.35192565982437,-14.7392529755127));
#2787=CARTESIAN_POINT('Ctrl Pts',(9.80153711015893,13.3856846986805,-9.70895881080896));
#2788=CARTESIAN_POINT('Ctrl Pts',(9.88058176427309,16.394634061648,-2.15787164284796));
#2789=CARTESIAN_POINT('Ctrl Pts',(9.95962641838729,15.4420711839905,5.91463216025954));
#2790=CARTESIAN_POINT('Ctrl Pts',(10.0386710725014,10.7581682967618,12.5579556831817));
#2791=CARTESIAN_POINT('Ctrl Pts',(10.1177157266157,3.47471879973932,16.1668415377083));
#2792=CARTESIAN_POINT('Ctrl Pts',(10.1967603807298,-4.64834328073479,15.8692577264068));
#2793=CARTESIAN_POINT('Ctrl Pts',(10.275805034844,-11.6482043956618,11.7371108198669));
#2794=CARTESIAN_POINT('Ctrl Pts',(10.3548496889582,-15.8334553084665,4.76887083505374));
#2795=CARTESIAN_POINT('Ctrl Pts',(10.4338943430724,-16.1927942314342,-3.35169375274574));
#2796=CARTESIAN_POINT('Ctrl Pts',(10.5129389971866,-12.639392418708,-10.6623728757808));
#2797=CARTESIAN_POINT('Ctrl Pts',(10.5854442521941,-6.57851782693012,-15.0049838113928));
#2798=CARTESIAN_POINT('Ctrl Pts',(10.6316012891635,-1.97467298175562,-15.8666376762495));
#2799=CARTESIAN_POINT('Ctrl Pts',(10.6514101080949,0.000402919580264199,
-15.8686064687579));
#2800=CARTESIAN_POINT('Ctrl Pts',(9.84858989190495,0.000399245266453768,
-15.8688557710509));
#2801=CARTESIAN_POINT('Ctrl Pts',(9.8543247075756,0.572174076942506,-15.8694383145074));
#2802=CARTESIAN_POINT('Ctrl Pts',(9.88640774128431,3.77058553231756,-15.6998720586722));
#2803=CARTESIAN_POINT('Ctrl Pts',(9.94483899303108,9.40168154419602,-13.6032650764712));
#2804=CARTESIAN_POINT('Ctrl Pts',(10.0238836471453,14.747545692591,-7.47999549798039));
#2805=CARTESIAN_POINT('Ctrl Pts',(10.1029283012594,16.529891279351,0.450700438091886));
#2806=CARTESIAN_POINT('Ctrl Pts',(10.1819729553736,14.318041791354,8.27249151559027));
#2807=CARTESIAN_POINT('Ctrl Pts',(10.2610176094878,8.64645678013994,14.0953617099841));
#2808=CARTESIAN_POINT('Ctrl Pts',(10.340062263602,0.885587910766807,16.5123036143112));
#2809=CARTESIAN_POINT('Ctrl Pts',(10.4191069177162,-7.08926972256475,14.9393002333401));
#2810=CARTESIAN_POINT('Ctrl Pts',(10.4981515718304,-13.3511138828362,9.7564437419497));
#2811=CARTESIAN_POINT('Ctrl Pts',(10.5771962259446,-16.3868658722852,2.21609204063249));
#2812=CARTESIAN_POINT('Ctrl Pts',(10.6562408800587,-15.4629826282109,-5.85974436802715));
#2813=CARTESIAN_POINT('Ctrl Pts',(10.7352855341729,-10.8027065541121,-12.5196632818205));
#2814=CARTESIAN_POINT('Ctrl Pts',(10.799401871455,-4.9052391307119,-15.4679440472621));
#2815=CARTESIAN_POINT('Ctrl Pts',(10.837169990699,-1.13902498681438,-15.8679066030468));
#2816=CARTESIAN_POINT('Ctrl Pts',(10.848589891905,-0.000156302369207634,
-15.8675099596408));
#2817=CARTESIAN_POINT('Origin',(-1.84858989190509,0.,-8.14612282563361E-16));
#2818=CARTESIAN_POINT('',(8.65141010809491,-0.000119480536027418,-15.8674695467948));
#2819=CARTESIAN_POINT('',(8.84858989190496,-0.000309925527649663,-15.8695377806433));
#2820=CARTESIAN_POINT('',(-1.84858989190508,9.99003701139956E-13,-15.86875));
#2821=CARTESIAN_POINT('Ctrl Pts',(8.65141010809491,-0.000119480536027311,
-15.8674695467948));
#2822=CARTESIAN_POINT('Ctrl Pts',(8.66591072291672,1.44598906648434,-15.8670857033751));
#2823=CARTESIAN_POINT('Ctrl Pts',(8.70675955577659,5.52002404909879,-15.3150522235405));
#2824=CARTESIAN_POINT('Ctrl Pts',(8.77395660667451,11.5111068815017,-11.8715986457211));
#2825=CARTESIAN_POINT('Ctrl Pts',(8.85300126078869,15.7770029689988,-4.95243509383451));
#2826=CARTESIAN_POINT('Ctrl Pts',(8.93204591490288,16.2306279105087,3.16340855297874));
#2827=CARTESIAN_POINT('Ctrl Pts',(9.01109056901706,12.7623701860856,10.5148629698992));
#2828=CARTESIAN_POINT('Ctrl Pts',(9.09013522313123,6.21028115920116,15.3255617830509));
#2829=CARTESIAN_POINT('Ctrl Pts',(9.16917987724542,-1.84242720065859,16.4330732990733));
#2830=CARTESIAN_POINT('Ctrl Pts',(9.24822453135961,-9.44994124386307,13.5697843214245));
#2831=CARTESIAN_POINT('Ctrl Pts',(9.32726918547379,-14.7740217093441,7.42756478088689));
#2832=CARTESIAN_POINT('Ctrl Pts',(9.40631383958799,-16.5281860897871,-0.509412037364802));
#2833=CARTESIAN_POINT('Ctrl Pts',(9.48535849370218,-14.288567427315,-8.32329723832501));
#2834=CARTESIAN_POINT('Ctrl Pts',(9.56440314781636,-8.59633527242787,-14.1259851311849));
#2835=CARTESIAN_POINT('Ctrl Pts',(9.61975368594728,-3.15585674504896,-15.7991198798259));
#2836=CARTESIAN_POINT('Ctrl Pts',(9.64875600604013,-0.264830192702251,-15.8699430610016));
#2837=CARTESIAN_POINT('Ctrl Pts',(9.65141010809492,-0.000252530603750273,
-15.8697414201852));
#2838=CARTESIAN_POINT('Ctrl Pts',(8.84858989190496,-0.000309925527649975,
-15.8695377806433));
#2839=CARTESIAN_POINT('Ctrl Pts',(8.8714794244522,2.28154810843777,-15.8675125420417));
#2840=CARTESIAN_POINT('Ctrl Pts',(8.92071717503749,7.19189938582976,-14.7970415688083));
#2841=CARTESIAN_POINT('Ctrl Pts',(8.99630314366085,13.2369045115117,-9.91084232312353));
#2842=CARTESIAN_POINT('Ctrl Pts',(9.07534779777503,16.3600235454486,-2.40625563751366));
#2843=CARTESIAN_POINT('Ctrl Pts',(9.15439245188922,15.529993439936,5.67976587160417));
#2844=CARTESIAN_POINT('Ctrl Pts',(9.2334371060034,10.9473782582356,12.3933589422647));
#2845=CARTESIAN_POINT('Ctrl Pts',(9.31248176011758,3.71949677721969,16.1122866262039));
#2846=CARTESIAN_POINT('Ctrl Pts',(9.39152641423177,-4.40714413670153,15.9379270031904));
#2847=CARTESIAN_POINT('Ctrl Pts',(9.47057106834595,-11.4688661644742,11.9124114058452));
#2848=CARTESIAN_POINT('Ctrl Pts',(9.54961572246015,-15.7593123268611,5.00844402834397));
#2849=CARTESIAN_POINT('Ctrl Pts',(9.62866037657434,-16.241762016016,-3.10573714534228));
#2850=CARTESIAN_POINT('Ctrl Pts',(9.70770503068852,-12.7996386531372,-10.4694645015673));
#2851=CARTESIAN_POINT('Ctrl Pts',(9.78101486913206,-6.73880040112803,-14.9526959293862));
#2852=CARTESIAN_POINT('Ctrl Pts',(9.82797648953754,-2.0548062479504,-15.8667618584727));
#2853=CARTESIAN_POINT('Ctrl Pts',(9.84858989190495,0.000399245266453768,
-15.8688557710509));
#2854=CARTESIAN_POINT('Origin',(-1.84858989190509,0.,-8.14612282563361E-16));
#2855=CARTESIAN_POINT('',(7.65141010809491,0.00039129089481001,-15.8689892721435));
#2856=CARTESIAN_POINT('',(7.84858989190495,-4.75942454442047E-5,-15.8674235797428));
#2857=CARTESIAN_POINT('',(-1.84858989190508,9.99003701139956E-13,-15.86875));
#2858=CARTESIAN_POINT('Ctrl Pts',(7.65141010809491,0.000391290894809493,
-15.8689892721435));
#2859=CARTESIAN_POINT('Ctrl Pts',(7.65671722175524,0.529510381680154,-15.8695274234004));
#2860=CARTESIAN_POINT('Ctrl Pts',(7.68837255345364,3.68523269101641,-15.7147461000042));
#2861=CARTESIAN_POINT('Ctrl Pts',(7.74637610319011,9.29170776256446,-13.6786184571959));
#2862=CARTESIAN_POINT('Ctrl Pts',(7.82542075730427,14.6867633984968,-7.59864572927408));
#2863=CARTESIAN_POINT('Ctrl Pts',(7.90446541141847,16.5329875838647,0.317423367470954));
#2864=CARTESIAN_POINT('Ctrl Pts',(7.98351006553264,14.3842685188078,8.15679196873848));
#2865=CARTESIAN_POINT('Ctrl Pts',(8.06255471964684,8.75981125821803,14.0251967103081));
#2866=CARTESIAN_POINT('Ctrl Pts',(8.14159937376101,1.01867976174081,16.5046274597599));
#2867=CARTESIAN_POINT('Ctrl Pts',(8.2206440278752,-6.96860009829545,14.9959677484475));
#2868=CARTESIAN_POINT('Ctrl Pts',(8.29968868198938,-13.2720244672186,9.86376209080447));
#2869=CARTESIAN_POINT('Ctrl Pts',(8.37873333610357,-16.3684673818925,2.34812938535359));
#2870=CARTESIAN_POINT('Ctrl Pts',(8.45777799021777,-15.5097208333561,-5.73489282496193));
#2871=CARTESIAN_POINT('Ctrl Pts',(8.53682264433195,-10.903287773541,-12.432166012799));
#2872=CARTESIAN_POINT('Ctrl Pts',(8.60136668362433,-4.99060038254372,-15.4478794465273));
#2873=CARTESIAN_POINT('Ctrl Pts',(8.63956250487865,-1.18165009032621,-15.8677831627752));
#2874=CARTESIAN_POINT('Ctrl Pts',(8.65141010809491,-0.000119480536027311,
-15.8674695467948));
#2875=CARTESIAN_POINT('Ctrl Pts',(7.84858989190495,-4.75942454432332E-5,
-15.8674235797428));
#2876=CARTESIAN_POINT('Ctrl Pts',(7.86228592329072,1.36583327121164,-15.8672796766843));
#2877=CARTESIAN_POINT('Ctrl Pts',(7.90233017271455,5.35948065651727,-15.3568671288821));
#2878=CARTESIAN_POINT('Ctrl Pts',(7.96872264017645,11.3297448469928,-12.0448046187033));
#2879=CARTESIAN_POINT('Ctrl Pts',(8.04776729429063,15.7000826433575,-5.19113105136456));
#2880=CARTESIAN_POINT('Ctrl Pts',(8.12681194840481,16.2767359124076,2.91689983345983));
#2881=CARTESIAN_POINT('Ctrl Pts',(8.205856602519,12.9203652230002,10.3201065452341));
#2882=CARTESIAN_POINT('Ctrl Pts',(8.28490125663317,6.44198615012178,15.2296175606066));
#2883=CARTESIAN_POINT('Ctrl Pts',(8.36394591074736,-1.59300021827509,16.4591247308377));
#2884=CARTESIAN_POINT('Ctrl Pts',(8.44299056486154,-9.2430624803879,13.7115364778839));
#2885=CARTESIAN_POINT('Ctrl Pts',(8.52203521897574,-14.6596802496665,7.65076542433738));
#2886=CARTESIAN_POINT('Ctrl Pts',(8.60107987308992,-16.5340107965227,-0.258695924142266));
#2887=CARTESIAN_POINT('Ctrl Pts',(8.68012452720411,-14.4131508492857,-8.10564736442636));
#2888=CARTESIAN_POINT('Ctrl Pts',(8.75916918131829,-8.80957373368268,-13.9939932553759));
#2889=CARTESIAN_POINT('Ctrl Pts',(8.81532430288525,-3.3163890734924,-15.7749604170569));
#2890=CARTESIAN_POINT('Ctrl Pts',(8.84513120641413,-0.345106362847122,-15.8698438010197));
#2891=CARTESIAN_POINT('Ctrl Pts',(8.84858989190496,-0.000309925527649975,
-15.8695377806433));
#2892=CARTESIAN_POINT('Origin',(-1.84858989190509,0.,-8.14612282563361E-16));
#2893=CARTESIAN_POINT('',(6.65141010809491,-0.000335301186750875,-15.8694183822744));
#2894=CARTESIAN_POINT('',(6.84858989190495,0.000365070629768649,-15.8692368232763));
#2895=CARTESIAN_POINT('',(-1.84858989190508,9.99003701139956E-13,-15.86875));
#2896=CARTESIAN_POINT('Ctrl Pts',(6.65141010809491,-0.000335301186750805,
-15.8694183822744));
#2897=CARTESIAN_POINT('Ctrl Pts',(6.67387193863184,2.23893382470481,-15.8673216369681));
#2898=CARTESIAN_POINT('Ctrl Pts',(6.72268198720682,7.10680065967594,-14.8271692774111));
#2899=CARTESIAN_POINT('Ctrl Pts',(6.79784025381987,13.1565740537602,-10.0172349084149));
#2900=CARTESIAN_POINT('Ctrl Pts',(6.87688490793406,16.3400928599389,-2.53807040308504));
#2901=CARTESIAN_POINT('Ctrl Pts',(6.95592956204824,15.5752784715874,5.55437994513766));
#2902=CARTESIAN_POINT('Ctrl Pts',(7.03497421616242,11.04693657268,12.3046994437746));
#2903=CARTESIAN_POINT('Ctrl Pts',(7.11401887027661,3.84927163248695,16.0817767656989));
#2904=CARTESIAN_POINT('Ctrl Pts',(7.19306352439079,-4.27851084691373,15.9729390212097));
#2905=CARTESIAN_POINT('Ctrl Pts',(7.27210817850497,-11.3724567046485,12.0044851844357));
#2906=CARTESIAN_POINT('Ctrl Pts',(7.35115283261917,-15.7184225664796,5.13533134900032));
#2907=CARTESIAN_POINT('Ctrl Pts',(7.43019748673335,-16.2662723394457,-2.97469666040502));
#2908=CARTESIAN_POINT('Ctrl Pts',(7.50924214084754,-12.8836265161132,-10.3659347786752));
#2909=CARTESIAN_POINT('Ctrl Pts',(7.5829796813014,-6.82398068136656,-14.9243225630784));
#2910=CARTESIAN_POINT('Ctrl Pts',(7.63036900371718,-2.09740625594789,-15.8668556647834));
#2911=CARTESIAN_POINT('Ctrl Pts',(7.65141010809491,0.000391290894809493,
-15.8689892721435));
#2912=CARTESIAN_POINT('Ctrl Pts',(6.84858989190495,0.000365070629770037,
-15.8692368232763));
#2913=CARTESIAN_POINT('Ctrl Pts',(6.85309242212925,0.449247016158196,-15.8696794946849));
#2914=CARTESIAN_POINT('Ctrl Pts',(6.88394317039161,3.52467591203358,-15.7417660867761));
#2915=CARTESIAN_POINT('Ctrl Pts',(6.94114213669204,9.08319667648885,-13.817958414213));
#2916=CARTESIAN_POINT('Ctrl Pts',(7.0201867908062,14.5698374525001,-7.82050338587113));
#2917=CARTESIAN_POINT('Ctrl Pts',(7.09923144492041,16.5359001421009,0.0666565163073348));
#2918=CARTESIAN_POINT('Ctrl Pts',(7.17827609903457,14.5063158061842,7.9377098921507));
#2919=CARTESIAN_POINT('Ctrl Pts',(7.25732075314877,8.97150241686868,13.8907372369078));
#2920=CARTESIAN_POINT('Ctrl Pts',(7.33636540726294,1.26886286518313,16.4872806620757));
#2921=CARTESIAN_POINT('Ctrl Pts',(7.41541006137714,-6.74037796550682,15.0999252144773));
#2922=CARTESIAN_POINT('Ctrl Pts',(7.49445471549132,-13.1209096882983,10.0639040909688));
#2923=CARTESIAN_POINT('Ctrl Pts',(7.57349936960551,-16.3309745288756,2.59609467044513));
#2924=CARTESIAN_POINT('Ctrl Pts',(7.6525440237197,-15.5949094799789,-5.49902126854951));
#2925=CARTESIAN_POINT('Ctrl Pts',(7.73158867783389,-11.0905733879933,-12.2653829343495));
#2926=CARTESIAN_POINT('Ctrl Pts',(7.79693730056231,-5.15117373587457,-15.4091244604841));
#2927=CARTESIAN_POINT('Ctrl Pts',(7.83593770525266,-1.26182767986321,-15.8675565152117));
#2928=CARTESIAN_POINT('Ctrl Pts',(7.84858989190495,-4.75942454432332E-5,
-15.8674235797428));
#2929=CARTESIAN_POINT('Origin',(-1.84858989190509,0.,-8.14612282563361E-16));
#2930=CARTESIAN_POINT('',(5.65141010809491,-8.61071405083866E-6,-15.8674153730306));
#2931=CARTESIAN_POINT('',(5.84858989190495,-0.000372516549344837,-15.8691796237611));
#2932=CARTESIAN_POINT('',(-1.84858989190508,9.99003701139956E-13,-15.86875));
#2933=CARTESIAN_POINT('Ctrl Pts',(5.65141010809491,-8.6107140502556E-6,
-15.8674153730306));
#2934=CARTESIAN_POINT('Ctrl Pts',(5.66467843747037,1.32322024658481,-15.8673901671274));
#2935=CARTESIAN_POINT('Ctrl Pts',(5.70429498488389,5.27413222688181,-15.3785500436163));
#2936=CARTESIAN_POINT('Ctrl Pts',(5.77025975033546,11.232272566845,-12.135752511754));
#2937=CARTESIAN_POINT('Ctrl Pts',(5.84930440444964,15.6577220023239,-5.31753493080975));
#2938=CARTESIAN_POINT('Ctrl Pts',(5.92834905856384,16.2997227106498,2.78558352923934));
#2939=CARTESIAN_POINT('Ctrl Pts',(6.007393712678,13.0031450527608,10.2156083900717));
#2940=CARTESIAN_POINT('Ctrl Pts',(6.0864383667922,6.56455653329488,15.17718793333));
#2941=CARTESIAN_POINT('Ctrl Pts',(6.16548302090638,-1.46025653764372,16.4714324479297));
#2942=CARTESIAN_POINT('Ctrl Pts',(6.24452767502056,-9.13222097978146,13.7856075679994));
#2943=CARTESIAN_POINT('Ctrl Pts',(6.32357232913475,-14.5975240801922,7.7687017429329));
#2944=CARTESIAN_POINT('Ctrl Pts',(6.40261698324894,-16.5355590446256,-0.125391882285382));
#2945=CARTESIAN_POINT('Ctrl Pts',(6.48166163736313,-14.4780294045226,-7.98918647949965));
#2946=CARTESIAN_POINT('Ctrl Pts',(6.56070629147731,-8.92210568678201,-13.9225165166479));
#2947=CARTESIAN_POINT('Ctrl Pts',(6.61728911505458,-3.40172975239193,-15.7616128189334));
#2948=CARTESIAN_POINT('Ctrl Pts',(6.64752372059378,-0.387777790713091,-15.8697811650288));
#2949=CARTESIAN_POINT('Ctrl Pts',(6.65141010809491,-0.000335301186750805,
-15.8694183822744));
#2950=CARTESIAN_POINT('Ctrl Pts',(5.84858989190495,-0.000372516549344559,
-15.8691796237611));
#2951=CARTESIAN_POINT('Ctrl Pts',(5.87024713900585,2.15877975371992,-15.8670274500964));
#2952=CARTESIAN_POINT('Ctrl Pts',(5.91825260414479,6.9466599471184,-14.8827388715971));
#2953=CARTESIAN_POINT('Ctrl Pts',(5.99260628732181,13.0031450660327,-10.215608400502));
#2954=CARTESIAN_POINT('Ctrl Pts',(6.07165094143599,16.299722727288,-2.78558353208571));
#2955=CARTESIAN_POINT('Ctrl Pts',(6.15069559555017,15.6577220183083,5.31753493623514));
#2956=CARTESIAN_POINT('Ctrl Pts',(6.22974024966436,11.232272578313,12.1357525241402));
#2957=CARTESIAN_POINT('Ctrl Pts',(6.30878490377853,4.09271648965266,16.0215513710759));
#2958=CARTESIAN_POINT('Ctrl Pts',(6.38782955789273,-4.03578185964278,16.0359876958694));
#2959=CARTESIAN_POINT('Ctrl Pts',(6.46687421200691,-11.1890953297031,12.1755731817239));
#2960=CARTESIAN_POINT('Ctrl Pts',(6.5459188661211,-15.6387352719746,5.37311787454876));
#2961=CARTESIAN_POINT('Ctrl Pts',(6.62496352023529,-16.3095143397041,-2.72766907884462));
#2962=CARTESIAN_POINT('Ctrl Pts',(6.70400817434947,-13.0393490440146,-10.1693565730115));
#2963=CARTESIAN_POINT('Ctrl Pts',(6.77855029823937,-6.9841725134772,-14.8698530787745));
#2964=CARTESIAN_POINT('Ctrl Pts',(6.82674420409119,-2.17755142492836,-15.8670890394935));
#2965=CARTESIAN_POINT('Ctrl Pts',(6.84858989190495,0.000365070629770037,
-15.8692368232763));
#2966=CARTESIAN_POINT('Origin',(-1.84858989190509,0.,-8.14612282563361E-16));
#2967=CARTESIAN_POINT('',(4.65141010809491,0.000345273743892331,-15.8693638911384));
#2968=CARTESIAN_POINT('',(4.84858989190495,6.46538570137078E-5,-15.86743078642));
#2969=CARTESIAN_POINT('',(-1.84858989190508,9.99003701139956E-13,-15.86875));
#2970=CARTESIAN_POINT('Ctrl Pts',(4.65141010809491,0.000345273743892274,
-15.8693638911384));
#2971=CARTESIAN_POINT('Ctrl Pts',(4.6554849363089,0.406577862405696,-15.8697514788593));
#2972=CARTESIAN_POINT('Ctrl Pts',(4.68590798256094,3.43933087537227,-15.7556204907046));
#2973=CARTESIAN_POINT('Ctrl Pts',(4.74267924685106,8.97150240770813,-13.8907372227297));
#2974=CARTESIAN_POINT('Ctrl Pts',(4.82172390096523,14.5063157913748,-7.93770988405044));
#2975=CARTESIAN_POINT('Ctrl Pts',(4.90076855507942,16.535900125221,-0.06665651624228));
#2976=CARTESIAN_POINT('Ctrl Pts',(4.9798132091936,14.5698374376286,7.82050337788536));
#2977=CARTESIAN_POINT('Ctrl Pts',(5.05885786330779,9.08319666721921,13.817958400106));
#2978=CARTESIAN_POINT('Ctrl Pts',(5.13790251742197,1.40174052941648,16.4765153940581));
#2979=CARTESIAN_POINT('Ctrl Pts',(5.21694717153615,-6.61842473995935,15.1537747773925));
#2980=CARTESIAN_POINT('Ctrl Pts',(5.29599182565034,-13.0393490307022,10.1693565626329));
#2981=CARTESIAN_POINT('Ctrl Pts',(5.37503647976453,-16.3095143230549,2.72766907606304));
#2982=CARTESIAN_POINT('Ctrl Pts',(5.45408113387872,-15.6387352560115,-5.37311786906118));
#2983=CARTESIAN_POINT('Ctrl Pts',(5.5331257879929,-11.1890953182834,-12.1755731692931));
#2984=CARTESIAN_POINT('Ctrl Pts',(5.59890211273164,-5.23652743678477,-15.3879836895872));
#2985=CARTESIAN_POINT('Ctrl Pts',(5.63833021943231,-1.30444458293469,-15.8674402209523));
#2986=CARTESIAN_POINT('Ctrl Pts',(5.65141010809491,-8.6107140502556E-6,
-15.8674153730306));
#2987=CARTESIAN_POINT('Ctrl Pts',(4.84858989190495,6.46538570138466E-5,
-15.86743078642));
#2988=CARTESIAN_POINT('Ctrl Pts',(4.86105363784437,1.24305026669173,-15.8676087804521));
#2989=CARTESIAN_POINT('Ctrl Pts',(4.89986560182185,5.11356685358447,-15.4183198370272));
#2990=CARTESIAN_POINT('Ctrl Pts',(4.96502578383739,11.0469365839545,-12.3046994563371));
#2991=CARTESIAN_POINT('Ctrl Pts',(5.04407043795158,15.5752784874857,-5.55437995081029));
#2992=CARTESIAN_POINT('Ctrl Pts',(5.12311509206576,16.3400928766193,2.538070405673));
#2993=CARTESIAN_POINT('Ctrl Pts',(5.20215974617995,13.1565740671922,10.0172349186381));
#2994=CARTESIAN_POINT('Ctrl Pts',(5.28120440029412,6.79397062458372,15.0758880253533));
#2995=CARTESIAN_POINT('Ctrl Pts',(5.36024905440832,-1.21029177122897,16.4916836747857));
#2996=CARTESIAN_POINT('Ctrl Pts',(5.43929370852249,-8.92210569588729,13.9225165308616));
#2997=CARTESIAN_POINT('Ctrl Pts',(5.5183383626367,-14.4780294193004,7.98918648765752));
#2998=CARTESIAN_POINT('Ctrl Pts',(5.59738301675086,-16.5355590615051,0.125391882416252));
#2999=CARTESIAN_POINT('Ctrl Pts',(5.67642767086508,-14.5975240950947,-7.76870175086067));
#3000=CARTESIAN_POINT('Ctrl Pts',(5.75547232497924,-9.13222098910601,-13.7856075820701));
#3001=CARTESIAN_POINT('Ctrl Pts',(5.81285973199255,-3.56227889225173,-15.73555002202));
#3002=CARTESIAN_POINT('Ctrl Pts',(5.84389892096778,-0.468046016397951,-15.8696457856913));
#3003=CARTESIAN_POINT('Ctrl Pts',(5.84858989190495,-0.000372516549344559,
-15.8691796237611));
#3004=CARTESIAN_POINT('Origin',(-1.84858989190509,0.,-8.14612282563361E-16));
#3005=CARTESIAN_POINT('',(3.65141010809491,-0.000386461834317941,-15.8690478766433));
#3006=CARTESIAN_POINT('',(3.84858989190495,0.000297577394764437,-15.8695881751475));
#3007=CARTESIAN_POINT('',(-1.84858989190508,9.99003701139956E-13,-15.86875));
#3008=CARTESIAN_POINT('Ctrl Pts',(3.65141010809491,-0.000386461834318008,
-15.8690478766433));
#3009=CARTESIAN_POINT('Ctrl Pts',(3.67263965318549,2.11617608433842,-15.8669034983448));
#3010=CARTESIAN_POINT('Ctrl Pts',(3.72021741631413,6.86150475668224,-14.9116936895429));
#3011=CARTESIAN_POINT('Ctrl Pts',(3.79414339748083,12.9203652098093,-10.3201065347017));
#3012=CARTESIAN_POINT('Ctrl Pts',(3.87318805159501,16.2767358957918,-2.91689983048518));
#3013=CARTESIAN_POINT('Ctrl Pts',(3.95223270570919,15.7000826273318,5.19113104606263));
#3014=CARTESIAN_POINT('Ctrl Pts',(4.03127735982337,11.3297448354296,12.044804606406));
#3015=CARTESIAN_POINT('Ctrl Pts',(4.11032201393756,4.22174771669717,15.9880355972522));
#3016=CARTESIAN_POINT('Ctrl Pts',(4.18936666805174,-3.90637008259969,16.0680026394139));
#3017=CARTESIAN_POINT('Ctrl Pts',(4.26841132216593,-11.0905733766699,12.265382921831));
#3018=CARTESIAN_POINT('Ctrl Pts',(4.34745597628011,-15.5949094640587,5.49902126293886));
#3019=CARTESIAN_POINT('Ctrl Pts',(4.42650063039431,-16.3309745122054,-2.59609466779221));
#3020=CARTESIAN_POINT('Ctrl Pts',(4.50554528450849,-13.1209096749062,-10.0639040806932));
#3021=CARTESIAN_POINT('Ctrl Pts',(4.5805151104087,-7.06930052713249,-14.8403134496108));
#3022=CARTESIAN_POINT('Ctrl Pts',(4.62913671827084,-2.22015982029951,-15.8672453006244));
#3023=CARTESIAN_POINT('Ctrl Pts',(4.65141010809491,0.000345273743892274,
-15.8693638911384));
#3024=CARTESIAN_POINT('Ctrl Pts',(3.84858989190495,0.000297577394763951,
-15.8695881751475));
#3025=CARTESIAN_POINT('Ctrl Pts',(3.8518601366829,0.326305359533403,-15.8698692511603));
#3026=CARTESIAN_POINT('Ctrl Pts',(3.88147859949891,3.2787899228274,-15.780729861573));
#3027=CARTESIAN_POINT('Ctrl Pts',(3.93744528035299,8.7598112671576,-14.0251967246266));
#3028=CARTESIAN_POINT('Ctrl Pts',(4.01648993446717,14.3842685334898,-8.15679197706742));
#3029=CARTESIAN_POINT('Ctrl Pts',(4.09553458858136,16.5329876007415,-0.317423367797829));
#3030=CARTESIAN_POINT('Ctrl Pts',(4.17457924269553,14.6867634134904,7.5986457370282));
#3031=CARTESIAN_POINT('Ctrl Pts',(4.25362389680972,9.29170777205187,13.6786184711574));
#3032=CARTESIAN_POINT('Ctrl Pts',(4.3326685509239,1.65145324804081,16.4533625368869));
#3033=CARTESIAN_POINT('Ctrl Pts',(4.41171320503809,-6.38784966170133,15.252403525353));
#3034=CARTESIAN_POINT('Ctrl Pts',(4.49075785915228,-12.883626529263,10.365934789259));
#3035=CARTESIAN_POINT('Ctrl Pts',(4.56980251326646,-16.2662723560498,2.97469666344441));
#3036=CARTESIAN_POINT('Ctrl Pts',(4.64884716738065,-15.7184225825259,-5.13533135423974));
#3037=CARTESIAN_POINT('Ctrl Pts',(4.72789182149485,-11.3724567162596,-12.0044851966879));
#3038=CARTESIAN_POINT('Ctrl Pts',(4.79447272966961,-5.397082878196,-15.3471939950609));
#3039=CARTESIAN_POINT('Ctrl Pts',(4.83470541980631,-1.38460726935911,-15.8672325030801));
#3040=CARTESIAN_POINT('Ctrl Pts',(4.84858989190495,6.46538570138466E-5,
-15.86743078642));
#3041=CARTESIAN_POINT('Origin',(-1.84858989190509,0.,-8.14612282563361E-16));
#3042=CARTESIAN_POINT('',(2.65141010809491,0.000102904220146208,-15.867455231017));
#3043=CARTESIAN_POINT('',(2.84858989190495,-0.000401424023187547,-15.8687969784088));
#3044=CARTESIAN_POINT('',(-1.84858989190508,9.99003701139956E-13,-15.86875));
#3045=CARTESIAN_POINT('Ctrl Pts',(2.65141010809491,0.000102904220145583,
-15.867455231017));
#3046=CARTESIAN_POINT('Ctrl Pts',(2.66344615202402,1.2004293147634,-15.8677293271505));
#3047=CARTESIAN_POINT('Ctrl Pts',(2.70183041399119,5.0282089089701,-15.4389211424365));
#3048=CARTESIAN_POINT('Ctrl Pts',(2.76656289399642,10.9473782470583,-12.3933589296155));
#3049=CARTESIAN_POINT('Ctrl Pts',(2.8456075481106,15.5299934240819,-5.67976586580917));
#3050=CARTESIAN_POINT('Ctrl Pts',(2.92465220222478,16.3600235287488,2.40625563505425));
#3051=CARTESIAN_POINT('Ctrl Pts',(3.00369685633897,13.2369044980014,9.91084231300409));
#3052=CARTESIAN_POINT('Ctrl Pts',(3.08274151045314,6.91529021571122,15.0206257284752));
#3053=CARTESIAN_POINT('Ctrl Pts',(3.16178616456733,-1.07729804099516,16.5009049743737));
#3054=CARTESIAN_POINT('Ctrl Pts',(3.24083081868152,-8.80957372468721,13.9939932410925));
#3055=CARTESIAN_POINT('Ctrl Pts',(3.3198754727957,-14.4131508345712,8.10564735615484));
#3056=CARTESIAN_POINT('Ctrl Pts',(3.3989201269099,-16.5340107796447,0.258695923881166));
#3057=CARTESIAN_POINT('Ctrl Pts',(3.47796478102408,-14.6596802347032,-7.65076541652491));
#3058=CARTESIAN_POINT('Ctrl Pts',(3.55700943513827,-9.24306247095497,-13.7115364638856));
#3059=CARTESIAN_POINT('Ctrl Pts',(3.61482454416188,-3.6476279886811,-15.7211867813499));
#3060=CARTESIAN_POINT('Ctrl Pts',(3.64629143514743,-0.510712585193452,-15.8695649094455));
#3061=CARTESIAN_POINT('Ctrl Pts',(3.65141010809491,-0.000386461834318008,
-15.8690478766433));
#3062=CARTESIAN_POINT('Ctrl Pts',(2.84858989190495,-0.00040142402318713,
-15.8687969784088));
#3063=CARTESIAN_POINT('Ctrl Pts',(2.86901485355949,2.03603780680222,-15.8667268081299));
#3064=CARTESIAN_POINT('Ctrl Pts',(2.9157880332521,6.70126570621846,-14.9650693301974));
#3065=CARTESIAN_POINT('Ctrl Pts',(2.98890943098276,12.7623701991115,-10.5148629806349));
#3066=CARTESIAN_POINT('Ctrl Pts',(3.06795408509695,16.2306279270763,-3.16340855621078));
#3067=CARTESIAN_POINT('Ctrl Pts',(3.14699873921112,15.7770029851049,4.95243509888715));
#3068=CARTESIAN_POINT('Ctrl Pts',(3.22604339332531,11.5111068932543,11.8715986578375));
#3069=CARTESIAN_POINT('Ctrl Pts',(3.30508804743949,4.46372811082192,15.9221722121498));
#3070=CARTESIAN_POINT('Ctrl Pts',(3.38413270155367,-3.66224220853655,16.1253966961037));
#3071=CARTESIAN_POINT('Ctrl Pts',(3.46317735566787,-10.9032877846688,12.4321660254917));
#3072=CARTESIAN_POINT('Ctrl Pts',(3.54222200978205,-15.5097208491874,5.73489283081895));
#3073=CARTESIAN_POINT('Ctrl Pts',(3.62126666389624,-16.3684673986019,-2.3481293877476));
#3074=CARTESIAN_POINT('Ctrl Pts',(3.70031131801043,-13.2720244807685,-9.86376210087109));
#3075=CARTESIAN_POINT('Ctrl Pts',(3.77608572734667,-7.22938612412127,-14.783637544127));
#3076=CARTESIAN_POINT('Ctrl Pts',(3.82551191864484,-2.30032497217982,-15.867604634114));
#3077=CARTESIAN_POINT('Ctrl Pts',(3.84858989190495,0.000297577394763951,
-15.8695881751475));
#3078=CARTESIAN_POINT('Origin',(-1.84858989190509,0.,-8.14612282563361E-16));
#3079=CARTESIAN_POINT('',(1.65141010809491,0.000267038718602978,-15.8696965935884));
#3080=CARTESIAN_POINT('',(1.84858989190495,0.000172052373741405,-15.8675311918063));
#3081=CARTESIAN_POINT('',(-1.84858989190508,9.99003701139956E-13,-15.86875));
#3082=CARTESIAN_POINT('Ctrl Pts',(1.65141010809491,0.000267038718603611,
-15.8696965935884));
#3083=CARTESIAN_POINT('Ctrl Pts',(1.65425265086255,0.283631981575535,-15.8699220273339));
#3084=CARTESIAN_POINT('Ctrl Pts',(1.68344341166825,3.19345382841349,-15.793572493761));
#3085=CARTESIAN_POINT('Ctrl Pts',(1.73898239051201,8.64645677130645,-14.095361695598));
#3086=CARTESIAN_POINT('Ctrl Pts',(1.81802704462619,14.3180417767391,-8.27249150714786));
#3087=CARTESIAN_POINT('Ctrl Pts',(1.89707169874037,16.5298912624759,-0.450700437635034));
#3088=CARTESIAN_POINT('Ctrl Pts',(1.97611635285455,14.7475456775387,7.47999549034233));
#3089=CARTESIAN_POINT('Ctrl Pts',(2.05516100696874,9.40168153460084,13.6032650625833));
#3090=CARTESIAN_POINT('Ctrl Pts',(2.13420566108292,1.78404503389269,16.4395139636096));
#3091=CARTESIAN_POINT('Ctrl Pts',(2.21325031519711,-6.26467862713646,15.3034060830042));
#3092=CARTESIAN_POINT('Ctrl Pts',(2.29229496931129,-12.7996386400694,10.4694644908824));
#3093=CARTESIAN_POINT('Ctrl Pts',(2.37133962342548,-16.2417619994359,3.10573714217486));
#3094=CARTESIAN_POINT('Ctrl Pts',(2.45038427753967,-15.7593123107749,-5.00844402322848));
#3095=CARTESIAN_POINT('Ctrl Pts',(2.52942893165386,-11.4688661527689,-11.912411393683));
#3096=CARTESIAN_POINT('Ctrl Pts',(2.59643754183894,-5.48242490112209,-15.3249660844976));
#3097=CARTESIAN_POINT('Ctrl Pts',(2.63709793398596,-1.42721662672007,-15.8671293007023));
#3098=CARTESIAN_POINT('Ctrl Pts',(2.65141010809491,0.000102904220145583,
-15.867455231017));
#3099=CARTESIAN_POINT('Ctrl Pts',(1.84858989190495,0.000172052373740017,
-15.8675311918063));
#3100=CARTESIAN_POINT('Ctrl Pts',(1.85982135239802,1.12024390226211,-15.8679613969776));
#3101=CARTESIAN_POINT('Ctrl Pts',(1.89740103092916,4.86762944959998,-15.4766664482867));
#3102=CARTESIAN_POINT('Ctrl Pts',(1.96132892749835,10.7581683077416,-12.5579556960028));
#3103=CARTESIAN_POINT('Ctrl Pts',(2.04037358161253,15.4420711997526,-5.91463216629996));
#3104=CARTESIAN_POINT('Ctrl Pts',(2.11941823572672,16.3946340783841,2.15787164504772));
#3105=CARTESIAN_POINT('Ctrl Pts',(2.1984628898409,13.3856847123464,9.70895882071746));
#3106=CARTESIAN_POINT('Ctrl Pts',(2.27750754395508,7.14228963450126,14.914024788017));
#3107=CARTESIAN_POINT('Ctrl Pts',(2.35655219806926,-0.826930350859511,16.5153450704344));
#3108=CARTESIAN_POINT('Ctrl Pts',(2.43559685218345,-8.59633528120048,14.1259851456063));
#3109=CARTESIAN_POINT('Ctrl Pts',(2.51464150629764,-14.2885674418994,8.32329724682394));
#3110=CARTESIAN_POINT('Ctrl Pts',(2.59368616041183,-16.5281861066589,0.50941203788763));
#3111=CARTESIAN_POINT('Ctrl Pts',(2.67273081452602,-14.7740217244267,-7.42756478846638));
#3112=CARTESIAN_POINT('Ctrl Pts',(2.75177546864021,-9.44994125351193,-13.5697843352748));
#3113=CARTESIAN_POINT('Ctrl Pts',(2.81039516109985,-3.80819180128397,-15.693205853722));
#3114=CARTESIAN_POINT('Ctrl Pts',(2.84266663552143,-0.590970546142038,-15.8693973295638));
#3115=CARTESIAN_POINT('Ctrl Pts',(2.84858989190495,-0.00040142402318713,
-15.8687969784088));
#3116=CARTESIAN_POINT('Origin',(-1.84858989190509,0.,-8.14612282563361E-16));
#3117=CARTESIAN_POINT('',(0.651410108094909,-0.000406433933656469,-15.8686645756017));
#3118=CARTESIAN_POINT('',(0.848589891904949,0.000200994013410671,-15.8698731960572));
#3119=CARTESIAN_POINT('',(-1.84858989190508,9.99003701139956E-13,-15.86875));
#3120=CARTESIAN_POINT('Ctrl Pts',(0.65141010809491,-0.000406433933656525,
-15.8686645756017));
#3121=CARTESIAN_POINT('Ctrl Pts',(0.671407367739139,1.99343781341604,-15.8666611166583));
#3122=CARTESIAN_POINT('Ctrl Pts',(0.717752845421429,6.61606670551575,-14.9928640833464));
#3123=CARTESIAN_POINT('Ctrl Pts',(0.790446541141781,12.6771829977457,-10.6174105022654));
#3124=CARTESIAN_POINT('Ctrl Pts',(0.869491195255963,16.2045987029628,-3.29415542752334));
#3125=CARTESIAN_POINT('Ctrl Pts',(0.948535849370145,15.8164156167309,4.82508138378427));
#3126=CARTESIAN_POINT('Ctrl Pts',(1.02758050348433,11.6064408681223,11.7784114190517));
#3127=CARTESIAN_POINT('Ctrl Pts',(1.10662515759851,4.59194590690919,15.8856685916846));
#3128=CARTESIAN_POINT('Ctrl Pts',(1.18566981171269,-3.53212166661098,16.1543973006753));
#3129=CARTESIAN_POINT('Ctrl Pts',(1.26471446582688,-10.8027065432637,12.5196632690017));
#3130=CARTESIAN_POINT('Ctrl Pts',(1.34375911994107,-15.4629826123262,5.85974436206988));
#3131=CARTESIAN_POINT('Ctrl Pts',(1.42280377405526,-16.3868658556118,-2.21609203837858));
#3132=CARTESIAN_POINT('Ctrl Pts',(1.50184842816945,-13.3511138691799,-9.75644373198179));
#3133=CARTESIAN_POINT('Ctrl Pts',(1.578050539516,-7.31445331581939,-14.7529183383128));
#3134=CARTESIAN_POINT('Ctrl Pts',(1.62790443282449,-2.3429463706448,-15.8678324272942));
#3135=CARTESIAN_POINT('Ctrl Pts',(1.65141010809491,0.000267038718603611,
-15.8696965935884));
#3136=CARTESIAN_POINT('Ctrl Pts',(0.848589891904949,0.00020099401341029,
-15.8698731960572));
#3137=CARTESIAN_POINT('Ctrl Pts',(0.850627851236551,0.203352760822672,-15.8700021373873));
#3138=CARTESIAN_POINT('Ctrl Pts',(0.879014028606216,3.03293045432432,-15.816785571808));
#3139=CARTESIAN_POINT('Ctrl Pts',(0.933748424013942,8.43169983859593,-14.2248682038268));
#3140=CARTESIAN_POINT('Ctrl Pts',(1.01279307812813,14.1909390269947,-8.48867983558677));
#3141=CARTESIAN_POINT('Ctrl Pts',(1.09183773224231,16.5211552404091,-0.701331997789016));
#3142=CARTESIAN_POINT('Ctrl Pts',(1.17088238635649,14.8592872511658,7.2554819818971));
#3143=CARTESIAN_POINT('Ctrl Pts',(1.24992704047067,9.60690009396926,13.4591198540486));
#3144=CARTESIAN_POINT('Ctrl Pts',(1.32897169458485,2.0331526414565,16.4105675384926));
#3145=CARTESIAN_POINT('Ctrl Pts',(1.40801634869904,-6.03187500165514,15.3966529008912));
#3146=CARTESIAN_POINT('Ctrl Pts',(1.48706100281323,-12.639392431606,10.662372886667));
#3147=CARTESIAN_POINT('Ctrl Pts',(1.56610565692742,-16.1927942479646,3.35169375616983));
#3148=CARTESIAN_POINT('Ctrl Pts',(1.64515031104161,-15.8334553246294,-4.76887083991913));
#3149=CARTESIAN_POINT('Ctrl Pts',(1.72419496515579,-11.6482044075547,-11.7371108318461));
#3150=CARTESIAN_POINT('Ctrl Pts',(1.79200815877691,-5.64295404734338,-15.2821206958327));
#3151=CARTESIAN_POINT('Ctrl Pts',(1.83347313435996,-1.5073660454696,-15.8669521658396));
#3152=CARTESIAN_POINT('Ctrl Pts',(1.84858989190495,0.000172052373740017,
-15.8675311918063));
#3153=CARTESIAN_POINT('Origin',(12.9999999999999,0.,5.72866903562368E-15));
#3154=CARTESIAN_POINT('',(12.9999999999999,-4.89858719658941E-15,40.));
#3155=CARTESIAN_POINT('Origin',(12.9999999999999,0.,5.72866903562368E-15));
#3156=CARTESIAN_POINT('',(11.9999999999999,-4.77612251667468E-15,39.));
#3157=CARTESIAN_POINT('Origin',(12.9999999999999,-4.77612251667468E-15,
39.));
#3158=CARTESIAN_POINT('Origin',(11.9999999999999,0.,5.28800218672955E-15));
#3159=CARTESIAN_POINT('Origin',(16.9999999999999,0.,7.49133643120021E-15));
#3160=CARTESIAN_POINT('',(20.9999999999999,4.89858719658941E-15,-40.));
#3161=CARTESIAN_POINT('',(20.9999999999999,-4.89858719658941E-15,40.));
#3162=CARTESIAN_POINT('Origin',(20.9999999999999,0.,9.25400382677674E-15));
#3163=CARTESIAN_POINT('Origin',(20.9999999999999,0.,9.25400382677674E-15));
#3164=CARTESIAN_POINT('',(16.9999999999999,-4.89858719658941E-15,40.));
#3165=CARTESIAN_POINT('Origin',(11.9999999999999,0.,-40.));
#3166=CARTESIAN_POINT('',(11.9999999999999,-14.8577850026726,-7.04265641231913));
#3167=CARTESIAN_POINT('Ctrl Pts',(11.9999999999999,-14.8577850026725,-7.04265641231934));
#3168=CARTESIAN_POINT('Ctrl Pts',(11.9999999999999,-14.6977071759205,-7.36707946122038));
#3169=CARTESIAN_POINT('Ctrl Pts',(11.9999999999999,-14.5270903996342,-7.68582442854472));
#3170=CARTESIAN_POINT('Ctrl Pts',(11.9999999999999,-14.3461176254651,-7.99833153065179));
#3171=CARTESIAN_POINT('Ctrl Pts',(11.9999999999999,-14.2722448395601,-8.12589641080436));
#3172=CARTESIAN_POINT('Ctrl Pts',(11.9999999999999,-14.1966459211887,-8.25242166941465));
#3173=CARTESIAN_POINT('Ctrl Pts',(11.9999999999999,-14.1193310627383,-8.3778681420339));
#3174=CARTESIAN_POINT('Ctrl Pts',(11.9999999999999,-13.9298687649185,-8.68527835311332));
#3175=CARTESIAN_POINT('Ctrl Pts',(11.9999999999999,-13.7301050646829,-8.98621251470382));
#3176=CARTESIAN_POINT('Ctrl Pts',(11.9999999999999,-13.5204956402432,-9.28027327441242));
#3177=CARTESIAN_POINT('Ctrl Pts',(11.9999999999999,-13.3504335199539,-9.51885317807671));
#3178=CARTESIAN_POINT('Ctrl Pts',(11.9999999999999,-13.1738894562915,-9.75290820479308));
#3179=CARTESIAN_POINT('Ctrl Pts',(11.9999999999999,-12.9910875245908,-9.98220991019303));
#3180=CARTESIAN_POINT('Ctrl Pts',(11.9999999999999,-12.9020894187251,-10.0938466815472));
#3181=CARTESIAN_POINT('Ctrl Pts',(11.9999999999999,-12.8116077778562,-10.2043565471386));
#3182=CARTESIAN_POINT('Ctrl Pts',(11.9999999999999,-12.7196671528801,-10.3137117292325));
#3183=CARTESIAN_POINT('Ctrl Pts',(11.9999999999999,-12.663443726509,-10.3805844857572));
#3184=CARTESIAN_POINT('Ctrl Pts',(11.9999999999999,-12.6066746892007,-10.4470254235517));
#3185=CARTESIAN_POINT('Ctrl Pts',(11.9999999999999,-12.5493655109112,-10.5130280064969));
#3186=CARTESIAN_POINT('Ctrl Pts',(11.9999999999999,-12.5216041164114,-10.5450006118952));
#3187=CARTESIAN_POINT('Ctrl Pts',(11.9999999999999,-12.4937141521963,-10.5768724120416));
#3188=CARTESIAN_POINT('Ctrl Pts',(11.9999999999999,-12.4657023283805,-10.6086357492677));
#3189=CARTESIAN_POINT('Ctrl Pts',(11.9999999999999,-12.2273728232419,-10.8788837878248));
#3190=CARTESIAN_POINT('Ctrl Pts',(11.9999999999999,-11.9804311981785,-11.1410521942478));
#3191=CARTESIAN_POINT('Ctrl Pts',(11.9999999999999,-11.7253431245649,-11.3947627302388));
#3192=CARTESIAN_POINT('Ctrl Pts',(11.9999999999999,-11.4697462139073,-11.6489793554299));
#3193=CARTESIAN_POINT('Ctrl Pts',(11.9999999999999,-11.2059699014275,-11.8947047394201));
#3194=CARTESIAN_POINT('Ctrl Pts',(11.9999999999999,-10.9344442623381,-12.1315231894652));
#3195=CARTESIAN_POINT('Ctrl Pts',(11.9999999999999,-10.6642474831004,-12.3671826383511));
#3196=CARTESIAN_POINT('Ctrl Pts',(11.9999999999999,-10.3863765981729,-12.5940224818389));
#3197=CARTESIAN_POINT('Ctrl Pts',(11.9999999999999,-10.1012239561058,-12.8115926327212));
#3198=CARTESIAN_POINT('Ctrl Pts',(11.9999999999999,-9.96189900372803,-12.9178969288721));
#3199=CARTESIAN_POINT('Ctrl Pts',(11.9999999999999,-9.82083525760031,-13.0219876435781));
#3200=CARTESIAN_POINT('Ctrl Pts',(11.9999999999999,-9.67807621561897,-13.1238083392005));
#3201=CARTESIAN_POINT('Ctrl Pts',(11.9999999999999,-9.56601875159147,-13.2037316055563));
#3202=CARTESIAN_POINT('Ctrl Pts',(11.9999999999999,-9.45291673008708,-13.2822561885389));
#3203=CARTESIAN_POINT('Ctrl Pts',(11.9999999999999,-9.33879063818336,-13.3593535875044));
#3204=CARTESIAN_POINT('Ctrl Pts',(11.9999999999999,-9.2980389799818,-13.386883197942));
#3205=CARTESIAN_POINT('Ctrl Pts',(11.9999999999999,-9.25715346962851,-13.414232941363));
#3206=CARTESIAN_POINT('Ctrl Pts',(11.9999999999999,-9.21615772160813,-13.4413866226437));
#3207=CARTESIAN_POINT('Ctrl Pts',(11.9999999999999,-8.93316723686639,-13.6288263889414));
#3208=CARTESIAN_POINT('Ctrl Pts',(11.9999999999999,-8.64472689569915,-13.8070629074706));
#3209=CARTESIAN_POINT('Ctrl Pts',(11.9999999999999,-8.35120897682422,-13.9757799337344));
#3210=CARTESIAN_POINT('Ctrl Pts',(11.9999999999999,-8.04214547864129,-14.1534327139802));
#3211=CARTESIAN_POINT('Ctrl Pts',(11.9999999999999,-7.72745227616373,-14.3205317790148));
#3212=CARTESIAN_POINT('Ctrl Pts',(11.9999999999999,-7.40772688013432,-14.4769957607547));
#3213=CARTESIAN_POINT('Ctrl Pts',(11.9999999999999,-7.08580172008042,-14.6345362407723));
#3214=CARTESIAN_POINT('Ctrl Pts',(11.9999999999999,-6.75877434600813,-14.7812949851316));
#3215=CARTESIAN_POINT('Ctrl Pts',(11.9999999999999,-6.42722918426473,-14.9171421840864));
#3216=CARTESIAN_POINT('Ctrl Pts',(11.9999999999999,-6.09530682052406,-15.0531439376559));
#3217=CARTESIAN_POINT('Ctrl Pts',(11.9999999999999,-5.75885581859766,-15.1782094627822));
#3218=CARTESIAN_POINT('Ctrl Pts',(11.9999999999999,-5.41844546226968,-15.2921592213783));
#3219=CARTESIAN_POINT('Ctrl Pts',(11.9999999999999,-5.07965572752756,-15.4055664893155));
#3220=CARTESIAN_POINT('Ctrl Pts',(11.9999999999999,-4.73694368386367,-15.5079636946732));
#3221=CARTESIAN_POINT('Ctrl Pts',(11.9999999999999,-4.39086201543844,-15.5991230758432));
#3222=CARTESIAN_POINT('Ctrl Pts',(11.9999999999999,-4.23931355018173,-15.6390415851735));
#3223=CARTESIAN_POINT('Ctrl Pts',(11.9999999999999,-4.08711888392721,-15.6768045212471));
#3224=CARTESIAN_POINT('Ctrl Pts',(11.9999999999999,-3.93432433017897,-15.7123895810598));
#3225=CARTESIAN_POINT('Ctrl Pts',(11.9999999999999,-3.78593640859008,-15.746948359077));
#3226=CARTESIAN_POINT('Ctrl Pts',(11.9999999999999,-3.63698269481392,-15.7794530639037));
#3227=CARTESIAN_POINT('Ctrl Pts',(11.9999999999999,-3.48750572434162,-15.8098814696802));
#3228=CARTESIAN_POINT('Ctrl Pts',(11.9999999999999,-3.45206547666587,-15.8170958936392));
#3229=CARTESIAN_POINT('Ctrl Pts',(11.9999999999999,-3.41660376148546,-15.8241919628111));
#3230=CARTESIAN_POINT('Ctrl Pts',(11.9999999999999,-3.38112643351441,-15.8311685279245));
#3231=CARTESIAN_POINT('Ctrl Pts',(11.9999999999999,-3.0299451806389,-15.9002278121885));
#3232=CARTESIAN_POINT('Ctrl Pts',(11.9999999999999,-2.6770719177123,-15.9576148795786));
#3233=CARTESIAN_POINT('Ctrl Pts',(11.9999999999999,-2.32308334154489,-16.0032261526839));
#3234=CARTESIAN_POINT('Ctrl Pts',(11.9999999999999,-1.96915699617796,-16.0488294073777));
#3235=CARTESIAN_POINT('Ctrl Pts',(11.9999999999999,-1.61411516238046,-16.0826611369265));
#3236=CARTESIAN_POINT('Ctrl Pts',(11.9999999999999,-1.25852087834653,-16.1045676804635));
#3237=CARTESIAN_POINT('Ctrl Pts',(11.9999999999999,-1.06495767964018,-16.1164922271449));
#3238=CARTESIAN_POINT('Ctrl Pts',(11.9999999999999,-0.871230606612562,-16.1248824230548));
#3239=CARTESIAN_POINT('Ctrl Pts',(11.9999999999999,-0.677429716863248,-16.1297070250699));
#3240=CARTESIAN_POINT('Ctrl Pts',(11.9999999999999,-0.320974663523607,-16.1385808427849));
#3241=CARTESIAN_POINT('Ctrl Pts',(11.9999999999999,0.0357304224874335,-16.1353954455301));
#3242=CARTESIAN_POINT('Ctrl Pts',(11.9999999999999,0.392103671628299,-16.1203036277258));
#3243=CARTESIAN_POINT('Ctrl Pts',(11.9999999999999,0.748464095366302,-16.105212353056));
#3244=CARTESIAN_POINT('Ctrl Pts',(11.9999999999999,1.10449328206968,-16.078215381238));
#3245=CARTESIAN_POINT('Ctrl Pts',(11.9999999999999,1.45960113151779,-16.0394140804701));
#3246=CARTESIAN_POINT('Ctrl Pts',(11.9999999999999,1.70170279616012,-16.012960541015));
#3247=CARTESIAN_POINT('Ctrl Pts',(11.9999999999999,1.94337604026736,-15.9810191732017));
#3248=CARTESIAN_POINT('Ctrl Pts',(11.9999999999999,2.18442956791758,-15.9436088690369));
#3249=CARTESIAN_POINT('Ctrl Pts',(11.9999999999999,2.28989048626455,-15.9272418609648));
#3250=CARTESIAN_POINT('Ctrl Pts',(11.9999999999999,2.39523273209599,-15.9098279280887));
#3251=CARTESIAN_POINT('Ctrl Pts',(11.9999999999999,2.50044000146406,-15.8913680226826));
#3252=CARTESIAN_POINT('Ctrl Pts',(11.9999999999999,2.58607369267573,-15.8763425415649));
#3253=CARTESIAN_POINT('Ctrl Pts',(11.9999999999999,2.67161795646194,-15.8606240774054));
#3254=CARTESIAN_POINT('Ctrl Pts',(11.9999999999999,2.75706390251344,-15.8442129589863));
#3255=CARTESIAN_POINT('Ctrl Pts',(11.9999999999999,2.79160825616028,-15.8375782208318));
#3256=CARTESIAN_POINT('Ctrl Pts',(11.9999999999999,2.82612839492324,-15.8308318248412));
#3257=CARTESIAN_POINT('Ctrl Pts',(11.9999999999999,2.86061956971619,-15.8239748045752));
#3258=CARTESIAN_POINT('Ctrl Pts',(11.9999999999999,3.22372444591372,-15.7517877158578));
#3259=CARTESIAN_POINT('Ctrl Pts',(11.9999999999999,3.58376918247553,-15.6673168093261));
#3260=CARTESIAN_POINT('Ctrl Pts',(11.9999999999999,3.94012090105701,-15.5707922577669));
#3261=CARTESIAN_POINT('Ctrl Pts',(11.9999999999999,4.28356702430168,-15.4777634289376));
#3262=CARTESIAN_POINT('Ctrl Pts',(11.9999999999999,4.62358334030621,-15.3735377132621));
#3263=CARTESIAN_POINT('Ctrl Pts',(11.9999999999999,4.9595961988826,-15.2582680813911));
#3264=CARTESIAN_POINT('Ctrl Pts',(11.9999999999999,5.29477106196711,-15.1432859249228));
#3265=CARTESIAN_POINT('Ctrl Pts',(11.9999999999999,5.62596297055566,-15.0173147029474));
#3266=CARTESIAN_POINT('Ctrl Pts',(11.9999999999999,5.95258708050409,-14.8804568773673));
#3267=CARTESIAN_POINT('Ctrl Pts',(11.9999999999999,6.2759563326872,-14.7449628603449));
#3268=CARTESIAN_POINT('Ctrl Pts',(11.9999999999999,6.59484887656001,-14.5987979242244));
#3269=CARTESIAN_POINT('Ctrl Pts',(11.9999999999999,6.90867410929695,-14.4420159204199));
#3270=CARTESIAN_POINT('Ctrl Pts',(11.9999999999999,6.94924097883021,-14.4217493693907));
#3271=CARTESIAN_POINT('Ctrl Pts',(11.9999999999999,6.98972313738118,-14.4013053503759));
#3272=CARTESIAN_POINT('Ctrl Pts',(11.9999999999999,7.03011927395972,-14.3806839261047));
#3273=CARTESIAN_POINT('Ctrl Pts',(11.9999999999999,7.32357382968991,-14.2308812120189));
#3274=CARTESIAN_POINT('Ctrl Pts',(11.9999999999999,7.61249092153541,-14.071718877654));
#3275=CARTESIAN_POINT('Ctrl Pts',(11.9999999999999,7.89649848484888,-13.9034840820258));
#3276=CARTESIAN_POINT('Ctrl Pts',(11.9999999999999,8.02075179379852,-13.8298813589385));
#3277=CARTESIAN_POINT('Ctrl Pts',(11.9999999999999,8.14406505787626,-13.7545417371715));
#3278=CARTESIAN_POINT('Ctrl Pts',(11.9999999999999,8.26640547600543,-13.6774876109707));
#3279=CARTESIAN_POINT('Ctrl Pts',(11.9999999999999,8.3334587277694,-13.6352552089355));
#3280=CARTESIAN_POINT('Ctrl Pts',(11.9999999999999,8.40021971825555,-13.5925077531441));
#3281=CARTESIAN_POINT('Ctrl Pts',(11.9999999999999,8.46668290748673,-13.5492488126176));
#3282=CARTESIAN_POINT('Ctrl Pts',(11.9999999999999,8.50252526609046,-13.5259200726474));
#3283=CARTESIAN_POINT('Ctrl Pts',(11.9999999999999,8.53828337738078,-13.5024409629555));
#3284=CARTESIAN_POINT('Ctrl Pts',(11.9999999999999,8.57393593761548,-13.4788257150134));
#3285=CARTESIAN_POINT('Ctrl Pts',(11.9999999999999,8.8667449064844,-13.2848773322319));
#3286=CARTESIAN_POINT('Ctrl Pts',(11.9999999999999,9.15272246395159,-13.0815659683726));
#3287=CARTESIAN_POINT('Ctrl Pts',(11.9999999999999,9.43149691242672,-12.8693510237189));
#3288=CARTESIAN_POINT('Ctrl Pts',(11.9999999999999,9.71256280400749,-12.6553917352974));
#3289=CARTESIAN_POINT('Ctrl Pts',(11.9999999999999,9.98630713715307,-12.4323815520182));
#3290=CARTESIAN_POINT('Ctrl Pts',(11.9999999999999,10.2523229176063,-12.2007451634757));
#3291=CARTESIAN_POINT('Ctrl Pts',(11.9999999999999,10.5187337689995,-11.9687647622374));
#3292=CARTESIAN_POINT('Ctrl Pts',(11.9999999999999,10.7773935278905,-11.7281321235248));
#3293=CARTESIAN_POINT('Ctrl Pts',(11.9999999999999,11.0278607331559,-11.4792333566715));
#3294=CARTESIAN_POINT('Ctrl Pts',(11.9999999999999,11.2770545511915,-11.2316000030322));
#3295=CARTESIAN_POINT('Ctrl Pts',(11.9999999999999,11.5181392967763,-10.9757839433237));
#3296=CARTESIAN_POINT('Ctrl Pts',(11.9999999999999,11.7506418145415,-10.7121314804807));
#3297=CARTESIAN_POINT('Ctrl Pts',(11.9999999999999,11.9795206534816,-10.4525881853834));
#3298=CARTESIAN_POINT('Ctrl Pts',(11.9999999999999,12.20008299027,-10.1854504249529));
#3299=CARTESIAN_POINT('Ctrl Pts',(11.9999999999999,12.4118352110058,-9.91102189295775));
#3300=CARTESIAN_POINT('Ctrl Pts',(11.9999999999999,12.5874614150053,-9.68341227839981));
#3301=CARTESIAN_POINT('Ctrl Pts',(11.9999999999999,12.757026537596,-9.45078680545479));
#3302=CARTESIAN_POINT('Ctrl Pts',(11.9999999999999,12.9202241036346,-9.21330753173685));
#3303=CARTESIAN_POINT('',(11.9999999999999,-14.8575756077412,7.04214534501058));
#3304=CARTESIAN_POINT('Ctrl Pts',(11.9999999999999,12.9203363177663,9.21382861554207));
#3305=CARTESIAN_POINT('Ctrl Pts',(11.9999999999999,12.7201896862666,9.50570525515102));
#3306=CARTESIAN_POINT('Ctrl Pts',(11.9999999999999,12.510497522157,9.79052896938106));
#3307=CARTESIAN_POINT('Ctrl Pts',(11.9999999999999,12.2915469769091,10.0677780367569));
#3308=CARTESIAN_POINT('Ctrl Pts',(11.9999999999999,12.2058233040736,10.1763267883427));
#3309=CARTESIAN_POINT('Ctrl Pts',(11.9999999999999,12.1186799175813,10.2837141951747));
#3310=CARTESIAN_POINT('Ctrl Pts',(11.9999999999999,12.0301321309964,10.3899079174167));
#3311=CARTESIAN_POINT('Ctrl Pts',(11.9999999999999,11.8047866098037,10.6601606318995));
#3312=CARTESIAN_POINT('Ctrl Pts',(11.9999999999999,11.5703483975455,10.9226847566029));
#3313=CARTESIAN_POINT('Ctrl Pts',(11.9999999999999,11.327332771615,11.1771779482203));
#3314=CARTESIAN_POINT('Ctrl Pts',(11.9999999999999,11.1297171296884,11.3841269262329));
#3315=CARTESIAN_POINT('Ctrl Pts',(11.9999999999999,10.926428618822,11.5857648591151));
#3316=CARTESIAN_POINT('Ctrl Pts',(11.9999999999999,10.7177255960548,11.7819119938978));
#3317=CARTESIAN_POINT('Ctrl Pts',(11.9999999999999,10.6122650664798,11.8810278592769));
#3318=CARTESIAN_POINT('Ctrl Pts',(11.9999999999999,10.5054217359121,11.9787414350839));
#3319=CARTESIAN_POINT('Ctrl Pts',(11.9999999999999,10.3972275265692,12.0750278646721));
#3320=CARTESIAN_POINT('Ctrl Pts',(11.9999999999999,10.3400610430571,12.1259026445972));
#3321=CARTESIAN_POINT('Ctrl Pts',(11.9999999999999,10.2825174143276,12.1763789830319));
#3322=CARTESIAN_POINT('Ctrl Pts',(11.9999999999999,10.2246012525735,12.2264530794092));
#3323=CARTESIAN_POINT('Ctrl Pts',(11.9999999999999,10.1769824189415,12.2676241444875));
#3324=CARTESIAN_POINT('Ctrl Pts',(11.9999999999999,10.1291065680779,12.3085275725143));
#3325=CARTESIAN_POINT('Ctrl Pts',(11.9999999999999,10.0810041982056,12.3491378423474));
#3326=CARTESIAN_POINT('Ctrl Pts',(11.9999999999999,9.81091865039827,12.5771566905579));
#3327=CARTESIAN_POINT('Ctrl Pts',(11.9999999999999,9.53356934340809,12.796048197199));
#3328=CARTESIAN_POINT('Ctrl Pts',(11.9999999999999,9.24948322642519,13.0055224423865));
#3329=CARTESIAN_POINT('Ctrl Pts',(11.9999999999999,8.96388303341073,13.2161131093733));
#3330=CARTESIAN_POINT('Ctrl Pts',(11.9999999999999,8.67147358684107,13.4171862453743));
#3331=CARTESIAN_POINT('Ctrl Pts',(11.9999999999999,8.37275351889322,13.6084098385883));
#3332=CARTESIAN_POINT('Ctrl Pts',(11.9999999999999,8.07497993375246,13.7990275473549));
#3333=CARTESIAN_POINT('Ctrl Pts',(11.9999999999999,7.77093516998271,13.9798583603329));
#3334=CARTESIAN_POINT('Ctrl Pts',(11.9999999999999,7.4610837003676,14.1505310795988));
#3335=CARTESIAN_POINT('Ctrl Pts',(11.9999999999999,7.31676816553062,14.2300231174889));
#3336=CARTESIAN_POINT('Ctrl Pts',(11.9999999999999,7.17119261100278,14.307310932072));
#3337=CARTESIAN_POINT('Ctrl Pts',(11.9999999999999,7.02440222355668,14.3823535581012));
#3338=CARTESIAN_POINT('Ctrl Pts',(11.9999999999999,6.95065943668442,14.4200525687374));
#3339=CARTESIAN_POINT('Ctrl Pts',(11.9999999999999,6.87661004247137,14.4571849171801));
#3340=CARTESIAN_POINT('Ctrl Pts',(11.9999999999999,6.80225968182202,14.4937451866772));
#3341=CARTESIAN_POINT('Ctrl Pts',(11.9999999999999,6.75648822508861,14.5162523645689));
#3342=CARTESIAN_POINT('Ctrl Pts',(11.9999999999999,6.71060270514451,14.5385427295152));
#3343=CARTESIAN_POINT('Ctrl Pts',(11.9999999999999,6.6646044280616,14.5606149887605));
#3344=CARTESIAN_POINT('Ctrl Pts',(11.9999999999999,6.63123387155246,14.5766278401354));
#3345=CARTESIAN_POINT('Ctrl Pts',(11.9999999999999,6.59781209949232,14.5925219927969));
#3346=CARTESIAN_POINT('Ctrl Pts',(11.9999999999999,6.56434151752543,14.6082962704961));
#3347=CARTESIAN_POINT('Ctrl Pts',(11.9999999999999,6.27135391339619,14.7463777605197));
#3348=CARTESIAN_POINT('Ctrl Pts',(11.9999999999999,5.97458272943595,14.875297813359));
#3349=CARTESIAN_POINT('Ctrl Pts',(11.9999999999999,5.67441453043582,14.9948353048194));
#3350=CARTESIAN_POINT('Ctrl Pts',(11.9999999999999,5.34739362574513,15.1250664843116));
#3351=CARTESIAN_POINT('Ctrl Pts',(11.9999999999999,5.01634082244827,15.2441624332391));
#3352=CARTESIAN_POINT('Ctrl Pts',(11.9999999999999,4.68185981706647,15.3521508970252));
#3353=CARTESIAN_POINT('Ctrl Pts',(11.9999999999999,4.34441259110032,15.4610970164002));
#3354=CARTESIAN_POINT('Ctrl Pts',(11.9999999999999,4.00347555971795,15.5587379182105));
#3355=CARTESIAN_POINT('Ctrl Pts',(11.9999999999999,3.65964526163743,15.6450538397846));
#3356=CARTESIAN_POINT('Ctrl Pts',(11.9999999999999,3.31459660249188,15.7316756214261));
#3357=CARTESIAN_POINT('Ctrl Pts',(11.9999999999999,2.96663356858328,15.8068921367785));
#3358=CARTESIAN_POINT('Ctrl Pts',(11.9999999999999,2.61634395152722,15.8706331139671));
#3359=CARTESIAN_POINT('Ctrl Pts',(11.9999999999999,2.26688020490024,15.9342238104006));
#3360=CARTESIAN_POINT('Ctrl Pts',(11.9999999999999,1.9151002546034,15.9863930919709));
#3361=CARTESIAN_POINT('Ctrl Pts',(11.9999999999999,1.56158133759759,16.0270198452662));
#3362=CARTESIAN_POINT('Ctrl Pts',(11.9999999999999,1.40654611239822,16.0448366509399));
#3363=CARTESIAN_POINT('Ctrl Pts',(11.9999999999999,1.25117640944922,16.0604328689332));
#3364=CARTESIAN_POINT('Ctrl Pts',(11.9999999999999,1.09552096276034,16.0737950978779));
#3365=CARTESIAN_POINT('Ctrl Pts',(11.9999999999999,1.01735292726732,16.0805054264186));
#3366=CARTESIAN_POINT('Ctrl Pts',(11.9999999999999,0.939112831931956,16.086652331967));
#3367=CARTESIAN_POINT('Ctrl Pts',(11.9999999999999,0.860806868101727,16.0922339294405));
#3368=CARTESIAN_POINT('Ctrl Pts',(11.9999999999999,0.794764983333625,16.0969413514443));
#3369=CARTESIAN_POINT('Ctrl Pts',(11.9999999999999,0.728676246839695,16.101246670984));
#3370=CARTESIAN_POINT('Ctrl Pts',(11.9999999999999,0.662544383052276,16.1051486871706));
#3371=CARTESIAN_POINT('Ctrl Pts',(11.9999999999999,0.631987686488614,16.1069516414164));
#3372=CARTESIAN_POINT('Ctrl Pts',(11.9999999999999,0.601423503178636,16.1086683716124));
#3373=CARTESIAN_POINT('Ctrl Pts',(11.9999999999999,0.570861550399698,16.1102983383155));
#3374=CARTESIAN_POINT('Ctrl Pts',(11.9999999999999,0.213500232952095,16.1293575605));
#3375=CARTESIAN_POINT('Ctrl Pts',(11.9999999999999,-0.143911758433706,16.1365794834368));
#3376=CARTESIAN_POINT('Ctrl Pts',(11.9999999999999,-0.500775461996719,16.1319690714552));
#3377=CARTESIAN_POINT('Ctrl Pts',(11.9999999999999,-0.858789787942829,16.1273437942934));
#3378=CARTESIAN_POINT('Ctrl Pts',(11.9999999999999,-1.21625286340834,16.1108098545538));
#3379=CARTESIAN_POINT('Ctrl Pts',(11.9999999999999,-1.57257153836562,16.0823212911123));
#3380=CARTESIAN_POINT('Ctrl Pts',(11.9999999999999,-1.7735134342958,16.0662554872333));
#3381=CARTESIAN_POINT('Ctrl Pts',(11.9999999999999,-1.97409154148184,16.046386863486));
#3382=CARTESIAN_POINT('Ctrl Pts',(11.9999999999999,-2.17420004253155,16.0226998831915));
#3383=CARTESIAN_POINT('Ctrl Pts',(11.9999999999999,-2.52815785707675,15.9808016543094));
#3384=CARTESIAN_POINT('Ctrl Pts',(11.9999999999999,-2.88064684401343,15.9269597217812));
#3385=CARTESIAN_POINT('Ctrl Pts',(11.9999999999999,-3.23112640974995,15.8614308884659));
#3386=CARTESIAN_POINT('Ctrl Pts',(11.9999999999999,-3.58246061851177,15.7957422633514));
#3387=CARTESIAN_POINT('Ctrl Pts',(11.9999999999999,-3.93177614831752,15.7183094993819));
#3388=CARTESIAN_POINT('Ctrl Pts',(11.9999999999999,-4.27851794316298,15.6293398440289));
#3389=CARTESIAN_POINT('Ctrl Pts',(11.9999999999999,-4.5175522105225,15.5680066078841));
#3390=CARTESIAN_POINT('Ctrl Pts',(11.9999999999999,-4.75536313506946,15.5011895730542));
#3391=CARTESIAN_POINT('Ctrl Pts',(11.9999999999999,-4.9917638775431,15.4289430989242));
#3392=CARTESIAN_POINT('Ctrl Pts',(11.9999999999999,-5.09518920237532,15.3973352664923));
#3393=CARTESIAN_POINT('Ctrl Pts',(11.9999999999999,-5.19834454687731,15.3646880663028));
#3394=CARTESIAN_POINT('Ctrl Pts',(11.9999999999999,-5.30121394344081,15.3310054105115));
#3395=CARTESIAN_POINT('Ctrl Pts',(11.9999999999999,-5.38350467399153,15.3040608531937));
#3396=CARTESIAN_POINT('Ctrl Pts',(11.9999999999999,-5.46561241551419,15.2764536738628));
#3397=CARTESIAN_POINT('Ctrl Pts',(11.9999999999999,-5.54752889083958,15.248185699888));
#3398=CARTESIAN_POINT('Ctrl Pts',(11.9999999999999,-5.58180021616509,15.2363592519295));
#3399=CARTESIAN_POINT('Ctrl Pts',(11.9999999999999,-5.61603085191278,15.2244196154114));
#3400=CARTESIAN_POINT('Ctrl Pts',(11.9999999999999,-5.65021449940023,15.2123691248246));
#3401=CARTESIAN_POINT('Ctrl Pts',(11.9999999999999,-6.00426525607275,15.0875584149055));
#3402=CARTESIAN_POINT('Ctrl Pts',(11.9999999999999,-6.35347085825021,14.9507939638713));
#3403=CARTESIAN_POINT('Ctrl Pts',(11.9999999999999,-6.69722823132614,14.8024293846716));
#3404=CARTESIAN_POINT('Ctrl Pts',(11.9999999999999,-7.02771762046644,14.6597912247653));
#3405=CARTESIAN_POINT('Ctrl Pts',(11.9999999999999,-7.35317175758834,14.5064305257416));
#3406=CARTESIAN_POINT('Ctrl Pts',(11.9999999999999,-7.67304534503597,14.3426082255747));
#3407=CARTESIAN_POINT('Ctrl Pts',(11.9999999999999,-7.99280372913054,14.1788449264601));
#3408=CARTESIAN_POINT('Ctrl Pts',(11.9999999999999,-8.30698613352206,14.004627348672));
#3409=CARTESIAN_POINT('Ctrl Pts',(11.9999999999999,-8.61503028049294,13.8201672158435));
#3410=CARTESIAN_POINT('Ctrl Pts',(11.9999999999999,-8.92075693612368,13.6370948216383));
#3411=CARTESIAN_POINT('Ctrl Pts',(11.9999999999999,-9.2204378562193,13.4439331555135));
#3412=CARTESIAN_POINT('Ctrl Pts',(11.9999999999999,-9.51349817751429,13.2408445310779));
#3413=CARTESIAN_POINT('Ctrl Pts',(11.9999999999999,-9.55150880709538,13.2145034472988));
#3414=CARTESIAN_POINT('Ctrl Pts',(11.9999999999999,-9.58940801904997,13.1879953061521));
#3415=CARTESIAN_POINT('Ctrl Pts',(11.9999999999999,-9.62719452076724,13.1613204095685));
#3416=CARTESIAN_POINT('Ctrl Pts',(11.9999999999999,-9.9036723536488,12.9661444270186));
#3417=CARTESIAN_POINT('Ctrl Pts',(11.9999999999999,-10.17411842661,12.7620434433711));
#3418=CARTESIAN_POINT('Ctrl Pts',(11.9999999999999,-10.4382107869732,12.5493797019959));
#3419=CARTESIAN_POINT('Ctrl Pts',(11.9999999999999,-10.5537511946322,12.4563393151443));
#3420=CARTESIAN_POINT('Ctrl Pts',(11.9999999999999,-10.668075093707,12.3616595802433));
#3421=CARTESIAN_POINT('Ctrl Pts',(11.9999999999999,-10.7811537073688,12.2653691496614));
#3422=CARTESIAN_POINT('Ctrl Pts',(11.9999999999999,-10.8446860249509,12.2112691389012));
#3423=CARTESIAN_POINT('Ctrl Pts',(11.9999999999999,-10.9078252268966,12.1566606680466));
#3424=CARTESIAN_POINT('Ctrl Pts',(11.9999999999999,-10.9705660439647,12.1015486900227));
#3425=CARTESIAN_POINT('Ctrl Pts',(11.9999999999999,-10.997646534816,12.0777609950831));
#3426=CARTESIAN_POINT('Ctrl Pts',(11.9999999999999,-11.0246533243523,12.0538789920786));
#3427=CARTESIAN_POINT('Ctrl Pts',(11.9999999999999,-11.0515739899092,12.029913873367));
#3428=CARTESIAN_POINT('Ctrl Pts',(11.9999999999999,-11.3183706102417,11.7924081302571));
#3429=CARTESIAN_POINT('Ctrl Pts',(11.9999999999999,-11.5769931751974,11.5464957728053));
#3430=CARTESIAN_POINT('Ctrl Pts',(11.9999999999999,-11.8271519541301,11.2927061573534));
#3431=CARTESIAN_POINT('Ctrl Pts',(11.9999999999999,-12.0798414756211,11.0363490678222));
#3432=CARTESIAN_POINT('Ctrl Pts',(11.9999999999999,-12.3238955029882,10.7719541726569));
#3433=CARTESIAN_POINT('Ctrl Pts',(11.9999999999999,-12.5589871671666,10.5000219282667));
#3434=CARTESIAN_POINT('Ctrl Pts',(11.9999999999999,-12.7953282372007,10.2266444870011));
#3435=CARTESIAN_POINT('Ctrl Pts',(11.9999999999999,-13.0226118353591,9.94564896211664));
#3436=CARTESIAN_POINT('Ctrl Pts',(11.9999999999999,-13.2404713267753,9.65750430000751));
#3437=CARTESIAN_POINT('Ctrl Pts',(11.9999999999999,-13.4576765122727,9.3702250340153));
#3438=CARTESIAN_POINT('Ctrl Pts',(11.9999999999999,-13.6655144754128,9.07583905852213));
#3439=CARTESIAN_POINT('Ctrl Pts',(11.9999999999999,-13.8635819607247,8.77477842116083));
#3440=CARTESIAN_POINT('Ctrl Pts',(11.9999999999999,-14.0590349232901,8.47769183276175));
#3441=CARTESIAN_POINT('Ctrl Pts',(11.9999999999999,-14.2449739245762,8.17410516718817));
#3442=CARTESIAN_POINT('Ctrl Pts',(11.9999999999999,-14.4209679306221,7.86440857696588));
#3443=CARTESIAN_POINT('Ctrl Pts',(11.9999999999999,-14.574142270324,7.59486774554203));
#3444=CARTESIAN_POINT('Ctrl Pts',(11.9999999999999,-14.7197828753799,7.32069817357744));
#3445=CARTESIAN_POINT('Ctrl Pts',(11.9999999999999,-14.8575756077413,7.04214534501037));
#3446=CARTESIAN_POINT('Origin',(11.9999999999999,0.,5.28800218672954E-15));
#3447=CARTESIAN_POINT('',(11.9999999999999,34.0000005066395,4.));
#3448=CARTESIAN_POINT('',(11.9999999999999,30.5358988915017,1.99999999999999));
#3449=CARTESIAN_POINT('',(11.9999999999999,11.7237208750209,-8.86121604185845));
#3450=CARTESIAN_POINT('',(11.9999999999999,30.5358988915017,-2.00000000000002));
#3451=CARTESIAN_POINT('',(11.9999999999999,30.5358988915018,-19.));
#3452=CARTESIAN_POINT('',(11.9999999999999,34.0000005066395,-4.00000000000001));
#3453=CARTESIAN_POINT('',(11.9999999999999,27.3121781431407,-0.138783958141602));
#3454=CARTESIAN_POINT('',(11.9999999999999,37.4641021217773,-2.00000000000001));
#3455=CARTESIAN_POINT('',(11.9999999999999,13.4557716825898,-15.8612160418584));
#3456=CARTESIAN_POINT('',(11.9999999999999,37.4641021217773,2.));
#3457=CARTESIAN_POINT('',(11.9999999999999,37.4641021217773,-21.));
#3458=CARTESIAN_POINT('',(11.9999999999999,32.5083305658473,4.86121604185842));
#3459=CARTESIAN_POINT('',(11.9999999999999,-4.,34.0000005066395));
#3460=CARTESIAN_POINT('',(11.9999999999999,-2.,30.5358988915017));
#3461=CARTESIAN_POINT('',(11.9999999999999,12.5214700797028,5.38397491286531));
#3462=CARTESIAN_POINT('',(11.9999999999999,2.00000000000001,30.5358988915017));
#3463=CARTESIAN_POINT('',(11.9999999999999,-1.00000000000008,30.5358988915017));
#3464=CARTESIAN_POINT('',(11.9999999999999,4.,34.0000005066395));
#3465=CARTESIAN_POINT('',(11.9999999999999,-13.5214700797027,3.65192410529632));
#3466=CARTESIAN_POINT('',(11.9999999999999,2.,37.4641021217772));
#3467=CARTESIAN_POINT('',(11.9999999999999,19.5214700797028,7.11602572043417));
#3468=CARTESIAN_POINT('',(11.9999999999999,-2.00000000000001,37.4641021217772));
#3469=CARTESIAN_POINT('',(11.9999999999999,0.999999999999957,37.4641021217772));
#3470=CARTESIAN_POINT('',(11.9999999999999,-18.5214700797027,8.84807652800294));
#3471=CARTESIAN_POINT('',(11.9999999999999,4.00000000000001,-34.0000005066395));
#3472=CARTESIAN_POINT('',(11.9999999999999,2.,-30.5358988915017));
#3473=CARTESIAN_POINT('',(11.9999999999999,4.79903799598599,-35.3839749128652));
#3474=CARTESIAN_POINT('',(11.9999999999999,-2.00000000000001,-30.5358988915017));
#3475=CARTESIAN_POINT('',(11.9999999999999,0.999999999999989,-30.5358988915017));
#3476=CARTESIAN_POINT('',(11.9999999999999,-4.,-34.0000005066395));
#3477=CARTESIAN_POINT('',(11.9999999999999,-3.79903799598599,-33.6519241052964));
#3478=CARTESIAN_POINT('',(11.9999999999999,-1.99999999999999,-37.4641021217772));
#3479=CARTESIAN_POINT('',(11.9999999999999,-2.20096200401401,-37.1160257204341));
#3480=CARTESIAN_POINT('',(11.9999999999999,2.00000000000001,-37.4641021217772));
#3481=CARTESIAN_POINT('',(11.9999999999999,-0.999999999999999,-37.4641021217772));
#3482=CARTESIAN_POINT('',(11.9999999999999,1.20096200401403,-38.848076528003));
#3483=CARTESIAN_POINT('',(11.9999999999999,-34.0000005066395,-4.00000000000001));
#3484=CARTESIAN_POINT('',(11.9999999999999,-30.5358988915017,-2.));
#3485=CARTESIAN_POINT('',(11.9999999999999,-29.0442289507097,-1.13878395814162));
#3486=CARTESIAN_POINT('',(11.9999999999999,-30.5358988915017,2.));
#3487=CARTESIAN_POINT('',(11.9999999999999,-30.5358988915017,-21.));
#3488=CARTESIAN_POINT('',(11.9999999999999,-34.0000005066395,4.));
#3489=CARTESIAN_POINT('',(11.9999999999999,-9.99167006745198,-9.86121604185833));
#3490=CARTESIAN_POINT('',(11.9999999999999,-37.4641021217772,1.99999999999999));
#3491=CARTESIAN_POINT('',(11.9999999999999,-30.7762797582785,5.86121604185838));
#3492=CARTESIAN_POINT('',(11.9999999999999,-37.4641021217772,-2.00000000000002));
#3493=CARTESIAN_POINT('',(11.9999999999999,-37.4641021217772,-19.));
#3494=CARTESIAN_POINT('',(11.9999999999999,-15.1878224901586,-14.8612160418584));
#3495=CARTESIAN_POINT('Origin',(21.4999999999999,0.,9.47433725122381E-15));
#3496=CARTESIAN_POINT('',(21.9999999999999,-4.77612251667468E-15,-39.));
#3497=CARTESIAN_POINT('Origin',(21.9999999999999,0.,9.69467067567089E-15));
#3498=CARTESIAN_POINT('',(21.4999999999999,4.83735485663205E-15,-39.5));
#3499=CARTESIAN_POINT('Origin',(21.9999999999999,0.,13.));
#3500=CARTESIAN_POINT('',(21.9999999999999,-2.43704713030323E-15,-19.9));
#3501=CARTESIAN_POINT('Origin',(21.9999999999999,0.,9.69467067567089E-15));
#3502=CARTESIAN_POINT('',(21.9999999999999,-2.1,34.0000005066395));
#3503=CARTESIAN_POINT('Origin',(21.9999999999999,0.,34.0000005066395));
#3504=CARTESIAN_POINT('',(21.9999999999999,-2.1,-34.));
#3505=CARTESIAN_POINT('Origin',(21.9999999999999,0.,-34.));
#3506=CARTESIAN_POINT('',(21.9999999999999,-36.1,9.95184650349183E-15));
#3507=CARTESIAN_POINT('Origin',(21.9999999999999,-34.,9.69467067567088E-15));
#3508=CARTESIAN_POINT('',(21.9999999999999,31.9000005066395,9.95184650349183E-15));
#3509=CARTESIAN_POINT('Origin',(21.9999999999999,34.0000005066395,9.69467067567088E-15));
#3510=CARTESIAN_POINT('Origin',(11.9999999999999,-34.0000005066395,-4.00000000000001));
#3511=CARTESIAN_POINT('',(16.9999999999999,-34.0000005066395,-4.00000000000001));
#3512=CARTESIAN_POINT('',(11.9999999999999,-34.0000005066395,-4.00000000000001));
#3513=CARTESIAN_POINT('',(16.9999999999999,-30.5358988915017,-2.));
#3514=CARTESIAN_POINT('',(16.9999999999999,-30.5358988915017,-2.));
#3515=CARTESIAN_POINT('',(11.9999999999999,-30.5358988915017,-2.));
#3516=CARTESIAN_POINT('Origin',(11.9999999999999,-37.4641021217772,-2.00000000000002));
#3517=CARTESIAN_POINT('',(16.9999999999999,-37.4641021217772,-2.00000000000002));
#3518=CARTESIAN_POINT('',(11.9999999999999,-37.4641021217772,-2.00000000000002));
#3519=CARTESIAN_POINT('',(16.9999999999999,-34.0000005066395,-4.00000000000001));
#3520=CARTESIAN_POINT('Origin',(11.9999999999999,-37.4641021217772,1.99999999999999));
#3521=CARTESIAN_POINT('',(16.9999999999999,-37.4641021217772,1.99999999999999));
#3522=CARTESIAN_POINT('',(11.9999999999999,-37.4641021217772,1.99999999999999));
#3523=CARTESIAN_POINT('',(16.9999999999999,-37.4641021217772,-2.00000000000002));
#3524=CARTESIAN_POINT('Origin',(11.9999999999999,-34.0000005066395,4.));
#3525=CARTESIAN_POINT('',(16.9999999999999,-34.0000005066395,4.));
#3526=CARTESIAN_POINT('',(11.9999999999999,-34.0000005066395,4.));
#3527=CARTESIAN_POINT('',(16.9999999999999,-37.4641021217772,1.99999999999999));
#3528=CARTESIAN_POINT('Origin',(11.9999999999999,-30.5358988915017,2.));
#3529=CARTESIAN_POINT('',(16.9999999999999,-30.5358988915017,2.));
#3530=CARTESIAN_POINT('',(11.9999999999999,-30.5358988915017,2.));
#3531=CARTESIAN_POINT('',(16.9999999999999,-34.0000005066395,4.));
#3532=CARTESIAN_POINT('Origin',(11.9999999999999,-30.5358988915017,-2.));
#3533=CARTESIAN_POINT('',(16.9999999999999,-30.5358988915017,2.));
#3534=CARTESIAN_POINT('Origin',(16.9999999999999,-34.0000005066395,-7.7715611723761E-15));
#3535=CARTESIAN_POINT('',(16.9999999999999,-36.1,7.74851225902115E-15));
#3536=CARTESIAN_POINT('Origin',(16.9999999999999,-34.,7.49133643120021E-15));
#3537=CARTESIAN_POINT('Origin',(11.9999999999999,4.00000000000001,-34.0000005066395));
#3538=CARTESIAN_POINT('',(16.9999999999999,4.00000000000001,-34.0000005066395));
#3539=CARTESIAN_POINT('',(11.9999999999999,4.00000000000001,-34.0000005066395));
#3540=CARTESIAN_POINT('',(16.9999999999999,2.,-30.5358988915017));
#3541=CARTESIAN_POINT('',(16.9999999999999,2.,-30.5358988915017));
#3542=CARTESIAN_POINT('',(11.9999999999999,2.,-30.5358988915017));
#3543=CARTESIAN_POINT('Origin',(11.9999999999999,2.00000000000001,-37.4641021217772));
#3544=CARTESIAN_POINT('',(16.9999999999999,2.00000000000001,-37.4641021217772));
#3545=CARTESIAN_POINT('',(11.9999999999999,2.00000000000001,-37.4641021217772));
#3546=CARTESIAN_POINT('',(16.9999999999999,4.00000000000001,-34.0000005066395));
#3547=CARTESIAN_POINT('Origin',(11.9999999999999,-1.99999999999999,-37.4641021217772));
#3548=CARTESIAN_POINT('',(16.9999999999999,-1.99999999999999,-37.4641021217772));
#3549=CARTESIAN_POINT('',(11.9999999999999,-1.99999999999999,-37.4641021217772));
#3550=CARTESIAN_POINT('',(16.9999999999999,2.00000000000001,-37.4641021217772));
#3551=CARTESIAN_POINT('Origin',(11.9999999999999,-4.,-34.0000005066395));
#3552=CARTESIAN_POINT('',(16.9999999999999,-4.,-34.0000005066395));
#3553=CARTESIAN_POINT('',(11.9999999999999,-4.,-34.0000005066395));
#3554=CARTESIAN_POINT('',(16.9999999999999,-1.99999999999999,-37.4641021217772));
#3555=CARTESIAN_POINT('Origin',(11.9999999999999,-2.00000000000001,-30.5358988915017));
#3556=CARTESIAN_POINT('',(16.9999999999999,-2.00000000000001,-30.5358988915017));
#3557=CARTESIAN_POINT('',(11.9999999999999,-2.00000000000001,-30.5358988915017));
#3558=CARTESIAN_POINT('',(16.9999999999999,-4.,-34.0000005066395));
#3559=CARTESIAN_POINT('Origin',(11.9999999999999,2.,-30.5358988915017));
#3560=CARTESIAN_POINT('',(16.9999999999999,-2.00000000000001,-30.5358988915017));
#3561=CARTESIAN_POINT('Origin',(16.9999999999999,4.44089209850063E-15,-34.0000005066395));
#3562=CARTESIAN_POINT('',(16.9999999999999,-2.1,-34.));
#3563=CARTESIAN_POINT('Origin',(16.9999999999999,0.,-34.));
#3564=CARTESIAN_POINT('Origin',(11.9999999999999,-4.,34.0000005066395));
#3565=CARTESIAN_POINT('',(16.9999999999999,-4.,34.0000005066395));
#3566=CARTESIAN_POINT('',(11.9999999999999,-4.,34.0000005066395));
#3567=CARTESIAN_POINT('',(16.9999999999999,-2.,30.5358988915017));
#3568=CARTESIAN_POINT('',(16.9999999999999,-2.,30.5358988915017));
#3569=CARTESIAN_POINT('',(11.9999999999999,-2.,30.5358988915017));
#3570=CARTESIAN_POINT('Origin',(11.9999999999999,-2.00000000000001,37.4641021217772));
#3571=CARTESIAN_POINT('',(16.9999999999999,-2.00000000000001,37.4641021217772));
#3572=CARTESIAN_POINT('',(11.9999999999999,-2.00000000000001,37.4641021217772));
#3573=CARTESIAN_POINT('',(16.9999999999999,-4.,34.0000005066395));
#3574=CARTESIAN_POINT('Origin',(11.9999999999999,2.,37.4641021217772));
#3575=CARTESIAN_POINT('',(16.9999999999999,2.,37.4641021217772));
#3576=CARTESIAN_POINT('',(11.9999999999999,2.,37.4641021217772));
#3577=CARTESIAN_POINT('',(16.9999999999999,-2.00000000000001,37.4641021217772));
#3578=CARTESIAN_POINT('Origin',(11.9999999999999,4.,34.0000005066395));
#3579=CARTESIAN_POINT('',(16.9999999999999,4.,34.0000005066395));
#3580=CARTESIAN_POINT('',(11.9999999999999,4.,34.0000005066395));
#3581=CARTESIAN_POINT('',(16.9999999999999,2.,37.4641021217772));
#3582=CARTESIAN_POINT('Origin',(11.9999999999999,2.00000000000001,30.5358988915017));
#3583=CARTESIAN_POINT('',(16.9999999999999,2.00000000000001,30.5358988915017));
#3584=CARTESIAN_POINT('',(11.9999999999999,2.00000000000001,30.5358988915017));
#3585=CARTESIAN_POINT('',(16.9999999999999,4.,34.0000005066395));
#3586=CARTESIAN_POINT('Origin',(11.9999999999999,-2.,30.5358988915017));
#3587=CARTESIAN_POINT('',(16.9999999999999,2.00000000000001,30.5358988915017));
#3588=CARTESIAN_POINT('Origin',(16.9999999999999,0.,34.0000005066395));
#3589=CARTESIAN_POINT('',(16.9999999999999,-2.1,34.0000005066395));
#3590=CARTESIAN_POINT('Origin',(16.9999999999999,0.,34.0000005066395));
#3591=CARTESIAN_POINT('Origin',(11.9999999999999,34.0000005066395,4.));
#3592=CARTESIAN_POINT('',(16.9999999999999,34.0000005066395,4.));
#3593=CARTESIAN_POINT('',(11.9999999999999,34.0000005066395,4.));
#3594=CARTESIAN_POINT('',(16.9999999999999,30.5358988915017,1.99999999999999));
#3595=CARTESIAN_POINT('',(16.9999999999999,30.5358988915017,1.99999999999999));
#3596=CARTESIAN_POINT('',(11.9999999999999,30.5358988915017,1.99999999999999));
#3597=CARTESIAN_POINT('Origin',(11.9999999999999,37.4641021217773,2.));
#3598=CARTESIAN_POINT('',(16.9999999999999,37.4641021217773,2.));
#3599=CARTESIAN_POINT('',(11.9999999999999,37.4641021217773,2.));
#3600=CARTESIAN_POINT('',(16.9999999999999,34.0000005066395,4.));
#3601=CARTESIAN_POINT('Origin',(11.9999999999999,37.4641021217773,-2.00000000000001));
#3602=CARTESIAN_POINT('',(16.9999999999999,37.4641021217773,-2.00000000000001));
#3603=CARTESIAN_POINT('',(11.9999999999999,37.4641021217773,-2.00000000000001));
#3604=CARTESIAN_POINT('',(16.9999999999999,37.4641021217773,2.));
#3605=CARTESIAN_POINT('Origin',(11.9999999999999,34.0000005066395,-4.00000000000001));
#3606=CARTESIAN_POINT('',(16.9999999999999,34.0000005066395,-4.00000000000001));
#3607=CARTESIAN_POINT('',(11.9999999999999,34.0000005066395,-4.00000000000001));
#3608=CARTESIAN_POINT('',(16.9999999999999,37.4641021217773,-2.00000000000001));
#3609=CARTESIAN_POINT('Origin',(11.9999999999999,30.5358988915017,-2.00000000000002));
#3610=CARTESIAN_POINT('',(16.9999999999999,30.5358988915017,-2.00000000000002));
#3611=CARTESIAN_POINT('',(11.9999999999999,30.5358988915017,-2.00000000000002));
#3612=CARTESIAN_POINT('',(16.9999999999999,34.0000005066395,-4.00000000000001));
#3613=CARTESIAN_POINT('Origin',(11.9999999999999,30.5358988915017,1.99999999999999));
#3614=CARTESIAN_POINT('',(16.9999999999999,30.5358988915017,-2.00000000000002));
#3615=CARTESIAN_POINT('Origin',(16.9999999999999,34.0000005066395,-7.7715611723761E-15));
#3616=CARTESIAN_POINT('',(16.9999999999999,31.9000005066395,7.74851225902115E-15));
#3617=CARTESIAN_POINT('Origin',(16.9999999999999,34.0000005066395,7.49133643120021E-15));
#3618=CARTESIAN_POINT('Origin',(24.7999999999999,0.,1.09285378525745E-14));
#3619=CARTESIAN_POINT('',(24.5999999999999,2.43704713030323E-15,-19.9));
#3620=CARTESIAN_POINT('Origin',(24.5999999999999,0.,1.08404044827956E-14));
#3621=CARTESIAN_POINT('',(24.9999999999999,-2.38806125833734E-15,-19.5));
#3622=CARTESIAN_POINT('',(24.7999999999999,-2.41255419432029E-15,-19.7));
#3623=CARTESIAN_POINT('Origin',(24.9999999999999,0.,1.10166712223533E-14));
#3624=CARTESIAN_POINT('Origin',(24.9999999999999,0.,18.));
#3625=CARTESIAN_POINT('',(24.9999999999999,2.20436423846524E-15,-18.));
#3626=CARTESIAN_POINT('Origin',(24.9999999999999,0.,1.10166712223533E-14));
#3627=CARTESIAN_POINT('Origin',(23.4999999999999,0.,1.03556709490121E-14));
#3628=CARTESIAN_POINT('',(23.4999999999999,2.43704713030323E-15,-19.9));
#3629=CARTESIAN_POINT('Ctrl Pts',(-0.330966041813028,-14.3395665323783,
-6.79662108889388));
#3630=CARTESIAN_POINT('Ctrl Pts',(-0.304617823774965,-13.2143809057599,
-9.17054688866149));
#3631=CARTESIAN_POINT('Ctrl Pts',(-0.25192138769884,-9.76362834692817,-13.3465557485189));
#3632=CARTESIAN_POINT('Ctrl Pts',(-0.172876733584653,-2.22309338004944,
-16.3858947888957));
#3633=CARTESIAN_POINT('Ctrl Pts',(-0.0938320794704676,5.85239506574665,
-15.4656428159677));
#3634=CARTESIAN_POINT('Ctrl Pts',(-0.0147874253562847,12.5148441745147,
-10.808457300109));
#3635=CARTESIAN_POINT('Ctrl Pts',(0.0642572287578976,16.1527068470165,-3.53952028797232));
#3636=CARTESIAN_POINT('Ctrl Pts',(0.14330188287208,15.8878080336592,4.58465992791385));
#3637=CARTESIAN_POINT('Ctrl Pts',(0.222346536986262,11.7837120887137,11.6010416255941));
#3638=CARTESIAN_POINT('Ctrl Pts',(0.301391191100446,4.83234115219618,15.8142018507538));
#3639=CARTESIAN_POINT('Ctrl Pts',(0.38043584521463,-3.28673172971568,16.2061062405547));
#3640=CARTESIAN_POINT('Ctrl Pts',(0.459480499328818,-10.6115951287053,12.6820512550728));
#3641=CARTESIAN_POINT('Ctrl Pts',(0.538525153443006,-15.372340010634,6.09357384068403));
#3642=CARTESIAN_POINT('Ctrl Pts',(0.617569807557195,-16.4185886887239,-1.96732290627265));
#3643=CARTESIAN_POINT('Ctrl Pts',(0.696614461671384,-13.4975397925663,-9.55284592444367));
#3644=CARTESIAN_POINT('Ctrl Pts',(0.775659115785571,-7.3150155965791,-14.8300701686484));
#3645=CARTESIAN_POINT('Ctrl Pts',(0.854703769899757,0.635069302292196,-16.5238350014518));
#3646=CARTESIAN_POINT('Ctrl Pts',(0.933748424013942,8.43169983859593,-14.2248682038268));
#3647=CARTESIAN_POINT('Ctrl Pts',(1.01279307812813,14.1909390269947,-8.48867983558677));
#3648=CARTESIAN_POINT('Ctrl Pts',(1.09183773224231,16.5211552404091,-0.701331997789016));
#3649=CARTESIAN_POINT('Ctrl Pts',(1.17088238635649,14.8592872511658,7.2554819818971));
#3650=CARTESIAN_POINT('Ctrl Pts',(1.24992704047067,9.60690009396926,13.4591198540486));
#3651=CARTESIAN_POINT('Ctrl Pts',(1.32897169458485,2.0331526414565,16.4105675384926));
#3652=CARTESIAN_POINT('Ctrl Pts',(1.40801634869904,-6.03187500165514,15.3966529008912));
#3653=CARTESIAN_POINT('Ctrl Pts',(1.48706100281323,-12.639392431606,10.662372886667));
#3654=CARTESIAN_POINT('Ctrl Pts',(1.56610565692742,-16.1927942479646,3.35169375616983));
#3655=CARTESIAN_POINT('Ctrl Pts',(1.64515031104161,-15.8334553246294,-4.76887083991913));
#3656=CARTESIAN_POINT('Ctrl Pts',(1.72419496515579,-11.6482044075547,-11.7371108318461));
#3657=CARTESIAN_POINT('Ctrl Pts',(1.80323961926998,-4.64834328548234,-15.8692577426053));
#3658=CARTESIAN_POINT('Ctrl Pts',(1.88228427338417,3.47471880328334,-16.166841554212));
#3659=CARTESIAN_POINT('Ctrl Pts',(1.96132892749835,10.7581683077416,-12.5579556960028));
#3660=CARTESIAN_POINT('Ctrl Pts',(2.04037358161253,15.4420711997526,-5.91463216629996));
#3661=CARTESIAN_POINT('Ctrl Pts',(2.11941823572672,16.3946340783841,2.15787164504772));
#3662=CARTESIAN_POINT('Ctrl Pts',(2.1984628898409,13.3856847123464,9.70895882071746));
#3663=CARTESIAN_POINT('Ctrl Pts',(2.27750754395508,7.14228963450126,14.914024788017));
#3664=CARTESIAN_POINT('Ctrl Pts',(2.35655219806926,-0.826930350859511,16.5153450704344));
#3665=CARTESIAN_POINT('Ctrl Pts',(2.43559685218345,-8.59633528120048,14.1259851456063));
#3666=CARTESIAN_POINT('Ctrl Pts',(2.51464150629764,-14.2885674418994,8.32329724682394));
#3667=CARTESIAN_POINT('Ctrl Pts',(2.59368616041183,-16.5281861066589,0.50941203788763));
#3668=CARTESIAN_POINT('Ctrl Pts',(2.67273081452602,-14.7740217244267,-7.42756478846638));
#3669=CARTESIAN_POINT('Ctrl Pts',(2.75177546864021,-9.44994125351193,-13.5697843352748));
#3670=CARTESIAN_POINT('Ctrl Pts',(2.83082012275439,-1.8424272025422,-16.4330733158478));
#3671=CARTESIAN_POINT('Ctrl Pts',(2.90986477686858,6.21028116553802,-15.3255617986963));
#3672=CARTESIAN_POINT('Ctrl Pts',(2.98890943098276,12.7623701991115,-10.5148629806349));
#3673=CARTESIAN_POINT('Ctrl Pts',(3.06795408509695,16.2306279270763,-3.16340855621078));
#3674=CARTESIAN_POINT('Ctrl Pts',(3.14699873921112,15.7770029851049,4.95243509888715));
#3675=CARTESIAN_POINT('Ctrl Pts',(3.22604339332531,11.5111068932543,11.8715986578375));
#3676=CARTESIAN_POINT('Ctrl Pts',(3.30508804743949,4.46372811082192,15.9221722121498));
#3677=CARTESIAN_POINT('Ctrl Pts',(3.38413270155367,-3.66224220853655,16.1253966961037));
#3678=CARTESIAN_POINT('Ctrl Pts',(3.46317735566787,-10.9032877846688,12.4321660254917));
#3679=CARTESIAN_POINT('Ctrl Pts',(3.54222200978205,-15.5097208491874,5.73489283081895));
#3680=CARTESIAN_POINT('Ctrl Pts',(3.62126666389624,-16.3684673986019,-2.3481293877476));
#3681=CARTESIAN_POINT('Ctrl Pts',(3.70031131801043,-13.2720244807685,-9.86376210087109));
#3682=CARTESIAN_POINT('Ctrl Pts',(3.77935597212462,-6.96860010541159,-14.9959677637542));
#3683=CARTESIAN_POINT('Ctrl Pts',(3.8584006262388,1.01867976277783,-16.504627476608));
#3684=CARTESIAN_POINT('Ctrl Pts',(3.93744528035299,8.7598112671576,-14.0251967246266));
#3685=CARTESIAN_POINT('Ctrl Pts',(4.01648993446717,14.3842685334898,-8.15679197706742));
#3686=CARTESIAN_POINT('Ctrl Pts',(4.09553458858136,16.5329876007415,-0.317423367797829));
#3687=CARTESIAN_POINT('Ctrl Pts',(4.17457924269553,14.6867634134904,7.5986457370282));
#3688=CARTESIAN_POINT('Ctrl Pts',(4.25362389680972,9.29170777205187,13.6786184711574));
#3689=CARTESIAN_POINT('Ctrl Pts',(4.3326685509239,1.65145324804081,16.4533625368869));
#3690=CARTESIAN_POINT('Ctrl Pts',(4.41171320503809,-6.38784966170133,15.252403525353));
#3691=CARTESIAN_POINT('Ctrl Pts',(4.49075785915228,-12.883626529263,10.365934789259));
#3692=CARTESIAN_POINT('Ctrl Pts',(4.56980251326646,-16.2662723560498,2.97469666344441));
#3693=CARTESIAN_POINT('Ctrl Pts',(4.64884716738065,-15.7184225825259,-5.13533135423974));
#3694=CARTESIAN_POINT('Ctrl Pts',(4.72789182149485,-11.3724567162596,-12.0044851966879));
#3695=CARTESIAN_POINT('Ctrl Pts',(4.80693647560903,-4.278510851284,-15.9729390375141));
#3696=CARTESIAN_POINT('Ctrl Pts',(4.88598112972322,3.84927163641351,-16.0817767821158));
#3697=CARTESIAN_POINT('Ctrl Pts',(4.96502578383739,11.0469365839545,-12.3046994563371));
#3698=CARTESIAN_POINT('Ctrl Pts',(5.04407043795158,15.5752784874857,-5.55437995081029));
#3699=CARTESIAN_POINT('Ctrl Pts',(5.12311509206576,16.3400928766193,2.538070405673));
#3700=CARTESIAN_POINT('Ctrl Pts',(5.20215974617995,13.1565740671922,10.0172349186381));
#3701=CARTESIAN_POINT('Ctrl Pts',(5.28120440029412,6.79397062458372,15.0758880253533));
#3702=CARTESIAN_POINT('Ctrl Pts',(5.36024905440832,-1.21029177122897,16.4916836747857));
#3703=CARTESIAN_POINT('Ctrl Pts',(5.43929370852249,-8.92210569588729,13.9225165308616));
#3704=CARTESIAN_POINT('Ctrl Pts',(5.5183383626367,-14.4780294193004,7.98918648765752));
#3705=CARTESIAN_POINT('Ctrl Pts',(5.59738301675086,-16.5355590615051,0.125391882416252));
#3706=CARTESIAN_POINT('Ctrl Pts',(5.67642767086508,-14.5975240950947,-7.76870175086067));
#3707=CARTESIAN_POINT('Ctrl Pts',(5.75547232497924,-9.13222098910601,-13.7856075820701));
#3708=CARTESIAN_POINT('Ctrl Pts',(5.83451697909345,-1.46025653913719,-16.4714324647435));
#3709=CARTESIAN_POINT('Ctrl Pts',(5.91356163320762,6.56455653999333,-15.177187948824));
#3710=CARTESIAN_POINT('Ctrl Pts',(5.99260628732181,13.0031450660327,-10.215608400502));
#3711=CARTESIAN_POINT('Ctrl Pts',(6.07165094143599,16.299722727288,-2.78558353208571));
#3712=CARTESIAN_POINT('Ctrl Pts',(6.15069559555017,15.6577220183083,5.31753493623514));
#3713=CARTESIAN_POINT('Ctrl Pts',(6.22974024966436,11.232272578313,12.1357525241402));
#3714=CARTESIAN_POINT('Ctrl Pts',(6.30878490377853,4.09271648965266,16.0215513710759));
#3715=CARTESIAN_POINT('Ctrl Pts',(6.38782955789273,-4.03578185964278,16.0359876958694));
#3716=CARTESIAN_POINT('Ctrl Pts',(6.46687421200691,-11.1890953297031,12.1755731817239));
#3717=CARTESIAN_POINT('Ctrl Pts',(6.5459188661211,-15.6387352719746,5.37311787454876));
#3718=CARTESIAN_POINT('Ctrl Pts',(6.62496352023529,-16.3095143397041,-2.72766907884462));
#3719=CARTESIAN_POINT('Ctrl Pts',(6.70400817434947,-13.0393490440146,-10.1693565730115));
#3720=CARTESIAN_POINT('Ctrl Pts',(6.78305282846367,-6.61842474671809,-15.1537747928603));
#3721=CARTESIAN_POINT('Ctrl Pts',(6.86209748257784,1.40174053084444,-16.4765154108775));
#3722=CARTESIAN_POINT('Ctrl Pts',(6.94114213669204,9.08319667648885,-13.817958414213));
#3723=CARTESIAN_POINT('Ctrl Pts',(7.0201867908062,14.5698374525001,-7.82050338587113));
#3724=CARTESIAN_POINT('Ctrl Pts',(7.09923144492041,16.5359001421009,0.0666565163073348));
#3725=CARTESIAN_POINT('Ctrl Pts',(7.17827609903457,14.5063158061842,7.9377098921507));
#3726=CARTESIAN_POINT('Ctrl Pts',(7.25732075314877,8.97150241686868,13.8907372369078));
#3727=CARTESIAN_POINT('Ctrl Pts',(7.33636540726294,1.26886286518313,16.4872806620757));
#3728=CARTESIAN_POINT('Ctrl Pts',(7.41541006137714,-6.74037796550682,15.0999252144773));
#3729=CARTESIAN_POINT('Ctrl Pts',(7.49445471549132,-13.1209096882983,10.0639040909688));
#3730=CARTESIAN_POINT('Ctrl Pts',(7.57349936960551,-16.3309745288756,2.59609467044513));
#3731=CARTESIAN_POINT('Ctrl Pts',(7.6525440237197,-15.5949094799789,-5.49902126854951));
#3732=CARTESIAN_POINT('Ctrl Pts',(7.73158867783389,-11.0905733879933,-12.2653829343495));
#3733=CARTESIAN_POINT('Ctrl Pts',(7.81063333194807,-3.90637008659019,-16.0680026558154));
#3734=CARTESIAN_POINT('Ctrl Pts',(7.88967798606226,4.22174772100384,-15.9880356135735));
#3735=CARTESIAN_POINT('Ctrl Pts',(7.96872264017645,11.3297448469928,-12.0448046187033));
#3736=CARTESIAN_POINT('Ctrl Pts',(8.04776729429063,15.7000826433575,-5.19113105136456));
#3737=CARTESIAN_POINT('Ctrl Pts',(8.12681194840481,16.2767359124076,2.91689983345983));
#3738=CARTESIAN_POINT('Ctrl Pts',(8.205856602519,12.9203652230002,10.3201065452341));
#3739=CARTESIAN_POINT('Ctrl Pts',(8.28490125663317,6.44198615012178,15.2296175606066));
#3740=CARTESIAN_POINT('Ctrl Pts',(8.36394591074736,-1.59300021827509,16.4591247308377));
#3741=CARTESIAN_POINT('Ctrl Pts',(8.44299056486154,-9.2430624803879,13.7115364778839));
#3742=CARTESIAN_POINT('Ctrl Pts',(8.52203521897574,-14.6596802496665,7.65076542433738));
#3743=CARTESIAN_POINT('Ctrl Pts',(8.60107987308992,-16.5340107965227,-0.258695924142266));
#3744=CARTESIAN_POINT('Ctrl Pts',(8.68012452720411,-14.4131508492857,-8.10564736442636));
#3745=CARTESIAN_POINT('Ctrl Pts',(8.75916918131829,-8.80957373368268,-13.9939932553759));
#3746=CARTESIAN_POINT('Ctrl Pts',(8.83821383543249,-1.07729804209796,-16.5009049912176));
#3747=CARTESIAN_POINT('Ctrl Pts',(8.91725848954667,6.91529022276758,-15.0206257438095));
#3748=CARTESIAN_POINT('Ctrl Pts',(8.99630314366085,13.2369045115117,-9.91084232312353));
#3749=CARTESIAN_POINT('Ctrl Pts',(9.07534779777503,16.3600235454486,-2.40625563751366));
#3750=CARTESIAN_POINT('Ctrl Pts',(9.15439245188922,15.529993439936,5.67976587160417));
#3751=CARTESIAN_POINT('Ctrl Pts',(9.2334371060034,10.9473782582356,12.3933589422647));
#3752=CARTESIAN_POINT('Ctrl Pts',(9.31248176011758,3.71949677721969,16.1122866262039));
#3753=CARTESIAN_POINT('Ctrl Pts',(9.39152641423177,-4.40714413670153,15.9379270031904));
#3754=CARTESIAN_POINT('Ctrl Pts',(9.47057106834595,-11.4688661644742,11.9124114058452));
#3755=CARTESIAN_POINT('Ctrl Pts',(9.54961572246015,-15.7593123268611,5.00844402834397));
#3756=CARTESIAN_POINT('Ctrl Pts',(9.62866037657434,-16.241762016016,-3.10573714534228));
#3757=CARTESIAN_POINT('Ctrl Pts',(9.70770503068852,-12.7996386531372,-10.4694645015673));
#3758=CARTESIAN_POINT('Ctrl Pts',(9.78674968480271,-6.26467863353408,-15.3034060986248));
#3759=CARTESIAN_POINT('Ctrl Pts',(9.8657943389169,1.78404503571063,-16.4395139803914));
#3760=CARTESIAN_POINT('Ctrl Pts',(9.94483899303108,9.40168154419602,-13.6032650764712));
#3761=CARTESIAN_POINT('Ctrl Pts',(10.0238836471453,14.747545692591,-7.47999549798039));
#3762=CARTESIAN_POINT('Ctrl Pts',(10.1029283012594,16.529891279351,0.450700438091886));
#3763=CARTESIAN_POINT('Ctrl Pts',(10.1819729553736,14.318041791354,8.27249151559027));
#3764=CARTESIAN_POINT('Ctrl Pts',(10.2610176094878,8.64645678013994,14.0953617099841));
#3765=CARTESIAN_POINT('Ctrl Pts',(10.340062263602,0.885587910766807,16.5123036143112));
#3766=CARTESIAN_POINT('Ctrl Pts',(10.4191069177162,-7.08926972256475,14.9393002333401));
#3767=CARTESIAN_POINT('Ctrl Pts',(10.4981515718304,-13.3511138828362,9.7564437419497));
#3768=CARTESIAN_POINT('Ctrl Pts',(10.5771962259446,-16.3868658722852,2.21609204063249));
#3769=CARTESIAN_POINT('Ctrl Pts',(10.6562408800587,-15.4629826282109,-5.85974436802715));
#3770=CARTESIAN_POINT('Ctrl Pts',(10.7352855341729,-10.8027065541121,-12.5196632818205));
#3771=CARTESIAN_POINT('Ctrl Pts',(10.8143301882871,-3.53212167055054,-16.1543973170882));
#3772=CARTESIAN_POINT('Ctrl Pts',(10.8933748424013,4.59194591219647,-15.8856686080471));
#3773=CARTESIAN_POINT('Ctrl Pts',(10.9724194965155,11.606440878875,-11.7784114308021));
#3774=CARTESIAN_POINT('Ctrl Pts',(11.0514641506297,15.8164156348499,-4.82508138923202));
#3775=CARTESIAN_POINT('Ctrl Pts',(11.1305088047439,16.2045987159549,3.29415543186427));
#3776=CARTESIAN_POINT('Ctrl Pts',(11.209553458858,12.6771830170371,10.61741051125));
#3777=CARTESIAN_POINT('Ctrl Pts',(11.2885981129722,6.08653113329038,15.3751300386941));
#3778=CARTESIAN_POINT('Ctrl Pts',(11.3676427670864,-1.97485890292438,16.4176866062528));
#3779=CARTESIAN_POINT('Ctrl Pts',(11.4466874212006,-9.55901377507315,13.4931572671642));
#3780=CARTESIAN_POINT('Ctrl Pts',(11.5257320753148,-14.8334580142841,7.30821962638608));
#3781=CARTESIAN_POINT('Ctrl Pts',(11.604776729429,-16.5234724991508,-0.642649923697983));
#3782=CARTESIAN_POINT('Ctrl Pts',(11.6838213835432,-14.2211359579737,-8.43820869530335));
#3783=CARTESIAN_POINT('Ctrl Pts',(11.7628660376573,-8.48191315005949,-14.1948506519624));
#3784=CARTESIAN_POINT('Ctrl Pts',(11.8419106917715,-0.694269016432072,-16.521431013747));
#3785=CARTESIAN_POINT('Ctrl Pts',(11.9209553458857,7.26335642278863,-14.8560641598236));
#3786=CARTESIAN_POINT('Ctrl Pts',(11.9736517819618,11.3949542566418,-11.3522601471553));
#3787=CARTESIAN_POINT('Ctrl Pts',(11.9999999999999,12.9202241036346,-9.21330753173685));
#3788=CARTESIAN_POINT('Ctrl Pts',(-0.220644027875377,-14.5122362241664,
-6.87846250759852));
#3789=CARTESIAN_POINT('Ctrl Pts',(-0.194295809837314,-13.3735016904096,
-9.28097390200375));
#3790=CARTESIAN_POINT('Ctrl Pts',(-0.141599373761189,-9.88119694243563,
-13.5072681147069));
#3791=CARTESIAN_POINT('Ctrl Pts',(-0.0625547196470014,-2.24986272819416,
-16.5832053140417));
#3792=CARTESIAN_POINT('Ctrl Pts',(0.0164899344671834,5.92286659987168,-15.6518721397278));
#3793=CARTESIAN_POINT('Ctrl Pts',(0.0955345885813664,12.665541497304,-10.9386071889847));
#3794=CARTESIAN_POINT('Ctrl Pts',(0.174579242695549,16.3472094427903,-3.58214137249548));
#3795=CARTESIAN_POINT('Ctrl Pts',(0.253623896809731,16.0791208540409,4.63986604693554));
#3796=CARTESIAN_POINT('Ctrl Pts',(0.332668550923913,11.9256054946185,11.7407354076473));
#3797=CARTESIAN_POINT('Ctrl Pts',(0.411713205038097,4.89052972124955,16.0046283433035));
#3798=CARTESIAN_POINT('Ctrl Pts',(0.490757859152282,-3.32630886431584,16.4012518443861));
#3799=CARTESIAN_POINT('Ctrl Pts',(0.569802513266469,-10.7393745044707,12.8347619996068));
#3800=CARTESIAN_POINT('Ctrl Pts',(0.648847167380656,-15.5574458299559,6.16694952568699));
#3801=CARTESIAN_POINT('Ctrl Pts',(0.727891821494848,-16.6162928970119,-1.99101239779992));
#3802=CARTESIAN_POINT('Ctrl Pts',(0.806936475609034,-13.6600702310295,-9.66787638633024));
#3803=CARTESIAN_POINT('Ctrl Pts',(0.885981129723224,-7.403099255568,-15.0086462531788));
#3804=CARTESIAN_POINT('Ctrl Pts',(0.965025783837408,0.642716480499655,-16.7228065317568));
#3805=CARTESIAN_POINT('Ctrl Pts',(1.04407043795159,8.53323003541828,-14.3961567572803));
#3806=CARTESIAN_POINT('Ctrl Pts',(1.12311509206577,14.3618190227352,-8.59089615625372));
#3807=CARTESIAN_POINT('Ctrl Pts',(1.20215974617996,16.7200945024086,-0.709777077326541));
#3808=CARTESIAN_POINT('Ctrl Pts',(1.28120440029414,15.0382151527907,7.34284876768935));
#3809=CARTESIAN_POINT('Ctrl Pts',(1.36024905440832,9.7225814483895,13.6211876593542));
#3810=CARTESIAN_POINT('Ctrl Pts',(1.43929370852251,2.05763482082822,16.6081751602112));
#3811=CARTESIAN_POINT('Ctrl Pts',(1.51833836263669,-6.10450774094248,15.5820514835444));
#3812=CARTESIAN_POINT('Ctrl Pts',(1.59738301675088,-12.7915895005081,10.7907637021016));
#3813=CARTESIAN_POINT('Ctrl Pts',(1.67642767086507,-16.3877795556216,3.39205313011179));
#3814=CARTESIAN_POINT('Ctrl Pts',(1.75547232497926,-16.0241136576181,-4.82629513208629));
#3815=CARTESIAN_POINT('Ctrl Pts',(1.83451697909344,-11.7884660995937,-11.8784430893618));
#3816=CARTESIAN_POINT('Ctrl Pts',(1.91356163320763,-4.70431624677215,-16.0603471899141));
#3817=CARTESIAN_POINT('Ctrl Pts',(1.99260628732182,3.51655958162614,-16.3615143528666));
#3818=CARTESIAN_POINT('Ctrl Pts',(2.071650941436,10.8877126424122,-12.709172145581));
#3819=CARTESIAN_POINT('Ctrl Pts',(2.15069559555019,15.6280166862225,-5.98585312760928));
#3820=CARTESIAN_POINT('Ctrl Pts',(2.22974024966437,16.5920498375634,2.18385562657373));
#3821=CARTESIAN_POINT('Ctrl Pts',(2.30878490377855,13.5468682494104,9.82586911388225));
#3822=CARTESIAN_POINT('Ctrl Pts',(2.38782955789273,7.22829341621016,15.0936118109337));
#3823=CARTESIAN_POINT('Ctrl Pts',(2.46687421200692,-0.836887821225899,16.7142143693527));
#3824=CARTESIAN_POINT('Ctrl Pts',(2.5459188661211,-8.69984793342466,14.2960830000838));
#3825=CARTESIAN_POINT('Ctrl Pts',(2.6249635202353,-14.4606230288458,8.42352211533894));
#3826=CARTESIAN_POINT('Ctrl Pts',(2.70400817434948,-16.727210030737,0.515546115886205));
#3827=CARTESIAN_POINT('Ctrl Pts',(2.78305282846367,-14.9519229023923,-7.51700370699047));
#3828=CARTESIAN_POINT('Ctrl Pts',(2.86209748257786,-9.56373259022878,-13.7331847053984));
#3829=CARTESIAN_POINT('Ctrl Pts',(2.94114213669204,-1.86461276418289,-16.6309519405727));
#3830=CARTESIAN_POINT('Ctrl Pts',(3.02018679080623,6.28506218017671,-15.5101043388272));
#3831=CARTESIAN_POINT('Ctrl Pts',(3.09923144492041,12.9160481030977,-10.6414775575791));
#3832=CARTESIAN_POINT('Ctrl Pts',(3.1782760990346,16.4260688084563,-3.20150069652531));
#3833=CARTESIAN_POINT('Ctrl Pts',(3.25732075314877,15.9669815480291,5.0120697775362));
#3834=CARTESIAN_POINT('Ctrl Pts',(3.33636540726296,11.6497177274738,12.0145503486472));
#3835=CARTESIAN_POINT('Ctrl Pts',(3.41541006137714,4.5174780310431,16.1138988283108));
#3836=CARTESIAN_POINT('Ctrl Pts',(3.49445471549133,-3.70634104736638,16.3195704370734));
#3837=CARTESIAN_POINT('Ctrl Pts',(3.57349936960552,-11.0345795735108,12.5818677804948));
#3838=CARTESIAN_POINT('Ctrl Pts',(3.6525440237197,-15.696480937974,5.80394946340958));
#3839=CARTESIAN_POINT('Ctrl Pts',(3.73158867783389,-16.5655680720691,-2.37640435524716));
#3840=CARTESIAN_POINT('Ctrl Pts',(3.81063333194808,-13.4318393797282,-9.98253645558971));
#3841=CARTESIAN_POINT('Ctrl Pts',(3.88967798606227,-7.05251240706165,-15.1765415018783));
#3842=CARTESIAN_POINT('Ctrl Pts',(3.96872264017645,1.03094618103199,-16.7033677197687));
#3843=CARTESIAN_POINT('Ctrl Pts',(4.04776729429064,8.86529241320244,-14.1940809367288));
#3844=CARTESIAN_POINT('Ctrl Pts',(4.12681194840482,14.5574765038052,-8.25501187468285));
#3845=CARTESIAN_POINT('Ctrl Pts',(4.205856602519,16.7320693419441,-0.321245616884678));
#3846=CARTESIAN_POINT('Ctrl Pts',(4.28490125663319,14.8636138717135,7.69014472442483));
#3847=CARTESIAN_POINT('Ctrl Pts',(4.36394591074737,9.40359374249333,13.8433293660208));
#3848=CARTESIAN_POINT('Ctrl Pts',(4.44299056486155,1.67133919945349,16.6514854739859));
#3849=CARTESIAN_POINT('Ctrl Pts',(4.52203521897574,-6.46476886492715,15.4360651311486));
#3850=CARTESIAN_POINT('Ctrl Pts',(4.60107987308992,-13.0387645396692,10.4907560494494));
#3851=CARTESIAN_POINT('Ctrl Pts',(4.68012452720412,-16.4621424493276,3.01051643211597));
#3852=CARTESIAN_POINT('Ctrl Pts',(4.7591691813183,-15.9076957503438,-5.1971683756144));
#3853=CARTESIAN_POINT('Ctrl Pts',(4.8382138354325,-11.5093979962931,-12.1490370389145));
#3854=CARTESIAN_POINT('Ctrl Pts',(4.91725848954667,-4.33003048043983,-16.1652769616996));
#3855=CARTESIAN_POINT('Ctrl Pts',(4.99630314366087,3.89562258750868,-16.2754252744955));
#3856=CARTESIAN_POINT('Ctrl Pts',(5.07534779777504,11.1799581178235,-12.4528663244132));
#3857=CARTESIAN_POINT('Ctrl Pts',(5.15439245188924,15.7628279876658,-5.62126294005651));
#3858=CARTESIAN_POINT('Ctrl Pts',(5.23343710600341,16.536851878673,2.56863254530911));
#3859=CARTESIAN_POINT('Ctrl Pts',(5.3124817601176,13.3149987715959,10.1378573141662));
#3860=CARTESIAN_POINT('Ctrl Pts',(5.39152641423178,6.8757801277591,15.2574241222005));
#3861=CARTESIAN_POINT('Ctrl Pts',(5.47057106834596,-1.22486548282895,16.690268055336));
#3862=CARTESIAN_POINT('Ctrl Pts',(5.54961572246015,-9.02954110804782,14.0901643208328));
#3863=CARTESIAN_POINT('Ctrl Pts',(5.62866037657433,-14.6523664100235,8.08538816609365));
#3864=CARTESIAN_POINT('Ctrl Pts',(5.70770503068853,-16.7346717669168,0.12690178703163));
#3865=CARTESIAN_POINT('Ctrl Pts',(5.78674968480272,-14.7732999793014,-7.86224846539249));
#3866=CARTESIAN_POINT('Ctrl Pts',(5.8657943389169,-9.24218650165962,-13.9516067848307));
#3867=CARTESIAN_POINT('Ctrl Pts',(5.9448389930311,-1.4778401980278,-16.6697729906285));
#3868=CARTESIAN_POINT('Ctrl Pts',(6.02388364714527,6.64360355664664,-15.3599438472966));
#3869=CARTESIAN_POINT('Ctrl Pts',(6.10292830125946,13.159722257244,-10.3386195075644));
#3870=CARTESIAN_POINT('Ctrl Pts',(6.18197295537364,16.4959956127478,-2.81912609760534));
#3871=CARTESIAN_POINT('Ctrl Pts',(6.26101760948783,15.846264261123,5.38156595951877));
#3872=CARTESIAN_POINT('Ctrl Pts',(6.340062263602,11.3675258329911,12.2818850200722));
#3873=CARTESIAN_POINT('Ctrl Pts',(6.41910691771619,4.14199887857626,16.2144746600026));
#3874=CARTESIAN_POINT('Ctrl Pts',(6.49815157183037,-4.08437867100767,16.2290848196012));
#3875=CARTESIAN_POINT('Ctrl Pts',(6.57719622594456,-11.3238286661401,12.3221851775526));
#3876=CARTESIAN_POINT('Ctrl Pts',(6.65624088005875,-15.8270488861462,5.43781819901425));
#3877=CARTESIAN_POINT('Ctrl Pts',(6.73528553417294,-16.5059051307291,-2.76051426827766));
#3878=CARTESIAN_POINT('Ctrl Pts',(6.81433018828713,-13.1963621849253,-10.2918107393338));
#3879=CARTESIAN_POINT('Ctrl Pts',(6.89337484240132,-6.69812041663656,-15.3362487621396));
#3880=CARTESIAN_POINT('Ctrl Pts',(6.9724194965155,1.41861957003165,-16.674917142988));
#3881=CARTESIAN_POINT('Ctrl Pts',(7.05146415062969,9.19257186346107,-13.9843471690707));
#3882=CARTESIAN_POINT('Ctrl Pts',(7.13050880474386,14.7452799483835,-7.91467386907348));
#3883=CARTESIAN_POINT('Ctrl Pts',(7.20955345885806,16.7350169546299,0.0674591598252131));
#3884=CARTESIAN_POINT('Ctrl Pts',(7.28859811297222,14.6809934070433,8.03329171587499));
#3885=CARTESIAN_POINT('Ctrl Pts',(7.36764276708643,9.07953263896074,14.058002356951));
#3886=CARTESIAN_POINT('Ctrl Pts',(7.44668742120059,1.28414185979974,16.6858120238094));
#3887=CARTESIAN_POINT('Ctrl Pts',(7.52573207531479,-6.82154213342019,15.2817507548045));
#3888=CARTESIAN_POINT('Ctrl Pts',(7.60477672942897,-13.2789049405775,10.1850884526891));
#3889=CARTESIAN_POINT('Ctrl Pts',(7.68382138354316,-16.5276237324713,2.62735550846184));
#3890=CARTESIAN_POINT('Ctrl Pts',(7.76286603765735,-15.7826953664833,-5.56523765699002));
#3891=CARTESIAN_POINT('Ctrl Pts',(7.84191069177154,-11.2241203738338,-12.4130763730706));
#3892=CARTESIAN_POINT('Ctrl Pts',(7.92095534588572,-3.95340858788233,-16.261485287244));
#3893=CARTESIAN_POINT('Ctrl Pts',(7.99999999999991,4.27258383771257,-16.1805553229706));
#3894=CARTESIAN_POINT('Ctrl Pts',(8.0790446541141,11.4661718126441,-12.1898419666917));
#3895=CARTESIAN_POINT('Ctrl Pts',(8.15808930822827,15.889134971052,-5.25363998401932));
#3896=CARTESIAN_POINT('Ctrl Pts',(8.23713396234247,16.4727320024543,2.95202364240362));
#3897=CARTESIAN_POINT('Ctrl Pts',(8.31617861645664,13.0759456218782,10.4443759652589));
#3898=CARTESIAN_POINT('Ctrl Pts',(8.39522327057083,6.51955723712312,15.4130047895233));
#3899=CARTESIAN_POINT('Ctrl Pts',(8.47426792468501,-1.61218230833943,16.6573170533154));
#3900=CARTESIAN_POINT('Ctrl Pts',(8.5533125787992,-9.35436268922355,13.8766437544694));
#3901=CARTESIAN_POINT('Ctrl Pts',(8.63235723291339,-14.8362045863475,7.74289201022689));
#3902=CARTESIAN_POINT('Ctrl Pts',(8.71140188702757,-16.7331048585231,-0.26181100752972));
#3903=CARTESIAN_POINT('Ctrl Pts',(8.79044654114176,-14.5867066056066,-8.20325140489703));
#3904=CARTESIAN_POINT('Ctrl Pts',(8.86949119525594,-8.91565409377897,-14.1625017313353));
#3905=CARTESIAN_POINT('Ctrl Pts',(8.94853584937014,-1.09027031155068,-16.699600410122));
#3906=CARTESIAN_POINT('Ctrl Pts',(9.02758050348432,6.99856059420412,-15.2014964006589));
#3907=CARTESIAN_POINT('Ctrl Pts',(9.10662515759851,13.396296513848,-10.0301835936863));
#3908=CARTESIAN_POINT('Ctrl Pts',(9.18566981171269,16.557022542375,-2.43523053144472));
#3909=CARTESIAN_POINT('Ctrl Pts',(9.26471446582686,15.7169976408433,5.74815869367894));
#3910=CARTESIAN_POINT('Ctrl Pts',(9.34375911994105,11.0792009619045,12.5425934023125));
#3911=CARTESIAN_POINT('Ctrl Pts',(9.42280377405524,3.76428504614534,16.3063025024485));
#3912=CARTESIAN_POINT('Ctrl Pts',(9.50184842816942,-4.46021270178202,16.1298433304495));
#3913=CARTESIAN_POINT('Ctrl Pts',(9.58089308228359,-11.606968357543,12.0558545427947));
#3914=CARTESIAN_POINT('Ctrl Pts',(9.65993773639781,-15.9490778679691,5.06875313774134));
#3915=CARTESIAN_POINT('Ctrl Pts',(9.73898239051197,-16.4373369683738,-3.14313483616158));
#3916=CARTESIAN_POINT('Ctrl Pts',(9.81802704462619,-12.9537653246964,-10.5955324133546));
#3917=CARTESIAN_POINT('Ctrl Pts',(9.89707169874034,-6.34011467453025,-15.4876818512));
#3918=CARTESIAN_POINT('Ctrl Pts',(9.97611635285456,1.80552758929805,-16.6374701602892));
#3919=CARTESIAN_POINT('Ctrl Pts',(10.0551610069687,9.51489176229153,-13.7670686044762));
#3920=CARTESIAN_POINT('Ctrl Pts',(10.1342056610829,14.925128059786,-7.57006576016693));
#3921=CARTESIAN_POINT('Ctrl Pts',(10.2132503151971,16.7289357362425,0.456127541174693));
#3922=CARTESIAN_POINT('Ctrl Pts',(10.2922949693113,14.4904522932711,8.3721046075963));
#3923=CARTESIAN_POINT('Ctrl Pts',(10.3713396234255,8.75057296969941,14.2650908127857));
#3924=CARTESIAN_POINT('Ctrl Pts',(10.4503842775397,0.896251705328397,16.7111362895776));
#3925=CARTESIAN_POINT('Ctrl Pts',(10.5294289316538,-7.17463506573838,15.1191916101816));
#3926=CARTESIAN_POINT('Ctrl Pts',(10.608473585768,-13.5118811357355,9.87392582413582));
#3927=CARTESIAN_POINT('Ctrl Pts',(10.6875182398822,-16.5841880907184,2.24277708224557));
#3928=CARTESIAN_POINT('Ctrl Pts',(10.7665628939964,-15.6491799193569,-5.93030439867377));
#3929=CARTESIAN_POINT('Ctrl Pts',(10.8456075481106,-10.9327871954595,-12.6704186338237));
#3930=CARTESIAN_POINT('Ctrl Pts',(10.9246522022248,-3.57465366472449,-16.3489202686338));
#3931=CARTESIAN_POINT('Ctrl Pts',(11.0036968563389,4.64723976529698,-16.0769556665649));
#3932=CARTESIAN_POINT('Ctrl Pts',(11.0827415104532,11.7461996759618,-11.9202410089081));
#3933=CARTESIAN_POINT('Ctrl Pts',(11.1617861645673,16.0068687846502,-4.88318253995021));
#3934=CARTESIAN_POINT('Ctrl Pts',(11.2408308186815,16.3997261669497,3.33382195887103));
#3935=CARTESIAN_POINT('Ctrl Pts',(11.3198754727957,12.8298351407503,10.7452599128637));
#3936=CARTESIAN_POINT('Ctrl Pts',(11.3989201269099,6.15982201362982,15.5602694541003));
#3937=CARTESIAN_POINT('Ctrl Pts',(11.4779647810241,-1.99863913905096,16.6153799521272));
#3938=CARTESIAN_POINT('Ctrl Pts',(11.5570094351382,-9.67411850704763,13.6556349335085));
#3939=CARTESIAN_POINT('Ctrl Pts',(11.6360540892524,-15.0120748935109,7.39622145179401));
#3940=CARTESIAN_POINT('Ctrl Pts',(11.7150987433666,-16.7224396643894,-0.6503883838531));
#3941=CARTESIAN_POINT('Ctrl Pts',(11.7941433974808,-14.3923795696404,-8.5398172684336));
#3942=CARTESIAN_POINT('Ctrl Pts',(11.873188051595,-8.58404798977639,-14.3657777494809));
#3943=CARTESIAN_POINT('Ctrl Pts',(11.9522327057092,-0.702629047177406,-16.7203735964673));
#3944=CARTESIAN_POINT('Ctrl Pts',(12.0312773598234,7.3508180285518,-15.0349532506388));
#3945=CARTESIAN_POINT('Ctrl Pts',(12.0839737958995,11.5321664404962,-11.4889582304817));
#3946=CARTESIAN_POINT('Ctrl Pts',(12.1103220139375,13.0758028032257,-9.32424944677046));
#3947=CARTESIAN_POINT('Ctrl Pts',(-0.110322013937726,-14.6849059159544,
-6.96030392630316));
#3948=CARTESIAN_POINT('Ctrl Pts',(-0.0839737958996628,-13.5326224750592,
-9.39140091534601));
#3949=CARTESIAN_POINT('Ctrl Pts',(-0.0312773598235371,-9.99876553794309,
-13.6679804808949));
#3950=CARTESIAN_POINT('Ctrl Pts',(0.0477672942906495,-2.27663207633886,
-16.7805158391878));
#3951=CARTESIAN_POINT('Ctrl Pts',(0.126811948404835,5.99333813399669,-15.8381014634879));
#3952=CARTESIAN_POINT('Ctrl Pts',(0.205856602519017,12.8162388200934,-11.0687570778603));
#3953=CARTESIAN_POINT('Ctrl Pts',(0.2849012566332,16.541712038564,-3.62476245701864));
#3954=CARTESIAN_POINT('Ctrl Pts',(0.363945910747381,16.2704336744226,4.69507216595722));
#3955=CARTESIAN_POINT('Ctrl Pts',(0.442990564861565,12.0674989005233,11.8804291897006));
#3956=CARTESIAN_POINT('Ctrl Pts',(0.522035218975747,4.94871829030292,16.1950548358532));
#3957=CARTESIAN_POINT('Ctrl Pts',(0.601079873089933,-3.365885998916,16.5963974482175));
#3958=CARTESIAN_POINT('Ctrl Pts',(0.680124527204119,-10.8671538802361,12.9874727441408));
#3959=CARTESIAN_POINT('Ctrl Pts',(0.759169181318308,-15.7425516492779,6.24032521068996));
#3960=CARTESIAN_POINT('Ctrl Pts',(0.838213835432498,-16.8139971053,-2.01470188932719));
#3961=CARTESIAN_POINT('Ctrl Pts',(0.917258489546686,-13.8226006694927,-9.7829068482168));
#3962=CARTESIAN_POINT('Ctrl Pts',(0.996303143660874,-7.49118291455689,-15.1872223377093));
#3963=CARTESIAN_POINT('Ctrl Pts',(1.07534779777506,0.650363658707102,-16.9217780620618));
#3964=CARTESIAN_POINT('Ctrl Pts',(1.15439245188925,8.63476023224065,-14.5674453107337));
#3965=CARTESIAN_POINT('Ctrl Pts',(1.23343710600343,14.5326990184758,-8.69311247692066));
#3966=CARTESIAN_POINT('Ctrl Pts',(1.31248176011761,16.9190337644081,-0.718222156864059));
#3967=CARTESIAN_POINT('Ctrl Pts',(1.39152641423179,15.2171430544156,7.43021555348159));
#3968=CARTESIAN_POINT('Ctrl Pts',(1.47057106834598,9.83826280280974,13.7832554646599));
#3969=CARTESIAN_POINT('Ctrl Pts',(1.54961572246015,2.08211700019996,16.8057827819298));
#3970=CARTESIAN_POINT('Ctrl Pts',(1.62866037657435,-6.17714048022983,15.7674500661977));
#3971=CARTESIAN_POINT('Ctrl Pts',(1.70770503068853,-12.9437865694101,10.9191545175362));
#3972=CARTESIAN_POINT('Ctrl Pts',(1.78674968480272,-16.5827648632786,3.43241250405376));
#3973=CARTESIAN_POINT('Ctrl Pts',(1.86579433891691,-16.2147719906068,-4.88371942425345));
#3974=CARTESIAN_POINT('Ctrl Pts',(1.9448389930311,-11.9287277916327,-12.0197753468775));
#3975=CARTESIAN_POINT('Ctrl Pts',(2.02388364714528,-4.76028920806197,-16.251436637223));
#3976=CARTESIAN_POINT('Ctrl Pts',(2.10292830125947,3.55840035996894,-16.5561871515212));
#3977=CARTESIAN_POINT('Ctrl Pts',(2.18197295537365,11.0172569770828,-12.8603885951593));
#3978=CARTESIAN_POINT('Ctrl Pts',(2.26101760948784,15.8139621726924,-6.05707408891861));
#3979=CARTESIAN_POINT('Ctrl Pts',(2.34006226360202,16.7894655967428,2.20983960809975));
#3980=CARTESIAN_POINT('Ctrl Pts',(2.4191069177162,13.7080517864744,9.94277940704703));
#3981=CARTESIAN_POINT('Ctrl Pts',(2.49815157183038,7.31429719791903,15.2731988338505));
#3982=CARTESIAN_POINT('Ctrl Pts',(2.57719622594457,-0.846845291592278,16.9130836682709));
#3983=CARTESIAN_POINT('Ctrl Pts',(2.65624088005875,-8.80336058564885,14.4661808545613));
#3984=CARTESIAN_POINT('Ctrl Pts',(2.73528553417295,-14.6326786157923,8.52374698385395));
#3985=CARTESIAN_POINT('Ctrl Pts',(2.81433018828713,-16.9262339548151,0.521680193884773));
#3986=CARTESIAN_POINT('Ctrl Pts',(2.89337484240132,-15.129824080358,-7.60644262551456));
#3987=CARTESIAN_POINT('Ctrl Pts',(2.97241949651551,-9.67752392694562,-13.896585075522));
#3988=CARTESIAN_POINT('Ctrl Pts',(3.0514641506297,-1.88679832582361,-16.8288305652976));
#3989=CARTESIAN_POINT('Ctrl Pts',(3.13050880474388,6.35984319481544,-15.694646878958));
#3990=CARTESIAN_POINT('Ctrl Pts',(3.20955345885806,13.0697260070838,-10.7680921345233));
#3991=CARTESIAN_POINT('Ctrl Pts',(3.28859811297225,16.6215096898363,-3.23959283683984));
#3992=CARTESIAN_POINT('Ctrl Pts',(3.36764276708643,16.1569601109533,5.07170445618527));
#3993=CARTESIAN_POINT('Ctrl Pts',(3.44668742120061,11.7883285616932,12.1575020394567));
#3994=CARTESIAN_POINT('Ctrl Pts',(3.5257320753148,4.57122795126428,16.3056254444718));
#3995=CARTESIAN_POINT('Ctrl Pts',(3.60477672942898,-3.75043988619622,16.5137441780432));
#3996=CARTESIAN_POINT('Ctrl Pts',(3.68382138354317,-11.1658713623528,12.7315695354978));
#3997=CARTESIAN_POINT('Ctrl Pts',(3.76286603765736,-15.8832410267606,5.8730060960002));
#3998=CARTESIAN_POINT('Ctrl Pts',(3.84191069177154,-16.7626687455363,-2.40467932274672));
#3999=CARTESIAN_POINT('Ctrl Pts',(3.92095534588574,-13.5916542786879,-10.1013108103083));
#4000=CARTESIAN_POINT('Ctrl Pts',(3.99999999999991,-7.13642470871169,-15.3571152400024));
#4001=CARTESIAN_POINT('Ctrl Pts',(4.07904465411411,1.04321259928614,-16.9021079629293));
#4002=CARTESIAN_POINT('Ctrl Pts',(4.15808930822829,8.97077355924729,-14.3629651488311));
#4003=CARTESIAN_POINT('Ctrl Pts',(4.23713396234247,14.7306844741205,-8.35323177229827));
#4004=CARTESIAN_POINT('Ctrl Pts',(4.31617861645666,16.9311510831467,-0.325067865971532));
#4005=CARTESIAN_POINT('Ctrl Pts',(4.39522327057084,15.0404643299366,7.78164371182147));
#4006=CARTESIAN_POINT('Ctrl Pts',(4.47426792468502,9.51547971293479,14.0080402608842));
#4007=CARTESIAN_POINT('Ctrl Pts',(4.5533125787992,1.69122515086619,16.8496084110849));
#4008=CARTESIAN_POINT('Ctrl Pts',(4.63235723291339,-6.541688068153,15.6197267369443));
#4009=CARTESIAN_POINT('Ctrl Pts',(4.71140188702758,-13.1939025500753,10.6155773096399));
#4010=CARTESIAN_POINT('Ctrl Pts',(4.79044654114177,-16.6580125426054,3.04633620078751));
#4011=CARTESIAN_POINT('Ctrl Pts',(4.86949119525595,-16.0969689181618,-5.25900539698904));
#4012=CARTESIAN_POINT('Ctrl Pts',(4.94853584937015,-11.6463392763266,-12.2935888811412));
#4013=CARTESIAN_POINT('Ctrl Pts',(5.02758050348433,-4.38155010959564,-16.357614885885));
#4014=CARTESIAN_POINT('Ctrl Pts',(5.10662515759852,3.94197353860382,-16.4690737668751));
#4015=CARTESIAN_POINT('Ctrl Pts',(5.18566981171269,11.3129796516926,-12.6010331924892));
#4016=CARTESIAN_POINT('Ctrl Pts',(5.26471446582689,15.950377487846,-5.68814592930273));
#4017=CARTESIAN_POINT('Ctrl Pts',(5.34375911994105,16.7336108807268,2.59919468494522));
#4018=CARTESIAN_POINT('Ctrl Pts',(5.42280377405525,13.4734234759996,10.2584797096943));
#4019=CARTESIAN_POINT('Ctrl Pts',(5.50184842816943,6.95758963093449,15.4389602190478));
#4020=CARTESIAN_POINT('Ctrl Pts',(5.58089308228362,-1.23943919442893,16.8888524358862));
#4021=CARTESIAN_POINT('Ctrl Pts',(5.6599377363978,-9.13697652020834,14.257812110804));
#4022=CARTESIAN_POINT('Ctrl Pts',(5.73898239051198,-14.8267034007467,8.18158984452979));
#4023=CARTESIAN_POINT('Ctrl Pts',(5.81802704462618,-16.9337844723285,0.128411691646999));
#4024=CARTESIAN_POINT('Ctrl Pts',(5.89707169874036,-14.949075863508,-7.9557951799243));
#4025=CARTESIAN_POINT('Ctrl Pts',(5.97611635285456,-9.35215201421324,-14.1176059875913));
#4026=CARTESIAN_POINT('Ctrl Pts',(6.05516100696873,-1.4954238569184,-16.8681135165135));
#4027=CARTESIAN_POINT('Ctrl Pts',(6.13420566108293,6.72265057329992,-15.5426997457693));
#4028=CARTESIAN_POINT('Ctrl Pts',(6.2132503151971,13.3162994484553,-10.4616306146267));
#4029=CARTESIAN_POINT('Ctrl Pts',(6.2922949693113,16.6922684982075,-2.85266866312497));
#4030=CARTESIAN_POINT('Ctrl Pts',(6.37133962342546,16.0348065039376,5.4455969828024));
#4031=CARTESIAN_POINT('Ctrl Pts',(6.45038427753967,11.5027790876691,12.4280175160042));
#4032=CARTESIAN_POINT('Ctrl Pts',(6.52942893165383,4.19128126749987,16.4073979489294));
#4033=CARTESIAN_POINT('Ctrl Pts',(6.60847358576803,-4.13297548237257,16.422181943333));
#4034=CARTESIAN_POINT('Ctrl Pts',(6.68751823988221,-11.458562002577,12.4687971733814));
#4035=CARTESIAN_POINT('Ctrl Pts',(6.7665628939964,-16.0153625003179,5.50251852347975));
#4036=CARTESIAN_POINT('Ctrl Pts',(6.84560754811059,-16.7022959217541,-2.79335945771071));
#4037=CARTESIAN_POINT('Ctrl Pts',(6.92465220222478,-13.3533753258361,-10.414264905656));
#4038=CARTESIAN_POINT('Ctrl Pts',(7.00369685633896,-6.77781608655505,-15.518722731419));
#4039=CARTESIAN_POINT('Ctrl Pts',(7.08274151045315,1.43549860921885,-16.8733188750985));
#4040=CARTESIAN_POINT('Ctrl Pts',(7.16178616456734,9.30194705043331,-14.1507359239285));
#4041=CARTESIAN_POINT('Ctrl Pts',(7.24083081868152,14.9207224442667,-8.00884435227581));
#4042=CARTESIAN_POINT('Ctrl Pts',(7.3198754727957,16.9341337671589,0.0682618033430809));
#4043=CARTESIAN_POINT('Ctrl Pts',(7.39892012690988,14.8556710079023,8.12887353959929));
#4044=CARTESIAN_POINT('Ctrl Pts',(7.47796478102407,9.18756286105281,14.2252674769942));
#4045=CARTESIAN_POINT('Ctrl Pts',(7.55700943513824,1.29942085441634,16.8843433855431));
#4046=CARTESIAN_POINT('Ctrl Pts',(7.63605408925244,-6.90270630133356,15.4635762951316));
#4047=CARTESIAN_POINT('Ctrl Pts',(7.71509874336662,-13.4369001928567,10.3062728144094));
#4048=CARTESIAN_POINT('Ctrl Pts',(7.79414339748081,-16.724272936067,2.65861634647856));
#4049=CARTESIAN_POINT('Ctrl Pts',(7.87318805159501,-15.9704812529877,-5.63145404543051));
#4050=CARTESIAN_POINT('Ctrl Pts',(7.95223270570917,-11.3576673596742,-12.5607698117917));
#4051=CARTESIAN_POINT('Ctrl Pts',(8.0312773598234,-4.00044708917446,-16.4549679186725));
#4052=CARTESIAN_POINT('Ctrl Pts',(8.11032201393754,4.3234199544213,-16.3730750323676));
#4053=CARTESIAN_POINT('Ctrl Pts',(8.18936666805176,11.6025987782954,-12.3348793146801));
#4054=CARTESIAN_POINT('Ctrl Pts',(8.26841132216592,16.0781872987464,-5.31614891667406));
#4055=CARTESIAN_POINT('Ctrl Pts',(8.34745597628011,16.6687280925011,2.9871474513474));
#4056=CARTESIAN_POINT('Ctrl Pts',(8.42650063039429,13.2315260207562,10.5686453852837));
#4057=CARTESIAN_POINT('Ctrl Pts',(8.50554528450848,6.59712832412447,15.5963920184401));
#4058=CARTESIAN_POINT('Ctrl Pts',(8.58458993862266,-1.63136439840377,16.855509375793));
#4059=CARTESIAN_POINT('Ctrl Pts',(8.66363459273685,-9.4656628980592,14.0417510310549));
#4060=CARTESIAN_POINT('Ctrl Pts',(8.74267924685104,-15.0127289230285,7.83501859611638));
#4061=CARTESIAN_POINT('Ctrl Pts',(8.82172390096522,-16.9321989205235,-0.264926090917175));
#4062=CARTESIAN_POINT('Ctrl Pts',(8.90076855507941,-14.7602623619275,-8.3008554453677));
#4063=CARTESIAN_POINT('Ctrl Pts',(8.9798132091936,-9.02173445387526,-14.3310102072947));
#4064=CARTESIAN_POINT('Ctrl Pts',(9.05885786330779,-1.10324258100339,-16.8982958290263));
#4065=CARTESIAN_POINT('Ctrl Pts',(9.13790251742197,7.08183096564068,-15.3823670575084));
#4066=CARTESIAN_POINT('Ctrl Pts',(9.21694717153615,13.5556885161843,-10.1495248642492));
#4067=CARTESIAN_POINT('Ctrl Pts',(9.29599182565034,16.7540215393015,-2.46420542537577));
#4068=CARTESIAN_POINT('Ctrl Pts',(9.37503647976451,15.9040018417506,5.81655151575368));
#4069=CARTESIAN_POINT('Ctrl Pts',(9.4540811338787,11.2110236655733,12.6918278623604));
#4070=CARTESIAN_POINT('Ctrl Pts',(9.53312578799288,3.809073315071,16.5003183786931));
#4071=CARTESIAN_POINT('Ctrl Pts',(9.61217044210707,-4.51328126686254,16.3217596577087));
#4072=CARTESIAN_POINT('Ctrl Pts',(9.69121509622125,-11.7450705506119,12.1992976797441));
#4073=CARTESIAN_POINT('Ctrl Pts',(9.77025975033544,-16.1388434090772,5.12906224713872));
#4074=CARTESIAN_POINT('Ctrl Pts',(9.84930440444964,-16.6329119207315,-3.1805325269809));
#4075=CARTESIAN_POINT('Ctrl Pts',(9.92834905856382,-13.1078919962555,-10.7216003251419));
#4076=CARTESIAN_POINT('Ctrl Pts',(10.007393712678,-6.41555071552642,-15.6719576037753));
#4077=CARTESIAN_POINT('Ctrl Pts',(10.0864383667922,1.82701014288545,-16.835426340187));
#4078=CARTESIAN_POINT('Ctrl Pts',(10.1654830209064,9.62810198038705,-13.9308721324812));
#4079=CARTESIAN_POINT('Ctrl Pts',(10.2445276750206,15.102710426981,-7.66013602235347));
#4080=CARTESIAN_POINT('Ctrl Pts',(10.3235723291347,16.9279801931339,0.461554644257498));
#4081=CARTESIAN_POINT('Ctrl Pts',(10.4026169832489,14.6628627951883,8.47171769960231));
#4082=CARTESIAN_POINT('Ctrl Pts',(10.4816616373631,8.8546891592589,14.4348199155873));
#4083=CARTESIAN_POINT('Ctrl Pts',(10.5607062914773,0.90691549988998,16.9099689648441));
#4084=CARTESIAN_POINT('Ctrl Pts',(10.6397509455915,-7.26000040891201,15.2990829870232));
#4085=CARTESIAN_POINT('Ctrl Pts',(10.7187955997057,-13.6726483886347,9.99140790632194));
#4086=CARTESIAN_POINT('Ctrl Pts',(10.7978402538198,-16.7815103091517,2.26946212385867));
#4087=CARTESIAN_POINT('Ctrl Pts',(10.8768849079341,-15.835377210503,-6.0008644293204));
#4088=CARTESIAN_POINT('Ctrl Pts',(10.9559295620482,-11.0628678368069,-12.8211739858269));
#4089=CARTESIAN_POINT('Ctrl Pts',(11.0349742161624,-3.61718565889844,-16.5434432201795));
#4090=CARTESIAN_POINT('Ctrl Pts',(11.1140188702766,4.70253361839748,-16.2682427250827));
#4091=CARTESIAN_POINT('Ctrl Pts',(11.1930635243908,11.8859584730487,-12.0620705870141));
#4092=CARTESIAN_POINT('Ctrl Pts',(11.272108178505,16.1973219344504,-4.94128369066839));
#4093=CARTESIAN_POINT('Ctrl Pts',(11.3511528326191,16.5948536179445,3.37348848587778));
#4094=CARTESIAN_POINT('Ctrl Pts',(11.4301974867333,12.9824872644634,10.8731093144774));
#4095=CARTESIAN_POINT('Ctrl Pts',(11.5092421408475,6.23311289396925,15.7454088695065));
#4096=CARTESIAN_POINT('Ctrl Pts',(11.5882867949617,-2.02241937517753,16.8130732980017));
#4097=CARTESIAN_POINT('Ctrl Pts',(11.6673314490759,-9.78922323902212,13.8181125998527));
#4098=CARTESIAN_POINT('Ctrl Pts',(11.7463761031901,-15.1906917727376,7.48422327720194));
#4099=CARTESIAN_POINT('Ctrl Pts',(11.8254207573043,-16.9214068296279,-0.658126844008202));
#4100=CARTESIAN_POINT('Ctrl Pts',(11.9044654114185,-14.5636231813071,-8.64142584156387));
#4101=CARTESIAN_POINT('Ctrl Pts',(11.9835100655326,-8.68618282949327,-14.5367048469993));
#4102=CARTESIAN_POINT('Ctrl Pts',(12.0625547196468,-0.71098907792275,-16.9193161791877));
#4103=CARTESIAN_POINT('Ctrl Pts',(12.141599373761,7.43827963431497,-15.2138423414539));
#4104=CARTESIAN_POINT('Ctrl Pts',(12.1942958098371,11.6693786243507,-11.6256563138081));
#4105=CARTESIAN_POINT('Ctrl Pts',(12.2206440278752,13.2313815028168,-9.43519136180406));
#4106=CARTESIAN_POINT('Ctrl Pts',(-7.46624984060418E-14,-14.8575756077425,
-7.0421453450078));
#4107=CARTESIAN_POINT('Ctrl Pts',(0.0263482180379883,-13.6917432597088,
-9.50182792868826));
#4108=CARTESIAN_POINT('Ctrl Pts',(0.0790446541141141,-10.1163341334506,
-13.8286928470829));
#4109=CARTESIAN_POINT('Ctrl Pts',(0.158089308228301,-2.30340142448356,-16.9778263643339));
#4110=CARTESIAN_POINT('Ctrl Pts',(0.237133962342486,6.06380966812169,-16.024330787248));
#4111=CARTESIAN_POINT('Ctrl Pts',(0.316178616456668,12.9669361428827,-11.198906966736));
#4112=CARTESIAN_POINT('Ctrl Pts',(0.395223270570851,16.7362146343377,-3.6673835415418));
#4113=CARTESIAN_POINT('Ctrl Pts',(0.474267924685033,16.4617464948043,4.7502782849789));
#4114=CARTESIAN_POINT('Ctrl Pts',(0.553312578799216,12.2093923064281,12.0201229717538));
#4115=CARTESIAN_POINT('Ctrl Pts',(0.632357232913398,5.00690685935629,16.3854813284029));
#4116=CARTESIAN_POINT('Ctrl Pts',(0.711401887027585,-3.40546313351616,16.7915430520489));
#4117=CARTESIAN_POINT('Ctrl Pts',(0.79044654114177,-10.9949332560015,13.1401834886747));
#4118=CARTESIAN_POINT('Ctrl Pts',(0.869491195255959,-15.9276574685998,6.31370089569295));
#4119=CARTESIAN_POINT('Ctrl Pts',(0.948535849370148,-17.011701313588,-2.03839138085446));
#4120=CARTESIAN_POINT('Ctrl Pts',(1.02758050348434,-13.9851311079559,-9.89793731010335));
#4121=CARTESIAN_POINT('Ctrl Pts',(1.10662515759853,-7.57926657354576,-15.3657984222397));
#4122=CARTESIAN_POINT('Ctrl Pts',(1.18566981171271,0.658010836914548,-17.1207495923668));
#4123=CARTESIAN_POINT('Ctrl Pts',(1.2647144658269,8.73629042906302,-14.7387338641872));
#4124=CARTESIAN_POINT('Ctrl Pts',(1.34375911994107,14.7035790142164,-8.7953287975876));
#4125=CARTESIAN_POINT('Ctrl Pts',(1.42280377405526,17.1179730264076,-0.726667236401588));
#4126=CARTESIAN_POINT('Ctrl Pts',(1.50184842816944,15.3960709560405,7.51758233927384));
#4127=CARTESIAN_POINT('Ctrl Pts',(1.58089308228363,9.95394415722996,13.9453232699656));
#4128=CARTESIAN_POINT('Ctrl Pts',(1.65993773639781,2.1065991795717,17.0033904036484));
#4129=CARTESIAN_POINT('Ctrl Pts',(1.738982390512,-6.24977321951718,15.9528486488509));
#4130=CARTESIAN_POINT('Ctrl Pts',(1.81802704462618,-13.0959836383121,11.0475453329708));
#4131=CARTESIAN_POINT('Ctrl Pts',(1.89707169874037,-16.7777501709356,3.47277187799574));
#4132=CARTESIAN_POINT('Ctrl Pts',(1.97611635285456,-16.4054303235955,-4.94114371642063));
#4133=CARTESIAN_POINT('Ctrl Pts',(2.05516100696875,-12.0689894836717,-12.1611076043931));
#4134=CARTESIAN_POINT('Ctrl Pts',(2.13420566108293,-4.8162621693518,-16.4425260845319));
#4135=CARTESIAN_POINT('Ctrl Pts',(2.21325031519713,3.60024113831174,-16.7508599501759));
#4136=CARTESIAN_POINT('Ctrl Pts',(2.2922949693113,11.1468013117534,-13.0116050447375));
#4137=CARTESIAN_POINT('Ctrl Pts',(2.37133962342549,15.9999076591623,-6.12829505022794));
#4138=CARTESIAN_POINT('Ctrl Pts',(2.45038427753967,16.9868813559222,2.23582358962578));
#4139=CARTESIAN_POINT('Ctrl Pts',(2.52942893165385,13.8692353235384,10.0596897002118));
#4140=CARTESIAN_POINT('Ctrl Pts',(2.60847358576803,7.40030097962791,15.4527858567672));
#4141=CARTESIAN_POINT('Ctrl Pts',(2.68751823988222,-0.856802761958656,17.1119529671892));
#4142=CARTESIAN_POINT('Ctrl Pts',(2.7665628939964,-8.90687323787305,14.6362787090387));
#4143=CARTESIAN_POINT('Ctrl Pts',(2.8456075481106,-14.8047342027387,8.62397185236895));
#4144=CARTESIAN_POINT('Ctrl Pts',(2.92465220222478,-17.1252578788932,0.52781427188335));
#4145=CARTESIAN_POINT('Ctrl Pts',(3.00369685633898,-15.3077252583237,-7.69588154403865));
#4146=CARTESIAN_POINT('Ctrl Pts',(3.08274151045316,-9.79131526366245,-14.0599854456456));
#4147=CARTESIAN_POINT('Ctrl Pts',(3.16178616456735,-1.90898388746433,-17.0267091900225));
#4148=CARTESIAN_POINT('Ctrl Pts',(3.24083081868153,6.43462420945415,-15.8791894190888));
#4149=CARTESIAN_POINT('Ctrl Pts',(3.31987547279572,13.22340391107,-10.8947067114675));
#4150=CARTESIAN_POINT('Ctrl Pts',(3.3989201269099,16.8169505712163,-3.27768497715437));
#4151=CARTESIAN_POINT('Ctrl Pts',(3.47796478102408,16.3469386738776,5.13133913483432));
#4152=CARTESIAN_POINT('Ctrl Pts',(3.55700943513826,11.9269393959126,12.3004537302664));
#4153=CARTESIAN_POINT('Ctrl Pts',(3.63605408925245,4.62497787148545,16.4973520606328));
#4154=CARTESIAN_POINT('Ctrl Pts',(3.71509874336663,-3.79453872502605,16.7079179190129));
#4155=CARTESIAN_POINT('Ctrl Pts',(3.79414339748082,-11.2971631511949,12.8812712905008));
#4156=CARTESIAN_POINT('Ctrl Pts',(3.873188051595,-16.0700011155472,5.94206272859084));
#4157=CARTESIAN_POINT('Ctrl Pts',(3.9522327057092,-16.9597694190036,-2.43295429024628));
#4158=CARTESIAN_POINT('Ctrl Pts',(4.03127735982338,-13.7514691776476,-10.220085165027));
#4159=CARTESIAN_POINT('Ctrl Pts',(4.11032201393757,-7.22033701036175,-15.5376889781266));
#4160=CARTESIAN_POINT('Ctrl Pts',(4.18936666805176,1.05547901754029,-17.1008482060899));
#4161=CARTESIAN_POINT('Ctrl Pts',(4.26841132216594,9.07625470529215,-14.5318493609333));
#4162=CARTESIAN_POINT('Ctrl Pts',(4.34745597628013,14.9038924444357,-8.4514516699137));
#4163=CARTESIAN_POINT('Ctrl Pts',(4.4265006303943,17.1302328243493,-0.328890115058367));
#4164=CARTESIAN_POINT('Ctrl Pts',(4.50554528450849,15.2173147881597,7.87314269921809));
#4165=CARTESIAN_POINT('Ctrl Pts',(4.58458993862267,9.62736568337627,14.1727511557476));
#4166=CARTESIAN_POINT('Ctrl Pts',(4.66363459273686,1.71111110227886,17.0477313481839));
#4167=CARTESIAN_POINT('Ctrl Pts',(4.74267924685104,-6.61860727137883,15.8033883427399));
#4168=CARTESIAN_POINT('Ctrl Pts',(4.82172390096523,-13.3490405604815,10.7403985698304));
#4169=CARTESIAN_POINT('Ctrl Pts',(4.90076855507942,-16.8538826358832,3.08215596945907));
#4170=CARTESIAN_POINT('Ctrl Pts',(4.9798132091936,-16.2862420859797,-5.32084241836372));
#4171=CARTESIAN_POINT('Ctrl Pts',(5.05885786330781,-11.7832805563602,-12.4381407233678));
#4172=CARTESIAN_POINT('Ctrl Pts',(5.13790251742197,-4.43306973875146,-16.5499528100705));
#4173=CARTESIAN_POINT('Ctrl Pts',(5.21694717153618,3.98832448969897,-16.6627222592547));
#4174=CARTESIAN_POINT('Ctrl Pts',(5.29599182565034,11.4460011855616,-12.7492000605653));
#4175=CARTESIAN_POINT('Ctrl Pts',(5.37503647976454,16.1379269880261,-5.75502891854894));
#4176=CARTESIAN_POINT('Ctrl Pts',(5.45408113387871,16.9303698827806,2.62975682458134));
#4177=CARTESIAN_POINT('Ctrl Pts',(5.53312578799289,13.6318481804033,10.3791021052223));
#4178=CARTESIAN_POINT('Ctrl Pts',(5.61217044210709,7.03939913410987,15.620496315895));
#4179=CARTESIAN_POINT('Ctrl Pts',(5.69121509622125,-1.25401290602891,17.0874368164365));
#4180=CARTESIAN_POINT('Ctrl Pts',(5.77025975033546,-9.24441193236885,14.4254599007752));
#4181=CARTESIAN_POINT('Ctrl Pts',(5.84930440444963,-15.0010403914698,8.27779152296591));
#4182=CARTESIAN_POINT('Ctrl Pts',(5.92834905856383,-17.1328971777403,0.12992159626238));
#4183=CARTESIAN_POINT('Ctrl Pts',(6.00739371267801,-15.1248517477147,-8.04934189445613));
#4184=CARTESIAN_POINT('Ctrl Pts',(6.08643836679221,-9.46211752676685,-14.2836051903519));
#4185=CARTESIAN_POINT('Ctrl Pts',(6.16548302090638,-1.51300751580902,-17.0664540423985));
#4186=CARTESIAN_POINT('Ctrl Pts',(6.24452767502058,6.80169758995322,-15.7254556442419));
#4187=CARTESIAN_POINT('Ctrl Pts',(6.32357232913476,13.4728766396666,-10.5846417216891));
#4188=CARTESIAN_POINT('Ctrl Pts',(6.40261698324894,16.8885413836673,-2.8862112286446));
#4189=CARTESIAN_POINT('Ctrl Pts',(6.48166163736313,16.2233487467523,5.50962800608603));
#4190=CARTESIAN_POINT('Ctrl Pts',(6.5607062914773,11.6380323423472,12.5741500119362));
#4191=CARTESIAN_POINT('Ctrl Pts',(6.6397509455915,4.24056365642344,16.6003212378561));
#4192=CARTESIAN_POINT('Ctrl Pts',(6.71879559970567,-4.18157229373744,16.6152790670648));
#4193=CARTESIAN_POINT('Ctrl Pts',(6.79784025381987,-11.593295339014,12.6154091692102));
#4194=CARTESIAN_POINT('Ctrl Pts',(6.87688490793404,-16.2036761144895,5.56721884794525));
#4195=CARTESIAN_POINT('Ctrl Pts',(6.95592956204825,-16.8986867127791,-2.82620464714376));
#4196=CARTESIAN_POINT('Ctrl Pts',(7.03497421616242,-13.5103884667468,-10.5367190719783));
#4197=CARTESIAN_POINT('Ctrl Pts',(7.11401887027662,-6.85751175647353,-15.7011967006984));
#4198=CARTESIAN_POINT('Ctrl Pts',(7.1930635243908,1.45237764840607,-17.071720607209));
#4199=CARTESIAN_POINT('Ctrl Pts',(7.27210817850498,9.41132223740553,-14.3171246787863));
#4200=CARTESIAN_POINT('Ctrl Pts',(7.35115283261918,15.0961649401501,-8.10301483547814));
#4201=CARTESIAN_POINT('Ctrl Pts',(7.43019748673334,17.1332505796879,0.0690644468609487));
#4202=CARTESIAN_POINT('Ctrl Pts',(7.50924214084754,15.0303486087613,8.22445536332359));
#4203=CARTESIAN_POINT('Ctrl Pts',(7.58828679496171,9.29559308314487,14.3925325970374));
#4204=CARTESIAN_POINT('Ctrl Pts',(7.66733144907591,1.31469984903295,17.0828747472768));
#4205=CARTESIAN_POINT('Ctrl Pts',(7.74637610319008,-6.98387046924695,15.6454018354588));
#4206=CARTESIAN_POINT('Ctrl Pts',(7.82542075730428,-13.5948954451359,10.4274571761297));
#4207=CARTESIAN_POINT('Ctrl Pts',(7.90446541141846,-16.9209221396627,2.68987718449528));
#4208=CARTESIAN_POINT('Ctrl Pts',(7.98351006553266,-16.158267139492,-5.69767043387102));
#4209=CARTESIAN_POINT('Ctrl Pts',(8.06255471964684,-11.4912143455147,-12.7084632505127));
#4210=CARTESIAN_POINT('Ctrl Pts',(8.14159937376104,-4.04748559046659,-16.6484505501011));
#4211=CARTESIAN_POINT('Ctrl Pts',(8.2206440278752,4.37425607113003,-16.5655947417645));
#4212=CARTESIAN_POINT('Ctrl Pts',(8.29968868198941,11.7390257439468,-12.4799166626685));
#4213=CARTESIAN_POINT('Ctrl Pts',(8.37873333610358,16.2672396264409,-5.37865784932881));
#4214=CARTESIAN_POINT('Ctrl Pts',(8.45777799021776,16.8647241825478,3.0222712602912));
#4215=CARTESIAN_POINT('Ctrl Pts',(8.53682264433195,13.3871064196342,10.6929148053085));
#4216=CARTESIAN_POINT('Ctrl Pts',(8.61586729844612,6.67469941112582,15.7797792473568));
#4217=CARTESIAN_POINT('Ctrl Pts',(8.69491195256032,-1.65054648846812,17.0537016982707));
#4218=CARTESIAN_POINT('Ctrl Pts',(8.77395660667448,-9.57696310689484,14.2068583076404));
#4219=CARTESIAN_POINT('Ctrl Pts',(8.8530012607887,-15.1892532597096,7.92714518200587));
#4220=CARTESIAN_POINT('Ctrl Pts',(8.93204591490287,-17.1312929825239,-0.268041174304623));
#4221=CARTESIAN_POINT('Ctrl Pts',(9.01109056901706,-14.9338181182485,-8.39845948583837));
#4222=CARTESIAN_POINT('Ctrl Pts',(9.09013522313126,-9.12781481397155,-14.4995186832542));
#4223=CARTESIAN_POINT('Ctrl Pts',(9.16917987724543,-1.11621485045611,-17.0969912479307));
#4224=CARTESIAN_POINT('Ctrl Pts',(9.24822453135963,7.16510133707722,-15.5632377143578));
#4225=CARTESIAN_POINT('Ctrl Pts',(9.3272691854738,13.7150805185207,-10.268866134812));
#4226=CARTESIAN_POINT('Ctrl Pts',(9.406313839588,16.9510205362279,-2.49318031930682));
#4227=CARTESIAN_POINT('Ctrl Pts',(9.48535849370216,16.0910060426579,5.88494433782845));
#4228=CARTESIAN_POINT('Ctrl Pts',(9.56440314781636,11.3428463692421,12.8410623224082));
#4229=CARTESIAN_POINT('Ctrl Pts',(9.64344780193054,3.85386158399665,16.6943342549378));
#4230=CARTESIAN_POINT('Ctrl Pts',(9.72249245604472,-4.56634983194303,16.5136759849678));
#4231=CARTESIAN_POINT('Ctrl Pts',(9.80153711015891,-11.8831727436807,12.3427408166936));
#4232=CARTESIAN_POINT('Ctrl Pts',(9.88058176427309,-16.3286089501852,5.18937135653611));
#4233=CARTESIAN_POINT('Ctrl Pts',(9.95962641838729,-16.8284868730893,-3.21793021780022));
#4234=CARTESIAN_POINT('Ctrl Pts',(10.0386710725015,-13.2620186678146,-10.8476682369292));
#4235=CARTESIAN_POINT('Ctrl Pts',(10.1177157266156,-6.49098675652259,-15.8562333563506));
#4236=CARTESIAN_POINT('Ctrl Pts',(10.1967603807299,1.84849269647286,-17.0333825200847));
#4237=CARTESIAN_POINT('Ctrl Pts',(10.275805034844,9.74131219848258,-14.0946756604862));
#4238=CARTESIAN_POINT('Ctrl Pts',(10.3548496889582,15.280292794176,-7.75020628453999));
#4239=CARTESIAN_POINT('Ctrl Pts',(10.4338943430724,17.1270246500254,0.466981747340287));
#4240=CARTESIAN_POINT('Ctrl Pts',(10.5129389971866,14.8352732971054,8.57133079160834));
#4241=CARTESIAN_POINT('Ctrl Pts',(10.5919836513008,8.95880534881837,14.6045490183888));
#4242=CARTESIAN_POINT('Ctrl Pts',(10.6710283054149,0.917579294451579,17.1088016401105));
#4243=CARTESIAN_POINT('Ctrl Pts',(10.7500729595291,-7.34536575208566,15.4789743638647));
#4244=CARTESIAN_POINT('Ctrl Pts',(10.8291176136433,-13.833415641534,10.1088899885081));
#4245=CARTESIAN_POINT('Ctrl Pts',(10.9081622677575,-16.9788325275849,2.29614716547177));
#4246=CARTESIAN_POINT('Ctrl Pts',(10.9872069218717,-16.0215745016491,-6.07142445996704));
#4247=CARTESIAN_POINT('Ctrl Pts',(11.0662515759859,-11.1929484781543,-12.9719293378302));
#4248=CARTESIAN_POINT('Ctrl Pts',(11.1452962301001,-3.6597176530724,-16.7379661717252));
#4249=CARTESIAN_POINT('Ctrl Pts',(11.2243408842142,4.75782747149799,-16.4595297836005));
#4250=CARTESIAN_POINT('Ctrl Pts',(11.3033855383285,12.0257172701355,-12.20390016512));
#4251=CARTESIAN_POINT('Ctrl Pts',(11.3824301924426,16.3877750842507,-4.99938484138659));
#4252=CARTESIAN_POINT('Ctrl Pts',(11.4614748465568,16.7899810689393,3.41315501288454));
#4253=CARTESIAN_POINT('Ctrl Pts',(11.540519500671,13.1351393881765,11.0009587160912));
#4254=CARTESIAN_POINT('Ctrl Pts',(11.6195641547852,6.30640377430868,15.9305482849127));
#4255=CARTESIAN_POINT('Ctrl Pts',(11.6986088088994,-2.04619961130411,17.0107666438761));
#4256=CARTESIAN_POINT('Ctrl Pts',(11.7776534630135,-9.9043279709966,13.980590266197));
#4257=CARTESIAN_POINT('Ctrl Pts',(11.8566981171277,-15.3693086519643,7.57222510260988));
#4258=CARTESIAN_POINT('Ctrl Pts',(11.9357427712419,-17.1203739948665,-0.665865304163324));
#4259=CARTESIAN_POINT('Ctrl Pts',(12.0147874253561,-14.7348667929738,-8.74303441469411));
#4260=CARTESIAN_POINT('Ctrl Pts',(12.0938320794703,-8.78831766921016,-14.7076319445177));
#4261=CARTESIAN_POINT('Ctrl Pts',(12.1728767335845,-0.719349108668084,-17.118258761908));
#4262=CARTESIAN_POINT('Ctrl Pts',(12.2519213876987,7.52574124007814,-15.3927314322691));
#4263=CARTESIAN_POINT('Ctrl Pts',(12.3046178237748,11.8065908082051,-11.7623543971345));
#4264=CARTESIAN_POINT('Ctrl Pts',(12.3309660418129,13.3869602024079,-9.54613327683767));
#4265=CARTESIAN_POINT('Ctrl Pts',(11.1795559337179,-0.000161948708619138,
-16.4407151638544));
#4266=CARTESIAN_POINT('Ctrl Pts',(11.19448425055,1.54236966629313,-16.4401779333537));
#4267=CARTESIAN_POINT('Ctrl Pts',(11.2094125673821,3.08504824092845,-16.2248144765098));
#4268=CARTESIAN_POINT('Ctrl Pts',(11.2243408842143,4.56621825050926,-15.7966642452078));
#4269=CARTESIAN_POINT('Ctrl Pts',(11.2506891022523,7.18045740437719,-15.0409865774403));
#4270=CARTESIAN_POINT('Ctrl Pts',(11.2770373202904,9.60308733725631,-13.6224433712802));
#4271=CARTESIAN_POINT('Ctrl Pts',(11.3033855383284,11.5414119393817,-11.7124192142446));
#4272=CARTESIAN_POINT('Ctrl Pts',(11.3297337563665,13.4797365415072,-9.80239505720894));
#4273=CARTESIAN_POINT('Ctrl Pts',(11.3560819744046,14.9337558128789,-7.40088994929776));
#4274=CARTESIAN_POINT('Ctrl Pts',(11.3824301924426,15.7277997793462,-4.79804741963031));
#4275=CARTESIAN_POINT('Ctrl Pts',(11.4087784104807,16.5218437458135,-2.19520488996285));
#4276=CARTESIAN_POINT('Ctrl Pts',(11.4351266285187,16.6559124073764,0.608975061460885));
#4277=CARTESIAN_POINT('Ctrl Pts',(11.4614748465568,16.1138064580307,3.27569898770721));
#4278=CARTESIAN_POINT('Ctrl Pts',(11.4878230645949,15.571700508685,5.94242291395346));
#4279=CARTESIAN_POINT('Ctrl Pts',(11.5141712826329,14.3534199484307,8.47169081502231));
#4280=CARTESIAN_POINT('Ctrl Pts',(11.540519500671,12.6061570659923,10.557923027027));
#4281=CARTESIAN_POINT('Ctrl Pts',(11.5668677187091,10.8588941835539,12.6441552390316));
#4282=CARTESIAN_POINT('Ctrl Pts',(11.5932159367471,8.58264897893132,14.2873517619721));
#4283=CARTESIAN_POINT('Ctrl Pts',(11.6195641547852,6.05242581235126,15.2889864166029));
#4284=CARTESIAN_POINT('Ctrl Pts',(11.6459123728232,3.52220264577114,16.2906210712338));
#4285=CARTESIAN_POINT('Ctrl Pts',(11.6722605908613,0.738001517233518,16.650693857555));
#4286=CARTESIAN_POINT('Ctrl Pts',(11.6986088088994,-1.96378710698405,16.3257008544357));
#4287=CARTESIAN_POINT('Ctrl Pts',(11.7249570269374,-4.66557573120163,16.0007078513164));
#4288=CARTESIAN_POINT('Ctrl Pts',(11.7513052449755,-7.28495185109915,14.9906490587567));
#4289=CARTESIAN_POINT('Ctrl Pts',(11.7776534630135,-9.50547002454255,13.417558801879));
#4290=CARTESIAN_POINT('Ctrl Pts',(11.8040016810516,-11.7259881979859,11.8444685450013));
#4291=CARTESIAN_POINT('Ctrl Pts',(11.8303498990897,-13.5476484249751,9.70834682380557));
#4292=CARTESIAN_POINT('Ctrl Pts',(11.8566981171277,-14.7503227622868,7.2672708954122));
#4293=CARTESIAN_POINT('Ctrl Pts',(11.8830463351658,-15.9529970995984,4.82619496701884));
#4294=CARTESIAN_POINT('Ctrl Pts',(11.9093945532039,-16.5366855472324,2.0801648314278));
#4295=CARTESIAN_POINT('Ctrl Pts',(11.9357427712419,-16.4309452374007,-0.63904508812283));
#4296=CARTESIAN_POINT('Ctrl Pts',(11.9571618474946,-16.3449864922592,-2.84955376577615));
#4297=CARTESIAN_POINT('Ctrl Pts',(11.9785809237472,-15.8034228628152,-5.0423384635494));
#4298=CARTESIAN_POINT('Ctrl Pts',(11.9999999999999,-14.8577850026726,-7.04265641231913));
#4299=CARTESIAN_POINT('',(-7.41615970023535E-14,12.9203362711924,-9.21382864123979));
#4300=CARTESIAN_POINT('Ctrl Pts',(-7.38801381183762E-14,12.9203362711924,
-9.21382864123976));
#4301=CARTESIAN_POINT('Ctrl Pts',(-7.37512820548989E-14,12.7199293059915,
-9.50608492739259));
#4302=CARTESIAN_POINT('Ctrl Pts',(-7.33541721589104E-14,12.5100560260362,
-9.79111802253506));
#4303=CARTESIAN_POINT('Ctrl Pts',(-7.32140043036011E-14,12.2910354401247,
-10.0684257095427));
#4304=CARTESIAN_POINT('Ctrl Pts',(-7.31592374481743E-14,12.2054589808314,
-10.1767763008361));
#4305=CARTESIAN_POINT('Ctrl Pts',(-7.33348985470128E-14,12.1184855188353,
-10.2839473064996));
#4306=CARTESIAN_POINT('Ctrl Pts',(-7.32851279661162E-14,12.0301320898486,
-10.3899079406963));
#4307=CARTESIAN_POINT('Ctrl Pts',(-7.31644274614123E-14,11.8057580464537,
-10.6589955834519));
#4308=CARTESIAN_POINT('Ctrl Pts',(-7.32189093369434E-14,11.572487657831,
-10.9202795426048));
#4309=CARTESIAN_POINT('Ctrl Pts',(-7.31047167246146E-14,11.3308572452198,
-11.1734858146342));
#4310=CARTESIAN_POINT('Ctrl Pts',(-7.29896656487337E-14,11.0874103324159,
-11.4285956104666));
#4311=CARTESIAN_POINT('Ctrl Pts',(-7.24728455687464E-14,10.8354768161475,
-11.6755061941596));
#4312=CARTESIAN_POINT('Ctrl Pts',(-7.22963355848094E-14,10.5755630056526,
-11.9139046665411));
#4313=CARTESIAN_POINT('Ctrl Pts',(-7.21194850923156E-14,10.3151477907923,
-12.1527630376658));
#4314=CARTESIAN_POINT('Ctrl Pts',(-7.22998121523789E-14,10.0467210074777,
-12.3830767917928));
#4315=CARTESIAN_POINT('Ctrl Pts',(-7.22200077518664E-14,9.77075627718533,
-12.6044929371775));
#4316=CARTESIAN_POINT('Ctrl Pts',(-7.21405258843833E-14,9.49590687060815,
-12.8250142193759));
#4317=CARTESIAN_POINT('Ctrl Pts',(-7.23216380064138E-14,9.2135798460187,
-13.0367100000823));
#4318=CARTESIAN_POINT('Ctrl Pts',(-7.22269466457703E-14,8.92421483029354,
-13.2391884387836));
#4319=CARTESIAN_POINT('Ctrl Pts',(-7.22024281748098E-14,8.84928943385986,
-13.2916162599248));
#4320=CARTESIAN_POINT('Ctrl Pts',(-7.16311746094666E-14,8.77389204873728,
-13.343425864625));
#4321=CARTESIAN_POINT('Ctrl Pts',(-7.1581629512707E-14,8.69803005670965,
-13.3946099339873));
#4322=CARTESIAN_POINT('Ctrl Pts',(-7.15553073088879E-14,8.65772627395676,
-13.4218028873603));
#4323=CARTESIAN_POINT('Ctrl Pts',(-7.15912938550582E-14,8.61729135155903,
-13.4488192759309));
#4324=CARTESIAN_POINT('Ctrl Pts',(-7.15746906188031E-14,8.5767263862223,
-13.4756579765099));
#4325=CARTESIAN_POINT('Ctrl Pts',(-7.15578001386137E-14,8.53545962756908,
-13.5029609994551));
#4326=CARTESIAN_POINT('Ctrl Pts',(-7.14257384347423E-14,8.49405332143033,
-13.5300832956461));
#4327=CARTESIAN_POINT('Ctrl Pts',(-7.14150960590132E-14,8.45253677151341,
-13.5570055782103));
#4328=CARTESIAN_POINT('Ctrl Pts',(-7.13386533228932E-14,8.15432904508951,
-13.75038466895));
#4329=CARTESIAN_POINT('Ctrl Pts',(-7.16371524009973E-14,7.85021250664326,
-13.9335988858737));
#4330=CARTESIAN_POINT('Ctrl Pts',(-7.15399961492835E-14,7.54072084953526,
-14.1063702280041));
#4331=CARTESIAN_POINT('Ctrl Pts',(-7.14425014180925E-14,7.23015096459888,
-14.279743482544));
#4332=CARTESIAN_POINT('Ctrl Pts',(-7.12806482430263E-14,6.91416798036666,
-14.4426013353711));
#4333=CARTESIAN_POINT('Ctrl Pts',(-7.11930514540882E-14,6.59327560229276,
-14.5946244028502));
#4334=CARTESIAN_POINT('Ctrl Pts',(-7.11105932084447E-14,6.29120719479655,
-14.7377295964722));
#4335=CARTESIAN_POINT('Ctrl Pts',(-7.09797851775861E-14,5.9847878545557,
-14.8712338017871));
#4336=CARTESIAN_POINT('Ctrl Pts',(-7.09154956979319E-14,5.67441462572695,
-14.994835294022));
#4337=CARTESIAN_POINT('Ctrl Pts',(-7.08492741997368E-14,5.3451708044324,
-15.1259517172221));
#4338=CARTESIAN_POINT('Ctrl Pts',(-7.10035829481489E-14,5.01147742390781,
-15.2459253477041));
#4339=CARTESIAN_POINT('Ctrl Pts',(-7.09571290613553E-14,4.67392265255433,
-15.3547111710051));
#4340=CARTESIAN_POINT('Ctrl Pts',(-7.09106375636091E-14,4.33609458315425,
-15.4635850717251));
#4341=CARTESIAN_POINT('Ctrl Pts',(-7.02704244744739E-14,3.99439829647284,
-15.5612531445215));
#4342=CARTESIAN_POINT('Ctrl Pts',(-7.01522173685021E-14,3.64941012715367,
-15.6476197562844));
#4343=CARTESIAN_POINT('Ctrl Pts',(-7.00708961317814E-14,3.41207359520499,
-15.7070361477288));
#4344=CARTESIAN_POINT('Ctrl Pts',(-7.02223595372186E-14,3.17317879408946,
-15.7611027032222));
#4345=CARTESIAN_POINT('Ctrl Pts',(-7.02077285197333E-14,2.93291187979061,
-15.8097740240266));
#4346=CARTESIAN_POINT('Ctrl Pts',(-7.0204956595502E-14,2.88739203249389,
-15.8189950651225));
#4347=CARTESIAN_POINT('Ctrl Pts',(-7.07520564852405E-14,2.84182293474958,
-15.8280224192887));
#4348=CARTESIAN_POINT('Ctrl Pts',(-7.07489622442381E-14,2.79620585235369,
-15.8368557298907));
#4349=CARTESIAN_POINT('Ctrl Pts',(-7.07466855004432E-14,2.76264078447299,
-15.8433552834437));
#4350=CARTESIAN_POINT('Ctrl Pts',(-7.03892781331324E-14,2.72905012738045,
-15.8497496761825));
#4351=CARTESIAN_POINT('Ctrl Pts',(-7.03881397612349E-14,2.69544787066861,
-15.8560363336421));
#4352=CARTESIAN_POINT('Ctrl Pts',(-7.03763310046293E-14,2.3468791192737,
-15.9212501780551));
#4353=CARTESIAN_POINT('Ctrl Pts',(-7.05131407566065E-14,1.99669273190425,
-15.9749475059656));
#4354=CARTESIAN_POINT('Ctrl Pts',(-7.05269176393131E-14,1.64548827539704,
-16.0171565119442));
#4355=CARTESIAN_POINT('Ctrl Pts',(-7.0540841530298E-14,1.29053623944008,
-16.0598159154063));
#4356=CARTESIAN_POINT('Ctrl Pts',(-7.01189455896795E-14,0.934543745719985,
-16.0907406692117));
#4357=CARTESIAN_POINT('Ctrl Pts',(-7.01383395806943E-14,0.578111210692295,
-16.1099101362673));
#4358=CARTESIAN_POINT('Ctrl Pts',(-7.01577389732531E-14,0.221579403366665,
-16.1290849423335));
#4359=CARTESIAN_POINT('Ctrl Pts',(-7.03689402935113E-14,-0.135393273403381,
-16.1364979934062));
#4360=CARTESIAN_POINT('Ctrl Pts',(-7.03326286100037E-14,-0.492215810762703,
-16.132077472012));
#4361=CARTESIAN_POINT('Ctrl Pts',(-7.02966034702429E-14,-0.846222580387628,
-16.1276918339568));
#4362=CARTESIAN_POINT('Ctrl Pts',(-7.0380363692155E-14,-1.20008213970113,
-16.111658667208));
#4363=CARTESIAN_POINT('Ctrl Pts',(-7.04158953368506E-14,-1.55321851288436,
-16.0838568608793));
#4364=CARTESIAN_POINT('Ctrl Pts',(-7.0436751526029E-14,-1.76050075574113,
-16.0675378940186));
#4365=CARTESIAN_POINT('Ctrl Pts',(-7.04269027700281E-14,-1.96753381153107,
-16.0471632018411));
#4366=CARTESIAN_POINT('Ctrl Pts',(-7.04158953368506E-14,-2.17420019303726,
-16.0226999560039));
#4367=CARTESIAN_POINT('Ctrl Pts',(-7.04249537085901E-14,-2.50769113835396,
-15.9832243967944));
#4368=CARTESIAN_POINT('Ctrl Pts',(-7.05440995225985E-14,-2.84022802652547,
-15.9331044511696));
#4369=CARTESIAN_POINT('Ctrl Pts',(-7.05824287905443E-14,-3.17134856836231,
-15.8724905989727));
#4370=CARTESIAN_POINT('Ctrl Pts',(-7.05920057050876E-14,-3.25408203296124,
-15.8573456793397));
#4371=CARTESIAN_POINT('Ctrl Pts',(-7.06834070119005E-14,-3.33672701215828,
-15.8415454409952));
#4372=CARTESIAN_POINT('Ctrl Pts',(-7.06934510930068E-14,-3.41927615533889,
-15.8250918577228));
#4373=CARTESIAN_POINT('Ctrl Pts',(-7.06987408603481E-14,-3.46275108918537,
-15.8164264928656));
#4374=CARTESIAN_POINT('Ctrl Pts',(-7.04093753910578E-14,-3.50620291043811,
-15.8075791446727));
#4375=CARTESIAN_POINT('Ctrl Pts',(-7.04158953368506E-14,-3.54960478719277,
-15.7985555708686));
#4376=CARTESIAN_POINT('Ctrl Pts',(-7.04680348085223E-14,-3.89668603533174,
-15.726394791363));
#4377=CARTESIAN_POINT('Ctrl Pts',(-7.07709539394121E-14,-4.24089247015819,
-15.6429069557195));
#4378=CARTESIAN_POINT('Ctrl Pts',(-7.08599845467006E-14,-4.58170997093344,
-15.5484217885543));
#4379=CARTESIAN_POINT('Ctrl Pts',(-7.09499579741373E-14,-4.92613667551345,
-15.4529360383085));
#4380=CARTESIAN_POINT('Ctrl Pts',(-7.0310512095875E-14,-5.26710282217994,
-15.3462186862875));
#4381=CARTESIAN_POINT('Ctrl Pts',(-7.04158953368506E-14,-5.60407580740682,
-15.2285566442582));
#4382=CARTESIAN_POINT('Ctrl Pts',(-7.05218567780201E-14,-5.94289764301641,
-15.1102490326404));
#4383=CARTESIAN_POINT('Ctrl Pts',(-7.10275489766847E-14,-6.27768293519867,
-14.9808761416752));
#4384=CARTESIAN_POINT('Ctrl Pts',(-7.10820291516256E-14,-6.60788004384412,
-14.8406780955427));
#4385=CARTESIAN_POINT('Ctrl Pts',(-7.1136367506243E-14,-6.93721759833385,
-14.700845006613));
#4386=CARTESIAN_POINT('Ctrl Pts',(-7.11714538452348E-14,-7.26199136732194,
-14.5502428287092));
#4387=CARTESIAN_POINT('Ctrl Pts',(-7.12208070297038E-14,-7.58163565382844,
-14.3890616436062));
#4388=CARTESIAN_POINT('Ctrl Pts',(-7.126980655923E-14,-7.89898943399617,
-14.2290354502917));
#4389=CARTESIAN_POINT('Ctrl Pts',(-7.12168861417873E-14,-8.21128749174366,
-14.0585810817348));
#4390=CARTESIAN_POINT('Ctrl Pts',(-7.12485626053194E-14,-8.51795028384781,
-13.8778404844642));
#4391=CARTESIAN_POINT('Ctrl Pts',(-7.12681292507968E-14,-8.70737680010373,
-13.7661964814468));
#4392=CARTESIAN_POINT('Ctrl Pts',(-7.20496740553007E-14,-8.8946526024328,
-13.6506268440487));
#4393=CARTESIAN_POINT('Ctrl Pts',(-7.21089854494039E-14,-9.07963480634569,
-13.5311571151826));
#4394=CARTESIAN_POINT('Ctrl Pts',(-7.21235802364799E-14,-9.12515347809132,
-13.5017591338808));
#4395=CARTESIAN_POINT('Ctrl Pts',(-7.14157731367641E-14,-9.17053324540325,
-13.4721249714742));
#4396=CARTESIAN_POINT('Ctrl Pts',(-7.14150960590132E-14,-9.21577192814559,
-13.4422549545883));
#4397=CARTESIAN_POINT('Ctrl Pts',(-7.14144345001584E-14,-9.25997372196667,
-13.413069570581));
#4398=CARTESIAN_POINT('Ctrl Pts',(-7.19265010766552E-14,-9.3040452327121,
-13.3836559839665));
#4399=CARTESIAN_POINT('Ctrl Pts',(-7.19424519957101E-14,-9.34795827337942,
-13.3540322961582));
#4400=CARTESIAN_POINT('Ctrl Pts',(-7.19765191370928E-14,-9.44174545641292,
-13.2907635680449));
#4401=CARTESIAN_POINT('Ctrl Pts',(-7.18580544204493E-14,-9.53482967947267,
-13.2265236765746));
#4402=CARTESIAN_POINT('Ctrl Pts',(-7.18869408444789E-14,-9.62719406552286,
-13.1613202213841));
#4403=CARTESIAN_POINT('Ctrl Pts',(-7.1919229609393E-14,-9.91903716130009,
-12.9552973262841));
#4404=CARTESIAN_POINT('Ctrl Pts',(-7.17227958986948E-14,-10.2036955774023,
-12.7396581039289));
#4405=CARTESIAN_POINT('Ctrl Pts',(-7.18314296932476E-14,-10.4808570858403,
-12.5149184522002));
#4406=CARTESIAN_POINT('Ctrl Pts',(-7.19408998352829E-14,-10.7601523992399,
-12.2884485797543));
#4407=CARTESIAN_POINT('Ctrl Pts',(-7.25016149867613E-14,-11.0318353339831,
-12.0527372409557));
#4408=CARTESIAN_POINT('Ctrl Pts',(-7.26085858104852E-14,-11.2955573459191,
-11.8082675170556));
#4409=CARTESIAN_POINT('Ctrl Pts',(-7.27158014759665E-14,-11.5598829818958,
-11.563238235));
#4410=CARTESIAN_POINT('Ctrl Pts',(-7.24264204028903E-14,-11.8162116081462,
-11.3094100109644));
#4411=CARTESIAN_POINT('Ctrl Pts',(-7.24975635080227E-14,-12.0641571831033,
-11.0472304124868));
#4412=CARTESIAN_POINT('Ctrl Pts',(-7.25247470487712E-14,-12.1588963518213,
-10.9470524713443));
#4413=CARTESIAN_POINT('Ctrl Pts',(-7.25592005275917E-14,-12.252411217694,
-10.845654877691));
#4414=CARTESIAN_POINT('Ctrl Pts',(-7.2553074659254E-14,-12.3446787075877,
-10.7430613037104));
#4415=CARTESIAN_POINT('Ctrl Pts',(-7.25501293926794E-14,-12.3890401497409,
-10.6937351661654));
#4416=CARTESIAN_POINT('Ctrl Pts',(-7.27052499383969E-14,-12.4331132344176,
-10.6441325551323));
#4417=CARTESIAN_POINT('Ctrl Pts',(-7.27196081129478E-14,-12.476895322018,
-10.5942560483492));
#4418=CARTESIAN_POINT('Ctrl Pts',(-7.27289284271508E-14,-12.505315565236,
-10.5618797380513));
#4419=CARTESIAN_POINT('Ctrl Pts',(-7.36064721293628E-14,-12.5336065142095,
-10.5293956153993));
#4420=CARTESIAN_POINT('Ctrl Pts',(-7.36077865326479E-14,-12.5617666526669,
-10.4968056643895));
#4421=CARTESIAN_POINT('Ctrl Pts',(-7.36188390821354E-14,-12.7985595208951,
-10.2227634047352));
#4422=CARTESIAN_POINT('Ctrl Pts',(-7.29866081272036E-14,-13.0261285011531,
-9.94121575513634));
#4423=CARTESIAN_POINT('Ctrl Pts',(-7.31081861715666E-14,-13.2441327581601,
-9.65265952082955));
#4424=CARTESIAN_POINT('Ctrl Pts',(-7.32298295984838E-14,-13.4622542540589,
-9.36394810600673));
#4425=CARTESIAN_POINT('Ctrl Pts',(-7.3458715556791E-14,-13.6708011185902,
-9.06822012527988));
#4426=CARTESIAN_POINT('Ctrl Pts',(-7.36632976838791E-14,-13.869394988336,
-8.76593635162528));
#4427=CARTESIAN_POINT('Ctrl Pts',(-7.38662229141997E-14,-14.0663804598041,
-8.46610075374534));
#4428=CARTESIAN_POINT('Ctrl Pts',(-7.39606393090278E-14,-14.2535738202124,
-8.15981465598395));
#4429=CARTESIAN_POINT('Ctrl Pts',(-7.42184091961917E-14,-14.4305643097249,
-7.84749833828888));
#4430=CARTESIAN_POINT('Ctrl Pts',(-7.44364787887727E-14,-14.5802957014066,
-7.58328325519483));
#4431=CARTESIAN_POINT('Ctrl Pts',(-7.44538745621473E-14,-14.7227244068496,
-7.31475176481444));
#4432=CARTESIAN_POINT('Ctrl Pts',(-7.46069872548105E-14,-14.8575756077425,
-7.0421453450078));
#4433=CARTESIAN_POINT('Ctrl Pts',(-7.4158344395836E-14,12.9203362711924,
-9.21382864123978));
#4434=CARTESIAN_POINT('Ctrl Pts',(0.0214190762525831,14.1584070272113,-7.47392311080461));
#4435=CARTESIAN_POINT('Ctrl Pts',(0.0691863705433011,16.1361880346508,-3.03290492450414));
#4436=CARTESIAN_POINT('Ctrl Pts',(0.14330188287208,15.8878080336592,4.58465992791385));
#4437=CARTESIAN_POINT('Ctrl Pts',(0.222346536986262,11.7837120887137,11.6010416255941));
#4438=CARTESIAN_POINT('Ctrl Pts',(0.301391191100446,4.83234115219618,15.8142018507538));
#4439=CARTESIAN_POINT('Ctrl Pts',(0.38043584521463,-3.28673172971568,16.2061062405547));
#4440=CARTESIAN_POINT('Ctrl Pts',(0.459480499328818,-10.6115951287053,12.6820512550728));
#4441=CARTESIAN_POINT('Ctrl Pts',(0.538525153443006,-15.372340010634,6.09357384068403));
#4442=CARTESIAN_POINT('Ctrl Pts',(0.617569807557195,-16.4185886887239,-1.96732290627265));
#4443=CARTESIAN_POINT('Ctrl Pts',(0.696614461671384,-13.4975397925663,-9.55284592444367));
#4444=CARTESIAN_POINT('Ctrl Pts',(0.773621156453969,-7.4744157865005,-14.6940107663528));
#4445=CARTESIAN_POINT('Ctrl Pts',(0.82427963319849,-2.42314079265668,-15.8683350902448));
#4446=CARTESIAN_POINT('Ctrl Pts',(0.848589891904949,0.00020099401341029,
-15.8698731960572));
#4447=CARTESIAN_POINT('Origin',(-1.84858989190509,0.,-8.14612282563361E-16));
#4448=CARTESIAN_POINT('',(-8.18789480661053E-14,12.9202241036363,9.21330753173452));
#4449=CARTESIAN_POINT('Origin',(-7.7715611723761E-14,0.,-3.45126646034193E-29));
#4450=CARTESIAN_POINT('Ctrl Pts',(-8.24340595784179E-14,12.9202241036363,
9.2133075317345));
#4451=CARTESIAN_POINT('Ctrl Pts',(0.0263482180379785,11.3949542566439,11.3522601471533));
#4452=CARTESIAN_POINT('Ctrl Pts',(0.0790446541141003,7.26335725261739,14.8560646919353));
#4453=CARTESIAN_POINT('Ctrl Pts',(0.158089308228285,-0.694269497218111,
16.5214307007694));
#4454=CARTESIAN_POINT('Ctrl Pts',(0.237133962342472,-8.48191285376524,14.1948507937419));
#4455=CARTESIAN_POINT('Ctrl Pts',(0.316178616456659,-14.221136116494,8.43820860387297));
#4456=CARTESIAN_POINT('Ctrl Pts',(0.395223270570849,-16.5234723794579,0.642649967027409));
#4457=CARTESIAN_POINT('Ctrl Pts',(0.474267924685037,-14.8334580593517,-7.3082196422862));
#4458=CARTESIAN_POINT('Ctrl Pts',(0.553312578799226,-9.55901373051531,-13.4931572409832));
#4459=CARTESIAN_POINT('Ctrl Pts',(0.612359973269183,-3.89355050864209,-15.6778190679518));
#4460=CARTESIAN_POINT('Ctrl Pts',(0.645059149701077,-0.633634290349185,
-15.8693008570033));
#4461=CARTESIAN_POINT('Ctrl Pts',(0.65141010809491,-0.000406433933656525,
-15.8686645756017));
#4462=CARTESIAN_POINT('Ctrl Pts',(-0.330966041813036,13.3869602024097,9.54613327683518));
#4463=CARTESIAN_POINT('Ctrl Pts',(-0.304617823774975,11.8065908082073,11.7623543971323));
#4464=CARTESIAN_POINT('Ctrl Pts',(-0.251921387698853,7.5257420998841,15.392731983603));
#4465=CARTESIAN_POINT('Ctrl Pts',(-0.172876733584668,-0.719349606822195,
17.1182584376243));
#4466=CARTESIAN_POINT('Ctrl Pts',(-0.0938320794704817,-8.78831736221236,
14.7076320914189));
#4467=CARTESIAN_POINT('Ctrl Pts',(-0.0147874253562936,-14.7348669572206,
8.74303431996094));
#4468=CARTESIAN_POINT('Ctrl Pts',(0.0642572287578949,-17.1203738708497,
0.665865349058058));
#4469=CARTESIAN_POINT('Ctrl Pts',(0.143301882872084,-15.36930869866,-7.5722251190843));
#4470=CARTESIAN_POINT('Ctrl Pts',(0.222346536986272,-9.9043279248292,-13.9805902390702));
#4471=CARTESIAN_POINT('Ctrl Pts',(0.30139119110046,-2.04619962984076,-17.0107666333328));
#4472=CARTESIAN_POINT('Ctrl Pts',(0.380435845214644,6.30640377955839,-15.9305482650335));
#4473=CARTESIAN_POINT('Ctrl Pts',(0.459480499328828,13.1351393681881,-11.000958706782));
#4474=CARTESIAN_POINT('Ctrl Pts',(0.53852515344301,16.7899810554778,-3.41315500838689));
#4475=CARTESIAN_POINT('Ctrl Pts',(0.617569807557191,16.3877750654771,4.99938483574197));
#4476=CARTESIAN_POINT('Ctrl Pts',(0.696614461671374,12.0257172589944,12.2039001529451));
#4477=CARTESIAN_POINT('Ctrl Pts',(0.775659115785556,4.75782746601979,16.4595297666469));
#4478=CARTESIAN_POINT('Ctrl Pts',(0.854703769899742,-3.65971764899046,16.7379661547194));
#4479=CARTESIAN_POINT('Ctrl Pts',(0.93374842401393,-11.192948466914,12.9719293245483));
#4480=CARTESIAN_POINT('Ctrl Pts',(1.01279307812812,-16.0215744851905,6.07142445379464));
#4481=CARTESIAN_POINT('Ctrl Pts',(1.09183773224231,-16.9788325103092,-2.29614716313636));
#4482=CARTESIAN_POINT('Ctrl Pts',(1.1708823863565,-13.8334156273845,-10.10888997818));
#4483=CARTESIAN_POINT('Ctrl Pts',(1.24992704047068,-7.34536574460687,-15.4789743480657));
#4484=CARTESIAN_POINT('Ctrl Pts',(1.32897169458487,0.917579293520679,-17.1088016226443));
#4485=CARTESIAN_POINT('Ctrl Pts',(1.40801634869906,8.95880533966571,-14.6045490034831));
#4486=CARTESIAN_POINT('Ctrl Pts',(1.48706100281324,14.8352732819626,-8.57133078286101));
#4487=CARTESIAN_POINT('Ctrl Pts',(1.56610565692742,17.1270246325407,-0.466981746867008));
#4488=CARTESIAN_POINT('Ctrl Pts',(1.6451503110416,15.28029277858,7.75020627662595));
#4489=CARTESIAN_POINT('Ctrl Pts',(1.72419496515578,9.74131218854084,14.0946756460965));
#4490=CARTESIAN_POINT('Ctrl Pts',(1.80323961926996,1.84849269458932,17.0333825026967));
#4491=CARTESIAN_POINT('Ctrl Pts',(1.88228427338415,-6.4909867498938,15.8562333401658));
#4492=CARTESIAN_POINT('Ctrl Pts',(1.96132892749834,-13.2620186542747,10.8476682258583));
#4493=CARTESIAN_POINT('Ctrl Pts',(2.04037358161253,-16.8284868559102,3.21793021451845));
#4494=CARTESIAN_POINT('Ctrl Pts',(2.11941823572672,-16.3286089335179,-5.18937135123574));
#4495=CARTESIAN_POINT('Ctrl Pts',(2.19846288984091,-11.8831727315527,-12.342740804092));
#4496=CARTESIAN_POINT('Ctrl Pts',(2.2775075439551,-4.56634982728459,-16.5136759681098));
#4497=CARTESIAN_POINT('Ctrl Pts',(2.35655219806928,3.85386158005965,-16.6943342378969));
#4498=CARTESIAN_POINT('Ctrl Pts',(2.43559685218346,11.342846357661,-12.8410623093021));
#4499=CARTESIAN_POINT('Ctrl Pts',(2.51464150629765,16.0910060262311,-5.88494433182418));
#4500=CARTESIAN_POINT('Ctrl Pts',(2.59368616041183,16.9510205189248,2.4931803167585));
#4501=CARTESIAN_POINT('Ctrl Pts',(2.67273081452601,13.7150805045223,10.2688661243269));
#4502=CARTESIAN_POINT('Ctrl Pts',(2.75177546864019,7.16510132976602,15.5632376984695));
#4503=CARTESIAN_POINT('Ctrl Pts',(2.83082012275438,-1.11621484931339,17.0969912304783));
#4504=CARTESIAN_POINT('Ctrl Pts',(2.90986477686856,-9.12781480465108,14.4995186684548));
#4505=CARTESIAN_POINT('Ctrl Pts',(2.98890943098276,-14.9338181030024,8.39845947726812));
#4506=CARTESIAN_POINT('Ctrl Pts',(3.06795408509694,-17.1312929650363,0.268041174034165));
#4507=CARTESIAN_POINT('Ctrl Pts',(3.14699873921113,-15.1892532442058,-7.92714517391111));
#4508=CARTESIAN_POINT('Ctrl Pts',(3.22604339332532,-9.57696309712122,-14.2068582931363));
#4509=CARTESIAN_POINT('Ctrl Pts',(3.30508804743951,-1.65054648678625,-17.053701680862));
#4510=CARTESIAN_POINT('Ctrl Pts',(3.38413270155369,6.67469940430945,-15.77977923125));
#4511=CARTESIAN_POINT('Ctrl Pts',(3.46317735566787,13.3871064059667,-10.6929147943956));
#4512=CARTESIAN_POINT('Ctrl Pts',(3.54222200978205,16.8647241653318,-3.02227125720917));
#4513=CARTESIAN_POINT('Ctrl Pts',(3.62126666389624,16.2672396098363,5.37865784383528));
#4514=CARTESIAN_POINT('Ctrl Pts',(3.70031131801042,11.7390257319659,12.4799166499269));
#4515=CARTESIAN_POINT('Ctrl Pts',(3.77935597212461,4.37425606666783,16.5655947248536));
#4516=CARTESIAN_POINT('Ctrl Pts',(3.85840062623879,-4.04748558633183,16.6484505331071));
#4517=CARTESIAN_POINT('Ctrl Pts',(3.93744528035298,-11.4912143337822,12.7084632375421));
#4518=CARTESIAN_POINT('Ctrl Pts',(4.01648993446716,-16.1582671229967,5.69767042805774));
#4519=CARTESIAN_POINT('Ctrl Pts',(4.09553458858136,-16.9209221223903,-2.68987718174643));
#4520=CARTESIAN_POINT('Ctrl Pts',(4.17457924269554,-13.5948954312601,-10.427457165483));
#4521=CARTESIAN_POINT('Ctrl Pts',(4.25362389680973,-6.9838704621206,-15.6454018194867));
#4522=CARTESIAN_POINT('Ctrl Pts',(4.33266855092392,1.31469984768788,-17.0828747298389));
#4523=CARTESIAN_POINT('Ctrl Pts',(4.4117132050381,9.29559307365334,-14.3925325823472));
#4524=CARTESIAN_POINT('Ctrl Pts',(4.49075785915229,15.0303485934169,-8.22445535493079));
#4525=CARTESIAN_POINT('Ctrl Pts',(4.56980251326646,17.1332505621983,-0.0690644467936112));
#4526=CARTESIAN_POINT('Ctrl Pts',(4.64884716738065,15.0961649247414,8.10301482720381));
#4527=CARTESIAN_POINT('Ctrl Pts',(4.72789182149483,9.41132222780111,14.3171246641697));
#4528=CARTESIAN_POINT('Ctrl Pts',(4.80693647560901,1.45237764692658,17.071720589782));
#4529=CARTESIAN_POINT('Ctrl Pts',(4.8859811297232,-6.85751174947056,15.7011966846719));
#4530=CARTESIAN_POINT('Ctrl Pts',(4.96502578383738,-13.5103884529535,10.5367190612248));
#4531=CARTESIAN_POINT('Ctrl Pts',(5.04407043795158,-16.8986866955285,2.82620464426178));
#4532=CARTESIAN_POINT('Ctrl Pts',(5.12311509206576,-16.2036760979498,-5.56721884225937));
#4533=CARTESIAN_POINT('Ctrl Pts',(5.20215974617995,-11.5932953271818,-12.6154091563303));
#4534=CARTESIAN_POINT('Ctrl Pts',(5.28120440029414,-4.18157228947184,-16.6152790501032));
#4535=CARTESIAN_POINT('Ctrl Pts',(5.36024905440833,4.24056365209174,-16.6003212209112));
#4536=CARTESIAN_POINT('Ctrl Pts',(5.43929370852251,11.6380323304648,-12.5741499991026));
#4537=CARTESIAN_POINT('Ctrl Pts',(5.5183383626367,16.2233487301905,-5.50962800046471));
#4538=CARTESIAN_POINT('Ctrl Pts',(5.59738301675087,16.888541366428,2.88621122569531));
#4539=CARTESIAN_POINT('Ctrl Pts',(5.67642767086506,13.4728766259154,10.5846417108819));
#4540=CARTESIAN_POINT('Ctrl Pts',(5.75547232497923,6.80169758301283,15.7254556281882));
#4541=CARTESIAN_POINT('Ctrl Pts',(5.83451697909344,-1.51300751426152,17.0664540249774));
#4542=CARTESIAN_POINT('Ctrl Pts',(5.9135616332076,-9.46211751710538,14.2836051757729));
#4543=CARTESIAN_POINT('Ctrl Pts',(5.99260628732181,-15.1248517322739,8.04934188624206));
#4544=CARTESIAN_POINT('Ctrl Pts',(6.07165094143597,-17.132897160251,-0.12992159612672));
#4545=CARTESIAN_POINT('Ctrl Pts',(6.15069559555019,-15.0010403761582,-8.27779151451328));
#4546=CARTESIAN_POINT('Ctrl Pts',(6.22974024966435,-9.24441192293471,-14.425459886048));
#4547=CARTESIAN_POINT('Ctrl Pts',(6.30878490377856,-1.25401290475189,-17.0874367989934));
#4548=CARTESIAN_POINT('Ctrl Pts',(6.38782955789273,7.03939912692121,-15.6204962999509));
#4549=CARTESIAN_POINT('Ctrl Pts',(6.46687421200692,13.631848166486,-10.3791020946299));
#4550=CARTESIAN_POINT('Ctrl Pts',(6.54591886612111,16.9303698654976,-2.62975682189995));
#4551=CARTESIAN_POINT('Ctrl Pts',(6.62496352023528,16.1379269715536,5.7550289126713));
#4552=CARTESIAN_POINT('Ctrl Pts',(6.70400817434947,11.4460011738798,12.7492000475489));
#4553=CARTESIAN_POINT('Ctrl Pts',(6.78305282846365,3.98832448563064,16.6627222422447));
#4554=CARTESIAN_POINT('Ctrl Pts',(6.86209748257784,-4.43306973422325,16.5499527931771));
#4555=CARTESIAN_POINT('Ctrl Pts',(6.94114213669202,-11.7832805443296,12.438140710673));
#4556=CARTESIAN_POINT('Ctrl Pts',(7.02018679080622,-16.2862420693538,5.3208424129351));
#4557=CARTESIAN_POINT('Ctrl Pts',(7.0992314449204,-16.8538826186793,-3.08215596630982));
#4558=CARTESIAN_POINT('Ctrl Pts',(7.17827609903459,-13.3490405468568,-10.7403985588642));
#4559=CARTESIAN_POINT('Ctrl Pts',(7.25732075314878,-6.61860726462541,-15.8033883266066));
#4560=CARTESIAN_POINT('Ctrl Pts',(7.33636540726296,1.711111100529,-17.0477313307819));
#4561=CARTESIAN_POINT('Ctrl Pts',(7.41541006137715,9.62736567354609,-14.1727511412818));
#4562=CARTESIAN_POINT('Ctrl Pts',(7.49445471549133,15.2173147726245,-7.87314269118391));
#4563=CARTESIAN_POINT('Ctrl Pts',(7.57349936960551,17.1302328068628,0.328890114719598));
#4564=CARTESIAN_POINT('Ctrl Pts',(7.6525440237197,14.9038924292234,8.45145166128383));
#4565=CARTESIAN_POINT('Ctrl Pts',(7.73158867783387,9.07625469602968,14.5318493460976));
#4566=CARTESIAN_POINT('Ctrl Pts',(7.81063333194807,1.05547901646589,17.1008481886332));
#4567=CARTESIAN_POINT('Ctrl Pts',(7.88967798606224,-7.22033700298847,15.537688962267));
#4568=CARTESIAN_POINT('Ctrl Pts',(7.96872264017643,-13.7514691636082,10.2200851545968));
#4569=CARTESIAN_POINT('Ctrl Pts',(8.04776729429062,-16.9597694016905,2.43295428776585));
#4570=CARTESIAN_POINT('Ctrl Pts',(8.12681194840481,-16.070001099144,-5.94206272252216));
#4571=CARTESIAN_POINT('Ctrl Pts',(8.205856602519,-11.2971631396651,-12.8812712773496));
#4572=CARTESIAN_POINT('Ctrl Pts',(8.28490125663318,-3.79453872115569,-16.7079179019568));
#4573=CARTESIAN_POINT('Ctrl Pts',(8.36394591074738,4.6249778667612,-16.4973520437932));
#4574=CARTESIAN_POINT('Ctrl Pts',(8.44299056486155,11.9269393837353,-12.3004537177122));
#4575=CARTESIAN_POINT('Ctrl Pts',(8.52203521897573,16.3469386571897,-5.13133912959922));
#4576=CARTESIAN_POINT('Ctrl Pts',(8.60107987308992,16.8169505540502,3.27768497380549));
#4577=CARTESIAN_POINT('Ctrl Pts',(8.6801245272041,13.2234038975735,10.8947067003439));
#4578=CARTESIAN_POINT('Ctrl Pts',(8.75916918131828,6.43462420288847,15.8791894028782));
#4579=CARTESIAN_POINT('Ctrl Pts',(8.83821383543248,-1.90898388551262,17.026709172642));
#4580=CARTESIAN_POINT('Ctrl Pts',(8.91725848954665,-9.79131525366495,14.0599854312949));
#4581=CARTESIAN_POINT('Ctrl Pts',(8.99630314366085,-15.3077252426962,7.69588153618544));
#4582=CARTESIAN_POINT('Ctrl Pts',(9.07534779777503,-17.1252578614118,-0.527814271341563));
#4583=CARTESIAN_POINT('Ctrl Pts',(9.15439245188922,-14.8047341876275,-8.62397184356294));
#4584=CARTESIAN_POINT('Ctrl Pts',(9.23343710600341,-8.90687322878359,-14.6362786940964));
#4585=CARTESIAN_POINT('Ctrl Pts',(9.3124817601176,-0.85680276108717,-17.1119529497212));
#4586=CARTESIAN_POINT('Ctrl Pts',(9.39152641423178,7.40030097207086,-15.4527858409944));
#4587=CARTESIAN_POINT('Ctrl Pts',(9.47057106834596,13.8692353093788,-10.0596896899454));
#4588=CARTESIAN_POINT('Ctrl Pts',(9.54961572246015,16.9868813385816,-2.23582358734661));
#4589=CARTESIAN_POINT('Ctrl Pts',(9.62866037657433,15.9999076428308,6.12829504396923));
#4590=CARTESIAN_POINT('Ctrl Pts',(9.70770503068851,11.146801300377,13.0116050314532));
#4591=CARTESIAN_POINT('Ctrl Pts',(9.78674968480269,3.60024113463974,16.7508599330759));
#4592=CARTESIAN_POINT('Ctrl Pts',(9.86579433891688,-4.81626216443266,16.4425260677483));
#4593=CARTESIAN_POINT('Ctrl Pts',(9.94483899303106,-12.0689894713491,12.1611075919812));
#4594=CARTESIAN_POINT('Ctrl Pts',(10.0238836471453,-16.4054303068488,4.94114371137956));
#4595=CARTESIAN_POINT('Ctrl Pts',(10.1029283012594,-16.777750153808,-3.4727718744479));
#4596=CARTESIAN_POINT('Ctrl Pts',(10.1819729553736,-13.0959836249483,-11.0475453216912));
#4597=CARTESIAN_POINT('Ctrl Pts',(10.2610176094878,-6.24977321313529,-15.9528486325652));
#4598=CARTESIAN_POINT('Ctrl Pts',(10.340062263602,2.10659917740917,-17.0033903862916));
#4599=CARTESIAN_POINT('Ctrl Pts',(10.4191069177162,9.9539441470833,-13.9453232557323));
#4600=CARTESIAN_POINT('Ctrl Pts',(10.4981515718304,15.3960709402919,-7.51758233160179));
#4601=CARTESIAN_POINT('Ctrl Pts',(10.5771962259446,17.1179730089908,0.726667235655005));
#4602=CARTESIAN_POINT('Ctrl Pts',(10.6562408800587,14.7035789991037,8.79532878861059));
#4603=CARTESIAN_POINT('Ctrl Pts',(10.7352855341729,8.73629042033996,14.7387338491319));
#4604=CARTESIAN_POINT('Ctrl Pts',(10.8143301882871,0.658010835894145,17.120749574908));
#4605=CARTESIAN_POINT('Ctrl Pts',(10.8933748424013,-7.57926656516492,15.3657984065171));
#4606=CARTESIAN_POINT('Ctrl Pts',(10.9724194965155,-13.9851310948431,9.89793730008336));
#4607=CARTESIAN_POINT('Ctrl Pts',(11.0514641506297,-17.0117012941134,2.0383913786067));
#4608=CARTESIAN_POINT('Ctrl Pts',(11.1305088047439,-15.9276574561418,-6.31370088889159));
#4609=CARTESIAN_POINT('Ctrl Pts',(11.209553458858,-10.9949332379673,-13.1401834759903));
#4610=CARTESIAN_POINT('Ctrl Pts',(11.2885981129722,-3.40546314218739,-16.7915430334021));
#4611=CARTESIAN_POINT('Ctrl Pts',(11.3676427670864,5.00690687574309,-16.3854813147648));
#4612=CARTESIAN_POINT('Ctrl Pts',(11.4466874212006,12.2093922562041,-12.0201229531764));
#4613=CARTESIAN_POINT('Ctrl Pts',(11.5257320753148,16.4617465436681,-4.7502782929874));
#4614=CARTESIAN_POINT('Ctrl Pts',(11.604776729429,16.7362145043583,3.66738356391261));
#4615=CARTESIAN_POINT('Ctrl Pts',(11.6838213835431,12.9669363212378,11.1989069023708));
#4616=CARTESIAN_POINT('Ctrl Pts',(11.7628660376573,6.06380934007405,16.0243308778473));
#4617=CARTESIAN_POINT('Ctrl Pts',(11.8419106917715,-2.30340087704323,16.9778261327465));
#4618=CARTESIAN_POINT('Ctrl Pts',(11.9209553458857,-10.1163350768351,13.8286932385601));
#4619=CARTESIAN_POINT('Ctrl Pts',(11.9736517819618,-13.6917432597072,9.50182792869058));
#4620=CARTESIAN_POINT('Ctrl Pts',(11.9999999999999,-14.8575756077413,7.04214534501037));
#4621=CARTESIAN_POINT('Ctrl Pts',(-0.220644027875385,13.2313815028185,9.43519136180162));
#4622=CARTESIAN_POINT('Ctrl Pts',(-0.194295809837324,11.6693786243528,11.625656313806));
#4623=CARTESIAN_POINT('Ctrl Pts',(-0.141599373761202,7.43828048412852,15.2138428863804));
#4624=CARTESIAN_POINT('Ctrl Pts',(-0.0625547196470169,-0.7109895702875,
16.9193158586727));
#4625=CARTESIAN_POINT('Ctrl Pts',(0.0164899344671694,-8.68618252606332,
14.5367049921932));
#4626=CARTESIAN_POINT('Ctrl Pts',(0.0955345885813577,-14.5636233436451,
8.64142574793161));
#4627=CARTESIAN_POINT('Ctrl Pts',(0.174579242695546,-16.9214067070524,0.658126888381187));
#4628=CARTESIAN_POINT('Ctrl Pts',(0.253623896809735,-15.1906918188906,-7.48422329348495));
#4629=CARTESIAN_POINT('Ctrl Pts',(0.332668550923923,-9.78922319339123,-13.8181125730412));
#4630=CARTESIAN_POINT('Ctrl Pts',(0.411713205038111,-2.02241939349875,-16.8130732875809));
#4631=CARTESIAN_POINT('Ctrl Pts',(0.490757859152295,6.23311289915798,-15.7454088498584));
#4632=CARTESIAN_POINT('Ctrl Pts',(0.569802513266478,12.9824872447073,-10.8731093052765));
#4633=CARTESIAN_POINT('Ctrl Pts',(0.648847167380661,16.5948536046395,-3.37348848143238));
#4634=CARTESIAN_POINT('Ctrl Pts',(0.727891821494843,16.197321915895,4.94128368508941));
#4635=CARTESIAN_POINT('Ctrl Pts',(0.806936475609026,11.885958462037,12.0620705749807));
#4636=CARTESIAN_POINT('Ctrl Pts',(0.885981129723207,4.70253361298293,16.2682427083262));
#4637=CARTESIAN_POINT('Ctrl Pts',(0.965025783837394,-3.61718565486397,16.5434432033714));
#4638=CARTESIAN_POINT('Ctrl Pts',(1.04407043795158,-11.0628678256972,12.8211739726995));
#4639=CARTESIAN_POINT('Ctrl Pts',(1.12311509206577,-15.8353771942358,6.00086442321971));
#4640=CARTESIAN_POINT('Ctrl Pts',(1.20215974617996,-16.7815102920767,-2.26946212155043));
#4641=CARTESIAN_POINT('Ctrl Pts',(1.28120440029415,-13.6726483746496,-9.99140789611396));
#4642=CARTESIAN_POINT('Ctrl Pts',(1.36024905440833,-7.26000040152013,-15.2990829714078));
#4643=CARTESIAN_POINT('Ctrl Pts',(1.43929370852252,0.906915498969927,-16.9099689475808));
#4644=CARTESIAN_POINT('Ctrl Pts',(1.5183383626367,8.85468915021263,-14.4348199008547));
#4645=CARTESIAN_POINT('Ctrl Pts',(1.59738301675089,14.6628627802214,-8.47171769095663));
#4646=CARTESIAN_POINT('Ctrl Pts',(1.67642767086507,16.9279801758524,-0.461554643789678));
#4647=CARTESIAN_POINT('Ctrl Pts',(1.75547232497925,15.1027104115663,7.6601360145314));
#4648=CARTESIAN_POINT('Ctrl Pts',(1.83451697909343,9.62810197056083,13.9308721182588));
#4649=CARTESIAN_POINT('Ctrl Pts',(1.91356163320762,1.82701014102377,16.835426323001));
#4650=CARTESIAN_POINT('Ctrl Pts',(1.9926062873218,-6.41555070897468,15.6719575877786));
#4651=CARTESIAN_POINT('Ctrl Pts',(2.07165094143599,-13.1078919828729,10.7216003141997));
#4652=CARTESIAN_POINT('Ctrl Pts',(2.15069559555018,-16.6329119037521,3.18053252373725));
#4653=CARTESIAN_POINT('Ctrl Pts',(2.22974024966437,-16.1388433926036,-5.12906224189999));
#4654=CARTESIAN_POINT('Ctrl Pts',(2.30878490377856,-11.7450705386247,-12.199297667289));
#4655=CARTESIAN_POINT('Ctrl Pts',(2.38782955789275,-4.51328126225822,-16.3217596410466));
#4656=CARTESIAN_POINT('Ctrl Pts',(2.46687421200693,3.80907331117977,-16.5003183618503));
#4657=CARTESIAN_POINT('Ctrl Pts',(2.54591886612112,11.2110236541268,-12.6918278494066));
#4658=CARTESIAN_POINT('Ctrl Pts',(2.6249635202353,15.9040018255147,-5.81655150981919));
#4659=CARTESIAN_POINT('Ctrl Pts',(2.70400817434948,16.7540215221994,2.4642054228571));
#4660=CARTESIAN_POINT('Ctrl Pts',(2.78305282846366,13.5556885023487,10.149524853886));
#4661=CARTESIAN_POINT('Ctrl Pts',(2.86209748257784,7.08183095841443,15.3823670418048));
#4662=CARTESIAN_POINT('Ctrl Pts',(2.94114213669203,-1.10324257987399,16.8982958117767));
#4663=CARTESIAN_POINT('Ctrl Pts',(3.02018679080621,-9.02173444466311,14.3310101926674));
#4664=CARTESIAN_POINT('Ctrl Pts',(3.09923144492041,-14.7602623468587,8.300855436897));
#4665=CARTESIAN_POINT('Ctrl Pts',(3.17827609903459,-16.9321989032391,0.264926090649841));
#4666=CARTESIAN_POINT('Ctrl Pts',(3.25732075314878,-15.0127289077049,-7.83501858811571));
#4667=CARTESIAN_POINT('Ctrl Pts',(3.33636540726297,-9.46566288839913,-14.0417510167194));
#4668=CARTESIAN_POINT('Ctrl Pts',(3.41541006137715,-1.63136439674144,-16.8555093585866));
#4669=CARTESIAN_POINT('Ctrl Pts',(3.49445471549134,6.59712831738734,-15.5963920025205));
#4670=CARTESIAN_POINT('Ctrl Pts',(3.57349936960553,13.2315260072475,-10.5686453744976));
#4671=CARTESIAN_POINT('Ctrl Pts',(3.65254402371971,16.6687280754851,-2.98714744830117));
#4672=CARTESIAN_POINT('Ctrl Pts',(3.73158867783389,16.0781872823348,5.3161489112444));
#4673=CARTESIAN_POINT('Ctrl Pts',(3.81063333194807,11.6025987664538,12.3348793020866));
#4674=CARTESIAN_POINT('Ctrl Pts',(3.88967798606225,4.32341995001095,16.3730750156531));
#4675=CARTESIAN_POINT('Ctrl Pts',(3.96872264017644,-4.00044708508779,16.454967901876));
#4676=CARTESIAN_POINT('Ctrl Pts',(4.04776729429063,-11.3576673480781,12.5607697989717));
#4677=CARTESIAN_POINT('Ctrl Pts',(4.12681194840482,-15.970481236684,5.63145403968478));
#4678=CARTESIAN_POINT('Ctrl Pts',(4.20585660251901,-16.7242729189953,-2.6586163437617));
#4679=CARTESIAN_POINT('Ctrl Pts',(4.28490125663319,-13.4369001791421,-10.3062728038864));
#4680=CARTESIAN_POINT('Ctrl Pts',(4.36394591074738,-6.90270629429002,-15.4635762793452));
#4681=CARTESIAN_POINT('Ctrl Pts',(4.44299056486157,1.29942085308694,-16.8843433683078));
#4682=CARTESIAN_POINT('Ctrl Pts',(4.52203521897575,9.18756285167159,-14.2252674624747));
#4683=CARTESIAN_POINT('Ctrl Pts',(4.60107987308993,14.8556709927362,-8.12887353130401));
#4684=CARTESIAN_POINT('Ctrl Pts',(4.68012452720412,16.9341337498725,-0.0682618032765004));
#4685=CARTESIAN_POINT('Ctrl Pts',(4.7591691813183,14.9207224290372,8.00884434409766));
#4686=CARTESIAN_POINT('Ctrl Pts',(4.83821383543248,9.30194704094046,14.1507359094818));
#4687=CARTESIAN_POINT('Ctrl Pts',(4.91725848954666,1.43549860775655,16.873318857874));
#4688=CARTESIAN_POINT('Ctrl Pts',(4.99630314366086,-6.77781607963349,15.5187227155788));
#4689=CARTESIAN_POINT('Ctrl Pts',(5.07534779777503,-13.3533753122031,10.4142648950275));
#4690=CARTESIAN_POINT('Ctrl Pts',(5.15439245188923,-16.7022959047039,2.79335945486221));
#4691=CARTESIAN_POINT('Ctrl Pts',(5.23343710600341,-16.0153624839704,-5.50251851785997));
#4692=CARTESIAN_POINT('Ctrl Pts',(5.31248176011761,-11.4585619908823,-12.4687971606512));
#4693=CARTESIAN_POINT('Ctrl Pts',(5.39152641423179,-4.13297547815651,-16.4221819265686));
#4694=CARTESIAN_POINT('Ctrl Pts',(5.47057106834598,4.1912812632185,-16.4073979321814));
#4695=CARTESIAN_POINT('Ctrl Pts',(5.54961572246016,11.5027790759249,-12.4280175033198));
#4696=CARTESIAN_POINT('Ctrl Pts',(5.62866037657434,16.0348064875683,-5.44559697724638));
#4697=CARTESIAN_POINT('Ctrl Pts',(5.70770503068853,16.6922684811686,2.85266866020998));
#4698=CARTESIAN_POINT('Ctrl Pts',(5.7867496848027,13.3162994348638,10.4616306039452));
#4699=CARTESIAN_POINT('Ctrl Pts',(5.86579433891689,6.7226505664402,15.5426997299021));
#4700=CARTESIAN_POINT('Ctrl Pts',(5.94483899303108,-1.49542385538893,16.8681134992948));
#4701=CARTESIAN_POINT('Ctrl Pts',(6.02388364714526,-9.35215200466406,14.1176059731817));
#4702=CARTESIAN_POINT('Ctrl Pts',(6.10292830125946,-14.9490758482467,7.95579517180568));
#4703=CARTESIAN_POINT('Ctrl Pts',(6.18197295537363,-16.9337844550425,-0.12841169151294));
#4704=CARTESIAN_POINT('Ctrl Pts',(6.26101760948784,-14.826703385613,-8.18158983617541));
#4705=CARTESIAN_POINT('Ctrl Pts',(6.34006226360201,-9.13697651088381,-14.257812096248));
#4706=CARTESIAN_POINT('Ctrl Pts',(6.41910691771621,-1.23943919316672,-16.8888524186459));
#4707=CARTESIAN_POINT('Ctrl Pts',(6.49815157183038,6.95758962382939,-15.4389602032889));
#4708=CARTESIAN_POINT('Ctrl Pts',(6.57719622594457,13.4734234622441,-10.2584796992249));
#4709=CARTESIAN_POINT('Ctrl Pts',(6.65624088005876,16.7336108636447,-2.59919468229497));
#4710=CARTESIAN_POINT('Ctrl Pts',(6.73528553417293,15.9503774715648,5.68814592349342));
#4711=CARTESIAN_POINT('Ctrl Pts',(6.81433018828713,11.3129796401465,12.6010331796241));
#4712=CARTESIAN_POINT('Ctrl Pts',(6.89337484240129,3.94197353458274,16.4690737500628));
#4713=CARTESIAN_POINT('Ctrl Pts',(6.97241949651549,-4.38155010512007,16.357614869188));
#4714=CARTESIAN_POINT('Ctrl Pts',(7.05146415062967,-11.6463392644359,12.2935888685939));
#4715=CARTESIAN_POINT('Ctrl Pts',(7.13050880474386,-16.0969689017291,5.25900539162351));
#4716=CARTESIAN_POINT('Ctrl Pts',(7.20955345885805,-16.6580125256014,-3.04633619767489));
#4717=CARTESIAN_POINT('Ctrl Pts',(7.28859811297224,-13.1939025366089,-10.6155772988012));
#4718=CARTESIAN_POINT('Ctrl Pts',(7.36764276708642,-6.54168806147806,-15.6197267209984));
#4719=CARTESIAN_POINT('Ctrl Pts',(7.44668742120062,1.69122514913669,-16.8496083938852));
#4720=CARTESIAN_POINT('Ctrl Pts',(7.52573207531479,9.51547970321888,-14.0080402465865));
#4721=CARTESIAN_POINT('Ctrl Pts',(7.60477672942899,15.0404643145819,-7.78164370388064));
#4722=CARTESIAN_POINT('Ctrl Pts',(7.68382138354315,16.9311510658634,0.325067865636726));
#4723=CARTESIAN_POINT('Ctrl Pts',(7.76286603765736,14.7306844590848,8.3532317637687));
#4724=CARTESIAN_POINT('Ctrl Pts',(7.84191069177151,8.97077355009247,14.3629651341678));
#4725=CARTESIAN_POINT('Ctrl Pts',(7.92095534588573,1.04321259822419,16.9021079456754));
#4726=CARTESIAN_POINT('Ctrl Pts',(7.99999999999988,-7.13642470142414,15.3571152243272));
#4727=CARTESIAN_POINT('Ctrl Pts',(8.07904465411409,-13.5916542648117,10.1013107999993));
#4728=CARTESIAN_POINT('Ctrl Pts',(8.15808930822826,-16.7626687284245,2.4046793202951));
#4729=CARTESIAN_POINT('Ctrl Pts',(8.23713396234247,-15.8832410105481,-5.87300609000209));
#4730=CARTESIAN_POINT('Ctrl Pts',(8.31617861645665,-11.1658713509571,-12.7315695224994));
#4731=CARTESIAN_POINT('Ctrl Pts',(8.39522327057084,-3.7504398823708,-16.5137441611852));
#4732=CARTESIAN_POINT('Ctrl Pts',(8.47426792468502,4.57122794659495,-16.3056254278279));
#4733=CARTESIAN_POINT('Ctrl Pts',(8.55331257879921,11.7883285496575,-12.1575020270485));
#4734=CARTESIAN_POINT('Ctrl Pts',(8.63235723291338,16.1569600944594,-5.07170445101098));
#4735=CARTESIAN_POINT('Ctrl Pts',(8.71140188702758,16.6215096728697,3.2395928335299));
#4736=CARTESIAN_POINT('Ctrl Pts',(8.79044654114175,13.0697259937442,10.768092123529));
#4737=CARTESIAN_POINT('Ctrl Pts',(8.86949119525594,6.35984318832603,15.6946468629358));
#4738=CARTESIAN_POINT('Ctrl Pts',(8.94853584937012,-1.8867983238946,16.8288305481191));
#4739=CARTESIAN_POINT('Ctrl Pts',(9.02758050348431,-9.67752391706433,13.8965850613381));
#4740=CARTESIAN_POINT('Ctrl Pts',(9.10662515759849,-15.1298240649121,7.60644261775259));
#4741=CARTESIAN_POINT('Ctrl Pts',(9.18566981171269,-16.9262339375369,-0.521680193349313));
#4742=CARTESIAN_POINT('Ctrl Pts',(9.26471446582687,-14.6326786008567,-8.52374697515029));
#4743=CARTESIAN_POINT('Ctrl Pts',(9.34375911994107,-8.80336057666503,-14.4661808397926));
#4744=CARTESIAN_POINT('Ctrl Pts',(9.42280377405525,-0.846845290730891,-16.9130836510059));
#4745=CARTESIAN_POINT('Ctrl Pts',(9.50184842816944,7.31429719044984,-15.2731988182609));
#4746=CARTESIAN_POINT('Ctrl Pts',(9.58089308228362,13.7080517724794,-9.94277939689993));
#4747=CARTESIAN_POINT('Ctrl Pts',(9.6599377363978,16.7894655796037,-2.20983960584707));
#4748=CARTESIAN_POINT('Ctrl Pts',(9.73898239051198,15.8139621565507,6.05707408273267));
#4749=CARTESIAN_POINT('Ctrl Pts',(9.81802704462615,11.0172569658386,12.8603885820294));
#4750=CARTESIAN_POINT('Ctrl Pts',(9.89707169874036,3.5584003563396,16.5561871346201));
#4751=CARTESIAN_POINT('Ctrl Pts',(9.97611635285453,-4.76028920320004,16.2514366206344));
#4752=CARTESIAN_POINT('Ctrl Pts',(10.0551610069687,-11.9287277794534,12.0197753346098));
#4753=CARTESIAN_POINT('Ctrl Pts',(10.1342056610829,-16.2147719740547,4.88371941927095));
#4754=CARTESIAN_POINT('Ctrl Pts',(10.2132503151971,-16.5827648463501,-3.43241250054716));
#4755=CARTESIAN_POINT('Ctrl Pts',(10.2922949693113,-12.9437865562015,-10.9191545063877));
#4756=CARTESIAN_POINT('Ctrl Pts',(10.3713396234255,-6.17714047392207,-15.7674500501012));
#4757=CARTESIAN_POINT('Ctrl Pts',(10.4503842775397,2.08211699806259,-16.8057827647747));
#4758=CARTESIAN_POINT('Ctrl Pts',(10.5294289316538,9.83826279278101,-13.783255450592));
#4759=CARTESIAN_POINT('Ctrl Pts',(10.608473585768,15.21714303885,-7.43021554589868));
#4760=CARTESIAN_POINT('Ctrl Pts',(10.6875182398822,16.9190337471937,0.718222156126177));
#4761=CARTESIAN_POINT('Ctrl Pts',(10.7665628939964,14.5326990035387,8.693112468048));
#4762=CARTESIAN_POINT('Ctrl Pts',(10.8456075481106,8.63476022361896,14.5674452958534));
#4763=CARTESIAN_POINT('Ctrl Pts',(10.9246522022247,0.650363657698522,16.9217780448059));
#4764=CARTESIAN_POINT('Ctrl Pts',(11.003696856339,-7.49118290627344,15.1872223221693));
#4765=CARTESIAN_POINT('Ctrl Pts',(11.0827415104531,-13.8226006565323,9.78290683831325));
#4766=CARTESIAN_POINT('Ctrl Pts',(11.1617861645673,-16.8139970860518,2.01470188710551));
#4767=CARTESIAN_POINT('Ctrl Pts',(11.2408308186815,-15.7425516369646,-6.24032520396766));
#4768=CARTESIAN_POINT('Ctrl Pts',(11.3198754727957,-10.8671538624115,-12.9874727316038));
#4769=CARTESIAN_POINT('Ctrl Pts',(11.3989201269099,-3.36588600748643,-16.5963974297874));
#4770=CARTESIAN_POINT('Ctrl Pts',(11.4779647810241,4.9487183064993,-16.1950548223736));
#4771=CARTESIAN_POINT('Ctrl Pts',(11.5570094351382,12.067498850883,-11.880429171339));
#4772=CARTESIAN_POINT('Ctrl Pts',(11.6360540892524,16.2704337227186,-4.69507217387262));
#4773=CARTESIAN_POINT('Ctrl Pts',(11.7150987433666,16.5417119100952,3.62476247912948));
#4774=CARTESIAN_POINT('Ctrl Pts',(11.7941433974808,12.8162389963757,11.0687570142432));
#4775=CARTESIAN_POINT('Ctrl Pts',(11.873188051595,5.99333780976147,15.8381015530343));
#4776=CARTESIAN_POINT('Ctrl Pts',(11.9522327057092,-2.27663153526071,16.7805156102919));
#4777=CARTESIAN_POINT('Ctrl Pts',(12.0312773598234,-9.99876647036399,13.6679808678224));
#4778=CARTESIAN_POINT('Ctrl Pts',(12.0839737958995,-13.5326224750576,9.39140091534827));
#4779=CARTESIAN_POINT('Ctrl Pts',(12.1103220139375,-14.6849059159532,6.96030392630567));
#4780=CARTESIAN_POINT('Ctrl Pts',(-0.110322013937734,13.0758028032274,9.32424944676806));
#4781=CARTESIAN_POINT('Ctrl Pts',(-0.0839737958996727,11.5321664404984,
11.4889582304796));
#4782=CARTESIAN_POINT('Ctrl Pts',(-0.031277359823551,7.35081886837296,15.0349537891578));
#4783=CARTESIAN_POINT('Ctrl Pts',(0.0477672942906341,-0.702629533752811,
16.7203732797211));
#4784=CARTESIAN_POINT('Ctrl Pts',(0.12681194840482,-8.58404768991427,14.3657778929675));
#4785=CARTESIAN_POINT('Ctrl Pts',(0.205856602519008,-14.3923797300696,8.53981717590229));
#4786=CARTESIAN_POINT('Ctrl Pts',(0.284901256633198,-16.7224395432551,0.650388427704285));
#4787=CARTESIAN_POINT('Ctrl Pts',(0.363945910747386,-15.0120749391211,-7.39622146788555));
#4788=CARTESIAN_POINT('Ctrl Pts',(0.442990564861575,-9.67411846195327,-13.6556349070122));
#4789=CARTESIAN_POINT('Ctrl Pts',(0.522035218975761,-1.99863915715671,-16.615379941829));
#4790=CARTESIAN_POINT('Ctrl Pts',(0.601079873089947,6.15982201875754,-15.5602694346832));
#4791=CARTESIAN_POINT('Ctrl Pts',(0.68012452720413,12.8298351212265,-10.7452599037709));
#4792=CARTESIAN_POINT('Ctrl Pts',(0.759169181318312,16.3997261538011,-3.33382195447787));
#4793=CARTESIAN_POINT('Ctrl Pts',(0.838213835432495,16.0068687663129,4.88318253443684));
#4794=CARTESIAN_POINT('Ctrl Pts',(0.917258489546675,11.7461996650797,11.9202409970162));
#4795=CARTESIAN_POINT('Ctrl Pts',(0.99630314366086,4.64723975994606,16.0769556500054));
#4796=CARTESIAN_POINT('Ctrl Pts',(1.07534779777504,-3.57465366073748,16.3489202520234));
#4797=CARTESIAN_POINT('Ctrl Pts',(1.15439245188923,-10.9327871844804,12.6704186208506));
#4798=CARTESIAN_POINT('Ctrl Pts',(1.23343710600342,-15.649179903281,5.93030439264478));
#4799=CARTESIAN_POINT('Ctrl Pts',(1.31248176011761,-16.5841880738442,-2.2427770799645));
#4800=CARTESIAN_POINT('Ctrl Pts',(1.3915264142318,-13.5118811219148,-9.87392581404788));
#4801=CARTESIAN_POINT('Ctrl Pts',(1.47057106834599,-7.1746350584334,-15.1191915947499));
#4802=CARTESIAN_POINT('Ctrl Pts',(1.54961572246017,0.896251704419182,-16.7111362725174));
#4803=CARTESIAN_POINT('Ctrl Pts',(1.62866037657436,8.75057296075954,-14.2650907982263));
#4804=CARTESIAN_POINT('Ctrl Pts',(1.70770503068854,14.4904522784802,-8.37210459905226));
#4805=CARTESIAN_POINT('Ctrl Pts',(1.78674968480272,16.7289357191642,-0.456127540712345));
#4806=CARTESIAN_POINT('Ctrl Pts',(1.8657943389169,14.9251280445525,7.57006575243685));
#4807=CARTESIAN_POINT('Ctrl Pts',(1.94483899303109,9.51489175258084,13.767068590421));
#4808=CARTESIAN_POINT('Ctrl Pts',(2.02388364714527,1.80552758745823,16.6374701433053));
#4809=CARTESIAN_POINT('Ctrl Pts',(2.10292830125946,-6.34011466805557,15.4876818353914));
#4810=CARTESIAN_POINT('Ctrl Pts',(2.18197295537364,-12.9537653114712,10.595532402541));
#4811=CARTESIAN_POINT('Ctrl Pts',(2.26101760948783,-16.437336951594,3.14313483295607));
#4812=CARTESIAN_POINT('Ctrl Pts',(2.34006226360202,-15.9490778516893,-5.06875313256425));
#4813=CARTESIAN_POINT('Ctrl Pts',(2.41910691771621,-11.6069683456968,-12.055854530486));
#4814=CARTESIAN_POINT('Ctrl Pts',(2.4981515718304,-4.46021269723183,-16.1298433139834));
#4815=CARTESIAN_POINT('Ctrl Pts',(2.57719622594458,3.7642850422999,-16.3063024858037));
#4816=CARTESIAN_POINT('Ctrl Pts',(2.65624088005877,11.0792009505925,-12.542593389511));
#4817=CARTESIAN_POINT('Ctrl Pts',(2.73528553417295,15.7169976247983,-5.74815868781416));
#4818=CARTESIAN_POINT('Ctrl Pts',(2.81433018828713,16.5570225254741,2.43523052895566));
#4819=CARTESIAN_POINT('Ctrl Pts',(2.89337484240131,13.396296500175,10.030183583445));
#4820=CARTESIAN_POINT('Ctrl Pts',(2.9724194965155,6.99856058706282,15.20149638514));
#4821=CARTESIAN_POINT('Ctrl Pts',(3.05146415062968,-1.09027031043457,16.6996003930752));
#4822=CARTESIAN_POINT('Ctrl Pts',(3.13050880474387,-8.91565408467518,14.1625017168799));
#4823=CARTESIAN_POINT('Ctrl Pts',(3.20955345885805,-14.5867065907149,8.20325139652593));
#4824=CARTESIAN_POINT('Ctrl Pts',(3.28859811297224,-16.7331048414419,0.261811007265499));
#4825=CARTESIAN_POINT('Ctrl Pts',(3.36764276708643,-14.8362045712041,-7.74289200232031));
#4826=CARTESIAN_POINT('Ctrl Pts',(3.44668742120062,-9.35436267967706,-13.8766437403025));
#4827=CARTESIAN_POINT('Ctrl Pts',(3.52573207531481,-1.61218230669661,-16.6573170363113));
#4828=CARTESIAN_POINT('Ctrl Pts',(3.60477672942899,6.51955723046524,-15.4130047737909));
#4829=CARTESIAN_POINT('Ctrl Pts',(3.68382138354318,13.0759456085284,-10.4443759545996));
#4830=CARTESIAN_POINT('Ctrl Pts',(3.76286603765736,16.4727319856385,-2.95202363939318));
#4831=CARTESIAN_POINT('Ctrl Pts',(3.84191069177154,15.8891349548333,5.25363997865352));
#4832=CARTESIAN_POINT('Ctrl Pts',(3.92095534588573,11.4661718009417,12.1898419542463));
#4833=CARTESIAN_POINT('Ctrl Pts',(3.9999999999999,4.27258383335405,16.1805553064527));
#4834=CARTESIAN_POINT('Ctrl Pts',(4.07904465411409,-3.95340858384373,16.2614852706449));
#4835=CARTESIAN_POINT('Ctrl Pts',(4.15808930822828,-11.224120362374,12.4130763604014));
#4836=CARTESIAN_POINT('Ctrl Pts',(4.23713396234247,-15.7826953503714,5.56523765131182));
#4837=CARTESIAN_POINT('Ctrl Pts',(4.31617861645666,-16.5276237156004,-2.62735550577695));
#4838=CARTESIAN_POINT('Ctrl Pts',(4.39522327057084,-13.2789049270241,-10.1850884422898));
#4839=CARTESIAN_POINT('Ctrl Pts',(4.47426792468503,-6.82154212645944,-15.2817507392037));
#4840=CARTESIAN_POINT('Ctrl Pts',(4.55331257879922,1.28414185848599,-16.6858120067768));
#4841=CARTESIAN_POINT('Ctrl Pts',(4.6323572329134,9.07953262968986,-14.0580023426022));
#4842=CARTESIAN_POINT('Ctrl Pts',(4.71140188702758,14.6809933920555,-8.03329170767723));
#4843=CARTESIAN_POINT('Ctrl Pts',(4.79044654114177,16.7350169375467,-0.0674591597593882));
#4844=CARTESIAN_POINT('Ctrl Pts',(4.86949119525594,14.7452799333329,7.91467386099151));
#4845=CARTESIAN_POINT('Ctrl Pts',(4.94853584937014,9.19257185407984,13.9843471547939));
#4846=CARTESIAN_POINT('Ctrl Pts',(5.02758050348431,1.41861956858651,16.674917125966));
#4847=CARTESIAN_POINT('Ctrl Pts',(5.10662515759851,-6.69812040979641,15.3362487464856));
#4848=CARTESIAN_POINT('Ctrl Pts',(5.18566981171268,-13.1963621714527,10.2918107288302));
#4849=CARTESIAN_POINT('Ctrl Pts',(5.26471446582688,-16.5059051138794,2.76051426546261));
#4850=CARTESIAN_POINT('Ctrl Pts',(5.34375911994107,-15.8270488699909,-5.43781819346056));
#4851=CARTESIAN_POINT('Ctrl Pts',(5.42280377405525,-11.3238286545829,-12.3221851649722));
#4852=CARTESIAN_POINT('Ctrl Pts',(5.50184842816944,-4.08437866684117,-16.2290848030339));
#4853=CARTESIAN_POINT('Ctrl Pts',(5.58089308228363,4.14199887434528,-16.2144746434516));
#4854=CARTESIAN_POINT('Ctrl Pts',(5.65993773639781,11.3675258213849,-12.2818850075369));
#4855=CARTESIAN_POINT('Ctrl Pts',(5.738982390512,15.8462642449461,-5.38156595402807));
#4856=CARTESIAN_POINT('Ctrl Pts',(5.81802704462617,16.4959955959092,2.81912609472466));
#4857=CARTESIAN_POINT('Ctrl Pts',(5.89707169874036,13.1597222438123,10.3386194970084));
#4858=CARTESIAN_POINT('Ctrl Pts',(5.97611635285454,6.64360354986754,15.359943831616));
#4859=CARTESIAN_POINT('Ctrl Pts',(6.05516100696872,-1.47784019651632,16.6697729736122));
#4860=CARTESIAN_POINT('Ctrl Pts',(6.13420566108291,-9.24218649222277,13.9516067705905));
#4861=CARTESIAN_POINT('Ctrl Pts',(6.2132503151971,-14.7732999642194,7.86224845736929));
#4862=CARTESIAN_POINT('Ctrl Pts',(6.29229496931129,-16.7346717498341,-0.126901786899162));
#4863=CARTESIAN_POINT('Ctrl Pts',(6.37133962342548,-14.6523663950678,-8.08538815783752));
#4864=CARTESIAN_POINT('Ctrl Pts',(6.45038427753966,-9.0295410988329,-14.0901643064479));
#4865=CARTESIAN_POINT('Ctrl Pts',(6.52942893165386,-1.22486548158157,-16.6902680382983));
#4866=CARTESIAN_POINT('Ctrl Pts',(6.60847358576804,6.87578012073758,-15.257424106627));
#4867=CARTESIAN_POINT('Ctrl Pts',(6.68751823988222,13.3149987580021,-10.1378573038199));
#4868=CARTESIAN_POINT('Ctrl Pts',(6.7665628939964,16.5368518617918,-2.56863254269));
#4869=CARTESIAN_POINT('Ctrl Pts',(6.84560754811059,15.7628279715761,5.62126293431553));
#4870=CARTESIAN_POINT('Ctrl Pts',(6.92465220222477,11.1799581064132,12.4528663116994));
#4871=CARTESIAN_POINT('Ctrl Pts',(7.00369685633895,3.89562258353485,16.2754252578808));
#4872=CARTESIAN_POINT('Ctrl Pts',(7.08274151045314,-4.33003047601691,16.1652769451988));
#4873=CARTESIAN_POINT('Ctrl Pts',(7.16178616456732,-11.5093979845422,12.1490370265148));
#4874=CARTESIAN_POINT('Ctrl Pts',(7.24083081868151,-15.9076957341044,5.19716837031191));
#4875=CARTESIAN_POINT('Ctrl Pts',(7.3198754727957,-16.4621424325235,-3.01051642903995));
#4876=CARTESIAN_POINT('Ctrl Pts',(7.39892012690989,-13.038764526361,-10.4907560387382));
#4877=CARTESIAN_POINT('Ctrl Pts',(7.47796478102408,-6.46476885833068,-15.4360651153903));
#4878=CARTESIAN_POINT('Ctrl Pts',(7.55700943513826,1.67133919774437,-16.6514854569884));
#4879=CARTESIAN_POINT('Ctrl Pts',(7.63605408925245,9.40359373289166,-13.8433293518912));
#4880=CARTESIAN_POINT('Ctrl Pts',(7.71509874336663,14.8636138565394,-7.69014471657737));
#4881=CARTESIAN_POINT('Ctrl Pts',(7.79414339748081,16.732069324864,0.321245616553843));
#4882=CARTESIAN_POINT('Ctrl Pts',(7.873188051595,14.5574764889463,8.25501186625359));
#4883=CARTESIAN_POINT('Ctrl Pts',(7.95223270570917,8.86529240415522,14.194080922238));
#4884=CARTESIAN_POINT('Ctrl Pts',(8.03127735982337,1.03094617998252,16.7033677027177));
#4885=CARTESIAN_POINT('Ctrl Pts',(8.11032201393754,-7.05251239985981,15.1765414863873));
#4886=CARTESIAN_POINT('Ctrl Pts',(8.18936666805174,-13.4318393660151,9.9825364454019));
#4887=CARTESIAN_POINT('Ctrl Pts',(8.26841132216592,-16.5655680551585,2.37640435282435));
#4888=CARTESIAN_POINT('Ctrl Pts',(8.34745597628011,-15.6964809219521,-5.80394945748201));
#4889=CARTESIAN_POINT('Ctrl Pts',(8.4265006303943,-11.034579562249,-12.5818677676492));
#4890=CARTESIAN_POINT('Ctrl Pts',(8.50554528450849,-3.70634104358592,-16.3195704204137));
#4891=CARTESIAN_POINT('Ctrl Pts',(8.58458993862267,4.51747802642871,-16.1138988118626));
#4892=CARTESIAN_POINT('Ctrl Pts',(8.66363459273686,11.6497177155796,-12.0145503363848));
#4893=CARTESIAN_POINT('Ctrl Pts',(8.74267924685103,15.9669815317291,-5.01206977242275));
#4894=CARTESIAN_POINT('Ctrl Pts',(8.82172390096522,16.4260687916892,3.20150069325432));
#4895=CARTESIAN_POINT('Ctrl Pts',(8.9007685550794,12.9160480899149,10.6414775467141));
#4896=CARTESIAN_POINT('Ctrl Pts',(8.97981320919359,6.2850621737636,15.5101043229934));
#4897=CARTESIAN_POINT('Ctrl Pts',(9.05885786330776,-1.8646127622766,16.6309519235962));
#4898=CARTESIAN_POINT('Ctrl Pts',(9.13790251742197,-9.56373258046369,13.7331846913813));
#4899=CARTESIAN_POINT('Ctrl Pts',(9.21694717153614,-14.9519228871281,7.51700369931974));
#4900=CARTESIAN_POINT('Ctrl Pts',(9.29599182565034,-16.727210013662,-0.515546115357056));
#4901=CARTESIAN_POINT('Ctrl Pts',(9.37503647976452,-14.4606230140859,-8.42352210673765));
#4902=CARTESIAN_POINT('Ctrl Pts',(9.45408113387872,-8.69984792454644,-14.2960829854887));
#4903=CARTESIAN_POINT('Ctrl Pts',(9.53312578799289,-0.836887820374618,-16.7142143522907));
#4904=CARTESIAN_POINT('Ctrl Pts',(9.61217044210709,7.2282934088288,-15.0936117955275));
#4905=CARTESIAN_POINT('Ctrl Pts',(9.69121509622125,13.54686823558,-9.82586910385445));
#4906=CARTESIAN_POINT('Ctrl Pts',(9.77025975033545,16.5920498206258,-2.18385562434751));
#4907=CARTESIAN_POINT('Ctrl Pts',(9.84930440444963,15.6280166702706,5.98585312149611));
#4908=CARTESIAN_POINT('Ctrl Pts',(9.92834905856381,10.8877126313002,12.7091721326056));
#4909=CARTESIAN_POINT('Ctrl Pts',(10.007393712678,3.51655957803946,16.3615143361642));
#4910=CARTESIAN_POINT('Ctrl Pts',(10.0864383667922,-4.70431624196741,16.0603471735206));
#4911=CARTESIAN_POINT('Ctrl Pts',(10.1654830209064,-11.7884660875576,11.8784430772383));
#4912=CARTESIAN_POINT('Ctrl Pts',(10.2445276750206,-16.0241136412606,4.82629512716234));
#4913=CARTESIAN_POINT('Ctrl Pts',(10.3235723291347,-16.3877795388922,-3.39205312664645));
#4914=CARTESIAN_POINT('Ctrl Pts',(10.4026169832489,-12.7915894874548,-10.7907636910842));
#4915=CARTESIAN_POINT('Ctrl Pts',(10.4816616373631,-6.10450773470889,-15.5820514676372));
#4916=CARTESIAN_POINT('Ctrl Pts',(10.5607062914773,2.05763481871603,-16.6081751432578));
#4917=CARTESIAN_POINT('Ctrl Pts',(10.6397509455915,9.7225814384787,-13.6211876454517));
#4918=CARTESIAN_POINT('Ctrl Pts',(10.7187955997057,15.0382151374082,-7.34284876019558));
#4919=CARTESIAN_POINT('Ctrl Pts',(10.7978402538199,16.7200944853966,0.709777076597354));
#4920=CARTESIAN_POINT('Ctrl Pts',(10.876884907934,14.3618190079738,8.59089614748541));
#4921=CARTESIAN_POINT('Ctrl Pts',(10.9559295620482,8.53323002689795,14.3961567425749));
#4922=CARTESIAN_POINT('Ctrl Pts',(11.0349742161624,0.642716479502912,16.7228065147038));
#4923=CARTESIAN_POINT('Ctrl Pts',(11.1140188702766,-7.40309924738199,15.0086462378216));
#4924=CARTESIAN_POINT('Ctrl Pts',(11.1930635243908,-13.6600702182215,9.66787637654311));
#4925=CARTESIAN_POINT('Ctrl Pts',(11.272108178505,-16.6162928779901,1.99101239560435));
#4926=CARTESIAN_POINT('Ctrl Pts',(11.3511528326192,-15.5574458177875,-6.16694951904378));
#4927=CARTESIAN_POINT('Ctrl Pts',(11.4301974867333,-10.7393744868557,-12.8347619872172));
#4928=CARTESIAN_POINT('Ctrl Pts',(11.5092421408475,-3.32630887278548,-16.4012518261728));
#4929=CARTESIAN_POINT('Ctrl Pts',(11.5882867949617,4.89052973725552,-16.0046283299823));
#4930=CARTESIAN_POINT('Ctrl Pts',(11.6673314490759,11.9256054455619,-11.7407353895017));
#4931=CARTESIAN_POINT('Ctrl Pts',(11.7463761031901,16.079120901769,-4.63986605475784));
#4932=CARTESIAN_POINT('Ctrl Pts',(11.8254207573043,16.347209315832,3.58214139434636));
#4933=CARTESIAN_POINT('Ctrl Pts',(11.9044654114184,12.6655416715135,10.9386071261156));
#4934=CARTESIAN_POINT('Ctrl Pts',(11.9835100655326,5.9228662794489,15.6518722282213));
#4935=CARTESIAN_POINT('Ctrl Pts',(12.0625547196468,-2.2498621934782,16.5832050878372));
#4936=CARTESIAN_POINT('Ctrl Pts',(12.141599373761,-9.88119786389286,13.5072684970848));
#4937=CARTESIAN_POINT('Ctrl Pts',(12.1942958098371,-13.373501690408,9.28097390200598));
#4938=CARTESIAN_POINT('Ctrl Pts',(12.2206440278752,-14.5122362241652,6.87846250760098));
#4939=CARTESIAN_POINT('Ctrl Pts',(-8.24340595784179E-14,12.9202241036363,
9.2133075317345));
#4940=CARTESIAN_POINT('Ctrl Pts',(0.0263482180379785,11.3949542566439,11.3522601471533));
#4941=CARTESIAN_POINT('Ctrl Pts',(0.0790446541141003,7.26335725261739,14.8560646919353));
#4942=CARTESIAN_POINT('Ctrl Pts',(0.158089308228285,-0.694269497218111,
16.5214307007694));
#4943=CARTESIAN_POINT('Ctrl Pts',(0.237133962342472,-8.48191285376524,14.1948507937419));
#4944=CARTESIAN_POINT('Ctrl Pts',(0.316178616456659,-14.221136116494,8.43820860387297));
#4945=CARTESIAN_POINT('Ctrl Pts',(0.395223270570849,-16.5234723794579,0.642649967027409));
#4946=CARTESIAN_POINT('Ctrl Pts',(0.474267924685037,-14.8334580593517,-7.3082196422862));
#4947=CARTESIAN_POINT('Ctrl Pts',(0.553312578799226,-9.55901373051531,-13.4931572409832));
#4948=CARTESIAN_POINT('Ctrl Pts',(0.632357232913413,-1.9748589208147,-16.4176865960771));
#4949=CARTESIAN_POINT('Ctrl Pts',(0.711401887027597,6.08653113835714,-15.375130019508));
#4950=CARTESIAN_POINT('Ctrl Pts',(0.790446541141781,12.6771829977457,-10.6174105022654));
#4951=CARTESIAN_POINT('Ctrl Pts',(0.869491195255963,16.2045987029628,-3.29415542752334));
#4952=CARTESIAN_POINT('Ctrl Pts',(0.948535849370145,15.8164156167309,4.82508138378427));
#4953=CARTESIAN_POINT('Ctrl Pts',(1.02758050348433,11.6064408681223,11.7784114190517));
#4954=CARTESIAN_POINT('Ctrl Pts',(1.10662515759851,4.59194590690919,15.8856685916846));
#4955=CARTESIAN_POINT('Ctrl Pts',(1.18566981171269,-3.53212166661098,16.1543973006753));
#4956=CARTESIAN_POINT('Ctrl Pts',(1.26471446582688,-10.8027065432637,12.5196632690017));
#4957=CARTESIAN_POINT('Ctrl Pts',(1.34375911994107,-15.4629826123262,5.85974436206988));
#4958=CARTESIAN_POINT('Ctrl Pts',(1.42280377405526,-16.3868658556118,-2.21609203837858));
#4959=CARTESIAN_POINT('Ctrl Pts',(1.50184842816945,-13.3511138691799,-9.75644373198179));
#4960=CARTESIAN_POINT('Ctrl Pts',(1.58089308228364,-7.08926971534667,-14.939300218092));
#4961=CARTESIAN_POINT('Ctrl Pts',(1.65993773639782,0.885587909868446,-16.5123035974539));
#4962=CARTESIAN_POINT('Ctrl Pts',(1.73898239051201,8.64645677130645,-14.095361695598));
#4963=CARTESIAN_POINT('Ctrl Pts',(1.81802704462619,14.3180417767391,-8.27249150714786));
#4964=CARTESIAN_POINT('Ctrl Pts',(1.89707169874037,16.5298912624759,-0.450700437635034));
#4965=CARTESIAN_POINT('Ctrl Pts',(1.97611635285455,14.7475456775387,7.47999549034233));
#4966=CARTESIAN_POINT('Ctrl Pts',(2.05516100696874,9.40168153460084,13.6032650625833));
#4967=CARTESIAN_POINT('Ctrl Pts',(2.13420566108292,1.78404503389269,16.4395139636096));
#4968=CARTESIAN_POINT('Ctrl Pts',(2.21325031519711,-6.26467862713646,15.3034060830042));
#4969=CARTESIAN_POINT('Ctrl Pts',(2.29229496931129,-12.7996386400694,10.4694644908824));
#4970=CARTESIAN_POINT('Ctrl Pts',(2.37133962342548,-16.2417619994359,3.10573714217486));
#4971=CARTESIAN_POINT('Ctrl Pts',(2.45038427753967,-15.7593123107749,-5.00844402322848));
#4972=CARTESIAN_POINT('Ctrl Pts',(2.52942893165386,-11.4688661527689,-11.912411393683));
#4973=CARTESIAN_POINT('Ctrl Pts',(2.60847358576805,-4.40714413220544,-15.9379269869202));
#4974=CARTESIAN_POINT('Ctrl Pts',(2.68751823988224,3.71949677342004,-16.1122866097571));
#4975=CARTESIAN_POINT('Ctrl Pts',(2.76656289399642,10.9473782470583,-12.3933589296155));
#4976=CARTESIAN_POINT('Ctrl Pts',(2.8456075481106,15.5299934240819,-5.67976586580917));
#4977=CARTESIAN_POINT('Ctrl Pts',(2.92465220222478,16.3600235287488,2.40625563505425));
#4978=CARTESIAN_POINT('Ctrl Pts',(3.00369685633897,13.2369044980014,9.91084231300409));
#4979=CARTESIAN_POINT('Ctrl Pts',(3.08274151045314,6.91529021571122,15.0206257284752));
#4980=CARTESIAN_POINT('Ctrl Pts',(3.16178616456733,-1.07729804099516,16.5009049743737));
#4981=CARTESIAN_POINT('Ctrl Pts',(3.24083081868152,-8.80957372468721,13.9939932410925));
#4982=CARTESIAN_POINT('Ctrl Pts',(3.3198754727957,-14.4131508345712,8.10564735615484));
#4983=CARTESIAN_POINT('Ctrl Pts',(3.3989201269099,-16.5340107796447,0.258695923881166));
#4984=CARTESIAN_POINT('Ctrl Pts',(3.47796478102408,-14.6596802347032,-7.65076541652491));
#4985=CARTESIAN_POINT('Ctrl Pts',(3.55700943513827,-9.24306247095497,-13.7115364638856));
#4986=CARTESIAN_POINT('Ctrl Pts',(3.63605408925245,-1.5930002166518,-16.459124714036));
#4987=CARTESIAN_POINT('Ctrl Pts',(3.71509874336664,6.44198614354313,-15.2296175450613));
#4988=CARTESIAN_POINT('Ctrl Pts',(3.79414339748083,12.9203652098093,-10.3201065347017));
#4989=CARTESIAN_POINT('Ctrl Pts',(3.87318805159501,16.2767358957918,-2.91689983048518));
#4990=CARTESIAN_POINT('Ctrl Pts',(3.95223270570919,15.7000826273318,5.19113104606263));
#4991=CARTESIAN_POINT('Ctrl Pts',(4.03127735982337,11.3297448354296,12.044804606406));
#4992=CARTESIAN_POINT('Ctrl Pts',(4.11032201393756,4.22174771669717,15.9880355972522));
#4993=CARTESIAN_POINT('Ctrl Pts',(4.18936666805174,-3.90637008259969,16.0680026394139));
#4994=CARTESIAN_POINT('Ctrl Pts',(4.26841132216593,-11.0905733766699,12.265382921831));
#4995=CARTESIAN_POINT('Ctrl Pts',(4.34745597628011,-15.5949094640587,5.49902126293886));
#4996=CARTESIAN_POINT('Ctrl Pts',(4.42650063039431,-16.3309745122054,-2.59609466779221));
#4997=CARTESIAN_POINT('Ctrl Pts',(4.50554528450849,-13.1209096749062,-10.0639040806932));
#4998=CARTESIAN_POINT('Ctrl Pts',(4.58458993862268,-6.74037795862884,-15.0999251990621));
#4999=CARTESIAN_POINT('Ctrl Pts',(4.66363459273687,1.26886286388503,-16.4872806452457));
#5000=CARTESIAN_POINT('Ctrl Pts',(4.74267924685106,8.97150240770813,-13.8907372227297));
#5001=CARTESIAN_POINT('Ctrl Pts',(4.82172390096523,14.5063157913748,-7.93770988405044));
#5002=CARTESIAN_POINT('Ctrl Pts',(4.90076855507942,16.535900125221,-0.06665651624228));
#5003=CARTESIAN_POINT('Ctrl Pts',(4.9798132091936,14.5698374376286,7.82050337788536));
#5004=CARTESIAN_POINT('Ctrl Pts',(5.05885786330779,9.08319666721921,13.817958400106));
#5005=CARTESIAN_POINT('Ctrl Pts',(5.13790251742197,1.40174052941648,16.4765153940581));
#5006=CARTESIAN_POINT('Ctrl Pts',(5.21694717153615,-6.61842473995935,15.1537747773925));
#5007=CARTESIAN_POINT('Ctrl Pts',(5.29599182565034,-13.0393490307022,10.1693565626329));
#5008=CARTESIAN_POINT('Ctrl Pts',(5.37503647976453,-16.3095143230549,2.72766907606304));
#5009=CARTESIAN_POINT('Ctrl Pts',(5.45408113387872,-15.6387352560115,-5.37311786906118));
#5010=CARTESIAN_POINT('Ctrl Pts',(5.5331257879929,-11.1890953182834,-12.1755731692931));
#5011=CARTESIAN_POINT('Ctrl Pts',(5.61217044210709,-4.03578185552583,-16.0359876794992));
#5012=CARTESIAN_POINT('Ctrl Pts',(5.69121509622128,4.09271648547204,-16.0215513547218));
#5013=CARTESIAN_POINT('Ctrl Pts',(5.77025975033546,11.232272566845,-12.135752511754));
#5014=CARTESIAN_POINT('Ctrl Pts',(5.84930440444964,15.6577220023239,-5.31753493080975));
#5015=CARTESIAN_POINT('Ctrl Pts',(5.92834905856384,16.2997227106498,2.78558352923934));
#5016=CARTESIAN_POINT('Ctrl Pts',(6.007393712678,13.0031450527608,10.2156083900717));
#5017=CARTESIAN_POINT('Ctrl Pts',(6.0864383667922,6.56455653329488,15.17718793333));
#5018=CARTESIAN_POINT('Ctrl Pts',(6.16548302090638,-1.46025653764372,16.4714324479297));
#5019=CARTESIAN_POINT('Ctrl Pts',(6.24452767502056,-9.13222097978146,13.7856075679994));
#5020=CARTESIAN_POINT('Ctrl Pts',(6.32357232913475,-14.5975240801922,7.7687017429329));
#5021=CARTESIAN_POINT('Ctrl Pts',(6.40261698324894,-16.5355590446256,-0.125391882285382));
#5022=CARTESIAN_POINT('Ctrl Pts',(6.48166163736313,-14.4780294045226,-7.98918647949965));
#5023=CARTESIAN_POINT('Ctrl Pts',(6.56070629147731,-8.92210568678201,-13.9225165166479));
#5024=CARTESIAN_POINT('Ctrl Pts',(6.63975094559151,-1.2102917699964,-16.4916836579507));
#5025=CARTESIAN_POINT('Ctrl Pts',(6.71879559970569,6.79397061764576,-15.075888009965));
#5026=CARTESIAN_POINT('Ctrl Pts',(6.79784025381987,13.1565740537602,-10.0172349084149));
#5027=CARTESIAN_POINT('Ctrl Pts',(6.87688490793406,16.3400928599389,-2.53807040308504));
#5028=CARTESIAN_POINT('Ctrl Pts',(6.95592956204824,15.5752784715874,5.55437994513766));
#5029=CARTESIAN_POINT('Ctrl Pts',(7.03497421616242,11.04693657268,12.3046994437746));
#5030=CARTESIAN_POINT('Ctrl Pts',(7.11401887027661,3.84927163248695,16.0817767656989));
#5031=CARTESIAN_POINT('Ctrl Pts',(7.19306352439079,-4.27851084691373,15.9729390212097));
#5032=CARTESIAN_POINT('Ctrl Pts',(7.27210817850497,-11.3724567046485,12.0044851844357));
#5033=CARTESIAN_POINT('Ctrl Pts',(7.35115283261917,-15.7184225664796,5.13533134900032));
#5034=CARTESIAN_POINT('Ctrl Pts',(7.43019748673335,-16.2662723394457,-2.97469666040502));
#5035=CARTESIAN_POINT('Ctrl Pts',(7.50924214084754,-12.8836265161132,-10.3659347786752));
#5036=CARTESIAN_POINT('Ctrl Pts',(7.58828679496173,-6.38784965518332,-15.2524035097822));
#5037=CARTESIAN_POINT('Ctrl Pts',(7.66733144907591,1.65145324635205,-16.4533625200916));
#5038=CARTESIAN_POINT('Ctrl Pts',(7.74637610319011,9.29170776256446,-13.6786184571959));
#5039=CARTESIAN_POINT('Ctrl Pts',(7.82542075730427,14.6867633984968,-7.59864572927408));
#5040=CARTESIAN_POINT('Ctrl Pts',(7.90446541141847,16.5329875838647,0.317423367470954));
#5041=CARTESIAN_POINT('Ctrl Pts',(7.98351006553264,14.3842685188078,8.15679196873848));
#5042=CARTESIAN_POINT('Ctrl Pts',(8.06255471964684,8.75981125821803,14.0251967103081));
#5043=CARTESIAN_POINT('Ctrl Pts',(8.14159937376101,1.01867976174081,16.5046274597599));
#5044=CARTESIAN_POINT('Ctrl Pts',(8.2206440278752,-6.96860009829545,14.9959677484475));
#5045=CARTESIAN_POINT('Ctrl Pts',(8.29968868198938,-13.2720244672186,9.86376209080447));
#5046=CARTESIAN_POINT('Ctrl Pts',(8.37873333610357,-16.3684673818925,2.34812938535359));
#5047=CARTESIAN_POINT('Ctrl Pts',(8.45777799021777,-15.5097208333561,-5.73489282496193));
#5048=CARTESIAN_POINT('Ctrl Pts',(8.53682264433195,-10.903287773541,-12.432166012799));
#5049=CARTESIAN_POINT('Ctrl Pts',(8.61586729844613,-3.66224220480103,-16.1253966796422));
#5050=CARTESIAN_POINT('Ctrl Pts',(8.69491195256033,4.46372810626245,-15.9221721958973));
#5051=CARTESIAN_POINT('Ctrl Pts',(8.77395660667451,11.5111068815017,-11.8715986457211));
#5052=CARTESIAN_POINT('Ctrl Pts',(8.85300126078869,15.7770029689988,-4.95243509383451));
#5053=CARTESIAN_POINT('Ctrl Pts',(8.93204591490288,16.2306279105087,3.16340855297874));
#5054=CARTESIAN_POINT('Ctrl Pts',(9.01109056901706,12.7623701860856,10.5148629698992));
#5055=CARTESIAN_POINT('Ctrl Pts',(9.09013522313123,6.21028115920116,15.3255617830509));
#5056=CARTESIAN_POINT('Ctrl Pts',(9.16917987724542,-1.84242720065859,16.4330732990733));
#5057=CARTESIAN_POINT('Ctrl Pts',(9.24822453135961,-9.44994124386307,13.5697843214245));
#5058=CARTESIAN_POINT('Ctrl Pts',(9.32726918547379,-14.7740217093441,7.42756478088689));
#5059=CARTESIAN_POINT('Ctrl Pts',(9.40631383958799,-16.5281860897871,-0.509412037364802));
#5060=CARTESIAN_POINT('Ctrl Pts',(9.48535849370218,-14.288567427315,-8.32329723832501));
#5061=CARTESIAN_POINT('Ctrl Pts',(9.56440314781636,-8.59633527242787,-14.1259851311849));
#5062=CARTESIAN_POINT('Ctrl Pts',(9.64344780193056,-0.826930350018338,-16.5153450535754));
#5063=CARTESIAN_POINT('Ctrl Pts',(9.72249245604473,7.14228962720777,-14.914024772794));
#5064=CARTESIAN_POINT('Ctrl Pts',(9.80153711015893,13.3856846986805,-9.70895881080896));
#5065=CARTESIAN_POINT('Ctrl Pts',(9.88058176427309,16.394634061648,-2.15787164284796));
#5066=CARTESIAN_POINT('Ctrl Pts',(9.95962641838729,15.4420711839905,5.91463216025954));
#5067=CARTESIAN_POINT('Ctrl Pts',(10.0386710725014,10.7581682967618,12.5579556831817));
#5068=CARTESIAN_POINT('Ctrl Pts',(10.1177157266157,3.47471879973932,16.1668415377083));
#5069=CARTESIAN_POINT('Ctrl Pts',(10.1967603807298,-4.64834328073479,15.8692577264068));
#5070=CARTESIAN_POINT('Ctrl Pts',(10.275805034844,-11.6482043956618,11.7371108198669));
#5071=CARTESIAN_POINT('Ctrl Pts',(10.3548496889582,-15.8334553084665,4.76887083505374));
#5072=CARTESIAN_POINT('Ctrl Pts',(10.4338943430724,-16.1927942314342,-3.35169375274574));
#5073=CARTESIAN_POINT('Ctrl Pts',(10.5129389971866,-12.639392418708,-10.6623728757808));
#5074=CARTESIAN_POINT('Ctrl Pts',(10.5919836513008,-6.03187499549568,-15.3966528851733));
#5075=CARTESIAN_POINT('Ctrl Pts',(10.671028305415,2.03315263936944,-16.4105675217409));
#5076=CARTESIAN_POINT('Ctrl Pts',(10.7500729595291,9.60690008417641,-13.4591198403115));
#5077=CARTESIAN_POINT('Ctrl Pts',(10.8291176136433,14.8592872359663,-7.25548197449248));
#5078=CARTESIAN_POINT('Ctrl Pts',(10.9081622677575,16.5211552235995,0.701331997068542));
#5079=CARTESIAN_POINT('Ctrl Pts',(10.9872069218717,14.1909390124088,8.4886798269228));
#5080=CARTESIAN_POINT('Ctrl Pts',(11.0662515759859,8.43169983017695,14.2248681892965));
#5081=CARTESIAN_POINT('Ctrl Pts',(11.1452962301001,0.635069301307294,16.5238349846017));
#5082=CARTESIAN_POINT('Ctrl Pts',(11.2243408842142,-7.31501558849053,14.8300701534739));
#5083=CARTESIAN_POINT('Ctrl Pts',(11.3033855383284,-13.4975397799107,9.55284591477299));
#5084=CARTESIAN_POINT('Ctrl Pts',(11.3824301924426,-16.4185886699284,1.96732290410317));
#5085=CARTESIAN_POINT('Ctrl Pts',(11.4614748465568,-15.3723399986103,-6.09357383411986));
#5086=CARTESIAN_POINT('Ctrl Pts',(11.540519500671,-10.6115951112999,-12.6820512428307));
#5087=CARTESIAN_POINT('Ctrl Pts',(11.6195641547852,-3.28673173808451,-16.2061062225581));
#5088=CARTESIAN_POINT('Ctrl Pts',(11.6986088088994,4.83234116801172,-15.8142018375911));
#5089=CARTESIAN_POINT('Ctrl Pts',(11.7776534630135,11.7837120402408,-11.6010416076643));
#5090=CARTESIAN_POINT('Ctrl Pts',(11.8566981171278,15.8878080808195,-4.58465993564306));
#5091=CARTESIAN_POINT('Ctrl Pts',(11.9357427712419,16.1527067215689,3.53952030956324));
#5092=CARTESIAN_POINT('Ctrl Pts',(12.0147874253561,12.5148443466514,10.8084572379879));
#5093=CARTESIAN_POINT('Ctrl Pts',(12.0938320794703,5.85239474913633,15.4656429034083));
#5094=CARTESIAN_POINT('Ctrl Pts',(12.1728767335845,-2.22309285169568,16.3858945653826));
#5095=CARTESIAN_POINT('Ctrl Pts',(12.2519213876987,-9.76362925742171,13.3465561263472));
#5096=CARTESIAN_POINT('Ctrl Pts',(12.3046178237748,-13.2143809057584,9.17054688866367));
#5097=CARTESIAN_POINT('Ctrl Pts',(12.3309660418128,-14.3395665323771,6.79662108889629));
#5098=CARTESIAN_POINT('Ctrl Pts',(-8.06455596746858E-14,-14.8577850454895,
7.0426563776247));
#5099=CARTESIAN_POINT('Ctrl Pts',(-8.08024410431548E-14,-14.69747715188,
7.36754569558457));
#5100=CARTESIAN_POINT('Ctrl Pts',(-8.04583578302586E-14,-14.526686351003,
7.68656548584716));
#5101=CARTESIAN_POINT('Ctrl Pts',(-8.06559680155416E-14,-14.345630055736,
7.99917345487843));
#5102=CARTESIAN_POINT('Ctrl Pts',(-8.0736443506747E-14,-14.271896030961,
8.12648106215826));
#5103=CARTESIAN_POINT('Ctrl Pts',(-8.10457108130303E-14,-14.1964589255383,
8.25272510902198));
#5104=CARTESIAN_POINT('Ctrl Pts',(-8.11243433540554E-14,-14.1193311003416,
8.37786811089324));
#5105=CARTESIAN_POINT('Ctrl Pts',(-8.13146492052245E-14,-13.9307372841965,
8.68386917116609));
#5106=CARTESIAN_POINT('Ctrl Pts',(-8.08939999874923E-14,-13.7320377734802,
8.98328892106705));
#5107=CARTESIAN_POINT('Ctrl Pts',(-8.1150364206195E-14,-13.523712607011,
9.27575857693218));
#5108=CARTESIAN_POINT('Ctrl Pts',(-8.14081026382222E-14,-13.3142707354844,
9.56979598550519));
#5109=CARTESIAN_POINT('Ctrl Pts',(-8.13755270319867E-14,-13.095099344673,
9.85680901406664));
#5110=CARTESIAN_POINT('Ctrl Pts',(-8.14626144318709E-14,-12.8666428430505,
10.1363924941886));
#5111=CARTESIAN_POINT('Ctrl Pts',(-8.15496577645391E-14,-12.638301943019,
10.4158345018863));
#5112=CARTESIAN_POINT('Ctrl Pts',(-8.19045637684846E-14,-12.4006848983748,
10.6878548794892));
#5113=CARTESIAN_POINT('Ctrl Pts',(-8.19483370051444E-14,-12.1541984381233,
10.9520126061004));
#5114=CARTESIAN_POINT('Ctrl Pts',(-8.19918339479153E-14,-11.9092677847492,
11.2145029859236));
#5115=CARTESIAN_POINT('Ctrl Pts',(-8.30225320494296E-14,-11.6555788867013,
11.4692300174315));
#5116=CARTESIAN_POINT('Ctrl Pts',(-8.31765212261359E-14,-11.3935008137068,
11.7157193460465));
#5117=CARTESIAN_POINT('Ctrl Pts',(-8.32482675371209E-14,-11.2713939531495,
11.8305631318472));
#5118=CARTESIAN_POINT('Ctrl Pts',(-8.26939471094038E-14,-11.147465589204,
11.9436180564708));
#5119=CARTESIAN_POINT('Ctrl Pts',(-8.27393709101898E-14,-11.0217512121103,
12.0548326895812));
#5120=CARTESIAN_POINT('Ctrl Pts',(-8.27486453799912E-14,-10.9960832985104,
12.0775400971165));
#5121=CARTESIAN_POINT('Ctrl Pts',(-8.30951043251481E-14,-10.9703416943983,
12.1001700635038));
#5122=CARTESIAN_POINT('Ctrl Pts',(-8.3100193393193E-14,-10.9445364277758,
12.1227137701004));
#5123=CARTESIAN_POINT('Ctrl Pts',(-8.31537078541993E-14,-10.6731792908192,
12.3597737380493));
#5124=CARTESIAN_POINT('Ctrl Pts',(-8.30562997956628E-14,-10.394502965823,
12.5875491612319));
#5125=CARTESIAN_POINT('Ctrl Pts',(-8.31973379078477E-14,-10.1089738242578,
12.8056758265219));
#5126=CARTESIAN_POINT('Ctrl Pts',(-8.33383699033155E-14,-9.8234570658773,
13.0237930318221));
#5127=CARTESIAN_POINT('Ctrl Pts',(-8.36773084549767E-14,-9.5310876476218,
13.2322627013158));
#5128=CARTESIAN_POINT('Ctrl Pts',(-8.37108160567368E-14,-9.23229506645738,
13.4306840588909));
#5129=CARTESIAN_POINT('Ctrl Pts',(-8.37430968064012E-14,-8.94444251934882,
13.6218403886637));
#5130=CARTESIAN_POINT('Ctrl Pts',(-8.38013286518354E-14,-8.65062801143745,
13.8036708622653));
#5131=CARTESIAN_POINT('Ctrl Pts',(-8.39328606616618E-14,-8.35120888349121,
13.9757799615544));
#5132=CARTESIAN_POINT('Ctrl Pts',(-8.40696202973823E-14,-8.03988960144205,
14.1547293880402));
#5133=CARTESIAN_POINT('Ctrl Pts',(-8.44123829924946E-14,-7.72251097843272,
14.3231698279388));
#5134=CARTESIAN_POINT('Ctrl Pts',(-8.45296055373979E-14,-7.39964967742189,
14.4809456911944));
#5135=CARTESIAN_POINT('Ctrl Pts',(-8.46466346021597E-14,-7.07732127091722,
14.6384611395584));
#5136=CARTESIAN_POINT('Ctrl Pts',(-8.44808421091308E-14,-6.74952770271253,
14.7853473319103));
#5137=CARTESIAN_POINT('Ctrl Pts',(-8.45573611130135E-14,-6.41682755838455,
14.921399927808));
#5138=CARTESIAN_POINT('Ctrl Pts',(-8.46097188639206E-14,-6.18917912597428,
15.0144932453478));
#5139=CARTESIAN_POINT('Ctrl Pts',(-8.4947381534345E-14,-5.95923316273443,
15.1025133414164));
#5140=CARTESIAN_POINT('Ctrl Pts',(-8.50014503228635E-14,-5.72716657100301,
15.1853808100442));
#5141=CARTESIAN_POINT('Ctrl Pts',(-8.50115114276782E-14,-5.68398368550925,
15.2008007650761));
#5142=CARTESIAN_POINT('Ctrl Pts',(-8.48925254006727E-14,-5.64072736976991,
15.2160422746554));
#5143=CARTESIAN_POINT('Ctrl Pts',(-8.49043058082088E-14,-5.59739876157205,
15.2311047825626));
#5144=CARTESIAN_POINT('Ctrl Pts',(-8.49137689038252E-14,-5.56259327958482,
15.2432043599425));
#5145=CARTESIAN_POINT('Ctrl Pts',(-8.47768481245287E-14,-5.52774013339249,
15.255188743499));
#5146=CARTESIAN_POINT('Ctrl Pts',(-8.47794057179385E-14,-5.49285624902258,
15.2670521827056));
#5147=CARTESIAN_POINT('Ctrl Pts',(-8.48041629108039E-14,-5.15518449481729,
15.3818888300619));
#5148=CARTESIAN_POINT('Ctrl Pts',(-8.42699437591206E-14,-4.81428261134213,
15.4855203484478));
#5149=CARTESIAN_POINT('Ctrl Pts',(-8.43214387202806E-14,-4.47073683137176,
15.577868003183));
#5150=CARTESIAN_POINT('Ctrl Pts',(-8.43733046280217E-14,-4.12471630184096,
15.6708808889625));
#5151=CARTESIAN_POINT('Ctrl Pts',(-8.48820360497581E-14,-3.77601310095553,
15.7524469472573));
#5152=CARTESIAN_POINT('Ctrl Pts',(-8.48765502325932E-14,-3.425205670113,
15.8224372376781));
#5153=CARTESIAN_POINT('Ctrl Pts',(-8.4871074402356E-14,-3.07503688404286,
15.8923001108062));
#5154=CARTESIAN_POINT('Ctrl Pts',(-8.45417471603208E-14,-2.72277095359085,
15.9506294495327));
#5155=CARTESIAN_POINT('Ctrl Pts',(-8.45989944764369E-14,-2.3689711882449,
15.9972466260031));
#5156=CARTESIAN_POINT('Ctrl Pts',(-8.46556364636272E-14,-2.01891247569364,
16.0433708758654));
#5157=CARTESIAN_POINT('Ctrl Pts',(-8.52983294286653E-14,-1.6673516486813,
16.078029393555));
#5158=CARTESIAN_POINT('Ctrl Pts',(-8.53761505936745E-14,-1.31483089810663,
16.1009985811229));
#5159=CARTESIAN_POINT('Ctrl Pts',(-8.54229860016201E-14,-1.10267199300041,
16.1148222147038));
#5160=CARTESIAN_POINT('Ctrl Pts',(-8.54083525687787E-14,-0.89016537061805,
16.1244109493081));
#5161=CARTESIAN_POINT('Ctrl Pts',(-8.54039061692902E-14,-0.677429851992146,
16.1297069270711));
#5162=CARTESIAN_POINT('Ctrl Pts',(-8.5397421354712E-14,-0.345005896371831,
16.1379825074172));
#5163=CARTESIAN_POINT('Ctrl Pts',(-8.52244395733024E-14,-0.0120223979625362,
16.135777883522));
#5164=CARTESIAN_POINT('Ctrl Pts',(-8.52096171399808E-14,0.321043703787536,
16.1231547798005));
#5165=CARTESIAN_POINT('Ctrl Pts',(-8.52059865007865E-14,0.402625642262033,
16.1200628492024));
#5166=CARTESIAN_POINT('Ctrl Pts',(-8.53428356017927E-14,0.484212485080678,
16.1163456683806));
#5167=CARTESIAN_POINT('Ctrl Pts',(-8.53483950180589E-14,0.565797111446182,
16.1120038040025));
#5168=CARTESIAN_POINT('Ctrl Pts',(-8.53517163816997E-14,0.614538237975686,
16.1094098427324));
#5169=CARTESIAN_POINT('Ctrl Pts',(-8.4614481341461E-14,0.663284104499252,
16.1065925223909));
#5170=CARTESIAN_POINT('Ctrl Pts',(-8.46267500520526E-14,0.712000977788465,
16.1035540928055));
#5171=CARTESIAN_POINT('Ctrl Pts',(-8.47155599227136E-14,1.0646492193071,
16.0815597245723));
#5172=CARTESIAN_POINT('Ctrl Pts',(-8.54212915224083E-14,1.41605059970068,
16.047971878073));
#5173=CARTESIAN_POINT('Ctrl Pts',(-8.53761505936745E-14,1.7656491976815,
16.0030202079355));
#5174=CARTESIAN_POINT('Ctrl Pts',(-8.53306171879556E-14,2.11828737432396,
15.9576777063182));
#5175=CARTESIAN_POINT('Ctrl Pts',(-8.49181638012537E-14,2.46909184711636,
15.9007728379188));
#5176=CARTESIAN_POINT('Ctrl Pts',(-8.49043058082088E-14,2.81749261140246,
15.8324881445118));
#5177=CARTESIAN_POINT('Ctrl Pts',(-8.48897767741721E-14,3.1827638701148,
15.7608969240888));
#5178=CARTESIAN_POINT('Ctrl Pts',(-8.50389535628089E-14,3.5453937388549,
15.6767974040504));
#5179=CARTESIAN_POINT('Ctrl Pts',(-8.49320613838245E-14,3.90471578990814,
15.5803396558139));
#5180=CARTESIAN_POINT('Ctrl Pts',(-8.48304616676692E-14,4.24624702953827,
15.4886577391862));
#5181=CARTESIAN_POINT('Ctrl Pts',(-8.51955349992206E-14,4.58479035090953,
15.3858104892518));
#5182=CARTESIAN_POINT('Ctrl Pts',(-8.51541059887495E-14,4.91975656325598,
15.271877271725));
#5183=CARTESIAN_POINT('Ctrl Pts',(-8.51130505292905E-14,5.25170250149492,
15.1589713504873));
#5184=CARTESIAN_POINT('Ctrl Pts',(-8.42818782025618E-14,5.58013605313199,
15.0351782873095));
#5185=CARTESIAN_POINT('Ctrl Pts',(-8.41826608422025E-14,5.90445962026374,
14.9005304930896));
#5186=CARTESIAN_POINT('Ctrl Pts',(-8.4124326331552E-14,6.09514456201736,
14.8213647789693));
#5187=CARTESIAN_POINT('Ctrl Pts',(-8.44069540823039E-14,6.28440826517078,
14.7384459564985));
#5188=CARTESIAN_POINT('Ctrl Pts',(-8.43491942958963E-14,6.47212423947771,
14.6517736612635));
#5189=CARTESIAN_POINT('Ctrl Pts',(-8.4332359785077E-14,6.52683542864531,
14.6265123889733));
#5190=CARTESIAN_POINT('Ctrl Pts',(-8.49187952130434E-14,6.58141511537627,
14.6009322363542));
#5191=CARTESIAN_POINT('Ctrl Pts',(-8.49043058082088E-14,6.63586009922271,
14.5750331139747));
#5192=CARTESIAN_POINT('Ctrl Pts',(-8.48953929559147E-14,6.669350784639,
14.5591018141764));
#5193=CARTESIAN_POINT('Ctrl Pts',(-8.4072978043553E-14,6.70278900273385,
14.5430505014751));
#5194=CARTESIAN_POINT('Ctrl Pts',(-8.407163853974E-14,6.73616318614092,
14.5268845211965));
#5195=CARTESIAN_POINT('Ctrl Pts',(-8.40676842268102E-14,6.83468620913369,
14.479161368625));
#5196=CARTESIAN_POINT('Ctrl Pts',(-8.46624142535277E-14,6.93267729148268,
14.4304265880429));
#5197=CARTESIAN_POINT('Ctrl Pts',(-8.46545056276682E-14,7.03011968138084,
14.3806841865677));
#5198=CARTESIAN_POINT('Ctrl Pts',(-8.4628514045169E-14,7.34432034137436,
14.2202910005068));
#5199=CARTESIAN_POINT('Ctrl Pts',(-8.44986659970335E-14,7.65281784631008,
14.0494249797017));
#5200=CARTESIAN_POINT('Ctrl Pts',(-8.44324610227432E-14,7.95521443805603,
13.8685324296768));
#5201=CARTESIAN_POINT('Ctrl Pts',(-8.43658845614137E-14,8.2593078269945,
13.686624861694));
#5202=CARTESIAN_POINT('Ctrl Pts',(-8.39614023485047E-14,8.55723209740415,
13.4945775707318));
#5203=CARTESIAN_POINT('Ctrl Pts',(-8.38218383591993E-14,8.84855594157872,
13.2927986725451));
#5204=CARTESIAN_POINT('Ctrl Pts',(-8.36823085675847E-14,9.13980840199021,
13.0910692167139));
#5205=CARTESIAN_POINT('Ctrl Pts',(-8.40847164065993E-14,9.42446410458242,
12.8796125270464));
#5206=CARTESIAN_POINT('Ctrl Pts',(-8.39328606616618E-14,9.70205870206155,
12.6587965432929));
#5207=CARTESIAN_POINT('Ctrl Pts',(-8.38772978621016E-14,9.80362833964812,
12.5780017452427));
#5208=CARTESIAN_POINT('Ctrl Pts',(-8.33538594189244E-14,9.90425230320461,
12.4959535975717));
#5209=CARTESIAN_POINT('Ctrl Pts',(-8.32667268468867E-14,10.0039065532499,
12.4126689486467));
#5210=CARTESIAN_POINT('Ctrl Pts',(-8.32254628824521E-14,10.0511004938563,
12.3732272713172));
#5211=CARTESIAN_POINT('Ctrl Pts',(-8.32925275037382E-14,10.0980769413351,
12.3335082690884));
#5212=CARTESIAN_POINT('Ctrl Pts',(-8.32667268468867E-14,10.1448332835398,
12.2935136862483));
#5213=CARTESIAN_POINT('Ctrl Pts',(-8.32488599865392E-14,10.1772118792222,
12.2658175841539));
#5214=CARTESIAN_POINT('Ctrl Pts',(-8.37364922732628E-14,10.2094773919704,
12.2379957613749));
#5215=CARTESIAN_POINT('Ctrl Pts',(-8.37108160567368E-14,10.2416277080274,
12.210050194961));
#5216=CARTESIAN_POINT('Ctrl Pts',(-8.34973998079296E-14,10.5088555468297,
11.9777715043365));
#5217=CARTESIAN_POINT('Ctrl Pts',(-8.32442181960033E-14,10.7681595896173,
11.7369197568668));
#5218=CARTESIAN_POINT('Ctrl Pts',(-8.31557045444242E-14,11.0191220621452,
11.4879108660847));
#5219=CARTESIAN_POINT('Ctrl Pts',(-8.3067335381094E-14,11.2696748676046,
11.2393084533761));
#5220=CARTESIAN_POINT('Ctrl Pts',(-8.30048462099596E-14,11.5119137289291,
10.9825750962248));
#5221=CARTESIAN_POINT('Ctrl Pts',(-8.29336599394992E-14,11.7453876441668,
10.7180867063099));
#5222=CARTESIAN_POINT('Ctrl Pts',(-8.28632613422542E-14,11.9762781799359,
10.4565248697768));
#5223=CARTESIAN_POINT('Ctrl Pts',(-8.22453473489184E-14,12.1985970016854,
10.1873782356614));
#5224=CARTESIAN_POINT('Ctrl Pts',(-8.19899703685678E-14,12.4118678899491,
9.9109795680496));
#5225=CARTESIAN_POINT('Ctrl Pts',(-8.17795947085837E-14,12.587557193708,
9.68328656283936));
#5226=CARTESIAN_POINT('Ctrl Pts',(-8.25488462978388E-14,12.7571057601018,
9.45067152369184));
#5227=CARTESIAN_POINT('Ctrl Pts',(-8.24340595784179E-14,12.9202241036363,
9.2133075317345));
#5228=CARTESIAN_POINT('Ctrl Pts',(11.9999999999999,-14.8575756077413,7.04214534501037));
#5229=CARTESIAN_POINT('Ctrl Pts',(11.9736517819618,-13.6917432597072,9.50182792869058));
#5230=CARTESIAN_POINT('Ctrl Pts',(11.9473035639238,-11.9040391682712,11.6652605836253));
#5231=CARTESIAN_POINT('Ctrl Pts',(11.9209553458857,-9.7080314225879,13.271832393457));
#5232=CARTESIAN_POINT('Ctrl Pts',(11.8946071278476,-7.51202367690455,14.8784042032889));
#5233=CARTESIAN_POINT('Ctrl Pts',(11.8682589098096,-4.90771227697389,15.9281151680177));
#5234=CARTESIAN_POINT('Ctrl Pts',(11.8419106917715,-2.21102154082233,16.2940547745655));
#5235=CARTESIAN_POINT('Ctrl Pts',(11.8155624737335,0.485669195329224,16.6599943811134));
#5236=CARTESIAN_POINT('Ctrl Pts',(11.7892142556954,3.27473926770168,16.3421626294803));
#5237=CARTESIAN_POINT('Ctrl Pts',(11.7628660376573,5.81979546741521,15.3790094244177));
#5238=CARTESIAN_POINT('Ctrl Pts',(11.7365178196193,8.36485166712866,14.4158562193551));
#5239=CARTESIAN_POINT('Ctrl Pts',(11.7101696015812,10.6658939941832,12.807381560863));
#5240=CARTESIAN_POINT('Ctrl Pts',(11.6838213835431,12.4446281882306,10.7478903418739));
#5241=CARTESIAN_POINT('Ctrl Pts',(11.6574731655051,14.223362382278,8.6883991228848));
#5242=CARTESIAN_POINT('Ctrl Pts',(11.631124947467,15.4797884433182,6.1778913433987));
#5243=CARTESIAN_POINT('Ctrl Pts',(11.604776729429,16.0622568137232,3.51969381083898));
#5244=CARTESIAN_POINT('Ctrl Pts',(11.5784285113909,16.6447251841283,0.861496278279247));
#5245=CARTESIAN_POINT('Ctrl Pts',(11.5520802933528,16.5532358638982,-1.94439100735412));
#5246=CARTESIAN_POINT('Ctrl Pts',(11.5257320753148,15.7987654892058,-4.55897542686897));
#5247=CARTESIAN_POINT('Ctrl Pts',(11.4993838572767,15.0442951145135,-7.17355984638375));
#5248=CARTESIAN_POINT('Ctrl Pts',(11.4730356392387,13.6268436853588,-9.59684139978002));
#5249=CARTESIAN_POINT('Ctrl Pts',(11.4466874212006,11.7177037407047,-11.5360419034096));
#5250=CARTESIAN_POINT('Ctrl Pts',(11.4203392031625,9.8085637960505,-13.4752424070391));
#5251=CARTESIAN_POINT('Ctrl Pts',(11.3939909851245,7.4077353358968,-14.930361860902));
#5252=CARTESIAN_POINT('Ctrl Pts',(11.3676427670864,4.80525943616485,-15.7255985409396));
#5253=CARTESIAN_POINT('Ctrl Pts',(11.3519098668183,3.25128361428563,-16.2004458098719));
#5254=CARTESIAN_POINT('Ctrl Pts',(11.3361769665501,1.62541128497455,-16.4400147789573));
#5255=CARTESIAN_POINT('Ctrl Pts',(11.320444066282,-0.000228084296962083,
-16.4408236834913));
#5256=CARTESIAN_POINT('Origin',(9.89999999999991,34.0000005066395,4.36260180405187E-15));
#5257=CARTESIAN_POINT('',(9.89999999999991,31.9000005066395,4.61977763187282E-15));
#5258=CARTESIAN_POINT('Origin',(9.89999999999991,-34.,4.36260180405187E-15));
#5259=CARTESIAN_POINT('',(9.89999999999991,-36.1,4.61977763187282E-15));
#5260=CARTESIAN_POINT('Origin',(9.89999999999992,0.,-34.));
#5261=CARTESIAN_POINT('',(9.89999999999992,-2.1,-34.));
#5262=CARTESIAN_POINT('Origin',(9.89999999999989,0.,34.0000005066395));
#5263=CARTESIAN_POINT('',(9.89999999999989,-2.1,34.0000005066395));
#5264=CARTESIAN_POINT('Origin',(23.4999999999999,0.,1.03556709490121E-14));
#5265=CARTESIAN_POINT('',(21.9999999999999,2.20436423846524E-15,-18.));
#5266=CARTESIAN_POINT('',(23.4999999999999,2.20436423846524E-15,-18.));
#5267=CARTESIAN_POINT('Origin',(21.9999999999999,0.,9.69467067567088E-15));
#5268=CARTESIAN_POINT('Origin',(21.9999999999999,0.,13.));
#5269=CARTESIAN_POINT('',(21.9999999999999,0.,-13.));
#5270=CARTESIAN_POINT('Origin',(21.9999999999999,0.,9.69467067567089E-15));
#5271=CARTESIAN_POINT('Origin',(-8.5444263980689E-14,0.,17.4999999999996));
#5272=CARTESIAN_POINT('',(-4.21884749357559E-14,1.59204083889156E-15,-13.));
#5273=CARTESIAN_POINT('Origin',(-4.66293670342566E-14,0.,-1.97215226305253E-29));
#5274=CARTESIAN_POINT('Origin',(10.9999999999999,0.,4.84733533783543E-15));
#5275=CARTESIAN_POINT('Origin',(10.9999999999999,0.,4.84733533783543E-15));
#5276=CARTESIAN_POINT('',(10.9999999999999,1.59204083889156E-15,-13.));
#5277=UNCERTAINTY_MEASURE_WITH_UNIT(LENGTH_MEASURE(0.01),#5281,
'DISTANCE_ACCURACY_VALUE',
'Maximum model space distance between geometric entities at asserted c
onnectivities');
#5278=UNCERTAINTY_MEASURE_WITH_UNIT(LENGTH_MEASURE(0.01),#5281,
'DISTANCE_ACCURACY_VALUE',
'Maximum model space distance between geometric entities at asserted c
onnectivities');
#5279=(
GEOMETRIC_REPRESENTATION_CONTEXT(3)
GLOBAL_UNCERTAINTY_ASSIGNED_CONTEXT((#5277))
GLOBAL_UNIT_ASSIGNED_CONTEXT((#5281,#5283,#5284))
REPRESENTATION_CONTEXT('','3D')
);
#5280=(
GEOMETRIC_REPRESENTATION_CONTEXT(3)
GLOBAL_UNCERTAINTY_ASSIGNED_CONTEXT((#5278))
GLOBAL_UNIT_ASSIGNED_CONTEXT((#5281,#5283,#5284))
REPRESENTATION_CONTEXT('','3D')
);
#5281=(
LENGTH_UNIT()
NAMED_UNIT(*)
SI_UNIT(.MILLI.,.METRE.)
);
#5282=(
LENGTH_UNIT()
NAMED_UNIT(*)
SI_UNIT($,.METRE.)
);
#5283=(
NAMED_UNIT(*)
PLANE_ANGLE_UNIT()
SI_UNIT($,.RADIAN.)
);
#5284=(
NAMED_UNIT(*)
SI_UNIT($,.STERADIAN.)
SOLID_ANGLE_UNIT()
);
#5285=SHAPE_DEFINITION_REPRESENTATION(#5286,#5287);
#5286=PRODUCT_DEFINITION_SHAPE('',$,#5289);
#5287=SHAPE_REPRESENTATION('',(#1328),#5279);
#5288=PRODUCT_DEFINITION_CONTEXT('part definition',#5293,'design');
#5289=PRODUCT_DEFINITION('2026-08-03-19-34-07-480',
'adjustmentMechanismConnectorObjective',#5290,#5288);
#5290=PRODUCT_DEFINITION_FORMATION('',$,#5295);
#5291=PRODUCT_RELATED_PRODUCT_CATEGORY(
'adjustmentMechanismConnectorObjective',
'adjustmentMechanismConnectorObjective',(#5295));
#5292=APPLICATION_PROTOCOL_DEFINITION('international standard',
'automotive_design',2009,#5293);
#5293=APPLICATION_CONTEXT(
'Core Data for Automotive Mechanical Design Process');
#5294=PRODUCT_CONTEXT('part definition',#5293,'mechanical');
#5295=PRODUCT('2026-08-03-19-34-07-480',
'adjustmentMechanismConnectorObjective',$,(#5294));
#5296=PRESENTATION_STYLE_ASSIGNMENT((#5297));
#5297=SURFACE_STYLE_USAGE(.BOTH.,#5298);
#5298=SURFACE_SIDE_STYLE('',(#5299));
#5299=SURFACE_STYLE_FILL_AREA(#5300);
#5300=FILL_AREA_STYLE('Steel - Satin',(#5301));
#5301=FILL_AREA_STYLE_COLOUR('Steel - Satin',#5302);
#5302=COLOUR_RGB('Steel - Satin',0.627450980392157,0.627450980392157,0.627450980392157);
ENDSEC;
END-ISO-10303-21;
