ISO-10303-21;
HEADER;
/* Generated by software containing ST-Developer
 * from STEP Tools, Inc. (www.steptools.com) 
 */

FILE_DESCRIPTION(
/* description */ (''),
/* implementation_level */ '2;1');

FILE_NAME(
/* name */ 'adjustmentMechanismMiddle.step',
/* time_stamp */ '2026-08-03T19:34:16+02:00',
/* author */ (''),
/* organization */ (''),
/* preprocessor_version */ 'ST-DEVELOPER v20.1',
/* originating_system */ 'Autodesk Translation Framework v15.8.0.0',
/* authorisation */ '');

FILE_SCHEMA (('AUTOMOTIVE_DESIGN { 1 0 10303 214 3 1 1 }'));
ENDSEC;

DATA;
#10=MECHANICAL_DESIGN_GEOMETRIC_PRESENTATION_REPRESENTATION('',(#13),#8632);
#11=SHAPE_REPRESENTATION_RELATIONSHIP('SRR','None',#8639,#12);
#12=ADVANCED_BREP_SHAPE_REPRESENTATION('',(#14),#8631);
#13=STYLED_ITEM('',(#8648),#14);
#14=MANIFOLD_SOLID_BREP('Body1',#1765);
#15=B_SPLINE_SURFACE_WITH_KNOTS('',3,3,((#5685,#5686,#5687,#5688,#5689,
#5690,#5691,#5692,#5693,#5694,#5695,#5696,#5697,#5698,#5699,#5700,#5701,
#5702,#5703,#5704,#5705,#5706,#5707,#5708,#5709,#5710,#5711,#5712,#5713,
#5714,#5715,#5716,#5717,#5718,#5719,#5720,#5721,#5722,#5723,#5724,#5725,
#5726,#5727,#5728,#5729,#5730,#5731,#5732,#5733,#5734,#5735,#5736,#5737,
#5738,#5739,#5740,#5741,#5742,#5743,#5744,#5745,#5746,#5747,#5748,#5749,
#5750,#5751,#5752,#5753,#5754,#5755,#5756,#5757,#5758,#5759,#5760,#5761,
#5762,#5763,#5764,#5765,#5766,#5767,#5768,#5769,#5770,#5771,#5772,#5773,
#5774,#5775,#5776,#5777,#5778,#5779,#5780,#5781,#5782,#5783,#5784,#5785,
#5786,#5787,#5788,#5789,#5790,#5791,#5792,#5793,#5794,#5795,#5796,#5797,
#5798,#5799,#5800,#5801,#5802,#5803,#5804,#5805,#5806,#5807,#5808,#5809,
#5810,#5811,#5812,#5813,#5814,#5815,#5816,#5817,#5818,#5819,#5820,#5821,
#5822,#5823,#5824,#5825,#5826,#5827,#5828,#5829,#5830,#5831),(#5832,#5833,
#5834,#5835,#5836,#5837,#5838,#5839,#5840,#5841,#5842,#5843,#5844,#5845,
#5846,#5847,#5848,#5849,#5850,#5851,#5852,#5853,#5854,#5855,#5856,#5857,
#5858,#5859,#5860,#5861,#5862,#5863,#5864,#5865,#5866,#5867,#5868,#5869,
#5870,#5871,#5872,#5873,#5874,#5875,#5876,#5877,#5878,#5879,#5880,#5881,
#5882,#5883,#5884,#5885,#5886,#5887,#5888,#5889,#5890,#5891,#5892,#5893,
#5894,#5895,#5896,#5897,#5898,#5899,#5900,#5901,#5902,#5903,#5904,#5905,
#5906,#5907,#5908,#5909,#5910,#5911,#5912,#5913,#5914,#5915,#5916,#5917,
#5918,#5919,#5920,#5921,#5922,#5923,#5924,#5925,#5926,#5927,#5928,#5929,
#5930,#5931,#5932,#5933,#5934,#5935,#5936,#5937,#5938,#5939,#5940,#5941,
#5942,#5943,#5944,#5945,#5946,#5947,#5948,#5949,#5950,#5951,#5952,#5953,
#5954,#5955,#5956,#5957,#5958,#5959,#5960,#5961,#5962,#5963,#5964,#5965,
#5966,#5967,#5968,#5969,#5970,#5971,#5972,#5973,#5974,#5975,#5976,#5977,
#5978),(#5979,#5980,#5981,#5982,#5983,#5984,#5985,#5986,#5987,#5988,#5989,
#5990,#5991,#5992,#5993,#5994,#5995,#5996,#5997,#5998,#5999,#6000,#6001,
#6002,#6003,#6004,#6005,#6006,#6007,#6008,#6009,#6010,#6011,#6012,#6013,
#6014,#6015,#6016,#6017,#6018,#6019,#6020,#6021,#6022,#6023,#6024,#6025,
#6026,#6027,#6028,#6029,#6030,#6031,#6032,#6033,#6034,#6035,#6036,#6037,
#6038,#6039,#6040,#6041,#6042,#6043,#6044,#6045,#6046,#6047,#6048,#6049,
#6050,#6051,#6052,#6053,#6054,#6055,#6056,#6057,#6058,#6059,#6060,#6061,
#6062,#6063,#6064,#6065,#6066,#6067,#6068,#6069,#6070,#6071,#6072,#6073,
#6074,#6075,#6076,#6077,#6078,#6079,#6080,#6081,#6082,#6083,#6084,#6085,
#6086,#6087,#6088,#6089,#6090,#6091,#6092,#6093,#6094,#6095,#6096,#6097,
#6098,#6099,#6100,#6101,#6102,#6103,#6104,#6105,#6106,#6107,#6108,#6109,
#6110,#6111,#6112,#6113,#6114,#6115,#6116,#6117,#6118,#6119,#6120,#6121,
#6122,#6123,#6124,#6125),(#6126,#6127,#6128,#6129,#6130,#6131,#6132,#6133,
#6134,#6135,#6136,#6137,#6138,#6139,#6140,#6141,#6142,#6143,#6144,#6145,
#6146,#6147,#6148,#6149,#6150,#6151,#6152,#6153,#6154,#6155,#6156,#6157,
#6158,#6159,#6160,#6161,#6162,#6163,#6164,#6165,#6166,#6167,#6168,#6169,
#6170,#6171,#6172,#6173,#6174,#6175,#6176,#6177,#6178,#6179,#6180,#6181,
#6182,#6183,#6184,#6185,#6186,#6187,#6188,#6189,#6190,#6191,#6192,#6193,
#6194,#6195,#6196,#6197,#6198,#6199,#6200,#6201,#6202,#6203,#6204,#6205,
#6206,#6207,#6208,#6209,#6210,#6211,#6212,#6213,#6214,#6215,#6216,#6217,
#6218,#6219,#6220,#6221,#6222,#6223,#6224,#6225,#6226,#6227,#6228,#6229,
#6230,#6231,#6232,#6233,#6234,#6235,#6236,#6237,#6238,#6239,#6240,#6241,
#6242,#6243,#6244,#6245,#6246,#6247,#6248,#6249,#6250,#6251,#6252,#6253,
#6254,#6255,#6256,#6257,#6258,#6259,#6260,#6261,#6262,#6263,#6264,#6265,
#6266,#6267,#6268,#6269,#6270,#6271,#6272)),.UNSPECIFIED.,.F.,.F.,.F.,(4,
4),(4,1,1,1,1,1,1,1,1,1,1,1,1,1,1,1,1,1,1,1,1,1,1,1,1,1,1,1,1,1,1,1,1,1,
1,1,1,1,1,1,1,1,1,1,1,1,1,1,1,1,1,1,1,1,1,1,1,1,1,1,1,1,1,1,1,1,1,1,1,1,
1,1,1,1,1,1,1,1,1,1,1,1,1,1,1,1,1,1,1,1,1,1,1,1,1,1,1,1,1,1,1,1,1,1,1,1,
1,1,1,1,1,1,1,1,1,1,1,1,1,1,1,1,1,1,1,1,1,1,1,1,1,1,1,1,1,1,1,1,1,1,1,1,
1,1,4),(0.,0.064761379695001),(11.8408508686654,12.3349451542615,12.8290394398575,
13.3231337254536,13.8172280110497,14.3113222966458,14.8054165822419,15.299510867838,
15.7936051534341,16.2876994390302,16.7817937246263,17.2758880102224,17.7699822958185,
18.2640765814145,18.7581708670106,19.2522651526067,19.7463594382028,20.2404537237989,
20.734548009395,21.2286422949911,21.7227365805872,22.2168308661833,22.7109251517794,
23.2050194373754,23.6991137229715,24.1932080085676,24.6873022941637,25.1813965797598,
25.6754908653559,26.169585150952,26.6636794365481,27.1577737221442,27.6518680077403,
28.1459622933364,28.6400565789324,29.1341508645285,29.6282451501246,30.1223394357207,
30.6164337213168,31.1105280069129,31.604622292509,32.0987165781051,32.5928108637012,
33.0869051492973,33.5809994348934,34.0750937204894,34.5691880060855,35.0632822916816,
35.5573765772777,36.0514708628738,36.5455651484699,37.039659434066,37.5337537196621,
38.0278480052582,38.5219422908543,39.0160365764503,39.5101308620464,40.0042251476425,
40.4983194332386,40.9924137188347,41.4865080044308,41.9806022900269,42.474696575623,
42.9687908612191,43.4628851468152,43.9569794324113,44.4510737180073,44.9451680036034,
45.4392622891995,45.9333565747956,46.4274508603917,46.9215451459878,47.4156394315839,
47.90973371718,48.4038280027761,48.8979222883722,49.3920165739682,49.8861108595643,
50.3802051451604,50.8742994307565,51.3683937163526,51.8624880019487,52.3565822875448,
52.8506765731409,53.344770858737,53.8388651443331,54.3329594299292,54.8270537155253,
55.3211480011213,55.8152422867174,56.3093365723135,56.8034308579096,57.2975251435057,
57.7916194291018,58.2857137146979,58.779808000294,59.2739022858901,59.7679965714862,
60.2620908570822,60.7561851426783,61.2502794282744,61.7443737138705,62.2384679994666,
62.7325622850627,63.2266565706588,63.7207508562549,64.214845141851,64.7089394274471,
65.2030337130432,65.6971279986392,66.1912222842353,66.6853165698314,67.1794108554275,
67.6735051410236,68.1675994266197,68.6616937122158,69.1557879978119,69.649882283408,
70.1439765690041,70.6380708546001,71.1321651401962,71.6262594257923,72.1203537113884,
72.6144479969845,73.1085422825806,73.6026365681767,74.0967308537728,74.5908251393689,
75.084919424965,75.579013710561,76.0731079961571,76.5672022817532,77.0612965673493,
77.5553908529454,78.0494851385415,78.5435794241376,79.0376737097337,79.5317679953298,
80.0258622809259,80.519956566522,81.014050852118,81.5081451377141,82.0022394233102,
82.4963337089063,82.9904279945024),.UNSPECIFIED.);
#16=B_SPLINE_SURFACE_WITH_KNOTS('',3,3,((#6449,#6450,#6451,#6452,#6453,
#6454,#6455,#6456,#6457,#6458,#6459,#6460,#6461,#6462,#6463,#6464,#6465,
#6466,#6467,#6468,#6469,#6470,#6471,#6472,#6473,#6474,#6475,#6476,#6477,
#6478,#6479,#6480,#6481,#6482,#6483,#6484,#6485,#6486,#6487,#6488,#6489,
#6490,#6491,#6492,#6493,#6494,#6495,#6496,#6497,#6498,#6499,#6500,#6501,
#6502,#6503,#6504,#6505,#6506,#6507,#6508,#6509,#6510,#6511,#6512,#6513,
#6514,#6515,#6516,#6517,#6518,#6519,#6520,#6521,#6522,#6523,#6524,#6525,
#6526,#6527,#6528,#6529,#6530,#6531,#6532,#6533,#6534,#6535,#6536,#6537,
#6538,#6539,#6540,#6541,#6542,#6543,#6544,#6545,#6546,#6547,#6548,#6549,
#6550,#6551,#6552,#6553,#6554,#6555,#6556,#6557,#6558,#6559,#6560,#6561,
#6562,#6563,#6564,#6565,#6566,#6567,#6568,#6569,#6570,#6571,#6572,#6573,
#6574,#6575,#6576,#6577,#6578,#6579,#6580,#6581,#6582,#6583,#6584,#6585,
#6586,#6587,#6588,#6589,#6590,#6591,#6592,#6593,#6594,#6595),(#6596,#6597,
#6598,#6599,#6600,#6601,#6602,#6603,#6604,#6605,#6606,#6607,#6608,#6609,
#6610,#6611,#6612,#6613,#6614,#6615,#6616,#6617,#6618,#6619,#6620,#6621,
#6622,#6623,#6624,#6625,#6626,#6627,#6628,#6629,#6630,#6631,#6632,#6633,
#6634,#6635,#6636,#6637,#6638,#6639,#6640,#6641,#6642,#6643,#6644,#6645,
#6646,#6647,#6648,#6649,#6650,#6651,#6652,#6653,#6654,#6655,#6656,#6657,
#6658,#6659,#6660,#6661,#6662,#6663,#6664,#6665,#6666,#6667,#6668,#6669,
#6670,#6671,#6672,#6673,#6674,#6675,#6676,#6677,#6678,#6679,#6680,#6681,
#6682,#6683,#6684,#6685,#6686,#6687,#6688,#6689,#6690,#6691,#6692,#6693,
#6694,#6695,#6696,#6697,#6698,#6699,#6700,#6701,#6702,#6703,#6704,#6705,
#6706,#6707,#6708,#6709,#6710,#6711,#6712,#6713,#6714,#6715,#6716,#6717,
#6718,#6719,#6720,#6721,#6722,#6723,#6724,#6725,#6726,#6727,#6728,#6729,
#6730,#6731,#6732,#6733,#6734,#6735,#6736,#6737,#6738,#6739,#6740,#6741,
#6742),(#6743,#6744,#6745,#6746,#6747,#6748,#6749,#6750,#6751,#6752,#6753,
#6754,#6755,#6756,#6757,#6758,#6759,#6760,#6761,#6762,#6763,#6764,#6765,
#6766,#6767,#6768,#6769,#6770,#6771,#6772,#6773,#6774,#6775,#6776,#6777,
#6778,#6779,#6780,#6781,#6782,#6783,#6784,#6785,#6786,#6787,#6788,#6789,
#6790,#6791,#6792,#6793,#6794,#6795,#6796,#6797,#6798,#6799,#6800,#6801,
#6802,#6803,#6804,#6805,#6806,#6807,#6808,#6809,#6810,#6811,#6812,#6813,
#6814,#6815,#6816,#6817,#6818,#6819,#6820,#6821,#6822,#6823,#6824,#6825,
#6826,#6827,#6828,#6829,#6830,#6831,#6832,#6833,#6834,#6835,#6836,#6837,
#6838,#6839,#6840,#6841,#6842,#6843,#6844,#6845,#6846,#6847,#6848,#6849,
#6850,#6851,#6852,#6853,#6854,#6855,#6856,#6857,#6858,#6859,#6860,#6861,
#6862,#6863,#6864,#6865,#6866,#6867,#6868,#6869,#6870,#6871,#6872,#6873,
#6874,#6875,#6876,#6877,#6878,#6879,#6880,#6881,#6882,#6883,#6884,#6885,
#6886,#6887,#6888,#6889),(#6890,#6891,#6892,#6893,#6894,#6895,#6896,#6897,
#6898,#6899,#6900,#6901,#6902,#6903,#6904,#6905,#6906,#6907,#6908,#6909,
#6910,#6911,#6912,#6913,#6914,#6915,#6916,#6917,#6918,#6919,#6920,#6921,
#6922,#6923,#6924,#6925,#6926,#6927,#6928,#6929,#6930,#6931,#6932,#6933,
#6934,#6935,#6936,#6937,#6938,#6939,#6940,#6941,#6942,#6943,#6944,#6945,
#6946,#6947,#6948,#6949,#6950,#6951,#6952,#6953,#6954,#6955,#6956,#6957,
#6958,#6959,#6960,#6961,#6962,#6963,#6964,#6965,#6966,#6967,#6968,#6969,
#6970,#6971,#6972,#6973,#6974,#6975,#6976,#6977,#6978,#6979,#6980,#6981,
#6982,#6983,#6984,#6985,#6986,#6987,#6988,#6989,#6990,#6991,#6992,#6993,
#6994,#6995,#6996,#6997,#6998,#6999,#7000,#7001,#7002,#7003,#7004,#7005,
#7006,#7007,#7008,#7009,#7010,#7011,#7012,#7013,#7014,#7015,#7016,#7017,
#7018,#7019,#7020,#7021,#7022,#7023,#7024,#7025,#7026,#7027,#7028,#7029,
#7030,#7031,#7032,#7033,#7034,#7035,#7036)),.UNSPECIFIED.,.F.,.F.,.F.,(4,
4),(4,1,1,1,1,1,1,1,1,1,1,1,1,1,1,1,1,1,1,1,1,1,1,1,1,1,1,1,1,1,1,1,1,1,
1,1,1,1,1,1,1,1,1,1,1,1,1,1,1,1,1,1,1,1,1,1,1,1,1,1,1,1,1,1,1,1,1,1,1,1,
1,1,1,1,1,1,1,1,1,1,1,1,1,1,1,1,1,1,1,1,1,1,1,1,1,1,1,1,1,1,1,1,1,1,1,1,
1,1,1,1,1,1,1,1,1,1,1,1,1,1,1,1,1,1,1,1,1,1,1,1,1,1,1,1,1,1,1,1,1,1,1,1,
1,1,4),(0.,0.064761379695001),(14.398944266781,14.8930385523771,15.3871328379732,
15.8812271235693,16.3753214091654,16.8694156947614,17.3635099803575,17.8576042659536,
18.3516985515497,18.8457928371458,19.3398871227419,19.833981408338,20.3280756939341,
20.8221699795302,21.3162642651263,21.8103585507224,22.3044528363184,22.7985471219145,
23.2926414075106,23.7867356931067,24.2808299787028,24.7749242642989,25.269018549895,
25.7631128354911,26.2572071210872,26.7513014066833,27.2453956922794,27.7394899778754,
28.2335842634715,28.7276785490676,29.2217728346637,29.7158671202598,30.2099614058559,
30.704055691452,31.1981499770481,31.6922442626442,32.1863385482403,32.6804328338363,
33.1745271194324,33.6686214050285,34.1627156906246,34.6568099762207,35.1509042618168,
35.6449985474129,36.139092833009,36.6331871186051,37.1272814042012,37.6213756897973,
38.1154699753933,38.6095642609894,39.1036585465855,39.5977528321816,40.0918471177777,
40.5859414033738,41.0800356889699,41.574129974566,42.0682242601621,42.5623185457582,
43.0564128313543,43.5505071169503,44.0446014025464,44.5386956881425,45.0327899737386,
45.5268842593347,46.0209785449308,46.5150728305269,47.009167116123,47.5032614017191,
47.9973556873152,48.4914499729112,48.9855442585073,49.4796385441034,49.9737328296995,
50.4678271152956,50.9619214008917,51.4560156864878,51.9501099720839,52.44420425768,
52.9382985432761,53.4323928288722,53.9264871144682,54.4205814000643,54.9146756856604,
55.4087699712565,55.9028642568526,56.3969585424487,56.8910528280448,57.3851471136409,
57.879241399237,58.3733356848331,58.8674299704291,59.3615242560252,59.8556185416213,
60.3497128272174,60.8438071128135,61.3379013984096,61.8319956840057,62.3260899696018,
62.8201842551979,63.314278540794,63.8083728263901,64.3024671119861,64.7965613975822,
65.2906556831783,65.7847499687744,66.2788442543705,66.7729385399666,67.2670328255627,
67.7611271111588,68.2552213967549,68.749315682351,69.2434099679471,69.7375042535431,
70.2315985391392,70.7256928247353,71.2197871103314,71.7138813959275,72.2079756815236,
72.7020699671197,73.1961642527158,73.6902585383119,74.184352823908,74.678447109504,
75.1725413951001,75.6666356806962,76.1607299662923,76.6548242518884,77.1489185374845,
77.6430128230806,78.1371071086767,78.6312013942728,79.1252956798689,79.619389965465,
80.1134842510611,80.6075785366571,81.1016728222532,81.5957671078493,82.0898613934454,
82.5839556790415,83.0780499646376,83.5721442502337,84.0662385358298,84.5603328214259,
85.054427107022,85.5485213926181),.UNSPECIFIED.);
#17=B_SPLINE_SURFACE_WITH_KNOTS('',3,3,((#7220,#7221,#7222,#7223,#7224,
#7225,#7226,#7227,#7228,#7229,#7230,#7231,#7232,#7233,#7234,#7235,#7236,
#7237,#7238,#7239,#7240,#7241,#7242,#7243,#7244,#7245,#7246,#7247,#7248,
#7249,#7250,#7251,#7252,#7253,#7254,#7255,#7256,#7257,#7258,#7259,#7260,
#7261,#7262,#7263,#7264,#7265,#7266,#7267,#7268,#7269,#7270,#7271,#7272,
#7273,#7274,#7275,#7276,#7277,#7278,#7279,#7280,#7281,#7282,#7283,#7284,
#7285,#7286,#7287,#7288,#7289,#7290,#7291,#7292,#7293,#7294,#7295,#7296,
#7297,#7298,#7299,#7300,#7301,#7302,#7303,#7304,#7305,#7306,#7307,#7308,
#7309,#7310,#7311,#7312,#7313,#7314,#7315,#7316,#7317,#7318,#7319,#7320,
#7321,#7322,#7323,#7324,#7325,#7326,#7327,#7328,#7329,#7330,#7331,#7332,
#7333,#7334,#7335,#7336,#7337,#7338,#7339,#7340,#7341,#7342,#7343,#7344,
#7345,#7346,#7347,#7348,#7349,#7350,#7351,#7352),(#7353,#7354,#7355,#7356,
#7357,#7358,#7359,#7360,#7361,#7362,#7363,#7364,#7365,#7366,#7367,#7368,
#7369,#7370,#7371,#7372,#7373,#7374,#7375,#7376,#7377,#7378,#7379,#7380,
#7381,#7382,#7383,#7384,#7385,#7386,#7387,#7388,#7389,#7390,#7391,#7392,
#7393,#7394,#7395,#7396,#7397,#7398,#7399,#7400,#7401,#7402,#7403,#7404,
#7405,#7406,#7407,#7408,#7409,#7410,#7411,#7412,#7413,#7414,#7415,#7416,
#7417,#7418,#7419,#7420,#7421,#7422,#7423,#7424,#7425,#7426,#7427,#7428,
#7429,#7430,#7431,#7432,#7433,#7434,#7435,#7436,#7437,#7438,#7439,#7440,
#7441,#7442,#7443,#7444,#7445,#7446,#7447,#7448,#7449,#7450,#7451,#7452,
#7453,#7454,#7455,#7456,#7457,#7458,#7459,#7460,#7461,#7462,#7463,#7464,
#7465,#7466,#7467,#7468,#7469,#7470,#7471,#7472,#7473,#7474,#7475,#7476,
#7477,#7478,#7479,#7480,#7481,#7482,#7483,#7484,#7485),(#7486,#7487,#7488,
#7489,#7490,#7491,#7492,#7493,#7494,#7495,#7496,#7497,#7498,#7499,#7500,
#7501,#7502,#7503,#7504,#7505,#7506,#7507,#7508,#7509,#7510,#7511,#7512,
#7513,#7514,#7515,#7516,#7517,#7518,#7519,#7520,#7521,#7522,#7523,#7524,
#7525,#7526,#7527,#7528,#7529,#7530,#7531,#7532,#7533,#7534,#7535,#7536,
#7537,#7538,#7539,#7540,#7541,#7542,#7543,#7544,#7545,#7546,#7547,#7548,
#7549,#7550,#7551,#7552,#7553,#7554,#7555,#7556,#7557,#7558,#7559,#7560,
#7561,#7562,#7563,#7564,#7565,#7566,#7567,#7568,#7569,#7570,#7571,#7572,
#7573,#7574,#7575,#7576,#7577,#7578,#7579,#7580,#7581,#7582,#7583,#7584,
#7585,#7586,#7587,#7588,#7589,#7590,#7591,#7592,#7593,#7594,#7595,#7596,
#7597,#7598,#7599,#7600,#7601,#7602,#7603,#7604,#7605,#7606,#7607,#7608,
#7609,#7610,#7611,#7612,#7613,#7614,#7615,#7616,#7617,#7618),(#7619,#7620,
#7621,#7622,#7623,#7624,#7625,#7626,#7627,#7628,#7629,#7630,#7631,#7632,
#7633,#7634,#7635,#7636,#7637,#7638,#7639,#7640,#7641,#7642,#7643,#7644,
#7645,#7646,#7647,#7648,#7649,#7650,#7651,#7652,#7653,#7654,#7655,#7656,
#7657,#7658,#7659,#7660,#7661,#7662,#7663,#7664,#7665,#7666,#7667,#7668,
#7669,#7670,#7671,#7672,#7673,#7674,#7675,#7676,#7677,#7678,#7679,#7680,
#7681,#7682,#7683,#7684,#7685,#7686,#7687,#7688,#7689,#7690,#7691,#7692,
#7693,#7694,#7695,#7696,#7697,#7698,#7699,#7700,#7701,#7702,#7703,#7704,
#7705,#7706,#7707,#7708,#7709,#7710,#7711,#7712,#7713,#7714,#7715,#7716,
#7717,#7718,#7719,#7720,#7721,#7722,#7723,#7724,#7725,#7726,#7727,#7728,
#7729,#7730,#7731,#7732,#7733,#7734,#7735,#7736,#7737,#7738,#7739,#7740,
#7741,#7742,#7743,#7744,#7745,#7746,#7747,#7748,#7749,#7750,#7751)),
 .UNSPECIFIED.,.F.,.F.,.F.,(4,4),(4,1,1,1,1,1,1,1,1,1,1,1,1,1,1,1,1,1,1,
1,1,1,1,1,1,1,1,1,1,1,1,1,1,1,1,1,1,1,1,1,1,1,1,1,1,1,1,1,1,1,1,1,1,1,1,
1,1,1,1,1,1,1,1,1,1,1,1,1,1,1,1,1,1,1,1,1,1,1,1,1,1,1,1,1,1,1,1,1,1,1,1,
1,1,1,1,1,1,1,1,1,1,1,1,1,1,1,1,1,1,1,1,1,1,1,1,1,1,1,1,1,1,1,1,1,1,1,1,
1,1,1,4),(0.,0.0647613796950008),(11.8408508686654,12.3398231134243,12.8387953581832,
13.3377676029421,13.836739847701,14.3357120924599,14.8346843372189,15.3336565819778,
15.8326288267367,16.3316010714956,16.8305733162545,17.3295455610134,17.8285178057723,
18.3274900505312,18.8264622952901,19.325434540049,19.8244067848079,20.3233790295668,
20.8223512743257,21.3213235190846,21.8202957638435,22.3192680086024,22.8182402533613,
23.3172124981202,23.8161847428791,24.315156987638,24.8141292323969,25.3131014771558,
25.8120737219147,26.3110459666736,26.8100182114325,27.3089904561914,27.8079627009503,
28.3069349457092,28.8059071904681,29.304879435227,29.8038516799859,30.3028239247448,
30.8017961695038,31.3007684142627,31.7997406590216,32.2987129037805,32.7976851485394,
33.2966573932983,33.7956296380572,34.2946018828161,34.793574127575,35.2925463723339,
35.7915186170928,36.2904908618517,36.7894631066106,37.2884353513695,37.7874075961284,
38.2863798408873,38.7853520856462,39.2843243304051,39.783296575164,40.2822688199229,
40.7812410646818,41.2802133094407,41.7791855541996,42.2781577989585,42.7771300437174,
43.2761022884763,43.7750745332352,44.2740467779941,44.773019022753,45.2719912675119,
45.7709635122708,46.2699357570297,46.7689080017886,47.2678802465475,47.7668524913065,
48.2658247360654,48.7647969808243,49.2637692255832,49.7627414703421,50.261713715101,
50.7606859598599,51.2596582046188,51.7586304493777,52.2576026941366,52.7565749388955,
53.2555471836544,53.7545194284133,54.2534916731722,54.7524639179311,55.25143616269,
55.7504084074489,56.2493806522078,56.7483528969667,57.2473251417256,57.7462973864845,
58.2452696312434,58.7442418760023,59.2432141207612,59.7421863655201,60.241158610279,
60.7401308550379,61.2391030997968,61.7380753445557,62.2370475893146,62.7360198340735,
63.2349920788324,63.7339643235913,64.2329365683503,64.7319088131092,65.2308810578681,
65.729853302627,66.2288255473859,66.7277977921448,67.2267700369037,67.7257422816626,
68.2247145264215,68.7236867711804,69.2226590159393,69.7216312606982,70.2206035054571,
70.719575750216,71.2185479949749,71.7175202397338,72.2164924844927,72.7154647292516,
73.2144369740105,73.7134092187694,74.2123814635283,74.7113537082872,75.2103259530461,
75.709298197805,76.2082704425639,76.7072426873228),.UNSPECIFIED.);
#18=B_SPLINE_SURFACE_WITH_KNOTS('',3,3,((#7921,#7922,#7923,#7924,#7925,
#7926,#7927,#7928,#7929,#7930,#7931,#7932,#7933,#7934,#7935,#7936,#7937,
#7938,#7939,#7940,#7941,#7942,#7943,#7944,#7945,#7946,#7947,#7948,#7949,
#7950,#7951,#7952,#7953,#7954,#7955,#7956,#7957,#7958,#7959,#7960,#7961,
#7962,#7963,#7964,#7965,#7966,#7967,#7968,#7969,#7970,#7971,#7972,#7973,
#7974,#7975,#7976,#7977,#7978,#7979,#7980,#7981,#7982,#7983,#7984,#7985,
#7986,#7987,#7988,#7989,#7990,#7991,#7992,#7993,#7994,#7995,#7996,#7997,
#7998,#7999,#8000,#8001,#8002,#8003,#8004,#8005,#8006,#8007,#8008,#8009,
#8010,#8011,#8012,#8013,#8014,#8015,#8016,#8017,#8018,#8019,#8020,#8021,
#8022,#8023,#8024,#8025,#8026,#8027,#8028,#8029,#8030,#8031,#8032,#8033,
#8034,#8035,#8036,#8037,#8038,#8039,#8040,#8041,#8042,#8043,#8044,#8045,
#8046,#8047,#8048,#8049,#8050,#8051,#8052,#8053),(#8054,#8055,#8056,#8057,
#8058,#8059,#8060,#8061,#8062,#8063,#8064,#8065,#8066,#8067,#8068,#8069,
#8070,#8071,#8072,#8073,#8074,#8075,#8076,#8077,#8078,#8079,#8080,#8081,
#8082,#8083,#8084,#8085,#8086,#8087,#8088,#8089,#8090,#8091,#8092,#8093,
#8094,#8095,#8096,#8097,#8098,#8099,#8100,#8101,#8102,#8103,#8104,#8105,
#8106,#8107,#8108,#8109,#8110,#8111,#8112,#8113,#8114,#8115,#8116,#8117,
#8118,#8119,#8120,#8121,#8122,#8123,#8124,#8125,#8126,#8127,#8128,#8129,
#8130,#8131,#8132,#8133,#8134,#8135,#8136,#8137,#8138,#8139,#8140,#8141,
#8142,#8143,#8144,#8145,#8146,#8147,#8148,#8149,#8150,#8151,#8152,#8153,
#8154,#8155,#8156,#8157,#8158,#8159,#8160,#8161,#8162,#8163,#8164,#8165,
#8166,#8167,#8168,#8169,#8170,#8171,#8172,#8173,#8174,#8175,#8176,#8177,
#8178,#8179,#8180,#8181,#8182,#8183,#8184,#8185,#8186),(#8187,#8188,#8189,
#8190,#8191,#8192,#8193,#8194,#8195,#8196,#8197,#8198,#8199,#8200,#8201,
#8202,#8203,#8204,#8205,#8206,#8207,#8208,#8209,#8210,#8211,#8212,#8213,
#8214,#8215,#8216,#8217,#8218,#8219,#8220,#8221,#8222,#8223,#8224,#8225,
#8226,#8227,#8228,#8229,#8230,#8231,#8232,#8233,#8234,#8235,#8236,#8237,
#8238,#8239,#8240,#8241,#8242,#8243,#8244,#8245,#8246,#8247,#8248,#8249,
#8250,#8251,#8252,#8253,#8254,#8255,#8256,#8257,#8258,#8259,#8260,#8261,
#8262,#8263,#8264,#8265,#8266,#8267,#8268,#8269,#8270,#8271,#8272,#8273,
#8274,#8275,#8276,#8277,#8278,#8279,#8280,#8281,#8282,#8283,#8284,#8285,
#8286,#8287,#8288,#8289,#8290,#8291,#8292,#8293,#8294,#8295,#8296,#8297,
#8298,#8299,#8300,#8301,#8302,#8303,#8304,#8305,#8306,#8307,#8308,#8309,
#8310,#8311,#8312,#8313,#8314,#8315,#8316,#8317,#8318,#8319),(#8320,#8321,
#8322,#8323,#8324,#8325,#8326,#8327,#8328,#8329,#8330,#8331,#8332,#8333,
#8334,#8335,#8336,#8337,#8338,#8339,#8340,#8341,#8342,#8343,#8344,#8345,
#8346,#8347,#8348,#8349,#8350,#8351,#8352,#8353,#8354,#8355,#8356,#8357,
#8358,#8359,#8360,#8361,#8362,#8363,#8364,#8365,#8366,#8367,#8368,#8369,
#8370,#8371,#8372,#8373,#8374,#8375,#8376,#8377,#8378,#8379,#8380,#8381,
#8382,#8383,#8384,#8385,#8386,#8387,#8388,#8389,#8390,#8391,#8392,#8393,
#8394,#8395,#8396,#8397,#8398,#8399,#8400,#8401,#8402,#8403,#8404,#8405,
#8406,#8407,#8408,#8409,#8410,#8411,#8412,#8413,#8414,#8415,#8416,#8417,
#8418,#8419,#8420,#8421,#8422,#8423,#8424,#8425,#8426,#8427,#8428,#8429,
#8430,#8431,#8432,#8433,#8434,#8435,#8436,#8437,#8438,#8439,#8440,#8441,
#8442,#8443,#8444,#8445,#8446,#8447,#8448,#8449,#8450,#8451,#8452)),
 .UNSPECIFIED.,.F.,.F.,.F.,(4,4),(4,1,1,1,1,1,1,1,1,1,1,1,1,1,1,1,1,1,1,
1,1,1,1,1,1,1,1,1,1,1,1,1,1,1,1,1,1,1,1,1,1,1,1,1,1,1,1,1,1,1,1,1,1,1,1,
1,1,1,1,1,1,1,1,1,1,1,1,1,1,1,1,1,1,1,1,1,1,1,1,1,1,1,1,1,1,1,1,1,1,1,1,
1,1,1,1,1,1,1,1,1,1,1,1,1,1,1,1,1,1,1,1,1,1,1,1,1,1,1,1,1,1,1,1,1,1,1,1,
1,1,1,4),(0.,0.0647613796950008),(14.3989442667811,14.89791651154,15.3968887562989,
15.8958610010578,16.3948332458167,16.8938054905756,17.3927777353345,17.8917499800934,
18.3907222248523,18.8896944696112,19.3886667143701,19.887638959129,20.3866112038879,
20.8855834486468,21.3845556934057,21.8835279381646,22.3825001829235,22.8814724276824,
23.3804446724413,23.8794169172002,24.3783891619591,24.877361406718,25.3763336514769,
25.8753058962358,26.3742781409947,26.8732503857536,27.3722226305126,27.8711948752715,
28.3701671200304,28.8691393647893,29.3681116095482,29.8670838543071,30.366056099066,
30.8650283438249,31.3640005885838,31.8629728333427,32.3619450781016,32.8609173228605,
33.3598895676194,33.8588618123783,34.3578340571372,34.8568063018961,35.355778546655,
35.8547507914139,36.3537230361728,36.8526952809317,37.3516675256906,37.8506397704495,
38.3496120152084,38.8485842599673,39.3475565047262,39.8465287494851,40.345500994244,
40.8444732390029,41.3434454837618,41.8424177285207,42.3413899732796,42.8403622180385,
43.3393344627975,43.8383067075564,44.3372789523153,44.8362511970742,45.3352234418331,
45.834195686592,46.3331679313509,46.8321401761098,47.3311124208687,47.8300846656276,
48.3290569103865,48.8280291551454,49.3270013999043,49.8259736446632,50.3249458894221,
50.823918134181,51.3228903789399,51.8218626236988,52.3208348684577,52.8198071132166,
53.3187793579755,53.8177516027344,54.3167238474933,54.8156960922522,55.3146683370111,
55.81364058177,56.3126128265289,56.8115850712878,57.3105573160467,57.8095295608056,
58.3085018055645,58.8074740503234,59.3064462950824,59.8054185398413,60.3043907846002,
60.8033630293591,61.302335274118,61.8013075188769,62.3002797636358,62.7992520083947,
63.2982242531536,63.7971964979125,64.2961687426714,64.7951409874303,65.2941132321892,
65.7930854769481,66.292057721707,66.7910299664659,67.2900022112248,67.7889744559837,
68.2879467007426,68.7869189455015,69.2858911902604,69.7848634350193,70.2838356797782,
70.7828079245371,71.281780169296,71.7807524140549,72.2797246588138,72.7786969035727,
73.2776691483316,73.7766413930905,74.2756136378494,74.7745858826083,75.2735581273673,
75.7725303721262,76.2715026168851,76.770474861644,77.2694471064029,77.7684193511618,
78.2673915959207,78.7663638406796,79.2653360854385),.UNSPECIFIED.);
#19=FACE_BOUND('',#220,.T.);
#20=FACE_BOUND('',#221,.T.);
#21=FACE_BOUND('',#245,.T.);
#22=FACE_BOUND('',#257,.T.);
#23=FACE_BOUND('',#263,.T.);
#24=CONICAL_SURFACE('',#1863,29.5,0.785398163397449);
#25=CONICAL_SURFACE('',#1874,29.5,0.785398163397446);
#26=CONICAL_SURFACE('',#1876,5.5,0.785398163397448);
#27=CONICAL_SURFACE('',#1879,18.5,0.78539816339745);
#28=CONICAL_SURFACE('',#1882,5.5,0.785398163397448);
#29=CONICAL_SURFACE('',#1885,29.5,0.785398163397446);
#30=CONICAL_SURFACE('',#1887,5.5,0.785398163397448);
#31=CONICAL_SURFACE('',#1890,18.5,0.785398163397449);
#32=CONICAL_SURFACE('',#1893,5.5,0.785398163397448);
#33=CONICAL_SURFACE('',#1896,29.5,0.785398163397446);
#34=CONICAL_SURFACE('',#1898,5.5,0.785398163397448);
#35=CONICAL_SURFACE('',#1901,18.5,0.785398163397451);
#36=CONICAL_SURFACE('',#1904,5.5,0.785398163397448);
#37=CONICAL_SURFACE('',#1907,29.5,0.785398163397446);
#38=CONICAL_SURFACE('',#1909,5.5,0.785398163397448);
#39=CONICAL_SURFACE('',#1912,18.5,0.785398163397449);
#40=CONICAL_SURFACE('',#1915,5.5,0.785398163397448);
#41=PLANE('',#1831);
#42=PLANE('',#1838);
#43=PLANE('',#1845);
#44=PLANE('',#1852);
#45=PLANE('',#1856);
#46=PLANE('',#1857);
#47=PLANE('',#1858);
#48=PLANE('',#1859);
#49=PLANE('',#1860);
#50=PLANE('',#1861);
#51=PLANE('',#1862);
#52=PLANE('',#1871);
#53=PLANE('',#1924);
#54=PLANE('',#1933);
#55=PLANE('',#1937);
#56=TOROIDAL_SURFACE('',#1827,29.,1.);
#57=TOROIDAL_SURFACE('',#1835,29.,1.);
#58=TOROIDAL_SURFACE('',#1842,29.,1.);
#59=TOROIDAL_SURFACE('',#1849,29.,1.);
#60=FACE_OUTER_BOUND('',#160,.T.);
#61=FACE_OUTER_BOUND('',#161,.T.);
#62=FACE_OUTER_BOUND('',#162,.T.);
#63=FACE_OUTER_BOUND('',#163,.T.);
#64=FACE_OUTER_BOUND('',#164,.T.);
#65=FACE_OUTER_BOUND('',#165,.T.);
#66=FACE_OUTER_BOUND('',#166,.T.);
#67=FACE_OUTER_BOUND('',#167,.T.);
#68=FACE_OUTER_BOUND('',#168,.T.);
#69=FACE_OUTER_BOUND('',#169,.T.);
#70=FACE_OUTER_BOUND('',#170,.T.);
#71=FACE_OUTER_BOUND('',#171,.T.);
#72=FACE_OUTER_BOUND('',#172,.T.);
#73=FACE_OUTER_BOUND('',#173,.T.);
#74=FACE_OUTER_BOUND('',#174,.T.);
#75=FACE_OUTER_BOUND('',#175,.T.);
#76=FACE_OUTER_BOUND('',#176,.T.);
#77=FACE_OUTER_BOUND('',#177,.T.);
#78=FACE_OUTER_BOUND('',#178,.T.);
#79=FACE_OUTER_BOUND('',#179,.T.);
#80=FACE_OUTER_BOUND('',#180,.T.);
#81=FACE_OUTER_BOUND('',#181,.T.);
#82=FACE_OUTER_BOUND('',#182,.T.);
#83=FACE_OUTER_BOUND('',#183,.T.);
#84=FACE_OUTER_BOUND('',#184,.T.);
#85=FACE_OUTER_BOUND('',#185,.T.);
#86=FACE_OUTER_BOUND('',#186,.T.);
#87=FACE_OUTER_BOUND('',#187,.T.);
#88=FACE_OUTER_BOUND('',#188,.T.);
#89=FACE_OUTER_BOUND('',#189,.T.);
#90=FACE_OUTER_BOUND('',#190,.T.);
#91=FACE_OUTER_BOUND('',#191,.T.);
#92=FACE_OUTER_BOUND('',#192,.T.);
#93=FACE_OUTER_BOUND('',#193,.T.);
#94=FACE_OUTER_BOUND('',#194,.T.);
#95=FACE_OUTER_BOUND('',#195,.T.);
#96=FACE_OUTER_BOUND('',#196,.T.);
#97=FACE_OUTER_BOUND('',#197,.T.);
#98=FACE_OUTER_BOUND('',#198,.T.);
#99=FACE_OUTER_BOUND('',#199,.T.);
#100=FACE_OUTER_BOUND('',#200,.T.);
#101=FACE_OUTER_BOUND('',#201,.T.);
#102=FACE_OUTER_BOUND('',#202,.T.);
#103=FACE_OUTER_BOUND('',#203,.T.);
#104=FACE_OUTER_BOUND('',#204,.T.);
#105=FACE_OUTER_BOUND('',#205,.T.);
#106=FACE_OUTER_BOUND('',#206,.T.);
#107=FACE_OUTER_BOUND('',#207,.T.);
#108=FACE_OUTER_BOUND('',#208,.T.);
#109=FACE_OUTER_BOUND('',#209,.T.);
#110=FACE_OUTER_BOUND('',#210,.T.);
#111=FACE_OUTER_BOUND('',#211,.T.);
#112=FACE_OUTER_BOUND('',#212,.T.);
#113=FACE_OUTER_BOUND('',#213,.T.);
#114=FACE_OUTER_BOUND('',#214,.T.);
#115=FACE_OUTER_BOUND('',#215,.T.);
#116=FACE_OUTER_BOUND('',#216,.T.);
#117=FACE_OUTER_BOUND('',#217,.T.);
#118=FACE_OUTER_BOUND('',#218,.T.);
#119=FACE_OUTER_BOUND('',#219,.T.);
#120=FACE_OUTER_BOUND('',#222,.T.);
#121=FACE_OUTER_BOUND('',#223,.T.);
#122=FACE_OUTER_BOUND('',#224,.T.);
#123=FACE_OUTER_BOUND('',#225,.T.);
#124=FACE_OUTER_BOUND('',#226,.T.);
#125=FACE_OUTER_BOUND('',#227,.T.);
#126=FACE_OUTER_BOUND('',#228,.T.);
#127=FACE_OUTER_BOUND('',#229,.T.);
#128=FACE_OUTER_BOUND('',#230,.T.);
#129=FACE_OUTER_BOUND('',#231,.T.);
#130=FACE_OUTER_BOUND('',#232,.T.);
#131=FACE_OUTER_BOUND('',#233,.T.);
#132=FACE_OUTER_BOUND('',#234,.T.);
#133=FACE_OUTER_BOUND('',#235,.T.);
#134=FACE_OUTER_BOUND('',#236,.T.);
#135=FACE_OUTER_BOUND('',#237,.T.);
#136=FACE_OUTER_BOUND('',#238,.T.);
#137=FACE_OUTER_BOUND('',#239,.T.);
#138=FACE_OUTER_BOUND('',#240,.T.);
#139=FACE_OUTER_BOUND('',#241,.T.);
#140=FACE_OUTER_BOUND('',#242,.T.);
#141=FACE_OUTER_BOUND('',#243,.T.);
#142=FACE_OUTER_BOUND('',#244,.T.);
#143=FACE_OUTER_BOUND('',#246,.T.);
#144=FACE_OUTER_BOUND('',#247,.T.);
#145=FACE_OUTER_BOUND('',#248,.T.);
#146=FACE_OUTER_BOUND('',#249,.T.);
#147=FACE_OUTER_BOUND('',#250,.T.);
#148=FACE_OUTER_BOUND('',#251,.T.);
#149=FACE_OUTER_BOUND('',#252,.T.);
#150=FACE_OUTER_BOUND('',#253,.T.);
#151=FACE_OUTER_BOUND('',#254,.T.);
#152=FACE_OUTER_BOUND('',#255,.T.);
#153=FACE_OUTER_BOUND('',#256,.T.);
#154=FACE_OUTER_BOUND('',#258,.T.);
#155=FACE_OUTER_BOUND('',#259,.T.);
#156=FACE_OUTER_BOUND('',#260,.T.);
#157=FACE_OUTER_BOUND('',#261,.T.);
#158=FACE_OUTER_BOUND('',#262,.T.);
#159=FACE_OUTER_BOUND('',#264,.T.);
#160=EDGE_LOOP('',(#1069,#1070,#1071,#1072));
#161=EDGE_LOOP('',(#1073,#1074,#1075,#1076));
#162=EDGE_LOOP('',(#1077,#1078,#1079,#1080));
#163=EDGE_LOOP('',(#1081,#1082,#1083,#1084));
#164=EDGE_LOOP('',(#1085,#1086,#1087,#1088));
#165=EDGE_LOOP('',(#1089,#1090,#1091,#1092));
#166=EDGE_LOOP('',(#1093,#1094,#1095,#1096));
#167=EDGE_LOOP('',(#1097,#1098,#1099,#1100));
#168=EDGE_LOOP('',(#1101,#1102,#1103,#1104));
#169=EDGE_LOOP('',(#1105,#1106,#1107,#1108));
#170=EDGE_LOOP('',(#1109,#1110,#1111,#1112));
#171=EDGE_LOOP('',(#1113,#1114,#1115,#1116));
#172=EDGE_LOOP('',(#1117,#1118,#1119,#1120));
#173=EDGE_LOOP('',(#1121,#1122,#1123,#1124));
#174=EDGE_LOOP('',(#1125,#1126,#1127,#1128));
#175=EDGE_LOOP('',(#1129,#1130,#1131,#1132));
#176=EDGE_LOOP('',(#1133,#1134,#1135,#1136));
#177=EDGE_LOOP('',(#1137,#1138,#1139,#1140));
#178=EDGE_LOOP('',(#1141,#1142,#1143,#1144));
#179=EDGE_LOOP('',(#1145,#1146,#1147,#1148));
#180=EDGE_LOOP('',(#1149,#1150,#1151,#1152));
#181=EDGE_LOOP('',(#1153,#1154,#1155,#1156));
#182=EDGE_LOOP('',(#1157,#1158,#1159,#1160));
#183=EDGE_LOOP('',(#1161,#1162,#1163,#1164));
#184=EDGE_LOOP('',(#1165,#1166,#1167,#1168));
#185=EDGE_LOOP('',(#1169,#1170,#1171,#1172));
#186=EDGE_LOOP('',(#1173,#1174,#1175,#1176));
#187=EDGE_LOOP('',(#1177,#1178,#1179,#1180));
#188=EDGE_LOOP('',(#1181,#1182,#1183,#1184));
#189=EDGE_LOOP('',(#1185,#1186,#1187,#1188));
#190=EDGE_LOOP('',(#1189,#1190,#1191,#1192));
#191=EDGE_LOOP('',(#1193,#1194,#1195,#1196));
#192=EDGE_LOOP('',(#1197,#1198,#1199,#1200));
#193=EDGE_LOOP('',(#1201,#1202,#1203,#1204));
#194=EDGE_LOOP('',(#1205,#1206,#1207,#1208));
#195=EDGE_LOOP('',(#1209,#1210,#1211,#1212));
#196=EDGE_LOOP('',(#1213,#1214,#1215,#1216));
#197=EDGE_LOOP('',(#1217,#1218,#1219,#1220));
#198=EDGE_LOOP('',(#1221,#1222,#1223,#1224));
#199=EDGE_LOOP('',(#1225,#1226,#1227,#1228));
#200=EDGE_LOOP('',(#1229,#1230,#1231,#1232));
#201=EDGE_LOOP('',(#1233,#1234,#1235,#1236));
#202=EDGE_LOOP('',(#1237,#1238,#1239,#1240,#1241));
#203=EDGE_LOOP('',(#1242,#1243,#1244,#1245));
#204=EDGE_LOOP('',(#1246,#1247,#1248,#1249));
#205=EDGE_LOOP('',(#1250,#1251,#1252,#1253));
#206=EDGE_LOOP('',(#1254,#1255,#1256,#1257));
#207=EDGE_LOOP('',(#1258,#1259,#1260,#1261));
#208=EDGE_LOOP('',(#1262,#1263,#1264,#1265));
#209=EDGE_LOOP('',(#1266,#1267,#1268,#1269));
#210=EDGE_LOOP('',(#1270,#1271,#1272,#1273,#1274,#1275));
#211=EDGE_LOOP('',(#1276,#1277,#1278,#1279));
#212=EDGE_LOOP('',(#1280,#1281,#1282,#1283));
#213=EDGE_LOOP('',(#1284,#1285,#1286,#1287));
#214=EDGE_LOOP('',(#1288,#1289,#1290,#1291));
#215=EDGE_LOOP('',(#1292,#1293,#1294,#1295));
#216=EDGE_LOOP('',(#1296,#1297,#1298,#1299));
#217=EDGE_LOOP('',(#1300,#1301,#1302,#1303));
#218=EDGE_LOOP('',(#1304,#1305,#1306,#1307,#1308,#1309,#1310,#1311,#1312,
#1313,#1314,#1315,#1316,#1317,#1318,#1319,#1320,#1321,#1322,#1323));
#219=EDGE_LOOP('',(#1324));
#220=EDGE_LOOP('',(#1325,#1326,#1327,#1328,#1329,#1330));
#221=EDGE_LOOP('',(#1331,#1332,#1333,#1334));
#222=EDGE_LOOP('',(#1335,#1336,#1337,#1338));
#223=EDGE_LOOP('',(#1339,#1340,#1341,#1342));
#224=EDGE_LOOP('',(#1343,#1344,#1345,#1346));
#225=EDGE_LOOP('',(#1347,#1348,#1349,#1350));
#226=EDGE_LOOP('',(#1351,#1352,#1353,#1354));
#227=EDGE_LOOP('',(#1355,#1356,#1357,#1358));
#228=EDGE_LOOP('',(#1359,#1360,#1361,#1362));
#229=EDGE_LOOP('',(#1363,#1364,#1365,#1366));
#230=EDGE_LOOP('',(#1367,#1368,#1369,#1370));
#231=EDGE_LOOP('',(#1371,#1372,#1373,#1374));
#232=EDGE_LOOP('',(#1375,#1376,#1377,#1378));
#233=EDGE_LOOP('',(#1379,#1380,#1381,#1382));
#234=EDGE_LOOP('',(#1383,#1384,#1385,#1386));
#235=EDGE_LOOP('',(#1387,#1388,#1389,#1390));
#236=EDGE_LOOP('',(#1391,#1392,#1393,#1394));
#237=EDGE_LOOP('',(#1395,#1396,#1397,#1398));
#238=EDGE_LOOP('',(#1399,#1400,#1401,#1402,#1403));
#239=EDGE_LOOP('',(#1404,#1405,#1406,#1407));
#240=EDGE_LOOP('',(#1408,#1409,#1410,#1411,#1412));
#241=EDGE_LOOP('',(#1413,#1414,#1415,#1416,#1417));
#242=EDGE_LOOP('',(#1418,#1419,#1420,#1421));
#243=EDGE_LOOP('',(#1422,#1423,#1424,#1425,#1426));
#244=EDGE_LOOP('',(#1427,#1428,#1429,#1430,#1431,#1432,#1433,#1434,#1435,
#1436,#1437,#1438,#1439,#1440,#1441,#1442));
#245=EDGE_LOOP('',(#1443,#1444,#1445,#1446));
#246=EDGE_LOOP('',(#1447,#1448,#1449,#1450,#1451));
#247=EDGE_LOOP('',(#1452,#1453,#1454,#1455));
#248=EDGE_LOOP('',(#1456,#1457,#1458,#1459,#1460));
#249=EDGE_LOOP('',(#1461,#1462,#1463,#1464,#1465));
#250=EDGE_LOOP('',(#1466,#1467,#1468,#1469));
#251=EDGE_LOOP('',(#1470,#1471,#1472,#1473,#1474));
#252=EDGE_LOOP('',(#1475,#1476,#1477,#1478));
#253=EDGE_LOOP('',(#1479,#1480,#1481,#1482,#1483,#1484,#1485,#1486,#1487,
#1488,#1489,#1490,#1491,#1492,#1493,#1494,#1495,#1496,#1497,#1498,#1499,
#1500,#1501,#1502,#1503,#1504));
#254=EDGE_LOOP('',(#1505,#1506,#1507,#1508,#1509,#1510,#1511,#1512,#1513,
#1514,#1515,#1516,#1517,#1518,#1519,#1520,#1521,#1522,#1523,#1524,#1525,
#1526,#1527,#1528,#1529,#1530));
#255=EDGE_LOOP('',(#1531,#1532,#1533,#1534));
#256=EDGE_LOOP('',(#1535,#1536,#1537,#1538));
#257=EDGE_LOOP('',(#1539));
#258=EDGE_LOOP('',(#1540,#1541,#1542,#1543,#1544,#1545,#1546,#1547,#1548,
#1549,#1550,#1551,#1552,#1553,#1554,#1555,#1556,#1557,#1558,#1559,#1560,
#1561,#1562,#1563));
#259=EDGE_LOOP('',(#1564,#1565,#1566,#1567));
#260=EDGE_LOOP('',(#1568,#1569,#1570,#1571,#1572,#1573,#1574,#1575,#1576,
#1577,#1578,#1579,#1580,#1581,#1582,#1583,#1584,#1585,#1586,#1587,#1588,
#1589,#1590,#1591));
#261=EDGE_LOOP('',(#1592,#1593,#1594,#1595));
#262=EDGE_LOOP('',(#1596,#1597,#1598,#1599));
#263=EDGE_LOOP('',(#1600));
#264=EDGE_LOOP('',(#1601,#1602,#1603,#1604));
#265=CIRCLE('',#1780,16.01775);
#266=CIRCLE('',#1791,16.5786);
#267=CIRCLE('',#1802,16.01775);
#268=CIRCLE('',#1813,16.01775);
#269=CIRCLE('',#1815,16.5786);
#270=CIRCLE('',#1826,16.5786);
#271=CIRCLE('',#1828,29.);
#272=CIRCLE('',#1829,30.);
#273=CIRCLE('',#1830,30.);
#274=CIRCLE('',#1832,6.);
#275=CIRCLE('',#1833,18.);
#276=CIRCLE('',#1834,6.);
#277=CIRCLE('',#1836,29.);
#278=CIRCLE('',#1837,30.);
#279=CIRCLE('',#1839,6.);
#280=CIRCLE('',#1840,18.);
#281=CIRCLE('',#1841,6.);
#282=CIRCLE('',#1843,29.);
#283=CIRCLE('',#1844,30.);
#284=CIRCLE('',#1846,6.);
#285=CIRCLE('',#1847,18.);
#286=CIRCLE('',#1848,6.);
#287=CIRCLE('',#1850,29.);
#288=CIRCLE('',#1851,30.);
#289=CIRCLE('',#1853,6.);
#290=CIRCLE('',#1854,18.);
#291=CIRCLE('',#1855,6.);
#292=CIRCLE('',#1864,30.);
#293=CIRCLE('',#1865,29.);
#294=CIRCLE('',#1867,30.);
#295=CIRCLE('',#1868,30.);
#296=CIRCLE('',#1869,30.);
#297=CIRCLE('',#1870,30.);
#298=CIRCLE('',#1872,16.01775);
#299=CIRCLE('',#1873,16.5786);
#300=CIRCLE('',#1875,29.);
#301=CIRCLE('',#1877,6.);
#302=CIRCLE('',#1878,5.);
#303=CIRCLE('',#1880,19.);
#304=CIRCLE('',#1881,18.);
#305=CIRCLE('',#1883,6.);
#306=CIRCLE('',#1884,5.);
#307=CIRCLE('',#1886,29.);
#308=CIRCLE('',#1888,6.);
#309=CIRCLE('',#1889,5.);
#310=CIRCLE('',#1891,19.);
#311=CIRCLE('',#1892,18.);
#312=CIRCLE('',#1894,6.);
#313=CIRCLE('',#1895,5.);
#314=CIRCLE('',#1897,29.);
#315=CIRCLE('',#1899,6.);
#316=CIRCLE('',#1900,5.);
#317=CIRCLE('',#1902,19.0000000000001);
#318=CIRCLE('',#1903,18.);
#319=CIRCLE('',#1905,6.);
#320=CIRCLE('',#1906,5.);
#321=CIRCLE('',#1908,29.);
#322=CIRCLE('',#1910,6.);
#323=CIRCLE('',#1911,5.);
#324=CIRCLE('',#1913,19.);
#325=CIRCLE('',#1914,18.);
#326=CIRCLE('',#1916,6.);
#327=CIRCLE('',#1917,5.);
#328=CIRCLE('',#1934,13.);
#329=CIRCLE('',#1938,13.);
#330=B_SPLINE_CURVE_WITH_KNOTS('',3,(#2365,#2366,#2367,#2368,#2369,#2370,
#2371,#2372,#2373,#2374,#2375,#2376,#2377,#2378,#2379,#2380),
 .UNSPECIFIED.,.F.,.F.,(4,3,3,3,3,4),(60.4157801638997,60.8746138605862,
61.3735861053451,61.872558350104,62.3715305948629,62.8318530717959),
 .UNSPECIFIED.);
#331=B_SPLINE_CURVE_WITH_KNOTS('',3,(#2383,#2384,#2385,#2386,#2387,#2388,
#2389),.UNSPECIFIED.,.F.,.F.,(4,3,4),(-64.8663918186574,-64.3674195738985,
-64.1408720729637),.UNSPECIFIED.);
#332=B_SPLINE_CURVE_WITH_KNOTS('',3,(#2394,#2395,#2396,#2397,#2398,#2399,
#2400,#2401,#2402,#2403,#2404,#2405,#2406,#2407,#2408,#2409,#2410,#2411,
#2412,#2413,#2414,#2415,#2416,#2417,#2418,#2419,#2420,#2421,#2422,#2423,
#2424,#2425,#2426,#2427,#2428,#2429,#2430,#2431,#2432,#2433,#2434,#2435,
#2436),.UNSPECIFIED.,.F.,.F.,(4,3,3,3,3,3,3,3,3,3,3,3,3,3,4),(54.1325948567202,
54.3879746787204,54.8869469234793,55.3859191682382,55.8848914129971,56.3838636577561,
56.882835902515,57.3818081472739,57.8807803920328,58.3797526367917,58.8787248815506,
59.3776971263095,59.8766693710684,60.3756416158273,60.4157801638997),
 .UNSPECIFIED.);
#333=B_SPLINE_CURVE_WITH_KNOTS('',3,(#2437,#2438,#2439,#2440,#2441,#2442,
#2443,#2444,#2445,#2446,#2447,#2448,#2449,#2450,#2451,#2452,#2453,#2454,
#2455,#2456,#2457,#2458,#2459,#2460,#2461,#2462,#2463,#2464,#2465,#2466,
#2467,#2468,#2469,#2470,#2471,#2472,#2473,#2474,#2475,#2476,#2477,#2478,
#2479),.UNSPECIFIED.,.F.,.F.,(4,3,3,3,3,3,3,3,3,3,3,3,3,3,4),(-64.1408720729637,
-63.8684473291396,-63.3694750843807,-62.8705028396218,-62.3715305948629,
-61.872558350104,-61.3735861053451,-60.8746138605862,-60.3756416158273,
-59.8766693710684,-59.3776971263095,-58.8787248815506,-58.3797526367917,
-57.8807803920328,-57.8576867657841),.UNSPECIFIED.);
#334=B_SPLINE_CURVE_WITH_KNOTS('',3,(#2484,#2485,#2486,#2487,#2488,#2489,
#2490,#2491,#2492,#2493,#2494,#2495,#2496,#2497,#2498,#2499,#2500,#2501,
#2502,#2503,#2504,#2505,#2506,#2507,#2508,#2509,#2510,#2511,#2512,#2513,
#2514,#2515,#2516,#2517,#2518,#2519,#2520,#2521,#2522,#2523,#2524,#2525,
#2526),.UNSPECIFIED.,.F.,.F.,(4,3,3,3,3,3,3,3,3,3,3,3,3,3,4),(47.8494095495406,
47.9013354968547,48.4003077416136,48.8992799863725,49.3982522311314,49.8972244758903,
50.3961967206492,50.8951689654081,51.394141210167,51.8931134549259,52.3920856996848,
52.8910579444437,53.3900301892026,53.8890024339615,54.1325948567202),
 .UNSPECIFIED.);
#335=B_SPLINE_CURVE_WITH_KNOTS('',3,(#2527,#2528,#2529,#2530,#2531,#2532,
#2533,#2534,#2535,#2536,#2537,#2538,#2539,#2540,#2541,#2542,#2543,#2544,
#2545,#2546,#2547,#2548,#2549,#2550,#2551,#2552,#2553,#2554,#2555,#2556,
#2557,#2558,#2559,#2560,#2561,#2562,#2563,#2564,#2565,#2566),
 .UNSPECIFIED.,.F.,.F.,(4,3,3,3,3,3,3,3,3,3,3,3,3,4),(-57.8576867657841,
-57.3818081472739,-56.882835902515,-56.3838636577561,-55.8848914129972,
-55.3859191682383,-54.8869469234793,-54.3879746787204,-53.8890024339616,
-53.3900301892026,-52.8910579444437,-52.3920856996848,-51.8931134549259,
-51.5745014586046),.UNSPECIFIED.);
#336=B_SPLINE_CURVE_WITH_KNOTS('',3,(#2571,#2572,#2573,#2574,#2575,#2576,
#2577,#2578,#2579,#2580,#2581,#2582,#2583,#2584,#2585,#2586,#2587,#2588,
#2589,#2590,#2591,#2592,#2593,#2594,#2595,#2596,#2597,#2598,#2599,#2600,
#2601,#2602,#2603,#2604,#2605,#2606,#2607,#2608,#2609,#2610),
 .UNSPECIFIED.,.F.,.F.,(4,3,3,3,3,3,3,3,3,3,3,3,3,4),(41.566224242361,41.9136685597479,
42.4126408045068,42.9116130492657,43.4105852940246,43.9095575387835,44.4085297835424,
44.9075020283013,45.4064742730602,45.9054465178191,46.404418762578,46.9033910073369,
47.4023632520958,47.8494095495406),.UNSPECIFIED.);
#337=B_SPLINE_CURVE_WITH_KNOTS('',3,(#2611,#2612,#2613,#2614,#2615,#2616,
#2617,#2618,#2619,#2620,#2621,#2622,#2623,#2624,#2625,#2626,#2627,#2628,
#2629,#2630,#2631,#2632,#2633,#2634,#2635,#2636,#2637,#2638,#2639,#2640,
#2641,#2642,#2643,#2644,#2645,#2646,#2647,#2648,#2649,#2650,#2651,#2652,
#2653),.UNSPECIFIED.,.F.,.F.,(4,3,3,3,3,3,3,3,3,3,3,3,3,3,4),(-51.5745014586046,
-51.394141210167,-50.8951689654081,-50.3961967206492,-49.8972244758903,
-49.3982522311314,-48.8992799863725,-48.4003077416136,-47.9013354968547,
-47.4023632520958,-46.9033910073369,-46.404418762578,-45.9054465178191,
-45.4064742730602,-45.291316151425),.UNSPECIFIED.);
#338=B_SPLINE_CURVE_WITH_KNOTS('',3,(#2658,#2659,#2660,#2661,#2662,#2663,
#2664,#2665,#2666,#2667,#2668,#2669,#2670,#2671,#2672,#2673,#2674,#2675,
#2676,#2677,#2678,#2679,#2680,#2681,#2682,#2683,#2684,#2685,#2686,#2687,
#2688,#2689,#2690,#2691,#2692,#2693,#2694,#2695,#2696,#2697,#2698,#2699,
#2700),.UNSPECIFIED.,.F.,.F.,(4,3,3,3,3,3,3,3,3,3,3,3,3,3,4),(35.2830389351814,
35.4270293778821,35.926001622641,36.4249738673999,36.9239461121588,37.4229183569177,
37.9218906016766,38.4208628464355,38.9198350911944,39.4188073359533,39.9177795807122,
40.4167518254711,40.91572407023,41.414696314989,41.566224242361),
 .UNSPECIFIED.);
#339=B_SPLINE_CURVE_WITH_KNOTS('',3,(#2701,#2702,#2703,#2704,#2705,#2706,
#2707,#2708,#2709,#2710,#2711,#2712,#2713,#2714,#2715,#2716,#2717,#2718,
#2719,#2720,#2721,#2722,#2723,#2724,#2725,#2726,#2727,#2728,#2729,#2730,
#2731,#2732,#2733,#2734,#2735,#2736,#2737,#2738,#2739,#2740),
 .UNSPECIFIED.,.F.,.F.,(4,3,3,3,3,3,3,3,3,3,3,3,3,4),(-45.291316151425,
-44.9075020283013,-44.4085297835424,-43.9095575387835,-43.4105852940246,
-42.9116130492657,-42.4126408045068,-41.9136685597479,-41.414696314989,
-40.9157240702301,-40.4167518254712,-39.9177795807122,-39.4188073359533,
-39.0081308442454),.UNSPECIFIED.);
#340=B_SPLINE_CURVE_WITH_KNOTS('',3,(#2745,#2746,#2747,#2748,#2749,#2750,
#2751,#2752,#2753,#2754,#2755,#2756,#2757,#2758,#2759,#2760,#2761,#2762,
#2763,#2764,#2765,#2766,#2767,#2768,#2769,#2770,#2771,#2772,#2773,#2774,
#2775,#2776,#2777,#2778,#2779,#2780,#2781,#2782,#2783,#2784),
 .UNSPECIFIED.,.F.,.F.,(4,3,3,3,3,3,3,3,3,3,3,3,3,4),(28.9998536280018,
29.4393624407753,29.9383346855342,30.4373069302931,30.936279175052,31.4352514198109,
31.9342236645698,32.4331959093287,32.9321681540876,33.4311403988465,33.9301126436054,
34.4290848883643,34.9280571331232,35.2830389351814),.UNSPECIFIED.);
#341=B_SPLINE_CURVE_WITH_KNOTS('',3,(#2785,#2786,#2787,#2788,#2789,#2790,
#2791,#2792,#2793,#2794,#2795,#2796,#2797,#2798,#2799,#2800,#2801,#2802,
#2803,#2804,#2805,#2806,#2807,#2808,#2809,#2810,#2811,#2812,#2813,#2814,
#2815,#2816,#2817,#2818,#2819,#2820,#2821,#2822,#2823,#2824,#2825,#2826,
#2827),.UNSPECIFIED.,.F.,.F.,(4,3,3,3,3,3,3,3,3,3,3,3,3,3,4),(-39.0081308442454,
-38.9198350911944,-38.4208628464355,-37.9218906016766,-37.4229183569177,
-36.9239461121588,-36.4249738673999,-35.926001622641,-35.4270293778821,
-34.9280571331232,-34.4290848883643,-33.9301126436054,-33.4311403988465,
-32.9321681540876,-32.7249455370658),.UNSPECIFIED.);
#342=B_SPLINE_CURVE_WITH_KNOTS('',3,(#2832,#2833,#2834,#2835,#2836,#2837,
#2838,#2839,#2840,#2841,#2842,#2843,#2844,#2845,#2846,#2847,#2848,#2849,
#2850,#2851,#2852,#2853,#2854,#2855,#2856,#2857,#2858,#2859,#2860,#2861,
#2862,#2863,#2864,#2865,#2866,#2867,#2868,#2869,#2870,#2871,#2872,#2873,
#2874),.UNSPECIFIED.,.F.,.F.,(4,3,3,3,3,3,3,3,3,3,3,3,3,3,4),(22.7166683208222,
22.9527232589095,23.4516955036684,23.9506677484273,24.4496399931862,24.9486122379451,
25.447584482704,25.946556727463,26.4455289722219,26.9445012169808,27.4434734617397,
27.9424457064986,28.4414179512575,28.9403901960164,28.9998536280018),
 .UNSPECIFIED.);
#343=B_SPLINE_CURVE_WITH_KNOTS('',3,(#2875,#2876,#2877,#2878,#2879,#2880,
#2881,#2882,#2883,#2884,#2885,#2886,#2887,#2888,#2889,#2890,#2891,#2892,
#2893,#2894,#2895,#2896,#2897,#2898,#2899,#2900,#2901,#2902,#2903,#2904,
#2905,#2906,#2907,#2908,#2909,#2910,#2911,#2912,#2913,#2914,#2915,#2916,
#2917),.UNSPECIFIED.,.F.,.F.,(4,3,3,3,3,3,3,3,3,3,3,3,3,3,4),(-32.7249455370658,
-32.4331959093287,-31.9342236645698,-31.4352514198109,-30.936279175052,
-30.4373069302931,-29.9383346855342,-29.4393624407753,-28.9403901960164,
-28.4414179512575,-27.9424457064986,-27.4434734617397,-26.9445012169808,
-26.4455289722219,-26.4417602298862),.UNSPECIFIED.);
#344=B_SPLINE_CURVE_WITH_KNOTS('',3,(#2922,#2923,#2924,#2925,#2926,#2927,
#2928,#2929,#2930,#2931,#2932,#2933,#2934,#2935,#2936,#2937,#2938,#2939,
#2940,#2941,#2942,#2943,#2944,#2945,#2946,#2947,#2948,#2949,#2950,#2951,
#2952,#2953,#2954,#2955,#2956,#2957,#2958,#2959,#2960,#2961,#2962,#2963,
#2964),.UNSPECIFIED.,.F.,.F.,(4,3,3,3,3,3,3,3,3,3,3,3,3,3,4),(16.4334830136426,
16.4660840770438,16.9650563218027,17.4640285665616,17.9630008113205,18.4619730560794,
18.9609453008383,19.4599175455972,19.9588897903561,20.457862035115,20.9568342798739,
21.4558065246328,21.9547787693917,22.4537510141506,22.7166683208222),
 .UNSPECIFIED.);
#345=B_SPLINE_CURVE_WITH_KNOTS('',3,(#2965,#2966,#2967,#2968,#2969,#2970,
#2971,#2972,#2973,#2974,#2975,#2976,#2977,#2978,#2979,#2980,#2981,#2982,
#2983,#2984,#2985,#2986,#2987,#2988,#2989,#2990,#2991,#2992,#2993,#2994,
#2995,#2996,#2997,#2998,#2999,#3000,#3001,#3002,#3003,#3004),
 .UNSPECIFIED.,.F.,.F.,(4,3,3,3,3,3,3,3,3,3,3,3,3,4),(-26.4417602298862,
-25.946556727463,-25.4475844827041,-24.9486122379452,-24.4496399931863,
-23.9506677484274,-23.4516955036685,-22.9527232589095,-22.4537510141506,
-21.9547787693917,-21.4558065246328,-20.9568342798739,-20.457862035115,
-20.1585749227066),.UNSPECIFIED.);
#346=B_SPLINE_CURVE_WITH_KNOTS('',3,(#3009,#3010,#3011,#3012,#3013,#3014,
#3015,#3016,#3017,#3018,#3019,#3020,#3021,#3022,#3023,#3024,#3025,#3026,
#3027,#3028,#3029,#3030,#3031,#3032,#3033,#3034,#3035,#3036,#3037,#3038,
#3039,#3040,#3041,#3042,#3043,#3044,#3045,#3046,#3047,#3048),
 .UNSPECIFIED.,.F.,.F.,(4,3,3,3,3,3,3,3,3,3,3,3,3,4),(10.150297706463,10.478417139937,
10.9773893846959,11.4763616294548,11.9753338742137,12.4743061189726,12.9732783637315,
13.4722506084904,13.9712228532493,14.4701950980082,14.9691673427671,15.468139587526,
15.9671118322849,16.4334830136426),.UNSPECIFIED.);
#347=B_SPLINE_CURVE_WITH_KNOTS('',3,(#3049,#3050,#3051,#3052,#3053,#3054,
#3055,#3056,#3057,#3058,#3059,#3060,#3061,#3062,#3063,#3064,#3065,#3066,
#3067,#3068,#3069,#3070,#3071,#3072,#3073,#3074,#3075,#3076,#3077,#3078,
#3079,#3080,#3081,#3082,#3083,#3084,#3085,#3086,#3087,#3088,#3089,#3090,
#3091),.UNSPECIFIED.,.F.,.F.,(4,3,3,3,3,3,3,3,3,3,3,3,3,3,4),(-20.1585749227066,
-19.9588897903561,-19.4599175455972,-18.9609453008383,-18.4619730560794,
-17.9630008113205,-17.4640285665616,-16.9650563218027,-16.4660840770438,
-15.9671118322849,-15.468139587526,-14.9691673427671,-14.4701950980082,
-13.9712228532493,-13.875389615527),.UNSPECIFIED.);
#348=B_SPLINE_CURVE_WITH_KNOTS('',3,(#3096,#3097,#3098,#3099,#3100,#3101,
#3102,#3103,#3104,#3105,#3106,#3107,#3108,#3109,#3110,#3111,#3112,#3113,
#3114,#3115,#3116,#3117,#3118,#3119,#3120,#3121,#3122,#3123,#3124,#3125,
#3126,#3127,#3128,#3129,#3130,#3131,#3132,#3133,#3134,#3135,#3136,#3137,
#3138),.UNSPECIFIED.,.F.,.F.,(4,3,3,3,3,3,3,3,3,3,3,3,3,3,4),(3.86711239928345,
3.99177795807122,4.49075020283012,4.98972244758903,5.48869469234793,5.98766693710683,
6.48663918186574,6.98561142662464,7.48458367138354,7.98355591614245,8.48252816090135,
8.98150040566025,9.48047265041916,9.97944489517806,10.150297706463),
 .UNSPECIFIED.);
#349=B_SPLINE_CURVE_WITH_KNOTS('',3,(#3139,#3140,#3141,#3142,#3143,#3144,
#3145,#3146,#3147,#3148,#3149,#3150,#3151,#3152,#3153,#3154,#3155,#3156,
#3157,#3158,#3159,#3160,#3161,#3162,#3163,#3164,#3165,#3166,#3167,#3168,
#3169,#3170,#3171,#3172,#3173,#3174,#3175,#3176,#3177,#3178),
 .UNSPECIFIED.,.F.,.F.,(4,3,3,3,3,3,3,3,3,3,3,3,3,4),(-13.875389615527,
-13.4722506084904,-12.9732783637315,-12.4743061189726,-11.9753338742137,
-11.4763616294548,-10.9773893846959,-10.478417139937,-9.97944489517806,
-9.48047265041916,-8.98150040566025,-8.48252816090135,-7.98355591614245,
-7.59220430834743),.UNSPECIFIED.);
#350=B_SPLINE_CURVE_WITH_KNOTS('',3,(#3184,#3185,#3186,#3187,#3188,#3189,
#3190,#3191,#3192,#3193,#3194,#3195,#3196,#3197),.UNSPECIFIED.,.F.,.F.,
(4,1,1,1,1,1,1,1,1,1,1,4),(72.2566310325652,72.2797246588138,72.7786969035727,
73.2776691483316,73.7766413930905,74.2756136378494,74.7745858826083,75.2735581273673,
75.7725303721262,76.2715026168851,76.770474861644,77.2307973385769),
 .UNSPECIFIED.);
#351=B_SPLINE_CURVE_WITH_KNOTS('',3,(#3200,#3201,#3202,#3203,#3204,#3205,
#3206,#3207,#3208,#3209,#3210,#3211),.UNSPECIFIED.,.F.,.F.,(4,1,1,1,1,1,
1,1,1,4),(72.2566310325652,72.7154647292516,73.2144369740105,73.7134092187694,
74.2123814635283,74.7113537082872,75.2103259530461,75.709298197805,76.2082704425639,
76.7072426873228),.UNSPECIFIED.);
#352=B_SPLINE_CURVE_WITH_KNOTS('',3,(#3216,#3217,#3218,#3219,#3220,#3221,
#3222,#3223,#3224,#3225,#3226,#3227,#3228,#3229,#3230,#3231),
 .UNSPECIFIED.,.F.,.F.,(4,1,1,1,1,1,1,1,1,1,1,1,1,4),(65.9734457253856,
66.292057721707,66.7910299664659,67.2900022112248,67.7889744559837,68.2879467007426,
68.7869189455015,69.2858911902604,69.7848634350193,70.2838356797782,70.7828079245371,
71.281780169296,71.7807524140549,72.2566310325652),.UNSPECIFIED.);
#353=B_SPLINE_CURVE_WITH_KNOTS('',3,(#3232,#3233,#3234,#3235,#3236,#3237,
#3238,#3239,#3240,#3241,#3242,#3243,#3244,#3245,#3246,#3247,#3248),
 .UNSPECIFIED.,.F.,.F.,(4,1,1,1,1,1,1,1,1,1,1,1,1,1,4),(65.9734457253856,
66.2288255473859,66.7277977921448,67.2267700369037,67.7257422816626,68.2247145264215,
68.7236867711804,69.2226590159393,69.7216312606982,70.2206035054571,70.719575750216,
71.2185479949749,71.7175202397338,72.2164924844927,72.2566310325652),
 .UNSPECIFIED.);
#354=B_SPLINE_CURVE_WITH_KNOTS('',3,(#3253,#3254,#3255,#3256,#3257,#3258,
#3259,#3260,#3261,#3262,#3263,#3264,#3265,#3266,#3267,#3268,#3269),
 .UNSPECIFIED.,.F.,.F.,(4,1,1,1,1,1,1,1,1,1,1,1,1,1,4),(59.6902604182061,
59.8054185398413,60.3043907846002,60.8033630293591,61.302335274118,61.8013075188769,
62.3002797636358,62.7992520083947,63.2982242531536,63.7971964979125,64.2961687426714,
64.7951409874303,65.2941132321892,65.7930854769481,65.9734457253856),
 .UNSPECIFIED.);
#355=B_SPLINE_CURVE_WITH_KNOTS('',3,(#3270,#3271,#3272,#3273,#3274,#3275,
#3276,#3277,#3278,#3279,#3280,#3281,#3282,#3283,#3284,#3285,#3286),
 .UNSPECIFIED.,.F.,.F.,(4,1,1,1,1,1,1,1,1,1,1,1,1,1,4),(59.6902604182061,
59.7421863655201,60.241158610279,60.7401308550379,61.2391030997968,61.7380753445557,
62.2370475893146,62.7360198340735,63.2349920788324,63.7339643235913,64.2329365683503,
64.7319088131092,65.2308810578681,65.729853302627,65.9734457253856),
 .UNSPECIFIED.);
#356=B_SPLINE_CURVE_WITH_KNOTS('',3,(#3291,#3292,#3293,#3294,#3295,#3296,
#3297,#3298,#3299,#3300,#3301,#3302,#3303,#3304,#3305,#3306),
 .UNSPECIFIED.,.F.,.F.,(4,1,1,1,1,1,1,1,1,1,1,1,1,4),(53.4070751110265,
53.8177516027344,54.3167238474933,54.8156960922522,55.3146683370111,55.81364058177,
56.3126128265289,56.8115850712878,57.3105573160467,57.8095295608056,58.3085018055645,
58.8074740503234,59.3064462950824,59.6902604182061),.UNSPECIFIED.);
#357=B_SPLINE_CURVE_WITH_KNOTS('',3,(#3307,#3308,#3309,#3310,#3311,#3312,
#3313,#3314,#3315,#3316,#3317,#3318,#3319,#3320,#3321,#3322),
 .UNSPECIFIED.,.F.,.F.,(4,1,1,1,1,1,1,1,1,1,1,1,1,4),(53.4070751110265,
53.7545194284133,54.2534916731722,54.7524639179311,55.25143616269,55.7504084074489,
56.2493806522078,56.7483528969667,57.2473251417256,57.7462973864845,58.2452696312434,
58.7442418760023,59.2432141207612,59.6902604182061),.UNSPECIFIED.);
#358=B_SPLINE_CURVE_WITH_KNOTS('',3,(#3327,#3328,#3329,#3330,#3331,#3332,
#3333,#3334,#3335,#3336,#3337,#3338,#3339,#3340,#3341,#3342,#3343),
 .UNSPECIFIED.,.F.,.F.,(4,1,1,1,1,1,1,1,1,1,1,1,1,1,4),(47.1238898038469,
47.3311124208687,47.8300846656276,48.3290569103865,48.8280291551454,49.3270013999043,
49.8259736446632,50.3249458894221,50.823918134181,51.3228903789399,51.8218626236988,
52.3208348684577,52.8198071132166,53.3187793579755,53.4070751110265),
 .UNSPECIFIED.);
#359=B_SPLINE_CURVE_WITH_KNOTS('',3,(#3344,#3345,#3346,#3347,#3348,#3349,
#3350,#3351,#3352,#3353,#3354,#3355,#3356,#3357,#3358,#3359,#3360),
 .UNSPECIFIED.,.F.,.F.,(4,1,1,1,1,1,1,1,1,1,1,1,1,1,4),(47.1238898038469,
47.2678802465475,47.7668524913065,48.2658247360654,48.7647969808243,49.2637692255832,
49.7627414703421,50.261713715101,50.7606859598599,51.2596582046188,51.7586304493777,
52.2576026941366,52.7565749388955,53.2555471836544,53.4070751110265),
 .UNSPECIFIED.);
#360=B_SPLINE_CURVE_WITH_KNOTS('',3,(#3365,#3366,#3367,#3368,#3369,#3370,
#3371,#3372,#3373,#3374,#3375,#3376,#3377,#3378,#3379,#3380,#3381),
 .UNSPECIFIED.,.F.,.F.,(4,1,1,1,1,1,1,1,1,1,1,1,1,1,4),(40.8407044966673,
40.8444732390029,41.3434454837618,41.8424177285207,42.3413899732796,42.8403622180385,
43.3393344627975,43.8383067075564,44.3372789523153,44.8362511970742,45.3352234418331,
45.834195686592,46.3331679313509,46.8321401761098,47.1238898038469),
 .UNSPECIFIED.);
#361=B_SPLINE_CURVE_WITH_KNOTS('',3,(#3382,#3383,#3384,#3385,#3386,#3387,
#3388,#3389,#3390,#3391,#3392,#3393,#3394,#3395,#3396,#3397),
 .UNSPECIFIED.,.F.,.F.,(4,1,1,1,1,1,1,1,1,1,1,1,1,4),(40.8407044966673,
41.2802133094407,41.7791855541996,42.2781577989585,42.7771300437174,43.2761022884763,
43.7750745332352,44.2740467779941,44.773019022753,45.2719912675119,45.7709635122708,
46.2699357570297,46.7689080017886,47.1238898038469),.UNSPECIFIED.);
#362=B_SPLINE_CURVE_WITH_KNOTS('',3,(#3402,#3403,#3404,#3405,#3406,#3407,
#3408,#3409,#3410,#3411,#3412,#3413,#3414,#3415,#3416,#3417),
 .UNSPECIFIED.,.F.,.F.,(4,1,1,1,1,1,1,1,1,1,1,1,1,4),(34.5575191894877,
34.8568063018961,35.355778546655,35.8547507914139,36.3537230361728,36.8526952809317,
37.3516675256906,37.8506397704495,38.3496120152084,38.8485842599673,39.3475565047262,
39.8465287494851,40.345500994244,40.8407044966673),.UNSPECIFIED.);
#363=B_SPLINE_CURVE_WITH_KNOTS('',3,(#3418,#3419,#3420,#3421,#3422,#3423,
#3424,#3425,#3426,#3427,#3428,#3429,#3430,#3431,#3432,#3433,#3434),
 .UNSPECIFIED.,.F.,.F.,(4,1,1,1,1,1,1,1,1,1,1,1,1,1,4),(34.5575191894877,
34.793574127575,35.2925463723339,35.7915186170928,36.2904908618517,36.7894631066106,
37.2884353513695,37.7874075961284,38.2863798408873,38.7853520856462,39.2843243304051,
39.783296575164,40.2822688199229,40.7812410646818,40.8407044966673),
 .UNSPECIFIED.);
#364=B_SPLINE_CURVE_WITH_KNOTS('',3,(#3439,#3440,#3441,#3442,#3443,#3444,
#3445,#3446,#3447,#3448,#3449,#3450,#3451,#3452,#3453,#3454,#3455),
 .UNSPECIFIED.,.F.,.F.,(4,1,1,1,1,1,1,1,1,1,1,1,1,1,4),(28.2743338823081,
28.3701671200304,28.8691393647893,29.3681116095482,29.8670838543071,30.366056099066,
30.8650283438249,31.3640005885838,31.8629728333427,32.3619450781016,32.8609173228605,
33.3598895676194,33.8588618123783,34.3578340571372,34.5575191894877),
 .UNSPECIFIED.);
#365=B_SPLINE_CURVE_WITH_KNOTS('',3,(#3456,#3457,#3458,#3459,#3460,#3461,
#3462,#3463,#3464,#3465,#3466,#3467,#3468,#3469,#3470,#3471,#3472),
 .UNSPECIFIED.,.F.,.F.,(4,1,1,1,1,1,1,1,1,1,1,1,1,1,4),(28.2743338823081,
28.3069349457092,28.8059071904681,29.304879435227,29.8038516799859,30.3028239247448,
30.8017961695038,31.3007684142627,31.7997406590216,32.2987129037805,32.7976851485394,
33.2966573932983,33.7956296380572,34.2946018828161,34.5575191894877),
 .UNSPECIFIED.);
#366=B_SPLINE_CURVE_WITH_KNOTS('',3,(#3477,#3478,#3479,#3480,#3481,#3482,
#3483,#3484,#3485,#3486,#3487,#3488,#3489,#3490,#3491,#3492),
 .UNSPECIFIED.,.F.,.F.,(4,1,1,1,1,1,1,1,1,1,1,1,1,4),(21.9911485751285,
22.3825001829235,22.8814724276824,23.3804446724413,23.8794169172002,24.3783891619591,
24.877361406718,25.3763336514769,25.8753058962358,26.3742781409947,26.8732503857536,
27.3722226305126,27.8711948752715,28.2743338823081),.UNSPECIFIED.);
#367=B_SPLINE_CURVE_WITH_KNOTS('',3,(#3493,#3494,#3495,#3496,#3497,#3498,
#3499,#3500,#3501,#3502,#3503,#3504,#3505,#3506,#3507,#3508),
 .UNSPECIFIED.,.F.,.F.,(4,1,1,1,1,1,1,1,1,1,1,1,1,4),(21.9911485751285,
22.3192680086024,22.8182402533613,23.3172124981202,23.8161847428791,24.315156987638,
24.8141292323969,25.3131014771558,25.8120737219147,26.3110459666736,26.8100182114325,
27.3089904561914,27.8079627009503,28.2743338823081),.UNSPECIFIED.);
#368=B_SPLINE_CURVE_WITH_KNOTS('',3,(#3513,#3514,#3515,#3516,#3517,#3518,
#3519,#3520,#3521,#3522,#3523,#3524,#3525,#3526,#3527,#3528,#3529),
 .UNSPECIFIED.,.F.,.F.,(4,1,1,1,1,1,1,1,1,1,1,1,1,1,4),(15.7079632679489,
15.8958610010578,16.3948332458167,16.8938054905756,17.3927777353345,17.8917499800934,
18.3907222248523,18.8896944696112,19.3886667143701,19.887638959129,20.3866112038879,
20.8855834486468,21.3845556934057,21.8835279381646,21.9911485751285),
 .UNSPECIFIED.);
#369=B_SPLINE_CURVE_WITH_KNOTS('',3,(#3530,#3531,#3532,#3533,#3534,#3535,
#3536,#3537,#3538,#3539,#3540,#3541,#3542,#3543,#3544,#3545,#3546),
 .UNSPECIFIED.,.F.,.F.,(4,1,1,1,1,1,1,1,1,1,1,1,1,1,4),(15.7079632679489,
15.8326288267367,16.3316010714956,16.8305733162545,17.3295455610134,17.8285178057723,
18.3274900505312,18.8264622952901,19.325434540049,19.8244067848079,20.3233790295668,
20.8223512743257,21.3213235190846,21.8202957638435,21.9911485751285),
 .UNSPECIFIED.);
#370=B_SPLINE_CURVE_WITH_KNOTS('',3,(#3552,#3553,#3554,#3555,#3556,#3557,
#3558),.UNSPECIFIED.,.F.,.F.,(4,3,4),(70.4240573801434,70.655482840241,
71.1495771258371),.UNSPECIFIED.);
#371=B_SPLINE_CURVE_WITH_KNOTS('',3,(#3561,#3562,#3563,#3564,#3565,#3566,
#3567,#3568,#3569,#3570,#3571,#3572,#3573,#3574,#3575,#3576,#3577,#3578,
#3579),.UNSPECIFIED.,.F.,.F.,(4,3,3,3,3,3,4),(-69.1150383789755,-68.6791056978566,
-68.1850114122605,-67.6909171266644,-67.1968228410683,-66.7027285554722,
-66.6989654710795),.UNSPECIFIED.);
#372=B_SPLINE_CURVE_WITH_KNOTS('',3,(#3584,#3585,#3586,#3587,#3588,#3589,
#3590,#3591,#3592,#3593,#3594,#3595,#3596,#3597,#3598,#3599,#3600,#3601,
#3602,#3603,#3604,#3605,#3606,#3607,#3608,#3609,#3610,#3611,#3612,#3613,
#3614,#3615,#3616,#3617,#3618,#3619,#3620,#3621,#3622,#3623,#3624,#3625,
#3626),.UNSPECIFIED.,.F.,.F.,(4,3,3,3,3,3,3,3,3,3,3,3,3,3,4),(64.1408720729638,
64.2322571274918,64.7263514130879,65.220445698684,65.7145399842801,66.2086342698762,
66.7027285554722,67.1968228410683,67.6909171266644,68.1850114122605,68.6791056978566,
69.1731999834527,69.6672942690488,70.1613885546449,70.4240573801434),
 .UNSPECIFIED.);
#373=B_SPLINE_CURVE_WITH_KNOTS('',3,(#3627,#3628,#3629,#3630,#3631,#3632,
#3633,#3634,#3635,#3636,#3637,#3638,#3639,#3640,#3641,#3642,#3643,#3644,
#3645,#3646,#3647,#3648,#3649,#3650,#3651,#3652,#3653,#3654,#3655,#3656,
#3657,#3658,#3659,#3660,#3661,#3662,#3663,#3664,#3665,#3666),
 .UNSPECIFIED.,.F.,.F.,(4,3,3,3,3,3,3,3,3,3,3,3,3,4),(-66.6989654710795,
-66.2086342698761,-65.7145399842801,-65.2204456986839,-64.7263514130879,
-64.2322571274918,-63.7381628418957,-63.2440685562996,-62.7499742707035,
-62.2558799851074,-61.7617856995113,-61.2676914139152,-60.7735971283192,
-60.4157801638999),.UNSPECIFIED.);
#374=B_SPLINE_CURVE_WITH_KNOTS('',3,(#3671,#3672,#3673,#3674,#3675,#3676,
#3677,#3678,#3679,#3680,#3681,#3682,#3683,#3684,#3685,#3686,#3687,#3688,
#3689,#3690,#3691,#3692,#3693,#3694,#3695,#3696,#3697,#3698,#3699,#3700,
#3701,#3702,#3703,#3704,#3705,#3706,#3707,#3708,#3709,#3710),
 .UNSPECIFIED.,.F.,.F.,(4,3,3,3,3,3,3,3,3,3,3,3,3,4),(57.8576867657842,
58.3031257003387,58.7972199859348,59.2913142715309,59.785408557127,60.2795028427231,
60.7735971283192,61.2676914139152,61.7617856995113,62.2558799851074,62.7499742707035,
63.2440685562996,63.7381628418957,64.1408720729638),.UNSPECIFIED.);
#375=B_SPLINE_CURVE_WITH_KNOTS('',3,(#3711,#3712,#3713,#3714,#3715,#3716,
#3717,#3718,#3719,#3720,#3721,#3722,#3723,#3724,#3725,#3726,#3727,#3728,
#3729,#3730,#3731,#3732,#3733,#3734,#3735,#3736,#3737,#3738,#3739,#3740,
#3741,#3742,#3743,#3744,#3745,#3746,#3747,#3748,#3749,#3750,#3751,#3752,
#3753),.UNSPECIFIED.,.F.,.F.,(4,3,3,3,3,3,3,3,3,3,3,3,3,3,4),(-60.4157801638999,
-60.2795028427231,-59.785408557127,-59.2913142715309,-58.7972199859348,
-58.3031257003387,-57.8090314147426,-57.3149371291465,-56.8208428435504,
-56.3267485579543,-55.8326542723582,-55.3385599867621,-54.8444657011661,
-54.35037141557,-54.1325948567203),.UNSPECIFIED.);
#376=B_SPLINE_CURVE_WITH_KNOTS('',3,(#3758,#3759,#3760,#3761,#3762,#3763,
#3764,#3765,#3766,#3767,#3768,#3769,#3770,#3771,#3772,#3773,#3774,#3775,
#3776,#3777,#3778,#3779,#3780,#3781,#3782,#3783,#3784,#3785,#3786,#3787,
#3788,#3789,#3790,#3791,#3792,#3793,#3794,#3795,#3796,#3797,#3798,#3799,
#3800),.UNSPECIFIED.,.F.,.F.,(4,3,3,3,3,3,3,3,3,3,3,3,3,3,4),(51.5745014586046,
51.8798999875895,52.3739942731856,52.8680885587817,53.3621828443778,53.8562771299739,
54.35037141557,54.8444657011661,55.3385599867621,55.8326542723582,56.3267485579543,
56.8208428435504,57.3149371291465,57.8090314147426,57.8576867657842),
 .UNSPECIFIED.);
#377=B_SPLINE_CURVE_WITH_KNOTS('',3,(#3801,#3802,#3803,#3804,#3805,#3806,
#3807,#3808,#3809,#3810,#3811,#3812,#3813,#3814,#3815,#3816,#3817,#3818,
#3819,#3820,#3821,#3822,#3823,#3824,#3825,#3826,#3827,#3828,#3829,#3830,
#3831,#3832,#3833,#3834,#3835,#3836,#3837,#3838,#3839,#3840,#3841,#3842,
#3843),.UNSPECIFIED.,.F.,.F.,(4,3,3,3,3,3,3,3,3,3,3,3,3,3,4),(-54.1325948567203,
-53.8562771299739,-53.3621828443778,-52.8680885587817,-52.3739942731856,
-51.8798999875895,-51.3858057019934,-50.8917114163973,-50.3976171308013,
-49.9035228452052,-49.4094285596091,-48.915334274013,-48.4212399884169,
-47.9271457028208,-47.8494095495407),.UNSPECIFIED.);
#378=B_SPLINE_CURVE_WITH_KNOTS('',3,(#3848,#3849,#3850,#3851,#3852,#3853,
#3854,#3855,#3856,#3857,#3858,#3859,#3860,#3861,#3862,#3863,#3864,#3865,
#3866,#3867,#3868,#3869,#3870,#3871,#3872,#3873,#3874,#3875,#3876,#3877,
#3878,#3879,#3880,#3881,#3882,#3883,#3884,#3885,#3886,#3887,#3888,#3889,
#3890),.UNSPECIFIED.,.F.,.F.,(4,3,3,3,3,3,3,3,3,3,3,3,3,3,4),(45.291316151425,
45.4566742748403,45.9507685604364,46.4448628460325,46.9389571316286,47.4330514172247,
47.9271457028208,48.4212399884169,48.915334274013,49.4094285596091,49.9035228452052,
50.3976171308012,50.8917114163973,51.3858057019934,51.5745014586046),
 .UNSPECIFIED.);
#379=B_SPLINE_CURVE_WITH_KNOTS('',3,(#3891,#3892,#3893,#3894,#3895,#3896,
#3897,#3898,#3899,#3900,#3901,#3902,#3903,#3904,#3905,#3906,#3907,#3908,
#3909,#3910,#3911,#3912,#3913,#3914,#3915,#3916,#3917,#3918,#3919,#3920,
#3921,#3922,#3923,#3924,#3925,#3926,#3927,#3928,#3929,#3930),
 .UNSPECIFIED.,.F.,.F.,(4,3,3,3,3,3,3,3,3,3,3,3,3,4),(-47.8494095495407,
-47.4330514172247,-46.9389571316286,-46.4448628460325,-45.9507685604364,
-45.4566742748404,-44.9625799892442,-44.4684857036482,-43.9743914180521,
-43.480297132456,-42.9862028468599,-42.4921085612638,-41.9980142756677,
-41.5662242423611),.UNSPECIFIED.);
#380=B_SPLINE_CURVE_WITH_KNOTS('',3,(#3935,#3936,#3937,#3938,#3939,#3940,
#3941,#3942,#3943,#3944,#3945,#3946,#3947,#3948,#3949,#3950,#3951,#3952,
#3953,#3954,#3955,#3956,#3957,#3958,#3959,#3960,#3961,#3962,#3963,#3964,
#3965,#3966,#3967,#3968,#3969,#3970,#3971,#3972,#3973,#3974,#3975,#3976,
#3977),.UNSPECIFIED.,.F.,.F.,(4,3,3,3,3,3,3,3,3,3,3,3,3,3,4),(39.0081308442454,
39.0334485620912,39.5275428476873,40.0216371332833,40.5157314188794,41.0098257044755,
41.5039199900716,41.9980142756677,42.4921085612638,42.9862028468599,43.480297132456,
43.9743914180521,44.4684857036482,44.9625799892442,45.291316151425),
 .UNSPECIFIED.);
#381=B_SPLINE_CURVE_WITH_KNOTS('',3,(#3978,#3979,#3980,#3981,#3982,#3983,
#3984,#3985,#3986,#3987,#3988,#3989,#3990,#3991,#3992,#3993,#3994,#3995,
#3996,#3997,#3998,#3999,#4000,#4001,#4002,#4003,#4004,#4005,#4006,#4007,
#4008,#4009,#4010,#4011,#4012,#4013,#4014,#4015,#4016,#4017,#4018,#4019,
#4020),.UNSPECIFIED.,.F.,.F.,(4,3,3,3,3,3,3,3,3,3,3,3,3,3,4),(-41.5662242423611,
-41.5039199900716,-41.0098257044755,-40.5157314188794,-40.0216371332833,
-39.5275428476873,-39.0334485620912,-38.5393542764951,-38.045259990899,
-37.5511657053029,-37.0570714197068,-36.5629771341107,-36.0688828485146,
-35.5747885629185,-35.2830389351815),.UNSPECIFIED.);
#382=B_SPLINE_CURVE_WITH_KNOTS('',3,(#4025,#4026,#4027,#4028,#4029,#4030,
#4031,#4032,#4033,#4034,#4035,#4036,#4037,#4038,#4039,#4040,#4041,#4042,
#4043,#4044,#4045,#4046,#4047,#4048,#4049,#4050,#4051,#4052,#4053,#4054,
#4055,#4056,#4057,#4058,#4059,#4060,#4061,#4062,#4063,#4064),
 .UNSPECIFIED.,.F.,.F.,(4,3,3,3,3,3,3,3,3,3,3,3,3,4),(32.7249455370658,
33.1043171349381,33.5984114205342,34.0925057061303,34.5865999917263,35.0806942773224,
35.5747885629185,36.0688828485146,36.5629771341107,37.0570714197068,37.5511657053029,
38.045259990899,38.5393542764951,39.0081308442454),.UNSPECIFIED.);
#383=B_SPLINE_CURVE_WITH_KNOTS('',3,(#4065,#4066,#4067,#4068,#4069,#4070,
#4071,#4072,#4073,#4074,#4075,#4076,#4077,#4078,#4079,#4080,#4081,#4082,
#4083,#4084,#4085,#4086,#4087,#4088,#4089,#4090,#4091,#4092,#4093,#4094,
#4095,#4096,#4097,#4098,#4099,#4100,#4101,#4102,#4103,#4104,#4105,#4106,
#4107),.UNSPECIFIED.,.F.,.F.,(4,3,3,3,3,3,3,3,3,3,3,3,3,3,4),(-35.2830389351815,
-35.0806942773224,-34.5865999917264,-34.0925057061303,-33.5984114205342,
-33.1043171349381,-32.610222849342,-32.1161285637459,-31.6220342781498,
-31.1279399925537,-30.6338457069576,-30.1397514213615,-29.6456571357654,
-29.1515628501694,-28.9998536280019),.UNSPECIFIED.);
#384=B_SPLINE_CURVE_WITH_KNOTS('',3,(#4112,#4113,#4114,#4115,#4116,#4117,
#4118,#4119,#4120,#4121,#4122,#4123,#4124,#4125,#4126,#4127,#4128,#4129,
#4130,#4131,#4132,#4133,#4134,#4135,#4136,#4137,#4138,#4139,#4140,#4141,
#4142,#4143,#4144,#4145,#4146,#4147,#4148,#4149,#4150,#4151,#4152,#4153,
#4154),.UNSPECIFIED.,.F.,.F.,(4,3,3,3,3,3,3,3,3,3,3,3,3,3,4),(26.4417602298862,
26.6810914221889,27.175185707785,27.6692799933811,28.1633742789772,28.6574685645733,
29.1515628501693,29.6456571357654,30.1397514213615,30.6338457069576,31.1279399925537,
31.6220342781498,32.1161285637459,32.610222849342,32.7249455370658),
 .UNSPECIFIED.);
#385=B_SPLINE_CURVE_WITH_KNOTS('',3,(#4155,#4156,#4157,#4158,#4159,#4160,
#4161,#4162,#4163,#4164,#4165,#4166,#4167,#4168,#4169,#4170,#4171,#4172,
#4173,#4174,#4175,#4176,#4177,#4178,#4179,#4180,#4181,#4182,#4183,#4184,
#4185,#4186,#4187,#4188,#4189,#4190,#4191,#4192,#4193,#4194,#4195,#4196,
#4197),.UNSPECIFIED.,.F.,.F.,(4,3,3,3,3,3,3,3,3,3,3,3,3,3,4),(-28.9998536280019,
-28.6574685645733,-28.1633742789772,-27.6692799933811,-27.175185707785,
-26.6810914221889,-26.1869971365928,-25.6929028509967,-25.1988085654006,
-24.7047142798045,-24.2106199942084,-23.7165257086124,-23.2224314230163,
-22.7283371374202,-22.7166683208223),.UNSPECIFIED.);
#386=B_SPLINE_CURVE_WITH_KNOTS('',3,(#4202,#4203,#4204,#4205,#4206,#4207,
#4208,#4209,#4210,#4211,#4212,#4213,#4214,#4215,#4216,#4217,#4218,#4219,
#4220,#4221,#4222,#4223,#4224,#4225,#4226,#4227,#4228,#4229,#4230,#4231,
#4232,#4233,#4234,#4235,#4236,#4237,#4238,#4239,#4240,#4241,#4242,#4243,
#4244),.UNSPECIFIED.,.F.,.F.,(4,3,3,3,3,3,3,3,3,3,3,3,3,3,4),(20.1585749227066,
20.2578657094397,20.7519599950358,21.2460542806319,21.740148566228,22.2342428518241,
22.7283371374202,23.2224314230163,23.7165257086124,24.2106199942084,24.7047142798045,
25.1988085654006,25.6929028509967,26.1869971365928,26.4417602298862),
 .UNSPECIFIED.);
#387=B_SPLINE_CURVE_WITH_KNOTS('',3,(#4245,#4246,#4247,#4248,#4249,#4250,
#4251,#4252,#4253,#4254,#4255,#4256,#4257,#4258,#4259,#4260,#4261,#4262,
#4263,#4264,#4265,#4266,#4267,#4268,#4269,#4270,#4271,#4272,#4273,#4274,
#4275,#4276,#4277,#4278,#4279,#4280,#4281,#4282,#4283,#4284),
 .UNSPECIFIED.,.F.,.F.,(4,3,3,3,3,3,3,3,3,3,3,3,3,4),(-22.7166683208223,
-22.2342428518241,-21.740148566228,-21.2460542806319,-20.7519599950358,
-20.2578657094397,-19.7637714238436,-19.2696771382475,-18.7755828526514,
-18.2814885670554,-17.7873942814593,-17.2932999958632,-16.7992057102671,
-16.4334830136427),.UNSPECIFIED.);
#388=B_SPLINE_CURVE_WITH_KNOTS('',3,(#4289,#4290,#4291,#4292,#4293,#4294,
#4295,#4296,#4297,#4298,#4299,#4300,#4301,#4302,#4303,#4304,#4305,#4306,
#4307,#4308,#4309,#4310,#4311,#4312,#4313,#4314,#4315,#4316,#4317,#4318,
#4319,#4320,#4321,#4322,#4323,#4324,#4325,#4326,#4327,#4328),
 .UNSPECIFIED.,.F.,.F.,(4,3,3,3,3,3,3,3,3,3,3,3,3,4),(13.875389615527,14.3287342822866,
14.8228285678827,15.3169228534788,15.8110171390749,16.305111424671,16.7992057102671,
17.2932999958632,17.7873942814593,18.2814885670554,18.7755828526514,19.2696771382475,
19.7637714238436,20.1585749227066),.UNSPECIFIED.);
#389=B_SPLINE_CURVE_WITH_KNOTS('',3,(#4329,#4330,#4331,#4332,#4333,#4334,
#4335,#4336,#4337,#4338,#4339,#4340,#4341,#4342,#4343,#4344,#4345,#4346,
#4347,#4348,#4349,#4350,#4351,#4352,#4353,#4354,#4355,#4356,#4357,#4358,
#4359,#4360,#4361,#4362,#4363,#4364,#4365,#4366,#4367,#4368,#4369,#4370,
#4371),.UNSPECIFIED.,.F.,.F.,(4,3,3,3,3,3,3,3,3,3,3,3,3,3,4),(-16.4334830136427,
-16.305111424671,-15.8110171390749,-15.3169228534788,-14.8228285678827,
-14.3287342822866,-13.8346399966905,-13.3405457110944,-12.8464514254984,
-12.3523571399023,-11.8582628543062,-11.3641685687101,-10.870074283114,
-10.3759799975179,-10.1502977064631),.UNSPECIFIED.);
#390=B_SPLINE_CURVE_WITH_KNOTS('',3,(#4377,#4378,#4379,#4380,#4381,#4382,
#4383,#4384,#4385,#4386,#4387,#4388,#4389,#4390,#4391,#4392,#4393,#4394,
#4395,#4396,#4397,#4398,#4399,#4400,#4401),.UNSPECIFIED.,.F.,.F.,(4,3,3,
3,3,3,3,3,4),(-3.86711239928357,-3.45865999917263,-2.96456571357655,-2.47047142798045,
-1.97637714238436,-1.48228285678827,-0.988188571192181,-0.49409428559609,
0.),.UNSPECIFIED.);
#391=B_SPLINE_CURVE_WITH_KNOTS('',3,(#4404,#4405,#4406,#4407,#4408,#4409,
#4410,#4411,#4412,#4413,#4414,#4415,#4416,#4417,#4418,#4419,#4420,#4421,
#4422,#4423,#4424,#4425,#4426,#4427,#4428,#4429,#4430,#4431,#4432,#4433,
#4434,#4435,#4436,#4437,#4438,#4439,#4440),.UNSPECIFIED.,.F.,.F.,(4,3,3,
3,3,3,3,3,3,3,3,3,4),(2.03453874686156,2.47047142798045,2.96456571357654,
3.45865999917264,3.95275428476872,4.44684857036482,4.94094285596091,5.435037141557,
5.92913142715309,6.42322571274918,6.91731999834527,7.41141428394137,7.59220430834745),
 .UNSPECIFIED.);
#392=B_SPLINE_CURVE_WITH_KNOTS('',3,(#4446,#4447,#4448,#4449,#4450,#4451,
#4452,#4453,#4454,#4455,#4456,#4457,#4458),.UNSPECIFIED.,.F.,.F.,(4,1,1,
1,1,1,1,1,1,1,4),(78.5398163397448,78.5435794241376,79.0376737097337,79.5317679953298,
80.0258622809259,80.519956566522,81.014050852118,81.5081451377141,82.0022394233102,
82.4963337089063,82.9904279945024),.UNSPECIFIED.);
#393=B_SPLINE_CURVE_WITH_KNOTS('',3,(#4461,#4462,#4463,#4464,#4465,#4466,
#4467,#4468,#4469,#4470,#4471,#4472,#4473,#4474),.UNSPECIFIED.,.F.,.F.,
(4,1,1,1,1,1,1,1,1,1,1,4),(78.5398163397448,78.6312013942728,79.1252956798689,
79.619389965465,80.1134842510611,80.6075785366571,81.1016728222532,81.5957671078493,
82.0898613934454,82.5839556790415,83.0780499646376,83.5139826457565),
 .UNSPECIFIED.);
#394=B_SPLINE_CURVE_WITH_KNOTS('',3,(#4479,#4480,#4481,#4482,#4483,#4484,
#4485,#4486,#4487,#4488,#4489,#4490,#4491,#4492,#4493,#4494),
 .UNSPECIFIED.,.F.,.F.,(4,1,1,1,1,1,1,1,1,1,1,1,1,4),(72.2566310325652,
72.6144479969845,73.1085422825806,73.6026365681767,74.0967308537728,74.5908251393689,
75.084919424965,75.579013710561,76.0731079961571,76.5672022817532,77.0612965673493,
77.5553908529454,78.0494851385415,78.5398163397448),.UNSPECIFIED.);
#395=B_SPLINE_CURVE_WITH_KNOTS('',3,(#4495,#4496,#4497,#4498,#4499,#4500,
#4501,#4502,#4503,#4504,#4505,#4506,#4507,#4508,#4509,#4510),
 .UNSPECIFIED.,.F.,.F.,(4,1,1,1,1,1,1,1,1,1,1,1,1,4),(72.2566310325652,
72.7020699671197,73.1961642527158,73.6902585383119,74.184352823908,74.678447109504,
75.1725413951001,75.6666356806962,76.1607299662923,76.6548242518884,77.1489185374845,
77.6430128230806,78.1371071086767,78.5398163397448),.UNSPECIFIED.);
#396=B_SPLINE_CURVE_WITH_KNOTS('',3,(#4515,#4516,#4517,#4518,#4519,#4520,
#4521,#4522,#4523,#4524,#4525,#4526,#4527,#4528,#4529,#4530,#4531),
 .UNSPECIFIED.,.F.,.F.,(4,1,1,1,1,1,1,1,1,1,1,1,1,1,4),(65.9734457253856,
66.1912222842353,66.6853165698314,67.1794108554275,67.6735051410236,68.1675994266197,
68.6616937122158,69.1557879978119,69.649882283408,70.1439765690041,70.6380708546001,
71.1321651401962,71.6262594257923,72.1203537113884,72.2566310325652),
 .UNSPECIFIED.);
#397=B_SPLINE_CURVE_WITH_KNOTS('',3,(#4532,#4533,#4534,#4535,#4536,#4537,
#4538,#4539,#4540,#4541,#4542,#4543,#4544,#4545,#4546,#4547,#4548),
 .UNSPECIFIED.,.F.,.F.,(4,1,1,1,1,1,1,1,1,1,1,1,1,1,4),(65.9734457253856,
66.2788442543705,66.7729385399666,67.2670328255627,67.7611271111588,68.2552213967549,
68.749315682351,69.2434099679471,69.7375042535431,70.2315985391392,70.7256928247353,
71.2197871103314,71.7138813959275,72.2079756815236,72.2566310325652),
 .UNSPECIFIED.);
#398=B_SPLINE_CURVE_WITH_KNOTS('',3,(#4553,#4554,#4555,#4556,#4557,#4558,
#4559,#4560,#4561,#4562,#4563,#4564,#4565,#4566,#4567,#4568,#4569),
 .UNSPECIFIED.,.F.,.F.,(4,1,1,1,1,1,1,1,1,1,1,1,1,1,4),(59.690260418206,
59.7679965714862,60.2620908570822,60.7561851426783,61.2502794282744,61.7443737138705,
62.2384679994666,62.7325622850627,63.2266565706588,63.7207508562549,64.214845141851,
64.7089394274471,65.2030337130432,65.6971279986392,65.9734457253856),
 .UNSPECIFIED.);
#399=B_SPLINE_CURVE_WITH_KNOTS('',3,(#4570,#4571,#4572,#4573,#4574,#4575,
#4576,#4577,#4578,#4579,#4580,#4581,#4582,#4583,#4584,#4585,#4586),
 .UNSPECIFIED.,.F.,.F.,(4,1,1,1,1,1,1,1,1,1,1,1,1,1,4),(59.690260418206,
59.8556185416213,60.3497128272174,60.8438071128135,61.3379013984096,61.8319956840057,
62.3260899696018,62.8201842551979,63.314278540794,63.8083728263901,64.3024671119861,
64.7965613975822,65.2906556831783,65.7847499687744,65.9734457253856),
 .UNSPECIFIED.);
#400=B_SPLINE_CURVE_WITH_KNOTS('',3,(#4591,#4592,#4593,#4594,#4595,#4596,
#4597,#4598,#4599,#4600,#4601,#4602,#4603,#4604,#4605,#4606),
 .UNSPECIFIED.,.F.,.F.,(4,1,1,1,1,1,1,1,1,1,1,1,1,4),(53.4070751110264,
53.8388651443331,54.3329594299292,54.8270537155253,55.3211480011213,55.8152422867174,
56.3093365723135,56.8034308579096,57.2975251435057,57.7916194291018,58.2857137146979,
58.779808000294,59.2739022858901,59.690260418206),.UNSPECIFIED.);
#401=B_SPLINE_CURVE_WITH_KNOTS('',3,(#4607,#4608,#4609,#4610,#4611,#4612,
#4613,#4614,#4615,#4616,#4617,#4618,#4619,#4620,#4621,#4622,#4623),
 .UNSPECIFIED.,.F.,.F.,(4,1,1,1,1,1,1,1,1,1,1,1,1,1,4),(53.4070751110264,
53.4323928288722,53.9264871144682,54.4205814000643,54.9146756856604,55.4087699712565,
55.9028642568526,56.3969585424487,56.8910528280448,57.3851471136409,57.879241399237,
58.3733356848331,58.8674299704291,59.3615242560252,59.690260418206),
 .UNSPECIFIED.);
#402=B_SPLINE_CURVE_WITH_KNOTS('',3,(#4628,#4629,#4630,#4631,#4632,#4633,
#4634,#4635,#4636,#4637,#4638,#4639,#4640,#4641,#4642,#4643,#4644),
 .UNSPECIFIED.,.F.,.F.,(4,1,1,1,1,1,1,1,1,1,1,1,1,1,4),(47.1238898038469,
47.4156394315839,47.90973371718,48.4038280027761,48.8979222883722,49.3920165739682,
49.8861108595643,50.3802051451604,50.8742994307565,51.3683937163526,51.8624880019487,
52.3565822875448,52.8506765731409,53.344770858737,53.4070751110264),
 .UNSPECIFIED.);
#403=B_SPLINE_CURVE_WITH_KNOTS('',3,(#4645,#4646,#4647,#4648,#4649,#4650,
#4651,#4652,#4653,#4654,#4655,#4656,#4657,#4658,#4659,#4660),
 .UNSPECIFIED.,.F.,.F.,(4,1,1,1,1,1,1,1,1,1,1,1,1,4),(47.1238898038468,
47.5032614017191,47.9973556873152,48.4914499729112,48.9855442585073,49.4796385441034,
49.9737328296995,50.4678271152956,50.9619214008917,51.4560156864878,51.9501099720839,
52.44420425768,52.9382985432761,53.4070751110264),.UNSPECIFIED.);
#404=B_SPLINE_CURVE_WITH_KNOTS('',3,(#4665,#4666,#4667,#4668,#4669,#4670,
#4671,#4672,#4673,#4674,#4675,#4676,#4677,#4678,#4679,#4680,#4681),
 .UNSPECIFIED.,.F.,.F.,(4,1,1,1,1,1,1,1,1,1,1,1,1,1,4),(40.8407044966673,
40.9924137188347,41.4865080044308,41.9806022900269,42.474696575623,42.9687908612191,
43.4628851468152,43.9569794324113,44.4510737180073,44.9451680036034,45.4392622891995,
45.9333565747956,46.4274508603917,46.9215451459878,47.1238898038469),
 .UNSPECIFIED.);
#405=B_SPLINE_CURVE_WITH_KNOTS('',3,(#4682,#4683,#4684,#4685,#4686,#4687,
#4688,#4689,#4690,#4691,#4692,#4693,#4694,#4695,#4696,#4697,#4698),
 .UNSPECIFIED.,.F.,.F.,(4,1,1,1,1,1,1,1,1,1,1,1,1,1,4),(40.8407044966673,
41.0800356889699,41.574129974566,42.0682242601621,42.5623185457582,43.0564128313543,
43.5505071169503,44.0446014025464,44.5386956881425,45.0327899737386,45.5268842593347,
46.0209785449308,46.5150728305269,47.009167116123,47.1238898038468),
 .UNSPECIFIED.);
#406=B_SPLINE_CURVE_WITH_KNOTS('',3,(#4703,#4704,#4705,#4706,#4707,#4708,
#4709,#4710,#4711,#4712,#4713,#4714,#4715,#4716,#4717,#4718,#4719),
 .UNSPECIFIED.,.F.,.F.,(4,1,1,1,1,1,1,1,1,1,1,1,1,1,4),(34.5575191894877,
34.5691880060855,35.0632822916816,35.5573765772777,36.0514708628738,36.5455651484699,
37.039659434066,37.5337537196621,38.0278480052582,38.5219422908543,39.0160365764503,
39.5101308620464,40.0042251476425,40.4983194332386,40.8407044966673),
 .UNSPECIFIED.);
#407=B_SPLINE_CURVE_WITH_KNOTS('',3,(#4720,#4721,#4722,#4723,#4724,#4725,
#4726,#4727,#4728,#4729,#4730,#4731,#4732,#4733,#4734,#4735,#4736),
 .UNSPECIFIED.,.F.,.F.,(4,1,1,1,1,1,1,1,1,1,1,1,1,1,4),(34.5575191894877,
34.6568099762207,35.1509042618168,35.6449985474129,36.139092833009,36.6331871186051,
37.1272814042012,37.6213756897973,38.1154699753933,38.6095642609894,39.1036585465855,
39.5977528321816,40.0918471177777,40.5859414033738,40.8407044966673),
 .UNSPECIFIED.);
#408=B_SPLINE_CURVE_WITH_KNOTS('',3,(#4741,#4742,#4743,#4744,#4745,#4746,
#4747,#4748,#4749,#4750,#4751,#4752,#4753,#4754,#4755,#4756),
 .UNSPECIFIED.,.F.,.F.,(4,1,1,1,1,1,1,1,1,1,1,1,1,4),(28.2743338823081,
28.6400565789324,29.1341508645285,29.6282451501246,30.1223394357207,30.6164337213168,
31.1105280069129,31.604622292509,32.0987165781051,32.5928108637012,33.0869051492973,
33.5809994348934,34.0750937204894,34.5575191894877),.UNSPECIFIED.);
#409=B_SPLINE_CURVE_WITH_KNOTS('',3,(#4757,#4758,#4759,#4760,#4761,#4762,
#4763,#4764,#4765,#4766,#4767,#4768,#4769,#4770,#4771,#4772),
 .UNSPECIFIED.,.F.,.F.,(4,1,1,1,1,1,1,1,1,1,1,1,1,4),(28.2743338823081,
28.7276785490676,29.2217728346637,29.7158671202598,30.2099614058559,30.704055691452,
31.1981499770481,31.6922442626442,32.1863385482403,32.6804328338363,33.1745271194324,
33.6686214050285,34.1627156906246,34.5575191894877),.UNSPECIFIED.);
#410=B_SPLINE_CURVE_WITH_KNOTS('',3,(#4777,#4778,#4779,#4780,#4781,#4782,
#4783,#4784,#4785,#4786,#4787,#4788,#4789,#4790,#4791,#4792,#4793),
 .UNSPECIFIED.,.F.,.F.,(4,1,1,1,1,1,1,1,1,1,1,1,1,1,4),(21.9911485751285,
22.2168308661833,22.7109251517794,23.2050194373754,23.6991137229715,24.1932080085676,
24.6873022941637,25.1813965797598,25.6754908653559,26.169585150952,26.6636794365481,
27.1577737221442,27.6518680077403,28.1459622933364,28.2743338823081),
 .UNSPECIFIED.);
#411=B_SPLINE_CURVE_WITH_KNOTS('',3,(#4794,#4795,#4796,#4797,#4798,#4799,
#4800,#4801,#4802,#4803,#4804,#4805,#4806,#4807,#4808,#4809,#4810),
 .UNSPECIFIED.,.F.,.F.,(4,1,1,1,1,1,1,1,1,1,1,1,1,1,4),(21.9911485751285,
22.3044528363184,22.7985471219145,23.2926414075106,23.7867356931067,24.2808299787028,
24.7749242642989,25.269018549895,25.7631128354911,26.2572071210872,26.7513014066833,
27.2453956922794,27.7394899778754,28.2335842634715,28.2743338823081),
 .UNSPECIFIED.);
#412=B_SPLINE_CURVE_WITH_KNOTS('',3,(#4816,#4817,#4818,#4819,#4820,#4821),
 .UNSPECIFIED.,.F.,.F.,(4,1,1,4),(14.398944266781,14.8930385523771,15.3871328379732,
15.7079632679489),.UNSPECIFIED.);
#413=B_SPLINE_CURVE_WITH_KNOTS('',3,(#4824,#4825,#4826,#4827,#4828,#4829,
#4830),.UNSPECIFIED.,.F.,.F.,(4,1,1,1,4),(13.8753896155269,14.3113222966458,
14.8054165822419,15.299510867838,15.7079632679489),.UNSPECIFIED.);
#414=B_SPLINE_CURVE_WITH_KNOTS('',3,(#4834,#4835,#4836,#4837,#4838,#4839,
#4840,#4841,#4842,#4843),.UNSPECIFIED.,.F.,.F.,(4,2,2,2,4),(1.21447612975261,
1.37580765669175,1.49814433614109,1.62822836584308,1.62946976962526),
 .UNSPECIFIED.);
#415=B_SPLINE_CURVE_WITH_KNOTS('',3,(#4847,#4848,#4849,#4850,#4851,#4852,
#4853,#4854,#4855,#4856),.UNSPECIFIED.,.F.,.F.,(4,2,2,2,4),(-0.00126618171613192,
0.,0.191521979928599,0.383601760916831,0.434627790761476),.UNSPECIFIED.);
#416=B_SPLINE_CURVE_WITH_KNOTS('',3,(#4869,#4870,#4871,#4872,#4873,#4874,
#4875,#4876,#4877,#4878),.UNSPECIFIED.,.F.,.F.,(4,2,2,2,4),(1.21447612919874,
1.37580765606245,1.49814433545442,1.62822836509442,1.62946976887672),
 .UNSPECIFIED.);
#417=B_SPLINE_CURVE_WITH_KNOTS('',3,(#4882,#4883,#4884,#4885,#4886,#4887,
#4888,#4889,#4890,#4891),.UNSPECIFIED.,.F.,.F.,(4,2,2,2,4),(-0.00126618171629604,
0.,0.191521979901778,0.383601760861351,0.434627790698387),.UNSPECIFIED.);
#418=B_SPLINE_CURVE_WITH_KNOTS('',3,(#4902,#4903,#4904,#4905,#4906,#4907,
#4908,#4909,#4910,#4911),.UNSPECIFIED.,.F.,.F.,(4,2,2,2,4),(1.21447612973852,
1.37580765667322,1.49814433611919,1.62822836581765,1.62946976959957),
 .UNSPECIFIED.);
#419=B_SPLINE_CURVE_WITH_KNOTS('',3,(#4915,#4916,#4917,#4918,#4919,#4920,
#4921,#4922,#4923,#4924),.UNSPECIFIED.,.F.,.F.,(4,2,2,2,4),(-0.00126618171582119,
0.,0.191521980008002,0.383601761082998,0.434627790950723),.UNSPECIFIED.);
#420=B_SPLINE_CURVE_WITH_KNOTS('',3,(#4935,#4936,#4937,#4938,#4939,#4940,
#4941,#4942,#4943,#4944),.UNSPECIFIED.,.F.,.F.,(4,2,2,2,4),(1.2144761299354,
1.37580765690018,1.49814433636894,1.62822836609193,1.62946976987406),
 .UNSPECIFIED.);
#421=B_SPLINE_CURVE_WITH_KNOTS('',3,(#4948,#4949,#4950,#4951,#4952,#4953,
#4954,#4955,#4956,#4957),.UNSPECIFIED.,.F.,.F.,(4,2,2,2,4),(-0.00126618171605291,
0.,0.191521980035384,0.383601761140634,0.434627791016375),.UNSPECIFIED.);
#422=B_SPLINE_CURVE_WITH_KNOTS('',3,(#5033,#5034,#5035,#5036,#5037,#5038,
#5039,#5040,#5041,#5042,#5043,#5044,#5045,#5046,#5047,#5048,#5049,#5050,
#5051,#5052,#5053,#5054,#5055,#5056,#5057,#5058,#5059,#5060,#5061,#5062,
#5063,#5064,#5065,#5066,#5067,#5068,#5069,#5070,#5071,#5072,#5073,#5074,
#5075,#5076,#5077,#5078,#5079,#5080,#5081,#5082,#5083,#5084,#5085,#5086,
#5087,#5088,#5089,#5090,#5091,#5092,#5093,#5094,#5095,#5096,#5097,#5098,
#5099,#5100,#5101,#5102,#5103,#5104,#5105,#5106,#5107,#5108,#5109,#5110,
#5111,#5112,#5113,#5114,#5115,#5116,#5117,#5118,#5119,#5120,#5121,#5122,
#5123,#5124,#5125,#5126,#5127,#5128,#5129,#5130,#5131,#5132,#5133,#5134,
#5135,#5136,#5137,#5138,#5139,#5140,#5141,#5142,#5143,#5144,#5145,#5146,
#5147,#5148,#5149,#5150,#5151,#5152,#5153,#5154,#5155,#5156,#5157,#5158,
#5159,#5160,#5161,#5162),.UNSPECIFIED.,.F.,.F.,(4,3,3,3,3,3,3,3,3,3,3,3,
3,3,3,3,3,3,3,3,3,3,3,3,3,3,3,3,3,3,3,3,3,3,3,3,3,3,3,3,3,3,3,4),(0.,0.0641211878615396,
0.172419855230393,0.28165209874092,0.391225022373822,0.50049166161791,0.597925522232651,
0.634463219963178,0.64487482319095,0.655505738781073,0.764320393124541,
0.873122494325482,0.890227104076873,0.999038484487954,1.10804398426541,
1.21660016203533,1.27825282107326,1.28866724828134,1.39690310791096,1.50537548645932,
1.61323595332544,1.70982143433876,1.81819824121736,1.90621843063341,1.92131294964828,
1.93154570024073,2.03851682650898,2.14630063980611,2.2541369666545,2.36137613358393,
2.4670123453926,2.52235975654572,2.55121217931193,2.56560618215691,2.67230539130906,
2.77959991873833,2.88686684272078,2.92698683768247,2.94137241245285,2.95542011699165,
3.06242820861127,3.16916906462677,3.27472913210318,3.32655738644514),
 .UNSPECIFIED.);
#423=B_SPLINE_CURVE_WITH_KNOTS('',3,(#5166,#5167,#5168,#5169,#5170,#5171,
#5172,#5173,#5174,#5175,#5176,#5177,#5178,#5179,#5180,#5181,#5182,#5183,
#5184,#5185,#5186,#5187,#5188,#5189,#5190,#5191,#5192,#5193,#5194,#5195,
#5196,#5197,#5198,#5199,#5200,#5201,#5202,#5203,#5204,#5205,#5206,#5207,
#5208,#5209,#5210,#5211,#5212,#5213,#5214,#5215,#5216,#5217,#5218,#5219,
#5220,#5221,#5222,#5223,#5224,#5225,#5226,#5227,#5228,#5229,#5230,#5231,
#5232,#5233,#5234,#5235,#5236,#5237,#5238,#5239,#5240,#5241,#5242,#5243,
#5244,#5245,#5246,#5247,#5248,#5249,#5250,#5251,#5252,#5253,#5254,#5255,
#5256,#5257,#5258,#5259,#5260,#5261,#5262,#5263,#5264,#5265,#5266,#5267,
#5268,#5269,#5270,#5271,#5272,#5273,#5274,#5275,#5276,#5277,#5278,#5279,
#5280,#5281,#5282,#5283,#5284,#5285,#5286,#5287,#5288,#5289,#5290,#5291,
#5292),.UNSPECIFIED.,.F.,.F.,(4,3,3,3,3,3,3,3,3,3,3,3,3,3,3,3,3,3,3,3,3,
3,3,3,3,3,3,3,3,3,3,3,3,3,3,3,3,3,3,3,3,3,4),(0.,0.0619915487498683,0.16752576169052,
0.274162743871534,0.381376732976624,0.488545445995639,0.58335971360763,
0.619750343627602,0.634881567353193,0.742286446947027,0.850010775954201,
0.867802516443602,0.975088882734387,1.08281702495093,1.19036134388817,1.25163881176433,
1.26676084194037,1.37458856538804,1.48285262904504,1.59082865542854,1.68058108689751,
1.78876147211528,1.87763932496889,1.89455221778621,1.90542895463693,2.01279574780906,
2.12118423729034,2.23000701929903,2.33843254756656,2.44546572813644,2.49978429494421,
2.52923374643822,2.54366115215855,2.65160956312697,2.76038726286177,2.8694118838233,
2.90637529959564,2.92800029506381,2.94189577832471,3.05122186116236,3.16050876177668,
3.2688767980179,3.32415920017336),.UNSPECIFIED.);
#424=B_SPLINE_CURVE_WITH_KNOTS('',3,(#5389,#5390,#5391,#5392,#5393,#5394,
#5395,#5396,#5397,#5398,#5399,#5400,#5401,#5402,#5403,#5404,#5405,#5406,
#5407,#5408,#5409,#5410,#5411,#5412,#5413,#5414,#5415,#5416,#5417,#5418,
#5419,#5420,#5421,#5422,#5423,#5424,#5425,#5426,#5427,#5428,#5429,#5430,
#5431,#5432,#5433,#5434,#5435,#5436,#5437,#5438,#5439,#5440,#5441,#5442,
#5443,#5444,#5445,#5446,#5447,#5448,#5449,#5450,#5451,#5452,#5453,#5454,
#5455,#5456,#5457,#5458,#5459,#5460,#5461,#5462,#5463,#5464,#5465,#5466,
#5467,#5468,#5469,#5470,#5471,#5472,#5473,#5474,#5475,#5476,#5477,#5478,
#5479,#5480,#5481,#5482,#5483,#5484,#5485,#5486,#5487,#5488,#5489,#5490,
#5491,#5492,#5493,#5494,#5495,#5496,#5497,#5498,#5499,#5500,#5501,#5502,
#5503,#5504,#5505,#5506,#5507,#5508,#5509,#5510,#5511,#5512),
 .UNSPECIFIED.,.F.,.F.,(4,3,3,3,3,3,3,3,3,3,3,3,3,3,3,3,3,3,3,3,3,3,3,3,
3,3,3,3,3,3,3,3,3,3,3,3,3,3,3,3,3,4),(0.,0.107814674749905,0.216751970355567,
0.326267503687722,0.435732942016059,0.543978275737416,0.612574182511194,
0.64280630634323,0.652100271733891,0.760971693238912,0.818361902832529,
0.926856393237703,1.03585606064744,1.14471732637756,1.25281291636136,1.27858323214202,
1.29433339474093,1.40259471959112,1.5165596315758,1.62445033863954,1.63052454356049,
1.73898129998225,1.84719372789478,1.92079525297308,1.93119263763556,2.03835281001984,
2.14632082005453,2.25410567170646,2.36073272735742,2.43600592852117,2.53565636628129,
2.55478675339175,2.56503177088918,2.67193475767387,2.77928334539867,2.88643824403142,
2.92978464235277,2.94387178601178,3.05084230823913,3.15715154925656,3.23320943060218,
3.32655738644525),.UNSPECIFIED.);
#425=B_SPLINE_CURVE_WITH_KNOTS('',3,(#5513,#5514,#5515,#5516,#5517,#5518,
#5519,#5520,#5521,#5522,#5523,#5524,#5525,#5526,#5527,#5528,#5529,#5530,
#5531,#5532,#5533,#5534,#5535,#5536,#5537,#5538,#5539,#5540,#5541,#5542,
#5543,#5544,#5545,#5546,#5547,#5548,#5549,#5550,#5551,#5552,#5553,#5554,
#5555,#5556,#5557,#5558,#5559,#5560,#5561,#5562,#5563,#5564,#5565,#5566,
#5567,#5568,#5569,#5570,#5571,#5572,#5573,#5574,#5575,#5576,#5577,#5578,
#5579,#5580,#5581,#5582,#5583,#5584,#5585,#5586,#5587,#5588,#5589,#5590,
#5591,#5592,#5593,#5594,#5595,#5596,#5597,#5598,#5599,#5600,#5601,#5602,
#5603,#5604,#5605,#5606,#5607,#5608,#5609,#5610,#5611,#5612,#5613,#5614,
#5615,#5616,#5617,#5618,#5619,#5620,#5621,#5622,#5623,#5624,#5625,#5626,
#5627,#5628,#5629,#5630,#5631,#5632,#5633,#5634,#5635,#5636,#5637,#5638,
#5639),.UNSPECIFIED.,.F.,.F.,(4,3,3,3,3,3,3,3,3,3,3,3,3,3,3,3,3,3,3,3,3,
3,3,3,3,3,3,3,3,3,3,3,3,3,3,3,3,3,3,3,3,3,4),(0.,0.105023763538542,0.211307477364649,
0.318379801976769,0.425651958098691,0.532052317365441,0.598332605945774,
0.616901915017519,0.627242148093113,0.637885065196656,0.745514268272234,
0.797173471686773,0.904042576923057,1.01164363212766,1.11937339874072,1.2265922782899,
1.25279034444243,1.26667503067529,1.37452433282819,1.48793923003462,1.60135412724106,
1.70948176001938,1.81763096102145,1.89193663337527,1.90237600465969,2.0099489638126,
2.11870474979009,2.22750593826885,2.33544063029574,2.41207633985201,2.51403661878491,
2.53268448603325,2.54294579381031,2.65115311822013,2.76006253226282,2.86906017236478,
2.91389747223359,2.92820443563355,2.94172574844716,3.05105338815477,3.16000539108647,
3.22775857131525,3.32415920017351),.UNSPECIFIED.);
#426=B_SPLINE_CURVE_WITH_KNOTS('',3,(#5651,#5652,#5653,#5654,#5655,#5656,
#5657,#5658,#5659,#5660,#5661,#5662,#5663,#5664,#5665,#5666,#5667),
 .UNSPECIFIED.,.F.,.F.,(4,1,1,1,1,1,1,1,1,1,1,1,1,1,4),(15.7079632679489,
15.7936051534341,16.2876994390302,16.7817937246263,17.2758880102224,17.7699822958185,
18.2640765814145,18.7581708670106,19.2522651526067,19.7463594382028,20.2404537237989,
20.734548009395,21.2286422949911,21.7227365805872,21.9911485751285),
 .UNSPECIFIED.);
#427=B_SPLINE_CURVE_WITH_KNOTS('',3,(#5668,#5669,#5670,#5671,#5672,#5673,
#5674,#5675,#5676,#5677,#5678,#5679,#5680,#5681,#5682,#5683,#5684),
 .UNSPECIFIED.,.F.,.F.,(4,1,1,1,1,1,1,1,1,1,1,1,1,1,4),(15.7079632679489,
15.8812271235693,16.3753214091654,16.8694156947614,17.3635099803575,17.8576042659536,
18.3516985515497,18.8457928371458,19.3398871227419,19.833981408338,20.3280756939341,
20.8221699795302,21.3162642651263,21.8103585507224,21.9911485751285),
 .UNSPECIFIED.);
#428=B_SPLINE_CURVE_WITH_KNOTS('',3,(#6273,#6274,#6275,#6276,#6277,#6278,
#6279,#6280,#6281,#6282,#6283,#6284,#6285,#6286,#6287,#6288,#6289,#6290,
#6291,#6292,#6293,#6294,#6295,#6296,#6297,#6298,#6299,#6300,#6301,#6302,
#6303,#6304,#6305,#6306,#6307,#6308,#6309,#6310,#6311,#6312,#6313,#6314,
#6315,#6316,#6317,#6318,#6319,#6320,#6321,#6322,#6323,#6324,#6325,#6326,
#6327,#6328,#6329,#6330,#6331,#6332,#6333,#6334,#6335,#6336,#6337,#6338,
#6339,#6340,#6341,#6342,#6343,#6344,#6345,#6346,#6347,#6348,#6349,#6350,
#6351,#6352,#6353,#6354,#6355,#6356,#6357,#6358,#6359,#6360,#6361,#6362,
#6363,#6364,#6365,#6366,#6367,#6368,#6369,#6370,#6371,#6372,#6373,#6374,
#6375,#6376,#6377,#6378,#6379,#6380,#6381,#6382,#6383,#6384,#6385,#6386,
#6387,#6388,#6389,#6390,#6391,#6392,#6393,#6394,#6395,#6396,#6397,#6398,
#6399,#6400,#6401,#6402,#6403,#6404,#6405),.UNSPECIFIED.,.F.,.F.,(4,3,3,
3,3,3,3,3,3,3,3,3,3,3,3,3,3,3,3,3,3,3,3,3,3,3,3,3,3,3,3,3,3,3,3,3,3,3,3,
3,3,3,3,3,4),(-3.32415920017339,-3.21556825255527,-3.10631107778712,-2.99700742647231,
-2.93164708076001,-2.91850353158127,-2.80948636791098,-2.70073200168644,
-2.6042701619427,-2.55603924207083,-2.53829669231687,-2.52696755011111,
-2.50780832219897,-2.40053603865394,-2.29220343915693,-2.18337878966782,
-2.07470552393422,-1.98016682412463,-1.90926279926744,-1.89544732588231,
-1.88545293828903,-1.77728432462004,-1.69655072469588,-1.58862485149554,
-1.48032202035327,-1.37228304833512,-1.31219380796051,-1.27737932720396,
-1.2639030549438,-1.25264313159399,-1.14510093066952,-1.03737207810031,
-0.930194627799957,-0.891569125338186,-0.783835147695064,-0.697523169320164,
-0.659761678781145,-0.633895130724007,-0.620526550716502,-0.514137107740817,
-0.406883206748465,-0.299800268463057,-0.193946349526998,-0.093339320695861,
0.),.UNSPECIFIED.);
#429=B_SPLINE_CURVE_WITH_KNOTS('',3,(#6406,#6407,#6408,#6409,#6410,#6411,
#6412,#6413,#6414,#6415,#6416,#6417,#6418,#6419,#6420,#6421,#6422,#6423,
#6424,#6425,#6426,#6427,#6428,#6429,#6430,#6431,#6432,#6433,#6434,#6435,
#6436,#6437,#6438,#6439,#6440,#6441,#6442,#6443,#6444,#6445,#6446,#6447,
#6448),.UNSPECIFIED.,.F.,.F.,(4,3,3,3,3,3,3,3,3,3,3,3,3,3,4),(-10.1502977064631,
-9.88188571192181,-9.38779142632572,-8.89369714072963,-8.39960285513354,
-7.90550856953745,-7.41141428394136,-6.91731999834527,-6.42322571274918,
-5.92913142715309,-5.435037141557,-4.94094285596091,-4.44684857036482,-3.95275428476873,
-3.86711239928357),.UNSPECIFIED.);
#430=B_SPLINE_CURVE_WITH_KNOTS('',3,(#7037,#7038,#7039,#7040,#7041,#7042,
#7043,#7044,#7045,#7046,#7047,#7048,#7049,#7050,#7051,#7052,#7053,#7054,
#7055,#7056,#7057,#7058,#7059,#7060,#7061,#7062,#7063,#7064,#7065,#7066,
#7067,#7068,#7069,#7070,#7071,#7072,#7073,#7074,#7075,#7076,#7077,#7078,
#7079,#7080,#7081,#7082,#7083,#7084,#7085,#7086,#7087,#7088,#7089,#7090,
#7091,#7092,#7093,#7094,#7095,#7096,#7097,#7098,#7099,#7100,#7101,#7102,
#7103,#7104,#7105,#7106,#7107,#7108,#7109,#7110,#7111,#7112,#7113,#7114,
#7115,#7116,#7117,#7118,#7119,#7120,#7121,#7122,#7123,#7124,#7125,#7126,
#7127,#7128,#7129,#7130,#7131,#7132,#7133,#7134,#7135,#7136,#7137,#7138,
#7139,#7140,#7141,#7142,#7143,#7144,#7145,#7146,#7147,#7148,#7149,#7150,
#7151,#7152,#7153,#7154,#7155,#7156,#7157,#7158,#7159,#7160,#7161,#7162,
#7163,#7164,#7165,#7166,#7167,#7168,#7169,#7170,#7171,#7172),
 .UNSPECIFIED.,.F.,.F.,(4,3,3,3,3,3,3,3,3,3,3,3,3,3,3,3,3,3,3,3,3,3,3,3,
3,3,3,3,3,3,3,3,3,3,3,3,3,3,3,3,3,3,3,3,3,4),(-3.32655738644526,-3.22072226094155,
-3.11401687084551,-3.0070098671845,-2.97256705712903,-2.9511785192963,-2.93363498187945,
-2.82632613933424,-2.71904709312831,-2.62464973617894,-2.57745105770426,
-2.55853411542655,-2.54593304053394,-2.53025237922958,-2.42436029969967,
-2.31724505552385,-2.2094038122036,-2.10144727245932,-2.00753286877393,
-1.93709706600989,-1.92539534790963,-1.91395864521868,-1.80560410532906,
-1.72578965771777,-1.61801562802053,-1.50962465122443,-1.40122978130423,
-1.34037433669353,-1.30535873703541,-1.28708403890161,-1.27701849391028,
-1.16844172612193,-1.05946163481265,-0.950733899707779,-0.914386224418612,
-0.805499178159141,-0.716876162166916,-0.678103592670318,-0.652402182355279,
-0.638268745681462,-0.530061184027707,-0.420593575580855,-0.31106383432463,
-0.202463075377363,-0.0965150502213459,0.),.UNSPECIFIED.);
#431=B_SPLINE_CURVE_WITH_KNOTS('',3,(#7173,#7174,#7175,#7176,#7177,#7178,
#7179,#7180,#7181,#7182,#7183,#7184,#7185,#7186,#7187,#7188,#7189,#7190,
#7191,#7192,#7193,#7194,#7195,#7196,#7197,#7198,#7199,#7200,#7201,#7202,
#7203,#7204,#7205,#7206,#7207,#7208,#7209,#7210,#7211,#7212,#7213,#7214,
#7215),.UNSPECIFIED.,.F.,.F.,(4,3,3,3,3,3,3,3,3,3,3,3,3,3,4),(7.59220430834745,
7.90550856953745,8.39960285513354,8.89369714072964,9.38779142632572,9.88188571192181,
10.3759799975179,10.870074283114,11.3641685687101,11.8582628543062,12.3523571399023,
12.8464514254984,13.3405457110945,13.8346399966905,13.875389615527),
 .UNSPECIFIED.);
#432=B_SPLINE_CURVE_WITH_KNOTS('',3,(#7752,#7753,#7754,#7755,#7756,#7757,
#7758,#7759,#7760,#7761,#7762,#7763,#7764,#7765,#7766,#7767,#7768,#7769,
#7770,#7771,#7772,#7773,#7774,#7775,#7776,#7777,#7778,#7779,#7780,#7781,
#7782,#7783,#7784,#7785,#7786,#7787,#7788,#7789,#7790,#7791,#7792,#7793,
#7794,#7795,#7796,#7797,#7798,#7799,#7800,#7801,#7802,#7803,#7804,#7805,
#7806,#7807,#7808,#7809,#7810,#7811,#7812,#7813,#7814,#7815,#7816,#7817,
#7818,#7819,#7820,#7821,#7822,#7823,#7824,#7825,#7826,#7827,#7828,#7829,
#7830,#7831,#7832,#7833,#7834,#7835,#7836,#7837,#7838,#7839,#7840,#7841,
#7842,#7843,#7844,#7845,#7846,#7847,#7848,#7849,#7850,#7851,#7852,#7853,
#7854,#7855,#7856,#7857,#7858,#7859,#7860,#7861,#7862,#7863,#7864,#7865,
#7866,#7867,#7868,#7869,#7870,#7871,#7872,#7873,#7874,#7875,#7876,#7877,
#7878,#7879,#7880,#7881),.UNSPECIFIED.,.F.,.F.,(4,3,3,3,3,3,3,3,3,3,3,3,
3,3,3,3,3,3,3,3,3,3,3,3,3,3,3,3,3,3,3,3,3,3,3,3,3,3,3,3,3,3,3,4),(-3.32655738644514,
-3.26454895418186,-3.15834468437232,-3.0514702760256,-2.97750476466114,
-2.94466645513057,-2.93158950802528,-2.82460019712645,-2.7172876506608,
-2.61042503379061,-2.57275532162043,-2.55744043172754,-2.54643835399996,
-2.45974618510988,-2.35318767063634,-2.24564517416736,-2.13767257327448,
-2.02990116721589,-1.93405443989081,-1.9232388670155,-1.81516396174996,
-1.70671506549119,-1.64651425791559,-1.53836490275643,-1.42991894168572,
-1.35448097374672,-1.31814878045873,-1.29452563330244,-1.27968656798519,
-1.16636872553232,-1.05738227862392,-0.948428859163936,-0.840283984181205,
-0.826415198173703,-0.72311329840199,-0.677918717251865,-0.654527361158008,
-0.643913488419731,-0.536073551588402,-0.42712427985718,-0.317555903899356,
-0.208295591381555,-0.100469696849522,0.),.UNSPECIFIED.);
#433=B_SPLINE_CURVE_WITH_KNOTS('',3,(#7882,#7883,#7884,#7885,#7886,#7887,
#7888,#7889,#7890,#7891,#7892,#7893,#7894,#7895,#7896,#7897,#7898,#7899,
#7900,#7901,#7902,#7903,#7904,#7905,#7906),.UNSPECIFIED.,.F.,.F.,(4,3,3,
3,3,3,3,3,4),(0.,0.498972244758905,0.997944489517804,1.49691673427671,1.99588897903561,
2.49486122379451,2.99383346855342,3.49280571331232,3.86711239928345),
 .UNSPECIFIED.);
#434=B_SPLINE_CURVE_WITH_KNOTS('',3,(#7907,#7908,#7909,#7910,#7911,#7912,
#7913),.UNSPECIFIED.,.F.,.F.,(4,1,1,1,4),(13.875389615527,14.3357120924599,
14.8346843372189,15.3336565819778,15.7079632679489),.UNSPECIFIED.);
#435=B_SPLINE_CURVE_WITH_KNOTS('',3,(#7915,#7916,#7917,#7918,#7919,#7920),
 .UNSPECIFIED.,.F.,.F.,(4,1,1,4),(14.3989442667811,14.89791651154,15.3968887562989,
15.7079632679489),.UNSPECIFIED.);
#436=B_SPLINE_CURVE_WITH_KNOTS('',3,(#8453,#8454,#8455,#8456,#8457,#8458,
#8459,#8460,#8461,#8462,#8463,#8464,#8465,#8466,#8467,#8468,#8469,#8470,
#8471,#8472,#8473,#8474,#8475,#8476,#8477,#8478,#8479,#8480,#8481,#8482,
#8483,#8484,#8485,#8486,#8487,#8488,#8489,#8490,#8491,#8492,#8493,#8494,
#8495,#8496,#8497,#8498,#8499,#8500,#8501,#8502,#8503,#8504,#8505,#8506,
#8507,#8508,#8509,#8510,#8511,#8512,#8513,#8514,#8515,#8516,#8517,#8518,
#8519,#8520,#8521,#8522,#8523,#8524,#8525,#8526,#8527,#8528,#8529,#8530,
#8531,#8532,#8533,#8534,#8535,#8536,#8537,#8538,#8539,#8540,#8541,#8542,
#8543,#8544,#8545,#8546,#8547,#8548,#8549,#8550,#8551,#8552,#8553,#8554,
#8555,#8556,#8557,#8558,#8559,#8560,#8561,#8562,#8563,#8564,#8565,#8566,
#8567,#8568,#8569,#8570,#8571,#8572,#8573,#8574,#8575,#8576,#8577,#8578,
#8579,#8580,#8581,#8582,#8583,#8584,#8585),.UNSPECIFIED.,.F.,.F.,(4,3,3,
3,3,3,3,3,3,3,3,3,3,3,3,3,3,3,3,3,3,3,3,3,3,3,3,3,3,3,3,3,3,3,3,3,3,3,3,
3,3,3,3,3,4),(-3.32415920017339,-3.26010204486824,-3.15119638388638,-3.04185322614306,
-2.96614326857416,-2.93854073062866,-2.91972521178617,-2.81083453848086,
-2.7020044188314,-2.59382731674221,-2.55441387895463,-2.53807502924881,
-2.52676283671718,-2.4361735655919,-2.32830693432306,-2.21965192556182,
-2.11081891142849,-2.00244888380539,-1.90616651928063,-1.89561405213966,
-1.88528414751152,-1.77718611885276,-1.66911050732093,-1.61731942570636,
-1.50913101900438,-1.40090957256281,-1.32643126960133,-1.29042970709936,
-1.26737891295008,-1.25226349720726,-1.1404684101232,-1.03270925251458,
-0.925210447288096,-0.818769857170878,-0.805083148870994,-0.70444775526212,
-0.660419770558237,-0.638016569372096,-0.626757304558818,-0.520683919599933,
-0.413709699886224,-0.306523705039895,-0.199855803081614,-0.0948448624466745,
0.),.UNSPECIFIED.);
#437=B_SPLINE_CURVE_WITH_KNOTS('',3,(#8586,#8587,#8588,#8589,#8590,#8591,
#8592,#8593,#8594,#8595,#8596,#8597,#8598,#8599,#8600,#8601,#8602,#8603,
#8604,#8605,#8606,#8607,#8608,#8609,#8610,#8611,#8612,#8613,#8614,#8615,
#8616,#8617,#8618,#8619,#8620,#8621,#8622),.UNSPECIFIED.,.F.,.F.,(4,3,3,
3,3,3,3,3,3,3,3,3,4),(-7.59220430834743,-7.48458367138355,-6.98561142662464,
-6.48663918186574,-5.98766693710684,-5.48869469234793,-4.98972244758903,
-4.49075020283013,-3.99177795807122,-3.49280571331232,-2.99383346855342,
-2.49486122379451,-2.03453874686154),.UNSPECIFIED.);
#438=LINE('',#2363,#533);
#439=LINE('',#2393,#534);
#440=LINE('',#2483,#535);
#441=LINE('',#2570,#536);
#442=LINE('',#2657,#537);
#443=LINE('',#2744,#538);
#444=LINE('',#2831,#539);
#445=LINE('',#2921,#540);
#446=LINE('',#3008,#541);
#447=LINE('',#3095,#542);
#448=LINE('',#3182,#543);
#449=LINE('',#3215,#544);
#450=LINE('',#3252,#545);
#451=LINE('',#3290,#546);
#452=LINE('',#3326,#547);
#453=LINE('',#3364,#548);
#454=LINE('',#3401,#549);
#455=LINE('',#3438,#550);
#456=LINE('',#3476,#551);
#457=LINE('',#3512,#552);
#458=LINE('',#3550,#553);
#459=LINE('',#3583,#554);
#460=LINE('',#3670,#555);
#461=LINE('',#3757,#556);
#462=LINE('',#3847,#557);
#463=LINE('',#3934,#558);
#464=LINE('',#4024,#559);
#465=LINE('',#4111,#560);
#466=LINE('',#4201,#561);
#467=LINE('',#4288,#562);
#468=LINE('',#4375,#563);
#469=LINE('',#4444,#564);
#470=LINE('',#4478,#565);
#471=LINE('',#4514,#566);
#472=LINE('',#4552,#567);
#473=LINE('',#4590,#568);
#474=LINE('',#4627,#569);
#475=LINE('',#4664,#570);
#476=LINE('',#4702,#571);
#477=LINE('',#4740,#572);
#478=LINE('',#4776,#573);
#479=LINE('',#4814,#574);
#480=LINE('',#4968,#575);
#481=LINE('',#4970,#576);
#482=LINE('',#4972,#577);
#483=LINE('',#4974,#578);
#484=LINE('',#4976,#579);
#485=LINE('',#4977,#580);
#486=LINE('',#4980,#581);
#487=LINE('',#4982,#582);
#488=LINE('',#4983,#583);
#489=LINE('',#4986,#584);
#490=LINE('',#4987,#585);
#491=LINE('',#4990,#586);
#492=LINE('',#4991,#587);
#493=LINE('',#4994,#588);
#494=LINE('',#4995,#589);
#495=LINE('',#4998,#590);
#496=LINE('',#4999,#591);
#497=LINE('',#5001,#592);
#498=LINE('',#5006,#593);
#499=LINE('',#5010,#594);
#500=LINE('',#5013,#595);
#501=LINE('',#5015,#596);
#502=LINE('',#5018,#597);
#503=LINE('',#5020,#598);
#504=LINE('',#5023,#599);
#505=LINE('',#5025,#600);
#506=LINE('',#5028,#601);
#507=LINE('',#5029,#602);
#508=LINE('',#5296,#603);
#509=LINE('',#5299,#604);
#510=LINE('',#5304,#605);
#511=LINE('',#5309,#606);
#512=LINE('',#5315,#607);
#513=LINE('',#5319,#608);
#514=LINE('',#5325,#609);
#515=LINE('',#5330,#610);
#516=LINE('',#5336,#611);
#517=LINE('',#5340,#612);
#518=LINE('',#5346,#613);
#519=LINE('',#5351,#614);
#520=LINE('',#5357,#615);
#521=LINE('',#5361,#616);
#522=LINE('',#5367,#617);
#523=LINE('',#5372,#618);
#524=LINE('',#5379,#619);
#525=LINE('',#5381,#620);
#526=LINE('',#5384,#621);
#527=LINE('',#5386,#622);
#528=LINE('',#5641,#623);
#529=LINE('',#5643,#624);
#530=LINE('',#5645,#625);
#531=LINE('',#5647,#626);
#532=LINE('',#8628,#627);
#533=VECTOR('',#1944,16.018);
#534=VECTOR('',#1949,16.018);
#535=VECTOR('',#1952,16.018);
#536=VECTOR('',#1955,16.018);
#537=VECTOR('',#1958,16.018);
#538=VECTOR('',#1961,16.018);
#539=VECTOR('',#1964,16.018);
#540=VECTOR('',#1967,16.018);
#541=VECTOR('',#1970,16.018);
#542=VECTOR('',#1973,16.018);
#543=VECTOR('',#1976,16.5786);
#544=VECTOR('',#1981,16.5786);
#545=VECTOR('',#1984,16.5786);
#546=VECTOR('',#1987,16.5786);
#547=VECTOR('',#1990,16.5786);
#548=VECTOR('',#1993,16.5786);
#549=VECTOR('',#1996,16.5786);
#550=VECTOR('',#1999,16.5786);
#551=VECTOR('',#2002,16.5786);
#552=VECTOR('',#2005,16.5786);
#553=VECTOR('',#2008,16.018);
#554=VECTOR('',#2013,16.018);
#555=VECTOR('',#2016,16.018);
#556=VECTOR('',#2019,16.018);
#557=VECTOR('',#2022,16.018);
#558=VECTOR('',#2025,16.018);
#559=VECTOR('',#2028,16.018);
#560=VECTOR('',#2031,16.018);
#561=VECTOR('',#2034,16.018);
#562=VECTOR('',#2037,16.018);
#563=VECTOR('',#2040,16.018);
#564=VECTOR('',#2045,16.5786);
#565=VECTOR('',#2050,16.5786);
#566=VECTOR('',#2053,16.5786);
#567=VECTOR('',#2056,16.5786);
#568=VECTOR('',#2059,16.5786);
#569=VECTOR('',#2062,16.5786);
#570=VECTOR('',#2065,16.5786);
#571=VECTOR('',#2068,16.5786);
#572=VECTOR('',#2071,16.5786);
#573=VECTOR('',#2074,16.5786);
#574=VECTOR('',#2077,16.5786);
#575=VECTOR('',#2140,10.);
#576=VECTOR('',#2141,10.);
#577=VECTOR('',#2142,10.);
#578=VECTOR('',#2143,10.);
#579=VECTOR('',#2144,10.);
#580=VECTOR('',#2145,10.);
#581=VECTOR('',#2148,10.);
#582=VECTOR('',#2149,10.);
#583=VECTOR('',#2150,10.);
#584=VECTOR('',#2153,10.);
#585=VECTOR('',#2154,10.);
#586=VECTOR('',#2157,10.);
#587=VECTOR('',#2158,10.);
#588=VECTOR('',#2161,10.);
#589=VECTOR('',#2162,10.);
#590=VECTOR('',#2165,10.);
#591=VECTOR('',#2166,10.);
#592=VECTOR('',#2169,10.);
#593=VECTOR('',#2174,29.5);
#594=VECTOR('',#2179,10.);
#595=VECTOR('',#2182,10.);
#596=VECTOR('',#2183,10.);
#597=VECTOR('',#2186,10.);
#598=VECTOR('',#2187,10.);
#599=VECTOR('',#2190,10.);
#600=VECTOR('',#2191,10.);
#601=VECTOR('',#2194,10.);
#602=VECTOR('',#2195,30.);
#603=VECTOR('',#2204,10.);
#604=VECTOR('',#2207,10.);
#605=VECTOR('',#2212,10.);
#606=VECTOR('',#2217,10.);
#607=VECTOR('',#2226,10.);
#608=VECTOR('',#2231,10.);
#609=VECTOR('',#2238,10.);
#610=VECTOR('',#2243,10.);
#611=VECTOR('',#2252,10.);
#612=VECTOR('',#2257,10.);
#613=VECTOR('',#2264,10.);
#614=VECTOR('',#2269,10.);
#615=VECTOR('',#2278,10.);
#616=VECTOR('',#2283,10.);
#617=VECTOR('',#2290,10.);
#618=VECTOR('',#2295,10.);
#619=VECTOR('',#2308,10.);
#620=VECTOR('',#2311,10.);
#621=VECTOR('',#2316,10.);
#622=VECTOR('',#2319,10.);
#623=VECTOR('',#2326,10.);
#624=VECTOR('',#2329,10.);
#625=VECTOR('',#2332,10.);
#626=VECTOR('',#2335,10.);
#627=VECTOR('',#2358,13.);
#628=VERTEX_POINT('',#2361);
#629=VERTEX_POINT('',#2362);
#630=VERTEX_POINT('',#2364);
#631=VERTEX_POINT('',#2381);
#632=VERTEX_POINT('',#2391);
#633=VERTEX_POINT('',#2392);
#634=VERTEX_POINT('',#2481);
#635=VERTEX_POINT('',#2482);
#636=VERTEX_POINT('',#2568);
#637=VERTEX_POINT('',#2569);
#638=VERTEX_POINT('',#2655);
#639=VERTEX_POINT('',#2656);
#640=VERTEX_POINT('',#2742);
#641=VERTEX_POINT('',#2743);
#642=VERTEX_POINT('',#2829);
#643=VERTEX_POINT('',#2830);
#644=VERTEX_POINT('',#2919);
#645=VERTEX_POINT('',#2920);
#646=VERTEX_POINT('',#3006);
#647=VERTEX_POINT('',#3007);
#648=VERTEX_POINT('',#3093);
#649=VERTEX_POINT('',#3094);
#650=VERTEX_POINT('',#3180);
#651=VERTEX_POINT('',#3181);
#652=VERTEX_POINT('',#3183);
#653=VERTEX_POINT('',#3198);
#654=VERTEX_POINT('',#3213);
#655=VERTEX_POINT('',#3214);
#656=VERTEX_POINT('',#3250);
#657=VERTEX_POINT('',#3251);
#658=VERTEX_POINT('',#3288);
#659=VERTEX_POINT('',#3289);
#660=VERTEX_POINT('',#3324);
#661=VERTEX_POINT('',#3325);
#662=VERTEX_POINT('',#3362);
#663=VERTEX_POINT('',#3363);
#664=VERTEX_POINT('',#3399);
#665=VERTEX_POINT('',#3400);
#666=VERTEX_POINT('',#3436);
#667=VERTEX_POINT('',#3437);
#668=VERTEX_POINT('',#3474);
#669=VERTEX_POINT('',#3475);
#670=VERTEX_POINT('',#3510);
#671=VERTEX_POINT('',#3511);
#672=VERTEX_POINT('',#3548);
#673=VERTEX_POINT('',#3549);
#674=VERTEX_POINT('',#3551);
#675=VERTEX_POINT('',#3559);
#676=VERTEX_POINT('',#3581);
#677=VERTEX_POINT('',#3582);
#678=VERTEX_POINT('',#3668);
#679=VERTEX_POINT('',#3669);
#680=VERTEX_POINT('',#3755);
#681=VERTEX_POINT('',#3756);
#682=VERTEX_POINT('',#3845);
#683=VERTEX_POINT('',#3846);
#684=VERTEX_POINT('',#3932);
#685=VERTEX_POINT('',#3933);
#686=VERTEX_POINT('',#4022);
#687=VERTEX_POINT('',#4023);
#688=VERTEX_POINT('',#4109);
#689=VERTEX_POINT('',#4110);
#690=VERTEX_POINT('',#4199);
#691=VERTEX_POINT('',#4200);
#692=VERTEX_POINT('',#4286);
#693=VERTEX_POINT('',#4287);
#694=VERTEX_POINT('',#4373);
#695=VERTEX_POINT('',#4374);
#696=VERTEX_POINT('',#4376);
#697=VERTEX_POINT('',#4402);
#698=VERTEX_POINT('',#4442);
#699=VERTEX_POINT('',#4443);
#700=VERTEX_POINT('',#4445);
#701=VERTEX_POINT('',#4459);
#702=VERTEX_POINT('',#4476);
#703=VERTEX_POINT('',#4477);
#704=VERTEX_POINT('',#4512);
#705=VERTEX_POINT('',#4513);
#706=VERTEX_POINT('',#4550);
#707=VERTEX_POINT('',#4551);
#708=VERTEX_POINT('',#4588);
#709=VERTEX_POINT('',#4589);
#710=VERTEX_POINT('',#4625);
#711=VERTEX_POINT('',#4626);
#712=VERTEX_POINT('',#4662);
#713=VERTEX_POINT('',#4663);
#714=VERTEX_POINT('',#4700);
#715=VERTEX_POINT('',#4701);
#716=VERTEX_POINT('',#4738);
#717=VERTEX_POINT('',#4739);
#718=VERTEX_POINT('',#4774);
#719=VERTEX_POINT('',#4775);
#720=VERTEX_POINT('',#4812);
#721=VERTEX_POINT('',#4813);
#722=VERTEX_POINT('',#4815);
#723=VERTEX_POINT('',#4822);
#724=VERTEX_POINT('',#4832);
#725=VERTEX_POINT('',#4833);
#726=VERTEX_POINT('',#4844);
#727=VERTEX_POINT('',#4846);
#728=VERTEX_POINT('',#4857);
#729=VERTEX_POINT('',#4861);
#730=VERTEX_POINT('',#4863);
#731=VERTEX_POINT('',#4867);
#732=VERTEX_POINT('',#4868);
#733=VERTEX_POINT('',#4879);
#734=VERTEX_POINT('',#4881);
#735=VERTEX_POINT('',#4894);
#736=VERTEX_POINT('',#4896);
#737=VERTEX_POINT('',#4900);
#738=VERTEX_POINT('',#4901);
#739=VERTEX_POINT('',#4912);
#740=VERTEX_POINT('',#4914);
#741=VERTEX_POINT('',#4927);
#742=VERTEX_POINT('',#4929);
#743=VERTEX_POINT('',#4933);
#744=VERTEX_POINT('',#4934);
#745=VERTEX_POINT('',#4945);
#746=VERTEX_POINT('',#4947);
#747=VERTEX_POINT('',#4960);
#748=VERTEX_POINT('',#4962);
#749=VERTEX_POINT('',#4966);
#750=VERTEX_POINT('',#4967);
#751=VERTEX_POINT('',#4969);
#752=VERTEX_POINT('',#4971);
#753=VERTEX_POINT('',#4973);
#754=VERTEX_POINT('',#4975);
#755=VERTEX_POINT('',#4979);
#756=VERTEX_POINT('',#4981);
#757=VERTEX_POINT('',#4985);
#758=VERTEX_POINT('',#4989);
#759=VERTEX_POINT('',#4993);
#760=VERTEX_POINT('',#4997);
#761=VERTEX_POINT('',#5003);
#762=VERTEX_POINT('',#5005);
#763=VERTEX_POINT('',#5009);
#764=VERTEX_POINT('',#5011);
#765=VERTEX_POINT('',#5014);
#766=VERTEX_POINT('',#5016);
#767=VERTEX_POINT('',#5019);
#768=VERTEX_POINT('',#5021);
#769=VERTEX_POINT('',#5024);
#770=VERTEX_POINT('',#5026);
#771=VERTEX_POINT('',#5031);
#772=VERTEX_POINT('',#5032);
#773=VERTEX_POINT('',#5163);
#774=VERTEX_POINT('',#5165);
#775=VERTEX_POINT('',#5295);
#776=VERTEX_POINT('',#5297);
#777=VERTEX_POINT('',#5301);
#778=VERTEX_POINT('',#5303);
#779=VERTEX_POINT('',#5307);
#780=VERTEX_POINT('',#5308);
#781=VERTEX_POINT('',#5314);
#782=VERTEX_POINT('',#5318);
#783=VERTEX_POINT('',#5322);
#784=VERTEX_POINT('',#5324);
#785=VERTEX_POINT('',#5328);
#786=VERTEX_POINT('',#5329);
#787=VERTEX_POINT('',#5335);
#788=VERTEX_POINT('',#5339);
#789=VERTEX_POINT('',#5343);
#790=VERTEX_POINT('',#5345);
#791=VERTEX_POINT('',#5349);
#792=VERTEX_POINT('',#5350);
#793=VERTEX_POINT('',#5356);
#794=VERTEX_POINT('',#5360);
#795=VERTEX_POINT('',#5364);
#796=VERTEX_POINT('',#5366);
#797=VERTEX_POINT('',#5370);
#798=VERTEX_POINT('',#5371);
#799=VERTEX_POINT('',#7218);
#800=VERTEX_POINT('',#8625);
#801=EDGE_CURVE('',#628,#629,#438,.T.);
#802=EDGE_CURVE('',#628,#630,#330,.T.);
#803=EDGE_CURVE('',#630,#631,#265,.F.);
#804=EDGE_CURVE('',#631,#629,#331,.T.);
#805=EDGE_CURVE('',#632,#633,#439,.T.);
#806=EDGE_CURVE('',#632,#628,#332,.T.);
#807=EDGE_CURVE('',#629,#633,#333,.T.);
#808=EDGE_CURVE('',#634,#635,#440,.T.);
#809=EDGE_CURVE('',#634,#632,#334,.T.);
#810=EDGE_CURVE('',#633,#635,#335,.T.);
#811=EDGE_CURVE('',#636,#637,#441,.T.);
#812=EDGE_CURVE('',#636,#634,#336,.T.);
#813=EDGE_CURVE('',#635,#637,#337,.T.);
#814=EDGE_CURVE('',#638,#639,#442,.T.);
#815=EDGE_CURVE('',#638,#636,#338,.T.);
#816=EDGE_CURVE('',#637,#639,#339,.T.);
#817=EDGE_CURVE('',#640,#641,#443,.T.);
#818=EDGE_CURVE('',#640,#638,#340,.T.);
#819=EDGE_CURVE('',#639,#641,#341,.T.);
#820=EDGE_CURVE('',#642,#643,#444,.T.);
#821=EDGE_CURVE('',#642,#640,#342,.T.);
#822=EDGE_CURVE('',#641,#643,#343,.T.);
#823=EDGE_CURVE('',#644,#645,#445,.T.);
#824=EDGE_CURVE('',#644,#642,#344,.T.);
#825=EDGE_CURVE('',#643,#645,#345,.T.);
#826=EDGE_CURVE('',#646,#647,#446,.T.);
#827=EDGE_CURVE('',#646,#644,#346,.T.);
#828=EDGE_CURVE('',#645,#647,#347,.T.);
#829=EDGE_CURVE('',#648,#649,#447,.T.);
#830=EDGE_CURVE('',#648,#646,#348,.T.);
#831=EDGE_CURVE('',#647,#649,#349,.T.);
#832=EDGE_CURVE('',#650,#651,#448,.T.);
#833=EDGE_CURVE('',#650,#652,#350,.T.);
#834=EDGE_CURVE('',#653,#652,#266,.T.);
#835=EDGE_CURVE('',#651,#653,#351,.T.);
#836=EDGE_CURVE('',#654,#655,#449,.T.);
#837=EDGE_CURVE('',#654,#650,#352,.T.);
#838=EDGE_CURVE('',#655,#651,#353,.T.);
#839=EDGE_CURVE('',#656,#657,#450,.T.);
#840=EDGE_CURVE('',#656,#654,#354,.T.);
#841=EDGE_CURVE('',#657,#655,#355,.T.);
#842=EDGE_CURVE('',#658,#659,#451,.T.);
#843=EDGE_CURVE('',#658,#656,#356,.T.);
#844=EDGE_CURVE('',#659,#657,#357,.T.);
#845=EDGE_CURVE('',#660,#661,#452,.T.);
#846=EDGE_CURVE('',#660,#658,#358,.T.);
#847=EDGE_CURVE('',#661,#659,#359,.T.);
#848=EDGE_CURVE('',#662,#663,#453,.T.);
#849=EDGE_CURVE('',#662,#660,#360,.T.);
#850=EDGE_CURVE('',#663,#661,#361,.T.);
#851=EDGE_CURVE('',#664,#665,#454,.T.);
#852=EDGE_CURVE('',#664,#662,#362,.T.);
#853=EDGE_CURVE('',#665,#663,#363,.T.);
#854=EDGE_CURVE('',#666,#667,#455,.T.);
#855=EDGE_CURVE('',#666,#664,#364,.T.);
#856=EDGE_CURVE('',#667,#665,#365,.T.);
#857=EDGE_CURVE('',#668,#669,#456,.T.);
#858=EDGE_CURVE('',#668,#666,#366,.T.);
#859=EDGE_CURVE('',#669,#667,#367,.T.);
#860=EDGE_CURVE('',#670,#671,#457,.T.);
#861=EDGE_CURVE('',#670,#668,#368,.T.);
#862=EDGE_CURVE('',#671,#669,#369,.T.);
#863=EDGE_CURVE('',#672,#673,#458,.T.);
#864=EDGE_CURVE('',#673,#674,#370,.T.);
#865=EDGE_CURVE('',#674,#675,#267,.F.);
#866=EDGE_CURVE('',#675,#672,#371,.T.);
#867=EDGE_CURVE('',#676,#677,#459,.T.);
#868=EDGE_CURVE('',#677,#673,#372,.T.);
#869=EDGE_CURVE('',#672,#676,#373,.T.);
#870=EDGE_CURVE('',#678,#679,#460,.T.);
#871=EDGE_CURVE('',#679,#677,#374,.T.);
#872=EDGE_CURVE('',#676,#678,#375,.T.);
#873=EDGE_CURVE('',#680,#681,#461,.T.);
#874=EDGE_CURVE('',#681,#679,#376,.T.);
#875=EDGE_CURVE('',#678,#680,#377,.T.);
#876=EDGE_CURVE('',#682,#683,#462,.T.);
#877=EDGE_CURVE('',#683,#681,#378,.T.);
#878=EDGE_CURVE('',#680,#682,#379,.T.);
#879=EDGE_CURVE('',#684,#685,#463,.T.);
#880=EDGE_CURVE('',#685,#683,#380,.T.);
#881=EDGE_CURVE('',#682,#684,#381,.T.);
#882=EDGE_CURVE('',#686,#687,#464,.T.);
#883=EDGE_CURVE('',#687,#685,#382,.T.);
#884=EDGE_CURVE('',#684,#686,#383,.T.);
#885=EDGE_CURVE('',#688,#689,#465,.T.);
#886=EDGE_CURVE('',#689,#687,#384,.T.);
#887=EDGE_CURVE('',#686,#688,#385,.T.);
#888=EDGE_CURVE('',#690,#691,#466,.T.);
#889=EDGE_CURVE('',#691,#689,#386,.T.);
#890=EDGE_CURVE('',#688,#690,#387,.T.);
#891=EDGE_CURVE('',#692,#693,#467,.T.);
#892=EDGE_CURVE('',#693,#691,#388,.T.);
#893=EDGE_CURVE('',#690,#692,#389,.T.);
#894=EDGE_CURVE('',#694,#695,#468,.T.);
#895=EDGE_CURVE('',#694,#696,#390,.T.);
#896=EDGE_CURVE('',#697,#696,#268,.T.);
#897=EDGE_CURVE('',#697,#695,#391,.T.);
#898=EDGE_CURVE('',#698,#699,#469,.T.);
#899=EDGE_CURVE('',#699,#700,#392,.T.);
#900=EDGE_CURVE('',#701,#700,#269,.T.);
#901=EDGE_CURVE('',#698,#701,#393,.T.);
#902=EDGE_CURVE('',#702,#703,#470,.T.);
#903=EDGE_CURVE('',#703,#699,#394,.T.);
#904=EDGE_CURVE('',#702,#698,#395,.T.);
#905=EDGE_CURVE('',#704,#705,#471,.T.);
#906=EDGE_CURVE('',#705,#703,#396,.T.);
#907=EDGE_CURVE('',#704,#702,#397,.T.);
#908=EDGE_CURVE('',#706,#707,#472,.T.);
#909=EDGE_CURVE('',#707,#705,#398,.T.);
#910=EDGE_CURVE('',#706,#704,#399,.T.);
#911=EDGE_CURVE('',#708,#709,#473,.T.);
#912=EDGE_CURVE('',#709,#707,#400,.T.);
#913=EDGE_CURVE('',#708,#706,#401,.T.);
#914=EDGE_CURVE('',#710,#711,#474,.T.);
#915=EDGE_CURVE('',#711,#709,#402,.T.);
#916=EDGE_CURVE('',#710,#708,#403,.T.);
#917=EDGE_CURVE('',#712,#713,#475,.T.);
#918=EDGE_CURVE('',#713,#711,#404,.T.);
#919=EDGE_CURVE('',#712,#710,#405,.T.);
#920=EDGE_CURVE('',#714,#715,#476,.T.);
#921=EDGE_CURVE('',#715,#713,#406,.T.);
#922=EDGE_CURVE('',#714,#712,#407,.T.);
#923=EDGE_CURVE('',#716,#717,#477,.T.);
#924=EDGE_CURVE('',#717,#715,#408,.T.);
#925=EDGE_CURVE('',#716,#714,#409,.T.);
#926=EDGE_CURVE('',#718,#719,#478,.T.);
#927=EDGE_CURVE('',#719,#717,#410,.T.);
#928=EDGE_CURVE('',#718,#716,#411,.T.);
#929=EDGE_CURVE('',#720,#721,#479,.T.);
#930=EDGE_CURVE('',#722,#720,#412,.T.);
#931=EDGE_CURVE('',#723,#722,#270,.T.);
#932=EDGE_CURVE('',#723,#721,#413,.T.);
#933=EDGE_CURVE('',#724,#725,#414,.F.);
#934=EDGE_CURVE('',#725,#726,#271,.T.);
#935=EDGE_CURVE('',#726,#727,#415,.F.);
#936=EDGE_CURVE('',#727,#728,#272,.T.);
#937=EDGE_CURVE('',#728,#724,#273,.T.);
#938=EDGE_CURVE('',#729,#725,#274,.F.);
#939=EDGE_CURVE('',#730,#729,#275,.T.);
#940=EDGE_CURVE('',#726,#730,#276,.F.);
#941=EDGE_CURVE('',#731,#732,#416,.F.);
#942=EDGE_CURVE('',#732,#733,#277,.T.);
#943=EDGE_CURVE('',#733,#734,#417,.F.);
#944=EDGE_CURVE('',#734,#731,#278,.T.);
#945=EDGE_CURVE('',#735,#732,#279,.F.);
#946=EDGE_CURVE('',#736,#735,#280,.T.);
#947=EDGE_CURVE('',#733,#736,#281,.F.);
#948=EDGE_CURVE('',#737,#738,#418,.F.);
#949=EDGE_CURVE('',#738,#739,#282,.T.);
#950=EDGE_CURVE('',#739,#740,#419,.F.);
#951=EDGE_CURVE('',#740,#737,#283,.T.);
#952=EDGE_CURVE('',#741,#738,#284,.F.);
#953=EDGE_CURVE('',#742,#741,#285,.T.);
#954=EDGE_CURVE('',#739,#742,#286,.F.);
#955=EDGE_CURVE('',#743,#744,#420,.F.);
#956=EDGE_CURVE('',#744,#745,#287,.T.);
#957=EDGE_CURVE('',#745,#746,#421,.F.);
#958=EDGE_CURVE('',#746,#743,#288,.T.);
#959=EDGE_CURVE('',#747,#744,#289,.F.);
#960=EDGE_CURVE('',#748,#747,#290,.T.);
#961=EDGE_CURVE('',#745,#748,#291,.F.);
#962=EDGE_CURVE('',#749,#750,#480,.T.);
#963=EDGE_CURVE('',#751,#749,#481,.T.);
#964=EDGE_CURVE('',#752,#751,#482,.T.);
#965=EDGE_CURVE('',#753,#752,#483,.T.);
#966=EDGE_CURVE('',#754,#753,#484,.T.);
#967=EDGE_CURVE('',#750,#754,#485,.T.);
#968=EDGE_CURVE('',#750,#755,#486,.T.);
#969=EDGE_CURVE('',#756,#755,#487,.T.);
#970=EDGE_CURVE('',#749,#756,#488,.T.);
#971=EDGE_CURVE('',#757,#756,#489,.T.);
#972=EDGE_CURVE('',#751,#757,#490,.T.);
#973=EDGE_CURVE('',#758,#757,#491,.T.);
#974=EDGE_CURVE('',#752,#758,#492,.T.);
#975=EDGE_CURVE('',#759,#758,#493,.T.);
#976=EDGE_CURVE('',#753,#759,#494,.T.);
#977=EDGE_CURVE('',#760,#759,#495,.T.);
#978=EDGE_CURVE('',#754,#760,#496,.T.);
#979=EDGE_CURVE('',#755,#760,#497,.T.);
#980=EDGE_CURVE('',#761,#761,#292,.T.);
#981=EDGE_CURVE('',#761,#762,#498,.T.);
#982=EDGE_CURVE('',#762,#762,#293,.T.);
#983=EDGE_CURVE('',#763,#727,#499,.T.);
#984=EDGE_CURVE('',#764,#763,#294,.T.);
#985=EDGE_CURVE('',#743,#764,#500,.T.);
#986=EDGE_CURVE('',#765,#746,#501,.T.);
#987=EDGE_CURVE('',#766,#765,#295,.T.);
#988=EDGE_CURVE('',#737,#766,#502,.T.);
#989=EDGE_CURVE('',#767,#740,#503,.T.);
#990=EDGE_CURVE('',#768,#767,#296,.T.);
#991=EDGE_CURVE('',#731,#768,#504,.T.);
#992=EDGE_CURVE('',#769,#734,#505,.T.);
#993=EDGE_CURVE('',#770,#769,#297,.T.);
#994=EDGE_CURVE('',#724,#770,#506,.T.);
#995=EDGE_CURVE('',#728,#761,#507,.T.);
#996=EDGE_CURVE('',#771,#772,#422,.T.);
#997=EDGE_CURVE('',#772,#773,#298,.F.);
#998=EDGE_CURVE('',#773,#774,#423,.T.);
#999=EDGE_CURVE('',#774,#771,#299,.T.);
#1000=EDGE_CURVE('',#769,#775,#508,.T.);
#1001=EDGE_CURVE('',#775,#776,#300,.T.);
#1002=EDGE_CURVE('',#776,#770,#509,.T.);
#1003=EDGE_CURVE('',#769,#777,#301,.T.);
#1004=EDGE_CURVE('',#777,#778,#510,.T.);
#1005=EDGE_CURVE('',#778,#775,#302,.T.);
#1006=EDGE_CURVE('',#779,#780,#511,.T.);
#1007=EDGE_CURVE('',#780,#778,#303,.T.);
#1008=EDGE_CURVE('',#777,#779,#304,.T.);
#1009=EDGE_CURVE('',#779,#768,#305,.T.);
#1010=EDGE_CURVE('',#768,#781,#512,.T.);
#1011=EDGE_CURVE('',#781,#780,#306,.T.);
#1012=EDGE_CURVE('',#767,#782,#513,.T.);
#1013=EDGE_CURVE('',#782,#781,#307,.T.);
#1014=EDGE_CURVE('',#767,#783,#308,.T.);
#1015=EDGE_CURVE('',#783,#784,#514,.T.);
#1016=EDGE_CURVE('',#784,#782,#309,.T.);
#1017=EDGE_CURVE('',#785,#786,#515,.T.);
#1018=EDGE_CURVE('',#786,#784,#310,.T.);
#1019=EDGE_CURVE('',#783,#785,#311,.T.);
#1020=EDGE_CURVE('',#785,#766,#312,.T.);
#1021=EDGE_CURVE('',#766,#787,#516,.T.);
#1022=EDGE_CURVE('',#787,#786,#313,.T.);
#1023=EDGE_CURVE('',#765,#788,#517,.T.);
#1024=EDGE_CURVE('',#788,#787,#314,.T.);
#1025=EDGE_CURVE('',#765,#789,#315,.T.);
#1026=EDGE_CURVE('',#789,#790,#518,.T.);
#1027=EDGE_CURVE('',#790,#788,#316,.T.);
#1028=EDGE_CURVE('',#791,#792,#519,.T.);
#1029=EDGE_CURVE('',#792,#790,#317,.T.);
#1030=EDGE_CURVE('',#789,#791,#318,.T.);
#1031=EDGE_CURVE('',#791,#764,#319,.T.);
#1032=EDGE_CURVE('',#764,#793,#520,.T.);
#1033=EDGE_CURVE('',#793,#792,#320,.T.);
#1034=EDGE_CURVE('',#763,#794,#521,.T.);
#1035=EDGE_CURVE('',#794,#793,#321,.T.);
#1036=EDGE_CURVE('',#763,#795,#322,.T.);
#1037=EDGE_CURVE('',#795,#796,#522,.T.);
#1038=EDGE_CURVE('',#796,#794,#323,.T.);
#1039=EDGE_CURVE('',#797,#798,#523,.T.);
#1040=EDGE_CURVE('',#798,#796,#324,.T.);
#1041=EDGE_CURVE('',#795,#797,#325,.T.);
#1042=EDGE_CURVE('',#797,#770,#326,.T.);
#1043=EDGE_CURVE('',#776,#798,#327,.T.);
#1044=EDGE_CURVE('',#785,#741,#524,.T.);
#1045=EDGE_CURVE('',#742,#783,#525,.T.);
#1046=EDGE_CURVE('',#779,#735,#526,.T.);
#1047=EDGE_CURVE('',#736,#777,#527,.T.);
#1048=EDGE_CURVE('',#722,#697,#424,.T.);
#1049=EDGE_CURVE('',#696,#723,#425,.T.);
#1050=EDGE_CURVE('',#730,#795,#528,.T.);
#1051=EDGE_CURVE('',#797,#729,#529,.T.);
#1052=EDGE_CURVE('',#791,#747,#530,.T.);
#1053=EDGE_CURVE('',#748,#789,#531,.T.);
#1054=EDGE_CURVE('',#721,#719,#426,.T.);
#1055=EDGE_CURVE('',#720,#718,#427,.T.);
#1056=EDGE_CURVE('',#700,#675,#428,.T.);
#1057=EDGE_CURVE('',#692,#694,#429,.T.);
#1058=EDGE_CURVE('',#674,#701,#430,.T.);
#1059=EDGE_CURVE('',#695,#693,#431,.T.);
#1060=EDGE_CURVE('',#799,#799,#328,.T.);
#1061=EDGE_CURVE('',#630,#653,#432,.T.);
#1062=EDGE_CURVE('',#772,#648,#433,.T.);
#1063=EDGE_CURVE('',#771,#671,#434,.T.);
#1064=EDGE_CURVE('',#774,#670,#435,.T.);
#1065=EDGE_CURVE('',#652,#631,#436,.T.);
#1066=EDGE_CURVE('',#649,#773,#437,.T.);
#1067=EDGE_CURVE('',#800,#800,#329,.T.);
#1068=EDGE_CURVE('',#800,#799,#532,.T.);
#1069=ORIENTED_EDGE('',*,*,#801,.F.);
#1070=ORIENTED_EDGE('',*,*,#802,.T.);
#1071=ORIENTED_EDGE('',*,*,#803,.T.);
#1072=ORIENTED_EDGE('',*,*,#804,.T.);
#1073=ORIENTED_EDGE('',*,*,#805,.F.);
#1074=ORIENTED_EDGE('',*,*,#806,.T.);
#1075=ORIENTED_EDGE('',*,*,#801,.T.);
#1076=ORIENTED_EDGE('',*,*,#807,.T.);
#1077=ORIENTED_EDGE('',*,*,#808,.F.);
#1078=ORIENTED_EDGE('',*,*,#809,.T.);
#1079=ORIENTED_EDGE('',*,*,#805,.T.);
#1080=ORIENTED_EDGE('',*,*,#810,.T.);
#1081=ORIENTED_EDGE('',*,*,#811,.F.);
#1082=ORIENTED_EDGE('',*,*,#812,.T.);
#1083=ORIENTED_EDGE('',*,*,#808,.T.);
#1084=ORIENTED_EDGE('',*,*,#813,.T.);
#1085=ORIENTED_EDGE('',*,*,#814,.F.);
#1086=ORIENTED_EDGE('',*,*,#815,.T.);
#1087=ORIENTED_EDGE('',*,*,#811,.T.);
#1088=ORIENTED_EDGE('',*,*,#816,.T.);
#1089=ORIENTED_EDGE('',*,*,#817,.F.);
#1090=ORIENTED_EDGE('',*,*,#818,.T.);
#1091=ORIENTED_EDGE('',*,*,#814,.T.);
#1092=ORIENTED_EDGE('',*,*,#819,.T.);
#1093=ORIENTED_EDGE('',*,*,#820,.F.);
#1094=ORIENTED_EDGE('',*,*,#821,.T.);
#1095=ORIENTED_EDGE('',*,*,#817,.T.);
#1096=ORIENTED_EDGE('',*,*,#822,.T.);
#1097=ORIENTED_EDGE('',*,*,#823,.F.);
#1098=ORIENTED_EDGE('',*,*,#824,.T.);
#1099=ORIENTED_EDGE('',*,*,#820,.T.);
#1100=ORIENTED_EDGE('',*,*,#825,.T.);
#1101=ORIENTED_EDGE('',*,*,#826,.F.);
#1102=ORIENTED_EDGE('',*,*,#827,.T.);
#1103=ORIENTED_EDGE('',*,*,#823,.T.);
#1104=ORIENTED_EDGE('',*,*,#828,.T.);
#1105=ORIENTED_EDGE('',*,*,#829,.F.);
#1106=ORIENTED_EDGE('',*,*,#830,.T.);
#1107=ORIENTED_EDGE('',*,*,#826,.T.);
#1108=ORIENTED_EDGE('',*,*,#831,.T.);
#1109=ORIENTED_EDGE('',*,*,#832,.F.);
#1110=ORIENTED_EDGE('',*,*,#833,.T.);
#1111=ORIENTED_EDGE('',*,*,#834,.F.);
#1112=ORIENTED_EDGE('',*,*,#835,.F.);
#1113=ORIENTED_EDGE('',*,*,#836,.F.);
#1114=ORIENTED_EDGE('',*,*,#837,.T.);
#1115=ORIENTED_EDGE('',*,*,#832,.T.);
#1116=ORIENTED_EDGE('',*,*,#838,.F.);
#1117=ORIENTED_EDGE('',*,*,#839,.F.);
#1118=ORIENTED_EDGE('',*,*,#840,.T.);
#1119=ORIENTED_EDGE('',*,*,#836,.T.);
#1120=ORIENTED_EDGE('',*,*,#841,.F.);
#1121=ORIENTED_EDGE('',*,*,#842,.F.);
#1122=ORIENTED_EDGE('',*,*,#843,.T.);
#1123=ORIENTED_EDGE('',*,*,#839,.T.);
#1124=ORIENTED_EDGE('',*,*,#844,.F.);
#1125=ORIENTED_EDGE('',*,*,#845,.F.);
#1126=ORIENTED_EDGE('',*,*,#846,.T.);
#1127=ORIENTED_EDGE('',*,*,#842,.T.);
#1128=ORIENTED_EDGE('',*,*,#847,.F.);
#1129=ORIENTED_EDGE('',*,*,#848,.F.);
#1130=ORIENTED_EDGE('',*,*,#849,.T.);
#1131=ORIENTED_EDGE('',*,*,#845,.T.);
#1132=ORIENTED_EDGE('',*,*,#850,.F.);
#1133=ORIENTED_EDGE('',*,*,#851,.F.);
#1134=ORIENTED_EDGE('',*,*,#852,.T.);
#1135=ORIENTED_EDGE('',*,*,#848,.T.);
#1136=ORIENTED_EDGE('',*,*,#853,.F.);
#1137=ORIENTED_EDGE('',*,*,#854,.F.);
#1138=ORIENTED_EDGE('',*,*,#855,.T.);
#1139=ORIENTED_EDGE('',*,*,#851,.T.);
#1140=ORIENTED_EDGE('',*,*,#856,.F.);
#1141=ORIENTED_EDGE('',*,*,#857,.F.);
#1142=ORIENTED_EDGE('',*,*,#858,.T.);
#1143=ORIENTED_EDGE('',*,*,#854,.T.);
#1144=ORIENTED_EDGE('',*,*,#859,.F.);
#1145=ORIENTED_EDGE('',*,*,#860,.F.);
#1146=ORIENTED_EDGE('',*,*,#861,.T.);
#1147=ORIENTED_EDGE('',*,*,#857,.T.);
#1148=ORIENTED_EDGE('',*,*,#862,.F.);
#1149=ORIENTED_EDGE('',*,*,#863,.T.);
#1150=ORIENTED_EDGE('',*,*,#864,.T.);
#1151=ORIENTED_EDGE('',*,*,#865,.T.);
#1152=ORIENTED_EDGE('',*,*,#866,.T.);
#1153=ORIENTED_EDGE('',*,*,#867,.T.);
#1154=ORIENTED_EDGE('',*,*,#868,.T.);
#1155=ORIENTED_EDGE('',*,*,#863,.F.);
#1156=ORIENTED_EDGE('',*,*,#869,.T.);
#1157=ORIENTED_EDGE('',*,*,#870,.T.);
#1158=ORIENTED_EDGE('',*,*,#871,.T.);
#1159=ORIENTED_EDGE('',*,*,#867,.F.);
#1160=ORIENTED_EDGE('',*,*,#872,.T.);
#1161=ORIENTED_EDGE('',*,*,#873,.T.);
#1162=ORIENTED_EDGE('',*,*,#874,.T.);
#1163=ORIENTED_EDGE('',*,*,#870,.F.);
#1164=ORIENTED_EDGE('',*,*,#875,.T.);
#1165=ORIENTED_EDGE('',*,*,#876,.T.);
#1166=ORIENTED_EDGE('',*,*,#877,.T.);
#1167=ORIENTED_EDGE('',*,*,#873,.F.);
#1168=ORIENTED_EDGE('',*,*,#878,.T.);
#1169=ORIENTED_EDGE('',*,*,#879,.T.);
#1170=ORIENTED_EDGE('',*,*,#880,.T.);
#1171=ORIENTED_EDGE('',*,*,#876,.F.);
#1172=ORIENTED_EDGE('',*,*,#881,.T.);
#1173=ORIENTED_EDGE('',*,*,#882,.T.);
#1174=ORIENTED_EDGE('',*,*,#883,.T.);
#1175=ORIENTED_EDGE('',*,*,#879,.F.);
#1176=ORIENTED_EDGE('',*,*,#884,.T.);
#1177=ORIENTED_EDGE('',*,*,#885,.T.);
#1178=ORIENTED_EDGE('',*,*,#886,.T.);
#1179=ORIENTED_EDGE('',*,*,#882,.F.);
#1180=ORIENTED_EDGE('',*,*,#887,.T.);
#1181=ORIENTED_EDGE('',*,*,#888,.T.);
#1182=ORIENTED_EDGE('',*,*,#889,.T.);
#1183=ORIENTED_EDGE('',*,*,#885,.F.);
#1184=ORIENTED_EDGE('',*,*,#890,.T.);
#1185=ORIENTED_EDGE('',*,*,#891,.T.);
#1186=ORIENTED_EDGE('',*,*,#892,.T.);
#1187=ORIENTED_EDGE('',*,*,#888,.F.);
#1188=ORIENTED_EDGE('',*,*,#893,.T.);
#1189=ORIENTED_EDGE('',*,*,#894,.F.);
#1190=ORIENTED_EDGE('',*,*,#895,.T.);
#1191=ORIENTED_EDGE('',*,*,#896,.F.);
#1192=ORIENTED_EDGE('',*,*,#897,.T.);
#1193=ORIENTED_EDGE('',*,*,#898,.T.);
#1194=ORIENTED_EDGE('',*,*,#899,.T.);
#1195=ORIENTED_EDGE('',*,*,#900,.F.);
#1196=ORIENTED_EDGE('',*,*,#901,.F.);
#1197=ORIENTED_EDGE('',*,*,#902,.T.);
#1198=ORIENTED_EDGE('',*,*,#903,.T.);
#1199=ORIENTED_EDGE('',*,*,#898,.F.);
#1200=ORIENTED_EDGE('',*,*,#904,.F.);
#1201=ORIENTED_EDGE('',*,*,#905,.T.);
#1202=ORIENTED_EDGE('',*,*,#906,.T.);
#1203=ORIENTED_EDGE('',*,*,#902,.F.);
#1204=ORIENTED_EDGE('',*,*,#907,.F.);
#1205=ORIENTED_EDGE('',*,*,#908,.T.);
#1206=ORIENTED_EDGE('',*,*,#909,.T.);
#1207=ORIENTED_EDGE('',*,*,#905,.F.);
#1208=ORIENTED_EDGE('',*,*,#910,.F.);
#1209=ORIENTED_EDGE('',*,*,#911,.T.);
#1210=ORIENTED_EDGE('',*,*,#912,.T.);
#1211=ORIENTED_EDGE('',*,*,#908,.F.);
#1212=ORIENTED_EDGE('',*,*,#913,.F.);
#1213=ORIENTED_EDGE('',*,*,#914,.T.);
#1214=ORIENTED_EDGE('',*,*,#915,.T.);
#1215=ORIENTED_EDGE('',*,*,#911,.F.);
#1216=ORIENTED_EDGE('',*,*,#916,.F.);
#1217=ORIENTED_EDGE('',*,*,#917,.T.);
#1218=ORIENTED_EDGE('',*,*,#918,.T.);
#1219=ORIENTED_EDGE('',*,*,#914,.F.);
#1220=ORIENTED_EDGE('',*,*,#919,.F.);
#1221=ORIENTED_EDGE('',*,*,#920,.T.);
#1222=ORIENTED_EDGE('',*,*,#921,.T.);
#1223=ORIENTED_EDGE('',*,*,#917,.F.);
#1224=ORIENTED_EDGE('',*,*,#922,.F.);
#1225=ORIENTED_EDGE('',*,*,#923,.T.);
#1226=ORIENTED_EDGE('',*,*,#924,.T.);
#1227=ORIENTED_EDGE('',*,*,#920,.F.);
#1228=ORIENTED_EDGE('',*,*,#925,.F.);
#1229=ORIENTED_EDGE('',*,*,#926,.T.);
#1230=ORIENTED_EDGE('',*,*,#927,.T.);
#1231=ORIENTED_EDGE('',*,*,#923,.F.);
#1232=ORIENTED_EDGE('',*,*,#928,.F.);
#1233=ORIENTED_EDGE('',*,*,#929,.F.);
#1234=ORIENTED_EDGE('',*,*,#930,.F.);
#1235=ORIENTED_EDGE('',*,*,#931,.F.);
#1236=ORIENTED_EDGE('',*,*,#932,.T.);
#1237=ORIENTED_EDGE('',*,*,#933,.T.);
#1238=ORIENTED_EDGE('',*,*,#934,.T.);
#1239=ORIENTED_EDGE('',*,*,#935,.T.);
#1240=ORIENTED_EDGE('',*,*,#936,.T.);
#1241=ORIENTED_EDGE('',*,*,#937,.T.);
#1242=ORIENTED_EDGE('',*,*,#934,.F.);
#1243=ORIENTED_EDGE('',*,*,#938,.F.);
#1244=ORIENTED_EDGE('',*,*,#939,.F.);
#1245=ORIENTED_EDGE('',*,*,#940,.F.);
#1246=ORIENTED_EDGE('',*,*,#941,.T.);
#1247=ORIENTED_EDGE('',*,*,#942,.T.);
#1248=ORIENTED_EDGE('',*,*,#943,.T.);
#1249=ORIENTED_EDGE('',*,*,#944,.T.);
#1250=ORIENTED_EDGE('',*,*,#942,.F.);
#1251=ORIENTED_EDGE('',*,*,#945,.F.);
#1252=ORIENTED_EDGE('',*,*,#946,.F.);
#1253=ORIENTED_EDGE('',*,*,#947,.F.);
#1254=ORIENTED_EDGE('',*,*,#948,.T.);
#1255=ORIENTED_EDGE('',*,*,#949,.T.);
#1256=ORIENTED_EDGE('',*,*,#950,.T.);
#1257=ORIENTED_EDGE('',*,*,#951,.T.);
#1258=ORIENTED_EDGE('',*,*,#949,.F.);
#1259=ORIENTED_EDGE('',*,*,#952,.F.);
#1260=ORIENTED_EDGE('',*,*,#953,.F.);
#1261=ORIENTED_EDGE('',*,*,#954,.F.);
#1262=ORIENTED_EDGE('',*,*,#955,.T.);
#1263=ORIENTED_EDGE('',*,*,#956,.T.);
#1264=ORIENTED_EDGE('',*,*,#957,.T.);
#1265=ORIENTED_EDGE('',*,*,#958,.T.);
#1266=ORIENTED_EDGE('',*,*,#956,.F.);
#1267=ORIENTED_EDGE('',*,*,#959,.F.);
#1268=ORIENTED_EDGE('',*,*,#960,.F.);
#1269=ORIENTED_EDGE('',*,*,#961,.F.);
#1270=ORIENTED_EDGE('',*,*,#962,.F.);
#1271=ORIENTED_EDGE('',*,*,#963,.F.);
#1272=ORIENTED_EDGE('',*,*,#964,.F.);
#1273=ORIENTED_EDGE('',*,*,#965,.F.);
#1274=ORIENTED_EDGE('',*,*,#966,.F.);
#1275=ORIENTED_EDGE('',*,*,#967,.F.);
#1276=ORIENTED_EDGE('',*,*,#962,.T.);
#1277=ORIENTED_EDGE('',*,*,#968,.T.);
#1278=ORIENTED_EDGE('',*,*,#969,.F.);
#1279=ORIENTED_EDGE('',*,*,#970,.F.);
#1280=ORIENTED_EDGE('',*,*,#963,.T.);
#1281=ORIENTED_EDGE('',*,*,#970,.T.);
#1282=ORIENTED_EDGE('',*,*,#971,.F.);
#1283=ORIENTED_EDGE('',*,*,#972,.F.);
#1284=ORIENTED_EDGE('',*,*,#964,.T.);
#1285=ORIENTED_EDGE('',*,*,#972,.T.);
#1286=ORIENTED_EDGE('',*,*,#973,.F.);
#1287=ORIENTED_EDGE('',*,*,#974,.F.);
#1288=ORIENTED_EDGE('',*,*,#965,.T.);
#1289=ORIENTED_EDGE('',*,*,#974,.T.);
#1290=ORIENTED_EDGE('',*,*,#975,.F.);
#1291=ORIENTED_EDGE('',*,*,#976,.F.);
#1292=ORIENTED_EDGE('',*,*,#966,.T.);
#1293=ORIENTED_EDGE('',*,*,#976,.T.);
#1294=ORIENTED_EDGE('',*,*,#977,.F.);
#1295=ORIENTED_EDGE('',*,*,#978,.F.);
#1296=ORIENTED_EDGE('',*,*,#967,.T.);
#1297=ORIENTED_EDGE('',*,*,#978,.T.);
#1298=ORIENTED_EDGE('',*,*,#979,.F.);
#1299=ORIENTED_EDGE('',*,*,#968,.F.);
#1300=ORIENTED_EDGE('',*,*,#980,.T.);
#1301=ORIENTED_EDGE('',*,*,#981,.T.);
#1302=ORIENTED_EDGE('',*,*,#982,.T.);
#1303=ORIENTED_EDGE('',*,*,#981,.F.);
#1304=ORIENTED_EDGE('',*,*,#983,.F.);
#1305=ORIENTED_EDGE('',*,*,#984,.F.);
#1306=ORIENTED_EDGE('',*,*,#985,.F.);
#1307=ORIENTED_EDGE('',*,*,#958,.F.);
#1308=ORIENTED_EDGE('',*,*,#986,.F.);
#1309=ORIENTED_EDGE('',*,*,#987,.F.);
#1310=ORIENTED_EDGE('',*,*,#988,.F.);
#1311=ORIENTED_EDGE('',*,*,#951,.F.);
#1312=ORIENTED_EDGE('',*,*,#989,.F.);
#1313=ORIENTED_EDGE('',*,*,#990,.F.);
#1314=ORIENTED_EDGE('',*,*,#991,.F.);
#1315=ORIENTED_EDGE('',*,*,#944,.F.);
#1316=ORIENTED_EDGE('',*,*,#992,.F.);
#1317=ORIENTED_EDGE('',*,*,#993,.F.);
#1318=ORIENTED_EDGE('',*,*,#994,.F.);
#1319=ORIENTED_EDGE('',*,*,#937,.F.);
#1320=ORIENTED_EDGE('',*,*,#995,.T.);
#1321=ORIENTED_EDGE('',*,*,#980,.F.);
#1322=ORIENTED_EDGE('',*,*,#995,.F.);
#1323=ORIENTED_EDGE('',*,*,#936,.F.);
#1324=ORIENTED_EDGE('',*,*,#982,.F.);
#1325=ORIENTED_EDGE('',*,*,#969,.T.);
#1326=ORIENTED_EDGE('',*,*,#979,.T.);
#1327=ORIENTED_EDGE('',*,*,#977,.T.);
#1328=ORIENTED_EDGE('',*,*,#975,.T.);
#1329=ORIENTED_EDGE('',*,*,#973,.T.);
#1330=ORIENTED_EDGE('',*,*,#971,.T.);
#1331=ORIENTED_EDGE('',*,*,#996,.T.);
#1332=ORIENTED_EDGE('',*,*,#997,.T.);
#1333=ORIENTED_EDGE('',*,*,#998,.T.);
#1334=ORIENTED_EDGE('',*,*,#999,.T.);
#1335=ORIENTED_EDGE('',*,*,#1000,.T.);
#1336=ORIENTED_EDGE('',*,*,#1001,.T.);
#1337=ORIENTED_EDGE('',*,*,#1002,.T.);
#1338=ORIENTED_EDGE('',*,*,#993,.T.);
#1339=ORIENTED_EDGE('',*,*,#1000,.F.);
#1340=ORIENTED_EDGE('',*,*,#1003,.T.);
#1341=ORIENTED_EDGE('',*,*,#1004,.T.);
#1342=ORIENTED_EDGE('',*,*,#1005,.T.);
#1343=ORIENTED_EDGE('',*,*,#1006,.T.);
#1344=ORIENTED_EDGE('',*,*,#1007,.T.);
#1345=ORIENTED_EDGE('',*,*,#1004,.F.);
#1346=ORIENTED_EDGE('',*,*,#1008,.T.);
#1347=ORIENTED_EDGE('',*,*,#1006,.F.);
#1348=ORIENTED_EDGE('',*,*,#1009,.T.);
#1349=ORIENTED_EDGE('',*,*,#1010,.T.);
#1350=ORIENTED_EDGE('',*,*,#1011,.T.);
#1351=ORIENTED_EDGE('',*,*,#1012,.T.);
#1352=ORIENTED_EDGE('',*,*,#1013,.T.);
#1353=ORIENTED_EDGE('',*,*,#1010,.F.);
#1354=ORIENTED_EDGE('',*,*,#990,.T.);
#1355=ORIENTED_EDGE('',*,*,#1012,.F.);
#1356=ORIENTED_EDGE('',*,*,#1014,.T.);
#1357=ORIENTED_EDGE('',*,*,#1015,.T.);
#1358=ORIENTED_EDGE('',*,*,#1016,.T.);
#1359=ORIENTED_EDGE('',*,*,#1017,.T.);
#1360=ORIENTED_EDGE('',*,*,#1018,.T.);
#1361=ORIENTED_EDGE('',*,*,#1015,.F.);
#1362=ORIENTED_EDGE('',*,*,#1019,.T.);
#1363=ORIENTED_EDGE('',*,*,#1017,.F.);
#1364=ORIENTED_EDGE('',*,*,#1020,.T.);
#1365=ORIENTED_EDGE('',*,*,#1021,.T.);
#1366=ORIENTED_EDGE('',*,*,#1022,.T.);
#1367=ORIENTED_EDGE('',*,*,#1023,.T.);
#1368=ORIENTED_EDGE('',*,*,#1024,.T.);
#1369=ORIENTED_EDGE('',*,*,#1021,.F.);
#1370=ORIENTED_EDGE('',*,*,#987,.T.);
#1371=ORIENTED_EDGE('',*,*,#1023,.F.);
#1372=ORIENTED_EDGE('',*,*,#1025,.T.);
#1373=ORIENTED_EDGE('',*,*,#1026,.T.);
#1374=ORIENTED_EDGE('',*,*,#1027,.T.);
#1375=ORIENTED_EDGE('',*,*,#1028,.T.);
#1376=ORIENTED_EDGE('',*,*,#1029,.T.);
#1377=ORIENTED_EDGE('',*,*,#1026,.F.);
#1378=ORIENTED_EDGE('',*,*,#1030,.T.);
#1379=ORIENTED_EDGE('',*,*,#1028,.F.);
#1380=ORIENTED_EDGE('',*,*,#1031,.T.);
#1381=ORIENTED_EDGE('',*,*,#1032,.T.);
#1382=ORIENTED_EDGE('',*,*,#1033,.T.);
#1383=ORIENTED_EDGE('',*,*,#1034,.T.);
#1384=ORIENTED_EDGE('',*,*,#1035,.T.);
#1385=ORIENTED_EDGE('',*,*,#1032,.F.);
#1386=ORIENTED_EDGE('',*,*,#984,.T.);
#1387=ORIENTED_EDGE('',*,*,#1034,.F.);
#1388=ORIENTED_EDGE('',*,*,#1036,.T.);
#1389=ORIENTED_EDGE('',*,*,#1037,.T.);
#1390=ORIENTED_EDGE('',*,*,#1038,.T.);
#1391=ORIENTED_EDGE('',*,*,#1039,.T.);
#1392=ORIENTED_EDGE('',*,*,#1040,.T.);
#1393=ORIENTED_EDGE('',*,*,#1037,.F.);
#1394=ORIENTED_EDGE('',*,*,#1041,.T.);
#1395=ORIENTED_EDGE('',*,*,#1039,.F.);
#1396=ORIENTED_EDGE('',*,*,#1042,.T.);
#1397=ORIENTED_EDGE('',*,*,#1002,.F.);
#1398=ORIENTED_EDGE('',*,*,#1043,.T.);
#1399=ORIENTED_EDGE('',*,*,#1020,.F.);
#1400=ORIENTED_EDGE('',*,*,#1044,.T.);
#1401=ORIENTED_EDGE('',*,*,#952,.T.);
#1402=ORIENTED_EDGE('',*,*,#948,.F.);
#1403=ORIENTED_EDGE('',*,*,#988,.T.);
#1404=ORIENTED_EDGE('',*,*,#1019,.F.);
#1405=ORIENTED_EDGE('',*,*,#1045,.F.);
#1406=ORIENTED_EDGE('',*,*,#953,.T.);
#1407=ORIENTED_EDGE('',*,*,#1044,.F.);
#1408=ORIENTED_EDGE('',*,*,#1014,.F.);
#1409=ORIENTED_EDGE('',*,*,#989,.T.);
#1410=ORIENTED_EDGE('',*,*,#950,.F.);
#1411=ORIENTED_EDGE('',*,*,#954,.T.);
#1412=ORIENTED_EDGE('',*,*,#1045,.T.);
#1413=ORIENTED_EDGE('',*,*,#1009,.F.);
#1414=ORIENTED_EDGE('',*,*,#1046,.T.);
#1415=ORIENTED_EDGE('',*,*,#945,.T.);
#1416=ORIENTED_EDGE('',*,*,#941,.F.);
#1417=ORIENTED_EDGE('',*,*,#991,.T.);
#1418=ORIENTED_EDGE('',*,*,#1008,.F.);
#1419=ORIENTED_EDGE('',*,*,#1047,.F.);
#1420=ORIENTED_EDGE('',*,*,#946,.T.);
#1421=ORIENTED_EDGE('',*,*,#1046,.F.);
#1422=ORIENTED_EDGE('',*,*,#1003,.F.);
#1423=ORIENTED_EDGE('',*,*,#992,.T.);
#1424=ORIENTED_EDGE('',*,*,#943,.F.);
#1425=ORIENTED_EDGE('',*,*,#947,.T.);
#1426=ORIENTED_EDGE('',*,*,#1047,.T.);
#1427=ORIENTED_EDGE('',*,*,#1001,.F.);
#1428=ORIENTED_EDGE('',*,*,#1005,.F.);
#1429=ORIENTED_EDGE('',*,*,#1007,.F.);
#1430=ORIENTED_EDGE('',*,*,#1011,.F.);
#1431=ORIENTED_EDGE('',*,*,#1013,.F.);
#1432=ORIENTED_EDGE('',*,*,#1016,.F.);
#1433=ORIENTED_EDGE('',*,*,#1018,.F.);
#1434=ORIENTED_EDGE('',*,*,#1022,.F.);
#1435=ORIENTED_EDGE('',*,*,#1024,.F.);
#1436=ORIENTED_EDGE('',*,*,#1027,.F.);
#1437=ORIENTED_EDGE('',*,*,#1029,.F.);
#1438=ORIENTED_EDGE('',*,*,#1033,.F.);
#1439=ORIENTED_EDGE('',*,*,#1035,.F.);
#1440=ORIENTED_EDGE('',*,*,#1038,.F.);
#1441=ORIENTED_EDGE('',*,*,#1040,.F.);
#1442=ORIENTED_EDGE('',*,*,#1043,.F.);
#1443=ORIENTED_EDGE('',*,*,#1048,.T.);
#1444=ORIENTED_EDGE('',*,*,#896,.T.);
#1445=ORIENTED_EDGE('',*,*,#1049,.T.);
#1446=ORIENTED_EDGE('',*,*,#931,.T.);
#1447=ORIENTED_EDGE('',*,*,#1036,.F.);
#1448=ORIENTED_EDGE('',*,*,#983,.T.);
#1449=ORIENTED_EDGE('',*,*,#935,.F.);
#1450=ORIENTED_EDGE('',*,*,#940,.T.);
#1451=ORIENTED_EDGE('',*,*,#1050,.T.);
#1452=ORIENTED_EDGE('',*,*,#1041,.F.);
#1453=ORIENTED_EDGE('',*,*,#1050,.F.);
#1454=ORIENTED_EDGE('',*,*,#939,.T.);
#1455=ORIENTED_EDGE('',*,*,#1051,.F.);
#1456=ORIENTED_EDGE('',*,*,#1031,.F.);
#1457=ORIENTED_EDGE('',*,*,#1052,.T.);
#1458=ORIENTED_EDGE('',*,*,#959,.T.);
#1459=ORIENTED_EDGE('',*,*,#955,.F.);
#1460=ORIENTED_EDGE('',*,*,#985,.T.);
#1461=ORIENTED_EDGE('',*,*,#1025,.F.);
#1462=ORIENTED_EDGE('',*,*,#986,.T.);
#1463=ORIENTED_EDGE('',*,*,#957,.F.);
#1464=ORIENTED_EDGE('',*,*,#961,.T.);
#1465=ORIENTED_EDGE('',*,*,#1053,.T.);
#1466=ORIENTED_EDGE('',*,*,#1030,.F.);
#1467=ORIENTED_EDGE('',*,*,#1053,.F.);
#1468=ORIENTED_EDGE('',*,*,#960,.T.);
#1469=ORIENTED_EDGE('',*,*,#1052,.F.);
#1470=ORIENTED_EDGE('',*,*,#1042,.F.);
#1471=ORIENTED_EDGE('',*,*,#1051,.T.);
#1472=ORIENTED_EDGE('',*,*,#938,.T.);
#1473=ORIENTED_EDGE('',*,*,#933,.F.);
#1474=ORIENTED_EDGE('',*,*,#994,.T.);
#1475=ORIENTED_EDGE('',*,*,#929,.T.);
#1476=ORIENTED_EDGE('',*,*,#1054,.T.);
#1477=ORIENTED_EDGE('',*,*,#926,.F.);
#1478=ORIENTED_EDGE('',*,*,#1055,.F.);
#1479=ORIENTED_EDGE('',*,*,#1056,.F.);
#1480=ORIENTED_EDGE('',*,*,#899,.F.);
#1481=ORIENTED_EDGE('',*,*,#903,.F.);
#1482=ORIENTED_EDGE('',*,*,#906,.F.);
#1483=ORIENTED_EDGE('',*,*,#909,.F.);
#1484=ORIENTED_EDGE('',*,*,#912,.F.);
#1485=ORIENTED_EDGE('',*,*,#915,.F.);
#1486=ORIENTED_EDGE('',*,*,#918,.F.);
#1487=ORIENTED_EDGE('',*,*,#921,.F.);
#1488=ORIENTED_EDGE('',*,*,#924,.F.);
#1489=ORIENTED_EDGE('',*,*,#927,.F.);
#1490=ORIENTED_EDGE('',*,*,#1054,.F.);
#1491=ORIENTED_EDGE('',*,*,#932,.F.);
#1492=ORIENTED_EDGE('',*,*,#1049,.F.);
#1493=ORIENTED_EDGE('',*,*,#895,.F.);
#1494=ORIENTED_EDGE('',*,*,#1057,.F.);
#1495=ORIENTED_EDGE('',*,*,#893,.F.);
#1496=ORIENTED_EDGE('',*,*,#890,.F.);
#1497=ORIENTED_EDGE('',*,*,#887,.F.);
#1498=ORIENTED_EDGE('',*,*,#884,.F.);
#1499=ORIENTED_EDGE('',*,*,#881,.F.);
#1500=ORIENTED_EDGE('',*,*,#878,.F.);
#1501=ORIENTED_EDGE('',*,*,#875,.F.);
#1502=ORIENTED_EDGE('',*,*,#872,.F.);
#1503=ORIENTED_EDGE('',*,*,#869,.F.);
#1504=ORIENTED_EDGE('',*,*,#866,.F.);
#1505=ORIENTED_EDGE('',*,*,#1058,.F.);
#1506=ORIENTED_EDGE('',*,*,#864,.F.);
#1507=ORIENTED_EDGE('',*,*,#868,.F.);
#1508=ORIENTED_EDGE('',*,*,#871,.F.);
#1509=ORIENTED_EDGE('',*,*,#874,.F.);
#1510=ORIENTED_EDGE('',*,*,#877,.F.);
#1511=ORIENTED_EDGE('',*,*,#880,.F.);
#1512=ORIENTED_EDGE('',*,*,#883,.F.);
#1513=ORIENTED_EDGE('',*,*,#886,.F.);
#1514=ORIENTED_EDGE('',*,*,#889,.F.);
#1515=ORIENTED_EDGE('',*,*,#892,.F.);
#1516=ORIENTED_EDGE('',*,*,#1059,.F.);
#1517=ORIENTED_EDGE('',*,*,#897,.F.);
#1518=ORIENTED_EDGE('',*,*,#1048,.F.);
#1519=ORIENTED_EDGE('',*,*,#930,.T.);
#1520=ORIENTED_EDGE('',*,*,#1055,.T.);
#1521=ORIENTED_EDGE('',*,*,#928,.T.);
#1522=ORIENTED_EDGE('',*,*,#925,.T.);
#1523=ORIENTED_EDGE('',*,*,#922,.T.);
#1524=ORIENTED_EDGE('',*,*,#919,.T.);
#1525=ORIENTED_EDGE('',*,*,#916,.T.);
#1526=ORIENTED_EDGE('',*,*,#913,.T.);
#1527=ORIENTED_EDGE('',*,*,#910,.T.);
#1528=ORIENTED_EDGE('',*,*,#907,.T.);
#1529=ORIENTED_EDGE('',*,*,#904,.T.);
#1530=ORIENTED_EDGE('',*,*,#901,.T.);
#1531=ORIENTED_EDGE('',*,*,#894,.T.);
#1532=ORIENTED_EDGE('',*,*,#1059,.T.);
#1533=ORIENTED_EDGE('',*,*,#891,.F.);
#1534=ORIENTED_EDGE('',*,*,#1057,.T.);
#1535=ORIENTED_EDGE('',*,*,#1058,.T.);
#1536=ORIENTED_EDGE('',*,*,#900,.T.);
#1537=ORIENTED_EDGE('',*,*,#1056,.T.);
#1538=ORIENTED_EDGE('',*,*,#865,.F.);
#1539=ORIENTED_EDGE('',*,*,#1060,.F.);
#1540=ORIENTED_EDGE('',*,*,#1061,.F.);
#1541=ORIENTED_EDGE('',*,*,#802,.F.);
#1542=ORIENTED_EDGE('',*,*,#806,.F.);
#1543=ORIENTED_EDGE('',*,*,#809,.F.);
#1544=ORIENTED_EDGE('',*,*,#812,.F.);
#1545=ORIENTED_EDGE('',*,*,#815,.F.);
#1546=ORIENTED_EDGE('',*,*,#818,.F.);
#1547=ORIENTED_EDGE('',*,*,#821,.F.);
#1548=ORIENTED_EDGE('',*,*,#824,.F.);
#1549=ORIENTED_EDGE('',*,*,#827,.F.);
#1550=ORIENTED_EDGE('',*,*,#830,.F.);
#1551=ORIENTED_EDGE('',*,*,#1062,.F.);
#1552=ORIENTED_EDGE('',*,*,#996,.F.);
#1553=ORIENTED_EDGE('',*,*,#1063,.T.);
#1554=ORIENTED_EDGE('',*,*,#862,.T.);
#1555=ORIENTED_EDGE('',*,*,#859,.T.);
#1556=ORIENTED_EDGE('',*,*,#856,.T.);
#1557=ORIENTED_EDGE('',*,*,#853,.T.);
#1558=ORIENTED_EDGE('',*,*,#850,.T.);
#1559=ORIENTED_EDGE('',*,*,#847,.T.);
#1560=ORIENTED_EDGE('',*,*,#844,.T.);
#1561=ORIENTED_EDGE('',*,*,#841,.T.);
#1562=ORIENTED_EDGE('',*,*,#838,.T.);
#1563=ORIENTED_EDGE('',*,*,#835,.T.);
#1564=ORIENTED_EDGE('',*,*,#860,.T.);
#1565=ORIENTED_EDGE('',*,*,#1063,.F.);
#1566=ORIENTED_EDGE('',*,*,#999,.F.);
#1567=ORIENTED_EDGE('',*,*,#1064,.T.);
#1568=ORIENTED_EDGE('',*,*,#1065,.F.);
#1569=ORIENTED_EDGE('',*,*,#833,.F.);
#1570=ORIENTED_EDGE('',*,*,#837,.F.);
#1571=ORIENTED_EDGE('',*,*,#840,.F.);
#1572=ORIENTED_EDGE('',*,*,#843,.F.);
#1573=ORIENTED_EDGE('',*,*,#846,.F.);
#1574=ORIENTED_EDGE('',*,*,#849,.F.);
#1575=ORIENTED_EDGE('',*,*,#852,.F.);
#1576=ORIENTED_EDGE('',*,*,#855,.F.);
#1577=ORIENTED_EDGE('',*,*,#858,.F.);
#1578=ORIENTED_EDGE('',*,*,#861,.F.);
#1579=ORIENTED_EDGE('',*,*,#1064,.F.);
#1580=ORIENTED_EDGE('',*,*,#998,.F.);
#1581=ORIENTED_EDGE('',*,*,#1066,.F.);
#1582=ORIENTED_EDGE('',*,*,#831,.F.);
#1583=ORIENTED_EDGE('',*,*,#828,.F.);
#1584=ORIENTED_EDGE('',*,*,#825,.F.);
#1585=ORIENTED_EDGE('',*,*,#822,.F.);
#1586=ORIENTED_EDGE('',*,*,#819,.F.);
#1587=ORIENTED_EDGE('',*,*,#816,.F.);
#1588=ORIENTED_EDGE('',*,*,#813,.F.);
#1589=ORIENTED_EDGE('',*,*,#810,.F.);
#1590=ORIENTED_EDGE('',*,*,#807,.F.);
#1591=ORIENTED_EDGE('',*,*,#804,.F.);
#1592=ORIENTED_EDGE('',*,*,#829,.T.);
#1593=ORIENTED_EDGE('',*,*,#1066,.T.);
#1594=ORIENTED_EDGE('',*,*,#997,.F.);
#1595=ORIENTED_EDGE('',*,*,#1062,.T.);
#1596=ORIENTED_EDGE('',*,*,#1061,.T.);
#1597=ORIENTED_EDGE('',*,*,#834,.T.);
#1598=ORIENTED_EDGE('',*,*,#1065,.T.);
#1599=ORIENTED_EDGE('',*,*,#803,.F.);
#1600=ORIENTED_EDGE('',*,*,#1067,.F.);
#1601=ORIENTED_EDGE('',*,*,#1067,.T.);
#1602=ORIENTED_EDGE('',*,*,#1068,.T.);
#1603=ORIENTED_EDGE('',*,*,#1060,.T.);
#1604=ORIENTED_EDGE('',*,*,#1068,.F.);
#1605=CYLINDRICAL_SURFACE('',#1779,16.01775);
#1606=CYLINDRICAL_SURFACE('',#1781,16.01775);
#1607=CYLINDRICAL_SURFACE('',#1782,16.01775);
#1608=CYLINDRICAL_SURFACE('',#1783,16.01775);
#1609=CYLINDRICAL_SURFACE('',#1784,16.01775);
#1610=CYLINDRICAL_SURFACE('',#1785,16.01775);
#1611=CYLINDRICAL_SURFACE('',#1786,16.01775);
#1612=CYLINDRICAL_SURFACE('',#1787,16.01775);
#1613=CYLINDRICAL_SURFACE('',#1788,16.01775);
#1614=CYLINDRICAL_SURFACE('',#1789,16.01775);
#1615=CYLINDRICAL_SURFACE('',#1790,16.5786);
#1616=CYLINDRICAL_SURFACE('',#1792,16.5786);
#1617=CYLINDRICAL_SURFACE('',#1793,16.5786);
#1618=CYLINDRICAL_SURFACE('',#1794,16.5786);
#1619=CYLINDRICAL_SURFACE('',#1795,16.5786);
#1620=CYLINDRICAL_SURFACE('',#1796,16.5786);
#1621=CYLINDRICAL_SURFACE('',#1797,16.5786);
#1622=CYLINDRICAL_SURFACE('',#1798,16.5786);
#1623=CYLINDRICAL_SURFACE('',#1799,16.5786);
#1624=CYLINDRICAL_SURFACE('',#1800,16.5786);
#1625=CYLINDRICAL_SURFACE('',#1801,16.01775);
#1626=CYLINDRICAL_SURFACE('',#1803,16.01775);
#1627=CYLINDRICAL_SURFACE('',#1804,16.01775);
#1628=CYLINDRICAL_SURFACE('',#1805,16.01775);
#1629=CYLINDRICAL_SURFACE('',#1806,16.01775);
#1630=CYLINDRICAL_SURFACE('',#1807,16.01775);
#1631=CYLINDRICAL_SURFACE('',#1808,16.01775);
#1632=CYLINDRICAL_SURFACE('',#1809,16.01775);
#1633=CYLINDRICAL_SURFACE('',#1810,16.01775);
#1634=CYLINDRICAL_SURFACE('',#1811,16.01775);
#1635=CYLINDRICAL_SURFACE('',#1812,16.01775);
#1636=CYLINDRICAL_SURFACE('',#1814,16.5786);
#1637=CYLINDRICAL_SURFACE('',#1816,16.5786);
#1638=CYLINDRICAL_SURFACE('',#1817,16.5786);
#1639=CYLINDRICAL_SURFACE('',#1818,16.5786);
#1640=CYLINDRICAL_SURFACE('',#1819,16.5786);
#1641=CYLINDRICAL_SURFACE('',#1820,16.5786);
#1642=CYLINDRICAL_SURFACE('',#1821,16.5786);
#1643=CYLINDRICAL_SURFACE('',#1822,16.5786);
#1644=CYLINDRICAL_SURFACE('',#1823,16.5786);
#1645=CYLINDRICAL_SURFACE('',#1824,16.5786);
#1646=CYLINDRICAL_SURFACE('',#1825,16.5786);
#1647=CYLINDRICAL_SURFACE('',#1866,30.);
#1648=CYLINDRICAL_SURFACE('',#1918,6.);
#1649=CYLINDRICAL_SURFACE('',#1919,18.);
#1650=CYLINDRICAL_SURFACE('',#1920,6.);
#1651=CYLINDRICAL_SURFACE('',#1921,6.);
#1652=CYLINDRICAL_SURFACE('',#1922,18.);
#1653=CYLINDRICAL_SURFACE('',#1923,6.);
#1654=CYLINDRICAL_SURFACE('',#1925,6.);
#1655=CYLINDRICAL_SURFACE('',#1926,18.);
#1656=CYLINDRICAL_SURFACE('',#1927,6.);
#1657=CYLINDRICAL_SURFACE('',#1928,6.);
#1658=CYLINDRICAL_SURFACE('',#1929,18.);
#1659=CYLINDRICAL_SURFACE('',#1930,6.);
#1660=CYLINDRICAL_SURFACE('',#1931,16.5786);
#1661=CYLINDRICAL_SURFACE('',#1932,16.01775);
#1662=CYLINDRICAL_SURFACE('',#1935,16.5786);
#1663=CYLINDRICAL_SURFACE('',#1936,16.01775);
#1664=CYLINDRICAL_SURFACE('',#1939,13.);
#1665=ADVANCED_FACE('',(#60),#1605,.F.);
#1666=ADVANCED_FACE('',(#61),#1606,.F.);
#1667=ADVANCED_FACE('',(#62),#1607,.F.);
#1668=ADVANCED_FACE('',(#63),#1608,.F.);
#1669=ADVANCED_FACE('',(#64),#1609,.F.);
#1670=ADVANCED_FACE('',(#65),#1610,.F.);
#1671=ADVANCED_FACE('',(#66),#1611,.F.);
#1672=ADVANCED_FACE('',(#67),#1612,.F.);
#1673=ADVANCED_FACE('',(#68),#1613,.F.);
#1674=ADVANCED_FACE('',(#69),#1614,.F.);
#1675=ADVANCED_FACE('',(#70),#1615,.F.);
#1676=ADVANCED_FACE('',(#71),#1616,.F.);
#1677=ADVANCED_FACE('',(#72),#1617,.F.);
#1678=ADVANCED_FACE('',(#73),#1618,.F.);
#1679=ADVANCED_FACE('',(#74),#1619,.F.);
#1680=ADVANCED_FACE('',(#75),#1620,.F.);
#1681=ADVANCED_FACE('',(#76),#1621,.F.);
#1682=ADVANCED_FACE('',(#77),#1622,.F.);
#1683=ADVANCED_FACE('',(#78),#1623,.F.);
#1684=ADVANCED_FACE('',(#79),#1624,.F.);
#1685=ADVANCED_FACE('',(#80),#1625,.F.);
#1686=ADVANCED_FACE('',(#81),#1626,.F.);
#1687=ADVANCED_FACE('',(#82),#1627,.F.);
#1688=ADVANCED_FACE('',(#83),#1628,.F.);
#1689=ADVANCED_FACE('',(#84),#1629,.F.);
#1690=ADVANCED_FACE('',(#85),#1630,.F.);
#1691=ADVANCED_FACE('',(#86),#1631,.F.);
#1692=ADVANCED_FACE('',(#87),#1632,.F.);
#1693=ADVANCED_FACE('',(#88),#1633,.F.);
#1694=ADVANCED_FACE('',(#89),#1634,.F.);
#1695=ADVANCED_FACE('',(#90),#1635,.F.);
#1696=ADVANCED_FACE('',(#91),#1636,.F.);
#1697=ADVANCED_FACE('',(#92),#1637,.F.);
#1698=ADVANCED_FACE('',(#93),#1638,.F.);
#1699=ADVANCED_FACE('',(#94),#1639,.F.);
#1700=ADVANCED_FACE('',(#95),#1640,.F.);
#1701=ADVANCED_FACE('',(#96),#1641,.F.);
#1702=ADVANCED_FACE('',(#97),#1642,.F.);
#1703=ADVANCED_FACE('',(#98),#1643,.F.);
#1704=ADVANCED_FACE('',(#99),#1644,.F.);
#1705=ADVANCED_FACE('',(#100),#1645,.F.);
#1706=ADVANCED_FACE('',(#101),#1646,.F.);
#1707=ADVANCED_FACE('',(#102),#56,.T.);
#1708=ADVANCED_FACE('',(#103),#41,.T.);
#1709=ADVANCED_FACE('',(#104),#57,.T.);
#1710=ADVANCED_FACE('',(#105),#42,.T.);
#1711=ADVANCED_FACE('',(#106),#58,.T.);
#1712=ADVANCED_FACE('',(#107),#43,.T.);
#1713=ADVANCED_FACE('',(#108),#59,.T.);
#1714=ADVANCED_FACE('',(#109),#44,.T.);
#1715=ADVANCED_FACE('',(#110),#45,.F.);
#1716=ADVANCED_FACE('',(#111),#46,.T.);
#1717=ADVANCED_FACE('',(#112),#47,.T.);
#1718=ADVANCED_FACE('',(#113),#48,.T.);
#1719=ADVANCED_FACE('',(#114),#49,.T.);
#1720=ADVANCED_FACE('',(#115),#50,.T.);
#1721=ADVANCED_FACE('',(#116),#51,.T.);
#1722=ADVANCED_FACE('',(#117),#24,.T.);
#1723=ADVANCED_FACE('',(#118),#1647,.T.);
#1724=ADVANCED_FACE('',(#119,#19,#20),#52,.F.);
#1725=ADVANCED_FACE('',(#120),#25,.T.);
#1726=ADVANCED_FACE('',(#121),#26,.T.);
#1727=ADVANCED_FACE('',(#122),#27,.F.);
#1728=ADVANCED_FACE('',(#123),#28,.T.);
#1729=ADVANCED_FACE('',(#124),#29,.T.);
#1730=ADVANCED_FACE('',(#125),#30,.T.);
#1731=ADVANCED_FACE('',(#126),#31,.F.);
#1732=ADVANCED_FACE('',(#127),#32,.T.);
#1733=ADVANCED_FACE('',(#128),#33,.T.);
#1734=ADVANCED_FACE('',(#129),#34,.T.);
#1735=ADVANCED_FACE('',(#130),#35,.F.);
#1736=ADVANCED_FACE('',(#131),#36,.T.);
#1737=ADVANCED_FACE('',(#132),#37,.T.);
#1738=ADVANCED_FACE('',(#133),#38,.T.);
#1739=ADVANCED_FACE('',(#134),#39,.F.);
#1740=ADVANCED_FACE('',(#135),#40,.T.);
#1741=ADVANCED_FACE('',(#136),#1648,.T.);
#1742=ADVANCED_FACE('',(#137),#1649,.F.);
#1743=ADVANCED_FACE('',(#138),#1650,.T.);
#1744=ADVANCED_FACE('',(#139),#1651,.T.);
#1745=ADVANCED_FACE('',(#140),#1652,.F.);
#1746=ADVANCED_FACE('',(#141),#1653,.T.);
#1747=ADVANCED_FACE('',(#142,#21),#53,.T.);
#1748=ADVANCED_FACE('',(#143),#1654,.T.);
#1749=ADVANCED_FACE('',(#144),#1655,.F.);
#1750=ADVANCED_FACE('',(#145),#1656,.T.);
#1751=ADVANCED_FACE('',(#146),#1657,.T.);
#1752=ADVANCED_FACE('',(#147),#1658,.F.);
#1753=ADVANCED_FACE('',(#148),#1659,.T.);
#1754=ADVANCED_FACE('',(#149),#1660,.F.);
#1755=ADVANCED_FACE('',(#150),#15,.F.);
#1756=ADVANCED_FACE('',(#151),#16,.F.);
#1757=ADVANCED_FACE('',(#152),#1661,.F.);
#1758=ADVANCED_FACE('',(#153,#22),#54,.F.);
#1759=ADVANCED_FACE('',(#154),#17,.F.);
#1760=ADVANCED_FACE('',(#155),#1662,.F.);
#1761=ADVANCED_FACE('',(#156),#18,.F.);
#1762=ADVANCED_FACE('',(#157),#1663,.F.);
#1763=ADVANCED_FACE('',(#158,#23),#55,.F.);
#1764=ADVANCED_FACE('',(#159),#1664,.F.);
#1765=CLOSED_SHELL('',(#1665,#1666,#1667,#1668,#1669,#1670,#1671,#1672,
#1673,#1674,#1675,#1676,#1677,#1678,#1679,#1680,#1681,#1682,#1683,#1684,
#1685,#1686,#1687,#1688,#1689,#1690,#1691,#1692,#1693,#1694,#1695,#1696,
#1697,#1698,#1699,#1700,#1701,#1702,#1703,#1704,#1705,#1706,#1707,#1708,
#1709,#1710,#1711,#1712,#1713,#1714,#1715,#1716,#1717,#1718,#1719,#1720,
#1721,#1722,#1723,#1724,#1725,#1726,#1727,#1728,#1729,#1730,#1731,#1732,
#1733,#1734,#1735,#1736,#1737,#1738,#1739,#1740,#1741,#1742,#1743,#1744,
#1745,#1746,#1747,#1748,#1749,#1750,#1751,#1752,#1753,#1754,#1755,#1756,
#1757,#1758,#1759,#1760,#1761,#1762,#1763,#1764));
#1766=DERIVED_UNIT_ELEMENT(#1768,1.);
#1767=DERIVED_UNIT_ELEMENT(#8634,-3.);
#1768=(
MASS_UNIT()
NAMED_UNIT(*)
SI_UNIT(.KILO.,.GRAM.)
);
#1769=DERIVED_UNIT((#1766,#1767));
#1770=MEASURE_REPRESENTATION_ITEM('density measure',
POSITIVE_RATIO_MEASURE(7850.),#1769);
#1771=PROPERTY_DEFINITION_REPRESENTATION(#1776,#1773);
#1772=PROPERTY_DEFINITION_REPRESENTATION(#1777,#1774);
#1773=REPRESENTATION('material name',(#1775),#8631);
#1774=REPRESENTATION('density',(#1770),#8631);
#1775=DESCRIPTIVE_REPRESENTATION_ITEM('Steel','Steel');
#1776=PROPERTY_DEFINITION('material property','material name',#8641);
#1777=PROPERTY_DEFINITION('material property','density of part',#8641);
#1778=AXIS2_PLACEMENT_3D('',#2359,#1940,#1941);
#1779=AXIS2_PLACEMENT_3D('',#2360,#1942,#1943);
#1780=AXIS2_PLACEMENT_3D('',#2382,#1945,#1946);
#1781=AXIS2_PLACEMENT_3D('',#2390,#1947,#1948);
#1782=AXIS2_PLACEMENT_3D('',#2480,#1950,#1951);
#1783=AXIS2_PLACEMENT_3D('',#2567,#1953,#1954);
#1784=AXIS2_PLACEMENT_3D('',#2654,#1956,#1957);
#1785=AXIS2_PLACEMENT_3D('',#2741,#1959,#1960);
#1786=AXIS2_PLACEMENT_3D('',#2828,#1962,#1963);
#1787=AXIS2_PLACEMENT_3D('',#2918,#1965,#1966);
#1788=AXIS2_PLACEMENT_3D('',#3005,#1968,#1969);
#1789=AXIS2_PLACEMENT_3D('',#3092,#1971,#1972);
#1790=AXIS2_PLACEMENT_3D('',#3179,#1974,#1975);
#1791=AXIS2_PLACEMENT_3D('',#3199,#1977,#1978);
#1792=AXIS2_PLACEMENT_3D('',#3212,#1979,#1980);
#1793=AXIS2_PLACEMENT_3D('',#3249,#1982,#1983);
#1794=AXIS2_PLACEMENT_3D('',#3287,#1985,#1986);
#1795=AXIS2_PLACEMENT_3D('',#3323,#1988,#1989);
#1796=AXIS2_PLACEMENT_3D('',#3361,#1991,#1992);
#1797=AXIS2_PLACEMENT_3D('',#3398,#1994,#1995);
#1798=AXIS2_PLACEMENT_3D('',#3435,#1997,#1998);
#1799=AXIS2_PLACEMENT_3D('',#3473,#2000,#2001);
#1800=AXIS2_PLACEMENT_3D('',#3509,#2003,#2004);
#1801=AXIS2_PLACEMENT_3D('',#3547,#2006,#2007);
#1802=AXIS2_PLACEMENT_3D('',#3560,#2009,#2010);
#1803=AXIS2_PLACEMENT_3D('',#3580,#2011,#2012);
#1804=AXIS2_PLACEMENT_3D('',#3667,#2014,#2015);
#1805=AXIS2_PLACEMENT_3D('',#3754,#2017,#2018);
#1806=AXIS2_PLACEMENT_3D('',#3844,#2020,#2021);
#1807=AXIS2_PLACEMENT_3D('',#3931,#2023,#2024);
#1808=AXIS2_PLACEMENT_3D('',#4021,#2026,#2027);
#1809=AXIS2_PLACEMENT_3D('',#4108,#2029,#2030);
#1810=AXIS2_PLACEMENT_3D('',#4198,#2032,#2033);
#1811=AXIS2_PLACEMENT_3D('',#4285,#2035,#2036);
#1812=AXIS2_PLACEMENT_3D('',#4372,#2038,#2039);
#1813=AXIS2_PLACEMENT_3D('',#4403,#2041,#2042);
#1814=AXIS2_PLACEMENT_3D('',#4441,#2043,#2044);
#1815=AXIS2_PLACEMENT_3D('',#4460,#2046,#2047);
#1816=AXIS2_PLACEMENT_3D('',#4475,#2048,#2049);
#1817=AXIS2_PLACEMENT_3D('',#4511,#2051,#2052);
#1818=AXIS2_PLACEMENT_3D('',#4549,#2054,#2055);
#1819=AXIS2_PLACEMENT_3D('',#4587,#2057,#2058);
#1820=AXIS2_PLACEMENT_3D('',#4624,#2060,#2061);
#1821=AXIS2_PLACEMENT_3D('',#4661,#2063,#2064);
#1822=AXIS2_PLACEMENT_3D('',#4699,#2066,#2067);
#1823=AXIS2_PLACEMENT_3D('',#4737,#2069,#2070);
#1824=AXIS2_PLACEMENT_3D('',#4773,#2072,#2073);
#1825=AXIS2_PLACEMENT_3D('',#4811,#2075,#2076);
#1826=AXIS2_PLACEMENT_3D('',#4823,#2078,#2079);
#1827=AXIS2_PLACEMENT_3D('',#4831,#2080,#2081);
#1828=AXIS2_PLACEMENT_3D('',#4845,#2082,#2083);
#1829=AXIS2_PLACEMENT_3D('',#4858,#2084,#2085);
#1830=AXIS2_PLACEMENT_3D('',#4859,#2086,#2087);
#1831=AXIS2_PLACEMENT_3D('',#4860,#2088,#2089);
#1832=AXIS2_PLACEMENT_3D('',#4862,#2090,#2091);
#1833=AXIS2_PLACEMENT_3D('',#4864,#2092,#2093);
#1834=AXIS2_PLACEMENT_3D('',#4865,#2094,#2095);
#1835=AXIS2_PLACEMENT_3D('',#4866,#2096,#2097);
#1836=AXIS2_PLACEMENT_3D('',#4880,#2098,#2099);
#1837=AXIS2_PLACEMENT_3D('',#4892,#2100,#2101);
#1838=AXIS2_PLACEMENT_3D('',#4893,#2102,#2103);
#1839=AXIS2_PLACEMENT_3D('',#4895,#2104,#2105);
#1840=AXIS2_PLACEMENT_3D('',#4897,#2106,#2107);
#1841=AXIS2_PLACEMENT_3D('',#4898,#2108,#2109);
#1842=AXIS2_PLACEMENT_3D('',#4899,#2110,#2111);
#1843=AXIS2_PLACEMENT_3D('',#4913,#2112,#2113);
#1844=AXIS2_PLACEMENT_3D('',#4925,#2114,#2115);
#1845=AXIS2_PLACEMENT_3D('',#4926,#2116,#2117);
#1846=AXIS2_PLACEMENT_3D('',#4928,#2118,#2119);
#1847=AXIS2_PLACEMENT_3D('',#4930,#2120,#2121);
#1848=AXIS2_PLACEMENT_3D('',#4931,#2122,#2123);
#1849=AXIS2_PLACEMENT_3D('',#4932,#2124,#2125);
#1850=AXIS2_PLACEMENT_3D('',#4946,#2126,#2127);
#1851=AXIS2_PLACEMENT_3D('',#4958,#2128,#2129);
#1852=AXIS2_PLACEMENT_3D('',#4959,#2130,#2131);
#1853=AXIS2_PLACEMENT_3D('',#4961,#2132,#2133);
#1854=AXIS2_PLACEMENT_3D('',#4963,#2134,#2135);
#1855=AXIS2_PLACEMENT_3D('',#4964,#2136,#2137);
#1856=AXIS2_PLACEMENT_3D('',#4965,#2138,#2139);
#1857=AXIS2_PLACEMENT_3D('',#4978,#2146,#2147);
#1858=AXIS2_PLACEMENT_3D('',#4984,#2151,#2152);
#1859=AXIS2_PLACEMENT_3D('',#4988,#2155,#2156);
#1860=AXIS2_PLACEMENT_3D('',#4992,#2159,#2160);
#1861=AXIS2_PLACEMENT_3D('',#4996,#2163,#2164);
#1862=AXIS2_PLACEMENT_3D('',#5000,#2167,#2168);
#1863=AXIS2_PLACEMENT_3D('',#5002,#2170,#2171);
#1864=AXIS2_PLACEMENT_3D('',#5004,#2172,#2173);
#1865=AXIS2_PLACEMENT_3D('',#5007,#2175,#2176);
#1866=AXIS2_PLACEMENT_3D('',#5008,#2177,#2178);
#1867=AXIS2_PLACEMENT_3D('',#5012,#2180,#2181);
#1868=AXIS2_PLACEMENT_3D('',#5017,#2184,#2185);
#1869=AXIS2_PLACEMENT_3D('',#5022,#2188,#2189);
#1870=AXIS2_PLACEMENT_3D('',#5027,#2192,#2193);
#1871=AXIS2_PLACEMENT_3D('',#5030,#2196,#2197);
#1872=AXIS2_PLACEMENT_3D('',#5164,#2198,#2199);
#1873=AXIS2_PLACEMENT_3D('',#5293,#2200,#2201);
#1874=AXIS2_PLACEMENT_3D('',#5294,#2202,#2203);
#1875=AXIS2_PLACEMENT_3D('',#5298,#2205,#2206);
#1876=AXIS2_PLACEMENT_3D('',#5300,#2208,#2209);
#1877=AXIS2_PLACEMENT_3D('',#5302,#2210,#2211);
#1878=AXIS2_PLACEMENT_3D('',#5305,#2213,#2214);
#1879=AXIS2_PLACEMENT_3D('',#5306,#2215,#2216);
#1880=AXIS2_PLACEMENT_3D('',#5310,#2218,#2219);
#1881=AXIS2_PLACEMENT_3D('',#5311,#2220,#2221);
#1882=AXIS2_PLACEMENT_3D('',#5312,#2222,#2223);
#1883=AXIS2_PLACEMENT_3D('',#5313,#2224,#2225);
#1884=AXIS2_PLACEMENT_3D('',#5316,#2227,#2228);
#1885=AXIS2_PLACEMENT_3D('',#5317,#2229,#2230);
#1886=AXIS2_PLACEMENT_3D('',#5320,#2232,#2233);
#1887=AXIS2_PLACEMENT_3D('',#5321,#2234,#2235);
#1888=AXIS2_PLACEMENT_3D('',#5323,#2236,#2237);
#1889=AXIS2_PLACEMENT_3D('',#5326,#2239,#2240);
#1890=AXIS2_PLACEMENT_3D('',#5327,#2241,#2242);
#1891=AXIS2_PLACEMENT_3D('',#5331,#2244,#2245);
#1892=AXIS2_PLACEMENT_3D('',#5332,#2246,#2247);
#1893=AXIS2_PLACEMENT_3D('',#5333,#2248,#2249);
#1894=AXIS2_PLACEMENT_3D('',#5334,#2250,#2251);
#1895=AXIS2_PLACEMENT_3D('',#5337,#2253,#2254);
#1896=AXIS2_PLACEMENT_3D('',#5338,#2255,#2256);
#1897=AXIS2_PLACEMENT_3D('',#5341,#2258,#2259);
#1898=AXIS2_PLACEMENT_3D('',#5342,#2260,#2261);
#1899=AXIS2_PLACEMENT_3D('',#5344,#2262,#2263);
#1900=AXIS2_PLACEMENT_3D('',#5347,#2265,#2266);
#1901=AXIS2_PLACEMENT_3D('',#5348,#2267,#2268);
#1902=AXIS2_PLACEMENT_3D('',#5352,#2270,#2271);
#1903=AXIS2_PLACEMENT_3D('',#5353,#2272,#2273);
#1904=AXIS2_PLACEMENT_3D('',#5354,#2274,#2275);
#1905=AXIS2_PLACEMENT_3D('',#5355,#2276,#2277);
#1906=AXIS2_PLACEMENT_3D('',#5358,#2279,#2280);
#1907=AXIS2_PLACEMENT_3D('',#5359,#2281,#2282);
#1908=AXIS2_PLACEMENT_3D('',#5362,#2284,#2285);
#1909=AXIS2_PLACEMENT_3D('',#5363,#2286,#2287);
#1910=AXIS2_PLACEMENT_3D('',#5365,#2288,#2289);
#1911=AXIS2_PLACEMENT_3D('',#5368,#2291,#2292);
#1912=AXIS2_PLACEMENT_3D('',#5369,#2293,#2294);
#1913=AXIS2_PLACEMENT_3D('',#5373,#2296,#2297);
#1914=AXIS2_PLACEMENT_3D('',#5374,#2298,#2299);
#1915=AXIS2_PLACEMENT_3D('',#5375,#2300,#2301);
#1916=AXIS2_PLACEMENT_3D('',#5376,#2302,#2303);
#1917=AXIS2_PLACEMENT_3D('',#5377,#2304,#2305);
#1918=AXIS2_PLACEMENT_3D('',#5378,#2306,#2307);
#1919=AXIS2_PLACEMENT_3D('',#5380,#2309,#2310);
#1920=AXIS2_PLACEMENT_3D('',#5382,#2312,#2313);
#1921=AXIS2_PLACEMENT_3D('',#5383,#2314,#2315);
#1922=AXIS2_PLACEMENT_3D('',#5385,#2317,#2318);
#1923=AXIS2_PLACEMENT_3D('',#5387,#2320,#2321);
#1924=AXIS2_PLACEMENT_3D('',#5388,#2322,#2323);
#1925=AXIS2_PLACEMENT_3D('',#5640,#2324,#2325);
#1926=AXIS2_PLACEMENT_3D('',#5642,#2327,#2328);
#1927=AXIS2_PLACEMENT_3D('',#5644,#2330,#2331);
#1928=AXIS2_PLACEMENT_3D('',#5646,#2333,#2334);
#1929=AXIS2_PLACEMENT_3D('',#5648,#2336,#2337);
#1930=AXIS2_PLACEMENT_3D('',#5649,#2338,#2339);
#1931=AXIS2_PLACEMENT_3D('',#5650,#2340,#2341);
#1932=AXIS2_PLACEMENT_3D('',#7216,#2342,#2343);
#1933=AXIS2_PLACEMENT_3D('',#7217,#2344,#2345);
#1934=AXIS2_PLACEMENT_3D('',#7219,#2346,#2347);
#1935=AXIS2_PLACEMENT_3D('',#7914,#2348,#2349);
#1936=AXIS2_PLACEMENT_3D('',#8623,#2350,#2351);
#1937=AXIS2_PLACEMENT_3D('',#8624,#2352,#2353);
#1938=AXIS2_PLACEMENT_3D('',#8626,#2354,#2355);
#1939=AXIS2_PLACEMENT_3D('',#8627,#2356,#2357);
#1940=DIRECTION('axis',(0.,0.,1.));
#1941=DIRECTION('refdir',(1.,0.,0.));
#1942=DIRECTION('center_axis',(0.,0.,1.));
#1943=DIRECTION('ref_axis',(0.354856718085603,-0.934920696973553,0.));
#1944=DIRECTION('',(0.,0.,1.));
#1945=DIRECTION('center_axis',(0.,0.,-1.));
#1946=DIRECTION('ref_axis',(-1.,0.,0.));
#1947=DIRECTION('center_axis',(0.,0.,1.));
#1948=DIRECTION('ref_axis',(-1.,0.,0.));
#1949=DIRECTION('',(0.,0.,1.));
#1950=DIRECTION('center_axis',(0.,0.,1.));
#1951=DIRECTION('ref_axis',(-1.,0.,0.));
#1952=DIRECTION('',(0.,0.,1.));
#1953=DIRECTION('center_axis',(0.,0.,1.));
#1954=DIRECTION('ref_axis',(-1.,0.,0.));
#1955=DIRECTION('',(0.,0.,1.));
#1956=DIRECTION('center_axis',(0.,0.,1.));
#1957=DIRECTION('ref_axis',(-1.,0.,0.));
#1958=DIRECTION('',(0.,0.,1.));
#1959=DIRECTION('center_axis',(0.,0.,1.));
#1960=DIRECTION('ref_axis',(-1.,0.,0.));
#1961=DIRECTION('',(0.,0.,1.));
#1962=DIRECTION('center_axis',(0.,0.,1.));
#1963=DIRECTION('ref_axis',(-1.,0.,0.));
#1964=DIRECTION('',(0.,0.,1.));
#1965=DIRECTION('center_axis',(0.,0.,1.));
#1966=DIRECTION('ref_axis',(-1.,0.,0.));
#1967=DIRECTION('',(0.,0.,1.));
#1968=DIRECTION('center_axis',(0.,0.,1.));
#1969=DIRECTION('ref_axis',(-1.,0.,0.));
#1970=DIRECTION('',(0.,0.,1.));
#1971=DIRECTION('center_axis',(0.,0.,1.));
#1972=DIRECTION('ref_axis',(-1.,0.,0.));
#1973=DIRECTION('',(0.,0.,1.));
#1974=DIRECTION('center_axis',(0.,0.,1.));
#1975=DIRECTION('ref_axis',(-0.793346057282863,-0.608770920292467,0.));
#1976=DIRECTION('',(0.,0.,1.));
#1977=DIRECTION('center_axis',(0.,0.,-1.));
#1978=DIRECTION('ref_axis',(-1.,4.6552606466459E-14,0.));
#1979=DIRECTION('center_axis',(0.,0.,1.));
#1980=DIRECTION('ref_axis',(-1.,4.6552606466459E-14,0.));
#1981=DIRECTION('',(0.,0.,1.));
#1982=DIRECTION('center_axis',(0.,0.,1.));
#1983=DIRECTION('ref_axis',(-1.,4.6552606466459E-14,0.));
#1984=DIRECTION('',(0.,0.,1.));
#1985=DIRECTION('center_axis',(0.,0.,1.));
#1986=DIRECTION('ref_axis',(-1.,4.6552606466459E-14,0.));
#1987=DIRECTION('',(0.,0.,1.));
#1988=DIRECTION('center_axis',(0.,0.,1.));
#1989=DIRECTION('ref_axis',(-1.,4.6552606466459E-14,0.));
#1990=DIRECTION('',(0.,0.,1.));
#1991=DIRECTION('center_axis',(0.,0.,1.));
#1992=DIRECTION('ref_axis',(-1.,4.6552606466459E-14,0.));
#1993=DIRECTION('',(0.,0.,1.));
#1994=DIRECTION('center_axis',(0.,0.,1.));
#1995=DIRECTION('ref_axis',(-1.,4.6552606466459E-14,0.));
#1996=DIRECTION('',(0.,0.,1.));
#1997=DIRECTION('center_axis',(0.,0.,1.));
#1998=DIRECTION('ref_axis',(-1.,4.6552606466459E-14,0.));
#1999=DIRECTION('',(0.,0.,1.));
#2000=DIRECTION('center_axis',(0.,0.,1.));
#2001=DIRECTION('ref_axis',(-1.,4.6552606466459E-14,0.));
#2002=DIRECTION('',(0.,0.,1.));
#2003=DIRECTION('center_axis',(0.,0.,1.));
#2004=DIRECTION('ref_axis',(-1.,4.6552606466459E-14,0.));
#2005=DIRECTION('',(0.,0.,1.));
#2006=DIRECTION('center_axis',(0.,0.,-1.));
#2007=DIRECTION('ref_axis',(1.,0.,0.));
#2008=DIRECTION('',(0.,0.,-1.));
#2009=DIRECTION('center_axis',(0.,0.,1.));
#2010=DIRECTION('ref_axis',(1.,0.,0.));
#2011=DIRECTION('center_axis',(0.,0.,-1.));
#2012=DIRECTION('ref_axis',(1.,0.,0.));
#2013=DIRECTION('',(0.,0.,-1.));
#2014=DIRECTION('center_axis',(0.,0.,-1.));
#2015=DIRECTION('ref_axis',(1.,0.,0.));
#2016=DIRECTION('',(0.,0.,-1.));
#2017=DIRECTION('center_axis',(0.,0.,-1.));
#2018=DIRECTION('ref_axis',(1.,0.,0.));
#2019=DIRECTION('',(0.,0.,-1.));
#2020=DIRECTION('center_axis',(0.,0.,-1.));
#2021=DIRECTION('ref_axis',(1.,0.,0.));
#2022=DIRECTION('',(0.,0.,-1.));
#2023=DIRECTION('center_axis',(0.,0.,-1.));
#2024=DIRECTION('ref_axis',(1.,0.,0.));
#2025=DIRECTION('',(0.,0.,-1.));
#2026=DIRECTION('center_axis',(0.,0.,-1.));
#2027=DIRECTION('ref_axis',(1.,0.,0.));
#2028=DIRECTION('',(0.,0.,-1.));
#2029=DIRECTION('center_axis',(0.,0.,-1.));
#2030=DIRECTION('ref_axis',(1.,0.,0.));
#2031=DIRECTION('',(0.,0.,-1.));
#2032=DIRECTION('center_axis',(0.,0.,-1.));
#2033=DIRECTION('ref_axis',(1.,0.,0.));
#2034=DIRECTION('',(0.,0.,-1.));
#2035=DIRECTION('center_axis',(0.,0.,-1.));
#2036=DIRECTION('ref_axis',(1.,0.,0.));
#2037=DIRECTION('',(0.,0.,-1.));
#2038=DIRECTION('center_axis',(0.,0.,-1.));
#2039=DIRECTION('ref_axis',(0.934919915420603,-0.354858777191621,0.));
#2040=DIRECTION('',(0.,0.,-1.));
#2041=DIRECTION('center_axis',(0.,0.,-1.));
#2042=DIRECTION('ref_axis',(1.,0.,0.));
#2043=DIRECTION('center_axis',(0.,0.,-1.));
#2044=DIRECTION('ref_axis',(1.,-5.01053855429512E-14,0.));
#2045=DIRECTION('',(1.22464679914735E-16,-6.15113760034855E-30,-1.));
#2046=DIRECTION('center_axis',(0.,0.,1.));
#2047=DIRECTION('ref_axis',(1.,-5.01053855429512E-14,0.));
#2048=DIRECTION('center_axis',(0.,0.,-1.));
#2049=DIRECTION('ref_axis',(1.,-5.01053855429512E-14,0.));
#2050=DIRECTION('',(1.22464679914735E-16,-6.15113760034855E-30,-1.));
#2051=DIRECTION('center_axis',(0.,0.,-1.));
#2052=DIRECTION('ref_axis',(1.,-5.01053855429512E-14,0.));
#2053=DIRECTION('',(1.22464679914735E-16,-6.15113760034855E-30,-1.));
#2054=DIRECTION('center_axis',(0.,0.,-1.));
#2055=DIRECTION('ref_axis',(1.,-5.01053855429512E-14,0.));
#2056=DIRECTION('',(1.22464679914735E-16,-6.15113760034855E-30,-1.));
#2057=DIRECTION('center_axis',(0.,0.,-1.));
#2058=DIRECTION('ref_axis',(1.,-5.01053855429512E-14,0.));
#2059=DIRECTION('',(1.22464679914735E-16,-6.15113760034855E-30,-1.));
#2060=DIRECTION('center_axis',(0.,0.,-1.));
#2061=DIRECTION('ref_axis',(1.,-5.01053855429512E-14,0.));
#2062=DIRECTION('',(1.22464679914735E-16,-6.15113760034855E-30,-1.));
#2063=DIRECTION('center_axis',(0.,0.,-1.));
#2064=DIRECTION('ref_axis',(1.,-5.01053855429512E-14,0.));
#2065=DIRECTION('',(1.22464679914735E-16,-6.15113760034855E-30,-1.));
#2066=DIRECTION('center_axis',(0.,0.,-1.));
#2067=DIRECTION('ref_axis',(1.,-5.01053855429512E-14,0.));
#2068=DIRECTION('',(1.22464679914735E-16,-6.15113760034855E-30,-1.));
#2069=DIRECTION('center_axis',(0.,0.,-1.));
#2070=DIRECTION('ref_axis',(1.,-5.01053855429512E-14,0.));
#2071=DIRECTION('',(1.22464679914735E-16,-6.15113760034855E-30,-1.));
#2072=DIRECTION('center_axis',(0.,0.,-1.));
#2073=DIRECTION('ref_axis',(1.,-5.01053855429512E-14,0.));
#2074=DIRECTION('',(1.22464679914735E-16,-6.15113760034855E-30,-1.));
#2075=DIRECTION('center_axis',(0.,0.,-1.));
#2076=DIRECTION('ref_axis',(-0.608772667826017,-0.793344716316932,0.));
#2077=DIRECTION('',(1.22464679914735E-16,-6.15113760034855E-30,-1.));
#2078=DIRECTION('center_axis',(0.,0.,-1.));
#2079=DIRECTION('ref_axis',(1.,-5.01053855429512E-14,0.));
#2080=DIRECTION('center_axis',(0.,0.,-1.));
#2081=DIRECTION('ref_axis',(-1.,0.,0.));
#2082=DIRECTION('center_axis',(0.,0.,-1.));
#2083=DIRECTION('ref_axis',(-1.,1.22464679914735E-16,0.));
#2084=DIRECTION('center_axis',(0.,0.,1.));
#2085=DIRECTION('ref_axis',(-1.,1.22464679914735E-16,0.));
#2086=DIRECTION('center_axis',(0.,0.,1.));
#2087=DIRECTION('ref_axis',(-1.,1.22464679914735E-16,0.));
#2088=DIRECTION('center_axis',(0.,0.,1.));
#2089=DIRECTION('ref_axis',(-1.,0.,0.));
#2090=DIRECTION('center_axis',(0.,0.,-1.));
#2091=DIRECTION('ref_axis',(-1.,-4.44089209850063E-16,0.));
#2092=DIRECTION('center_axis',(0.,0.,-1.));
#2093=DIRECTION('ref_axis',(0.225,-0.974358763495254,0.));
#2094=DIRECTION('center_axis',(0.,0.,-1.));
#2095=DIRECTION('ref_axis',(-1.,8.88178419700126E-16,0.));
#2096=DIRECTION('center_axis',(0.,0.,-1.));
#2097=DIRECTION('ref_axis',(-1.,0.,0.));
#2098=DIRECTION('center_axis',(0.,0.,-1.));
#2099=DIRECTION('ref_axis',(-3.82856869892695E-16,-1.,0.));
#2100=DIRECTION('center_axis',(0.,0.,1.));
#2101=DIRECTION('ref_axis',(-3.82856869892695E-16,-1.,0.));
#2102=DIRECTION('center_axis',(0.,0.,1.));
#2103=DIRECTION('ref_axis',(-1.,0.,0.));
#2104=DIRECTION('center_axis',(0.,0.,-1.));
#2105=DIRECTION('ref_axis',(4.44089209850063E-16,-1.,0.));
#2106=DIRECTION('center_axis',(0.,0.,-1.));
#2107=DIRECTION('ref_axis',(0.974358763495254,0.225,0.));
#2108=DIRECTION('center_axis',(0.,0.,-1.));
#2109=DIRECTION('ref_axis',(-4.44089209850063E-16,-1.,0.));
#2110=DIRECTION('center_axis',(0.,0.,-1.));
#2111=DIRECTION('ref_axis',(1.,1.22464679914735E-16,0.));
#2112=DIRECTION('center_axis',(0.,0.,-1.));
#2113=DIRECTION('ref_axis',(1.,5.55111512312578E-17,0.));
#2114=DIRECTION('center_axis',(0.,0.,1.));
#2115=DIRECTION('ref_axis',(1.,5.55111512312578E-17,0.));
#2116=DIRECTION('center_axis',(0.,0.,1.));
#2117=DIRECTION('ref_axis',(-1.,0.,0.));
#2118=DIRECTION('center_axis',(0.,0.,-1.));
#2119=DIRECTION('ref_axis',(1.,4.44089209850063E-16,0.));
#2120=DIRECTION('center_axis',(0.,0.,-1.));
#2121=DIRECTION('ref_axis',(-0.225,0.974358763495254,0.));
#2122=DIRECTION('center_axis',(0.,0.,-1.));
#2123=DIRECTION('ref_axis',(1.,-4.44089209850063E-16,0.));
#2124=DIRECTION('center_axis',(0.,0.,-1.));
#2125=DIRECTION('ref_axis',(-1.,0.,0.));
#2126=DIRECTION('center_axis',(0.,0.,-1.));
#2127=DIRECTION('ref_axis',(-1.60812264967664E-16,1.,0.));
#2128=DIRECTION('center_axis',(0.,0.,1.));
#2129=DIRECTION('ref_axis',(-1.60812264967664E-16,1.,0.));
#2130=DIRECTION('center_axis',(0.,0.,1.));
#2131=DIRECTION('ref_axis',(-1.,0.,0.));
#2132=DIRECTION('center_axis',(0.,0.,-1.));
#2133=DIRECTION('ref_axis',(-8.88178419700126E-16,1.,0.));
#2134=DIRECTION('center_axis',(0.,0.,-1.));
#2135=DIRECTION('ref_axis',(-0.974358763495254,-0.225000000000001,0.));
#2136=DIRECTION('center_axis',(0.,0.,-1.));
#2137=DIRECTION('ref_axis',(4.44089209850063E-16,1.,0.));
#2138=DIRECTION('center_axis',(0.,0.,1.));
#2139=DIRECTION('ref_axis',(1.,0.,0.));
#2140=DIRECTION('',(0.,-1.,0.));
#2141=DIRECTION('',(-1.,0.,0.));
#2142=DIRECTION('',(0.,-1.,0.));
#2143=DIRECTION('',(-1.,0.,0.));
#2144=DIRECTION('',(0.,1.,0.));
#2145=DIRECTION('',(1.,0.,0.));
#2146=DIRECTION('center_axis',(1.,0.,0.));
#2147=DIRECTION('ref_axis',(0.,0.,-1.));
#2148=DIRECTION('',(0.,0.,-1.));
#2149=DIRECTION('',(0.,-1.,0.));
#2150=DIRECTION('',(0.,0.,-1.));
#2151=DIRECTION('center_axis',(0.,-1.,0.));
#2152=DIRECTION('ref_axis',(0.,0.,-1.));
#2153=DIRECTION('',(-1.,0.,0.));
#2154=DIRECTION('',(0.,0.,-1.));
#2155=DIRECTION('center_axis',(1.,0.,0.));
#2156=DIRECTION('ref_axis',(0.,0.,-1.));
#2157=DIRECTION('',(0.,-1.,0.));
#2158=DIRECTION('',(0.,0.,-1.));
#2159=DIRECTION('center_axis',(0.,-1.,0.));
#2160=DIRECTION('ref_axis',(0.,0.,-1.));
#2161=DIRECTION('',(-1.,0.,0.));
#2162=DIRECTION('',(0.,0.,-1.));
#2163=DIRECTION('center_axis',(-1.,0.,0.));
#2164=DIRECTION('ref_axis',(0.,0.,1.));
#2165=DIRECTION('',(0.,1.,0.));
#2166=DIRECTION('',(0.,0.,-1.));
#2167=DIRECTION('center_axis',(0.,1.,0.));
#2168=DIRECTION('ref_axis',(0.,0.,1.));
#2169=DIRECTION('',(1.,0.,0.));
#2170=DIRECTION('center_axis',(0.,0.,1.));
#2171=DIRECTION('ref_axis',(1.,0.,0.));
#2172=DIRECTION('center_axis',(0.,0.,-1.));
#2173=DIRECTION('ref_axis',(1.,0.,0.));
#2174=DIRECTION('',(0.707106781186548,8.65956056235494E-17,-0.707106781186547));
#2175=DIRECTION('center_axis',(0.,0.,1.));
#2176=DIRECTION('ref_axis',(1.,0.,0.));
#2177=DIRECTION('center_axis',(0.,0.,1.));
#2178=DIRECTION('ref_axis',(1.,0.,0.));
#2179=DIRECTION('',(0.,0.,-1.));
#2180=DIRECTION('center_axis',(0.,0.,1.));
#2181=DIRECTION('ref_axis',(-1.,0.,0.));
#2182=DIRECTION('',(0.,0.,1.));
#2183=DIRECTION('',(0.,0.,-1.));
#2184=DIRECTION('center_axis',(0.,0.,1.));
#2185=DIRECTION('ref_axis',(1.,0.,0.));
#2186=DIRECTION('',(0.,0.,1.));
#2187=DIRECTION('',(0.,0.,-1.));
#2188=DIRECTION('center_axis',(0.,0.,1.));
#2189=DIRECTION('ref_axis',(1.,0.,0.));
#2190=DIRECTION('',(0.,0.,1.));
#2191=DIRECTION('',(0.,0.,-1.));
#2192=DIRECTION('center_axis',(0.,0.,1.));
#2193=DIRECTION('ref_axis',(-1.,0.,0.));
#2194=DIRECTION('',(0.,0.,1.));
#2195=DIRECTION('',(0.,0.,-1.));
#2196=DIRECTION('center_axis',(0.,0.,1.));
#2197=DIRECTION('ref_axis',(1.,0.,0.));
#2198=DIRECTION('center_axis',(0.,0.,-1.));
#2199=DIRECTION('ref_axis',(-1.,0.,0.));
#2200=DIRECTION('center_axis',(0.,0.,1.));
#2201=DIRECTION('ref_axis',(-1.,4.6552606466459E-14,0.));
#2202=DIRECTION('center_axis',(0.,0.,-1.));
#2203=DIRECTION('ref_axis',(-1.,0.,0.));
#2204=DIRECTION('',(0.390867979985286,0.589255650988788,0.707106781186549));
#2205=DIRECTION('center_axis',(0.,0.,-1.));
#2206=DIRECTION('ref_axis',(-1.,0.,0.));
#2207=DIRECTION('',(-0.589255650988789,-0.390867979985284,-0.707106781186549));
#2208=DIRECTION('center_axis',(0.,0.,-1.));
#2209=DIRECTION('ref_axis',(-4.44089209850063E-16,-1.,0.));
#2210=DIRECTION('center_axis',(0.,0.,1.));
#2211=DIRECTION('ref_axis',(-4.44089209850063E-16,-1.,0.));
#2212=DIRECTION('',(-0.390867979985287,0.589255650988792,0.707106781186545));
#2213=DIRECTION('center_axis',(0.,0.,-1.));
#2214=DIRECTION('ref_axis',(-4.44089209850063E-16,-1.,0.));
#2215=DIRECTION('center_axis',(0.,0.,1.));
#2216=DIRECTION('ref_axis',(0.974358763495254,0.225,0.));
#2217=DIRECTION('',(0.390867979985288,0.589255650988787,0.707106781186548));
#2218=DIRECTION('center_axis',(0.,0.,1.));
#2219=DIRECTION('ref_axis',(0.974358763495254,0.225,0.));
#2220=DIRECTION('center_axis',(0.,0.,-1.));
#2221=DIRECTION('ref_axis',(0.974358763495254,0.225,0.));
#2222=DIRECTION('center_axis',(0.,0.,-1.));
#2223=DIRECTION('ref_axis',(4.44089209850063E-16,-1.,0.));
#2224=DIRECTION('center_axis',(0.,0.,1.));
#2225=DIRECTION('ref_axis',(4.44089209850063E-16,-1.,0.));
#2226=DIRECTION('',(-0.390867979985287,0.589255650988788,0.707106781186548));
#2227=DIRECTION('center_axis',(0.,0.,-1.));
#2228=DIRECTION('ref_axis',(4.44089209850063E-16,-1.,0.));
#2229=DIRECTION('center_axis',(0.,0.,-1.));
#2230=DIRECTION('ref_axis',(1.,0.,0.));
#2231=DIRECTION('',(-0.589255650988786,0.390867979985286,0.70710678118655));
#2232=DIRECTION('center_axis',(0.,0.,-1.));
#2233=DIRECTION('ref_axis',(1.,0.,0.));
#2234=DIRECTION('center_axis',(0.,0.,-1.));
#2235=DIRECTION('ref_axis',(1.,-4.44089209850063E-16,0.));
#2236=DIRECTION('center_axis',(0.,0.,1.));
#2237=DIRECTION('ref_axis',(1.,-4.44089209850063E-16,0.));
#2238=DIRECTION('',(-0.589255650988792,-0.390867979985286,0.707106781186546));
#2239=DIRECTION('center_axis',(0.,0.,-1.));
#2240=DIRECTION('ref_axis',(1.,-4.44089209850063E-16,0.));
#2241=DIRECTION('center_axis',(0.,0.,1.));
#2242=DIRECTION('ref_axis',(-0.225,0.974358763495254,0.));
#2243=DIRECTION('',(-0.589255650988788,0.390867979985287,0.707106781186548));
#2244=DIRECTION('center_axis',(0.,0.,1.));
#2245=DIRECTION('ref_axis',(-0.225,0.974358763495254,0.));
#2246=DIRECTION('center_axis',(0.,0.,-1.));
#2247=DIRECTION('ref_axis',(-0.225,0.974358763495254,0.));
#2248=DIRECTION('center_axis',(0.,0.,-1.));
#2249=DIRECTION('ref_axis',(1.,4.44089209850063E-16,0.));
#2250=DIRECTION('center_axis',(0.,0.,1.));
#2251=DIRECTION('ref_axis',(1.,4.44089209850063E-16,0.));
#2252=DIRECTION('',(-0.589255650988788,-0.390867979985287,0.707106781186548));
#2253=DIRECTION('center_axis',(0.,0.,-1.));
#2254=DIRECTION('ref_axis',(1.,4.44089209850063E-16,0.));
#2255=DIRECTION('center_axis',(0.,0.,-1.));
#2256=DIRECTION('ref_axis',(1.,0.,0.));
#2257=DIRECTION('',(-0.390867979985286,-0.589255650988788,0.707106781186549));
#2258=DIRECTION('center_axis',(0.,0.,-1.));
#2259=DIRECTION('ref_axis',(1.,0.,0.));
#2260=DIRECTION('center_axis',(0.,0.,-1.));
#2261=DIRECTION('ref_axis',(4.44089209850063E-16,1.,0.));
#2262=DIRECTION('center_axis',(0.,0.,1.));
#2263=DIRECTION('ref_axis',(4.44089209850063E-16,1.,0.));
#2264=DIRECTION('',(0.390867979985286,-0.589255650988788,0.707106781186549));
#2265=DIRECTION('center_axis',(0.,0.,-1.));
#2266=DIRECTION('ref_axis',(4.44089209850063E-16,1.,0.));
#2267=DIRECTION('center_axis',(0.,0.,1.));
#2268=DIRECTION('ref_axis',(-0.974358763495254,-0.225000000000001,0.));
#2269=DIRECTION('',(-0.390867979985288,-0.589255650988791,0.707106781186545));
#2270=DIRECTION('center_axis',(0.,0.,1.));
#2271=DIRECTION('ref_axis',(-0.974358763495254,-0.225000000000001,0.));
#2272=DIRECTION('center_axis',(0.,0.,-1.));
#2273=DIRECTION('ref_axis',(-0.974358763495254,-0.225000000000001,0.));
#2274=DIRECTION('center_axis',(0.,0.,-1.));
#2275=DIRECTION('ref_axis',(-8.88178419700126E-16,1.,0.));
#2276=DIRECTION('center_axis',(0.,0.,1.));
#2277=DIRECTION('ref_axis',(-8.88178419700126E-16,1.,0.));
#2278=DIRECTION('',(0.390867979985287,-0.589255650988788,0.707106781186548));
#2279=DIRECTION('center_axis',(0.,0.,-1.));
#2280=DIRECTION('ref_axis',(-8.88178419700126E-16,1.,0.));
#2281=DIRECTION('center_axis',(0.,0.,-1.));
#2282=DIRECTION('ref_axis',(-1.,0.,0.));
#2283=DIRECTION('',(0.589255650988788,-0.390867979985287,0.707106781186548));
#2284=DIRECTION('center_axis',(0.,0.,-1.));
#2285=DIRECTION('ref_axis',(-1.,0.,0.));
#2286=DIRECTION('center_axis',(0.,0.,-1.));
#2287=DIRECTION('ref_axis',(-1.,8.88178419700126E-16,0.));
#2288=DIRECTION('center_axis',(0.,0.,1.));
#2289=DIRECTION('ref_axis',(-1.,8.88178419700126E-16,0.));
#2290=DIRECTION('',(0.58925565098879,0.390867979985287,0.707106781186547));
#2291=DIRECTION('center_axis',(0.,0.,-1.));
#2292=DIRECTION('ref_axis',(-1.,8.88178419700126E-16,0.));
#2293=DIRECTION('center_axis',(0.,0.,1.));
#2294=DIRECTION('ref_axis',(0.225,-0.974358763495254,0.));
#2295=DIRECTION('',(0.589255650988788,-0.390867979985287,0.707106781186548));
#2296=DIRECTION('center_axis',(0.,0.,1.));
#2297=DIRECTION('ref_axis',(0.225,-0.974358763495254,0.));
#2298=DIRECTION('center_axis',(0.,0.,-1.));
#2299=DIRECTION('ref_axis',(0.225,-0.974358763495254,0.));
#2300=DIRECTION('center_axis',(0.,0.,-1.));
#2301=DIRECTION('ref_axis',(-1.,-4.44089209850063E-16,0.));
#2302=DIRECTION('center_axis',(0.,0.,1.));
#2303=DIRECTION('ref_axis',(-1.,-4.44089209850063E-16,0.));
#2304=DIRECTION('center_axis',(0.,0.,-1.));
#2305=DIRECTION('ref_axis',(-1.,-4.44089209850063E-16,0.));
#2306=DIRECTION('center_axis',(0.,0.,-1.));
#2307=DIRECTION('ref_axis',(1.,4.44089209850063E-16,0.));
#2308=DIRECTION('',(0.,0.,-1.));
#2309=DIRECTION('center_axis',(0.,0.,-1.));
#2310=DIRECTION('ref_axis',(-0.225,0.974358763495254,0.));
#2311=DIRECTION('',(0.,0.,1.));
#2312=DIRECTION('center_axis',(0.,0.,1.));
#2313=DIRECTION('ref_axis',(1.,-4.44089209850063E-16,0.));
#2314=DIRECTION('center_axis',(0.,0.,-1.));
#2315=DIRECTION('ref_axis',(4.44089209850063E-16,-1.,0.));
#2316=DIRECTION('',(0.,0.,-1.));
#2317=DIRECTION('center_axis',(0.,0.,-1.));
#2318=DIRECTION('ref_axis',(0.974358763495254,0.225,0.));
#2319=DIRECTION('',(0.,0.,1.));
#2320=DIRECTION('center_axis',(0.,0.,1.));
#2321=DIRECTION('ref_axis',(-4.44089209850063E-16,-1.,0.));
#2322=DIRECTION('center_axis',(0.,0.,1.));
#2323=DIRECTION('ref_axis',(1.,0.,0.));
#2324=DIRECTION('center_axis',(0.,0.,1.));
#2325=DIRECTION('ref_axis',(-1.,8.88178419700126E-16,0.));
#2326=DIRECTION('',(0.,0.,1.));
#2327=DIRECTION('center_axis',(0.,0.,-1.));
#2328=DIRECTION('ref_axis',(0.225,-0.974358763495254,0.));
#2329=DIRECTION('',(0.,0.,-1.));
#2330=DIRECTION('center_axis',(0.,0.,-1.));
#2331=DIRECTION('ref_axis',(-8.88178419700126E-16,1.,0.));
#2332=DIRECTION('',(0.,0.,-1.));
#2333=DIRECTION('center_axis',(0.,0.,1.));
#2334=DIRECTION('ref_axis',(4.44089209850063E-16,1.,0.));
#2335=DIRECTION('',(0.,0.,1.));
#2336=DIRECTION('center_axis',(0.,0.,-1.));
#2337=DIRECTION('ref_axis',(-0.974358763495254,-0.225000000000001,0.));
#2338=DIRECTION('center_axis',(0.,0.,-1.));
#2339=DIRECTION('ref_axis',(-1.,-4.44089209850063E-16,0.));
#2340=DIRECTION('center_axis',(0.,0.,-1.));
#2341=DIRECTION('ref_axis',(1.,-5.01053855429512E-14,0.));
#2342=DIRECTION('center_axis',(0.,0.,-1.));
#2343=DIRECTION('ref_axis',(1.,0.,0.));
#2344=DIRECTION('center_axis',(0.,0.,-1.));
#2345=DIRECTION('ref_axis',(1.,0.,0.));
#2346=DIRECTION('center_axis',(0.,0.,1.));
#2347=DIRECTION('ref_axis',(-1.,0.,0.));
#2348=DIRECTION('center_axis',(0.,0.,1.));
#2349=DIRECTION('ref_axis',(0.608775884085736,0.793342248311301,0.));
#2350=DIRECTION('center_axis',(0.,0.,1.));
#2351=DIRECTION('ref_axis',(-0.934918477971894,0.35486256430725,0.));
#2352=DIRECTION('center_axis',(0.,0.,1.));
#2353=DIRECTION('ref_axis',(-1.,0.,0.));
#2354=DIRECTION('center_axis',(0.,0.,-1.));
#2355=DIRECTION('ref_axis',(-1.,0.,0.));
#2356=DIRECTION('center_axis',(0.,0.,1.));
#2357=DIRECTION('ref_axis',(-1.,0.,0.));
#2358=DIRECTION('',(0.,0.,1.));
#2359=CARTESIAN_POINT('',(0.,0.,0.));
#2360=CARTESIAN_POINT('Origin',(0.,0.,5.));
#2361=CARTESIAN_POINT('',(16.0188897375047,0.000216049742465015,9.61547005383792));
#2362=CARTESIAN_POINT('',(16.016499386126,-0.000345323680714937,9.88452994616208));
#2363=CARTESIAN_POINT('',(16.01775,1.96160862670425E-15,5.));
#2364=CARTESIAN_POINT('',(-11.9847681606699,-10.6288180893911,10.));
#2365=CARTESIAN_POINT('Ctrl Pts',(16.0188897375047,0.000216049742465015,
9.61547005383792));
#2366=CARTESIAN_POINT('Ctrl Pts',(16.0172664495645,-2.44906030654115,9.63981193746618));
#2367=CARTESIAN_POINT('Ctrl Pts',(15.4470057000083,-4.89906869270198,9.66415382109444));
#2368=CARTESIAN_POINT('Ctrl Pts',(14.3622625116183,-7.09491754523949,9.68849570472269));
#2369=CARTESIAN_POINT('Ctrl Pts',(13.1826265179965,-9.48285818476641,9.71496700446237));
#2370=CARTESIAN_POINT('Ctrl Pts',(11.3945575779336,-11.570226788717,9.74143830420205));
#2371=CARTESIAN_POINT('Ctrl Pts',(9.21606068381338,-13.1025399352676,9.76790960394174));
#2372=CARTESIAN_POINT('Ctrl Pts',(7.03756378969316,-14.6348530818182,9.79438090368142));
#2373=CARTESIAN_POINT('Ctrl Pts',(4.46863894151562,-15.6121107709688,9.8208522034211));
#2374=CARTESIAN_POINT('Ctrl Pts',(1.82251359817863,-15.915123273612,9.84732350316077));
#2375=CARTESIAN_POINT('Ctrl Pts',(-0.823611745158398,-16.2181357762553,
9.87379480290045));
#2376=CARTESIAN_POINT('Ctrl Pts',(-3.54693758365484,-15.8469030923914,9.90026610264013));
#2377=CARTESIAN_POINT('Ctrl Pts',(-6.01544295817774,-14.8467602117303,9.92673740237981));
#2378=CARTESIAN_POINT('Ctrl Pts',(-8.29274098478802,-13.9240871513575,9.9511582682532));
#2379=CARTESIAN_POINT('Ctrl Pts',(-10.3531658114432,-12.4661597211552,9.9755791341266));
#2380=CARTESIAN_POINT('Ctrl Pts',(-11.9847681606699,-10.6288180893911,10.));
#2381=CARTESIAN_POINT('',(11.9837542906847,-10.6281676766504,10.));
#2382=CARTESIAN_POINT('Origin',(0.,0.,10.));
#2383=CARTESIAN_POINT('Ctrl Pts',(11.9837542906847,-10.6281676766504,10.));
#2384=CARTESIAN_POINT('Ctrl Pts',(13.7514745184488,-8.6349807502964,9.97352870026032));
#2385=CARTESIAN_POINT('Ctrl Pts',(15.0114499788234,-6.19328760359775,9.94705740052064));
#2386=CARTESIAN_POINT('Ctrl Pts',(15.6098342825289,-3.59828841133391,9.92058610078096));
#2387=CARTESIAN_POINT('Ctrl Pts',(15.8815176677812,-2.42008543890376,9.90856738257467));
#2388=CARTESIAN_POINT('Ctrl Pts',(16.0168195521415,-1.21027970337853,9.89654866436837));
#2389=CARTESIAN_POINT('Ctrl Pts',(16.016499386126,-0.000345323680714937,
9.88452994616208));
#2390=CARTESIAN_POINT('Origin',(0.,0.,5.));
#2391=CARTESIAN_POINT('',(16.0163797395995,2.93736582627989E-5,8.61547005383792));
#2392=CARTESIAN_POINT('',(16.0190425378719,-0.000128578187731376,8.88452994616208));
#2393=CARTESIAN_POINT('',(16.01775,1.96160862670425E-15,5.));
#2394=CARTESIAN_POINT('Ctrl Pts',(16.0163797395995,2.93736582627989E-5,
8.61547005383792));
#2395=CARTESIAN_POINT('Ctrl Pts',(16.0162927295161,-1.36381427435414,8.62901837418368));
#2396=CARTESIAN_POINT('Ctrl Pts',(15.843939619386,-2.7276795128344,8.64256669452944));
#2397=CARTESIAN_POINT('Ctrl Pts',(15.4995852029646,-4.04663857440123,8.6561150148752));
#2398=CARTESIAN_POINT('Ctrl Pts',(14.8267705114646,-6.62367836767972,8.68258631461488));
#2399=CARTESIAN_POINT('Ctrl Pts',(13.4973399685309,-9.02928860484375,8.70905761435455));
#2400=CARTESIAN_POINT('Ctrl Pts',(11.6733846196084,-10.970164846142,8.73552891409423));
#2401=CARTESIAN_POINT('Ctrl Pts',(9.8494292706858,-12.9110410874402,8.76200021383391));
#2402=CARTESIAN_POINT('Ctrl Pts',(7.53094911577431,-14.3871833328727,8.78847151357359));
#2403=CARTESIAN_POINT('Ctrl Pts',(5.00062523886002,-15.2186126959252,8.81494281331327));
#2404=CARTESIAN_POINT('Ctrl Pts',(2.47030136194573,-16.0500420589778,8.84141411305295));
#2405=CARTESIAN_POINT('Ctrl Pts',(-0.271866236971391,-16.2367585396505,
8.86788541279263));
#2406=CARTESIAN_POINT('Ctrl Pts',(-2.89153830442443,-15.7559966856947,8.89435671253231));
#2407=CARTESIAN_POINT('Ctrl Pts',(-5.51121037187748,-15.275234831739,8.92082801227199));
#2408=CARTESIAN_POINT('Ctrl Pts',(-8.00838690786647,-14.1269946431548,8.94729931201167));
#2409=CARTESIAN_POINT('Ctrl Pts',(-10.0785992474659,-12.4512755261014,8.97377061175135));
#2410=CARTESIAN_POINT('Ctrl Pts',(-12.1488115870654,-10.7755564090481,9.00024191149103));
#2411=CARTESIAN_POINT('Ctrl Pts',(-13.7920597302754,-8.57235836352542,9.02671321123071));
#2412=CARTESIAN_POINT('Ctrl Pts',(-14.8079903537344,-6.11030663367738,9.05318451097039));
#2413=CARTESIAN_POINT('Ctrl Pts',(-15.8239209771934,-3.64825490382933,9.07965581071007));
#2414=CARTESIAN_POINT('Ctrl Pts',(-16.2125340809014,-0.927349489655854,
9.10612711044975));
#2415=CARTESIAN_POINT('Ctrl Pts',(-15.9264479750073,1.72066265589416,9.13259841018943));
#2416=CARTESIAN_POINT('Ctrl Pts',(-15.6403618691132,4.3686748014442,9.1590697099291));
#2417=CARTESIAN_POINT('Ctrl Pts',(-14.6795765536171,6.94379367837068,9.18554100966878));
#2418=CARTESIAN_POINT('Ctrl Pts',(-13.1612358855011,9.132047672252,9.21201230940846));
#2419=CARTESIAN_POINT('Ctrl Pts',(-11.6428952173851,11.3203016661333,9.23848360914814));
#2420=CARTESIAN_POINT('Ctrl Pts',(-9.56699919664923,13.1216907769693,9.26495490888783));
#2421=CARTESIAN_POINT('Ctrl Pts',(-7.18665190502841,14.3165799619803,9.29142620862751));
#2422=CARTESIAN_POINT('Ctrl Pts',(-4.80630461340759,15.5114691469912,9.31789750836719));
#2423=CARTESIAN_POINT('Ctrl Pts',(-2.1215060509018,16.0998584061771,9.34436880810686));
#2424=CARTESIAN_POINT('Ctrl Pts',(0.540399470158741,16.0100089947967,9.37084010784654));
#2425=CARTESIAN_POINT('Ctrl Pts',(3.20230499121927,15.9201595834164,9.39731140758622));
#2426=CARTESIAN_POINT('Ctrl Pts',(5.84131747083457,15.1520715014698,9.4237827073259));
#2427=CARTESIAN_POINT('Ctrl Pts',(8.13567446332131,13.79939263503,9.45025400706558));
#2428=CARTESIAN_POINT('Ctrl Pts',(10.430031455808,12.4467137685901,9.47672530680526));
#2429=CARTESIAN_POINT('Ctrl Pts',(12.3797329611662,10.5094441176571,9.50319660654494));
#2430=CARTESIAN_POINT('Ctrl Pts',(13.7470620693582,8.22378828848554,9.52966790628462));
#2431=CARTESIAN_POINT('Ctrl Pts',(15.1143911775501,5.93813245931397,9.5561392060243));
#2432=CARTESIAN_POINT('Ctrl Pts',(15.8993478885758,3.30409045190383,9.58261050576398));
#2433=CARTESIAN_POINT('Ctrl Pts',(16.0062247204983,0.642813110647195,9.60908180550366));
#2434=CARTESIAN_POINT('Ctrl Pts',(16.0148221543256,0.428733450669716,9.61121122161508));
#2435=CARTESIAN_POINT('Ctrl Pts',(16.0190317419422,0.214477551195835,9.6133406377265));
#2436=CARTESIAN_POINT('Ctrl Pts',(16.0188897375047,0.000216049742465015,
9.61547005383792));
#2437=CARTESIAN_POINT('Ctrl Pts',(16.016499386126,-0.000345323680714937,
9.88452994616208));
#2438=CARTESIAN_POINT('Ctrl Pts',(16.0161143845508,1.45460810583484,9.8700773646287));
#2439=CARTESIAN_POINT('Ctrl Pts',(15.8196170723493,2.90974755750434,9.85562478309531));
#2440=CARTESIAN_POINT('Ctrl Pts',(15.4283280191596,4.31034429663144,9.84117220156192));
#2441=CARTESIAN_POINT('Ctrl Pts',(14.7116443050484,6.87567257450393,9.81470090182224));
#2442=CARTESIAN_POINT('Ctrl Pts',(13.3414837297896,9.25802389241986,9.78822960208256));
#2443=CARTESIAN_POINT('Ctrl Pts',(11.4847321214258,11.1674693213943,9.76175830234288));
#2444=CARTESIAN_POINT('Ctrl Pts',(9.62798051306202,13.0769147503687,9.7352870026032));
#2445=CARTESIAN_POINT('Ctrl Pts',(7.28463787159317,14.5134542904017,9.70881570286352));
#2446=CARTESIAN_POINT('Ctrl Pts',(4.74050094876599,15.3016668065601,9.68234440312385));
#2447=CARTESIAN_POINT('Ctrl Pts',(2.19636402593881,16.0898793227185,9.65587310338417));
#2448=CARTESIAN_POINT('Ctrl Pts',(-0.548567178246662,16.2297648150025,9.62940180364449));
#2449=CARTESIAN_POINT('Ctrl Pts',(-3.15965961226335,15.7044068875539,9.60293050390481));
#2450=CARTESIAN_POINT('Ctrl Pts',(-5.77075204628005,15.1790489601053,9.57645920416513));
#2451=CARTESIAN_POINT('Ctrl Pts',(-8.24800571012793,13.9884476129241,9.54998790442544));
#2452=CARTESIAN_POINT('Ctrl Pts',(-10.2893587662806,12.2776952547909,9.52351660468576));
#2453=CARTESIAN_POINT('Ctrl Pts',(-12.3307118224332,10.5669428966576,9.49704530494608));
#2454=CARTESIAN_POINT('Ctrl Pts',(-13.9361642708906,8.33603952757221,9.47057400520641));
#2455=CARTESIAN_POINT('Ctrl Pts',(-14.9099825557195,5.85702556279848,9.44410270546673));
#2456=CARTESIAN_POINT('Ctrl Pts',(-15.8838008405483,3.37801159802479,9.41763140572706));
#2457=CARTESIAN_POINT('Ctrl Pts',(-16.2259849617488,0.650887037562675,9.39116010598737));
#2458=CARTESIAN_POINT('Ctrl Pts',(-15.8948081141917,-1.99186219631302,9.36468880624769));
#2459=CARTESIAN_POINT('Ctrl Pts',(-15.5636312666347,-4.63461143018875,9.33821750650801));
#2460=CARTESIAN_POINT('Ctrl Pts',(-14.5590934503203,-7.19298533747814,9.31174620676833));
#2461=CARTESIAN_POINT('Ctrl Pts',(-13.0036761839506,-9.35504381834608,9.28527490702865));
#2462=CARTESIAN_POINT('Ctrl Pts',(-11.4482589175809,-11.517102299214,9.25880360728897));
#2463=CARTESIAN_POINT('Ctrl Pts',(-9.34196220115603,-13.2828453536605,9.23233230754929));
#2464=CARTESIAN_POINT('Ctrl Pts',(-6.94159502918728,-14.4369895927368,9.20586100780961));
#2465=CARTESIAN_POINT('Ctrl Pts',(-4.54122785721852,-15.5911338318131,9.17938970806993));
#2466=CARTESIAN_POINT('Ctrl Pts',(-1.84679022970593,-16.1336792555193,9.15291840833026));
#2467=CARTESIAN_POINT('Ctrl Pts',(0.813197266788033,-15.9984732676498,9.12644710859058));
#2468=CARTESIAN_POINT('Ctrl Pts',(3.473184763282,-15.8632672797804,9.0999758088509));
#2469=CARTESIAN_POINT('Ctrl Pts',(6.09872212875732,-15.0503098803353,9.07350450911121));
#2470=CARTESIAN_POINT('Ctrl Pts',(8.36969069963848,-13.6587224099027,9.04703320937153));
#2471=CARTESIAN_POINT('Ctrl Pts',(10.6406592705196,-12.26713493947,9.02056190963185));
#2472=CARTESIAN_POINT('Ctrl Pts',(12.5570590468066,-10.2969173980498,8.99409060989218));
#2473=CARTESIAN_POINT('Ctrl Pts',(13.8852324411186,-7.98828818425888,8.9676193101525));
#2474=CARTESIAN_POINT('Ctrl Pts',(15.2134058354306,-5.67965897046801,8.94114801041282));
#2475=CARTESIAN_POINT('Ctrl Pts',(15.9533528477676,-3.03261808430653,8.91467671067314));
#2476=CARTESIAN_POINT('Ctrl Pts',(16.0148554267524,-0.369906801348329,8.88820541093346));
#2477=CARTESIAN_POINT('Ctrl Pts',(16.0177019128793,-0.246670168805085,8.88698025600967));
#2478=CARTESIAN_POINT('Ctrl Pts',(16.0190951308026,-0.123399969342751,8.88575510108587));
#2479=CARTESIAN_POINT('Ctrl Pts',(16.0190425378719,-0.000128578187731376,
8.88452994616208));
#2480=CARTESIAN_POINT('Origin',(0.,0.,5.));
#2481=CARTESIAN_POINT('',(16.0187491376636,-0.000268054221171529,7.61547005383792));
#2482=CARTESIAN_POINT('',(16.0167863281629,0.00030773163212483,7.88452994616208));
#2483=CARTESIAN_POINT('',(16.01775,1.96160862670425E-15,5.));
#2484=CARTESIAN_POINT('Ctrl Pts',(16.0187491376636,-0.000268054221171529,
7.61547005383792));
#2485=CARTESIAN_POINT('Ctrl Pts',(16.0189679006779,-0.277458128535869,7.61822481090118));
#2486=CARTESIAN_POINT('Ctrl Pts',(16.0119213942678,-0.554637081393139,7.62097956796444));
#2487=CARTESIAN_POINT('Ctrl Pts',(15.9975354897035,-0.831434586153549,7.62373432502769));
#2488=CARTESIAN_POINT('Ctrl Pts',(15.859296950695,-3.4912661239099,7.65020562476737));
#2489=CARTESIAN_POINT('Ctrl Pts',(15.0433476702168,-6.11587522692109,7.67667692450706));
#2490=CARTESIAN_POINT('Ctrl Pts',(13.649172402654,-8.38525598523994,7.70314822424674));
#2491=CARTESIAN_POINT('Ctrl Pts',(12.2549971350912,-10.6546367435588,7.72961952398641));
#2492=CARTESIAN_POINT('Ctrl Pts',(10.2825958804437,-12.5687891571853,7.75609082372609));
#2493=CARTESIAN_POINT('Ctrl Pts',(7.97245399615123,-13.894329868498,7.78256212346577));
#2494=CARTESIAN_POINT('Ctrl Pts',(5.66231211185873,-15.2198705798106,7.80903342320545));
#2495=CARTESIAN_POINT('Ctrl Pts',(3.01442959792115,-15.9567995888094,7.83550472294513));
#2496=CARTESIAN_POINT('Ctrl Pts',(0.35164997885934,-16.0152667011113,7.86197602268481));
#2497=CARTESIAN_POINT('Ctrl Pts',(-2.31112964020251,-16.0737338134132,7.88844732242449));
#2498=CARTESIAN_POINT('Ctrl Pts',(-4.98880636438861,-15.4537390290182,7.91491862216417));
#2499=CARTESIAN_POINT('Ctrl Pts',(-7.35490400503905,-14.2308753171432,7.94138992190385));
#2500=CARTESIAN_POINT('Ctrl Pts',(-9.72100164568943,-13.0080116052682,7.96786122164353));
#2501=CARTESIAN_POINT('Ctrl Pts',(-11.7755202028042,-11.1822789659132,7.9943325213832));
#2502=CARTESIAN_POINT('Ctrl Pts',(-13.2679621529187,-8.97628016073646,8.02080382112288));
#2503=CARTESIAN_POINT('Ctrl Pts',(-14.7604041030333,-6.77028135555963,8.04727512086256));
#2504=CARTESIAN_POINT('Ctrl Pts',(-15.6907694461478,-4.18401638456097,8.07374642060225));
#2505=CARTESIAN_POINT('Ctrl Pts',(-15.9456232300323,-1.5328160428719,8.10021772034193));
#2506=CARTESIAN_POINT('Ctrl Pts',(-16.2004770139169,1.11838429881709,8.12668902008161));
#2507=CARTESIAN_POINT('Ctrl Pts',(-15.7798192385716,3.83452001119652,8.15316031982128));
#2508=CARTESIAN_POINT('Ctrl Pts',(-14.7349386745983,6.28442578691471,8.17963161956096));
#2509=CARTESIAN_POINT('Ctrl Pts',(-13.6900581106249,8.73433156263296,8.20610291930064));
#2510=CARTESIAN_POINT('Ctrl Pts',(-12.0209547580235,10.9180074016899,8.23257421904032));
#2511=CARTESIAN_POINT('Ctrl Pts',(-9.9311343260747,12.5692082571858,8.25904551878));
#2512=CARTESIAN_POINT('Ctrl Pts',(-7.84131389412586,14.2204091126817,8.28551681851968));
#2513=CARTESIAN_POINT('Ctrl Pts',(-5.33077638282963,15.3391349846165,8.31198811825936));
#2514=CARTESIAN_POINT('Ctrl Pts',(-2.70561950400979,15.7889850312134,8.33845941799904));
#2515=CARTESIAN_POINT('Ctrl Pts',(-0.0804626251899998,16.2388350778104,
8.36493071773872));
#2516=CARTESIAN_POINT('Ctrl Pts',(2.65931362115341,16.0198092990695,8.3914020174784));
#2517=CARTESIAN_POINT('Ctrl Pts',(5.17966155166848,15.1586124504661,8.41787331721808));
#2518=CARTESIAN_POINT('Ctrl Pts',(7.70000948218354,14.2974156018628,8.44434461695776));
#2519=CARTESIAN_POINT('Ctrl Pts',(10.0009290968703,12.7940476833971,8.47081591669744));
#2520=CARTESIAN_POINT('Ctrl Pts',(11.801880381387,10.8318070829529,8.49728721643712));
#2521=CARTESIAN_POINT('Ctrl Pts',(13.6028316659038,8.86956648250866,8.5237585161768));
#2522=CARTESIAN_POINT('Ctrl Pts',(14.9038146202505,6.44845320008592,8.55022981591647));
#2523=CARTESIAN_POINT('Ctrl Pts',(15.5462066773907,3.86366188417808,8.57670111565616));
#2524=CARTESIAN_POINT('Ctrl Pts',(15.8598149776586,2.60179694964314,8.58962409505008));
#2525=CARTESIAN_POINT('Ctrl Pts',(16.0164627336155,1.30092298334579,8.602547074444));
#2526=CARTESIAN_POINT('Ctrl Pts',(16.0163797395995,2.93736582627989E-5,
8.61547005383792));
#2527=CARTESIAN_POINT('Ctrl Pts',(16.0190425378719,-0.000128578187731376,
8.88452994616208));
#2528=CARTESIAN_POINT('Ctrl Pts',(16.0179587820791,2.54006232527362,8.85928380134619));
#2529=CARTESIAN_POINT('Ctrl Pts',(15.4029439752768,5.08075925422284,8.83403765653031));
#2530=CARTESIAN_POINT('Ctrl Pts',(14.2392505451422,7.33867628699302,8.80879151171442));
#2531=CARTESIAN_POINT('Ctrl Pts',(13.0190849389144,9.70616641262127,8.78232021197474));
#2532=CARTESIAN_POINT('Ctrl Pts',(11.1956955808261,11.7627649841229,8.75584891223506));
#2533=CARTESIAN_POINT('Ctrl Pts',(8.99139955791751,13.2577207739208,8.72937761249538));
#2534=CARTESIAN_POINT('Ctrl Pts',(6.78710353500887,14.7526765637187,8.7029063127557));
#2535=CARTESIAN_POINT('Ctrl Pts',(4.20190084727986,15.6859895718129,8.67643501301602));
#2536=CARTESIAN_POINT('Ctrl Pts',(1.55099275511816,15.9438655020938,8.64996371327634));
#2537=CARTESIAN_POINT('Ctrl Pts',(-1.09991533704354,16.2017414323746,8.62349241353666));
#2538=CARTESIAN_POINT('Ctrl Pts',(-3.81652883363794,15.7841802848421,8.59702111379698));
#2539=CARTESIAN_POINT('Ctrl Pts',(-6.26762416531405,14.7420932470216,8.5705498140573));
#2540=CARTESIAN_POINT('Ctrl Pts',(-8.71871949699017,13.7000062092012,8.54407851431763));
#2541=CARTESIAN_POINT('Ctrl Pts',(-10.904296663748,12.0333932810928,8.51760721457795));
#2542=CARTESIAN_POINT('Ctrl Pts',(-12.5578788031104,9.94545654011135,8.49113591483827));
#2543=CARTESIAN_POINT('Ctrl Pts',(-14.2114609424727,7.85751979912992,8.46466461509859));
#2544=CARTESIAN_POINT('Ctrl Pts',(-15.3330480544396,5.34825924527542,8.43819331535891));
#2545=CARTESIAN_POINT('Ctrl Pts',(-15.7858904380246,2.72361689007838,8.41172201561923));
#2546=CARTESIAN_POINT('Ctrl Pts',(-16.2387328216096,0.0989745348813009,
8.38525071587955));
#2547=CARTESIAN_POINT('Ctrl Pts',(-16.0228304768128,-2.64104962165825,8.35877941613987));
#2548=CARTESIAN_POINT('Ctrl Pts',(-15.1645073347559,-5.16237766600018,8.33230811640019));
#2549=CARTESIAN_POINT('Ctrl Pts',(-14.3061841926991,-7.683705710342,8.30583681666051));
#2550=CARTESIAN_POINT('Ctrl Pts',(-12.8054402533823,-9.98633764248614,8.27936551692084));
#2551=CARTESIAN_POINT('Ctrl Pts',(-10.8452539755129,-11.7895246755128,8.25289421718116));
#2552=CARTESIAN_POINT('Ctrl Pts',(-8.88506769764349,-13.5927117085394,8.22642291744148));
#2553=CARTESIAN_POINT('Ctrl Pts',(-6.46543908122139,-14.8964538424486,8.1999516177018));
#2554=CARTESIAN_POINT('Ctrl Pts',(-3.88138175590764,-15.5417920955162,8.17348031796212));
#2555=CARTESIAN_POINT('Ctrl Pts',(-1.29732443059388,-16.1871303485838,8.14700901822244));
#2556=CARTESIAN_POINT('Ctrl Pts',(1.45116160361156,-16.1740647208099,8.12053771848276));
#2557=CARTESIAN_POINT('Ctrl Pts',(4.0289667210737,-15.5041882415765,8.09406641874308));
#2558=CARTESIAN_POINT('Ctrl Pts',(6.60677183853592,-14.8343117623432,8.0675951190034));
#2559=CARTESIAN_POINT('Ctrl Pts',(9.01389603925486,-13.5076244316503,8.04112381926372));
#2560=CARTESIAN_POINT('Ctrl Pts',(10.9568502967941,-11.6858828270047,8.01465251952403));
#2561=CARTESIAN_POINT('Ctrl Pts',(12.8998045543333,-9.86414122235907,7.98818121978436));
#2562=CARTESIAN_POINT('Ctrl Pts',(14.3785888686929,-7.5473453437607,7.96170992004468));
#2563=CARTESIAN_POINT('Ctrl Pts',(15.2129022116239,-5.0179709217077,7.935238620305));
#2564=CARTESIAN_POINT('Ctrl Pts',(15.7456417428121,-3.4028730028968,7.91833572892403));
#2565=CARTESIAN_POINT('Ctrl Pts',(16.0156118491716,-1.70110067349037,7.90143283754305));
#2566=CARTESIAN_POINT('Ctrl Pts',(16.0167863281629,0.00030773163212483,
7.88452994616208));
#2567=CARTESIAN_POINT('Origin',(0.,0.,5.));
#2568=CARTESIAN_POINT('',(16.0171653398886,0.000385684885145039,6.61547005383792));
#2569=CARTESIAN_POINT('',(16.0177481416447,-0.000416108976675211,6.88452994616208));
#2570=CARTESIAN_POINT('',(16.01775,1.96160862670425E-15,5.));
#2571=CARTESIAN_POINT('Ctrl Pts',(16.0171653398886,0.000385684885145039,
6.61547005383792));
#2572=CARTESIAN_POINT('Ctrl Pts',(16.0155048811618,-1.85486327842345,6.63390254735836));
#2573=CARTESIAN_POINT('Ctrl Pts',(15.693401212972,-3.71067383680341,6.65233504087879));
#2574=CARTESIAN_POINT('Ctrl Pts',(15.061919662665,-5.45444784472279,6.67076753439923));
#2575=CARTESIAN_POINT('Ctrl Pts',(14.1550354486697,-7.95871914099185,6.69723883413891));
#2576=CARTESIAN_POINT('Ctrl Pts',(12.6100764043911,-10.2319212269107,6.72371013387859));
#2577=CARTESIAN_POINT('Ctrl Pts',(10.6154119232864,-11.9968935526796,6.75018143361827));
#2578=CARTESIAN_POINT('Ctrl Pts',(8.62074744218164,-13.7618658784485,6.77665273335795));
#2579=CARTESIAN_POINT('Ctrl Pts',(6.17637752425079,-15.0186084440675,6.80312403309763));
#2580=CARTESIAN_POINT('Ctrl Pts',(3.58033238623701,-15.6138926991138,6.82959533283731));
#2581=CARTESIAN_POINT('Ctrl Pts',(0.984287248223235,-16.20917695416,6.85606663257699));
#2582=CARTESIAN_POINT('Ctrl Pts',(-1.76343310987348,-16.1430028986335,6.88253793231667));
#2583=CARTESIAN_POINT('Ctrl Pts',(-4.32781241745262,-15.4234388154756,6.90900923205635));
#2584=CARTESIAN_POINT('Ctrl Pts',(-6.89219172503176,-14.7038747323177,6.93548053179603));
#2585=CARTESIAN_POINT('Ctrl Pts',(-9.27322998209334,-13.3309206215284,6.96195183153571));
#2586=CARTESIAN_POINT('Ctrl Pts',(-11.180618695385,-11.4719741458819,6.98842313127539));
#2587=CARTESIAN_POINT('Ctrl Pts',(-13.0880074086766,-9.61302767023541,7.01489443101507));
#2588=CARTESIAN_POINT('Ctrl Pts',(-14.5217465781984,-7.26808882973166,7.04136573075474));
#2589=CARTESIAN_POINT('Ctrl Pts',(-15.3070273125826,-4.72306469013771,7.06783703049442));
#2590=CARTESIAN_POINT('Ctrl Pts',(-16.0923080469668,-2.17804055054376,7.0943083302341));
#2591=CARTESIAN_POINT('Ctrl Pts',(-16.2291303462136,0.567068888140379,7.12077962997379));
#2592=CARTESIAN_POINT('Ctrl Pts',(-15.7008121282857,3.17756569210635,7.14725092971346));
#2593=CARTESIAN_POINT('Ctrl Pts',(-15.1724939103579,5.78806249607231,7.17372222945314));
#2594=CARTESIAN_POINT('Ctrl Pts',(-13.9790351752555,8.2639466653201,7.20019352919282));
#2595=CARTESIAN_POINT('Ctrl Pts',(-12.2659485816345,10.3033456026707,7.2266648289325));
#2596=CARTESIAN_POINT('Ctrl Pts',(-10.5528619880135,12.3427445400213,7.25313612867218));
#2597=CARTESIAN_POINT('Ctrl Pts',(-8.3201475358738,13.9456582454748,7.27960742841186));
#2598=CARTESIAN_POINT('Ctrl Pts',(-5.840029313401,14.9166511936826,7.30607872815154));
#2599=CARTESIAN_POINT('Ctrl Pts',(-3.35991109092819,15.8876441418904,7.33255002789122));
#2600=CARTESIAN_POINT('Ctrl Pts',(-0.632389098122233,16.2267163328525,7.3590213276309));
#2601=CARTESIAN_POINT('Ctrl Pts',(2.00998308352952,15.8925263321884,7.38549262737058));
#2602=CARTESIAN_POINT('Ctrl Pts',(4.65235526518127,15.5583363315242,7.41196392711026));
#2603=CARTESIAN_POINT('Ctrl Pts',(7.20957763567881,14.5508841392338,7.43843522684994));
#2604=CARTESIAN_POINT('Ctrl Pts',(9.36986042386307,12.9930035346989,7.46490652658962));
#2605=CARTESIAN_POINT('Ctrl Pts',(11.5301432120473,11.4351229301641,7.4913778263293));
#2606=CARTESIAN_POINT('Ctrl Pts',(13.2934864179183,9.32681391338494,7.51784912606898));
#2607=CARTESIAN_POINT('Ctrl Pts',(14.4448941220844,6.92513241874458,7.54432042580866));
#2608=CARTESIAN_POINT('Ctrl Pts',(15.4764796589625,4.77338383733923,7.56803696848508));
#2609=CARTESIAN_POINT('Ctrl Pts',(16.0168657402369,2.38614572964711,7.5917535111615));
#2610=CARTESIAN_POINT('Ctrl Pts',(16.0187491376636,-0.000268054221171529,
7.61547005383792));
#2611=CARTESIAN_POINT('Ctrl Pts',(16.0167863281629,0.00030773163212483,
7.88452994616208));
#2612=CARTESIAN_POINT('Ctrl Pts',(16.0174511785926,0.96344297507754,7.87496153780337));
#2613=CARTESIAN_POINT('Ctrl Pts',(15.9319810401863,1.92646159975783,7.86539312944467));
#2614=CARTESIAN_POINT('Ctrl Pts',(15.759282762772,2.87357489460325,7.85582472108596));
#2615=CARTESIAN_POINT('Ctrl Pts',(15.2815075994867,5.49379332335356,7.82935342134628));
#2616=CARTESIAN_POINT('Ctrl Pts',(14.1361149014139,7.99227721534653,7.8028821216066));
#2617=CARTESIAN_POINT('Ctrl Pts',(12.4627568675049,10.0643984983395,7.77641082186692));
#2618=CARTESIAN_POINT('Ctrl Pts',(10.7893988335958,12.1365197813324,7.74993952212724));
#2619=CARTESIAN_POINT('Ctrl Pts',(8.58807546385063,13.7822784553253,7.72346822238756));
#2620=CARTESIAN_POINT('Ctrl Pts',(6.12718348340501,14.8010151149335,7.69699692264788));
#2621=CARTESIAN_POINT('Ctrl Pts',(3.66629150295938,15.8197517745418,7.6705256229082));
#2622=CARTESIAN_POINT('Ctrl Pts',(0.945830911813371,16.2114664197654,7.64405432316852));
#2623=CARTESIAN_POINT('Ctrl Pts',(-1.7025056711376,15.9283991760517,7.61758302342885));
#2624=CARTESIAN_POINT('Ctrl Pts',(-4.35084225408857,15.645331932338,7.59111172368917));
#2625=CARTESIAN_POINT('Ctrl Pts',(-6.92705482884448,14.687482799687,7.56464042394949));
#2626=CARTESIAN_POINT('Ctrl Pts',(-9.11703824037331,13.1716376960275,7.53816912420981));
#2627=CARTESIAN_POINT('Ctrl Pts',(-11.3070216519021,11.655792592368,7.51169782447013));
#2628=CARTESIAN_POINT('Ctrl Pts',(-13.1107759002039,9.58195151770009,7.48522652473045));
#2629=CARTESIAN_POINT('Ctrl Pts',(-14.3083779426853,7.20296789671778,7.45875522499077));
#2630=CARTESIAN_POINT('Ctrl Pts',(-15.5059799851667,4.82398427573546,7.43228392525109));
#2631=CARTESIAN_POINT('Ctrl Pts',(-16.0974298218278,2.13985810843879,7.40581262551141));
#2632=CARTESIAN_POINT('Ctrl Pts',(-16.01061483104,-0.522148067067614,7.37934132577173));
#2633=CARTESIAN_POINT('Ctrl Pts',(-15.9237998402523,-3.18415424257398,7.35287002603205));
#2634=CARTESIAN_POINT('Ctrl Pts',(-15.1587200220156,-5.82404042629017,7.32639872629237));
#2635=CARTESIAN_POINT('Ctrl Pts',(-13.8086578629055,-8.11993804761331,7.29992742655269));
#2636=CARTESIAN_POINT('Ctrl Pts',(-12.4585957037954,-10.4158356689365,7.27345612681301));
#2637=CARTESIAN_POINT('Ctrl Pts',(-10.5235512038117,-12.3677447278667,7.24698482707333));
#2638=CARTESIAN_POINT('Ctrl Pts',(-8.23945499174664,-13.7376783814022,7.22051352733365));
#2639=CARTESIAN_POINT('Ctrl Pts',(-5.9553587796816,-15.1076120349376,7.19404222759397));
#2640=CARTESIAN_POINT('Ctrl Pts',(-3.32221085553509,-15.8955702830784,7.16757092785429));
#2641=CARTESIAN_POINT('Ctrl Pts',(-0.661058226469948,-16.0054811828035,
7.14109962811461));
#2642=CARTESIAN_POINT('Ctrl Pts',(2.00009440259527,-16.1153920825286,7.11462832837494));
#2643=CARTESIAN_POINT('Ctrl Pts',(4.68925173657909,-15.5472556338381,7.08815702863526));
#2644=CARTESIAN_POINT('Ctrl Pts',(7.07853781152689,-14.3703419695791,7.06168572889558));
#2645=CARTESIAN_POINT('Ctrl Pts',(9.46782388647463,-13.1934283053201,7.0352144291559));
#2646=CARTESIAN_POINT('Ctrl Pts',(11.5572387023863,-11.4077374254926,7.00874312941622));
#2647=CARTESIAN_POINT('Ctrl Pts',(13.0920300035232,-9.23098999342487,6.98227182967654));
#2648=CARTESIAN_POINT('Ctrl Pts',(14.6268213046601,-7.05424256135713,6.95580052993686));
#2649=CARTESIAN_POINT('Ctrl Pts',(15.6069890910222,-4.48643857704914,6.92932923019718));
#2650=CARTESIAN_POINT('Ctrl Pts',(15.9130262390472,-1.84065797671819,6.9028579304575));
#2651=CARTESIAN_POINT('Ctrl Pts',(15.9836567470311,-1.2300365896704,6.89674860235903));
#2652=CARTESIAN_POINT('Ctrl Pts',(16.0183801465959,-0.615261831381999,6.89063927426055));
#2653=CARTESIAN_POINT('Ctrl Pts',(16.0177481416447,-0.000416108976675211,
6.88452994616208));
#2654=CARTESIAN_POINT('Origin',(0.,0.,5.));
#2655=CARTESIAN_POINT('',(16.017278862693,-0.000398658907124695,5.61547005383792));
#2656=CARTESIAN_POINT('',(16.0182012997245,0.000383878161059059,5.88452994616207));
#2657=CARTESIAN_POINT('',(16.01775,1.96160862670425E-15,5.));
#2658=CARTESIAN_POINT('Ctrl Pts',(16.017278862693,-0.000398658907124695,
5.61547005383792));
#2659=CARTESIAN_POINT('Ctrl Pts',(16.0179980405532,-0.769249010394163,5.62310898407586));
#2660=CARTESIAN_POINT('Ctrl Pts',(15.9636375230057,-1.53799852731925,5.6307479143138));
#2661=CARTESIAN_POINT('Ctrl Pts',(15.8533493166915,-2.29863887079558,5.63838684455173));
#2662=CARTESIAN_POINT('Ctrl Pts',(15.4711659381086,-4.9344972827832,5.66485814429141));
#2663=CARTESIAN_POINT('Ctrl Pts',(14.4173800413059,-7.4729774295686,5.69132944403109));
#2664=CARTESIAN_POINT('Ctrl Pts',(12.8204746504448,-9.60457468879693,5.71780074377077));
#2665=CARTESIAN_POINT('Ctrl Pts',(11.2235692595837,-11.7361719480253,5.74427204351045));
#2666=CARTESIAN_POINT('Ctrl Pts',(9.08354437466421,-13.4608863196965,5.77074334325013));
#2667=CARTESIAN_POINT('Ctrl Pts',(6.66132289267091,-14.5684317115795,5.79721464298981));
#2668=CARTESIAN_POINT('Ctrl Pts',(4.23910141067761,-15.6759771034624,5.82368594272949));
#2669=CARTESIAN_POINT('Ctrl Pts',(1.53468333161049,-16.166353515557,5.85015724246917));
#2670=CARTESIAN_POINT('Ctrl Pts',(-1.12219471164356,-15.9797717206641,5.87662854220884));
#2671=CARTESIAN_POINT('Ctrl Pts',(-3.77907275489761,-15.7931899257711,5.90309984194852));
#2672=CARTESIAN_POINT('Ctrl Pts',(-6.38841076233857,-14.9296499238905,5.92957114168821));
#2673=CARTESIAN_POINT('Ctrl Pts',(-8.63206475493559,-13.4944389761847,5.95604244142789));
#2674=CARTESIAN_POINT('Ctrl Pts',(-10.8757187475326,-12.059228028479,5.98251374116757));
#2675=CARTESIAN_POINT('Ctrl Pts',(-12.7536887252857,-10.0523461349481,6.00898504090724));
#2676=CARTESIAN_POINT('Ctrl Pts',(-14.037002880204,-7.71848271077415,6.03545634064692));
#2677=CARTESIAN_POINT('Ctrl Pts',(-15.3203170351224,-5.38461928660014,6.0619276403866));
#2678=CARTESIAN_POINT('Ctrl Pts',(-16.0089753672059,-2.723774331783,6.08839894012629));
#2679=CARTESIAN_POINT('Ctrl Pts',(-16.0190130925375,-0.0603718186466387,
6.11487023986597));
#2680=CARTESIAN_POINT('Ctrl Pts',(-16.0290508178691,2.60303069448973,6.14134153960565));
#2681=CARTESIAN_POINT('Ctrl Pts',(-15.3604679364487,5.26899076594532,6.16781283934532));
#2682=CARTESIAN_POINT('Ctrl Pts',(-14.0947815294672,7.61246076193272,6.194284139085));
#2683=CARTESIAN_POINT('Ctrl Pts',(-12.8290951224857,9.95593075792016,6.22075543882468));
#2684=CARTESIAN_POINT('Ctrl Pts',(-10.966305189943,11.9769106784394,6.24722673856437));
#2685=CARTESIAN_POINT('Ctrl Pts',(-8.73353271024364,13.4289922039772,6.27369803830405));
#2686=CARTESIAN_POINT('Ctrl Pts',(-6.50076023054431,14.8810737295149,6.30016933804372));
#2687=CARTESIAN_POINT('Ctrl Pts',(-3.89800520368827,15.7642568600713,6.3266406377834));
#2688=CARTESIAN_POINT('Ctrl Pts',(-1.24260897768227,15.9708593426891,6.35311193752308));
#2689=CARTESIAN_POINT('Ctrl Pts',(1.41278724832377,16.1774618253068,6.37958323726275));
#2690=CARTESIAN_POINT('Ctrl Pts',(4.12082467347977,15.707483659986,6.40605453700243));
#2691=CARTESIAN_POINT('Ctrl Pts',(6.55132537551321,14.6182270142289,6.43252583674212));
#2692=CARTESIAN_POINT('Ctrl Pts',(8.98182607754664,13.5289703684719,6.4589971364818));
#2693=CARTESIAN_POINT('Ctrl Pts',(11.1347900564575,11.8204352422786,6.48546843622148));
#2694=CARTESIAN_POINT('Ctrl Pts',(12.7477168140322,9.70093507063188,6.51193973596116));
#2695=CARTESIAN_POINT('Ctrl Pts',(14.360643571607,7.58143489898517,6.53841103570084));
#2696=CARTESIAN_POINT('Ctrl Pts',(15.4335331078456,5.05096968188502,6.56488233544051));
#2697=CARTESIAN_POINT('Ctrl Pts',(15.8355731841089,2.4180668200253,6.59135363518019));
#2698=CARTESIAN_POINT('Ctrl Pts',(15.9576647435424,1.61850668853493,6.59939244139943));
#2699=CARTESIAN_POINT('Ctrl Pts',(16.0178895015939,0.809499594945773,6.60743124761867));
#2700=CARTESIAN_POINT('Ctrl Pts',(16.0171653398886,0.000385684885145039,
6.61547005383792));
#2701=CARTESIAN_POINT('Ctrl Pts',(16.0177481416447,-0.000416108976675211,
6.88452994616208));
#2702=CARTESIAN_POINT('Ctrl Pts',(16.0156417124785,2.04882252439434,6.86416797452087));
#2703=CARTESIAN_POINT('Ctrl Pts',(15.6207921791284,4.09884945782717,6.84380600287967));
#2704=CARTESIAN_POINT('Ctrl Pts',(14.8536256293361,5.99851911186351,6.82344403123846));
#2705=CARTESIAN_POINT('Ctrl Pts',(13.856281361912,8.46815838376036,6.79697273149878));
#2706=CARTESIAN_POINT('Ctrl Pts',(12.2296863173759,10.6836797112002,6.77050143175911));
#2707=CARTESIAN_POINT('Ctrl Pts',(10.1721633723596,12.3749552806419,6.74403013201943));
#2708=CARTESIAN_POINT('Ctrl Pts',(8.11464042734336,14.0662308500837,6.71755883227975));
#2709=CARTESIAN_POINT('Ctrl Pts',(5.62618958184695,15.2332606615274,6.69108753254006));
#2710=CARTESIAN_POINT('Ctrl Pts',(3.01021562718198,15.7337544073159,6.66461623280038));
#2711=CARTESIAN_POINT('Ctrl Pts',(0.394241672517011,16.2342481531043,6.6381449330607));
#2712=CARTESIAN_POINT('Ctrl Pts',(-2.34925539131655,16.0682058332376,6.61167363332102));
#2713=CARTESIAN_POINT('Ctrl Pts',(-4.88577421958738,15.2558721857217,6.58520233358135));
#2714=CARTESIAN_POINT('Ctrl Pts',(-7.42229304785824,14.4435385382058,6.55873103384167));
#2715=CARTESIAN_POINT('Ctrl Pts',(-9.75183364056629,12.9849135630408,6.53225973410199));
#2716=CARTESIAN_POINT('Ctrl Pts',(-11.5903663659183,11.0578403576672,6.50578843436231));
#2717=CARTESIAN_POINT('Ctrl Pts',(-13.4288990912702,9.13076715229357,6.47931713462263));
#2718=CARTESIAN_POINT('Ctrl Pts',(-14.776423949266,6.73524571671142,6.45284583488295));
#2719=CARTESIAN_POINT('Ctrl Pts',(-15.4686437430904,4.16335040817016,6.42637453514327));
#2720=CARTESIAN_POINT('Ctrl Pts',(-16.1608635369149,1.59145509962891,6.39990323540359));
#2721=CARTESIAN_POINT('Ctrl Pts',(-16.1977782665681,-1.15681408187146,6.37343193566391));
#2722=CARTESIAN_POINT('Ctrl Pts',(-15.5748870973772,-3.74637395034388,6.34696063592423));
#2723=CARTESIAN_POINT('Ctrl Pts',(-14.9519959281863,-6.33593381881627,6.32048933618455));
#2724=CARTESIAN_POINT('Ctrl Pts',(-13.6692988601515,-8.76678437426073,6.29401803644488));
#2725=CARTESIAN_POINT('Ctrl Pts',(-11.8831889508037,-10.7425437504977,6.2675467367052));
#2726=CARTESIAN_POINT('Ctrl Pts',(-10.0970790414559,-12.7183031267348,6.24107543696551));
#2727=CARTESIAN_POINT('Ctrl Pts',(-7.80755629079519,-14.2389713237644,6.21460413722583));
#2728=CARTESIAN_POINT('Ctrl Pts',(-5.29377114843742,-15.1191406137992,6.18813283748615));
#2729=CARTESIAN_POINT('Ctrl Pts',(-2.77998600607969,-15.999309903834,6.16166153774647));
#2730=CARTESIAN_POINT('Ctrl Pts',(-0.0419384720248817,-16.2389802868741,
6.13519023800679));
#2731=CARTESIAN_POINT('Ctrl Pts',(2.58653454383802,-15.8089299108255,6.10871893826712));
#2732=CARTESIAN_POINT('Ctrl Pts',(5.21500755970091,-15.378879534777,6.08224763852744));
#2733=CARTESIAN_POINT('Ctrl Pts',(7.73390605737193,-14.2791083996399,6.05577633878775));
#2734=CARTESIAN_POINT('Ctrl Pts',(9.836112910385,-12.6437062875574,6.02930503904807));
#2735=CARTESIAN_POINT('Ctrl Pts',(11.9383197633981,-11.008304175475,6.00283373930839));
#2736=CARTESIAN_POINT('Ctrl Pts',(13.6238349717532,-8.83727108644715,5.97636243956872));
#2737=CARTESIAN_POINT('Ctrl Pts',(14.6871518078536,-6.39531059800261,5.94989113982904));
#2738=CARTESIAN_POINT('Ctrl Pts',(15.5623091586091,-4.38546781252169,5.92810407527339));
#2739=CARTESIAN_POINT('Ctrl Pts',(16.0159876658351,-2.19209808116847,5.90631701071773));
#2740=CARTESIAN_POINT('Ctrl Pts',(16.0182012997245,0.000383878161059059,
5.88452994616207));
#2741=CARTESIAN_POINT('Origin',(0.,0.,5.));
#2742=CARTESIAN_POINT('',(16.018647628819,0.000298301182537893,4.61547005383792));
#2743=CARTESIAN_POINT('',(16.0165337364904,-0.000202207444261471,4.88452994616207));
#2744=CARTESIAN_POINT('',(16.01775,1.96160862670425E-15,5.));
#2745=CARTESIAN_POINT('Ctrl Pts',(16.018647628819,0.000298301182537893,
4.61547005383792));
#2746=CARTESIAN_POINT('Ctrl Pts',(16.0166407603551,-2.34592208642812,4.63878672053304));
#2747=CARTESIAN_POINT('Ctrl Pts',(15.4948997525942,-4.69300553519532,4.66210338722815));
#2748=CARTESIAN_POINT('Ctrl Pts',(14.4966813754599,-6.81605856149801,4.68542005392327));
#2749=CARTESIAN_POINT('Ctrl Pts',(13.3634088450294,-9.22635046802774,4.71189135366295));
#2750=CARTESIAN_POINT('Ctrl Pts',(11.616006926348,-11.3478906412303,4.73836265340263));
#2751=CARTESIAN_POINT('Ctrl Pts',(9.46752789466319,-12.9220099357317,4.76483395314231));
#2752=CARTESIAN_POINT('Ctrl Pts',(7.3190488629784,-14.4961292302332,4.79130525288199));
#2753=CARTESIAN_POINT('Ctrl Pts',(4.76949271829027,-15.5228276460335,4.81777655262167));
#2754=CARTESIAN_POINT('Ctrl Pts',(2.12971452587611,-15.8769248046858,4.84424785236135));
#2755=CARTESIAN_POINT('Ctrl Pts',(-0.510063666538035,-16.2310219633381,
4.87071915210103));
#2756=CARTESIAN_POINT('Ctrl Pts',(-3.2400639066782,-15.9125178648424,4.89719045184071));
#2757=CARTESIAN_POINT('Ctrl Pts',(-5.72743045233059,-14.9602461754174,4.92366175158039));
#2758=CARTESIAN_POINT('Ctrl Pts',(-8.21479699798298,-14.0079744859925,4.95013305132007));
#2759=CARTESIAN_POINT('Ctrl Pts',(-10.4595298491476,-12.4219352056383,4.97660435105975));
#2760=CARTESIAN_POINT('Ctrl Pts',(-12.1879395722998,-10.3955064425618,5.00307565079943));
#2761=CARTESIAN_POINT('Ctrl Pts',(-13.916349295452,-8.36907767948528,5.02954695053911));
#2762=CARTESIAN_POINT('Ctrl Pts',(-15.1284358905918,-5.90225943368638,5.05601825027878));
#2763=CARTESIAN_POINT('Ctrl Pts',(-15.6764154940695,-3.29581893809025,5.08248955001846));
#2764=CARTESIAN_POINT('Ctrl Pts',(-16.2243950975471,-0.689378442494111,
5.10896084975814));
#2765=CARTESIAN_POINT('Ctrl Pts',(-16.1082677093626,2.05668430289926,5.13543214949782));
#2766=CARTESIAN_POINT('Ctrl Pts',(-15.3421921810124,4.60755513219931,5.1619034492375));
#2767=CARTESIAN_POINT('Ctrl Pts',(-14.5761166526623,7.15842596149937,5.18837474897718));
#2768=CARTESIAN_POINT('Ctrl Pts',(-13.1600929841464,9.51410487470612,5.21484604871686));
#2769=CARTESIAN_POINT('Ctrl Pts',(-11.2667701013683,11.3873753208669,5.24131734845654));
#2770=CARTESIAN_POINT('Ctrl Pts',(-9.37344721859013,13.2606457670278,5.26778864819622));
#2771=CARTESIAN_POINT('Ctrl Pts',(-7.00282512154968,14.6515077461427,5.2942599479359));
#2772=CARTESIAN_POINT('Ctrl Pts',(-4.4439423114224,15.3903801755553,5.32073124767558));
#2773=CARTESIAN_POINT('Ctrl Pts',(-1.88505950129512,16.1292526049679,5.34720254741526));
#2774=CARTESIAN_POINT('Ctrl Pts',(0.862084021918977,16.2161354846782,5.37367384715494));
#2775=CARTESIAN_POINT('Ctrl Pts',(3.46254231831029,15.6404356048444,5.40014514689462));
#2776=CARTESIAN_POINT('Ctrl Pts',(6.06300061470159,15.0647357250107,5.4266164466343));
#2777=CARTESIAN_POINT('Ctrl Pts',(8.51677368427011,13.826453085633,5.45308774637398));
#2778=CARTESIAN_POINT('Ctrl Pts',(10.5246848294147,12.0765655074969,5.47955904611366));
#2779=CARTESIAN_POINT('Ctrl Pts',(12.5325959745593,10.3266779293608,5.50603034585333));
#2780=CARTESIAN_POINT('Ctrl Pts',(14.09464519528,8.06518541246625,5.53250164559301));
#2781=CARTESIAN_POINT('Ctrl Pts',(15.0203793754587,5.56782081542407,5.55897294533269));
#2782=CARTESIAN_POINT('Ctrl Pts',(15.6789706918264,3.79113084044831,5.57780531483444));
#2783=CARTESIAN_POINT('Ctrl Pts',(16.0155058627076,1.8950596657204,5.59663768433618));
#2784=CARTESIAN_POINT('Ctrl Pts',(16.017278862693,-0.000398658907124695,
5.61547005383792));
#2785=CARTESIAN_POINT('Ctrl Pts',(16.0182012997245,0.000383878161059059,
5.88452994616207));
#2786=CARTESIAN_POINT('Ctrl Pts',(16.0186772326673,0.471769140181934,5.87984571097805));
#2787=CARTESIAN_POINT('Ctrl Pts',(15.9982840565609,0.943113364655331,5.87516147579402));
#2788=CARTESIAN_POINT('Ctrl Pts',(15.9567237558843,1.41258374982089,5.87047724061));
#2789=CARTESIAN_POINT('Ctrl Pts',(15.721860403969,4.06562972133853,5.84400594087032));
#2790=CARTESIAN_POINT('Ctrl Pts',(14.8110152362928,6.65883377651252,5.81753464113064));
#2791=CARTESIAN_POINT('Ctrl Pts',(13.3352432043793,8.87601907117804,5.79106334139096));
#2792=CARTESIAN_POINT('Ctrl Pts',(11.8594711724659,11.0932043658436,5.76459204165128));
#2793=CARTESIAN_POINT('Ctrl Pts',(9.81877227631532,12.9343709000006,5.7381207419116));
#2794=CARTESIAN_POINT('Ctrl Pts',(7.46195907488844,14.1750341317597,5.71164944217192));
#2795=CARTESIAN_POINT('Ctrl Pts',(5.10514587346159,15.4156973635187,5.68517814243224));
#2796=CARTESIAN_POINT('Ctrl Pts',(2.43221836675835,16.0558572928799,5.65870684269256));
#2797=CARTESIAN_POINT('Ctrl Pts',(-0.230926305709594,16.0174623119017,5.63223554295289));
#2798=CARTESIAN_POINT('Ctrl Pts',(-2.89407097817757,15.9790673309236,5.60576424321321));
#2799=CARTESIAN_POINT('Ctrl Pts',(-5.54743281641036,15.2621174396063,5.57929294347353));
#2800=CARTESIAN_POINT('Ctrl Pts',(-7.86750022834255,13.954026875024,5.55282164373384));
#2801=CARTESIAN_POINT('Ctrl Pts',(-10.1875676402747,12.6459363104417,5.52635034399416));
#2802=CARTESIAN_POINT('Ctrl Pts',(-12.1743406259063,10.7467050725945,5.49987904425448));
#2803=CARTESIAN_POINT('Ctrl Pts',(-13.5855815520608,8.48789725221545,5.4734077445148));
#2804=CARTESIAN_POINT('Ctrl Pts',(-14.9968224782153,6.22908943183638,5.44693644477513));
#2805=CARTESIAN_POINT('Ctrl Pts',(-15.8325313448928,3.61070502892562,5.42046514503545));
#2806=CARTESIAN_POINT('Ctrl Pts',(-15.9908142068097,0.951991005815482,5.39399384529577));
#2807=CARTESIAN_POINT('Ctrl Pts',(-16.1490970687267,-1.70672301729458,5.36752254555609));
#2808=CARTESIAN_POINT('Ctrl Pts',(-15.6299539258832,-4.40576666060399,5.34105124581641));
#2809=CARTESIAN_POINT('Ctrl Pts',(-14.4966813940031,-6.81605857021678,5.31457994607673));
#2810=CARTESIAN_POINT('Ctrl Pts',(-13.363408862123,-9.22635047982961,5.28810864633705));
#2811=CARTESIAN_POINT('Ctrl Pts',(-11.6160069412064,-11.3478906557459,5.26163734659737));
#2812=CARTESIAN_POINT('Ctrl Pts',(-9.4675279067734,-12.9220099522609,5.23516604685769));
#2813=CARTESIAN_POINT('Ctrl Pts',(-7.31904887234039,-14.4961292487758,5.20869474711801));
#2814=CARTESIAN_POINT('Ctrl Pts',(-4.76949272439102,-15.5228276658894,5.18222344737833));
#2815=CARTESIAN_POINT('Ctrl Pts',(-2.12971452860022,-15.8769248249946,5.15575214763865));
#2816=CARTESIAN_POINT('Ctrl Pts',(0.510063667190586,-16.2310219840998,5.12928084789897));
#2817=CARTESIAN_POINT('Ctrl Pts',(3.24006391082279,-15.9125178851967,5.10280954815929));
#2818=CARTESIAN_POINT('Ctrl Pts',(5.72743045965687,-14.9602461945536,5.07633824841961));
#2819=CARTESIAN_POINT('Ctrl Pts',(8.21479700849094,-14.0079745039106,5.04986694867993));
#2820=CARTESIAN_POINT('Ctrl Pts',(10.4595298625269,-12.4219352215277,5.02339564894026));
#2821=CARTESIAN_POINT('Ctrl Pts',(12.1879395878899,-10.395506455859,4.99692434920058));
#2822=CARTESIAN_POINT('Ctrl Pts',(13.916349313253,-8.36907769019041,4.9704530494609));
#2823=CARTESIAN_POINT('Ctrl Pts',(15.1284359099432,-5.9022594412361,4.94398174972121));
#2824=CARTESIAN_POINT('Ctrl Pts',(15.6764155141218,-3.29581894230596,4.91751044998154));
#2825=CARTESIAN_POINT('Ctrl Pts',(15.90399083288,-2.2133671086153,4.90651694870838));
#2826=CARTESIAN_POINT('Ctrl Pts',(16.0170255173423,-1.10683418369332,4.89552344743523));
#2827=CARTESIAN_POINT('Ctrl Pts',(16.0165337364904,-0.000202207444261471,
4.88452994616207));
#2828=CARTESIAN_POINT('Origin',(0.,0.,5.));
#2829=CARTESIAN_POINT('',(16.0163927175847,-6.67145214984894E-5,3.61547005383792));
#2830=CARTESIAN_POINT('',(16.0191244515083,-2.14038460832899E-5,3.88452994616207));
#2831=CARTESIAN_POINT('',(16.01775,1.96160862670425E-15,5.));
#2832=CARTESIAN_POINT('Ctrl Pts',(16.0163927175847,-6.67145214984894E-5,
3.61547005383792));
#2833=CARTESIAN_POINT('Ctrl Pts',(16.0165755638249,-1.26070382857286,3.62799315725054));
#2834=CARTESIAN_POINT('Ctrl Pts',(15.8695658651726,-2.52129900388009,3.64051626066315));
#2835=CARTESIAN_POINT('Ctrl Pts',(15.5748870774547,-3.74637394555176,3.65303936407577));
#2836=CARTESIAN_POINT('Ctrl Pts',(14.9519959090606,-6.33593381071174,3.67951066381545));
#2837=CARTESIAN_POINT('Ctrl Pts',(13.6692988426665,-8.7667843630468,3.70598196355513));
#2838=CARTESIAN_POINT('Ctrl Pts',(11.8831889356035,-10.7425437367565,3.73245326329481));
#2839=CARTESIAN_POINT('Ctrl Pts',(10.0970790285404,-12.7183031104663,3.75892456303449));
#2840=CARTESIAN_POINT('Ctrl Pts',(7.80755628080829,-14.2389713055507,3.78539586277417));
#2841=CARTESIAN_POINT('Ctrl Pts',(5.29377114166604,-15.1191405944597,3.81186716251385));
#2842=CARTESIAN_POINT('Ctrl Pts',(2.77998600252379,-15.9993098833687,3.83833846225352));
#2843=CARTESIAN_POINT('Ctrl Pts',(0.0419384719713434,-16.2389802661021,
3.8648097619932));
#2844=CARTESIAN_POINT('Ctrl Pts',(-2.58653454052937,-15.8089298906037,3.89128106173288));
#2845=CARTESIAN_POINT('Ctrl Pts',(-5.21500755303009,-15.3788795151053,3.91775236147256));
#2846=CARTESIAN_POINT('Ctrl Pts',(-7.73390604747909,-14.279108381375,3.94422366121224));
#2847=CARTESIAN_POINT('Ctrl Pts',(-9.83611289780316,-12.6437062713844,3.97069496095192));
#2848=CARTESIAN_POINT('Ctrl Pts',(-11.9383197481272,-11.0083041613939,3.9971662606916));
#2849=CARTESIAN_POINT('Ctrl Pts',(-13.6238349543264,-8.83727107514314,4.02363756043128));
#2850=CARTESIAN_POINT('Ctrl Pts',(-14.6871517890666,-6.39531058982221,4.05010886017096));
#2851=CARTESIAN_POINT('Ctrl Pts',(-15.7504686238069,-3.95335010450125,4.07658015991064));
#2852=CARTESIAN_POINT('Ctrl Pts',(-16.1915870870883,-1.24046222011015,4.10305145965032));
#2853=CARTESIAN_POINT('Ctrl Pts',(-15.9567237354735,1.41258374801389,4.12952275939));
#2854=CARTESIAN_POINT('Ctrl Pts',(-15.7218603838586,4.06562971613792,4.15599405912968));
#2855=CARTESIAN_POINT('Ctrl Pts',(-14.8110152173475,6.65883376799485,4.18246535886936));
#2856=CARTESIAN_POINT('Ctrl Pts',(-13.3352431873218,8.87601905982429,4.20893665860904));
#2857=CARTESIAN_POINT('Ctrl Pts',(-11.8594711572961,11.0932043516537,4.23540795834872));
#2858=CARTESIAN_POINT('Ctrl Pts',(-9.81877226375582,12.9343708834557,4.2618792580884));
#2859=CARTESIAN_POINT('Ctrl Pts',(-7.46195906534364,14.1750341136278,4.28835055782808));
#2860=CARTESIAN_POINT('Ctrl Pts',(-5.10514586693147,15.4156973437999,4.31482185756776));
#2861=CARTESIAN_POINT('Ctrl Pts',(-2.43221836364734,16.0558572723422,4.34129315730744));
#2862=CARTESIAN_POINT('Ctrl Pts',(0.230926305414106,16.0174622914132,4.36776445704712));
#2863=CARTESIAN_POINT('Ctrl Pts',(2.89407097447555,15.9790673104842,4.3942357567868));
#2864=CARTESIAN_POINT('Ctrl Pts',(5.54743280931433,15.2621174200839,4.42070705652647));
#2865=CARTESIAN_POINT('Ctrl Pts',(7.86750021827883,13.9540268571749,4.44717835626615));
#2866=CARTESIAN_POINT('Ctrl Pts',(10.1875676272433,12.6459362942659,4.47364965600583));
#2867=CARTESIAN_POINT('Ctrl Pts',(12.1743406103335,10.7467050588481,4.50012095574551));
#2868=CARTESIAN_POINT('Ctrl Pts',(13.5855815346828,8.48789724135843,4.52659225548519));
#2869=CARTESIAN_POINT('Ctrl Pts',(14.9968224590322,6.22908942386871,4.55306355522487));
#2870=CARTESIAN_POINT('Ctrl Pts',(15.8325313246407,3.61070502430712,4.57953485496455));
#2871=CARTESIAN_POINT('Ctrl Pts',(15.9908141863552,0.951991004597856,4.60600615470423));
#2872=CARTESIAN_POINT('Ctrl Pts',(16.0096770435199,0.635147208294044,4.60916078774879));
#2873=CARTESIAN_POINT('Ctrl Pts',(16.0189191484859,0.317730653815201,4.61231542079336));
#2874=CARTESIAN_POINT('Ctrl Pts',(16.018647628819,0.000298301182537893,
4.61547005383792));
#2875=CARTESIAN_POINT('Ctrl Pts',(16.0165337364904,-0.000202207444261471,
4.88452994616207));
#2876=CARTESIAN_POINT('Ctrl Pts',(16.0158413560805,1.55782978613181,4.86905214769555));
#2877=CARTESIAN_POINT('Ctrl Pts',(15.790117416615,3.11605811872449,4.85357434922902));
#2878=CARTESIAN_POINT('Ctrl Pts',(15.3421922006372,4.60755513809312,4.8380965507625));
#2879=CARTESIAN_POINT('Ctrl Pts',(14.5761166713071,7.15842597065609,4.81162525102282));
#2880=CARTESIAN_POINT('Ctrl Pts',(13.16009300098,9.51410488687606,4.78515395128314));
#2881=CARTESIAN_POINT('Ctrl Pts',(11.26677011578,11.3873753354331,4.75868265154346));
#2882=CARTESIAN_POINT('Ctrl Pts',(9.37344723057999,13.26064578399,4.73221135180378));
#2883=CARTESIAN_POINT('Ctrl Pts',(7.00282513050718,14.6515077648841,4.7057400520641));
#2884=CARTESIAN_POINT('Ctrl Pts',(4.44394231710672,15.3903801952418,4.67926875232442));
#2885=CARTESIAN_POINT('Ctrl Pts',(1.88505950370627,16.1292526255995,4.65279745258474));
#2886=CARTESIAN_POINT('Ctrl Pts',(-0.862084023021807,16.2161355054209,4.62632615284506));
#2887=CARTESIAN_POINT('Ctrl Pts',(-3.46254232273946,15.6404356248507,4.59985485310538));
#2888=CARTESIAN_POINT('Ctrl Pts',(-6.06300062245711,15.0647357442806,4.57338355336571));
#2889=CARTESIAN_POINT('Ctrl Pts',(-8.51677369516434,13.8264531033189,4.54691225362603));
#2890=CARTESIAN_POINT('Ctrl Pts',(-10.5246848428773,12.0765655229444,4.52044095388635));
#2891=CARTESIAN_POINT('Ctrl Pts',(-12.5325959905903,10.32667794257,4.49396965414667));
#2892=CARTESIAN_POINT('Ctrl Pts',(-14.094645213309,8.06518542278272,4.46749835440698));
#2893=CARTESIAN_POINT('Ctrl Pts',(-15.0203793946719,5.56782082254609,4.44102705466731));
#2894=CARTESIAN_POINT('Ctrl Pts',(-15.9461135760348,3.07045622230939,4.41455575492763));
#2895=CARTESIAN_POINT('Ctrl Pts',(-16.2355327160419,0.337219541623321,4.38808445518795));
#2896=CARTESIAN_POINT('Ctrl Pts',(-15.8533493369701,-2.29863887373596,4.36161315544827));
#2897=CARTESIAN_POINT('Ctrl Pts',(-15.4711659578983,-4.93449728909519,4.33514185570859));
#2898=CARTESIAN_POINT('Ctrl Pts',(-14.4173800597477,-7.47297743912768,4.30867055596891));
#2899=CARTESIAN_POINT('Ctrl Pts',(-12.8204746668439,-9.6045747010826,4.28219925622923));
#2900=CARTESIAN_POINT('Ctrl Pts',(-11.2235692739401,-11.7361719630375,4.25572795648955));
#2901=CARTESIAN_POINT('Ctrl Pts',(-9.08354438628324,-13.4608863369149,4.22925665674987));
#2902=CARTESIAN_POINT('Ctrl Pts',(-6.66132290119158,-14.5684317302146,4.20278535701019));
#2903=CARTESIAN_POINT('Ctrl Pts',(-4.23910141609992,-15.6759771235142,4.17631405727051));
#2904=CARTESIAN_POINT('Ctrl Pts',(-1.53468333357346,-16.1663535362361,4.14984275753083));
#2905=CARTESIAN_POINT('Ctrl Pts',(1.1221947130791,-15.9797717411044,4.12337145779115));
#2906=CARTESIAN_POINT('Ctrl Pts',(3.77907275973171,-15.7931899459727,4.09690015805147));
#2907=CARTESIAN_POINT('Ctrl Pts',(6.38841077051041,-14.9296499429875,4.07042885831179));
#2908=CARTESIAN_POINT('Ctrl Pts',(8.6320647659774,-13.4944389934459,4.04395755857211));
#2909=CARTESIAN_POINT('Ctrl Pts',(10.8757187614443,-12.0592280439043,4.01748625883243));
#2910=CARTESIAN_POINT('Ctrl Pts',(12.7536887415995,-10.0523461478064,3.99101495909275));
#2911=CARTESIAN_POINT('Ctrl Pts',(14.0370028981594,-7.71848272064707,3.96454365935307));
#2912=CARTESIAN_POINT('Ctrl Pts',(15.3203170547192,-5.38461929348772,3.93807235961339));
#2913=CARTESIAN_POINT('Ctrl Pts',(16.0089753876837,-2.72377433526699,3.91160105987371));
#2914=CARTESIAN_POINT('Ctrl Pts',(16.0190131130281,-0.0603718187237626,
3.88512976013404));
#2915=CARTESIAN_POINT('Ctrl Pts',(16.0190889280676,-0.0402551129820988,
3.88492982214338));
#2916=CARTESIAN_POINT('Ctrl Pts',(16.0191260291862,-0.020138261336952,3.88472988415273));
#2917=CARTESIAN_POINT('Ctrl Pts',(16.0191244515083,-2.14038460832899E-5,
3.88452994616207));
#2918=CARTESIAN_POINT('Origin',(0.,0.,5.));
#2919=CARTESIAN_POINT('',(16.0189652377358,-0.000178151021410724,2.61547005383792));
#2920=CARTESIAN_POINT('',(16.0165934908574,0.000234383096741064,2.88452994616207));
#2921=CARTESIAN_POINT('',(16.01775,1.96160862670425E-15,5.));
#2922=CARTESIAN_POINT('Ctrl Pts',(16.0189652377358,-0.000178151021410724,
2.61547005383792));
#2923=CARTESIAN_POINT('Ctrl Pts',(16.0190637632019,-0.174201698227592,2.61719959396804));
#2924=CARTESIAN_POINT('Ctrl Pts',(16.0162869918187,-0.348222095761917,2.61892913409815));
#2925=CARTESIAN_POINT('Ctrl Pts',(16.0106148105602,-0.522148066399729,2.62065867422827));
#2926=CARTESIAN_POINT('Ctrl Pts',(15.9237998198835,-3.18415423850104,2.64712997396795));
#2927=CARTESIAN_POINT('Ctrl Pts',(15.1587200026256,-5.82404041884036,2.67360127370763));
#2928=CARTESIAN_POINT('Ctrl Pts',(13.8086578452424,-8.11993803722674,2.70007257344731));
#2929=CARTESIAN_POINT('Ctrl Pts',(12.4585956878591,-10.4158356556131,2.72654387318699));
#2930=CARTESIAN_POINT('Ctrl Pts',(10.5235511903506,-12.3677447120466,2.75301517292667));
#2931=CARTESIAN_POINT('Ctrl Pts',(8.23945498120721,-13.7376783638298,2.77948647266635));
#2932=CARTESIAN_POINT('Ctrl Pts',(5.95535877206382,-15.1076120156129,2.80595777240603));
#2933=CARTESIAN_POINT('Ctrl Pts',(3.32221085128554,-15.8955702627458,2.83242907214571));
#2934=CARTESIAN_POINT('Ctrl Pts',(0.661058225624352,-16.0054811623303,2.85890037188538));
#2935=CARTESIAN_POINT('Ctrl Pts',(-2.00009440003684,-16.1153920619148,2.88537167162507));
#2936=CARTESIAN_POINT('Ctrl Pts',(-4.68925173058098,-15.547255613951,2.91184297136475));
#2937=CARTESIAN_POINT('Ctrl Pts',(-7.07853780247252,-14.3703419511974,2.93831427110442));
#2938=CARTESIAN_POINT('Ctrl Pts',(-9.46782387436404,-13.1934282884438,2.9647855708441));
#2939=CARTESIAN_POINT('Ctrl Pts',(-11.557238687603,-11.4077374109005,2.99125687058378));
#2940=CARTESIAN_POINT('Ctrl Pts',(-13.0920299867766,-9.23098998161718,3.01772817032346));
#2941=CARTESIAN_POINT('Ctrl Pts',(-14.6268212859503,-7.05424255233383,3.04419947006314));
#2942=CARTESIAN_POINT('Ctrl Pts',(-15.6069890710587,-4.48643857131044,3.07067076980282));
#2943=CARTESIAN_POINT('Ctrl Pts',(-15.9130262186922,-1.84065797436383,3.0971420695425));
#2944=CARTESIAN_POINT('Ctrl Pts',(-16.2190633663258,0.805122622582831,3.12361336928218));
#2945=CARTESIAN_POINT('Ctrl Pts',(-15.8509698764846,3.52887983545271,3.15008466902186));
#2946=CARTESIAN_POINT('Ctrl Pts',(-14.8536256103362,5.99851910419058,3.17655596876154));
#2947=CARTESIAN_POINT('Ctrl Pts',(-13.8562813441879,8.4681583729284,3.20302726850122));
#2948=CARTESIAN_POINT('Ctrl Pts',(-12.2296863017324,10.6836796975343,3.2294985682409));
#2949=CARTESIAN_POINT('Ctrl Pts',(-10.172163359348,12.3749552648126,3.25596986798058));
#2950=CARTESIAN_POINT('Ctrl Pts',(-8.11464041696359,14.066230832091,3.28244116772026));
#2951=CARTESIAN_POINT('Ctrl Pts',(-5.62618957465027,15.2332606420419,3.30891246745994));
#2952=CARTESIAN_POINT('Ctrl Pts',(-3.01021562333148,15.7337543871902,3.33538376719962));
#2953=CARTESIAN_POINT('Ctrl Pts',(-0.394241672012702,16.2342481323385,3.36185506693929));
#2954=CARTESIAN_POINT('Ctrl Pts',(2.34925538831153,16.0682058126841,3.38832636667898));
#2955=CARTESIAN_POINT('Ctrl Pts',(4.8857742133378,15.2558721662073,3.41479766641866));
#2956=CARTESIAN_POINT('Ctrl Pts',(7.42229303836411,14.4435385197305,3.44126896615834));
#2957=CARTESIAN_POINT('Ctrl Pts',(9.75183362809243,12.9849135464312,3.46774026589801));
#2958=CARTESIAN_POINT('Ctrl Pts',(11.5903663510926,11.0578403435225,3.49421156563769));
#2959=CARTESIAN_POINT('Ctrl Pts',(13.4288990740928,9.13076714061393,3.52068286537737));
#2960=CARTESIAN_POINT('Ctrl Pts',(14.7764239303649,6.73524570809599,3.54715416511705));
#2961=CARTESIAN_POINT('Ctrl Pts',(15.4686437233039,4.16335040284454,3.57362546485673));
#2962=CARTESIAN_POINT('Ctrl Pts',(15.8333865832444,2.80817324860288,3.5875736611838));
#2963=CARTESIAN_POINT('Ctrl Pts',(16.0161890639718,1.40402725361217,3.60152185751086));
#2964=CARTESIAN_POINT('Ctrl Pts',(16.0163927175847,-6.67145214984894E-5,
3.61547005383792));
#2965=CARTESIAN_POINT('Ctrl Pts',(16.0191244515083,-2.14038460832899E-5,
3.88452994616207));
#2966=CARTESIAN_POINT('Ctrl Pts',(16.0189171484935,2.64328434642898,3.85825858441305));
#2967=CARTESIAN_POINT('Ctrl Pts',(15.3509082140433,5.28669102493442,3.83198722266402));
#2968=CARTESIAN_POINT('Ctrl Pts',(14.0947815474964,7.61246077167022,3.805715860915));
#2969=CARTESIAN_POINT('Ctrl Pts',(12.8290951388958,9.95593077065526,3.77924456117532));
#2970=CARTESIAN_POINT('Ctrl Pts',(10.9663052039704,11.9769106937596,3.75277326143564));
#2971=CARTESIAN_POINT('Ctrl Pts',(8.73353272141496,13.4289922211548,3.72630196169596));
#2972=CARTESIAN_POINT('Ctrl Pts',(6.50076023885958,14.88107374855,3.69983066195628));
#2973=CARTESIAN_POINT('Ctrl Pts',(3.89800520867428,15.764256880236,3.6733593622166));
#2974=CARTESIAN_POINT('Ctrl Pts',(1.24260897927164,15.970859363118,3.64688806247692));
#2975=CARTESIAN_POINT('Ctrl Pts',(-1.41278725013102,16.1774618460001,3.62041676273724));
#2976=CARTESIAN_POINT('Ctrl Pts',(-4.12082467875099,15.707483680078,3.59394546299756));
#2977=CARTESIAN_POINT('Ctrl Pts',(-6.55132538389336,14.6182270329276,3.56747416325788));
#2978=CARTESIAN_POINT('Ctrl Pts',(-8.98182608903574,13.5289703857772,3.5410028635182));
#2979=CARTESIAN_POINT('Ctrl Pts',(-11.1347900707005,11.8204352573985,3.51453156377852));
#2980=CARTESIAN_POINT('Ctrl Pts',(-12.7477168303384,9.70093508304064,3.48806026403884));
#2981=CARTESIAN_POINT('Ctrl Pts',(-14.3606435899763,7.58143490868279,3.46158896429916));
#2982=CARTESIAN_POINT('Ctrl Pts',(-15.4335331275872,5.05096968834581,3.43511766455948));
#2983=CARTESIAN_POINT('Ctrl Pts',(-15.8355732043648,2.41806682311824,3.4086463648198));
#2984=CARTESIAN_POINT('Ctrl Pts',(-16.2376132811424,-0.214836042109348,
3.38217506508013));
#2985=CARTESIAN_POINT('Ctrl Pts',(-15.9688038970866,-2.95017655222751,3.35570376534045));
#2986=CARTESIAN_POINT('Ctrl Pts',(-15.0619196819313,-5.45444785169989,3.32923246560077));
#2987=CARTESIAN_POINT('Ctrl Pts',(-14.1550354667759,-7.95871915117225,3.30276116586109));
#2988=CARTESIAN_POINT('Ctrl Pts',(-12.6100764205211,-10.2319212399988,3.27628986612141));
#2989=CARTESIAN_POINT('Ctrl Pts',(-10.6154119368649,-11.9968935680253,3.24981856638173));
#2990=CARTESIAN_POINT('Ctrl Pts',(-8.62074745320869,-13.7618658960519,3.22334726664205));
#2991=CARTESIAN_POINT('Ctrl Pts',(-6.17637753215114,-15.0186084632784,3.19687596690237));
#2992=CARTESIAN_POINT('Ctrl Pts',(-3.58033239081666,-15.6138927190861,3.17040466716269));
#2993=CARTESIAN_POINT('Ctrl Pts',(-0.984287249482176,-16.2091769748938,
3.14393336742301));
#2994=CARTESIAN_POINT('Ctrl Pts',(1.76343311212926,-16.1430029192826,3.11746206768333));
#2995=CARTESIAN_POINT('Ctrl Pts',(4.32781242298859,-15.4234388352043,3.09099076794365));
#2996=CARTESIAN_POINT('Ctrl Pts',(6.89219173384795,-14.7038747511259,3.06451946820397));
#2997=CARTESIAN_POINT('Ctrl Pts',(9.27322999395518,-13.3309206385805,3.03804816846429));
#2998=CARTESIAN_POINT('Ctrl Pts',(11.1806187096866,-11.4719741605561,3.01157686872461));
#2999=CARTESIAN_POINT('Ctrl Pts',(13.0880074254181,-9.61302768253173,2.98510556898493));
#3000=CARTESIAN_POINT('Ctrl Pts',(14.5217465967738,-7.26808883902846,2.95863426924525));
#3001=CARTESIAN_POINT('Ctrl Pts',(15.3070273321625,-4.72306469617907,2.93216296950557));
#3002=CARTESIAN_POINT('Ctrl Pts',(15.7780443199671,-3.196541057392,2.91628529505774));
#3003=CARTESIAN_POINT('Ctrl Pts',(16.0157663248836,-1.59803301081862,2.90040762060991));
#3004=CARTESIAN_POINT('Ctrl Pts',(16.0165934908574,0.000234383096741064,
2.88452994616207));
#3005=CARTESIAN_POINT('Origin',(0.,0.,5.));
#3006=CARTESIAN_POINT('',(16.0169003551422,0.000338047929655421,1.61547005383792));
#3007=CARTESIAN_POINT('',(16.0180753769911,-0.000397692881368705,1.88452994616207));
#3008=CARTESIAN_POINT('',(16.01775,1.96160862670425E-15,5.));
#3009=CARTESIAN_POINT('Ctrl Pts',(16.0169003551422,0.00033804792965542,
1.61547005383792));
#3010=CARTESIAN_POINT('Ctrl Pts',(16.0155586632744,-1.75180492763708,1.63287733042521));
#3011=CARTESIAN_POINT('Ctrl Pts',(15.728932502745,-3.50437616303637,1.65028460701251));
#3012=CARTESIAN_POINT('Ctrl Pts',(15.1645073153573,-5.16237765939933,1.66769188359981));
#3013=CARTESIAN_POINT('Ctrl Pts',(14.3061841743975,-7.68370570051811,1.69416318333949));
#3014=CARTESIAN_POINT('Ctrl Pts',(12.8054402370024,-9.98633762971212,1.72063448307917));
#3015=CARTESIAN_POINT('Ctrl Pts',(10.8452539616407,-11.7895246604311,1.74710578281885));
#3016=CARTESIAN_POINT('Ctrl Pts',(8.88506768627911,-13.5927116911502,1.77357708255853));
#3017=CARTESIAN_POINT('Ctrl Pts',(6.46543907295093,-14.8964538233942,1.80004838229821));
#3018=CARTESIAN_POINT('Ctrl Pts',(3.88138175094227,-15.5417920756369,1.82651968203789));
#3019=CARTESIAN_POINT('Ctrl Pts',(1.29732442893361,-16.1871303278795,1.85299098177756));
#3020=CARTESIAN_POINT('Ctrl Pts',(-1.45116160175553,-16.1740647001209,1.87946228151724));
#3021=CARTESIAN_POINT('Ctrl Pts',(-4.02896671592016,-15.5041882217441,1.90593358125692));
#3022=CARTESIAN_POINT('Ctrl Pts',(-6.6067718300848,-14.8343117433672,1.9324048809966));
#3023=CARTESIAN_POINT('Ctrl Pts',(-9.0138960277249,-13.5076244143722,1.95887618073628));
#3024=CARTESIAN_POINT('Ctrl Pts',(-10.9568502827789,-11.685882812057,1.98534748047596));
#3025=CARTESIAN_POINT('Ctrl Pts',(-12.8998045378329,-9.86414120974183,2.01181878021564));
#3026=CARTESIAN_POINT('Ctrl Pts',(-14.3785888503007,-7.54734533410656,2.03829007995532));
#3027=CARTESIAN_POINT('Ctrl Pts',(-15.2129021921644,-5.01797091528889,2.064761379695));
#3028=CARTESIAN_POINT('Ctrl Pts',(-16.0472155340282,-2.48859649647121,2.09123267943468));
#3029=CARTESIAN_POINT('Ctrl Pts',(-16.2370579052878,0.253356465528859,2.11770397917436));
#3030=CARTESIAN_POINT('Ctrl Pts',(-15.7592827426137,2.87357489092749,2.14417527891404));
#3031=CARTESIAN_POINT('Ctrl Pts',(-15.2815075799396,5.49379331632612,2.17064657865372));
#3032=CARTESIAN_POINT('Ctrl Pts',(-14.1361148833318,7.99227720512332,2.1971178783934));
#3033=CARTESIAN_POINT('Ctrl Pts',(-12.4627568515632,10.0643984854657,2.22358917813308));
#3034=CARTESIAN_POINT('Ctrl Pts',(-10.7893988197947,12.1365197658082,2.25006047787276));
#3035=CARTESIAN_POINT('Ctrl Pts',(-8.58807545286527,13.7822784376958,2.27653177761244));
#3036=CARTESIAN_POINT('Ctrl Pts',(-6.12718347556748,14.8010150960009,2.30300307735212));
#3037=CARTESIAN_POINT('Ctrl Pts',(-3.66629149826969,15.8197517543061,2.32947437709179));
#3038=CARTESIAN_POINT('Ctrl Pts',(-0.945830910603499,16.2114663990287,2.35594567683148));
#3039=CARTESIAN_POINT('Ctrl Pts',(1.70250566895988,15.9283991556771,2.38241697657115));
#3040=CARTESIAN_POINT('Ctrl Pts',(4.35084224852325,15.6453319123255,2.40888827631083));
#3041=CARTESIAN_POINT('Ctrl Pts',(6.92705481998381,14.6874827808996,2.43535957605051));
#3042=CARTESIAN_POINT('Ctrl Pts',(9.11703822871134,13.1716376791791,2.46183087579019));
#3043=CARTESIAN_POINT('Ctrl Pts',(11.3070216374389,11.6557925774586,2.48830217552987));
#3044=CARTESIAN_POINT('Ctrl Pts',(13.1107758834333,9.58195150544346,2.51477347526955));
#3045=CARTESIAN_POINT('Ctrl Pts',(14.3083779243828,7.20296788750422,2.54124477500923));
#3046=CARTESIAN_POINT('Ctrl Pts',(15.4277329275933,4.97941855789154,2.56598653461879));
#3047=CARTESIAN_POINT('Ctrl Pts',(16.0175557917491,2.48929792207072,2.59072829422836));
#3048=CARTESIAN_POINT('Ctrl Pts',(16.0189652377358,-0.000178151021410724,
2.61547005383792));
#3049=CARTESIAN_POINT('Ctrl Pts',(16.0165934908574,0.000234383096741064,
2.88452994616207));
#3050=CARTESIAN_POINT('Ctrl Pts',(16.0171453781259,1.06660250538969,2.87393632087023));
#3051=CARTESIAN_POINT('Ctrl Pts',(15.9122413300786,2.1328634989193,2.86334269557838));
#3052=CARTESIAN_POINT('Ctrl Pts',(15.7008121483692,3.177565696171,2.85274907028654));
#3053=CARTESIAN_POINT('Ctrl Pts',(15.1724939297656,5.78806250347615,2.82627777054686));
#3054=CARTESIAN_POINT('Ctrl Pts',(13.9790351931366,8.26394667589092,2.79980647080718));
#3055=CARTESIAN_POINT('Ctrl Pts',(12.2659485973243,10.3033456158502,2.7733351710675));
#3056=CARTESIAN_POINT('Ctrl Pts',(10.552862001512,12.3427445558095,2.74686387132782));
#3057=CARTESIAN_POINT('Ctrl Pts',(8.32014754651634,13.9456582633133,2.72039257158814));
#3058=CARTESIAN_POINT('Ctrl Pts',(5.84002932087111,14.9166512127631,2.69392127184846));
#3059=CARTESIAN_POINT('Ctrl Pts',(3.35991109522588,15.8876441622129,2.66744997210878));
#3060=CARTESIAN_POINT('Ctrl Pts',(0.632389098931043,16.2267163536088,2.6409786723691));
#3061=CARTESIAN_POINT('Ctrl Pts',(-2.00998308610067,15.8925263525171,2.61450737262942));
#3062=CARTESIAN_POINT('Ctrl Pts',(-4.65235527113238,15.5583363514255,2.58803607288974));
#3063=CARTESIAN_POINT('Ctrl Pts',(-7.20957764490097,14.5508841578463,2.56156477315006));
#3064=CARTESIAN_POINT('Ctrl Pts',(-9.36986043584851,12.9930035513188,2.53509347341038));
#3065=CARTESIAN_POINT('Ctrl Pts',(-11.5301432267961,11.4351229447912,2.5086221736707));
#3066=CARTESIAN_POINT('Ctrl Pts',(-13.2934864349226,9.32681392531515,2.48215087393102));
#3067=CARTESIAN_POINT('Ctrl Pts',(-14.4448941405615,6.9251324276027,2.45567957419134));
#3068=CARTESIAN_POINT('Ctrl Pts',(-15.5963018462005,4.52345092989025,2.42920827445166));
#3069=CARTESIAN_POINT('Ctrl Pts',(-16.1357740493518,1.82839695394136,2.40273697471198));
#3070=CARTESIAN_POINT('Ctrl Pts',(-15.9975355101666,-0.831434587217287,
2.3762656749723));
#3071=CARTESIAN_POINT('Ctrl Pts',(-15.8592969709813,-3.49126612837594,2.34979437523263));
#3072=CARTESIAN_POINT('Ctrl Pts',(-15.0433476894593,-6.11587523474435,2.32332307549295));
#3073=CARTESIAN_POINT('Ctrl Pts',(-13.6491724201131,-8.38525599596604,2.29685177575327));
#3074=CARTESIAN_POINT('Ctrl Pts',(-12.2549971507669,-10.6546367571877,2.27038047601359));
#3075=CARTESIAN_POINT('Ctrl Pts',(-10.2825958935964,-12.5687891732627,2.24390917627391));
#3076=CARTESIAN_POINT('Ctrl Pts',(-7.97245400634893,-13.8943298862709,2.21743787653423));
#3077=CARTESIAN_POINT('Ctrl Pts',(-5.6623121191014,-15.219870599279,2.19096657679455));
#3078=CARTESIAN_POINT('Ctrl Pts',(-3.01442960177682,-15.9567996092204,2.16449527705487));
#3079=CARTESIAN_POINT('Ctrl Pts',(-0.351649979308928,-16.0152667215971,
2.13802397731519));
#3080=CARTESIAN_POINT('Ctrl Pts',(2.31112964315895,-16.0737338339737,2.11155267757551));
#3081=CARTESIAN_POINT('Ctrl Pts',(4.98880637077017,-15.4537390487856,2.08508137783583));
#3082=CARTESIAN_POINT('Ctrl Pts',(7.35490401444714,-14.2308753353464,2.05861007809615));
#3083=CARTESIAN_POINT('Ctrl Pts',(9.72100165812411,-13.0080116219072,2.03213877835647));
#3084=CARTESIAN_POINT('Ctrl Pts',(11.7755202178669,-11.1822789802168,2.00566747861679));
#3085=CARTESIAN_POINT('Ctrl Pts',(13.2679621698904,-8.97628017221822,1.97919617887711));
#3086=CARTESIAN_POINT('Ctrl Pts',(14.760404121914,-6.7702813642196,1.95272487913743));
#3087=CARTESIAN_POINT('Ctrl Pts',(15.6907694662184,-4.18401638991272,1.92625357939775));
#3088=CARTESIAN_POINT('Ctrl Pts',(15.945623250429,-1.53281604483245,1.89978227965807));
#3089=CARTESIAN_POINT('Ctrl Pts',(15.9945707891813,-1.02362316769717,1.89469816849274));
#3090=CARTESIAN_POINT('Ctrl Pts',(16.0186003767832,-0.512034985296296,1.88961405732741));
#3091=CARTESIAN_POINT('Ctrl Pts',(16.0180753769911,-0.000397692881368705,
1.88452994616207));
#3092=CARTESIAN_POINT('Origin',(0.,0.,5.));
#3093=CARTESIAN_POINT('',(16.0175888304576,-0.000416411883283699,0.615470053837919));
#3094=CARTESIAN_POINT('',(16.0178757955876,0.000411877341938982,0.884529946162074));
#3095=CARTESIAN_POINT('',(16.01775,1.96160862670425E-15,5.));
#3096=CARTESIAN_POINT('Ctrl Pts',(16.0175888304576,-0.000416411883283699,
0.615470053837919));
#3097=CARTESIAN_POINT('Ctrl Pts',(16.0182608573099,-0.666041633508474,0.622083767142715));
#3098=CARTESIAN_POINT('Ctrl Pts',(15.9775508686996,-1.33158536372583,0.628697480447511));
#3099=CARTESIAN_POINT('Ctrl Pts',(15.8948080973473,-1.99186218772426,0.635311193752306));
#3100=CARTESIAN_POINT('Ctrl Pts',(15.5636312529912,-4.63461141402526,0.661782493491986));
#3101=CARTESIAN_POINT('Ctrl Pts',(14.5590934313224,-7.19298532925653,0.688253793231666));
#3102=CARTESIAN_POINT('Ctrl Pts',(13.0036761654257,-9.35504380978797,0.714725092971346));
#3103=CARTESIAN_POINT('Ctrl Pts',(11.4482588995289,-11.5171022903194,0.741196392711025));
#3104=CARTESIAN_POINT('Ctrl Pts',(9.341962189404,-13.282845336151,0.767667692450704));
#3105=CARTESIAN_POINT('Ctrl Pts',(6.94159502133164,-14.4369895723604,0.794138992190383));
#3106=CARTESIAN_POINT('Ctrl Pts',(4.54122785325928,-15.5911338085697,0.820610291930063));
#3107=CARTESIAN_POINT('Ctrl Pts',(1.84679022723941,-16.1336792351568,0.847081591669743));
#3108=CARTESIAN_POINT('Ctrl Pts',(-0.813197266300736,-15.998473248249,0.873552891409423));
#3109=CARTESIAN_POINT('Ctrl Pts',(-3.47318475984088,-15.8632672613412,0.900024191149102));
#3110=CARTESIAN_POINT('Ctrl Pts',(-6.09872212090129,-15.0503098609384,0.926495490888781));
#3111=CARTESIAN_POINT('Ctrl Pts',(-8.3696906886344,-13.658722391842,0.95296679062846));
#3112=CARTESIAN_POINT('Ctrl Pts',(-10.6406592563675,-12.2671349227456,0.97943809036814));
#3113=CARTESIAN_POINT('Ctrl Pts',(-12.5570590307733,-10.2969173849555,1.00590939010782));
#3114=CARTESIAN_POINT('Ctrl Pts',(-13.8852324235179,-7.98828817436575,1.0323806898475));
#3115=CARTESIAN_POINT('Ctrl Pts',(-15.2134058162624,-5.67965896377603,1.05885198958718));
#3116=CARTESIAN_POINT('Ctrl Pts',(-15.9533528273457,-3.0326180803867,1.08532328932686));
#3117=CARTESIAN_POINT('Ctrl Pts',(-16.0148554061809,-0.369906800696581,
1.11179458906654));
#3118=CARTESIAN_POINT('Ctrl Pts',(-16.0763579850162,2.29280447899354,1.13826588880622));
#3119=CARTESIAN_POINT('Ctrl Pts',(-15.4594161316033,4.97118615498444,1.1647371885459));
#3120=CARTESIAN_POINT('Ctrl Pts',(-14.2392505269745,7.33867627750807,1.19120848828558));
#3121=CARTESIAN_POINT('Ctrl Pts',(-13.0190849223457,9.70616640003168,1.21767978802526));
#3122=CARTESIAN_POINT('Ctrl Pts',(-11.1956955665011,11.762764969088,1.24415108776494));
#3123=CARTESIAN_POINT('Ctrl Pts',(-8.99139954639145,13.2577207570157,1.27062238750461));
#3124=CARTESIAN_POINT('Ctrl Pts',(-6.78710352628185,14.7526765449433,1.29709368724429));
#3125=CARTESIAN_POINT('Ctrl Pts',(-4.2019008419073,15.6859895517424,1.32356498698397));
#3126=CARTESIAN_POINT('Ctrl Pts',(-1.55099275314754,15.9438654816703,1.35003628672365));
#3127=CARTESIAN_POINT('Ctrl Pts',(1.09991533561225,16.2017414115982,1.37650758646333));
#3128=CARTESIAN_POINT('Ctrl Pts',(3.81652882875724,15.7841802646551,1.40297888620301));
#3129=CARTESIAN_POINT('Ctrl Pts',(6.267624157304,14.7420932281802,1.42945018594269));
#3130=CARTESIAN_POINT('Ctrl Pts',(8.71871948585075,13.7000061917053,1.45592148568237));
#3131=CARTESIAN_POINT('Ctrl Pts',(10.9042966497993,12.0333932656987,1.48239278542205));
#3132=CARTESIAN_POINT('Ctrl Pts',(12.5578787870433,9.94545652738117,1.50886408516173));
#3133=CARTESIAN_POINT('Ctrl Pts',(14.2114609242873,7.85751978906363,1.53533538490141));
#3134=CARTESIAN_POINT('Ctrl Pts',(15.3330480348268,5.34825923843513,1.56180668464109));
#3135=CARTESIAN_POINT('Ctrl Pts',(15.7858904178342,2.7236168865991,1.58827798438077));
#3136=CARTESIAN_POINT('Ctrl Pts',(15.9409479285846,1.82491454565937,1.59734200753315));
#3137=CARTESIAN_POINT('Ctrl Pts',(16.0175989782778,0.912684354210131,1.60640603068554));
#3138=CARTESIAN_POINT('Ctrl Pts',(16.0169003551422,0.00033804792965542,
1.61547005383792));
#3139=CARTESIAN_POINT('Ctrl Pts',(16.0180753769911,-0.000397692881368705,
1.88452994616207));
#3140=CARTESIAN_POINT('Ctrl Pts',(16.0158668750148,2.1518926286126,1.86314275758773));
#3141=CARTESIAN_POINT('Ctrl Pts',(15.5791381814848,4.30505200534139,1.84175556901338));
#3142=CARTESIAN_POINT('Ctrl Pts',(14.7349386934462,6.28442579495356,1.82036838043903));
#3143=CARTESIAN_POINT('Ctrl Pts',(13.6900581281363,8.73433157380559,1.79389708069936));
#3144=CARTESIAN_POINT('Ctrl Pts',(12.0209547733998,10.918007415656,1.76742578095968));
#3145=CARTESIAN_POINT('Ctrl Pts',(9.93113433877777,12.5692082732639,1.74095448122));
#3146=CARTESIAN_POINT('Ctrl Pts',(7.84131390415579,14.2204091308717,1.71448318148032));
#3147=CARTESIAN_POINT('Ctrl Pts',(5.33077638964842,15.339135004237,1.68801188174064));
#3148=CARTESIAN_POINT('Ctrl Pts',(2.70561950747066,15.7889850514095,1.66154058200096));
#3149=CARTESIAN_POINT('Ctrl Pts',(0.0804626252928636,16.2388350985821,1.63506928226128));
#3150=CARTESIAN_POINT('Ctrl Pts',(-2.65931362455526,16.0198093195618,1.6085979825216));
#3151=CARTESIAN_POINT('Ctrl Pts',(-5.17966155829416,15.1586124698565,1.58212668278192));
#3152=CARTESIAN_POINT('Ctrl Pts',(-7.70000949203304,14.2974156201512,1.55565538304224));
#3153=CARTESIAN_POINT('Ctrl Pts',(-10.0009291096627,12.794047699761,1.52918408330256));
#3154=CARTESIAN_POINT('Ctrl Pts',(-11.8018803964832,10.8318070968074,1.50271278356288));
#3155=CARTESIAN_POINT('Ctrl Pts',(-13.6028316833037,8.86956649385385,1.4762414838232));
#3156=CARTESIAN_POINT('Ctrl Pts',(-14.9038146393151,6.44845320833692,1.44977018408352));
#3157=CARTESIAN_POINT('Ctrl Pts',(-15.5462066972768,3.86366188912158,1.42329888434384));
#3158=CARTESIAN_POINT('Ctrl Pts',(-16.1885987552385,1.27887056990623,1.39682758460416));
#3159=CARTESIAN_POINT('Ctrl Pts',(-16.1723999151505,-1.46959878300752,1.37035628486448));
#3160=CARTESIAN_POINT('Ctrl Pts',(-15.4995852227902,-4.04663857958021,1.3438849851248));
#3161=CARTESIAN_POINT('Ctrl Pts',(-14.82677053043,-6.6236783761529,1.31741368538512));
#3162=CARTESIAN_POINT('Ctrl Pts',(-13.4973399857974,-9.02928861638453,1.29094238564544));
#3163=CARTESIAN_POINT('Ctrl Pts',(-11.673384634541,-10.9701648601695,1.26447108590577));
#3164=CARTESIAN_POINT('Ctrl Pts',(-9.84942928328472,-12.9110411039544,1.23799978616609));
#3165=CARTESIAN_POINT('Ctrl Pts',(-7.53094912540468,-14.3871833512926,1.21152848642641));
#3166=CARTESIAN_POINT('Ctrl Pts',(-5.00062524525488,-15.2186127154012,1.18505718668673));
#3167=CARTESIAN_POINT('Ctrl Pts',(-2.47030136510508,-16.0500420795098,1.15858588694705));
#3168=CARTESIAN_POINT('Ctrl Pts',(0.271866237314475,-16.2367585603887,1.13211458720737));
#3169=CARTESIAN_POINT('Ctrl Pts',(2.89153830812045,-15.7559967058318,1.10564328746769));
#3170=CARTESIAN_POINT('Ctrl Pts',(5.51121037892642,-15.2752348512748,1.07917198772801));
#3171=CARTESIAN_POINT('Ctrl Pts',(8.00838691811881,-14.1269946612821,1.05270068798833));
#3172=CARTESIAN_POINT('Ctrl Pts',(10.0785992603629,-12.4512755420599,1.02622938824865));
#3173=CARTESIAN_POINT('Ctrl Pts',(12.148811602607,-10.7755564228377,0.999758088508971));
#3174=CARTESIAN_POINT('Ctrl Pts',(13.7920597479027,-8.57235837438601,0.973286788769292));
#3175=CARTESIAN_POINT('Ctrl Pts',(14.8079903726672,-6.11030664143507,0.946815489029613));
#3176=CARTESIAN_POINT('Ctrl Pts',(15.6048003908314,-4.17928159087251,0.9260536414071));
#3177=CARTESIAN_POINT('Ctrl Pts',(16.0157156462313,-2.08902253535832,0.905291793784587));
#3178=CARTESIAN_POINT('Ctrl Pts',(16.0178757955876,0.000411877341938982,
0.884529946162074));
#3179=CARTESIAN_POINT('Origin',(0.,0.,-2.29166315536291));
#3180=CARTESIAN_POINT('',(16.5799377951562,-0.00013308026076705,9.20833684463708));
#3181=CARTESIAN_POINT('',(16.579779644594,0.000223614567924219,9.29166315536293));
#3182=CARTESIAN_POINT('',(16.5786,-7.69746748622402E-13,-2.29166315536291));
#3183=CARTESIAN_POINT('',(4.2910090250692,16.014932474311,10.));
#3184=CARTESIAN_POINT('Ctrl Pts',(16.5799377951562,-0.000133080260766878,
9.20833684463708));
#3185=CARTESIAN_POINT('Ctrl Pts',(16.5799922295906,-0.127720730548813,9.20956199956088));
#3186=CARTESIAN_POINT('Ctrl Pts',(16.5473936583928,-3.01200200947976,9.23725845422435));
#3187=CARTESIAN_POINT('Ctrl Pts',(14.9802365778302,-8.61825326547848,9.2914262086275));
#3188=CARTESIAN_POINT('Ctrl Pts',(9.02973316795964,-14.7358631418075,9.37084010784654));
#3189=CARTESIAN_POINT('Ctrl Pts',(0.877327162009494,-17.2601306966963,9.45025400706557));
#3190=CARTESIAN_POINT('Ctrl Pts',(-7.4890171094669,-15.575503911763,9.52966790628462));
#3191=CARTESIAN_POINT('Ctrl Pts',(-14.0291586542385,-10.0927960778076,9.60908180550365));
#3192=CARTESIAN_POINT('Ctrl Pts',(-17.1482916114049,-2.14893548701528,9.6884957047227));
#3193=CARTESIAN_POINT('Ctrl Pts',(-16.0857952548505,6.31890311167857,9.76790960394173));
#3194=CARTESIAN_POINT('Ctrl Pts',(-11.1007966198371,13.2459536514958,9.84732350316077));
#3195=CARTESIAN_POINT('Ctrl Pts',(-3.60742155446478,16.847370243573,9.92468696851353));
#3196=CARTESIAN_POINT('Ctrl Pts',(1.83397196870317,16.6715532539049,9.9755791341266));
#3197=CARTESIAN_POINT('Ctrl Pts',(4.2910090250692,16.014932474311,10.));
#3198=CARTESIAN_POINT('',(-4.2905041231334,16.0137925654535,10.));
#3199=CARTESIAN_POINT('Origin',(0.,0.,10.));
#3200=CARTESIAN_POINT('Ctrl Pts',(16.579779644594,0.000223614567924219,
9.29166315536293));
#3201=CARTESIAN_POINT('Ctrl Pts',(16.5780995183935,-2.53481239237929,9.31600503899119));
#3202=CARTESIAN_POINT('Ctrl Pts',(15.3460106196022,-7.82822972275543,9.36681822235913));
#3203=CARTESIAN_POINT('Ctrl Pts',(9.9428529307676,-14.1358062759677,9.44410270546672));
#3204=CARTESIAN_POINT('Ctrl Pts',(1.96623121648267,-17.170233269525,9.52351660468577));
#3205=CARTESIAN_POINT('Ctrl Pts',(-6.4898121877591,-16.0175398813699,9.60293050390482));
#3206=CARTESIAN_POINT('Ctrl Pts',(-13.3633986761296,-10.959260282185,9.68234440312384));
#3207=CARTESIAN_POINT('Ctrl Pts',(-16.9781494681471,-3.22798726183483,9.76175830234288));
#3208=CARTESIAN_POINT('Ctrl Pts',(-16.4530956466294,5.2893111002518,9.84117220156193));
#3209=CARTESIAN_POINT('Ctrl Pts',(-11.9153136134239,12.5190759171544,9.92058610078095));
#3210=CARTESIAN_POINT('Ctrl Pts',(-6.953983464296,15.3001784076311,9.97352870026032));
#3211=CARTESIAN_POINT('Ctrl Pts',(-4.2905041231334,16.0137925654535,10.));
#3212=CARTESIAN_POINT('Origin',(0.,0.,-2.29166315536291));
#3213=CARTESIAN_POINT('',(16.5776025858864,0.000318506633737082,8.20833684463709));
#3214=CARTESIAN_POINT('',(16.5771817609168,3.04021548447331E-5,8.29166315536292));
#3215=CARTESIAN_POINT('',(16.5786,-7.69746748622402E-13,-2.29166315536291));
#3216=CARTESIAN_POINT('Ctrl Pts',(16.5776025858864,0.000318506633736754,
8.20833684463708));
#3217=CARTESIAN_POINT('Ctrl Pts',(16.5763869833576,-1.76066349053581,8.22523973601806));
#3218=CARTESIAN_POINT('Ctrl Pts',(15.8593651041603,-6.28045277406499,8.26861392713871));
#3219=CARTESIAN_POINT('Ctrl Pts',(11.8209190523282,-12.6074438558432,8.33845941799904));
#3220=CARTESIAN_POINT('Ctrl Pts',(4.34669528044303,-16.726864857037,8.41787331721808));
#3221=CARTESIAN_POINT('Ctrl Pts',(-4.18747160941569,-16.7674341910471,8.49728721643712));
#3222=CARTESIAN_POINT('Ctrl Pts',(-11.7005221277873,-12.71925900891,8.57670111565616));
#3223=CARTESIAN_POINT('Ctrl Pts',(-16.3603963558827,-5.56948820772152,8.65611501487519));
#3224=CARTESIAN_POINT('Ctrl Pts',(-17.0307823864017,2.93840418945178,8.73552891409424));
#3225=CARTESIAN_POINT('Ctrl Pts',(-13.5482063514803,10.7297657136606,8.81494281331326));
#3226=CARTESIAN_POINT('Ctrl Pts',(-6.76189561180502,15.9046702582947,8.89435671253232));
#3227=CARTESIAN_POINT('Ctrl Pts',(1.67330568325326,17.2012155109956,8.97377061175134));
#3228=CARTESIAN_POINT('Ctrl Pts',(9.70047078673859,14.3032386348442,9.05318451097039));
#3229=CARTESIAN_POINT('Ctrl Pts',(15.2748271688001,8.01592905856798,9.13137325526563));
#3230=CARTESIAN_POINT('Ctrl Pts',(16.5788160924335,2.62900078136934,9.1830906998212));
#3231=CARTESIAN_POINT('Ctrl Pts',(16.5799377951562,-0.000133080260766878,
9.20833684463708));
#3232=CARTESIAN_POINT('Ctrl Pts',(16.5771817609168,3.04021548444555E-5,
8.29166315536292));
#3233=CARTESIAN_POINT('Ctrl Pts',(16.5770917042377,-1.41156725063243,8.30521147570868));
#3234=CARTESIAN_POINT('Ctrl Pts',(16.0501616480506,-5.58127202823467,8.34523109579411));
#3235=CARTESIAN_POINT('Ctrl Pts',(12.5939600257969,-11.8352836036341,8.41172201561923));
#3236=CARTESIAN_POINT('Ctrl Pts',(5.39497981392894,-16.4187685182057,8.49113591483827));
#3237=CARTESIAN_POINT('Ctrl Pts',(-3.11956806365818,-16.9985311902065,8.5705498140573));
#3238=CARTESIAN_POINT('Ctrl Pts',(-10.8734081946779,-13.4331962104881,8.64996371327635));
#3239=CARTESIAN_POINT('Ctrl Pts',(-15.9757640811827,-6.59217188731508,8.72937761249538));
#3240=CARTESIAN_POINT('Ctrl Pts',(-17.1824244175845,1.85635599570525,8.80879151171443));
#3241=CARTESIAN_POINT('Ctrl Pts',(-14.1991448499516,9.85221043462729,8.88820541093345));
#3242=CARTESIAN_POINT('Ctrl Pts',(-7.75339876775438,15.4456008008597,8.96761931015251));
#3243=CARTESIAN_POINT('Ctrl Pts',(0.583015793908502,17.2725746590493,9.04703320937153));
#3244=CARTESIAN_POINT('Ctrl Pts',(8.77726260657884,14.8876282573337,9.12644710859058));
#3245=CARTESIAN_POINT('Ctrl Pts',(14.8311693119647,8.87232299255712,9.20586100780961));
#3246=CARTESIAN_POINT('Ctrl Pts',(16.5214068980491,3.20047288704947,9.2609330234004));
#3247=CARTESIAN_POINT('Ctrl Pts',(16.5799266212148,0.221987328447831,9.2895337392515));
#3248=CARTESIAN_POINT('Ctrl Pts',(16.579779644594,0.000223614567924219,
9.29166315536293));
#3249=CARTESIAN_POINT('Origin',(0.,0.,-2.29166315536291));
#3250=CARTESIAN_POINT('',(16.5785980765758,-0.000430678733680664,7.20833684463708));
#3251=CARTESIAN_POINT('',(16.5796341217505,-0.000277439947828917,7.29166315536293));
#3252=CARTESIAN_POINT('',(16.5786,-7.69746748622402E-13,-2.29166315536291));
#3253=CARTESIAN_POINT('Ctrl Pts',(16.5785980765758,-0.000430678733680384,
7.20833684463708));
#3254=CARTESIAN_POINT('Ctrl Pts',(16.5792522107259,-0.636804782054496,7.21444617273555));
#3255=CARTESIAN_POINT('Ctrl Pts',(16.3875908444597,-4.03015254166656,7.24702680057371));
#3256=CARTESIAN_POINT('Ctrl Pts',(14.1244812797337,-9.95895558751783,7.30607872815154));
#3257=CARTESIAN_POINT('Ctrl Pts',(7.63675875932863,-15.5036022739078,7.38549262737058));
#3258=CARTESIAN_POINT('Ctrl Pts',(-0.713189974517045,-17.2676902878163,
7.46490652658962));
#3259=CARTESIAN_POINT('Ctrl Pts',(-8.88922709120088,-14.8210461687685,7.54432042580866));
#3260=CARTESIAN_POINT('Ctrl Pts',(-14.8976231669474,-8.76028491496309,7.62373432502769));
#3261=CARTESIAN_POINT('Ctrl Pts',(-17.27322878096,-0.563325213627483,7.70314822424673));
#3262=CARTESIAN_POINT('Ctrl Pts',(-15.4367516985853,7.77100153210364,7.78256212346577));
#3263=CARTESIAN_POINT('Ctrl Pts',(-9.8360174791921,14.2103669187197,7.86197602268481));
#3264=CARTESIAN_POINT('Ctrl Pts',(-1.83676706165251,17.1845295128235,7.94138992190385));
#3265=CARTESIAN_POINT('Ctrl Pts',(6.61037962681002,15.9682387571359,8.02080382112289));
#3266=CARTESIAN_POINT('Ctrl Pts',(13.4455830013772,10.8580875649913,8.10021772034192));
#3267=CARTESIAN_POINT('Ctrl Pts',(16.2450927719599,4.75142207022586,8.16272872818));
#3268=CARTESIAN_POINT('Ctrl Pts',(16.5782907155759,0.99717723816503,8.19876843627838));
#3269=CARTESIAN_POINT('Ctrl Pts',(16.5776025858864,0.000318506633736754,
8.20833684463708));
#3270=CARTESIAN_POINT('Ctrl Pts',(16.5796341217505,-0.000277439947828466,
7.29166315536293));
#3271=CARTESIAN_POINT('Ctrl Pts',(16.5798605445945,-0.287173125423581,7.29441791242618));
#3272=CARTESIAN_POINT('Ctrl Pts',(16.5024843953919,-3.33081472083354,7.32364396922912));
#3273=CARTESIAN_POINT('Ctrl Pts',(14.7255605153109,-9.04652610461614,7.37934132577173));
#3274=CARTESIAN_POINT('Ctrl Pts',(8.60117011585437,-14.990051357142,7.45875522499076));
#3275=CARTESIAN_POINT('Ctrl Pts',(0.379381466593639,-17.2782475024034,7.53816912420981));
#3276=CARTESIAN_POINT('Ctrl Pts',(-7.93491948196487,-15.353137134361,7.61758302342884));
#3277=CARTESIAN_POINT('Ctrl Pts',(-14.3142876237419,-9.68415906912511,7.69699692264788));
#3278=CARTESIAN_POINT('Ctrl Pts',(-17.2031118738438,-1.65369553057617,7.77641082186692));
#3279=CARTESIAN_POINT('Ctrl Pts',(-15.8969514591153,6.780022224025,7.85582472108596));
#3280=CARTESIAN_POINT('Ctrl Pts',(-10.7143140397328,13.5604292597304,7.935238620305));
#3281=CARTESIAN_POINT('Ctrl Pts',(-2.91898750795863,17.0341210217678,8.01465251952403));
#3282=CARTESIAN_POINT('Ctrl Pts',(5.58813511743427,16.3540365950348,8.09406641874307));
#3283=CARTESIAN_POINT('Ctrl Pts',(12.7325890995564,11.6860147992628,8.17348031796212));
#3284=CARTESIAN_POINT('Ctrl Pts',(16.0830240931081,5.45089646994143,8.2393458968354));
#3285=CARTESIAN_POINT('Ctrl Pts',(16.5772676609087,1.346473866285,8.278740175969));
#3286=CARTESIAN_POINT('Ctrl Pts',(16.5771817609168,3.04021548444555E-5,
8.29166315536292));
#3287=CARTESIAN_POINT('Origin',(0.,0.,-2.29166315536291));
#3288=CARTESIAN_POINT('',(16.5790671016599,0.000397319378636508,6.20833684463708));
#3289=CARTESIAN_POINT('',(16.5779948684352,0.000399189363278762,6.29166315536293));
#3290=CARTESIAN_POINT('',(16.5786,-7.69746748622402E-13,-2.29166315536291));
#3291=CARTESIAN_POINT('Ctrl Pts',(16.5790671016599,0.000397319378636282,
6.20833684463708));
#3292=CARTESIAN_POINT('Ctrl Pts',(16.5767759589714,-2.26885281943233,6.23012390919274));
#3293=CARTESIAN_POINT('Ctrl Pts',(15.5366919368115,-7.2972788434426,6.27838227348806));
#3294=CARTESIAN_POINT('Ctrl Pts',(10.6117991350992,-13.6408022832973,6.35311193752309));
#3295=CARTESIAN_POINT('Ctrl Pts',(2.79051138242068,-17.0556387754983,6.43252583674211));
#3296=CARTESIAN_POINT('Ctrl Pts',(-5.71124351725263,-16.3114519679378,6.51193973596116));
#3297=CARTESIAN_POINT('Ctrl Pts',(-12.8203097482969,-11.5897120660275,6.59135363518019));
#3298=CARTESIAN_POINT('Ctrl Pts',(-16.8031390992588,-4.04181694620881,6.67076753439923));
#3299=CARTESIAN_POINT('Ctrl Pts',(-16.6885172821445,4.49167660671005,6.75018143361827));
#3300=CARTESIAN_POINT('Ctrl Pts',(-12.5043948659308,11.9298732957473,6.82959533283731));
#3301=CARTESIAN_POINT('Ctrl Pts',(-5.27107152084104,16.4589663356445,6.90900923205634));
#3302=CARTESIAN_POINT('Ctrl Pts',(3.24760440227007,16.9745348525978,6.98842313127539));
#3303=CARTESIAN_POINT('Ctrl Pts',(10.9743508904747,13.3508572888949,7.06783703049443));
#3304=CARTESIAN_POINT('Ctrl Pts',(15.6364508247403,7.00079378063755,7.14114160161499));
#3305=CARTESIAN_POINT('Ctrl Pts',(16.5764178923067,2.1205605720479,7.18797487299587));
#3306=CARTESIAN_POINT('Ctrl Pts',(16.5785980765758,-0.000430678733680384,
7.20833684463708));
#3307=CARTESIAN_POINT('Ctrl Pts',(16.5779948684352,0.000399189363278415,
6.29166315536293));
#3308=CARTESIAN_POINT('Ctrl Pts',(16.5762762699397,-1.91980998253062,6.31009564888336));
#3309=CARTESIAN_POINT('Ctrl Pts',(15.7641174731544,-6.59908879554683,6.35499944214347));
#3310=CARTESIAN_POINT('Ctrl Pts',(11.4525544890113,-12.9429812148445,6.42637453514326));
#3311=CARTESIAN_POINT('Ctrl Pts',(3.86268116946111,-16.8452207238338,6.50578843436231));
#3312=CARTESIAN_POINT('Ctrl Pts',(-4.66910826327609,-16.6397474463225,6.58520233358134));
#3313=CARTESIAN_POINT('Ctrl Pts',(-12.0623340625028,-12.3766661107172,6.66461623280038));
#3314=CARTESIAN_POINT('Ctrl Pts',(-16.5141556096925,-5.09553054651332,6.74403013201942));
#3315=CARTESIAN_POINT('Ctrl Pts',(-16.9389947107445,3.42815186958799,6.82344403123846));
#3316=CARTESIAN_POINT('Ctrl Pts',(-13.2332542067845,11.1158782896454,6.9028579304575));
#3317=CARTESIAN_POINT('Ctrl Pts',(-6.30058017649138,16.092994018864,6.98227182967654));
#3318=CARTESIAN_POINT('Ctrl Pts',(2.16849246665752,17.1458276987039,7.06168572889557));
#3319=CARTESIAN_POINT('Ctrl Pts',(10.1087774863758,14.0176454792711,7.14109962811462));
#3320=CARTESIAN_POINT('Ctrl Pts',(15.3941047099891,7.69834076021685,7.21775877027039));
#3321=CARTESIAN_POINT('Ctrl Pts',(16.5776847785171,2.46969490680768,7.2679466126865));
#3322=CARTESIAN_POINT('Ctrl Pts',(16.5796341217505,-0.000277439947828466,
7.29166315536293));
#3323=CARTESIAN_POINT('Origin',(0.,0.,-2.29166315536291));
#3324=CARTESIAN_POINT('',(16.577341149898,-0.000209287592774455,5.20833684463708));
#3325=CARTESIAN_POINT('',(16.578112366159,-0.000412617662963744,5.29166315536292));
#3326=CARTESIAN_POINT('',(16.5786,-7.69746748622402E-13,-2.29166315536291));
#3327=CARTESIAN_POINT('Ctrl Pts',(16.577341149898,-0.000209287592773805,
5.20833684463708));
#3328=CARTESIAN_POINT('Ctrl Pts',(16.5778501501029,-1.14558918685711,5.21933034591023));
#3329=CARTESIAN_POINT('Ctrl Pts',(16.1791508551026,-5.04858497226017,5.25679514692307));
#3330=CARTESIAN_POINT('Ctrl Pts',(13.1490933416246,-11.2153070447912,5.32073124767557));
#3331=CARTESIAN_POINT('Ctrl Pts',(6.17910165853805,-16.1400269674234,5.40014514689462));
#3332=CARTESIAN_POINT('Ctrl Pts',(-2.29766605960234,-17.1289958402194,5.47955904611365));
#3333=CARTESIAN_POINT('Ctrl Pts',(-10.2141471298638,-13.9410532681428,5.55897294533269));
#3334=CARTESIAN_POINT('Ctrl Pts',(-15.6399049584181,-7.35358012857345,5.63838684455174));
#3335=CARTESIAN_POINT('Ctrl Pts',(-17.2518666586467,1.02706601928785,5.71780074377077));
#3336=CARTESIAN_POINT('Ctrl Pts',(-14.6569548232581,9.1572617700202,5.79721464298981));
#3337=CARTESIAN_POINT('Ctrl Pts',(-8.48793958336639,15.0544561324819,5.87662854220885));
#3338=CARTESIAN_POINT('Ctrl Pts',(-0.249137397417781,17.2806162613753,5.95604244142788));
#3339=CARTESIAN_POINT('Ctrl Pts',(8.05041702738519,15.2928922542758,6.03545634064693));
#3340=CARTESIAN_POINT('Ctrl Pts',(14.3868745297914,9.57599128444371,6.11487023986596));
#3341=CARTESIAN_POINT('Ctrl Pts',(16.4391724279147,3.73303638859023,6.17249707452935));
#3342=CARTESIAN_POINT('Ctrl Pts',(16.5795596990525,0.488287797438322,6.20365260945306));
#3343=CARTESIAN_POINT('Ctrl Pts',(16.5790671016599,0.000397319378636282,
6.20833684463708));
#3344=CARTESIAN_POINT('Ctrl Pts',(16.578112366159,-0.000412617662961731,
5.29166315536292));
#3345=CARTESIAN_POINT('Ctrl Pts',(16.5788567255148,-0.796183711428229,5.29930208560086));
#3346=CARTESIAN_POINT('Ctrl Pts',(16.3276206338757,-4.34908631050167,5.33341231557848));
#3347=CARTESIAN_POINT('Ctrl Pts',(13.8315107854761,-10.3620015654722,5.39399384529576));
#3348=CARTESIAN_POINT('Ctrl Pts',(7.18664183250969,-15.7173135816148,5.4734077445148));
#3349=CARTESIAN_POINT('Ctrl Pts',(-1.21069216863695,-17.2399533504123,5.55282164373384));
#3350=CARTESIAN_POINT('Ctrl Pts',(-9.31279847385977,-14.5586246478459,5.63223554295288));
#3351=CARTESIAN_POINT('Ctrl Pts',(-15.143975712831,-8.32717038739902,5.71164944217191));
#3352=CARTESIAN_POINT('Ctrl Pts',(-17.2822893382055,-0.0651328038561104,
5.79106334139097));
#3353=CARTESIAN_POINT('Ctrl Pts',(-15.2063108472347,8.21278743599662,5.87047724060999));
#3354=CARTESIAN_POINT('Ctrl Pts',(-9.42226829900199,14.4880166742454,5.94989113982904));
#3355=CARTESIAN_POINT('Ctrl Pts',(-1.34060243053057,17.2303381329226,6.02930503904807));
#3356=CARTESIAN_POINT('Ctrl Pts',(7.06796979528607,15.7710357942817,6.10871893826712));
#3357=CARTESIAN_POINT('Ctrl Pts',(13.7530151894466,10.4659610285172,6.18813283748614));
#3358=CARTESIAN_POINT('Ctrl Pts',(16.3111505293473,4.43246710429854,6.24911424318476));
#3359=CARTESIAN_POINT('Ctrl Pts',(16.578744386142,0.837843641257929,6.28362434914368));
#3360=CARTESIAN_POINT('Ctrl Pts',(16.5779948684352,0.000399189363278415,
6.29166315536293));
#3361=CARTESIAN_POINT('Origin',(0.,0.,-2.29166315536291));
#3362=CARTESIAN_POINT('',(16.5800225769396,-2.21532866023408E-5,4.20833684463708));
#3363=CARTESIAN_POINT('',(16.5795290586468,0.000308745983267356,4.29166315536292));
#3364=CARTESIAN_POINT('',(16.5786,-7.69746748622402E-13,-2.29166315536291));
#3365=CARTESIAN_POINT('Ctrl Pts',(16.5800225769396,-2.21532866024037E-5,
4.20833684463708));
#3366=CARTESIAN_POINT('Ctrl Pts',(16.5800242098588,-0.0208433880790582,
4.20853678262773));
#3367=CARTESIAN_POINT('Ctrl Pts',(16.5749017189874,-2.79834425122345,4.23520802035807));
#3368=CARTESIAN_POINT('Ctrl Pts',(15.1439757322023,-8.32717039805052,4.28835055782807));
#3369=CARTESIAN_POINT('Ctrl Pts',(9.31279848577223,-14.5586246664683,4.36776445704712));
#3370=CARTESIAN_POINT('Ctrl Pts',(1.2106921701857,-17.2399533724646,4.44717835626615));
#3371=CARTESIAN_POINT('Ctrl Pts',(-7.18664184170231,-15.7173136017194,4.52659225548519));
#3372=CARTESIAN_POINT('Ctrl Pts',(-13.8315108031685,-10.3620015787267,4.60600615470423));
#3373=CARTESIAN_POINT('Ctrl Pts',(-17.1035611643767,-2.47991195652733,4.68542005392327));
#3374=CARTESIAN_POINT('Ctrl Pts',(-16.2049023350427,6.00690503732414,4.76483395314232));
#3375=CARTESIAN_POINT('Ctrl Pts',(-11.3546725754763,13.0289362006047,4.84424785236134));
#3376=CARTESIAN_POINT('Ctrl Pts',(-3.7356020574852,16.8738568526527,4.92366175158039));
#3377=CARTESIAN_POINT('Ctrl Pts',(4.79439628913918,16.6040817884757,5.00307565079942));
#3378=CARTESIAN_POINT('Ctrl Pts',(12.1552794746553,12.2853957489665,5.08248955001847));
#3379=CARTESIAN_POINT('Ctrl Pts',(15.9434296309744,5.98347746771743,5.15090994796435));
#3380=CARTESIAN_POINT('Ctrl Pts',(16.576624526286,1.61237607606327,5.19285904617055));
#3381=CARTESIAN_POINT('Ctrl Pts',(16.577341149898,-0.000209287592773805,
5.20833684463708));
#3382=CARTESIAN_POINT('Ctrl Pts',(16.5795290586468,0.000308745983266905,
4.29166315536292));
#3383=CARTESIAN_POINT('Ctrl Pts',(16.5774519211263,-2.42806286164192,4.31497982205804));
#3384=CARTESIAN_POINT('Ctrl Pts',(15.4243724550036,-7.61526051295267,4.36476778849283));
#3385=CARTESIAN_POINT('Ctrl Pts',(10.2141471167986,-13.9410532503102,4.44102705466731));
#3386=CARTESIAN_POINT('Ctrl Pts',(2.29766605666342,-17.128995818309,4.52044095388634));
#3387=CARTESIAN_POINT('Ctrl Pts',(-6.17910165063402,-16.1400269467781,4.59985485310538));
#3388=CARTESIAN_POINT('Ctrl Pts',(-13.149093324805,-11.2153070304454,4.67926875232443));
#3389=CARTESIAN_POINT('Ctrl Pts',(-16.9126741322564,-3.55573069110901,4.75868265154345));
#3390=CARTESIAN_POINT('Ctrl Pts',(-16.5520936166867,4.97091178316707,4.8380965507625));
#3391=CARTESIAN_POINT('Ctrl Pts',(-12.1552794591071,12.2853957332517,4.91751044998153));
#3392=CARTESIAN_POINT('Ctrl Pts',(-4.79439628300657,16.6040817672367,4.99692434920058));
#3393=CARTESIAN_POINT('Ctrl Pts',(3.73560205270673,16.8738568310687,5.0763382484196));
#3394=CARTESIAN_POINT('Ctrl Pts',(11.354672560952,13.0289361839389,5.15575214763866));
#3395=CARTESIAN_POINT('Ctrl Pts',(15.7383521626626,6.68236369171107,5.22752711661975));
#3396=CARTESIAN_POINT('Ctrl Pts',(16.5762772858539,1.96141381742775,5.27283078586118));
#3397=CARTESIAN_POINT('Ctrl Pts',(16.578112366159,-0.000412617662961731,
5.29166315536292));
#3398=CARTESIAN_POINT('Origin',(0.,0.,-2.29166315536291));
#3399=CARTESIAN_POINT('',(16.5774029965213,0.000242589852360474,3.20833684463708));
#3400=CARTESIAN_POINT('',(16.5771951933168,-6.90504830935801E-5,3.29166315536292));
#3401=CARTESIAN_POINT('',(16.5786,-7.69746748622402E-13,-2.29166315536291));
#3402=CARTESIAN_POINT('Ctrl Pts',(16.5774029965213,0.000242589852360309,
3.20833684463708));
#3403=CARTESIAN_POINT('Ctrl Pts',(16.5765468679256,-1.6539869877578,3.22421451908491));
#3404=CARTESIAN_POINT('Ctrl Pts',(15.9202932230868,-6.06681672237316,3.26656349327242));
#3405=CARTESIAN_POINT('Ctrl Pts',(12.0623340779323,-12.3766661265486,3.33538376719962));
#3406=CARTESIAN_POINT('Ctrl Pts',(4.66910826924863,-16.639747467607,3.41479766641865));
#3407=CARTESIAN_POINT('Ctrl Pts',(-3.86268117440191,-16.8452207453812,3.4942115656377));
#3408=CARTESIAN_POINT('Ctrl Pts',(-11.4525545036607,-12.9429812314004,3.57362546485673));
#3409=CARTESIAN_POINT('Ctrl Pts',(-16.2497185331106,-5.8845913545788,3.65303936407577));
#3410=CARTESIAN_POINT('Ctrl Pts',(-17.0843831872301,2.60875811979407,3.73245326329481));
#3411=CARTESIAN_POINT('Ctrl Pts',(-13.7530152070387,10.4659610419046,3.81186716251385));
#3412=CARTESIAN_POINT('Ctrl Pts',(-7.06796980432709,15.771035814455,3.89128106173288));
#3413=CARTESIAN_POINT('Ctrl Pts',(1.34060243224528,17.2303381549626,3.97069496095193));
#3414=CARTESIAN_POINT('Ctrl Pts',(9.4222683110543,14.4880166927776,4.05010886017096));
#3415=CARTESIAN_POINT('Ctrl Pts',(15.1917485563369,8.22858640284006,4.12932282139935));
#3416=CARTESIAN_POINT('Ctrl Pts',(16.5798080153589,2.73583704738213,4.18206548288805));
#3417=CARTESIAN_POINT('Ctrl Pts',(16.5800225769396,-2.21532866024037E-5,
4.20833684463708));
#3418=CARTESIAN_POINT('Ctrl Pts',(16.5771951933168,-6.90504830935801E-5,
3.29166315536292));
#3419=CARTESIAN_POINT('Ctrl Pts',(16.5773844417866,-1.304846466725,3.30418625877554));
#3420=CARTESIAN_POINT('Ctrl Pts',(16.1035979873558,-5.36752344692727,3.34318066192783));
#3421=CARTESIAN_POINT('Ctrl Pts',(12.820309731898,-11.5897120512026,3.4086463648198));
#3422=CARTESIAN_POINT('Ctrl Pts',(5.71124350994726,-16.3114519470731,3.48806026403884));
#3423=CARTESIAN_POINT('Ctrl Pts',(-2.79051137885113,-17.0556387536818,3.56747416325788));
#3424=CARTESIAN_POINT('Ctrl Pts',(-10.6117991215251,-13.6408022658489,3.64688806247692));
#3425=CARTESIAN_POINT('Ctrl Pts',(-15.8453960494631,-6.89965151926153,3.72630196169596));
#3426=CARTESIAN_POINT('Ctrl Pts',(-17.2150877768326,1.52398159028882,3.805715860915));
#3427=CARTESIAN_POINT('Ctrl Pts',(-14.3868745113886,9.57599127219459,3.88512976013404));
#3428=CARTESIAN_POINT('Ctrl Pts',(-8.05041701708768,15.292892234714,3.96454365935308));
#3429=CARTESIAN_POINT('Ctrl Pts',(0.249137397098995,17.280616239271,4.04395755857211));
#3430=CARTESIAN_POINT('Ctrl Pts',(8.48793957250903,15.0544561132253,4.12337145779115));
#3431=CARTESIAN_POINT('Ctrl Pts',(14.6569548045097,9.15726175830687,4.20278535701019));
#3432=CARTESIAN_POINT('Ctrl Pts',(16.489976150322,3.41416784910972,4.25888258953411));
#3433=CARTESIAN_POINT('Ctrl Pts',(16.5798100853795,0.328855764219889,4.28850852231836));
#3434=CARTESIAN_POINT('Ctrl Pts',(16.5795290586468,0.000308745983266905,
4.29166315536292));
#3435=CARTESIAN_POINT('Origin',(0.,0.,-2.29166315536291));
#3436=CARTESIAN_POINT('',(16.5789367698325,-0.000411617811682624,2.20833684463708));
#3437=CARTESIAN_POINT('',(16.5798577884115,-0.000184388851987016,2.29166315536292));
#3438=CARTESIAN_POINT('',(16.5786,-7.69746748622402E-13,-2.29166315536291));
#3439=CARTESIAN_POINT('Ctrl Pts',(16.5789367698325,-0.000411617811684403,
2.20833684463708));
#3440=CARTESIAN_POINT('Ctrl Pts',(16.5794801521149,-0.52996352216967,2.21342095580241));
#3441=CARTESIAN_POINT('Ctrl Pts',(16.4251142193504,-3.81640306811056,2.24497636670742));
#3442=CARTESIAN_POINT('Ctrl Pts',(14.314287642052,-9.68415908151237,2.30300307735212));
#3443=CARTESIAN_POINT('Ctrl Pts',(7.93491949211493,-15.3531371539997,2.38241697657115));
#3444=CARTESIAN_POINT('Ctrl Pts',(-0.379381467078677,-17.2782475245047,
2.46183087579019));
#3445=CARTESIAN_POINT('Ctrl Pts',(-8.60117012685628,-14.9900513763165,2.54124477500923));
#3446=CARTESIAN_POINT('Ctrl Pts',(-14.7255605341468,-9.0465261161881,2.62065867422827));
#3447=CARTESIAN_POINT('Ctrl Pts',(-17.2591180110659,-0.897002394534439,
2.70007257344731));
#3448=CARTESIAN_POINT('Ctrl Pts',(-15.5840337076214,7.47125566524292,2.77948647266635));
#3449=CARTESIAN_POINT('Ctrl Pts',(-10.1087774993064,14.0176454972015,2.85890037188539));
#3450=CARTESIAN_POINT('Ctrl Pts',(-2.16849246943143,17.1458277206358,2.93831427110442));
#3451=CARTESIAN_POINT('Ctrl Pts',(6.30058018455059,16.0929940394493,3.01772817032347));
#3452=CARTESIAN_POINT('Ctrl Pts',(13.2332542237116,11.1158783038642,3.0971420695425));
#3453=CARTESIAN_POINT('Ctrl Pts',(16.1980848669612,4.96520292798504,3.16067829431371));
#3454=CARTESIAN_POINT('Ctrl Pts',(16.5779742077257,1.10394882526282,3.19774321934523));
#3455=CARTESIAN_POINT('Ctrl Pts',(16.5774029965213,0.000242589852360309,
3.20833684463708));
#3456=CARTESIAN_POINT('Ctrl Pts',(16.5798577884115,-0.000184388851987363,
2.29166315536292));
#3457=CARTESIAN_POINT('Ctrl Pts',(16.5799597636758,-0.180301245446012,2.29339269549304));
#3458=CARTESIAN_POINT('Ctrl Pts',(16.5330980823481,-3.11712509170314,2.32159353536283));
#3459=CARTESIAN_POINT('Ctrl Pts',(14.8976231478913,-8.76028490375747,2.37626567497231));
#3460=CARTESIAN_POINT('Ctrl Pts',(8.88922707983032,-14.8210461498103,2.45567957419134));
#3461=CARTESIAN_POINT('Ctrl Pts',(0.713189973604755,-17.2676902657286,2.53509347341038));
#3462=CARTESIAN_POINT('Ctrl Pts',(-7.63675874956016,-15.5036022540766,2.61450737262942));
#3463=CARTESIAN_POINT('Ctrl Pts',(-14.1244812616665,-9.95895557477894,2.69392127184846));
#3464=CARTESIAN_POINT('Ctrl Pts',(-17.1679442278504,-1.98581420102892,2.7733351710675));
#3465=CARTESIAN_POINT('Ctrl Pts',(-16.0249981716287,6.47156863912353,2.85274907028653));
#3466=CARTESIAN_POINT('Ctrl Pts',(-10.974350876437,13.3508572718173,2.93216296950558));
#3467=CARTESIAN_POINT('Ctrl Pts',(-3.24760439811592,16.974534830885,3.01157686872461));
#3468=CARTESIAN_POINT('Ctrl Pts',(5.27107151409861,16.4589663145912,3.09099076794365));
#3469=CARTESIAN_POINT('Ctrl Pts',(12.504394849936,11.9298732804873,3.17040466716269));
#3470=CARTESIAN_POINT('Ctrl Pts',(16.0287058404096,5.66463633643995,3.23729546296911));
#3471=CARTESIAN_POINT('Ctrl Pts',(16.5769844089191,1.45318825844635,3.27771495903586));
#3472=CARTESIAN_POINT('Ctrl Pts',(16.5771951933168,-6.90504830935801E-5,
3.29166315536292));
#3473=CARTESIAN_POINT('Origin',(0.,0.,-2.29166315536291));
#3474=CARTESIAN_POINT('',(16.5787302002297,0.0004262989309402,1.20833684463708));
#3475=CARTESIAN_POINT('',(16.5777206054383,0.000349884434222569,1.29166315536292));
#3476=CARTESIAN_POINT('',(16.5786,-7.69746748622402E-13,-2.29166315536291));
#3477=CARTESIAN_POINT('Ctrl Pts',(16.5787302002297,0.000426298930940386,
1.20833684463708));
#3478=CARTESIAN_POINT('Ctrl Pts',(16.5764944147967,-2.16216815749348,1.22909869225959));
#3479=CARTESIAN_POINT('Ctrl Pts',(15.6089308779036,-7.08400646405152,1.27633183962178));
#3480=CARTESIAN_POINT('Ctrl Pts',(10.8734082086048,-13.4331962277921,1.35003628672365));
#3481=CARTESIAN_POINT('Ctrl Pts',(3.11956806763838,-16.9985312118843,1.42945018594269));
#3482=CARTESIAN_POINT('Ctrl Pts',(-5.39497982082401,-16.4187685392431,1.50886408516173));
#3483=CARTESIAN_POINT('Ctrl Pts',(-12.5939600419094,-11.835283618754,1.58827798438077));
#3484=CARTESIAN_POINT('Ctrl Pts',(-16.721898839914,-4.36576075904446,1.66769188359981));
#3485=CARTESIAN_POINT('Ctrl Pts',(-16.7721969323955,4.16835433468892,1.74710578281884));
#3486=CARTESIAN_POINT('Ctrl Pts',(-12.7325891158427,11.6860148142078,1.82651968203789));
#3487=CARTESIAN_POINT('Ctrl Pts',(-5.58813512458267,16.3540366159555,1.90593358125692));
#3488=CARTESIAN_POINT('Ctrl Pts',(2.91898751169243,17.034121043556,1.98534748047596));
#3489=CARTESIAN_POINT('Ctrl Pts',(10.7143140534377,13.5604292770767,2.064761379695));
#3490=CARTESIAN_POINT('Ctrl Pts',(15.565156855806,7.21410673804027,2.13909116774871));
#3491=CARTESIAN_POINT('Ctrl Pts',(16.5766509387473,2.22723960186148,2.18694965606273));
#3492=CARTESIAN_POINT('Ctrl Pts',(16.5789367698325,-0.000411617811684403,
2.20833684463708));
#3493=CARTESIAN_POINT('Ctrl Pts',(16.5777206054383,0.000349884434222431,
1.29166315536292));
#3494=CARTESIAN_POINT('Ctrl Pts',(16.5763319351944,-1.81314311768698,1.30907043195022));
#3495=CARTESIAN_POINT('Ctrl Pts',(15.828534680355,-6.38553789254373,1.35294900827719));
#3496=CARTESIAN_POINT('Ctrl Pts',(11.7005221128229,-12.7192589926351,1.42329888434384));
#3497=CARTESIAN_POINT('Ctrl Pts',(4.18747160405811,-16.767434169602,1.50271278356288));
#3498=CARTESIAN_POINT('Ctrl Pts',(-4.34669527488239,-16.7268648356396,1.58212668278192));
#3499=CARTESIAN_POINT('Ctrl Pts',(-11.8209190372079,-12.6074438397173,1.66154058200096));
#3500=CARTESIAN_POINT('Ctrl Pts',(-16.4126076831187,-5.4136933871619,1.74095448122));
#3501=CARTESIAN_POINT('Ctrl Pts',(-17.0020763793147,3.10018803360219,1.82036838043904));
#3502=CARTESIAN_POINT('Ctrl Pts',(-13.4455829841784,10.8580875511024,1.89978227965807));
#3503=CARTESIAN_POINT('Ctrl Pts',(-6.61037961835444,15.9682387367103,1.97919617887711));
#3504=CARTESIAN_POINT('Ctrl Pts',(1.83676705930305,17.1845294908421,2.05861007809615));
#3505=CARTESIAN_POINT('Ctrl Pts',(9.83601746661048,14.2103669005426,2.13802397731519));
#3506=CARTESIAN_POINT('Ctrl Pts',(15.314774359083,7.91124322977259,2.21570833640412));
#3507=CARTESIAN_POINT('Ctrl Pts',(16.5783989916869,2.57645889908598,2.26692139575336));
#3508=CARTESIAN_POINT('Ctrl Pts',(16.5798577884115,-0.000184388851987363,
2.29166315536292));
#3509=CARTESIAN_POINT('Origin',(0.,0.,-2.29166315536291));
#3510=CARTESIAN_POINT('',(16.5775342173193,-0.00034813792947447,0.208336844637079));
#3511=CARTESIAN_POINT('',(16.5784331872219,-0.000430992246545081,0.291663155362921));
#3512=CARTESIAN_POINT('',(16.5786,-7.69746748622402E-13,-2.29166315536291));
#3513=CARTESIAN_POINT('Ctrl Pts',(16.5775342173193,-0.000348137929473968,
0.208336844637078));
#3514=CARTESIAN_POINT('Ctrl Pts',(16.5781700672502,-1.0388338729662,0.218305128977091));
#3515=CARTESIAN_POINT('Ctrl Pts',(16.2269674942961,-4.83462465255078,0.254744713056783));
#3516=CARTESIAN_POINT('Ctrl Pts',(13.3633987139984,-10.9592600574224,0.317655596876154));
#3517=CARTESIAN_POINT('Ctrl Pts',(6.48981218992993,-16.0175400410489,0.397069496095193));
#3518=CARTESIAN_POINT('Ctrl Pts',(-1.96623121823411,-17.1702332112585,0.476483395314231));
#3519=CARTESIAN_POINT('Ctrl Pts',(-9.94285294263372,-14.1358063398206,0.55589729453327));
#3520=CARTESIAN_POINT('Ctrl Pts',(-15.4948836169778,-7.65443731527317,0.635311193752309));
#3521=CARTESIAN_POINT('Ctrl Pts',(-17.2684935508691,0.69350969538925,0.714725092971346));
#3522=CARTESIAN_POINT('Ctrl Pts',(-14.831169331571,8.87232301201329,0.794138992190385));
#3523=CARTESIAN_POINT('Ctrl Pts',(-8.7772626173887,14.8876282718782,0.873552891409424));
#3524=CARTESIAN_POINT('Ctrl Pts',(-0.583015794916376,17.2725746836281,0.952966790628462));
#3525=CARTESIAN_POINT('Ctrl Pts',(7.75339877783125,15.44560081925,1.0323806898475));
#3526=CARTESIAN_POINT('Ctrl Pts',(14.1991448680195,9.85221044797886,1.11179458906654));
#3527=CARTESIAN_POINT('Ctrl Pts',(16.4024804186096,3.94677988242668,1.17044664066306));
#3528=CARTESIAN_POINT('Ctrl Pts',(16.5793450351955,0.595133943563569,1.20262739251991));
#3529=CARTESIAN_POINT('Ctrl Pts',(16.5787302002297,0.000426298930940386,
1.20833684463708));
#3530=CARTESIAN_POINT('Ctrl Pts',(16.5784331872219,-0.000430992246544734,
0.291663155362921));
#3531=CARTESIAN_POINT('Ctrl Pts',(16.5791287446113,-0.689362602443507,0.298276868667715));
#3532=CARTESIAN_POINT('Ctrl Pts',(16.3683468672303,-4.13531190686092,0.331361881712189));
#3533=CARTESIAN_POINT('Ctrl Pts',(14.0291586290337,-10.0927960775181,0.390918194496342));
#3534=CARTESIAN_POINT('Ctrl Pts',(7.48901710382402,-15.5755038847239,0.47033209371538));
#3535=CARTESIAN_POINT('Ctrl Pts',(-0.87732716301739,-17.2601306786027,0.549745992934419));
#3536=CARTESIAN_POINT('Ctrl Pts',(-9.02973315525903,-14.7358631207403,0.629159892153457));
#3537=CARTESIAN_POINT('Ctrl Pts',(-14.9802365592885,-8.61825325568296,0.708573791372496));
#3538=CARTESIAN_POINT('Ctrl Pts',(-17.2778037303229,-0.39907790533256,0.787987690591534));
#3539=CARTESIAN_POINT('Ctrl Pts',(-15.3621728437768,7.91741194878233,0.867401589810573));
#3540=CARTESIAN_POINT('Ctrl Pts',(-9.70047077423412,14.303238616752,0.946815489029612));
#3541=CARTESIAN_POINT('Ctrl Pts',(-1.67330568116441,17.2012154888817,1.02622938824865));
#3542=CARTESIAN_POINT('Ctrl Pts',(6.76189560318322,15.9046702380109,1.10564328746769));
#3543=CARTESIAN_POINT('Ctrl Pts',(13.5482063341355,10.7297656999029,1.18505718668673));
#3544=CARTESIAN_POINT('Ctrl Pts',(16.2674126674412,4.64624608999843,1.24706380931847));
#3545=CARTESIAN_POINT('Ctrl Pts',(16.5784436903608,0.944641340681508,1.28259913221054));
#3546=CARTESIAN_POINT('Ctrl Pts',(16.5777206054383,0.000349884434222431,
1.29166315536292));
#3547=CARTESIAN_POINT('Origin',(1.16945154975581E-15,0.,16.5));
#3548=CARTESIAN_POINT('',(-16.0190706324136,1.93918700541751E-5,11.3845299461621));
#3549=CARTESIAN_POINT('',(-16.0165198993481,0.000285389553317176,11.1154700538379));
#3550=CARTESIAN_POINT('',(-16.01775,1.96160862670425E-15,16.5));
#3551=CARTESIAN_POINT('',(-11.9837542906849,10.6281676766502,11.));
#3552=CARTESIAN_POINT('Ctrl Pts',(-16.0165198993481,0.000285389553317176,
11.1154700538379));
#3553=CARTESIAN_POINT('Ctrl Pts',(-16.0167451538516,1.23626529226718,11.1031925518606));
#3554=CARTESIAN_POINT('Ctrl Pts',(-15.8754377195079,2.47213916438869,11.0909150498834));
#3555=CARTESIAN_POINT('Ctrl Pts',(-15.5920344773558,3.67436124617286,11.0786375479061));
#3556=CARTESIAN_POINT('Ctrl Pts',(-14.9869674185814,6.24111021310367,11.0524250319374));
#3557=CARTESIAN_POINT('Ctrl Pts',(-13.7341932624814,8.65446617164539,11.0262125159687));
#3558=CARTESIAN_POINT('Ctrl Pts',(-11.9837542906847,10.6281676766504,11.));
#3559=CARTESIAN_POINT('',(11.9837542906844,10.6281676766507,11.));
#3560=CARTESIAN_POINT('Origin',(1.16945154975581E-15,0.,11.));
#3561=CARTESIAN_POINT('Ctrl Pts',(11.9846047043354,10.6285737122673,11.));
#3562=CARTESIAN_POINT('Ctrl Pts',(10.4390563954799,12.3683719439641,11.0231269470185));
#3563=CARTESIAN_POINT('Ctrl Pts',(8.51041501847951,13.7694639540896,11.0462538940369));
#3564=CARTESIAN_POINT('Ctrl Pts',(6.37570654455806,14.6955953607184,11.0693808410554));
#3565=CARTESIAN_POINT('Ctrl Pts',(3.95618788018314,15.7452900854907,11.0955933570241));
#3566=CARTESIAN_POINT('Ctrl Pts',(1.27194756773131,16.1848323132954,11.1218058729928));
#3567=CARTESIAN_POINT('Ctrl Pts',(-1.35599547030127,15.9615857977868,11.1480183889615));
#3568=CARTESIAN_POINT('Ctrl Pts',(-3.98393850833385,15.7383392822782,11.1742309049302));
#3569=CARTESIAN_POINT('Ctrl Pts',(-6.55558427194719,14.8523040234562,11.2004434208988));
#3570=CARTESIAN_POINT('Ctrl Pts',(-8.76335001994127,13.4094852226047,11.2266559368675));
#3571=CARTESIAN_POINT('Ctrl Pts',(-10.9711157679354,11.9666664217531,11.2528684528362));
#3572=CARTESIAN_POINT('Ctrl Pts',(-12.8150015003102,9.96706407887193,11.2790809688049));
#3573=CARTESIAN_POINT('Ctrl Pts',(-14.0744811784332,7.64981589062872,11.3052934847736));
#3574=CARTESIAN_POINT('Ctrl Pts',(-15.3339608565562,5.33256770238551,11.3315060007423));
#3575=CARTESIAN_POINT('Ctrl Pts',(-16.0090344804275,2.69767366878023,11.357718516711));
#3576=CARTESIAN_POINT('Ctrl Pts',(-16.018959572117,0.060279859015103,11.3839310326797));
#3577=CARTESIAN_POINT('Ctrl Pts',(-16.019035162867,0.0401931351398207,11.3841306705071));
#3578=CARTESIAN_POINT('Ctrl Pts',(-16.0190721714257,0.0201062662640802,
11.3843303083346));
#3579=CARTESIAN_POINT('Ctrl Pts',(-16.0190706324136,1.93918700541751E-5,
11.3845299461621));
#3580=CARTESIAN_POINT('Origin',(1.16945154975581E-15,0.,16.5));
#3581=CARTESIAN_POINT('',(-16.0173934192548,-0.000387240575342729,12.3845299461621));
#3582=CARTESIAN_POINT('',(-16.0181198394881,0.000372603351726229,12.1154700538379));
#3583=CARTESIAN_POINT('',(-16.01775,1.96160862670425E-15,16.5));
#3584=CARTESIAN_POINT('Ctrl Pts',(-16.0181198394881,0.000372603351726229,
12.1154700538379));
#3585=CARTESIAN_POINT('Ctrl Pts',(-16.0186024657341,0.488258293858898,12.1106219261203));
#3586=CARTESIAN_POINT('Ctrl Pts',(-15.9967454520161,0.976100907247459,12.1057737984027));
#3587=CARTESIAN_POINT('Ctrl Pts',(-15.952229697933,1.46186707077761,12.1009256706851));
#3588=CARTESIAN_POINT('Ctrl Pts',(-15.7115450496054,4.08827339920635,12.0747131547164));
#3589=CARTESIAN_POINT('Ctrl Pts',(-14.8084836592299,6.6539794384719,12.0485006387477));
#3590=CARTESIAN_POINT('Ctrl Pts',(-13.3510528428211,8.8521228069074,12.022288122779));
#3591=CARTESIAN_POINT('Ctrl Pts',(-11.8936220264124,11.0502661753428,11.9960756068103));
#3592=CARTESIAN_POINT('Ctrl Pts',(-9.88182178397039,12.8808468729481,11.9698630908416));
#3593=CARTESIAN_POINT('Ctrl Pts',(-7.55626644769299,14.1249255051529,11.9436505748729));
#3594=CARTESIAN_POINT('Ctrl Pts',(-5.23071111141558,15.3690041373577,11.9174380589042));
#3595=CARTESIAN_POINT('Ctrl Pts',(-2.5914006813028,16.026580704162,11.8912255429355));
#3596=CARTESIAN_POINT('Ctrl Pts',(0.0459999685582307,16.0190068888402,11.8650130269668));
#3597=CARTESIAN_POINT('Ctrl Pts',(2.68340061841941,16.0114330735184,11.8388005109982));
#3598=CARTESIAN_POINT('Ctrl Pts',(5.31889148802878,15.3387088760705,11.8125879950295));
#3599=CARTESIAN_POINT('Ctrl Pts',(7.6372634393433,14.0812954550046,11.7863754790608));
#3600=CARTESIAN_POINT('Ctrl Pts',(9.95563539065769,12.8238820339387,11.7601629630921));
#3601=CARTESIAN_POINT('Ctrl Pts',(11.9568884236774,10.9817793892549,11.7339504471234));
#3602=CARTESIAN_POINT('Ctrl Pts',(13.4016712548597,8.77530093196446,11.7077379311547));
#3603=CARTESIAN_POINT('Ctrl Pts',(14.846454086042,6.56882247467397,11.681525415186));
#3604=CARTESIAN_POINT('Ctrl Pts',(15.734766715387,3.99796820477674,11.6553128992173));
#3605=CARTESIAN_POINT('Ctrl Pts',(15.9603629858305,1.37022496883264,11.6291003832486));
#3606=CARTESIAN_POINT('Ctrl Pts',(16.185959256274,-1.25751826711153,11.6028878672799));
#3607=CARTESIAN_POINT('Ctrl Pts',(15.7488391678159,-3.94215046910256,11.5766753513112));
#3608=CARTESIAN_POINT('Ctrl Pts',(14.7012881769489,-6.36260344644744,11.5504628353425));
#3609=CARTESIAN_POINT('Ctrl Pts',(13.6537371860818,-8.78305642379226,11.5242503193739));
#3610=CARTESIAN_POINT('Ctrl Pts',(11.995755292806,-10.9393301764907,11.4980378034052));
#3611=CARTESIAN_POINT('Ctrl Pts',(9.92562920637762,-12.5734971165042,11.4718252874365));
#3612=CARTESIAN_POINT('Ctrl Pts',(7.85550311994926,-14.2076640565176,11.4456127714678));
#3613=CARTESIAN_POINT('Ctrl Pts',(5.37323284036824,-15.3197241838458,11.4194002554991));
#3614=CARTESIAN_POINT('Ctrl Pts',(2.77572133691889,-15.7767400477519,11.3931877395304));
#3615=CARTESIAN_POINT('Ctrl Pts',(0.178209833469398,-16.233755911658,11.3669752235617));
#3616=CARTESIAN_POINT('Ctrl Pts',(-2.53454289384859,-16.035727512142,11.340762707593));
#3617=CARTESIAN_POINT('Ctrl Pts',(-5.03812664505315,-15.206209922133,11.3145501916243));
#3618=CARTESIAN_POINT('Ctrl Pts',(-7.54171039625756,-14.376692332124,11.2883376756556));
#3619=CARTESIAN_POINT('Ctrl Pts',(-9.83612517134852,-12.9156855516222,11.2621251596869));
#3620=CARTESIAN_POINT('Ctrl Pts',(-11.6468794776587,-10.9981809780842,11.2359126437182));
#3621=CARTESIAN_POINT('Ctrl Pts',(-13.4576337839689,-9.08067640454617,11.2097001277495));
#3622=CARTESIAN_POINT('Ctrl Pts',(-14.7847276214982,-6.70667403797198,11.1834876117808));
#3623=CARTESIAN_POINT('Ctrl Pts',(-15.4695945595385,-4.15960186702492,11.1572750958122));
#3624=CARTESIAN_POINT('Ctrl Pts',(-15.833681333019,-2.80553549729264,11.1433400818207));
#3625=CARTESIAN_POINT('Ctrl Pts',(-16.0162642345831,-1.40255675775702,11.1294050678293));
#3626=CARTESIAN_POINT('Ctrl Pts',(-16.0165198993481,0.000285389553317176,
11.1154700538379));
#3627=CARTESIAN_POINT('Ctrl Pts',(-16.0190706324136,1.93918700541751E-5,
11.3845299461621));
#3628=CARTESIAN_POINT('Ctrl Pts',(-16.0188700986101,-2.6173073066644,11.4105428243033));
#3629=CARTESIAN_POINT('Ctrl Pts',(-15.3642019571572,-5.23472769565332,11.4365557024445));
#3630=CARTESIAN_POINT('Ctrl Pts',(-14.1316562969345,-7.54367055487809,11.4625685805858));
#3631=CARTESIAN_POINT('Ctrl Pts',(-12.8896513705546,-9.87033357308118,11.4887810965545));
#3632=CARTESIAN_POINT('Ctrl Pts',(-11.060864958287,-11.8837660235624,11.5149936125231));
#3633=CARTESIAN_POINT('Ctrl Pts',(-8.86402176997795,-13.343156159953,11.5412061284918));
#3634=CARTESIAN_POINT('Ctrl Pts',(-6.66717858166887,-14.8025462963436,11.5674186444605));
#3635=CARTESIAN_POINT('Ctrl Pts',(-4.10227861731842,-15.7078941186435,11.5936311604292));
#3636=CARTESIAN_POINT('Ctrl Pts',(-1.47608789490347,-15.9509199819225,11.6198436763979));
#3637=CARTESIAN_POINT('Ctrl Pts',(1.15010282751132,-16.1939458452014,11.6460561923666));
#3638=CARTESIAN_POINT('Ctrl Pts',(3.83758430799061,-15.7746497494594,11.6722687083353));
#3639=CARTESIAN_POINT('Ctrl Pts',(6.26493016770254,-14.7431794657288,11.698481224304));
#3640=CARTESIAN_POINT('Ctrl Pts',(8.69227602741454,-13.7117091819981,11.7246937402727));
#3641=CARTESIAN_POINT('Ctrl Pts',(10.8594862663592,-12.0680647102787,11.7509062562414));
#3642=CARTESIAN_POINT('Ctrl Pts',(12.5073593901824,-10.0088285692046,11.7771187722101));
#3643=CARTESIAN_POINT('Ctrl Pts',(14.1552325140057,-7.94959242813054,11.8033312881788));
#3644=CARTESIAN_POINT('Ctrl Pts',(15.2837685227076,-5.47476461770175,11.8295438041475));
#3645=CARTESIAN_POINT('Ctrl Pts',(15.7579929709409,-2.88033786159955,11.8557563201161));
#3646=CARTESIAN_POINT('Ctrl Pts',(16.2322174191741,-0.285911105497418,11.8819688360848));
#3647=CARTESIAN_POINT('Ctrl Pts',(16.0521303069388,2.42811459627812,11.9081813520535));
#3648=CARTESIAN_POINT('Ctrl Pts',(15.2392702805042,4.93713786197679,11.9343938680222));
#3649=CARTESIAN_POINT('Ctrl Pts',(14.4264102540696,7.44616112767553,11.9606063839909));
#3650=CARTESIAN_POINT('Ctrl Pts',(12.9807773134356,9.75018195729739,11.9868188999596));
#3651=CARTESIAN_POINT('Ctrl Pts',(11.075271207302,11.5736362595167,12.0130314159283));
#3652=CARTESIAN_POINT('Ctrl Pts',(9.16976510116838,13.397090561736,12.039243931897));
#3653=CARTESIAN_POINT('Ctrl Pts',(6.80438582953509,14.7399783365527,12.0654564478657));
#3654=CARTESIAN_POINT('Ctrl Pts',(4.26203607721258,15.4416882923438,12.0916689638344));
#3655=CARTESIAN_POINT('Ctrl Pts',(1.71968632489007,16.1433982481349,12.1178814798031));
#3656=CARTESIAN_POINT('Ctrl Pts',(-0.999633908121662,16.2039303849003,12.1440939957718));
#3657=CARTESIAN_POINT('Ctrl Pts',(-3.57069008923674,15.6160449855631,12.1703065117404));
#3658=CARTESIAN_POINT('Ctrl Pts',(-6.14174627035182,15.0281595862259,12.1965190277091));
#3659=CARTESIAN_POINT('Ctrl Pts',(-8.56453839957024,13.7918566507859,12.2227315436778));
#3660=CARTESIAN_POINT('Ctrl Pts',(-10.5492971284209,12.0549997451832,12.2489440596465));
#3661=CARTESIAN_POINT('Ctrl Pts',(-12.5340558572715,10.3181428395804,12.2751565756152));
#3662=CARTESIAN_POINT('Ctrl Pts',(-14.0807811857543,8.08073196381477,12.3013690915839));
#3663=CARTESIAN_POINT('Ctrl Pts',(-15.0044825856408,5.61036461231867,12.3275816075526));
#3664=CARTESIAN_POINT('Ctrl Pts',(-15.6734157034131,3.82135516112368,12.3465643870891));
#3665=CARTESIAN_POINT('Ctrl Pts',(-16.0156053497934,1.91017222016414,12.3655471666256));
#3666=CARTESIAN_POINT('Ctrl Pts',(-16.0173934192548,-0.000387240575342729,
12.3845299461621));
#3667=CARTESIAN_POINT('Origin',(1.16945154975581E-15,0.,16.5));
#3668=CARTESIAN_POINT('',(-16.0165059026289,0.00013747058373037,13.3845299461621));
#3669=CARTESIAN_POINT('',(-16.0187438130102,-0.000243698932364528,13.1154700538379));
#3670=CARTESIAN_POINT('',(-16.01775,1.96160862670425E-15,16.5));
#3671=CARTESIAN_POINT('Ctrl Pts',(-16.0187438130102,-0.000243698932364528,
13.1154700538379));
#3672=CARTESIAN_POINT('Ctrl Pts',(-16.0169859898233,2.37759366569438,13.0918387844113));
#3673=CARTESIAN_POINT('Ctrl Pts',(-15.4803973942692,4.7561981051845,13.0682075149846));
#3674=CARTESIAN_POINT('Ctrl Pts',(-14.4559577308076,6.90188193606592,13.044576245558));
#3675=CARTESIAN_POINT('Ctrl Pts',(-13.3196183936085,9.2819390826077,13.0183637295893));
#3676=CARTESIAN_POINT('Ctrl Pts',(-11.5830312624114,11.375412698455,12.9921512136206));
#3677=CARTESIAN_POINT('Ctrl Pts',(-9.45389460343363,12.931920391134,12.9659386976519));
#3678=CARTESIAN_POINT('Ctrl Pts',(-7.32475794445582,14.4884280838129,12.9397261816832));
#3679=CARTESIAN_POINT('Ctrl Pts',(-4.80307175769724,15.5079698533235,12.9135136657145));
#3680=CARTESIAN_POINT('Ctrl Pts',(-2.19043326204956,15.868607068592,12.8873011497458));
#3681=CARTESIAN_POINT('Ctrl Pts',(0.422205233598106,16.2292442838605,12.8610886337771));
#3682=CARTESIAN_POINT('Ctrl Pts',(3.12579603813487,15.9309769448869,12.8348761178085));
#3683=CARTESIAN_POINT('Ctrl Pts',(5.59698588442815,15.0094782449906,12.8086636018398));
#3684=CARTESIAN_POINT('Ctrl Pts',(8.06817573072144,14.0879795450942,12.7824510858711));
#3685=CARTESIAN_POINT('Ctrl Pts',(10.3069646187713,12.5432494842751,12.7562385699024));
#3686=CARTESIAN_POINT('Ctrl Pts',(12.0455902447889,10.5600399538299,12.7300260539337));
#3687=CARTESIAN_POINT('Ctrl Pts',(13.7842158708065,8.57683042338469,12.703813537965));
#3688=CARTESIAN_POINT('Ctrl Pts',(15.022678234792,6.1551414233134,12.6776010219963));
#3689=CARTESIAN_POINT('Ctrl Pts',(15.6128554945637,3.58461036650105,12.6513885060276));
#3690=CARTESIAN_POINT('Ctrl Pts',(16.2030327543354,1.01407930968869,12.6251759900589));
#3691=CARTESIAN_POINT('Ctrl Pts',(16.1449249098933,-1.70529380386474,12.5989634740902));
#3692=CARTESIAN_POINT('Ctrl Pts',(15.4454817403223,-4.24826811740121,12.5727509581215));
#3693=CARTESIAN_POINT('Ctrl Pts',(14.7460385707513,-6.79124243093769,12.5465384421528));
#3694=CARTESIAN_POINT('Ctrl Pts',(13.4052600760514,-9.15781794445719,12.5203259261842));
#3695=CARTESIAN_POINT('Ctrl Pts',(11.5835052540102,-11.0649489001271,12.4941134102155));
#3696=CARTESIAN_POINT('Ctrl Pts',(9.76175043196902,-12.972079855797,12.4679008942468));
#3697=CARTESIAN_POINT('Ctrl Pts',(7.45901928258653,-14.4197662536173,12.4416883782781));
#3698=CARTESIAN_POINT('Ctrl Pts',(4.95072169036907,-15.2348627500906,12.4154758623094));
#3699=CARTESIAN_POINT('Ctrl Pts',(2.44242409815162,-16.0499592465639,12.3892633463407));
#3700=CARTESIAN_POINT('Ctrl Pts',(-0.271439936900786,-16.2324658416902,
12.363050830372));
#3701=CARTESIAN_POINT('Ctrl Pts',(-2.86628844783132,-15.7605545125765,12.3368383144033));
#3702=CARTESIAN_POINT('Ctrl Pts',(-5.46113695876185,-15.2886431834627,12.3106257984346));
#3703=CARTESIAN_POINT('Ctrl Pts',(-7.93696994557051,-14.1623139301089,12.2844132824659));
#3704=CARTESIAN_POINT('Ctrl Pts',(-9.99767431004832,-12.5162772727786,12.2582007664972));
#3705=CARTESIAN_POINT('Ctrl Pts',(-12.0583786745261,-10.8702406154483,12.2319882505285));
#3706=CARTESIAN_POINT('Ctrl Pts',(-13.7039544166731,-8.70449655414147,12.2057757345598));
#3707=CARTESIAN_POINT('Ctrl Pts',(-14.7375883346067,-6.27807121469217,12.1795632185912));
#3708=CARTESIAN_POINT('Ctrl Pts',(-15.5800468135481,-4.30042461731276,12.1581988303401));
#3709=CARTESIAN_POINT('Ctrl Pts',(-16.0159930360909,-2.14960774396009,12.136834442089));
#3710=CARTESIAN_POINT('Ctrl Pts',(-16.0181198394881,0.000372603351726229,
12.1154700538379));
#3711=CARTESIAN_POINT('Ctrl Pts',(-16.0173934192548,-0.000387240575342729,
12.3845299461621));
#3712=CARTESIAN_POINT('Ctrl Pts',(-16.0180744191528,-0.728038389483661,
12.3917596825943));
#3713=CARTESIAN_POINT('Ctrl Pts',(-15.9693793075318,-1.45559910100578,12.3989894190265));
#3714=CARTESIAN_POINT('Ctrl Pts',(-15.87055355103,-2.17628553455844,12.4062191554587));
#3715=CARTESIAN_POINT('Ctrl Pts',(-15.5122456452422,-4.78924450271289,12.4324316714274));
#3716=CARTESIAN_POINT('Ctrl Pts',(-14.4949523623763,-7.31183861179521,12.4586441873961));
#3717=CARTESIAN_POINT('Ctrl Pts',(-12.9403434113081,-9.44236205337032,12.4848567033648));
#3718=CARTESIAN_POINT('Ctrl Pts',(-11.3857344602399,-11.5728854949454,12.5110692193335));
#3719=CARTESIAN_POINT('Ctrl Pts',(-9.29380984096951,-13.3113382690133,12.5372817353021));
#3720=CARTESIAN_POINT('Ctrl Pts',(-6.91476668381381,-14.4497989762308,12.5634942512708));
#3721=CARTESIAN_POINT('Ctrl Pts',(-4.53572352665804,-15.5882596834483,12.5897067672395));
#3722=CARTESIAN_POINT('Ctrl Pts',(-1.86956183161694,-16.1267283238154,12.6159192832082));
#3723=CARTESIAN_POINT('Ctrl Pts',(0.764841708316209,-16.0008032894872,12.6421317991769));
#3724=CARTESIAN_POINT('Ctrl Pts',(3.39924524824921,-15.874878255159,12.6683443151456));
#3725=CARTESIAN_POINT('Ctrl Pts',(6.00189063307427,-15.0845595461356,12.6945568311143));
#3726=CARTESIAN_POINT('Ctrl Pts',(8.26149780984082,-13.7243703930081,12.720769347083));
#3727=CARTESIAN_POINT('Ctrl Pts',(10.5211049866074,-12.3641812398806,12.7469818630517));
#3728=CARTESIAN_POINT('Ctrl Pts',(12.4376739553155,-10.434121642649,12.7731943790204));
#3729=CARTESIAN_POINT('Ctrl Pts',(13.7819803685254,-8.16502944688089,12.7994068949891));
#3730=CARTESIAN_POINT('Ctrl Pts',(15.1262867817353,-5.89593725111277,12.8256194109578));
#3731=CARTESIAN_POINT('Ctrl Pts',(15.8983306394471,-3.28781245680814,12.8518319269265));
#3732=CARTESIAN_POINT('Ctrl Pts',(16.0057744091227,-0.652590462003057,12.8780444428951));
#3733=CARTESIAN_POINT('Ctrl Pts',(16.1132181787984,1.98263153280198,12.9042569588638));
#3734=CARTESIAN_POINT('Ctrl Pts',(15.5560618604381,4.64495072810739,12.9304694748325));
#3735=CARTESIAN_POINT('Ctrl Pts',(14.4009421342768,7.01594999924907,12.9566819908012));
#3736=CARTESIAN_POINT('Ctrl Pts',(13.2458224081155,9.38694927039084,12.9828945067699));
#3737=CARTESIAN_POINT('Ctrl Pts',(11.4927392741533,11.4666286173688,13.0091070227386));
#3738=CARTESIAN_POINT('Ctrl Pts',(9.35136394379805,13.0062554617945,13.0353195387073));
#3739=CARTESIAN_POINT('Ctrl Pts',(7.20998861344285,14.5458823062202,13.061532054676));
#3740=CARTESIAN_POINT('Ctrl Pts',(4.68032108669464,15.5454566480938,13.0877445706447));
#3741=CARTESIAN_POINT('Ctrl Pts',(2.06491316188246,15.8854279885895,13.1139570866134));
#3742=CARTESIAN_POINT('Ctrl Pts',(-0.550494762929731,16.2253993290852,13.1401696025821));
#3743=CARTESIAN_POINT('Ctrl Pts',(-3.25164308580592,15.9057676682031,13.1663821185508));
#3744=CARTESIAN_POINT('Ctrl Pts',(-5.71547066373283,14.964761402669,13.1925946345194));
#3745=CARTESIAN_POINT('Ctrl Pts',(-8.17929824165968,14.0237551371349,13.2188071504881));
#3746=CARTESIAN_POINT('Ctrl Pts',(-10.4058050746373,12.4613742669489,13.2450196664568));
#3747=CARTESIAN_POINT('Ctrl Pts',(-12.1286978102055,10.4644817442389,13.2712321824255));
#3748=CARTESIAN_POINT('Ctrl Pts',(-13.8515905457738,8.46758922152891,13.2974446983942));
#3749=CARTESIAN_POINT('Ctrl Pts',(-15.0708691839326,6.0361850462949,13.3236572143629));
#3750=CARTESIAN_POINT('Ctrl Pts',(-15.6407062826421,3.46106858165443,13.3498697303316));
#3751=CARTESIAN_POINT('Ctrl Pts',(-15.8918671765839,2.32606253391182,13.3614231356084));
#3752=CARTESIAN_POINT('Ctrl Pts',(-16.0168619749134,1.16313770157579,13.3729765408853));
#3753=CARTESIAN_POINT('Ctrl Pts',(-16.0165059026289,0.00013747058373037,
13.3845299461621));
#3754=CARTESIAN_POINT('Origin',(1.16945154975581E-15,0.,16.5));
#3755=CARTESIAN_POINT('',(-16.018336760605,0.000343006201874996,14.3845299461621));
#3756=CARTESIAN_POINT('',(-16.0167205949162,-0.000257669539629759,14.1154700538379));
#3757=CARTESIAN_POINT('',(-16.01775,1.96160862670425E-15,16.5));
#3758=CARTESIAN_POINT('Ctrl Pts',(-16.0167205949162,-0.000257669539629759,
14.1154700538379));
#3759=CARTESIAN_POINT('Ctrl Pts',(-16.0157680232778,1.63061078228391,14.0992681586709));
#3760=CARTESIAN_POINT('Ctrl Pts',(-15.7679762553348,3.2617622388215,14.083066263504));
#3761=CARTESIAN_POINT('Ctrl Pts',(-15.2778253140801,4.81650722485249,14.066864368337));
#3762=CARTESIAN_POINT('Ctrl Pts',(-14.4848261468658,7.33187825728797,14.0406518523683));
#3763=CARTESIAN_POINT('Ctrl Pts',(-13.0574531724772,9.64725577214498,14.0144393363996));
#3764=CARTESIAN_POINT('Ctrl Pts',(-11.1664222085937,11.4857173582684,13.9882268204309));
#3765=CARTESIAN_POINT('Ctrl Pts',(-9.27539124471008,13.3241789443919,13.9620143044622));
#3766=CARTESIAN_POINT('Ctrl Pts',(-6.92070229133151,14.6857246017818,13.9358017884935));
#3767=CARTESIAN_POINT('Ctrl Pts',(-4.38397946301626,15.407511552566,13.9095892725248));
#3768=CARTESIAN_POINT('Ctrl Pts',(-1.847256634701,16.1292985033502,13.8833767565561));
#3769=CARTESIAN_POINT('Ctrl Pts',(0.871500068550953,16.2113267475286,13.8571642405875));
#3770=CARTESIAN_POINT('Ctrl Pts',(3.44712351663768,15.6437855915902,13.8309517246188));
#3771=CARTESIAN_POINT('Ctrl Pts',(6.0227469647244,15.0762444356519,13.8047392086501));
#3772=CARTESIAN_POINT('Ctrl Pts',(8.45523715764592,13.8591338795967,13.7785266926814));
#3773=CARTESIAN_POINT('Ctrl Pts',(10.4536648430395,12.1380220597923,13.7523141767127));
#3774=CARTESIAN_POINT('Ctrl Pts',(12.4520925284331,10.4169102399878,13.726101660744));
#3775=CARTESIAN_POINT('Ctrl Pts',(14.0164577062987,8.19179715643394,13.6998891447753));
#3776=CARTESIAN_POINT('Ctrl Pts',(14.9596600985168,5.72880946719718,13.6736766288066));
#3777=CARTESIAN_POINT('Ctrl Pts',(15.9028624907348,3.26582177796045,13.6474641128379));
#3778=CARTESIAN_POINT('Ctrl Pts',(16.2249020973053,0.56495948304091,13.6212515968692));
#3779=CARTESIAN_POINT('Ctrl Pts',(15.8872625278053,-2.05075048389471,13.5950390809005));
#3780=CARTESIAN_POINT('Ctrl Pts',(15.5496229583053,-4.66646045083037,13.5688265649318));
#3781=CARTESIAN_POINT('Ctrl Pts',(14.5523042127349,-7.19701808978202,13.5426140489631));
#3782=CARTESIAN_POINT('Ctrl Pts',(13.0145870174294,-9.3397651437478,13.5164015329945));
#3783=CARTESIAN_POINT('Ctrl Pts',(11.476869822124,-11.4825121977136,13.4901890170258));
#3784=CARTESIAN_POINT('Ctrl Pts',(9.3987541770834,-13.2374486666935,13.4639765010571));
#3785=CARTESIAN_POINT('Ctrl Pts',(7.02878563973524,-14.3946816778016,13.4377639850884));
#3786=CARTESIAN_POINT('Ctrl Pts',(4.65881710238707,-15.5519146889097,13.4115514691197));
#3787=CARTESIAN_POINT('Ctrl Pts',(1.99699567273129,-16.1114442421459,13.385338953151));
#3788=CARTESIAN_POINT('Ctrl Pts',(-0.638321058026417,-16.0063498150426,
13.3591264371823));
#3789=CARTESIAN_POINT('Ctrl Pts',(-3.27363778878412,-15.9012553879393,13.3329139212136));
#3790=CARTESIAN_POINT('Ctrl Pts',(-5.88244982064377,-15.1315369804964,13.3067014052449));
#3791=CARTESIAN_POINT('Ctrl Pts',(-8.15273956101721,-13.7892539981242,13.2804888892762));
#3792=CARTESIAN_POINT('Ctrl Pts',(-10.4230293013906,-12.446971015752,13.2542763733075));
#3793=CARTESIAN_POINT('Ctrl Pts',(-12.3547967502778,-10.5321234584505,13.2280638573388));
#3794=CARTESIAN_POINT('Ctrl Pts',(-13.7169998005954,-8.27372979043307,13.2018513413701));
#3795=CARTESIAN_POINT('Ctrl Pts',(-15.0792028509131,-6.01533612241549,13.1756388254015));
#3796=CARTESIAN_POINT('Ctrl Pts',(-15.8718415026612,-3.41339634368195,13.1494263094328));
#3797=CARTESIAN_POINT('Ctrl Pts',(-16.0001150569346,-0.779106115697011,
13.1232137934641));
#3798=CARTESIAN_POINT('Ctrl Pts',(-16.0127466436468,-0.519697497697389,
13.120632546922));
#3799=CARTESIAN_POINT('Ctrl Pts',(-16.0189358202588,-0.259975174384533,
13.11805130038));
#3800=CARTESIAN_POINT('Ctrl Pts',(-16.0187438130102,-0.000243698932364528,
13.1154700538379));
#3801=CARTESIAN_POINT('Ctrl Pts',(-16.0165059026289,0.00013747058373037,
13.3845299461621));
#3802=CARTESIAN_POINT('Ctrl Pts',(-16.0160541134889,-1.47549232966039,13.3991890568539));
#3803=CARTESIAN_POINT('Ctrl Pts',(-15.8138016621266,-2.95124351317566,13.4138481675458));
#3804=CARTESIAN_POINT('Ctrl Pts',(-15.4114137636291,-4.37024193300771,13.4285072782377));
#3805=CARTESIAN_POINT('Ctrl Pts',(-14.6918885866465,-6.90760722898242,13.4547197942064));
#3806=CARTESIAN_POINT('Ctrl Pts',(-13.3324426734213,-9.26350906688489,13.4809323101751));
#3807=CARTESIAN_POINT('Ctrl Pts',(-11.4956676694668,-11.15617826946,13.5071448261438));
#3808=CARTESIAN_POINT('Ctrl Pts',(-9.65889266551223,-13.0488474720351,13.5333573421124));
#3809=CARTESIAN_POINT('Ctrl Pts',(-7.34478857082842,-14.4782840392828,13.5595698580811));
#3810=CARTESIAN_POINT('Ctrl Pts',(-4.83012549372451,-15.273525344912,13.5857823740498));
#3811=CARTESIAN_POINT('Ctrl Pts',(-2.31546241662059,-16.0687666505411,13.6119948900185));
#3812=CARTESIAN_POINT('Ctrl Pts',(0.399759642903423,-16.2298126945516,13.6382074059872));
#3813=CARTESIAN_POINT('Ctrl Pts',(2.99079630311278,-15.7374021433044,13.6644199219559));
#3814=CARTESIAN_POINT('Ctrl Pts',(5.58183296332215,-15.2449915920572,13.6906324379246));
#3815=CARTESIAN_POINT('Ctrl Pts',(8.04868422421683,-14.0991244455522,13.7168449538933));
#3816=CARTESIAN_POINT('Ctrl Pts',(10.0963112013193,-12.4368480280539,13.743057469862));
#3817=CARTESIAN_POINT('Ctrl Pts',(12.1439381784218,-10.7745716105557,13.7692699858307));
#3818=CARTESIAN_POINT('Ctrl Pts',(13.772340871732,-8.59588592206433,13.7954825017994));
#3819=CARTESIAN_POINT('Ctrl Pts',(14.7867600261094,-6.16136483882009,13.8216950177681));
#3820=CARTESIAN_POINT('Ctrl Pts',(15.8011791804868,-3.72684375557587,13.8479075337367));
#3821=CARTESIAN_POINT('Ctrl Pts',(16.2016147959313,-1.03648727757873,13.8741200497054));
#3822=CARTESIAN_POINT('Ctrl Pts',(15.940174208966,1.58793417200126,13.9003325656741));
#3823=CARTESIAN_POINT('Ctrl Pts',(15.6787336220007,4.21235562158129,13.9265450816428));
#3824=CARTESIAN_POINT('Ctrl Pts',(14.7554168326256,6.77084204274424,13.9527575976115));
#3825=CARTESIAN_POINT('Ctrl Pts',(13.2806538290102,8.95739485680926,13.9789701135802));
#3826=CARTESIAN_POINT('Ctrl Pts',(11.8058908253947,11.1439476708743,14.0051826295489));
#3827=CARTESIAN_POINT('Ctrl Pts',(9.779681607539,12.9585668778413,14.0313951455176));
#3828=CARTESIAN_POINT('Ctrl Pts',(7.44436365108694,14.1842214653174,14.0576076614863));
#3829=CARTESIAN_POINT('Ctrl Pts',(5.10904569463488,15.4098760527934,14.083820177455));
#3830=CARTESIAN_POINT('Ctrl Pts',(2.4646189995865,16.0465660207784,14.1100326934237));
#3831=CARTESIAN_POINT('Ctrl Pts',(-0.172639277604617,16.0181423525521,14.1362452093924));
#3832=CARTESIAN_POINT('Ctrl Pts',(-2.80989755479573,15.9897186843258,14.1624577253611));
#3833=CARTESIAN_POINT('Ctrl Pts',(-5.43998741412955,15.2961813798881,14.1886702413297));
#3834=CARTESIAN_POINT('Ctrl Pts',(-7.74834640489224,14.0204784774482,14.2148827572984));
#3835=CARTESIAN_POINT('Ctrl Pts',(-10.0567053956549,12.7447755750083,14.2410952732671));
#3836=CARTESIAN_POINT('Ctrl Pts',(-12.0433335178464,10.8869070745663,14.2673077892358));
#3837=CARTESIAN_POINT('Ctrl Pts',(-13.4706272506,8.66907666491576,14.2935203052045));
#3838=CARTESIAN_POINT('Ctrl Pts',(-14.8979209833537,6.45124625526524,14.3197328211732));
#3839=CARTESIAN_POINT('Ctrl Pts',(-15.7658803266694,3.8734539364063,14.3459453371419));
#3840=CARTESIAN_POINT('Ctrl Pts',(-15.9706961208775,1.24400729956968,14.3721578531106));
#3841=CARTESIAN_POINT('Ctrl Pts',(-16.0029199138598,0.830314867250959,14.3762818841278));
#3842=CARTESIAN_POINT('Ctrl Pts',(-16.0187289679377,0.415343839756238,14.3804059151449));
#3843=CARTESIAN_POINT('Ctrl Pts',(-16.018336760605,0.000343006201874996,
14.3845299461621));
#3844=CARTESIAN_POINT('Origin',(1.16945154975581E-15,0.,16.5));
#3845=CARTESIAN_POINT('',(-16.0185651442507,-0.000296057401440869,15.3845299461621));
#3846=CARTESIAN_POINT('',(-16.0169820199334,0.00033218339843209,15.1154700538379));
#3847=CARTESIAN_POINT('',(-16.01775,1.96160862670425E-15,16.5));
#3848=CARTESIAN_POINT('Ctrl Pts',(-16.0169820199334,0.00033218339843209,
15.1154700538379));
#3849=CARTESIAN_POINT('Ctrl Pts',(-16.0176624683664,0.883325057866062,15.1066975329306));
#3850=CARTESIAN_POINT('Ctrl Pts',(-15.9458547980069,1.76620840424413,15.0979250120233));
#3851=CARTESIAN_POINT('Ctrl Pts',(-15.8005639886721,2.63682874197016,15.089152491116));
#3852=CARTESIAN_POINT('Ctrl Pts',(-15.366431348804,5.23826449190123,15.0629399751473));
#3853=CARTESIAN_POINT('Ctrl Pts',(-14.2762194746906,7.73021246765485,15.0367274591786));
#3854=CARTESIAN_POINT('Ctrl Pts',(-12.6603192416478,9.81463218231661,15.0105149432099));
#3855=CARTESIAN_POINT('Ctrl Pts',(-11.0444190086051,11.8990518969783,14.9843024272412));
#3856=CARTESIAN_POINT('Ctrl Pts',(-8.90283041663311,13.5759433505482,14.9580899112725));
#3857=CARTESIAN_POINT('Ctrl Pts',(-6.49169047699056,14.6447479638795,14.9318773953038));
#3858=CARTESIAN_POINT('Ctrl Pts',(-4.08055053734794,15.7135525772109,14.9056648793351));
#3859=CARTESIAN_POINT('Ctrl Pts',(-1.39985925003472,16.1742703503037,14.8794523633664));
#3860=CARTESIAN_POINT('Ctrl Pts',(1.22976893219493,15.9717987887405,14.8532398473977));
#3861=CARTESIAN_POINT('Ctrl Pts',(3.85939711442447,15.7693272271772,14.827027331429));
#3862=CARTESIAN_POINT('Ctrl Pts',(6.43796219157043,14.903666330958,14.8008148154604));
#3863=CARTESIAN_POINT('Ctrl Pts',(8.65706414942282,13.4783503622432,14.7746022994917));
#3864=CARTESIAN_POINT('Ctrl Pts',(10.8761661072753,12.0530343935283,14.748389783523));
#3865=CARTESIAN_POINT('Ctrl Pts',(12.7358049458342,10.0680633523179,14.7221772675543));
#3866=CARTESIAN_POINT('Ctrl Pts',(14.013565241374,7.76084257025991,14.6959647515856));
#3867=CARTESIAN_POINT('Ctrl Pts',(15.2913255369138,5.45362178820191,14.6697522356169));
#3868=CARTESIAN_POINT('Ctrl Pts',(15.9872072894345,2.82415126529632,14.6435397196482));
#3869=CARTESIAN_POINT('Ctrl Pts',(16.0179820614349,0.186919378748125,14.6173272036795));
#3870=CARTESIAN_POINT('Ctrl Pts',(16.0487568334354,-2.45031250779996,14.5911146877108));
#3871=CARTESIAN_POINT('Ctrl Pts',(15.4144246249157,-5.09530575799067,14.5649021717421));
#3872=CARTESIAN_POINT('Ctrl Pts',(14.190852461244,-7.4317154545776,14.5386896557735));
#3873=CARTESIAN_POINT('Ctrl Pts',(12.9672802975723,-9.7681251511646,14.5124771398048));
#3874=CARTESIAN_POINT('Ctrl Pts',(11.1544681787485,-11.7959512941478,14.4862646238361));
#3875=CARTESIAN_POINT('Ctrl Pts',(8.96923098687927,-13.2726630213611,14.4600521078674));
#3876=CARTESIAN_POINT('Ctrl Pts',(6.78399379501001,-14.7493747485745,14.4338395918987));
#3877=CARTESIAN_POINT('Ctrl Pts',(4.22633153009523,-15.674972060018,14.40762707593));
#3878=CARTESIAN_POINT('Ctrl Pts',(1.60214420056803,-15.9387522138714,14.3814145599613));
#3879=CARTESIAN_POINT('Ctrl Pts',(-1.02204312895918,-16.2025323677247,14.3552020439926));
#3880=CARTESIAN_POINT('Ctrl Pts',(-3.71275552309882,-15.804495363988,14.3289895280239));
#3881=CARTESIAN_POINT('Ctrl Pts',(-6.14817999060918,-14.7922469888004,14.3027770120552));
#3882=CARTESIAN_POINT('Ctrl Pts',(-8.58360445811953,-13.7799986136128,14.2765644960865));
#3883=CARTESIAN_POINT('Ctrl Pts',(-10.7637409990006,-12.1535388669743,14.2503519801178));
#3884=CARTESIAN_POINT('Ctrl Pts',(-12.4278422130232,-10.1073946248675,14.2241394641491));
#3885=CARTESIAN_POINT('Ctrl Pts',(-14.0919434270458,-8.06125038276081,14.1979269481804));
#3886=CARTESIAN_POINT('Ctrl Pts',(-15.24000931421,-5.59542164518588,14.1717144322118));
#3887=CARTESIAN_POINT('Ctrl Pts',(-15.7347295777721,-3.00482500139142,14.1455019162431));
#3888=CARTESIAN_POINT('Ctrl Pts',(-15.9236643968241,-2.01547011908308,14.1354912954413));
#3889=CARTESIAN_POINT('Ctrl Pts',(-16.0173091577577,-1.0079179142467,14.1254806746396));
#3890=CARTESIAN_POINT('Ctrl Pts',(-16.0167205949162,-0.000257669539629759,
14.1154700538379));
#3891=CARTESIAN_POINT('Ctrl Pts',(-16.018336760605,0.000343006201874996,
14.3845299461621));
#3892=CARTESIAN_POINT('Ctrl Pts',(-16.0162360815047,-2.22241905079915,14.4066184311136));
#3893=CARTESIAN_POINT('Ctrl Pts',(-15.5493667364748,-4.4460361598992,14.4287069160651));
#3894=CARTESIAN_POINT('Ctrl Pts',(-14.6505295010549,-6.47863211530911,14.4507954010167));
#3895=CARTESIAN_POINT('Ctrl Pts',(-13.5838748419238,-8.89072393853682,14.4770079169854));
#3896=CARTESIAN_POINT('Ctrl Pts',(-11.9088932785612,-11.0338066301781,14.503220432954));
#3897=CARTESIAN_POINT('Ctrl Pts',(-9.82591496455565,-12.6515644825498,14.5294329489227));
#3898=CARTESIAN_POINT('Ctrl Pts',(-7.74293665054997,-14.2693223349216,14.5556454648914));
#3899=CARTESIAN_POINT('Ctrl Pts',(-5.25196158590111,-15.361755348024,14.5818579808601));
#3900=CARTESIAN_POINT('Ctrl Pts',(-2.6509138959856,-15.7982069951898,14.6080704968288));
#3901=CARTESIAN_POINT('Ctrl Pts',(-0.0498662060701283,-16.2346586423557,
14.6342830127975));
#3902=CARTESIAN_POINT('Ctrl Pts',(2.66125410911201,-16.0151289235853,14.6604955287662));
#3903=CARTESIAN_POINT('Ctrl Pts',(5.15819324222537,-15.1658739023722,14.6867080447349));
#3904=CARTESIAN_POINT('Ctrl Pts',(7.65513237533869,-14.3166188811592,14.7129205607036));
#3905=CARTESIAN_POINT('Ctrl Pts',(9.93789032638314,-12.8376385575036,14.7391330766723));
#3906=CARTESIAN_POINT('Ctrl Pts',(11.7334460299686,-10.9058210607276,14.765345592641));
#3907=CARTESIAN_POINT('Ctrl Pts',(13.5290017335541,-8.97400356395147,14.7915581086097));
#3908=CARTESIAN_POINT('Ctrl Pts',(14.8373551896806,-6.58934889405487,14.8177706245784));
#3909=CARTESIAN_POINT('Ctrl Pts',(15.5020254826491,-4.03706510748762,14.8439831405471));
#3910=CARTESIAN_POINT('Ctrl Pts',(16.1666957756175,-1.48478132092047,14.8701956565157));
#3911=CARTESIAN_POINT('Ctrl Pts',(16.187682905428,1.23513158231731,14.8964081724844));
#3912=CARTESIAN_POINT('Ctrl Pts',(15.5624767818024,3.79736818897744,14.9226206884531));
#3913=CARTESIAN_POINT('Ctrl Pts',(14.9372706581767,6.35960479563762,14.9488332044218));
#3914=CARTESIAN_POINT('Ctrl Pts',(13.6658712811149,8.76416510572015,14.9750457203905));
#3915=CARTESIAN_POINT('Ctrl Pts',(11.9003398064232,10.723460320179,15.0012582363592));
#3916=CARTESIAN_POINT('Ctrl Pts',(10.1348083317316,12.6827555346379,15.0274707523279));
#3917=CARTESIAN_POINT('Ctrl Pts',(7.87514475941003,14.1967856534731,15.0536832682966));
#3918=CARTESIAN_POINT('Ctrl Pts',(5.39160803463337,15.084470542504,15.0798957842653));
#3919=CARTESIAN_POINT('Ctrl Pts',(2.90807130985666,15.972155431535,15.106108300234));
#3920=CARTESIAN_POINT('Ctrl Pts',(0.200661432624814,16.2334950907616,15.1323208162027));
#3921=CARTESIAN_POINT('Ctrl Pts',(-2.40681156333023,15.8372329289373,15.1585333321714));
#3922=CARTESIAN_POINT('Ctrl Pts',(-5.01428455928528,15.4409707671129,15.1847458481401));
#3923=CARTESIAN_POINT('Ctrl Pts',(-7.52182067396352,14.3871067842377,15.2109583641087));
#3924=CARTESIAN_POINT('Ctrl Pts',(-9.62951505708484,12.8016845966526,15.2371708800774));
#3925=CARTESIAN_POINT('Ctrl Pts',(-11.7372094402062,11.2162624090674,15.2633833960461));
#3926=CARTESIAN_POINT('Ctrl Pts',(-13.4450620917706,9.09928201677236,15.2895959120148));
#3927=CARTESIAN_POINT('Ctrl Pts',(-14.5488114297535,6.70393725569294,15.3158084279835));
#3928=CARTESIAN_POINT('Ctrl Pts',(-15.513380293032,4.61064044105857,15.3387156007097));
#3929=CARTESIAN_POINT('Ctrl Pts',(-16.0165925084845,2.30475539992499,15.3616227734359));
#3930=CARTESIAN_POINT('Ctrl Pts',(-16.0185651442507,-0.000296057401440869,
15.3845299461621));
#3931=CARTESIAN_POINT('Origin',(1.16945154975581E-15,0.,16.5));
#3932=CARTESIAN_POINT('',(-16.0166032728855,-0.000204285090513179,16.3845299461621));
#3933=CARTESIAN_POINT('',(-16.0189743449969,0.000134911142393432,16.1154700538379));
#3934=CARTESIAN_POINT('',(-16.01775,1.96160862670425E-15,16.5));
#3935=CARTESIAN_POINT('Ctrl Pts',(-16.0189743449969,0.000134911142393432,
16.1154700538379));
#3936=CARTESIAN_POINT('Ctrl Pts',(-16.019035315778,0.135280032961322,16.1141269071903));
#3937=CARTESIAN_POINT('Ctrl Pts',(-16.0173600440485,0.270423639629085,16.1127837605426));
#3938=CARTESIAN_POINT('Ctrl Pts',(-16.0139389046639,0.405523035465566,16.111440613895));
#3939=CARTESIAN_POINT('Ctrl Pts',(-15.9471727991859,3.04208924877737,16.0852280979263));
#3940=CARTESIAN_POINT('Ctrl Pts',(-15.2154675952455,5.66181712373822,16.0590155819576));
#3941=CARTESIAN_POINT('Ctrl Pts',(-13.9063362655782,7.9513835175564,16.0328030659889));
#3942=CARTESIAN_POINT('Ctrl Pts',(-12.5972049359109,10.2409499113746,16.0065905500202));
#3943=CARTESIAN_POINT('Ctrl Pts',(-10.7106474805167,12.2003548240501,15.9803780340515));
#3944=CARTESIAN_POINT('Ctrl Pts',(-8.47229882759975,13.5952506689084,15.9541655180828));
#3945=CARTESIAN_POINT('Ctrl Pts',(-6.23395017468281,14.9901465137667,15.9279530021141));
#3946=CARTESIAN_POINT('Ctrl Pts',(-3.64381032424314,15.8205332908079,15.9017404861454));
#3947=CARTESIAN_POINT('Ctrl Pts',(-1.01166364967562,15.987095572196,15.8755279701768));
#3948=CARTESIAN_POINT('Ctrl Pts',(1.6204830248919,16.1536578535841,15.8493154542081));
#3949=CARTESIAN_POINT('Ctrl Pts',(4.29463652358726,15.6563956393191,15.8231029382394));
#3950=CARTESIAN_POINT('Ctrl Pts',(6.69096432238116,14.5547821904426,15.7968904222707));
#3951=CARTESIAN_POINT('Ctrl Pts',(9.08729212117506,13.4531687415661,15.770677906302));
#3952=CARTESIAN_POINT('Ctrl Pts',(11.2057942200675,11.7472040580779,15.7444653903333));
#3953=CARTESIAN_POINT('Ctrl Pts',(12.7930947848811,9.64092391836232,15.7182528743646));
#3954=CARTESIAN_POINT('Ctrl Pts',(14.3803953496947,7.5346437786467,15.6920403583959));
#3955=CARTESIAN_POINT('Ctrl Pts',(15.4364943804295,5.02804818270359,15.6658278424272));
#3956=CARTESIAN_POINT('Ctrl Pts',(15.8350809458732,2.42092949344798,15.6396153264585));
#3957=CARTESIAN_POINT('Ctrl Pts',(16.2336675113169,-0.186189195807625,15.6134028104898));
#3958=CARTESIAN_POINT('Ctrl Pts',(15.9747416114695,-2.89383097837572,15.5871902945211));
#3959=CARTESIAN_POINT('Ctrl Pts',(15.0892711485569,-5.37815808431959,15.5609777785524));
#3960=CARTESIAN_POINT('Ctrl Pts',(14.2038006856443,-7.86248519026345,15.5347652625838));
#3961=CARTESIAN_POINT('Ctrl Pts',(12.6917856596665,-10.1234976195831,15.5085527466151));
#3962=CARTESIAN_POINT('Ctrl Pts',(10.734065196861,-11.8907751019074,15.4823402306464));
#3963=CARTESIAN_POINT('Ctrl Pts',(8.77634473405547,-13.6580525842317,15.4561277146777));
#3964=CARTESIAN_POINT('Ctrl Pts',(6.3729188344222,-14.9315951195606,15.429915198709));
#3965=CARTESIAN_POINT('Ctrl Pts',(3.81124061992001,-15.5590852273414,15.4037026827403));
#3966=CARTESIAN_POINT('Ctrl Pts',(1.24956240541779,-16.1865753351222,15.3774901667716));
#3967=CARTESIAN_POINT('Ctrl Pts',(-1.47036812395336,-16.1680130153548,15.3512776508029));
#3968=CARTESIAN_POINT('Ctrl Pts',(-4.02324344683477,-15.5056183476217,15.3250651348342));
#3969=CARTESIAN_POINT('Ctrl Pts',(-6.57611876971621,-14.8432236798887,15.2988526188655));
#3970=CARTESIAN_POINT('Ctrl Pts',(-8.96193888610791,-13.5369966641899,15.2726401028968));
#3971=CARTESIAN_POINT('Ctrl Pts',(-10.8953563505181,-11.7431638909549,15.2464275869281));
#3972=CARTESIAN_POINT('Ctrl Pts',(-12.8287738149283,-9.94933111771998,15.2202150709594));
#3973=CARTESIAN_POINT('Ctrl Pts',(-14.309788627357,-7.6678925869489,15.1940025549908));
#3974=CARTESIAN_POINT('Ctrl Pts',(-15.1612693307599,-5.17171155950914,15.1677900390221));
#3975=CARTESIAN_POINT('Ctrl Pts',(-15.7277856956881,-3.51092535940366,15.1503500439607));
#3976=CARTESIAN_POINT('Ctrl Pts',(-16.0156292711128,-1.75508014706417,15.1329100488993));
#3977=CARTESIAN_POINT('Ctrl Pts',(-16.0169820199334,0.00033218339843209,
15.1154700538379));
#3978=CARTESIAN_POINT('Ctrl Pts',(-16.0185651442507,-0.000296057401440869,
15.3845299461621));
#3979=CARTESIAN_POINT('Ctrl Pts',(-16.01884978166,-0.332898703270018,15.3878352894046));
#3980=CARTESIAN_POINT('Ctrl Pts',(-16.0086983845539,-0.665483993547107,
15.3911406326471));
#3981=CARTESIAN_POINT('Ctrl Pts',(-15.9879911348675,-0.997410757007154,
15.3944459758896));
#3982=CARTESIAN_POINT('Ctrl Pts',(-15.823775477597,-3.62970487876401,15.4206584918583));
#3983=CARTESIAN_POINT('Ctrl Pts',(-14.9956981386545,-6.2205839924139,15.446871007827));
#3984=CARTESIAN_POINT('Ctrl Pts',(-13.6027983338273,-8.46017530764104,15.4730835237957));
#3985=CARTESIAN_POINT('Ctrl Pts',(-12.2098985290001,-10.6997666228682,15.4992960397643));
#3986=CARTESIAN_POINT('Ctrl Pts',(-10.2521762582882,-12.5880701396725,15.525508555733));
#3987=CARTESIAN_POINT('Ctrl Pts',(-7.96377786201777,-13.8992420984466,15.5517210717017));
#3988=CARTESIAN_POINT('Ctrl Pts',(-5.67537946574735,-15.2104140572207,15.5779335876704));
#3989=CARTESIAN_POINT('Ctrl Pts',(-3.05630494391846,-15.9444544579645,15.6041461036391));
#3990=CARTESIAN_POINT('Ctrl Pts',(-0.419799297368237,-16.0135710351166,
15.6303586196078));
#3991=CARTESIAN_POINT('Ctrl Pts',(2.21670634918199,-16.0826876122686,15.6565711355765));
#3992=CARTESIAN_POINT('Ctrl Pts',(4.87064312045356,-15.4868803658291,15.6827836515452));
#3993=CARTESIAN_POINT('Ctrl Pts',(7.22459644148504,-14.2974086814526,15.7089961675139));
#3994=CARTESIAN_POINT('Ctrl Pts',(9.57854976251651,-13.1079369970762,15.7352086834826));
#3995=CARTESIAN_POINT('Ctrl Pts',(11.6325196333079,-11.3248008747629,15.7614211994513));
#3996=CARTESIAN_POINT('Ctrl Pts',(13.1408483650332,-9.16126590564858,15.78763371542));
#3997=CARTESIAN_POINT('Ctrl Pts',(14.6491770967585,-6.99773093653428,15.8138462313887));
#3998=CARTESIAN_POINT('Ctrl Pts',(15.6118646894178,-4.45379712061901,15.8400587473574));
#3999=CARTESIAN_POINT('Ctrl Pts',(15.913772351329,-1.8337225245039,15.866271263326));
#4000=CARTESIAN_POINT('Ctrl Pts',(16.2156800132402,0.786352071611217,15.8924837792947));
#4001=CARTESIAN_POINT('Ctrl Pts',(15.8568077444033,3.48256744792617,15.9186962952634));
#4002=CARTESIAN_POINT('Ctrl Pts',(14.8800771735141,5.9324524487821,15.9449088112321));
#4003=CARTESIAN_POINT('Ctrl Pts',(13.9033466026248,8.38233744963803,15.9711213272008));
#4004=CARTESIAN_POINT('Ctrl Pts',(12.3087577296832,10.5858920750349,15.9973338431695));
#4005=CARTESIAN_POINT('Ctrl Pts',(10.2870256292991,12.2795680888596,16.0235463591382));
#4006=CARTESIAN_POINT('Ctrl Pts',(8.265293528915,13.9732441026842,16.0497588751069));
#4007=CARTESIAN_POINT('Ctrl Pts',(5.81641820108841,15.1570415049366,16.0759713910756));
#4008=CARTESIAN_POINT('Ctrl Pts',(3.23328858338931,15.6893764593536,16.1021839070443));
#4009=CARTESIAN_POINT('Ctrl Pts',(0.650158965690248,16.2217114137706,16.128396423013));
#4010=CARTESIAN_POINT('Ctrl Pts',(-2.06722494188132,16.1025839203523,16.1546089389817));
#4011=CARTESIAN_POINT('Ctrl Pts',(-4.59386019751997,15.3462417950597,16.1808214549504));
#4012=CARTESIAN_POINT('Ctrl Pts',(-7.12049545315869,14.5898996697671,16.207033970919));
#4013=CARTESIAN_POINT('Ctrl Pts',(-9.45638205686449,13.1963429126003,16.2332464868877));
#4014=CARTESIAN_POINT('Ctrl Pts',(-11.3221446815763,11.3322428740408,16.2594590028564));
#4015=CARTESIAN_POINT('Ctrl Pts',(-13.187907306288,9.46814283548145,16.2856715188251));
#4016=CARTESIAN_POINT('Ctrl Pts',(-14.5835459520057,7.13349951552952,16.3118840347938));
#4017=CARTESIAN_POINT('Ctrl Pts',(-15.3421402714456,4.6075395427584,16.3380965507625));
#4018=CARTESIAN_POINT('Ctrl Pts',(-15.7900701843224,3.11602688370069,16.353574349229));
#4019=CARTESIAN_POINT('Ctrl Pts',(-16.015888819201,1.55780993970208,16.3690521476955));
#4020=CARTESIAN_POINT('Ctrl Pts',(-16.0166032728855,-0.000204285090513179,
16.3845299461621));
#4021=CARTESIAN_POINT('Origin',(1.16945154975581E-15,0.,16.5));
#4022=CARTESIAN_POINT('',(-16.0171652499665,0.000363793318262084,17.3845299461621));
#4023=CARTESIAN_POINT('',(-16.0177371663981,-0.000396115762773742,17.1154700538379));
#4024=CARTESIAN_POINT('',(-16.01775,1.96160862670425E-15,16.5));
#4025=CARTESIAN_POINT('Ctrl Pts',(-16.0177371663981,-0.000396115762773742,
17.1154700538379));
#4026=CARTESIAN_POINT('Ctrl Pts',(-16.0157189576314,2.02512898358686,17.0953437654813));
#4027=CARTESIAN_POINT('Ctrl Pts',(-15.6300227599359,4.05140096386321,17.0752174771246));
#4028=CARTESIAN_POINT('Ctrl Pts',(-14.8800771569247,5.93245244216672,17.0550911887679));
#4029=CARTESIAN_POINT('Ctrl Pts',(-13.9033465871246,8.38233744029138,17.0288786727992));
#4030=CARTESIAN_POINT('Ctrl Pts',(-12.308757715961,10.5858920632317,17.0026661568305));
#4031=CARTESIAN_POINT('Ctrl Pts',(-10.287025617831,12.2795680751682,16.9764536408618));
#4032=CARTESIAN_POINT('Ctrl Pts',(-8.26529351970111,13.9732440871047,16.9502411248931));
#4033=CARTESIAN_POINT('Ctrl Pts',(-5.81641819460491,15.1570414880375,16.9240286089244));
#4034=CARTESIAN_POINT('Ctrl Pts',(-3.23328857978583,15.6893764418612,16.8978160929557));
#4035=CARTESIAN_POINT('Ctrl Pts',(-0.650158964966755,16.2217113956849,16.871603576987));
#4036=CARTESIAN_POINT('Ctrl Pts',(2.0672249395752,16.1025839023996,16.8453910610184));
#4037=CARTESIAN_POINT('Ctrl Pts',(4.59386019239696,15.3462417779505,16.8191785450497));
#4038=CARTESIAN_POINT('Ctrl Pts',(7.1204954452188,14.5898996535014,16.792966029081));
#4039=CARTESIAN_POINT('Ctrl Pts',(9.45638204632042,13.1963428978884,16.7667535131123));
#4040=CARTESIAN_POINT('Ctrl Pts',(11.3221446689522,11.3322428614074,16.7405409971436));
#4041=CARTESIAN_POINT('Ctrl Pts',(13.187907291584,9.46814282492645,16.7143284811749));
#4042=CARTESIAN_POINT('Ctrl Pts',(14.583545935746,7.13349950757746,16.6881159652062));
#4043=CARTESIAN_POINT('Ctrl Pts',(15.3421402543403,4.60753953762252,16.6619034492375));
#4044=CARTESIAN_POINT('Ctrl Pts',(16.1007345729345,2.08157956766766,16.6356909332688));
#4045=CARTESIAN_POINT('Ctrl Pts',(16.2222845659611,-0.635697054893127,16.6094784173001));
#4046=CARTESIAN_POINT('Ctrl Pts',(15.6922526830946,-3.21930021969278,16.5832659013314));
#4047=CARTESIAN_POINT('Ctrl Pts',(15.162220800228,-5.80290338449251,16.5570533853627));
#4048=CARTESIAN_POINT('Ctrl Pts',(13.9806070414682,-8.2528330915311,16.530840869394));
#4049=CARTESIAN_POINT('Ctrl Pts',(12.2887340762417,-10.2760742980001,16.5046283534253));
#4050=CARTESIAN_POINT('Ctrl Pts',(10.5968611110153,-12.299315504469,16.4784158374567));
#4051=CARTESIAN_POINT('Ctrl Pts',(8.39472893932233,-13.8958682103683,16.452203321488));
#4052=CARTESIAN_POINT('Ctrl Pts',(5.94571566980989,-14.8747824639011,16.4259908055193));
#4053=CARTESIAN_POINT('Ctrl Pts',(3.49670240029739,-15.8536967174339,16.3997782895506));
#4054=CARTESIAN_POINT('Ctrl Pts',(0.800808032965449,-16.2149725186002,16.3735657735819));
#4055=CARTESIAN_POINT('Ctrl Pts',(-1.81953466965345,-15.9154007728531,16.3473532576132));
#4056=CARTESIAN_POINT('Ctrl Pts',(-4.43987737227234,-15.615829027106,16.3211407416445));
#4057=CARTESIAN_POINT('Ctrl Pts',(-6.98466841017819,-14.6554097344455,16.2949282256758));
#4058=CARTESIAN_POINT('Ctrl Pts',(-9.14954719181269,-13.1490103946797,16.2687157097071));
#4059=CARTESIAN_POINT('Ctrl Pts',(-11.3144259734472,-11.6426110549139,16.2425031937384));
#4060=CARTESIAN_POINT('Ctrl Pts',(-13.0993924988104,-9.59023166804278,16.2162906777697));
#4061=CARTESIAN_POINT('Ctrl Pts',(-14.2909622579841,-7.23733969877581,16.1900781618011));
#4062=CARTESIAN_POINT('Ctrl Pts',(-15.4214751949363,-5.00501146954,16.16520879248));
#4063=CARTESIAN_POINT('Ctrl Pts',(-16.0178454251772,-2.50217855725299,16.140339423159));
#4064=CARTESIAN_POINT('Ctrl Pts',(-16.0189743449969,0.000134911142393432,
16.1154700538379));
#4065=CARTESIAN_POINT('Ctrl Pts',(-16.0166032728855,-0.000204285090513179,
16.3845299461621));
#4066=CARTESIAN_POINT('Ctrl Pts',(-16.0170987864102,-1.08077414802565,16.3952646636642));
#4067=CARTESIAN_POINT('Ctrl Pts',(-15.9093147538034,-2.16124649902874,16.4059993811664));
#4068=CARTESIAN_POINT('Ctrl Pts',(-15.6922527005897,-3.21930022328321,16.4167340986686));
#4069=CARTESIAN_POINT('Ctrl Pts',(-15.162220817132,-5.80290339096332,16.4429466146373));
#4070=CARTESIAN_POINT('Ctrl Pts',(-13.9806070570546,-8.25283310073322,16.469159130606));
#4071=CARTESIAN_POINT('Ctrl Pts',(-12.2887340899418,-10.2760743094578,16.4953716465747));
#4072=CARTESIAN_POINT('Ctrl Pts',(-10.5968611228289,-12.2993155181823,16.5215841625433));
#4073=CARTESIAN_POINT('Ctrl Pts',(-8.39472894868052,-13.8958682258615,16.547796678512));
#4074=CARTESIAN_POINT('Ctrl Pts',(-5.94571567643753,-14.8747824804856,16.5740091944807));
#4075=CARTESIAN_POINT('Ctrl Pts',(-3.49670240419453,-15.8536967351096,16.6002217104494));
#4076=CARTESIAN_POINT('Ctrl Pts',(-0.800808033856893,-16.2149725366784,
16.6264342264181));
#4077=CARTESIAN_POINT('Ctrl Pts',(1.8195346716834,-15.915400790597,16.6526467423868));
#4078=CARTESIAN_POINT('Ctrl Pts',(4.4398773772237,-15.6158290445157,16.6788592583555));
#4079=CARTESIAN_POINT('Ctrl Pts',(6.98466841796667,-14.6554097507843,16.7050717743242));
#4080=CARTESIAN_POINT('Ctrl Pts',(9.14954720201467,-13.1490104093388,16.7312842902929));
#4081=CARTESIAN_POINT('Ctrl Pts',(11.3144259860627,-11.6426110678933,16.7574968062616));
#4082=CARTESIAN_POINT('Ctrl Pts',(13.0993925134158,-9.59023167873385,16.7837093222303));
#4083=CARTESIAN_POINT('Ctrl Pts',(14.2909622739178,-7.23733970684354,16.809921838199));
#4084=CARTESIAN_POINT('Ctrl Pts',(15.4825320344197,-4.88444773495333,16.8361343541677));
#4085=CARTESIAN_POINT('Ctrl Pts',(16.0807050280706,-2.23104318033231,16.8623468701363));
#4086=CARTESIAN_POINT('Ctrl Pts',(16.0139389225179,0.405523035918927,16.888559386105));
#4087=CARTESIAN_POINT('Ctrl Pts',(15.9471728169652,3.0420892521703,16.9147719020737));
#4088=CARTESIAN_POINT('Ctrl Pts',(15.2154676122088,5.66181713005184,16.9409844180424));
#4089=CARTESIAN_POINT('Ctrl Pts',(13.9063362810817,7.95138352642261,16.9671969340111));
#4090=CARTESIAN_POINT('Ctrl Pts',(12.5972049499547,10.2409499227933,16.9934094499798));
#4091=CARTESIAN_POINT('Ctrl Pts',(10.710647492457,12.2003548376532,17.0196219659485));
#4092=CARTESIAN_POINT('Ctrl Pts',(8.4722988370444,13.5952506840665,17.0458344819172));
#4093=CARTESIAN_POINT('Ctrl Pts',(6.2339501816318,14.9901465304798,17.0720469978859));
#4094=CARTESIAN_POINT('Ctrl Pts',(3.6438103283043,15.8205333084465,17.0982595138546));
#4095=CARTESIAN_POINT('Ctrl Pts',(1.01166365080218,15.9870955900201,17.1244720298233));
#4096=CARTESIAN_POINT('Ctrl Pts',(-1.62048302669991,16.1536578715937,17.150684545792));
#4097=CARTESIAN_POINT('Ctrl Pts',(-4.29463652837662,15.6563956567742,17.1768970617606));
#4098=CARTESIAN_POINT('Ctrl Pts',(-6.69096432984207,14.5547822066693,17.2031095777293));
#4099=CARTESIAN_POINT('Ctrl Pts',(-9.08729213130756,13.4531687565643,17.229322093698));
#4100=CARTESIAN_POINT('Ctrl Pts',(-11.2057942325618,11.7472040711741,17.2555346096667));
#4101=CARTESIAN_POINT('Ctrl Pts',(-12.7930947991449,9.64092392911002,17.2817471256354));
#4102=CARTESIAN_POINT('Ctrl Pts',(-14.380395365728,7.53464378704598,17.3079596416041));
#4103=CARTESIAN_POINT('Ctrl Pts',(-15.4364943976401,5.02804818830818,17.3341721575728));
#4104=CARTESIAN_POINT('Ctrl Pts',(-15.835080963528,2.42092949614586,17.3603846735415));
#4105=CARTESIAN_POINT('Ctrl Pts',(-15.9574650097314,1.62042651439413,17.3684330977484));
#4106=CARTESIAN_POINT('Ctrl Pts',(-16.0178609605999,0.810446548675483,17.3764815219552));
#4107=CARTESIAN_POINT('Ctrl Pts',(-16.0171652499665,0.000363793318262084,
17.3845299461621));
#4108=CARTESIAN_POINT('Origin',(1.16945154975581E-15,0.,16.5));
#4109=CARTESIAN_POINT('',(-16.0190505872201,6.33756347123704E-5,18.3845299461621));
#4110=CARTESIAN_POINT('',(-16.0164367452996,3.69275321717978E-5,18.1154700538379));
#4111=CARTESIAN_POINT('',(-16.01775,1.96160862670425E-15,16.5));
#4112=CARTESIAN_POINT('Ctrl Pts',(-16.0164367452996,3.69275321717978E-5,
18.1154700538379));
#4113=CARTESIAN_POINT('Ctrl Pts',(-16.0165412900145,1.27816196246661,18.1027731397409));
#4114=CARTESIAN_POINT('Ctrl Pts',(-15.8653163867619,2.55626267264357,18.0900762256439));
#4115=CARTESIAN_POINT('Ctrl Pts',(-15.562476764452,3.79736818474243,18.0773793115469));
#4116=CARTESIAN_POINT('Ctrl Pts',(-14.9372706415236,6.35960478854601,18.0511667955782));
#4117=CARTESIAN_POINT('Ctrl Pts',(-13.6658712658795,8.76416509594778,18.0249542796095));
#4118=CARTESIAN_POINT('Ctrl Pts',(-11.9003397931564,10.7234603082224,17.9987417636408));
#4119=CARTESIAN_POINT('Ctrl Pts',(-10.1348083204333,12.682755520497,17.9725292476721));
#4120=CARTESIAN_POINT('Ctrl Pts',(-7.87514475063115,14.1967856376444,17.9463167317034));
#4121=CARTESIAN_POINT('Ctrl Pts',(-5.39160802862342,15.0844705256859,17.9201042157347));
#4122=CARTESIAN_POINT('Ctrl Pts',(-2.90807130661568,15.9721554137273,17.893891699766));
#4123=CARTESIAN_POINT('Ctrl Pts',(-0.200661432402353,16.2334950726628,17.8676791837973));
#4124=CARTESIAN_POINT('Ctrl Pts',(2.40681156064564,15.8372329112805,17.8414666678287));
#4125=CARTESIAN_POINT('Ctrl Pts',(5.01428455369364,15.4409707498981,17.81525415186));
#4126=CARTESIAN_POINT('Ctrl Pts',(7.5218206655763,14.387106768198,17.7890416358913));
#4127=CARTESIAN_POINT('Ctrl Pts',(9.62951504634787,12.8016845823807,17.7628291199226));
#4128=CARTESIAN_POINT('Ctrl Pts',(11.7372094271194,11.2162623965633,17.7366166039539));
#4129=CARTESIAN_POINT('Ctrl Pts',(13.4450620767799,9.09928200662857,17.7104040879852));
#4130=CARTESIAN_POINT('Ctrl Pts',(14.5488114135325,6.70393724821983,17.6841915720165));
#4131=CARTESIAN_POINT('Ctrl Pts',(15.6525607502851,4.30859248981106,17.6579790560478));
#4132=CARTESIAN_POINT('Ctrl Pts',(16.1522067741297,1.63488336292822,17.6317665400791));
#4133=CARTESIAN_POINT('Ctrl Pts',(15.9879911170425,-0.997410755893895,17.6055540241104));
#4134=CARTESIAN_POINT('Ctrl Pts',(15.8237754599553,-3.62970487471601,17.5793415081417));
#4135=CARTESIAN_POINT('Ctrl Pts',(14.9956981219363,-6.22058398547738,17.553128992173));
#4136=CARTESIAN_POINT('Ctrl Pts',(13.6027983186622,-8.4601752982077,17.5269164762043));
#4137=CARTESIAN_POINT('Ctrl Pts',(12.2098985153881,-10.699766610938,17.5007039602357));
#4138=CARTESIAN_POINT('Ctrl Pts',(10.252176246859,-12.5880701256373,17.474491444267));
#4139=CARTESIAN_POINT('Ctrl Pts',(7.96377785314001,-13.8992420829497,17.4482789282983));
#4140=CARTESIAN_POINT('Ctrl Pts',(5.67537945942103,-15.2104140402621,17.4220664123296));
#4141=CARTESIAN_POINT('Ctrl Pts',(3.05630494051222,-15.9444544401877,17.3958538963609));
#4142=CARTESIAN_POINT('Ctrl Pts',(0.419799296901447,-16.0135710172629,17.3696413803922));
#4143=CARTESIAN_POINT('Ctrl Pts',(-2.21670634670933,-16.0826875943382,17.3434288644235));
#4144=CARTESIAN_POINT('Ctrl Pts',(-4.87064311502206,-15.4868803485631,17.3172163484548));
#4145=CARTESIAN_POINT('Ctrl Pts',(-7.2245964334292,-14.2974086655129,17.2910038324861));
#4146=CARTESIAN_POINT('Ctrl Pts',(-9.57854975183634,-13.1079369824628,17.2647913165174));
#4147=CARTESIAN_POINT('Ctrl Pts',(-11.6325196203379,-11.3248008621377,17.2385788005487));
#4148=CARTESIAN_POINT('Ctrl Pts',(-13.1408483503817,-9.16126589543567,17.21236628458));
#4149=CARTESIAN_POINT('Ctrl Pts',(-14.6491770804255,-6.99773092873366,17.1861537686113));
#4150=CARTESIAN_POINT('Ctrl Pts',(-15.6118646720117,-4.45379711565474,17.1599412526427));
#4151=CARTESIAN_POINT('Ctrl Pts',(-15.9137723335865,-1.83372252246082,17.133728736674));
#4152=CARTESIAN_POINT('Ctrl Pts',(-15.9838716231148,-1.22537304720738,17.127642509062));
#4153=CARTESIAN_POINT('Ctrl Pts',(-16.018347476541,-0.612918731458647,17.1215562814499));
#4154=CARTESIAN_POINT('Ctrl Pts',(-16.0177371663981,-0.000396115762773742,
17.1154700538379));
#4155=CARTESIAN_POINT('Ctrl Pts',(-16.0171652499665,0.000363793318262084,
17.3845299461621));
#4156=CARTESIAN_POINT('Ctrl Pts',(-16.0155951349402,-1.82787203580819,17.4026940379239));
#4157=CARTESIAN_POINT('Ctrl Pts',(-15.7028622749809,-3.65663141111595,17.4208581296857));
#4158=CARTESIAN_POINT('Ctrl Pts',(-15.0892711653795,-5.37815809031689,17.4390222214476));
#4159=CARTESIAN_POINT('Ctrl Pts',(-14.2038007014795,-7.86248519903047,17.4652347374163));
#4160=CARTESIAN_POINT('Ctrl Pts',(-12.6917856738158,-10.1234976308708,17.491447253385));
#4161=CARTESIAN_POINT('Ctrl Pts',(-10.7340652088275,-11.8907751151653,17.5176597693536));
#4162=CARTESIAN_POINT('Ctrl Pts',(-8.77634474383915,-13.6580525994598,17.5438722853223));
#4163=CARTESIAN_POINT('Ctrl Pts',(-6.37291884152615,-14.9315951362085,17.570084801291));
#4164=CARTESIAN_POINT('Ctrl Pts',(-3.81124062416786,-15.5590852446886,17.5962973172597));
#4165=CARTESIAN_POINT('Ctrl Pts',(-1.24956240680956,-16.1865753531688,17.6225098332284));
#4166=CARTESIAN_POINT('Ctrl Pts',(1.47036812559405,-16.1680130333805,17.6487223491971));
#4167=CARTESIAN_POINT('Ctrl Pts',(4.02324345132161,-15.5056183649087,17.6749348651658));
#4168=CARTESIAN_POINT('Ctrl Pts',(6.57611877704917,-14.8432236964369,17.7011473811345));
#4169=CARTESIAN_POINT('Ctrl Pts',(8.96193889610069,-13.5369966792816,17.7273598971032));
#4170=CARTESIAN_POINT('Ctrl Pts',(10.8953563626663,-11.7431639040466,17.7535724130719));
#4171=CARTESIAN_POINT('Ctrl Pts',(12.8287738292319,-9.9493311288115,17.7797849290406));
#4172=CARTESIAN_POINT('Ctrl Pts',(14.3097886433116,-7.6678925954967,17.8059974450093));
#4173=CARTESIAN_POINT('Ctrl Pts',(15.1612693476637,-5.17171156527381,17.832209960978));
#4174=CARTESIAN_POINT('Ctrl Pts',(16.0127500520158,-2.67553053505095,17.8584224769467));
#4175=CARTESIAN_POINT('Ctrl Pts',(16.2346966466403,0.0353929920799639,17.8846349929153));
#4176=CARTESIAN_POINT('Ctrl Pts',(15.800564006288,2.63682874491131,17.910847508884));
#4177=CARTESIAN_POINT('Ctrl Pts',(15.3664313659357,5.23826449774265,17.9370600248527));
#4178=CARTESIAN_POINT('Ctrl Pts',(14.2762194906066,7.73021247627443,17.9632725408214));
#4179=CARTESIAN_POINT('Ctrl Pts',(12.6603192557621,9.81463219325996,17.9894850567901));
#4180=CARTESIAN_POINT('Ctrl Pts',(11.0444190209176,11.8990519102455,18.0156975727588));
#4181=CARTESIAN_POINT('Ctrl Pts',(8.9028304265578,13.5759433656848,18.0419100887275));
#4182=CARTESIAN_POINT('Ctrl Pts',(6.49169048422693,14.6447479802075,18.0681226046962));
#4183=CARTESIAN_POINT('Ctrl Pts',(4.08055054189606,15.7135525947303,18.0943351206649));
#4184=CARTESIAN_POINT('Ctrl Pts',(1.39985925159413,16.1742703683366,18.1205476366336));
#4185=CARTESIAN_POINT('Ctrl Pts',(-1.22976893356724,15.9717988065474,18.1467601526023));
#4186=CARTESIAN_POINT('Ctrl Pts',(-3.85939711872858,15.7693272447582,18.172972668571));
#4187=CARTESIAN_POINT('Ctrl Pts',(-6.43796219874937,14.9036663475736,18.1991851845396));
#4188=CARTESIAN_POINT('Ctrl Pts',(-8.65706415907575,13.4783503772695,18.2253977005083));
#4189=CARTESIAN_POINT('Ctrl Pts',(-10.8761661194022,12.0530344069654,18.251610216477));
#4190=CARTESIAN_POINT('Ctrl Pts',(-12.7358049600342,10.0680633635418,18.2778227324457));
#4191=CARTESIAN_POINT('Ctrl Pts',(-14.0135652569983,7.76084257891141,18.3040352484144));
#4192=CARTESIAN_POINT('Ctrl Pts',(-15.2913255539625,5.45362179428101,18.3302477643831));
#4193=CARTESIAN_POINT('Ctrl Pts',(-15.9872073072588,2.82415126844381,18.3564602803518));
#4194=CARTESIAN_POINT('Ctrl Pts',(-16.0179820792934,0.186919378955393,18.3826727963205));
#4195=CARTESIAN_POINT('Ctrl Pts',(-16.0187088741202,0.124636984397182,18.3832918462677));
#4196=CARTESIAN_POINT('Ctrl Pts',(-16.0190647103229,0.0623502609943424,
18.3839108962149));
#4197=CARTESIAN_POINT('Ctrl Pts',(-16.0190505872201,6.33756347123704E-5,
18.3845299461621));
#4198=CARTESIAN_POINT('Origin',(1.16945154975581E-15,0.,16.5));
#4199=CARTESIAN_POINT('',(-16.0175169422085,-0.000393826439033795,19.3845299461621));
#4200=CARTESIAN_POINT('',(-16.0179907601494,0.000384489773515038,19.1154700538379));
#4201=CARTESIAN_POINT('',(-16.01775,1.96160862670425E-15,16.5));
#4202=CARTESIAN_POINT('Ctrl Pts',(-16.0179907601494,0.000384489773515038,
19.1154700538379));
#4203=CARTESIAN_POINT('Ctrl Pts',(-16.018521325129,0.530489555359388,19.1102025140006));
#4204=CARTESIAN_POINT('Ctrl Pts',(-15.9927120211016,1.06054318888466,19.1049349741632));
#4205=CARTESIAN_POINT('Ctrl Pts',(-15.9401741911944,1.58793417022963,19.0996674343259));
#4206=CARTESIAN_POINT('Ctrl Pts',(-15.6787336045208,4.21235561688369,19.0734549183572));
#4207=CARTESIAN_POINT('Ctrl Pts',(-14.7554168161752,6.77084203519426,19.0472424023885));
#4208=CARTESIAN_POINT('Ctrl Pts',(-13.2806538142042,8.9573948468216,19.0210298864198));
#4209=CARTESIAN_POINT('Ctrl Pts',(-11.8058908122332,11.1439476584489,18.9948173704511));
#4210=CARTESIAN_POINT('Ctrl Pts',(-9.7796815966366,12.958566863393,18.9686048544824));
#4211=CARTESIAN_POINT('Ctrl Pts',(-7.44436364278829,14.1842214495028,18.9423923385137));
#4212=CARTESIAN_POINT('Ctrl Pts',(-5.10904568894001,15.4098760356125,18.916179822545));
#4213=CARTESIAN_POINT('Ctrl Pts',(-2.46461899684,16.0465660028878,18.8899673065763));
#4214=CARTESIAN_POINT('Ctrl Pts',(0.172639277410785,16.0181423346934,18.8637547906077));
#4215=CARTESIAN_POINT('Ctrl Pts',(2.80989755166161,15.989718666499,18.837542274639));
#4216=CARTESIAN_POINT('Ctrl Pts',(5.4399874080632,15.2961813628348,18.8113297586703));
#4217=CARTESIAN_POINT('Ctrl Pts',(7.74834639625239,14.0204784618174,18.7851172427016));
#4218=CARTESIAN_POINT('Ctrl Pts',(10.0567053844416,12.7447755608,18.7589047267329));
#4219=CARTESIAN_POINT('Ctrl Pts',(12.0433335044184,10.8869070624294,18.7326922107642));
#4220=CARTESIAN_POINT('Ctrl Pts',(13.4706272355809,8.66907665525163,18.7064796947955));
#4221=CARTESIAN_POINT('Ctrl Pts',(14.8979209667434,6.45124624807388,18.6802671788268));
#4222=CARTESIAN_POINT('Ctrl Pts',(15.7658803090917,3.87345393208899,18.6540546628581));
#4223=CARTESIAN_POINT('Ctrl Pts',(15.9706961030716,1.24400729818397,18.6278421468894));
#4224=CARTESIAN_POINT('Ctrl Pts',(16.1755118970516,-1.38543933572106,18.6016296309207));
#4225=CARTESIAN_POINT('Ctrl Pts',(15.7171841426632,-4.06654028754617,18.575417114952));
#4226=CARTESIAN_POINT('Ctrl Pts',(14.6505294847215,-6.47863210808481,18.5492045989834));
#4227=CARTESIAN_POINT('Ctrl Pts',(13.5838748267799,-8.89072392862341,18.5229920830147));
#4228=CARTESIAN_POINT('Ctrl Pts',(11.9088932652849,-11.0338066178755,18.496779567046));
#4229=CARTESIAN_POINT('Ctrl Pts',(9.8259149536017,-12.6515644684438,18.4705670510773));
#4230=CARTESIAN_POINT('Ctrl Pts',(7.74293664191849,-14.2693223190121,18.4443545351086));
#4231=CARTESIAN_POINT('Ctrl Pts',(5.25196158004706,-15.3617553308966,18.4181420191399));
#4232=CARTESIAN_POINT('Ctrl Pts',(2.65091389303154,-15.7982069775761,18.3919295031712));
#4233=CARTESIAN_POINT('Ctrl Pts',(0.0498662060160188,-16.2346586242556,
18.3657169872025));
#4234=CARTESIAN_POINT('Ctrl Pts',(-2.6612541061436,-16.0151289057302,18.3395044712338));
#4235=CARTESIAN_POINT('Ctrl Pts',(-5.15819323647319,-15.1658738854642,18.3132919552651));
#4236=CARTESIAN_POINT('Ctrl Pts',(-7.65513236680277,-14.3166188651982,18.2870794392964));
#4237=CARTESIAN_POINT('Ctrl Pts',(-9.93789031530233,-12.8376385431917,18.2608669233277));
#4238=CARTESIAN_POINT('Ctrl Pts',(-11.7334460168861,-10.9058210485696,18.234654407359));
#4239=CARTESIAN_POINT('Ctrl Pts',(-13.5290017184698,-8.97400355394742,18.2084418913903));
#4240=CARTESIAN_POINT('Ctrl Pts',(-14.8373551731378,-6.58934888670967,18.1822293754216));
#4241=CARTESIAN_POINT('Ctrl Pts',(-15.5020254653654,-4.03706510298811,18.156016859453));
#4242=CARTESIAN_POINT('Ctrl Pts',(-15.8447403370095,-2.72106584807043,18.1425012575813));
#4243=CARTESIAN_POINT('Ctrl Pts',(-16.0163254596175,-1.36050067888171,18.1289856557096));
#4244=CARTESIAN_POINT('Ctrl Pts',(-16.0164367452996,3.69275321717978E-5,
18.1154700538379));
#4245=CARTESIAN_POINT('Ctrl Pts',(-16.0190505872201,6.33756347123704E-5,
18.3845299461621));
#4246=CARTESIAN_POINT('Ctrl Pts',(-16.0184666938649,-2.57507178310829,18.4101234121836));
#4247=CARTESIAN_POINT('Ctrl Pts',(-15.3855280537285,-5.15048376728878,18.4357168782051));
#4248=CARTESIAN_POINT('Ctrl Pts',(-14.1908524770648,-7.43171546286445,18.4613103442266));
#4249=CARTESIAN_POINT('Ctrl Pts',(-12.9672803120287,-9.76812516205622,18.4875228601953));
#4250=CARTESIAN_POINT('Ctrl Pts',(-11.1544681911837,-11.7959513073001,18.513735376164));
#4251=CARTESIAN_POINT('Ctrl Pts',(-8.96923099687797,-13.2726630361596,18.5399478921326));
#4252=CARTESIAN_POINT('Ctrl Pts',(-6.78399380257225,-14.7493747650192,18.5661604081013));
#4253=CARTESIAN_POINT('Ctrl Pts',(-4.22633153480586,-15.6749720774944,18.59237292407));
#4254=CARTESIAN_POINT('Ctrl Pts',(-1.60214420235291,-15.9387522316417,18.6185854400387));
#4255=CARTESIAN_POINT('Ctrl Pts',(1.02204313010004,-16.2025323857889,18.6447979560074));
#4256=CARTESIAN_POINT('Ctrl Pts',(3.71275552723953,-15.8044953816082,18.6710104719761));
#4257=CARTESIAN_POINT('Ctrl Pts',(6.14817999746506,-14.7922470052918,18.6972229879448));
#4258=CARTESIAN_POINT('Ctrl Pts',(8.58360446769059,-13.7799986289755,18.7234355039135));
#4259=CARTESIAN_POINT('Ctrl Pts',(10.7637410110022,-12.1535388805234,18.7496480198822));
#4260=CARTESIAN_POINT('Ctrl Pts',(12.4278422268799,-10.1073946361353,18.7758605358509));
#4261=CARTESIAN_POINT('Ctrl Pts',(14.0919434427576,-8.06125039174712,18.8020730518196));
#4262=CARTESIAN_POINT('Ctrl Pts',(15.2400093312016,-5.59542165142294,18.8282855677883));
#4263=CARTESIAN_POINT('Ctrl Pts',(15.734729595315,-3.00482500474018,18.854498083757));
#4264=CARTESIAN_POINT('Ctrl Pts',(16.2294498594285,-0.414228358057437,18.8807105997256));
#4265=CARTESIAN_POINT('Ctrl Pts',(16.0708244992116,2.30113619498393,18.9069231156943));
#4266=CARTESIAN_POINT('Ctrl Pts',(15.277825331113,4.81650723022373,18.933135631663));
#4267=CARTESIAN_POINT('Ctrl Pts',(14.4848261630144,7.33187826546354,18.9593481476317));
#4268=CARTESIAN_POINT('Ctrl Pts',(13.0574531870342,9.64725578290184,18.9855606636004));
#4269=CARTESIAN_POINT('Ctrl Pts',(11.1664222210422,11.4857173710748,19.0117731795691));
#4270=CARTESIAN_POINT('Ctrl Pts',(9.27539125505012,13.3241789592478,19.0379856955378));
#4271=CARTESIAN_POINT('Ctrl Pts',(6.92070229904622,14.6857246181556,19.0641982115065));
#4272=CARTESIAN_POINT('Ctrl Pts',(4.38397946790272,15.4075115697442,19.0904107274752));
#4273=CARTESIAN_POINT('Ctrl Pts',(1.84725663675923,16.1292985213329,19.1166232434439));
#4274=CARTESIAN_POINT('Ctrl Pts',(-0.871500069523866,16.2113267656026,19.1428357594126));
#4275=CARTESIAN_POINT('Ctrl Pts',(-3.4471235204821,15.6437856090313,19.1690482753813));
#4276=CARTESIAN_POINT('Ctrl Pts',(-6.02274697144036,15.0762444524599,19.1952607913499));
#4277=CARTESIAN_POINT('Ctrl Pts',(-8.45523716707375,13.8591338950477,19.2214733073186));
#4278=CARTESIAN_POINT('Ctrl Pts',(-10.4536648546952,12.1380220733242,19.2476858232873));
#4279=CARTESIAN_POINT('Ctrl Pts',(-12.4520925423167,10.4169102516007,19.273898339256));
#4280=CARTESIAN_POINT('Ctrl Pts',(-14.0164577219263,8.19179716556592,19.3001108552247));
#4281=CARTESIAN_POINT('Ctrl Pts',(-14.9596601151958,5.72880947358308,19.3263233711934));
#4282=CARTESIAN_POINT('Ctrl Pts',(-15.6578072761428,3.90573536258044,19.3457255628496));
#4283=CARTESIAN_POINT('Ctrl Pts',(-16.015632774826,1.95233489738075,19.3651277545058));
#4284=CARTESIAN_POINT('Ctrl Pts',(-16.0175169422085,-0.000393826439033795,
19.3845299461621));
#4285=CARTESIAN_POINT('Origin',(1.16945154975581E-15,0.,16.5));
#4286=CARTESIAN_POINT('',(-16.01647130313,0.000101296841019116,20.3845299461621));
#4287=CARTESIAN_POINT('',(-16.0188339781084,-0.00020926739101331,20.1154700538379));
#4288=CARTESIAN_POINT('',(-16.01775,1.96160862670425E-15,16.5));
#4289=CARTESIAN_POINT('Ctrl Pts',(-16.0188339781084,-0.00020926739101331,
20.1154700538379));
#4290=CARTESIAN_POINT('Ctrl Pts',(-16.0172497860058,2.41979086451437,20.0914193722916));
#4291=CARTESIAN_POINT('Ctrl Pts',(-15.4607952312936,4.8404950132979,20.0673686907452));
#4292=CARTESIAN_POINT('Ctrl Pts',(-14.4009421182217,7.01594999142589,20.0433180091988));
#4293=CARTESIAN_POINT('Ctrl Pts',(-13.2458223933484,9.38694925992424,20.0171054932301));
#4294=CARTESIAN_POINT('Ctrl Pts',(-11.492739261341,11.4666286045836,19.9908929772614));
#4295=CARTESIAN_POINT('Ctrl Pts',(-9.35136393337333,13.006255447293,19.9646804612927));
#4296=CARTESIAN_POINT('Ctrl Pts',(-7.20998860540571,14.5458822900023,19.938467945324));
#4297=CARTESIAN_POINT('Ctrl Pts',(-4.68032108147795,15.5454566307617,19.9122554293553));
#4298=CARTESIAN_POINT('Ctrl Pts',(-2.06491315958173,15.8854279708786,19.8860429133866));
#4299=CARTESIAN_POINT('Ctrl Pts',(0.550494762314502,16.2253993109955,19.8598303974179));
#4300=CARTESIAN_POINT('Ctrl Pts',(3.25164308217919,15.90576765047,19.8336178814492));
#4301=CARTESIAN_POINT('Ctrl Pts',(5.71547065735926,14.9647613859852,19.8074053654806));
#4302=CARTESIAN_POINT('Ctrl Pts',(8.17929823253932,14.0237551215005,19.7811928495119));
#4303=CARTESIAN_POINT('Ctrl Pts',(10.4058050630348,12.4613742530565,19.7549803335432));
#4304=CARTESIAN_POINT('Ctrl Pts',(12.1286977966823,10.464481732573,19.7287678175745));
#4305=CARTESIAN_POINT('Ctrl Pts',(13.8515905303299,8.46758921208944,19.7025553016058));
#4306=CARTESIAN_POINT('Ctrl Pts',(15.0708691671296,6.03618503956631,19.6763427856371));
#4307=CARTESIAN_POINT('Ctrl Pts',(15.6407062652039,3.46106857779688,19.6501302696684));
#4308=CARTESIAN_POINT('Ctrl Pts',(16.2105433632783,0.885952116027453,19.6239177536997));
#4309=CARTESIAN_POINT('Ctrl Pts',(16.1309389226274,-1.83287663498827,19.597705237731));
#4310=CARTESIAN_POINT('Ctrl Pts',(15.4114137464472,-4.37024192813412,19.5714927217623));
#4311=CARTESIAN_POINT('Ctrl Pts',(14.691888570267,-6.90760722127996,19.5452802057937));
#4312=CARTESIAN_POINT('Ctrl Pts',(13.3324426585576,-9.26350905655593,19.519067689825));
#4313=CARTESIAN_POINT('Ctrl Pts',(11.4956676566511,-11.156178257021,19.4928551738563));
#4314=CARTESIAN_POINT('Ctrl Pts',(9.65889265474451,-13.0488474574861,19.4666426578876));
#4315=CARTESIAN_POINT('Ctrl Pts',(7.34478856264082,-14.4782840231404,19.4404301419189));
#4316=CARTESIAN_POINT('Ctrl Pts',(4.83012548834057,-15.2735253278831,19.4142176259502));
#4317=CARTESIAN_POINT('Ctrl Pts',(2.31546241404033,-16.0687666326258,19.3880051099815));
#4318=CARTESIAN_POINT('Ctrl Pts',(-0.399759642456469,-16.229812676457,19.3617925940128));
#4319=CARTESIAN_POINT('Ctrl Pts',(-2.99079629977711,-15.7374021257589,19.3355800780441));
#4320=CARTESIAN_POINT('Ctrl Pts',(-5.58183295709775,-15.2449915750609,19.3093675620754));
#4321=CARTESIAN_POINT('Ctrl Pts',(-8.04868421524224,-14.0991244298336,19.2831550461067));
#4322=CARTESIAN_POINT('Ctrl Pts',(-10.0963111900619,-12.4368480141888,19.256942530138));
#4323=CARTESIAN_POINT('Ctrl Pts',(-12.1439381648816,-10.774571598544,19.2307300141693));
#4324=CARTESIAN_POINT('Ctrl Pts',(-13.7723408563765,-8.59588591248176,19.2045174982006));
#4325=CARTESIAN_POINT('Ctrl Pts',(-14.7867600096231,-6.1613648319518,19.1783049822319));
#4326=CARTESIAN_POINT('Ctrl Pts',(-15.5973264190934,-4.21607327795343,19.1573600061006));
#4327=CARTESIAN_POINT('Ctrl Pts',(-16.0158811091212,-2.10743781221821,19.1364150299693));
#4328=CARTESIAN_POINT('Ctrl Pts',(-16.0179907601494,0.000384489773515038,
19.1154700538379));
#4329=CARTESIAN_POINT('Ctrl Pts',(-16.0175169422085,-0.000393826439033795,
19.3845299461621));
#4330=CARTESIAN_POINT('Ctrl Pts',(-16.018178300016,-0.685817212576181,19.3913402704745));
#4331=CARTESIAN_POINT('Ctrl Pts',(-15.9749853331484,-1.37115783573533,19.398150594787));
#4332=CARTESIAN_POINT('Ctrl Pts',(-15.8872625455179,-2.05075048618256,19.4049609190995));
#4333=CARTESIAN_POINT('Ctrl Pts',(-15.5496229756412,-4.66646045603445,19.4311734350682));
#4334=CARTESIAN_POINT('Ctrl Pts',(-14.5523042289587,-7.19701809780732,19.4573859510369));
#4335=CARTESIAN_POINT('Ctrl Pts',(-13.0145870319386,-9.33976515416193,19.4835984670056));
#4336=CARTESIAN_POINT('Ctrl Pts',(-11.4768698349185,-11.4825122105165,19.5098109829743));
#4337=CARTESIAN_POINT('Ctrl Pts',(-9.3987541875609,-13.2374486814529,19.5360234989429));
#4338=CARTESIAN_POINT('Ctrl Pts',(-7.02878564757034,-14.394681693851,19.5622360149116));
#4339=CARTESIAN_POINT('Ctrl Pts',(-4.65881710757978,-15.551914706249,19.5884485308803));
#4340=CARTESIAN_POINT('Ctrl Pts',(-1.99699567495626,-16.1114442601088,19.614661046849));
#4341=CARTESIAN_POINT('Ctrl Pts',(0.638321058739561,-16.006349832888,19.6408735628177));
#4342=CARTESIAN_POINT('Ctrl Pts',(3.27363779243538,-15.9012554056673,19.6670860787864));
#4343=CARTESIAN_POINT('Ctrl Pts',(5.88244982720352,-15.1315369973661,19.6932985947551));
#4344=CARTESIAN_POINT('Ctrl Pts',(8.15273957010799,-13.7892540134972,19.7195111107238));
#4345=CARTESIAN_POINT('Ctrl Pts',(10.4230293130125,-12.4469710296282,19.7457236266925));
#4346=CARTESIAN_POINT('Ctrl Pts',(12.3547967640533,-10.5321234701915,19.7719361426612));
#4347=CARTESIAN_POINT('Ctrl Pts',(13.7169998158894,-8.273729799656,19.7981486586299));
#4348=CARTESIAN_POINT('Ctrl Pts',(15.0792028677255,-6.01533612912047,19.8243611745986));
#4349=CARTESIAN_POINT('Ctrl Pts',(15.871841520357,-3.41339634748611,19.8505736905672));
#4350=CARTESIAN_POINT('Ctrl Pts',(16.0001150747732,-0.779106116564216,19.8767862065359));
#4351=CARTESIAN_POINT('Ctrl Pts',(16.1283886291894,1.85518411435768,19.9029987225046));
#4352=CARTESIAN_POINT('Ctrl Pts',(15.5922970853903,4.52182479456712,19.9292112384733));
#4353=CARTESIAN_POINT('Ctrl Pts',(14.455957746924,6.90188194376226,19.955423754442));
#4354=CARTESIAN_POINT('Ctrl Pts',(13.3196184084577,9.28193909295738,19.9816362704107));
#4355=CARTESIAN_POINT('Ctrl Pts',(11.5830312753243,11.3754127111382,20.0078487863794));
#4356=CARTESIAN_POINT('Ctrl Pts',(9.45389461397266,12.9319204055524,20.0340613023481));
#4357=CARTESIAN_POINT('Ctrl Pts',(7.32475795262098,14.4884280999667,20.0602738183168));
#4358=CARTESIAN_POINT('Ctrl Pts',(4.80307176305111,15.5079698706143,20.0864863342855));
#4359=CARTESIAN_POINT('Ctrl Pts',(2.19043326449046,15.8686070862844,20.1126988502542));
#4360=CARTESIAN_POINT('Ctrl Pts',(-0.422205234070182,16.2292443019546,20.1389113662229));
#4361=CARTESIAN_POINT('Ctrl Pts',(-3.12579604162158,15.9309769626472,20.1651238821916));
#4362=CARTESIAN_POINT('Ctrl Pts',(-5.59698589066974,15.0094782617237,20.1913363981603));
#4363=CARTESIAN_POINT('Ctrl Pts',(-8.06817573971788,14.0879795608002,20.2175489141289));
#4364=CARTESIAN_POINT('Ctrl Pts',(-10.3069646302628,12.5432494982606,20.2437614300976));
#4365=CARTESIAN_POINT('Ctrl Pts',(-12.045590258219,10.5600399656033,20.2699739460663));
#4366=CARTESIAN_POINT('Ctrl Pts',(-13.7842158861752,8.57683043294607,20.296186462035));
#4367=CARTESIAN_POINT('Ctrl Pts',(-15.0226782515428,6.15514143017118,20.3223989780037));
#4368=CARTESIAN_POINT('Ctrl Pts',(-15.6128555119716,3.58461037049438,20.3486114939724));
#4369=CARTESIAN_POINT('Ctrl Pts',(-15.8824246208337,2.4104957213532,20.360584311369));
#4370=CARTESIAN_POINT('Ctrl Pts',(-16.0167424617939,1.20532825801076,20.3725571287655));
#4371=CARTESIAN_POINT('Ctrl Pts',(-16.01647130313,0.000101296841019116,
20.3845299461621));
#4372=CARTESIAN_POINT('Origin',(1.16945154975581E-15,0.,16.5));
#4373=CARTESIAN_POINT('',(-16.018212533541,0.00036092647340058,21.3845299461621));
#4374=CARTESIAN_POINT('',(-16.0168010384279,-0.000285540845183493,21.1154700538379));
#4375=CARTESIAN_POINT('',(-16.01775,1.96160862670425E-15,16.5));
#4376=CARTESIAN_POINT('',(11.9837542906841,10.6281676766511,22.));
#4377=CARTESIAN_POINT('Ctrl Pts',(-16.018212533541,0.00036092647340058,
21.3845299461621));
#4378=CARTESIAN_POINT('Ctrl Pts',(-16.0160867254364,-2.18024164533031,21.4061990189939));
#4379=CARTESIAN_POINT('Ctrl Pts',(-15.5672660716131,-4.36169016363071,21.4278680918257));
#4380=CARTESIAN_POINT('Ctrl Pts',(-14.7012881984085,-6.36260346199506,21.4495371646575));
#4381=CARTESIAN_POINT('Ctrl Pts',(-13.6537372022904,-8.78305643626216,21.4757496806262));
#4382=CARTESIAN_POINT('Ctrl Pts',(-11.9957552893299,-10.9393301641737,21.5019621965949));
#4383=CARTESIAN_POINT('Ctrl Pts',(-9.92562920808036,-12.5734971157307,21.5281747125635));
#4384=CARTESIAN_POINT('Ctrl Pts',(-7.85550312683085,-14.2076640672878,21.5543872285322));
#4385=CARTESIAN_POINT('Ctrl Pts',(-5.37323287729238,-15.3197242424902,21.580599744501));
#4386=CARTESIAN_POINT('Ctrl Pts',(-2.7757213572424,-15.7767400908818,21.6068122604696));
#4387=CARTESIAN_POINT('Ctrl Pts',(-0.17820983719243,-16.2337559392733,21.6330247764383));
#4388=CARTESIAN_POINT('Ctrl Pts',(2.53454295336906,-16.0357274608539,21.659237292407));
#4389=CARTESIAN_POINT('Ctrl Pts',(5.03812668219686,-15.2062098958848,21.6854498083757));
#4390=CARTESIAN_POINT('Ctrl Pts',(7.54171041102466,-14.3766923309157,21.7116623243444));
#4391=CARTESIAN_POINT('Ctrl Pts',(9.83612507811877,-12.9156856793968,21.7378748403131));
#4392=CARTESIAN_POINT('Ctrl Pts',(11.646879433541,-10.9981810607096,21.7640873562818));
#4393=CARTESIAN_POINT('Ctrl Pts',(13.4576337889632,-9.08067644202244,21.7902998722505));
#4394=CARTESIAN_POINT('Ctrl Pts',(14.7847278327136,-6.70667385616691,21.8165123882192));
#4395=CARTESIAN_POINT('Ctrl Pts',(15.4695946810808,-4.15960176294704,21.8427249041878));
#4396=CARTESIAN_POINT('Ctrl Pts',(16.154461529448,-1.61252966972718,21.8689374201565));
#4397=CARTESIAN_POINT('Ctrl Pts',(16.1971011824321,1.10761193085703,21.8951499361253));
#4398=CARTESIAN_POINT('Ctrl Pts',(15.5920341156903,3.67436089120043,21.921362452094));
#4399=CARTESIAN_POINT('Ctrl Pts',(14.9869670489485,6.24110985154382,21.9475749680626));
#4400=CARTESIAN_POINT('Ctrl Pts',(13.7341932624808,8.65446617164639,21.9737874840313));
#4401=CARTESIAN_POINT('Ctrl Pts',(11.9837542906839,10.6281676766512,22.));
#4402=CARTESIAN_POINT('',(-11.9846046866378,10.6285737611477,22.));
#4403=CARTESIAN_POINT('Origin',(1.16945154975581E-15,0.,22.));
#4404=CARTESIAN_POINT('Ctrl Pts',(-11.9846046866378,10.6285737611477,22.));
#4405=CARTESIAN_POINT('Ctrl Pts',(-10.4390563762025,12.3683719969405,21.9768730529816));
#4406=CARTESIAN_POINT('Ctrl Pts',(-8.51041500699875,13.7694639263903,21.9537461059631));
#4407=CARTESIAN_POINT('Ctrl Pts',(-6.37570653775894,14.6955953135266,21.9306191589446));
#4408=CARTESIAN_POINT('Ctrl Pts',(-3.95618787869031,15.7452900162057,21.9044066429759));
#4409=CARTESIAN_POINT('Ctrl Pts',(-1.27194756754315,16.1848323005157,21.8781941270072));
#4410=CARTESIAN_POINT('Ctrl Pts',(1.35599546845156,15.9615857974944,21.8519816110386));
#4411=CARTESIAN_POINT('Ctrl Pts',(3.98393850444627,15.7383392944731,21.8257690950699));
#4412=CARTESIAN_POINT('Ctrl Pts',(6.55558426528852,14.8523040041205,21.7995565791012));
#4413=CARTESIAN_POINT('Ctrl Pts',(8.76335001059622,13.4094851978077,21.7733440631325));
#4414=CARTESIAN_POINT('Ctrl Pts',(10.9711157559039,11.966666391495,21.7471315471638));
#4415=CARTESIAN_POINT('Ctrl Pts',(12.815001485677,9.96706406922206,21.7209190311951));
#4416=CARTESIAN_POINT('Ctrl Pts',(14.0744811623913,7.64981588759981,21.6947065152264));
#4417=CARTESIAN_POINT('Ctrl Pts',(15.3339608391056,5.33256770597755,21.6684939992577));
#4418=CARTESIAN_POINT('Ctrl Pts',(16.009034462761,2.69767366500597,21.642281483289));
#4419=CARTESIAN_POINT('Ctrl Pts',(16.0189595545042,0.0602798558981807,21.6160689673203));
#4420=CARTESIAN_POINT('Ctrl Pts',(16.0288846462474,-2.57711395320961,21.5898564513516));
#4421=CARTESIAN_POINT('Ctrl Pts',(15.3736612060785,-5.21700753045363,21.5636439353829));
#4422=CARTESIAN_POINT('Ctrl Pts',(14.1316562810184,-7.54367054478223,21.5374314194143));
#4423=CARTESIAN_POINT('Ctrl Pts',(12.8896513559583,-9.87033355911082,21.5112189034456));
#4424=CARTESIAN_POINT('Ctrl Pts',(11.0608649460071,-11.883766010524,21.4850063874769));
#4425=CARTESIAN_POINT('Ctrl Pts',(8.86402176019739,-13.3431561460011,21.4587938715082));
#4426=CARTESIAN_POINT('Ctrl Pts',(6.6671785743877,-14.8025462814781,21.4325813555395));
#4427=CARTESIAN_POINT('Ctrl Pts',(4.10227861271956,-15.7078941010191,21.4063688395708));
#4428=CARTESIAN_POINT('Ctrl Pts',(1.47608789319853,-15.9509199636323,21.3801563236021));
#4429=CARTESIAN_POINT('Ctrl Pts',(-1.15010282632251,-16.1939458262455,21.3539438076334));
#4430=CARTESIAN_POINT('Ctrl Pts',(-3.83758430369642,-15.7746497319309,21.3277312916647));
#4431=CARTESIAN_POINT('Ctrl Pts',(-6.26493016068036,-14.7431794495682,21.301518775696));
#4432=CARTESIAN_POINT('Ctrl Pts',(-8.69227601766428,-13.7117091672054,21.2753062597273));
#4433=CARTESIAN_POINT('Ctrl Pts',(-10.8594862542582,-12.0680646967944,21.2490937437586));
#4434=CARTESIAN_POINT('Ctrl Pts',(-12.507359376258,-10.0088285578969,21.2228812277899));
#4435=CARTESIAN_POINT('Ctrl Pts',(-14.1552324982577,-7.94959241899935,21.1966687118213));
#4436=CARTESIAN_POINT('Ctrl Pts',(-15.2837685056632,-5.47476461161533,21.1704561958526));
#4437=CARTESIAN_POINT('Ctrl Pts',(-15.7579929533599,-2.88033785847094,21.1442436798839));
#4438=CARTESIAN_POINT('Ctrl Pts',(-15.9315125668678,-1.93103225082788,21.1346524712019));
#4439=CARTESIAN_POINT('Ctrl Pts',(-16.0174302134324,-0.965714236346702,
21.1250612625199));
#4440=CARTESIAN_POINT('Ctrl Pts',(-16.0168010384279,-0.000285540845183493,
21.1154700538379));
#4441=CARTESIAN_POINT('Origin',(1.16945154975581E-15,0.,24.2083368446371));
#4442=CARTESIAN_POINT('',(-16.5789827891519,0.000385649791141418,11.7916631553629));
#4443=CARTESIAN_POINT('',(-16.5799668734081,2.00708624429282E-5,11.7083368446371));
#4444=CARTESIAN_POINT('',(-16.5786,8.32707437704805E-13,24.2083368446371));
#4445=CARTESIAN_POINT('',(4.29050412313346,-16.0137925654535,11.));
#4446=CARTESIAN_POINT('Ctrl Pts',(-16.5799668734081,2.00708624444393E-5,
11.7083368446371));
#4447=CARTESIAN_POINT('Ctrl Pts',(-16.5799684663076,0.020810272721557,11.7081372068096));
#4448=CARTESIAN_POINT('Ctrl Pts',(-16.5749007826636,2.77136043191517,11.6817250530135));
#4449=CARTESIAN_POINT('Ctrl Pts',(-15.1721576298664,8.2464366803263,11.6291003832486));
#4450=CARTESIAN_POINT('Ctrl Pts',(-9.44681343306916,14.4552876241273,11.5504628353425));
#4451=CARTESIAN_POINT('Ctrl Pts',(-1.46174315978359,17.2064650632632,11.4718252874365));
#4452=CARTESIAN_POINT('Ctrl Pts',(6.87293801154458,15.8416676145796,11.3931877395304));
#4453=CARTESIAN_POINT('Ctrl Pts',(13.5636750653252,10.6877708780836,11.3145501916243));
#4454=CARTESIAN_POINT('Ctrl Pts',(17.0097833300599,2.97679916673259,11.2359126437182));
#4455=CARTESIAN_POINT('Ctrl Pts',(16.3874144810775,-5.44519179526487,11.1572750958122));
#4456=CARTESIAN_POINT('Ctrl Pts',(11.8445165897037,-12.5667901182597,11.0786375479061));
#4457=CARTESIAN_POINT('Ctrl Pts',(6.92794525557072,-15.3071547089313,11.0262125159687));
#4458=CARTESIAN_POINT('Ctrl Pts',(4.29050412313346,-16.0137925654535,11.));
#4459=CARTESIAN_POINT('',(-4.29050412313274,-16.0137925654537,11.));
#4460=CARTESIAN_POINT('Origin',(1.16945154975581E-15,0.,11.));
#4461=CARTESIAN_POINT('Ctrl Pts',(-16.5789827891519,0.000385649791142806,
11.7916631553629));
#4462=CARTESIAN_POINT('Ctrl Pts',(-16.5794823142089,0.505354306976899,11.7868150276453));
#4463=CARTESIAN_POINT('Ctrl Pts',(-16.4345472169117,3.7402663379385,11.755754383959));
#4464=CARTESIAN_POINT('Ctrl Pts',(-14.3923106320446,9.5425061360812,11.698481224304));
#4465=CARTESIAN_POINT('Ctrl Pts',(-8.14558468751121,15.2265376298905,11.6198436763979));
#4466=CARTESIAN_POINT('Ctrl Pts',(0.0495872742192606,17.2683410424337,11.5412061284918));
#4467=CARTESIAN_POINT('Ctrl Pts',(8.23289933694433,15.1795035877705,11.4625685805858));
#4468=CARTESIAN_POINT('Ctrl Pts',(14.4468757443459,9.45969595464706,11.3839310326797));
#4469=CARTESIAN_POINT('Ctrl Pts',(17.2051245165254,1.47708330326004,11.3052934847736));
#4470=CARTESIAN_POINT('Ctrl Pts',(15.8478479142853,-6.8588147018769,11.2266559368675));
#4471=CARTESIAN_POINT('Ctrl Pts',(10.6997431025862,-13.5541370854495,11.1480183889614));
#4472=CARTESIAN_POINT('Ctrl Pts',(3.29461550835794,-16.871643322808,11.0724664100056));
#4473=CARTESIAN_POINT('Ctrl Pts',(-1.96392313314514,-16.6360662308255,11.0231269470185));
#4474=CARTESIAN_POINT('Ctrl Pts',(-4.29100709665273,-16.0146282538736,11.));
#4475=CARTESIAN_POINT('Origin',(1.16945154975581E-15,0.,24.2083368446371));
#4476=CARTESIAN_POINT('',(-16.5796286106583,-0.000252231874565134,12.7916631553629));
#4477=CARTESIAN_POINT('',(-16.5782309338364,-0.00040079952591223,12.7083368446371));
#4478=CARTESIAN_POINT('',(-16.5786,8.32707437704805E-13,24.2083368446371));
#4479=CARTESIAN_POINT('Ctrl Pts',(-16.5782309338364,-0.000400799525912543,
12.7083368446371));
#4480=CARTESIAN_POINT('Ctrl Pts',(-16.5763802564084,1.97705552710029,12.6893540651006));
#4481=CARTESIAN_POINT('Ctrl Pts',(-15.733149121891,6.68663390453777,12.6441587695954));
#4482=CARTESIAN_POINT('Ctrl Pts',(-11.3720440077149,12.9951774016473,12.5727509581215));
#4483=CARTESIAN_POINT('Ctrl Pts',(-3.84917064657609,16.8339509832335,12.4941134102155));
#4484=CARTESIAN_POINT('Ctrl Pts',(4.59443518102298,16.6459961051927,12.4154758623094));
#4485=CARTESIAN_POINT('Ctrl Pts',(11.9390391596154,12.4762720309169,12.3368383144033));
#4486=CARTESIAN_POINT('Ctrl Pts',(16.4277913756746,5.32218864355567,12.2582007664972));
#4487=CARTESIAN_POINT('Ctrl Pts',(16.9869695746547,-3.10497743772108,12.1795632185912));
#4488=CARTESIAN_POINT('Ctrl Pts',(13.4828169176588,-10.7894238183877,12.1009256706851));
#4489=CARTESIAN_POINT('Ctrl Pts',(6.75353627573958,-15.8930103218942,12.022288122779));
#4490=CARTESIAN_POINT('Ctrl Pts',(-1.59120886117582,-17.1949426631158,11.9436505748729));
#4491=CARTESIAN_POINT('Ctrl Pts',(-9.55533313873891,-14.383798886971,11.8650130269668));
#4492=CARTESIAN_POINT('Ctrl Pts',(-15.2193773434565,-8.14787635045279,11.7865751168882));
#4493=CARTESIAN_POINT('Ctrl Pts',(-16.5797593180576,-2.708950440247,11.7343497227783));
#4494=CARTESIAN_POINT('Ctrl Pts',(-16.5799668734081,2.00708624444393E-5,
11.7083368446371));
#4495=CARTESIAN_POINT('Ctrl Pts',(-16.5796286106583,-0.000252231874565204,
12.7916631553629));
#4496=CARTESIAN_POINT('Ctrl Pts',(-16.5778092385561,2.46084339848533,12.7680318859363));
#4497=CARTESIAN_POINT('Ctrl Pts',(-15.4063916352293,7.65353503385792,12.7181881005409));
#4498=CARTESIAN_POINT('Ctrl Pts',(-10.1912102931904,13.9404896848991,12.6421317991769));
#4499=CARTESIAN_POINT('Ctrl Pts',(-2.36126664646181,17.1062105595553,12.5634942512708));
#4500=CARTESIAN_POINT('Ctrl Pts',(6.03349863182507,16.1800776933461,12.4848567033648));
#4501=CARTESIAN_POINT('Ctrl Pts',(12.9850340458668,11.3836246734846,12.4062191554587));
#4502=CARTESIAN_POINT('Ctrl Pts',(16.8305127456036,3.86417657560904,12.3275816075526));
#4503=CARTESIAN_POINT('Ctrl Pts',(16.650085399091,-4.57959344833756,12.2489440596465));
#4504=CARTESIAN_POINT('Ctrl Pts',(12.4869107299461,-11.9279118092374,12.1703065117405));
#4505=CARTESIAN_POINT('Ctrl Pts',(5.3368318549819,-16.4230400978367,12.0916689638344));
#4506=CARTESIAN_POINT('Ctrl Pts',(-3.08983224419306,-16.9897308948515,12.0130314159283));
#4507=CARTESIAN_POINT('Ctrl Pts',(-10.7773997405841,-13.4924303077555,11.9343938680222));
#4508=CARTESIAN_POINT('Ctrl Pts',(-15.5719691335101,-7.18229220636074,11.8606044478338));
#4509=CARTESIAN_POINT('Ctrl Pts',(-16.5767815172629,-2.224874713615,11.813027543614));
#4510=CARTESIAN_POINT('Ctrl Pts',(-16.5789827891519,0.000385649791142806,
11.7916631553629));
#4511=CARTESIAN_POINT('Origin',(1.16945154975581E-15,0.,24.2083368446371));
#4512=CARTESIAN_POINT('',(-16.5775345510373,-0.00026669165259674,13.7916631553629));
#4513=CARTESIAN_POINT('',(-16.5773123414539,0.000142284017380134,13.7083368446371));
#4514=CARTESIAN_POINT('',(-16.5786,8.32707437704805E-13,24.2083368446371));
#4515=CARTESIAN_POINT('Ctrl Pts',(-16.5773123414539,0.000142284017380923,
13.7083368446371));
#4516=CARTESIAN_POINT('Ctrl Pts',(-16.5776808813535,1.20386413193765,13.6967834393603));
#4517=CARTESIAN_POINT('Ctrl Pts',(-16.1547899641887,5.13835065067753,13.6590175181147));
#4518=CARTESIAN_POINT('Ctrl Pts',(-13.0746232268318,11.2806138145228,13.5950390809005));
#4519=CARTESIAN_POINT('Ctrl Pts',(-6.16122411999036,16.1318733536839,13.5164015329945));
#4520=CARTESIAN_POINT('Ctrl Pts',(2.22595714809683,17.1243433547329,13.4377639850884));
#4521=CARTESIAN_POINT('Ctrl Pts',(10.0806831974386,14.020622198356,13.3591264371823));
#4522=CARTESIAN_POINT('Ctrl Pts',(15.5240814359,7.56312872608806,13.2804888892762));
#4523=CARTESIAN_POINT('Ctrl Pts',(17.2540756747107,-0.703486437332402,13.2018513413702));
#4524=CARTESIAN_POINT('Ctrl Pts',(14.8568464197667,-8.80182566378901,13.1232137934641));
#4525=CARTESIAN_POINT('Ctrl Pts',(8.90581766017988,-14.7947434029217,13.044576245558));
#4526=CARTESIAN_POINT('Ctrl Pts',(0.824492234911873,-17.2487168541396,12.9659386976519));
#4527=CARTESIAN_POINT('Ctrl Pts',(-7.45405405481176,-15.5767486561363,12.8873011497458));
#4528=CARTESIAN_POINT('Ctrl Pts',(-13.9495696221735,-10.1787783119564,12.8086636018398));
#4529=CARTESIAN_POINT('Ctrl Pts',(-16.3458022357479,-4.23681213877538,12.7490088334702));
#4530=CARTESIAN_POINT('Ctrl Pts',(-16.5789357784562,-0.753530130255272,
12.7155665810693));
#4531=CARTESIAN_POINT('Ctrl Pts',(-16.5782309338364,-0.000400799525912543,
12.7083368446371));
#4532=CARTESIAN_POINT('Ctrl Pts',(-16.5775345510373,-0.000266691652596879,
13.7916631553629));
#4533=CARTESIAN_POINT('Ctrl Pts',(-16.5765486257878,1.68770544646905,13.7754612601959));
#4534=CARTESIAN_POINT('Ctrl Pts',(-15.9051493931961,6.1073592761795,13.7330468490603));
#4535=CARTESIAN_POINT('Ctrl Pts',(-12.037299094569,12.3814962907956,13.6644199219559));
#4536=CARTESIAN_POINT('Ctrl Pts',(-4.72588901216382,16.6091538898225,13.5857823740498));
#4537=CARTESIAN_POINT('Ctrl Pts',(3.71596703138779,16.8638551023404,13.5071448261438));
#4538=CARTESIAN_POINT('Ctrl Pts',(11.2689532958198,13.084674681005,13.4285072782377));
#4539=CARTESIAN_POINT('Ctrl Pts',(16.12637419534,6.17560322583696,13.3498697303316));
#4540=CARTESIAN_POINT('Ctrl Pts',(17.126320970915,-2.21068991319101,13.2712321824255));
#4541=CARTESIAN_POINT('Ctrl Pts',(14.0296035376962,-10.0681797990595,13.1925946345194));
#4542=CARTESIAN_POINT('Ctrl Pts',(7.57696542693735,-15.5173327221537,13.1139570866134));
#4543=CARTESIAN_POINT('Ctrl Pts',(-0.688104152814749,-17.2546959569304,
13.0353195387073));
#4544=CARTESIAN_POINT('Ctrl Pts',(-8.78857728132308,-14.8646873247008,12.9566819908012));
#4545=CARTESIAN_POINT('Ctrl Pts',(-14.7867979730161,-8.91900362128173,12.8780444428951));
#4546=CARTESIAN_POINT('Ctrl Pts',(-16.5083697864344,-3.26771955457523,12.8230381644157));
#4547=CARTESIAN_POINT('Ctrl Pts',(-16.5798273409026,-0.269078018201303,
12.794244401905));
#4548=CARTESIAN_POINT('Ctrl Pts',(-16.5796286106583,-0.000252231874565204,
12.7916631553629));
#4549=CARTESIAN_POINT('Origin',(1.16945154975581E-15,0.,24.2083368446371));
#4550=CARTESIAN_POINT('',(-16.5778051296635,0.000343814562008271,14.7916631553629));
#4551=CARTESIAN_POINT('',(-16.5792073056057,0.000355016317423659,14.7083368446371));
#4552=CARTESIAN_POINT('',(-16.5786,8.32707437704805E-13,24.2083368446371));
#4553=CARTESIAN_POINT('Ctrl Pts',(-16.5792073056057,0.00035501631742374,
14.7083368446371));
#4554=CARTESIAN_POINT('Ctrl Pts',(-16.5796132457962,0.429886805686365,14.7042128136199));
#4555=CARTESIAN_POINT('Ctrl Pts',(-16.4592492905407,3.58931392507452,14.6738762666341));
#4556=CARTESIAN_POINT('Ctrl Pts',(-14.5212106597701,9.34518386820712,14.6173272036795));
#4557=CARTESIAN_POINT('Ctrl Pts',(-8.3526452270662,15.1139451589183,14.5386896557734));
#4558=CARTESIAN_POINT('Ctrl Pts',(-0.186103532642511,17.2674082024825,14.4600521078674));
#4559=CARTESIAN_POINT('Ctrl Pts',(8.02495465090934,15.2904585741197,14.3814145599613));
#4560=CARTESIAN_POINT('Ctrl Pts',(14.3164210814273,9.65598819258211,14.3027770120552));
#4561=CARTESIAN_POINT('Ctrl Pts',(17.1833592701869,1.7117782413919,14.2241394641491));
#4562=CARTESIAN_POINT('Ctrl Pts',(15.9399895283301,-6.64189388598972,14.1455019162431));
#4563=CARTESIAN_POINT('Ctrl Pts',(10.883729399789,-13.4068062903956,14.066864368337));
#4564=CARTESIAN_POINT('Ctrl Pts',(3.22405054716572,-16.9647728727897,13.9882268204309));
#4565=CARTESIAN_POINT('Ctrl Pts',(-5.20683027617556,-16.4647180064259,13.9095892725248));
#4566=CARTESIAN_POINT('Ctrl Pts',(-12.3922226335525,-12.0262562236336,13.8309517246188));
#4567=CARTESIAN_POINT('Ctrl Pts',(-15.9931921195498,-5.78582359754643,13.7638675819895));
#4568=CARTESIAN_POINT('Ctrl Pts',(-16.576844733242,-1.52715563275166,13.7229959553289));
#4569=CARTESIAN_POINT('Ctrl Pts',(-16.5773123414539,0.000142284017380923,
13.7083368446371));
#4570=CARTESIAN_POINT('Ctrl Pts',(-16.5778051296635,0.000343814562009104,
14.7916631553629));
#4571=CARTESIAN_POINT('Ctrl Pts',(-16.5785094035091,0.914254049685249,14.7828906344556));
#4572=CARTESIAN_POINT('Ctrl Pts',(-16.2821115163404,4.55849925598237,14.7479055975796));
#4573=CARTESIAN_POINT('Ctrl Pts',(-13.6477061763936,10.5800820419279,14.6867080447349));
#4574=CARTESIAN_POINT('Ctrl Pts',(-6.997981846035,15.7869018484838,14.6080704968288));
#4575=CARTESIAN_POINT('Ctrl Pts',(1.3256794501864,17.2174502725128,14.5294329489227));
#4576=CARTESIAN_POINT('Ctrl Pts',(9.33223448843588,14.5295361021591,14.4507954010167));
#4577=CARTESIAN_POINT('Ctrl Pts',(15.1064927548462,8.36611597689603,14.3721578531106));
#4578=CARTESIAN_POINT('Ctrl Pts',(17.2672354101517,0.201497348616495,14.2935203052045));
#4579=CARTESIAN_POINT('Ctrl Pts',(15.2976067259423,-8.01132001292545,14.2148827572984));
#4580=CARTESIAN_POINT('Ctrl Pts',(9.66874743051109,-14.3078070652383,14.1362452093924));
#4581=CARTESIAN_POINT('Ctrl Pts',(1.72709651978092,-17.1818263727247,14.0576076614863));
#4582=CARTESIAN_POINT('Ctrl Pts',(-6.62768074247193,-15.9459044229847,13.9789701135802));
#4583=CARTESIAN_POINT('Ctrl Pts',(-13.3970981057066,-10.8956772271011,13.9003325656741));
#4584=CARTESIAN_POINT('Ctrl Pts',(-16.2274282928539,-4.81666243333111,13.837896912935));
#4585=CARTESIAN_POINT('Ctrl Pts',(-16.5781437219836,-1.04320943535283,13.8016737761646));
#4586=CARTESIAN_POINT('Ctrl Pts',(-16.5775345510373,-0.000266691652596879,
13.7916631553629));
#4587=CARTESIAN_POINT('Origin',(1.16945154975581E-15,0.,24.2083368446371));
#4588=CARTESIAN_POINT('',(-16.5798672145567,0.000139634959754886,15.7916631553629));
#4589=CARTESIAN_POINT('',(-16.5794436859406,-0.000306423638731155,15.7083368446371));
#4590=CARTESIAN_POINT('',(-16.5786,8.32707437704805E-13,24.2083368446371));
#4591=CARTESIAN_POINT('Ctrl Pts',(-16.5794436859406,-0.000306423638731235,
15.7083368446371));
#4592=CARTESIAN_POINT('Ctrl Pts',(-16.5774019797513,2.38545475320778,15.6854296719109));
#4593=CARTESIAN_POINT('Ctrl Pts',(-15.4605859663796,7.50307562935628,15.636309983216));
#4594=CARTESIAN_POINT('Ctrl Pts',(-10.3805275058093,13.800096711877,15.5609777785525));
#4595=CARTESIAN_POINT('Ctrl Pts',(-2.59452043912303,17.0723895295003,15.4823402306464));
#4596=CARTESIAN_POINT('Ctrl Pts',(5.81210322350296,16.2609186910017,15.4037026827403));
#4597=CARTESIAN_POINT('Ctrl Pts',(12.8284554265446,11.5597903062806,15.3250651348342));
#4598=CARTESIAN_POINT('Ctrl Pts',(16.776204963007,4.0935275246663,15.2464275869281));
#4599=CARTESIAN_POINT('Ctrl Pts',(16.7110390257918,-4.35191856937661,15.1677900390221));
#4600=CARTESIAN_POINT('Ctrl Pts',(12.6485454906065,-11.7563734853941,15.089152491116));
#4601=CARTESIAN_POINT('Ctrl Pts',(5.5604842521955,-16.3486707544408,15.0105149432099));
#4602=CARTESIAN_POINT('Ctrl Pts',(-2.85766047923312,-17.0303199365558,14.9318773953038));
#4603=CARTESIAN_POINT('Ctrl Pts',(-10.5922447760511,-13.6382686276609,14.8532398473978));
#4604=CARTESIAN_POINT('Ctrl Pts',(-15.5203812589391,-7.33288340460167,14.7787263305088));
#4605=CARTESIAN_POINT('Ctrl Pts',(-16.5770330727371,-2.30023545601462,14.7304253295886));
#4606=CARTESIAN_POINT('Ctrl Pts',(-16.5792073056057,0.00035501631742374,
14.7083368446371));
#4607=CARTESIAN_POINT('Ctrl Pts',(-16.5798672145567,0.000139634959754505,
15.7916631553629));
#4608=CARTESIAN_POINT('Ctrl Pts',(-16.5799303201858,0.140016766053917,15.7903200087153));
#4609=CARTESIAN_POINT('Ctrl Pts',(-16.5443574401145,3.00966903078565,15.7627643460989));
#4610=CARTESIAN_POINT('Ctrl Pts',(-14.9909009180747,8.57151734266252,15.7089961675139));
#4611=CARTESIAN_POINT('Ctrl Pts',(-9.1330591931136,14.6555535434926,15.6303586196078));
#4612=CARTESIAN_POINT('Ctrl Pts',(-1.09056398788833,17.2339400625457,15.5517210717017));
#4613=CARTESIAN_POINT('Ctrl Pts',(7.2127971945757,15.6899195830003,15.4730835237957));
#4614=CARTESIAN_POINT('Ctrl Pts',(13.7908369748254,10.3928261519611,15.3944459758896));
#4615=CARTESIAN_POINT('Ctrl Pts',(17.070069711809,2.60973943624212,15.3158084279835));
#4616=CARTESIAN_POINT('Ctrl Pts',(16.2660936995956,-5.79760430238849,15.2371708800774));
#4617=CARTESIAN_POINT('Ctrl Pts',(11.5712222645298,-12.8181447641983,15.1585333321713));
#4618=CARTESIAN_POINT('Ctrl Pts',(4.10848187596206,-16.7725488988999,15.0798957842653));
#4619=CARTESIAN_POINT('Ctrl Pts',(-4.33701894797994,-16.7149121007548,15.0012582363592));
#4620=CARTESIAN_POINT('Ctrl Pts',(-11.7450926252962,-12.6590212542009,14.9226206884531));
#4621=CARTESIAN_POINT('Ctrl Pts',(-15.8307022460371,-6.36531836060064,14.8527556614544));
#4622=CARTESIAN_POINT('Ctrl Pts',(-16.5764050153156,-1.81653301656665,14.8091031504243));
#4623=CARTESIAN_POINT('Ctrl Pts',(-16.5778051296635,0.000343814562009104,
14.7916631553629));
#4624=CARTESIAN_POINT('Origin',(1.16945154975581E-15,0.,24.2083368446371));
#4625=CARTESIAN_POINT('',(-16.5785867170387,-0.000409985470706531,16.7916631553629));
#4626=CARTESIAN_POINT('',(-16.5774131210601,-0.0002114379860845,16.7083368446371));
#4627=CARTESIAN_POINT('',(-16.5786,8.32707437704805E-13,24.2083368446371));
#4628=CARTESIAN_POINT('Ctrl Pts',(-16.5774131210601,-0.000211437986085139,
16.7083368446371));
#4629=CARTESIAN_POINT('Ctrl Pts',(-16.5766736512935,1.61235553472522,16.6928590461706));
#4630=CARTESIAN_POINT('Ctrl Pts',(-15.9471209336493,5.95645987448001,16.6511687317353));
#4631=CARTESIAN_POINT('Ctrl Pts',(-12.205166469456,12.2160522268402,16.5832659013314));
#4632=CARTESIAN_POINT('Ctrl Pts',(-4.95213848833578,16.543105662129,16.5046283534254));
#4633=CARTESIAN_POINT('Ctrl Pts',(3.48545496581348,16.9130016329836,16.4259908055193));
#4634=CARTESIAN_POINT('Ctrl Pts',(11.0893177761156,13.2372599814443,16.3473532576132));
#4635=CARTESIAN_POINT('Ctrl Pts',(16.0405845437234,6.39512846248468,16.2687157097071));
#4636=CARTESIAN_POINT('Ctrl Pts',(17.1548983136609,-1.97673579518731,16.190078161801));
#4637=CARTESIAN_POINT('Ctrl Pts',(14.1657120939371,-9.87575928360476,16.111440613895));
#4638=CARTESIAN_POINT('Ctrl Pts',(7.78804764670159,-15.4124733384595,16.0328030659889));
#4639=CARTESIAN_POINT('Ctrl Pts',(-0.452539730964357,-17.2624803648815,
15.9541655180828));
#4640=CARTESIAN_POINT('Ctrl Pts',(-8.58487833050406,-14.9832534720087,15.8755279701767));
#4641=CARTESIAN_POINT('Ctrl Pts',(-14.6636898559477,-9.11999015156245,15.7968904222707));
#4642=CARTESIAN_POINT('Ctrl Pts',(-16.4859085631368,-3.41865264728104,15.7411600470908));
#4643=CARTESIAN_POINT('Ctrl Pts',(-16.5797382897241,-0.344554912021652,
15.7116421878796));
#4644=CARTESIAN_POINT('Ctrl Pts',(-16.5794436859406,-0.000306423638731235,
15.7083368446371));
#4645=CARTESIAN_POINT('Ctrl Pts',(-16.5785867170387,-0.000409985470707155,
16.7916631553629));
#4646=CARTESIAN_POINT('Ctrl Pts',(-16.576497842143,2.09603741894465,16.7715368670062));
#4647=CARTESIAN_POINT('Ctrl Pts',(-15.6573765382533,6.92468171379209,16.7251980626808));
#4648=CARTESIAN_POINT('Ctrl Pts',(-11.0893177637532,13.2372599666851,16.6526467423868));
#4649=CARTESIAN_POINT('Ctrl Pts',(-3.48545496192894,16.913001614127,16.5740091944807));
#4650=CARTESIAN_POINT('Ctrl Pts',(4.95213848281331,16.5431056436854,16.4953716465747));
#4651=CARTESIAN_POINT('Ctrl Pts',(12.2051664558475,12.2160522132214,16.4167340986686));
#4652=CARTESIAN_POINT('Ctrl Pts',(16.5386842394507,4.96688468950529,16.3380965507625));
#4653=CARTESIAN_POINT('Ctrl Pts',(16.9161021753764,-3.47037564008912,16.2594590028564));
#4654=CARTESIAN_POINT('Ctrl Pts',(13.2471408304357,-11.0775123430173,16.1808214549503));
#4655=CARTESIAN_POINT('Ctrl Pts',(6.4094260911688,-16.0348768960956,16.1021839070443));
#4656=CARTESIAN_POINT('Ctrl Pts',(-1.96144141985787,-17.1566537368906,16.0235463591382));
#4657=CARTESIAN_POINT('Ctrl Pts',(-9.86312661928211,-14.174510685844,15.9449088112321));
#4658=CARTESIAN_POINT('Ctrl Pts',(-15.3108587827511,-7.91063232250958,15.8676144099737));
#4659=CARTESIAN_POINT('Ctrl Pts',(-16.5786987664213,-2.5897905404484,15.816532524684));
#4660=CARTESIAN_POINT('Ctrl Pts',(-16.5798672145567,0.000139634959754505,
15.7916631553629));
#4661=CARTESIAN_POINT('Origin',(1.16945154975581E-15,0.,24.2083368446371));
#4662=CARTESIAN_POINT('',(-16.5772407626304,3.82205237492439E-5,17.7916631553629));
#4663=CARTESIAN_POINT('',(-16.5779947753645,0.000376531279509189,17.7083368446371));
#4664=CARTESIAN_POINT('',(-16.5786,8.32707437704805E-13,24.2083368446371));
#4665=CARTESIAN_POINT('Ctrl Pts',(-16.5779947753645,0.000376531279509956,
17.7083368446371));
#4666=CARTESIAN_POINT('Ctrl Pts',(-16.5787148458055,0.838823751892048,17.7002884204302));
#4667=CARTESIAN_POINT('Ctrl Pts',(-16.3126162497057,4.40751550435905,17.6660274802547));
#4668=CARTESIAN_POINT('Ctrl Pts',(-13.7908369902016,10.392826163547,17.6055540241104));
#4669=CARTESIAN_POINT('Ctrl Pts',(-7.21279720261853,15.6899196004925,17.5269164762044));
#4670=CARTESIAN_POINT('Ctrl Pts',(1.09056398910279,17.2339400817599,17.4482789282983));
#4671=CARTESIAN_POINT('Ctrl Pts',(9.13305920329485,14.6555535598329,17.3696413803922));
#4672=CARTESIAN_POINT('Ctrl Pts',(14.9909009347874,8.57151735222021,17.2910038324861));
#4673=CARTESIAN_POINT('Ctrl Pts',(17.2628769440722,0.437150054145224,17.21236628458));
#4674=CARTESIAN_POINT('Ctrl Pts',(15.4055241712032,-7.80178476801919,17.133728736674));
#4675=CARTESIAN_POINT('Ctrl Pts',(9.86312663027976,-14.1745107016463,17.0550911887679));
#4676=CARTESIAN_POINT('Ctrl Pts',(1.96144142204613,-17.1566537560185,16.9764536408618));
#4677=CARTESIAN_POINT('Ctrl Pts',(-6.40942609831335,-16.0348769139735,16.8978160929557));
#4678=CARTESIAN_POINT('Ctrl Pts',(-13.2471408452041,-11.0775123553687,16.8191785450497));
#4679=CARTESIAN_POINT('Ctrl Pts',(-16.1939605983458,-4.96764675758981,16.7560187956101));
#4680=CARTESIAN_POINT('Ctrl Pts',(-16.5779259846345,-1.11861667777672,16.7190715621392));
#4681=CARTESIAN_POINT('Ctrl Pts',(-16.5774131210601,-0.000211437986085139,
16.7083368446371));
#4682=CARTESIAN_POINT('Ctrl Pts',(-16.5772407626304,3.82205237486888E-5,
17.7916631553629));
#4683=CARTESIAN_POINT('Ctrl Pts',(-16.5773489679034,1.3229158846252,17.7789662412659));
#4684=CARTESIAN_POINT('Ctrl Pts',(-16.0976968729664,5.37676991257301,17.7400568112002));
#4685=CARTESIAN_POINT('Ctrl Pts',(-12.8284554122431,11.5597902933915,17.6749348651658));
#4686=CARTESIAN_POINT('Ctrl Pts',(-5.81210321702438,16.2609186728718,17.5962973172597));
#4687=CARTESIAN_POINT('Ctrl Pts',(2.59452043622904,17.0723895104665,17.5176597693537));
#4688=CARTESIAN_POINT('Ctrl Pts',(10.3805274942349,13.800096696492,17.4390222214476));
#4689=CARTESIAN_POINT('Ctrl Pts',(15.6834831411257,7.22678188775088,17.3603846735415));
#4690=CARTESIAN_POINT('Ctrl Pts',(17.2349054515458,-1.075199501197,17.2817471256354));
#4691=CARTESIAN_POINT('Ctrl Pts',(14.6636898395999,-9.11999014139339,17.2031095777293));
#4692=CARTESIAN_POINT('Ctrl Pts',(8.5848783209339,-14.9832534553032,17.1244720298233));
#4693=CARTESIAN_POINT('Ctrl Pts',(0.452539730461166,-17.2624803456355,17.0458344819172));
#4694=CARTESIAN_POINT('Ctrl Pts',(-7.78804763801747,-15.4124733212767,16.9671969340111));
#4695=CARTESIAN_POINT('Ctrl Pts',(-14.1657120781429,-9.87575927259538,16.888559386105));
#4696=CARTESIAN_POINT('Ctrl Pts',(-16.3898537916877,-3.99839120468077,16.8300481265557));
#4697=CARTESIAN_POINT('Ctrl Pts',(-16.5792183967525,-0.634379640171234,
16.7977493829749));
#4698=CARTESIAN_POINT('Ctrl Pts',(-16.5785867170387,-0.000409985470707155,
16.7916631553629));
#4699=CARTESIAN_POINT('Origin',(1.16945154975581E-15,0.,24.2083368446371));
#4700=CARTESIAN_POINT('',(-16.5788491901929,0.000397952406969715,18.7916631553629));
#4701=CARTESIAN_POINT('',(-16.5799461263466,6.55946866470385E-5,18.7083368446371));
#4702=CARTESIAN_POINT('',(-16.5786,8.32707437704805E-13,24.2083368446371));
#4703=CARTESIAN_POINT('Ctrl Pts',(-16.5799461263466,6.55946866470834E-5,
18.7083368446371));
#4704=CARTESIAN_POINT('Ctrl Pts',(-16.5799607439596,0.0645334105549838,
18.7077177946899));
#4705=CARTESIAN_POINT('Ctrl Pts',(-16.5639976598651,2.85876344167257,18.680886228774));
#4706=CARTESIAN_POINT('Ctrl Pts',(-15.1064927716892,8.36611598622226,18.6278421468894));
#4707=CARTESIAN_POINT('Ctrl Pts',(-9.33223449884157,14.5295361183574,18.5492045989833));
#4708=CARTESIAN_POINT('Ctrl Pts',(-1.32567945166583,17.2174502917085,18.4705670510773));
#4709=CARTESIAN_POINT('Ctrl Pts',(6.99798185383575,15.7869018660853,18.3919295031712));
#4710=CARTESIAN_POINT('Ctrl Pts',(13.6477061916086,10.5800820537248,18.3132919552651));
#4711=CARTESIAN_POINT('Ctrl Pts',(17.0328607725575,2.84247681761729,18.234654407359));
#4712=CARTESIAN_POINT('Ctrl Pts',(16.3437070873692,-5.57505687848094,18.156016859453));
#4713=CARTESIAN_POINT('Ctrl Pts',(11.7450926383919,-12.6590212683135,18.0773793115469));
#4714=CARTESIAN_POINT('Ctrl Pts',(4.33701895281672,-16.71491211939,17.9987417636408));
#4715=CARTESIAN_POINT('Ctrl Pts',(-4.10848188054124,-16.7725489176,17.9201042157347));
#4716=CARTESIAN_POINT('Ctrl Pts',(-11.5712222774296,-12.8181447784903,17.8414666678287));
#4717=CARTESIAN_POINT('Ctrl Pts',(-15.7855813167925,-6.5161451251128,17.7708775441294));
#4718=CARTESIAN_POINT('Ctrl Pts',(-16.5763696838894,-1.89187366096063,17.7265009363989));
#4719=CARTESIAN_POINT('Ctrl Pts',(-16.5779947753645,0.000376531279509956,
17.7083368446371));
#4720=CARTESIAN_POINT('Ctrl Pts',(-16.5788491901929,0.000397952406969576,
18.7916631553629));
#4721=CARTESIAN_POINT('Ctrl Pts',(-16.5793983325238,0.549064265735586,18.7863956155256));
#4722=CARTESIAN_POINT('Ctrl Pts',(-16.419755178095,3.8277049444104,18.7549155597195));
#4723=CARTESIAN_POINT('Ctrl Pts',(-14.3164210654666,9.6559881818155,18.6972229879448));
#4724=CARTESIAN_POINT('Ctrl Pts',(-8.0249546419635,15.2904585570716,18.6185854400387));
#4725=CARTESIAN_POINT('Ctrl Pts',(0.1861035324336,17.2674081832309,18.5399478921327));
#4726=CARTESIAN_POINT('Ctrl Pts',(8.35264521775256,15.1139451420684,18.4613103442266));
#4727=CARTESIAN_POINT('Ctrl Pts',(14.5212106435796,9.3451838577893,18.3826727963205));
#4728=CARTESIAN_POINT('Ctrl Pts',(17.2162615876364,1.34102827605273,18.3040352484144));
#4729=CARTESIAN_POINT('Ctrl Pts',(15.7931342740806,-6.98390504602962,18.2253977005083));
#4730=CARTESIAN_POINT('Ctrl Pts',(10.5922447642429,-13.6382686124547,18.1467601526023));
#4731=CARTESIAN_POINT('Ctrl Pts',(2.85766047604854,-17.0303199175684,18.0681226046962));
#4732=CARTESIAN_POINT('Ctrl Pts',(-5.56048424599471,-16.348670736214,17.9894850567901));
#4733=CARTESIAN_POINT('Ctrl Pts',(-12.6485454765036,-11.756373472288,17.910847508884));
#4734=CARTESIAN_POINT('Ctrl Pts',(-16.0551038622848,-5.54745085669968,17.844906875075));
#4735=CARTESIAN_POINT('Ctrl Pts',(-16.5771255803603,-1.40813763199589,17.8051787572346));
#4736=CARTESIAN_POINT('Ctrl Pts',(-16.5772407626304,3.82205237486888E-5,
17.7916631553629));
#4737=CARTESIAN_POINT('Origin',(1.16945154975581E-15,0.,24.2083368446371));
#4738=CARTESIAN_POINT('',(-16.5797219328225,-0.000216594737544873,19.7916631553629));
#4739=CARTESIAN_POINT('',(-16.5783587818575,-0.000407615988706704,19.7083368446371));
#4740=CARTESIAN_POINT('',(-16.5786,8.32707437704805E-13,24.2083368446371));
#4741=CARTESIAN_POINT('Ctrl Pts',(-16.5783587818575,-0.000407615988705923,
19.7083368446371));
#4742=CARTESIAN_POINT('Ctrl Pts',(-16.5764086417088,2.02069450014615,19.6889346529809));
#4743=CARTESIAN_POINT('Ctrl Pts',(-15.7057022497905,6.77395629195398,19.6433199453559));
#4744=CARTESIAN_POINT('Ctrl Pts',(-11.2689533083846,13.0846746955922,19.5714927217624));
#4745=CARTESIAN_POINT('Ctrl Pts',(-3.71596703553206,16.8638551211417,19.4928551738562));
#4746=CARTESIAN_POINT('Ctrl Pts',(4.72588901743138,16.6091539083405,19.4142176259502));
#4747=CARTESIAN_POINT('Ctrl Pts',(12.0372991079884,12.3814963046008,19.3355800780441));
#4748=CARTESIAN_POINT('Ctrl Pts',(16.4693533514842,5.19214991501374,19.256942530138));
#4749=CARTESIAN_POINT('Ctrl Pts',(16.9618918909594,-3.23917335680366,19.178304982232));
#4750=CARTESIAN_POINT('Ctrl Pts',(13.397098120644,-10.8956772392476,19.0996674343259));
#4751=CARTESIAN_POINT('Ctrl Pts',(6.6276807498625,-15.9459044407623,19.0210298864198));
#4752=CARTESIAN_POINT('Ctrl Pts',(-1.72709652170501,-17.1818263918809,18.9423923385137));
#4753=CARTESIAN_POINT('Ctrl Pts',(-9.66874744128958,-14.3078070811909,18.8637547906076));
#4754=CARTESIAN_POINT('Ctrl Pts',(-15.253295276703,-8.06088718265368,18.7857362926488));
#4755=CARTESIAN_POINT('Ctrl Pts',(-16.5793417883852,-2.6652360701998,18.7339303106586));
#4756=CARTESIAN_POINT('Ctrl Pts',(-16.5799461263466,6.55946866470834E-5,
18.7083368446371));
#4757=CARTESIAN_POINT('Ctrl Pts',(-16.5797219328225,-0.000216594737544977,
19.7916631553629));
#4758=CARTESIAN_POINT('Ctrl Pts',(-16.5780822713723,2.50451810188357,19.7676124738165));
#4759=CARTESIAN_POINT('Ctrl Pts',(-15.3744362937574,7.7406524582388,19.7173492763015));
#4760=CARTESIAN_POINT('Ctrl Pts',(-10.0806831862008,14.0206221827235,19.6408735628177));
#4761=CARTESIAN_POINT('Ctrl Pts',(-2.22595714561665,17.1243433356407,19.5622360149116));
#4762=CARTESIAN_POINT('Ctrl Pts',(6.1612241131198,16.131873335699,19.4835984670056));
#4763=CARTESIAN_POINT('Ctrl Pts',(13.0746232122539,11.2806138019471,19.4049609190995));
#4764=CARTESIAN_POINT('Ctrl Pts',(16.8605356171885,3.73099967738054,19.3263233711934));
#4765=CARTESIAN_POINT('Ctrl Pts',(16.6133604184667,-4.71108007756432,19.2476858232873));
#4766=CARTESIAN_POINT('Ctrl Pts',(12.3922226197373,-12.0262562102246,19.1690482753812));
#4767=CARTESIAN_POINT('Ctrl Pts',(5.20683027037174,-16.4647179880689,19.0904107274752));
#4768=CARTESIAN_POINT('Ctrl Pts',(-3.2240505435699,-16.9647728538758,19.0117731795691));
#4769=CARTESIAN_POINT('Ctrl Pts',(-10.8837293876536,-13.4068062754491,18.933135631663));
#4770=CARTESIAN_POINT('Ctrl Pts',(-15.6012956889092,-7.09504185300162,18.8597656235943));
#4771=CARTESIAN_POINT('Ctrl Pts',(-16.5766656712508,-2.18122823203236,18.8126081314943));
#4772=CARTESIAN_POINT('Ctrl Pts',(-16.5788491901929,0.000397952406969576,
18.7916631553629));
#4773=CARTESIAN_POINT('Origin',(1.16945154975581E-15,0.,24.2083368446371));
#4774=CARTESIAN_POINT('',(-16.5776178112207,-0.000295538851580734,20.7916631553629));
#4775=CARTESIAN_POINT('',(-16.5772765304785,0.000104843677315262,20.7083368446371));
#4776=CARTESIAN_POINT('',(-16.5786,8.32707437704805E-13,24.2083368446371));
#4777=CARTESIAN_POINT('Ctrl Pts',(-16.5772765304785,0.000104843677316419,
20.7083368446371));
#4778=CARTESIAN_POINT('Ctrl Pts',(-16.577557183568,1.24753196037269,20.6963640272405));
#4779=CARTESIAN_POINT('Ctrl Pts',(-16.1341729233029,5.22579933282049,20.6581786938753));
#4780=CARTESIAN_POINT('Ctrl Pts',(-12.9850340603432,11.3836246861789,20.5937808445413));
#4781=CARTESIAN_POINT('Ctrl Pts',(-6.03349863855405,16.1800777113828,20.5151432966353));
#4782=CARTESIAN_POINT('Ctrl Pts',(2.36126664909339,17.1062105786284,20.4365057487292));
#4783=CARTESIAN_POINT('Ctrl Pts',(10.1912103045512,13.9404897004417,20.3578682008231));
#4784=CARTESIAN_POINT('Ctrl Pts',(15.5833877536997,7.44016442509901,20.2792306529171));
#4785=CARTESIAN_POINT('Ctrl Pts',(17.2479749650174,-0.839869134093765,20.2005931050109));
#4786=CARTESIAN_POINT('Ctrl Pts',(14.7867979895028,-8.91900363122409,20.1219555571049));
#4787=CARTESIAN_POINT('Ctrl Pts',(8.78857729112287,-14.8646873412728,20.0433180091988));
#4788=CARTESIAN_POINT('Ctrl Pts',(0.6881041535835,-17.2546959761676,19.9646804612927));
#4789=CARTESIAN_POINT('Ctrl Pts',(-7.57696543538349,-15.5173327394547,19.8860429133866));
#4790=CARTESIAN_POINT('Ctrl Pts',(-14.029603553337,-10.0681798102857,19.8074053654806));
#4791=CARTESIAN_POINT('Ctrl Pts',(-16.362269887052,-4.14936334752072,19.7481700092307));
#4792=CARTESIAN_POINT('Ctrl Pts',(-16.5790432966331,-0.709830609193933,
19.7151471689495));
#4793=CARTESIAN_POINT('Ctrl Pts',(-16.5783587818575,-0.000407615988705923,
19.7083368446371));
#4794=CARTESIAN_POINT('Ctrl Pts',(-16.5776178112207,-0.000295538851580734,
20.7916631553629));
#4795=CARTESIAN_POINT('Ctrl Pts',(-16.5764892902301,1.73134754917707,20.7750418480762));
#4796=CARTESIAN_POINT('Ctrl Pts',(-15.8803104106273,6.19475280649229,20.7322080248208));
#4797=CARTESIAN_POINT('Ctrl Pts',(-11.9390391462913,12.4762720169147,20.6631616855967));
#4798=CARTESIAN_POINT('Ctrl Pts',(-4.59443517590999,16.6459960866829,20.5845241376906));
#4799=CARTESIAN_POINT('Ctrl Pts',(3.84917064228768,16.8339509644391,20.5058865897845));
#4800=CARTESIAN_POINT('Ctrl Pts',(11.3720439950326,12.9951773871741,20.4272490418785));
#4801=CARTESIAN_POINT('Ctrl Pts',(16.1746924011233,6.04792076803708,20.3486114939724));
#4802=CARTESIAN_POINT('Ctrl Pts',(17.1083088303914,-2.34601552489328,20.2699739460663));
#4803=CARTESIAN_POINT('Ctrl Pts',(13.9495696066223,-10.1787783006091,20.1913363981602));
#4804=CARTESIAN_POINT('Ctrl Pts',(7.45405404650232,-15.5767486387679,20.1126988502542));
#4805=CARTESIAN_POINT('Ctrl Pts',(-0.824492233991068,-17.2487168349097,
20.0340613023481));
#4806=CARTESIAN_POINT('Ctrl Pts',(-8.90581765024955,-14.7947433864275,19.955423754442));
#4807=CARTESIAN_POINT('Ctrl Pts',(-14.8568464032019,-8.80182565397727,19.8767862065359));
#4808=CARTESIAN_POINT('Ctrl Pts',(-16.5209017598572,-3.18030041103302,19.8221993401762));
#4809=CARTESIAN_POINT('Ctrl Pts',(-16.5798693164448,-0.225358725345468,
19.7938249897852));
#4810=CARTESIAN_POINT('Ctrl Pts',(-16.5797219328225,-0.000216594737544977,
19.7916631553629));
#4811=CARTESIAN_POINT('Origin',(1.16945154975581E-15,0.,24.2083368446371));
#4812=CARTESIAN_POINT('',(-16.5777182300864,0.000365183552690773,21.7916631553629));
#4813=CARTESIAN_POINT('',(-16.5790787288204,0.000373564054111032,21.7083368446371));
#4814=CARTESIAN_POINT('',(-16.5786,8.32707437704805E-13,24.2083368446371));
#4815=CARTESIAN_POINT('',(-4.2905041231321,-16.0137925654539,22.));
#4816=CARTESIAN_POINT('Ctrl Pts',(-4.2905041231321,-16.0137925654539,22.));
#4817=CARTESIAN_POINT('Ctrl Pts',(-6.92794525556942,-15.3071547089319,21.9737874840313));
#4818=CARTESIAN_POINT('Ctrl Pts',(-11.8445168158986,-12.5667911644224,21.921362452094));
#4819=CARTESIAN_POINT('Ctrl Pts',(-15.8563956312348,-6.27763412848056,21.8519168372149));
#4820=CARTESIAN_POINT('Ctrl Pts',(-16.57647905399,-1.77277056675419,21.8086837383046));
#4821=CARTESIAN_POINT('Ctrl Pts',(-16.5777182300864,0.000365183552689108,
21.7916631553629));
#4822=CARTESIAN_POINT('',(4.2910071398155,-16.0146282217438,22.));
#4823=CARTESIAN_POINT('Origin',(1.16945154975581E-15,0.,22.));
#4824=CARTESIAN_POINT('Ctrl Pts',(4.2910071398155,-16.0146282217438,22.));
#4825=CARTESIAN_POINT('Ctrl Pts',(1.96392318000817,-16.6360661960589,21.9768730529816));
#4826=CARTESIAN_POINT('Ctrl Pts',(-3.294615574009,-16.8716434272235,21.9275335899944));
#4827=CARTESIAN_POINT('Ctrl Pts',(-10.6997430786144,-13.5541370470463,21.8519816110386));
#4828=CARTESIAN_POINT('Ctrl Pts',(-15.5504057959351,-7.24565050774371,21.7778875062694));
#4829=CARTESIAN_POINT('Ctrl Pts',(-16.5768784870734,-2.2565812390177,21.7300059174689));
#4830=CARTESIAN_POINT('Ctrl Pts',(-16.5790787288204,0.000373564054111306,
21.7083368446371));
#4831=CARTESIAN_POINT('Origin',(0.,0.,3.));
#4832=CARTESIAN_POINT('',(-25.,-16.583123951777,3.));
#4833=CARTESIAN_POINT('',(-25.9869864722569,-12.8715396938648,4.));
#4834=CARTESIAN_POINT('Ctrl Pts',(-25.9869864722569,-12.8715396938648,4.));
#4835=CARTESIAN_POINT('Ctrl Pts',(-26.0156869081886,-13.3065947711213,4.));
#4836=CARTESIAN_POINT('Ctrl Pts',(-26.0001383157121,-13.7956183591195,3.92830078138265));
#4837=CARTESIAN_POINT('Ctrl Pts',(-25.8365983895698,-14.7142758540567,3.70210963188743));
#4838=CARTESIAN_POINT('Ctrl Pts',(-25.7268540630135,-15.0990971522957,3.57994767086347));
#4839=CARTESIAN_POINT('Ctrl Pts',(-25.4288421737635,-15.8555597040208,3.30800415208288));
#4840=CARTESIAN_POINT('Ctrl Pts',(-25.2355204888121,-16.2265523295286,3.15603871402738));
#4841=CARTESIAN_POINT('Ctrl Pts',(-25.0043797215154,-16.5765141645172,3.00289531190613));
#4842=CARTESIAN_POINT('Ctrl Pts',(-25.0021914978263,-16.5798201444957,3.0014476558189));
#4843=CARTESIAN_POINT('Ctrl Pts',(-25.,-16.583123951777,3.));
#4844=CARTESIAN_POINT('',(-25.9869864722569,12.8715396938648,4.));
#4845=CARTESIAN_POINT('Origin',(0.,0.,4.));
#4846=CARTESIAN_POINT('',(-25.,16.5831239517771,3.));
#4847=CARTESIAN_POINT('Ctrl Pts',(-25.,16.5831239517771,3.));
#4848=CARTESIAN_POINT('Ctrl Pts',(-25.0021914978265,16.5798201444955,3.001447655819));
#4849=CARTESIAN_POINT('Ctrl Pts',(-25.0043797215153,16.5765141645173,3.00289531190494));
#4850=CARTESIAN_POINT('Ctrl Pts',(-25.3370584983124,16.0728173197273,3.22331319966259));
#4851=CARTESIAN_POINT('Ctrl Pts',(-25.5931757467003,15.5219058082213,3.44336071677815));
#4852=CARTESIAN_POINT('Ctrl Pts',(-25.9326590340607,14.3510230152651,3.80914046157111));
#4853=CARTESIAN_POINT('Ctrl Pts',(-25.9999333482545,13.7843306643422,3.9365833082799));
#4854=CARTESIAN_POINT('Ctrl Pts',(-26.0000176430503,13.1299152907414,3.99394078293179));
#4855=CARTESIAN_POINT('Ctrl Pts',(-25.9953210927129,12.9978798984199,3.99999999999994));
#4856=CARTESIAN_POINT('Ctrl Pts',(-25.986986472257,12.8715396938667,4.));
#4857=CARTESIAN_POINT('',(-30.,-3.67394039744206E-15,3.));
#4858=CARTESIAN_POINT('Origin',(0.,0.,3.));
#4859=CARTESIAN_POINT('Origin',(0.,0.,3.));
#4860=CARTESIAN_POINT('Origin',(-26.,4.44089209850063E-15,4.));
#4861=CARTESIAN_POINT('',(-25.,-9.94987437106623,4.));
#4862=CARTESIAN_POINT('Origin',(-20.,-13.2664991614216,4.));
#4863=CARTESIAN_POINT('',(-25.,9.94987437106624,4.));
#4864=CARTESIAN_POINT('Origin',(-40.,4.89858719658941E-15,4.));
#4865=CARTESIAN_POINT('Origin',(-20.,13.2664991614216,4.));
#4866=CARTESIAN_POINT('Origin',(0.,0.,3.));
#4867=CARTESIAN_POINT('',(16.583123951777,-25.,3.));
#4868=CARTESIAN_POINT('',(12.8715396938648,-25.9869864722569,4.));
#4869=CARTESIAN_POINT('Ctrl Pts',(12.8715396938648,-25.9869864722569,4.));
#4870=CARTESIAN_POINT('Ctrl Pts',(13.3065947711213,-26.0156869081886,4.));
#4871=CARTESIAN_POINT('Ctrl Pts',(13.7956183591194,-26.0001383157121,3.92830078138267));
#4872=CARTESIAN_POINT('Ctrl Pts',(14.7142758540562,-25.8365983895699,3.70210963188754));
#4873=CARTESIAN_POINT('Ctrl Pts',(15.0990971522948,-25.7268540630137,3.57994767086376));
#4874=CARTESIAN_POINT('Ctrl Pts',(15.8555597040161,-25.4288421737654,3.30800415208463));
#4875=CARTESIAN_POINT('Ctrl Pts',(16.226552329589,-25.2355204887717,3.15603871402976));
#4876=CARTESIAN_POINT('Ctrl Pts',(16.5765141645142,-25.0043797215174,3.0028953119063));
#4877=CARTESIAN_POINT('Ctrl Pts',(16.5798201444944,-25.0021914978272,3.0014476558195));
#4878=CARTESIAN_POINT('Ctrl Pts',(16.583123951777,-25.,3.));
#4879=CARTESIAN_POINT('',(-12.8715396938648,-25.9869864722569,4.));
#4880=CARTESIAN_POINT('Origin',(0.,0.,4.));
#4881=CARTESIAN_POINT('',(-16.5831239517771,-25.,3.));
#4882=CARTESIAN_POINT('Ctrl Pts',(-16.5831239517771,-25.,3.));
#4883=CARTESIAN_POINT('Ctrl Pts',(-16.5798201444951,-25.0021914978267,3.00144765581919));
#4884=CARTESIAN_POINT('Ctrl Pts',(-16.5765141645129,-25.0043797215182,3.00289531190652));
#4885=CARTESIAN_POINT('Ctrl Pts',(-16.072817319796,-25.3370584982663,3.22331319964614));
#4886=CARTESIAN_POINT('Ctrl Pts',(-15.5219058082266,-25.5931757466988,3.4433607167765));
#4887=CARTESIAN_POINT('Ctrl Pts',(-14.3510230152652,-25.9326590340607,3.80914046157109));
#4888=CARTESIAN_POINT('Ctrl Pts',(-13.7843306643422,-25.9999333482545,3.9365833082799));
#4889=CARTESIAN_POINT('Ctrl Pts',(-13.1299152907413,-26.0000176430503,3.99394078293179));
#4890=CARTESIAN_POINT('Ctrl Pts',(-12.9978798984198,-25.9953210927129,3.99999999999994));
#4891=CARTESIAN_POINT('Ctrl Pts',(-12.8715396938667,-25.986986472257,4.));
#4892=CARTESIAN_POINT('Origin',(0.,0.,3.));
#4893=CARTESIAN_POINT('Origin',(-6.66133814775094E-15,-26.,4.));
#4894=CARTESIAN_POINT('',(9.94987437106623,-25.,4.));
#4895=CARTESIAN_POINT('Origin',(13.2664991614216,-20.,4.));
#4896=CARTESIAN_POINT('',(-9.94987437106624,-25.,4.));
#4897=CARTESIAN_POINT('Origin',(-8.88178419700125E-15,-40.,4.));
#4898=CARTESIAN_POINT('Origin',(-13.2664991614216,-20.,4.));
#4899=CARTESIAN_POINT('Origin',(0.,0.,3.));
#4900=CARTESIAN_POINT('',(25.,16.5831239517771,3.));
#4901=CARTESIAN_POINT('',(25.9869864722569,12.8715396938648,4.));
#4902=CARTESIAN_POINT('Ctrl Pts',(25.9869864722569,12.8715396938648,4.));
#4903=CARTESIAN_POINT('Ctrl Pts',(26.0156869081886,13.3065947711212,4.));
#4904=CARTESIAN_POINT('Ctrl Pts',(26.0001383157121,13.7956183591193,3.92830078138268));
#4905=CARTESIAN_POINT('Ctrl Pts',(25.8365983895698,14.7142758540568,3.7021096318874));
#4906=CARTESIAN_POINT('Ctrl Pts',(25.7268540630134,15.0990971522959,3.57994767086339));
#4907=CARTESIAN_POINT('Ctrl Pts',(25.4288421737632,15.8555597040214,3.30800415208267));
#4908=CARTESIAN_POINT('Ctrl Pts',(25.2355204888112,16.22655232953,3.15603871402693));
#4909=CARTESIAN_POINT('Ctrl Pts',(25.0043797215154,16.5765141645172,3.00289531190612));
#4910=CARTESIAN_POINT('Ctrl Pts',(25.0021914978259,16.5798201444963,3.00144765581865));
#4911=CARTESIAN_POINT('Ctrl Pts',(25.,16.583123951777,3.));
#4912=CARTESIAN_POINT('',(25.9869864722569,-12.8715396938648,4.));
#4913=CARTESIAN_POINT('Origin',(0.,0.,4.));
#4914=CARTESIAN_POINT('',(25.,-16.583123951777,3.));
#4915=CARTESIAN_POINT('Ctrl Pts',(25.,-16.583123951777,3.));
#4916=CARTESIAN_POINT('Ctrl Pts',(25.0021914978259,-16.5798201444963,3.00144765581865));
#4917=CARTESIAN_POINT('Ctrl Pts',(25.0043797215154,-16.5765141645172,3.00289531190612));
#4918=CARTESIAN_POINT('Ctrl Pts',(25.3370584984566,-16.0728173195091,3.22331319971635));
#4919=CARTESIAN_POINT('Ctrl Pts',(25.5931757467065,-15.5219058081999,3.44336071678485));
#4920=CARTESIAN_POINT('Ctrl Pts',(25.9326590340608,-14.3510230152649,3.80914046157118));
#4921=CARTESIAN_POINT('Ctrl Pts',(25.9999333482545,-13.784330664342,3.93658330827992));
#4922=CARTESIAN_POINT('Ctrl Pts',(26.0000176430503,-13.1299152907414,3.99394078293179));
#4923=CARTESIAN_POINT('Ctrl Pts',(25.9953210927129,-12.9978798984198,3.99999999999994));
#4924=CARTESIAN_POINT('Ctrl Pts',(25.986986472257,-12.8715396938667,4.));
#4925=CARTESIAN_POINT('Origin',(0.,0.,3.));
#4926=CARTESIAN_POINT('Origin',(26.,0.,4.));
#4927=CARTESIAN_POINT('',(25.,9.94987437106623,4.));
#4928=CARTESIAN_POINT('Origin',(20.,13.2664991614216,4.));
#4929=CARTESIAN_POINT('',(25.,-9.94987437106623,4.));
#4930=CARTESIAN_POINT('Origin',(40.,0.,4.));
#4931=CARTESIAN_POINT('Origin',(20.,-13.2664991614216,4.));
#4932=CARTESIAN_POINT('Origin',(0.,0.,3.));
#4933=CARTESIAN_POINT('',(-16.583123951777,25.,3.));
#4934=CARTESIAN_POINT('',(-12.8715396938648,25.9869864722569,4.));
#4935=CARTESIAN_POINT('Ctrl Pts',(-12.8715396938648,25.9869864722569,4.));
#4936=CARTESIAN_POINT('Ctrl Pts',(-13.3065947711214,26.0156869081886,4.));
#4937=CARTESIAN_POINT('Ctrl Pts',(-13.7956183591196,26.0001383157121,3.92830078138262));
#4938=CARTESIAN_POINT('Ctrl Pts',(-14.7142758540566,25.8365983895698,3.70210963188746));
#4939=CARTESIAN_POINT('Ctrl Pts',(-15.0990971522955,25.7268540630135,3.57994767086354));
#4940=CARTESIAN_POINT('Ctrl Pts',(-15.8555597040214,25.4288421737632,3.30800415208268));
#4941=CARTESIAN_POINT('Ctrl Pts',(-16.2265523295076,25.2355204888259,3.15603871402701));
#4942=CARTESIAN_POINT('Ctrl Pts',(-16.5765141645167,25.0043797215157,3.00289531190672));
#4943=CARTESIAN_POINT('Ctrl Pts',(-16.5798201444962,25.002191497826,3.00144765581868));
#4944=CARTESIAN_POINT('Ctrl Pts',(-16.583123951777,25.,3.));
#4945=CARTESIAN_POINT('',(12.8715396938648,25.9869864722569,4.));
#4946=CARTESIAN_POINT('Origin',(0.,0.,4.));
#4947=CARTESIAN_POINT('',(16.583123951777,25.,3.));
#4948=CARTESIAN_POINT('Ctrl Pts',(16.583123951777,25.,3.));
#4949=CARTESIAN_POINT('Ctrl Pts',(16.5798201444957,25.0021914978263,3.00144765581891));
#4950=CARTESIAN_POINT('Ctrl Pts',(16.5765141645154,25.0043797215166,3.00289531190729));
#4951=CARTESIAN_POINT('Ctrl Pts',(16.072817319431,25.3370584985078,3.22331319973605));
#4952=CARTESIAN_POINT('Ctrl Pts',(15.5219058081913,25.593175746709,3.44336071678754));
#4953=CARTESIAN_POINT('Ctrl Pts',(14.351023015265,25.9326590340608,3.80914046157114));
#4954=CARTESIAN_POINT('Ctrl Pts',(13.7843306643421,25.9999333482545,3.93658330827991));
#4955=CARTESIAN_POINT('Ctrl Pts',(13.1299152907414,26.0000176430503,3.99394078293179));
#4956=CARTESIAN_POINT('Ctrl Pts',(12.9978798984199,25.9953210927129,3.99999999999994));
#4957=CARTESIAN_POINT('Ctrl Pts',(12.8715396938666,25.986986472257,4.));
#4958=CARTESIAN_POINT('Origin',(0.,0.,3.));
#4959=CARTESIAN_POINT('Origin',(-6.66133814775094E-15,26.,4.));
#4960=CARTESIAN_POINT('',(-9.94987437106624,25.,4.));
#4961=CARTESIAN_POINT('Origin',(-13.2664991614216,20.,4.));
#4962=CARTESIAN_POINT('',(9.94987437106623,25.,4.));
#4963=CARTESIAN_POINT('Origin',(-8.88178419700125E-15,40.,4.));
#4964=CARTESIAN_POINT('Origin',(13.2664991614216,20.,4.));
#4965=CARTESIAN_POINT('Origin',(0.,0.,1.));
#4966=CARTESIAN_POINT('',(-1.28602169561553,21.2654722618712,1.));
#4967=CARTESIAN_POINT('',(-1.28602169561553,20.7934395360602,1.));
#4968=CARTESIAN_POINT('',(-1.28602169561553,21.2654722618712,1.));
#4969=CARTESIAN_POINT('',(0.683964489815947,21.2654722618712,1.));
#4970=CARTESIAN_POINT('',(0.683964489815947,21.2654722618712,1.));
#4971=CARTESIAN_POINT('',(0.683964489815947,24.7934395956648,1.));
#4972=CARTESIAN_POINT('',(0.683964489815947,24.7934395956648,1.));
#4973=CARTESIAN_POINT('',(1.2132959802134,24.7934395956648,1.));
#4974=CARTESIAN_POINT('',(1.2132959802134,24.7934395956648,1.));
#4975=CARTESIAN_POINT('',(1.2132959802134,20.7934395360602,1.));
#4976=CARTESIAN_POINT('',(1.2132959802134,20.7934395360602,1.));
#4977=CARTESIAN_POINT('',(-1.28602169561553,20.7934395360602,1.));
#4978=CARTESIAN_POINT('Origin',(-1.28602169561553,21.0294558989657,0.));
#4979=CARTESIAN_POINT('',(-1.28602169561553,20.7934395360602,0.));
#4980=CARTESIAN_POINT('',(-1.28602169561553,20.7934395360602,0.));
#4981=CARTESIAN_POINT('',(-1.28602169561553,21.2654722618712,0.));
#4982=CARTESIAN_POINT('',(-1.28602169561553,10.5147279494828,0.));
#4983=CARTESIAN_POINT('',(-1.28602169561553,21.2654722618712,0.));
#4984=CARTESIAN_POINT('Origin',(-0.301028602899793,21.2654722618712,0.));
#4985=CARTESIAN_POINT('',(0.683964489815947,21.2654722618712,0.));
#4986=CARTESIAN_POINT('',(-0.150514301449896,21.2654722618712,0.));
#4987=CARTESIAN_POINT('',(0.683964489815947,21.2654722618712,0.));
#4988=CARTESIAN_POINT('Origin',(0.683964489815947,23.029455928768,0.));
#4989=CARTESIAN_POINT('',(0.683964489815947,24.7934395956648,0.));
#4990=CARTESIAN_POINT('',(0.683964489815947,11.514727964384,0.));
#4991=CARTESIAN_POINT('',(0.683964489815947,24.7934395956648,0.));
#4992=CARTESIAN_POINT('Origin',(0.948630235014674,24.7934395956648,0.));
#4993=CARTESIAN_POINT('',(1.2132959802134,24.7934395956648,0.));
#4994=CARTESIAN_POINT('',(0.474315117507337,24.7934395956648,0.));
#4995=CARTESIAN_POINT('',(1.2132959802134,24.7934395956648,0.));
#4996=CARTESIAN_POINT('Origin',(1.2132959802134,22.7934395658625,0.));
#4997=CARTESIAN_POINT('',(1.2132959802134,20.7934395360602,0.));
#4998=CARTESIAN_POINT('',(1.2132959802134,11.3967197829313,0.));
#4999=CARTESIAN_POINT('',(1.2132959802134,20.7934395360602,0.));
#5000=CARTESIAN_POINT('Origin',(-0.0363628577010663,20.7934395360602,0.));
#5001=CARTESIAN_POINT('',(-0.0181814288505332,20.7934395360602,0.));
#5002=CARTESIAN_POINT('Origin',(0.,0.,0.5));
#5003=CARTESIAN_POINT('',(-30.,3.67394039744206E-15,1.));
#5004=CARTESIAN_POINT('Origin',(0.,0.,1.));
#5005=CARTESIAN_POINT('',(-29.,-3.55147571752732E-15,0.));
#5006=CARTESIAN_POINT('',(-29.5,-3.61270805748469E-15,0.5));
#5007=CARTESIAN_POINT('Origin',(0.,0.,0.));
#5008=CARTESIAN_POINT('Origin',(0.,0.,0.));
#5009=CARTESIAN_POINT('',(-25.,16.5831239517771,21.));
#5010=CARTESIAN_POINT('',(-25.,16.5831239517771,0.));
#5011=CARTESIAN_POINT('',(-16.583123951777,25.,21.));
#5012=CARTESIAN_POINT('Origin',(0.,0.,21.));
#5013=CARTESIAN_POINT('',(-16.583123951777,25.,0.));
#5014=CARTESIAN_POINT('',(16.583123951777,25.,21.));
#5015=CARTESIAN_POINT('',(16.583123951777,25.,0.));
#5016=CARTESIAN_POINT('',(25.,16.583123951777,21.));
#5017=CARTESIAN_POINT('Origin',(0.,0.,21.));
#5018=CARTESIAN_POINT('',(25.,16.583123951777,0.));
#5019=CARTESIAN_POINT('',(25.,-16.583123951777,21.));
#5020=CARTESIAN_POINT('',(25.,-16.583123951777,0.));
#5021=CARTESIAN_POINT('',(16.583123951777,-25.,21.));
#5022=CARTESIAN_POINT('Origin',(0.,0.,21.));
#5023=CARTESIAN_POINT('',(16.583123951777,-25.,0.));
#5024=CARTESIAN_POINT('',(-16.5831239517771,-25.,21.));
#5025=CARTESIAN_POINT('',(-16.5831239517771,-25.,0.));
#5026=CARTESIAN_POINT('',(-25.,-16.583123951777,21.));
#5027=CARTESIAN_POINT('Origin',(0.,0.,21.));
#5028=CARTESIAN_POINT('',(-25.,-16.583123951777,0.));
#5029=CARTESIAN_POINT('',(-30.,-3.67394039744206E-15,0.));
#5030=CARTESIAN_POINT('Origin',(0.,0.,0.));
#5031=CARTESIAN_POINT('',(-4.29100897369692,16.0149325142045,1.99493199737333E-16));
#5032=CARTESIAN_POINT('',(-11.9837542906847,-10.6281676766504,0.));
#5033=CARTESIAN_POINT('Ctrl Pts',(-4.29100897369695,16.0149325142045,-8.5868812060852E-17));
#5034=CARTESIAN_POINT('Ctrl Pts',(-4.49650516128873,15.9563370794118,-9.12079734956167E-17));
#5035=CARTESIAN_POINT('Ctrl Pts',(-4.70065183292955,15.8937757958644,7.0612137230384E-17));
#5036=CARTESIAN_POINT('Ctrl Pts',(-4.90333294284838,15.8272656462255,4.5102810375397E-17));
#5037=CARTESIAN_POINT('Ctrl Pts',(-5.24565495585362,15.7149320976338,-6.0196726844636E-18));
#5038=CARTESIAN_POINT('Ctrl Pts',(-5.58379706290558,15.5913368830111,-2.77855171152122E-16));
#5039=CARTESIAN_POINT('Ctrl Pts',(-5.91730639587279,15.456887021418,-2.4980018054066E-16));
#5040=CARTESIAN_POINT('Ctrl Pts',(-6.25369070748791,15.3212781503368,-2.21503345126062E-16));
#5041=CARTESIAN_POINT('Ctrl Pts',(-6.58536252666469,15.1746264268853,-2.07327489968718E-16));
#5042=CARTESIAN_POINT('Ctrl Pts',(-6.91184154061185,15.0172982345338,-1.73472347597681E-16));
#5043=CARTESIAN_POINT('Ctrl Pts',(-7.23933879703806,14.8594793575081,-1.39511615762623E-16));
#5044=CARTESIAN_POINT('Ctrl Pts',(-7.56161130614878,14.6909170092223,-1.30614698150594E-16));
#5045=CARTESIAN_POINT('Ctrl Pts',(-7.87815107642138,14.5119339394601,-2.08166817117217E-16));
#5046=CARTESIAN_POINT('Ctrl Pts',(-8.19380603695395,14.3334511732246,-2.85502158046242E-16));
#5047=CARTESIAN_POINT('Ctrl Pts',(-8.50376073754498,14.1446055259283,-1.77653568075725E-16));
#5048=CARTESIAN_POINT('Ctrl Pts',(-8.80748116509647,13.9456751524993,-1.66533453693773E-16));
#5049=CARTESIAN_POINT('Ctrl Pts',(-9.07831088959999,13.7682874849475,-1.56617566445785E-16));
#5050=CARTESIAN_POINT('Ctrl Pts',(-9.34418330756722,13.582880314802,-1.22218029081363E-16));
#5051=CARTESIAN_POINT('Ctrl Pts',(-9.6046947402176,13.3896258383861,-5.55111512312578E-17));
#5052=CARTESIAN_POINT('Ctrl Pts',(-9.7023865274615,13.3171554097302,-3.04960720374683E-17));
#5053=CARTESIAN_POINT('Ctrl Pts',(-9.79932416533182,13.2435812303636,5.88915673385267E-17));
#5054=CARTESIAN_POINT('Ctrl Pts',(-9.89548538065567,13.1689116055183,5.55111512312578E-17));
#5055=CARTESIAN_POINT('Ctrl Pts',(-9.92288700916648,13.1476341152727,5.454788442903E-17));
#5056=CARTESIAN_POINT('Ctrl Pts',(-9.95022558907786,13.1262676729989,4.23902024487656E-16));
#5057=CARTESIAN_POINT('Ctrl Pts',(-9.97750059643525,13.1048124649425,4.30211422042248E-16));
#5058=CARTESIAN_POINT('Ctrl Pts',(-10.005350130709,13.0829053195369,4.36653722172211E-16));
#5059=CARTESIAN_POINT('Ctrl Pts',(-10.0331266404134,13.0609109255254,-2.09543797297667E-16));
#5060=CARTESIAN_POINT('Ctrl Pts',(-10.0608267763283,13.0388319419214,-2.08166817117217E-16));
#5061=CARTESIAN_POINT('Ctrl Pts',(-10.3443565145988,12.8128385221864,-1.9407248807253E-16));
#5062=CARTESIAN_POINT('Ctrl Pts',(-10.6199857008067,12.5779086724464,-3.22572128999488E-16));
#5063=CARTESIAN_POINT('Ctrl Pts',(-10.8872476436853,12.3344007487051,-2.63677968348475E-16));
#5064=CARTESIAN_POINT('Ctrl Pts',(-11.1544787545287,12.0909209166735,-2.04790601881545E-16));
#5065=CARTESIAN_POINT('Ctrl Pts',(-11.4133450259608,11.8388646546477,-5.50938065180695E-16));
#5066=CARTESIAN_POINT('Ctrl Pts',(-11.663350356879,11.578547530101,-4.9960036108132E-16));
#5067=CARTESIAN_POINT('Ctrl Pts',(-11.7026533075934,11.5376234782874,-4.91529640162701E-16));
#5068=CARTESIAN_POINT('Ctrl Pts',(-11.7417371968243,11.496495183601,5.41144331475278E-18));
#5069=CARTESIAN_POINT('Ctrl Pts',(-11.7806000186366,11.4551637845491,1.38777878078145E-17));
#5070=CARTESIAN_POINT('Ctrl Pts',(-12.0278267808679,11.1922331096884,6.77366390014741E-17));
#5071=CARTESIAN_POINT('Ctrl Pts',(-12.2661104377791,10.9210858085684,-5.95448172671368E-16));
#5072=CARTESIAN_POINT('Ctrl Pts',(-12.4951928456269,10.6422650799305,-6.80011602582908E-16));
#5073=CARTESIAN_POINT('Ctrl Pts',(-12.7246839362034,10.3629469354621,-7.64725893547499E-16));
#5074=CARTESIAN_POINT('Ctrl Pts',(-12.94494120917,10.0759274530334,-3.24714158271621E-16));
#5075=CARTESIAN_POINT('Ctrl Pts',(-13.1556622498116,9.7817226573209,-2.91433543964104E-16));
#5076=CARTESIAN_POINT('Ctrl Pts',(-13.3655146957381,9.48873057738613,-2.58290112757099E-16));
#5077=CARTESIAN_POINT('Ctrl Pts',(-13.5659096151763,9.18861177666717,-1.56626039301442E-16));
#5078=CARTESIAN_POINT('Ctrl Pts',(-13.7565018345214,8.88185384817176,-1.94289029309402E-16));
#5079=CARTESIAN_POINT('Ctrl Pts',(-13.8647454863887,8.70763583164586,-2.156790923073E-16));
#5080=CARTESIAN_POINT('Ctrl Pts',(-13.9698264280666,8.53127601720683,1.83924745719599E-16));
#5081=CARTESIAN_POINT('Ctrl Pts',(-14.0716742314118,8.3528615046789,2.08166817117217E-16));
#5082=CARTESIAN_POINT('Ctrl Pts',(-14.0888784615422,8.32272355146519,2.12261811427002E-16));
#5083=CARTESIAN_POINT('Ctrl Pts',(-14.1059917467631,8.29252461032972,2.55484996170715E-16));
#5084=CARTESIAN_POINT('Ctrl Pts',(-14.1230093143417,8.26227296306573,2.4980018054066E-16));
#5085=CARTESIAN_POINT('Ctrl Pts',(-14.2998707987879,7.94787131798131,1.90718591677299E-16));
#5086=CARTESIAN_POINT('Ctrl Pts',(-14.4661659293334,7.62819454920755,2.81343740696523E-16));
#5087=CARTESIAN_POINT('Ctrl Pts',(-14.6216753797341,7.30379704297255,2.4980018054066E-16));
#5088=CARTESIAN_POINT('Ctrl Pts',(-14.7775246521419,6.97869065755759,2.18187690838095E-16));
#5089=CARTESIAN_POINT('Ctrl Pts',(-14.9225413301311,6.64884236407092,-5.43944534466102E-16));
#5090=CARTESIAN_POINT('Ctrl Pts',(-15.0564610163813,6.31478100692773,-4.44089209850063E-16));
#5091=CARTESIAN_POINT('Ctrl Pts',(-15.1896252382304,5.98260414839847,-3.44797186606088E-16));
#5092=CARTESIAN_POINT('Ctrl Pts',(-15.3118175318936,5.64626109676084,1.30735859931829E-16));
#5093=CARTESIAN_POINT('Ctrl Pts',(-15.4227312694563,5.30625083556158,2.22044604925031E-16));
#5094=CARTESIAN_POINT('Ctrl Pts',(-15.5220508534035,5.00178289117412,3.0380856638497E-16));
#5095=CARTESIAN_POINT('Ctrl Pts',(-15.6123261173471,4.69437383365114,2.09141598612494E-16));
#5096=CARTESIAN_POINT('Ctrl Pts',(-15.6933026201936,4.38437269726756,2.4980018054066E-16));
#5097=CARTESIAN_POINT('Ctrl Pts',(-15.7841648773221,4.03652607542019,3.21673979144679E-16));
#5098=CARTESIAN_POINT('Ctrl Pts',(-15.8633201473123,3.68541541500566,-1.87270221106704E-16));
#5099=CARTESIAN_POINT('Ctrl Pts',(-15.9307360974595,3.33163839870439,-1.94289029309402E-16));
#5100=CARTESIAN_POINT('Ctrl Pts',(-15.985489184144,3.04431197820223,-1.99989481696493E-16));
#5101=CARTESIAN_POINT('Ctrl Pts',(-16.0324978467994,2.75522653984951,5.788653823311E-17));
#5102=CARTESIAN_POINT('Ctrl Pts',(-16.0717194898311,2.46470348226842,2.77555756156289E-17));
#5103=CARTESIAN_POINT('Ctrl Pts',(-16.0784455812024,2.41488189194906,2.25884384942079E-17));
#5104=CARTESIAN_POINT('Ctrl Pts',(-16.08494261343,2.36501803077301,-2.17226598690193E-16));
#5105=CARTESIAN_POINT('Ctrl Pts',(-16.091210304577,2.31511353046288,-2.22044604925031E-16));
#5106=CARTESIAN_POINT('Ctrl Pts',(-16.0954592455492,2.2812826873197,-2.25310787577512E-16));
#5107=CARTESIAN_POINT('Ctrl Pts',(-16.0996026219523,2.24743428692087,-3.65082721245542E-16));
#5108=CARTESIAN_POINT('Ctrl Pts',(-16.1036389408477,2.21358143052571,-3.60822483003176E-16));
#5109=CARTESIAN_POINT('Ctrl Pts',(-16.145833810577,1.85969044654513,-3.16286805245762E-16));
#5110=CARTESIAN_POINT('Ctrl Pts',(-16.1763801718852,1.50494604926875,3.51781885751979E-17));
#5111=CARTESIAN_POINT('Ctrl Pts',(-16.1953668643498,1.14994144694346,2.77555756156289E-17));
#5112=CARTESIAN_POINT('Ctrl Pts',(-16.2144978035774,0.792239783779751,2.02765711653557E-17));
#5113=CARTESIAN_POINT('Ctrl Pts',(-16.221892805343,0.434273373938891,2.94840248241024E-16));
#5114=CARTESIAN_POINT('Ctrl Pts',(-16.2175908987297,0.0766389421337334,
2.22044604925031E-16));
#5115=CARTESIAN_POINT('Ctrl Pts',(-16.2132868961764,-0.281169733405156,
1.49213494708867E-16));
#5116=CARTESIAN_POINT('Ctrl Pts',(-16.1972745750729,-0.638646693776173,
2.31482535114436E-16));
#5117=CARTESIAN_POINT('Ctrl Pts',(-16.169541164121,-0.995195678271442,3.05311331771918E-16));
#5118=CARTESIAN_POINT('Ctrl Pts',(-16.1419613311137,-1.34977021900637,3.78731290336367E-16));
#5119=CARTESIAN_POINT('Ctrl Pts',(-16.1027898119459,-1.70342759973638,4.11747064922246E-17));
#5120=CARTESIAN_POINT('Ctrl Pts',(-16.0519633090826,-2.05557412306462,0.));
#5121=CARTESIAN_POINT('Ctrl Pts',(-16.0018965342681,-2.40245694387644,-4.05592484603605E-17));
#5122=CARTESIAN_POINT('Ctrl Pts',(-15.9405204799148,-2.74787424044098,-1.0711297730971E-16));
#5123=CARTESIAN_POINT('Ctrl Pts',(-15.8677266432086,-3.09124356648649,-1.11022302462516E-16));
#5124=CARTESIAN_POINT('Ctrl Pts',(-15.8295867824487,-3.2711497079565,-1.13070568136368E-16));
#5125=CARTESIAN_POINT('Ctrl Pts',(-15.7883117572787,-3.45049335121557,-3.18521069633344E-17));
#5126=CARTESIAN_POINT('Ctrl Pts',(-15.743880729833,-3.62918834048669,-2.77555756156289E-17));
#5127=CARTESIAN_POINT('Ctrl Pts',(-15.7207189818651,-3.72234144863103,2.53591607230907E-18));
#5128=CARTESIAN_POINT('Ctrl Pts',(-15.6966995266877,-3.81531825365269,1.98954421740322E-16));
#5129=CARTESIAN_POINT('Ctrl Pts',(-15.6718264964486,-3.90810823098219,2.22044604925031E-16));
#5130=CARTESIAN_POINT('Ctrl Pts',(-15.6594177475915,-3.95439963633447,2.33563920482852E-16));
#5131=CARTESIAN_POINT('Ctrl Pts',(-15.6467957710799,-4.00064717371262,-2.66342556250199E-19));
#5132=CARTESIAN_POINT('Ctrl Pts',(-15.6339677464805,-4.04682599771076,0.));
#5133=CARTESIAN_POINT('Ctrl Pts',(-15.5388767495921,-4.38913828243407,1.97433197850029E-18));
#5134=CARTESIAN_POINT('Ctrl Pts',(-15.4323970595632,-4.72794591786198,-7.13551653587226E-16));
#5135=CARTESIAN_POINT('Ctrl Pts',(-15.3148750878072,-5.06276038374774,-5.55111512312578E-16));
#5136=CARTESIAN_POINT('Ctrl Pts',(-15.1966974131804,-5.39944291569106,-3.95787369060045E-16));
#5137=CARTESIAN_POINT('Ctrl Pts',(-15.0673536473849,-5.73208811565392,2.54984852905467E-16));
#5138=CARTESIAN_POINT('Ctrl Pts',(-14.9271456781993,-6.06018290158705,4.44089209850063E-16));
#5139=CARTESIAN_POINT('Ctrl Pts',(-14.7869737800354,-6.38819327923587,6.33144916297878E-16));
#5140=CARTESIAN_POINT('Ctrl Pts',(-14.6359429800055,-6.71165609405938,3.72699364114001E-16));
#5141=CARTESIAN_POINT('Ctrl Pts',(-14.4743088353372,-7.03003465152417,3.88578058618805E-16));
#5142=CARTESIAN_POINT('Ctrl Pts',(-14.4138544023304,-7.14911465910872,3.94517010906048E-16));
#5143=CARTESIAN_POINT('Ctrl Pts',(-14.3519162154875,-7.26748314436831,-1.63563977550152E-16));
#5144=CARTESIAN_POINT('Ctrl Pts',(-14.2885061131145,-7.38511093890167,-1.66533453693773E-16));
#5145=CARTESIAN_POINT('Ctrl Pts',(-14.2657695507157,-7.42728799886764,-1.67598200115942E-16));
#5146=CARTESIAN_POINT('Ctrl Pts',(-14.2428437396638,-7.46936982368249,-3.66484570358798E-16));
#5147=CARTESIAN_POINT('Ctrl Pts',(-14.2197292008194,-7.51135504782486,-3.88578058618805E-16));
#5148=CARTESIAN_POINT('Ctrl Pts',(-14.1971575471024,-7.55235417599051,-4.10152642899382E-16));
#5149=CARTESIAN_POINT('Ctrl Pts',(-14.1744096422003,-7.59325440007231,5.06683583028859E-16));
#5150=CARTESIAN_POINT('Ctrl Pts',(-14.1514893661648,-7.63404889817663,4.9960036108132E-16));
#5151=CARTESIAN_POINT('Ctrl Pts',(-13.9768946492003,-7.94480012295269,4.45644068006461E-16));
#5152=CARTESIAN_POINT('Ctrl Pts',(-13.7922444134916,-8.24952268471847,7.34305806744679E-16));
#5153=CARTESIAN_POINT('Ctrl Pts',(-13.5978404490372,-8.5477097781916,5.55111512312578E-16));
#5154=CARTESIAN_POINT('Ctrl Pts',(-13.4039219774094,-8.84515219706247,3.76364726987534E-16));
#5155=CARTESIAN_POINT('Ctrl Pts',(-13.2002981238282,-9.13609223930432,-3.95282639296264E-16));
#5156=CARTESIAN_POINT('Ctrl Pts',(-12.9872246720156,-9.41999934064569,-3.33066907387547E-16));
#5157=CARTESIAN_POINT('Ctrl Pts',(-12.7765082810256,-9.70076580527173,-2.71539418256063E-16));
#5158=CARTESIAN_POINT('Ctrl Pts',(-12.5565498609046,-9.97465448917518,4.05512450791434E-16));
#5159=CARTESIAN_POINT('Ctrl Pts',(-12.3275588785836,-10.2411185688458,4.44089209850063E-16));
#5160=CARTESIAN_POINT('Ctrl Pts',(-12.2151280782112,-10.3719480427588,4.63029763110184E-16));
#5161=CARTESIAN_POINT('Ctrl Pts',(-12.1005192950804,-10.5009871502529,0.));
#5162=CARTESIAN_POINT('Ctrl Pts',(-11.9837542906847,-10.6281676766504,0.));
#5163=CARTESIAN_POINT('',(11.9847681808559,-10.6288180298789,1.20245546442036E-15));
#5164=CARTESIAN_POINT('Origin',(0.,0.,0.));
#5165=CARTESIAN_POINT('',(4.29050412313333,16.0137925654536,0.));
#5166=CARTESIAN_POINT('Ctrl Pts',(11.9847681808559,-10.6288180298789,2.29850860566927E-16));
#5167=CARTESIAN_POINT('Ctrl Pts',(12.1245858888126,-10.4767251662983,2.16372740135881E-16));
#5168=CARTESIAN_POINT('Ctrl Pts',(12.2612890180644,-10.3220400080882,1.90380112710469E-16));
#5169=CARTESIAN_POINT('Ctrl Pts',(12.3947921997562,-10.1648400899725,2.07299455379228E-16));
#5170=CARTESIAN_POINT('Ctrl Pts',(12.6220675863054,-9.89722345565336,2.22983437906837E-16));
#5171=CARTESIAN_POINT('Ctrl Pts',(12.8400710892928,-9.62232096910925,-1.90435569193081E-16));
#5172=CARTESIAN_POINT('Ctrl Pts',(13.0486502508213,-9.34072226132899,-1.97758476261356E-16));
#5173=CARTESIAN_POINT('Ctrl Pts',(13.2594089395108,-9.0561810159165,-2.05157903317225E-16));
#5174=CARTESIAN_POINT('Ctrl Pts',(13.4605456095502,-8.76480243338261,1.10261251002678E-15));
#5175=CARTESIAN_POINT('Ctrl Pts',(13.6518660331002,-8.46715556165702,9.61036805691151E-16));
#5176=CARTESIAN_POINT('Ctrl Pts',(13.8442216810802,-8.1678981388599,8.1869504290177E-16));
#5177=CARTESIAN_POINT('Ctrl Pts',(14.0266548631525,-7.86230391755165,5.54574087502616E-16));
#5178=CARTESIAN_POINT('Ctrl Pts',(14.1989264847468,-7.55091885518936,6.17561557447743E-16));
#5179=CARTESIAN_POINT('Ctrl Pts',(14.3711253566483,-7.23966528963083,6.80522428008455E-16));
#5180=CARTESIAN_POINT('Ctrl Pts',(14.5331715169771,-6.92262525091895,3.59345265370423E-16));
#5181=CARTESIAN_POINT('Ctrl Pts',(14.684780428722,-6.60031939875656,3.19189119579733E-16));
#5182=CARTESIAN_POINT('Ctrl Pts',(14.8189118139518,-6.31516907401193,2.83662187828774E-16));
#5183=CARTESIAN_POINT('Ctrl Pts',(14.9448731430421,-6.02589646212615,-3.18302596416933E-18));
#5184=CARTESIAN_POINT('Ctrl Pts',(15.0624349161831,-5.73285097780164,4.85722573273506E-17));
#5185=CARTESIAN_POINT('Ctrl Pts',(15.1075562581353,-5.62037729564741,6.84364340306716E-17));
#5186=CARTESIAN_POINT('Ctrl Pts',(15.1514399307576,-5.50734774686585,2.89039843034685E-16));
#5187=CARTESIAN_POINT('Ctrl Pts',(15.1940716884971,-5.39378181961151,2.84494650060196E-16));
#5188=CARTESIAN_POINT('Ctrl Pts',(15.2117979730878,-5.34656110779788,2.82604758850969E-16));
#5189=CARTESIAN_POINT('Ctrl Pts',(15.2293099126296,-5.2992417439012,2.41312082477678E-16));
#5190=CARTESIAN_POINT('Ctrl Pts',(15.246594796556,-5.25185748257348,2.35922392732846E-16));
#5191=CARTESIAN_POINT('Ctrl Pts',(15.3692868478123,-4.91551318056313,1.97665144767317E-16));
#5192=CARTESIAN_POINT('Ctrl Pts',(15.4806357144741,-4.57566092323633,1.82534385906711E-16));
#5193=CARTESIAN_POINT('Ctrl Pts',(15.5804511417633,-4.23286856880179,1.2490009027033E-16));
#5194=CARTESIAN_POINT('Ctrl Pts',(15.6805634455055,-3.88905666277018,6.70943755885676E-17));
#5195=CARTESIAN_POINT('Ctrl Pts',(15.7690738754082,-3.5422866230012,-6.97366326935207E-17));
#5196=CARTESIAN_POINT('Ctrl Pts',(15.845745182297,-3.19310546670348,-9.71445146547012E-17));
#5197=CARTESIAN_POINT('Ctrl Pts',(15.8584082084464,-3.13543473833696,-1.01671197974167E-16));
#5198=CARTESIAN_POINT('Ctrl Pts',(15.8707481841739,-3.07769819302156,-2.23608368253574E-16));
#5199=CARTESIAN_POINT('Ctrl Pts',(15.8827639140509,-3.01989824278861,-2.22044604925031E-16));
#5200=CARTESIAN_POINT('Ctrl Pts',(15.9552202314976,-2.6713574895118,-1.85355644753073E-16));
#5201=CARTESIAN_POINT('Ctrl Pts',(16.0158903811163,-2.32051226428022,-5.41730023646782E-16));
#5202=CARTESIAN_POINT('Ctrl Pts',(16.0648628094612,-1.96795332727173,-5.41233724504764E-16));
#5203=CARTESIAN_POINT('Ctrl Pts',(16.1140368928776,-1.61394264894541,-5.4073538173856E-16));
#5204=CARTESIAN_POINT('Ctrl Pts',(16.1514167433933,-1.25820354435953,1.26016070339486E-16));
#5205=CARTESIAN_POINT('Ctrl Pts',(16.1770397878695,-0.901325679255141,1.94289029309402E-16));
#5206=CARTESIAN_POINT('Ctrl Pts',(16.2026191101394,-0.545056777213972,2.6244548985144E-16));
#5207=CARTESIAN_POINT('Ctrl Pts',(16.2164816965723,-0.187652416363642,2.09109802194426E-16));
#5208=CARTESIAN_POINT('Ctrl Pts',(16.2186129930609,0.170300464020785,2.22044604925031E-16));
#5209=CARTESIAN_POINT('Ctrl Pts',(16.2198273803331,0.374257738060901,2.29414700962107E-16));
#5210=CARTESIAN_POINT('Ctrl Pts',(16.217232160691,0.578393041211735,-7.84598264693189E-17));
#5211=CARTESIAN_POINT('Ctrl Pts',(16.2108171282388,0.782596650233234,-6.93889390390723E-17));
#5212=CARTESIAN_POINT('Ctrl Pts',(16.2092340289743,0.832989939066898,-6.71504288950036E-17));
#5213=CARTESIAN_POINT('Ctrl Pts',(16.2074179792548,0.883393496532818,-1.4943780755386E-16));
#5214=CARTESIAN_POINT('Ctrl Pts',(16.2053703078298,0.933771525822441,-1.52655665885959E-16));
#5215=CARTESIAN_POINT('Ctrl Pts',(16.1907693749154,1.29299235443098,-1.75600623294992E-16));
#5216=CARTESIAN_POINT('Ctrl Pts',(16.1643906178772,1.65118011445216,-3.92424514597871E-16));
#5217=CARTESIAN_POINT('Ctrl Pts',(16.126359076807,2.00774017464773,-3.33066907387547E-16));
#5218=CARTESIAN_POINT('Ctrl Pts',(16.0881736357002,2.36574310580754,-2.73469101182686E-16));
#5219=CARTESIAN_POINT('Ctrl Pts',(16.0382409118894,2.72210571901857,9.95033987422483E-17));
#5220=CARTESIAN_POINT('Ctrl Pts',(15.9766351249599,3.0762330279305,1.11022302462516E-16));
#5221=CARTESIAN_POINT('Ctrl Pts',(15.9151932406432,3.42941817874223,1.22510560061537E-16));
#5222=CARTESIAN_POINT('Ctrl Pts',(15.8421402758426,3.78038048464399,-8.19840926550901E-17));
#5223=CARTESIAN_POINT('Ctrl Pts',(15.7574983295721,4.1285278102628,-5.55111512312578E-17));
#5224=CARTESIAN_POINT('Ctrl Pts',(15.687141781582,4.41791676103536,-3.35061660460658E-17));
#5225=CARTESIAN_POINT('Ctrl Pts',(15.608777071192,4.70536086841001,3.85194504255388E-16));
#5226=CARTESIAN_POINT('Ctrl Pts',(15.522389979069,4.99051471721565,4.16333634234434E-16));
#5227=CARTESIAN_POINT('Ctrl Pts',(15.4182659040914,5.33421630507501,4.52865375389249E-16));
#5228=CARTESIAN_POINT('Ctrl Pts',(15.3024880071444,5.67459146456616,2.94264653227965E-16));
#5229=CARTESIAN_POINT('Ctrl Pts',(15.1753595153946,6.0111342776635,3.60822483003176E-16));
#5230=CARTESIAN_POINT('Ctrl Pts',(15.0709144502333,6.28762804833364,4.15504456903614E-16));
#5231=CARTESIAN_POINT('Ctrl Pts',(14.958806995284,6.5615348766302,3.25868464817196E-16));
#5232=CARTESIAN_POINT('Ctrl Pts',(14.8391821390408,6.83256169962206,3.05311331771918E-16));
#5233=CARTESIAN_POINT('Ctrl Pts',(14.8164182861014,6.88413638848667,3.01399439476334E-16));
#5234=CARTESIAN_POINT('Ctrl Pts',(14.7933821575833,6.93560674923475,-1.81066833350329E-16));
#5235=CARTESIAN_POINT('Ctrl Pts',(14.7700746721275,6.98697070632308,-1.94289029309402E-16));
#5236=CARTESIAN_POINT('Ctrl Pts',(14.7550855517746,7.02000303561742,-2.02792266903877E-16));
#5237=CARTESIAN_POINT('Ctrl Pts',(14.739987623519,7.05298379221454,8.3719561985054E-17));
#5238=CARTESIAN_POINT('Ctrl Pts',(14.7247834166251,7.08590793372069,8.32667268468867E-17));
#5239=CARTESIAN_POINT('Ctrl Pts',(14.5746991625586,7.41090977388439,7.87966861271417E-17));
#5240=CARTESIAN_POINT('Ctrl Pts',(14.4141987277347,7.73053812112163,2.54824903536495E-16));
#5241=CARTESIAN_POINT('Ctrl Pts',(14.2436900376932,8.04433989269706,2.22044604925031E-16));
#5242=CARTESIAN_POINT('Ctrl Pts',(14.0715587966362,8.36112778411782,1.88952370852757E-16));
#5243=CARTESIAN_POINT('Ctrl Pts',(13.8892276958104,8.67197819113682,1.93464948226249E-16));
#5244=CARTESIAN_POINT('Ctrl Pts',(13.697065204966,8.97641112628466,2.22044604925031E-16));
#5245=CARTESIAN_POINT('Ctrl Pts',(13.5041327547447,9.28206386760811,2.50738774995111E-16));
#5246=CARTESIAN_POINT('Ctrl Pts',(13.3012897017195,9.58124812416958,7.35006408932103E-16));
#5247=CARTESIAN_POINT('Ctrl Pts',(13.0888613695126,9.87345648742371,8.32667268468867E-16));
#5248=CARTESIAN_POINT('Ctrl Pts',(12.8772084994666,10.1645981543174,9.29971620470176E-16));
#5249=CARTESIAN_POINT('Ctrl Pts',(12.656039886179,10.4488152524083,2.80878541859447E-17));
#5250=CARTESIAN_POINT('Ctrl Pts',(12.4256346433329,10.7255770034189,0.));
#5251=CARTESIAN_POINT('Ctrl Pts',(12.1981881521251,10.9987847151458,-2.77271636757599E-17));
#5252=CARTESIAN_POINT('Ctrl Pts',(11.9617403813816,11.2647277388681,-1.25409424163046E-16));
#5253=CARTESIAN_POINT('Ctrl Pts',(11.7165232366966,11.5228606704182,-1.38777878078145E-16));
#5254=CARTESIAN_POINT('Ctrl Pts',(11.5920773052101,11.6538612705409,-1.4556227197579E-16));
#5255=CARTESIAN_POINT('Ctrl Pts',(11.4653722767459,11.7828497936698,4.61291283847131E-16));
#5256=CARTESIAN_POINT('Ctrl Pts',(11.336435216397,11.9097509345231,4.71844785465692E-16));
#5257=CARTESIAN_POINT('Ctrl Pts',(11.2665304687632,11.9785518843956,4.77430259730527E-16));
#5258=CARTESIAN_POINT('Ctrl Pts',(11.1959696006906,12.046739218694,-1.4436335234298E-16));
#5259=CARTESIAN_POINT('Ctrl Pts',(11.1247620211314,12.1143064363544,-1.38777878078145E-16));
#5260=CARTESIAN_POINT('Ctrl Pts',(11.0898771391202,12.1474078903077,-1.36041531583691E-16));
#5261=CARTESIAN_POINT('Ctrl Pts',(11.0548350430216,12.1803623038696,-8.80720182517816E-17));
#5262=CARTESIAN_POINT('Ctrl Pts',(11.0196548008185,12.213152337993,-8.32667268468867E-17));
#5263=CARTESIAN_POINT('Ctrl Pts',(10.7564299829313,12.4584931946819,-4.73126834482348E-17));
#5264=CARTESIAN_POINT('Ctrl Pts',(10.4852684691861,12.6948321660546,8.35000075054879E-16));
#5265=CARTESIAN_POINT('Ctrl Pts',(10.206735615112,12.9219540374617,7.21644966006352E-16));
#5266=CARTESIAN_POINT('Ctrl Pts',(9.92606299663672,13.1508207202548,6.07419032480635E-16));
#5267=CARTESIAN_POINT('Ctrl Pts',(9.63790490384268,13.3703284759704,3.75151091378595E-16));
#5268=CARTESIAN_POINT('Ctrl Pts',(9.34280138712361,13.580220156256,4.44089209850063E-16));
#5269=CARTESIAN_POINT('Ctrl Pts',(9.04702799668462,13.790588282645,5.1318381521934E-16));
#5270=CARTESIAN_POINT('Ctrl Pts',(8.74427713200312,13.991296943129,4.44122940711827E-16));
#5271=CARTESIAN_POINT('Ctrl Pts',(8.43506108572649,14.182045434511,4.9960036108132E-16));
#5272=CARTESIAN_POINT('Ctrl Pts',(8.33022530476988,14.2467162926412,5.18409277241806E-16));
#5273=CARTESIAN_POINT('Ctrl Pts',(8.22464614159088,14.3102418910113,-2.60909065390049E-16));
#5274=CARTESIAN_POINT('Ctrl Pts',(8.11834289475563,14.3726093237466,-3.33066907387547E-16));
#5275=CARTESIAN_POINT('Ctrl Pts',(8.05615147702457,14.4090966294266,-3.75281972569831E-16));
#5276=CARTESIAN_POINT('Ctrl Pts',(7.99371222194505,14.445187519039,5.51810334229603E-16));
#5277=CARTESIAN_POINT('Ctrl Pts',(7.93102894804855,14.4808793080726,5.55111512312578E-16));
#5278=CARTESIAN_POINT('Ctrl Pts',(7.89075081784274,14.5038136322807,5.57232736562578E-16));
#5279=CARTESIAN_POINT('Ctrl Pts',(7.85037929673155,14.5265789626553,8.5471514476432E-16));
#5280=CARTESIAN_POINT('Ctrl Pts',(7.80991959235497,14.5491725116563,8.32667268468867E-16));
#5281=CARTESIAN_POINT('Ctrl Pts',(7.49159306068934,14.7269327351263,6.59200257281601E-16));
#5282=CARTESIAN_POINT('Ctrl Pts',(7.16773016722125,14.8941086369415,1.44906529137579E-16));
#5283=CARTESIAN_POINT('Ctrl Pts',(6.83887565617577,15.0504437072089,1.11022302462516E-16));
#5284=CARTESIAN_POINT('Ctrl Pts',(6.51013900585085,15.206722747337,7.71502198184355E-17));
#5285=CARTESIAN_POINT('Ctrl Pts',(6.17641381091008,15.3521690162668,1.61477918970776E-16));
#5286=CARTESIAN_POINT('Ctrl Pts',(5.83821649744481,15.4864822779954,1.66533453693773E-16));
#5287=CARTESIAN_POINT('Ctrl Pts',(5.50286268544834,15.6196662582609,1.71546482400791E-16));
#5288=CARTESIAN_POINT('Ctrl Pts',(5.16311112796979,15.7419038799767,1.18408378106407E-16));
#5289=CARTESIAN_POINT('Ctrl Pts',(4.8194456854713,15.852855377062,1.66533453693773E-16));
#5290=CARTESIAN_POINT('Ctrl Pts',(4.64412968032706,15.9094556947789,1.91083771985607E-16));
#5291=CARTESIAN_POINT('Ctrl Pts',(4.46779486293292,15.9631181507963,3.06878978647913E-18));
#5292=CARTESIAN_POINT('Ctrl Pts',(4.2905041231333,16.0137925654536,0.));
#5293=CARTESIAN_POINT('Origin',(0.,0.,0.));
#5294=CARTESIAN_POINT('Origin',(0.,0.,21.5));
#5295=CARTESIAN_POINT('',(-16.0303531533845,-24.1666666666666,22.));
#5296=CARTESIAN_POINT('',(-16.5831239517771,-25.,21.));
#5297=CARTESIAN_POINT('',(-24.1666666666666,-16.0303531533845,22.));
#5298=CARTESIAN_POINT('Origin',(0.,0.,22.));
#5299=CARTESIAN_POINT('',(-24.1666666666666,-16.0303531533845,22.));
#5300=CARTESIAN_POINT('Origin',(-13.2664991614216,-20.,21.5));
#5301=CARTESIAN_POINT('',(-9.94987437106624,-25.,21.));
#5302=CARTESIAN_POINT('Origin',(-13.2664991614216,-20.,21.));
#5303=CARTESIAN_POINT('',(-10.5026451694588,-24.1666666666666,22.));
#5304=CARTESIAN_POINT('',(-9.94987437106624,-25.,21.));
#5305=CARTESIAN_POINT('Origin',(-13.2664991614216,-20.,22.));
#5306=CARTESIAN_POINT('Origin',(-8.88178419700125E-15,-40.,21.5));
#5307=CARTESIAN_POINT('',(9.94987437106623,-25.,21.));
#5308=CARTESIAN_POINT('',(10.5026451694588,-24.1666666666666,22.));
#5309=CARTESIAN_POINT('',(9.94987437106623,-25.,21.));
#5310=CARTESIAN_POINT('Origin',(-8.88178419700125E-15,-40.,22.));
#5311=CARTESIAN_POINT('Origin',(-8.88178419700125E-15,-40.,21.));
#5312=CARTESIAN_POINT('Origin',(13.2664991614216,-20.,21.5));
#5313=CARTESIAN_POINT('Origin',(13.2664991614216,-20.,21.));
#5314=CARTESIAN_POINT('',(16.0303531533845,-24.1666666666666,22.));
#5315=CARTESIAN_POINT('',(16.583123951777,-25.,21.));
#5316=CARTESIAN_POINT('Origin',(13.2664991614216,-20.,22.));
#5317=CARTESIAN_POINT('Origin',(0.,0.,21.5));
#5318=CARTESIAN_POINT('',(24.1666666666666,-16.0303531533845,22.));
#5319=CARTESIAN_POINT('',(25.,-16.583123951777,21.));
#5320=CARTESIAN_POINT('Origin',(0.,0.,22.));
#5321=CARTESIAN_POINT('Origin',(20.,-13.2664991614216,21.5));
#5322=CARTESIAN_POINT('',(25.,-9.94987437106623,21.));
#5323=CARTESIAN_POINT('Origin',(20.,-13.2664991614216,21.));
#5324=CARTESIAN_POINT('',(24.1666666666666,-10.5026451694588,22.));
#5325=CARTESIAN_POINT('',(25.,-9.94987437106623,21.));
#5326=CARTESIAN_POINT('Origin',(20.,-13.2664991614216,22.));
#5327=CARTESIAN_POINT('Origin',(40.,0.,21.5));
#5328=CARTESIAN_POINT('',(25.,9.94987437106623,21.));
#5329=CARTESIAN_POINT('',(24.1666666666666,10.5026451694588,22.));
#5330=CARTESIAN_POINT('',(25.,9.94987437106623,21.));
#5331=CARTESIAN_POINT('Origin',(40.,0.,22.));
#5332=CARTESIAN_POINT('Origin',(40.,0.,21.));
#5333=CARTESIAN_POINT('Origin',(20.,13.2664991614216,21.5));
#5334=CARTESIAN_POINT('Origin',(20.,13.2664991614216,21.));
#5335=CARTESIAN_POINT('',(24.1666666666666,16.0303531533845,22.));
#5336=CARTESIAN_POINT('',(25.,16.583123951777,21.));
#5337=CARTESIAN_POINT('Origin',(20.,13.2664991614216,22.));
#5338=CARTESIAN_POINT('Origin',(0.,0.,21.5));
#5339=CARTESIAN_POINT('',(16.0303531533845,24.1666666666666,22.));
#5340=CARTESIAN_POINT('',(16.583123951777,25.,21.));
#5341=CARTESIAN_POINT('Origin',(0.,0.,22.));
#5342=CARTESIAN_POINT('Origin',(13.2664991614216,20.,21.5));
#5343=CARTESIAN_POINT('',(9.94987437106623,25.,21.));
#5344=CARTESIAN_POINT('Origin',(13.2664991614216,20.,21.));
#5345=CARTESIAN_POINT('',(10.5026451694588,24.1666666666666,22.));
#5346=CARTESIAN_POINT('',(9.94987437106623,25.,21.));
#5347=CARTESIAN_POINT('Origin',(13.2664991614216,20.,22.));
#5348=CARTESIAN_POINT('Origin',(-8.88178419700125E-15,40.,21.5));
#5349=CARTESIAN_POINT('',(-9.94987437106624,25.,21.));
#5350=CARTESIAN_POINT('',(-10.5026451694588,24.1666666666666,22.));
#5351=CARTESIAN_POINT('',(-9.94987437106624,25.,21.));
#5352=CARTESIAN_POINT('Origin',(-8.88178419700125E-15,40.,22.));
#5353=CARTESIAN_POINT('Origin',(-8.88178419700125E-15,40.,21.));
#5354=CARTESIAN_POINT('Origin',(-13.2664991614216,20.,21.5));
#5355=CARTESIAN_POINT('Origin',(-13.2664991614216,20.,21.));
#5356=CARTESIAN_POINT('',(-16.0303531533845,24.1666666666666,22.));
#5357=CARTESIAN_POINT('',(-16.583123951777,25.,21.));
#5358=CARTESIAN_POINT('Origin',(-13.2664991614216,20.,22.));
#5359=CARTESIAN_POINT('Origin',(0.,0.,21.5));
#5360=CARTESIAN_POINT('',(-24.1666666666666,16.0303531533845,22.));
#5361=CARTESIAN_POINT('',(-25.,16.5831239517771,21.));
#5362=CARTESIAN_POINT('Origin',(0.,0.,22.));
#5363=CARTESIAN_POINT('Origin',(-20.,13.2664991614216,21.5));
#5364=CARTESIAN_POINT('',(-25.,9.94987437106624,21.));
#5365=CARTESIAN_POINT('Origin',(-20.,13.2664991614216,21.));
#5366=CARTESIAN_POINT('',(-24.1666666666666,10.5026451694588,22.));
#5367=CARTESIAN_POINT('',(-25.,9.94987437106624,21.));
#5368=CARTESIAN_POINT('Origin',(-20.,13.2664991614216,22.));
#5369=CARTESIAN_POINT('Origin',(-40.,4.89858719658941E-15,21.5));
#5370=CARTESIAN_POINT('',(-25.,-9.94987437106623,21.));
#5371=CARTESIAN_POINT('',(-24.1666666666666,-10.5026451694588,22.));
#5372=CARTESIAN_POINT('',(-25.,-9.94987437106623,21.));
#5373=CARTESIAN_POINT('Origin',(-40.,4.89858719658941E-15,22.));
#5374=CARTESIAN_POINT('Origin',(-40.,4.89858719658941E-15,21.));
#5375=CARTESIAN_POINT('Origin',(-20.,-13.2664991614216,21.5));
#5376=CARTESIAN_POINT('Origin',(-20.,-13.2664991614216,21.));
#5377=CARTESIAN_POINT('Origin',(-20.,-13.2664991614216,22.));
#5378=CARTESIAN_POINT('Origin',(20.,13.2664991614216,0.));
#5379=CARTESIAN_POINT('',(25.,9.94987437106623,0.));
#5380=CARTESIAN_POINT('Origin',(40.,0.,22.));
#5381=CARTESIAN_POINT('',(25.,-9.94987437106623,0.));
#5382=CARTESIAN_POINT('Origin',(20.,-13.2664991614216,0.));
#5383=CARTESIAN_POINT('Origin',(13.2664991614216,-20.,0.));
#5384=CARTESIAN_POINT('',(9.94987437106623,-25.,0.));
#5385=CARTESIAN_POINT('Origin',(-8.88178419700125E-15,-40.,22.));
#5386=CARTESIAN_POINT('',(-9.94987437106624,-25.,0.));
#5387=CARTESIAN_POINT('Origin',(-13.2664991614216,-20.,0.));
#5388=CARTESIAN_POINT('Origin',(0.,0.,22.));
#5389=CARTESIAN_POINT('Ctrl Pts',(-4.2905041231321,-16.0137925654539,22.));
#5390=CARTESIAN_POINT('Ctrl Pts',(-4.63604850589118,-15.9150267790726,22.));
#5391=CARTESIAN_POINT('Ctrl Pts',(-4.97774886111789,-15.8049789105216,22.));
#5392=CARTESIAN_POINT('Ctrl Pts',(-5.31515098265967,-15.68404770626,22.));
#5393=CARTESIAN_POINT('Ctrl Pts',(-5.65606630552861,-15.5618573052116,22.));
#5394=CARTESIAN_POINT('Ctrl Pts',(-5.99259391661213,-15.4285555268001,22.));
#5395=CARTESIAN_POINT('Ctrl Pts',(-6.32425428808553,-15.2845009524047,22.));
#5396=CARTESIAN_POINT('Ctrl Pts',(-6.65767510843093,-15.1396817382308,22.));
#5397=CARTESIAN_POINT('Ctrl Pts',(-6.98617739207453,-14.9839950120373,22.));
#5398=CARTESIAN_POINT('Ctrl Pts',(-7.30925527193003,-14.817755738328,22.));
#5399=CARTESIAN_POINT('Ctrl Pts',(-7.63218536829644,-14.6515925064074,22.));
#5400=CARTESIAN_POINT('Ctrl Pts',(-7.94969651895272,-14.4748860782544,22.));
#5401=CARTESIAN_POINT('Ctrl Pts',(-8.26125741543561,-14.2879060983408,22.));
#5402=CARTESIAN_POINT('Ctrl Pts',(-8.56934564610764,-14.1030102021196,22.));
#5403=CARTESIAN_POINT('Ctrl Pts',(-8.87161595024253,-13.9080681451198,22.));
#5404=CARTESIAN_POINT('Ctrl Pts',(-9.16752226478456,-13.7033017143448,22.));
#5405=CARTESIAN_POINT('Ctrl Pts',(-9.35504038929187,-13.5735396404248,22.));
#5406=CARTESIAN_POINT('Ctrl Pts',(-9.54000216121321,-13.4398314787922,22.));
#5407=CARTESIAN_POINT('Ctrl Pts',(-9.72226059694836,-13.3022263772477,22.));
#5408=CARTESIAN_POINT('Ctrl Pts',(-9.80258695835576,-13.2415799820695,22.));
#5409=CARTESIAN_POINT('Ctrl Pts',(-9.88238813377086,-13.1801765709727,22.));
#5410=CARTESIAN_POINT('Ctrl Pts',(-9.96165111053522,-13.1180200278571,22.));
#5411=CARTESIAN_POINT('Ctrl Pts',(-9.98601815027419,-13.0989118512788,22.));
#5412=CARTESIAN_POINT('Ctrl Pts',(-10.0103337042652,-13.0797329581753,22.));
#5413=CARTESIAN_POINT('Ctrl Pts',(-10.0345892222619,-13.0604900292635,22.));
#5414=CARTESIAN_POINT('Ctrl Pts',(-10.3187233472173,-12.83507440348,22.));
#5415=CARTESIAN_POINT('Ctrl Pts',(-10.5949217823281,-12.6006404451221,22.));
#5416=CARTESIAN_POINT('Ctrl Pts',(-10.8627049218279,-12.3575145764333,22.));
#5417=CARTESIAN_POINT('Ctrl Pts',(-11.0038634581002,-12.2293538123981,22.));
#5418=CARTESIAN_POINT('Ctrl Pts',(-11.1426831864633,-12.0987770244535,22.));
#5419=CARTESIAN_POINT('Ctrl Pts',(-11.2790906681563,-11.9658271446394,22.));
#5420=CARTESIAN_POINT('Ctrl Pts',(-11.5369649696884,-11.7144893369889,22.));
#5421=CARTESIAN_POINT('Ctrl Pts',(-11.786220497275,-11.454672675975,22.));
#5422=CARTESIAN_POINT('Ctrl Pts',(-12.026594670398,-11.1869246091521,22.));
#5423=CARTESIAN_POINT('Ctrl Pts',(-12.2680880847313,-10.9179298415439,22.));
#5424=CARTESIAN_POINT('Ctrl Pts',(-12.5006175714036,-10.6409291541866,22.));
#5425=CARTESIAN_POINT('Ctrl Pts',(-12.723877200898,-10.3564427281654,22.));
#5426=CARTESIAN_POINT('Ctrl Pts',(-12.9468533478053,-10.0723175270923,22.));
#5427=CARTESIAN_POINT('Ctrl Pts',(-13.160583457797,-9.78072507700675,22.));
#5428=CARTESIAN_POINT('Ctrl Pts',(-13.3647186892099,-9.48215627436949,22.));
#5429=CARTESIAN_POINT('Ctrl Pts',(-13.5674181354093,-9.18568745549832,22.));
#5430=CARTESIAN_POINT('Ctrl Pts',(-13.7606574481853,-8.88233956596494,22.));
#5431=CARTESIAN_POINT('Ctrl Pts',(-13.9440476271664,-8.57257389624612,22.));
#5432=CARTESIAN_POINT('Ctrl Pts',(-13.9877684008272,-8.49872482314464,22.));
#5433=CARTESIAN_POINT('Ctrl Pts',(-14.0309291661602,-8.42451092152332,22.));
#5434=CARTESIAN_POINT('Ctrl Pts',(-14.0735242257167,-8.34993832715408,22.));
#5435=CARTESIAN_POINT('Ctrl Pts',(-14.0995572444673,-8.30436145115708,22.));
#5436=CARTESIAN_POINT('Ctrl Pts',(-14.1253822047396,-8.25864465639005,22.));
#5437=CARTESIAN_POINT('Ctrl Pts',(-14.1509800407545,-8.21282140214085,22.));
#5438=CARTESIAN_POINT('Ctrl Pts',(-14.3269309633479,-7.89784775137316,22.));
#5439=CARTESIAN_POINT('Ctrl Pts',(-14.4922827305456,-7.57762812182771,22.));
#5440=CARTESIAN_POINT('Ctrl Pts',(-14.6467816711444,-7.25270089662927,22.));
#5441=CARTESIAN_POINT('Ctrl Pts',(-14.8094201590018,-6.91065536307965,22.));
#5442=CARTESIAN_POINT('Ctrl Pts',(-14.9600329395582,-6.56339281223834,22.));
#5443=CARTESIAN_POINT('Ctrl Pts',(-15.0982720262911,-6.21150731853165,22.));
#5444=CARTESIAN_POINT('Ctrl Pts',(-15.2291431211897,-5.87837693602771,22.));
#5445=CARTESIAN_POINT('Ctrl Pts',(-15.3489242317606,-5.54110254043115,22.));
#5446=CARTESIAN_POINT('Ctrl Pts',(-15.4572715775468,-5.20016728826194,22.));
#5447=CARTESIAN_POINT('Ctrl Pts',(-15.4633714910506,-5.18097276592715,22.));
#5448=CARTESIAN_POINT('Ctrl Pts',(-15.4694351504475,-5.16176663581704,22.));
#5449=CARTESIAN_POINT('Ctrl Pts',(-15.4754624896468,-5.1425489827454,22.));
#5450=CARTESIAN_POINT('Ctrl Pts',(-15.5830824445087,-4.79941200509734,22.));
#5451=CARTESIAN_POINT('Ctrl Pts',(-15.6791273879787,-4.45260209525652,22.));
#5452=CARTESIAN_POINT('Ctrl Pts',(-15.7635640903296,-4.10271528932324,22.));
#5453=CARTESIAN_POINT('Ctrl Pts',(-15.8478105759132,-3.75361669912234,22.));
#5454=CARTESIAN_POINT('Ctrl Pts',(-15.9205010784277,-3.40145447596837,22.));
#5455=CARTESIAN_POINT('Ctrl Pts',(-15.9815509971741,-3.04681722283823,22.));
#5456=CARTESIAN_POINT('Ctrl Pts',(-16.0230745745701,-2.80560793492672,22.));
#5457=CARTESIAN_POINT('Ctrl Pts',(-16.0592119810753,-2.56325359488044,22.));
#5458=CARTESIAN_POINT('Ctrl Pts',(-16.0899228350963,-2.31994059434942,22.));
#5459=CARTESIAN_POINT('Ctrl Pts',(-16.0942612311041,-2.28556876771658,22.));
#5460=CARTESIAN_POINT('Ctrl Pts',(-16.0984912723976,-2.25117792083715,22.));
#5461=CARTESIAN_POINT('Ctrl Pts',(-16.1026112278804,-2.21678270916611,22.));
#5462=CARTESIAN_POINT('Ctrl Pts',(-16.1450733617805,-1.86229002360053,22.));
#5463=CARTESIAN_POINT('Ctrl Pts',(-16.1758944442186,-1.50695742469723,22.));
#5464=CARTESIAN_POINT('Ctrl Pts',(-16.1951255290012,-1.151374914157,22.));
#5465=CARTESIAN_POINT('Ctrl Pts',(-16.2145015892352,-0.793111809386138,
22.));
#5466=CARTESIAN_POINT('Ctrl Pts',(-16.2221123184884,-0.434594437422273,
22.));
#5467=CARTESIAN_POINT('Ctrl Pts',(-16.2179581757131,-0.0764161750386441,
22.));
#5468=CARTESIAN_POINT('Ctrl Pts',(-16.2138110800814,0.281154468928568,22.));
#5469=CARTESIAN_POINT('Ctrl Pts',(-16.1979389947863,0.638387735583111,22.));
#5470=CARTESIAN_POINT('Ctrl Pts',(-16.1702905802841,0.994694553056893,22.));
#5471=CARTESIAN_POINT('Ctrl Pts',(-16.1429391576435,1.34717401815168,22.));
#5472=CARTESIAN_POINT('Ctrl Pts',(-16.1040629756903,1.69874737484448,22.));
#5473=CARTESIAN_POINT('Ctrl Pts',(-16.0535622204582,2.04883722538895,22.));
#5474=CARTESIAN_POINT('Ctrl Pts',(-16.0179112922365,2.29598260124632,22.));
#5475=CARTESIAN_POINT('Ctrl Pts',(-15.9764660684099,2.54238851817731,22.));
#5476=CARTESIAN_POINT('Ctrl Pts',(-15.9291763665907,2.7878474555768,22.));
#5477=CARTESIAN_POINT('Ctrl Pts',(-15.8665718883039,3.11279830376492,22.));
#5478=CARTESIAN_POINT('Ctrl Pts',(-15.7937254761345,3.43609028402497,22.));
#5479=CARTESIAN_POINT('Ctrl Pts',(-15.7107924112899,3.75727936007818,22.));
#5480=CARTESIAN_POINT('Ctrl Pts',(-15.6948713408922,3.81893961465064,22.));
#5481=CARTESIAN_POINT('Ctrl Pts',(-15.6785784348557,3.8805223128164,22.));
#5482=CARTESIAN_POINT('Ctrl Pts',(-15.6619146534459,3.94202423023429,22.));
#5483=CARTESIAN_POINT('Ctrl Pts',(-15.6529905929378,3.97496074199614,22.));
#5484=CARTESIAN_POINT('Ctrl Pts',(-15.643960530809,4.00787265711627,22.));
#5485=CARTESIAN_POINT('Ctrl Pts',(-15.6348272673148,4.04075024293472,22.));
#5486=CARTESIAN_POINT('Ctrl Pts',(-15.5395250243596,4.38381574996211,22.));
#5487=CARTESIAN_POINT('Ctrl Pts',(-15.4329150634571,4.72342357658318,22.));
#5488=CARTESIAN_POINT('Ctrl Pts',(-15.3153051704745,5.05905661779068,22.));
#5489=CARTESIAN_POINT('Ctrl Pts',(-15.1972050472332,5.39608866947666,22.));
#5490=CARTESIAN_POINT('Ctrl Pts',(-15.0680128693496,5.72911326925376,22.));
#5491=CARTESIAN_POINT('Ctrl Pts',(-14.9279902693241,6.05759067563726,22.));
#5492=CARTESIAN_POINT('Ctrl Pts',(-14.7882203121218,6.3854754101287,22.));
#5493=CARTESIAN_POINT('Ctrl Pts',(-14.6376587114954,6.70882986705396,22.));
#5494=CARTESIAN_POINT('Ctrl Pts',(-14.4765197665348,7.02709324301844,22.));
#5495=CARTESIAN_POINT('Ctrl Pts',(-14.4113356920551,7.15583743709333,22.));
#5496=CARTESIAN_POINT('Ctrl Pts',(-14.3444202688464,7.28374822355375,22.));
#5497=CARTESIAN_POINT('Ctrl Pts',(-14.2757856936033,7.41078706332937,22.));
#5498=CARTESIAN_POINT('Ctrl Pts',(-14.2534801466867,7.4520734090351,22.));
#5499=CARTESIAN_POINT('Ctrl Pts',(-14.2309921913895,7.49326914929888,22.));
#5500=CARTESIAN_POINT('Ctrl Pts',(-14.2083248087493,7.5343682532484,22.));
#5501=CARTESIAN_POINT('Ctrl Pts',(-14.0362003655518,7.84645370640866,22.));
#5502=CARTESIAN_POINT('Ctrl Pts',(-13.8539745782517,8.15253415536586,22.));
#5503=CARTESIAN_POINT('Ctrl Pts',(-13.6619134274031,8.45208016346924,22.));
#5504=CARTESIAN_POINT('Ctrl Pts',(-13.4710395796318,8.74977440771714,22.));
#5505=CARTESIAN_POINT('Ctrl Pts',(-13.2704512913904,9.04101523700189,22.));
#5506=CARTESIAN_POINT('Ctrl Pts',(-13.060365909163,9.32525644662608,22.));
#5507=CARTESIAN_POINT('Ctrl Pts',(-12.9100624273492,9.5286139721641,22.));
#5508=CARTESIAN_POINT('Ctrl Pts',(-12.754896900796,9.72838818042866,22.));
#5509=CARTESIAN_POINT('Ctrl Pts',(-12.5949363162844,9.92436854705218,22.));
#5510=CARTESIAN_POINT('Ctrl Pts',(-12.3986122363148,10.1649007086904,22.));
#5511=CARTESIAN_POINT('Ctrl Pts',(-12.1950655398816,10.3997188027273,22.));
#5512=CARTESIAN_POINT('Ctrl Pts',(-11.9846046866373,10.6285737611483,22.));
#5513=CARTESIAN_POINT('Ctrl Pts',(11.9837542906839,10.6281676766512,22.));
#5514=CARTESIAN_POINT('Ctrl Pts',(12.2205128369519,10.3702900985251,22.));
#5515=CARTESIAN_POINT('Ctrl Pts',(12.4482702611123,10.1049304149073,22.));
#5516=CARTESIAN_POINT('Ctrl Pts',(12.666866005364,9.83267403727969,22.));
#5517=CARTESIAN_POINT('Ctrl Pts',(12.8880842015404,9.55715145122722,22.));
#5518=CARTESIAN_POINT('Ctrl Pts',(13.0999199028119,9.27456529543135,22.));
#5519=CARTESIAN_POINT('Ctrl Pts',(13.3021731979485,8.9854797510505,22.));
#5520=CARTESIAN_POINT('Ctrl Pts',(13.5059271851883,8.69424923101747,22.));
#5521=CARTESIAN_POINT('Ctrl Pts',(13.6999563620074,8.39642205668832,22.));
#5522=CARTESIAN_POINT('Ctrl Pts',(13.8840176506683,8.09253873612639,22.));
#5523=CARTESIAN_POINT('Ctrl Pts',(14.0684224570901,7.78808827122562,22.));
#5524=CARTESIAN_POINT('Ctrl Pts',(14.2428224361084,7.47755853591701,22.));
#5525=CARTESIAN_POINT('Ctrl Pts',(14.4069298029013,7.16146399772455,22.));
#5526=CARTESIAN_POINT('Ctrl Pts',(14.5697034751788,6.84793834818218,22.));
#5527=CARTESIAN_POINT('Ctrl Pts',(14.7223513782902,6.52893745745473,22.));
#5528=CARTESIAN_POINT('Ctrl Pts',(14.8645462479035,6.20494243928439,22.));
#5529=CARTESIAN_POINT('Ctrl Pts',(14.9531241160381,6.00311527017603,22.));
#5530=CARTESIAN_POINT('Ctrl Pts',(15.0376448014573,5.79934976786518,22.));
#5531=CARTESIAN_POINT('Ctrl Pts',(15.1180193594552,5.59375941838418,22.));
#5532=CARTESIAN_POINT('Ctrl Pts',(15.1405373665571,5.53616053305263,22.));
#5533=CARTESIAN_POINT('Ctrl Pts',(15.1627298904511,5.47841840274832,22.));
#5534=CARTESIAN_POINT('Ctrl Pts',(15.1845948631653,5.42053550204413,22.));
#5535=CARTESIAN_POINT('Ctrl Pts',(15.1967702711562,5.38830367898273,22.));
#5536=CARTESIAN_POINT('Ctrl Pts',(15.2088441122616,5.35602820615598,22.));
#5537=CARTESIAN_POINT('Ctrl Pts',(15.2208160226606,5.32370950986043,22.));
#5538=CARTESIAN_POINT('Ctrl Pts',(15.2331383802917,5.29044476591767,22.));
#5539=CARTESIAN_POINT('Ctrl Pts',(15.245349449763,5.25714312874193,22.));
#5540=CARTESIAN_POINT('Ctrl Pts',(15.2574480722815,5.22380775320496,22.));
#5541=CARTESIAN_POINT('Ctrl Pts',(15.3797984661922,4.88669529913215,22.));
#5542=CARTESIAN_POINT('Ctrl Pts',(15.490684900849,4.54604808961501,22.));
#5543=CARTESIAN_POINT('Ctrl Pts',(15.5898849510663,4.20241541275331,22.));
#5544=CARTESIAN_POINT('Ctrl Pts',(15.6374983814966,4.03748071244325,22.));
#5545=CARTESIAN_POINT('Ctrl Pts',(15.6824189278463,3.87185779155507,22.));
#5546=CARTESIAN_POINT('Ctrl Pts',(15.724618341017,3.70560519766584,22.));
#5547=CARTESIAN_POINT('Ctrl Pts',(15.8119176648349,3.3616729498226,22.));
#5548=CARTESIAN_POINT('Ctrl Pts',(15.8875747666526,3.01504705030614,22.));
#5549=CARTESIAN_POINT('Ctrl Pts',(15.951675884775,2.66632684163199,22.));
#5550=CARTESIAN_POINT('Ctrl Pts',(16.0162160335348,2.31521823693704,22.));
#5551=CARTESIAN_POINT('Ctrl Pts',(16.0690414266297,1.96198597633447,22.));
#5552=CARTESIAN_POINT('Ctrl Pts',(16.1101887474514,1.60722767139735,22.));
#5553=CARTESIAN_POINT('Ctrl Pts',(16.1513852883258,1.25204500778642,22.));
#5554=CARTESIAN_POINT('Ctrl Pts',(16.1808758281431,0.895332062648641,22.));
#5555=CARTESIAN_POINT('Ctrl Pts',(16.198645282602,0.537683113699715,22.));
#5556=CARTESIAN_POINT('Ctrl Pts',(16.2163304689454,0.181730243997708,22.));
#5557=CARTESIAN_POINT('Ctrl Pts',(16.2224054605436,-0.175150351695522,22.));
#5558=CARTESIAN_POINT('Ctrl Pts',(16.2168040065847,-0.53236953936369,22.));
#5559=CARTESIAN_POINT('Ctrl Pts',(16.2154353366081,-0.619653159084705,22.));
#5560=CARTESIAN_POINT('Ctrl Pts',(16.2133693072804,-0.706956955349681,22.));
#5561=CARTESIAN_POINT('Ctrl Pts',(16.21060448394,-0.794272243124056,22.));
#5562=CARTESIAN_POINT('Ctrl Pts',(16.2091391580512,-0.84054838301242,22.));
#5563=CARTESIAN_POINT('Ctrl Pts',(16.2074773234529,-0.886832206035386,22.));
#5564=CARTESIAN_POINT('Ctrl Pts',(16.2056200322963,-0.933093623674808,22.));
#5565=CARTESIAN_POINT('Ctrl Pts',(16.1911935229913,-1.29242919131678,22.));
#5566=CARTESIAN_POINT('Ctrl Pts',(16.1649710563368,-1.65072074840233,22.));
#5567=CARTESIAN_POINT('Ctrl Pts',(16.1270428309393,-2.00736788901257,22.));
#5568=CARTESIAN_POINT('Ctrl Pts',(16.0871573082812,-2.38241991052622,22.));
#5569=CARTESIAN_POINT('Ctrl Pts',(16.0343271870322,-2.75565404564888,22.));
#5570=CARTESIAN_POINT('Ctrl Pts',(15.9685961016403,-3.1263800380463,22.));
#5571=CARTESIAN_POINT('Ctrl Pts',(15.9028650162485,-3.49710603044371,22.));
#5572=CARTESIAN_POINT('Ctrl Pts',(15.8242329690981,-3.86532462637538,22.));
#5573=CARTESIAN_POINT('Ctrl Pts',(15.7326808456814,-4.23034270326519,22.));
#5574=CARTESIAN_POINT('Ctrl Pts',(15.6453967707962,-4.57834408181029,22.));
#5575=CARTESIAN_POINT('Ctrl Pts',(15.5463686392495,-4.92343689974404,22.));
#5576=CARTESIAN_POINT('Ctrl Pts',(15.435899551202,-5.26511356224062,22.));
#5577=CARTESIAN_POINT('Ctrl Pts',(15.3254084278806,-5.60685837899636,22.));
#5578=CARTESIAN_POINT('Ctrl Pts',(15.2034715300202,-5.94518619745554,22.));
#5579=CARTESIAN_POINT('Ctrl Pts',(15.0703437851575,-6.27956967060723,22.));
#5580=CARTESIAN_POINT('Ctrl Pts',(14.9788761968692,-6.50931328929625,22.));
#5581=CARTESIAN_POINT('Ctrl Pts',(14.8821248521751,-6.73719453786623,22.));
#5582=CARTESIAN_POINT('Ctrl Pts',(14.7801601419065,-6.963035109718,22.));
#5583=CARTESIAN_POINT('Ctrl Pts',(14.7658348900828,-6.99476396036914,22.));
#5584=CARTESIAN_POINT('Ctrl Pts',(14.7514067118119,-7.02645246763907,22.));
#5585=CARTESIAN_POINT('Ctrl Pts',(14.7368818622608,-7.05808711502409,22.));
#5586=CARTESIAN_POINT('Ctrl Pts',(14.587209913166,-7.38406772614034,22.));
#5587=CARTESIAN_POINT('Ctrl Pts',(14.4271208066861,-7.7046786684631,22.));
#5588=CARTESIAN_POINT('Ctrl Pts',(14.2569906531572,-8.01944867322365,22.));
#5589=CARTESIAN_POINT('Ctrl Pts',(14.0849898203159,-8.33767975601103,22.));
#5590=CARTESIAN_POINT('Ctrl Pts',(13.9027257241333,-8.64994127762836,22.));
#5591=CARTESIAN_POINT('Ctrl Pts',(13.710535623144,-8.9557326370738,22.));
#5592=CARTESIAN_POINT('Ctrl Pts',(13.5182652881586,-9.26165165586594,22.));
#5593=CARTESIAN_POINT('Ctrl Pts',(13.3160603858302,-9.56109562764032,22.));
#5594=CARTESIAN_POINT('Ctrl Pts',(13.1042110507491,-9.85354189532182,22.));
#5595=CARTESIAN_POINT('Ctrl Pts',(12.894048891146,-10.1436591107489,22.));
#5596=CARTESIAN_POINT('Ctrl Pts',(12.6743949863881,-10.4268901081135,22.));
#5597=CARTESIAN_POINT('Ctrl Pts',(12.4454903153932,-10.7026962168362,22.));
#5598=CARTESIAN_POINT('Ctrl Pts',(12.282963591566,-10.8985238645091,22.));
#5599=CARTESIAN_POINT('Ctrl Pts',(12.1157724197119,-11.0906078494972,22.));
#5600=CARTESIAN_POINT('Ctrl Pts',(11.943991242503,-11.2787445789366,22.));
#5601=CARTESIAN_POINT('Ctrl Pts',(11.7154443047235,-11.5290518250263,22.));
#5602=CARTESIAN_POINT('Ctrl Pts',(11.4787732014699,-11.7723732375516,22.));
#5603=CARTESIAN_POINT('Ctrl Pts',(11.2343639203871,-12.0084202246461,22.));
#5604=CARTESIAN_POINT('Ctrl Pts',(11.1896630635868,-12.051591672643,22.));
#5605=CARTESIAN_POINT('Ctrl Pts',(11.1447033020935,-12.0945197017893,22.));
#5606=CARTESIAN_POINT('Ctrl Pts',(11.0994869164777,-12.1372024243633,22.));
#5607=CARTESIAN_POINT('Ctrl Pts',(11.0746058272254,-12.1606893222086,22.));
#5608=CARTESIAN_POINT('Ctrl Pts',(11.0496479512767,-12.1841010473195,22.));
#5609=CARTESIAN_POINT('Ctrl Pts',(11.0246209118156,-12.207430642558,22.));
#5610=CARTESIAN_POINT('Ctrl Pts',(10.760706307866,-12.4534453938129,22.));
#5611=CARTESIAN_POINT('Ctrl Pts',(10.4888872158078,-12.6905352542736,22.));
#5612=CARTESIAN_POINT('Ctrl Pts',(10.2097134302267,-12.9184395513528,22.));
#5613=CARTESIAN_POINT('Ctrl Pts',(9.92872826060389,-13.1478225768372,22.));
#5614=CARTESIAN_POINT('Ctrl Pts',(9.64029220884184,-13.3679008133512,22.));
#5615=CARTESIAN_POINT('Ctrl Pts',(9.34492754111792,-13.5783720062405,22.));
#5616=CARTESIAN_POINT('Ctrl Pts',(9.04932360242821,-13.7890136990274,22.));
#5617=CARTESIAN_POINT('Ctrl Pts',(8.74677934116453,-13.9900331146445,22.));
#5618=CARTESIAN_POINT('Ctrl Pts',(8.43778699711602,-14.1810856501754,22.));
#5619=CARTESIAN_POINT('Ctrl Pts',(8.31067981961834,-14.2596770748914,22.));
#5620=CARTESIAN_POINT('Ctrl Pts',(8.18248118925526,-14.3365814151753,22.));
#5621=CARTESIAN_POINT('Ctrl Pts',(8.05322412382736,-14.4117724346297,22.));
#5622=CARTESIAN_POINT('Ctrl Pts',(8.01197997866976,-14.43576485091,22.));
#5623=CARTESIAN_POINT('Ctrl Pts',(7.97062806297565,-14.4595828132807,22.));
#5624=CARTESIAN_POINT('Ctrl Pts',(7.92916943608203,-14.483225439692,22.));
#5625=CARTESIAN_POINT('Ctrl Pts',(7.88998746242489,-14.5055697582246,22.));
#5626=CARTESIAN_POINT('Ctrl Pts',(7.85071759964083,-14.5277532235139,22.));
#5627=CARTESIAN_POINT('Ctrl Pts',(7.81136405520996,-14.5497734954301,22.));
#5628=CARTESIAN_POINT('Ctrl Pts',(7.49316787218646,-14.7278201383484,22.));
#5629=CARTESIAN_POINT('Ctrl Pts',(7.16943638169341,-14.8952394401916,22.));
#5630=CARTESIAN_POINT('Ctrl Pts',(6.84069448746148,-15.0517305580139,22.));
#5631=CARTESIAN_POINT('Ctrl Pts',(6.51308211130555,-15.207683990955,22.));
#5632=CARTESIAN_POINT('Ctrl Pts',(6.18049320384669,-15.3527845044904,22.));
#5633=CARTESIAN_POINT('Ctrl Pts',(5.84341987766708,-15.4866907438907,22.));
#5634=CARTESIAN_POINT('Ctrl Pts',(5.63380656901338,-15.5699620315011,22.));
#5635=CARTESIAN_POINT('Ctrl Pts',(5.42245856367094,-15.6489034682655,22.));
#5636=CARTESIAN_POINT('Ctrl Pts',(5.20949011516542,-15.7234236331669,22.));
#5637=CARTESIAN_POINT('Ctrl Pts',(4.90647419335069,-15.8294524680477,22.));
#5638=CARTESIAN_POINT('Ctrl Pts',(4.60017799964739,-15.9265321052449,22.));
#5639=CARTESIAN_POINT('Ctrl Pts',(4.29100713981459,-16.014628221744,22.));
#5640=CARTESIAN_POINT('Origin',(-20.,13.2664991614216,0.));
#5641=CARTESIAN_POINT('',(-25.,9.94987437106624,0.));
#5642=CARTESIAN_POINT('Origin',(-40.,4.89858719658941E-15,22.));
#5643=CARTESIAN_POINT('',(-25.,-9.94987437106623,0.));
#5644=CARTESIAN_POINT('Origin',(-13.2664991614216,20.,0.));
#5645=CARTESIAN_POINT('',(-9.94987437106624,25.,0.));
#5646=CARTESIAN_POINT('Origin',(13.2664991614216,20.,0.));
#5647=CARTESIAN_POINT('',(9.94987437106623,25.,0.));
#5648=CARTESIAN_POINT('Origin',(-8.88178419700125E-15,40.,22.));
#5649=CARTESIAN_POINT('Origin',(-20.,-13.2664991614216,0.));
#5650=CARTESIAN_POINT('Origin',(1.16945154975581E-15,0.,24.2083368446371));
#5651=CARTESIAN_POINT('Ctrl Pts',(-16.5790787288204,0.000373564054111306,
21.7083368446371));
#5652=CARTESIAN_POINT('Ctrl Pts',(-16.5795400625075,0.473598509573848,21.7037934015002));
#5653=CARTESIAN_POINT('Ctrl Pts',(-16.4450716644265,3.6767426345619,21.6730374423946));
#5654=CARTESIAN_POINT('Ctrl Pts',(-14.4468757661463,9.45969595521904,21.6160689673203));
#5655=CARTESIAN_POINT('Ctrl Pts',(-8.23289934305759,15.1795036102854,21.5374314194143));
#5656=CARTESIAN_POINT('Ctrl Pts',(-0.049587275924667,17.2683410585723,21.4587938715082));
#5657=CARTESIAN_POINT('Ctrl Pts',(8.14558469747635,15.2265376485912,21.3801563236021));
#5658=CARTESIAN_POINT('Ctrl Pts',(14.3923106476159,9.54250614577162,21.301518775696));
#5659=CARTESIAN_POINT('Ctrl Pts',(17.1963549585318,1.57587896365107,21.2228812277899));
#5660=CARTESIAN_POINT('Ctrl Pts',(15.8869829390875,-6.76770221804599,21.1442436798839));
#5661=CARTESIAN_POINT('Ctrl Pts',(10.7773997526732,-13.4924303226424,21.0656061319778));
#5662=CARTESIAN_POINT('Ctrl Pts',(3.08983224760087,-16.9897309138772,20.9869685840717));
#5663=CARTESIAN_POINT('Ctrl Pts',(-5.3368318609101,-16.4230401161017,20.9083310361657));
#5664=CARTESIAN_POINT('Ctrl Pts',(-12.4869107438777,-11.9279118225615,20.8296934882595));
#5665=CARTESIAN_POINT('Ctrl Pts',(-16.0162287997058,-5.69839835450037,20.76302875775));
#5666=CARTESIAN_POINT('Ctrl Pts',(-16.5769427397536,-1.48350469818038,20.7225765432092));
#5667=CARTESIAN_POINT('Ctrl Pts',(-16.5772765304785,0.000104843677316419,
20.7083368446371));
#5668=CARTESIAN_POINT('Ctrl Pts',(-16.5777182300864,0.000365183552689108,
21.7916631553629));
#5669=CARTESIAN_POINT('Ctrl Pts',(-16.57838744475,0.957943729514473,21.7824712223359));
#5670=CARTESIAN_POINT('Ctrl Pts',(-16.2638957488649,4.6457883384224,21.7470667733402));
#5671=CARTESIAN_POINT('Ctrl Pts',(-13.5636750335282,10.6877710605405,21.6854498083757));
#5672=CARTESIAN_POINT('Ctrl Pts',(-6.87293800864912,15.8416674843849,21.6068122604696));
#5673=CARTESIAN_POINT('Ctrl Pts',(1.46174315862798,17.2064651085196,21.5281747125635));
#5674=CARTESIAN_POINT('Ctrl Pts',(9.44681342330927,14.45528757148,21.4495371646575));
#5675=CARTESIAN_POINT('Ctrl Pts',(15.172157612028,8.24643669166831,21.3708996167514));
#5676=CARTESIAN_POINT('Ctrl Pts',(17.2682901357221,0.0649778074334163,21.2922620688453));
#5677=CARTESIAN_POINT('Ctrl Pts',(15.2337932821969,-8.13200485112307,21.2136245209392));
#5678=CARTESIAN_POINT('Ctrl Pts',(9.55533312842661,-14.3837988744406,21.1349869730332));
#5679=CARTESIAN_POINT('Ctrl Pts',(1.5912088591919,-17.1949426420188,21.0563494251271));
#5680=CARTESIAN_POINT('Ctrl Pts',(-6.7535362680809,-15.8930103052293,20.977711877221));
#5681=CARTESIAN_POINT('Ctrl Pts',(-13.4828169027012,-10.7894238057854,20.8990743293149));
#5682=CARTESIAN_POINT('Ctrl Pts',(-16.2463106773694,-4.72920845226346,20.8370580886956));
#5683=CARTESIAN_POINT('Ctrl Pts',(-16.5782690163357,-0.999528026014083,
20.8012543640449));
#5684=CARTESIAN_POINT('Ctrl Pts',(-16.5776178112207,-0.000295538851580734,
20.7916631553629));
#5685=CARTESIAN_POINT('Ctrl Pts',(11.9837542906839,10.6281676766512,22.));
#5686=CARTESIAN_POINT('Ctrl Pts',(13.7341932624808,8.65446617164639,21.9737874840313));
#5687=CARTESIAN_POINT('Ctrl Pts',(16.2397408354162,3.82775353144123,21.921362452094));
#5688=CARTESIAN_POINT('Ctrl Pts',(16.1118218764639,-4.33267127031139,21.8427249041878));
#5689=CARTESIAN_POINT('Ctrl Pts',(12.1305397452129,-11.454679027878,21.7640873562818));
#5690=CARTESIAN_POINT('Ctrl Pts',(5.24729574393055,-15.8376989824345,21.6854498083757));
#5691=CARTESIAN_POINT('Ctrl Pts',(-2.89096262775391,-16.4317844176927,21.6068122604697));
#5692=CARTESIAN_POINT('Ctrl Pts',(-10.3377733763693,-13.0956038920853,21.5281747125635));
#5693=CARTESIAN_POINT('Ctrl Pts',(-15.311719115251,-6.62678270835058,21.4495371646575));
#5694=CARTESIAN_POINT('Ctrl Pts',(-16.623079353078,1.42711395351738,21.3708996167514));
#5695=CARTESIAN_POINT('Ctrl Pts',(-13.9581414777599,9.13967674512383,21.2922620688453));
#5696=CARTESIAN_POINT('Ctrl Pts',(-7.95438236354459,14.6659847003757,21.2136245209392));
#5697=CARTESIAN_POINT('Ctrl Pts',(-0.0479097504579686,16.684157286559,21.1349869730332));
#5698=CARTESIAN_POINT('Ctrl Pts',(7.87002155115643,14.7114275886216,21.0563494251271));
#5699=CARTESIAN_POINT('Ctrl Pts',(13.905422283899,9.21968548709985,20.977711877221));
#5700=CARTESIAN_POINT('Ctrl Pts',(16.6146064587494,1.52256736214287,20.899074329315));
#5701=CARTESIAN_POINT('Ctrl Pts',(15.3495301758031,-6.53875250039847,20.8204367814088));
#5702=CARTESIAN_POINT('Ctrl Pts',(10.4128029440593,-13.0359846911383,20.7417992335028));
#5703=CARTESIAN_POINT('Ctrl Pts',(2.98530397524573,-16.4149724551987,20.6631616855967));
#5704=CARTESIAN_POINT('Ctrl Pts',(-5.15628813893167,-15.8674526690847,20.5845241376906));
#5705=CARTESIAN_POINT('Ctrl Pts',(-12.0644815948118,-11.5243934708501,20.5058865897846));
#5706=CARTESIAN_POINT('Ctrl Pts',(-16.0868170833805,-4.42466692233982,20.4272490418785));
#5707=CARTESIAN_POINT('Ctrl Pts',(-16.2611406169103,3.7334524273963,20.3486114939724));
#5708=CARTESIAN_POINT('Ctrl Pts',(-12.5457535208077,10.9985194357209,20.2699739460663));
#5709=CARTESIAN_POINT('Ctrl Pts',(-5.82938684917297,15.6327096233398,20.1913363981603));
#5710=CARTESIAN_POINT('Ctrl Pts',(2.28138557348121,16.5275116412619,20.1126988502542));
#5711=CARTESIAN_POINT('Ctrl Pts',(9.84644414219085,13.4688863293191,20.0340613023481));
#5712=CARTESIAN_POINT('Ctrl Pts',(15.0562055415912,7.1884654747765,19.9554237544421));
#5713=CARTESIAN_POINT('Ctrl Pts',(16.6644801729885,-0.811456565851775,19.8767862065359));
#5714=CARTESIAN_POINT('Ctrl Pts',(14.2865642150941,-8.61727591075483,19.7981486586299));
#5715=CARTESIAN_POINT('Ctrl Pts',(8.49126186197165,-14.3618185890649,19.7195111107238));
#5716=CARTESIAN_POINT('Ctrl Pts',(0.664825757667252,-16.6709738139685,19.6408735628177));
#5717=CARTESIAN_POINT('Ctrl Pts',(-7.32063854020329,-14.9923851523893,19.5622360149116));
#5718=CARTESIAN_POINT('Ctrl Pts',(-13.5549854822761,-9.72757573958019,19.4835984670056));
#5719=CARTESIAN_POINT('Ctrl Pts',(-16.5469417223238,-2.13590281426158,19.4049609190995));
#5720=CARTESIAN_POINT('Ctrl Pts',(-15.5808229015359,5.96668407953116,19.3263233711934));
#5721=CARTESIAN_POINT('Ctrl Pts',(-10.8877273627071,12.6420233376354,19.2476858232873));
#5722=CARTESIAN_POINT('Ctrl Pts',(-3.59025677580698,16.2933550098722,19.1690482753813));
#5723=CARTESIAN_POINT('Ctrl Pts',(4.56601334304232,16.0472702770633,19.0904107274752));
#5724=CARTESIAN_POINT('Ctrl Pts',(11.630080211054,11.9626333003401,19.0117731795691));
#5725=CARTESIAN_POINT('Ctrl Pts',(15.9121991389946,5.01650074802525,18.933135631663));
#5726=CARTESIAN_POINT('Ctrl Pts',(16.3880752196455,-3.12959291109876,18.854498083757));
#5727=CARTESIAN_POINT('Ctrl Pts',(12.9438775543137,-10.5270791320713,18.7758605358509));
#5728=CARTESIAN_POINT('Ctrl Pts',(6.40346792437903,-15.4064583774275,18.6972229879448));
#5729=CARTESIAN_POINT('Ctrl Pts',(-1.66866926703946,-16.6005693899696,18.6185854400387));
#5730=CARTESIAN_POINT('Ctrl Pts',(-9.34165607033865,-13.823777452544,18.5399478921327));
#5731=CARTESIAN_POINT('Ctrl Pts',(-14.7800924328738,-7.74029901681233,18.4613103442266));
#5732=CARTESIAN_POINT('Ctrl Pts',(-16.6830890605552,0.194680742606621,18.3826727963205));
#5733=CARTESIAN_POINT('Ctrl Pts',(-14.5954438006662,8.08309232011821,18.3040352484144));
#5734=CARTESIAN_POINT('Ctrl Pts',(-9.0165272787702,14.038005450389,18.2253977005083));
#5735=CARTESIAN_POINT('Ctrl Pts',(-1.28083203870775,16.6349881419428,18.1467601526023));
#5736=CARTESIAN_POINT('Ctrl Pts',(6.76124183219799,15.252834821124,18.0681226046962));
#5737=CARTESIAN_POINT('Ctrl Pts',(13.1860076152774,10.2221604548062,17.9894850567901));
#5738=CARTESIAN_POINT('Ctrl Pts',(16.4566432412648,2.74631651921087,17.910847508884));
#5739=CARTESIAN_POINT('Ctrl Pts',(15.7908034573913,-5.38645406218185,17.832209960978));
#5740=CARTESIAN_POINT('Ctrl Pts',(11.3477590151522,-12.2307696621263,17.7535724130719));
#5741=CARTESIAN_POINT('Ctrl Pts',(4.19029865799766,-16.1494507135921,17.6749348651658));
#5742=CARTESIAN_POINT('Ctrl Pts',(-3.96949293921316,-16.2051376729572,17.5962973172597));
#5743=CARTESIAN_POINT('Ctrl Pts',(-11.1797706461521,-12.3845100627111,17.5176597693537));
#5744=CARTESIAN_POINT('Ctrl Pts',(-15.7158157291432,-5.60147276719015,17.4390222214476));
#5745=CARTESIAN_POINT('Ctrl Pts',(-16.4925934295521,2.52145258957038,17.3603846735415));
#5746=CARTESIAN_POINT('Ctrl Pts',(-13.324296333816,10.0412393857838,17.2817471256354));
#5747=CARTESIAN_POINT('Ctrl Pts',(-6.96879003005337,15.1591334419546,17.2031095777293));
#5748=CARTESIAN_POINT('Ctrl Pts',(1.05367047497684,16.6509200864132,17.1244720298233));
#5749=CARTESIAN_POINT('Ctrl Pts',(8.8240900349593,14.1597597525131,17.0458344819172));
#5750=CARTESIAN_POINT('Ctrl Pts',(14.4837624074524,8.28154500793343,16.9671969340111));
#5751=CARTESIAN_POINT('Ctrl Pts',(16.6788780217216,0.422361374288821,16.888559386105));
#5752=CARTESIAN_POINT('Ctrl Pts',(14.8843590407688,-7.53785228957447,16.809921838199));
#5753=CARTESIAN_POINT('Ctrl Pts',(9.52945945870963,-13.6949904570528,16.7312842902929));
#5754=CARTESIAN_POINT('Ctrl Pts',(1.89508633648073,-16.5762483382472,16.6526467423868));
#5755=CARTESIAN_POINT('Ctrl Pts',(-6.19259677453215,-15.4924209335408,16.5740091944807));
#5756=CARTESIAN_POINT('Ctrl Pts',(-12.7989932969773,-10.7027628105031,16.4953716465747));
#5757=CARTESIAN_POINT('Ctrl Pts',(-16.3438345772093,-3.35297368119343,16.4167340986686));
#5758=CARTESIAN_POINT('Ctrl Pts',(-15.9791845977235,4.79885619557759,16.3380965507625));
#5759=CARTESIAN_POINT('Ctrl Pts',(-11.7922686605702,11.8027861554335,16.2594590028564));
#5760=CARTESIAN_POINT('Ctrl Pts',(-4.78460884945293,15.9834564269339,16.1808214549504));
#5761=CARTESIAN_POINT('Ctrl Pts',(3.36754287326186,16.340838907189,16.1021839070443));
#5762=CARTESIAN_POINT('Ctrl Pts',(10.7141688567416,12.7894467004318,16.0235463591382));
#5763=CARTESIAN_POINT('Ctrl Pts',(15.4979354755664,6.17878282424113,15.9449088112321));
#5764=CARTESIAN_POINT('Ctrl Pts',(16.574552282077,-1.90986330470374,15.8662712633261));
#5765=CARTESIAN_POINT('Ctrl Pts',(13.6864895040993,-9.54166475244956,15.78763371542));
#5766=CARTESIAN_POINT('Ctrl Pts',(7.52457989172513,-14.8910731193895,15.7089961675139));
#5767=CARTESIAN_POINT('Ctrl Pts',(-0.437230422089581,-16.6784948587082,
15.6303586196078));
#5768=CARTESIAN_POINT('Ctrl Pts',(-8.29445398757624,-14.4763736564769,15.5517210717017));
#5769=CARTESIAN_POINT('Ctrl Pts',(-14.1676207997121,-8.8114631060638,15.4730835237957));
#5770=CARTESIAN_POINT('Ctrl Pts',(-16.6518528165395,-1.03882576511411,15.3944459758896));
#5771=CARTESIAN_POINT('Ctrl Pts',(-15.152914743335,6.98230162447732,15.3158084279835));
#5772=CARTESIAN_POINT('Ctrl Pts',(-10.0293567886418,13.3332428013625,15.2371708800774));
#5773=CARTESIAN_POINT('Ctrl Pts',(-2.50674844460707,16.4948347499882,15.1585333321714));
#5774=CARTESIAN_POINT('Ctrl Pts',(5.61548118708843,15.7108157723084,15.0798957842653));
#5775=CARTESIAN_POINT('Ctrl Pts',(12.3944719040531,11.1687254158027,15.0012582363592));
#5776=CARTESIAN_POINT('Ctrl Pts',(16.2086700352385,3.95504448555509,14.9226206884531));
#5777=CARTESIAN_POINT('Ctrl Pts',(16.145708645807,-4.20469422415837,14.8439831405471));
#5778=CARTESIAN_POINT('Ctrl Pts',(12.2206482774277,-11.358658233848,14.765345592641));
#5779=CARTESIAN_POINT('Ctrl Pts',(5.37237442429425,-15.7955992048148,14.6867080447349));
#5780=CARTESIAN_POINT('Ctrl Pts',(-2.76098652125249,-16.4541883611262,14.6080704968288));
#5781=CARTESIAN_POINT('Ctrl Pts',(-10.2339117151986,-13.1768893218194,14.5294329489227));
#5782=CARTESIAN_POINT('Ctrl Pts',(-15.2588564052865,-6.74764124689549,14.4507954010167));
#5783=CARTESIAN_POINT('Ctrl Pts',(-16.6338396699852,1.29566161754735,14.3721578531106));
#5784=CARTESIAN_POINT('Ctrl Pts',(-14.0299616400379,9.02903857412414,14.2935203052045));
#5785=CARTESIAN_POINT('Ctrl Pts',(-8.07007727346335,14.6026440754505,14.2148827572984));
#5786=CARTESIAN_POINT('Ctrl Pts',(-0.179807695461895,16.6832559887634,14.1362452093924));
#5787=CARTESIAN_POINT('Ctrl Pts',(7.75347238968327,14.7731860848084,14.0576076614863));
#5788=CARTESIAN_POINT('Ctrl Pts',(13.8321000432504,9.32932846390721,13.9789701135802));
#5789=CARTESIAN_POINT('Ctrl Pts',(16.6020504113759,1.65386920041832,13.9003325656741));
#5790=CARTESIAN_POINT('Ctrl Pts',(15.4007435650422,-6.41720023357292,13.8216950177681));
#5791=CARTESIAN_POINT('Ctrl Pts',(10.5155354851115,-12.9532572990471,13.743057469862));
#5792=CARTESIAN_POINT('Ctrl Pts',(3.11498170242745,-16.3908587385622,13.6644199219559));
#5793=CARTESIAN_POINT('Ctrl Pts',(-5.03068447614461,-15.9077206065305,13.5857823740498));
#5794=CARTESIAN_POINT('Ctrl Pts',(-11.972996760196,-11.6194109047874,13.5071448261438));
#5795=CARTESIAN_POINT('Ctrl Pts',(-16.0513344998718,-4.55170539107996,13.4285072782377));
#5796=CARTESIAN_POINT('Ctrl Pts',(-16.2901478220915,3.6047808710609,13.3498697303316));
#5797=CARTESIAN_POINT('Ctrl Pts',(-12.6323119076149,10.8989933967628,13.2712321824255));
#5798=CARTESIAN_POINT('Ctrl Pts',(-5.95279140868202,15.586136007321,13.1925946345194));
#5799=CARTESIAN_POINT('Ctrl Pts',(2.15065355994644,16.5450309899674,13.1139570866134));
#5800=CARTESIAN_POINT('Ctrl Pts',(9.73965614019105,13.5463079643466,13.0353195387073));
#5801=CARTESIAN_POINT('Ctrl Pts',(14.9989055420776,7.30726992341312,12.9566819908012));
#5802=CARTESIAN_POINT('Ctrl Pts',(16.6703744971588,-0.67968766250352,12.8780444428952));
#5803=CARTESIAN_POINT('Ctrl Pts',(14.3542429240236,-8.50406204541739,12.7994068949891));
#5804=CARTESIAN_POINT('Ctrl Pts',(8.60453601789935,-14.2942408371123,12.720769347083));
#5805=CARTESIAN_POINT('Ctrl Pts',(0.796599863423917,-16.6651969641825,12.6421317991769));
#5806=CARTESIAN_POINT('Ctrl Pts',(-7.20188522169912,-15.0497910430812,12.5634942512708));
#5807=CARTESIAN_POINT('Ctrl Pts',(-13.4776590795103,-9.83443272087753,12.4848567033648));
#5808=CARTESIAN_POINT('Ctrl Pts',(-16.5295389281082,-2.26665039363057,12.4062191554587));
#5809=CARTESIAN_POINT('Ctrl Pts',(-15.6275065142371,5.84332108804915,12.3275816075526));
#5810=CARTESIAN_POINT('Ctrl Pts',(-10.9873305287887,12.555553715346,12.2489440596465));
#5811=CARTESIAN_POINT('Ctrl Pts',(-3.71895414113339,16.2644625216658,12.1703065117404));
#5812=CARTESIAN_POINT('Ctrl Pts',(4.4390065579018,16.0828661113694,12.0916689638344));
#5813=CARTESIAN_POINT('Ctrl Pts',(11.5351443728017,12.0542027869192,12.0130314159283));
#5814=CARTESIAN_POINT('Ctrl Pts',(15.8720431947035,5.14214029805374,11.9343938680222));
#5815=CARTESIAN_POINT('Ctrl Pts',(16.4123045314095,-2.99993680727304,11.8557563201161));
#5816=CARTESIAN_POINT('Ctrl Pts',(13.0266965053038,-10.4244202385593,11.7771187722101));
#5817=CARTESIAN_POINT('Ctrl Pts',(6.52506578846992,-15.3553536537175,11.698481224304));
#5818=CARTESIAN_POINT('Ctrl Pts',(-1.53737865296821,-16.6132419409434,11.6198436763979));
#5819=CARTESIAN_POINT('Ctrl Pts',(-9.23207854601929,-13.8971984740436,11.5412061284918));
#5820=CARTESIAN_POINT('Ctrl Pts',(-14.7184377828223,-7.85690112259998,11.4625685805858));
#5821=CARTESIAN_POINT('Ctrl Pts',(-16.6841081042987,0.0627796351749521,
11.3839310326797));
#5822=CARTESIAN_POINT('Ctrl Pts',(-14.658887232685,7.96746173599078,11.3052934847736));
#5823=CARTESIAN_POINT('Ctrl Pts',(-9.12723003556052,13.9662687646342,11.2266559368675));
#5824=CARTESIAN_POINT('Ctrl Pts',(-1.41229274472052,16.6243745411002,11.1480183889615));
#5825=CARTESIAN_POINT('Ctrl Pts',(6.64042819263497,15.3057478576859,11.0693808410554));
#5826=CARTESIAN_POINT('Ctrl Pts',(13.104819241529,10.3262061924664,10.9907432931493));
#5827=CARTESIAN_POINT('Ctrl Pts',(16.434346503026,2.8760947759721,10.9121057452432));
#5828=CARTESIAN_POINT('Ctrl Pts',(15.8330322406161,-5.26098228310013,10.8334681973371));
#5829=CARTESIAN_POINT('Ctrl Pts',(11.4438194784075,-12.1416586694145,10.7548306494311));
#5830=CARTESIAN_POINT('Ctrl Pts',(6.69357455499366,-14.789317393446,10.7024056174937));
#5831=CARTESIAN_POINT('Ctrl Pts',(4.14535741367311,-15.4720498633958,10.676193101525));
#5832=CARTESIAN_POINT('Ctrl Pts',(12.1236218042013,10.7522135599463,22.107935632825));
#5833=CARTESIAN_POINT('Ctrl Pts',(13.8944908966941,8.75547614188499,22.0817231168563));
#5834=CARTESIAN_POINT('Ctrl Pts',(16.4292817852488,3.87242887739824,22.029298084919));
#5835=CARTESIAN_POINT('Ctrl Pts',(16.2998698295038,-4.38323972680402,21.9506605370128));
#5836=CARTESIAN_POINT('Ctrl Pts',(12.272120454449,-11.5883714780824,21.8720229891068));
#5837=CARTESIAN_POINT('Ctrl Pts',(5.30853917320918,-16.0225475301248,21.7933854412007));
#5838=CARTESIAN_POINT('Ctrl Pts',(-2.92470428705428,-16.6235667901787,21.7147478932947));
#5839=CARTESIAN_POINT('Ctrl Pts',(-10.4584299437843,-13.2484482770723,21.6361103453885));
#5840=CARTESIAN_POINT('Ctrl Pts',(-15.4904287273124,-6.7041267190466,21.5574727974825));
#5841=CARTESIAN_POINT('Ctrl Pts',(-16.8170944104399,1.44377040986176,21.4788352495764));
#5842=CARTESIAN_POINT('Ctrl Pts',(-14.121052907222,9.24634981515556,21.4001977016703));
#5843=CARTESIAN_POINT('Ctrl Pts',(-8.04722135671559,14.8371576703456,21.3215601537642));
#5844=CARTESIAN_POINT('Ctrl Pts',(-0.0484689256135439,16.8788852105634,
21.2429226058582));
#5845=CARTESIAN_POINT('Ctrl Pts',(7.96187593326309,14.8831309419448,21.1642850579521));
#5846=CARTESIAN_POINT('Ctrl Pts',(14.067718405138,9.32729237332378,21.085647510046));
#5847=CARTESIAN_POINT('Ctrl Pts',(16.8085226253435,1.54033789597893,21.00700996214));
#5848=CARTESIAN_POINT('Ctrl Pts',(15.5286810968978,-6.61506907294764,20.9283724142338));
#5849=CARTESIAN_POINT('Ctrl Pts',(10.5343352135973,-13.188133234973,20.8497348663278));
#5850=CARTESIAN_POINT('Ctrl Pts',(3.02014673269743,-16.6065586080915,20.7710973184217));
#5851=CARTESIAN_POINT('Ctrl Pts',(-5.21646937959114,-16.052648484757,20.6924597705156));
#5852=CARTESIAN_POINT('Ctrl Pts',(-12.2052913111671,-11.6588995880872,20.6138222226096));
#5853=CARTESIAN_POINT('Ctrl Pts',(-16.274573194803,-4.47630909937039,20.5351846747035));
#5854=CARTESIAN_POINT('Ctrl Pts',(-16.4509313327307,3.77702714490042,20.4565471267974));
#5855=CARTESIAN_POINT('Ctrl Pts',(-12.6921803673196,11.1268878525402,20.3779095788913));
#5856=CARTESIAN_POINT('Ctrl Pts',(-5.8974241123,15.8151656526875,20.2992720309852));
#5857=CARTESIAN_POINT('Ctrl Pts',(2.30801259868528,16.7204112870508,20.2206344830792));
#5858=CARTESIAN_POINT('Ctrl Pts',(9.96136619631097,13.6260874530266,20.1419969351731));
#5859=CARTESIAN_POINT('Ctrl Pts',(15.2319329456274,7.27236512488399,20.0633593872671));
#5860=CARTESIAN_POINT('Ctrl Pts',(16.8589784369981,-0.820927421932428,19.9847218393609));
#5861=CARTESIAN_POINT('Ctrl Pts',(14.4533088065637,-8.71785181757793,19.9060842914549));
#5862=CARTESIAN_POINT('Ctrl Pts',(8.59036700502205,-14.5294415064675,19.8274467435488));
#5863=CARTESIAN_POINT('Ctrl Pts',(0.672585222972669,-16.8655478680349,19.7488091956427));
#5864=CARTESIAN_POINT('Ctrl Pts',(-7.40608083859669,-15.1673676814111,19.6701716477366));
#5865=CARTESIAN_POINT('Ctrl Pts',(-13.7131915059631,-9.84111042981538,19.5915340998306));
#5866=CARTESIAN_POINT('Ctrl Pts',(-16.7400681448855,-2.16083184806009,19.5128965519245));
#5867=CARTESIAN_POINT('Ctrl Pts',(-15.7626733387972,6.03632379726108,19.4342590040184));
#5868=CARTESIAN_POINT('Ctrl Pts',(-11.014802677933,12.7895737902877,19.3556214561124));
#5869=CARTESIAN_POINT('Ctrl Pts',(-3.63216019571533,16.4835217136287,19.2769839082062));
#5870=CARTESIAN_POINT('Ctrl Pts',(4.61930523450533,16.2345648208224,19.1983463603002));
#5871=CARTESIAN_POINT('Ctrl Pts',(11.7658198433655,12.1022543017603,19.1197088123941));
#5872=CARTESIAN_POINT('Ctrl Pts',(16.0979172098245,5.07505047035474,19.041071264488));
#5873=CARTESIAN_POINT('Ctrl Pts',(16.5793474434168,-3.16611972633372,18.962433716582));
#5874=CARTESIAN_POINT('Ctrl Pts',(13.0949510764238,-10.6499451677967,18.8837961686759));
#5875=CARTESIAN_POINT('Ctrl Pts',(6.47820553287352,-15.5862737318725,18.8051586207698));
#5876=CARTESIAN_POINT('Ctrl Pts',(-1.68814501859465,-16.79432172394,18.7265210728637));
#5877=CARTESIAN_POINT('Ctrl Pts',(-9.45068652732228,-13.9851206620929,18.6478835249576));
#5878=CARTESIAN_POINT('Ctrl Pts',(-14.9525972029149,-7.83063935182776,18.5692459770516));
#5879=CARTESIAN_POINT('Ctrl Pts',(-16.8778045168378,0.19695294468435,18.4906084291455));
#5880=CARTESIAN_POINT('Ctrl Pts',(-14.7657934576738,8.17743354215287,18.4119708812394));
#5881=CARTESIAN_POINT('Ctrl Pts',(-9.12176301879399,14.2018490063785,18.3333333333333));
#5882=CARTESIAN_POINT('Ctrl Pts',(-1.29578117636045,16.8291421918647,18.2546957854273));
#5883=CARTESIAN_POINT('Ctrl Pts',(6.84015517274391,15.4308571694445,18.1760582375212));
#5884=CARTESIAN_POINT('Ctrl Pts',(13.3399071407211,10.3414676544457,18.0974206896151));
#5885=CARTESIAN_POINT('Ctrl Pts',(16.6487157516957,2.77836995201302,18.018783141709));
#5886=CARTESIAN_POINT('Ctrl Pts',(15.975104667384,-5.44932166761489,17.940145593803));
#5887=CARTESIAN_POINT('Ctrl Pts',(11.4802035562321,-12.373520197522,17.8615080458969));
#5888=CARTESIAN_POINT('Ctrl Pts',(4.23920542293735,-16.3379378488581,17.7828704979908));
#5889=CARTESIAN_POINT('Ctrl Pts',(-4.01582258632252,-16.3942747545048,17.7042329500847));
#5890=CARTESIAN_POINT('Ctrl Pts',(-11.3102545232446,-12.5290549679708,17.6255954021786));
#5891=CARTESIAN_POINT('Ctrl Pts',(-15.8992417253389,-5.66684994774461,17.5469578542726));
#5892=CARTESIAN_POINT('Ctrl Pts',(-16.6850855299817,2.55088153943039,17.4683203063665));
#5893=CARTESIAN_POINT('Ctrl Pts',(-13.4798098859445,10.1584349783715,17.3896827584604));
#5894=CARTESIAN_POINT('Ctrl Pts',(-7.05012575424175,15.3360621614672,17.3110452105543));
#5895=CARTESIAN_POINT('Ctrl Pts',(1.06596831301882,16.8452600848622,17.2324076626483));
#5896=CARTESIAN_POINT('Ctrl Pts',(8.92707975773781,14.3250243549531,17.1537701147422));
#5897=CARTESIAN_POINT('Ctrl Pts',(14.6528085832307,8.37820245602903,17.0751325668361));
#5898=CARTESIAN_POINT('Ctrl Pts',(16.8735443291718,0.42729093424095,16.99649501893));
#5899=CARTESIAN_POINT('Ctrl Pts',(15.0580807509136,-7.62582978238937,16.917857471024));
#5900=CARTESIAN_POINT('Ctrl Pts',(9.640681849233,-13.854830538584,16.8392199231179));
#5901=CARTESIAN_POINT('Ctrl Pts',(1.91720469833587,-16.7697168108376,16.7605823752118));
#5902=CARTESIAN_POINT('Ctrl Pts',(-6.26487321579257,-15.673239593685,16.6819448273057));
#5903=CARTESIAN_POINT('Ctrl Pts',(-12.9483758130529,-10.8276793254583,16.6033072793997));
#5904=CARTESIAN_POINT('Ctrl Pts',(-16.5345904495515,-3.39210766878214,16.5246697314936));
#5905=CARTESIAN_POINT('Ctrl Pts',(-16.1656844844457,4.85486569539892,16.4460321835875));
#5906=CARTESIAN_POINT('Ctrl Pts',(-11.9299012635321,11.9405415125691,16.3673946356814));
#5907=CARTESIAN_POINT('Ctrl Pts',(-4.84045206241388,16.1700061719989,16.2887570877754));
#5908=CARTESIAN_POINT('Ctrl Pts',(3.4068469041124,16.5315598157872,16.2101195398693));
#5909=CARTESIAN_POINT('Ctrl Pts',(10.8392184965329,12.9387177941026,16.1314819919632));
#5910=CARTESIAN_POINT('Ctrl Pts',(15.6788184982854,6.25089803698899,16.0528444440571));
#5911=CARTESIAN_POINT('Ctrl Pts',(16.7680009592716,-1.93215413486493,15.9742068961511));
#5912=CARTESIAN_POINT('Ctrl Pts',(13.8462303673785,-9.65302959616796,15.895569348245));
#5913=CARTESIAN_POINT('Ctrl Pts',(7.61240247671729,-15.0648731924128,15.8169318003389));
#5914=CARTESIAN_POINT('Ctrl Pts',(-0.442333525047843,-16.8731566940993,
15.7382942524328));
#5915=CARTESIAN_POINT('Ctrl Pts',(-8.3912621018855,-14.6453335949875,15.6596567045267));
#5916=CARTESIAN_POINT('Ctrl Pts',(-14.3329771517906,-8.91430545456336,15.5810191566207));
#5917=CARTESIAN_POINT('Ctrl Pts',(-16.84620370128,-1.05095034420842,15.5023816087146));
#5918=CARTESIAN_POINT('Ctrl Pts',(-15.3297708817606,7.06379504825381,15.4237440608085));
#5919=CARTESIAN_POINT('Ctrl Pts',(-10.1464136943642,13.488860771534,15.3451065129024));
#5920=CARTESIAN_POINT('Ctrl Pts',(-2.5360057761124,16.6873530098256,15.2664689649964));
#5921=CARTESIAN_POINT('Ctrl Pts',(5.68102186589328,15.8941834118728,15.1878314170903));
#5922=CARTESIAN_POINT('Ctrl Pts',(12.5391330782169,11.2990803792953,15.1091938691842));
#5923=CARTESIAN_POINT('Ctrl Pts',(16.3978483444947,4.00120549859217,15.0305563212781));
#5924=CARTESIAN_POINT('Ctrl Pts',(16.3341521058019,-4.2537690058978,14.9519187733721));
#5925=CARTESIAN_POINT('Ctrl Pts',(12.3632806818207,-11.4912299843633,14.873281225466));
#5926=CARTESIAN_POINT('Ctrl Pts',(5.43507770026132,-15.9799563880235,14.7946436775599));
#5927=CARTESIAN_POINT('Ctrl Pts',(-2.79321117391268,-16.6462322196027,14.7160061296538));
#5928=CARTESIAN_POINT('Ctrl Pts',(-10.3533560688161,-13.3306824237666,14.6373685817478));
#5929=CARTESIAN_POINT('Ctrl Pts',(-15.4369490340869,-6.82639584920274,14.5587310338417));
#5930=CARTESIAN_POINT('Ctrl Pts',(-16.8279803156005,1.31078383754706,14.4800934859356));
#5931=CARTESIAN_POINT('Ctrl Pts',(-14.193711313282,9.13442033881847,14.4014559380295));
#5932=CARTESIAN_POINT('Ctrl Pts',(-8.16426659133097,14.7730777699397,14.3228183901234));
#5933=CARTESIAN_POINT('Ctrl Pts',(-0.181906307855435,16.8779733933364,14.2441808422174));
#5934=CARTESIAN_POINT('Ctrl Pts',(7.84396647675863,14.9456102479121,14.1655432943113));
#5935=CARTESIAN_POINT('Ctrl Pts',(13.9935403893094,9.43821504013219,14.0869057464052));
#5936=CARTESIAN_POINT('Ctrl Pts',(16.7958200309795,1.67317221407617,14.0082681984991));
#5937=CARTESIAN_POINT('Ctrl Pts',(15.5804922194715,-6.49209811771184,13.9296306505931));
#5938=CARTESIAN_POINT('Ctrl Pts',(10.638266790004,-13.1044402961633,13.850993102687));
#5939=CARTESIAN_POINT('Ctrl Pts',(3.15133798400687,-16.5821634499713,13.7723555547809));
#5940=CARTESIAN_POINT('Ctrl Pts',(-5.0893997428216,-16.0933864064957,13.6937180068748));
#5941=CARTESIAN_POINT('Ctrl Pts',(-12.1127387179815,-11.7550260110694,13.6150804589688));
#5942=CARTESIAN_POINT('Ctrl Pts',(-16.2386764789107,-4.60483028832598,13.5364429110627));
#5943=CARTESIAN_POINT('Ctrl Pts',(-16.4802770933898,3.64685380788692,13.4578053631566));
#5944=CARTESIAN_POINT('Ctrl Pts',(-12.7797490140206,11.0262002026828,13.3791678152505));
#5945=CARTESIAN_POINT('Ctrl Pts',(-6.02226897911812,15.7680484561086,13.3005302673445));
#5946=CARTESIAN_POINT('Ctrl Pts',(2.17575475599656,16.7381351115559,13.2218927194384));
#5947=CARTESIAN_POINT('Ctrl Pts',(9.85333182594024,13.7044127090164,13.1432551715323));
#5948=CARTESIAN_POINT('Ctrl Pts',(15.1739641733517,7.39255619097144,13.0646176236262));
#5949=CARTESIAN_POINT('Ctrl Pts',(16.8649415563428,-0.687620587446487,12.9859800757202));
#5950=CARTESIAN_POINT('Ctrl Pts',(14.5217774226046,-8.60331658487459,12.9073425278141));
#5951=CARTESIAN_POINT('Ctrl Pts',(8.70496323199287,-14.4610750257154,12.828704979908));
#5952=CARTESIAN_POINT('Ctrl Pts',(0.805897320586559,-16.8597035941682,12.7500674320019));
#5953=CARTESIAN_POINT('Ctrl Pts',(-7.28594149940333,-15.2254435807662,12.6714298840958));
#5954=CARTESIAN_POINT('Ctrl Pts',(-13.6349625937314,-9.9492145845705,12.5927923361898));
#5955=CARTESIAN_POINT('Ctrl Pts',(-16.7224622352275,-2.29310543825851,12.5141547882837));
#5956=CARTESIAN_POINT('Ctrl Pts',(-15.8099018158766,5.91152098362816,12.4355172403776));
#5957=CARTESIAN_POINT('Ctrl Pts',(-11.1155683550974,12.7020949441131,12.3568796924715));
#5958=CARTESIAN_POINT('Ctrl Pts',(-3.76235964294762,16.454292008855,12.2782421445655));
#5959=CARTESIAN_POINT('Ctrl Pts',(4.49081609894218,16.2705761093105,12.1996045966594));
#5960=CARTESIAN_POINT('Ctrl Pts',(11.6697759684063,12.1948925349185,12.1209670487533));
#5961=CARTESIAN_POINT('Ctrl Pts',(16.0572925883605,5.20215641322106,12.0423295008472));
#5962=CARTESIAN_POINT('Ctrl Pts',(16.6038595458245,-3.03495035075573,11.9636919529412));
#5963=CARTESIAN_POINT('Ctrl Pts',(13.1787366427554,-10.5460880985021,11.8850544050351));
#5964=CARTESIAN_POINT('Ctrl Pts',(6.60122261755981,-15.5345725431097,11.806416857129));
#5965=CARTESIAN_POINT('Ctrl Pts',(-1.55532205570408,-16.8071421816675,11.7277793092229));
#5966=CARTESIAN_POINT('Ctrl Pts',(-9.33983007692583,-14.059398611686,11.6491417613169));
#5967=CARTESIAN_POINT('Ctrl Pts',(-14.8902229551155,-7.94860237058237,11.5705042134108));
#5968=CARTESIAN_POINT('Ctrl Pts',(-16.878835454276,0.0635123631046544,11.4918666655047));
#5969=CARTESIAN_POINT('Ctrl Pts',(-14.8299773650788,8.06045338410262,11.4132291175986));
#5970=CARTESIAN_POINT('Ctrl Pts',(-9.23375783473007,14.1292750511319,11.3345915696925));
#5971=CARTESIAN_POINT('Ctrl Pts',(-1.42877621640821,16.8184047151545,11.2559540217865));
#5972=CARTESIAN_POINT('Ctrl Pts',(6.71793146560484,15.4843877766505,11.1773164738804));
#5973=CARTESIAN_POINT('Ctrl Pts',(13.2577711827944,10.4467277543388,11.0986789259743));
#5974=CARTESIAN_POINT('Ctrl Pts',(16.6261587787039,2.90966290622559,11.0200413780682));
#5975=CARTESIAN_POINT('Ctrl Pts',(16.0178263207699,-5.32238545382171,10.9414038301622));
#5976=CARTESIAN_POINT('Ctrl Pts',(11.5773851821729,-12.2833691523629,10.8627662822561));
#5977=CARTESIAN_POINT('Ctrl Pts',(6.77169812185267,-14.9619298319411,10.8103412503187));
#5978=CARTESIAN_POINT('Ctrl Pts',(4.19373965015989,-15.6526307640817,10.78412873435));
#5979=CARTESIAN_POINT('Ctrl Pts',(12.2634893177187,10.8762594432414,22.21587126565));
#5980=CARTESIAN_POINT('Ctrl Pts',(14.0547885309074,8.85648611212359,22.1896587496813));
#5981=CARTESIAN_POINT('Ctrl Pts',(16.6188227350814,3.91710422335525,22.137233717744));
#5982=CARTESIAN_POINT('Ctrl Pts',(16.4879177825437,-4.43380818329664,22.0585961698378));
#5983=CARTESIAN_POINT('Ctrl Pts',(12.4137011636852,-11.7220639282868,21.9799586219318));
#5984=CARTESIAN_POINT('Ctrl Pts',(5.36978260248781,-16.2073960778151,21.9013210740257));
#5985=CARTESIAN_POINT('Ctrl Pts',(-2.95844594635465,-16.8153491626647,21.8226835261197));
#5986=CARTESIAN_POINT('Ctrl Pts',(-10.5790865111994,-13.4012926620593,21.7440459782135));
#5987=CARTESIAN_POINT('Ctrl Pts',(-15.6691383393737,-6.78147072974262,21.6654084303075));
#5988=CARTESIAN_POINT('Ctrl Pts',(-17.0111094678018,1.46042686620613,21.5867708824014));
#5989=CARTESIAN_POINT('Ctrl Pts',(-14.2839643366842,9.3530228851873,21.5081333344954));
#5990=CARTESIAN_POINT('Ctrl Pts',(-8.14006034988658,15.0083306403155,21.4294957865892));
#5991=CARTESIAN_POINT('Ctrl Pts',(-0.0490281007691009,17.0736131345679,
21.3508582386832));
#5992=CARTESIAN_POINT('Ctrl Pts',(8.05373031536971,15.054834295268,21.2722206907771));
#5993=CARTESIAN_POINT('Ctrl Pts',(14.2300145263769,9.43489925954771,21.193583142871));
#5994=CARTESIAN_POINT('Ctrl Pts',(17.0024387919376,1.55810842981499,21.1149455949649));
#5995=CARTESIAN_POINT('Ctrl Pts',(15.7078320179927,-6.69138564549681,21.0363080470589));
#5996=CARTESIAN_POINT('Ctrl Pts',(10.6558674831352,-13.3402817788078,20.9576704991528));
#5997=CARTESIAN_POINT('Ctrl Pts',(3.05498949014916,-16.7981447609844,20.8790329512467));
#5998=CARTESIAN_POINT('Ctrl Pts',(-5.27665062025062,-16.2378443004294,20.8003954033406));
#5999=CARTESIAN_POINT('Ctrl Pts',(-12.3461010275224,-11.7934057053244,20.7217578554346));
#6000=CARTESIAN_POINT('Ctrl Pts',(-16.4623293062256,-4.52795127640096,20.6431203075285));
#6001=CARTESIAN_POINT('Ctrl Pts',(-16.640722048551,3.82060186240454,20.5644827596224));
#6002=CARTESIAN_POINT('Ctrl Pts',(-12.8386072138314,11.2552562693596,20.4858452117163));
#6003=CARTESIAN_POINT('Ctrl Pts',(-5.96546137542703,15.9976216820351,20.4072076638103));
#6004=CARTESIAN_POINT('Ctrl Pts',(2.33463962388934,16.9133109328396,20.3285701159042));
#6005=CARTESIAN_POINT('Ctrl Pts',(10.0762882504311,13.7832885767341,20.2499325679981));
#6006=CARTESIAN_POINT('Ctrl Pts',(15.4076603496636,7.3562647749915,20.171295020092));
#6007=CARTESIAN_POINT('Ctrl Pts',(17.0534767010077,-0.830398278013095,20.0926574721859));
#6008=CARTESIAN_POINT('Ctrl Pts',(14.6200533980332,-8.81842772440102,20.0140199242799));
#6009=CARTESIAN_POINT('Ctrl Pts',(8.68947214807246,-14.6970644238701,19.9353823763738));
#6010=CARTESIAN_POINT('Ctrl Pts',(0.680344688278085,-17.0601219221012,19.8567448284677));
#6011=CARTESIAN_POINT('Ctrl Pts',(-7.49152313699009,-15.3423502104329,19.7781072805617));
#6012=CARTESIAN_POINT('Ctrl Pts',(-13.87139752965,-9.95464512005056,19.6994697326556));
#6013=CARTESIAN_POINT('Ctrl Pts',(-16.9331945674473,-2.18576088185861,19.6208321847495));
#6014=CARTESIAN_POINT('Ctrl Pts',(-15.9445237760585,6.105963514991,19.5421946368434));
#6015=CARTESIAN_POINT('Ctrl Pts',(-11.1418779931588,12.93712424294,19.4635570889373));
#6016=CARTESIAN_POINT('Ctrl Pts',(-3.6740636156237,16.6736884173852,19.3849195410313));
#6017=CARTESIAN_POINT('Ctrl Pts',(4.67259712596835,16.4218593645815,19.3062819931252));
#6018=CARTESIAN_POINT('Ctrl Pts',(11.9015594756769,12.2418753031805,19.2276444452191));
#6019=CARTESIAN_POINT('Ctrl Pts',(16.2836352806543,5.13360019268425,19.149006897313));
#6020=CARTESIAN_POINT('Ctrl Pts',(16.7706196671881,-3.20264654156869,19.070369349407));
#6021=CARTESIAN_POINT('Ctrl Pts',(13.2460245985339,-10.7728112035221,18.9917318015009));
#6022=CARTESIAN_POINT('Ctrl Pts',(6.55294314136802,-15.7660890863174,18.9130942535948));
#6023=CARTESIAN_POINT('Ctrl Pts',(-1.70762077014983,-16.9880740579105,18.8344567056887));
#6024=CARTESIAN_POINT('Ctrl Pts',(-9.55971698430594,-14.1464638716419,18.7558191577827));
#6025=CARTESIAN_POINT('Ctrl Pts',(-15.125101972956,-7.92097968684316,18.6771816098766));
#6026=CARTESIAN_POINT('Ctrl Pts',(-17.0725199731204,0.199225146762062,18.5985440619705));
#6027=CARTESIAN_POINT('Ctrl Pts',(-14.9361431146815,8.27177476418756,18.5199065140644));
#6028=CARTESIAN_POINT('Ctrl Pts',(-9.22699875881778,14.3656925623679,18.4412689661583));
#6029=CARTESIAN_POINT('Ctrl Pts',(-1.31073031401314,17.0232962417866,18.3626314182523));
#6030=CARTESIAN_POINT('Ctrl Pts',(6.91906851328983,15.6088795177649,18.2839938703462));
#6031=CARTESIAN_POINT('Ctrl Pts',(13.4938066661649,10.4607748540853,18.2053563224401));
#6032=CARTESIAN_POINT('Ctrl Pts',(16.8407882621266,2.81042338481516,18.1267187745341));
#6033=CARTESIAN_POINT('Ctrl Pts',(16.1594058773766,-5.51218927304793,18.0480812266279));
#6034=CARTESIAN_POINT('Ctrl Pts',(11.612648097312,-12.5162707329177,17.9694436787219));
#6035=CARTESIAN_POINT('Ctrl Pts',(4.28811218787702,-16.526424984124,17.8908061308158));
#6036=CARTESIAN_POINT('Ctrl Pts',(-4.06215223343186,-16.5834118360524,17.8121685829097));
#6037=CARTESIAN_POINT('Ctrl Pts',(-11.4407384003371,-12.6735998732306,17.7335310350037));
#6038=CARTESIAN_POINT('Ctrl Pts',(-16.0826677215345,-5.73222712829907,17.6548934870976));
#6039=CARTESIAN_POINT('Ctrl Pts',(-16.8775776304112,2.58031048929039,17.5762559391915));
#6040=CARTESIAN_POINT('Ctrl Pts',(-13.6353234380731,10.2756305709593,17.4976183912854));
#6041=CARTESIAN_POINT('Ctrl Pts',(-7.13146147843016,15.5129908809799,17.4189808433793));
#6042=CARTESIAN_POINT('Ctrl Pts',(1.07826615106082,17.039600083311,17.3403432954733));
#6043=CARTESIAN_POINT('Ctrl Pts',(9.03006948051632,14.490288957393,17.2617057475672));
#6044=CARTESIAN_POINT('Ctrl Pts',(14.821854759009,8.4748599041246,17.1830681996611));
#6045=CARTESIAN_POINT('Ctrl Pts',(17.068210636622,0.432220494193102,17.1044306517551));
#6046=CARTESIAN_POINT('Ctrl Pts',(15.2318024610584,-7.71380727520429,17.025793103849));
#6047=CARTESIAN_POINT('Ctrl Pts',(9.75190423975637,-14.0146706201152,16.9471555559429));
#6048=CARTESIAN_POINT('Ctrl Pts',(1.939323060191,-16.963185283428,16.8685180080368));
#6049=CARTESIAN_POINT('Ctrl Pts',(-6.33714965705296,-15.8540582538293,16.7898804601307));
#6050=CARTESIAN_POINT('Ctrl Pts',(-13.0977583291285,-10.9525958404135,16.7112429122247));
#6051=CARTESIAN_POINT('Ctrl Pts',(-16.7253463218937,-3.43124165637086,16.6326053643186));
#6052=CARTESIAN_POINT('Ctrl Pts',(-16.3521843711679,4.91087519522027,16.5539678164125));
#6053=CARTESIAN_POINT('Ctrl Pts',(-12.0675338664941,12.0782968697046,16.4753302685064));
#6054=CARTESIAN_POINT('Ctrl Pts',(-4.89629527537484,16.356555917064,16.3966927206004));
#6055=CARTESIAN_POINT('Ctrl Pts',(3.44615093496295,16.7222807243854,16.3180551726943));
#6056=CARTESIAN_POINT('Ctrl Pts',(10.9642681363243,13.0879888877735,16.2394176247882));
#6057=CARTESIAN_POINT('Ctrl Pts',(15.8597015210044,6.32301324973682,16.1607800768821));
#6058=CARTESIAN_POINT('Ctrl Pts',(16.9614496364663,-1.95444496502611,16.082142528976));
#6059=CARTESIAN_POINT('Ctrl Pts',(14.0059712306578,-9.76439443988637,16.00350498107));
#6060=CARTESIAN_POINT('Ctrl Pts',(7.70022506170943,-15.2386732654362,15.9248674331639));
#6061=CARTESIAN_POINT('Ctrl Pts',(-0.447436628006101,-17.0678185294904,
15.8462298852578));
#6062=CARTESIAN_POINT('Ctrl Pts',(-8.48807021619478,-14.8142935334981,15.7675923373517));
#6063=CARTESIAN_POINT('Ctrl Pts',(-14.4983335038692,-9.01714780306289,15.6889547894457));
#6064=CARTESIAN_POINT('Ctrl Pts',(-17.0405545860204,-1.06307492330276,15.6103172415396));
#6065=CARTESIAN_POINT('Ctrl Pts',(-15.5066270201862,7.14528847203033,15.5316796936335));
#6066=CARTESIAN_POINT('Ctrl Pts',(-10.2634706000867,13.6444787417055,15.4530421457275));
#6067=CARTESIAN_POINT('Ctrl Pts',(-2.56526310761772,16.879871269663,15.3744045978213));
#6068=CARTESIAN_POINT('Ctrl Pts',(5.74656254469812,16.0775510514372,15.2957670499153));
#6069=CARTESIAN_POINT('Ctrl Pts',(12.6837942523808,11.429435342788,15.2171295020092));
#6070=CARTESIAN_POINT('Ctrl Pts',(16.5870266537508,4.04736651162924,15.1384919541031));
#6071=CARTESIAN_POINT('Ctrl Pts',(16.5225955657968,-4.3028437876372,15.059854406197));
#6072=CARTESIAN_POINT('Ctrl Pts',(12.5059130862136,-11.6238017348787,14.981216858291));
#6073=CARTESIAN_POINT('Ctrl Pts',(5.49778097622841,-16.1643135712321,14.9025793103849));
#6074=CARTESIAN_POINT('Ctrl Pts',(-2.8254358265729,-16.8382760780792,14.8239417624788));
#6075=CARTESIAN_POINT('Ctrl Pts',(-10.4728004224336,-13.4844755257137,14.7453042145727));
#6076=CARTESIAN_POINT('Ctrl Pts',(-15.6150416628874,-6.90515045151,14.6666666666667));
#6077=CARTESIAN_POINT('Ctrl Pts',(-17.0221209612157,1.32590605754678,14.5880291187606));
#6078=CARTESIAN_POINT('Ctrl Pts',(-14.3574609865261,9.2398021035128,14.5093915708545));
#6079=CARTESIAN_POINT('Ctrl Pts',(-8.25845590919858,14.943511464429,14.4307540229484));
#6080=CARTESIAN_POINT('Ctrl Pts',(-0.184004920248971,17.0726907979095,14.3521164750424));
#6081=CARTESIAN_POINT('Ctrl Pts',(7.93446056383399,15.1180344110159,14.2734789271363));
#6082=CARTESIAN_POINT('Ctrl Pts',(14.1549807353683,9.54710161635714,14.1948413792302));
#6083=CARTESIAN_POINT('Ctrl Pts',(16.9895896505832,1.69247522773404,14.1162038313241));
#6084=CARTESIAN_POINT('Ctrl Pts',(15.7602408739008,-6.5669960018508,14.0375662834181));
#6085=CARTESIAN_POINT('Ctrl Pts',(10.7609980948965,-13.2556232932794,13.958928735512));
#6086=CARTESIAN_POINT('Ctrl Pts',(3.1876942655863,-16.7734681613805,13.8802911876059));
#6087=CARTESIAN_POINT('Ctrl Pts',(-5.14811500949858,-16.2790522064607,13.8016536396998));
#6088=CARTESIAN_POINT('Ctrl Pts',(-12.252480675767,-11.8906411173515,13.7230160917938));
#6089=CARTESIAN_POINT('Ctrl Pts',(-16.4260184579497,-4.65795518557199,13.6443785438877));
#6090=CARTESIAN_POINT('Ctrl Pts',(-16.6704063646882,3.68892674471292,13.5657409959816));
#6091=CARTESIAN_POINT('Ctrl Pts',(-12.9271861204262,11.1534070086028,13.4871034480755));
#6092=CARTESIAN_POINT('Ctrl Pts',(-6.09174654955425,15.9499609048963,13.4084659001694));
#6093=CARTESIAN_POINT('Ctrl Pts',(2.2008559520467,16.9312392331444,13.3298283522634));
#6094=CARTESIAN_POINT('Ctrl Pts',(9.9670075116894,13.8625174536862,13.2511908043573));
#6095=CARTESIAN_POINT('Ctrl Pts',(15.3490228046259,7.47784245852975,13.1725532564512));
#6096=CARTESIAN_POINT('Ctrl Pts',(17.0595086155267,-0.695553512389439,13.0939157085451));
#6097=CARTESIAN_POINT('Ctrl Pts',(14.6893119211856,-8.7025711243318,13.0152781606391));
#6098=CARTESIAN_POINT('Ctrl Pts',(8.80539044608637,-14.6279092143186,12.936640612733));
#6099=CARTESIAN_POINT('Ctrl Pts',(0.815194777749229,-17.0542102241539,12.8580030648269));
#6100=CARTESIAN_POINT('Ctrl Pts',(-7.36999777710756,-15.4010961184513,12.7793655169208));
#6101=CARTESIAN_POINT('Ctrl Pts',(-13.7922661079524,-10.0639964482635,12.7007279690148));
#6102=CARTESIAN_POINT('Ctrl Pts',(-16.9153855423467,-2.31956048288646,12.6220904211087));
#6103=CARTESIAN_POINT('Ctrl Pts',(-15.9922971175161,5.97972087920717,12.5434528732026));
#6104=CARTESIAN_POINT('Ctrl Pts',(-11.2438061814062,12.8486361728802,12.4648153252965));
#6105=CARTESIAN_POINT('Ctrl Pts',(-3.80576514476185,16.6441214960442,12.3861777773905));
#6106=CARTESIAN_POINT('Ctrl Pts',(4.54262563998258,16.4582861072516,12.3075402294844));
#6107=CARTESIAN_POINT('Ctrl Pts',(11.8044075640108,12.3355822829177,12.2289026815783));
#6108=CARTESIAN_POINT('Ctrl Pts',(16.2425419820176,5.26217252838837,12.1502651336722));
#6109=CARTESIAN_POINT('Ctrl Pts',(16.7954145602396,-3.0699638942384,12.0716275857662));
#6110=CARTESIAN_POINT('Ctrl Pts',(13.3307767802072,-10.6677559584449,11.9929900378601));
#6111=CARTESIAN_POINT('Ctrl Pts',(6.67737944664968,-15.713791432502,11.914352489954));
#6112=CARTESIAN_POINT('Ctrl Pts',(-1.57326545843994,-17.0010424223917,11.8357149420479));
#6113=CARTESIAN_POINT('Ctrl Pts',(-9.44758160783238,-14.2215987493285,11.7570773941419));
#6114=CARTESIAN_POINT('Ctrl Pts',(-15.0620081274086,-8.04030361856478,11.6784398462358));
#6115=CARTESIAN_POINT('Ctrl Pts',(-17.0735628042533,0.06424509103436,11.5998022983297));
#6116=CARTESIAN_POINT('Ctrl Pts',(-15.0010674974726,8.15344503221446,11.5211647504236));
#6117=CARTESIAN_POINT('Ctrl Pts',(-9.34028563389962,14.2922813376296,11.4425272025175));
#6118=CARTESIAN_POINT('Ctrl Pts',(-1.4452596880959,17.0124348892089,11.3638896546115));
#6119=CARTESIAN_POINT('Ctrl Pts',(6.7954347385747,15.663027695615,11.2852521067054));
#6120=CARTESIAN_POINT('Ctrl Pts',(13.4107231240598,10.5672493162112,11.2066145587993));
#6121=CARTESIAN_POINT('Ctrl Pts',(16.8179710543819,2.94323103647909,11.1279770108932));
#6122=CARTESIAN_POINT('Ctrl Pts',(16.2026204009237,-5.38378862454328,11.0493394629872));
#6123=CARTESIAN_POINT('Ctrl Pts',(11.7109508859383,-12.4250796353113,10.9707019150811));
#6124=CARTESIAN_POINT('Ctrl Pts',(6.8498216887117,-15.1345422704362,10.9182768831437));
#6125=CARTESIAN_POINT('Ctrl Pts',(4.24212188664668,-15.8332116647676,10.892064367175));
#6126=CARTESIAN_POINT('Ctrl Pts',(12.4033568312361,11.0003053265365,22.323806898475));
#6127=CARTESIAN_POINT('Ctrl Pts',(14.2150861651208,8.95749608236219,22.2975943825063));
#6128=CARTESIAN_POINT('Ctrl Pts',(16.808363684914,3.96177956931227,22.245169350569));
#6129=CARTESIAN_POINT('Ctrl Pts',(16.6759657355836,-4.48437663978927,22.1665318026628));
#6130=CARTESIAN_POINT('Ctrl Pts',(12.5552818729214,-11.8557563784912,22.0878942547568));
#6131=CARTESIAN_POINT('Ctrl Pts',(5.43102603176644,-16.3922446255054,22.0092567068507));
#6132=CARTESIAN_POINT('Ctrl Pts',(-2.99218760565503,-17.0071315351507,21.9306191589446));
#6133=CARTESIAN_POINT('Ctrl Pts',(-10.6997430786144,-13.5541370470463,21.8519816110386));
#6134=CARTESIAN_POINT('Ctrl Pts',(-15.8478479514351,-6.85881474043864,21.7733440631325));
#6135=CARTESIAN_POINT('Ctrl Pts',(-17.2051245251636,1.4770833225505,21.6947065152264));
#6136=CARTESIAN_POINT('Ctrl Pts',(-14.4468757661463,9.45969595521904,21.6160689673203));
#6137=CARTESIAN_POINT('Ctrl Pts',(-8.23289934305759,15.1795036102854,21.5374314194143));
#6138=CARTESIAN_POINT('Ctrl Pts',(-0.049587275924667,17.2683410585723,21.4587938715082));
#6139=CARTESIAN_POINT('Ctrl Pts',(8.14558469747635,15.2265376485912,21.3801563236021));
#6140=CARTESIAN_POINT('Ctrl Pts',(14.3923106476159,9.54250614577162,21.301518775696));
#6141=CARTESIAN_POINT('Ctrl Pts',(17.1963549585318,1.57587896365107,21.2228812277899));
#6142=CARTESIAN_POINT('Ctrl Pts',(15.8869829390875,-6.76770221804599,21.1442436798839));
#6143=CARTESIAN_POINT('Ctrl Pts',(10.7773997526732,-13.4924303226424,21.0656061319778));
#6144=CARTESIAN_POINT('Ctrl Pts',(3.08983224760087,-16.9897309138772,20.9869685840717));
#6145=CARTESIAN_POINT('Ctrl Pts',(-5.3368318609101,-16.4230401161017,20.9083310361657));
#6146=CARTESIAN_POINT('Ctrl Pts',(-12.4869107438777,-11.9279118225615,20.8296934882595));
#6147=CARTESIAN_POINT('Ctrl Pts',(-16.6500854176481,-4.57959345343153,20.7510559403535));
#6148=CARTESIAN_POINT('Ctrl Pts',(-16.8305127643713,3.86417657990868,20.6724183924474));
#6149=CARTESIAN_POINT('Ctrl Pts',(-12.9850340603432,11.3836246861789,20.5937808445413));
#6150=CARTESIAN_POINT('Ctrl Pts',(-6.03349863855405,16.1800777113828,20.5151432966353));
#6151=CARTESIAN_POINT('Ctrl Pts',(2.36126664909339,17.1062105786284,20.4365057487292));
#6152=CARTESIAN_POINT('Ctrl Pts',(10.1912103045512,13.9404897004417,20.3578682008231));
#6153=CARTESIAN_POINT('Ctrl Pts',(15.5833877536997,7.44016442509901,20.2792306529171));
#6154=CARTESIAN_POINT('Ctrl Pts',(17.2479749650174,-0.839869134093765,20.2005931050109));
#6155=CARTESIAN_POINT('Ctrl Pts',(14.7867979895028,-8.91900363122409,20.1219555571049));
#6156=CARTESIAN_POINT('Ctrl Pts',(8.78857729112287,-14.8646873412728,20.0433180091988));
#6157=CARTESIAN_POINT('Ctrl Pts',(0.6881041535835,-17.2546959761676,19.9646804612927));
#6158=CARTESIAN_POINT('Ctrl Pts',(-7.57696543538349,-15.5173327394547,19.8860429133866));
#6159=CARTESIAN_POINT('Ctrl Pts',(-14.029603553337,-10.0681798102857,19.8074053654806));
#6160=CARTESIAN_POINT('Ctrl Pts',(-17.126320990009,-2.21068991565714,19.7287678175745));
#6161=CARTESIAN_POINT('Ctrl Pts',(-16.1263742133198,6.17560323272092,19.6501302696684));
#6162=CARTESIAN_POINT('Ctrl Pts',(-11.2689533083846,13.0846746955922,19.5714927217624));
#6163=CARTESIAN_POINT('Ctrl Pts',(-3.71596703553206,16.8638551211417,19.4928551738562));
#6164=CARTESIAN_POINT('Ctrl Pts',(4.72588901743138,16.6091539083405,19.4142176259502));
#6165=CARTESIAN_POINT('Ctrl Pts',(12.0372991079884,12.3814963046008,19.3355800780441));
#6166=CARTESIAN_POINT('Ctrl Pts',(16.4693533514842,5.19214991501374,19.256942530138));
#6167=CARTESIAN_POINT('Ctrl Pts',(16.9618918909594,-3.23917335680366,19.178304982232));
#6168=CARTESIAN_POINT('Ctrl Pts',(13.397098120644,-10.8956772392476,19.0996674343259));
#6169=CARTESIAN_POINT('Ctrl Pts',(6.6276807498625,-15.9459044407623,19.0210298864198));
#6170=CARTESIAN_POINT('Ctrl Pts',(-1.72709652170501,-17.1818263918809,18.9423923385137));
#6171=CARTESIAN_POINT('Ctrl Pts',(-9.66874744128958,-14.3078070811909,18.8637547906076));
#6172=CARTESIAN_POINT('Ctrl Pts',(-15.2976067429971,-8.01132002185858,18.7851172427016));
#6173=CARTESIAN_POINT('Ctrl Pts',(-17.267235429403,0.201497348839775,18.7064796947955));
#6174=CARTESIAN_POINT('Ctrl Pts',(-15.1064927716892,8.36611598622226,18.6278421468894));
#6175=CARTESIAN_POINT('Ctrl Pts',(-9.33223449884157,14.5295361183574,18.5492045989833));
#6176=CARTESIAN_POINT('Ctrl Pts',(-1.32567945166583,17.2174502917085,18.4705670510773));
#6177=CARTESIAN_POINT('Ctrl Pts',(6.99798185383575,15.7869018660853,18.3919295031712));
#6178=CARTESIAN_POINT('Ctrl Pts',(13.6477061916086,10.5800820537248,18.3132919552651));
#6179=CARTESIAN_POINT('Ctrl Pts',(17.0328607725575,2.84247681761729,18.234654407359));
#6180=CARTESIAN_POINT('Ctrl Pts',(16.3437070873692,-5.57505687848094,18.156016859453));
#6181=CARTESIAN_POINT('Ctrl Pts',(11.7450926383919,-12.6590212683135,18.0773793115469));
#6182=CARTESIAN_POINT('Ctrl Pts',(4.33701895281672,-16.71491211939,17.9987417636408));
#6183=CARTESIAN_POINT('Ctrl Pts',(-4.10848188054124,-16.7725489176,17.9201042157347));
#6184=CARTESIAN_POINT('Ctrl Pts',(-11.5712222774296,-12.8181447784903,17.8414666678287));
#6185=CARTESIAN_POINT('Ctrl Pts',(-16.2660937177303,-5.79760430885353,17.7628291199226));
#6186=CARTESIAN_POINT('Ctrl Pts',(-17.0700697308407,2.6097394391504,17.6841915720165));
#6187=CARTESIAN_POINT('Ctrl Pts',(-13.7908369902016,10.392826163547,17.6055540241104));
#6188=CARTESIAN_POINT('Ctrl Pts',(-7.21279720261853,15.6899196004925,17.5269164762044));
#6189=CARTESIAN_POINT('Ctrl Pts',(1.09056398910279,17.2339400817599,17.4482789282983));
#6190=CARTESIAN_POINT('Ctrl Pts',(9.13305920329485,14.6555535598329,17.3696413803922));
#6191=CARTESIAN_POINT('Ctrl Pts',(14.9909009347874,8.57151735222021,17.2910038324861));
#6192=CARTESIAN_POINT('Ctrl Pts',(17.2628769440722,0.437150054145224,17.21236628458));
#6193=CARTESIAN_POINT('Ctrl Pts',(15.4055241712032,-7.80178476801919,17.133728736674));
#6194=CARTESIAN_POINT('Ctrl Pts',(9.86312663027976,-14.1745107016463,17.0550911887679));
#6195=CARTESIAN_POINT('Ctrl Pts',(1.96144142204613,-17.1566537560185,16.9764536408618));
#6196=CARTESIAN_POINT('Ctrl Pts',(-6.40942609831335,-16.0348769139735,16.8978160929557));
#6197=CARTESIAN_POINT('Ctrl Pts',(-13.2471408452041,-11.0775123553687,16.8191785450497));
#6198=CARTESIAN_POINT('Ctrl Pts',(-16.9161021942359,-3.47037564395957,16.7405409971436));
#6199=CARTESIAN_POINT('Ctrl Pts',(-16.5386842578901,4.96688469504161,16.6619034492375));
#6200=CARTESIAN_POINT('Ctrl Pts',(-12.205166469456,12.2160522268402,16.5832659013314));
#6201=CARTESIAN_POINT('Ctrl Pts',(-4.95213848833578,16.543105662129,16.5046283534254));
#6202=CARTESIAN_POINT('Ctrl Pts',(3.48545496581348,16.9130016329836,16.4259908055193));
#6203=CARTESIAN_POINT('Ctrl Pts',(11.0893177761156,13.2372599814443,16.3473532576132));
#6204=CARTESIAN_POINT('Ctrl Pts',(16.0405845437234,6.39512846248468,16.2687157097071));
#6205=CARTESIAN_POINT('Ctrl Pts',(17.1548983136609,-1.97673579518731,16.190078161801));
#6206=CARTESIAN_POINT('Ctrl Pts',(14.1657120939371,-9.87575928360476,16.111440613895));
#6207=CARTESIAN_POINT('Ctrl Pts',(7.78804764670159,-15.4124733384595,16.0328030659889));
#6208=CARTESIAN_POINT('Ctrl Pts',(-0.452539730964357,-17.2624803648815,
15.9541655180828));
#6209=CARTESIAN_POINT('Ctrl Pts',(-8.58487833050406,-14.9832534720087,15.8755279701767));
#6210=CARTESIAN_POINT('Ctrl Pts',(-14.6636898559477,-9.11999015156245,15.7968904222707));
#6211=CARTESIAN_POINT('Ctrl Pts',(-17.234905470761,-1.07519950239707,15.7182528743646));
#6212=CARTESIAN_POINT('Ctrl Pts',(-15.6834831586118,7.2267818958068,15.6396153264585));
#6213=CARTESIAN_POINT('Ctrl Pts',(-10.3805275058093,13.800096711877,15.5609777785525));
#6214=CARTESIAN_POINT('Ctrl Pts',(-2.59452043912303,17.0723895295003,15.4823402306464));
#6215=CARTESIAN_POINT('Ctrl Pts',(5.81210322350296,16.2609186910017,15.4037026827403));
#6216=CARTESIAN_POINT('Ctrl Pts',(12.8284554265446,11.5597903062806,15.3250651348342));
#6217=CARTESIAN_POINT('Ctrl Pts',(16.776204963007,4.0935275246663,15.2464275869281));
#6218=CARTESIAN_POINT('Ctrl Pts',(16.7110390257918,-4.35191856937661,15.1677900390221));
#6219=CARTESIAN_POINT('Ctrl Pts',(12.6485454906065,-11.7563734853941,15.089152491116));
#6220=CARTESIAN_POINT('Ctrl Pts',(5.5604842521955,-16.3486707544408,15.0105149432099));
#6221=CARTESIAN_POINT('Ctrl Pts',(-2.85766047923312,-17.0303199365558,14.9318773953038));
#6222=CARTESIAN_POINT('Ctrl Pts',(-10.5922447760511,-13.6382686276609,14.8532398473978));
#6223=CARTESIAN_POINT('Ctrl Pts',(-15.7931342916878,-6.98390505381727,14.7746022994917));
#6224=CARTESIAN_POINT('Ctrl Pts',(-17.2162616068309,1.3410282775465,14.6959647515856));
#6225=CARTESIAN_POINT('Ctrl Pts',(-14.5212106597701,9.34518386820712,14.6173272036795));
#6226=CARTESIAN_POINT('Ctrl Pts',(-8.3526452270662,15.1139451589183,14.5386896557734));
#6227=CARTESIAN_POINT('Ctrl Pts',(-0.186103532642511,17.2674082024825,14.4600521078674));
#6228=CARTESIAN_POINT('Ctrl Pts',(8.02495465090934,15.2904585741197,14.3814145599613));
#6229=CARTESIAN_POINT('Ctrl Pts',(14.3164210814273,9.65598819258211,14.3027770120552));
#6230=CARTESIAN_POINT('Ctrl Pts',(17.1833592701869,1.7117782413919,14.2241394641491));
#6231=CARTESIAN_POINT('Ctrl Pts',(15.9399895283301,-6.64189388598972,14.1455019162431));
#6232=CARTESIAN_POINT('Ctrl Pts',(10.883729399789,-13.4068062903956,14.066864368337));
#6233=CARTESIAN_POINT('Ctrl Pts',(3.22405054716572,-16.9647728727897,13.9882268204309));
#6234=CARTESIAN_POINT('Ctrl Pts',(-5.20683027617556,-16.4647180064259,13.9095892725248));
#6235=CARTESIAN_POINT('Ctrl Pts',(-12.3922226335525,-12.0262562236336,13.8309517246188));
#6236=CARTESIAN_POINT('Ctrl Pts',(-16.6133604369886,-4.71108008281802,13.7523141767127));
#6237=CARTESIAN_POINT('Ctrl Pts',(-16.8605356359867,3.73099968153893,13.6736766288066));
#6238=CARTESIAN_POINT('Ctrl Pts',(-13.0746232268318,11.2806138145228,13.5950390809005));
#6239=CARTESIAN_POINT('Ctrl Pts',(-6.16122411999036,16.1318733536839,13.5164015329945));
#6240=CARTESIAN_POINT('Ctrl Pts',(2.22595714809683,17.1243433547329,13.4377639850884));
#6241=CARTESIAN_POINT('Ctrl Pts',(10.0806831974386,14.020622198356,13.3591264371823));
#6242=CARTESIAN_POINT('Ctrl Pts',(15.5240814359,7.56312872608806,13.2804888892762));
#6243=CARTESIAN_POINT('Ctrl Pts',(17.2540756747107,-0.703486437332402,13.2018513413702));
#6244=CARTESIAN_POINT('Ctrl Pts',(14.8568464197667,-8.80182566378901,13.1232137934641));
#6245=CARTESIAN_POINT('Ctrl Pts',(8.90581766017988,-14.7947434029217,13.044576245558));
#6246=CARTESIAN_POINT('Ctrl Pts',(0.824492234911873,-17.2487168541396,12.9659386976519));
#6247=CARTESIAN_POINT('Ctrl Pts',(-7.45405405481176,-15.5767486561363,12.8873011497458));
#6248=CARTESIAN_POINT('Ctrl Pts',(-13.9495696221735,-10.1787783119564,12.8086636018398));
#6249=CARTESIAN_POINT('Ctrl Pts',(-17.108308849466,-2.3460155275144,12.7300260539337));
#6250=CARTESIAN_POINT('Ctrl Pts',(-16.1746924191557,6.0479207747862,12.6513885060276));
#6251=CARTESIAN_POINT('Ctrl Pts',(-11.3720440077149,12.9951774016473,12.5727509581215));
#6252=CARTESIAN_POINT('Ctrl Pts',(-3.84917064657609,16.8339509832335,12.4941134102155));
#6253=CARTESIAN_POINT('Ctrl Pts',(4.59443518102298,16.6459961051927,12.4154758623094));
#6254=CARTESIAN_POINT('Ctrl Pts',(11.9390391596154,12.4762720309169,12.3368383144033));
#6255=CARTESIAN_POINT('Ctrl Pts',(16.4277913756746,5.32218864355567,12.2582007664972));
#6256=CARTESIAN_POINT('Ctrl Pts',(16.9869695746547,-3.10497743772108,12.1795632185912));
#6257=CARTESIAN_POINT('Ctrl Pts',(13.4828169176588,-10.7894238183877,12.1009256706851));
#6258=CARTESIAN_POINT('Ctrl Pts',(6.75353627573958,-15.8930103218942,12.022288122779));
#6259=CARTESIAN_POINT('Ctrl Pts',(-1.59120886117582,-17.1949426631158,11.9436505748729));
#6260=CARTESIAN_POINT('Ctrl Pts',(-9.55533313873891,-14.383798886971,11.8650130269668));
#6261=CARTESIAN_POINT('Ctrl Pts',(-15.2337932997018,-8.13200486654717,11.7863754790608));
#6262=CARTESIAN_POINT('Ctrl Pts',(-17.2682901542305,0.064977818964059,11.7077379311547));
#6263=CARTESIAN_POINT('Ctrl Pts',(-15.1721576298664,8.2464366803263,11.6291003832486));
#6264=CARTESIAN_POINT('Ctrl Pts',(-9.44681343306916,14.4552876241273,11.5504628353425));
#6265=CARTESIAN_POINT('Ctrl Pts',(-1.46174315978359,17.2064650632632,11.4718252874365));
#6266=CARTESIAN_POINT('Ctrl Pts',(6.87293801154458,15.8416676145796,11.3931877395304));
#6267=CARTESIAN_POINT('Ctrl Pts',(13.5636750653252,10.6877708780836,11.3145501916243));
#6268=CARTESIAN_POINT('Ctrl Pts',(17.0097833300599,2.97679916673259,11.2359126437182));
#6269=CARTESIAN_POINT('Ctrl Pts',(16.3874144810775,-5.44519179526487,11.1572750958122));
#6270=CARTESIAN_POINT('Ctrl Pts',(11.8445165897037,-12.5667901182597,11.0786375479061));
#6271=CARTESIAN_POINT('Ctrl Pts',(6.92794525557072,-15.3071547089313,11.0262125159687));
#6272=CARTESIAN_POINT('Ctrl Pts',(4.29050412313346,-16.0137925654535,11.));
#6273=CARTESIAN_POINT('Ctrl Pts',(4.29050412313346,-16.0137925654535,11.));
#6274=CARTESIAN_POINT('Ctrl Pts',(4.63875544160217,-15.9142530647612,11.));
#6275=CARTESIAN_POINT('Ctrl Pts',(4.98332092211821,-15.8031914547905,11.));
#6276=CARTESIAN_POINT('Ctrl Pts',(5.32372009650602,-15.6809736765303,11.));
#6277=CARTESIAN_POINT('Ctrl Pts',(5.66620768780883,-15.5580060677928,11.));
#6278=CARTESIAN_POINT('Ctrl Pts',(6.00447820480879,-15.4237447283041,11.));
#6279=CARTESIAN_POINT('Ctrl Pts',(6.33802589444683,-15.2785118428545,11.));
#6280=CARTESIAN_POINT('Ctrl Pts',(6.67171547082867,-15.1332171772702,11.));
#6281=CARTESIAN_POINT('Ctrl Pts',(7.00067870360966,-14.9769413361816,11.));
#6282=CARTESIAN_POINT('Ctrl Pts',(7.32438524487446,-14.8099606654634,11.));
#6283=CARTESIAN_POINT('Ctrl Pts',(7.51795216777132,-14.7101111706466,11.));
#6284=CARTESIAN_POINT('Ctrl Pts',(7.70963896960205,-14.6064331008188,11.));
#6285=CARTESIAN_POINT('Ctrl Pts',(7.89932702792877,-14.4989783011312,11.));
#6286=CARTESIAN_POINT('Ctrl Pts',(7.93747208814937,-14.4773698253988,11.));
#6287=CARTESIAN_POINT('Ctrl Pts',(7.97553342916004,-14.4556102074506,11.));
#6288=CARTESIAN_POINT('Ctrl Pts',(8.01350143551769,-14.4337050037507,11.));
#6289=CARTESIAN_POINT('Ctrl Pts',(8.32842127239286,-14.2520156332082,11.));
#6290=CARTESIAN_POINT('Ctrl Pts',(8.63709752921197,-14.0602151668512,11.));
#6291=CARTESIAN_POINT('Ctrl Pts',(8.93902890716861,-13.8586229386449,11.));
#6292=CARTESIAN_POINT('Ctrl Pts',(9.2402324474871,-13.6575166699048,11.));
#6293=CARTESIAN_POINT('Ctrl Pts',(9.53472406843886,-13.4466654721652,11.));
#6294=CARTESIAN_POINT('Ctrl Pts',(9.82197819424758,-13.2263428523913,11.));
#6295=CARTESIAN_POINT('Ctrl Pts',(10.0767639321579,-13.0309233397929,11.));
#6296=CARTESIAN_POINT('Ctrl Pts',(10.3258556575365,-12.8280517726302,11.));
#6297=CARTESIAN_POINT('Ctrl Pts',(10.5688635960397,-12.6178932050753,11.));
#6298=CARTESIAN_POINT('Ctrl Pts',(10.6903675652912,-12.5128139212979,11.));
#6299=CARTESIAN_POINT('Ctrl Pts',(10.8103502217492,-12.4059125249423,11.));
#6300=CARTESIAN_POINT('Ctrl Pts',(10.9287604740136,-12.2972075723995,11.));
#6301=CARTESIAN_POINT('Ctrl Pts',(10.9723196637982,-12.2572186392811,11.));
#6302=CARTESIAN_POINT('Ctrl Pts',(11.0156660501211,-12.2169856253634,11.));
#6303=CARTESIAN_POINT('Ctrl Pts',(11.0587970309025,-12.1765094100861,11.));
#6304=CARTESIAN_POINT('Ctrl Pts',(11.0863374363978,-12.1506641507977,11.));
#6305=CARTESIAN_POINT('Ctrl Pts',(11.1137887046797,-12.1247209260509,11.));
#6306=CARTESIAN_POINT('Ctrl Pts',(11.1411417452084,-12.098688125433,11.));
#6307=CARTESIAN_POINT('Ctrl Pts',(11.1873997167353,-12.0546628716961,11.));
#6308=CARTESIAN_POINT('Ctrl Pts',(11.2333835185132,-12.0103751125824,11.));
#6309=CARTESIAN_POINT('Ctrl Pts',(11.2790905590883,-11.9658266360041,11.));
#6310=CARTESIAN_POINT('Ctrl Pts',(11.5350037221374,-11.716400258651,11.));
#6311=CARTESIAN_POINT('Ctrl Pts',(11.7822433736311,-11.4588042496197,11.));
#6312=CARTESIAN_POINT('Ctrl Pts',(12.0205907378632,-11.1936079733532,11.));
#6313=CARTESIAN_POINT('Ctrl Pts',(12.26129400899,-10.9257904063595,11.));
#6314=CARTESIAN_POINT('Ctrl Pts',(12.4929286737085,-10.650221142901,11.));
#6315=CARTESIAN_POINT('Ctrl Pts',(12.7152339445684,-10.3674461645354,11.));
#6316=CARTESIAN_POINT('Ctrl Pts',(12.9385489327922,-10.0833868135386,11.));
#6317=CARTESIAN_POINT('Ctrl Pts',(13.152449910059,-9.79205565723008,11.));
#6318=CARTESIAN_POINT('Ctrl Pts',(13.3566319522327,-9.49397258428771,11.));
#6319=CARTESIAN_POINT('Ctrl Pts',(13.5605299609223,-9.19630416864265,11.));
#6320=CARTESIAN_POINT('Ctrl Pts',(13.7547363455844,-8.89190209862954,11.));
#6321=CARTESIAN_POINT('Ctrl Pts',(13.938902540396,-8.58125820842235,11.));
#6322=CARTESIAN_POINT('Ctrl Pts',(14.0991151970124,-8.31101815181107,11.));
#6323=CARTESIAN_POINT('Ctrl Pts',(14.2517290009054,-8.03605377037527,11.));
#6324=CARTESIAN_POINT('Ctrl Pts',(14.3964841469099,-7.75667738598448,11.));
#6325=CARTESIAN_POINT('Ctrl Pts',(14.5050505064132,-7.54714509769139,11.));
#6326=CARTESIAN_POINT('Ctrl Pts',(14.609195805326,-7.33513081914526,11.));
#6327=CARTESIAN_POINT('Ctrl Pts',(14.7087991866774,-7.12076370310444,11.));
#6328=CARTESIAN_POINT('Ctrl Pts',(14.7282066584944,-7.07899480222365,11.));
#6329=CARTESIAN_POINT('Ctrl Pts',(14.7474416633587,-7.03713656959139,11.));
#6330=CARTESIAN_POINT('Ctrl Pts',(14.7665032624555,-6.99518995409641,11.));
#6331=CARTESIAN_POINT('Ctrl Pts',(14.7802928014897,-6.96484494008229,11.));
#6332=CARTESIAN_POINT('Ctrl Pts',(14.7939875814108,-6.93446249324533,11.));
#6333=CARTESIAN_POINT('Ctrl Pts',(14.8075872807725,-6.90404332523028,11.));
#6334=CARTESIAN_POINT('Ctrl Pts',(14.9547759516679,-6.57481862762479,11.));
#6335=CARTESIAN_POINT('Ctrl Pts',(15.0908359152627,-6.24128385785424,11.));
#6336=CARTESIAN_POINT('Ctrl Pts',(15.2155003027054,-5.90396361890636,11.));
#6337=CARTESIAN_POINT('Ctrl Pts',(15.3085458215413,-5.6521985616146,11.));
#6338=CARTESIAN_POINT('Ctrl Pts',(15.3952424234509,-5.39832404781912,11.));
#6339=CARTESIAN_POINT('Ctrl Pts',(15.475462534532,-5.14254913933344,11.));
#6340=CARTESIAN_POINT('Ctrl Pts',(15.5827019682349,-4.80062544997756,11.));
#6341=CARTESIAN_POINT('Ctrl Pts',(15.6783694500453,-4.45530594760131,11.));
#6342=CARTESIAN_POINT('Ctrl Pts',(15.762483303003,-4.10719144154986,11.));
#6343=CARTESIAN_POINT('Ctrl Pts',(15.8468909445024,-3.75786105904662,11.));
#6344=CARTESIAN_POINT('Ctrl Pts',(15.9196641608684,-3.4057155338912,11.));
#6345=CARTESIAN_POINT('Ctrl Pts',(15.9807698598713,-3.05135149840676,11.));
#6346=CARTESIAN_POINT('Ctrl Pts',(16.0417266865313,-2.69785080308657,11.));
#6347=CARTESIAN_POINT('Ctrl Pts',(16.0910727886116,-2.34214181061623,11.));
#6348=CARTESIAN_POINT('Ctrl Pts',(16.1287236509143,-1.9848151158692,11.));
#6349=CARTESIAN_POINT('Ctrl Pts',(16.1496643510427,-1.78607674163406,11.));
#6350=CARTESIAN_POINT('Ctrl Pts',(16.1669863540473,-1.58683797126549,11.));
#6351=CARTESIAN_POINT('Ctrl Pts',(16.1806681499065,-1.38720120278261,11.));
#6352=CARTESIAN_POINT('Ctrl Pts',(16.188595103479,-1.27153572937479,11.));
#6353=CARTESIAN_POINT('Ctrl Pts',(16.1953000167702,-1.15573667061938,11.));
#6354=CARTESIAN_POINT('Ctrl Pts',(16.2007779355064,-1.03982410776239,11.));
#6355=CARTESIAN_POINT('Ctrl Pts',(16.2028983728274,-0.994955730538627,11.));
#6356=CARTESIAN_POINT('Ctrl Pts',(16.2048349546726,-0.950070347703602,11.));
#6357=CARTESIAN_POINT('Ctrl Pts',(16.2065873708414,-0.905169130152921,11.));
#6358=CARTESIAN_POINT('Ctrl Pts',(16.2080515792929,-0.867652504028617,11.));
#6359=CARTESIAN_POINT('Ctrl Pts',(16.2093872284486,-0.830123479738281,11.));
#6360=CARTESIAN_POINT('Ctrl Pts',(16.2105936462546,-0.792600805717927,11.));
#6361=CARTESIAN_POINT('Ctrl Pts',(16.2221160005428,-0.434226168221993,11.));
#6362=CARTESIAN_POINT('Ctrl Pts',(16.2218699672021,-0.0760591830803276,
11.));
#6363=CARTESIAN_POINT('Ctrl Pts',(16.2098905307304,0.281309850294722,11.));
#6364=CARTESIAN_POINT('Ctrl Pts',(16.1978903025928,0.639299138019113,11.));
#6365=CARTESIAN_POINT('Ctrl Pts',(16.1741159270186,0.996488286857,11.));
#6366=CARTESIAN_POINT('Ctrl Pts',(16.1385505545583,1.35228927649023,11.));
#6367=CARTESIAN_POINT('Ctrl Pts',(16.1031672208611,1.70626912472755,11.));
#6368=CARTESIAN_POINT('Ctrl Pts',(16.0561132544519,2.05887555691094,11.));
#6369=CARTESIAN_POINT('Ctrl Pts',(15.9973207819602,2.40952620190656,11.));
#6370=CARTESIAN_POINT('Ctrl Pts',(15.9761326609087,2.53589660270957,11.));
#6371=CARTESIAN_POINT('Ctrl Pts',(15.9534194627933,2.66201291336371,11.));
#6372=CARTESIAN_POINT('Ctrl Pts',(15.9291763753772,2.78784754972695,11.));
#6373=CARTESIAN_POINT('Ctrl Pts',(15.8615577278198,3.13882462540656,11.));
#6374=CARTESIAN_POINT('Ctrl Pts',(15.7820406841394,3.48761174471846,11.));
#6375=CARTESIAN_POINT('Ctrl Pts',(15.6908687404699,3.83366418449583,11.));
#6376=CARTESIAN_POINT('Ctrl Pts',(15.6178255743068,4.11090699453658,11.));
#6377=CARTESIAN_POINT('Ctrl Pts',(15.5373006380471,4.38639436020639,11.));
#6378=CARTESIAN_POINT('Ctrl Pts',(15.4493973508601,4.65983578864177,11.));
#6379=CARTESIAN_POINT('Ctrl Pts',(15.4109396627158,4.77946641358225,11.));
#6380=CARTESIAN_POINT('Ctrl Pts',(15.3710694705155,4.89870529574508,11.));
#6381=CARTESIAN_POINT('Ctrl Pts',(15.3297943337765,5.01752740759051,11.));
#6382=CARTESIAN_POINT('Ctrl Pts',(15.3015209448614,5.09892032461862,11.));
#6383=CARTESIAN_POINT('Ctrl Pts',(15.272588310814,5.18011767448857,11.));
#6384=CARTESIAN_POINT('Ctrl Pts',(15.2429986866271,5.26111128216928,11.));
#6385=CARTESIAN_POINT('Ctrl Pts',(15.2277059132172,5.30297112067514,11.));
#6386=CARTESIAN_POINT('Ctrl Pts',(15.2122362878333,5.34478004305116,11.));
#6387=CARTESIAN_POINT('Ctrl Pts',(15.1965996150752,5.38651189692643,11.));
#6388=CARTESIAN_POINT('Ctrl Pts',(15.0721603026131,5.71862111762458,11.));
#6389=CARTESIAN_POINT('Ctrl Pts',(14.9370375064187,6.04615224503899,11.));
#6390=CARTESIAN_POINT('Ctrl Pts',(14.7915583169042,6.36860976416718,11.));
#6391=CARTESIAN_POINT('Ctrl Pts',(14.6448970490921,6.69368738336968,11.));
#6392=CARTESIAN_POINT('Ctrl Pts',(14.4877101985559,7.01360915020927,11.));
#6393=CARTESIAN_POINT('Ctrl Pts',(14.3202821864751,7.32785247417562,11.));
#6394=CARTESIAN_POINT('Ctrl Pts',(14.153121054628,7.64159489431649,11.));
#6395=CARTESIAN_POINT('Ctrl Pts',(13.9757511073863,7.94967747687497,11.));
#6396=CARTESIAN_POINT('Ctrl Pts',(13.7884088142909,8.25155742156997,11.));
#6397=CARTESIAN_POINT('Ctrl Pts',(13.6032166984959,8.54997260988875,11.));
#6398=CARTESIAN_POINT('Ctrl Pts',(13.4082795101494,8.84232716847211,11.));
#6399=CARTESIAN_POINT('Ctrl Pts',(13.2037846739951,9.12806747875716,11.));
#6400=CARTESIAN_POINT('Ctrl Pts',(13.0094260892248,9.39964442105659,11.));
#6401=CARTESIAN_POINT('Ctrl Pts',(12.8064334008386,9.66524671847179,11.));
#6402=CARTESIAN_POINT('Ctrl Pts',(12.5949363328361,9.92436850464226,11.));
#6403=CARTESIAN_POINT('Ctrl Pts',(12.3987175110909,10.1647717029043,11.));
#6404=CARTESIAN_POINT('Ctrl Pts',(12.1951779149618,10.3995965768296,11.));
#6405=CARTESIAN_POINT('Ctrl Pts',(11.9846047043356,10.6285737122671,11.));
#6406=CARTESIAN_POINT('Ctrl Pts',(-16.01647130313,0.000101296841019116,
20.3845299461621));
#6407=CARTESIAN_POINT('Ctrl Pts',(-16.0161488044641,-1.4333180955739,20.3987696447342));
#6408=CARTESIAN_POINT('Ctrl Pts',(-15.8254475695221,-2.86682164881327,20.4130093433063));
#6409=CARTESIAN_POINT('Ctrl Pts',(-15.4454817575407,-4.24826812213551,20.4272490418785));
#6410=CARTESIAN_POINT('Ctrl Pts',(-14.7460385871909,-6.7912424385099,20.4534615578472));
#6411=CARTESIAN_POINT('Ctrl Pts',(-13.4052600910014,-9.15781795467998,20.4796740738159));
#6412=CARTESIAN_POINT('Ctrl Pts',(-11.5835052669266,-11.0649489124708,20.5058865897846));
#6413=CARTESIAN_POINT('Ctrl Pts',(-9.76175044285174,-12.9720798702616,20.5320991057533));
#6414=CARTESIAN_POINT('Ctrl Pts',(-7.4590192908917,-14.4197662696732,20.5583116217219));
#6415=CARTESIAN_POINT('Ctrl Pts',(-4.95072169588212,-15.2348627670646,20.5845241376906));
#6416=CARTESIAN_POINT('Ctrl Pts',(-2.44242410087253,-16.049959264456,20.6107366536593));
#6417=CARTESIAN_POINT('Ctrl Pts',(0.271439937186608,-16.2324658598274,20.636949169628));
#6418=CARTESIAN_POINT('Ctrl Pts',(2.86628845101844,-15.7605545301696,20.6631616855967));
#6419=CARTESIAN_POINT('Ctrl Pts',(5.46113696485025,-15.2886432005119,20.6893742015654));
#6420=CARTESIAN_POINT('Ctrl Pts',(7.93696995445476,-14.1623139458251,20.7155867175341));
#6421=CARTESIAN_POINT('Ctrl Pts',(9.9976743212143,-12.5162772866918,20.7417992335028));
#6422=CARTESIAN_POINT('Ctrl Pts',(12.0583786879739,-10.8702406275584,20.7680117494715));
#6423=CARTESIAN_POINT('Ctrl Pts',(13.7039544318885,-8.70449656397843,20.7942242654402));
#6424=CARTESIAN_POINT('Ctrl Pts',(14.7375883510035,-6.27807122176489,20.8204367814089));
#6425=CARTESIAN_POINT('Ctrl Pts',(15.7712222701185,-3.85164587955137,20.8466492973776));
#6426=CARTESIAN_POINT('Ctrl Pts',(16.1929143644339,-1.16453925870427,20.8728618133463));
#6427=CARTESIAN_POINT('Ctrl Pts',(15.9522297157833,1.46186707254544,20.899074329315));
#6428=CARTESIAN_POINT('Ctrl Pts',(15.7115450671326,4.08827340379516,20.9252868452836));
#6429=CARTESIAN_POINT('Ctrl Pts',(14.8084836755158,6.65397944544751,20.9514993612523));
#6430=CARTESIAN_POINT('Ctrl Pts',(13.3510528575837,8.85212281652729,20.977711877221));
#6431=CARTESIAN_POINT('Ctrl Pts',(11.8936220396515,11.0502661876071,21.0039243931897));
#6432=CARTESIAN_POINT('Ctrl Pts',(9.88182179540397,12.8808468881143,21.0301369091584));
#6433=CARTESIAN_POINT('Ctrl Pts',(7.55626645634447,14.1249255213575,21.0563494251271));
#6434=CARTESIAN_POINT('Ctrl Pts',(5.23071111728496,15.3690041546007,21.0825619410958));
#6435=CARTESIAN_POINT('Ctrl Pts',(2.5914006834135,16.0265807205799,21.1087744570645));
#6436=CARTESIAN_POINT('Ctrl Pts',(-0.045999969036673,16.0190069058722,21.1349869730332));
#6437=CARTESIAN_POINT('Ctrl Pts',(-2.68340062148684,16.0114330911646,21.1611994890018));
#6438=CARTESIAN_POINT('Ctrl Pts',(-5.31889149251572,15.3387088957702,21.1874120049705));
#6439=CARTESIAN_POINT('Ctrl Pts',(-7.63726344706604,14.0812954721976,21.2136245209392));
#6440=CARTESIAN_POINT('Ctrl Pts',(-9.95563540161636,12.8238820486251,21.2398370369079));
#6441=CARTESIAN_POINT('Ctrl Pts',(-11.9568884396881,10.9817793968745,21.2660495528766));
#6442=CARTESIAN_POINT('Ctrl Pts',(-13.401671271277,8.77530093906474,21.2922620688453));
#6443=CARTESIAN_POINT('Ctrl Pts',(-14.8464541028659,6.56882248125501,21.318474584814));
#6444=CARTESIAN_POINT('Ctrl Pts',(-15.734766727972,3.9979682173862,21.3446871007827));
#6445=CARTESIAN_POINT('Ctrl Pts',(-15.9603630008872,1.37022497514046,21.3708996167514));
#6446=CARTESIAN_POINT('Ctrl Pts',(-15.9994658416488,0.914755457687305,21.3754430598883));
#6447=CARTESIAN_POINT('Ctrl Pts',(-16.0186582604219,0.457576787348103,21.3799865030252));
#6448=CARTESIAN_POINT('Ctrl Pts',(-16.018212533541,0.00036092647340058,
21.3845299461621));
#6449=CARTESIAN_POINT('Ctrl Pts',(-4.2905041231321,-16.0137925654539,22.));
#6450=CARTESIAN_POINT('Ctrl Pts',(-6.92794525556942,-15.3071547089319,21.9737874840313));
#6451=CARTESIAN_POINT('Ctrl Pts',(-11.8445168158986,-12.5667911644224,21.921362452094));
#6452=CARTESIAN_POINT('Ctrl Pts',(-16.3874143492264,-5.44519121078652,21.8427249041878));
#6453=CARTESIAN_POINT('Ctrl Pts',(-17.0097833574589,2.97679883020555,21.7640873562818));
#6454=CARTESIAN_POINT('Ctrl Pts',(-13.5636750335282,10.6877710605405,21.6854498083757));
#6455=CARTESIAN_POINT('Ctrl Pts',(-6.87293800864912,15.8416674843849,21.6068122604696));
#6456=CARTESIAN_POINT('Ctrl Pts',(1.46174315862798,17.2064651085196,21.5281747125635));
#6457=CARTESIAN_POINT('Ctrl Pts',(9.44681342330927,14.45528757148,21.4495371646575));
#6458=CARTESIAN_POINT('Ctrl Pts',(15.172157612028,8.24643669166831,21.3708996167514));
#6459=CARTESIAN_POINT('Ctrl Pts',(17.2682901357221,0.0649778074334163,21.2922620688453));
#6460=CARTESIAN_POINT('Ctrl Pts',(15.2337932821969,-8.13200485112307,21.2136245209392));
#6461=CARTESIAN_POINT('Ctrl Pts',(9.55533312842661,-14.3837988744406,21.1349869730332));
#6462=CARTESIAN_POINT('Ctrl Pts',(1.5912088591919,-17.1949426420188,21.0563494251271));
#6463=CARTESIAN_POINT('Ctrl Pts',(-6.7535362680809,-15.8930103052293,20.977711877221));
#6464=CARTESIAN_POINT('Ctrl Pts',(-13.4828169027012,-10.7894238057854,20.8990743293149));
#6465=CARTESIAN_POINT('Ctrl Pts',(-16.9869695556718,-3.10497743457292,20.8204367814089));
#6466=CARTESIAN_POINT('Ctrl Pts',(-16.4277913573847,5.32218863778966,20.7417992335028));
#6467=CARTESIAN_POINT('Ctrl Pts',(-11.9390391462913,12.4762720169147,20.6631616855967));
#6468=CARTESIAN_POINT('Ctrl Pts',(-4.59443517590999,16.6459960866829,20.5845241376906));
#6469=CARTESIAN_POINT('Ctrl Pts',(3.84917064228768,16.8339509644391,20.5058865897845));
#6470=CARTESIAN_POINT('Ctrl Pts',(11.3720439950326,12.9951773871741,20.4272490418785));
#6471=CARTESIAN_POINT('Ctrl Pts',(16.1746924011233,6.04792076803708,20.3486114939724));
#6472=CARTESIAN_POINT('Ctrl Pts',(17.1083088303914,-2.34601552489328,20.2699739460663));
#6473=CARTESIAN_POINT('Ctrl Pts',(13.9495696066223,-10.1787783006091,20.1913363981602));
#6474=CARTESIAN_POINT('Ctrl Pts',(7.45405404650232,-15.5767486387679,20.1126988502542));
#6475=CARTESIAN_POINT('Ctrl Pts',(-0.824492233991068,-17.2487168349097,
20.0340613023481));
#6476=CARTESIAN_POINT('Ctrl Pts',(-8.90581765024955,-14.7947433864275,19.955423754442));
#6477=CARTESIAN_POINT('Ctrl Pts',(-14.8568464032019,-8.80182565397727,19.8767862065359));
#6478=CARTESIAN_POINT('Ctrl Pts',(-17.254075655474,-0.703486436549496,19.7981486586299));
#6479=CARTESIAN_POINT('Ctrl Pts',(-15.5240814185928,7.56312871765449,19.7195111107238));
#6480=CARTESIAN_POINT('Ctrl Pts',(-10.0806831862008,14.0206221827235,19.6408735628177));
#6481=CARTESIAN_POINT('Ctrl Pts',(-2.22595714561665,17.1243433356407,19.5622360149116));
#6482=CARTESIAN_POINT('Ctrl Pts',(6.1612241131198,16.131873335699,19.4835984670056));
#6483=CARTESIAN_POINT('Ctrl Pts',(13.0746232122539,11.2806138019471,19.4049609190995));
#6484=CARTESIAN_POINT('Ctrl Pts',(16.8605356171885,3.73099967738054,19.3263233711934));
#6485=CARTESIAN_POINT('Ctrl Pts',(16.6133604184667,-4.71108007756432,19.2476858232873));
#6486=CARTESIAN_POINT('Ctrl Pts',(12.3922226197373,-12.0262562102246,19.1690482753812));
#6487=CARTESIAN_POINT('Ctrl Pts',(5.20683027037174,-16.4647179880689,19.0904107274752));
#6488=CARTESIAN_POINT('Ctrl Pts',(-3.2240505435699,-16.9647728538758,19.0117731795691));
#6489=CARTESIAN_POINT('Ctrl Pts',(-10.8837293876536,-13.4068062754491,18.933135631663));
#6490=CARTESIAN_POINT('Ctrl Pts',(-15.939989510558,-6.64189387858589,18.854498083757));
#6491=CARTESIAN_POINT('Ctrl Pts',(-17.1833592510292,1.7117782394821,18.7758605358509));
#6492=CARTESIAN_POINT('Ctrl Pts',(-14.3164210654666,9.6559881818155,18.6972229879448));
#6493=CARTESIAN_POINT('Ctrl Pts',(-8.0249546419635,15.2904585570716,18.6185854400387));
#6494=CARTESIAN_POINT('Ctrl Pts',(0.1861035324336,17.2674081832309,18.5399478921327));
#6495=CARTESIAN_POINT('Ctrl Pts',(8.35264521775256,15.1139451420684,18.4613103442266));
#6496=CARTESIAN_POINT('Ctrl Pts',(14.5212106435796,9.3451838577893,18.3826727963205));
#6497=CARTESIAN_POINT('Ctrl Pts',(17.2162615876364,1.34102827605273,18.3040352484144));
#6498=CARTESIAN_POINT('Ctrl Pts',(15.7931342740806,-6.98390504602962,18.2253977005083));
#6499=CARTESIAN_POINT('Ctrl Pts',(10.5922447642429,-13.6382686124547,18.1467601526023));
#6500=CARTESIAN_POINT('Ctrl Pts',(2.85766047604854,-17.0303199175684,18.0681226046962));
#6501=CARTESIAN_POINT('Ctrl Pts',(-5.56048424599471,-16.348670736214,17.9894850567901));
#6502=CARTESIAN_POINT('Ctrl Pts',(-12.6485454765036,-11.756373472288,17.910847508884));
#6503=CARTESIAN_POINT('Ctrl Pts',(-16.7110390071602,-4.35191856452605,17.832209960978));
#6504=CARTESIAN_POINT('Ctrl Pts',(-16.7762049443035,4.09352752010099,17.7535724130719));
#6505=CARTESIAN_POINT('Ctrl Pts',(-12.8284554122431,11.5597902933915,17.6749348651658));
#6506=CARTESIAN_POINT('Ctrl Pts',(-5.81210321702438,16.2609186728718,17.5962973172597));
#6507=CARTESIAN_POINT('Ctrl Pts',(2.59452043622904,17.0723895104665,17.5176597693537));
#6508=CARTESIAN_POINT('Ctrl Pts',(10.3805274942349,13.800096696492,17.4390222214476));
#6509=CARTESIAN_POINT('Ctrl Pts',(15.6834831411257,7.22678188775088,17.3603846735415));
#6510=CARTESIAN_POINT('Ctrl Pts',(17.2349054515458,-1.075199501197,17.2817471256354));
#6511=CARTESIAN_POINT('Ctrl Pts',(14.6636898395999,-9.11999014139339,17.2031095777293));
#6512=CARTESIAN_POINT('Ctrl Pts',(8.5848783209339,-14.9832534553032,17.1244720298233));
#6513=CARTESIAN_POINT('Ctrl Pts',(0.452539730461166,-17.2624803456355,17.0458344819172));
#6514=CARTESIAN_POINT('Ctrl Pts',(-7.78804763801747,-15.4124733212767,16.9671969340111));
#6515=CARTESIAN_POINT('Ctrl Pts',(-14.1657120781429,-9.87575927259538,16.888559386105));
#6516=CARTESIAN_POINT('Ctrl Pts',(-17.1548982945347,-1.97673579298484,16.809921838199));
#6517=CARTESIAN_POINT('Ctrl Pts',(-16.0405845258403,6.39512845535335,16.7312842902929));
#6518=CARTESIAN_POINT('Ctrl Pts',(-11.0893177637532,13.2372599666851,16.6526467423868));
#6519=CARTESIAN_POINT('Ctrl Pts',(-3.48545496192894,16.913001614127,16.5740091944807));
#6520=CARTESIAN_POINT('Ctrl Pts',(4.95213848281331,16.5431056436854,16.4953716465747));
#6521=CARTESIAN_POINT('Ctrl Pts',(12.2051664558475,12.2160522132214,16.4167340986686));
#6522=CARTESIAN_POINT('Ctrl Pts',(16.5386842394507,4.96688468950529,16.3380965507625));
#6523=CARTESIAN_POINT('Ctrl Pts',(16.9161021753764,-3.47037564008912,16.2594590028564));
#6524=CARTESIAN_POINT('Ctrl Pts',(13.2471408304357,-11.0775123430173,16.1808214549503));
#6525=CARTESIAN_POINT('Ctrl Pts',(6.4094260911688,-16.0348768960956,16.1021839070443));
#6526=CARTESIAN_POINT('Ctrl Pts',(-1.96144141985787,-17.1566537368906,16.0235463591382));
#6527=CARTESIAN_POINT('Ctrl Pts',(-9.86312661928211,-14.174510685844,15.9449088112321));
#6528=CARTESIAN_POINT('Ctrl Pts',(-15.4055241540268,-7.80178475932225,15.8662712633261));
#6529=CARTESIAN_POINT('Ctrl Pts',(-17.2628769248258,0.437150053656378,15.78763371542));
#6530=CARTESIAN_POINT('Ctrl Pts',(-14.9909009180747,8.57151734266252,15.7089961675139));
#6531=CARTESIAN_POINT('Ctrl Pts',(-9.1330591931136,14.6555535434926,15.6303586196078));
#6532=CARTESIAN_POINT('Ctrl Pts',(-1.09056398788833,17.2339400625457,15.5517210717017));
#6533=CARTESIAN_POINT('Ctrl Pts',(7.2127971945757,15.6899195830003,15.4730835237957));
#6534=CARTESIAN_POINT('Ctrl Pts',(13.7908369748254,10.3928261519611,15.3944459758896));
#6535=CARTESIAN_POINT('Ctrl Pts',(17.070069711809,2.60973943624212,15.3158084279835));
#6536=CARTESIAN_POINT('Ctrl Pts',(16.2660936995956,-5.79760430238849,15.2371708800774));
#6537=CARTESIAN_POINT('Ctrl Pts',(11.5712222645298,-12.8181447641983,15.1585333321713));
#6538=CARTESIAN_POINT('Ctrl Pts',(4.10848187596206,-16.7725488988999,15.0798957842653));
#6539=CARTESIAN_POINT('Ctrl Pts',(-4.33701894797994,-16.7149121007548,15.0012582363592));
#6540=CARTESIAN_POINT('Ctrl Pts',(-11.7450926252962,-12.6590212542009,14.9226206884531));
#6541=CARTESIAN_POINT('Ctrl Pts',(-16.3437070691471,-5.57505687226667,14.843983140547));
#6542=CARTESIAN_POINT('Ctrl Pts',(-17.0328607535677,2.84247681444675,14.765345592641));
#6543=CARTESIAN_POINT('Ctrl Pts',(-13.6477061763936,10.5800820419279,14.6867080447349));
#6544=CARTESIAN_POINT('Ctrl Pts',(-6.997981846035,15.7869018484838,14.6080704968288));
#6545=CARTESIAN_POINT('Ctrl Pts',(1.3256794501864,17.2174502725128,14.5294329489227));
#6546=CARTESIAN_POINT('Ctrl Pts',(9.33223448843588,14.5295361021591,14.4507954010167));
#6547=CARTESIAN_POINT('Ctrl Pts',(15.1064927548462,8.36611597689603,14.3721578531106));
#6548=CARTESIAN_POINT('Ctrl Pts',(17.2672354101517,0.201497348616495,14.2935203052045));
#6549=CARTESIAN_POINT('Ctrl Pts',(15.2976067259423,-8.01132001292545,14.2148827572984));
#6550=CARTESIAN_POINT('Ctrl Pts',(9.66874743051109,-14.3078070652383,14.1362452093924));
#6551=CARTESIAN_POINT('Ctrl Pts',(1.72709651978092,-17.1818263727247,14.0576076614863));
#6552=CARTESIAN_POINT('Ctrl Pts',(-6.62768074247193,-15.9459044229847,13.9789701135802));
#6553=CARTESIAN_POINT('Ctrl Pts',(-13.3970981057066,-10.8956772271011,13.9003325656741));
#6554=CARTESIAN_POINT('Ctrl Pts',(-16.9618918720482,-3.23917335319373,13.8216950177681));
#6555=CARTESIAN_POINT('Ctrl Pts',(-16.4693533331229,5.1921499092236,13.743057469862));
#6556=CARTESIAN_POINT('Ctrl Pts',(-12.037299094569,12.3814962907956,13.6644199219559));
#6557=CARTESIAN_POINT('Ctrl Pts',(-4.72588901216382,16.6091538898225,13.5857823740498));
#6558=CARTESIAN_POINT('Ctrl Pts',(3.71596703138779,16.8638551023404,13.5071448261438));
#6559=CARTESIAN_POINT('Ctrl Pts',(11.2689532958198,13.084674681005,13.4285072782377));
#6560=CARTESIAN_POINT('Ctrl Pts',(16.12637419534,6.17560322583696,13.3498697303316));
#6561=CARTESIAN_POINT('Ctrl Pts',(17.126320970915,-2.21068991319101,13.2712321824255));
#6562=CARTESIAN_POINT('Ctrl Pts',(14.0296035376962,-10.0681797990595,13.1925946345194));
#6563=CARTESIAN_POINT('Ctrl Pts',(7.57696542693735,-15.5173327221537,13.1139570866134));
#6564=CARTESIAN_POINT('Ctrl Pts',(-0.688104152814749,-17.2546959569304,
13.0353195387073));
#6565=CARTESIAN_POINT('Ctrl Pts',(-8.78857728132308,-14.8646873247008,12.9566819908012));
#6566=CARTESIAN_POINT('Ctrl Pts',(-14.7867979730161,-8.91900362128173,12.8780444428951));
#6567=CARTESIAN_POINT('Ctrl Pts',(-17.2479749457875,-0.839869133158779,
12.7994068949891));
#6568=CARTESIAN_POINT('Ctrl Pts',(-15.5833877363263,7.44016441680226,12.720769347083));
#6569=CARTESIAN_POINT('Ctrl Pts',(-10.1912102931904,13.9404896848991,12.6421317991769));
#6570=CARTESIAN_POINT('Ctrl Pts',(-2.36126664646181,17.1062105595553,12.5634942512708));
#6571=CARTESIAN_POINT('Ctrl Pts',(6.03349863182507,16.1800776933461,12.4848567033648));
#6572=CARTESIAN_POINT('Ctrl Pts',(12.9850340458668,11.3836246734846,12.4062191554587));
#6573=CARTESIAN_POINT('Ctrl Pts',(16.8305127456036,3.86417657560904,12.3275816075526));
#6574=CARTESIAN_POINT('Ctrl Pts',(16.650085399091,-4.57959344833756,12.2489440596465));
#6575=CARTESIAN_POINT('Ctrl Pts',(12.4869107299461,-11.9279118092374,12.1703065117405));
#6576=CARTESIAN_POINT('Ctrl Pts',(5.3368318549819,-16.4230400978367,12.0916689638344));
#6577=CARTESIAN_POINT('Ctrl Pts',(-3.08983224419306,-16.9897308948515,12.0130314159283));
#6578=CARTESIAN_POINT('Ctrl Pts',(-10.7773997405841,-13.4924303077555,11.9343938680222));
#6579=CARTESIAN_POINT('Ctrl Pts',(-15.8869829215099,-6.76770221021737,11.8557563201162));
#6580=CARTESIAN_POINT('Ctrl Pts',(-17.1963549391061,1.57587896137187,11.7771187722101));
#6581=CARTESIAN_POINT('Ctrl Pts',(-14.3923106320446,9.5425061360812,11.698481224304));
#6582=CARTESIAN_POINT('Ctrl Pts',(-8.14558468751121,15.2265376298905,11.6198436763979));
#6583=CARTESIAN_POINT('Ctrl Pts',(0.0495872742192606,17.2683410424337,11.5412061284918));
#6584=CARTESIAN_POINT('Ctrl Pts',(8.23289933694433,15.1795035877705,11.4625685805858));
#6585=CARTESIAN_POINT('Ctrl Pts',(14.4468757443459,9.45969595464706,11.3839310326797));
#6586=CARTESIAN_POINT('Ctrl Pts',(17.2051245165254,1.47708330326004,11.3052934847736));
#6587=CARTESIAN_POINT('Ctrl Pts',(15.8478479142853,-6.8588147018769,11.2266559368675));
#6588=CARTESIAN_POINT('Ctrl Pts',(10.6997431025862,-13.5541370854495,11.1480183889614));
#6589=CARTESIAN_POINT('Ctrl Pts',(2.99218753634375,-17.0071314249024,11.0693808410554));
#6590=CARTESIAN_POINT('Ctrl Pts',(-5.43102590470378,-16.3922447602554,10.9907432931493));
#6591=CARTESIAN_POINT('Ctrl Pts',(-12.5552820811938,-11.8557561127434,10.9121057452432));
#6592=CARTESIAN_POINT('Ctrl Pts',(-16.675965303531,-4.48437705491941,10.8334681973371));
#6593=CARTESIAN_POINT('Ctrl Pts',(-16.8083644500641,3.96178031775255,10.7548306494311));
#6594=CARTESIAN_POINT('Ctrl Pts',(-14.2150861651214,8.95749608236115,10.7024056174937));
#6595=CARTESIAN_POINT('Ctrl Pts',(-12.4033568312369,11.0003053265356,10.676193101525));
#6596=CARTESIAN_POINT('Ctrl Pts',(-4.24212188664533,-15.833211664768,22.107935632825));
#6597=CARTESIAN_POINT('Ctrl Pts',(-6.84982168871041,-15.1345422704368,22.0817231168563));
#6598=CARTESIAN_POINT('Ctrl Pts',(-11.7109511095825,-12.4250806696769,22.0292980849189));
#6599=CARTESIAN_POINT('Ctrl Pts',(-16.2026202705594,-5.38378804665586,21.9506605370129));
#6600=CARTESIAN_POINT('Ctrl Pts',(-16.817971081472,2.94323070374692,21.8720229891068));
#6601=CARTESIAN_POINT('Ctrl Pts',(-13.4107230926214,10.5672494966106,21.7933854412007));
#6602=CARTESIAN_POINT('Ctrl Pts',(-6.79543473571192,15.6630275668885,21.7147478932946));
#6603=CARTESIAN_POINT('Ctrl Pts',(1.44525968695335,17.012434933955,21.6361103453886));
#6604=CARTESIAN_POINT('Ctrl Pts',(9.34028562424975,14.2922812855759,21.5574727974825));
#6605=CARTESIAN_POINT('Ctrl Pts',(15.0010674798354,8.15344504342857,21.4788352495764));
#6606=CARTESIAN_POINT('Ctrl Pts',(17.0735627859535,0.0642450796337462,21.4001977016703));
#6607=CARTESIAN_POINT('Ctrl Pts',(15.0620081101011,-8.04030360331461,21.3215601537642));
#6608=CARTESIAN_POINT('Ctrl Pts',(9.44758159763635,-14.2215987369394,21.2429226058582));
#6609=CARTESIAN_POINT('Ctrl Pts',(1.57326545647841,-17.0010424015326,21.1642850579521));
#6610=CARTESIAN_POINT('Ctrl Pts',(-6.67737943907739,-15.713791416025,21.085647510046));
#6611=CARTESIAN_POINT('Ctrl Pts',(-13.3307767654182,-10.6677559459848,21.0070099621399));
#6612=CARTESIAN_POINT('Ctrl Pts',(-16.7954145414708,-3.06996389112573,20.9283724142339));
#6613=CARTESIAN_POINT('Ctrl Pts',(-16.242541963934,5.26217252268736,20.8497348663278));
#6614=CARTESIAN_POINT('Ctrl Pts',(-11.804407550837,12.3355822690734,20.7710973184217));
#6615=CARTESIAN_POINT('Ctrl Pts',(-4.54262563492726,16.4582860889505,20.6924597705156));
#6616=CARTESIAN_POINT('Ctrl Pts',(3.80576514052182,16.6441214774618,20.6138222226096));
#6617=CARTESIAN_POINT('Ctrl Pts',(11.2438061688669,12.8486361585703,20.5351846747035));
#6618=CARTESIAN_POINT('Ctrl Pts',(15.9922970996871,5.97972087253416,20.4565471267974));
#6619=CARTESIAN_POINT('Ctrl Pts',(16.9153855234872,-2.31956048029489,20.3779095788913));
#6620=CARTESIAN_POINT('Ctrl Pts',(13.7922660925766,-10.0639964370441,20.2992720309853));
#6621=CARTESIAN_POINT('Ctrl Pts',(7.36999776889181,-15.4010961012787,20.2206344830792));
#6622=CARTESIAN_POINT('Ctrl Pts',(-0.815194776838799,-17.0542102051408,
20.1419969351731));
#6623=CARTESIAN_POINT('Ctrl Pts',(-8.80539043626803,-14.6279091980103,20.063359387267));
#6624=CARTESIAN_POINT('Ctrl Pts',(-14.6893119048077,-8.70257111463071,19.984721839361));
#6625=CARTESIAN_POINT('Ctrl Pts',(-17.059508596507,-0.695553511615367,19.9060842914549));
#6626=CARTESIAN_POINT('Ctrl Pts',(-15.3490227875139,7.47784245019128,19.8274467435488));
#6627=CARTESIAN_POINT('Ctrl Pts',(-9.96700750057839,13.86251743823,19.7488091956427));
#6628=CARTESIAN_POINT('Ctrl Pts',(-2.20085594959449,16.9312392142675,19.6701716477367));
#6629=CARTESIAN_POINT('Ctrl Pts',(6.09174654276115,15.9499608871142,19.5915340998306));
#6630=CARTESIAN_POINT('Ctrl Pts',(12.9271861060127,11.1534069961689,19.5128965519245));
#6631=CARTESIAN_POINT('Ctrl Pts',(16.6704063461021,3.68892674060142,19.4342590040184));
#6632=CARTESIAN_POINT('Ctrl Pts',(16.4260184396366,-4.65795518037755,19.3556214561123));
#6633=CARTESIAN_POINT('Ctrl Pts',(12.2524806621076,-11.8906411040937,19.2769839082062));
#6634=CARTESIAN_POINT('Ctrl Pts',(5.14811500376019,-16.2790521883108,19.1983463603002));
#6635=CARTESIAN_POINT('Ctrl Pts',(-3.18769426203102,-16.7734681426799,19.1197088123941));
#6636=CARTESIAN_POINT('Ctrl Pts',(-10.760998082898,-13.2556232785015,19.041071264488));
#6637=CARTESIAN_POINT('Ctrl Pts',(-15.7602408563291,-6.56699599453044,18.9624337165819));
#6638=CARTESIAN_POINT('Ctrl Pts',(-16.9895896316416,1.69247522584576,18.8837961686759));
#6639=CARTESIAN_POINT('Ctrl Pts',(-14.1549807195876,9.54710160571196,18.8051586207698));
#6640=CARTESIAN_POINT('Ctrl Pts',(-7.93446055498903,15.1180343941601,18.7265210728637));
#6641=CARTESIAN_POINT('Ctrl Pts',(0.184004920042421,17.0726907788751,18.6478835249577));
#6642=CARTESIAN_POINT('Ctrl Pts',(8.25845589998997,14.9435114477691,18.5692459770516));
#6643=CARTESIAN_POINT('Ctrl Pts',(14.3574609705181,9.23980209321247,18.4906084291455));
#6644=CARTESIAN_POINT('Ctrl Pts',(17.0221209422376,1.32590605606984,18.4119708812394));
#6645=CARTESIAN_POINT('Ctrl Pts',(15.6150416454787,-6.90515044381017,18.3333333333333));
#6646=CARTESIAN_POINT('Ctrl Pts',(10.4728004107585,-13.484475510679,18.2546957854273));
#6647=CARTESIAN_POINT('Ctrl Pts',(2.82543582342424,-16.838276059306,18.1760582375212));
#6648=CARTESIAN_POINT('Ctrl Pts',(-5.49778097009755,-16.1643135532109,18.0974206896151));
#6649=CARTESIAN_POINT('Ctrl Pts',(-12.5059130722697,-11.6238017219204,18.018783141709));
#6650=CARTESIAN_POINT('Ctrl Pts',(-16.5225955473754,-4.30284378284134,17.940145593803));
#6651=CARTESIAN_POINT('Ctrl Pts',(-16.5870266352582,4.04736650711541,17.8615080458969));
#6652=CARTESIAN_POINT('Ctrl Pts',(-12.6837942382405,11.4294353300442,17.7828704979908));
#6653=CARTESIAN_POINT('Ctrl Pts',(-5.7465625382926,16.0775510335118,17.7042329500847));
#6654=CARTESIAN_POINT('Ctrl Pts',(2.56526310475636,16.8798712508437,17.6255954021786));
#6655=CARTESIAN_POINT('Ctrl Pts',(10.2634705886429,13.644478726494,17.5469578542726));
#6656=CARTESIAN_POINT('Ctrl Pts',(15.5066270028973,7.14528846406521,17.4683203063665));
#6657=CARTESIAN_POINT('Ctrl Pts',(17.0405545670219,-1.06307492211621,17.3896827584604));
#6658=CARTESIAN_POINT('Ctrl Pts',(14.4983334877056,-9.01714779300852,17.3110452105543));
#6659=CARTESIAN_POINT('Ctrl Pts',(8.48807020673256,-14.814293516981,17.2324076626483));
#6660=CARTESIAN_POINT('Ctrl Pts',(0.447436627508573,-17.0678185104614,17.1537701147422));
#6661=CARTESIAN_POINT('Ctrl Pts',(-7.70022505312324,-15.2386732484471,17.0751325668361));
#6662=CARTESIAN_POINT('Ctrl Pts',(-14.0059712150417,-9.76439442900113,16.99649501893));
#6663=CARTESIAN_POINT('Ctrl Pts',(-16.9614496175557,-1.95444496284849,16.917857471024));
#6664=CARTESIAN_POINT('Ctrl Pts',(-15.8597015033229,6.32301324268593,16.8392199231179));
#6665=CARTESIAN_POINT('Ctrl Pts',(-10.9642681241013,13.0879888731807,16.7605823752118));
#6666=CARTESIAN_POINT('Ctrl Pts',(-3.44615093112219,16.7222807057414,16.6819448273057));
#6667=CARTESIAN_POINT('Ctrl Pts',(4.89629526991462,16.3565558988283,16.6033072793997));
#6668=CARTESIAN_POINT('Ctrl Pts',(12.067533853039,12.0782968562394,16.5246697314936));
#6669=CARTESIAN_POINT('Ctrl Pts',(16.3521843529364,4.91087518974638,16.4460321835875));
#6670=CARTESIAN_POINT('Ctrl Pts',(16.7253463032468,-3.43124165254405,16.3673946356814));
#6671=CARTESIAN_POINT('Ctrl Pts',(13.0977583145266,-10.9525958282014,16.2887570877753));
#6672=CARTESIAN_POINT('Ctrl Pts',(6.33714964998895,-15.854058236153,16.2101195398693));
#6673=CARTESIAN_POINT('Ctrl Pts',(-1.9393230580274,-16.9631852645159,16.1314819919632));
#6674=CARTESIAN_POINT('Ctrl Pts',(-9.75190422888276,-14.014670604491,16.0528444440571));
#6675=CARTESIAN_POINT('Ctrl Pts',(-15.2318024440757,-7.71380726660542,15.974206896151));
#6676=CARTESIAN_POINT('Ctrl Pts',(-17.0682106175927,0.432220493709758,15.895569348245));
#6677=CARTESIAN_POINT('Ctrl Pts',(-14.8218547424848,8.47485989467471,15.8169318003389));
#6678=CARTESIAN_POINT('Ctrl Pts',(-9.0300694704499,14.4902889412369,15.7382942524328));
#6679=CARTESIAN_POINT('Ctrl Pts',(-1.07826614986004,17.0396000643135,15.6596567045267));
#6680=CARTESIAN_POINT('Ctrl Pts',(7.13146147047801,15.5129908636849,15.5810191566207));
#6681=CARTESIAN_POINT('Ctrl Pts',(13.6353234228702,10.275630559504,15.5023816087146));
#6682=CARTESIAN_POINT('Ctrl Pts',(16.8775776115941,2.58031048641491,15.4237440608085));
#6683=CARTESIAN_POINT('Ctrl Pts',(16.0826677036044,-5.73222712190694,15.3451065129024));
#6684=CARTESIAN_POINT('Ctrl Pts',(11.4407383875828,-12.6735998590998,15.2664689649964));
#6685=CARTESIAN_POINT('Ctrl Pts',(4.06215222890434,-16.5834118175631,15.1878314170903));
#6686=CARTESIAN_POINT('Ctrl Pts',(-4.2881121830948,-16.526424965699,15.1091938691842));
#6687=CARTESIAN_POINT('Ctrl Pts',(-11.612648084364,-12.5162707189643,15.0305563212781));
#6688=CARTESIAN_POINT('Ctrl Pts',(-16.15940585936,-5.51218926690373,14.951918773372));
#6689=CARTESIAN_POINT('Ctrl Pts',(-16.840788243351,2.81042338168037,14.873281225466));
#6690=CARTESIAN_POINT('Ctrl Pts',(-13.4938066511215,10.4607748424214,14.7946436775599));
#6691=CARTESIAN_POINT('Ctrl Pts',(-6.91906850557705,15.6088795003619,14.7160061296538));
#6692=CARTESIAN_POINT('Ctrl Pts',(1.3107303125504,17.0232962228073,14.6373685817477));
#6693=CARTESIAN_POINT('Ctrl Pts',(9.22699874852942,14.3656925463523,14.5587310338417));
#6694=CARTESIAN_POINT('Ctrl Pts',(14.9361430980285,8.2717747549665,14.4800934859356));
#6695=CARTESIAN_POINT('Ctrl Pts',(17.0725199540862,0.199225146541298,14.4014559380295));
#6696=CARTESIAN_POINT('Ctrl Pts',(15.1251019560936,-7.92097967801077,14.3228183901235));
#6697=CARTESIAN_POINT('Ctrl Pts',(9.55971697364899,-14.1464638558692,14.2441808422174));
#6698=CARTESIAN_POINT('Ctrl Pts',(1.70762076824743,-16.9880740389703,14.1655432943113));
#6699=CARTESIAN_POINT('Ctrl Pts',(-6.55294313406077,-15.7660890687403,14.0869057464052));
#6700=CARTESIAN_POINT('Ctrl Pts',(-13.246024583765,-10.7728111915126,14.0082681984991));
#6701=CARTESIAN_POINT('Ctrl Pts',(-16.7706196484902,-3.20264653799947,13.9296306505931));
#6702=CARTESIAN_POINT('Ctrl Pts',(-16.2836352625001,5.1336001869594,13.850993102687));
#6703=CARTESIAN_POINT('Ctrl Pts',(-11.9015594624089,12.241875289531,13.7723555547809));
#6704=CARTESIAN_POINT('Ctrl Pts',(-4.67259712076019,16.4218593462723,13.6937180068748));
#6705=CARTESIAN_POINT('Ctrl Pts',(3.67406361152616,16.6736883987959,13.6150804589687));
#6706=CARTESIAN_POINT('Ctrl Pts',(11.1418779807357,12.9371242285172,13.5364429110627));
#6707=CARTESIAN_POINT('Ctrl Pts',(15.9445237582815,6.10596350818468,13.4578053631566));
#6708=CARTESIAN_POINT('Ctrl Pts',(16.9331945485686,-2.18576087942031,13.3791678152505));
#6709=CARTESIAN_POINT('Ctrl Pts',(13.8713975141856,-9.95464510895086,13.3005302673444));
#6710=CARTESIAN_POINT('Ctrl Pts',(7.49152312863917,-15.342350193327,13.2218927194384));
#6711=CARTESIAN_POINT('Ctrl Pts',(-0.68034468751798,-17.0601219030809,13.1432551715323));
#6712=CARTESIAN_POINT('Ctrl Pts',(-8.68947213838321,-14.6970644074851,13.0646176236262));
#6713=CARTESIAN_POINT('Ctrl Pts',(-14.6200533817324,-8.81842771457075,12.9859800757201));
#6714=CARTESIAN_POINT('Ctrl Pts',(-17.0534766819947,-0.830398277088659,
12.9073425278141));
#6715=CARTESIAN_POINT('Ctrl Pts',(-15.407660332486,7.3562647667883,12.828704979908));
#6716=CARTESIAN_POINT('Ctrl Pts',(-10.0762882391984,13.7832885613668,12.7500674320019));
#6717=CARTESIAN_POINT('Ctrl Pts',(-2.33463962128742,16.9133109139816,12.6714298840958));
#6718=CARTESIAN_POINT('Ctrl Pts',(5.96546136877391,15.9976216642019,12.5927923361898));
#6719=CARTESIAN_POINT('Ctrl Pts',(12.8386071995183,11.2552562568084,12.5141547882837));
#6720=CARTESIAN_POINT('Ctrl Pts',(16.6407220299948,3.8206018581534,12.4355172403776));
#6721=CARTESIAN_POINT('Ctrl Pts',(16.4623292878778,-4.52795127136443,12.3568796924715));
#6722=CARTESIAN_POINT('Ctrl Pts',(12.3461010137479,-11.7934056921505,12.2782421445655));
#6723=CARTESIAN_POINT('Ctrl Pts',(5.27665061438929,-16.2378442823703,12.1996045966594));
#6724=CARTESIAN_POINT('Ctrl Pts',(-3.05498948677977,-16.7981447421732,12.1209670487533));
#6725=CARTESIAN_POINT('Ctrl Pts',(-10.6558674711825,-13.3402817640887,12.0423295008472));
#6726=CARTESIAN_POINT('Ctrl Pts',(-15.7078320006133,-6.69138563775648,11.9636919529412));
#6727=CARTESIAN_POINT('Ctrl Pts',(-17.002438772731,1.55810842756151,11.8850544050351));
#6728=CARTESIAN_POINT('Ctrl Pts',(-14.2300145109812,9.43489924996655,11.806416857129));
#6729=CARTESIAN_POINT('Ctrl Pts',(-8.05373030551695,15.0548342767781,11.7277793092229));
#6730=CARTESIAN_POINT('Ctrl Pts',(0.0490280990829341,17.0736131186113,11.6491417613168));
#6731=CARTESIAN_POINT('Ctrl Pts',(8.14006034384225,15.0083306180545,11.5705042134108));
#6732=CARTESIAN_POINT('Ctrl Pts',(14.2839643151296,9.35302288462176,11.4918666655047));
#6733=CARTESIAN_POINT('Ctrl Pts',(17.011109459261,1.4604268471332,11.4132291175986));
#6734=CARTESIAN_POINT('Ctrl Pts',(15.6691383026428,-6.78147069161572,11.3345915696925));
#6735=CARTESIAN_POINT('Ctrl Pts',(10.5790865349008,-13.4012927000295,11.2559540217864));
#6736=CARTESIAN_POINT('Ctrl Pts',(2.95844587782497,-16.8153490536596,11.1773164738804));
#6737=CARTESIAN_POINT('Ctrl Pts',(-5.36978247685798,-16.2073962110456,11.0986789259743));
#6738=CARTESIAN_POINT('Ctrl Pts',(-12.413701369609,-11.7220636655358,11.0200413780682));
#6739=CARTESIAN_POINT('Ctrl Pts',(-16.4879173553632,-4.43380859374552,10.9414038301622));
#6740=CARTESIAN_POINT('Ctrl Pts',(-16.6188234916032,3.91710496335568,10.8627662822561));
#6741=CARTESIAN_POINT('Ctrl Pts',(-14.0547885309081,8.85648611212257,10.8103412503187));
#6742=CARTESIAN_POINT('Ctrl Pts',(-12.2634893177195,10.8762594432405,10.78412873435));
#6743=CARTESIAN_POINT('Ctrl Pts',(-4.19373965015857,-15.6526307640821,22.21587126565));
#6744=CARTESIAN_POINT('Ctrl Pts',(-6.77169812185141,-14.9619298319417,22.1896587496813));
#6745=CARTESIAN_POINT('Ctrl Pts',(-11.5773854032664,-12.2833701749313,22.1372337177439));
#6746=CARTESIAN_POINT('Ctrl Pts',(-16.0178261918925,-5.3223848825252,22.0585961698379));
#6747=CARTESIAN_POINT('Ctrl Pts',(-16.6261588054851,2.9096625772883,21.9799586219318));
#6748=CARTESIAN_POINT('Ctrl Pts',(-13.2577711517146,10.4467279326807,21.9013210740257));
#6749=CARTESIAN_POINT('Ctrl Pts',(-6.71793146277469,15.4843876493921,21.8226835261196));
#6750=CARTESIAN_POINT('Ctrl Pts',(1.42877621527867,16.8184047593903,21.7440459782135));
#6751=CARTESIAN_POINT('Ctrl Pts',(9.23375782519027,14.1292749996719,21.6654084303075));
#6752=CARTESIAN_POINT('Ctrl Pts',(14.8299773476428,8.06045339518882,21.5867708824014));
#6753=CARTESIAN_POINT('Ctrl Pts',(16.8788354361849,0.0635123518340637,21.5081333344954));
#6754=CARTESIAN_POINT('Ctrl Pts',(14.8902229380053,-7.94860235550613,21.4294957865892));
#6755=CARTESIAN_POINT('Ctrl Pts',(9.33983006684609,-14.0593985994383,21.3508582386832));
#6756=CARTESIAN_POINT('Ctrl Pts',(1.55532205376492,-16.8071421610463,21.2722206907771));
#6757=CARTESIAN_POINT('Ctrl Pts',(-6.60122261007387,-15.5345725268207,21.193583142871));
#6758=CARTESIAN_POINT('Ctrl Pts',(-13.1787366281352,-10.5460880861841,21.1149455949649));
#6759=CARTESIAN_POINT('Ctrl Pts',(-16.6038595272698,-3.03495034767856,21.0363080470589));
#6760=CARTESIAN_POINT('Ctrl Pts',(-16.0572925704832,5.20215640758507,20.9576704991528));
#6761=CARTESIAN_POINT('Ctrl Pts',(-11.6697759553827,12.1948925212321,20.8790329512467));
#6762=CARTESIAN_POINT('Ctrl Pts',(-4.49081609394453,16.2705760912182,20.8003954033406));
#6763=CARTESIAN_POINT('Ctrl Pts',(3.76235963875595,16.4542919904845,20.7217578554345));
#6764=CARTESIAN_POINT('Ctrl Pts',(11.1155683427011,12.7020949299664,20.6431203075285));
#6765=CARTESIAN_POINT('Ctrl Pts',(15.8099017982509,5.91152097703126,20.5644827596224));
#6766=CARTESIAN_POINT('Ctrl Pts',(16.722462216583,-2.29310543569651,20.4858452117164));
#6767=CARTESIAN_POINT('Ctrl Pts',(13.6349625785309,-9.94921457347906,20.4072076638102));
#6768=CARTESIAN_POINT('Ctrl Pts',(7.2859414912813,-15.2254435637896,20.3285701159042));
#6769=CARTESIAN_POINT('Ctrl Pts',(-0.805897319686528,-16.8597035753719,
20.2499325679981));
#6770=CARTESIAN_POINT('Ctrl Pts',(-8.7049632222865,-14.4610750095931,20.171295020092));
#6771=CARTESIAN_POINT('Ctrl Pts',(-14.5217774064135,-8.60331657528414,20.0926574721859));
#6772=CARTESIAN_POINT('Ctrl Pts',(-16.8649415375399,-0.687620586681234,
20.0140199242799));
#6773=CARTESIAN_POINT('Ctrl Pts',(-15.1739641564349,7.39255618272807,19.9353823763738));
#6774=CARTESIAN_POINT('Ctrl Pts',(-9.85333181495595,13.7044126937365,19.8567448284678));
#6775=CARTESIAN_POINT('Ctrl Pts',(-2.17575475357232,16.7381350928943,19.7781072805616));
#6776=CARTESIAN_POINT('Ctrl Pts',(6.0222689724025,15.7680484385293,19.6994697326556));
#6777=CARTESIAN_POINT('Ctrl Pts',(12.7797489997715,11.0262001903908,19.6208321847495));
#6778=CARTESIAN_POINT('Ctrl Pts',(16.4802770750156,3.64685380382229,19.5421946368434));
#6779=CARTESIAN_POINT('Ctrl Pts',(16.2386764608065,-4.60483028319077,19.4635570889373));
#6780=CARTESIAN_POINT('Ctrl Pts',(12.1127387044779,-11.7550259979628,19.3849195410313));
#6781=CARTESIAN_POINT('Ctrl Pts',(5.08939973714867,-16.0933863885527,19.3062819931252));
#6782=CARTESIAN_POINT('Ctrl Pts',(-3.15133798049215,-16.5821634314841,19.2276444452191));
#6783=CARTESIAN_POINT('Ctrl Pts',(-10.6382667781424,-13.1044402815539,19.149006897313));
#6784=CARTESIAN_POINT('Ctrl Pts',(-15.5804922021003,-6.492098110475,19.070369349407));
#6785=CARTESIAN_POINT('Ctrl Pts',(-16.7958200122539,1.67317221220945,18.9917318015009));
#6786=CARTESIAN_POINT('Ctrl Pts',(-13.9935403737087,9.43821502960839,18.9130942535948));
#6787=CARTESIAN_POINT('Ctrl Pts',(-7.84396646801455,14.9456102312486,18.8344567056887));
#6788=CARTESIAN_POINT('Ctrl Pts',(0.181906307651239,16.8779733745191,18.7558191577827));
#6789=CARTESIAN_POINT('Ctrl Pts',(8.16426658222738,14.7730777534698,18.6771816098766));
#6790=CARTESIAN_POINT('Ctrl Pts',(14.1937112974567,9.13442032863561,18.5985440619705));
#6791=CARTESIAN_POINT('Ctrl Pts',(16.8279802968388,1.31078383608698,18.5199065140644));
#6792=CARTESIAN_POINT('Ctrl Pts',(15.4369490168768,-6.82639584159073,18.4412689661583));
#6793=CARTESIAN_POINT('Ctrl Pts',(10.3533560572742,-13.3306824089033,18.3626314182523));
#6794=CARTESIAN_POINT('Ctrl Pts',(2.79321117079994,-16.6462322010435,18.2839938703462));
#6795=CARTESIAN_POINT('Ctrl Pts',(-5.43507769420039,-15.9799563702078,18.2053563224401));
#6796=CARTESIAN_POINT('Ctrl Pts',(-12.3632806680358,-11.4912299715528,18.126718774534));
#6797=CARTESIAN_POINT('Ctrl Pts',(-16.3341520875906,-4.25376900115664,18.048081226628));
#6798=CARTESIAN_POINT('Ctrl Pts',(-16.397848326213,4.00120549412982,17.9694436787219));
#6799=CARTESIAN_POINT('Ctrl Pts',(-12.539133064238,11.2990803666969,17.8908061308158));
#6800=CARTESIAN_POINT('Ctrl Pts',(-5.6810218595608,15.8941833941518,17.8121685829098));
#6801=CARTESIAN_POINT('Ctrl Pts',(2.53600577328367,16.687352991221,17.7335310350037));
#6802=CARTESIAN_POINT('Ctrl Pts',(10.1464136830509,13.488860756496,17.6548934870976));
#6803=CARTESIAN_POINT('Ctrl Pts',(15.3297708646688,7.06379504037957,17.5762559391915));
#6804=CARTESIAN_POINT('Ctrl Pts',(16.8462036824981,-1.05095034303543,17.4976183912854));
#6805=CARTESIAN_POINT('Ctrl Pts',(14.3329771358114,-8.91430544462363,17.4189808433794));
#6806=CARTESIAN_POINT('Ctrl Pts',(8.3912620925312,-14.6453335786588,17.3403432954733));
#6807=CARTESIAN_POINT('Ctrl Pts',(0.442333524555996,-16.8731566752873,17.2617057475672));
#6808=CARTESIAN_POINT('Ctrl Pts',(-7.61240246822903,-15.0648731756176,17.1830681996611));
#6809=CARTESIAN_POINT('Ctrl Pts',(-13.8462303519405,-9.65302958540687,17.1044306517551));
#6810=CARTESIAN_POINT('Ctrl Pts',(-16.7680009405768,-1.93215413271214,17.0257931038489));
#6811=CARTESIAN_POINT('Ctrl Pts',(-15.6788184808056,6.25089803001849,16.9471555559429));
#6812=CARTESIAN_POINT('Ctrl Pts',(-10.8392184844494,12.9387177796763,16.8685180080368));
#6813=CARTESIAN_POINT('Ctrl Pts',(-3.40684690031545,16.5315597973558,16.7898804601308));
#6814=CARTESIAN_POINT('Ctrl Pts',(4.84045205701595,16.1700061539713,16.7112429122246));
#6815=CARTESIAN_POINT('Ctrl Pts',(11.9299012502305,11.9405414992574,16.6326053643186));
#6816=CARTESIAN_POINT('Ctrl Pts',(16.1656844664222,4.85486568998749,16.5539678164125));
#6817=CARTESIAN_POINT('Ctrl Pts',(16.5345904311173,-3.39210766499899,16.4753302685064));
#6818=CARTESIAN_POINT('Ctrl Pts',(12.9483757986176,-10.8276793133855,16.3966927206004));
#6819=CARTESIAN_POINT('Ctrl Pts',(6.26487320880911,-15.6732395762103,16.3180551726943));
#6820=CARTESIAN_POINT('Ctrl Pts',(-1.91720469619694,-16.7697167921411,16.2394176247882));
#6821=CARTESIAN_POINT('Ctrl Pts',(-9.64068183848341,-13.854830523138,16.1607800768821));
#6822=CARTESIAN_POINT('Ctrl Pts',(-15.0580807341246,-7.62582977388858,16.082142528976));
#6823=CARTESIAN_POINT('Ctrl Pts',(-16.8735443103595,0.427290933763131,16.00350498107));
#6824=CARTESIAN_POINT('Ctrl Pts',(-14.6528085668949,8.3782024466869,15.9248674331639));
#6825=CARTESIAN_POINT('Ctrl Pts',(-8.9270797477862,14.3250243389813,15.8462298852578));
#6826=CARTESIAN_POINT('Ctrl Pts',(-1.06596831183176,16.8452600660812,15.7675923373517));
#6827=CARTESIAN_POINT('Ctrl Pts',(7.05012574638032,15.3360621443696,15.6889547894457));
#6828=CARTESIAN_POINT('Ctrl Pts',(13.4798098709151,10.1584349670469,15.6103172415396));
#6829=CARTESIAN_POINT('Ctrl Pts',(16.6850855113792,2.5508815365877,15.5316796936335));
#6830=CARTESIAN_POINT('Ctrl Pts',(15.8992417076132,-5.66684994142539,15.4530421457274));
#6831=CARTESIAN_POINT('Ctrl Pts',(11.3102545106358,-12.5290549540012,15.3744045978213));
#6832=CARTESIAN_POINT('Ctrl Pts',(4.01582258184662,-16.3942747362264,15.2957670499153));
#6833=CARTESIAN_POINT('Ctrl Pts',(-4.23920541820966,-16.3379378306432,15.2171295020092));
#6834=CARTESIAN_POINT('Ctrl Pts',(-11.4802035434317,-12.3735201837277,15.1384919541031));
#6835=CARTESIAN_POINT('Ctrl Pts',(-15.9751046495728,-5.44932166154078,15.0598544061971));
#6836=CARTESIAN_POINT('Ctrl Pts',(-16.6487157331343,2.77836994891399,14.981216858291));
#6837=CARTESIAN_POINT('Ctrl Pts',(-13.3399071258493,10.3414676429149,14.9025793103849));
#6838=CARTESIAN_POINT('Ctrl Pts',(-6.8401551651191,15.43085715224,14.8239417624788));
#6839=CARTESIAN_POINT('Ctrl Pts',(1.29578117491439,16.8291421731019,14.7453042145728));
#6840=CARTESIAN_POINT('Ctrl Pts',(9.12176300862297,14.2018489905455,14.6666666666667));
#6841=CARTESIAN_POINT('Ctrl Pts',(14.7657934412108,8.17743353303698,14.5880291187606));
#6842=CARTESIAN_POINT('Ctrl Pts',(16.8778044980207,0.196952944466116,14.5093915708545));
#6843=CARTESIAN_POINT('Ctrl Pts',(14.9525971862448,-7.83063934309612,14.4307540229484));
#6844=CARTESIAN_POINT('Ctrl Pts',(9.4506865167869,-13.9851206465001,14.3521164750424));
#6845=CARTESIAN_POINT('Ctrl Pts',(1.68814501671394,-16.7943217052159,14.2734789271363));
#6846=CARTESIAN_POINT('Ctrl Pts',(-6.47820552564961,-15.5862737144958,14.1948413792302));
#6847=CARTESIAN_POINT('Ctrl Pts',(-13.0949510618233,-10.6499451559242,14.1162038313242));
#6848=CARTESIAN_POINT('Ctrl Pts',(-16.5793474249321,-3.1661197228052,14.0375662834181));
#6849=CARTESIAN_POINT('Ctrl Pts',(-16.0979171918773,5.07505046469518,13.958928735512));
#6850=CARTESIAN_POINT('Ctrl Pts',(-11.7658198302488,12.1022542882665,13.8802911876059));
#6851=CARTESIAN_POINT('Ctrl Pts',(-4.61930522935657,16.234564802722,13.8016536396998));
#6852=CARTESIAN_POINT('Ctrl Pts',(3.63216019166452,16.4835216952515,13.7230160917937));
#6853=CARTESIAN_POINT('Ctrl Pts',(11.0148026656515,12.7895737760294,13.6443785438877));
#6854=CARTESIAN_POINT('Ctrl Pts',(15.7626733212229,6.03632379053239,13.5657409959816));
#6855=CARTESIAN_POINT('Ctrl Pts',(16.7400681262222,-2.1608318456496,13.4871034480755));
#6856=CARTESIAN_POINT('Ctrl Pts',(13.713191490675,-9.84111041884228,13.4084659001695));
#6857=CARTESIAN_POINT('Ctrl Pts',(7.40608083034102,-15.1673676645002,13.3298283522634));
#6858=CARTESIAN_POINT('Ctrl Pts',(-0.672585222221239,-16.8655478492315,
13.2511908043573));
#6859=CARTESIAN_POINT('Ctrl Pts',(-8.59036699544331,-14.5294414902693,13.1725532564512));
#6860=CARTESIAN_POINT('Ctrl Pts',(-14.4533087904488,-8.71785180785977,13.0939157085452));
#6861=CARTESIAN_POINT('Ctrl Pts',(-16.858978418202,-0.820927421018545,13.0152781606391));
#6862=CARTESIAN_POINT('Ctrl Pts',(-15.2319329286458,7.27236511677436,12.936640612733));
#6863=CARTESIAN_POINT('Ctrl Pts',(-9.96136618520642,13.6260874378346,12.8580030648269));
#6864=CARTESIAN_POINT('Ctrl Pts',(-2.30801259611303,16.7204112684078,12.7793655169208));
#6865=CARTESIAN_POINT('Ctrl Pts',(5.89742410572277,15.8151656350576,12.7007279690148));
#6866=CARTESIAN_POINT('Ctrl Pts',(12.6921803531697,11.1268878401322,12.6220904211087));
#6867=CARTESIAN_POINT('Ctrl Pts',(16.4509313143861,3.77702714069776,12.5434528732026));
#6868=CARTESIAN_POINT('Ctrl Pts',(16.2745731766645,-4.47630909439131,12.4648153252965));
#6869=CARTESIAN_POINT('Ctrl Pts',(12.2052912975497,-11.6588995750636,12.3861777773905));
#6870=CARTESIAN_POINT('Ctrl Pts',(5.21646937379667,-16.0526484669039,12.3075402294844));
#6871=CARTESIAN_POINT('Ctrl Pts',(-3.02014672936649,-16.6065585894949,12.2289026815783));
#6872=CARTESIAN_POINT('Ctrl Pts',(-10.5343352017808,-13.1881332204219,12.1502651336722));
#6873=CARTESIAN_POINT('Ctrl Pts',(-15.5286810797167,-6.61506906529558,12.0716275857661));
#6874=CARTESIAN_POINT('Ctrl Pts',(-16.8085226063559,1.54033789375114,11.9929900378601));
#6875=CARTESIAN_POINT('Ctrl Pts',(-14.0677183899179,9.3272923638519,11.914352489954));
#6876=CARTESIAN_POINT('Ctrl Pts',(-7.96187592352268,14.8831309236658,11.8357149420479));
#6877=CARTESIAN_POINT('Ctrl Pts',(0.0484689239465939,16.8788851947888,11.7570773941419));
#6878=CARTESIAN_POINT('Ctrl Pts',(8.0472213507402,14.8371576483385,11.6784398462358));
#6879=CARTESIAN_POINT('Ctrl Pts',(14.1210528859133,9.24634981459648,11.5998022983297));
#6880=CARTESIAN_POINT('Ctrl Pts',(16.8170944019965,1.44377039100635,11.5211647504236));
#6881=CARTESIAN_POINT('Ctrl Pts',(15.4904286910004,-6.70412668135454,11.4425272025175));
#6882=CARTESIAN_POINT('Ctrl Pts',(10.4584299672155,-13.2484483146095,11.3638896546114));
#6883=CARTESIAN_POINT('Ctrl Pts',(2.92470421930618,-16.6235666824168,11.2852521067054));
#6884=CARTESIAN_POINT('Ctrl Pts',(-5.30853904901217,-16.0225476618358,11.2066145587993));
#6885=CARTESIAN_POINT('Ctrl Pts',(-12.2721206580243,-11.5883712183281,11.1279770108932));
#6886=CARTESIAN_POINT('Ctrl Pts',(-16.2998694071954,-4.38324013257165,11.0493394629871));
#6887=CARTESIAN_POINT('Ctrl Pts',(-16.4292825331423,3.87242960895882,10.9707019150811));
#6888=CARTESIAN_POINT('Ctrl Pts',(-13.8944908966947,8.75547614188397,10.9182768831437));
#6889=CARTESIAN_POINT('Ctrl Pts',(-12.1236218042021,10.7522135599455,10.892064367175));
#6890=CARTESIAN_POINT('Ctrl Pts',(-4.1453574136718,-15.4720498633961,22.323806898475));
#6891=CARTESIAN_POINT('Ctrl Pts',(-6.6935745549924,-14.7893173934466,22.2975943825063));
#6892=CARTESIAN_POINT('Ctrl Pts',(-11.4438196969502,-12.1416596801857,22.2451693505689));
#6893=CARTESIAN_POINT('Ctrl Pts',(-15.8330321132255,-5.26098171839453,22.1665318026629));
#6894=CARTESIAN_POINT('Ctrl Pts',(-16.4343465294981,2.87609445082967,22.0878942547568));
#6895=CARTESIAN_POINT('Ctrl Pts',(-13.1048192108077,10.3262063687508,22.0092567068507));
#6896=CARTESIAN_POINT('Ctrl Pts',(-6.64042818983748,15.3057477318957,21.9306191589446));
#6897=CARTESIAN_POINT('Ctrl Pts',(1.41229274360402,16.6243745848256,21.8519816110386));
#6898=CARTESIAN_POINT('Ctrl Pts',(9.12723002613078,13.9662687137679,21.7733440631325));
#6899=CARTESIAN_POINT('Ctrl Pts',(14.6588872154502,7.96746174694909,21.6947065152264));
#6900=CARTESIAN_POINT('Ctrl Pts',(16.6841080864163,0.0627796240343832,21.6160689673203));
#6901=CARTESIAN_POINT('Ctrl Pts',(14.7184377659096,-7.85690110769765,21.5374314194142));
#6902=CARTESIAN_POINT('Ctrl Pts',(9.23207853605584,-13.8971984619372,21.4587938715082));
#6903=CARTESIAN_POINT('Ctrl Pts',(1.53737865105142,-16.61324192056,21.3801563236021));
#6904=CARTESIAN_POINT('Ctrl Pts',(-6.52506578107035,-15.3553536376164,21.301518775696));
#6905=CARTESIAN_POINT('Ctrl Pts',(-13.0266964908522,-10.4244202263834,21.2228812277899));
#6906=CARTESIAN_POINT('Ctrl Pts',(-16.4123045130688,-2.99993680423138,21.1442436798839));
#6907=CARTESIAN_POINT('Ctrl Pts',(-15.8720431770324,5.14214029248279,21.0656061319778));
#6908=CARTESIAN_POINT('Ctrl Pts',(-11.5351443599283,12.0542027733907,20.9869685840717));
#6909=CARTESIAN_POINT('Ctrl Pts',(-4.43900655296178,16.0828660934859,20.9083310361656));
#6910=CARTESIAN_POINT('Ctrl Pts',(3.71895413699007,16.2644625035072,20.8296934882596));
#6911=CARTESIAN_POINT('Ctrl Pts',(10.9873305165354,12.5555537013625,20.7510559403535));
#6912=CARTESIAN_POINT('Ctrl Pts',(15.6275064968147,5.84332108152835,20.6724183924474));
#6913=CARTESIAN_POINT('Ctrl Pts',(16.5295389096788,-2.26665039109813,20.5937808445413));
#6914=CARTESIAN_POINT('Ctrl Pts',(13.4776590644852,-9.83443270991404,20.5151432966353));
#6915=CARTESIAN_POINT('Ctrl Pts',(7.20188521367079,-15.0497910263005,20.4365057487292));
#6916=CARTESIAN_POINT('Ctrl Pts',(-0.796599862534264,-16.665196945603,20.3578682008231));
#6917=CARTESIAN_POINT('Ctrl Pts',(-8.60453600830496,-14.294240821176,20.279230652917));
#6918=CARTESIAN_POINT('Ctrl Pts',(-14.3542429080193,-8.50406203593755,20.200593105011));
#6919=CARTESIAN_POINT('Ctrl Pts',(-16.6703744785729,-0.679687661747123,
20.1219555571049));
#6920=CARTESIAN_POINT('Ctrl Pts',(-14.9989055253559,7.30726991526488,20.0433180091988));
#6921=CARTESIAN_POINT('Ctrl Pts',(-9.73965612933349,13.5463079492429,19.9646804612927));
#6922=CARTESIAN_POINT('Ctrl Pts',(-2.15065355755016,16.5450309715211,19.8860429133866));
#6923=CARTESIAN_POINT('Ctrl Pts',(5.95279140204387,15.5861359899444,19.8074053654806));
#6924=CARTESIAN_POINT('Ctrl Pts',(12.6323118935303,10.8989933846126,19.7287678175745));
#6925=CARTESIAN_POINT('Ctrl Pts',(16.2901478039292,3.60478086704318,19.6501302696684));
#6926=CARTESIAN_POINT('Ctrl Pts',(16.0513344819765,-4.551705386004,19.5714927217624));
#6927=CARTESIAN_POINT('Ctrl Pts',(11.9729967468482,-11.6194108918319,19.4928551738563));
#6928=CARTESIAN_POINT('Ctrl Pts',(5.03068447053713,-15.9077205887946,19.4142176259502));
#6929=CARTESIAN_POINT('Ctrl Pts',(-3.11498169895327,-16.3908587202882,19.3355800780441));
#6930=CARTESIAN_POINT('Ctrl Pts',(-10.5155354733867,-12.9532572846063,19.2569425301381));
#6931=CARTESIAN_POINT('Ctrl Pts',(-15.4007435478714,-6.41720022641956,19.1783049822319));
#6932=CARTESIAN_POINT('Ctrl Pts',(-16.6020503928663,1.65386919857313,19.0996674343259));
#6933=CARTESIAN_POINT('Ctrl Pts',(-13.8321000278297,9.32932845350483,19.0210298864198));
#6934=CARTESIAN_POINT('Ctrl Pts',(-7.75347238104007,14.7731860683371,18.9423923385137));
#6935=CARTESIAN_POINT('Ctrl Pts',(0.179807695260054,16.6832559701632,18.8637547906076));
#6936=CARTESIAN_POINT('Ctrl Pts',(8.07007726446479,14.6026440591706,18.7851172427016));
#6937=CARTESIAN_POINT('Ctrl Pts',(14.0299616243952,9.02903856405877,18.7064796947955));
#6938=CARTESIAN_POINT('Ctrl Pts',(16.63383965144,1.2956616161041,18.6278421468894));
#6939=CARTESIAN_POINT('Ctrl Pts',(15.2588563882749,-6.74764123937129,18.5492045989834));
#6940=CARTESIAN_POINT('Ctrl Pts',(10.2339117037899,-13.1768893071276,18.4705670510773));
#6941=CARTESIAN_POINT('Ctrl Pts',(2.76098651817563,-16.4541883427811,18.3919295031712));
#6942=CARTESIAN_POINT('Ctrl Pts',(-5.37237441830322,-15.7955991872047,18.3132919552651));
#6943=CARTESIAN_POINT('Ctrl Pts',(-12.2206482638019,-11.3586582211852,18.234654407359));
#6944=CARTESIAN_POINT('Ctrl Pts',(-16.1457086278057,-4.20469421947193,18.1560168594529));
#6945=CARTESIAN_POINT('Ctrl Pts',(-16.2086700171677,3.95504448114424,18.0773793115469));
#6946=CARTESIAN_POINT('Ctrl Pts',(-12.3944718902354,11.1687254033496,17.9987417636408));
#6947=CARTESIAN_POINT('Ctrl Pts',(-5.61548118082902,15.7108157547919,17.9201042157347));
#6948=CARTESIAN_POINT('Ctrl Pts',(2.50674844181098,16.4948347315982,17.8414666678287));
#6949=CARTESIAN_POINT('Ctrl Pts',(10.029356777459,13.3332427864979,17.7628291199226));
#6950=CARTESIAN_POINT('Ctrl Pts',(15.1529147264404,6.98230161669391,17.6841915720165));
#6951=CARTESIAN_POINT('Ctrl Pts',(16.6518527979743,-1.03882576395463,17.6055540241104));
#6952=CARTESIAN_POINT('Ctrl Pts',(14.1676207839172,-8.81146309623876,17.5269164762043));
#6953=CARTESIAN_POINT('Ctrl Pts',(8.29445397832985,-14.4763736403365,17.4482789282983));
#6954=CARTESIAN_POINT('Ctrl Pts',(0.437230421603405,-16.6784948401133,17.3696413803922));
#6955=CARTESIAN_POINT('Ctrl Pts',(-7.52457988333479,-14.8910731027879,17.2910038324861));
#6956=CARTESIAN_POINT('Ctrl Pts',(-13.6864894888394,-9.54166474181262,17.21236628458));
#6957=CARTESIAN_POINT('Ctrl Pts',(-16.5745522635978,-1.90986330257578,17.133728736674));
#6958=CARTESIAN_POINT('Ctrl Pts',(-15.4979354582883,6.17878281735105,17.0550911887679));
#6959=CARTESIAN_POINT('Ctrl Pts',(-10.7141688447974,12.7894466861719,16.9764536408618));
#6960=CARTESIAN_POINT('Ctrl Pts',(-3.36754286950871,16.3408388889702,16.8978160929557));
#6961=CARTESIAN_POINT('Ctrl Pts',(4.78460884411727,15.9834564091143,16.8191785450497));
#6962=CARTESIAN_POINT('Ctrl Pts',(11.792268647422,11.8027861422754,16.7405409971436));
#6963=CARTESIAN_POINT('Ctrl Pts',(15.9791845799079,4.79885619022857,16.6619034492375));
#6964=CARTESIAN_POINT('Ctrl Pts',(16.3438345589878,-3.35297367745392,16.5832659013314));
#6965=CARTESIAN_POINT('Ctrl Pts',(12.7989932827085,-10.7027627985695,16.5046283534253));
#6966=CARTESIAN_POINT('Ctrl Pts',(6.19259676762929,-15.4924209162677,16.4259908055193));
#6967=CARTESIAN_POINT('Ctrl Pts',(-1.89508633436649,-16.5762483197664,16.3473532576132));
#6968=CARTESIAN_POINT('Ctrl Pts',(-9.52945944808404,-13.694990441785,16.2687157097071));
#6969=CARTESIAN_POINT('Ctrl Pts',(-14.8843590241735,-7.53785228117175,16.1900781618011));
#6970=CARTESIAN_POINT('Ctrl Pts',(-16.6788780031263,0.422361373816517,16.1114406138949));
#6971=CARTESIAN_POINT('Ctrl Pts',(-14.4837623913051,8.28154499869908,16.0328030659889));
#6972=CARTESIAN_POINT('Ctrl Pts',(-8.82409002512248,14.1597597367256,15.9541655180828));
#6973=CARTESIAN_POINT('Ctrl Pts',(-1.05367047380347,16.650920067849,15.8755279701768));
#6974=CARTESIAN_POINT('Ctrl Pts',(6.96879002228263,15.1591334250542,15.7968904222706));
#6975=CARTESIAN_POINT('Ctrl Pts',(13.3242963189599,10.0412393745898,15.7182528743646));
#6976=CARTESIAN_POINT('Ctrl Pts',(16.4925934111643,2.52145258676047,15.6396153264585));
#6977=CARTESIAN_POINT('Ctrl Pts',(15.715815711622,-5.60147276094382,15.5609777785525));
#6978=CARTESIAN_POINT('Ctrl Pts',(11.1797706336888,-12.3845100489027,15.4823402306464));
#6979=CARTESIAN_POINT('Ctrl Pts',(3.9694929347889,-16.2051376548896,15.4037026827403));
#6980=CARTESIAN_POINT('Ctrl Pts',(-4.19029865332451,-16.1494506955874,15.3250651348342));
#6981=CARTESIAN_POINT('Ctrl Pts',(-11.3477590024995,-12.2307696484912,15.2464275869281));
#6982=CARTESIAN_POINT('Ctrl Pts',(-15.7908034397857,-5.38645405617783,15.1677900390221));
#6983=CARTESIAN_POINT('Ctrl Pts',(-16.4566432229175,2.7463165161476,15.089152491116));
#6984=CARTESIAN_POINT('Ctrl Pts',(-13.1860076005771,10.2221604434084,15.0105149432099));
#6985=CARTESIAN_POINT('Ctrl Pts',(-6.76124182466115,15.252834804118,14.9318773953038));
#6986=CARTESIAN_POINT('Ctrl Pts',(1.28083203727839,16.6349881233965,14.8532398473977));
#6987=CARTESIAN_POINT('Ctrl Pts',(9.01652726871652,14.0380054347387,14.7746022994917));
#6988=CARTESIAN_POINT('Ctrl Pts',(14.595443784393,8.08309231110747,14.6959647515856));
#6989=CARTESIAN_POINT('Ctrl Pts',(16.6830890419551,0.194680742390904,14.6173272036795));
#6990=CARTESIAN_POINT('Ctrl Pts',(14.780092416396,-7.74029900818142,14.5386896557735));
#6991=CARTESIAN_POINT('Ctrl Pts',(9.34165605992478,-13.823777437131,14.4600521078673));
#6992=CARTESIAN_POINT('Ctrl Pts',(1.66866926518046,-16.6005693714614,14.3814145599613));
#6993=CARTESIAN_POINT('Ctrl Pts',(-6.40346791723846,-15.4064583602514,14.3027770120552));
#6994=CARTESIAN_POINT('Ctrl Pts',(-12.9438775398817,-10.5270791203357,14.2241394641491));
#6995=CARTESIAN_POINT('Ctrl Pts',(-16.3880752013741,-3.12959290761094,14.1455019162431));
#6996=CARTESIAN_POINT('Ctrl Pts',(-15.9121991212544,5.01650074243097,14.066864368337));
#6997=CARTESIAN_POINT('Ctrl Pts',(-11.6300801980886,11.962633287002,13.9882268204309));
#6998=CARTESIAN_POINT('Ctrl Pts',(-4.56601333795295,16.0472702591718,13.9095892725248));
#6999=CARTESIAN_POINT('Ctrl Pts',(3.5902567718029,16.293354991707,13.8309517246188));
#7000=CARTESIAN_POINT('Ctrl Pts',(10.8877273505674,12.6420233235416,13.7523141767127));
#7001=CARTESIAN_POINT('Ctrl Pts',(15.5808228841644,5.9666840728801,13.6736766288066));
#7002=CARTESIAN_POINT('Ctrl Pts',(16.5469417038757,-2.13590281187889,13.5950390809005));
#7003=CARTESIAN_POINT('Ctrl Pts',(13.5549854671645,-9.7275757287337,13.5164015329945));
#7004=CARTESIAN_POINT('Ctrl Pts',(7.32063853204285,-14.9923851356735,13.4377639850884));
#7005=CARTESIAN_POINT('Ctrl Pts',(-0.664825756924485,-16.6709737953821,
13.3591264371823));
#7006=CARTESIAN_POINT('Ctrl Pts',(-8.49126185250341,-14.3618185730536,13.2804888892762));
#7007=CARTESIAN_POINT('Ctrl Pts',(-14.2865641991651,-8.6172759011488,13.2018513413701));
#7008=CARTESIAN_POINT('Ctrl Pts',(-16.6644801544092,-0.811456564948417,
13.1232137934641));
#7009=CARTESIAN_POINT('Ctrl Pts',(-15.0562055248055,7.1884654667604,13.044576245558));
#7010=CARTESIAN_POINT('Ctrl Pts',(-9.84644413121441,13.4688863143023,12.9659386976519));
#7011=CARTESIAN_POINT('Ctrl Pts',(-2.28138557093865,16.5275116228341,12.8873011497458));
#7012=CARTESIAN_POINT('Ctrl Pts',(5.82938684267162,15.6327096059134,12.8086636018398));
#7013=CARTESIAN_POINT('Ctrl Pts',(12.5457535068211,10.998519423456,12.7300260539337));
#7014=CARTESIAN_POINT('Ctrl Pts',(16.2611405987774,3.73345242324212,12.6513885060276));
#7015=CARTESIAN_POINT('Ctrl Pts',(16.0868170654512,-4.42466691741818,12.5727509581215));
#7016=CARTESIAN_POINT('Ctrl Pts',(12.0644815813515,-11.5243934579767,12.4941134102155));
#7017=CARTESIAN_POINT('Ctrl Pts',(5.15628813320403,-15.8674526514376,12.4154758623094));
#7018=CARTESIAN_POINT('Ctrl Pts',(-2.98530397195319,-16.4149724368166,12.3368383144033));
#7019=CARTESIAN_POINT('Ctrl Pts',(-10.4128029323792,-13.0359846767551,12.2582007664972));
#7020=CARTESIAN_POINT('Ctrl Pts',(-15.3495301588201,-6.53875249283468,12.1795632185912));
#7021=CARTESIAN_POINT('Ctrl Pts',(-16.6146064399809,1.52256735994078,12.1009256706851));
#7022=CARTESIAN_POINT('Ctrl Pts',(-13.9054222688545,9.21968547773725,12.022288122779));
#7023=CARTESIAN_POINT('Ctrl Pts',(-7.87002154152841,14.7114275705535,11.9436505748729));
#7024=CARTESIAN_POINT('Ctrl Pts',(0.0479097488102536,16.6841572709664,11.8650130269668));
#7025=CARTESIAN_POINT('Ctrl Pts',(7.95438235763816,14.6659846786225,11.7863754790608));
#7026=CARTESIAN_POINT('Ctrl Pts',(13.9581414566969,9.13967674457119,11.7077379311547));
#7027=CARTESIAN_POINT('Ctrl Pts',(16.6230793447321,1.42711393487951,11.6291003832486));
#7028=CARTESIAN_POINT('Ctrl Pts',(15.3117190793579,-6.62678267109339,11.5504628353425));
#7029=CARTESIAN_POINT('Ctrl Pts',(10.3377733995301,-13.0956039291894,11.4718252874365));
#7030=CARTESIAN_POINT('Ctrl Pts',(2.89096256078741,-16.431784311174,11.3931877395304));
#7031=CARTESIAN_POINT('Ctrl Pts',(-5.24729562116637,-15.837699112626,11.3145501916243));
#7032=CARTESIAN_POINT('Ctrl Pts',(-12.1305399464395,-11.4546787711204,11.2359126437182));
#7033=CARTESIAN_POINT('Ctrl Pts',(-16.1118214590275,-4.33267167139777,11.1572750958122));
#7034=CARTESIAN_POINT('Ctrl Pts',(-16.2397415746815,3.82775425456196,11.0786375479061));
#7035=CARTESIAN_POINT('Ctrl Pts',(-13.7341932624814,8.65446617164539,11.0262125159687));
#7036=CARTESIAN_POINT('Ctrl Pts',(-11.9837542906847,10.6281676766504,11.));
#7037=CARTESIAN_POINT('Ctrl Pts',(-11.9837542906847,10.6281676766504,11.));
#7038=CARTESIAN_POINT('Ctrl Pts',(-12.2221925528173,10.3684605508017,11.));
#7039=CARTESIAN_POINT('Ctrl Pts',(-12.4516453037082,10.1010081594904,11.));
#7040=CARTESIAN_POINT('Ctrl Pts',(-12.6719169969695,9.8263799127208,11.));
#7041=CARTESIAN_POINT('Ctrl Pts',(-12.8939999476411,9.54949344366361,11.));
#7042=CARTESIAN_POINT('Ctrl Pts',(-13.1067505570216,9.26531217574746,11.));
#7043=CARTESIAN_POINT('Ctrl Pts',(-13.3099312402478,8.97438123007346,11.));
#7044=CARTESIAN_POINT('Ctrl Pts',(-13.5136862342013,8.68262793869037,11.));
#7045=CARTESIAN_POINT('Ctrl Pts',(-13.7078174334372,8.38408626879879,11.));
#7046=CARTESIAN_POINT('Ctrl Pts',(-13.8920432669692,8.07927457565906,11.));
#7047=CARTESIAN_POINT('Ctrl Pts',(-13.9513408379185,7.98116350918386,11.));
#7048=CARTESIAN_POINT('Ctrl Pts',(-14.009611838842,7.88240263710137,11.));
#7049=CARTESIAN_POINT('Ctrl Pts',(-14.0668458767013,7.78300868498485,11.));
#7050=CARTESIAN_POINT('Ctrl Pts',(-14.1023874710748,7.72128633126966,11.));
#7051=CARTESIAN_POINT('Ctrl Pts',(-14.1375291767986,7.65931984118679,11.));
#7052=CARTESIAN_POINT('Ctrl Pts',(-14.1722684056483,7.59711317473973,11.));
#7053=CARTESIAN_POINT('Ctrl Pts',(-14.2007625909883,7.54608935118871,11.));
#7054=CARTESIAN_POINT('Ctrl Pts',(-14.2289880295978,7.49490009186805,11.));
#7055=CARTESIAN_POINT('Ctrl Pts',(-14.2569297764132,7.4435726720557,11.));
#7056=CARTESIAN_POINT('Ctrl Pts',(-14.4278415166286,7.12961740294303,11.));
#7057=CARTESIAN_POINT('Ctrl Pts',(-14.5882373243322,6.81032945861913,11.));
#7058=CARTESIAN_POINT('Ctrl Pts',(-14.7378785069481,6.48625815646363,11.));
#7059=CARTESIAN_POINT('Ctrl Pts',(-14.8874781388461,6.16227683886333,11.));
#7060=CARTESIAN_POINT('Ctrl Pts',(-15.0263293988034,5.83351430542458,11.));
#7061=CARTESIAN_POINT('Ctrl Pts',(-15.154149524791,5.50049204600146,11.));
#7062=CARTESIAN_POINT('Ctrl Pts',(-15.2666214611559,5.20745792417958,11.));
#7063=CARTESIAN_POINT('Ctrl Pts',(-15.3705518544793,4.91112502535784,11.));
#7064=CARTESIAN_POINT('Ctrl Pts',(-15.4657170529597,4.61183584182031,11.));
#7065=CARTESIAN_POINT('Ctrl Pts',(-15.5132996521999,4.46219125005154,11.));
#7066=CARTESIAN_POINT('Ctrl Pts',(-15.5586904833125,4.31180742768584,11.));
#7067=CARTESIAN_POINT('Ctrl Pts',(-15.6018586730725,4.16072639971219,11.));
#7068=CARTESIAN_POINT('Ctrl Pts',(-15.6191602200716,4.10017404575236,11.));
#7069=CARTESIAN_POINT('Ctrl Pts',(-15.6361047089024,4.03950969087834,11.));
#7070=CARTESIAN_POINT('Ctrl Pts',(-15.652690060424,3.97873602345612,11.));
#7071=CARTESIAN_POINT('Ctrl Pts',(-15.663738001131,3.93825307840911,11.));
#7072=CARTESIAN_POINT('Ctrl Pts',(-15.6746243361433,3.89772979747544,11.));
#7073=CARTESIAN_POINT('Ctrl Pts',(-15.6853470774544,3.85717310392761,11.));
#7074=CARTESIAN_POINT('Ctrl Pts',(-15.6986903577845,3.80670472876377,11.));
#7075=CARTESIAN_POINT('Ctrl Pts',(-15.7117811227339,3.75618165006575,11.));
#7076=CARTESIAN_POINT('Ctrl Pts',(-15.7246187057579,3.70560555565677,11.));
#7077=CARTESIAN_POINT('Ctrl Pts',(-15.8113113736344,3.36406333957815,11.));
#7078=CARTESIAN_POINT('Ctrl Pts',(-15.8864619922272,3.02010543028628,11.));
#7079=CARTESIAN_POINT('Ctrl Pts',(-15.9502028528453,2.67433116156624,11.));
#7080=CARTESIAN_POINT('Ctrl Pts',(-16.0146799872957,2.32456283717329,11.));
#7081=CARTESIAN_POINT('Ctrl Pts',(-16.0674823417249,1.97293542754025,11.));
#7082=CARTESIAN_POINT('Ctrl Pts',(-16.1086968406622,1.62004866571268,11.));
#7083=CARTESIAN_POINT('Ctrl Pts',(-16.1501906807073,1.26477012959434,11.));
#7084=CARTESIAN_POINT('Ctrl Pts',(-16.1799391150836,0.908214546711445,11.));
#7085=CARTESIAN_POINT('Ctrl Pts',(-16.1979793710806,0.550981416148626,11.));
#7086=CARTESIAN_POINT('Ctrl Pts',(-16.2160389144758,0.193366356546119,11.));
#7087=CARTESIAN_POINT('Ctrl Pts',(-16.2223652529077,-0.164928286952843,
11.));
#7088=CARTESIAN_POINT('Ctrl Pts',(-16.2169437690144,-0.523304897246596,
11.));
#7089=CARTESIAN_POINT('Ctrl Pts',(-16.2122274690279,-0.835066701860288,
11.));
#7090=CARTESIAN_POINT('Ctrl Pts',(-16.1986199287075,-1.14689083113614,11.));
#7091=CARTESIAN_POINT('Ctrl Pts',(-16.1760793698757,-1.45838096240051,11.));
#7092=CARTESIAN_POINT('Ctrl Pts',(-16.1591739507518,-1.69199856084878,11.));
#7093=CARTESIAN_POINT('Ctrl Pts',(-16.1372430969604,-1.92542825429231,11.));
#7094=CARTESIAN_POINT('Ctrl Pts',(-16.110258070376,-2.1585002597521,11.));
#7095=CARTESIAN_POINT('Ctrl Pts',(-16.1057749643187,-2.19722123399995,11.));
#7096=CARTESIAN_POINT('Ctrl Pts',(-16.1011523406606,-2.23593232939536,11.));
#7097=CARTESIAN_POINT('Ctrl Pts',(-16.0963900420319,-2.27463275908479,11.));
#7098=CARTESIAN_POINT('Ctrl Pts',(-16.0917355978661,-2.31245671831692,11.));
#7099=CARTESIAN_POINT('Ctrl Pts',(-16.0869486967676,-2.35026252334852,11.));
#7100=CARTESIAN_POINT('Ctrl Pts',(-16.0820303418944,-2.38804225567115,11.));
#7101=CARTESIAN_POINT('Ctrl Pts',(-16.0354324636682,-2.74597807192786,11.));
#7102=CARTESIAN_POINT('Ctrl Pts',(-15.9770144107871,-3.10177613324204,11.));
#7103=CARTESIAN_POINT('Ctrl Pts',(-15.9068486676929,-3.45483708405021,11.));
#7104=CARTESIAN_POINT('Ctrl Pts',(-15.8551642617418,-3.71490338852235,11.));
#7105=CARTESIAN_POINT('Ctrl Pts',(-15.7971046414008,-3.97348483924668,11.));
#7106=CARTESIAN_POINT('Ctrl Pts',(-15.7326807220721,-4.23034280911305,11.));
#7107=CARTESIAN_POINT('Ctrl Pts',(-15.6456886347654,-4.57717999587363,11.));
#7108=CARTESIAN_POINT('Ctrl Pts',(-15.5470944006793,-4.92087532415613,11.));
#7109=CARTESIAN_POINT('Ctrl Pts',(-15.4372481571647,-5.26094011844865,11.));
#7110=CARTESIAN_POINT('Ctrl Pts',(-15.3267731042659,-5.60295159682504,11.));
#7111=CARTESIAN_POINT('Ctrl Pts',(-15.2049166344689,-5.94129137938324,11.));
#7112=CARTESIAN_POINT('Ctrl Pts',(-15.0719835465663,-6.27544913747061,11.));
#7113=CARTESIAN_POINT('Ctrl Pts',(-14.9390456840502,-6.60961889764209,11.));
#7114=CARTESIAN_POINT('Ctrl Pts',(-14.7950301490179,-6.9396068532839,11.));
#7115=CARTESIAN_POINT('Ctrl Pts',(-14.6401941676567,-7.26488162369077,11.));
#7116=CARTESIAN_POINT('Ctrl Pts',(-14.5532655842799,-7.44749857584291,11.));
#7117=CARTESIAN_POINT('Ctrl Pts',(-14.4629255995116,-7.62862952717447,11.));
#7118=CARTESIAN_POINT('Ctrl Pts',(-14.3692136164591,-7.80817660166174,11.));
#7119=CARTESIAN_POINT('Ctrl Pts',(-14.3152927010385,-7.91148614972685,11.));
#7120=CARTESIAN_POINT('Ctrl Pts',(-14.2602553276552,-8.0142712630809,11.));
#7121=CARTESIAN_POINT('Ctrl Pts',(-14.2041083776935,-8.11651280811673,11.));
#7122=CARTESIAN_POINT('Ctrl Pts',(-14.1748051936354,-8.16987283594736,11.));
#7123=CARTESIAN_POINT('Ctrl Pts',(-14.1451997742598,-8.22308479976158,11.));
#7124=CARTESIAN_POINT('Ctrl Pts',(-14.1152930499734,-8.27614593767989,11.));
#7125=CARTESIAN_POINT('Ctrl Pts',(-14.0988206860174,-8.30537155153668,11.));
#7126=CARTESIAN_POINT('Ctrl Pts',(-14.0822614918999,-8.33454328272479,11.));
#7127=CARTESIAN_POINT('Ctrl Pts',(-14.065616283022,-8.36365985995379,11.));
#7128=CARTESIAN_POINT('Ctrl Pts',(-13.8860648547909,-8.67773960896969,11.));
#7129=CARTESIAN_POINT('Ctrl Pts',(-13.6964897746866,-8.98543707661816,11.));
#7130=CARTESIAN_POINT('Ctrl Pts',(-13.4972556443599,-9.28626873511295,11.));
#7131=CARTESIAN_POINT('Ctrl Pts',(-13.2972814311169,-9.58821787468755,11.));
#7132=CARTESIAN_POINT('Ctrl Pts',(-13.0875760206455,-9.88325062640574,11.));
#7133=CARTESIAN_POINT('Ctrl Pts',(-12.8684587311732,-10.1708599971069,11.));
#7134=CARTESIAN_POINT('Ctrl Pts',(-12.6498488335265,-10.4578033745219,11.));
#7135=CARTESIAN_POINT('Ctrl Pts',(-12.4218703033408,-10.7373582141014,11.));
#7136=CARTESIAN_POINT('Ctrl Pts',(-12.1847953677938,-11.0089954219655,11.));
#7137=CARTESIAN_POINT('Ctrl Pts',(-12.1055412311363,-11.0998037241745,11.));
#7138=CARTESIAN_POINT('Ctrl Pts',(-12.0252701597181,-11.1897269344168,11.));
#7139=CARTESIAN_POINT('Ctrl Pts',(-11.9439912877459,-11.2787444942035,11.));
#7140=CARTESIAN_POINT('Ctrl Pts',(-11.7005034657067,-11.545415170479,11.));
#7141=CARTESIAN_POINT('Ctrl Pts',(-11.4479740416026,-11.8039611216291,11.));
#7142=CARTESIAN_POINT('Ctrl Pts',(-11.1869060902208,-12.0540696429398,11.));
#7143=CARTESIAN_POINT('Ctrl Pts',(-10.9744232465295,-12.2576326216901,11.));
#7144=CARTESIAN_POINT('Ctrl Pts',(-10.7562833759861,-12.4556057970213,11.));
#7145=CARTESIAN_POINT('Ctrl Pts',(-10.5327417181988,-12.6478007304343,11.));
#7146=CARTESIAN_POINT('Ctrl Pts',(-10.4349422429168,-12.7318860138026,11.));
#7147=CARTESIAN_POINT('Ctrl Pts',(-10.3361086639846,-12.814865063395,11.));
#7148=CARTESIAN_POINT('Ctrl Pts',(-10.2362616278567,-12.8967209281305,11.));
#7149=CARTESIAN_POINT('Ctrl Pts',(-10.1700754122516,-12.9509812259022,11.));
#7150=CARTESIAN_POINT('Ctrl Pts',(-10.1034438700403,-13.0047479760015,11.));
#7151=CARTESIAN_POINT('Ctrl Pts',(-10.0363729202961,-13.0580160590802,11.));
#7152=CARTESIAN_POINT('Ctrl Pts',(-9.99949000183977,-13.0873086570233,11.));
#7153=CARTESIAN_POINT('Ctrl Pts',(-9.96247050515934,-13.1164532875415,11.));
#7154=CARTESIAN_POINT('Ctrl Pts',(-9.92533867401997,-13.145431088076,11.));
#7155=CARTESIAN_POINT('Ctrl Pts',(-9.6410521979095,-13.3672891690441,11.));
#7156=CARTESIAN_POINT('Ctrl Pts',(-9.34995048183452,-13.5795597200305,11.));
#7157=CARTESIAN_POINT('Ctrl Pts',(-9.05259231562172,-13.7820063238862,11.));
#7158=CARTESIAN_POINT('Ctrl Pts',(-8.7517714967254,-13.9868103618257,11.));
#7159=CARTESIAN_POINT('Ctrl Pts',(-8.44454725856632,-14.1815607079049,11.));
#7160=CARTESIAN_POINT('Ctrl Pts',(-8.13145863320678,-14.3659767639878,11.));
#7161=CARTESIAN_POINT('Ctrl Pts',(-7.8181923016184,-14.5504974929307,11.));
#7162=CARTESIAN_POINT('Ctrl Pts',(-7.49905443833657,-14.7246725255734,11.));
#7163=CARTESIAN_POINT('Ctrl Pts',(-7.17455254161382,-14.8881798736611,11.));
#7164=CARTESIAN_POINT('Ctrl Pts',(-6.85280292493684,-15.0503004255049,11.));
#7165=CARTESIAN_POINT('Ctrl Pts',(-6.52577937473993,-15.2019337420173,11.));
#7166=CARTESIAN_POINT('Ctrl Pts',(-6.19395213907983,-15.3427214656176,11.));
#7167=CARTESIAN_POINT('Ctrl Pts',(-5.87023027330319,-15.4800702413191,11.));
#7168=CARTESIAN_POINT('Ctrl Pts',(-5.54193603872834,-15.6070969059407,11.));
#7169=CARTESIAN_POINT('Ctrl Pts',(-5.20949007675792,-15.723423660308,11.));
#7170=CARTESIAN_POINT('Ctrl Pts',(-4.90664310374252,-15.8293933801147,11.));
#7171=CARTESIAN_POINT('Ctrl Pts',(-4.60035027437438,-15.9264830363559,11.));
#7172=CARTESIAN_POINT('Ctrl Pts',(-4.29100709665296,-16.0146282538736,11.));
#7173=CARTESIAN_POINT('Ctrl Pts',(-16.0168010384279,-0.000285540845183493,
21.1154700538379));
#7174=CARTESIAN_POINT('Ctrl Pts',(-16.0157106950276,1.67277648328691,21.0988487465512));
#7175=CARTESIAN_POINT('Ctrl Pts',(-15.754703283436,3.34617090421638,21.0822274392645));
#7176=CARTESIAN_POINT('Ctrl Pts',(-15.2392702635211,4.93713785651507,21.0656061319778));
#7177=CARTESIAN_POINT('Ctrl Pts',(-14.4264102379977,7.44616111945209,21.0393936160091));
#7178=CARTESIAN_POINT('Ctrl Pts',(-12.980777298963,9.75018194642141,21.0131811000404));
#7179=CARTESIAN_POINT('Ctrl Pts',(-11.0752711949513,11.5736362465886,20.9869685840717));
#7180=CARTESIAN_POINT('Ctrl Pts',(-9.16976509093948,13.3970905467558,20.960756068103));
#7181=CARTESIAN_POINT('Ctrl Pts',(-6.80438582195062,14.7399783201208,20.9345435521343));
#7182=CARTESIAN_POINT('Ctrl Pts',(-4.26203607246422,15.4416882751402,20.9083310361656));
#7183=CARTESIAN_POINT('Ctrl Pts',(-1.71968632297783,16.1433982301596,20.882118520197));
#7184=CARTESIAN_POINT('Ctrl Pts',(0.999633907006109,16.2039303668334,20.8559060042283));
#7185=CARTESIAN_POINT('Ctrl Pts',(3.57069008525563,15.6160449681462,20.8296934882596));
#7186=CARTESIAN_POINT('Ctrl Pts',(6.14174626350517,15.0281595694589,20.8034809722909));
#7187=CARTESIAN_POINT('Ctrl Pts',(8.56453839002029,13.7918566354107,20.7772684563222));
#7188=CARTESIAN_POINT('Ctrl Pts',(10.5492971166577,12.0549997317476,20.7510559403535));
#7189=CARTESIAN_POINT('Ctrl Pts',(12.5340558432952,10.3181428280845,20.7248434243848));
#7190=CARTESIAN_POINT('Ctrl Pts',(14.0807811700549,8.0807319548064,20.6986309084161));
#7191=CARTESIAN_POINT('Ctrl Pts',(15.0044825689122,5.61036460606296,20.6724183924474));
#7192=CARTESIAN_POINT('Ctrl Pts',(15.9281839677694,3.13999725731952,20.6462058764787));
#7193=CARTESIAN_POINT('Ctrl Pts',(16.2288614387241,0.436673433110697,20.61999336051));
#7194=CARTESIAN_POINT('Ctrl Pts',(15.8705535333359,-2.1762855321297,20.5937808445413));
#7195=CARTESIAN_POINT('Ctrl Pts',(15.5122456279476,-4.78924449737009,20.5675683285726));
#7196=CARTESIAN_POINT('Ctrl Pts',(14.4949523462164,-7.31183860364208,20.5413558126039));
#7197=CARTESIAN_POINT('Ctrl Pts',(12.9403433968818,-9.44236204284246,20.5151432966353));
#7198=CARTESIAN_POINT('Ctrl Pts',(11.3857344475471,-11.5728854820428,20.4889307806666));
#7199=CARTESIAN_POINT('Ctrl Pts',(9.29380983060894,-13.3113382541716,20.4627182646979));
#7200=CARTESIAN_POINT('Ctrl Pts',(6.91476667610569,-14.4497989601198,20.4365057487292));
#7201=CARTESIAN_POINT('Ctrl Pts',(4.53572352160244,-15.588259666068,20.4102932327605));
#7202=CARTESIAN_POINT('Ctrl Pts',(1.86956182953409,-16.1267283058355,20.3840807167918));
#7203=CARTESIAN_POINT('Ctrl Pts',(-0.764841707461871,-16.0008032716481,
20.3578682008231));
#7204=CARTESIAN_POINT('Ctrl Pts',(-3.39924524445783,-15.8748782374607,20.3316556848544));
#7205=CARTESIAN_POINT('Ctrl Pts',(-6.00189062638139,-15.0845595293183,20.3054431688857));
#7206=CARTESIAN_POINT('Ctrl Pts',(-8.2614978006289,-13.7243703777074,20.279230652917));
#7207=CARTESIAN_POINT('Ctrl Pts',(-10.5211049748764,-12.3641812260965,20.2530181369483));
#7208=CARTESIAN_POINT('Ctrl Pts',(-12.4376739414478,-10.434121631017,20.2268056209796));
#7209=CARTESIAN_POINT('Ctrl Pts',(-13.7819803531591,-8.16502943777887,20.200593105011));
#7210=CARTESIAN_POINT('Ctrl Pts',(-15.1262867648705,-5.89593724454074,20.1743805890423));
#7211=CARTESIAN_POINT('Ctrl Pts',(-15.8983306217217,-3.28781245314394,20.1481680730736));
#7212=CARTESIAN_POINT('Ctrl Pts',(-16.0057743912778,-0.652590461276878,
20.1219555571049));
#7213=CARTESIAN_POINT('Ctrl Pts',(-16.0146356406049,-0.435254833546224,
20.1197937226826));
#7214=CARTESIAN_POINT('Ctrl Pts',(-16.0189763757786,-0.217734894557438,
20.1176318882602));
#7215=CARTESIAN_POINT('Ctrl Pts',(-16.0188339781084,-0.00020926739101331,
20.1154700538379));
#7216=CARTESIAN_POINT('Origin',(1.16945154975581E-15,0.,16.5));
#7217=CARTESIAN_POINT('Origin',(1.16945154975581E-15,0.,11.));
#7218=CARTESIAN_POINT('',(13.0246223993599,-0.0213217968121155,11.));
#7219=CARTESIAN_POINT('Origin',(0.0246223993599415,-0.0213217968121171,
11.));
#7220=CARTESIAN_POINT('Ctrl Pts',(-12.4033568312369,-11.0003053265356,-0.323806898475004));
#7221=CARTESIAN_POINT('Ctrl Pts',(-14.2329725118419,-8.93732839299298,-0.297335598735324));
#7222=CARTESIAN_POINT('Ctrl Pts',(-16.8411585997059,-3.88295471841627,-0.244392999255966));
#7223=CARTESIAN_POINT('Ctrl Pts',(-16.6448971956291,4.65065217139737,-0.164979100036927));
#7224=CARTESIAN_POINT('Ctrl Pts',(-12.3904906831865,12.0479542560212,-0.0855652008178886));
#7225=CARTESIAN_POINT('Ctrl Pts',(-5.11431097453848,16.5084715635813,-0.00615130159885029));
#7226=CARTESIAN_POINT('Ctrl Pts',(3.40881777420982,16.9428217090865,0.0732625976201883));
#7227=CARTESIAN_POINT('Ctrl Pts',(11.1007966504771,13.2459537010865,0.152676496839227));
#7228=CARTESIAN_POINT('Ctrl Pts',(16.0857952097681,6.31890306492843,0.232090396058265));
#7229=CARTESIAN_POINT('Ctrl Pts',(17.1482916028254,-2.14893546206589,0.311504295277303));
#7230=CARTESIAN_POINT('Ctrl Pts',(14.0291586290337,-10.0927960775181,0.390918194496342));
#7231=CARTESIAN_POINT('Ctrl Pts',(7.48901710382402,-15.5755038847239,0.47033209371538));
#7232=CARTESIAN_POINT('Ctrl Pts',(-0.87732716301739,-17.2601306786027,0.549745992934419));
#7233=CARTESIAN_POINT('Ctrl Pts',(-9.02973315525903,-14.7358631207403,0.629159892153457));
#7234=CARTESIAN_POINT('Ctrl Pts',(-14.9802365592885,-8.61825325568296,0.708573791372496));
#7235=CARTESIAN_POINT('Ctrl Pts',(-17.2778037303229,-0.39907790533256,0.787987690591534));
#7236=CARTESIAN_POINT('Ctrl Pts',(-15.3621728437768,7.91741194878233,0.867401589810573));
#7237=CARTESIAN_POINT('Ctrl Pts',(-9.70047077423412,14.303238616752,0.946815489029612));
#7238=CARTESIAN_POINT('Ctrl Pts',(-1.67330568116441,17.2012154888817,1.02622938824865));
#7239=CARTESIAN_POINT('Ctrl Pts',(6.76189560318322,15.9046702380109,1.10564328746769));
#7240=CARTESIAN_POINT('Ctrl Pts',(13.5482063341355,10.7297656999029,1.18505718668673));
#7241=CARTESIAN_POINT('Ctrl Pts',(17.0307823646248,2.93840418571092,1.26447108590576));
#7242=CARTESIAN_POINT('Ctrl Pts',(16.3603963349512,-5.569488200607,1.34388498512481));
#7243=CARTESIAN_POINT('Ctrl Pts',(11.7005221128229,-12.7192589926351,1.42329888434384));
#7244=CARTESIAN_POINT('Ctrl Pts',(4.18747160405811,-16.767434169602,1.50271278356288));
#7245=CARTESIAN_POINT('Ctrl Pts',(-4.34669527488239,-16.7268648356396,1.58212668278192));
#7246=CARTESIAN_POINT('Ctrl Pts',(-11.8209190372079,-12.6074438397173,1.66154058200096));
#7247=CARTESIAN_POINT('Ctrl Pts',(-16.4126076831187,-5.4136933871619,1.74095448122));
#7248=CARTESIAN_POINT('Ctrl Pts',(-17.0020763793147,3.10018803360219,1.82036838043904));
#7249=CARTESIAN_POINT('Ctrl Pts',(-13.4455829841784,10.8580875511024,1.89978227965807));
#7250=CARTESIAN_POINT('Ctrl Pts',(-6.61037961835444,15.9682387367103,1.97919617887711));
#7251=CARTESIAN_POINT('Ctrl Pts',(1.83676705930305,17.1845294908421,2.05861007809615));
#7252=CARTESIAN_POINT('Ctrl Pts',(9.83601746661048,14.2103669005426,2.13802397731519));
#7253=CARTESIAN_POINT('Ctrl Pts',(15.4367516788396,7.77100152216343,2.21743787653423));
#7254=CARTESIAN_POINT('Ctrl Pts',(17.2732287588652,-0.563325212906919,2.29685177575326));
#7255=CARTESIAN_POINT('Ctrl Pts',(14.8976231478913,-8.76028490375747,2.37626567497231));
#7256=CARTESIAN_POINT('Ctrl Pts',(8.88922707983032,-14.8210461498103,2.45567957419134));
#7257=CARTESIAN_POINT('Ctrl Pts',(0.713189973604755,-17.2676902657286,2.53509347341038));
#7258=CARTESIAN_POINT('Ctrl Pts',(-7.63675874956016,-15.5036022540766,2.61450737262942));
#7259=CARTESIAN_POINT('Ctrl Pts',(-14.1244812616665,-9.95895557477894,2.69392127184846));
#7260=CARTESIAN_POINT('Ctrl Pts',(-17.1679442278504,-1.98581420102892,2.7733351710675));
#7261=CARTESIAN_POINT('Ctrl Pts',(-16.0249981716287,6.47156863912353,2.85274907028653));
#7262=CARTESIAN_POINT('Ctrl Pts',(-10.974350876437,13.3508572718173,2.93216296950558));
#7263=CARTESIAN_POINT('Ctrl Pts',(-3.24760439811592,16.974534830885,3.01157686872461));
#7264=CARTESIAN_POINT('Ctrl Pts',(5.27107151409861,16.4589663145912,3.09099076794365));
#7265=CARTESIAN_POINT('Ctrl Pts',(12.504394849936,11.9298732804873,3.17040466716269));
#7266=CARTESIAN_POINT('Ctrl Pts',(16.6885172607975,4.49167660096455,3.24981856638173));
#7267=CARTESIAN_POINT('Ctrl Pts',(16.8031390777653,-4.04181694103873,3.32923246560076));
#7268=CARTESIAN_POINT('Ctrl Pts',(12.820309731898,-11.5897120512026,3.4086463648198));
#7269=CARTESIAN_POINT('Ctrl Pts',(5.71124350994726,-16.3114519470731,3.48806026403884));
#7270=CARTESIAN_POINT('Ctrl Pts',(-2.79051137885113,-17.0556387536818,3.56747416325788));
#7271=CARTESIAN_POINT('Ctrl Pts',(-10.6117991215251,-13.6408022658489,3.64688806247692));
#7272=CARTESIAN_POINT('Ctrl Pts',(-15.8453960494631,-6.89965151926153,3.72630196169596));
#7273=CARTESIAN_POINT('Ctrl Pts',(-17.2150877768326,1.52398159028882,3.805715860915));
#7274=CARTESIAN_POINT('Ctrl Pts',(-14.3868745113886,9.57599127219459,3.88512976013404));
#7275=CARTESIAN_POINT('Ctrl Pts',(-8.05041701708768,15.292892234714,3.96454365935308));
#7276=CARTESIAN_POINT('Ctrl Pts',(0.249137397098995,17.280616239271,4.04395755857211));
#7277=CARTESIAN_POINT('Ctrl Pts',(8.48793957250903,15.0544561132253,4.12337145779115));
#7278=CARTESIAN_POINT('Ctrl Pts',(14.6569548045097,9.15726175830687,4.20278535701019));
#7279=CARTESIAN_POINT('Ctrl Pts',(17.2518666365791,1.0270660179742,4.28219925622923));
#7280=CARTESIAN_POINT('Ctrl Pts',(15.6399049384125,-7.35358011916709,4.36161315544826));
#7281=CARTESIAN_POINT('Ctrl Pts',(10.2141471167986,-13.9410532503102,4.44102705466731));
#7282=CARTESIAN_POINT('Ctrl Pts',(2.29766605666342,-17.128995818309,4.52044095388634));
#7283=CARTESIAN_POINT('Ctrl Pts',(-6.17910165063402,-16.1400269467781,4.59985485310538));
#7284=CARTESIAN_POINT('Ctrl Pts',(-13.149093324805,-11.2153070304454,4.67926875232443));
#7285=CARTESIAN_POINT('Ctrl Pts',(-16.9126741322564,-3.55573069110901,4.75868265154345));
#7286=CARTESIAN_POINT('Ctrl Pts',(-16.5520936166867,4.97091178316707,4.8380965507625));
#7287=CARTESIAN_POINT('Ctrl Pts',(-12.1552794591071,12.2853957332517,4.91751044998153));
#7288=CARTESIAN_POINT('Ctrl Pts',(-4.79439628300657,16.6040817672367,4.99692434920058));
#7289=CARTESIAN_POINT('Ctrl Pts',(3.73560205270673,16.8738568310687,5.0763382484196));
#7290=CARTESIAN_POINT('Ctrl Pts',(11.354672560952,13.0289361839389,5.15575214763866));
#7291=CARTESIAN_POINT('Ctrl Pts',(16.2049023143143,6.00690502964058,5.23516604685768));
#7292=CARTESIAN_POINT('Ctrl Pts',(17.1035611424989,-2.47991195335508,5.31457994607674));
#7293=CARTESIAN_POINT('Ctrl Pts',(13.8315107854761,-10.3620015654722,5.39399384529576));
#7294=CARTESIAN_POINT('Ctrl Pts',(7.18664183250969,-15.7173135816148,5.4734077445148));
#7295=CARTESIAN_POINT('Ctrl Pts',(-1.21069216863695,-17.2399533504123,5.55282164373384));
#7296=CARTESIAN_POINT('Ctrl Pts',(-9.31279847385977,-14.5586246478459,5.63223554295288));
#7297=CARTESIAN_POINT('Ctrl Pts',(-15.143975712831,-8.32717038739902,5.71164944217191));
#7298=CARTESIAN_POINT('Ctrl Pts',(-17.2822893382055,-0.0651328038561104,
5.79106334139097));
#7299=CARTESIAN_POINT('Ctrl Pts',(-15.2063108472347,8.21278743599662,5.87047724060999));
#7300=CARTESIAN_POINT('Ctrl Pts',(-9.42226829900199,14.4880166742454,5.94989113982904));
#7301=CARTESIAN_POINT('Ctrl Pts',(-1.34060243053057,17.2303381329226,6.02930503904807));
#7302=CARTESIAN_POINT('Ctrl Pts',(7.06796979528607,15.7710357942817,6.10871893826712));
#7303=CARTESIAN_POINT('Ctrl Pts',(13.7530151894466,10.4659610285172,6.18813283748614));
#7304=CARTESIAN_POINT('Ctrl Pts',(17.0843831653768,2.60875811645722,6.26754673670519));
#7305=CARTESIAN_POINT('Ctrl Pts',(16.249718512325,-5.88459134705148,6.34696063592423));
#7306=CARTESIAN_POINT('Ctrl Pts',(11.4525544890113,-12.9429812148445,6.42637453514326));
#7307=CARTESIAN_POINT('Ctrl Pts',(3.86268116946111,-16.8452207238338,6.50578843436231));
#7308=CARTESIAN_POINT('Ctrl Pts',(-4.66910826327609,-16.6397474463225,6.58520233358134));
#7309=CARTESIAN_POINT('Ctrl Pts',(-12.0623340625028,-12.3766661107172,6.66461623280038));
#7310=CARTESIAN_POINT('Ctrl Pts',(-16.5141556096925,-5.09553054651332,6.74403013201942));
#7311=CARTESIAN_POINT('Ctrl Pts',(-16.9389947107445,3.42815186958799,6.82344403123846));
#7312=CARTESIAN_POINT('Ctrl Pts',(-13.2332542067845,11.1158782896454,6.9028579304575));
#7313=CARTESIAN_POINT('Ctrl Pts',(-6.30058017649138,16.092994018864,6.98227182967654));
#7314=CARTESIAN_POINT('Ctrl Pts',(2.16849246665752,17.1458276987039,7.06168572889557));
#7315=CARTESIAN_POINT('Ctrl Pts',(10.1087774863758,14.0176454792711,7.14109962811462));
#7316=CARTESIAN_POINT('Ctrl Pts',(15.5840336876872,7.47125565568627,7.22051352733364));
#7317=CARTESIAN_POINT('Ctrl Pts',(17.259117988989,-0.897002393386848,7.29992742655269));
#7318=CARTESIAN_POINT('Ctrl Pts',(14.7255605153109,-9.04652610461614,7.37934132577173));
#7319=CARTESIAN_POINT('Ctrl Pts',(8.60117011585437,-14.990051357142,7.45875522499076));
#7320=CARTESIAN_POINT('Ctrl Pts',(0.379381466593639,-17.2782475024034,7.53816912420981));
#7321=CARTESIAN_POINT('Ctrl Pts',(-7.93491948196487,-15.353137134361,7.61758302342884));
#7322=CARTESIAN_POINT('Ctrl Pts',(-14.3142876237419,-9.68415906912511,7.69699692264788));
#7323=CARTESIAN_POINT('Ctrl Pts',(-17.2031118738438,-1.65369553057617,7.77641082186692));
#7324=CARTESIAN_POINT('Ctrl Pts',(-15.8969514591153,6.780022224025,7.85582472108596));
#7325=CARTESIAN_POINT('Ctrl Pts',(-10.7143140397328,13.5604292597304,7.935238620305));
#7326=CARTESIAN_POINT('Ctrl Pts',(-2.91898750795863,17.0341210217678,8.01465251952403));
#7327=CARTESIAN_POINT('Ctrl Pts',(5.58813511743427,16.3540365950348,8.09406641874307));
#7328=CARTESIAN_POINT('Ctrl Pts',(12.7325890995564,11.6860147992628,8.17348031796212));
#7329=CARTESIAN_POINT('Ctrl Pts',(16.7721969109406,4.16835432935156,8.25289421718115));
#7330=CARTESIAN_POINT('Ctrl Pts',(16.7218988185261,-4.36576075344962,8.33230811640019));
#7331=CARTESIAN_POINT('Ctrl Pts',(12.5939600257969,-11.8352836036341,8.41172201561923));
#7332=CARTESIAN_POINT('Ctrl Pts',(5.39497981392894,-16.4187685182057,8.49113591483827));
#7333=CARTESIAN_POINT('Ctrl Pts',(-3.11956806365818,-16.9985311902065,8.5705498140573));
#7334=CARTESIAN_POINT('Ctrl Pts',(-10.8734081946779,-13.4331962104881,8.64996371327635));
#7335=CARTESIAN_POINT('Ctrl Pts',(-15.9757640811827,-6.59217188731508,8.72937761249538));
#7336=CARTESIAN_POINT('Ctrl Pts',(-17.1824244175845,1.85635599570525,8.80879151171443));
#7337=CARTESIAN_POINT('Ctrl Pts',(-14.1991448499516,9.85221043462729,8.88820541093345));
#7338=CARTESIAN_POINT('Ctrl Pts',(-7.75339876775438,15.4456008008597,8.96761931015251));
#7339=CARTESIAN_POINT('Ctrl Pts',(0.583015793908502,17.2725746590493,9.04703320937153));
#7340=CARTESIAN_POINT('Ctrl Pts',(8.77726260657884,14.8876282573337,9.12644710859058));
#7341=CARTESIAN_POINT('Ctrl Pts',(14.8311693119647,8.87232299255712,9.20586100780961));
#7342=CARTESIAN_POINT('Ctrl Pts',(17.2684935296751,0.693509709034252,9.28527490702865));
#7343=CARTESIAN_POINT('Ctrl Pts',(15.4948835960721,-7.6544373313675,9.3646888062477));
#7344=CARTESIAN_POINT('Ctrl Pts',(9.9428529307676,-14.1358062759677,9.44410270546672));
#7345=CARTESIAN_POINT('Ctrl Pts',(1.96623121648267,-17.170233269525,9.52351660468577));
#7346=CARTESIAN_POINT('Ctrl Pts',(-6.4898121877591,-16.0175398813699,9.60293050390482));
#7347=CARTESIAN_POINT('Ctrl Pts',(-13.3633986761296,-10.959260282185,9.68234440312384));
#7348=CARTESIAN_POINT('Ctrl Pts',(-16.9781494681471,-3.22798726183483,9.76175830234288));
#7349=CARTESIAN_POINT('Ctrl Pts',(-16.4530956466294,5.2893111002518,9.84117220156193));
#7350=CARTESIAN_POINT('Ctrl Pts',(-11.9153136134239,12.5190759171544,9.92058610078095));
#7351=CARTESIAN_POINT('Ctrl Pts',(-6.953983464296,15.3001784076311,9.97352870026032));
#7352=CARTESIAN_POINT('Ctrl Pts',(-4.2905041231334,16.0137925654535,10.));
#7353=CARTESIAN_POINT('Ctrl Pts',(-12.2634893177195,-10.8762594432406,-0.215871265650003));
#7354=CARTESIAN_POINT('Ctrl Pts',(-14.0724731807108,-8.83654584542744,-0.189399965910323));
#7355=CARTESIAN_POINT('Ctrl Pts',(-16.6512478352134,-3.83916824762814,-0.136457366430964));
#7356=CARTESIAN_POINT('Ctrl Pts',(-16.4571995896356,4.59820869465972,-0.0570434672119259));
#7357=CARTESIAN_POINT('Ctrl Pts',(-12.2507682558873,11.9120944700222,0.0223704320071128));
#7358=CARTESIAN_POINT('Ctrl Pts',(-5.05663900967474,16.322312372889,0.101784331226151));
#7359=CARTESIAN_POINT('Ctrl Pts',(3.37037794920116,16.7517645318512,0.18119823044519));
#7360=CARTESIAN_POINT('Ctrl Pts',(10.9756175681779,13.0965845719431,0.260612129664228));
#7361=CARTESIAN_POINT('Ctrl Pts',(15.904402365109,6.24764741439169,0.340026028883267));
#7362=CARTESIAN_POINT('Ctrl Pts',(16.9549174267703,-2.12470280764192,0.419439928102304));
#7363=CARTESIAN_POINT('Ctrl Pts',(13.8709576225737,-9.97898379984135,0.498853827321343));
#7364=CARTESIAN_POINT('Ctrl Pts',(7.40456656230906,-15.3998653838102,0.578267726540381));
#7365=CARTESIAN_POINT('Ctrl Pts',(-0.867433908271743,-17.0654953396498,
0.65768162575942));
#7366=CARTESIAN_POINT('Ctrl Pts',(-8.92790859749326,-14.5696929006721,0.737095524978459));
#7367=CARTESIAN_POINT('Ctrl Pts',(-14.811310641252,-8.52106878617709,0.816509424197496));
#7368=CARTESIAN_POINT('Ctrl Pts',(-17.0829690996916,-0.394577669220828,
0.895923323416537));
#7369=CARTESIAN_POINT('Ctrl Pts',(-15.1889399885814,7.82813057618,0.975337222635573));
#7370=CARTESIAN_POINT('Ctrl Pts',(-9.59108258637487,14.1419469238828,1.05475112185461));
#7371=CARTESIAN_POINT('Ctrl Pts',(-1.65443650662051,17.0072445121016,1.13416502107365));
#7372=CARTESIAN_POINT('Ctrl Pts',(6.6856445094229,15.7253198645779,1.21357892029269));
#7373=CARTESIAN_POINT('Ctrl Pts',(13.3954288273396,10.6087705798326,1.29299281951173));
#7374=CARTESIAN_POINT('Ctrl Pts',(16.8387332915386,2.90526901974282,1.37240671873077));
#7375=CARTESIAN_POINT('Ctrl Pts',(16.1759069272317,-5.50668339084601,1.45182061794981));
#7376=CARTESIAN_POINT('Ctrl Pts',(11.5685801750844,-12.5758291813921,1.53123451716884));
#7377=CARTESIAN_POINT('Ctrl Pts',(4.14025122257967,-16.5783547649474,1.61064841638788));
#7378=CARTESIAN_POINT('Ctrl Pts',(-4.29767939406982,-16.5382429145471,1.69006231560692));
#7379=CARTESIAN_POINT('Ctrl Pts',(-11.6876194332603,-12.4652749216039,1.76947621482596));
#7380=CARTESIAN_POINT('Ctrl Pts',(-16.2275295096687,-5.35264541093169,1.848890114045));
#7381=CARTESIAN_POINT('Ctrl Pts',(-16.8103510117256,3.06522849824444,1.92830401326404));
#7382=CARTESIAN_POINT('Ctrl Pts',(-13.2939627183603,10.7356453987084,2.00771791248307));
#7383=CARTESIAN_POINT('Ctrl Pts',(-6.53583710754826,15.788171527668,2.08713181170212));
#7384=CARTESIAN_POINT('Ctrl Pts',(1.81605459855627,16.9907466751452,2.16654571092115));
#7385=CARTESIAN_POINT('Ctrl Pts',(9.72510077488844,14.0501224835197,2.24595961014019));
#7386=CARTESIAN_POINT('Ctrl Pts',(15.2626778290357,7.68337115925171,2.32537350935923));
#7387=CARTESIAN_POINT('Ctrl Pts',(17.0784457182906,-0.556972827991857,2.40478740857827));
#7388=CARTESIAN_POINT('Ctrl Pts',(14.7296288270501,-8.66149880223156,2.48420130779731));
#7389=CARTESIAN_POINT('Ctrl Pts',(8.78898695083424,-14.6539153560335,2.56361520701634));
#7390=CARTESIAN_POINT('Ctrl Pts',(0.705147625905593,-17.0729696804452,2.64302910623538));
#7391=CARTESIAN_POINT('Ctrl Pts',(-7.55064218674845,-15.3287745580468,2.72244300545442));
#7392=CARTESIAN_POINT('Ctrl Pts',(-13.9652053413917,-9.84665256097169,2.80185690467346));
#7393=CARTESIAN_POINT('Ctrl Pts',(-16.9743484372893,-1.96342099744825,2.8812708038925));
#7394=CARTESIAN_POINT('Ctrl Pts',(-15.8442909099669,6.39859144218987,2.96068470311153));
#7395=CARTESIAN_POINT('Ctrl Pts',(-10.8505976707169,13.2003051885916,3.04009860233058));
#7396=CARTESIAN_POINT('Ctrl Pts',(-3.21098250952293,16.7831200379209,3.11951250154962));
#7397=CARTESIAN_POINT('Ctrl Pts',(5.211631825611,16.2733653740707,3.19892640076865));
#7398=CARTESIAN_POINT('Ctrl Pts',(12.3633879725642,11.7953450447022,3.27834029998769));
#7399=CARTESIAN_POINT('Ctrl Pts',(16.5003277694107,4.44102582583575,3.35775419920673));
#7400=CARTESIAN_POINT('Ctrl Pts',(16.6136570436618,-3.99623904681804,3.43716809842576));
#7401=CARTESIAN_POINT('Ctrl Pts',(12.6757404133562,-11.4590196725957,3.51658199764481));
#7402=CARTESIAN_POINT('Ctrl Pts',(5.64684018432357,-16.1275144649271,3.59599589686384));
#7403=CARTESIAN_POINT('Ctrl Pts',(-2.75904393876111,-16.8633093853997,3.67540979608289));
#7404=CARTESIAN_POINT('Ctrl Pts',(-10.4921342616595,-13.4869805931142,3.75482369530192));
#7405=CARTESIAN_POINT('Ctrl Pts',(-15.6667140864839,-6.82184700913849,3.83423759452096));
#7406=CARTESIAN_POINT('Ctrl Pts',(-17.0209603680117,1.50679628161954,3.91365149374));
#7407=CARTESIAN_POINT('Ctrl Pts',(-14.2246396912045,9.46800678808033,3.99306539295903));
#7408=CARTESIAN_POINT('Ctrl Pts',(-7.95963580146365,15.1204406282285,4.07247929217808));
#7409=CARTESIAN_POINT('Ctrl Pts',(0.246327977944917,17.0857498931422,4.15189319139711));
#7410=CARTESIAN_POINT('Ctrl Pts',(8.3922245963904,14.8846932520447,4.23130709061615));
#7411=CARTESIAN_POINT('Ctrl Pts',(14.4916744008144,9.05399911334799,4.3107209898352));
#7412=CARTESIAN_POINT('Ctrl Pts',(17.0573244878025,1.01548422023131,4.39013488905423));
#7413=CARTESIAN_POINT('Ctrl Pts',(15.463540213512,-7.27065684438646,4.46954878827327));
#7414=CARTESIAN_POINT('Ctrl Pts',(10.0989664137546,-13.7838457716844,4.54896268749231));
#7415=CARTESIAN_POINT('Ctrl Pts',(2.27175622897632,-16.9358392328173,4.62837658671134));
#7416=CARTESIAN_POINT('Ctrl Pts',(-6.10942248269547,-15.9580225533009,4.70779048593038));
#7417=CARTESIAN_POINT('Ctrl Pts',(-13.0008164499741,-11.0888366620583,4.78720438514943));
#7418=CARTESIAN_POINT('Ctrl Pts',(-16.7219569167481,-3.51563419003517,4.86661828436846));
#7419=CARTESIAN_POINT('Ctrl Pts',(-16.3654425181838,4.91485687154226,4.9460321835875));
#7420=CARTESIAN_POINT('Ctrl Pts',(-12.0182094112816,12.1468584181387,5.02544608280654));
#7421=CARTESIAN_POINT('Ctrl Pts',(-4.74033186350746,16.4168444199103,5.10485998202558));
#7422=CARTESIAN_POINT('Ctrl Pts',(3.69347721684885,16.6835773421753,5.18427388124461));
#7423=CARTESIAN_POINT('Ctrl Pts',(11.2266306252476,12.8820142713777,5.26368778046366));
#7424=CARTESIAN_POINT('Ctrl Pts',(16.0221663482097,5.93916765161763,5.34310167968269));
#7425=CARTESIAN_POINT('Ctrl Pts',(16.910691373303,-2.45194701423599,5.42251557890172));
#7426=CARTESIAN_POINT('Ctrl Pts',(13.6755385718184,-10.2451535690995,5.50192947812077));
#7427=CARTESIAN_POINT('Ctrl Pts',(7.10560105158805,-15.5400759515324,5.5813433773398));
#7428=CARTESIAN_POINT('Ctrl Pts',(-1.19703969491019,-17.0455455428254,5.66075727655885));
#7429=CARTESIAN_POINT('Ctrl Pts',(-9.20778190583301,-14.3944530725672,5.74017117577788));
#7430=CARTESIAN_POINT('Ctrl Pts',(-14.9732033762336,-8.23326833873843,5.81958507499692));
#7431=CARTESIAN_POINT('Ctrl Pts',(-17.0874041252335,-0.0643983282260389,
5.89899897421596));
#7432=CARTESIAN_POINT('Ctrl Pts',(-15.0348355831659,8.12017523646472,5.97841287343499));
#7433=CARTESIAN_POINT('Ctrl Pts',(-9.31601728513481,14.3246413158164,6.05782677265405));
#7434=CARTESIAN_POINT('Ctrl Pts',(-1.32548501263113,17.0360387521576,6.13724067187307));
#7435=CARTESIAN_POINT('Ctrl Pts',(6.98826722973597,15.5931923610762,6.21665457109212));
#7436=CARTESIAN_POINT('Ctrl Pts',(13.5979281380872,10.3479407243733,6.29606847031115));
#7437=CARTESIAN_POINT('Ctrl Pts',(16.8917296582792,2.57934023256643,6.37548236953019));
#7438=CARTESIAN_POINT('Ctrl Pts',(16.0664771725328,-5.81823324972531,6.45489626874923));
#7439=CARTESIAN_POINT('Ctrl Pts',(11.3234087793784,-12.7970285808395,6.53431016796827));
#7440=CARTESIAN_POINT('Ctrl Pts',(3.81912331508073,-16.6552641524514,6.6137240671873));
#7441=CARTESIAN_POINT('Ctrl Pts',(-4.61645666484079,-16.4521079119173,6.69313796640635));
#7442=CARTESIAN_POINT('Ctrl Pts',(-11.9263121213868,-12.2370995773912,6.77255186562538));
#7443=CARTESIAN_POINT('Ctrl Pts',(-16.3279323223684,-5.03807036075153,6.85196576484443));
#7444=CARTESIAN_POINT('Ctrl Pts',(-16.7479806889831,3.38949402200019,6.93137966406345));
#7445=CARTESIAN_POINT('Ctrl Pts',(-13.0840282845741,10.9905291379529,7.01079356328251));
#7446=CARTESIAN_POINT('Ctrl Pts',(-6.22953114557228,15.9115199962188,7.09020746250153));
#7447=CARTESIAN_POINT('Ctrl Pts',(2.14403927599957,16.9524813070741,7.16962136172058));
#7448=CARTESIAN_POINT('Ctrl Pts',(9.99478499297598,13.8595743018285,7.24903526093961));
#7449=CARTESIAN_POINT('Ctrl Pts',(15.4082989997212,7.38700540265943,7.32844916015865));
#7450=CARTESIAN_POINT('Ctrl Pts',(17.0644940697171,-0.88688726922415,7.40786305937769));
#7451=CARTESIAN_POINT('Ctrl Pts',(14.5595064734534,-8.94451217972151,7.48727695859673));
#7452=CARTESIAN_POINT('Ctrl Pts',(8.50417828583502,-14.8210147616986,7.56669085781576));
#7453=CARTESIAN_POINT('Ctrl Pts',(0.37510333905695,-17.0834078675383,7.64610475703481));
#7454=CARTESIAN_POINT('Ctrl Pts',(-7.84544068416811,-15.1800061711151,7.72551865625383));
#7455=CARTESIAN_POINT('Ctrl Pts',(-14.1528713358009,-9.57495482160283,7.80493255547289));
#7456=CARTESIAN_POINT('Ctrl Pts',(-17.0091195123165,-1.6350474915716,7.88434645469192));
#7457=CARTESIAN_POINT('Ctrl Pts',(-15.7176881271524,6.70356672387533,7.96376035391096));
#7458=CARTESIAN_POINT('Ctrl Pts',(-10.5934931616292,13.4075139200692,8.04317425313));
#7459=CARTESIAN_POINT('Ctrl Pts',(-2.8860712958169,16.842034300029,8.12258815234903));
#7460=CARTESIAN_POINT('Ctrl Pts',(5.52512003412178,16.169618903466,8.20200205156808));
#7461=CARTESIAN_POINT('Ctrl Pts',(12.5890089702233,11.5542364544857,8.28141595078711));
#7462=CARTESIAN_POINT('Ctrl Pts',(16.5830637988261,4.12134952545543,8.36082985000616));
#7463=CARTESIAN_POINT('Ctrl Pts',(16.5333328971502,-4.3165298791383,8.44024374922519));
#7464=CARTESIAN_POINT('Ctrl Pts',(12.4519431590636,-11.7018220164253,8.51965764844423));
#7465=CARTESIAN_POINT('Ctrl Pts',(5.33414286290692,-16.2336208715722,8.59907154766327));
#7466=CARTESIAN_POINT('Ctrl Pts',(-3.08438998773496,-16.8068458002454,8.67848544688231));
#7467=CARTESIAN_POINT('Ctrl Pts',(-10.7507932777371,-13.2817156251823,8.75789934610135));
#7468=CARTESIAN_POINT('Ctrl Pts',(-15.7956120119503,-6.51783469754433,8.83731324532039));
#7469=CARTESIAN_POINT('Ctrl Pts',(-16.9886653399261,1.83542263864272,8.91672714453942));
#7470=CARTESIAN_POINT('Ctrl Pts',(-14.0390269793414,9.74111114151726,8.99614104375846));
#7471=CARTESIAN_POINT('Ctrl Pts',(-7.66596690380736,15.2714271631749,9.0755549429775));
#7472=CARTESIAN_POINT('Ctrl Pts',(0.576441366473657,17.0777989944872,9.15496884219653));
#7473=CARTESIAN_POINT('Ctrl Pts',(8.67828505453584,14.7197466447302,9.23438274141558));
#7474=CARTESIAN_POINT('Ctrl Pts',(14.6639243634846,8.77227348394612,9.31379664063462));
#7475=CARTESIAN_POINT('Ctrl Pts',(17.0737638863172,0.685689287520728,9.39321053985365));
#7476=CARTESIAN_POINT('Ctrl Pts',(15.3201542167346,-7.5681214145169,9.4726244390727));
#7477=CARTESIAN_POINT('Ctrl Pts',(9.83073149980196,-13.976402648201,9.55203833829173));
#7478=CARTESIAN_POINT('Ctrl Pts',(1.94405884210115,-16.9766116663897,9.63145223751077));
#7479=CARTESIAN_POINT('Ctrl Pts',(-6.41662926588984,-15.8369167237558,9.71086613672982));
#7480=CARTESIAN_POINT('Ctrl Pts',(-13.2127051686861,-10.8356772468409,9.79028003594884));
#7481=CARTESIAN_POINT('Ctrl Pts',(-16.786693914417,-3.19158658755595,9.86969393516789));
#7482=CARTESIAN_POINT('Ctrl Pts',(-16.2675609071981,5.22966573151186,9.94910783438692));
#7483=CARTESIAN_POINT('Ctrl Pts',(-11.7809495609689,12.3779034874732,10.028521733606));
#7484=CARTESIAN_POINT('Ctrl Pts',(-6.8755662753506,15.127644637994,10.0814643330853));
#7485=CARTESIAN_POINT('Ctrl Pts',(-4.24212188664662,15.8332116647676,10.107935632825));
#7486=CARTESIAN_POINT('Ctrl Pts',(-12.1236218042021,-10.7522135599455,-0.107935632825001));
#7487=CARTESIAN_POINT('Ctrl Pts',(-13.9119738495798,-8.7357632978619,-0.0814643330853218));
#7488=CARTESIAN_POINT('Ctrl Pts',(-16.4613370707209,-3.79538177684002,-0.0285217336059631));
#7489=CARTESIAN_POINT('Ctrl Pts',(-16.2695019836422,4.54576521792207,0.0508921656130755));
#7490=CARTESIAN_POINT('Ctrl Pts',(-12.1110458285882,11.7762346840232,0.130306064832114));
#7491=CARTESIAN_POINT('Ctrl Pts',(-4.998967044811,16.1361531821967,0.209719964051152));
#7492=CARTESIAN_POINT('Ctrl Pts',(3.3319381241925,16.5607073546158,0.289133863270191));
#7493=CARTESIAN_POINT('Ctrl Pts',(10.8504384858786,12.9472154427996,0.368547762489229));
#7494=CARTESIAN_POINT('Ctrl Pts',(15.7230095204498,6.17639176385495,0.447961661708268));
#7495=CARTESIAN_POINT('Ctrl Pts',(16.7615432507151,-2.10047015321795,0.527375560927306));
#7496=CARTESIAN_POINT('Ctrl Pts',(13.7127566161137,-9.86517152216457,0.606789460146344));
#7497=CARTESIAN_POINT('Ctrl Pts',(7.3201160207941,-15.2242268828964,0.686203359365383));
#7498=CARTESIAN_POINT('Ctrl Pts',(-0.857540653526101,-16.8708600006968,
0.765617258584421));
#7499=CARTESIAN_POINT('Ctrl Pts',(-8.82608403972749,-14.4035226806039,0.84503115780346));
#7500=CARTESIAN_POINT('Ctrl Pts',(-14.6423847232156,-8.42388431667122,0.924445057022499));
#7501=CARTESIAN_POINT('Ctrl Pts',(-16.8881344690604,-0.390077433109094,
1.00385895624154));
#7502=CARTESIAN_POINT('Ctrl Pts',(-15.0157071333858,7.73884920357767,1.08327285546058));
#7503=CARTESIAN_POINT('Ctrl Pts',(-9.48169439851565,13.9806552310136,1.16268675467961));
#7504=CARTESIAN_POINT('Ctrl Pts',(-1.63556733207659,16.8132735353215,1.24210065389865));
#7505=CARTESIAN_POINT('Ctrl Pts',(6.60939341566254,15.5459694911449,1.32151455311769));
#7506=CARTESIAN_POINT('Ctrl Pts',(13.2426513205437,10.4877754597624,1.40092845233673));
#7507=CARTESIAN_POINT('Ctrl Pts',(16.6466842184524,2.87213385377472,1.48034235155577));
#7508=CARTESIAN_POINT('Ctrl Pts',(15.9914175195122,-5.44387858108502,1.55975625077481));
#7509=CARTESIAN_POINT('Ctrl Pts',(11.4366382373458,-12.4323993701491,1.63917014999385));
#7510=CARTESIAN_POINT('Ctrl Pts',(4.09303084110122,-16.3892753602928,1.71858404921288));
#7511=CARTESIAN_POINT('Ctrl Pts',(-4.24866351325724,-16.3496209934547,1.79799794843192));
#7512=CARTESIAN_POINT('Ctrl Pts',(-11.5543198293127,-12.3231060034905,1.87741184765096));
#7513=CARTESIAN_POINT('Ctrl Pts',(-16.0424513362186,-5.2915974347015,1.95682574687));
#7514=CARTESIAN_POINT('Ctrl Pts',(-16.6186256441365,3.03026896288669,2.03623964608904));
#7515=CARTESIAN_POINT('Ctrl Pts',(-13.1423424525422,10.6132032463145,2.11565354530808));
#7516=CARTESIAN_POINT('Ctrl Pts',(-6.46129459674207,15.6081043186257,2.19506744452711));
#7517=CARTESIAN_POINT('Ctrl Pts',(1.79534213780948,16.7969638594482,2.27448134374616));
#7518=CARTESIAN_POINT('Ctrl Pts',(9.61418408316641,13.8898780664968,2.35389524296519));
#7519=CARTESIAN_POINT('Ctrl Pts',(15.0886039792318,7.59574079633996,2.43330914218423));
#7520=CARTESIAN_POINT('Ctrl Pts',(16.883662677716,-0.550620443076784,2.51272304140327));
#7521=CARTESIAN_POINT('Ctrl Pts',(14.5616345062088,-8.56271270070564,2.5921369406223));
#7522=CARTESIAN_POINT('Ctrl Pts',(8.68874682183817,-14.4867845622568,2.67155083984135));
#7523=CARTESIAN_POINT('Ctrl Pts',(0.697105278206428,-16.8782490951619,2.75096473906038));
#7524=CARTESIAN_POINT('Ctrl Pts',(-7.46452562393674,-15.153946862017,2.83037863827942));
#7525=CARTESIAN_POINT('Ctrl Pts',(-13.8059294211168,-9.73434954716442,2.90979253749846));
#7526=CARTESIAN_POINT('Ctrl Pts',(-16.7807526467281,-1.9410277938676,2.9892064367175));
#7527=CARTESIAN_POINT('Ctrl Pts',(-15.6635836483051,6.32561424525624,3.06862033593654));
#7528=CARTESIAN_POINT('Ctrl Pts',(-10.7268444649969,13.0497531053658,3.14803423515558));
#7529=CARTESIAN_POINT('Ctrl Pts',(-3.17436062092994,16.5917052449569,3.22744813437462));
#7530=CARTESIAN_POINT('Ctrl Pts',(5.15219213712339,16.0877644335502,3.30686203359365));
#7531=CARTESIAN_POINT('Ctrl Pts',(12.2223810951924,11.6608168089171,3.38627593281269));
#7532=CARTESIAN_POINT('Ctrl Pts',(16.3121382780238,4.39037505070695,3.46568983203173));
#7533=CARTESIAN_POINT('Ctrl Pts',(16.4241750095583,-3.95066115259734,3.54510373125077));
#7534=CARTESIAN_POINT('Ctrl Pts',(12.5311710948143,-11.3283272939888,3.62451763046981));
#7535=CARTESIAN_POINT('Ctrl Pts',(5.58243685869991,-15.9435769827811,3.70393152968884));
#7536=CARTESIAN_POINT('Ctrl Pts',(-2.72757649867111,-16.6709800171177,3.78334542890789));
#7537=CARTESIAN_POINT('Ctrl Pts',(-10.3724694017938,-13.3331589203794,3.86275932812692));
#7538=CARTESIAN_POINT('Ctrl Pts',(-15.4880321235047,-6.74404249901545,3.94217322734597));
#7539=CARTESIAN_POINT('Ctrl Pts',(-16.8268329591907,1.48961097295027,4.021587126565));
#7540=CARTESIAN_POINT('Ctrl Pts',(-14.0624048710204,9.36002230396606,4.10100102578404));
#7541=CARTESIAN_POINT('Ctrl Pts',(-7.86885458583961,14.9479890217431,4.18041492500307));
#7542=CARTESIAN_POINT('Ctrl Pts',(0.24351855879084,16.8908835470133,4.25982882422212));
#7543=CARTESIAN_POINT('Ctrl Pts',(8.29650962027176,14.7149303908642,4.33924272344115));
#7544=CARTESIAN_POINT('Ctrl Pts',(14.3263939971191,8.9507364683891,4.41865662266019));
#7545=CARTESIAN_POINT('Ctrl Pts',(16.8627823390259,1.00390242248841,4.49807052187923));
#7546=CARTESIAN_POINT('Ctrl Pts',(15.2871754886114,-7.18773356960581,4.57748442109827));
#7547=CARTESIAN_POINT('Ctrl Pts',(9.98378571071055,-13.6266382930586,4.65689832031731));
#7548=CARTESIAN_POINT('Ctrl Pts',(2.24584640128922,-16.7426826473256,4.73631221953635));
#7549=CARTESIAN_POINT('Ctrl Pts',(-6.03974331475692,-15.7760181598238,4.81572611875538));
#7550=CARTESIAN_POINT('Ctrl Pts',(-12.8525395751432,-10.9623662936712,4.89514001797442));
#7551=CARTESIAN_POINT('Ctrl Pts',(-16.5312397012399,-3.47553768896133,4.97455391719346));
#7552=CARTESIAN_POINT('Ctrl Pts',(-16.178791419681,4.85880195991744,5.0539678164125));
#7553=CARTESIAN_POINT('Ctrl Pts',(-11.8811393634561,12.0083211030258,5.13338171563154));
#7554=CARTESIAN_POINT('Ctrl Pts',(-4.68626744400834,16.229607072584,5.21279561485058));
#7555=CARTESIAN_POINT('Ctrl Pts',(3.65135238099097,16.4932978532819,5.29220951406961));
#7556=CARTESIAN_POINT('Ctrl Pts',(11.0985886895431,12.7350923588165,5.37162341328866));
#7557=CARTESIAN_POINT('Ctrl Pts',(15.8394303821052,5.87143027359468,5.45103731250769));
#7558=CARTESIAN_POINT('Ctrl Pts',(16.7178216041072,-2.42398207511689,5.53045121172673));
#7559=CARTESIAN_POINT('Ctrl Pts',(13.5195663581608,-10.1283055727267,5.60986511094577));
#7560=CARTESIAN_POINT('Ctrl Pts',(7.02456027066639,-15.3628383214501,5.68927901016481));
#7561=CARTESIAN_POINT('Ctrl Pts',(-1.1833872211834,-16.8511377352386,5.76869290938385));
#7562=CARTESIAN_POINT('Ctrl Pts',(-9.10276533780629,-14.2302814972885,5.84810680860288));
#7563=CARTESIAN_POINT('Ctrl Pts',(-14.8024310396362,-8.13936629007786,5.92752070782193));
#7564=CARTESIAN_POINT('Ctrl Pts',(-16.8925189122615,-0.0636638525959595,
6.00693460704096));
#7565=CARTESIAN_POINT('Ctrl Pts',(-14.8633603190971,8.02756303693284,6.08634850625999));
#7566=CARTESIAN_POINT('Ctrl Pts',(-9.20976627126764,14.1612659573875,6.16576240547904));
#7567=CARTESIAN_POINT('Ctrl Pts',(-1.31036759473168,16.8417393713927,6.24517630469808));
#7568=CARTESIAN_POINT('Ctrl Pts',(6.90856466418587,15.4153489278706,6.32459020391711));
#7569=CARTESIAN_POINT('Ctrl Pts',(13.4428410867278,10.2299204202293,6.40400410313616));
#7570=CARTESIAN_POINT('Ctrl Pts',(16.6990761511817,2.54992234867566,6.48341800235518));
#7571=CARTESIAN_POINT('Ctrl Pts',(15.8832358327406,-5.75187515239919,6.56283190157424));
#7572=CARTESIAN_POINT('Ctrl Pts',(11.1942630697454,-12.6510759468345,6.64224580079327));
#7573=CARTESIAN_POINT('Ctrl Pts',(3.77556546070034,-16.465307581069,6.72165970001231));
#7574=CARTESIAN_POINT('Ctrl Pts',(-4.56380506640549,-16.2644683775121,6.80107359923135));
#7575=CARTESIAN_POINT('Ctrl Pts',(-11.7902901802709,-12.0975330440652,6.88048749845039));
#7576=CARTESIAN_POINT('Ctrl Pts',(-16.1417090350443,-4.9806101749897,6.95990139766942));
#7577=CARTESIAN_POINT('Ctrl Pts',(-16.5569666672217,3.35083617441235,7.03931529688846));
#7578=CARTESIAN_POINT('Ctrl Pts',(-12.9348023623636,10.8651799862604,7.1187291961075));
#7579=CARTESIAN_POINT('Ctrl Pts',(-6.15848211465321,15.7300459735735,7.19814309532654));
#7580=CARTESIAN_POINT('Ctrl Pts',(2.11958608534165,16.7591349154444,7.27755699454557));
#7581=CARTESIAN_POINT('Ctrl Pts',(9.88079249957617,13.7015031243859,7.35697089376462));
#7582=CARTESIAN_POINT('Ctrl Pts',(15.2325643117552,7.30275514963261,7.43638479298365));
#7583=CARTESIAN_POINT('Ctrl Pts',(16.8698701504452,-0.87677214506146,7.5157986922027));
#7584=CARTESIAN_POINT('Ctrl Pts',(14.393452431596,-8.84249825482688,7.59521259142172));
#7585=CARTESIAN_POINT('Ctrl Pts',(8.40718645581566,-14.6519781662553,7.67462649064077));
#7586=CARTESIAN_POINT('Ctrl Pts',(0.37082521152026,-16.8885682326732,7.75404038985981));
#7587=CARTESIAN_POINT('Ctrl Pts',(-7.75596188637134,-15.0068752078692,7.83345428907885));
#7588=CARTESIAN_POINT('Ctrl Pts',(-13.9914550478599,-9.46575057408054,7.91286818829788));
#7589=CARTESIAN_POINT('Ctrl Pts',(-16.8151271507893,-1.61639945256702,7.99228208751693));
#7590=CARTESIAN_POINT('Ctrl Pts',(-15.5384247951894,6.62711122372564,8.07169598673595));
#7591=CARTESIAN_POINT('Ctrl Pts',(-10.4726722835256,13.2545985804081,8.15110988595501));
#7592=CARTESIAN_POINT('Ctrl Pts',(-2.85315508367517,16.6499475782901,8.23052378517404));
#7593=CARTESIAN_POINT('Ctrl Pts',(5.46210495080929,15.9852012118973,8.30993768439308));
#7594=CARTESIAN_POINT('Ctrl Pts',(12.4454288408902,11.4224581097085,8.38935158361212));
#7595=CARTESIAN_POINT('Ctrl Pts',(16.3939306867117,4.07434472155931,8.46876548283115));
#7596=CARTESIAN_POINT('Ctrl Pts',(16.3447669757742,-4.26729900482699,8.54817938205021));
#7597=CARTESIAN_POINT('Ctrl Pts',(12.3099262923305,-11.5683604292166,8.62759328126922));
#7598=CARTESIAN_POINT('Ctrl Pts',(5.27330591188488,-16.0484732249386,8.70700718048828));
#7599=CARTESIAN_POINT('Ctrl Pts',(-3.04921191181173,-16.6151604102843,8.7864210797073));
#7600=CARTESIAN_POINT('Ctrl Pts',(-10.6281783607963,-13.1302350398765,8.86583497892635));
#7601=CARTESIAN_POINT('Ctrl Pts',(-15.6154599427179,-6.44349750777357,8.94524887814539));
#7602=CARTESIAN_POINT('Ctrl Pts',(-16.7949062622677,1.81448928158017,9.02466277736443));
#7603=CARTESIAN_POINT('Ctrl Pts',(-13.8789091087312,9.63001184840726,9.10407667658346));
#7604=CARTESIAN_POINT('Ctrl Pts',(-7.57853503986037,15.0972535254902,9.18349057580251));
#7605=CARTESIAN_POINT('Ctrl Pts',(0.569866939038822,16.8830233299251,9.26290447502154));
#7606=CARTESIAN_POINT('Ctrl Pts',(8.57930750249286,14.5518650321267,9.34231837424058));
#7607=CARTESIAN_POINT('Ctrl Pts',(14.4966794150045,8.67222397533511,9.42173227345962));
#7608=CARTESIAN_POINT('Ctrl Pts',(16.8790342429594,0.677868866007218,9.50114617267866));
#7609=CARTESIAN_POINT('Ctrl Pts',(15.145424837397,-7.48180549766632,9.58056007189769));
#7610=CARTESIAN_POINT('Ctrl Pts',(9.71861006883631,-13.8169990204344,9.65997397111674));
#7611=CARTESIAN_POINT('Ctrl Pts',(1.92188646771964,-16.7829900632545,9.73938787033577));
#7612=CARTESIAN_POINT('Ctrl Pts',(-6.3434463440206,-15.6562935661416,9.81880176955481));
#7613=CARTESIAN_POINT('Ctrl Pts',(-13.0620116612426,-10.7120942114969,9.89821566877385));
#7614=CARTESIAN_POINT('Ctrl Pts',(-16.5952383606869,-3.15518591327705,9.97762956799289));
#7615=CARTESIAN_POINT('Ctrl Pts',(-16.0820261677666,5.17002036277191,10.0570434672119));
#7616=CARTESIAN_POINT('Ctrl Pts',(-11.646585508514,12.236731057792,10.136457366431));
#7617=CARTESIAN_POINT('Ctrl Pts',(-6.79714908640521,14.9551108683568,10.1893999659103));
#7618=CARTESIAN_POINT('Ctrl Pts',(-4.19373965015983,15.6526307640817,10.21587126565));
#7619=CARTESIAN_POINT('Ctrl Pts',(-11.9837542906847,-10.6281676766504,0.));
#7620=CARTESIAN_POINT('Ctrl Pts',(-13.7514745184488,-8.63498075029636,0.0264712997396795));
#7621=CARTESIAN_POINT('Ctrl Pts',(-16.2714263062284,-3.7515953060519,0.0794138992190383));
#7622=CARTESIAN_POINT('Ctrl Pts',(-16.0818043776487,4.49332174118443,0.158827798438077));
#7623=CARTESIAN_POINT('Ctrl Pts',(-11.971323401289,11.6403748980242,0.238241697657115));
#7624=CARTESIAN_POINT('Ctrl Pts',(-4.94129507994726,15.9499939915044,0.317655596876154));
#7625=CARTESIAN_POINT('Ctrl Pts',(3.29349829918384,16.3696501773805,0.397069496095192));
#7626=CARTESIAN_POINT('Ctrl Pts',(10.7252594035793,12.7978463136561,0.47648339531423));
#7627=CARTESIAN_POINT('Ctrl Pts',(15.5416166757907,6.10513611331821,0.55589729453327));
#7628=CARTESIAN_POINT('Ctrl Pts',(16.5681690746599,-2.07623749879399,0.635311193752306));
#7629=CARTESIAN_POINT('Ctrl Pts',(13.5545556096537,-9.7513592444878,0.714725092971347));
#7630=CARTESIAN_POINT('Ctrl Pts',(7.23566547927914,-15.0485883819826,0.794138992190383));
#7631=CARTESIAN_POINT('Ctrl Pts',(-0.847647398780463,-16.6762246617439,
0.873552891409424));
#7632=CARTESIAN_POINT('Ctrl Pts',(-8.7242594819617,-14.2373524605357,0.95296679062846));
#7633=CARTESIAN_POINT('Ctrl Pts',(-14.4734588051791,-8.32669984716535,1.0323806898475));
#7634=CARTESIAN_POINT('Ctrl Pts',(-16.693299838429,-0.385577196997374,1.11179458906654));
#7635=CARTESIAN_POINT('Ctrl Pts',(-14.8424742781904,7.64956783097536,1.19120848828558));
#7636=CARTESIAN_POINT('Ctrl Pts',(-9.37230621065641,13.8193635381443,1.27062238750461));
#7637=CARTESIAN_POINT('Ctrl Pts',(-1.61669815753268,16.6193025585414,1.35003628672365));
#7638=CARTESIAN_POINT('Ctrl Pts',(6.53314232190222,15.3666191177119,1.42945018594269));
#7639=CARTESIAN_POINT('Ctrl Pts',(13.0898738137478,10.3667803396921,1.50886408516173));
#7640=CARTESIAN_POINT('Ctrl Pts',(16.4546351453663,2.83899868780663,1.58827798438077));
#7641=CARTESIAN_POINT('Ctrl Pts',(15.8069281117926,-5.38107377132404,1.66769188359981));
#7642=CARTESIAN_POINT('Ctrl Pts',(11.3046962996073,-12.2889695589061,1.74710578281885));
#7643=CARTESIAN_POINT('Ctrl Pts',(4.04581045962276,-16.2001959556382,1.82651968203789));
#7644=CARTESIAN_POINT('Ctrl Pts',(-4.19964763244468,-16.1609990723623,1.90593358125692));
#7645=CARTESIAN_POINT('Ctrl Pts',(-11.421020225365,-12.1809370853771,1.98534748047596));
#7646=CARTESIAN_POINT('Ctrl Pts',(-15.8573731627686,-5.23054945847129,2.064761379695));
#7647=CARTESIAN_POINT('Ctrl Pts',(-16.4269002765474,2.99530942752893,2.14417527891404));
#7648=CARTESIAN_POINT('Ctrl Pts',(-12.990722186724,10.4907610939205,2.22358917813308));
#7649=CARTESIAN_POINT('Ctrl Pts',(-6.38675208593589,15.4280371095834,2.30300307735212));
#7650=CARTESIAN_POINT('Ctrl Pts',(1.77462967706269,16.6031810437513,2.38241697657115));
#7651=CARTESIAN_POINT('Ctrl Pts',(9.50326739144437,13.7296336494738,2.46183087579019));
#7652=CARTESIAN_POINT('Ctrl Pts',(14.9145301294279,7.50811043342824,2.54124477500923));
#7653=CARTESIAN_POINT('Ctrl Pts',(16.6888796371414,-0.54426805816172,2.62065867422827));
#7654=CARTESIAN_POINT('Ctrl Pts',(14.3936401853676,-8.46392659917974,2.70007257344731));
#7655=CARTESIAN_POINT('Ctrl Pts',(8.5885066928421,-14.31965376848,2.77948647266635));
#7656=CARTESIAN_POINT('Ctrl Pts',(0.68906293050726,-16.6835285098786,2.85890037188538));
#7657=CARTESIAN_POINT('Ctrl Pts',(-7.37840906112502,-14.9791191659871,2.93831427110443));
#7658=CARTESIAN_POINT('Ctrl Pts',(-13.646653500842,-9.62204653335718,3.01772817032346));
#7659=CARTESIAN_POINT('Ctrl Pts',(-16.587156856167,-1.91863459028694,3.0971420695425));
#7660=CARTESIAN_POINT('Ctrl Pts',(-15.4828763866433,6.25263704832259,3.17655596876154));
#7661=CARTESIAN_POINT('Ctrl Pts',(-10.6030912592769,12.8992010221401,3.25596986798058));
#7662=CARTESIAN_POINT('Ctrl Pts',(-3.13773873233694,16.4002904519928,3.33538376719961));
#7663=CARTESIAN_POINT('Ctrl Pts',(5.09275244863577,15.9021634930298,3.41479766641866));
#7664=CARTESIAN_POINT('Ctrl Pts',(12.0813742178207,11.526288573132,3.49421156563769));
#7665=CARTESIAN_POINT('Ctrl Pts',(16.123948786637,4.33972427557815,3.57362546485673));
#7666=CARTESIAN_POINT('Ctrl Pts',(16.2346929754548,-3.90508325837665,3.65303936407577));
#7667=CARTESIAN_POINT('Ctrl Pts',(12.3866017762724,-11.1976349153819,3.73245326329481));
#7668=CARTESIAN_POINT('Ctrl Pts',(5.51803353307623,-15.7596395006352,3.81186716251384));
#7669=CARTESIAN_POINT('Ctrl Pts',(-2.6961090585811,-16.4786506488356,3.89128106173288));
#7670=CARTESIAN_POINT('Ctrl Pts',(-10.2528045419281,-13.1793372476446,3.97069496095193));
#7671=CARTESIAN_POINT('Ctrl Pts',(-15.3093501605255,-6.6662379888924,4.05010886017096));
#7672=CARTESIAN_POINT('Ctrl Pts',(-16.6327055503698,1.47242566428099,4.12952275939));
#7673=CARTESIAN_POINT('Ctrl Pts',(-13.9001700508363,9.25203781985178,4.20893665860904));
#7674=CARTESIAN_POINT('Ctrl Pts',(-7.77807337021558,14.7755374152576,4.28835055782808));
#7675=CARTESIAN_POINT('Ctrl Pts',(0.24070913963678,16.6960172008844,4.36776445704712));
#7676=CARTESIAN_POINT('Ctrl Pts',(8.2007946441531,14.5451675296837,4.44717835626615));
#7677=CARTESIAN_POINT('Ctrl Pts',(14.1611135934238,8.84747382343019,4.5265922554852));
#7678=CARTESIAN_POINT('Ctrl Pts',(16.6682401902492,0.992320624745531,4.60600615470423));
#7679=CARTESIAN_POINT('Ctrl Pts',(15.1108107637109,-7.10481029482518,4.68542005392327));
#7680=CARTESIAN_POINT('Ctrl Pts',(9.86860500766653,-13.4694308144329,4.76483395314231));
#7681=CARTESIAN_POINT('Ctrl Pts',(2.21993657360213,-16.5495260618338,4.84424785236135));
#7682=CARTESIAN_POINT('Ctrl Pts',(-5.97006414681837,-15.5940137663466,4.92366175158038));
#7683=CARTESIAN_POINT('Ctrl Pts',(-12.7042627003122,-10.8358959252842,5.00307565079943));
#7684=CARTESIAN_POINT('Ctrl Pts',(-16.3405224857316,-3.43544118788748,5.08248955001846));
#7685=CARTESIAN_POINT('Ctrl Pts',(-15.9921403211781,4.80274704829263,5.1619034492375));
#7686=CARTESIAN_POINT('Ctrl Pts',(-11.7440693156306,11.8697837879129,5.24131734845654));
#7687=CARTESIAN_POINT('Ctrl Pts',(-4.63220302450922,16.0423697252576,5.32073124767558));
#7688=CARTESIAN_POINT('Ctrl Pts',(3.60922754513308,16.3030183643884,5.40014514689462));
#7689=CARTESIAN_POINT('Ctrl Pts',(10.9705467538386,12.5881704462553,5.47955904611366));
#7690=CARTESIAN_POINT('Ctrl Pts',(15.6566944160006,5.80369289557173,5.55897294533269));
#7691=CARTESIAN_POINT('Ctrl Pts',(16.5249518349113,-2.3960171359978,5.63838684455174));
#7692=CARTESIAN_POINT('Ctrl Pts',(13.3635941445031,-10.011457576354,5.71780074377077));
#7693=CARTESIAN_POINT('Ctrl Pts',(6.94351948974474,-15.1856006913678,5.79721464298982));
#7694=CARTESIAN_POINT('Ctrl Pts',(-1.16973474745664,-16.6567299276517,5.87662854220884));
#7695=CARTESIAN_POINT('Ctrl Pts',(-8.99774876977954,-14.0661099220099,5.95604244142789));
#7696=CARTESIAN_POINT('Ctrl Pts',(-14.6316587030388,-8.04546424141728,6.03545634064692));
#7697=CARTESIAN_POINT('Ctrl Pts',(-16.6976336992895,-0.0629293769658636,
6.11487023986597));
#7698=CARTESIAN_POINT('Ctrl Pts',(-14.6918850550283,7.93495083740091,6.19428413908499));
#7699=CARTESIAN_POINT('Ctrl Pts',(-9.10351525740046,13.9978905989585,6.27369803830405));
#7700=CARTESIAN_POINT('Ctrl Pts',(-1.29525017683224,16.6474399906277,6.35311193752307));
#7701=CARTESIAN_POINT('Ctrl Pts',(6.82886209863578,15.2375054946651,6.43252583674212));
#7702=CARTESIAN_POINT('Ctrl Pts',(13.2877540353684,10.1119001160853,6.51193973596116));
#7703=CARTESIAN_POINT('Ctrl Pts',(16.5064226440841,2.52050446478488,6.59135363518019));
#7704=CARTESIAN_POINT('Ctrl Pts',(15.6999944929483,-5.68551705507303,6.67076753439923));
#7705=CARTESIAN_POINT('Ctrl Pts',(11.0651173601125,-12.5051233128295,6.75018143361827));
#7706=CARTESIAN_POINT('Ctrl Pts',(3.73200760631995,-16.2753510096865,6.82959533283731));
#7707=CARTESIAN_POINT('Ctrl Pts',(-4.51115346797019,-16.0768288431069,6.90900923205635));
#7708=CARTESIAN_POINT('Ctrl Pts',(-11.6542682391549,-11.9579665107392,6.98842313127539));
#7709=CARTESIAN_POINT('Ctrl Pts',(-15.9554857477201,-4.9231499892279,7.06783703049442));
#7710=CARTESIAN_POINT('Ctrl Pts',(-16.3659526454603,3.31217832682452,7.14725092971347));
#7711=CARTESIAN_POINT('Ctrl Pts',(-12.7855764401531,10.7398308345679,7.2266648289325));
#7712=CARTESIAN_POINT('Ctrl Pts',(-6.08743308373414,15.5485719509282,7.30607872815155));
#7713=CARTESIAN_POINT('Ctrl Pts',(2.09513289468372,16.5657885238147,7.38549262737058));
#7714=CARTESIAN_POINT('Ctrl Pts',(9.76680000617636,13.5434319469433,7.46490652658962));
#7715=CARTESIAN_POINT('Ctrl Pts',(15.0568296237892,7.21850489660578,7.54432042580866));
#7716=CARTESIAN_POINT('Ctrl Pts',(16.6752462311732,-0.866657020898759,7.62373432502769));
#7717=CARTESIAN_POINT('Ctrl Pts',(14.2273983897386,-8.74048432993226,7.70314822424674));
#7718=CARTESIAN_POINT('Ctrl Pts',(8.31019462579629,-14.4829415708119,7.78256212346576));
#7719=CARTESIAN_POINT('Ctrl Pts',(0.366547083983583,-16.6937285978081,7.86197602268481));
#7720=CARTESIAN_POINT('Ctrl Pts',(-7.66648308857459,-14.8337442446233,7.94138992190385));
#7721=CARTESIAN_POINT('Ctrl Pts',(-13.8300387599189,-9.35654632655826,8.02080382112288));
#7722=CARTESIAN_POINT('Ctrl Pts',(-16.6211347892621,-1.59775141356245,8.10021772034193));
#7723=CARTESIAN_POINT('Ctrl Pts',(-15.3591614632264,6.55065572357595,8.17963161956095));
#7724=CARTESIAN_POINT('Ctrl Pts',(-10.3518514054221,13.1016832407469,8.25904551878001));
#7725=CARTESIAN_POINT('Ctrl Pts',(-2.82023887153343,16.4578608565513,8.33845941799903));
#7726=CARTESIAN_POINT('Ctrl Pts',(5.3990898674968,15.8007835203285,8.41787331721808));
#7727=CARTESIAN_POINT('Ctrl Pts',(12.301848711557,11.2906797649314,8.49728721643712));
#7728=CARTESIAN_POINT('Ctrl Pts',(16.2047975745972,4.02733991766319,8.57670111565615));
#7729=CARTESIAN_POINT('Ctrl Pts',(16.1562010543983,-4.21806813051569,8.6561150148752));
#7730=CARTESIAN_POINT('Ctrl Pts',(12.1679094255973,-11.4348988420078,8.73552891409423));
#7731=CARTESIAN_POINT('Ctrl Pts',(5.21246896086284,-15.8633255783051,8.81494281331327));
#7732=CARTESIAN_POINT('Ctrl Pts',(-3.0140338358885,-16.4234750203232,8.89435671253231));
#7733=CARTESIAN_POINT('Ctrl Pts',(-10.5055634438554,-12.9787544545707,8.97377061175134));
#7734=CARTESIAN_POINT('Ctrl Pts',(-15.4353078734854,-6.3691603180028,9.05318451097039));
#7735=CARTESIAN_POINT('Ctrl Pts',(-16.6011471846093,1.79355592451762,9.13259841018942));
#7736=CARTESIAN_POINT('Ctrl Pts',(-13.718791238121,9.51891255529725,9.21201230940846));
#7737=CARTESIAN_POINT('Ctrl Pts',(-7.49110317591337,14.9230798878054,9.29142620862751));
#7738=CARTESIAN_POINT('Ctrl Pts',(0.563292511603988,16.688247665363,9.37084010784653));
#7739=CARTESIAN_POINT('Ctrl Pts',(8.48032995044986,14.3839834195232,9.45025400706558));
#7740=CARTESIAN_POINT('Ctrl Pts',(14.3294344665244,8.5721744667241,9.52966790628462));
#7741=CARTESIAN_POINT('Ctrl Pts',(16.6843045996015,0.670048444493702,9.60908180550366));
#7742=CARTESIAN_POINT('Ctrl Pts',(14.9706954580595,-7.39548958081573,9.68849570472269));
#7743=CARTESIAN_POINT('Ctrl Pts',(9.60648863787067,-13.6575953926677,9.76790960394174));
#7744=CARTESIAN_POINT('Ctrl Pts',(1.89971409333812,-16.5893684601193,9.84732350316078));
#7745=CARTESIAN_POINT('Ctrl Pts',(-6.27026342215135,-15.4756704085274,9.92673740237981));
#7746=CARTESIAN_POINT('Ctrl Pts',(-12.9113181537991,-10.5885111761529,10.0061513015989));
#7747=CARTESIAN_POINT('Ctrl Pts',(-16.4037828069567,-3.11878523899816,10.0855652008179));
#7748=CARTESIAN_POINT('Ctrl Pts',(-15.8964914283352,5.11037499403197,10.1649791000369));
#7749=CARTESIAN_POINT('Ctrl Pts',(-11.512221456059,12.0955586281109,10.244392999256));
#7750=CARTESIAN_POINT('Ctrl Pts',(-6.71873189745981,14.7825770987197,10.2973355987353));
#7751=CARTESIAN_POINT('Ctrl Pts',(-4.14535741367305,15.4720498633958,10.323806898475));
#7752=CARTESIAN_POINT('Ctrl Pts',(-11.9847681606699,-10.6288180893911,10.));
#7753=CARTESIAN_POINT('Ctrl Pts',(-12.1245363938444,-10.4767790431981,10.));
#7754=CARTESIAN_POINT('Ctrl Pts',(-12.2612415814435,-10.3220958977506,10.));
#7755=CARTESIAN_POINT('Ctrl Pts',(-12.3947921806456,-10.1648401429698,10.));
#7756=CARTESIAN_POINT('Ctrl Pts',(-12.6235295209264,-9.89550205458007,10.));
#7757=CARTESIAN_POINT('Ctrl Pts',(-12.8430151693291,-9.61861934553995,10.));
#7758=CARTESIAN_POINT('Ctrl Pts',(-13.0530602229633,-9.33476555417772,10.));
#7759=CARTESIAN_POINT('Ctrl Pts',(-13.2644306403069,-9.04912067320246,10.));
#7760=CARTESIAN_POINT('Ctrl Pts',(-13.4662412510979,-8.75641597893871,10.));
#7761=CARTESIAN_POINT('Ctrl Pts',(-13.6582592505507,-8.45720125617514,10.));
#7762=CARTESIAN_POINT('Ctrl Pts',(-13.7911508355468,-8.25012109246386,10.));
#7763=CARTESIAN_POINT('Ctrl Pts',(-13.9193511859826,-8.03992207358136,10.));
#7764=CARTESIAN_POINT('Ctrl Pts',(-14.0427707757748,-7.82677866748947,10.));
#7765=CARTESIAN_POINT('Ctrl Pts',(-14.0975651064968,-7.73214984637371,10.));
#7766=CARTESIAN_POINT('Ctrl Pts',(-14.1514169753234,-7.63694059027906,10.));
#7767=CARTESIAN_POINT('Ctrl Pts',(-14.2043178695653,-7.54116584001141,10.));
#7768=CARTESIAN_POINT('Ctrl Pts',(-14.2253841852714,-7.50302619880646,10.));
#7769=CARTESIAN_POINT('Ctrl Pts',(-14.2462972169466,-7.46480131195794,10.));
#7770=CARTESIAN_POINT('Ctrl Pts',(-14.2670528033683,-7.42649915789791,10.));
#7771=CARTESIAN_POINT('Ctrl Pts',(-14.4368650592924,-7.1131292990288,10.));
#7772=CARTESIAN_POINT('Ctrl Pts',(-14.5962198318758,-6.79444892503001,10.));
#7773=CARTESIAN_POINT('Ctrl Pts',(-14.7449096148826,-6.4710232194077,10.));
#7774=CARTESIAN_POINT('Ctrl Pts',(-14.8940486187123,-6.14662038167379,10.));
#7775=CARTESIAN_POINT('Ctrl Pts',(-15.0324583764359,-5.81744298286488,10.));
#7776=CARTESIAN_POINT('Ctrl Pts',(-15.1598850981716,-5.4840339739374,10.));
#7777=CARTESIAN_POINT('Ctrl Pts',(-15.2867775575564,-5.15202284983744,10.));
#7778=CARTESIAN_POINT('Ctrl Pts',(-15.4027791182679,-4.81581499328254,10.));
#7779=CARTESIAN_POINT('Ctrl Pts',(-15.5075914301759,-4.47592731916053,10.));
#7780=CARTESIAN_POINT('Ctrl Pts',(-15.5445383975729,-4.35611487932554,10.));
#7781=CARTESIAN_POINT('Ctrl Pts',(-15.5800945326496,-4.23584504628759,10.));
#7782=CARTESIAN_POINT('Ctrl Pts',(-15.6142452594184,-4.11514007828336,10.));
#7783=CARTESIAN_POINT('Ctrl Pts',(-15.6281294807223,-4.06606661347541,10.));
#7784=CARTESIAN_POINT('Ctrl Pts',(-15.6417813946169,-4.01692122397848,10.));
#7785=CARTESIAN_POINT('Ctrl Pts',(-15.6551999830093,-3.96770539880247,10.));
#7786=CARTESIAN_POINT('Ctrl Pts',(-15.6648397749713,-3.93234919723651,10.));
#7787=CARTESIAN_POINT('Ctrl Pts',(-15.6743566294551,-3.89696588945793,10.));
#7788=CARTESIAN_POINT('Ctrl Pts',(-15.6837502982766,-3.86155628800798,10.));
#7789=CARTESIAN_POINT('Ctrl Pts',(-15.7577688195169,-3.58254215765567,10.));
#7790=CARTESIAN_POINT('Ctrl Pts',(-15.8241416256964,-3.3018922201164,10.));
#7791=CARTESIAN_POINT('Ctrl Pts',(-15.8827639050281,-3.01989812708856,10.));
#7792=CARTESIAN_POINT('Ctrl Pts',(-15.9548200443613,-2.67328237127029,10.));
#7793=CARTESIAN_POINT('Ctrl Pts',(-16.0151682106048,-2.32463611383066,10.));
#7794=CARTESIAN_POINT('Ctrl Pts',(-16.0639450294116,-1.97455030671209,10.));
#7795=CARTESIAN_POINT('Ctrl Pts',(-16.1131722628262,-1.6212317393325,10.));
#7796=CARTESIAN_POINT('Ctrl Pts',(-16.1506135116682,-1.26644636978625,10.));
#7797=CARTESIAN_POINT('Ctrl Pts',(-16.1763577155158,-0.91078650272719,10.));
#7798=CARTESIAN_POINT('Ctrl Pts',(-16.2022048804842,-0.553704213023621,
10.));
#7799=CARTESIAN_POINT('Ctrl Pts',(-16.2162612696704,-0.195739840594682,
10.));
#7800=CARTESIAN_POINT('Ctrl Pts',(-16.2185647359745,0.162513920851909,10.));
#7801=CARTESIAN_POINT('Ctrl Pts',(-16.2208639100274,0.520100116586753,10.));
#7802=CARTESIAN_POINT('Ctrl Pts',(-16.211453897897,0.877975206286726,10.));
#7803=CARTESIAN_POINT('Ctrl Pts',(-16.1903205921236,1.23554781198954,10.));
#7804=CARTESIAN_POINT('Ctrl Pts',(-16.1715256420528,1.55355576318097,10.));
#7805=CARTESIAN_POINT('Ctrl Pts',(-16.1434574754485,1.87132471340802,10.));
#7806=CARTESIAN_POINT('Ctrl Pts',(-16.1060718365962,2.18843171159462,10.));
#7807=CARTESIAN_POINT('Ctrl Pts',(-16.1018531521113,2.22421482014589,10.));
#7808=CARTESIAN_POINT('Ctrl Pts',(-16.0975155669695,2.25999127972197,10.));
#7809=CARTESIAN_POINT('Ctrl Pts',(-16.0930596972777,2.29575482631829,10.));
#7810=CARTESIAN_POINT('Ctrl Pts',(-16.0485342985429,2.65312303555865,10.));
#7811=CARTESIAN_POINT('Ctrl Pts',(-15.9922992539381,3.00843395462561,10.));
#7812=CARTESIAN_POINT('Ctrl Pts',(-15.924465707366,3.36109766118609,10.));
#7813=CARTESIAN_POINT('Ctrl Pts',(-15.8563974241972,3.71498175327055,10.));
#7814=CARTESIAN_POINT('Ctrl Pts',(-15.7766502230524,4.06620086530703,10.));
#7815=CARTESIAN_POINT('Ctrl Pts',(-15.6852841685063,4.41416167444397,10.));
#7816=CARTESIAN_POINT('Ctrl Pts',(-15.6345661763605,4.6073173674694,10.));
#7817=CARTESIAN_POINT('Ctrl Pts',(-15.5802669725266,4.79946903071518,10.));
#7818=CARTESIAN_POINT('Ctrl Pts',(-15.5223899247147,4.99051452340431,10.));
#7819=CARTESIAN_POINT('Ctrl Pts',(-15.4184151500987,5.33372332196478,10.));
#7820=CARTESIAN_POINT('Ctrl Pts',(-15.3028964321967,5.67336311078986,10.));
#7821=CARTESIAN_POINT('Ctrl Pts',(-15.1761854360873,6.00894716048065,10.));
#7822=CARTESIAN_POINT('Ctrl Pts',(-15.049126927684,6.34545156899204,10.));
#7823=CARTESIAN_POINT('Ctrl Pts',(-14.9108144016344,6.67787847608206,10.));
#7824=CARTESIAN_POINT('Ctrl Pts',(-14.7615534368681,7.00571809367481,10.));
#7825=CARTESIAN_POINT('Ctrl Pts',(-14.6577234392969,7.2337722721515,10.));
#7826=CARTESIAN_POINT('Ctrl Pts',(-14.5485944984227,7.45960628380872,10.));
#7827=CARTESIAN_POINT('Ctrl Pts',(-14.4342565841147,7.68304109916039,10.));
#7828=CARTESIAN_POINT('Ctrl Pts',(-14.379189522842,7.79065106162897,10.));
#7829=CARTESIAN_POINT('Ctrl Pts',(-14.3229140640581,7.8977044183105,10.));
#7830=CARTESIAN_POINT('Ctrl Pts',(-14.2654394386214,8.00418056250974,10.));
#7831=CARTESIAN_POINT('Ctrl Pts',(-14.2280695082216,8.07341121982557,10.));
#7832=CARTESIAN_POINT('Ctrl Pts',(-14.1901926093254,8.14239784738152,10.));
#7833=CARTESIAN_POINT('Ctrl Pts',(-14.1518111632525,8.2111346822257,10.));
#7834=CARTESIAN_POINT('Ctrl Pts',(-14.1277015566248,8.25431226458618,10.));
#7835=CARTESIAN_POINT('Ctrl Pts',(-14.1033899894144,8.29739622736616,10.));
#7836=CARTESIAN_POINT('Ctrl Pts',(-14.0788933271333,8.34035684916515,10.));
#7837=CARTESIAN_POINT('Ctrl Pts',(-13.8918256879228,8.66842366931955,10.));
#7838=CARTESIAN_POINT('Ctrl Pts',(-13.6938257302294,8.98956219341493,10.));
#7839=CARTESIAN_POINT('Ctrl Pts',(-13.4853490527919,9.30324100443733,10.));
#7840=CARTESIAN_POINT('Ctrl Pts',(-13.2848410670646,9.60492993835785,10.));
#7841=CARTESIAN_POINT('Ctrl Pts',(-13.0746412986184,9.89971894310719,10.));
#7842=CARTESIAN_POINT('Ctrl Pts',(-12.8551042702628,10.1871166191702,10.));
#7843=CARTESIAN_POINT('Ctrl Pts',(-12.6356337708022,10.4744272017258,10.));
#7844=CARTESIAN_POINT('Ctrl Pts',(-12.4068313646782,10.7543514388085,10.));
#7845=CARTESIAN_POINT('Ctrl Pts',(-12.1690061582327,11.026372486986,10.));
#7846=CARTESIAN_POINT('Ctrl Pts',(-11.9329458551576,11.2963748640901,10.));
#7847=CARTESIAN_POINT('Ctrl Pts',(-11.6879958344149,11.5585913736645,10.));
#7848=CARTESIAN_POINT('Ctrl Pts',(-11.4344188022168,11.8124839662009,10.));
#7849=CARTESIAN_POINT('Ctrl Pts',(-11.4018994100908,11.8450438266227,10.));
#7850=CARTESIAN_POINT('Ctrl Pts',(-11.3692380868586,11.8774667406569,10.));
#7851=CARTESIAN_POINT('Ctrl Pts',(-11.3364353434282,11.9097515282832,10.));
#7852=CARTESIAN_POINT('Ctrl Pts',(-11.092103524317,12.1502253443561,10.));
#7853=CARTESIAN_POINT('Ctrl Pts',(-10.8399277125828,12.3830386312173,10.));
#7854=CARTESIAN_POINT('Ctrl Pts',(-10.580331952219,12.6079346592904,10.));
#7855=CARTESIAN_POINT('Ctrl Pts',(-10.4667588070599,12.7063266715724,10.));
#7856=CARTESIAN_POINT('Ctrl Pts',(-10.3517651165332,12.8032028298139,10.));
#7857=CARTESIAN_POINT('Ctrl Pts',(-10.2353850166069,12.8985394963867,10.));
#7858=CARTESIAN_POINT('Ctrl Pts',(-10.1751501767137,12.9478828880026,10.));
#7859=CARTESIAN_POINT('Ctrl Pts',(-10.1145439348238,12.9968138606956,10.));
#7860=CARTESIAN_POINT('Ctrl Pts',(-10.0535709475003,13.0453289925933,10.));
#7861=CARTESIAN_POINT('Ctrl Pts',(-10.0259043374359,13.0673428268394,10.));
#7862=CARTESIAN_POINT('Ctrl Pts',(-9.99816019290848,13.0892726293578,10.));
#7863=CARTESIAN_POINT('Ctrl Pts',(-9.97034560647932,13.1111128496089,10.));
#7864=CARTESIAN_POINT('Ctrl Pts',(-9.68774157329812,13.3330156395083,10.));
#7865=CARTESIAN_POINT('Ctrl Pts',(-9.39828987844134,13.5453454738416,10.));
#7866=CARTESIAN_POINT('Ctrl Pts',(-9.10256537003233,13.7479132479598,10.));
#7867=CARTESIAN_POINT('Ctrl Pts',(-8.80379878345106,13.9525648094765,10.));
#7868=CARTESIAN_POINT('Ctrl Pts',(-8.49862924012233,14.1472527707516,10.));
#7869=CARTESIAN_POINT('Ctrl Pts',(-8.18760990277763,14.3317464827226,10.));
#7870=CARTESIAN_POINT('Ctrl Pts',(-7.87482319807704,14.5172885801949,10.));
#7871=CARTESIAN_POINT('Ctrl Pts',(-7.55611955818736,14.6925205698155,10.));
#7872=CARTESIAN_POINT('Ctrl Pts',(-7.23202857821216,14.8571670016515,10.));
#7873=CARTESIAN_POINT('Ctrl Pts',(-6.90884881537693,15.0213505120858,10.));
#7874=CARTESIAN_POINT('Ctrl Pts',(-6.58031145720512,15.1750081820494,10.));
#7875=CARTESIAN_POINT('Ctrl Pts',(-6.24691626230892,15.3178219315426,10.));
#7876=CARTESIAN_POINT('Ctrl Pts',(-5.91789802783786,15.4587607586036,10.));
#7877=CARTESIAN_POINT('Ctrl Pts',(-5.58414816348222,15.5891387114492,10.));
#7878=CARTESIAN_POINT('Ctrl Pts',(-5.24612982589332,15.708602923018,10.));
#7879=CARTESIAN_POINT('Ctrl Pts',(-4.9311720872673,15.8199169368991,10.));
#7880=CARTESIAN_POINT('Ctrl Pts',(-4.61250796411693,15.9217552927924,10.));
#7881=CARTESIAN_POINT('Ctrl Pts',(-4.2905041231334,16.0137925654535,10.));
#7882=CARTESIAN_POINT('Ctrl Pts',(-11.9837542906847,-10.6281676766504,-4.16333634234434E-16));
#7883=CARTESIAN_POINT('Ctrl Pts',(-13.7514745184488,-8.63498075029636,0.0264712997396792));
#7884=CARTESIAN_POINT('Ctrl Pts',(-15.0114504123386,-6.19328802817415,0.0529425994793583));
#7885=CARTESIAN_POINT('Ctrl Pts',(-15.6098347045202,-3.59828882590696,0.0794138992190379));
#7886=CARTESIAN_POINT('Ctrl Pts',(-16.2082189967019,-1.00328962363981,0.105885198958717));
#7887=CARTESIAN_POINT('Ctrl Pts',(-16.1450116871753,1.74501605877231,0.132356498698397));
#7888=CARTESIAN_POINT('Ctrl Pts',(-15.4283278696854,4.31034442611831,0.158827798438076));
#7889=CARTESIAN_POINT('Ctrl Pts',(-14.7116440521955,6.87567279346433,0.185299098177755));
#7890=CARTESIAN_POINT('Ctrl Pts',(-13.3414837267423,9.25802384574425,0.211770397917435));
#7891=CARTESIAN_POINT('Ctrl Pts',(-11.4847321771254,11.1674692207976,0.238241697657115));
#7892=CARTESIAN_POINT('Ctrl Pts',(-9.62798062750847,13.0769145958509,0.264712997396794));
#7893=CARTESIAN_POINT('Ctrl Pts',(-7.28463785372787,14.5134542936777,0.291184297136474));
#7894=CARTESIAN_POINT('Ctrl Pts',(-4.74050090364906,15.3016668402371,0.317655596876153));
#7895=CARTESIAN_POINT('Ctrl Pts',(-2.19636395357025,16.0898793867964,0.344126896615833));
#7896=CARTESIAN_POINT('Ctrl Pts',(0.548567172806795,16.2297647820885,0.370598196355512));
#7897=CARTESIAN_POINT('Ctrl Pts',(3.1596595867279,15.7044068357804,0.397069496095192));
#7898=CARTESIAN_POINT('Ctrl Pts',(5.770752000649,15.1790488894724,0.423540795834871));
#7899=CARTESIAN_POINT('Ctrl Pts',(8.24800570211417,13.9884476015642,0.45001209557455));
#7900=CARTESIAN_POINT('Ctrl Pts',(10.289358764882,12.2776952575538,0.47648339531423));
#7901=CARTESIAN_POINT('Ctrl Pts',(12.3307118276498,10.5669429135435,0.50295469505391));
#7902=CARTESIAN_POINT('Ctrl Pts',(13.9361642517202,8.33603951343084,0.52942599479359));
#7903=CARTESIAN_POINT('Ctrl Pts',(14.9099825302337,5.85702554468916,0.555897294533269));
#7904=CARTESIAN_POINT('Ctrl Pts',(15.6404974965412,3.99738001758337,0.575754880968153));
#7905=CARTESIAN_POINT('Ctrl Pts',(16.0155710787512,1.99811448332138,0.595612467403036));
#7906=CARTESIAN_POINT('Ctrl Pts',(16.0175888304576,-0.000416411883283699,
0.615470053837919));
#7907=CARTESIAN_POINT('Ctrl Pts',(-4.29100897369692,16.0149325142045,1.94343239418027E-16));
#7908=CARTESIAN_POINT('Ctrl Pts',(-1.83397190591807,16.6715533051598,0.0244208658733962));
#7909=CARTESIAN_POINT('Ctrl Pts',(3.60742147131747,16.8473701138705,0.0753130314864717));
#7910=CARTESIAN_POINT('Ctrl Pts',(11.1007966504771,13.2459537010865,0.152676496839227));
#7911=CARTESIAN_POINT('Ctrl Pts',(15.6706367599226,6.8957986386992,0.225476682753471));
#7912=CARTESIAN_POINT('Ctrl Pts',(16.5763447853903,2.0680770253741,0.271805568928036));
#7913=CARTESIAN_POINT('Ctrl Pts',(16.5784331872219,-0.000430992246544734,
0.291663155362921));
#7914=CARTESIAN_POINT('Origin',(0.,0.,-2.29166315536291));
#7915=CARTESIAN_POINT('Ctrl Pts',(4.2905041231333,16.0137925654536,0.));
#7916=CARTESIAN_POINT('Ctrl Pts',(6.9539834642959,15.3001784076312,0.0264712997396795));
#7917=CARTESIAN_POINT('Ctrl Pts',(11.9153133487367,12.5190746892754,0.0794138992190386));
#7918=CARTESIAN_POINT('Ctrl Pts',(15.8834989676861,6.19681455807174,0.148859514098065));
#7919=CARTESIAN_POINT('Ctrl Pts',(16.5764815345464,1.71891923979304,0.191833829237411));
#7920=CARTESIAN_POINT('Ctrl Pts',(16.5775342173193,-0.000348137929473968,
0.208336844637078));
#7921=CARTESIAN_POINT('Ctrl Pts',(4.14535741367295,15.4720498633958,-0.323806898475004));
#7922=CARTESIAN_POINT('Ctrl Pts',(6.71873189745972,14.7825770987197,-0.297335598735325));
#7923=CARTESIAN_POINT('Ctrl Pts',(11.5122212003262,12.0955574417707,-0.244392999255966));
#7924=CARTESIAN_POINT('Ctrl Pts',(15.8964915808365,5.11037567538549,-0.164979100036927));
#7925=CARTESIAN_POINT('Ctrl Pts',(16.4037827730946,-3.11878563558539,-0.0855652008178887));
#7926=CARTESIAN_POINT('Ctrl Pts',(12.9113181903869,-10.588510958994,-0.00615130159885007));
#7927=CARTESIAN_POINT('Ctrl Pts',(6.27026342424872,-15.4756705628045,0.0732625976201883));
#7928=CARTESIAN_POINT('Ctrl Pts',(-1.89971409503029,-16.5893684038239,0.152676496839227));
#7929=CARTESIAN_POINT('Ctrl Pts',(-9.60648864933537,-13.6575954543605,0.232090396058265));
#7930=CARTESIAN_POINT('Ctrl Pts',(-14.9706954782579,-7.39548956526587,0.311504295277304));
#7931=CARTESIAN_POINT('Ctrl Pts',(-16.6843046200785,0.670048431310316,0.390918194496343));
#7932=CARTESIAN_POINT('Ctrl Pts',(-14.3294344854675,8.57217448552204,0.47033209371538));
#7933=CARTESIAN_POINT('Ctrl Pts',(-8.48032996089403,14.3839834335757,0.54974599293442));
#7934=CARTESIAN_POINT('Ctrl Pts',(-0.563292512577774,16.6882476891103,0.629159892153458));
#7935=CARTESIAN_POINT('Ctrl Pts',(7.49110318564937,14.9230799055736,0.708573791372496));
#7936=CARTESIAN_POINT('Ctrl Pts',(13.7187912555776,9.51891256819715,0.787987690591536));
#7937=CARTESIAN_POINT('Ctrl Pts',(16.601147205898,1.7935559264165,0.867401589810573));
#7938=CARTESIAN_POINT('Ctrl Pts',(15.4353078931985,-6.36916032593433,0.946815489029613));
#7939=CARTESIAN_POINT('Ctrl Pts',(10.5055634573112,-12.9787544712893,1.02622938824865));
#7940=CARTESIAN_POINT('Ctrl Pts',(3.01403383973403,-16.4234750412676,1.10564328746769));
#7941=CARTESIAN_POINT('Ctrl Pts',(-5.21246896752463,-15.8633255986309,1.18505718668673));
#7942=CARTESIAN_POINT('Ctrl Pts',(-12.1679094411648,-11.4348988566162,1.26447108590577));
#7943=CARTESIAN_POINT('Ctrl Pts',(-16.1562010750625,-4.21806813592127,1.3438849851248));
#7944=CARTESIAN_POINT('Ctrl Pts',(-16.2047975953264,4.02733992281999,1.42329888434384));
#7945=CARTESIAN_POINT('Ctrl Pts',(-12.3018487272924,11.2906797793708,1.50271278356288));
#7946=CARTESIAN_POINT('Ctrl Pts',(-5.39908987440338,15.8007835405415,1.58212668278192));
#7947=CARTESIAN_POINT('Ctrl Pts',(2.82023887514093,16.4578608776024,1.66154058200096));
#7948=CARTESIAN_POINT('Ctrl Pts',(10.3518514186633,13.1016832575063,1.74095448122));
#7949=CARTESIAN_POINT('Ctrl Pts',(15.3591614828729,6.55065573195514,1.82036838043903));
#7950=CARTESIAN_POINT('Ctrl Pts',(16.6211348105228,-1.59775141560585,1.89978227965807));
#7951=CARTESIAN_POINT('Ctrl Pts',(13.8300387776096,-9.35654633852647,1.97919617887711));
#7952=CARTESIAN_POINT('Ctrl Pts',(7.66648309838127,-14.8337442635976,2.05861007809615));
#7953=CARTESIAN_POINT('Ctrl Pts',(-0.366547084452208,-16.6937286191618,
2.13802397731519));
#7954=CARTESIAN_POINT('Ctrl Pts',(-8.31019463642601,-14.4829415893377,2.21743787653423));
#7955=CARTESIAN_POINT('Ctrl Pts',(-14.2273984079373,-8.74048434111276,2.29685177575327));
#7956=CARTESIAN_POINT('Ctrl Pts',(-16.6752462525032,-0.866657022007524,
2.3762656749723));
#7957=CARTESIAN_POINT('Ctrl Pts',(-15.0568296430491,7.21850490583914,2.45567957419134));
#7958=CARTESIAN_POINT('Ctrl Pts',(-9.76680001866956,13.5434319642672,2.53509347341038));
#7959=CARTESIAN_POINT('Ctrl Pts',(-2.09513289736379,16.5657885450046,2.61450737262942));
#7960=CARTESIAN_POINT('Ctrl Pts',(6.08743309152071,15.5485719708171,2.69392127184846));
#7961=CARTESIAN_POINT('Ctrl Pts',(12.7855764565076,10.7398308483057,2.7733351710675));
#7962=CARTESIAN_POINT('Ctrl Pts',(16.3659526663946,3.31217833106137,2.85274907028654));
#7963=CARTESIAN_POINT('Ctrl Pts',(15.9554857681294,-4.9231499955252,2.93216296950557));
#7964=CARTESIAN_POINT('Ctrl Pts',(11.6542682540624,-11.957966526035,3.01157686872461));
#7965=CARTESIAN_POINT('Ctrl Pts',(4.51115347374068,-16.0768288636714,3.09099076794365));
#7966=CARTESIAN_POINT('Ctrl Pts',(-3.7320076110936,-16.275351030505,3.17040466716269));
#7967=CARTESIAN_POINT('Ctrl Pts',(-11.0651173742662,-12.5051233288253,3.24981856638173));
#7968=CARTESIAN_POINT('Ctrl Pts',(-15.6999945130308,-5.6855170623457,3.32923246560077));
#7969=CARTESIAN_POINT('Ctrl Pts',(-16.5064226651982,2.52050446800885,3.4086463648198));
#7970=CARTESIAN_POINT('Ctrl Pts',(-13.2877540523653,10.1119001290198,3.48806026403884));
#7971=CARTESIAN_POINT('Ctrl Pts',(-6.82886210737094,15.237505514156,3.56747416325788));
#7972=CARTESIAN_POINT('Ctrl Pts',(1.29525017848894,16.6474400119221,3.64688806247692));
#7973=CARTESIAN_POINT('Ctrl Pts',(9.10351526904504,13.9978906168638,3.72630196169596));
#7974=CARTESIAN_POINT('Ctrl Pts',(14.6918850738212,7.93495084755093,3.805715860915));
#7975=CARTESIAN_POINT('Ctrl Pts',(16.6976337206481,-0.0629293770462652,
3.88512976013404));
#7976=CARTESIAN_POINT('Ctrl Pts',(14.6316587217547,-8.04546425170845,3.96454365935307));
#7977=CARTESIAN_POINT('Ctrl Pts',(8.99774878128902,-14.0661099400024,4.04395755857211));
#7978=CARTESIAN_POINT('Ctrl Pts',(1.16973474895299,-16.6567299489579,4.12337145779115));
#7979=CARTESIAN_POINT('Ctrl Pts',(-6.94351949862637,-15.1856007107923,4.20278535701019));
#7980=CARTESIAN_POINT('Ctrl Pts',(-13.363594161597,-10.0114575891601,4.28219925622923));
#7981=CARTESIAN_POINT('Ctrl Pts',(-16.524951856049,-2.39601713906275,4.36161315544827));
#7982=CARTESIAN_POINT('Ctrl Pts',(-15.6566944360277,5.80369290299535,4.4410270546673));
#7983=CARTESIAN_POINT('Ctrl Pts',(-10.9705467678716,12.5881704623573,4.52044095388635));
#7984=CARTESIAN_POINT('Ctrl Pts',(-3.60922754974989,16.3030183852423,4.59985485310538));
#7985=CARTESIAN_POINT('Ctrl Pts',(4.63220303043435,16.0423697457781,4.67926875232442));
#7986=CARTESIAN_POINT('Ctrl Pts',(11.7440693306528,11.869783803096,4.75868265154346));
#7987=CARTESIAN_POINT('Ctrl Pts',(15.9921403416342,4.80274705443611,4.8380965507625));
#7988=CARTESIAN_POINT('Ctrl Pts',(16.3405225066335,-3.43544119228178,4.91751044998153));
#7989=CARTESIAN_POINT('Ctrl Pts',(12.7042627165628,-10.8358959391447,4.99692434920058));
#7990=CARTESIAN_POINT('Ctrl Pts',(5.97006415445501,-15.5940137862935,5.07633824841961));
#7991=CARTESIAN_POINT('Ctrl Pts',(-2.21993657644163,-16.549526083003,5.15575214763865));
#7992=CARTESIAN_POINT('Ctrl Pts',(-9.86860502028978,-13.4694308316622,5.23516604685769));
#7993=CARTESIAN_POINT('Ctrl Pts',(-15.1108107830397,-7.1048103039133,5.31457994607672));
#7994=CARTESIAN_POINT('Ctrl Pts',(-16.6682402115702,0.992320626014736,5.39399384529577));
#7995=CARTESIAN_POINT('Ctrl Pts',(-14.1611136115379,8.84747383474726,5.4734077445148));
#7996=CARTESIAN_POINT('Ctrl Pts',(-8.20079465464315,14.5451675482889,5.55282164373384));
#7997=CARTESIAN_POINT('Ctrl Pts',(-0.240709139944787,16.696017222241,5.63223554295289));
#7998=CARTESIAN_POINT('Ctrl Pts',(7.77807338016473,14.7755374341577,5.71164944217192));
#7999=CARTESIAN_POINT('Ctrl Pts',(13.9001700686165,9.25203783168651,5.79106334139096));
#8000=CARTESIAN_POINT('Ctrl Pts',(16.6327055716453,1.47242566616454,5.87047724061));
#8001=CARTESIAN_POINT('Ctrl Pts',(15.3093501801083,-6.66623799741935,5.94989113982904));
#8002=CARTESIAN_POINT('Ctrl Pts',(10.2528045550429,-13.1793372645028,6.02930503904807));
#8003=CARTESIAN_POINT('Ctrl Pts',(2.69610906202991,-16.4786506699141,6.10871893826712));
#8004=CARTESIAN_POINT('Ctrl Pts',(-5.51803354013448,-15.759639520794,6.18813283748615));
#8005=CARTESIAN_POINT('Ctrl Pts',(-12.3866017921165,-11.1976349297053,6.2675467367052));
#8006=CARTESIAN_POINT('Ctrl Pts',(-16.2346929962212,-3.90508326337182,6.34696063592422));
#8007=CARTESIAN_POINT('Ctrl Pts',(-16.1239488072617,4.33972428112927,6.42637453514327));
#8008=CARTESIAN_POINT('Ctrl Pts',(-12.0813742332744,11.5262885878757,6.50578843436231));
#8009=CARTESIAN_POINT('Ctrl Pts',(-5.09275245515011,15.9021635133708,6.58520233358135));
#8010=CARTESIAN_POINT('Ctrl Pts',(3.13773873635056,16.4002904729711,6.66461623280038));
#8011=CARTESIAN_POINT('Ctrl Pts',(10.6030912728397,12.8992010386399,6.74403013201943));
#8012=CARTESIAN_POINT('Ctrl Pts',(15.4828764064481,6.25263705632057,6.82344403123846));
#8013=CARTESIAN_POINT('Ctrl Pts',(16.5871568773843,-1.91863459274115,6.9028579304575));
#8014=CARTESIAN_POINT('Ctrl Pts',(13.646653518298,-9.62204654566512,6.98227182967654));
#8015=CARTESIAN_POINT('Ctrl Pts',(7.37840907056302,-14.9791191851476,7.06168572889558));
#8016=CARTESIAN_POINT('Ctrl Pts',(-0.68906293138867,-16.6835285312192,7.14109962811461));
#8017=CARTESIAN_POINT('Ctrl Pts',(-8.58850670382802,-14.3196537867969,7.22051352733365));
#8018=CARTESIAN_POINT('Ctrl Pts',(-14.3936402037791,-8.46392661000627,7.29992742655269));
#8019=CARTESIAN_POINT('Ctrl Pts',(-16.6888796584888,-0.54426805885789,7.37934132577173));
#8020=CARTESIAN_POINT('Ctrl Pts',(-14.9145301485056,7.50811044303214,7.45875522499077));
#8021=CARTESIAN_POINT('Ctrl Pts',(-9.5032674036004,13.729633667036,7.53816912420981));
#8022=CARTESIAN_POINT('Ctrl Pts',(-1.77462967933265,16.603181064989,7.61758302342884));
#8023=CARTESIAN_POINT('Ctrl Pts',(6.38675209410541,15.4280371293182,7.69699692264788));
#8024=CARTESIAN_POINT('Ctrl Pts',(12.9907222033411,10.4907611073395,7.77641082186692));
#8025=CARTESIAN_POINT('Ctrl Pts',(16.4269002975596,2.99530943136058,7.85582472108596));
#8026=CARTESIAN_POINT('Ctrl Pts',(15.8573731830525,-5.23054946516234,7.935238620305));
#8027=CARTESIAN_POINT('Ctrl Pts',(11.4210202399738,-12.1809371009574,8.01465251952403));
#8028=CARTESIAN_POINT('Ctrl Pts',(4.19964763781721,-16.1609990930359,8.09406641874308));
#8029=CARTESIAN_POINT('Ctrl Pts',(-4.04581046479908,-16.2001959763578,8.17348031796211));
#8030=CARTESIAN_POINT('Ctrl Pts',(-11.3046963140654,-12.2889695746305,8.25289421718116));
#8031=CARTESIAN_POINT('Ctrl Pts',(-15.806928132016,-5.38107377819789,8.33230811640018));
#8032=CARTESIAN_POINT('Ctrl Pts',(-16.4546351664064,2.83899869142094,8.41172201561923));
#8033=CARTESIAN_POINT('Ctrl Pts',(-13.0898738305058,10.3667803529844,8.49113591483827));
#8034=CARTESIAN_POINT('Ctrl Pts',(-6.53314233023233,15.3666191373096,8.5705498140573));
#8035=CARTESIAN_POINT('Ctrl Pts',(1.61669815955086,16.6193025799072,8.64996371327634));
#8036=CARTESIAN_POINT('Ctrl Pts',(9.37230622273787,13.8193635556245,8.72937761249538));
#8037=CARTESIAN_POINT('Ctrl Pts',(14.8424742970027,7.64956784111968,8.80879151171442));
#8038=CARTESIAN_POINT('Ctrl Pts',(16.6932998601045,-0.385577198145039,8.88820541093346));
#8039=CARTESIAN_POINT('Ctrl Pts',(14.4734588230936,-8.32669985662949,8.9676193101525));
#8040=CARTESIAN_POINT('Ctrl Pts',(8.72425949423265,-14.2373524808903,9.04703320937153));
#8041=CARTESIAN_POINT('Ctrl Pts',(0.847647397806668,-16.6762246792254,9.12644710859058));
#8042=CARTESIAN_POINT('Ctrl Pts',(-7.23566548473113,-15.048588408107,9.20586100780961));
#8043=CARTESIAN_POINT('Ctrl Pts',(-13.5545556340058,-9.75135924476754,9.28527490702865));
#8044=CARTESIAN_POINT('Ctrl Pts',(-16.5681690829492,-2.07623752289935,9.36468880624769));
#8045=CARTESIAN_POINT('Ctrl Pts',(-15.5416167193479,6.10513615848681,9.44410270546674));
#8046=CARTESIAN_POINT('Ctrl Pts',(-10.7252593739758,12.797846265743,9.52351660468576));
#8047=CARTESIAN_POINT('Ctrl Pts',(-3.29349838243215,16.3696503072864,9.60293050390482));
#8048=CARTESIAN_POINT('Ctrl Pts',(4.9412952301243,15.9499938304346,9.68234440312384));
#8049=CARTESIAN_POINT('Ctrl Pts',(11.9713231545309,11.6403752103358,9.76175830234288));
#8050=CARTESIAN_POINT('Ctrl Pts',(16.0818048803071,4.49332125658799,9.84117220156193));
#8051=CARTESIAN_POINT('Ctrl Pts',(16.271425439198,-3.75159445689911,9.92058610078096));
#8052=CARTESIAN_POINT('Ctrl Pts',(13.7514745184488,-8.6349807502964,9.97352870026032));
#8053=CARTESIAN_POINT('Ctrl Pts',(11.9837542906847,-10.6281676766504,10.));
#8054=CARTESIAN_POINT('Ctrl Pts',(4.19373965015973,15.6526307640817,-0.215871265650003));
#8055=CARTESIAN_POINT('Ctrl Pts',(6.79714908640511,14.9551108683569,-0.189399965910323));
#8056=CARTESIAN_POINT('Ctrl Pts',(11.6465852497963,12.2367298576056,-0.136457366430964));
#8057=CARTESIAN_POINT('Ctrl Pts',(16.0820263220478,5.17002105207781,-0.0570434672119259));
#8058=CARTESIAN_POINT('Ctrl Pts',(16.5952383264294,-3.15518631449302,0.0223704320071125));
#8059=CARTESIAN_POINT('Ctrl Pts',(13.0620116982574,-10.7120939918034,0.101784331226151));
#8060=CARTESIAN_POINT('Ctrl Pts',(6.34344634614245,-15.6562937222193,0.18119823044519));
#8061=CARTESIAN_POINT('Ctrl Pts',(-1.92188646943157,-16.7829900063021,0.260612129664228));
#8062=CARTESIAN_POINT('Ctrl Pts',(-9.71861008043482,-13.8169990828472,0.340026028883267));
#8063=CARTESIAN_POINT('Ctrl Pts',(-15.1454248578312,-7.48180548193497,0.419439928102305));
#8064=CARTESIAN_POINT('Ctrl Pts',(-16.8790342636753,0.67786885266996,0.498853827321343));
#8065=CARTESIAN_POINT('Ctrl Pts',(-14.4966794341687,8.67222399435246,0.578267726540383));
#8066=CARTESIAN_POINT('Ctrl Pts',(-8.57930751305893,14.5518650463432,0.65768162575942));
#8067=CARTESIAN_POINT('Ctrl Pts',(-0.569866940023972,16.8830233539496,0.73709552497846));
#8068=CARTESIAN_POINT('Ctrl Pts',(7.57853504971,15.0972535434657,0.816509424197496));
#8069=CARTESIAN_POINT('Ctrl Pts',(13.8789091263916,9.63001186145773,0.895923323416538));
#8070=CARTESIAN_POINT('Ctrl Pts',(16.7949062838048,1.81448928350121,0.975337222635574));
#8071=CARTESIAN_POINT('Ctrl Pts',(15.6154599626611,-6.44349751579767,1.05475112185461));
#8072=CARTESIAN_POINT('Ctrl Pts',(10.6281783744091,-13.1302350567902,1.13416502107365));
#8073=CARTESIAN_POINT('Ctrl Pts',(3.04921191570213,-16.6151604314732,1.21357892029269));
#8074=CARTESIAN_POINT('Ctrl Pts',(-5.27330591862442,-16.0484732455016,1.29299281951173));
#8075=CARTESIAN_POINT('Ctrl Pts',(-12.3099263080797,-11.5683604439954,1.37240671873077));
#8076=CARTESIAN_POINT('Ctrl Pts',(-16.3447669966797,-4.26729901029567,1.45182061794981));
#8077=CARTESIAN_POINT('Ctrl Pts',(-16.3939307076828,4.07434472677631,1.53123451716884));
#8078=CARTESIAN_POINT('Ctrl Pts',(-12.4454288568091,11.4224581243164,1.61064841638788));
#8079=CARTESIAN_POINT('Ctrl Pts',(-5.46210495779647,15.9852012323461,1.69006231560692));
#8080=CARTESIAN_POINT('Ctrl Pts',(2.85315508732475,16.6499475995869,1.76947621482596));
#8081=CARTESIAN_POINT('Ctrl Pts',(10.4726722969214,13.2545985973631,1.848890114045));
#8082=CARTESIAN_POINT('Ctrl Pts',(15.5384248150651,6.62711123220261,1.92830401326404));
#8083=CARTESIAN_POINT('Ctrl Pts',(16.8151271722982,-1.61639945463427,2.00771791248307));
#8084=CARTESIAN_POINT('Ctrl Pts',(13.9914550657571,-9.46575058618844,2.08713181170211));
#8085=CARTESIAN_POINT('Ctrl Pts',(7.7559618962925,-15.006875227065,2.16654571092115));
#8086=CARTESIAN_POINT('Ctrl Pts',(-0.37082521199437,-16.8885682542761,2.24595961014019));
#8087=CARTESIAN_POINT('Ctrl Pts',(-8.40718646656943,-14.6519781849973,2.32537350935923));
#8088=CARTESIAN_POINT('Ctrl Pts',(-14.3934524500071,-8.84249826613787,2.40478740857827));
#8089=CARTESIAN_POINT('Ctrl Pts',(-16.8698701720241,-0.876772146183166,
2.4842013077973));
#8090=CARTESIAN_POINT('Ctrl Pts',(-15.2325643312399,7.30275515897373,2.56361520701635));
#8091=CARTESIAN_POINT('Ctrl Pts',(-9.88079251221516,13.701503141912,2.64302910623538));
#8092=CARTESIAN_POINT('Ctrl Pts',(-2.11958608805301,16.7591349368817,2.72244300545443));
#8093=CARTESIAN_POINT('Ctrl Pts',(6.15848212253067,15.7300459936945,2.80185690467346));
#8094=CARTESIAN_POINT('Ctrl Pts',(12.934802378909,10.8651800001585,2.8812708038925));
#8095=CARTESIAN_POINT('Ctrl Pts',(16.5569666884003,3.35083617869864,2.96068470311154));
#8096=CARTESIAN_POINT('Ctrl Pts',(16.1417090556918,-4.98061018136051,3.04009860233057));
#8097=CARTESIAN_POINT('Ctrl Pts',(11.7902901953524,-12.0975330595395,3.11951250154962));
#8098=CARTESIAN_POINT('Ctrl Pts',(4.56380507224334,-16.2644683983166,3.19892640076865));
#8099=CARTESIAN_POINT('Ctrl Pts',(-3.77556546552971,-16.4653076021304,3.2783402999877));
#8100=CARTESIAN_POINT('Ctrl Pts',(-11.1942630840644,-12.651075963017,3.35775419920672));
#8101=CARTESIAN_POINT('Ctrl Pts',(-15.8832358530574,-5.75187515975673,3.43716809842577));
#8102=CARTESIAN_POINT('Ctrl Pts',(-16.6990761725421,2.54992235193725,3.5165819976448));
#8103=CARTESIAN_POINT('Ctrl Pts',(-13.4428411039231,10.2299204333147,3.59599589686384));
#8104=CARTESIAN_POINT('Ctrl Pts',(-6.90856467302299,15.415348947589,3.67540979608288));
#8105=CARTESIAN_POINT('Ctrl Pts',(1.31036759640771,16.8417393929356,3.75482369530192));
#8106=CARTESIAN_POINT('Ctrl Pts',(9.20976628304813,14.1612659755017,3.83423759452096));
#8107=CARTESIAN_POINT('Ctrl Pts',(14.8633603381093,8.02756304720131,3.91365149373999));
#8108=CARTESIAN_POINT('Ctrl Pts',(16.8925189338694,-0.0636638526772919,
3.99306539295904));
#8109=CARTESIAN_POINT('Ctrl Pts',(14.8024310585706,-8.13936630048914,4.07247929217808));
#8110=CARTESIAN_POINT('Ctrl Pts',(9.10276534945008,-14.230281515491,4.15189319139711));
#8111=CARTESIAN_POINT('Ctrl Pts',(1.18338722269723,-16.8511377567935,4.23130709061615));
#8112=CARTESIAN_POINT('Ctrl Pts',(-7.02456027965168,-15.3628383411013,4.31072098983519));
#8113=CARTESIAN_POINT('Ctrl Pts',(-13.5195663754542,-10.1283055856823,4.39013488905423));
#8114=CARTESIAN_POINT('Ctrl Pts',(-16.7178216254916,-2.42398207821761,4.46954878827327));
#8115=CARTESIAN_POINT('Ctrl Pts',(-15.839430402366,5.87143028110496,4.5489626874923));
#8116=CARTESIAN_POINT('Ctrl Pts',(-11.0985887037398,12.7350923751064,4.62837658671135));
#8117=CARTESIAN_POINT('Ctrl Pts',(-3.65135238566166,16.4932978743791,4.70779048593038));
#8118=CARTESIAN_POINT('Ctrl Pts',(4.68626745000264,16.2296070933439,4.78720438514943));
#8119=CARTESIAN_POINT('Ctrl Pts',(11.8811393786536,12.0083211183862,4.86661828436846));
#8120=CARTESIAN_POINT('Ctrl Pts',(16.1787914403759,4.85880196613262,4.9460321835875));
#8121=CARTESIAN_POINT('Ctrl Pts',(16.5312397223857,-3.47553769340692,5.02544608280653));
#8122=CARTESIAN_POINT('Ctrl Pts',(12.8525395915834,-10.9623663076936,5.10485998202558));
#8123=CARTESIAN_POINT('Ctrl Pts',(6.03974332248269,-15.7760181800035,5.18427388124461));
#8124=CARTESIAN_POINT('Ctrl Pts',(-2.24584640416187,-16.7426826687418,5.26368778046366));
#8125=CARTESIAN_POINT('Ctrl Pts',(-9.98378572348112,-13.6266383104891,5.34310167968269));
#8126=CARTESIAN_POINT('Ctrl Pts',(-15.2871755081658,-7.18773357880002,5.42251557890173));
#8127=CARTESIAN_POINT('Ctrl Pts',(-16.8627823605957,1.00390242377243,5.50192947812076));
#8128=CARTESIAN_POINT('Ctrl Pts',(-14.3263940154446,8.95073647983825,5.58134337733981));
#8129=CARTESIAN_POINT('Ctrl Pts',(-8.29650963088423,14.7149304096866,5.66075727655884));
#8130=CARTESIAN_POINT('Ctrl Pts',(-0.243518559102454,16.8908835686191,5.74017117577789));
#8131=CARTESIAN_POINT('Ctrl Pts',(7.86885459590489,14.9479890408637,5.81958507499692));
#8132=CARTESIAN_POINT('Ctrl Pts',(14.0624048890081,9.36002231593892,5.89899897421596));
#8133=CARTESIAN_POINT('Ctrl Pts',(16.8268329807146,1.48961097485579,5.978412873435));
#8134=CARTESIAN_POINT('Ctrl Pts',(15.4880321433161,-6.74404250764191,6.05782677265404));
#8135=CARTESIAN_POINT('Ctrl Pts',(10.3724694150617,-13.3331589374343,6.13724067187307));
#8136=CARTESIAN_POINT('Ctrl Pts',(2.72757650216016,-16.6709800384422,6.21665457109212));
#8137=CARTESIAN_POINT('Ctrl Pts',(-5.58243686584052,-15.9435770031753,6.29606847031115));
#8138=CARTESIAN_POINT('Ctrl Pts',(-12.5311711108433,-11.3283273084793,6.37548236953019));
#8139=CARTESIAN_POINT('Ctrl Pts',(-16.4241750305671,-3.95066115765082,6.45489626874923));
#8140=CARTESIAN_POINT('Ctrl Pts',(-16.3121382988893,4.39037505632287,6.53431016796828));
#8141=CARTESIAN_POINT('Ctrl Pts',(-12.2223811108266,11.6608168238329,6.6137240671873));
#8142=CARTESIAN_POINT('Ctrl Pts',(-5.15219214371374,16.0877644541287,6.69313796640635));
#8143=CARTESIAN_POINT('Ctrl Pts',(3.17436062499039,16.59170526618,6.77255186562539));
#8144=CARTESIAN_POINT('Ctrl Pts',(10.7268444787181,13.0497531220583,6.85196576484442));
#8145=CARTESIAN_POINT('Ctrl Pts',(15.6635836683411,6.32561425334757,6.93137966406346));
#8146=CARTESIAN_POINT('Ctrl Pts',(16.7807526681931,-1.94102779635046,7.0107935632825));
#8147=CARTESIAN_POINT('Ctrl Pts',(13.8059294387766,-9.73434955961602,7.09020746250154));
#8148=CARTESIAN_POINT('Ctrl Pts',(7.46452563348489,-15.153946881401,7.16962136172057));
#8149=CARTESIAN_POINT('Ctrl Pts',(-0.697105279098132,-16.8782491167516,
7.24903526093962));
#8150=CARTESIAN_POINT('Ctrl Pts',(-8.6887468329523,-14.4867845807874,7.32844916015865));
#8151=CARTESIAN_POINT('Ctrl Pts',(-14.5616345248352,-8.56271271165855,7.4078630593777));
#8152=CARTESIAN_POINT('Ctrl Pts',(-16.8836626993125,-0.550620443781085,
7.48727695859673));
#8153=CARTESIAN_POINT('Ctrl Pts',(-15.0886039985322,7.59574080605598,7.56669085781577));
#8154=CARTESIAN_POINT('Ctrl Pts',(-9.61418409546429,13.8898780842639,7.6461047570348));
#8155=CARTESIAN_POINT('Ctrl Pts',(-1.79534214010595,16.7969638809339,7.72551865625386));
#8156=CARTESIAN_POINT('Ctrl Pts',(6.46129460500695,15.6081043385907,7.80493255547287));
#8157=CARTESIAN_POINT('Ctrl Pts',(13.1423424693531,10.6132032598901,7.88434645469193));
#8158=CARTESIAN_POINT('Ctrl Pts',(16.6186256653939,3.03026896676303,7.96376035391096));
#8159=CARTESIAN_POINT('Ctrl Pts',(16.0424513567393,-5.29159744147061,8.04317425313));
#8160=CARTESIAN_POINT('Ctrl Pts',(11.5543198440919,-12.3231060192527,8.12258815234904));
#8161=CARTESIAN_POINT('Ctrl Pts',(4.24866351869249,-16.3496210143696,8.20200205156808));
#8162=CARTESIAN_POINT('Ctrl Pts',(-4.09303084633795,-16.3892753812543,8.28141595078712));
#8163=CARTESIAN_POINT('Ctrl Pts',(-11.4366382519727,-12.432399386057,8.36082985000615));
#8164=CARTESIAN_POINT('Ctrl Pts',(-15.9914175399715,-5.44387858803909,8.44024374922519));
#8165=CARTESIAN_POINT('Ctrl Pts',(-16.6466842397382,2.87213385743121,8.51965764844423));
#8166=CARTESIAN_POINT('Ctrl Pts',(-13.2426513374973,10.4877754732098,8.59907154766327));
#8167=CARTESIAN_POINT('Ctrl Pts',(-6.60939342408992,15.5459695109713,8.67848544688231));
#8168=CARTESIAN_POINT('Ctrl Pts',(1.63556733411834,16.8132735569366,8.75789934610134));
#8169=CARTESIAN_POINT('Ctrl Pts',(9.4816944107381,13.9806552486977,8.83731324532039));
#8170=CARTESIAN_POINT('Ctrl Pts',(15.0157071524178,7.7388492138404,8.91672714453941));
#8171=CARTESIAN_POINT('Ctrl Pts',(16.8881344909888,-0.39007743427017,8.99614104375847));
#8172=CARTESIAN_POINT('Ctrl Pts',(14.6423847413391,-8.42388432624581,9.0755549429775));
#8173=CARTESIAN_POINT('Ctrl Pts',(8.82608405214163,-14.403522701196,9.15496884219653));
#8174=CARTESIAN_POINT('Ctrl Pts',(0.85754065254095,-16.8708600183824,9.23438274141559));
#8175=CARTESIAN_POINT('Ctrl Pts',(-7.32011602630972,-15.2242269093256,9.31379664063461));
#8176=CARTESIAN_POINT('Ctrl Pts',(-13.7127566407501,-9.86517152244759,9.39321053985365));
#8177=CARTESIAN_POINT('Ctrl Pts',(-16.7615432591011,-2.10047017760465,9.47262443907269));
#8178=CARTESIAN_POINT('Ctrl Pts',(-15.7230095645155,6.17639180955072,9.55203833829174));
#8179=CARTESIAN_POINT('Ctrl Pts',(-10.8504384559296,12.9472153943273,9.63145223751076));
#8180=CARTESIAN_POINT('Ctrl Pts',(-3.33193820841243,16.5607074860379,9.71086613672981));
#8181=CARTESIAN_POINT('Ctrl Pts',(4.99896719674082,16.136153019247,9.79028003594885));
#8182=CARTESIAN_POINT('Ctrl Pts',(12.11104557895,11.7762349999799,9.86969393516788));
#8183=CARTESIAN_POINT('Ctrl Pts',(16.2695024921673,4.54576472766971,9.94910783438692));
#8184=CARTESIAN_POINT('Ctrl Pts',(16.461336193571,-3.79538091777641,10.028521733606));
#8185=CARTESIAN_POINT('Ctrl Pts',(13.9119738495798,-8.73576329786194,10.0814643330853));
#8186=CARTESIAN_POINT('Ctrl Pts',(12.1236218042021,-10.7522135599455,10.107935632825));
#8187=CARTESIAN_POINT('Ctrl Pts',(4.24212188664652,15.8332116647677,-0.107935632825001));
#8188=CARTESIAN_POINT('Ctrl Pts',(6.87556627535051,15.127644637994,-0.0814643330853218));
#8189=CARTESIAN_POINT('Ctrl Pts',(11.7809492992665,12.3779022734405,-0.0285217336059628));
#8190=CARTESIAN_POINT('Ctrl Pts',(16.2675610632591,5.22966642877012,0.0508921656130757));
#8191=CARTESIAN_POINT('Ctrl Pts',(16.7866938797643,-3.19158699340064,0.130306064832114));
#8192=CARTESIAN_POINT('Ctrl Pts',(13.2127052061279,-10.8356770246129,0.209719964051153));
#8193=CARTESIAN_POINT('Ctrl Pts',(6.41662926803618,-15.8369168816341,0.289133863270191));
#8194=CARTESIAN_POINT('Ctrl Pts',(-1.94405884383283,-16.9766116087803,0.36854776248923));
#8195=CARTESIAN_POINT('Ctrl Pts',(-9.83073151153429,-13.9764027113339,0.447961661708268));
#8196=CARTESIAN_POINT('Ctrl Pts',(-15.3201542374045,-7.56812139860407,0.527375560927307));
#8197=CARTESIAN_POINT('Ctrl Pts',(-17.0737639072722,0.685689274029603,0.606789460146345));
#8198=CARTESIAN_POINT('Ctrl Pts',(-14.6639243828698,8.77227350318288,0.686203359365384));
#8199=CARTESIAN_POINT('Ctrl Pts',(-8.67828506522381,14.7197466591107,0.765617258584423));
#8200=CARTESIAN_POINT('Ctrl Pts',(-0.57644136747017,17.0777990187888,0.84503115780346));
#8201=CARTESIAN_POINT('Ctrl Pts',(7.66596691377061,15.2714271813579,0.924445057022501));
#8202=CARTESIAN_POINT('Ctrl Pts',(14.0390269972056,9.74111115471827,1.00385895624154));
#8203=CARTESIAN_POINT('Ctrl Pts',(16.9886653617117,1.83542264058593,1.08327285546058));
#8204=CARTESIAN_POINT('Ctrl Pts',(15.7956120321236,-6.51783470566101,1.16268675467961));
#8205=CARTESIAN_POINT('Ctrl Pts',(10.7507932915069,-13.2817156422911,1.24210065389865));
#8206=CARTESIAN_POINT('Ctrl Pts',(3.08438999167026,-16.8068458216787,1.32151455311769));
#8207=CARTESIAN_POINT('Ctrl Pts',(-5.33414286972421,-16.2336208923724,1.40092845233673));
#8208=CARTESIAN_POINT('Ctrl Pts',(-12.4519431749945,-11.7018220313747,1.48034235155577));
#8209=CARTESIAN_POINT('Ctrl Pts',(-16.5333329182968,-4.31652988467006,1.55975625077481));
#8210=CARTESIAN_POINT('Ctrl Pts',(-16.5830638200392,4.1213495307326,1.63917014999384));
#8211=CARTESIAN_POINT('Ctrl Pts',(-12.5890089863259,11.5542364692621,1.71858404921288));
#8212=CARTESIAN_POINT('Ctrl Pts',(-5.52512004118957,16.1696189241508,1.79799794843192));
#8213=CARTESIAN_POINT('Ctrl Pts',(2.8860712995086,16.8420343215715,1.87741184765096));
#8214=CARTESIAN_POINT('Ctrl Pts',(10.5934931751795,13.4075139372199,1.95682574687));
#8215=CARTESIAN_POINT('Ctrl Pts',(15.7176881472574,6.7035667324501,2.03623964608904));
#8216=CARTESIAN_POINT('Ctrl Pts',(17.0091195340736,-1.63504749366271,2.11565354530807));
#8217=CARTESIAN_POINT('Ctrl Pts',(14.1528713539046,-9.5749548338504,2.19506744452712));
#8218=CARTESIAN_POINT('Ctrl Pts',(7.84544069420372,-15.1800061905323,2.27448134374615));
#8219=CARTESIAN_POINT('Ctrl Pts',(-0.37510333953653,-17.0834078893904,2.35389524296519));
#8220=CARTESIAN_POINT('Ctrl Pts',(-8.50417829671285,-14.8210147806569,2.43330914218423));
#8221=CARTESIAN_POINT('Ctrl Pts',(-14.559506492077,-8.94451219116299,2.51272304140327));
#8222=CARTESIAN_POINT('Ctrl Pts',(-17.064494091545,-0.886887270358795,2.5921369406223));
#8223=CARTESIAN_POINT('Ctrl Pts',(-15.4082990194307,7.38700541210832,2.67155083984135));
#8224=CARTESIAN_POINT('Ctrl Pts',(-9.99478500576079,13.8595743195568,2.75096473906038));
#8225=CARTESIAN_POINT('Ctrl Pts',(-2.14403927874222,16.9524813287587,2.83037863827942));
#8226=CARTESIAN_POINT('Ctrl Pts',(6.22953115354063,15.9115200165719,2.90979253749846));
#8227=CARTESIAN_POINT('Ctrl Pts',(13.0840283013103,10.9905291520114,2.9892064367175));
#8228=CARTESIAN_POINT('Ctrl Pts',(16.7479807104061,3.38949402633591,3.06862033593654));
#8229=CARTESIAN_POINT('Ctrl Pts',(16.3279323432541,-5.03807036719581,3.14803423515557));
#8230=CARTESIAN_POINT('Ctrl Pts',(11.9263121366423,-12.2370995930441,3.22744813437462));
#8231=CARTESIAN_POINT('Ctrl Pts',(4.61645667074598,-16.4521079329619,3.30686203359365));
#8232=CARTESIAN_POINT('Ctrl Pts',(-3.81912331996581,-16.6552641737558,3.38627593281269));
#8233=CARTESIAN_POINT('Ctrl Pts',(-11.3234087938625,-12.7970285972088,3.46568983203173));
#8234=CARTESIAN_POINT('Ctrl Pts',(-16.066477193084,-5.81823325716775,3.54510373125077));
#8235=CARTESIAN_POINT('Ctrl Pts',(-16.8917296798861,2.57934023586565,3.62451763046981));
#8236=CARTESIAN_POINT('Ctrl Pts',(-13.5979281554809,10.3479407376096,3.70393152968884));
#8237=CARTESIAN_POINT('Ctrl Pts',(-6.98826723867503,15.593192381022,3.78334542890789));
#8238=CARTESIAN_POINT('Ctrl Pts',(1.32548501432649,17.0360387739491,3.86275932812692));
#8239=CARTESIAN_POINT('Ctrl Pts',(9.31601729705121,14.3246413341397,3.94217322734596));
#8240=CARTESIAN_POINT('Ctrl Pts',(15.0348356023975,8.12017524685166,4.021587126565));
#8241=CARTESIAN_POINT('Ctrl Pts',(17.0874041470907,-0.0643983283083016,
4.10100102578404));
#8242=CARTESIAN_POINT('Ctrl Pts',(14.9732033953865,-8.23326834926983,4.18041492500308));
#8243=CARTESIAN_POINT('Ctrl Pts',(9.20778191761115,-14.3944530909797,4.25982882422212));
#8244=CARTESIAN_POINT('Ctrl Pts',(1.19703969644148,-17.045545564629,4.33924272344115));
#8245=CARTESIAN_POINT('Ctrl Pts',(-7.10560106067701,-15.5400759714104,4.41865662266019));
#8246=CARTESIAN_POINT('Ctrl Pts',(-13.6755385893113,-10.2451535822045,4.49807052187923));
#8247=CARTESIAN_POINT('Ctrl Pts',(-16.9106913949342,-2.45194701737247,4.57748442109827));
#8248=CARTESIAN_POINT('Ctrl Pts',(-16.0221663687043,5.93916765921454,4.65689832031731));
#8249=CARTESIAN_POINT('Ctrl Pts',(-11.2266306396081,12.8820142878556,4.73631221953635));
#8250=CARTESIAN_POINT('Ctrl Pts',(-3.69347722157341,16.6835773635159,4.81572611875539));
#8251=CARTESIAN_POINT('Ctrl Pts',(4.74033186957089,16.4168444409098,4.89514001797442));
#8252=CARTESIAN_POINT('Ctrl Pts',(12.0182094266545,12.1468584336763,4.97455391719346));
#8253=CARTESIAN_POINT('Ctrl Pts',(16.3654425391175,4.91485687782915,5.0539678164125));
#8254=CARTESIAN_POINT('Ctrl Pts',(16.7219569381379,-3.51563419453205,5.13338171563154));
#8255=CARTESIAN_POINT('Ctrl Pts',(13.000816466604,-11.0888366762424,5.21279561485058));
#8256=CARTESIAN_POINT('Ctrl Pts',(6.10942249051037,-15.9580225737134,5.29220951406961));
#8257=CARTESIAN_POINT('Ctrl Pts',(-2.2717562318821,-16.9358392544806,5.37162341328866));
#8258=CARTESIAN_POINT('Ctrl Pts',(-10.0989664266725,-13.783845789316,5.45103731250769));
#8259=CARTESIAN_POINT('Ctrl Pts',(-15.4635402332919,-7.27065685368674,5.53045121172674));
#8260=CARTESIAN_POINT('Ctrl Pts',(-17.0573245096212,1.01548422153015,5.60986511094577));
#8261=CARTESIAN_POINT('Ctrl Pts',(-14.4916744193513,9.05399912492922,5.68927901016481));
#8262=CARTESIAN_POINT('Ctrl Pts',(-8.39222460712532,14.8846932710843,5.76869290938385));
#8263=CARTESIAN_POINT('Ctrl Pts',(-0.246327978260104,17.0857499149972,5.84810680860288));
#8264=CARTESIAN_POINT('Ctrl Pts',(7.95963581164502,15.1204406475697,5.92752070782193));
#8265=CARTESIAN_POINT('Ctrl Pts',(14.2246397093997,9.46800680019132,6.00693460704096));
#8266=CARTESIAN_POINT('Ctrl Pts',(17.0209603897838,1.50679628354705,6.08634850626001));
#8267=CARTESIAN_POINT('Ctrl Pts',(15.6667141065239,-6.82184701786448,6.16576240547904));
#8268=CARTESIAN_POINT('Ctrl Pts',(10.4921342750804,-13.4869806103658,6.24517630469808));
#8269=CARTESIAN_POINT('Ctrl Pts',(2.75904394229042,-16.8633094069703,6.32459020391711));
#8270=CARTESIAN_POINT('Ctrl Pts',(-5.64684019154657,-16.1275144855565,6.40400410313616));
#8271=CARTESIAN_POINT('Ctrl Pts',(-12.6757404295702,-11.4590196872534,6.48341800235518));
#8272=CARTESIAN_POINT('Ctrl Pts',(-16.6136570649129,-3.99623905192981,6.56283190157424));
#8273=CARTESIAN_POINT('Ctrl Pts',(-16.5003277905169,4.44102583151646,6.64224580079327));
#8274=CARTESIAN_POINT('Ctrl Pts',(-12.3633879883787,11.7953450597901,6.72165970001232));
#8275=CARTESIAN_POINT('Ctrl Pts',(-5.21163183227739,16.2733653948866,6.80107359923134));
#8276=CARTESIAN_POINT('Ctrl Pts',(3.21098251363023,16.7831200593889,6.8804874984504));
#8277=CARTESIAN_POINT('Ctrl Pts',(10.8505976845964,13.2003052054766,6.95990139766941));
#8278=CARTESIAN_POINT('Ctrl Pts',(15.844290930234,6.39859145037457,7.03931529688847));
#8279=CARTESIAN_POINT('Ctrl Pts',(16.9743484590018,-1.96342099995977,7.11872919610749));
#8280=CARTESIAN_POINT('Ctrl Pts',(13.9652053592551,-9.84665257356692,7.19814309532655));
#8281=CARTESIAN_POINT('Ctrl Pts',(7.55064219640676,-15.3287745776544,7.27755699454557));
#8282=CARTESIAN_POINT('Ctrl Pts',(-0.705147626807579,-17.0729697022839,
7.35697089376462));
#8283=CARTESIAN_POINT('Ctrl Pts',(-8.7889869620766,-14.6539153747779,7.43638479298365));
#8284=CARTESIAN_POINT('Ctrl Pts',(-14.7296288458913,-8.66149881331081,7.5157986922027));
#8285=CARTESIAN_POINT('Ctrl Pts',(-17.0784457401363,-0.556972828704285,
7.59521259142173));
#8286=CARTESIAN_POINT('Ctrl Pts',(-15.2626778485587,7.68337116907981,7.67462649064077));
#8287=CARTESIAN_POINT('Ctrl Pts',(-9.7251007873282,14.0501225014918,7.75404038985981));
#8288=CARTESIAN_POINT('Ctrl Pts',(-1.81605460087923,16.9907466968787,7.83345428907885));
#8289=CARTESIAN_POINT('Ctrl Pts',(6.53583711590848,15.7881715478633,7.91286818829788));
#8290=CARTESIAN_POINT('Ctrl Pts',(13.2939627353652,10.7356454124407,7.99228208751693));
#8291=CARTESIAN_POINT('Ctrl Pts',(16.8103510332283,3.06522850216551,8.07169598673597));
#8292=CARTESIAN_POINT('Ctrl Pts',(16.2275295304261,-5.35264541777891,8.15110988595499));
#8293=CARTESIAN_POINT('Ctrl Pts',(11.68761944821,-12.465274937548,8.23052378517405));
#8294=CARTESIAN_POINT('Ctrl Pts',(4.29767939956776,-16.5382429357033,8.30993768439307));
#8295=CARTESIAN_POINT('Ctrl Pts',(-4.14025122787681,-16.5783547861507,8.38935158361213));
#8296=CARTESIAN_POINT('Ctrl Pts',(-11.56858018988,-12.5758291974835,8.46876548283114));
#8297=CARTESIAN_POINT('Ctrl Pts',(-16.1759069479271,-5.5066833978803,8.54817938205021));
#8298=CARTESIAN_POINT('Ctrl Pts',(-16.8387333130699,2.90526902344149,8.62759328126922));
#8299=CARTESIAN_POINT('Ctrl Pts',(-13.3954288444888,10.6087705934352,8.70700718048827));
#8300=CARTESIAN_POINT('Ctrl Pts',(-6.68564451794747,15.725319884633,8.78642107970731));
#8301=CARTESIAN_POINT('Ctrl Pts',(1.6544365086858,17.0072445339661,8.86583497892635));
#8302=CARTESIAN_POINT('Ctrl Pts',(9.59108259873835,14.141946941771,8.94524887814537));
#8303=CARTESIAN_POINT('Ctrl Pts',(15.1889400078328,7.82813058656112,9.02466277736444));
#8304=CARTESIAN_POINT('Ctrl Pts',(17.0829691218731,-0.394577670395285,9.10407667658346));
#8305=CARTESIAN_POINT('Ctrl Pts',(14.8113106595847,-8.52106879586215,9.1834905758025));
#8306=CARTESIAN_POINT('Ctrl Pts',(8.92790861005064,-14.5696929215018,9.26290447502154));
#8307=CARTESIAN_POINT('Ctrl Pts',(0.867433907275221,-17.0654953575393,9.34231837424058));
#8308=CARTESIAN_POINT('Ctrl Pts',(-7.40456656788831,-15.3998654105443,9.42173227345961));
#8309=CARTESIAN_POINT('Ctrl Pts',(-13.8709576474943,-9.97898380012762,9.50114617267866));
#8310=CARTESIAN_POINT('Ctrl Pts',(-16.954917435253,-2.12470283230996,9.58056007189769));
#8311=CARTESIAN_POINT('Ctrl Pts',(-15.904402409683,6.24764746061463,9.65997397111673));
#8312=CARTESIAN_POINT('Ctrl Pts',(-10.9756175378833,13.0965845229116,9.73938787033578));
#8313=CARTESIAN_POINT('Ctrl Pts',(-3.37037803439271,16.7517646647894,9.8188017695548));
#8314=CARTESIAN_POINT('Ctrl Pts',(5.05663916335734,16.3223122080594,9.89821566877385));
#8315=CARTESIAN_POINT('Ctrl Pts',(12.2507680033692,11.912094789624,9.97762956799289));
#8316=CARTESIAN_POINT('Ctrl Pts',(16.4572001040275,4.59820819875143,10.0570434672119));
#8317=CARTESIAN_POINT('Ctrl Pts',(16.651246947944,-3.8391673786537,10.136457366431));
#8318=CARTESIAN_POINT('Ctrl Pts',(14.0724731807108,-8.83654584542748,10.1893999659103));
#8319=CARTESIAN_POINT('Ctrl Pts',(12.2634893177195,-10.8762594432406,10.21587126565));
#8320=CARTESIAN_POINT('Ctrl Pts',(4.2905041231333,16.0137925654536,0.));
#8321=CARTESIAN_POINT('Ctrl Pts',(6.9539834642959,15.3001784076312,0.0264712997396795));
#8322=CARTESIAN_POINT('Ctrl Pts',(11.9153133487367,12.5190746892754,0.0794138992190386));
#8323=CARTESIAN_POINT('Ctrl Pts',(16.4530958044704,5.28931180546244,0.158827798438077));
#8324=CARTESIAN_POINT('Ctrl Pts',(16.9781494330993,-3.22798767230828,0.238241697657116));
#8325=CARTESIAN_POINT('Ctrl Pts',(13.3633987139984,-10.9592600574224,0.317655596876154));
#8326=CARTESIAN_POINT('Ctrl Pts',(6.48981218992993,-16.0175400410489,0.397069496095193));
#8327=CARTESIAN_POINT('Ctrl Pts',(-1.96623121823411,-17.1702332112585,0.476483395314231));
#8328=CARTESIAN_POINT('Ctrl Pts',(-9.94285294263372,-14.1358063398206,0.55589729453327));
#8329=CARTESIAN_POINT('Ctrl Pts',(-15.4948836169778,-7.65443731527317,0.635311193752309));
#8330=CARTESIAN_POINT('Ctrl Pts',(-17.2684935508691,0.69350969538925,0.714725092971346));
#8331=CARTESIAN_POINT('Ctrl Pts',(-14.831169331571,8.87232301201329,0.794138992190385));
#8332=CARTESIAN_POINT('Ctrl Pts',(-8.7772626173887,14.8876282718782,0.873552891409424));
#8333=CARTESIAN_POINT('Ctrl Pts',(-0.583015794916376,17.2725746836281,0.952966790628462));
#8334=CARTESIAN_POINT('Ctrl Pts',(7.75339877783125,15.44560081925,1.0323806898475));
#8335=CARTESIAN_POINT('Ctrl Pts',(14.1991448680195,9.85221044797886,1.11179458906654));
#8336=CARTESIAN_POINT('Ctrl Pts',(17.1824244396186,1.85635599767063,1.19120848828558));
#8337=CARTESIAN_POINT('Ctrl Pts',(15.9757641015861,-6.59217189552434,1.27062238750462));
#8338=CARTESIAN_POINT('Ctrl Pts',(10.8734082086048,-13.4331962277921,1.35003628672365));
#8339=CARTESIAN_POINT('Ctrl Pts',(3.11956806763838,-16.9985312118843,1.42945018594269));
#8340=CARTESIAN_POINT('Ctrl Pts',(-5.39497982082401,-16.4187685392431,1.50886408516173));
#8341=CARTESIAN_POINT('Ctrl Pts',(-12.5939600419094,-11.835283618754,1.58827798438077));
#8342=CARTESIAN_POINT('Ctrl Pts',(-16.721898839914,-4.36576075904446,1.66769188359981));
#8343=CARTESIAN_POINT('Ctrl Pts',(-16.7721969323955,4.16835433468892,1.74710578281884));
#8344=CARTESIAN_POINT('Ctrl Pts',(-12.7325891158427,11.6860148142078,1.82651968203789));
#8345=CARTESIAN_POINT('Ctrl Pts',(-5.58813512458267,16.3540366159555,1.90593358125692));
#8346=CARTESIAN_POINT('Ctrl Pts',(2.91898751169243,17.034121043556,1.98534748047596));
#8347=CARTESIAN_POINT('Ctrl Pts',(10.7143140534377,13.5604292770767,2.064761379695));
#8348=CARTESIAN_POINT('Ctrl Pts',(15.8969514794497,6.78002223269757,2.14417527891404));
#8349=CARTESIAN_POINT('Ctrl Pts',(17.2031118958489,-1.65369553269112,2.22358917813307));
#8350=CARTESIAN_POINT('Ctrl Pts',(14.314287642052,-9.68415908151237,2.30300307735212));
#8351=CARTESIAN_POINT('Ctrl Pts',(7.93491949211493,-15.3531371539997,2.38241697657115));
#8352=CARTESIAN_POINT('Ctrl Pts',(-0.379381467078677,-17.2782475245047,
2.46183087579019));
#8353=CARTESIAN_POINT('Ctrl Pts',(-8.60117012685628,-14.9900513763165,2.54124477500923));
#8354=CARTESIAN_POINT('Ctrl Pts',(-14.7255605341468,-9.0465261161881,2.62065867422827));
#8355=CARTESIAN_POINT('Ctrl Pts',(-17.2591180110659,-0.897002394534439,
2.70007257344731));
#8356=CARTESIAN_POINT('Ctrl Pts',(-15.5840337076214,7.47125566524292,2.77948647266635));
#8357=CARTESIAN_POINT('Ctrl Pts',(-10.1087774993064,14.0176454972015,2.85890037188539));
#8358=CARTESIAN_POINT('Ctrl Pts',(-2.16849246943143,17.1458277206358,2.93831427110442));
#8359=CARTESIAN_POINT('Ctrl Pts',(6.30058018455059,16.0929940394493,3.01772817032347));
#8360=CARTESIAN_POINT('Ctrl Pts',(13.2332542237116,11.1158783038642,3.0971420695425));
#8361=CARTESIAN_POINT('Ctrl Pts',(16.9389947324118,3.42815187397319,3.17655596876154));
#8362=CARTESIAN_POINT('Ctrl Pts',(16.5141556308165,-5.09553055303111,3.25596986798058));
#8363=CARTESIAN_POINT('Ctrl Pts',(12.0623340779323,-12.3766661265486,3.33538376719962));
#8364=CARTESIAN_POINT('Ctrl Pts',(4.66910826924863,-16.639747467607,3.41479766641865));
#8365=CARTESIAN_POINT('Ctrl Pts',(-3.86268117440191,-16.8452207453812,3.4942115656377));
#8366=CARTESIAN_POINT('Ctrl Pts',(-11.4525545036607,-12.9429812314004,3.57362546485673));
#8367=CARTESIAN_POINT('Ctrl Pts',(-16.2497185331106,-5.8845913545788,3.65303936407577));
#8368=CARTESIAN_POINT('Ctrl Pts',(-17.0843831872301,2.60875811979407,3.73245326329481));
#8369=CARTESIAN_POINT('Ctrl Pts',(-13.7530152070387,10.4659610419046,3.81186716251385));
#8370=CARTESIAN_POINT('Ctrl Pts',(-7.06796980432709,15.771035814455,3.89128106173288));
#8371=CARTESIAN_POINT('Ctrl Pts',(1.34060243224528,17.2303381549626,3.97069496095193));
#8372=CARTESIAN_POINT('Ctrl Pts',(9.4222683110543,14.4880166927776,4.05010886017096));
#8373=CARTESIAN_POINT('Ctrl Pts',(15.2063108666856,8.21278744650204,4.12952275939));
#8374=CARTESIAN_POINT('Ctrl Pts',(17.282289360312,-0.0651328039393349,4.20893665860904));
#8375=CARTESIAN_POINT('Ctrl Pts',(15.1439757322023,-8.32717039805052,4.28835055782807));
#8376=CARTESIAN_POINT('Ctrl Pts',(9.31279848577223,-14.5586246664683,4.36776445704712));
#8377=CARTESIAN_POINT('Ctrl Pts',(1.2106921701857,-17.2399533724646,4.44717835626615));
#8378=CARTESIAN_POINT('Ctrl Pts',(-7.18664184170231,-15.7173136017194,4.52659225548519));
#8379=CARTESIAN_POINT('Ctrl Pts',(-13.8315108031685,-10.3620015787267,4.60600615470423));
#8380=CARTESIAN_POINT('Ctrl Pts',(-17.1035611643767,-2.47991195652733,4.68542005392327));
#8381=CARTESIAN_POINT('Ctrl Pts',(-16.2049023350427,6.00690503732414,4.76483395314232));
#8382=CARTESIAN_POINT('Ctrl Pts',(-11.3546725754763,13.0289362006047,4.84424785236134));
#8383=CARTESIAN_POINT('Ctrl Pts',(-3.7356020574852,16.8738568526527,4.92366175158039));
#8384=CARTESIAN_POINT('Ctrl Pts',(4.79439628913918,16.6040817884757,5.00307565079942));
#8385=CARTESIAN_POINT('Ctrl Pts',(12.1552794746553,12.2853957489665,5.08248955001847));
#8386=CARTESIAN_POINT('Ctrl Pts',(16.5520936378591,4.97091178952566,5.1619034492375));
#8387=CARTESIAN_POINT('Ctrl Pts',(16.9126741538901,-3.55573069565718,5.24131734845654));
#8388=CARTESIAN_POINT('Ctrl Pts',(13.1490933416246,-11.2153070447912,5.32073124767557));
#8389=CARTESIAN_POINT('Ctrl Pts',(6.17910165853805,-16.1400269674234,5.40014514689462));
#8390=CARTESIAN_POINT('Ctrl Pts',(-2.29766605960234,-17.1289958402194,5.47955904611365));
#8391=CARTESIAN_POINT('Ctrl Pts',(-10.2141471298638,-13.9410532681428,5.55897294533269));
#8392=CARTESIAN_POINT('Ctrl Pts',(-15.6399049584181,-7.35358012857345,5.63838684455174));
#8393=CARTESIAN_POINT('Ctrl Pts',(-17.2518666586467,1.02706601928785,5.71780074377077));
#8394=CARTESIAN_POINT('Ctrl Pts',(-14.6569548232581,9.1572617700202,5.79721464298981));
#8395=CARTESIAN_POINT('Ctrl Pts',(-8.48793958336639,15.0544561324819,5.87662854220885));
#8396=CARTESIAN_POINT('Ctrl Pts',(-0.249137397417781,17.2806162613753,5.95604244142788));
#8397=CARTESIAN_POINT('Ctrl Pts',(8.05041702738519,15.2928922542758,6.03545634064693));
#8398=CARTESIAN_POINT('Ctrl Pts',(14.3868745297914,9.57599128444371,6.11487023986596));
#8399=CARTESIAN_POINT('Ctrl Pts',(17.2150877988531,1.52398159223832,6.19428413908501));
#8400=CARTESIAN_POINT('Ctrl Pts',(15.8453960697316,-6.89965152808706,6.27369803830403));
#8401=CARTESIAN_POINT('Ctrl Pts',(10.6117991350992,-13.6408022832973,6.35311193752309));
#8402=CARTESIAN_POINT('Ctrl Pts',(2.79051138242068,-17.0556387754983,6.43252583674211));
#8403=CARTESIAN_POINT('Ctrl Pts',(-5.71124351725263,-16.3114519679378,6.51193973596116));
#8404=CARTESIAN_POINT('Ctrl Pts',(-12.8203097482969,-11.5897120660275,6.59135363518019));
#8405=CARTESIAN_POINT('Ctrl Pts',(-16.8031390992588,-4.04181694620881,6.67076753439923));
#8406=CARTESIAN_POINT('Ctrl Pts',(-16.6885172821445,4.49167660671005,6.75018143361827));
#8407=CARTESIAN_POINT('Ctrl Pts',(-12.5043948659308,11.9298732957473,6.82959533283731));
#8408=CARTESIAN_POINT('Ctrl Pts',(-5.27107152084104,16.4589663356445,6.90900923205634));
#8409=CARTESIAN_POINT('Ctrl Pts',(3.24760440227007,16.9745348525978,6.98842313127539));
#8410=CARTESIAN_POINT('Ctrl Pts',(10.9743508904747,13.3508572888949,7.06783703049443));
#8411=CARTESIAN_POINT('Ctrl Pts',(16.0249981921269,6.47156864740156,7.14725092971346));
#8412=CARTESIAN_POINT('Ctrl Pts',(17.1679442498106,-1.98581420356907,7.2266648289325));
#8413=CARTESIAN_POINT('Ctrl Pts',(14.1244812797337,-9.95895558751783,7.30607872815154));
#8414=CARTESIAN_POINT('Ctrl Pts',(7.63675875932863,-15.5036022739078,7.38549262737058));
#8415=CARTESIAN_POINT('Ctrl Pts',(-0.713189974517045,-17.2676902878163,
7.46490652658962));
#8416=CARTESIAN_POINT('Ctrl Pts',(-8.88922709120088,-14.8210461687685,7.54432042580866));
#8417=CARTESIAN_POINT('Ctrl Pts',(-14.8976231669474,-8.76028491496309,7.62373432502769));
#8418=CARTESIAN_POINT('Ctrl Pts',(-17.27322878096,-0.563325213627483,7.70314822424673));
#8419=CARTESIAN_POINT('Ctrl Pts',(-15.4367516985853,7.77100153210364,7.78256212346577));
#8420=CARTESIAN_POINT('Ctrl Pts',(-9.8360174791921,14.2103669187197,7.86197602268481));
#8421=CARTESIAN_POINT('Ctrl Pts',(-1.83676706165251,17.1845295128235,7.94138992190385));
#8422=CARTESIAN_POINT('Ctrl Pts',(6.61037962681002,15.9682387571359,8.02080382112289));
#8423=CARTESIAN_POINT('Ctrl Pts',(13.4455830013772,10.8580875649913,8.10021772034192));
#8424=CARTESIAN_POINT('Ctrl Pts',(17.0020764010627,3.10018803756797,8.17963161956097));
#8425=CARTESIAN_POINT('Ctrl Pts',(16.4126077041129,-5.41369339408719,8.25904551878));
#8426=CARTESIAN_POINT('Ctrl Pts',(11.8209190523282,-12.6074438558432,8.33845941799904));
#8427=CARTESIAN_POINT('Ctrl Pts',(4.34669528044303,-16.726864857037,8.41787331721808));
#8428=CARTESIAN_POINT('Ctrl Pts',(-4.18747160941569,-16.7674341910471,8.49728721643712));
#8429=CARTESIAN_POINT('Ctrl Pts',(-11.7005221277873,-12.71925900891,8.57670111565616));
#8430=CARTESIAN_POINT('Ctrl Pts',(-16.3603963558827,-5.56948820772152,8.65611501487519));
#8431=CARTESIAN_POINT('Ctrl Pts',(-17.0307823864017,2.93840418945178,8.73552891409424));
#8432=CARTESIAN_POINT('Ctrl Pts',(-13.5482063514803,10.7297657136606,8.81494281331326));
#8433=CARTESIAN_POINT('Ctrl Pts',(-6.76189561180502,15.9046702582947,8.89435671253232));
#8434=CARTESIAN_POINT('Ctrl Pts',(1.67330568325326,17.2012155109956,8.97377061175134));
#8435=CARTESIAN_POINT('Ctrl Pts',(9.70047078673859,14.3032386348442,9.05318451097039));
#8436=CARTESIAN_POINT('Ctrl Pts',(15.3621728632479,7.91741195928183,9.13259841018943));
#8437=CARTESIAN_POINT('Ctrl Pts',(17.2778037527574,-0.399077906520409,9.21201230940847));
#8438=CARTESIAN_POINT('Ctrl Pts',(14.9802365778302,-8.61825326547848,9.2914262086275));
#8439=CARTESIAN_POINT('Ctrl Pts',(9.02973316795964,-14.7358631418075,9.37084010784654));
#8440=CARTESIAN_POINT('Ctrl Pts',(0.877327162009494,-17.2601306966963,9.45025400706557));
#8441=CARTESIAN_POINT('Ctrl Pts',(-7.4890171094669,-15.575503911763,9.52966790628462));
#8442=CARTESIAN_POINT('Ctrl Pts',(-14.0291586542385,-10.0927960778076,9.60908180550365));
#8443=CARTESIAN_POINT('Ctrl Pts',(-17.1482916114049,-2.14893548701528,9.6884957047227));
#8444=CARTESIAN_POINT('Ctrl Pts',(-16.0857952548505,6.31890311167857,9.76790960394173));
#8445=CARTESIAN_POINT('Ctrl Pts',(-11.1007966198371,13.2459536514958,9.84732350316077));
#8446=CARTESIAN_POINT('Ctrl Pts',(-3.408817860373,16.942821843541,9.92673740237981));
#8447=CARTESIAN_POINT('Ctrl Pts',(5.11431112997385,16.5084713968718,10.0061513015988));
#8448=CARTESIAN_POINT('Ctrl Pts',(12.3904904277883,12.0479545792682,10.0855652008179));
#8449=CARTESIAN_POINT('Ctrl Pts',(16.6448977158877,4.65065166983313,10.1649791000369));
#8450=CARTESIAN_POINT('Ctrl Pts',(16.841157702317,-3.88295383953099,10.244392999256));
#8451=CARTESIAN_POINT('Ctrl Pts',(14.2329725118418,-8.93732839299302,10.2973355987353));
#8452=CARTESIAN_POINT('Ctrl Pts',(12.4033568312369,-11.0003053265357,10.323806898475));
#8453=CARTESIAN_POINT('Ctrl Pts',(4.29100902506897,16.014932474311,10.));
#8454=CARTESIAN_POINT('Ctrl Pts',(4.49642917518381,15.956358721624,10.));
#8455=CARTESIAN_POINT('Ctrl Pts',(4.70057679797473,15.8938003974688,10.));
#8456=CARTESIAN_POINT('Ctrl Pts',(4.90333298951484,15.8272656113918,10.));
#8457=CARTESIAN_POINT('Ctrl Pts',(5.2480454100501,15.7141476494486,10.));
#8458=CARTESIAN_POINT('Ctrl Pts',(5.58873701535205,15.5895386813473,9.99999999999999));
#8459=CARTESIAN_POINT('Ctrl Pts',(5.92492771580031,15.4538123676537,9.99999999999999));
#8460=CARTESIAN_POINT('Ctrl Pts',(6.2624689644327,15.3175408130409,9.99999999999999));
#8461=CARTESIAN_POINT('Ctrl Pts',(6.59547357578949,15.170062119713,10.));
#8462=CARTESIAN_POINT('Ctrl Pts',(6.92343471912038,15.0117060258516,10.));
#8463=CARTESIAN_POINT('Ctrl Pts',(7.15051727973304,14.9020591728207,10.));
#8464=CARTESIAN_POINT('Ctrl Pts',(7.37518143205952,14.7871963858811,10.));
#8465=CARTESIAN_POINT('Ctrl Pts',(7.59725115570819,14.6672147214447,10.));
#8466=CARTESIAN_POINT('Ctrl Pts',(7.67821392692598,14.6234714867143,10.));
#8467=CARTESIAN_POINT('Ctrl Pts',(7.75883177687583,14.5790477553926,10.));
#8468=CARTESIAN_POINT('Ctrl Pts',(7.83909592829361,14.5339479188749,10.));
#8469=CARTESIAN_POINT('Ctrl Pts',(7.89380871073267,14.503205208713,10.));
#8470=CARTESIAN_POINT('Ctrl Pts',(7.94836186399506,14.472145544782,10.));
#8471=CARTESIAN_POINT('Ctrl Pts',(8.00272491924728,14.4407864284966,10.));
#8472=CARTESIAN_POINT('Ctrl Pts',(8.3173391341888,14.2593024463027,10.));
#8473=CARTESIAN_POINT('Ctrl Pts',(8.62574087147258,14.0677094950214,10.));
#8474=CARTESIAN_POINT('Ctrl Pts',(8.92744407329767,13.8663607527054,10.));
#8475=CARTESIAN_POINT('Ctrl Pts',(9.22897949921234,13.6651239795974,10.));
#8476=CARTESIAN_POINT('Ctrl Pts',(9.52382431716418,13.4541419323312,10.));
#8477=CARTESIAN_POINT('Ctrl Pts',(9.81146549402546,13.2337235277014,10.));
#8478=CARTESIAN_POINT('Ctrl Pts',(10.0973807264501,13.0146277081178,10.));
#8479=CARTESIAN_POINT('Ctrl Pts',(10.3761789477969,12.786208084968,10.));
#8480=CARTESIAN_POINT('Ctrl Pts',(10.6473220185905,12.5487300133628,10.));
#8481=CARTESIAN_POINT('Ctrl Pts',(10.7461107672801,12.4622068303567,10.));
#8482=CARTESIAN_POINT('Ctrl Pts',(10.8438829704181,12.3744808433496,10.));
#8483=CARTESIAN_POINT('Ctrl Pts',(10.9406112833648,12.2855637577462,10.));
#8484=CARTESIAN_POINT('Ctrl Pts',(10.9807100277588,12.2487031594451,10.));
#8485=CARTESIAN_POINT('Ctrl Pts',(11.0206293687519,12.2116378617951,10.));
#8486=CARTESIAN_POINT('Ctrl Pts',(11.0603673196879,12.174368670314,10.));
#8487=CARTESIAN_POINT('Ctrl Pts',(11.087879865546,12.1485653685441,10.));
#8488=CARTESIAN_POINT('Ctrl Pts',(11.1153037934914,12.1226658600789,10.));
#8489=CARTESIAN_POINT('Ctrl Pts',(11.1426304892319,12.0966781379652,10.));
#8490=CARTESIAN_POINT('Ctrl Pts',(11.3614656480631,11.8885656259205,10.));
#8491=CARTESIAN_POINT('Ctrl Pts',(11.5742127791471,11.6746608403059,10.));
#8492=CARTESIAN_POINT('Ctrl Pts',(11.7805999615022,11.4551638877373,10.));
#8493=CARTESIAN_POINT('Ctrl Pts',(12.0263497045034,11.1938040539155,10.));
#8494=CARTESIAN_POINT('Ctrl Pts',(12.2630834833719,10.9245164156606,10.));
#8495=CARTESIAN_POINT('Ctrl Pts',(12.4905880852765,10.6478671250279,10.));
#8496=CARTESIAN_POINT('Ctrl Pts',(12.7197554767338,10.3691958552951,10.));
#8497=CARTESIAN_POINT('Ctrl Pts',(12.9395586017784,10.0830544557386,10.));
#8498=CARTESIAN_POINT('Ctrl Pts',(13.1497402630083,9.78998548496127,10.));
#8499=CARTESIAN_POINT('Ctrl Pts',(13.3602662568671,9.49643639042538,10.));
#8500=CARTESIAN_POINT('Ctrl Pts',(13.5611395232708,9.19593649764001,10.));
#8501=CARTESIAN_POINT('Ctrl Pts',(13.7520578791818,8.889002414858,10.));
#8502=CARTESIAN_POINT('Ctrl Pts',(13.9421640493416,8.5833740603147,10.));
#8503=CARTESIAN_POINT('Ctrl Pts',(14.1224000733275,8.27136562123533,10.));
#8504=CARTESIAN_POINT('Ctrl Pts',(14.2924203735203,7.95346653999614,10.));
#8505=CARTESIAN_POINT('Ctrl Pts',(14.4434764992666,7.67102612825786,10.));
#8506=CARTESIAN_POINT('Ctrl Pts',(14.586468222142,7.38393536135045,10.));
#8507=CARTESIAN_POINT('Ctrl Pts',(14.7211192555499,7.09252871431086,10.));
#8508=CARTESIAN_POINT('Ctrl Pts',(14.735876896916,7.06059078795513,10.));
#8509=CARTESIAN_POINT('Ctrl Pts',(14.750534317029,7.02860101378632,10.));
#8510=CARTESIAN_POINT('Ctrl Pts',(14.7650911274813,6.99655982846149,10.));
#8511=CARTESIAN_POINT('Ctrl Pts',(14.7793409196535,6.96519442507703,10.));
#8512=CARTESIAN_POINT('Ctrl Pts',(14.793490290978,6.93378857681235,10.));
#8513=CARTESIAN_POINT('Ctrl Pts',(14.8075385110135,6.90234396981449,10.));
#8514=CARTESIAN_POINT('Ctrl Pts',(14.9545471182243,6.57328962219164,10.));
#8515=CARTESIAN_POINT('Ctrl Pts',(15.090502249145,6.23994989644801,10.));
#8516=CARTESIAN_POINT('Ctrl Pts',(15.2151692705861,5.90286288893141,10.));
#8517=CARTESIAN_POINT('Ctrl Pts',(15.3398104388596,5.56584578576301,10.));
#8518=CARTESIAN_POINT('Ctrl Pts',(15.4531684342089,5.22508243357017,10.));
#8519=CARTESIAN_POINT('Ctrl Pts',(15.5549629144758,4.88108631788796,10.));
#8520=CARTESIAN_POINT('Ctrl Pts',(15.603744005424,4.7162394051583,10.));
#8521=CARTESIAN_POINT('Ctrl Pts',(15.6498689078938,4.55064979952626,10.));
#8522=CARTESIAN_POINT('Ctrl Pts',(15.693302772235,4.38437256555673,10.));
#8523=CARTESIAN_POINT('Ctrl Pts',(15.7840334624135,4.03702957805452,10.));
#8524=CARTESIAN_POINT('Ctrl Pts',(15.8630247133816,3.68668651917649,10.));
#8525=CARTESIAN_POINT('Ctrl Pts',(15.9302961739644,3.33394647224075,10.));
#8526=CARTESIAN_POINT('Ctrl Pts',(15.9975881786295,2.9810987017545,10.));
#8527=CARTESIAN_POINT('Ctrl Pts',(16.0531532368557,2.62585188898117,10.));
#8528=CARTESIAN_POINT('Ctrl Pts',(16.0969590412143,2.26880557034358,10.));
#8529=CARTESIAN_POINT('Ctrl Pts',(16.1271063186327,2.02308529247678,10.));
#8530=CARTESIAN_POINT('Ctrl Pts',(16.1516830630621,1.77651264021795,10.));
#8531=CARTESIAN_POINT('Ctrl Pts',(16.170664424506,1.52928411357995,10.));
#8532=CARTESIAN_POINT('Ctrl Pts',(16.1798396962727,1.40977799031837,10.));
#8533=CARTESIAN_POINT('Ctrl Pts',(16.1877073801311,1.29011864038478,10.));
#8534=CARTESIAN_POINT('Ctrl Pts',(16.1942636891017,1.17032844460142,10.));
#8535=CARTESIAN_POINT('Ctrl Pts',(16.1984615104728,1.09363013063369,10.));
#8536=CARTESIAN_POINT('Ctrl Pts',(16.2021217230586,1.01687817942611,10.));
#8537=CARTESIAN_POINT('Ctrl Pts',(16.2052431950658,0.940078501170385,10.));
#8538=CARTESIAN_POINT('Ctrl Pts',(16.2072900810347,0.889717586998334,10.));
#8539=CARTESIAN_POINT('Ctrl Pts',(16.2091054516451,0.839329995736649,10.));
#8540=CARTESIAN_POINT('Ctrl Pts',(16.2106880357399,0.788951499734909,10.));
#8541=CARTESIAN_POINT('Ctrl Pts',(16.2223929818491,0.416347236411473,10.));
#8542=CARTESIAN_POINT('Ctrl Pts',(16.2213835821983,0.0439588157916267,10.));
#8543=CARTESIAN_POINT('Ctrl Pts',(16.2077411105169,-0.327543662199894,10.));
#8544=CARTESIAN_POINT('Ctrl Pts',(16.1945911475406,-0.685634479265732,10.));
#8545=CARTESIAN_POINT('Ctrl Pts',(16.169703427029,-1.04290282661789,10.));
#8546=CARTESIAN_POINT('Ctrl Pts',(16.1330974260077,-1.39875386057922,10.));
#8547=CARTESIAN_POINT('Ctrl Pts',(16.0965798672106,-1.75374513777895,10.));
#8548=CARTESIAN_POINT('Ctrl Pts',(16.0484005492756,-2.10732652322462,10.));
#8549=CARTESIAN_POINT('Ctrl Pts',(15.988527198449,-2.45890373100254,10.));
#8550=CARTESIAN_POINT('Ctrl Pts',(15.929243239145,-2.80702002298181,10.));
#8551=CARTESIAN_POINT('Ctrl Pts',(15.8584942589043,-3.15317194114484,10.));
#8552=CARTESIAN_POINT('Ctrl Pts',(15.7761992608227,-3.49677058355166,10.));
#8553=CARTESIAN_POINT('Ctrl Pts',(15.7656173236872,-3.54095236031257,10.));
#8554=CARTESIAN_POINT('Ctrl Pts',(15.7548444153122,-3.58509189782189,10.));
#8555=CARTESIAN_POINT('Ctrl Pts',(15.7438803042179,-3.6291879223534,10.));
#8556=CARTESIAN_POINT('Ctrl Pts',(15.6632635765593,-3.95341641382728,10.));
#8557=CARTESIAN_POINT('Ctrl Pts',(15.5723126479403,-4.2752939570893,10.));
#8558=CARTESIAN_POINT('Ctrl Pts',(15.4712293172559,-4.59438384472622,10.));
#8559=CARTESIAN_POINT('Ctrl Pts',(15.4270053600815,-4.73398567056738,10.));
#8560=CARTESIAN_POINT('Ctrl Pts',(15.3808415465084,-4.87305367918327,10.));
#8561=CARTESIAN_POINT('Ctrl Pts',(15.3327527335334,-5.01155004550555,10.));
#8562=CARTESIAN_POINT('Ctrl Pts',(15.308283220356,-5.08202254110433,10.));
#8563=CARTESIAN_POINT('Ctrl Pts',(15.2833152705453,-5.15234701479683,10.));
#8564=CARTESIAN_POINT('Ctrl Pts',(15.2578507236821,-5.2225183962276,10.));
#8565=CARTESIAN_POINT('Ctrl Pts',(15.2450529063478,-5.25778470300573,10.));
#8566=CARTESIAN_POINT('Ctrl Pts',(15.2321290116213,-5.29301407940669,10.));
#8567=CARTESIAN_POINT('Ctrl Pts',(15.2190812939176,-5.32820041137578,10.));
#8568=CARTESIAN_POINT('Ctrl Pts',(15.0961589179213,-5.65969037969465,10.));
#8569=CARTESIAN_POINT('Ctrl Pts',(14.9625219311131,-5.98663341239997,10.));
#8570=CARTESIAN_POINT('Ctrl Pts',(14.8185375101987,-6.3085642165395,10.));
#8571=CARTESIAN_POINT('Ctrl Pts',(14.6733302927217,-6.63322903786089,10.));
#8572=CARTESIAN_POINT('Ctrl Pts',(14.5175989132069,-6.95279665163675,10.));
#8573=CARTESIAN_POINT('Ctrl Pts',(14.3516689763401,-7.26677527205892,10.));
#8574=CARTESIAN_POINT('Ctrl Pts',(14.185410550661,-7.58137547087781,10.));
#8575=CARTESIAN_POINT('Ctrl Pts',(14.0089128684612,-7.89036503636464,10.));
#8576=CARTESIAN_POINT('Ctrl Pts',(13.8224563949623,-8.19322700907543,10.));
#8577=CARTESIAN_POINT('Ctrl Pts',(13.6369011751486,-8.49462507193172,10.));
#8578=CARTESIAN_POINT('Ctrl Pts',(13.4414828893967,-8.7899551102128,10.));
#8579=CARTESIAN_POINT('Ctrl Pts',(13.2364359038504,-9.07867828570228,10.));
#8580=CARTESIAN_POINT('Ctrl Pts',(13.0345740838345,-9.3629164837416,10.));
#8581=CARTESIAN_POINT('Ctrl Pts',(12.823380030022,-9.64075186730091,10.));
#8582=CARTESIAN_POINT('Ctrl Pts',(12.6030415418248,-9.91163556839888,10.));
#8583=CARTESIAN_POINT('Ctrl Pts',(12.4040339576778,-10.1562950982949,10.));
#8584=CARTESIAN_POINT('Ctrl Pts',(12.1975662033154,-10.3952835883129,10.));
#8585=CARTESIAN_POINT('Ctrl Pts',(11.9837542906847,-10.6281676766504,10.));
#8586=CARTESIAN_POINT('Ctrl Pts',(16.0178757955876,0.000411877341938982,
0.884529946162074));
#8587=CARTESIAN_POINT('Ctrl Pts',(16.0184698308364,0.575000707207806,0.878820494044907));
#8588=CARTESIAN_POINT('Ctrl Pts',(15.9881523673447,1.14952717468375,0.87311104192774));
#8589=CARTESIAN_POINT('Ctrl Pts',(15.9264479953947,1.72066265798814,0.867401589810573));
#8590=CARTESIAN_POINT('Ctrl Pts',(15.6403618891245,4.36867480701005,0.840930290070894));
#8591=CARTESIAN_POINT('Ctrl Pts',(14.6795765723511,6.9437936876036,0.814458990331215));
#8592=CARTESIAN_POINT('Ctrl Pts',(13.1612359023097,9.13204768412978,0.787987690591535));
#8593=CARTESIAN_POINT('Ctrl Pts',(11.6428952322682,11.320301680656,0.761516390851856));
#8594=CARTESIAN_POINT('Ctrl Pts',(9.56699920895879,13.1216907931148,0.735045091112176));
#8595=CARTESIAN_POINT('Ctrl Pts',(7.18665191426623,14.3165799799336,0.708573791372496));
#8596=CARTESIAN_POINT('Ctrl Pts',(4.80630461957366,15.5114691667525,0.682102491632817));
#8597=CARTESIAN_POINT('Ctrl Pts',(2.12150605349794,16.0998584279314,0.655631191893138));
#8598=CARTESIAN_POINT('Ctrl Pts',(-0.54039947092596,16.0100090159317,0.629159892153458));
#8599=CARTESIAN_POINT('Ctrl Pts',(-3.20230499534986,15.9201596039321,0.602688592413779));
#8600=CARTESIAN_POINT('Ctrl Pts',(-5.84131747812195,15.1520715187539,0.5762172926741));
#8601=CARTESIAN_POINT('Ctrl Pts',(-8.13567447360357,13.7993926514892,0.54974599293442));
#8602=CARTESIAN_POINT('Ctrl Pts',(-10.4300314690852,12.4467137842245,0.52327469319474));
#8603=CARTESIAN_POINT('Ctrl Pts',(-12.3797329772763,10.5094441348732,0.49680339345506));
#8604=CARTESIAN_POINT('Ctrl Pts',(-13.7470620871404,8.22378830116236,0.470332093715381));
#8605=CARTESIAN_POINT('Ctrl Pts',(-15.1143911970045,5.93813246745147,0.443860793975702));
#8606=CARTESIAN_POINT('Ctrl Pts',(-15.8993479085415,3.30409044938089,0.417389494236023));
#8607=CARTESIAN_POINT('Ctrl Pts',(-16.0062247406732,0.642813107582906,0.390918194496343));
#8608=CARTESIAN_POINT('Ctrl Pts',(-16.1131015728049,-2.01846423421508,0.364446894756664));
#8609=CARTESIAN_POINT('Ctrl Pts',(-15.5418985255314,-4.70697689974048,0.337975595016984));
#8610=CARTESIAN_POINT('Ctrl Pts',(-14.3622625304076,-7.09491754735228,0.311504295277304));
#8611=CARTESIAN_POINT('Ctrl Pts',(-13.1826265352837,-9.48285819496409,0.285032995537625));
#8612=CARTESIAN_POINT('Ctrl Pts',(-11.3945575923095,-11.5702268246623,0.258561695797946));
#8613=CARTESIAN_POINT('Ctrl Pts',(-9.21606069510495,-13.102539964422,0.232090396058266));
#8614=CARTESIAN_POINT('Ctrl Pts',(-7.03756379790035,-14.6348531041817,0.205619096318587));
#8615=CARTESIAN_POINT('Ctrl Pts',(-4.46863894646532,-15.6121107540028,0.179147796578907));
#8616=CARTESIAN_POINT('Ctrl Pts',(-1.82251360086797,-15.9151232720768,0.152676496839228));
#8617=CARTESIAN_POINT('Ctrl Pts',(0.823611744729379,-16.2181357901508,0.126205197099548));
#8618=CARTESIAN_POINT('Ctrl Pts',(3.54693758448905,-15.8469031764776,0.0997338973598687));
#8619=CARTESIAN_POINT('Ctrl Pts',(6.01544296539192,-14.846760269006,0.0732625976201892));
#8620=CARTESIAN_POINT('Ctrl Pts',(8.29274099788797,-13.9240871838993,0.0488417317467932));
#8621=CARTESIAN_POINT('Ctrl Pts',(10.3531658347837,-12.466159646407,0.0244208658733972));
#8622=CARTESIAN_POINT('Ctrl Pts',(11.9847681808559,-10.6288180298789,1.20245546442036E-15));
#8623=CARTESIAN_POINT('Origin',(0.,0.,5.));
#8624=CARTESIAN_POINT('Origin',(0.,0.,10.));
#8625=CARTESIAN_POINT('',(13.0246223993599,-0.0213217968121187,10.));
#8626=CARTESIAN_POINT('Origin',(0.0246223993599415,-0.0213217968121171,
10.));
#8627=CARTESIAN_POINT('Origin',(0.0246223993599415,-0.0213217968121171,
12.1));
#8628=CARTESIAN_POINT('',(13.0246223993599,-0.0213217968121155,12.1));
#8629=UNCERTAINTY_MEASURE_WITH_UNIT(LENGTH_MEASURE(0.01),#8633,
'DISTANCE_ACCURACY_VALUE',
'Maximum model space distance between geometric entities at asserted c
onnectivities');
#8630=UNCERTAINTY_MEASURE_WITH_UNIT(LENGTH_MEASURE(0.01),#8633,
'DISTANCE_ACCURACY_VALUE',
'Maximum model space distance between geometric entities at asserted c
onnectivities');
#8631=(
GEOMETRIC_REPRESENTATION_CONTEXT(3)
GLOBAL_UNCERTAINTY_ASSIGNED_CONTEXT((#8629))
GLOBAL_UNIT_ASSIGNED_CONTEXT((#8633,#8635,#8636))
REPRESENTATION_CONTEXT('','3D')
);
#8632=(
GEOMETRIC_REPRESENTATION_CONTEXT(3)
GLOBAL_UNCERTAINTY_ASSIGNED_CONTEXT((#8630))
GLOBAL_UNIT_ASSIGNED_CONTEXT((#8633,#8635,#8636))
REPRESENTATION_CONTEXT('','3D')
);
#8633=(
LENGTH_UNIT()
NAMED_UNIT(*)
SI_UNIT(.MILLI.,.METRE.)
);
#8634=(
LENGTH_UNIT()
NAMED_UNIT(*)
SI_UNIT($,.METRE.)
);
#8635=(
NAMED_UNIT(*)
PLANE_ANGLE_UNIT()
SI_UNIT($,.RADIAN.)
);
#8636=(
NAMED_UNIT(*)
SI_UNIT($,.STERADIAN.)
SOLID_ANGLE_UNIT()
);
#8637=SHAPE_DEFINITION_REPRESENTATION(#8638,#8639);
#8638=PRODUCT_DEFINITION_SHAPE('',$,#8641);
#8639=SHAPE_REPRESENTATION('',(#1778),#8631);
#8640=PRODUCT_DEFINITION_CONTEXT('part definition',#8645,'design');
#8641=PRODUCT_DEFINITION('2026-08-03-19-34-16-445',
'adjustmentMechanismMiddle',#8642,#8640);
#8642=PRODUCT_DEFINITION_FORMATION('',$,#8647);
#8643=PRODUCT_RELATED_PRODUCT_CATEGORY('adjustmentMechanismMiddle',
'adjustmentMechanismMiddle',(#8647));
#8644=APPLICATION_PROTOCOL_DEFINITION('international standard',
'automotive_design',2009,#8645);
#8645=APPLICATION_CONTEXT(
'Core Data for Automotive Mechanical Design Process');
#8646=PRODUCT_CONTEXT('part definition',#8645,'mechanical');
#8647=PRODUCT('2026-08-03-19-34-16-445','adjustmentMechanismMiddle',$,(#8646));
#8648=PRESENTATION_STYLE_ASSIGNMENT((#8649));
#8649=SURFACE_STYLE_USAGE(.BOTH.,#8650);
#8650=SURFACE_SIDE_STYLE('',(#8651));
#8651=SURFACE_STYLE_FILL_AREA(#8652);
#8652=FILL_AREA_STYLE('Steel - Satin',(#8653));
#8653=FILL_AREA_STYLE_COLOUR('Steel - Satin',#8654);
#8654=COLOUR_RGB('Steel - Satin',0.627450980392157,0.627450980392157,0.627450980392157);
ENDSEC;
END-ISO-10303-21;
