ISO-10303-21;
HEADER;
/* Generated by software containing ST-Developer
 * from STEP Tools, Inc. (www.steptools.com) 
 */

FILE_DESCRIPTION(
/* description */ (''),
/* implementation_level */ '2;1');

FILE_NAME(
/* name */ 'adjustmentMechanismConnectorFiberHolder.step',
/* time_stamp */ '2026-08-03T19:34:29+02:00',
/* author */ (''),
/* organization */ (''),
/* preprocessor_version */ 'ST-DEVELOPER v20.1',
/* originating_system */ 'Autodesk Translation Framework v15.8.0.0',
/* authorisation */ '');

FILE_SCHEMA (('AUTOMOTIVE_DESIGN { 1 0 10303 214 3 1 1 }'));
ENDSEC;

DATA;
#10=MECHANICAL_DESIGN_GEOMETRIC_PRESENTATION_REPRESENTATION('',(#13),#4654);
#11=SHAPE_REPRESENTATION_RELATIONSHIP('SRR','None',#4661,#12);
#12=ADVANCED_BREP_SHAPE_REPRESENTATION('',(#14),#4653);
#13=STYLED_ITEM('',(#4670),#14);
#14=MANIFOLD_SOLID_BREP('Body6',#1200);
#15=B_SPLINE_SURFACE_WITH_KNOTS('',3,3,((#3200,#3201,#3202,#3203,#3204,
#3205,#3206,#3207,#3208,#3209,#3210,#3211,#3212,#3213,#3214,#3215,#3216,
#3217,#3218,#3219,#3220,#3221,#3222,#3223,#3224,#3225,#3226,#3227,#3228,
#3229,#3230,#3231,#3232,#3233,#3234,#3235,#3236,#3237,#3238,#3239,#3240,
#3241,#3242,#3243,#3244,#3245,#3246,#3247,#3248,#3249,#3250,#3251,#3252,
#3253,#3254,#3255,#3256,#3257,#3258,#3259,#3260,#3261,#3262,#3263,#3264,
#3265,#3266,#3267,#3268,#3269,#3270,#3271,#3272,#3273,#3274,#3275,#3276,
#3277,#3278,#3279,#3280,#3281,#3282,#3283,#3284,#3285,#3286,#3287,#3288,
#3289,#3290,#3291,#3292,#3293,#3294,#3295,#3296,#3297,#3298,#3299,#3300,
#3301,#3302,#3303,#3304,#3305,#3306,#3307,#3308,#3309,#3310,#3311,#3312,
#3313,#3314,#3315,#3316,#3317,#3318,#3319,#3320,#3321,#3322,#3323,#3324,
#3325,#3326,#3327,#3328,#3329,#3330,#3331,#3332),(#3333,#3334,#3335,#3336,
#3337,#3338,#3339,#3340,#3341,#3342,#3343,#3344,#3345,#3346,#3347,#3348,
#3349,#3350,#3351,#3352,#3353,#3354,#3355,#3356,#3357,#3358,#3359,#3360,
#3361,#3362,#3363,#3364,#3365,#3366,#3367,#3368,#3369,#3370,#3371,#3372,
#3373,#3374,#3375,#3376,#3377,#3378,#3379,#3380,#3381,#3382,#3383,#3384,
#3385,#3386,#3387,#3388,#3389,#3390,#3391,#3392,#3393,#3394,#3395,#3396,
#3397,#3398,#3399,#3400,#3401,#3402,#3403,#3404,#3405,#3406,#3407,#3408,
#3409,#3410,#3411,#3412,#3413,#3414,#3415,#3416,#3417,#3418,#3419,#3420,
#3421,#3422,#3423,#3424,#3425,#3426,#3427,#3428,#3429,#3430,#3431,#3432,
#3433,#3434,#3435,#3436,#3437,#3438,#3439,#3440,#3441,#3442,#3443,#3444,
#3445,#3446,#3447,#3448,#3449,#3450,#3451,#3452,#3453,#3454,#3455,#3456,
#3457,#3458,#3459,#3460,#3461,#3462,#3463,#3464,#3465),(#3466,#3467,#3468,
#3469,#3470,#3471,#3472,#3473,#3474,#3475,#3476,#3477,#3478,#3479,#3480,
#3481,#3482,#3483,#3484,#3485,#3486,#3487,#3488,#3489,#3490,#3491,#3492,
#3493,#3494,#3495,#3496,#3497,#3498,#3499,#3500,#3501,#3502,#3503,#3504,
#3505,#3506,#3507,#3508,#3509,#3510,#3511,#3512,#3513,#3514,#3515,#3516,
#3517,#3518,#3519,#3520,#3521,#3522,#3523,#3524,#3525,#3526,#3527,#3528,
#3529,#3530,#3531,#3532,#3533,#3534,#3535,#3536,#3537,#3538,#3539,#3540,
#3541,#3542,#3543,#3544,#3545,#3546,#3547,#3548,#3549,#3550,#3551,#3552,
#3553,#3554,#3555,#3556,#3557,#3558,#3559,#3560,#3561,#3562,#3563,#3564,
#3565,#3566,#3567,#3568,#3569,#3570,#3571,#3572,#3573,#3574,#3575,#3576,
#3577,#3578,#3579,#3580,#3581,#3582,#3583,#3584,#3585,#3586,#3587,#3588,
#3589,#3590,#3591,#3592,#3593,#3594,#3595,#3596,#3597,#3598),(#3599,#3600,
#3601,#3602,#3603,#3604,#3605,#3606,#3607,#3608,#3609,#3610,#3611,#3612,
#3613,#3614,#3615,#3616,#3617,#3618,#3619,#3620,#3621,#3622,#3623,#3624,
#3625,#3626,#3627,#3628,#3629,#3630,#3631,#3632,#3633,#3634,#3635,#3636,
#3637,#3638,#3639,#3640,#3641,#3642,#3643,#3644,#3645,#3646,#3647,#3648,
#3649,#3650,#3651,#3652,#3653,#3654,#3655,#3656,#3657,#3658,#3659,#3660,
#3661,#3662,#3663,#3664,#3665,#3666,#3667,#3668,#3669,#3670,#3671,#3672,
#3673,#3674,#3675,#3676,#3677,#3678,#3679,#3680,#3681,#3682,#3683,#3684,
#3685,#3686,#3687,#3688,#3689,#3690,#3691,#3692,#3693,#3694,#3695,#3696,
#3697,#3698,#3699,#3700,#3701,#3702,#3703,#3704,#3705,#3706,#3707,#3708,
#3709,#3710,#3711,#3712,#3713,#3714,#3715,#3716,#3717,#3718,#3719,#3720,
#3721,#3722,#3723,#3724,#3725,#3726,#3727,#3728,#3729,#3730,#3731)),
 .UNSPECIFIED.,.F.,.F.,.F.,(4,4),(4,1,1,1,1,1,1,1,1,1,1,1,1,1,1,1,1,1,1,
1,1,1,1,1,1,1,1,1,1,1,1,1,1,1,1,1,1,1,1,1,1,1,1,1,1,1,1,1,1,1,1,1,1,1,1,
1,1,1,1,1,1,1,1,1,1,1,1,1,1,1,1,1,1,1,1,1,1,1,1,1,1,1,1,1,1,1,1,1,1,1,1,
1,1,1,1,1,1,1,1,1,1,1,1,1,1,1,1,1,1,1,1,1,1,1,1,1,1,1,1,1,1,1,1,1,1,1,1,
1,1,1,4),(0.,0.0661932083625906),(8.29659475621565,8.79591301808442,9.29523127995319,
9.79454954182196,10.2938678036907,10.7931860655595,11.2925043274283,11.791822589297,
12.2911408511658,12.7904591130346,13.2897773749034,13.7890956367721,14.2884138986409,
14.7877321605097,15.2870504223784,15.7863686842472,16.285686946116,16.7850052079847,
17.2843234698535,17.7836417317223,18.282959993591,18.7822782554598,19.2815965173286,
19.7809147791974,20.2802330410661,20.7795513029349,21.2788695648037,21.7781878266724,
22.2775060885412,22.77682435041,23.2761426122788,23.7754608741475,24.2747791360163,
24.7740973978851,25.2734156597538,25.7727339216226,26.2720521834914,26.7713704453601,
27.2706887072289,27.7700069690977,28.2693252309665,28.7686434928352,29.267961754704,
29.7672800165728,30.2665982784415,30.7659165403103,31.2652348021791,31.7645530640478,
32.2638713259166,32.7631895877854,33.2625078496541,33.7618261115229,34.2611443733917,
34.7604626352605,35.2597808971292,35.759099158998,36.2584174208668,36.7577356827355,
37.2570539446043,37.7563722064731,38.2556904683419,38.7550087302106,39.2543269920794,
39.7536452539482,40.2529635158169,40.7522817776857,41.2516000395545,41.7509183014232,
42.250236563292,42.7495548251608,43.2488730870296,43.7481913488983,44.2475096107671,
44.7468278726359,45.2461461345046,45.7454643963734,46.2447826582422,46.7441009201109,
47.2434191819797,47.7427374438485,48.2420557057172,48.741373967586,49.2406922294548,
49.7400104913236,50.2393287531923,50.7386470150611,51.2379652769299,51.7372835387986,
52.2366018006674,52.7359200625362,53.2352383244049,53.7345565862737,54.2338748481425,
54.7331931100113,55.23251137188,55.7318296337488,56.2311478956176,56.7304661574863,
57.2297844193551,57.7291026812239,58.2284209430926,58.7277392049614,59.2270574668302,
59.726375728699,60.2256939905677,60.7250122524365,61.2243305143053,61.723648776174,
62.2229670380428,62.7222852999116,63.2216035617804,63.7209218236491,64.2202400855179,
64.7195583473867,65.2188766092554,65.7181948711242,66.217513132993,66.7168313948617,
67.2161496567305,67.7154679185993,68.2147861804681,68.7141044423368,69.2134227042056,
69.7127409660744,70.2120592279431,70.7113774898119,71.2106957516807,71.7100140135494,
72.2093322754182,72.708650537287,73.2079687991558),.UNSPECIFIED.);
#16=B_SPLINE_SURFACE_WITH_KNOTS('',3,3,((#3911,#3912,#3913,#3914,#3915,
#3916,#3917,#3918,#3919,#3920,#3921,#3922,#3923,#3924,#3925,#3926,#3927,
#3928,#3929,#3930,#3931,#3932,#3933,#3934,#3935,#3936,#3937,#3938,#3939,
#3940,#3941,#3942,#3943,#3944,#3945,#3946,#3947,#3948,#3949,#3950,#3951,
#3952,#3953,#3954,#3955,#3956,#3957,#3958,#3959,#3960,#3961,#3962,#3963,
#3964,#3965,#3966,#3967,#3968,#3969,#3970,#3971,#3972,#3973,#3974,#3975,
#3976,#3977,#3978,#3979,#3980,#3981,#3982,#3983,#3984,#3985,#3986,#3987,
#3988,#3989,#3990,#3991,#3992,#3993,#3994,#3995,#3996,#3997,#3998,#3999,
#4000,#4001,#4002,#4003,#4004,#4005,#4006,#4007,#4008,#4009,#4010,#4011,
#4012,#4013,#4014,#4015,#4016,#4017,#4018,#4019,#4020,#4021,#4022,#4023,
#4024,#4025,#4026,#4027,#4028,#4029,#4030,#4031,#4032,#4033,#4034,#4035,
#4036,#4037,#4038,#4039,#4040,#4041,#4042,#4043),(#4044,#4045,#4046,#4047,
#4048,#4049,#4050,#4051,#4052,#4053,#4054,#4055,#4056,#4057,#4058,#4059,
#4060,#4061,#4062,#4063,#4064,#4065,#4066,#4067,#4068,#4069,#4070,#4071,
#4072,#4073,#4074,#4075,#4076,#4077,#4078,#4079,#4080,#4081,#4082,#4083,
#4084,#4085,#4086,#4087,#4088,#4089,#4090,#4091,#4092,#4093,#4094,#4095,
#4096,#4097,#4098,#4099,#4100,#4101,#4102,#4103,#4104,#4105,#4106,#4107,
#4108,#4109,#4110,#4111,#4112,#4113,#4114,#4115,#4116,#4117,#4118,#4119,
#4120,#4121,#4122,#4123,#4124,#4125,#4126,#4127,#4128,#4129,#4130,#4131,
#4132,#4133,#4134,#4135,#4136,#4137,#4138,#4139,#4140,#4141,#4142,#4143,
#4144,#4145,#4146,#4147,#4148,#4149,#4150,#4151,#4152,#4153,#4154,#4155,
#4156,#4157,#4158,#4159,#4160,#4161,#4162,#4163,#4164,#4165,#4166,#4167,
#4168,#4169,#4170,#4171,#4172,#4173,#4174,#4175,#4176),(#4177,#4178,#4179,
#4180,#4181,#4182,#4183,#4184,#4185,#4186,#4187,#4188,#4189,#4190,#4191,
#4192,#4193,#4194,#4195,#4196,#4197,#4198,#4199,#4200,#4201,#4202,#4203,
#4204,#4205,#4206,#4207,#4208,#4209,#4210,#4211,#4212,#4213,#4214,#4215,
#4216,#4217,#4218,#4219,#4220,#4221,#4222,#4223,#4224,#4225,#4226,#4227,
#4228,#4229,#4230,#4231,#4232,#4233,#4234,#4235,#4236,#4237,#4238,#4239,
#4240,#4241,#4242,#4243,#4244,#4245,#4246,#4247,#4248,#4249,#4250,#4251,
#4252,#4253,#4254,#4255,#4256,#4257,#4258,#4259,#4260,#4261,#4262,#4263,
#4264,#4265,#4266,#4267,#4268,#4269,#4270,#4271,#4272,#4273,#4274,#4275,
#4276,#4277,#4278,#4279,#4280,#4281,#4282,#4283,#4284,#4285,#4286,#4287,
#4288,#4289,#4290,#4291,#4292,#4293,#4294,#4295,#4296,#4297,#4298,#4299,
#4300,#4301,#4302,#4303,#4304,#4305,#4306,#4307,#4308,#4309),(#4310,#4311,
#4312,#4313,#4314,#4315,#4316,#4317,#4318,#4319,#4320,#4321,#4322,#4323,
#4324,#4325,#4326,#4327,#4328,#4329,#4330,#4331,#4332,#4333,#4334,#4335,
#4336,#4337,#4338,#4339,#4340,#4341,#4342,#4343,#4344,#4345,#4346,#4347,
#4348,#4349,#4350,#4351,#4352,#4353,#4354,#4355,#4356,#4357,#4358,#4359,
#4360,#4361,#4362,#4363,#4364,#4365,#4366,#4367,#4368,#4369,#4370,#4371,
#4372,#4373,#4374,#4375,#4376,#4377,#4378,#4379,#4380,#4381,#4382,#4383,
#4384,#4385,#4386,#4387,#4388,#4389,#4390,#4391,#4392,#4393,#4394,#4395,
#4396,#4397,#4398,#4399,#4400,#4401,#4402,#4403,#4404,#4405,#4406,#4407,
#4408,#4409,#4410,#4411,#4412,#4413,#4414,#4415,#4416,#4417,#4418,#4419,
#4420,#4421,#4422,#4423,#4424,#4425,#4426,#4427,#4428,#4429,#4430,#4431,
#4432,#4433,#4434,#4435,#4436,#4437,#4438,#4439,#4440,#4441,#4442)),
 .UNSPECIFIED.,.F.,.F.,.F.,(4,4),(4,1,1,1,1,1,1,1,1,1,1,1,1,1,1,1,1,1,1,
1,1,1,1,1,1,1,1,1,1,1,1,1,1,1,1,1,1,1,1,1,1,1,1,1,1,1,1,1,1,1,1,1,1,1,1,
1,1,1,1,1,1,1,1,1,1,1,1,1,1,1,1,1,1,1,1,1,1,1,1,1,1,1,1,1,1,1,1,1,1,1,1,
1,1,1,1,1,1,1,1,1,1,1,1,1,1,1,1,1,1,1,1,1,1,1,1,1,1,1,1,1,1,1,1,1,1,1,1,
1,1,1,4),(0.,0.0661932083625906),(11.6150328478183,12.114351109687,12.6136693715558,
13.1129876334246,13.6123058952933,14.1116241571621,14.6109424190309,15.1102606808997,
15.6095789427684,16.1088972046372,16.608215466506,17.1075337283747,17.6068519902435,
18.1061702521123,18.605488513981,19.1048067758498,19.6041250377186,20.1034432995874,
20.6027615614561,21.1020798233249,21.6013980851937,22.1007163470624,22.6000346089312,
23.0993528708,23.5986711326687,24.0979893945375,24.5973076564063,25.0966259182751,
25.5959441801438,26.0952624420126,26.5945807038814,27.0938989657501,27.5932172276189,
28.0925354894877,28.5918537513564,29.0911720132252,29.590490275094,30.0898085369628,
30.5891267988315,31.0884450607003,31.5877633225691,32.0870815844378,32.5863998463066,
33.0857181081754,33.5850363700442,34.0843546319129,34.5836728937817,35.0829911556505,
35.5823094175192,36.081627679388,36.5809459412568,37.0802642031255,37.5795824649943,
38.0789007268631,38.5782189887318,39.0775372506006,39.5768555124694,40.0761737743382,
40.5754920362069,41.0748102980757,41.5741285599445,42.0734468218132,42.572765083682,
43.0720833455508,43.5714016074196,44.0707198692883,44.5700381311571,45.0693563930259,
45.5686746548946,46.0679929167634,46.5673111786322,47.0666294405009,47.5659477023697,
48.0652659642385,48.5645842261073,49.063902487976,49.5632207498448,50.0625390117136,
50.5618572735823,51.0611755354511,51.5604937973199,52.0598120591886,52.5591303210574,
53.0584485829262,53.557766844795,54.0570851066637,54.5564033685325,55.0557216304013,
55.55503989227,56.0543581541388,56.5536764160076,57.0529946778763,57.5523129397451,
58.0516312016139,58.5509494634827,59.0502677253514,59.5495859872202,60.048904249089,
60.5482225109577,61.0475407728265,61.5468590346953,62.046177296564,62.5454955584328,
63.0448138203016,63.5441320821703,64.0434503440391,64.5427686059079,65.0420868677767,
65.5414051296454,66.0407233915142,66.540041653383,67.0393599152517,67.5386781771205,
68.0379964389893,68.5373147008581,69.0366329627268,69.5359512245956,70.0352694864644,
70.5345877483331,71.0339060102019,71.5332242720707,72.0325425339394,72.5318607958082,
73.031179057677,73.5304973195458,74.0298155814145,74.5291338432833,75.0284521051521,
75.5277703670208,76.0270886288896,76.5264068907584),.UNSPECIFIED.);
#17=CONICAL_SURFACE('',#1246,29.5,0.785398163397451);
#18=FACE_BOUND('',#155,.T.);
#19=FACE_BOUND('',#156,.T.);
#20=FACE_BOUND('',#157,.T.);
#21=FACE_BOUND('',#158,.T.);
#22=FACE_BOUND('',#159,.T.);
#23=FACE_BOUND('',#162,.T.);
#24=FACE_BOUND('',#170,.T.);
#25=FACE_BOUND('',#178,.T.);
#26=FACE_BOUND('',#186,.T.);
#27=FACE_BOUND('',#194,.T.);
#28=FACE_BOUND('',#203,.T.);
#29=FACE_BOUND('',#207,.T.);
#30=FACE_BOUND('',#208,.T.);
#31=FACE_BOUND('',#209,.T.);
#32=FACE_BOUND('',#210,.T.);
#33=FACE_BOUND('',#211,.T.);
#34=PLANE('',#1245);
#35=PLANE('',#1248);
#36=PLANE('',#1250);
#37=PLANE('',#1251);
#38=PLANE('',#1252);
#39=PLANE('',#1253);
#40=PLANE('',#1254);
#41=PLANE('',#1255);
#42=PLANE('',#1256);
#43=PLANE('',#1258);
#44=PLANE('',#1259);
#45=PLANE('',#1260);
#46=PLANE('',#1261);
#47=PLANE('',#1262);
#48=PLANE('',#1263);
#49=PLANE('',#1264);
#50=PLANE('',#1266);
#51=PLANE('',#1267);
#52=PLANE('',#1268);
#53=PLANE('',#1269);
#54=PLANE('',#1270);
#55=PLANE('',#1271);
#56=PLANE('',#1272);
#57=PLANE('',#1274);
#58=PLANE('',#1275);
#59=PLANE('',#1276);
#60=PLANE('',#1277);
#61=PLANE('',#1278);
#62=PLANE('',#1279);
#63=PLANE('',#1280);
#64=PLANE('',#1291);
#65=PLANE('',#1296);
#66=TOROIDAL_SURFACE('',#1238,29.,1.);
#67=FACE_OUTER_BOUND('',#132,.T.);
#68=FACE_OUTER_BOUND('',#133,.T.);
#69=FACE_OUTER_BOUND('',#134,.T.);
#70=FACE_OUTER_BOUND('',#135,.T.);
#71=FACE_OUTER_BOUND('',#136,.T.);
#72=FACE_OUTER_BOUND('',#137,.T.);
#73=FACE_OUTER_BOUND('',#138,.T.);
#74=FACE_OUTER_BOUND('',#139,.T.);
#75=FACE_OUTER_BOUND('',#140,.T.);
#76=FACE_OUTER_BOUND('',#141,.T.);
#77=FACE_OUTER_BOUND('',#142,.T.);
#78=FACE_OUTER_BOUND('',#143,.T.);
#79=FACE_OUTER_BOUND('',#144,.T.);
#80=FACE_OUTER_BOUND('',#145,.T.);
#81=FACE_OUTER_BOUND('',#146,.T.);
#82=FACE_OUTER_BOUND('',#147,.T.);
#83=FACE_OUTER_BOUND('',#148,.T.);
#84=FACE_OUTER_BOUND('',#149,.T.);
#85=FACE_OUTER_BOUND('',#150,.T.);
#86=FACE_OUTER_BOUND('',#151,.T.);
#87=FACE_OUTER_BOUND('',#152,.T.);
#88=FACE_OUTER_BOUND('',#153,.T.);
#89=FACE_OUTER_BOUND('',#154,.T.);
#90=FACE_OUTER_BOUND('',#160,.T.);
#91=FACE_OUTER_BOUND('',#161,.T.);
#92=FACE_OUTER_BOUND('',#163,.T.);
#93=FACE_OUTER_BOUND('',#164,.T.);
#94=FACE_OUTER_BOUND('',#165,.T.);
#95=FACE_OUTER_BOUND('',#166,.T.);
#96=FACE_OUTER_BOUND('',#167,.T.);
#97=FACE_OUTER_BOUND('',#168,.T.);
#98=FACE_OUTER_BOUND('',#169,.T.);
#99=FACE_OUTER_BOUND('',#171,.T.);
#100=FACE_OUTER_BOUND('',#172,.T.);
#101=FACE_OUTER_BOUND('',#173,.T.);
#102=FACE_OUTER_BOUND('',#174,.T.);
#103=FACE_OUTER_BOUND('',#175,.T.);
#104=FACE_OUTER_BOUND('',#176,.T.);
#105=FACE_OUTER_BOUND('',#177,.T.);
#106=FACE_OUTER_BOUND('',#179,.T.);
#107=FACE_OUTER_BOUND('',#180,.T.);
#108=FACE_OUTER_BOUND('',#181,.T.);
#109=FACE_OUTER_BOUND('',#182,.T.);
#110=FACE_OUTER_BOUND('',#183,.T.);
#111=FACE_OUTER_BOUND('',#184,.T.);
#112=FACE_OUTER_BOUND('',#185,.T.);
#113=FACE_OUTER_BOUND('',#187,.T.);
#114=FACE_OUTER_BOUND('',#188,.T.);
#115=FACE_OUTER_BOUND('',#189,.T.);
#116=FACE_OUTER_BOUND('',#190,.T.);
#117=FACE_OUTER_BOUND('',#191,.T.);
#118=FACE_OUTER_BOUND('',#192,.T.);
#119=FACE_OUTER_BOUND('',#193,.T.);
#120=FACE_OUTER_BOUND('',#195,.T.);
#121=FACE_OUTER_BOUND('',#196,.T.);
#122=FACE_OUTER_BOUND('',#197,.T.);
#123=FACE_OUTER_BOUND('',#198,.T.);
#124=FACE_OUTER_BOUND('',#199,.T.);
#125=FACE_OUTER_BOUND('',#200,.T.);
#126=FACE_OUTER_BOUND('',#201,.T.);
#127=FACE_OUTER_BOUND('',#202,.T.);
#128=FACE_OUTER_BOUND('',#204,.T.);
#129=FACE_OUTER_BOUND('',#205,.T.);
#130=FACE_OUTER_BOUND('',#206,.T.);
#131=FACE_OUTER_BOUND('',#212,.T.);
#132=EDGE_LOOP('',(#766,#767,#768,#769));
#133=EDGE_LOOP('',(#770,#771,#772,#773));
#134=EDGE_LOOP('',(#774,#775,#776,#777));
#135=EDGE_LOOP('',(#778,#779,#780,#781));
#136=EDGE_LOOP('',(#782,#783,#784,#785));
#137=EDGE_LOOP('',(#786,#787,#788,#789));
#138=EDGE_LOOP('',(#790,#791,#792,#793));
#139=EDGE_LOOP('',(#794,#795,#796,#797));
#140=EDGE_LOOP('',(#798,#799,#800,#801));
#141=EDGE_LOOP('',(#802,#803,#804,#805));
#142=EDGE_LOOP('',(#806,#807,#808,#809));
#143=EDGE_LOOP('',(#810,#811,#812,#813));
#144=EDGE_LOOP('',(#814,#815,#816,#817));
#145=EDGE_LOOP('',(#818,#819,#820,#821));
#146=EDGE_LOOP('',(#822,#823,#824,#825));
#147=EDGE_LOOP('',(#826,#827,#828,#829));
#148=EDGE_LOOP('',(#830,#831,#832,#833));
#149=EDGE_LOOP('',(#834,#835,#836,#837));
#150=EDGE_LOOP('',(#838,#839,#840,#841));
#151=EDGE_LOOP('',(#842,#843,#844,#845));
#152=EDGE_LOOP('',(#846,#847,#848,#849));
#153=EDGE_LOOP('',(#850,#851,#852,#853,#854));
#154=EDGE_LOOP('',(#855));
#155=EDGE_LOOP('',(#856,#857,#858,#859));
#156=EDGE_LOOP('',(#860,#861,#862,#863,#864,#865));
#157=EDGE_LOOP('',(#866,#867,#868,#869,#870,#871));
#158=EDGE_LOOP('',(#872,#873,#874,#875,#876,#877));
#159=EDGE_LOOP('',(#878,#879,#880,#881,#882,#883));
#160=EDGE_LOOP('',(#884,#885,#886,#887,#888));
#161=EDGE_LOOP('',(#889));
#162=EDGE_LOOP('',(#890));
#163=EDGE_LOOP('',(#891,#892,#893,#894));
#164=EDGE_LOOP('',(#895,#896,#897,#898));
#165=EDGE_LOOP('',(#899,#900,#901,#902));
#166=EDGE_LOOP('',(#903,#904,#905,#906));
#167=EDGE_LOOP('',(#907,#908,#909,#910));
#168=EDGE_LOOP('',(#911,#912,#913,#914));
#169=EDGE_LOOP('',(#915,#916,#917,#918,#919,#920));
#170=EDGE_LOOP('',(#921));
#171=EDGE_LOOP('',(#922,#923,#924,#925));
#172=EDGE_LOOP('',(#926,#927,#928,#929));
#173=EDGE_LOOP('',(#930,#931,#932,#933));
#174=EDGE_LOOP('',(#934,#935,#936,#937));
#175=EDGE_LOOP('',(#938,#939,#940,#941));
#176=EDGE_LOOP('',(#942,#943,#944,#945));
#177=EDGE_LOOP('',(#946,#947,#948,#949,#950,#951));
#178=EDGE_LOOP('',(#952));
#179=EDGE_LOOP('',(#953,#954,#955,#956));
#180=EDGE_LOOP('',(#957,#958,#959,#960));
#181=EDGE_LOOP('',(#961,#962,#963,#964));
#182=EDGE_LOOP('',(#965,#966,#967,#968));
#183=EDGE_LOOP('',(#969,#970,#971,#972));
#184=EDGE_LOOP('',(#973,#974,#975,#976));
#185=EDGE_LOOP('',(#977,#978,#979,#980,#981,#982));
#186=EDGE_LOOP('',(#983));
#187=EDGE_LOOP('',(#984,#985,#986,#987));
#188=EDGE_LOOP('',(#988,#989,#990,#991));
#189=EDGE_LOOP('',(#992,#993,#994,#995));
#190=EDGE_LOOP('',(#996,#997,#998,#999));
#191=EDGE_LOOP('',(#1000,#1001,#1002,#1003));
#192=EDGE_LOOP('',(#1004,#1005,#1006,#1007));
#193=EDGE_LOOP('',(#1008,#1009,#1010,#1011,#1012,#1013));
#194=EDGE_LOOP('',(#1014));
#195=EDGE_LOOP('',(#1015,#1016,#1017,#1018));
#196=EDGE_LOOP('',(#1019,#1020,#1021,#1022,#1023,#1024,#1025,#1026,#1027,
#1028,#1029,#1030,#1031,#1032,#1033,#1034,#1035,#1036,#1037,#1038,#1039,
#1040,#1041,#1042));
#197=EDGE_LOOP('',(#1043,#1044,#1045,#1046,#1047,#1048,#1049,#1050,#1051,
#1052,#1053,#1054,#1055,#1056,#1057,#1058,#1059,#1060,#1061,#1062,#1063,
#1064,#1065,#1066));
#198=EDGE_LOOP('',(#1067,#1068,#1069,#1070));
#199=EDGE_LOOP('',(#1071,#1072,#1073,#1074));
#200=EDGE_LOOP('',(#1075,#1076,#1077,#1078));
#201=EDGE_LOOP('',(#1079,#1080,#1081,#1082));
#202=EDGE_LOOP('',(#1083,#1084,#1085,#1086));
#203=EDGE_LOOP('',(#1087));
#204=EDGE_LOOP('',(#1088,#1089,#1090,#1091));
#205=EDGE_LOOP('',(#1092,#1093,#1094,#1095));
#206=EDGE_LOOP('',(#1096));
#207=EDGE_LOOP('',(#1097));
#208=EDGE_LOOP('',(#1098));
#209=EDGE_LOOP('',(#1099));
#210=EDGE_LOOP('',(#1100));
#211=EDGE_LOOP('',(#1101));
#212=EDGE_LOOP('',(#1102,#1103,#1104,#1105));
#213=CIRCLE('',#1215,16.442);
#214=CIRCLE('',#1225,16.442);
#215=CIRCLE('',#1227,15.86875);
#216=CIRCLE('',#1237,15.86875);
#217=CIRCLE('',#1239,30.);
#218=CIRCLE('',#1240,1.);
#219=CIRCLE('',#1241,29.);
#220=CIRCLE('',#1243,30.);
#221=CIRCLE('',#1244,30.);
#222=CIRCLE('',#1247,29.);
#223=CIRCLE('',#1249,25.1);
#224=CIRCLE('',#1257,1.6);
#225=CIRCLE('',#1265,1.6);
#226=CIRCLE('',#1273,1.6);
#227=CIRCLE('',#1281,1.6);
#228=CIRCLE('',#1284,1.6);
#229=CIRCLE('',#1286,1.6);
#230=CIRCLE('',#1288,1.6);
#231=CIRCLE('',#1290,1.6);
#232=CIRCLE('',#1292,13.);
#233=CIRCLE('',#1295,25.1);
#234=CIRCLE('',#1297,13.);
#235=B_SPLINE_CURVE_WITH_KNOTS('',3,(#1577,#1578,#1579,#1580,#1581,#1582,
#1583,#1584,#1585,#1586),.UNSPECIFIED.,.F.,.F.,(4,3,3,4),(-1.12818320455367,
-0.99863652373754,-0.499318261868769,0.),.UNSPECIFIED.);
#236=B_SPLINE_CURVE_WITH_KNOTS('',3,(#1589,#1590,#1591,#1592,#1593,#1594,
#1595,#1596,#1597,#1598,#1599,#1600,#1601,#1602,#1603,#1604),
 .UNSPECIFIED.,.F.,.F.,(4,3,3,3,3,4),(2.07952097109452,2.49659130934385,
2.99590957121262,3.49522783308139,3.99454609495016,4.09293042013062),
 .UNSPECIFIED.);
#237=B_SPLINE_CURVE_WITH_KNOTS('',3,(#1609,#1610,#1611,#1612,#1613,#1614,
#1615,#1616,#1617,#1618,#1619,#1620,#1621,#1622,#1623,#1624,#1625,#1626,
#1627,#1628,#1629,#1630,#1631,#1632,#1633,#1634,#1635,#1636,#1637,#1638,
#1639,#1640,#1641,#1642,#1643,#1644,#1645,#1646,#1647,#1648),
 .UNSPECIFIED.,.F.,.F.,(4,3,3,3,3,3,3,3,3,3,3,3,3,4),(-7.41136851173326,
-6.99045566616278,-6.49113740429401,-5.99181914242524,-5.49250088055647,
-4.9931826186877,-4.49386435681893,-3.99454609495016,-3.49522783308139,
-2.99590957121262,-2.49659130934385,-1.99727304747508,-1.49795478560631,
-1.12818320455367),.UNSPECIFIED.);
#238=B_SPLINE_CURVE_WITH_KNOTS('',3,(#1649,#1650,#1651,#1652,#1653,#1654,
#1655,#1656,#1657,#1658,#1659,#1660,#1661,#1662,#1663,#1664,#1665,#1666,
#1667,#1668,#1669,#1670,#1671,#1672,#1673,#1674,#1675,#1676,#1677,#1678,
#1679,#1680,#1681,#1682,#1683,#1684,#1685,#1686,#1687,#1688),
 .UNSPECIFIED.,.F.,.F.,(4,3,3,3,3,3,3,3,3,3,3,3,3,4),(4.09293042013062,
4.49386435681893,4.9931826186877,5.49250088055647,5.99181914242524,6.49113740429401,
6.99045566616278,7.48977392803155,7.98909218990032,8.48841045176909,8.98772871363786,
9.48704697550663,9.9863652373754,10.3761157273102),.UNSPECIFIED.);
#239=B_SPLINE_CURVE_WITH_KNOTS('',3,(#1693,#1694,#1695,#1696,#1697,#1698,
#1699,#1700,#1701,#1702,#1703,#1704,#1705,#1706,#1707,#1708,#1709,#1710,
#1711,#1712,#1713,#1714,#1715,#1716,#1717,#1718,#1719,#1720,#1721,#1722,
#1723,#1724,#1725,#1726,#1727,#1728,#1729,#1730,#1731,#1732,#1733,#1734,
#1735),.UNSPECIFIED.,.F.,.F.,(4,3,3,3,3,3,3,3,3,3,3,3,3,3,4),(-13.6945538189129,
-13.4815930704568,-12.982274808588,-12.4829565467193,-11.9836382848505,
-11.4843200229817,-10.9850017611129,-10.4856834992442,-9.9863652373754,
-9.48704697550663,-8.98772871363786,-8.48841045176909,-7.98909218990032,
-7.48977392803155,-7.41136851173326),.UNSPECIFIED.);
#240=B_SPLINE_CURVE_WITH_KNOTS('',3,(#1736,#1737,#1738,#1739,#1740,#1741,
#1742,#1743,#1744,#1745,#1746,#1747,#1748,#1749,#1750,#1751,#1752,#1753,
#1754,#1755,#1756,#1757,#1758,#1759,#1760,#1761,#1762,#1763,#1764,#1765,
#1766,#1767,#1768,#1769,#1770,#1771,#1772,#1773,#1774,#1775,#1776,#1777,
#1778),.UNSPECIFIED.,.F.,.F.,(4,3,3,3,3,3,3,3,3,3,3,3,3,3,4),(10.3761157273102,
10.4856834992442,10.9850017611129,11.4843200229817,11.9836382848505,12.4829565467192,
12.982274808588,13.4815930704568,13.9809113323256,14.4802295941943,14.9795478560631,
15.4788661179319,15.9781843798006,16.4775026416694,16.6593010344898),
 .UNSPECIFIED.);
#241=B_SPLINE_CURVE_WITH_KNOTS('',3,(#1783,#1784,#1785,#1786,#1787,#1788,
#1789,#1790,#1791,#1792,#1793,#1794,#1795,#1796,#1797,#1798,#1799,#1800,
#1801,#1802,#1803,#1804,#1805,#1806,#1807,#1808,#1809,#1810,#1811,#1812,
#1813,#1814,#1815,#1816,#1817,#1818,#1819,#1820,#1821,#1822,#1823,#1824,
#1825),.UNSPECIFIED.,.F.,.F.,(4,3,3,3,3,3,3,3,3,3,3,3,3,3,4),(-19.9777391260924,
-19.9727304747508,-19.473412212882,-18.9740939510133,-18.4747756891445,
-17.9754574272757,-17.476139165407,-16.9768209035382,-16.4775026416694,
-15.9781843798006,-15.4788661179319,-14.9795478560631,-14.4802295941943,
-13.9809113323256,-13.6945538189129),.UNSPECIFIED.);
#242=B_SPLINE_CURVE_WITH_KNOTS('',3,(#1826,#1827,#1828,#1829,#1830,#1831,
#1832,#1833,#1834,#1835,#1836,#1837,#1838,#1839,#1840,#1841,#1842,#1843,
#1844,#1845,#1846,#1847,#1848,#1849,#1850,#1851,#1852,#1853,#1854,#1855,
#1856,#1857,#1858,#1859,#1860,#1861,#1862,#1863,#1864,#1865),
 .UNSPECIFIED.,.F.,.F.,(4,3,3,3,3,3,3,3,3,3,3,3,3,4),(16.6593010344898,
16.9768209035382,17.476139165407,17.9754574272757,18.4747756891445,18.9740939510133,
19.473412212882,19.9727304747508,20.4720487366196,20.9713669984883,21.4706852603571,
21.9700035222259,22.4693217840947,22.9424863416694),.UNSPECIFIED.);
#243=B_SPLINE_CURVE_WITH_KNOTS('',3,(#1870,#1871,#1872,#1873,#1874,#1875,
#1876,#1877,#1878,#1879,#1880,#1881,#1882,#1883,#1884,#1885,#1886,#1887,
#1888,#1889,#1890,#1891,#1892,#1893,#1894,#1895,#1896,#1897,#1898,#1899,
#1900,#1901,#1902,#1903,#1904,#1905,#1906,#1907,#1908,#1909),
 .UNSPECIFIED.,.F.,.F.,(4,3,3,3,3,3,3,3,3,3,3,3,3,4),(-26.260924433272,
-25.964549617176,-25.4652313553073,-24.9659130934385,-24.4665948315697,
-23.967276569701,-23.4679583078322,-22.9686400459634,-22.4693217840946,
-21.9700035222259,-21.4706852603571,-20.9713669984883,-20.4720487366196,
-19.9777391260924),.UNSPECIFIED.);
#244=B_SPLINE_CURVE_WITH_KNOTS('',3,(#1910,#1911,#1912,#1913,#1914,#1915,
#1916,#1917,#1918,#1919,#1920,#1921,#1922,#1923,#1924,#1925,#1926,#1927,
#1928,#1929,#1930,#1931,#1932,#1933,#1934,#1935,#1936,#1937,#1938,#1939,
#1940,#1941,#1942,#1943,#1944,#1945,#1946,#1947,#1948,#1949,#1950,#1951,
#1952),.UNSPECIFIED.,.F.,.F.,(4,3,3,3,3,3,3,3,3,3,3,3,3,3,4),(22.9424863416694,
22.9686400459634,23.4679583078322,23.967276569701,24.4665948315697,24.9659130934385,
25.4652313553073,25.964549617176,26.4638678790448,26.9631861409136,27.4625044027824,
27.9618226646511,28.4611409265199,28.9604591883887,29.225671648849),
 .UNSPECIFIED.);
#245=B_SPLINE_CURVE_WITH_KNOTS('',3,(#1957,#1958,#1959,#1960,#1961,#1962,
#1963,#1964,#1965,#1966,#1967,#1968,#1969,#1970,#1971,#1972,#1973,#1974,
#1975,#1976,#1977,#1978,#1979,#1980,#1981,#1982,#1983,#1984,#1985,#1986,
#1987,#1988,#1989,#1990,#1991,#1992,#1993,#1994,#1995,#1996,#1997,#1998,
#1999),.UNSPECIFIED.,.F.,.F.,(4,3,3,3,3,3,3,3,3,3,3,3,3,3,4),(-32.5441097404516,
-32.4556870214701,-31.9563687596013,-31.4570504977325,-30.9577322358637,
-30.458413973995,-29.9590957121262,-29.4597774502574,-28.9604591883887,
-28.4611409265199,-27.9618226646511,-27.4625044027824,-26.9631861409136,
-26.4638678790448,-26.260924433272),.UNSPECIFIED.);
#246=B_SPLINE_CURVE_WITH_KNOTS('',3,(#2000,#2001,#2002,#2003,#2004,#2005,
#2006,#2007,#2008,#2009,#2010,#2011,#2012,#2013,#2014,#2015,#2016,#2017,
#2018,#2019,#2020,#2021,#2022,#2023,#2024,#2025,#2026,#2027,#2028,#2029,
#2030,#2031,#2032,#2033,#2034,#2035,#2036,#2037,#2038,#2039,#2040,#2041,
#2042),.UNSPECIFIED.,.F.,.F.,(4,3,3,3,3,3,3,3,3,3,3,3,3,3,4),(29.225671648849,
29.4597774502574,29.9590957121262,30.458413973995,30.9577322358637,31.4570504977325,
31.9563687596013,32.4556870214701,32.9550052833388,33.4543235452076,33.9536418070764,
34.4529600689451,34.9522783308139,35.4515965926827,35.5088569560286),
 .UNSPECIFIED.);
#247=B_SPLINE_CURVE_WITH_KNOTS('',3,(#2047,#2048,#2049,#2050,#2051,#2052,
#2053,#2054,#2055,#2056,#2057,#2058,#2059,#2060,#2061,#2062,#2063,#2064,
#2065,#2066,#2067,#2068,#2069,#2070,#2071,#2072,#2073,#2074,#2075,#2076,
#2077,#2078,#2079,#2080,#2081,#2082,#2083,#2084,#2085,#2086),
 .UNSPECIFIED.,.F.,.F.,(4,3,3,3,3,3,3,3,3,3,3,3,3,4),(-38.8272950476312,
-38.4475061638953,-37.9481879020265,-37.4488696401577,-36.949551378289,
-36.4502331164202,-35.9509148545514,-35.4515965926827,-34.9522783308139,
-34.4529600689451,-33.9536418070764,-33.4543235452076,-32.9550052833388,
-32.5441097404516),.UNSPECIFIED.);
#248=B_SPLINE_CURVE_WITH_KNOTS('',3,(#2087,#2088,#2089,#2090,#2091,#2092,
#2093,#2094,#2095,#2096,#2097,#2098,#2099,#2100,#2101,#2102,#2103,#2104,
#2105,#2106,#2107,#2108,#2109,#2110,#2111,#2112,#2113,#2114,#2115,#2116,
#2117,#2118,#2119,#2120,#2121,#2122,#2123,#2124,#2125,#2126),
 .UNSPECIFIED.,.F.,.F.,(4,3,3,3,3,3,3,3,3,3,3,3,3,4),(35.5088569560286,
35.9509148545514,36.4502331164202,36.949551378289,37.4488696401578,37.9481879020265,
38.4475061638953,38.9468244257641,39.4461426876328,39.9454609495016,40.4447792113704,
40.9440974732391,41.4434157351079,41.7920422632081),.UNSPECIFIED.);
#249=B_SPLINE_CURVE_WITH_KNOTS('',3,(#2131,#2132,#2133,#2134,#2135,#2136,
#2137,#2138,#2139,#2140,#2141,#2142,#2143,#2144,#2145,#2146,#2147,#2148,
#2149,#2150,#2151,#2152,#2153,#2154,#2155,#2156,#2157,#2158,#2159,#2160,
#2161,#2162,#2163,#2164,#2165,#2166,#2167,#2168,#2169,#2170,#2171,#2172,
#2173),.UNSPECIFIED.,.F.,.F.,(4,3,3,3,3,3,3,3,3,3,3,3,3,3,4),(-45.1104803548108,
-44.9386435681893,-44.4393253063205,-43.9400070444518,-43.440688782583,
-42.9413705207142,-42.4420522588455,-41.9427339969767,-41.4434157351079,
-40.9440974732391,-40.4447792113704,-39.9454609495016,-39.4461426876328,
-38.946824425764,-38.8272950476312),.UNSPECIFIED.);
#250=B_SPLINE_CURVE_WITH_KNOTS('',3,(#2174,#2175,#2176,#2177,#2178,#2179,
#2180,#2181,#2182,#2183,#2184,#2185,#2186,#2187,#2188,#2189,#2190,#2191,
#2192,#2193,#2194,#2195,#2196,#2197,#2198,#2199,#2200,#2201,#2202,#2203,
#2204,#2205,#2206,#2207,#2208,#2209,#2210,#2211,#2212,#2213,#2214,#2215,
#2216),.UNSPECIFIED.,.F.,.F.,(4,3,3,3,3,3,3,3,3,3,3,3,3,3,4),(41.7920422632081,
41.9427339969767,42.4420522588455,42.9413705207142,43.440688782583,43.9400070444518,
44.4393253063205,44.9386435681893,45.4379618300581,45.9372800919269,46.4365983537956,
46.9359166156644,47.4352348775332,47.9345531394019,48.0752275703877),
 .UNSPECIFIED.);
#251=B_SPLINE_CURVE_WITH_KNOTS('',3,(#2221,#2222,#2223,#2224,#2225,#2226,
#2227,#2228,#2229,#2230,#2231,#2232,#2233,#2234,#2235,#2236,#2237,#2238,
#2239,#2240,#2241,#2242,#2243,#2244,#2245,#2246,#2247,#2248,#2249,#2250,
#2251,#2252,#2253,#2254,#2255,#2256,#2257,#2258,#2259,#2260),
 .UNSPECIFIED.,.F.,.F.,(4,3,3,3,3,3,3,3,3,3,3,3,3,4),(-51.3936656619904,
-50.9304627106145,-50.4311444487458,-49.931826186877,-49.4325079250082,
-48.9331896631395,-48.4338714012707,-47.9345531394019,-47.4352348775331,
-46.9359166156644,-46.4365983537956,-45.9372800919268,-45.4379618300581,
-45.1104803548108),.UNSPECIFIED.);
#252=B_SPLINE_CURVE_WITH_KNOTS('',3,(#2261,#2262,#2263,#2264,#2265,#2266,
#2267,#2268,#2269,#2270,#2271,#2272,#2273,#2274,#2275,#2276,#2277,#2278,
#2279,#2280,#2281,#2282,#2283,#2284,#2285,#2286,#2287,#2288,#2289,#2290,
#2291,#2292,#2293,#2294,#2295,#2296,#2297,#2298,#2299,#2300),
 .UNSPECIFIED.,.F.,.F.,(4,3,3,3,3,3,3,3,3,3,3,3,3,4),(48.0752275703877,
48.4338714012707,48.9331896631395,49.4325079250082,49.931826186877,50.4311444487458,
50.9304627106146,51.4297809724833,51.9290992343521,52.4284174962209,52.9277357580896,
53.4270540199584,53.9263722818272,54.3584128775673),.UNSPECIFIED.);
#253=B_SPLINE_CURVE_WITH_KNOTS('',3,(#2306,#2307,#2308,#2309,#2310,#2311,
#2312,#2313,#2314,#2315,#2316,#2317,#2318,#2319,#2320,#2321,#2322,#2323,
#2324,#2325,#2326,#2327,#2328,#2329,#2330,#2331,#2332,#2333),
 .UNSPECIFIED.,.F.,.F.,(4,3,3,3,3,3,3,3,3,4),(60.6415981847469,60.91682794799,
61.4161462098587,61.9154644717275,62.4147827335963,62.914100995465,63.4134192573338,
63.9127375192026,64.4120557810713,64.9113740429401),.UNSPECIFIED.);
#254=B_SPLINE_CURVE_WITH_KNOTS('',3,(#2336,#2337,#2338,#2339,#2340,#2341,
#2342,#2343,#2344,#2345,#2346,#2347,#2348,#2349,#2350,#2351,#2352,#2353,
#2354,#2355,#2356,#2357,#2358,#2359,#2360,#2361,#2362,#2363,#2364,#2365,
#2366,#2367,#2368,#2369),.UNSPECIFIED.,.F.,.F.,(4,3,3,3,3,3,3,3,3,3,3,4),
(-62.8318530718456,-62.4147827335962,-61.9154644717275,-61.4161462098587,
-60.9168279479899,-60.4175096861212,-59.9181914242524,-59.4188731623836,
-58.9195549005149,-58.4202366386461,-57.9209183767773,-57.67685096917),
 .UNSPECIFIED.);
#255=B_SPLINE_CURVE_WITH_KNOTS('',3,(#2375,#2376,#2377,#2378,#2379),
 .UNSPECIFIED.,.F.,.F.,(4,1,4),(72.2566310325652,72.708650537287,73.2079687991558),
 .UNSPECIFIED.);
#256=B_SPLINE_CURVE_WITH_KNOTS('',3,(#2382,#2383,#2384,#2385,#2386,#2387,
#2388,#2389),.UNSPECIFIED.,.F.,.F.,(4,1,1,1,1,4),(72.2566310325652,72.5318607958082,
73.031179057677,73.5304973195458,74.0298155814145,74.4468859196638),
 .UNSPECIFIED.);
#257=B_SPLINE_CURVE_WITH_KNOTS('',3,(#2394,#2395,#2396,#2397,#2398,#2399,
#2400,#2401,#2402,#2403,#2404,#2405,#2406,#2407,#2408,#2409,#2410),
 .UNSPECIFIED.,.F.,.F.,(4,1,1,1,1,1,1,1,1,1,1,1,1,1,4),(65.9734457253856,
66.217513132993,66.7168313948617,67.2161496567305,67.7154679185993,68.2147861804681,
68.7141044423368,69.2134227042056,69.7127409660744,70.2120592279431,70.7113774898119,
71.2106957516807,71.7100140135494,72.2093322754182,72.2566310325652),
 .UNSPECIFIED.);
#258=B_SPLINE_CURVE_WITH_KNOTS('',3,(#2411,#2412,#2413,#2414,#2415,#2416,
#2417,#2418,#2419,#2420,#2421,#2422,#2423,#2424,#2425,#2426,#2427),
 .UNSPECIFIED.,.F.,.F.,(4,1,1,1,1,1,1,1,1,1,1,1,1,1,4),(65.9734457253856,
66.0407233915142,66.540041653383,67.0393599152517,67.5386781771205,68.0379964389893,
68.5373147008581,69.0366329627268,69.5359512245956,70.0352694864644,70.5345877483331,
71.0339060102019,71.5332242720707,72.0325425339394,72.2566310325652),
 .UNSPECIFIED.);
#259=B_SPLINE_CURVE_WITH_KNOTS('',3,(#2432,#2433,#2434,#2435,#2436,#2437,
#2438,#2439,#2440,#2441,#2442,#2443,#2444,#2445,#2446,#2447,#2448),
 .UNSPECIFIED.,.F.,.F.,(4,1,1,1,1,1,1,1,1,1,1,1,1,1,4),(59.6902604182061,
59.726375728699,60.2256939905677,60.7250122524365,61.2243305143053,61.723648776174,
62.2229670380428,62.7222852999116,63.2216035617804,63.7209218236491,64.2202400855179,
64.7195583473867,65.2188766092554,65.7181948711242,65.9734457253856),
 .UNSPECIFIED.);
#260=B_SPLINE_CURVE_WITH_KNOTS('',3,(#2449,#2450,#2451,#2452,#2453,#2454,
#2455,#2456,#2457,#2458,#2459,#2460,#2461,#2462,#2463,#2464),
 .UNSPECIFIED.,.F.,.F.,(4,1,1,1,1,1,1,1,1,1,1,1,1,4),(59.6902604182061,
60.048904249089,60.5482225109577,61.0475407728265,61.5468590346953,62.046177296564,
62.5454955584328,63.0448138203016,63.5441320821703,64.0434503440391,64.5427686059079,
65.0420868677767,65.5414051296454,65.9734457253856),.UNSPECIFIED.);
#261=B_SPLINE_CURVE_WITH_KNOTS('',3,(#2469,#2470,#2471,#2472,#2473,#2474,
#2475,#2476,#2477,#2478,#2479,#2480,#2481,#2482,#2483,#2484),
 .UNSPECIFIED.,.F.,.F.,(4,1,1,1,1,1,1,1,1,1,1,1,1,4),(53.4070751110265,
53.7345565862737,54.2338748481425,54.7331931100113,55.23251137188,55.7318296337488,
56.2311478956176,56.7304661574863,57.2297844193551,57.7291026812239,58.2284209430926,
58.7277392049614,59.2270574668302,59.6902604182061),.UNSPECIFIED.);
#262=B_SPLINE_CURVE_WITH_KNOTS('',3,(#2485,#2486,#2487,#2488,#2489,#2490,
#2491,#2492,#2493,#2494,#2495,#2496,#2497,#2498,#2499,#2500,#2501),
 .UNSPECIFIED.,.F.,.F.,(4,1,1,1,1,1,1,1,1,1,1,1,1,1,4),(53.4070751110265,
53.557766844795,54.0570851066637,54.5564033685325,55.0557216304013,55.55503989227,
56.0543581541388,56.5536764160076,57.0529946778763,57.5523129397451,58.0516312016139,
58.5509494634827,59.0502677253514,59.5495859872202,59.6902604182061),
 .UNSPECIFIED.);
#263=B_SPLINE_CURVE_WITH_KNOTS('',3,(#2506,#2507,#2508,#2509,#2510,#2511,
#2512,#2513,#2514,#2515,#2516,#2517,#2518,#2519,#2520,#2521,#2522),
 .UNSPECIFIED.,.F.,.F.,(4,1,1,1,1,1,1,1,1,1,1,1,1,1,4),(47.1238898038469,
47.2434191819797,47.7427374438485,48.2420557057172,48.741373967586,49.2406922294548,
49.7400104913236,50.2393287531923,50.7386470150611,51.2379652769299,51.7372835387986,
52.2366018006674,52.7359200625362,53.2352383244049,53.4070751110265),
 .UNSPECIFIED.);
#264=B_SPLINE_CURVE_WITH_KNOTS('',3,(#2523,#2524,#2525,#2526,#2527,#2528,
#2529,#2530,#2531,#2532,#2533,#2534,#2535,#2536,#2537,#2538),
 .UNSPECIFIED.,.F.,.F.,(4,1,1,1,1,1,1,1,1,1,1,1,1,4),(47.1238898038469,
47.5659477023697,48.0652659642385,48.5645842261073,49.063902487976,49.5632207498448,
50.0625390117136,50.5618572735823,51.0611755354511,51.5604937973199,52.0598120591886,
52.5591303210574,53.0584485829262,53.4070751110265),.UNSPECIFIED.);
#265=B_SPLINE_CURVE_WITH_KNOTS('',3,(#2543,#2544,#2545,#2546,#2547,#2548,
#2549,#2550,#2551,#2552,#2553,#2554,#2555,#2556,#2557,#2558),
 .UNSPECIFIED.,.F.,.F.,(4,1,1,1,1,1,1,1,1,1,1,1,1,4),(40.8407044966673,
41.2516000395545,41.7509183014232,42.250236563292,42.7495548251608,43.2488730870296,
43.7481913488983,44.2475096107671,44.7468278726359,45.2461461345046,45.7454643963734,
46.2447826582422,46.7441009201109,47.1238898038469),.UNSPECIFIED.);
#266=B_SPLINE_CURVE_WITH_KNOTS('',3,(#2559,#2560,#2561,#2562,#2563,#2564,
#2565,#2566,#2567,#2568,#2569,#2570,#2571,#2572,#2573,#2574,#2575),
 .UNSPECIFIED.,.F.,.F.,(4,1,1,1,1,1,1,1,1,1,1,1,1,1,4),(40.8407044966673,
41.0748102980757,41.5741285599445,42.0734468218132,42.572765083682,43.0720833455508,
43.5714016074196,44.0707198692883,44.5700381311571,45.0693563930259,45.5686746548946,
46.0679929167634,46.5673111786322,47.0666294405009,47.1238898038469),
 .UNSPECIFIED.);
#267=B_SPLINE_CURVE_WITH_KNOTS('',3,(#2580,#2581,#2582,#2583,#2584,#2585,
#2586,#2587,#2588,#2589,#2590,#2591,#2592,#2593,#2594,#2595,#2596),
 .UNSPECIFIED.,.F.,.F.,(4,1,1,1,1,1,1,1,1,1,1,1,1,1,4),(34.5575191894877,
34.7604626352605,35.2597808971292,35.759099158998,36.2584174208668,36.7577356827355,
37.2570539446043,37.7563722064731,38.2556904683419,38.7550087302106,39.2543269920794,
39.7536452539482,40.2529635158169,40.7522817776857,40.8407044966673),
 .UNSPECIFIED.);
#268=B_SPLINE_CURVE_WITH_KNOTS('',3,(#2597,#2598,#2599,#2600,#2601,#2602,
#2603,#2604,#2605,#2606,#2607,#2608,#2609,#2610,#2611,#2612,#2613),
 .UNSPECIFIED.,.F.,.F.,(4,1,1,1,1,1,1,1,1,1,1,1,1,1,4),(34.5575191894877,
34.5836728937817,35.0829911556505,35.5823094175192,36.081627679388,36.5809459412568,
37.0802642031255,37.5795824649943,38.0789007268631,38.5782189887318,39.0775372506006,
39.5768555124694,40.0761737743382,40.5754920362069,40.8407044966673),
 .UNSPECIFIED.);
#269=B_SPLINE_CURVE_WITH_KNOTS('',3,(#2618,#2619,#2620,#2621,#2622,#2623,
#2624,#2625,#2626,#2627,#2628,#2629,#2630,#2631,#2632,#2633),
 .UNSPECIFIED.,.F.,.F.,(4,1,1,1,1,1,1,1,1,1,1,1,1,4),(28.2743338823081,
28.7686434928352,29.267961754704,29.7672800165728,30.2665982784415,30.7659165403103,
31.2652348021791,31.7645530640478,32.2638713259166,32.7631895877854,33.2625078496541,
33.7618261115229,34.2611443733917,34.5575191894877),.UNSPECIFIED.);
#270=B_SPLINE_CURVE_WITH_KNOTS('',3,(#2634,#2635,#2636,#2637,#2638,#2639,
#2640,#2641,#2642,#2643,#2644,#2645,#2646,#2647,#2648,#2649),
 .UNSPECIFIED.,.F.,.F.,(4,1,1,1,1,1,1,1,1,1,1,1,1,4),(28.2743338823081,
28.5918537513564,29.0911720132252,29.590490275094,30.0898085369628,30.5891267988315,
31.0884450607003,31.5877633225691,32.0870815844378,32.5863998463066,33.0857181081754,
33.5850363700442,34.0843546319129,34.5575191894877),.UNSPECIFIED.);
#271=B_SPLINE_CURVE_WITH_KNOTS('',3,(#2654,#2655,#2656,#2657,#2658,#2659,
#2660,#2661,#2662,#2663,#2664,#2665,#2666,#2667,#2668,#2669,#2670),
 .UNSPECIFIED.,.F.,.F.,(4,1,1,1,1,1,1,1,1,1,1,1,1,1,4),(21.9911485751285,
22.2775060885412,22.77682435041,23.2761426122788,23.7754608741475,24.2747791360163,
24.7740973978851,25.2734156597538,25.7727339216226,26.2720521834914,26.7713704453601,
27.2706887072289,27.7700069690977,28.2693252309665,28.2743338823081),
 .UNSPECIFIED.);
#272=B_SPLINE_CURVE_WITH_KNOTS('',3,(#2671,#2672,#2673,#2674,#2675,#2676,
#2677,#2678,#2679,#2680,#2681,#2682,#2683,#2684,#2685,#2686,#2687),
 .UNSPECIFIED.,.F.,.F.,(4,1,1,1,1,1,1,1,1,1,1,1,1,1,4),(21.9911485751285,
22.1007163470624,22.6000346089312,23.0993528708,23.5986711326687,24.0979893945375,
24.5973076564063,25.0966259182751,25.5959441801438,26.0952624420126,26.5945807038814,
27.0938989657501,27.5932172276189,28.0925354894877,28.2743338823081),
 .UNSPECIFIED.);
#273=B_SPLINE_CURVE_WITH_KNOTS('',3,(#2693,#2694,#2695,#2696,#2697,#2698,
#2699,#2700,#2701,#2702,#2703,#2704),.UNSPECIFIED.,.F.,.F.,(4,1,1,1,1,1,
1,1,1,4),(11.6150328478183,12.114351109687,12.6136693715558,13.1129876334246,
13.6123058952933,14.1116241571621,14.6109424190309,15.1102606808997,15.6095789427684,
15.7079632679489),.UNSPECIFIED.);
#274=B_SPLINE_CURVE_WITH_KNOTS('',3,(#2707,#2708,#2709,#2710,#2711,#2712,
#2713,#2714,#2715,#2716,#2717,#2718,#2719,#2720),.UNSPECIFIED.,.F.,.F.,
(4,1,1,1,1,1,1,1,1,1,1,4),(10.3761157273102,10.7931860655595,11.2925043274283,
11.791822589297,12.2911408511658,12.7904591130346,13.2897773749034,13.7890956367721,
14.2884138986409,14.7877321605097,15.2870504223784,15.7079632679489),
 .UNSPECIFIED.);
#275=B_SPLINE_CURVE_WITH_KNOTS('',3,(#2734,#2735,#2736,#2737,#2738,#2739,
#2740,#2741,#2742,#2743,#2744,#2745,#2746,#2747,#2748,#2749,#2750,#2751,
#2752,#2753,#2754,#2755,#2756,#2757,#2758,#2759,#2760,#2761,#2762,#2763,
#2764,#2765,#2766,#2767,#2768,#2769,#2770,#2771,#2772,#2773,#2774,#2775,
#2776,#2777,#2778,#2779,#2780,#2781,#2782,#2783,#2784,#2785,#2786,#2787,
#2788,#2789,#2790,#2791,#2792,#2793,#2794,#2795,#2796,#2797,#2798,#2799,
#2800,#2801,#2802,#2803,#2804,#2805,#2806,#2807,#2808,#2809,#2810,#2811,
#2812,#2813,#2814,#2815,#2816,#2817,#2818,#2819,#2820,#2821,#2822,#2823,
#2824,#2825,#2826,#2827,#2828,#2829,#2830,#2831,#2832,#2833,#2834,#2835,
#2836,#2837,#2838,#2839,#2840,#2841,#2842,#2843,#2844,#2845,#2846,#2847,
#2848,#2849,#2850,#2851,#2852,#2853,#2854,#2855,#2856,#2857,#2858,#2859,
#2860,#2861,#2862,#2863,#2864,#2865,#2866,#2867,#2868,#2869),
 .UNSPECIFIED.,.F.,.F.,(4,3,3,3,3,3,3,3,3,3,3,3,3,3,3,3,3,3,3,3,3,3,3,3,
3,3,3,3,3,3,3,3,3,3,3,3,3,3,3,3,3,3,3,3,3,4),(-3.36794535108651,-3.26014088560639,
-3.15159873122348,-3.04292970459141,-2.98126147533015,-2.95259793113663,
-2.93929274348722,-2.92659474894332,-2.81828515523778,-2.71020849653143,
-2.60327552373048,-2.54958387050132,-2.52217497938155,-2.51055957125718,
-2.40411909867044,-2.29658241536189,-2.18850919391064,-2.07561198136687,
-1.96893629857866,-1.91093230986788,-1.88718694296718,-1.87665944299597,
-1.7692688597938,-1.73692034373554,-1.63002699315146,-1.52252385863897,
-1.41503815308062,-1.30819878853577,-1.26098704469354,-1.2492473522003,
-1.23792434494357,-1.13109570173284,-1.02429831202684,-0.930504837797939,
-0.823516056193636,-0.71668561618953,-0.643456383657623,-0.628654666563229,
-0.614751588432824,-0.508992770017319,-0.40248732223911,-0.296190366798876,
-0.191035943714274,-0.130851755934276,-0.024545780381063,0.),
 .UNSPECIFIED.);
#276=B_SPLINE_CURVE_WITH_KNOTS('',3,(#2870,#2871,#2872,#2873,#2874,#2875,
#2876,#2877,#2878,#2879,#2880,#2881,#2882,#2883,#2884,#2885,#2886,#2887,
#2888,#2889,#2890,#2891,#2892,#2893,#2894,#2895,#2896,#2897,#2898,#2899,
#2900,#2901,#2902,#2903,#2904,#2905,#2906,#2907,#2908,#2909,#2910,#2911,
#2912,#2913,#2914,#2915,#2916,#2917,#2918,#2919,#2920,#2921,#2922,#2923,
#2924,#2925,#2926,#2927,#2928,#2929,#2930,#2931,#2932,#2933,#2934,#2935,
#2936,#2937,#2938,#2939,#2940,#2941,#2942,#2943,#2944,#2945,#2946,#2947,
#2948,#2949,#2950,#2951,#2952,#2953,#2954,#2955,#2956,#2957,#2958,#2959,
#2960,#2961,#2962,#2963,#2964,#2965,#2966,#2967,#2968,#2969,#2970,#2971,
#2972,#2973,#2974,#2975,#2976,#2977,#2978,#2979,#2980,#2981,#2982,#2983,
#2984,#2985,#2986,#2987,#2988,#2989,#2990,#2991,#2992,#2993,#2994,#2995,
#2996,#2997,#2998,#2999,#3000,#3001,#3002),.UNSPECIFIED.,.F.,.F.,(4,3,3,
3,3,3,3,3,3,3,3,3,3,3,3,3,3,3,3,3,3,3,3,3,3,3,3,3,3,3,3,3,3,3,3,3,3,3,3,
3,3,3,3,3,4),(-3.37044690712393,-3.26545119368729,-3.15952268576632,-3.05321612979546,
-2.99317353020424,-2.9640003100317,-2.94531567555424,-2.83870155345133,
-2.73207665079133,-2.62629385931862,-2.57287533306575,-2.5454595814302,
-2.53427065035774,-2.42915836048489,-2.32278971774576,-2.21565255806137,
-2.10360368307658,-1.99724644469166,-1.9397990980493,-1.91558437527022,
-1.90099503155827,-1.79336811501249,-1.76745705812222,-1.66072902157902,
-1.55316977759861,-1.44536212875303,-1.33794188163673,-1.29004867067072,
-1.2779968386298,-1.26829925376097,-1.16037011276458,-1.05208483997463,
-0.954796193908671,-0.846670734734072,-0.738434568105772,-0.663054453336843,
-0.640387737423114,-0.630114783364187,-0.522413473307009,-0.413597233949124,
-0.304769029659736,-0.196817373654739,-0.135393649954333,-0.0267060660620731,
0.),.UNSPECIFIED.);
#277=B_SPLINE_CURVE_WITH_KNOTS('',3,(#3167,#3168,#3169,#3170,#3171,#3172,
#3173,#3174,#3175,#3176,#3177,#3178,#3179,#3180,#3181,#3182,#3183),
 .UNSPECIFIED.,.F.,.F.,(4,1,1,1,1,1,1,1,1,1,1,1,1,1,4),(15.7079632679489,
15.7863686842472,16.285686946116,16.7850052079847,17.2843234698535,17.7836417317223,
18.282959993591,18.7822782554598,19.2815965173286,19.7809147791974,20.2802330410661,
20.7795513029349,21.2788695648037,21.7781878266724,21.9911485751285),
 .UNSPECIFIED.);
#278=B_SPLINE_CURVE_WITH_KNOTS('',3,(#3184,#3185,#3186,#3187,#3188,#3189,
#3190,#3191,#3192,#3193,#3194,#3195,#3196,#3197,#3198,#3199),
 .UNSPECIFIED.,.F.,.F.,(4,1,1,1,1,1,1,1,1,1,1,1,1,4),(15.7079632679489,
16.1088972046372,16.608215466506,17.1075337283747,17.6068519902435,18.1061702521123,
18.605488513981,19.1048067758498,19.6041250377186,20.1034432995874,20.6027615614561,
21.1020798233249,21.6013980851937,21.9911485751285),.UNSPECIFIED.);
#279=B_SPLINE_CURVE_WITH_KNOTS('',3,(#3732,#3733,#3734,#3735,#3736,#3737,
#3738,#3739,#3740,#3741,#3742,#3743,#3744,#3745,#3746,#3747,#3748,#3749,
#3750,#3751,#3752,#3753,#3754,#3755,#3756,#3757,#3758,#3759,#3760,#3761,
#3762,#3763,#3764,#3765,#3766,#3767,#3768,#3769,#3770,#3771,#3772,#3773,
#3774,#3775,#3776,#3777,#3778,#3779,#3780,#3781,#3782,#3783,#3784,#3785,
#3786,#3787,#3788,#3789,#3790,#3791,#3792,#3793,#3794,#3795,#3796,#3797,
#3798,#3799,#3800,#3801,#3802,#3803,#3804,#3805,#3806,#3807,#3808,#3809,
#3810,#3811,#3812,#3813,#3814,#3815,#3816,#3817,#3818,#3819,#3820,#3821,
#3822,#3823,#3824,#3825,#3826,#3827,#3828,#3829,#3830,#3831,#3832,#3833,
#3834,#3835,#3836,#3837,#3838,#3839,#3840,#3841,#3842,#3843,#3844,#3845,
#3846,#3847,#3848,#3849,#3850,#3851,#3852,#3853,#3854,#3855,#3856,#3857,
#3858,#3859,#3860,#3861,#3862,#3863,#3864,#3865,#3866,#3867),
 .UNSPECIFIED.,.F.,.F.,(4,3,3,3,3,3,3,3,3,3,3,3,3,3,3,3,3,3,3,3,3,3,3,3,
3,3,3,3,3,3,3,3,3,3,3,3,3,3,3,3,3,3,3,3,3,4),(0.,0.10714436131267,0.215408464053234,
0.3242489311712,0.433038270201275,0.54059680814006,0.610484289090634,0.631360651375202,
0.641639097919204,0.749836648392685,0.820146731942355,0.928008220888812,
1.03633883796069,1.14449387082216,1.25185055144396,1.26857534363529,1.28350083787742,
1.39108908493332,1.49885074227973,1.60605836870331,1.63396539349875,1.74174208611517,
1.82913737287931,1.90560824879793,1.91576269665525,2.02221263839572,2.12950583741673,
2.2366195320014,2.34250289456982,2.44090438022827,2.4908224748383,2.52333704462926,
2.53559749257711,2.54712990696473,2.65323928806454,2.75989004036201,2.8664482829074,
2.91309148429257,2.93728588704536,2.95389244649229,2.96624585784854,3.07250909389157,
3.1781567854869,3.23959389398877,3.34584027351092,3.37044690712388),
 .UNSPECIFIED.);
#280=B_SPLINE_CURVE_WITH_KNOTS('',3,(#3868,#3869,#3870,#3871,#3872,#3873,
#3874,#3875,#3876,#3877,#3878,#3879,#3880,#3881,#3882,#3883,#3884,#3885,
#3886,#3887,#3888,#3889,#3890,#3891,#3892,#3893,#3894,#3895,#3896,#3897,
#3898,#3899,#3900,#3901,#3902,#3903,#3904,#3905,#3906,#3907,#3908,#3909,
#3910),.UNSPECIFIED.,.F.,.F.,(4,3,3,3,3,3,3,3,3,3,3,3,3,3,4),(-57.67685096917,
-57.4216001149085,-56.9222818530398,-56.422963591171,-55.9236453293022,
-55.4243270674335,-54.9250088055647,-54.4256905436959,-53.9263722818272,
-53.4270540199584,-52.9277357580896,-52.4284174962209,-51.9290992343521,
-51.4297809724833,-51.3936656619904),.UNSPECIFIED.);
#281=B_SPLINE_CURVE_WITH_KNOTS('',3,(#4443,#4444,#4445,#4446,#4447,#4448,
#4449,#4450,#4451,#4452,#4453,#4454,#4455,#4456,#4457,#4458,#4459,#4460,
#4461,#4462,#4463,#4464,#4465,#4466,#4467,#4468,#4469,#4470,#4471,#4472,
#4473,#4474,#4475,#4476,#4477,#4478,#4479,#4480,#4481,#4482,#4483,#4484,
#4485),.UNSPECIFIED.,.F.,.F.,(4,3,3,3,3,3,3,3,3,3,3,3,3,3,4),(54.3584128775673,
54.4256905436959,54.9250088055647,55.4243270674335,55.9236453293023,56.422963591171,
56.9222818530398,57.4216001149086,57.9209183767773,58.4202366386461,58.9195549005149,
59.4188731623837,59.9181914242524,60.4175096861212,60.6415981847469),
 .UNSPECIFIED.);
#282=B_SPLINE_CURVE_WITH_KNOTS('',3,(#4486,#4487,#4488,#4489,#4490,#4491,
#4492,#4493,#4494,#4495,#4496,#4497,#4498,#4499,#4500,#4501,#4502,#4503,
#4504,#4505,#4506,#4507,#4508,#4509,#4510,#4511,#4512,#4513,#4514,#4515,
#4516,#4517,#4518,#4519,#4520,#4521,#4522,#4523,#4524,#4525,#4526,#4527,
#4528,#4529,#4530,#4531,#4532,#4533,#4534,#4535,#4536,#4537,#4538,#4539,
#4540,#4541,#4542,#4543,#4544,#4545,#4546,#4547,#4548,#4549,#4550,#4551,
#4552,#4553,#4554,#4555,#4556,#4557,#4558,#4559,#4560,#4561,#4562,#4563,
#4564,#4565,#4566,#4567,#4568,#4569,#4570,#4571,#4572,#4573,#4574,#4575,
#4576,#4577,#4578,#4579,#4580,#4581,#4582,#4583,#4584,#4585,#4586,#4587,
#4588,#4589,#4590,#4591,#4592,#4593,#4594,#4595,#4596,#4597,#4598,#4599,
#4600,#4601,#4602,#4603,#4604,#4605,#4606,#4607,#4608,#4609,#4610,#4611,
#4612,#4613,#4614,#4615,#4616,#4617,#4618,#4619,#4620,#4621),
 .UNSPECIFIED.,.F.,.F.,(4,3,3,3,3,3,3,3,3,3,3,3,3,3,3,3,3,3,3,3,3,3,3,3,
3,3,3,3,3,3,3,3,3,3,3,3,3,3,3,3,3,3,3,3,3,4),(0.,0.104285299849677,0.209827277363968,
0.316156384162048,0.422685265430897,0.528335225807553,0.595797348180218,
0.618500227677368,0.628846342683971,0.735739761594924,0.798183715298215,
0.904363224284737,1.01124257955015,1.11821566253038,1.22464483947693,1.24329322931689,
1.25405586901069,1.36116157766448,1.46867583135049,1.57595420187194,1.60352701717574,
1.71093761930476,1.79900721399613,1.87606810935108,1.8854812140032,1.99227275807709,
2.10028886279079,2.2083553483923,2.315496535806,2.41549437683573,2.46657167159549,
2.49807729233421,2.51023592313331,2.52087656706822,2.62820239461113,2.73632980132463,
2.84466102850133,2.89316978656265,2.92203842044982,2.93837231294117,2.95123814872473,
3.0598745513062,3.16823195947439,3.23273109299187,3.34120092235811,3.36794535108654),
 .UNSPECIFIED.);
#283=LINE('',#1575,#383);
#284=LINE('',#1608,#384);
#285=LINE('',#1692,#385);
#286=LINE('',#1782,#386);
#287=LINE('',#1869,#387);
#288=LINE('',#1956,#388);
#289=LINE('',#2046,#389);
#290=LINE('',#2130,#390);
#291=LINE('',#2220,#391);
#292=LINE('',#2304,#392);
#293=LINE('',#2373,#393);
#294=LINE('',#2393,#394);
#295=LINE('',#2431,#395);
#296=LINE('',#2468,#396);
#297=LINE('',#2505,#397);
#298=LINE('',#2542,#398);
#299=LINE('',#2579,#399);
#300=LINE('',#2617,#400);
#301=LINE('',#2653,#401);
#302=LINE('',#2691,#402);
#303=LINE('',#2732,#403);
#304=LINE('',#3005,#404);
#305=LINE('',#3007,#405);
#306=LINE('',#3009,#406);
#307=LINE('',#3011,#407);
#308=LINE('',#3013,#408);
#309=LINE('',#3014,#409);
#310=LINE('',#3017,#410);
#311=LINE('',#3019,#411);
#312=LINE('',#3021,#412);
#313=LINE('',#3023,#413);
#314=LINE('',#3025,#414);
#315=LINE('',#3026,#415);
#316=LINE('',#3029,#416);
#317=LINE('',#3031,#417);
#318=LINE('',#3033,#418);
#319=LINE('',#3035,#419);
#320=LINE('',#3037,#420);
#321=LINE('',#3038,#421);
#322=LINE('',#3041,#422);
#323=LINE('',#3043,#423);
#324=LINE('',#3045,#424);
#325=LINE('',#3047,#425);
#326=LINE('',#3049,#426);
#327=LINE('',#3050,#427);
#328=LINE('',#3054,#428);
#329=LINE('',#3060,#429);
#330=LINE('',#3062,#430);
#331=LINE('',#3063,#431);
#332=LINE('',#3066,#432);
#333=LINE('',#3067,#433);
#334=LINE('',#3070,#434);
#335=LINE('',#3071,#435);
#336=LINE('',#3074,#436);
#337=LINE('',#3075,#437);
#338=LINE('',#3078,#438);
#339=LINE('',#3079,#439);
#340=LINE('',#3081,#440);
#341=LINE('',#3087,#441);
#342=LINE('',#3089,#442);
#343=LINE('',#3090,#443);
#344=LINE('',#3093,#444);
#345=LINE('',#3094,#445);
#346=LINE('',#3097,#446);
#347=LINE('',#3098,#447);
#348=LINE('',#3101,#448);
#349=LINE('',#3102,#449);
#350=LINE('',#3105,#450);
#351=LINE('',#3106,#451);
#352=LINE('',#3108,#452);
#353=LINE('',#3114,#453);
#354=LINE('',#3116,#454);
#355=LINE('',#3117,#455);
#356=LINE('',#3120,#456);
#357=LINE('',#3121,#457);
#358=LINE('',#3124,#458);
#359=LINE('',#3125,#459);
#360=LINE('',#3128,#460);
#361=LINE('',#3129,#461);
#362=LINE('',#3132,#462);
#363=LINE('',#3133,#463);
#364=LINE('',#3135,#464);
#365=LINE('',#3141,#465);
#366=LINE('',#3143,#466);
#367=LINE('',#3144,#467);
#368=LINE('',#3147,#468);
#369=LINE('',#3148,#469);
#370=LINE('',#3151,#470);
#371=LINE('',#3152,#471);
#372=LINE('',#3155,#472);
#373=LINE('',#3156,#473);
#374=LINE('',#3159,#474);
#375=LINE('',#3160,#475);
#376=LINE('',#3162,#476);
#377=LINE('',#4625,#477);
#378=LINE('',#4629,#478);
#379=LINE('',#4633,#479);
#380=LINE('',#4637,#480);
#381=LINE('',#4644,#481);
#382=LINE('',#4650,#482);
#383=VECTOR('',#1303,17.);
#384=VECTOR('',#1308,17.);
#385=VECTOR('',#1311,17.);
#386=VECTOR('',#1314,17.);
#387=VECTOR('',#1317,17.);
#388=VECTOR('',#1320,17.);
#389=VECTOR('',#1323,17.);
#390=VECTOR('',#1326,17.);
#391=VECTOR('',#1329,17.);
#392=VECTOR('',#1332,17.);
#393=VECTOR('',#1337,15.86875);
#394=VECTOR('',#1342,15.86875);
#395=VECTOR('',#1345,15.86875);
#396=VECTOR('',#1348,15.86875);
#397=VECTOR('',#1351,15.86875);
#398=VECTOR('',#1354,15.86875);
#399=VECTOR('',#1357,15.86875);
#400=VECTOR('',#1360,15.86875);
#401=VECTOR('',#1363,15.86875);
#402=VECTOR('',#1366,15.86875);
#403=VECTOR('',#1383,30.);
#404=VECTOR('',#1386,10.);
#405=VECTOR('',#1387,10.);
#406=VECTOR('',#1388,10.);
#407=VECTOR('',#1389,10.);
#408=VECTOR('',#1390,10.);
#409=VECTOR('',#1391,10.);
#410=VECTOR('',#1392,10.);
#411=VECTOR('',#1393,10.);
#412=VECTOR('',#1394,10.);
#413=VECTOR('',#1395,10.);
#414=VECTOR('',#1396,10.);
#415=VECTOR('',#1397,10.);
#416=VECTOR('',#1398,10.);
#417=VECTOR('',#1399,10.);
#418=VECTOR('',#1400,10.);
#419=VECTOR('',#1401,10.);
#420=VECTOR('',#1402,10.);
#421=VECTOR('',#1403,10.);
#422=VECTOR('',#1404,10.);
#423=VECTOR('',#1405,10.);
#424=VECTOR('',#1406,10.);
#425=VECTOR('',#1407,10.);
#426=VECTOR('',#1408,10.);
#427=VECTOR('',#1409,10.);
#428=VECTOR('',#1414,29.5);
#429=VECTOR('',#1421,10.);
#430=VECTOR('',#1422,10.);
#431=VECTOR('',#1423,10.);
#432=VECTOR('',#1426,10.);
#433=VECTOR('',#1427,10.);
#434=VECTOR('',#1430,10.);
#435=VECTOR('',#1431,10.);
#436=VECTOR('',#1434,10.);
#437=VECTOR('',#1435,10.);
#438=VECTOR('',#1438,10.);
#439=VECTOR('',#1439,10.);
#440=VECTOR('',#1442,10.);
#441=VECTOR('',#1449,10.);
#442=VECTOR('',#1450,10.);
#443=VECTOR('',#1451,10.);
#444=VECTOR('',#1454,10.);
#445=VECTOR('',#1455,10.);
#446=VECTOR('',#1458,10.);
#447=VECTOR('',#1459,10.);
#448=VECTOR('',#1462,10.);
#449=VECTOR('',#1463,10.);
#450=VECTOR('',#1466,10.);
#451=VECTOR('',#1467,10.);
#452=VECTOR('',#1470,10.);
#453=VECTOR('',#1477,10.);
#454=VECTOR('',#1478,10.);
#455=VECTOR('',#1479,10.);
#456=VECTOR('',#1482,10.);
#457=VECTOR('',#1483,10.);
#458=VECTOR('',#1486,10.);
#459=VECTOR('',#1487,10.);
#460=VECTOR('',#1490,10.);
#461=VECTOR('',#1491,10.);
#462=VECTOR('',#1494,10.);
#463=VECTOR('',#1495,10.);
#464=VECTOR('',#1498,10.);
#465=VECTOR('',#1505,10.);
#466=VECTOR('',#1506,10.);
#467=VECTOR('',#1507,10.);
#468=VECTOR('',#1510,10.);
#469=VECTOR('',#1511,10.);
#470=VECTOR('',#1514,10.);
#471=VECTOR('',#1515,10.);
#472=VECTOR('',#1518,10.);
#473=VECTOR('',#1519,10.);
#474=VECTOR('',#1522,10.);
#475=VECTOR('',#1523,10.);
#476=VECTOR('',#1526,10.);
#477=VECTOR('',#1537,1.6);
#478=VECTOR('',#1542,1.6);
#479=VECTOR('',#1547,1.6);
#480=VECTOR('',#1552,1.6);
#481=VECTOR('',#1561,25.);
#482=VECTOR('',#1570,13.);
#483=VERTEX_POINT('',#1573);
#484=VERTEX_POINT('',#1574);
#485=VERTEX_POINT('',#1576);
#486=VERTEX_POINT('',#1587);
#487=VERTEX_POINT('',#1606);
#488=VERTEX_POINT('',#1607);
#489=VERTEX_POINT('',#1690);
#490=VERTEX_POINT('',#1691);
#491=VERTEX_POINT('',#1780);
#492=VERTEX_POINT('',#1781);
#493=VERTEX_POINT('',#1867);
#494=VERTEX_POINT('',#1868);
#495=VERTEX_POINT('',#1954);
#496=VERTEX_POINT('',#1955);
#497=VERTEX_POINT('',#2044);
#498=VERTEX_POINT('',#2045);
#499=VERTEX_POINT('',#2128);
#500=VERTEX_POINT('',#2129);
#501=VERTEX_POINT('',#2218);
#502=VERTEX_POINT('',#2219);
#503=VERTEX_POINT('',#2302);
#504=VERTEX_POINT('',#2303);
#505=VERTEX_POINT('',#2305);
#506=VERTEX_POINT('',#2334);
#507=VERTEX_POINT('',#2371);
#508=VERTEX_POINT('',#2372);
#509=VERTEX_POINT('',#2374);
#510=VERTEX_POINT('',#2380);
#511=VERTEX_POINT('',#2391);
#512=VERTEX_POINT('',#2392);
#513=VERTEX_POINT('',#2429);
#514=VERTEX_POINT('',#2430);
#515=VERTEX_POINT('',#2466);
#516=VERTEX_POINT('',#2467);
#517=VERTEX_POINT('',#2503);
#518=VERTEX_POINT('',#2504);
#519=VERTEX_POINT('',#2540);
#520=VERTEX_POINT('',#2541);
#521=VERTEX_POINT('',#2577);
#522=VERTEX_POINT('',#2578);
#523=VERTEX_POINT('',#2615);
#524=VERTEX_POINT('',#2616);
#525=VERTEX_POINT('',#2651);
#526=VERTEX_POINT('',#2652);
#527=VERTEX_POINT('',#2689);
#528=VERTEX_POINT('',#2690);
#529=VERTEX_POINT('',#2692);
#530=VERTEX_POINT('',#2705);
#531=VERTEX_POINT('',#2722);
#532=VERTEX_POINT('',#2724);
#533=VERTEX_POINT('',#2728);
#534=VERTEX_POINT('',#2729);
#535=VERTEX_POINT('',#3003);
#536=VERTEX_POINT('',#3004);
#537=VERTEX_POINT('',#3006);
#538=VERTEX_POINT('',#3008);
#539=VERTEX_POINT('',#3010);
#540=VERTEX_POINT('',#3012);
#541=VERTEX_POINT('',#3015);
#542=VERTEX_POINT('',#3016);
#543=VERTEX_POINT('',#3018);
#544=VERTEX_POINT('',#3020);
#545=VERTEX_POINT('',#3022);
#546=VERTEX_POINT('',#3024);
#547=VERTEX_POINT('',#3027);
#548=VERTEX_POINT('',#3028);
#549=VERTEX_POINT('',#3030);
#550=VERTEX_POINT('',#3032);
#551=VERTEX_POINT('',#3034);
#552=VERTEX_POINT('',#3036);
#553=VERTEX_POINT('',#3039);
#554=VERTEX_POINT('',#3040);
#555=VERTEX_POINT('',#3042);
#556=VERTEX_POINT('',#3044);
#557=VERTEX_POINT('',#3046);
#558=VERTEX_POINT('',#3048);
#559=VERTEX_POINT('',#3052);
#560=VERTEX_POINT('',#3056);
#561=VERTEX_POINT('',#3059);
#562=VERTEX_POINT('',#3061);
#563=VERTEX_POINT('',#3065);
#564=VERTEX_POINT('',#3069);
#565=VERTEX_POINT('',#3073);
#566=VERTEX_POINT('',#3077);
#567=VERTEX_POINT('',#3083);
#568=VERTEX_POINT('',#3086);
#569=VERTEX_POINT('',#3088);
#570=VERTEX_POINT('',#3092);
#571=VERTEX_POINT('',#3096);
#572=VERTEX_POINT('',#3100);
#573=VERTEX_POINT('',#3104);
#574=VERTEX_POINT('',#3110);
#575=VERTEX_POINT('',#3113);
#576=VERTEX_POINT('',#3115);
#577=VERTEX_POINT('',#3119);
#578=VERTEX_POINT('',#3123);
#579=VERTEX_POINT('',#3127);
#580=VERTEX_POINT('',#3131);
#581=VERTEX_POINT('',#3137);
#582=VERTEX_POINT('',#3140);
#583=VERTEX_POINT('',#3142);
#584=VERTEX_POINT('',#3146);
#585=VERTEX_POINT('',#3150);
#586=VERTEX_POINT('',#3154);
#587=VERTEX_POINT('',#3158);
#588=VERTEX_POINT('',#3164);
#589=VERTEX_POINT('',#4623);
#590=VERTEX_POINT('',#4627);
#591=VERTEX_POINT('',#4631);
#592=VERTEX_POINT('',#4635);
#593=VERTEX_POINT('',#4639);
#594=VERTEX_POINT('',#4643);
#595=VERTEX_POINT('',#4647);
#596=EDGE_CURVE('',#483,#484,#283,.T.);
#597=EDGE_CURVE('',#484,#485,#235,.T.);
#598=EDGE_CURVE('',#485,#486,#213,.T.);
#599=EDGE_CURVE('',#486,#483,#236,.T.);
#600=EDGE_CURVE('',#487,#488,#284,.T.);
#601=EDGE_CURVE('',#488,#484,#237,.T.);
#602=EDGE_CURVE('',#483,#487,#238,.T.);
#603=EDGE_CURVE('',#489,#490,#285,.T.);
#604=EDGE_CURVE('',#490,#488,#239,.T.);
#605=EDGE_CURVE('',#487,#489,#240,.T.);
#606=EDGE_CURVE('',#491,#492,#286,.T.);
#607=EDGE_CURVE('',#492,#490,#241,.T.);
#608=EDGE_CURVE('',#489,#491,#242,.T.);
#609=EDGE_CURVE('',#493,#494,#287,.T.);
#610=EDGE_CURVE('',#494,#492,#243,.T.);
#611=EDGE_CURVE('',#491,#493,#244,.T.);
#612=EDGE_CURVE('',#495,#496,#288,.T.);
#613=EDGE_CURVE('',#496,#494,#245,.T.);
#614=EDGE_CURVE('',#493,#495,#246,.T.);
#615=EDGE_CURVE('',#497,#498,#289,.T.);
#616=EDGE_CURVE('',#498,#496,#247,.T.);
#617=EDGE_CURVE('',#495,#497,#248,.T.);
#618=EDGE_CURVE('',#499,#500,#290,.T.);
#619=EDGE_CURVE('',#500,#498,#249,.T.);
#620=EDGE_CURVE('',#497,#499,#250,.T.);
#621=EDGE_CURVE('',#501,#502,#291,.T.);
#622=EDGE_CURVE('',#502,#500,#251,.T.);
#623=EDGE_CURVE('',#499,#501,#252,.T.);
#624=EDGE_CURVE('',#503,#504,#292,.T.);
#625=EDGE_CURVE('',#503,#505,#253,.T.);
#626=EDGE_CURVE('',#506,#505,#214,.T.);
#627=EDGE_CURVE('',#506,#504,#254,.T.);
#628=EDGE_CURVE('',#507,#508,#293,.T.);
#629=EDGE_CURVE('',#508,#509,#255,.T.);
#630=EDGE_CURVE('',#510,#509,#215,.T.);
#631=EDGE_CURVE('',#507,#510,#256,.T.);
#632=EDGE_CURVE('',#511,#512,#294,.T.);
#633=EDGE_CURVE('',#512,#508,#257,.T.);
#634=EDGE_CURVE('',#511,#507,#258,.T.);
#635=EDGE_CURVE('',#513,#514,#295,.T.);
#636=EDGE_CURVE('',#514,#512,#259,.T.);
#637=EDGE_CURVE('',#513,#511,#260,.T.);
#638=EDGE_CURVE('',#515,#516,#296,.T.);
#639=EDGE_CURVE('',#516,#514,#261,.T.);
#640=EDGE_CURVE('',#515,#513,#262,.T.);
#641=EDGE_CURVE('',#517,#518,#297,.T.);
#642=EDGE_CURVE('',#518,#516,#263,.T.);
#643=EDGE_CURVE('',#517,#515,#264,.T.);
#644=EDGE_CURVE('',#519,#520,#298,.T.);
#645=EDGE_CURVE('',#520,#518,#265,.T.);
#646=EDGE_CURVE('',#519,#517,#266,.T.);
#647=EDGE_CURVE('',#521,#522,#299,.T.);
#648=EDGE_CURVE('',#522,#520,#267,.T.);
#649=EDGE_CURVE('',#521,#519,#268,.T.);
#650=EDGE_CURVE('',#523,#524,#300,.T.);
#651=EDGE_CURVE('',#524,#522,#269,.T.);
#652=EDGE_CURVE('',#523,#521,#270,.T.);
#653=EDGE_CURVE('',#525,#526,#301,.T.);
#654=EDGE_CURVE('',#526,#524,#271,.T.);
#655=EDGE_CURVE('',#525,#523,#272,.T.);
#656=EDGE_CURVE('',#527,#528,#302,.T.);
#657=EDGE_CURVE('',#529,#527,#273,.T.);
#658=EDGE_CURVE('',#530,#529,#216,.T.);
#659=EDGE_CURVE('',#530,#528,#274,.T.);
#660=EDGE_CURVE('',#531,#531,#217,.T.);
#661=EDGE_CURVE('',#531,#532,#218,.T.);
#662=EDGE_CURVE('',#532,#532,#219,.T.);
#663=EDGE_CURVE('',#533,#534,#220,.T.);
#664=EDGE_CURVE('',#534,#533,#221,.T.);
#665=EDGE_CURVE('',#534,#531,#303,.T.);
#666=EDGE_CURVE('',#505,#510,#275,.T.);
#667=EDGE_CURVE('',#509,#506,#276,.T.);
#668=EDGE_CURVE('',#535,#536,#304,.T.);
#669=EDGE_CURVE('',#536,#537,#305,.T.);
#670=EDGE_CURVE('',#537,#538,#306,.T.);
#671=EDGE_CURVE('',#538,#539,#307,.T.);
#672=EDGE_CURVE('',#539,#540,#308,.T.);
#673=EDGE_CURVE('',#540,#535,#309,.T.);
#674=EDGE_CURVE('',#541,#542,#310,.T.);
#675=EDGE_CURVE('',#542,#543,#311,.T.);
#676=EDGE_CURVE('',#543,#544,#312,.T.);
#677=EDGE_CURVE('',#544,#545,#313,.T.);
#678=EDGE_CURVE('',#545,#546,#314,.T.);
#679=EDGE_CURVE('',#546,#541,#315,.T.);
#680=EDGE_CURVE('',#547,#548,#316,.T.);
#681=EDGE_CURVE('',#548,#549,#317,.T.);
#682=EDGE_CURVE('',#549,#550,#318,.T.);
#683=EDGE_CURVE('',#550,#551,#319,.T.);
#684=EDGE_CURVE('',#551,#552,#320,.T.);
#685=EDGE_CURVE('',#552,#547,#321,.T.);
#686=EDGE_CURVE('',#553,#554,#322,.T.);
#687=EDGE_CURVE('',#554,#555,#323,.T.);
#688=EDGE_CURVE('',#555,#556,#324,.T.);
#689=EDGE_CURVE('',#556,#557,#325,.T.);
#690=EDGE_CURVE('',#557,#558,#326,.T.);
#691=EDGE_CURVE('',#558,#553,#327,.T.);
#692=EDGE_CURVE('',#559,#559,#222,.T.);
#693=EDGE_CURVE('',#559,#533,#328,.T.);
#694=EDGE_CURVE('',#560,#560,#223,.T.);
#695=EDGE_CURVE('',#553,#561,#329,.T.);
#696=EDGE_CURVE('',#561,#562,#330,.T.);
#697=EDGE_CURVE('',#554,#562,#331,.T.);
#698=EDGE_CURVE('',#558,#563,#332,.T.);
#699=EDGE_CURVE('',#563,#561,#333,.T.);
#700=EDGE_CURVE('',#557,#564,#334,.T.);
#701=EDGE_CURVE('',#564,#563,#335,.T.);
#702=EDGE_CURVE('',#556,#565,#336,.T.);
#703=EDGE_CURVE('',#565,#564,#337,.T.);
#704=EDGE_CURVE('',#555,#566,#338,.T.);
#705=EDGE_CURVE('',#566,#565,#339,.T.);
#706=EDGE_CURVE('',#562,#566,#340,.T.);
#707=EDGE_CURVE('',#567,#567,#224,.T.);
#708=EDGE_CURVE('',#547,#568,#341,.T.);
#709=EDGE_CURVE('',#568,#569,#342,.T.);
#710=EDGE_CURVE('',#548,#569,#343,.T.);
#711=EDGE_CURVE('',#552,#570,#344,.T.);
#712=EDGE_CURVE('',#570,#568,#345,.T.);
#713=EDGE_CURVE('',#551,#571,#346,.T.);
#714=EDGE_CURVE('',#571,#570,#347,.T.);
#715=EDGE_CURVE('',#550,#572,#348,.T.);
#716=EDGE_CURVE('',#572,#571,#349,.T.);
#717=EDGE_CURVE('',#549,#573,#350,.T.);
#718=EDGE_CURVE('',#573,#572,#351,.T.);
#719=EDGE_CURVE('',#569,#573,#352,.T.);
#720=EDGE_CURVE('',#574,#574,#225,.T.);
#721=EDGE_CURVE('',#541,#575,#353,.T.);
#722=EDGE_CURVE('',#575,#576,#354,.T.);
#723=EDGE_CURVE('',#542,#576,#355,.T.);
#724=EDGE_CURVE('',#546,#577,#356,.T.);
#725=EDGE_CURVE('',#577,#575,#357,.T.);
#726=EDGE_CURVE('',#545,#578,#358,.T.);
#727=EDGE_CURVE('',#578,#577,#359,.T.);
#728=EDGE_CURVE('',#544,#579,#360,.T.);
#729=EDGE_CURVE('',#579,#578,#361,.T.);
#730=EDGE_CURVE('',#543,#580,#362,.T.);
#731=EDGE_CURVE('',#580,#579,#363,.T.);
#732=EDGE_CURVE('',#576,#580,#364,.T.);
#733=EDGE_CURVE('',#581,#581,#226,.T.);
#734=EDGE_CURVE('',#535,#582,#365,.T.);
#735=EDGE_CURVE('',#582,#583,#366,.T.);
#736=EDGE_CURVE('',#536,#583,#367,.T.);
#737=EDGE_CURVE('',#540,#584,#368,.T.);
#738=EDGE_CURVE('',#584,#582,#369,.T.);
#739=EDGE_CURVE('',#539,#585,#370,.T.);
#740=EDGE_CURVE('',#585,#584,#371,.T.);
#741=EDGE_CURVE('',#538,#586,#372,.T.);
#742=EDGE_CURVE('',#586,#585,#373,.T.);
#743=EDGE_CURVE('',#537,#587,#374,.T.);
#744=EDGE_CURVE('',#587,#586,#375,.T.);
#745=EDGE_CURVE('',#583,#587,#376,.T.);
#746=EDGE_CURVE('',#588,#588,#227,.T.);
#747=EDGE_CURVE('',#528,#526,#277,.T.);
#748=EDGE_CURVE('',#527,#525,#278,.T.);
#749=EDGE_CURVE('',#485,#530,#279,.T.);
#750=EDGE_CURVE('',#504,#502,#280,.T.);
#751=EDGE_CURVE('',#501,#503,#281,.T.);
#752=EDGE_CURVE('',#529,#486,#282,.T.);
#753=EDGE_CURVE('',#589,#589,#228,.T.);
#754=EDGE_CURVE('',#589,#581,#377,.T.);
#755=EDGE_CURVE('',#590,#590,#229,.T.);
#756=EDGE_CURVE('',#590,#574,#378,.T.);
#757=EDGE_CURVE('',#591,#591,#230,.T.);
#758=EDGE_CURVE('',#591,#588,#379,.T.);
#759=EDGE_CURVE('',#592,#592,#231,.T.);
#760=EDGE_CURVE('',#592,#567,#380,.T.);
#761=EDGE_CURVE('',#593,#593,#232,.T.);
#762=EDGE_CURVE('',#560,#594,#381,.T.);
#763=EDGE_CURVE('',#594,#594,#233,.T.);
#764=EDGE_CURVE('',#595,#595,#234,.T.);
#765=EDGE_CURVE('',#595,#593,#382,.T.);
#766=ORIENTED_EDGE('',*,*,#596,.T.);
#767=ORIENTED_EDGE('',*,*,#597,.T.);
#768=ORIENTED_EDGE('',*,*,#598,.T.);
#769=ORIENTED_EDGE('',*,*,#599,.T.);
#770=ORIENTED_EDGE('',*,*,#600,.T.);
#771=ORIENTED_EDGE('',*,*,#601,.T.);
#772=ORIENTED_EDGE('',*,*,#596,.F.);
#773=ORIENTED_EDGE('',*,*,#602,.T.);
#774=ORIENTED_EDGE('',*,*,#603,.T.);
#775=ORIENTED_EDGE('',*,*,#604,.T.);
#776=ORIENTED_EDGE('',*,*,#600,.F.);
#777=ORIENTED_EDGE('',*,*,#605,.T.);
#778=ORIENTED_EDGE('',*,*,#606,.T.);
#779=ORIENTED_EDGE('',*,*,#607,.T.);
#780=ORIENTED_EDGE('',*,*,#603,.F.);
#781=ORIENTED_EDGE('',*,*,#608,.T.);
#782=ORIENTED_EDGE('',*,*,#609,.T.);
#783=ORIENTED_EDGE('',*,*,#610,.T.);
#784=ORIENTED_EDGE('',*,*,#606,.F.);
#785=ORIENTED_EDGE('',*,*,#611,.T.);
#786=ORIENTED_EDGE('',*,*,#612,.T.);
#787=ORIENTED_EDGE('',*,*,#613,.T.);
#788=ORIENTED_EDGE('',*,*,#609,.F.);
#789=ORIENTED_EDGE('',*,*,#614,.T.);
#790=ORIENTED_EDGE('',*,*,#615,.T.);
#791=ORIENTED_EDGE('',*,*,#616,.T.);
#792=ORIENTED_EDGE('',*,*,#612,.F.);
#793=ORIENTED_EDGE('',*,*,#617,.T.);
#794=ORIENTED_EDGE('',*,*,#618,.T.);
#795=ORIENTED_EDGE('',*,*,#619,.T.);
#796=ORIENTED_EDGE('',*,*,#615,.F.);
#797=ORIENTED_EDGE('',*,*,#620,.T.);
#798=ORIENTED_EDGE('',*,*,#621,.T.);
#799=ORIENTED_EDGE('',*,*,#622,.T.);
#800=ORIENTED_EDGE('',*,*,#618,.F.);
#801=ORIENTED_EDGE('',*,*,#623,.T.);
#802=ORIENTED_EDGE('',*,*,#624,.F.);
#803=ORIENTED_EDGE('',*,*,#625,.T.);
#804=ORIENTED_EDGE('',*,*,#626,.F.);
#805=ORIENTED_EDGE('',*,*,#627,.T.);
#806=ORIENTED_EDGE('',*,*,#628,.T.);
#807=ORIENTED_EDGE('',*,*,#629,.T.);
#808=ORIENTED_EDGE('',*,*,#630,.F.);
#809=ORIENTED_EDGE('',*,*,#631,.F.);
#810=ORIENTED_EDGE('',*,*,#632,.T.);
#811=ORIENTED_EDGE('',*,*,#633,.T.);
#812=ORIENTED_EDGE('',*,*,#628,.F.);
#813=ORIENTED_EDGE('',*,*,#634,.F.);
#814=ORIENTED_EDGE('',*,*,#635,.T.);
#815=ORIENTED_EDGE('',*,*,#636,.T.);
#816=ORIENTED_EDGE('',*,*,#632,.F.);
#817=ORIENTED_EDGE('',*,*,#637,.F.);
#818=ORIENTED_EDGE('',*,*,#638,.T.);
#819=ORIENTED_EDGE('',*,*,#639,.T.);
#820=ORIENTED_EDGE('',*,*,#635,.F.);
#821=ORIENTED_EDGE('',*,*,#640,.F.);
#822=ORIENTED_EDGE('',*,*,#641,.T.);
#823=ORIENTED_EDGE('',*,*,#642,.T.);
#824=ORIENTED_EDGE('',*,*,#638,.F.);
#825=ORIENTED_EDGE('',*,*,#643,.F.);
#826=ORIENTED_EDGE('',*,*,#644,.T.);
#827=ORIENTED_EDGE('',*,*,#645,.T.);
#828=ORIENTED_EDGE('',*,*,#641,.F.);
#829=ORIENTED_EDGE('',*,*,#646,.F.);
#830=ORIENTED_EDGE('',*,*,#647,.T.);
#831=ORIENTED_EDGE('',*,*,#648,.T.);
#832=ORIENTED_EDGE('',*,*,#644,.F.);
#833=ORIENTED_EDGE('',*,*,#649,.F.);
#834=ORIENTED_EDGE('',*,*,#650,.T.);
#835=ORIENTED_EDGE('',*,*,#651,.T.);
#836=ORIENTED_EDGE('',*,*,#647,.F.);
#837=ORIENTED_EDGE('',*,*,#652,.F.);
#838=ORIENTED_EDGE('',*,*,#653,.T.);
#839=ORIENTED_EDGE('',*,*,#654,.T.);
#840=ORIENTED_EDGE('',*,*,#650,.F.);
#841=ORIENTED_EDGE('',*,*,#655,.F.);
#842=ORIENTED_EDGE('',*,*,#656,.F.);
#843=ORIENTED_EDGE('',*,*,#657,.F.);
#844=ORIENTED_EDGE('',*,*,#658,.F.);
#845=ORIENTED_EDGE('',*,*,#659,.T.);
#846=ORIENTED_EDGE('',*,*,#660,.T.);
#847=ORIENTED_EDGE('',*,*,#661,.T.);
#848=ORIENTED_EDGE('',*,*,#662,.T.);
#849=ORIENTED_EDGE('',*,*,#661,.F.);
#850=ORIENTED_EDGE('',*,*,#663,.F.);
#851=ORIENTED_EDGE('',*,*,#664,.F.);
#852=ORIENTED_EDGE('',*,*,#665,.T.);
#853=ORIENTED_EDGE('',*,*,#660,.F.);
#854=ORIENTED_EDGE('',*,*,#665,.F.);
#855=ORIENTED_EDGE('',*,*,#662,.F.);
#856=ORIENTED_EDGE('',*,*,#626,.T.);
#857=ORIENTED_EDGE('',*,*,#666,.T.);
#858=ORIENTED_EDGE('',*,*,#630,.T.);
#859=ORIENTED_EDGE('',*,*,#667,.T.);
#860=ORIENTED_EDGE('',*,*,#668,.T.);
#861=ORIENTED_EDGE('',*,*,#669,.T.);
#862=ORIENTED_EDGE('',*,*,#670,.T.);
#863=ORIENTED_EDGE('',*,*,#671,.T.);
#864=ORIENTED_EDGE('',*,*,#672,.T.);
#865=ORIENTED_EDGE('',*,*,#673,.T.);
#866=ORIENTED_EDGE('',*,*,#674,.T.);
#867=ORIENTED_EDGE('',*,*,#675,.T.);
#868=ORIENTED_EDGE('',*,*,#676,.T.);
#869=ORIENTED_EDGE('',*,*,#677,.T.);
#870=ORIENTED_EDGE('',*,*,#678,.T.);
#871=ORIENTED_EDGE('',*,*,#679,.T.);
#872=ORIENTED_EDGE('',*,*,#680,.T.);
#873=ORIENTED_EDGE('',*,*,#681,.T.);
#874=ORIENTED_EDGE('',*,*,#682,.T.);
#875=ORIENTED_EDGE('',*,*,#683,.T.);
#876=ORIENTED_EDGE('',*,*,#684,.T.);
#877=ORIENTED_EDGE('',*,*,#685,.T.);
#878=ORIENTED_EDGE('',*,*,#686,.T.);
#879=ORIENTED_EDGE('',*,*,#687,.T.);
#880=ORIENTED_EDGE('',*,*,#688,.T.);
#881=ORIENTED_EDGE('',*,*,#689,.T.);
#882=ORIENTED_EDGE('',*,*,#690,.T.);
#883=ORIENTED_EDGE('',*,*,#691,.T.);
#884=ORIENTED_EDGE('',*,*,#692,.T.);
#885=ORIENTED_EDGE('',*,*,#693,.T.);
#886=ORIENTED_EDGE('',*,*,#663,.T.);
#887=ORIENTED_EDGE('',*,*,#664,.T.);
#888=ORIENTED_EDGE('',*,*,#693,.F.);
#889=ORIENTED_EDGE('',*,*,#692,.F.);
#890=ORIENTED_EDGE('',*,*,#694,.F.);
#891=ORIENTED_EDGE('',*,*,#686,.F.);
#892=ORIENTED_EDGE('',*,*,#695,.T.);
#893=ORIENTED_EDGE('',*,*,#696,.T.);
#894=ORIENTED_EDGE('',*,*,#697,.F.);
#895=ORIENTED_EDGE('',*,*,#691,.F.);
#896=ORIENTED_EDGE('',*,*,#698,.T.);
#897=ORIENTED_EDGE('',*,*,#699,.T.);
#898=ORIENTED_EDGE('',*,*,#695,.F.);
#899=ORIENTED_EDGE('',*,*,#690,.F.);
#900=ORIENTED_EDGE('',*,*,#700,.T.);
#901=ORIENTED_EDGE('',*,*,#701,.T.);
#902=ORIENTED_EDGE('',*,*,#698,.F.);
#903=ORIENTED_EDGE('',*,*,#689,.F.);
#904=ORIENTED_EDGE('',*,*,#702,.T.);
#905=ORIENTED_EDGE('',*,*,#703,.T.);
#906=ORIENTED_EDGE('',*,*,#700,.F.);
#907=ORIENTED_EDGE('',*,*,#688,.F.);
#908=ORIENTED_EDGE('',*,*,#704,.T.);
#909=ORIENTED_EDGE('',*,*,#705,.T.);
#910=ORIENTED_EDGE('',*,*,#702,.F.);
#911=ORIENTED_EDGE('',*,*,#687,.F.);
#912=ORIENTED_EDGE('',*,*,#697,.T.);
#913=ORIENTED_EDGE('',*,*,#706,.T.);
#914=ORIENTED_EDGE('',*,*,#704,.F.);
#915=ORIENTED_EDGE('',*,*,#706,.F.);
#916=ORIENTED_EDGE('',*,*,#696,.F.);
#917=ORIENTED_EDGE('',*,*,#699,.F.);
#918=ORIENTED_EDGE('',*,*,#701,.F.);
#919=ORIENTED_EDGE('',*,*,#703,.F.);
#920=ORIENTED_EDGE('',*,*,#705,.F.);
#921=ORIENTED_EDGE('',*,*,#707,.F.);
#922=ORIENTED_EDGE('',*,*,#680,.F.);
#923=ORIENTED_EDGE('',*,*,#708,.T.);
#924=ORIENTED_EDGE('',*,*,#709,.T.);
#925=ORIENTED_EDGE('',*,*,#710,.F.);
#926=ORIENTED_EDGE('',*,*,#685,.F.);
#927=ORIENTED_EDGE('',*,*,#711,.T.);
#928=ORIENTED_EDGE('',*,*,#712,.T.);
#929=ORIENTED_EDGE('',*,*,#708,.F.);
#930=ORIENTED_EDGE('',*,*,#684,.F.);
#931=ORIENTED_EDGE('',*,*,#713,.T.);
#932=ORIENTED_EDGE('',*,*,#714,.T.);
#933=ORIENTED_EDGE('',*,*,#711,.F.);
#934=ORIENTED_EDGE('',*,*,#683,.F.);
#935=ORIENTED_EDGE('',*,*,#715,.T.);
#936=ORIENTED_EDGE('',*,*,#716,.T.);
#937=ORIENTED_EDGE('',*,*,#713,.F.);
#938=ORIENTED_EDGE('',*,*,#682,.F.);
#939=ORIENTED_EDGE('',*,*,#717,.T.);
#940=ORIENTED_EDGE('',*,*,#718,.T.);
#941=ORIENTED_EDGE('',*,*,#715,.F.);
#942=ORIENTED_EDGE('',*,*,#681,.F.);
#943=ORIENTED_EDGE('',*,*,#710,.T.);
#944=ORIENTED_EDGE('',*,*,#719,.T.);
#945=ORIENTED_EDGE('',*,*,#717,.F.);
#946=ORIENTED_EDGE('',*,*,#719,.F.);
#947=ORIENTED_EDGE('',*,*,#709,.F.);
#948=ORIENTED_EDGE('',*,*,#712,.F.);
#949=ORIENTED_EDGE('',*,*,#714,.F.);
#950=ORIENTED_EDGE('',*,*,#716,.F.);
#951=ORIENTED_EDGE('',*,*,#718,.F.);
#952=ORIENTED_EDGE('',*,*,#720,.F.);
#953=ORIENTED_EDGE('',*,*,#674,.F.);
#954=ORIENTED_EDGE('',*,*,#721,.T.);
#955=ORIENTED_EDGE('',*,*,#722,.T.);
#956=ORIENTED_EDGE('',*,*,#723,.F.);
#957=ORIENTED_EDGE('',*,*,#679,.F.);
#958=ORIENTED_EDGE('',*,*,#724,.T.);
#959=ORIENTED_EDGE('',*,*,#725,.T.);
#960=ORIENTED_EDGE('',*,*,#721,.F.);
#961=ORIENTED_EDGE('',*,*,#678,.F.);
#962=ORIENTED_EDGE('',*,*,#726,.T.);
#963=ORIENTED_EDGE('',*,*,#727,.T.);
#964=ORIENTED_EDGE('',*,*,#724,.F.);
#965=ORIENTED_EDGE('',*,*,#677,.F.);
#966=ORIENTED_EDGE('',*,*,#728,.T.);
#967=ORIENTED_EDGE('',*,*,#729,.T.);
#968=ORIENTED_EDGE('',*,*,#726,.F.);
#969=ORIENTED_EDGE('',*,*,#676,.F.);
#970=ORIENTED_EDGE('',*,*,#730,.T.);
#971=ORIENTED_EDGE('',*,*,#731,.T.);
#972=ORIENTED_EDGE('',*,*,#728,.F.);
#973=ORIENTED_EDGE('',*,*,#675,.F.);
#974=ORIENTED_EDGE('',*,*,#723,.T.);
#975=ORIENTED_EDGE('',*,*,#732,.T.);
#976=ORIENTED_EDGE('',*,*,#730,.F.);
#977=ORIENTED_EDGE('',*,*,#732,.F.);
#978=ORIENTED_EDGE('',*,*,#722,.F.);
#979=ORIENTED_EDGE('',*,*,#725,.F.);
#980=ORIENTED_EDGE('',*,*,#727,.F.);
#981=ORIENTED_EDGE('',*,*,#729,.F.);
#982=ORIENTED_EDGE('',*,*,#731,.F.);
#983=ORIENTED_EDGE('',*,*,#733,.F.);
#984=ORIENTED_EDGE('',*,*,#668,.F.);
#985=ORIENTED_EDGE('',*,*,#734,.T.);
#986=ORIENTED_EDGE('',*,*,#735,.T.);
#987=ORIENTED_EDGE('',*,*,#736,.F.);
#988=ORIENTED_EDGE('',*,*,#673,.F.);
#989=ORIENTED_EDGE('',*,*,#737,.T.);
#990=ORIENTED_EDGE('',*,*,#738,.T.);
#991=ORIENTED_EDGE('',*,*,#734,.F.);
#992=ORIENTED_EDGE('',*,*,#672,.F.);
#993=ORIENTED_EDGE('',*,*,#739,.T.);
#994=ORIENTED_EDGE('',*,*,#740,.T.);
#995=ORIENTED_EDGE('',*,*,#737,.F.);
#996=ORIENTED_EDGE('',*,*,#671,.F.);
#997=ORIENTED_EDGE('',*,*,#741,.T.);
#998=ORIENTED_EDGE('',*,*,#742,.T.);
#999=ORIENTED_EDGE('',*,*,#739,.F.);
#1000=ORIENTED_EDGE('',*,*,#670,.F.);
#1001=ORIENTED_EDGE('',*,*,#743,.T.);
#1002=ORIENTED_EDGE('',*,*,#744,.T.);
#1003=ORIENTED_EDGE('',*,*,#741,.F.);
#1004=ORIENTED_EDGE('',*,*,#669,.F.);
#1005=ORIENTED_EDGE('',*,*,#736,.T.);
#1006=ORIENTED_EDGE('',*,*,#745,.T.);
#1007=ORIENTED_EDGE('',*,*,#743,.F.);
#1008=ORIENTED_EDGE('',*,*,#745,.F.);
#1009=ORIENTED_EDGE('',*,*,#735,.F.);
#1010=ORIENTED_EDGE('',*,*,#738,.F.);
#1011=ORIENTED_EDGE('',*,*,#740,.F.);
#1012=ORIENTED_EDGE('',*,*,#742,.F.);
#1013=ORIENTED_EDGE('',*,*,#744,.F.);
#1014=ORIENTED_EDGE('',*,*,#746,.F.);
#1015=ORIENTED_EDGE('',*,*,#656,.T.);
#1016=ORIENTED_EDGE('',*,*,#747,.T.);
#1017=ORIENTED_EDGE('',*,*,#653,.F.);
#1018=ORIENTED_EDGE('',*,*,#748,.F.);
#1019=ORIENTED_EDGE('',*,*,#667,.F.);
#1020=ORIENTED_EDGE('',*,*,#629,.F.);
#1021=ORIENTED_EDGE('',*,*,#633,.F.);
#1022=ORIENTED_EDGE('',*,*,#636,.F.);
#1023=ORIENTED_EDGE('',*,*,#639,.F.);
#1024=ORIENTED_EDGE('',*,*,#642,.F.);
#1025=ORIENTED_EDGE('',*,*,#645,.F.);
#1026=ORIENTED_EDGE('',*,*,#648,.F.);
#1027=ORIENTED_EDGE('',*,*,#651,.F.);
#1028=ORIENTED_EDGE('',*,*,#654,.F.);
#1029=ORIENTED_EDGE('',*,*,#747,.F.);
#1030=ORIENTED_EDGE('',*,*,#659,.F.);
#1031=ORIENTED_EDGE('',*,*,#749,.F.);
#1032=ORIENTED_EDGE('',*,*,#597,.F.);
#1033=ORIENTED_EDGE('',*,*,#601,.F.);
#1034=ORIENTED_EDGE('',*,*,#604,.F.);
#1035=ORIENTED_EDGE('',*,*,#607,.F.);
#1036=ORIENTED_EDGE('',*,*,#610,.F.);
#1037=ORIENTED_EDGE('',*,*,#613,.F.);
#1038=ORIENTED_EDGE('',*,*,#616,.F.);
#1039=ORIENTED_EDGE('',*,*,#619,.F.);
#1040=ORIENTED_EDGE('',*,*,#622,.F.);
#1041=ORIENTED_EDGE('',*,*,#750,.F.);
#1042=ORIENTED_EDGE('',*,*,#627,.F.);
#1043=ORIENTED_EDGE('',*,*,#666,.F.);
#1044=ORIENTED_EDGE('',*,*,#625,.F.);
#1045=ORIENTED_EDGE('',*,*,#751,.F.);
#1046=ORIENTED_EDGE('',*,*,#623,.F.);
#1047=ORIENTED_EDGE('',*,*,#620,.F.);
#1048=ORIENTED_EDGE('',*,*,#617,.F.);
#1049=ORIENTED_EDGE('',*,*,#614,.F.);
#1050=ORIENTED_EDGE('',*,*,#611,.F.);
#1051=ORIENTED_EDGE('',*,*,#608,.F.);
#1052=ORIENTED_EDGE('',*,*,#605,.F.);
#1053=ORIENTED_EDGE('',*,*,#602,.F.);
#1054=ORIENTED_EDGE('',*,*,#599,.F.);
#1055=ORIENTED_EDGE('',*,*,#752,.F.);
#1056=ORIENTED_EDGE('',*,*,#657,.T.);
#1057=ORIENTED_EDGE('',*,*,#748,.T.);
#1058=ORIENTED_EDGE('',*,*,#655,.T.);
#1059=ORIENTED_EDGE('',*,*,#652,.T.);
#1060=ORIENTED_EDGE('',*,*,#649,.T.);
#1061=ORIENTED_EDGE('',*,*,#646,.T.);
#1062=ORIENTED_EDGE('',*,*,#643,.T.);
#1063=ORIENTED_EDGE('',*,*,#640,.T.);
#1064=ORIENTED_EDGE('',*,*,#637,.T.);
#1065=ORIENTED_EDGE('',*,*,#634,.T.);
#1066=ORIENTED_EDGE('',*,*,#631,.T.);
#1067=ORIENTED_EDGE('',*,*,#753,.F.);
#1068=ORIENTED_EDGE('',*,*,#754,.T.);
#1069=ORIENTED_EDGE('',*,*,#733,.T.);
#1070=ORIENTED_EDGE('',*,*,#754,.F.);
#1071=ORIENTED_EDGE('',*,*,#755,.F.);
#1072=ORIENTED_EDGE('',*,*,#756,.T.);
#1073=ORIENTED_EDGE('',*,*,#720,.T.);
#1074=ORIENTED_EDGE('',*,*,#756,.F.);
#1075=ORIENTED_EDGE('',*,*,#757,.F.);
#1076=ORIENTED_EDGE('',*,*,#758,.T.);
#1077=ORIENTED_EDGE('',*,*,#746,.T.);
#1078=ORIENTED_EDGE('',*,*,#758,.F.);
#1079=ORIENTED_EDGE('',*,*,#759,.F.);
#1080=ORIENTED_EDGE('',*,*,#760,.T.);
#1081=ORIENTED_EDGE('',*,*,#707,.T.);
#1082=ORIENTED_EDGE('',*,*,#760,.F.);
#1083=ORIENTED_EDGE('',*,*,#752,.T.);
#1084=ORIENTED_EDGE('',*,*,#598,.F.);
#1085=ORIENTED_EDGE('',*,*,#749,.T.);
#1086=ORIENTED_EDGE('',*,*,#658,.T.);
#1087=ORIENTED_EDGE('',*,*,#761,.T.);
#1088=ORIENTED_EDGE('',*,*,#624,.T.);
#1089=ORIENTED_EDGE('',*,*,#750,.T.);
#1090=ORIENTED_EDGE('',*,*,#621,.F.);
#1091=ORIENTED_EDGE('',*,*,#751,.T.);
#1092=ORIENTED_EDGE('',*,*,#694,.T.);
#1093=ORIENTED_EDGE('',*,*,#762,.T.);
#1094=ORIENTED_EDGE('',*,*,#763,.F.);
#1095=ORIENTED_EDGE('',*,*,#762,.F.);
#1096=ORIENTED_EDGE('',*,*,#763,.T.);
#1097=ORIENTED_EDGE('',*,*,#753,.T.);
#1098=ORIENTED_EDGE('',*,*,#755,.T.);
#1099=ORIENTED_EDGE('',*,*,#757,.T.);
#1100=ORIENTED_EDGE('',*,*,#759,.T.);
#1101=ORIENTED_EDGE('',*,*,#764,.F.);
#1102=ORIENTED_EDGE('',*,*,#764,.T.);
#1103=ORIENTED_EDGE('',*,*,#765,.T.);
#1104=ORIENTED_EDGE('',*,*,#761,.F.);
#1105=ORIENTED_EDGE('',*,*,#765,.F.);
#1106=CYLINDRICAL_SURFACE('',#1214,16.442);
#1107=CYLINDRICAL_SURFACE('',#1216,16.442);
#1108=CYLINDRICAL_SURFACE('',#1217,16.442);
#1109=CYLINDRICAL_SURFACE('',#1218,16.442);
#1110=CYLINDRICAL_SURFACE('',#1219,16.442);
#1111=CYLINDRICAL_SURFACE('',#1220,16.442);
#1112=CYLINDRICAL_SURFACE('',#1221,16.442);
#1113=CYLINDRICAL_SURFACE('',#1222,16.442);
#1114=CYLINDRICAL_SURFACE('',#1223,16.442);
#1115=CYLINDRICAL_SURFACE('',#1224,16.442);
#1116=CYLINDRICAL_SURFACE('',#1226,15.86875);
#1117=CYLINDRICAL_SURFACE('',#1228,15.86875);
#1118=CYLINDRICAL_SURFACE('',#1229,15.86875);
#1119=CYLINDRICAL_SURFACE('',#1230,15.86875);
#1120=CYLINDRICAL_SURFACE('',#1231,15.86875);
#1121=CYLINDRICAL_SURFACE('',#1232,15.86875);
#1122=CYLINDRICAL_SURFACE('',#1233,15.86875);
#1123=CYLINDRICAL_SURFACE('',#1234,15.86875);
#1124=CYLINDRICAL_SURFACE('',#1235,15.86875);
#1125=CYLINDRICAL_SURFACE('',#1236,15.86875);
#1126=CYLINDRICAL_SURFACE('',#1242,30.);
#1127=CYLINDRICAL_SURFACE('',#1282,15.86875);
#1128=CYLINDRICAL_SURFACE('',#1283,1.6);
#1129=CYLINDRICAL_SURFACE('',#1285,1.6);
#1130=CYLINDRICAL_SURFACE('',#1287,1.6);
#1131=CYLINDRICAL_SURFACE('',#1289,1.6);
#1132=CYLINDRICAL_SURFACE('',#1293,16.442);
#1133=CYLINDRICAL_SURFACE('',#1294,25.1);
#1134=CYLINDRICAL_SURFACE('',#1298,13.);
#1135=ADVANCED_FACE('',(#67),#1106,.T.);
#1136=ADVANCED_FACE('',(#68),#1107,.T.);
#1137=ADVANCED_FACE('',(#69),#1108,.T.);
#1138=ADVANCED_FACE('',(#70),#1109,.T.);
#1139=ADVANCED_FACE('',(#71),#1110,.T.);
#1140=ADVANCED_FACE('',(#72),#1111,.T.);
#1141=ADVANCED_FACE('',(#73),#1112,.T.);
#1142=ADVANCED_FACE('',(#74),#1113,.T.);
#1143=ADVANCED_FACE('',(#75),#1114,.T.);
#1144=ADVANCED_FACE('',(#76),#1115,.T.);
#1145=ADVANCED_FACE('',(#77),#1116,.T.);
#1146=ADVANCED_FACE('',(#78),#1117,.T.);
#1147=ADVANCED_FACE('',(#79),#1118,.T.);
#1148=ADVANCED_FACE('',(#80),#1119,.T.);
#1149=ADVANCED_FACE('',(#81),#1120,.T.);
#1150=ADVANCED_FACE('',(#82),#1121,.T.);
#1151=ADVANCED_FACE('',(#83),#1122,.T.);
#1152=ADVANCED_FACE('',(#84),#1123,.T.);
#1153=ADVANCED_FACE('',(#85),#1124,.T.);
#1154=ADVANCED_FACE('',(#86),#1125,.T.);
#1155=ADVANCED_FACE('',(#87),#66,.T.);
#1156=ADVANCED_FACE('',(#88),#1126,.T.);
#1157=ADVANCED_FACE('',(#89,#18,#19,#20,#21,#22),#34,.T.);
#1158=ADVANCED_FACE('',(#90),#17,.T.);
#1159=ADVANCED_FACE('',(#91,#23),#35,.T.);
#1160=ADVANCED_FACE('',(#92),#36,.F.);
#1161=ADVANCED_FACE('',(#93),#37,.F.);
#1162=ADVANCED_FACE('',(#94),#38,.F.);
#1163=ADVANCED_FACE('',(#95),#39,.F.);
#1164=ADVANCED_FACE('',(#96),#40,.F.);
#1165=ADVANCED_FACE('',(#97),#41,.F.);
#1166=ADVANCED_FACE('',(#98,#24),#42,.F.);
#1167=ADVANCED_FACE('',(#99),#43,.F.);
#1168=ADVANCED_FACE('',(#100),#44,.F.);
#1169=ADVANCED_FACE('',(#101),#45,.F.);
#1170=ADVANCED_FACE('',(#102),#46,.F.);
#1171=ADVANCED_FACE('',(#103),#47,.F.);
#1172=ADVANCED_FACE('',(#104),#48,.F.);
#1173=ADVANCED_FACE('',(#105,#25),#49,.F.);
#1174=ADVANCED_FACE('',(#106),#50,.F.);
#1175=ADVANCED_FACE('',(#107),#51,.F.);
#1176=ADVANCED_FACE('',(#108),#52,.F.);
#1177=ADVANCED_FACE('',(#109),#53,.F.);
#1178=ADVANCED_FACE('',(#110),#54,.F.);
#1179=ADVANCED_FACE('',(#111),#55,.F.);
#1180=ADVANCED_FACE('',(#112,#26),#56,.F.);
#1181=ADVANCED_FACE('',(#113),#57,.F.);
#1182=ADVANCED_FACE('',(#114),#58,.F.);
#1183=ADVANCED_FACE('',(#115),#59,.F.);
#1184=ADVANCED_FACE('',(#116),#60,.F.);
#1185=ADVANCED_FACE('',(#117),#61,.F.);
#1186=ADVANCED_FACE('',(#118),#62,.F.);
#1187=ADVANCED_FACE('',(#119,#27),#63,.T.);
#1188=ADVANCED_FACE('',(#120),#1127,.T.);
#1189=ADVANCED_FACE('',(#121),#15,.F.);
#1190=ADVANCED_FACE('',(#122),#16,.F.);
#1191=ADVANCED_FACE('',(#123),#1128,.F.);
#1192=ADVANCED_FACE('',(#124),#1129,.F.);
#1193=ADVANCED_FACE('',(#125),#1130,.F.);
#1194=ADVANCED_FACE('',(#126),#1131,.F.);
#1195=ADVANCED_FACE('',(#127,#28),#64,.T.);
#1196=ADVANCED_FACE('',(#128),#1132,.T.);
#1197=ADVANCED_FACE('',(#129),#1133,.F.);
#1198=ADVANCED_FACE('',(#130,#29,#30,#31,#32,#33),#65,.T.);
#1199=ADVANCED_FACE('',(#131),#1134,.F.);
#1200=CLOSED_SHELL('',(#1135,#1136,#1137,#1138,#1139,#1140,#1141,#1142,
#1143,#1144,#1145,#1146,#1147,#1148,#1149,#1150,#1151,#1152,#1153,#1154,
#1155,#1156,#1157,#1158,#1159,#1160,#1161,#1162,#1163,#1164,#1165,#1166,
#1167,#1168,#1169,#1170,#1171,#1172,#1173,#1174,#1175,#1176,#1177,#1178,
#1179,#1180,#1181,#1182,#1183,#1184,#1185,#1186,#1187,#1188,#1189,#1190,
#1191,#1192,#1193,#1194,#1195,#1196,#1197,#1198,#1199));
#1201=DERIVED_UNIT_ELEMENT(#1203,1.);
#1202=DERIVED_UNIT_ELEMENT(#4656,-3.);
#1203=(
MASS_UNIT()
NAMED_UNIT(*)
SI_UNIT(.KILO.,.GRAM.)
);
#1204=DERIVED_UNIT((#1201,#1202));
#1205=MEASURE_REPRESENTATION_ITEM('density measure',
POSITIVE_RATIO_MEASURE(7850.),#1204);
#1206=PROPERTY_DEFINITION_REPRESENTATION(#1211,#1208);
#1207=PROPERTY_DEFINITION_REPRESENTATION(#1212,#1209);
#1208=REPRESENTATION('material name',(#1210),#4653);
#1209=REPRESENTATION('density',(#1205),#4653);
#1210=DESCRIPTIVE_REPRESENTATION_ITEM('Steel','Steel');
#1211=PROPERTY_DEFINITION('material property','material name',#4663);
#1212=PROPERTY_DEFINITION('material property','density of part',#4663);
#1213=AXIS2_PLACEMENT_3D('',#1571,#1299,#1300);
#1214=AXIS2_PLACEMENT_3D('',#1572,#1301,#1302);
#1215=AXIS2_PLACEMENT_3D('',#1588,#1304,#1305);
#1216=AXIS2_PLACEMENT_3D('',#1605,#1306,#1307);
#1217=AXIS2_PLACEMENT_3D('',#1689,#1309,#1310);
#1218=AXIS2_PLACEMENT_3D('',#1779,#1312,#1313);
#1219=AXIS2_PLACEMENT_3D('',#1866,#1315,#1316);
#1220=AXIS2_PLACEMENT_3D('',#1953,#1318,#1319);
#1221=AXIS2_PLACEMENT_3D('',#2043,#1321,#1322);
#1222=AXIS2_PLACEMENT_3D('',#2127,#1324,#1325);
#1223=AXIS2_PLACEMENT_3D('',#2217,#1327,#1328);
#1224=AXIS2_PLACEMENT_3D('',#2301,#1330,#1331);
#1225=AXIS2_PLACEMENT_3D('',#2335,#1333,#1334);
#1226=AXIS2_PLACEMENT_3D('',#2370,#1335,#1336);
#1227=AXIS2_PLACEMENT_3D('',#2381,#1338,#1339);
#1228=AXIS2_PLACEMENT_3D('',#2390,#1340,#1341);
#1229=AXIS2_PLACEMENT_3D('',#2428,#1343,#1344);
#1230=AXIS2_PLACEMENT_3D('',#2465,#1346,#1347);
#1231=AXIS2_PLACEMENT_3D('',#2502,#1349,#1350);
#1232=AXIS2_PLACEMENT_3D('',#2539,#1352,#1353);
#1233=AXIS2_PLACEMENT_3D('',#2576,#1355,#1356);
#1234=AXIS2_PLACEMENT_3D('',#2614,#1358,#1359);
#1235=AXIS2_PLACEMENT_3D('',#2650,#1361,#1362);
#1236=AXIS2_PLACEMENT_3D('',#2688,#1364,#1365);
#1237=AXIS2_PLACEMENT_3D('',#2706,#1367,#1368);
#1238=AXIS2_PLACEMENT_3D('',#2721,#1369,#1370);
#1239=AXIS2_PLACEMENT_3D('',#2723,#1371,#1372);
#1240=AXIS2_PLACEMENT_3D('',#2725,#1373,#1374);
#1241=AXIS2_PLACEMENT_3D('',#2726,#1375,#1376);
#1242=AXIS2_PLACEMENT_3D('',#2727,#1377,#1378);
#1243=AXIS2_PLACEMENT_3D('',#2730,#1379,#1380);
#1244=AXIS2_PLACEMENT_3D('',#2731,#1381,#1382);
#1245=AXIS2_PLACEMENT_3D('',#2733,#1384,#1385);
#1246=AXIS2_PLACEMENT_3D('',#3051,#1410,#1411);
#1247=AXIS2_PLACEMENT_3D('',#3053,#1412,#1413);
#1248=AXIS2_PLACEMENT_3D('',#3055,#1415,#1416);
#1249=AXIS2_PLACEMENT_3D('',#3057,#1417,#1418);
#1250=AXIS2_PLACEMENT_3D('',#3058,#1419,#1420);
#1251=AXIS2_PLACEMENT_3D('',#3064,#1424,#1425);
#1252=AXIS2_PLACEMENT_3D('',#3068,#1428,#1429);
#1253=AXIS2_PLACEMENT_3D('',#3072,#1432,#1433);
#1254=AXIS2_PLACEMENT_3D('',#3076,#1436,#1437);
#1255=AXIS2_PLACEMENT_3D('',#3080,#1440,#1441);
#1256=AXIS2_PLACEMENT_3D('',#3082,#1443,#1444);
#1257=AXIS2_PLACEMENT_3D('',#3084,#1445,#1446);
#1258=AXIS2_PLACEMENT_3D('',#3085,#1447,#1448);
#1259=AXIS2_PLACEMENT_3D('',#3091,#1452,#1453);
#1260=AXIS2_PLACEMENT_3D('',#3095,#1456,#1457);
#1261=AXIS2_PLACEMENT_3D('',#3099,#1460,#1461);
#1262=AXIS2_PLACEMENT_3D('',#3103,#1464,#1465);
#1263=AXIS2_PLACEMENT_3D('',#3107,#1468,#1469);
#1264=AXIS2_PLACEMENT_3D('',#3109,#1471,#1472);
#1265=AXIS2_PLACEMENT_3D('',#3111,#1473,#1474);
#1266=AXIS2_PLACEMENT_3D('',#3112,#1475,#1476);
#1267=AXIS2_PLACEMENT_3D('',#3118,#1480,#1481);
#1268=AXIS2_PLACEMENT_3D('',#3122,#1484,#1485);
#1269=AXIS2_PLACEMENT_3D('',#3126,#1488,#1489);
#1270=AXIS2_PLACEMENT_3D('',#3130,#1492,#1493);
#1271=AXIS2_PLACEMENT_3D('',#3134,#1496,#1497);
#1272=AXIS2_PLACEMENT_3D('',#3136,#1499,#1500);
#1273=AXIS2_PLACEMENT_3D('',#3138,#1501,#1502);
#1274=AXIS2_PLACEMENT_3D('',#3139,#1503,#1504);
#1275=AXIS2_PLACEMENT_3D('',#3145,#1508,#1509);
#1276=AXIS2_PLACEMENT_3D('',#3149,#1512,#1513);
#1277=AXIS2_PLACEMENT_3D('',#3153,#1516,#1517);
#1278=AXIS2_PLACEMENT_3D('',#3157,#1520,#1521);
#1279=AXIS2_PLACEMENT_3D('',#3161,#1524,#1525);
#1280=AXIS2_PLACEMENT_3D('',#3163,#1527,#1528);
#1281=AXIS2_PLACEMENT_3D('',#3165,#1529,#1530);
#1282=AXIS2_PLACEMENT_3D('',#3166,#1531,#1532);
#1283=AXIS2_PLACEMENT_3D('',#4622,#1533,#1534);
#1284=AXIS2_PLACEMENT_3D('',#4624,#1535,#1536);
#1285=AXIS2_PLACEMENT_3D('',#4626,#1538,#1539);
#1286=AXIS2_PLACEMENT_3D('',#4628,#1540,#1541);
#1287=AXIS2_PLACEMENT_3D('',#4630,#1543,#1544);
#1288=AXIS2_PLACEMENT_3D('',#4632,#1545,#1546);
#1289=AXIS2_PLACEMENT_3D('',#4634,#1548,#1549);
#1290=AXIS2_PLACEMENT_3D('',#4636,#1550,#1551);
#1291=AXIS2_PLACEMENT_3D('',#4638,#1553,#1554);
#1292=AXIS2_PLACEMENT_3D('',#4640,#1555,#1556);
#1293=AXIS2_PLACEMENT_3D('',#4641,#1557,#1558);
#1294=AXIS2_PLACEMENT_3D('',#4642,#1559,#1560);
#1295=AXIS2_PLACEMENT_3D('',#4645,#1562,#1563);
#1296=AXIS2_PLACEMENT_3D('',#4646,#1564,#1565);
#1297=AXIS2_PLACEMENT_3D('',#4648,#1566,#1567);
#1298=AXIS2_PLACEMENT_3D('',#4649,#1568,#1569);
#1299=DIRECTION('axis',(0.,0.,1.));
#1300=DIRECTION('refdir',(1.,0.,0.));
#1301=DIRECTION('center_axis',(-1.,0.,-8.03097859701808E-16));
#1302=DIRECTION('ref_axis',(-7.6861594012511E-16,0.,1.));
#1303=DIRECTION('',(1.,0.,8.03097859701808E-16));
#1304=DIRECTION('center_axis',(-1.,0.,-8.03097859701808E-16));
#1305=DIRECTION('ref_axis',(-7.6861594012511E-16,0.,1.));
#1306=DIRECTION('center_axis',(-1.,0.,-8.03097859701808E-16));
#1307=DIRECTION('ref_axis',(-7.6861594012511E-16,0.,1.));
#1308=DIRECTION('',(1.,0.,8.03097859701808E-16));
#1309=DIRECTION('center_axis',(-1.,0.,-8.03097859701808E-16));
#1310=DIRECTION('ref_axis',(-7.6861594012511E-16,0.,1.));
#1311=DIRECTION('',(1.,0.,8.03097859701808E-16));
#1312=DIRECTION('center_axis',(-1.,0.,-8.03097859701808E-16));
#1313=DIRECTION('ref_axis',(-7.6861594012511E-16,0.,1.));
#1314=DIRECTION('',(1.,0.,8.03097859701808E-16));
#1315=DIRECTION('center_axis',(-1.,0.,-8.03097859701808E-16));
#1316=DIRECTION('ref_axis',(-7.6861594012511E-16,0.,1.));
#1317=DIRECTION('',(1.,0.,8.03097859701808E-16));
#1318=DIRECTION('center_axis',(-1.,0.,-8.03097859701808E-16));
#1319=DIRECTION('ref_axis',(-7.6861594012511E-16,0.,1.));
#1320=DIRECTION('',(1.,0.,8.03097859701808E-16));
#1321=DIRECTION('center_axis',(-1.,0.,-8.03097859701808E-16));
#1322=DIRECTION('ref_axis',(-7.6861594012511E-16,0.,1.));
#1323=DIRECTION('',(1.,0.,8.03097859701808E-16));
#1324=DIRECTION('center_axis',(-1.,0.,-8.03097859701808E-16));
#1325=DIRECTION('ref_axis',(-7.6861594012511E-16,0.,1.));
#1326=DIRECTION('',(1.,0.,8.03097859701808E-16));
#1327=DIRECTION('center_axis',(-1.,0.,-8.03097859701808E-16));
#1328=DIRECTION('ref_axis',(-7.6861594012511E-16,0.,1.));
#1329=DIRECTION('',(1.,0.,8.03097859701808E-16));
#1330=DIRECTION('center_axis',(-1.,0.,-8.03097859701808E-16));
#1331=DIRECTION('ref_axis',(-6.44198738010474E-16,0.534642395417726,0.845078404067928));
#1332=DIRECTION('',(1.,0.,8.03097859701808E-16));
#1333=DIRECTION('center_axis',(-1.,0.,-8.03097859701808E-16));
#1334=DIRECTION('ref_axis',(-7.6861594012511E-16,0.,1.));
#1335=DIRECTION('center_axis',(-1.,0.,-8.03097859701808E-16));
#1336=DIRECTION('ref_axis',(3.31308071871106E-16,0.888987069530699,-0.45793229871589));
#1337=DIRECTION('',(-1.,3.95614136542806E-29,-1.5688115994872E-15));
#1338=DIRECTION('center_axis',(-1.,0.,-8.03097859701808E-16));
#1339=DIRECTION('ref_axis',(-8.39554236817763E-16,-5.17885268108733E-14,
1.));
#1340=DIRECTION('center_axis',(-1.,0.,-8.03097859701808E-16));
#1341=DIRECTION('ref_axis',(-8.39554236817763E-16,-5.17885268108733E-14,
1.));
#1342=DIRECTION('',(-1.,3.95614136542806E-29,-1.5688115994872E-15));
#1343=DIRECTION('center_axis',(-1.,0.,-8.03097859701808E-16));
#1344=DIRECTION('ref_axis',(-8.39554236817763E-16,-5.17885268108733E-14,
1.));
#1345=DIRECTION('',(-1.,3.95614136542806E-29,-1.5688115994872E-15));
#1346=DIRECTION('center_axis',(-1.,0.,-8.03097859701808E-16));
#1347=DIRECTION('ref_axis',(-8.39554236817763E-16,-5.17885268108733E-14,
1.));
#1348=DIRECTION('',(-1.,3.95614136542806E-29,-1.5688115994872E-15));
#1349=DIRECTION('center_axis',(-1.,0.,-8.03097859701808E-16));
#1350=DIRECTION('ref_axis',(-8.39554236817763E-16,-5.17885268108733E-14,
1.));
#1351=DIRECTION('',(-1.,3.95614136542806E-29,-1.5688115994872E-15));
#1352=DIRECTION('center_axis',(-1.,0.,-8.03097859701808E-16));
#1353=DIRECTION('ref_axis',(-8.39554236817763E-16,-5.17885268108733E-14,
1.));
#1354=DIRECTION('',(-1.,3.95614136542806E-29,-1.5688115994872E-15));
#1355=DIRECTION('center_axis',(-1.,0.,-8.03097859701808E-16));
#1356=DIRECTION('ref_axis',(-8.39554236817763E-16,-5.17885268108733E-14,
1.));
#1357=DIRECTION('',(-1.,3.95614136542806E-29,-1.5688115994872E-15));
#1358=DIRECTION('center_axis',(-1.,0.,-8.03097859701808E-16));
#1359=DIRECTION('ref_axis',(-8.39554236817763E-16,-5.17885268108733E-14,
1.));
#1360=DIRECTION('',(-1.,3.95614136542806E-29,-1.5688115994872E-15));
#1361=DIRECTION('center_axis',(-1.,0.,-8.03097859701808E-16));
#1362=DIRECTION('ref_axis',(-8.39554236817763E-16,-5.17885268108733E-14,
1.));
#1363=DIRECTION('',(-1.,3.95614136542806E-29,-1.5688115994872E-15));
#1364=DIRECTION('center_axis',(-1.,0.,-8.03097859701808E-16));
#1365=DIRECTION('ref_axis',(-7.50399509015295E-16,-0.457933461285386,0.888986470670496));
#1366=DIRECTION('',(-1.,3.95614136542806E-29,-1.5688115994872E-15));
#1367=DIRECTION('center_axis',(1.,0.,8.03097859701808E-16));
#1368=DIRECTION('ref_axis',(-8.39554236817763E-16,-5.17885268108733E-14,
1.));
#1369=DIRECTION('center_axis',(-1.,0.,-8.03097859701808E-16));
#1370=DIRECTION('ref_axis',(-7.69754630406775E-16,0.,1.));
#1371=DIRECTION('center_axis',(1.,0.,8.03097859701808E-16));
#1372=DIRECTION('ref_axis',(8.04911692853238E-16,1.22464679914735E-16,-1.));
#1373=DIRECTION('center_axis',(-9.8351122328591E-32,-1.,1.22464679914735E-16));
#1374=DIRECTION('ref_axis',(8.14163551391782E-16,-1.22464679914735E-16,
-1.));
#1375=DIRECTION('center_axis',(-1.,0.,-8.03097859701808E-16));
#1376=DIRECTION('ref_axis',(8.03097859701808E-16,1.22464679914735E-16,-1.));
#1377=DIRECTION('center_axis',(-1.,0.,-8.03097859701808E-16));
#1378=DIRECTION('ref_axis',(-7.6861594012511E-16,0.,1.));
#1379=DIRECTION('center_axis',(-1.,0.,-8.03097859701808E-16));
#1380=DIRECTION('ref_axis',(7.6861594012511E-16,0.,-1.));
#1381=DIRECTION('center_axis',(-1.,0.,-8.03097859701808E-16));
#1382=DIRECTION('ref_axis',(7.6861594012511E-16,0.,-1.));
#1383=DIRECTION('',(1.,0.,8.03097859701808E-16));
#1384=DIRECTION('center_axis',(1.,0.,8.03097859701808E-16));
#1385=DIRECTION('ref_axis',(8.03097859701808E-16,0.,-1.));
#1386=DIRECTION('',(6.95503148225615E-16,-0.500000000002291,-0.866025403783116));
#1387=DIRECTION('',(-2.12459768822478E-27,-1.,2.64550286438772E-12));
#1388=DIRECTION('',(-6.95503148227702E-16,-0.499999999997789,0.866025403785715));
#1389=DIRECTION('',(-6.95503148225656E-16,0.500000000002202,0.866025403783167));
#1390=DIRECTION('',(1.98703380913104E-27,1.,-2.47421131201723E-12));
#1391=DIRECTION('',(6.95503148227714E-16,0.499999999997763,-0.86602540378573));
#1392=DIRECTION('',(-8.03097859701808E-16,2.47421131201723E-12,1.));
#1393=DIRECTION('',(-4.01548929849108E-16,0.86602540378573,0.499999999997764));
#1394=DIRECTION('',(4.01548929852744E-16,0.866025403783116,-0.500000000002291));
#1395=DIRECTION('',(8.03097859701808E-16,-2.64550286438772E-12,-1.));
#1396=DIRECTION('',(4.01548929849128E-16,-0.866025403785715,-0.499999999997789));
#1397=DIRECTION('',(-4.01548929852672E-16,-0.866025403783167,0.500000000002202));
#1398=DIRECTION('',(8.03097859701808E-16,-2.47421131201723E-12,-1.));
#1399=DIRECTION('',(4.01548929849108E-16,-0.86602540378573,-0.499999999997763));
#1400=DIRECTION('',(-4.01548929852744E-16,-0.866025403783116,0.500000000002291));
#1401=DIRECTION('',(-8.03097859701808E-16,2.64550286438772E-12,1.));
#1402=DIRECTION('',(-4.01548929849128E-16,0.866025403785716,0.499999999997789));
#1403=DIRECTION('',(4.01548929852673E-16,0.866025403783167,-0.500000000002202));
#1404=DIRECTION('',(-1.98703380913104E-27,-1.,2.47421131201723E-12));
#1405=DIRECTION('',(-6.95503148227714E-16,-0.499999999997763,0.86602540378573));
#1406=DIRECTION('',(-6.95503148225615E-16,0.500000000002291,0.866025403783116));
#1407=DIRECTION('',(2.12403158172645E-27,1.,-2.64479796088002E-12));
#1408=DIRECTION('',(6.95503148227703E-16,0.499999999997788,-0.866025403785716));
#1409=DIRECTION('',(6.95503148225656E-16,-0.500000000002202,-0.866025403783167));
#1410=DIRECTION('center_axis',(1.,0.,8.03097859701808E-16));
#1411=DIRECTION('ref_axis',(7.85564680256029E-16,0.,-1.));
#1412=DIRECTION('center_axis',(1.,0.,8.03097859701808E-16));
#1413=DIRECTION('ref_axis',(8.03097859701808E-16,0.,-1.));
#1414=DIRECTION('',(0.707106781186544,8.65956056235496E-17,0.707106781186551));
#1415=DIRECTION('center_axis',(-1.,0.,-8.03097859701808E-16));
#1416=DIRECTION('ref_axis',(-8.03097859701808E-16,0.,1.));
#1417=DIRECTION('center_axis',(-1.,0.,-8.03097859701808E-16));
#1418=DIRECTION('ref_axis',(-7.6861594012511E-16,0.,1.));
#1419=DIRECTION('center_axis',(0.,-2.47421131201723E-12,-1.));
#1420=DIRECTION('ref_axis',(0.,-1.,2.47421131201723E-12));
#1421=DIRECTION('',(-1.,0.,0.));
#1422=DIRECTION('',(0.,-1.,2.47421131201723E-12));
#1423=DIRECTION('',(-1.,0.,0.));
#1424=DIRECTION('center_axis',(0.,0.866025403783167,-0.500000000002202));
#1425=DIRECTION('ref_axis',(0.,-0.500000000002202,-0.866025403783167));
#1426=DIRECTION('',(-1.,0.,0.));
#1427=DIRECTION('',(0.,-0.500000000002202,-0.866025403783167));
#1428=DIRECTION('center_axis',(0.,0.866025403785715,0.499999999997788));
#1429=DIRECTION('ref_axis',(0.,0.499999999997788,-0.866025403785716));
#1430=DIRECTION('',(-1.,0.,0.));
#1431=DIRECTION('',(0.,0.499999999997788,-0.866025403785716));
#1432=DIRECTION('center_axis',(0.,2.64479796088002E-12,1.));
#1433=DIRECTION('ref_axis',(0.,1.,-2.64479796088002E-12));
#1434=DIRECTION('',(-1.,0.,0.));
#1435=DIRECTION('',(0.,1.,-2.64479796088002E-12));
#1436=DIRECTION('center_axis',(0.,-0.866025403783116,0.500000000002291));
#1437=DIRECTION('ref_axis',(0.,0.500000000002291,0.866025403783116));
#1438=DIRECTION('',(-1.,0.,0.));
#1439=DIRECTION('',(0.,0.500000000002291,0.866025403783116));
#1440=DIRECTION('center_axis',(0.,-0.86602540378573,-0.499999999997764));
#1441=DIRECTION('ref_axis',(0.,-0.499999999997763,0.86602540378573));
#1442=DIRECTION('',(0.,-0.499999999997763,0.86602540378573));
#1443=DIRECTION('center_axis',(-1.,0.,0.));
#1444=DIRECTION('ref_axis',(0.,0.,1.));
#1445=DIRECTION('center_axis',(1.,0.,0.));
#1446=DIRECTION('ref_axis',(0.,-1.,0.));
#1447=DIRECTION('center_axis',(0.,1.,-2.47421131201723E-12));
#1448=DIRECTION('ref_axis',(0.,-2.47421131201723E-12,-1.));
#1449=DIRECTION('',(-1.,0.,0.));
#1450=DIRECTION('',(0.,-2.47421131201723E-12,-1.));
#1451=DIRECTION('',(-1.,0.,0.));
#1452=DIRECTION('center_axis',(0.,0.500000000002202,0.866025403783167));
#1453=DIRECTION('ref_axis',(0.,0.866025403783167,-0.500000000002202));
#1454=DIRECTION('',(-1.,0.,0.));
#1455=DIRECTION('',(0.,0.866025403783167,-0.500000000002202));
#1456=DIRECTION('center_axis',(0.,-0.499999999997788,0.866025403785715));
#1457=DIRECTION('ref_axis',(0.,0.866025403785716,0.499999999997789));
#1458=DIRECTION('',(-1.,0.,0.));
#1459=DIRECTION('',(0.,0.866025403785716,0.499999999997789));
#1460=DIRECTION('center_axis',(0.,-1.,2.64550286438772E-12));
#1461=DIRECTION('ref_axis',(0.,2.64550286438772E-12,1.));
#1462=DIRECTION('',(-1.,0.,0.));
#1463=DIRECTION('',(0.,2.64550286438772E-12,1.));
#1464=DIRECTION('center_axis',(0.,-0.500000000002291,-0.866025403783116));
#1465=DIRECTION('ref_axis',(0.,-0.866025403783116,0.500000000002291));
#1466=DIRECTION('',(-1.,0.,0.));
#1467=DIRECTION('',(0.,-0.866025403783116,0.500000000002291));
#1468=DIRECTION('center_axis',(0.,0.499999999997763,-0.86602540378573));
#1469=DIRECTION('ref_axis',(0.,-0.86602540378573,-0.499999999997763));
#1470=DIRECTION('',(0.,-0.86602540378573,-0.499999999997763));
#1471=DIRECTION('center_axis',(-1.,0.,0.));
#1472=DIRECTION('ref_axis',(0.,0.,1.));
#1473=DIRECTION('center_axis',(1.,0.,0.));
#1474=DIRECTION('ref_axis',(0.,-1.,0.));
#1475=DIRECTION('center_axis',(0.,-1.,2.47421131201723E-12));
#1476=DIRECTION('ref_axis',(0.,2.47421131201723E-12,1.));
#1477=DIRECTION('',(-1.,0.,0.));
#1478=DIRECTION('',(0.,2.47421131201723E-12,1.));
#1479=DIRECTION('',(-1.,0.,0.));
#1480=DIRECTION('center_axis',(0.,-0.500000000002202,-0.866025403783168));
#1481=DIRECTION('ref_axis',(0.,-0.866025403783167,0.500000000002202));
#1482=DIRECTION('',(-1.,0.,0.));
#1483=DIRECTION('',(0.,-0.866025403783167,0.500000000002202));
#1484=DIRECTION('center_axis',(0.,0.499999999997789,-0.866025403785715));
#1485=DIRECTION('ref_axis',(0.,-0.866025403785715,-0.499999999997789));
#1486=DIRECTION('',(-1.,0.,0.));
#1487=DIRECTION('',(0.,-0.866025403785715,-0.499999999997789));
#1488=DIRECTION('center_axis',(0.,1.,-2.64550286438772E-12));
#1489=DIRECTION('ref_axis',(0.,-2.64550286438772E-12,-1.));
#1490=DIRECTION('',(-1.,0.,0.));
#1491=DIRECTION('',(0.,-2.64550286438772E-12,-1.));
#1492=DIRECTION('center_axis',(0.,0.500000000002291,0.866025403783116));
#1493=DIRECTION('ref_axis',(0.,0.866025403783116,-0.500000000002291));
#1494=DIRECTION('',(-1.,0.,0.));
#1495=DIRECTION('',(0.,0.866025403783116,-0.500000000002291));
#1496=DIRECTION('center_axis',(0.,-0.499999999997764,0.86602540378573));
#1497=DIRECTION('ref_axis',(0.,0.86602540378573,0.499999999997764));
#1498=DIRECTION('',(0.,0.86602540378573,0.499999999997764));
#1499=DIRECTION('center_axis',(-1.,0.,0.));
#1500=DIRECTION('ref_axis',(0.,0.,1.));
#1501=DIRECTION('center_axis',(1.,0.,0.));
#1502=DIRECTION('ref_axis',(0.,-1.,0.));
#1503=DIRECTION('center_axis',(0.,0.866025403783116,-0.500000000002291));
#1504=DIRECTION('ref_axis',(0.,-0.500000000002291,-0.866025403783116));
#1505=DIRECTION('',(-1.,0.,0.));
#1506=DIRECTION('',(0.,-0.500000000002291,-0.866025403783116));
#1507=DIRECTION('',(-1.,0.,0.));
#1508=DIRECTION('center_axis',(0.,0.86602540378573,0.499999999997764));
#1509=DIRECTION('ref_axis',(0.,0.499999999997763,-0.86602540378573));
#1510=DIRECTION('',(-1.,0.,0.));
#1511=DIRECTION('',(0.,0.499999999997763,-0.86602540378573));
#1512=DIRECTION('center_axis',(0.,2.47421131201723E-12,1.));
#1513=DIRECTION('ref_axis',(0.,1.,-2.47421131201723E-12));
#1514=DIRECTION('',(-1.,0.,0.));
#1515=DIRECTION('',(0.,1.,-2.47421131201723E-12));
#1516=DIRECTION('center_axis',(0.,-0.866025403783167,0.500000000002202));
#1517=DIRECTION('ref_axis',(0.,0.500000000002202,0.866025403783167));
#1518=DIRECTION('',(-1.,0.,0.));
#1519=DIRECTION('',(0.,0.500000000002202,0.866025403783167));
#1520=DIRECTION('center_axis',(0.,-0.866025403785715,-0.499999999997788));
#1521=DIRECTION('ref_axis',(0.,-0.499999999997789,0.866025403785715));
#1522=DIRECTION('',(-1.,0.,0.));
#1523=DIRECTION('',(0.,-0.499999999997789,0.866025403785716));
#1524=DIRECTION('center_axis',(0.,-2.64550286438772E-12,-1.));
#1525=DIRECTION('ref_axis',(0.,-1.,2.64550286438772E-12));
#1526=DIRECTION('',(0.,-1.,2.64550286438772E-12));
#1527=DIRECTION('center_axis',(1.,0.,0.));
#1528=DIRECTION('ref_axis',(0.,1.,0.));
#1529=DIRECTION('center_axis',(1.,0.,0.));
#1530=DIRECTION('ref_axis',(0.,-1.,0.));
#1531=DIRECTION('center_axis',(-1.,0.,-8.03097859701808E-16));
#1532=DIRECTION('ref_axis',(-8.39554236817763E-16,-5.17885268108733E-14,
1.));
#1533=DIRECTION('center_axis',(1.,0.,5.49438212757008E-16));
#1534=DIRECTION('ref_axis',(0.,-1.,0.));
#1535=DIRECTION('center_axis',(1.,0.,8.03097859701808E-16));
#1536=DIRECTION('ref_axis',(0.,-1.,0.));
#1537=DIRECTION('',(1.,0.,5.49438212757009E-16));
#1538=DIRECTION('center_axis',(1.,0.,5.49438212757008E-16));
#1539=DIRECTION('ref_axis',(0.,-1.,0.));
#1540=DIRECTION('center_axis',(1.,0.,8.03097859701808E-16));
#1541=DIRECTION('ref_axis',(0.,-1.,0.));
#1542=DIRECTION('',(1.,0.,5.49438212757009E-16));
#1543=DIRECTION('center_axis',(1.,0.,5.49438212757008E-16));
#1544=DIRECTION('ref_axis',(0.,-1.,0.));
#1545=DIRECTION('center_axis',(1.,0.,8.03097859701808E-16));
#1546=DIRECTION('ref_axis',(0.,-1.,0.));
#1547=DIRECTION('',(1.,0.,5.49438212757009E-16));
#1548=DIRECTION('center_axis',(1.,0.,5.49438212757008E-16));
#1549=DIRECTION('ref_axis',(0.,-1.,0.));
#1550=DIRECTION('center_axis',(1.,0.,8.03097859701808E-16));
#1551=DIRECTION('ref_axis',(0.,-1.,0.));
#1552=DIRECTION('',(1.,0.,5.49438212757009E-16));
#1553=DIRECTION('center_axis',(1.,0.,8.03097859701808E-16));
#1554=DIRECTION('ref_axis',(8.03097859701808E-16,0.,-1.));
#1555=DIRECTION('center_axis',(-1.,0.,-8.03097859701808E-16));
#1556=DIRECTION('ref_axis',(-8.03097859701808E-16,0.,1.));
#1557=DIRECTION('center_axis',(-1.,0.,-8.03097859701808E-16));
#1558=DIRECTION('ref_axis',(-7.6861594012511E-16,0.,1.));
#1559=DIRECTION('center_axis',(-1.,0.,-8.03097859701808E-16));
#1560=DIRECTION('ref_axis',(-7.6861594012511E-16,0.,1.));
#1561=DIRECTION('',(1.,0.,8.03097859701808E-16));
#1562=DIRECTION('center_axis',(-1.,0.,-8.03097859701808E-16));
#1563=DIRECTION('ref_axis',(-7.6861594012511E-16,0.,1.));
#1564=DIRECTION('center_axis',(-1.,0.,-8.03097859701808E-16));
#1565=DIRECTION('ref_axis',(-8.03097859701808E-16,0.,1.));
#1566=DIRECTION('center_axis',(-1.,0.,-8.03097859701808E-16));
#1567=DIRECTION('ref_axis',(-8.03097859701808E-16,0.,1.));
#1568=DIRECTION('center_axis',(-1.,0.,-8.03097859701808E-16));
#1569=DIRECTION('ref_axis',(-7.6861594012511E-16,0.,1.));
#1570=DIRECTION('',(1.,0.,8.03097859701808E-16));
#1571=CARTESIAN_POINT('',(0.,0.,0.));
#1572=CARTESIAN_POINT('Origin',(15.0000000000041,0.,1.20464678955304E-14));
#1573=CARTESIAN_POINT('',(19.679555933726,-0.00041652327231421,-16.4422926113757));
#1574=CARTESIAN_POINT('',(19.8204440662901,-0.000268959164832216,-16.4417724677161));
#1575=CARTESIAN_POINT('',(15.0000000000041,-2.01356426715808E-15,-16.442));
#1576=CARTESIAN_POINT('',(20.000000000008,-14.8575756077425,-7.04214534500774));
#1577=CARTESIAN_POINT('Ctrl Pts',(19.8204440662901,-0.000268959164832216,
-16.4417724677161));
#1578=CARTESIAN_POINT('Ctrl Pts',(19.8273167311611,-0.710279909929537,-16.4424817921847));
#1579=CARTESIAN_POINT('Ctrl Pts',(19.8341893960321,-1.42021789380834,-16.3973476856083));
#1580=CARTESIAN_POINT('Ctrl Pts',(19.8410620609031,-2.12411659600128,-16.3056476444354));
#1581=CARTESIAN_POINT('Ctrl Pts',(19.8675517174206,-4.83718862761519,-15.9522035817759));
#1582=CARTESIAN_POINT('Ctrl Pts',(19.8940413739381,-7.46054100187056,-14.9069753113441));
#1583=CARTESIAN_POINT('Ctrl Pts',(19.9205310304556,-9.672615099111,-13.2976823211556));
#1584=CARTESIAN_POINT('Ctrl Pts',(19.9470206869731,-11.8846891963514,-11.6883893309671));
#1585=CARTESIAN_POINT('Ctrl Pts',(19.9735103434905,-13.685485016577,-9.51503162102175));
#1586=CARTESIAN_POINT('Ctrl Pts',(20.000000000008,-14.8575756077425,-7.04214534500781));
#1587=CARTESIAN_POINT('',(20.000000000008,-14.8575756077425,7.04214534500782));
#1588=CARTESIAN_POINT('Origin',(20.000000000008,0.,1.60619571940426E-14));
#1589=CARTESIAN_POINT('Ctrl Pts',(20.000000000008,-14.8579688156057,7.04273063128045));
#1590=CARTESIAN_POINT('Ctrl Pts',(19.9778737313582,-15.8348299617683,4.97645598610987));
#1591=CARTESIAN_POINT('Ctrl Pts',(19.9557474627084,-16.3796859685749,2.70442721812151));
#1592=CARTESIAN_POINT('Ctrl Pts',(19.9336211940586,-16.438036351178,0.419966032481286));
#1593=CARTESIAN_POINT('Ctrl Pts',(19.9071315375412,-16.5078936604824,-2.31499995265343));
#1594=CARTESIAN_POINT('Ctrl Pts',(19.8806418810237,-15.8804437578745,-5.06778528880667));
#1595=CARTESIAN_POINT('Ctrl Pts',(19.8541522245062,-14.6322187538135,-7.5022959334669));
#1596=CARTESIAN_POINT('Ctrl Pts',(19.8276625679887,-13.3839937497526,-9.93680657812714));
#1597=CARTESIAN_POINT('Ctrl Pts',(19.8011729114712,-11.5149936442386,-12.0530425312944));
#1598=CARTESIAN_POINT('Ctrl Pts',(19.7746832549537,-9.25344404755035,-13.592633051301));
#1599=CARTESIAN_POINT('Ctrl Pts',(19.7481935984362,-6.99189445086206,-15.1322235713077));
#1600=CARTESIAN_POINT('Ctrl Pts',(19.7217039419187,-4.33779536299947,-16.0951686581538));
#1601=CARTESIAN_POINT('Ctrl Pts',(19.6952142854013,-1.61516839002351,-16.3639004472433));
#1602=CARTESIAN_POINT('Ctrl Pts',(19.6899948348428,-1.07870930588778,-16.4168506350156));
#1603=CARTESIAN_POINT('Ctrl Pts',(19.6847753842844,-0.539589715700451,-16.4428488939967));
#1604=CARTESIAN_POINT('Ctrl Pts',(19.679555933726,-0.00041652327231421,
-16.4422926113757));
#1605=CARTESIAN_POINT('Origin',(15.0000000000041,0.,1.20464678955304E-14));
#1606=CARTESIAN_POINT('',(18.679555933726,0.000425691162439289,-16.4420974109673));
#1607=CARTESIAN_POINT('',(18.8204440662901,0.000370907816422683,-16.4426317526266));
#1608=CARTESIAN_POINT('',(15.0000000000041,-2.01356426715808E-15,-16.442));
#1609=CARTESIAN_POINT('Ctrl Pts',(18.8204440662901,0.000370907816422683,
-16.4426317526266));
#1610=CARTESIAN_POINT('Ctrl Pts',(18.8427741862845,-2.30620993702504,-16.4403819352528));
#1611=CARTESIAN_POINT('Ctrl Pts',(18.865104306279,-4.61371609873964,-15.9505002426618));
#1612=CARTESIAN_POINT('Ctrl Pts',(18.8874344262735,-6.71867845140782,-15.0081762101702));
#1613=CARTESIAN_POINT('Ctrl Pts',(18.913924082791,-9.21574204615022,-13.8903210461561));
#1614=CARTESIAN_POINT('Ctrl Pts',(18.9404137393085,-11.4277763361986,-12.1357674505128));
#1615=CARTESIAN_POINT('Ctrl Pts',(18.9669033958259,-13.0847119287885,-9.95873031689358));
#1616=CARTESIAN_POINT('Ctrl Pts',(18.9933930523434,-14.7416475213785,-7.78169318327436));
#1617=CARTESIAN_POINT('Ctrl Pts',(19.0198827088609,-15.8434844165101,-5.18217251167916));
#1618=CARTESIAN_POINT('Ctrl Pts',(19.0463723653784,-16.255699163303,-2.47754577613965));
#1619=CARTESIAN_POINT('Ctrl Pts',(19.0728620218959,-16.6679139100958,0.227080959399847));
#1620=CARTESIAN_POINT('Ctrl Pts',(19.0993516784134,-16.39050650855,3.03681375888365));
#1621=CARTESIAN_POINT('Ctrl Pts',(19.1258413349309,-15.4573444951659,5.60860993760152));
#1622=CARTESIAN_POINT('Ctrl Pts',(19.1523309914483,-14.5241824817819,8.18040611631939));
#1623=CARTESIAN_POINT('Ctrl Pts',(19.1788206479658,-12.9352658565596,10.5142656742713));
#1624=CARTESIAN_POINT('Ctrl Pts',(19.2053103044833,-10.8845893563618,12.3252461457926));
#1625=CARTESIAN_POINT('Ctrl Pts',(19.2317999610008,-8.83391285616395,14.1362266173139));
#1626=CARTESIAN_POINT('Ctrl Pts',(19.2582896175183,-6.32147648099047,15.4243280024045));
#1627=CARTESIAN_POINT('Ctrl Pts',(19.2847792740358,-3.65402046831025,16.0322843634462));
#1628=CARTESIAN_POINT('Ctrl Pts',(19.3112689305533,-0.986564455630036,16.6402407244879));
#1629=CARTESIAN_POINT('Ctrl Pts',(19.3377585870708,1.83591119455691,16.5680520614806));
#1630=CARTESIAN_POINT('Ctrl Pts',(19.3642482435883,4.46879819754428,15.8245331323383));
#1631=CARTESIAN_POINT('Ctrl Pts',(19.3907379001058,7.10168520053165,15.0810142031959));
#1632=CARTESIAN_POINT('Ctrl Pts',(19.4172275566233,9.54498355631944,13.6661650079184));
#1633=CARTESIAN_POINT('Ctrl Pts',(19.4437172131407,11.5004084239467,11.7527233078422));
#1634=CARTESIAN_POINT('Ctrl Pts',(19.4702068696582,13.455833291574,9.83928160776593));
#1635=CARTESIAN_POINT('Ctrl Pts',(19.4966965261757,14.9233846710409,7.42724740289092));
#1636=CARTESIAN_POINT('Ctrl Pts',(19.5231861826932,15.7238502815956,4.811112367319));
#1637=CARTESIAN_POINT('Ctrl Pts',(19.5496758392107,16.5243158921504,2.19497733174709));
#1638=CARTESIAN_POINT('Ctrl Pts',(19.5761654957282,16.657695733793,-0.625258534521729));
#1639=CARTESIAN_POINT('Ctrl Pts',(19.6026551522457,16.1077788304703,-3.30527911349115));
#1640=CARTESIAN_POINT('Ctrl Pts',(19.6291448087632,15.5578619271476,-5.98529969246057));
#1641=CARTESIAN_POINT('Ctrl Pts',(19.6556344652807,14.3246482788595,-8.5251049841306));
#1642=CARTESIAN_POINT('Ctrl Pts',(19.6821241217982,12.5585588185465,-10.6145911534771));
#1643=CARTESIAN_POINT('Ctrl Pts',(19.7086137783156,10.7924693582335,-12.7040773228237));
#1644=CARTESIAN_POINT('Ctrl Pts',(19.7351034348331,8.49350408589553,-14.3432443698467));
#1645=CARTESIAN_POINT('Ctrl Pts',(19.7615930913506,5.94262560524032,-15.3319979659146));
#1646=CARTESIAN_POINT('Ctrl Pts',(19.7812100829971,4.05356517845998,-16.0642222973883));
#1647=CARTESIAN_POINT('Ctrl Pts',(19.8008270746436,2.02635086756452,-16.4397478073496));
#1648=CARTESIAN_POINT('Ctrl Pts',(19.8204440662901,-0.000268959164832216,
-16.4417724677161));
#1649=CARTESIAN_POINT('Ctrl Pts',(19.679555933726,-0.00041652327231421,
-16.4422926113757));
#1650=CARTESIAN_POINT('Ctrl Pts',(19.6582857277669,2.19681184822387,-16.4400256589853));
#1651=CARTESIAN_POINT('Ctrl Pts',(19.6370155218079,4.39493039752096,-15.9967647650689));
#1652=CARTESIAN_POINT('Ctrl Pts',(19.6157453158488,6.41751184879744,-15.1394038790423));
#1653=CARTESIAN_POINT('Ctrl Pts',(19.5892556593313,8.93641025655308,-14.0716570304191));
#1654=CARTESIAN_POINT('Ctrl Pts',(19.5627660028138,11.183052213975,-12.3616448418396));
#1655=CARTESIAN_POINT('Ctrl Pts',(19.5362763462963,12.8831485515762,-10.2181437701784));
#1656=CARTESIAN_POINT('Ctrl Pts',(19.5097866897788,14.5832448891774,-8.07464269851719));
#1657=CARTESIAN_POINT('Ctrl Pts',(19.4832970332613,15.7367956069579,-5.4976527437742));
#1658=CARTESIAN_POINT('Ctrl Pts',(19.4568073767438,16.2029601325279,-2.80180082282592));
#1659=CARTESIAN_POINT('Ctrl Pts',(19.4303177202264,16.669124658098,-0.105948901877642));
#1660=CARTESIAN_POINT('Ctrl Pts',(19.4038280637089,16.4479029914577,2.70876498527594));
#1661=CARTESIAN_POINT('Ctrl Pts',(19.3773384071914,15.5663056210708,5.2986902488316));
#1662=CARTESIAN_POINT('Ctrl Pts',(19.3508487506739,14.6847082506839,7.88861551238729));
#1663=CARTESIAN_POINT('Ctrl Pts',(19.3243590941564,13.1427351765503,10.2537521523451));
#1664=CARTESIAN_POINT('Ctrl Pts',(19.2978694376389,11.1286464258699,12.1053387051659));
#1665=CARTESIAN_POINT('Ctrl Pts',(19.2713797811214,9.11455767518957,13.9569252579867));
#1666=CARTESIAN_POINT('Ctrl Pts',(19.2448901246039,6.6283532479624,15.2949617236705));
#1667=CARTESIAN_POINT('Ctrl Pts',(19.2184004680864,3.97357618893251,15.9560861812976));
#1668=CARTESIAN_POINT('Ctrl Pts',(19.1919108115689,1.31879912990267,16.6172106389247));
#1669=CARTESIAN_POINT('Ctrl Pts',(19.1654211550514,-1.50455056092988,16.6014230884951));
#1670=CARTESIAN_POINT('Ctrl Pts',(19.1389314985339,-4.15176804719529,15.9106510339709));
#1671=CARTESIAN_POINT('Ctrl Pts',(19.1124418420165,-6.79898553346074,15.2198789794467));
#1672=CARTESIAN_POINT('Ctrl Pts',(19.085952185499,-9.27007081515903,13.8541224208279));
#1673=CARTESIAN_POINT('Ctrl Pts',(19.0594625289815,-11.2633270201119,11.9801276736359));
#1674=CARTESIAN_POINT('Ctrl Pts',(19.032972872464,-13.2565832250648,10.1061329264439));
#1675=CARTESIAN_POINT('Ctrl Pts',(19.0064832159465,-14.7720103532722,7.72389999067861));
#1676=CARTESIAN_POINT('Ctrl Pts',(18.979993559429,-15.6245887439132,5.12427758700083));
#1677=CARTESIAN_POINT('Ctrl Pts',(18.9535039029115,-16.4771671345541,2.52465518332302));
#1678=CARTESIAN_POINT('Ctrl Pts',(18.9270142463941,-16.6668967876286,-0.292356688267291));
#1679=CARTESIAN_POINT('Ctrl Pts',(18.9005245898766,-16.1706134330981,-2.98282679499779));
#1680=CARTESIAN_POINT('Ctrl Pts',(18.8740349333591,-15.6743300785677,-5.67329690172829));
#1681=CARTESIAN_POINT('Ctrl Pts',(18.8475452768416,-14.4920337164323,-8.23722524359898));
#1682=CARTESIAN_POINT('Ctrl Pts',(18.8210556203241,-12.7680718675333,-10.3615797604927));
#1683=CARTESIAN_POINT('Ctrl Pts',(18.7945659638066,-11.0441100186343,-12.4859342773863));
#1684=CARTESIAN_POINT('Ctrl Pts',(18.7680763072891,-8.7784826829717,-14.170714969303));
#1685=CARTESIAN_POINT('Ctrl Pts',(18.7415866507716,-6.24780210648929,-15.2102256143699));
#1686=CARTESIAN_POINT('Ctrl Pts',(18.7209097450898,-4.27244075907732,-16.021631513467));
#1687=CARTESIAN_POINT('Ctrl Pts',(18.7002328394079,-2.13558720897014,-16.439885905053));
#1688=CARTESIAN_POINT('Ctrl Pts',(18.679555933726,0.000425691162439289,
-16.4420974109673));
#1689=CARTESIAN_POINT('Origin',(15.0000000000041,0.,1.20464678955304E-14));
#1690=CARTESIAN_POINT('',(17.679555933726,-0.000312351927972874,-16.44099332232));
#1691=CARTESIAN_POINT('',(17.8204440662901,-0.000182626305804678,-16.4407090089267));
#1692=CARTESIAN_POINT('',(15.0000000000041,-2.01356426715808E-15,-16.442));
#1693=CARTESIAN_POINT('Ctrl Pts',(17.8204440662901,-0.000182626305804678,
-16.4407090089267));
#1694=CARTESIAN_POINT('Ctrl Pts',(17.8317419848905,-1.16758883673736,-16.4411634853043));
#1695=CARTESIAN_POINT('Ctrl Pts',(17.843039903491,-2.3349009864668,-16.3185714875925));
#1696=CARTESIAN_POINT('Ctrl Pts',(17.8543378220914,-3.47539342764522,-16.0719517872086));
#1697=CARTESIAN_POINT('Ctrl Pts',(17.8808274786089,-6.1494481890613,-15.4937150885162));
#1698=CARTESIAN_POINT('Ctrl Pts',(17.9073171351264,-8.67606481664556,-14.2336509571866));
#1699=CARTESIAN_POINT('Ctrl Pts',(17.9338067916439,-10.7467666666219,-12.4456016303013));
#1700=CARTESIAN_POINT('Ctrl Pts',(17.9602964481613,-12.8174685165983,-10.657552303416));
#1701=CARTESIAN_POINT('Ctrl Pts',(17.9867861046788,-14.4322555889667,-8.34151778097512));
#1702=CARTESIAN_POINT('Ctrl Pts',(18.0132757611963,-15.3939772390795,-5.78026456927553));
#1703=CARTESIAN_POINT('Ctrl Pts',(18.0397654177138,-16.3556988891922,-3.21901135757593));
#1704=CARTESIAN_POINT('Ctrl Pts',(18.0662550742313,-16.6643551170493,-0.412539456617644));
#1705=CARTESIAN_POINT('Ctrl Pts',(18.0927447307488,-16.2822618372888,2.29650673574633));
#1706=CARTESIAN_POINT('Ctrl Pts',(18.1192343872663,-15.9001685575284,5.00555292811033));
#1707=CARTESIAN_POINT('Ctrl Pts',(18.1457240437838,-14.8273257701503,7.61717341188001));
#1708=CARTESIAN_POINT('Ctrl Pts',(18.1722137003012,-13.1947177082351,9.81251335440813));
#1709=CARTESIAN_POINT('Ctrl Pts',(18.1987033568187,-11.5621096463199,12.0078532969362));
#1710=CARTESIAN_POINT('Ctrl Pts',(18.2251930133362,-9.36973630986745,13.7869126982228));
#1711=CARTESIAN_POINT('Ctrl Pts',(18.2516826698537,-6.88526631300503,14.9324847738916));
#1712=CARTESIAN_POINT('Ctrl Pts',(18.2781723263712,-4.40079631614262,16.0780568495603));
#1713=CARTESIAN_POINT('Ctrl Pts',(18.3046619828887,-1.62422965887017,16.5901415996113));
#1714=CARTESIAN_POINT('Ctrl Pts',(18.3311516394062,1.10544041778364,16.4062181873428));
#1715=CARTESIAN_POINT('Ctrl Pts',(18.3576412959237,3.83511049443748,16.2222947750743));
#1716=CARTESIAN_POINT('Ctrl Pts',(18.3841309524412,6.51788399047268,15.3423632004863));
#1717=CARTESIAN_POINT('Ctrl Pts',(18.4106206089586,8.82621894175541,13.8738550133412));
#1718=CARTESIAN_POINT('Ctrl Pts',(18.4371102654761,11.1345538930381,12.405346826196));
#1719=CARTESIAN_POINT('Ctrl Pts',(18.4635999219936,13.0684502995684,10.3482620264936));
#1720=CARTESIAN_POINT('Ctrl Pts',(18.4900895785111,14.3917972097196,7.95375174107769));
#1721=CARTESIAN_POINT('Ctrl Pts',(18.5165792350286,15.7151441198709,5.55924145566176));
#1722=CARTESIAN_POINT('Ctrl Pts',(18.5430688915461,16.4279415336432,2.8273056845323));
#1723=CARTESIAN_POINT('Ctrl Pts',(18.5695585480636,16.4431634321327,0.0914886514231456));
#1724=CARTESIAN_POINT('Ctrl Pts',(18.5960482045811,16.4583853306221,-2.64432838168602));
#1725=CARTESIAN_POINT('Ctrl Pts',(18.6225378610986,15.7760317138287,-5.38402667677488));
#1726=CARTESIAN_POINT('Ctrl Pts',(18.6490275176161,14.4794117052919,-7.79311428185358));
#1727=CARTESIAN_POINT('Ctrl Pts',(18.6755171741336,13.1827916967551,-10.2022018869323));
#1728=CARTESIAN_POINT('Ctrl Pts',(18.7020068306511,11.2719052964749,-12.2806788020008));
#1729=CARTESIAN_POINT('Ctrl Pts',(18.7284964871685,8.98005410400357,-13.7747821131826));
#1730=CARTESIAN_POINT('Ctrl Pts',(18.754986143686,6.68820291153227,-15.2688854243644));
#1731=CARTESIAN_POINT('Ctrl Pts',(18.7814758002035,4.01538692686985,-16.1786151316595));
#1732=CARTESIAN_POINT('Ctrl Pts',(18.807965456721,1.28793248482042,-16.3929016191145));
#1733=CARTESIAN_POINT('Ctrl Pts',(18.812124993244,0.859654135530447,-16.4265499403138));
#1734=CARTESIAN_POINT('Ctrl Pts',(18.8162845297671,0.43002857511887,-16.4430508366951));
#1735=CARTESIAN_POINT('Ctrl Pts',(18.8204440662901,0.000370907816422683,
-16.4426317526266));
#1736=CARTESIAN_POINT('Ctrl Pts',(18.679555933726,0.000425691162439289,
-16.4420974109673));
#1737=CARTESIAN_POINT('Ctrl Pts',(18.6737431828904,0.600907743998086,-16.4427191158321));
#1738=CARTESIAN_POINT('Ctrl Pts',(18.6679304320548,1.20132336021436,-16.4104609257649));
#1739=CARTESIAN_POINT('Ctrl Pts',(18.6621176812192,1.798065965357,-16.3448142594261));
#1740=CARTESIAN_POINT('Ctrl Pts',(18.6356280247017,4.51751964341873,-16.0456516611982));
#1741=CARTESIAN_POINT('Ctrl Pts',(18.6091383681842,7.16069318224001,-15.0530858665253));
#1742=CARTESIAN_POINT('Ctrl Pts',(18.5826487116667,9.40487941325923,-13.4883000266348));
#1743=CARTESIAN_POINT('Ctrl Pts',(18.5561590551492,11.6490656442784,-11.9235141867442));
#1744=CARTESIAN_POINT('Ctrl Pts',(18.5296693986317,13.4942645674956,-9.78650830163597));
#1745=CARTESIAN_POINT('Ctrl Pts',(18.5031797421142,14.7151943704263,-7.33819112819712));
#1746=CARTESIAN_POINT('Ctrl Pts',(18.4766900855967,15.936124173357,-4.88987395475826));
#1747=CARTESIAN_POINT('Ctrl Pts',(18.4502004290793,16.5327848560012,-2.13024549298877));
#1748=CARTESIAN_POINT('Ctrl Pts',(18.4237107725618,16.4323296391056,0.603769012194105));
#1749=CARTESIAN_POINT('Ctrl Pts',(18.3972211160443,16.3318744222099,3.33778351737697));
#1750=CARTESIAN_POINT('Ctrl Pts',(18.3707314595268,15.5343033057744,6.04618406597319));
#1751=CARTESIAN_POINT('Ctrl Pts',(18.3442418030093,14.1369923847458,8.398299869896));
#1752=CARTESIAN_POINT('Ctrl Pts',(18.3177521464918,12.7396814637172,10.7504156738188));
#1753=CARTESIAN_POINT('Ctrl Pts',(18.2912624899743,10.7426307380957,12.7462467330682));
#1754=CARTESIAN_POINT('Ctrl Pts',(18.2647728334568,8.38966172753601,14.1421204381605));
#1755=CARTESIAN_POINT('Ctrl Pts',(18.2382831769393,6.03669271697636,15.5379941432527));
#1756=CARTESIAN_POINT('Ctrl Pts',(18.2117935204218,3.32780542147862,16.3339104941878));
#1757=CARTESIAN_POINT('Ctrl Pts',(18.1853038639043,0.593730056371638,16.432695427421));
#1758=CARTESIAN_POINT('Ctrl Pts',(18.1588142073868,-2.14034530873536,16.5314803606542));
#1759=CARTESIAN_POINT('Ctrl Pts',(18.1323245508694,-4.8996087434516,15.9331338761855));
#1760=CARTESIAN_POINT('Ctrl Pts',(18.1058348943519,-7.34717956924571,14.7107085746237));
#1761=CARTESIAN_POINT('Ctrl Pts',(18.0793452378344,-9.79475039503977,13.4882832730619));
#1762=CARTESIAN_POINT('Ctrl Pts',(18.0528555813169,-11.9306286119117,11.641779154407));
#1763=CARTESIAN_POINT('Ctrl Pts',(18.0263659247994,-13.4940431409594,9.39663738259971));
#1764=CARTESIAN_POINT('Ctrl Pts',(17.9998762682819,-15.0574576700071,7.15149561079237));
#1765=CARTESIAN_POINT('Ctrl Pts',(17.9733866117644,-16.0484085112306,4.50771618583261));
#1766=CARTESIAN_POINT('Ctrl Pts',(17.9468969552469,-16.3459096842505,1.78808025115112));
#1767=CARTESIAN_POINT('Ctrl Pts',(17.9204072987295,-16.6434108572703,-0.93155568353036));
#1768=CARTESIAN_POINT('Ctrl Pts',(17.893917642212,-16.2474623620866,-3.72704812793358));
#1769=CARTESIAN_POINT('Ctrl Pts',(17.8674279856945,-15.2064058670017,-6.25709317480538));
#1770=CARTESIAN_POINT('Ctrl Pts',(17.840938329177,-14.1653493719168,-8.78713822167717));
#1771=CARTESIAN_POINT('Ctrl Pts',(17.8144486726595,-12.4791848769308,-11.0517358710176));
#1772=CARTESIAN_POINT('Ctrl Pts',(17.787959016142,-10.3537775531539,-12.7743995854995));
#1773=CARTESIAN_POINT('Ctrl Pts',(17.7614693596245,-8.22837022937698,-14.4970632999814));
#1774=CARTESIAN_POINT('Ctrl Pts',(17.734979703107,-5.66372007680921,-15.6777930796047));
#1775=CARTESIAN_POINT('Ctrl Pts',(17.7084900465895,-2.97294728275958,-16.1724326817003));
#1776=CARTESIAN_POINT('Ctrl Pts',(17.6988453423017,-1.99325515699556,-16.3525276062274));
#1777=CARTESIAN_POINT('Ctrl Pts',(17.6892006380139,-0.99684372559699,-16.4416717606459));
#1778=CARTESIAN_POINT('Ctrl Pts',(17.679555933726,-0.000312351927972874,
-16.44099332232));
#1779=CARTESIAN_POINT('Origin',(15.0000000000041,0.,1.20464678955304E-14));
#1780=CARTESIAN_POINT('',(16.679555933726,0.000149138157667932,-16.443308158259));
#1781=CARTESIAN_POINT('',(16.8204440662901,-2.9268971157622E-5,-16.4434135643518));
#1782=CARTESIAN_POINT('',(15.0000000000041,-2.01356426715808E-15,-16.442));
#1783=CARTESIAN_POINT('Ctrl Pts',(16.8204440662901,-2.9268971157622E-5,
-16.4434135643518));
#1784=CARTESIAN_POINT('Ctrl Pts',(16.8207097834965,-0.0274726401688507,
-16.4434164077612));
#1785=CARTESIAN_POINT('Ctrl Pts',(16.8209755007029,-0.0549159973667571,
-16.4433491448044));
#1786=CARTESIAN_POINT('Ctrl Pts',(16.8212412179093,-0.0823590030012827,
-16.443211691208));
#1787=CARTESIAN_POINT('Ctrl Pts',(16.8477308744268,-2.81818406632425,-16.4295087827475));
#1788=CARTESIAN_POINT('Ctrl Pts',(16.8742205309443,-5.55051517767955,-15.7182283205331));
#1789=CARTESIAN_POINT('Ctrl Pts',(16.9007101874618,-7.94575984745675,-14.3962111047941));
#1790=CARTESIAN_POINT('Ctrl Pts',(16.9271998439793,-10.341004517234,-13.0741938890551));
#1791=CARTESIAN_POINT('Ctrl Pts',(16.9536895004968,-12.3991627454331,-11.1414399197915));
#1792=CARTESIAN_POINT('Ctrl Pts',(16.9801791570142,-13.8689523486819,-8.83392067415393));
#1793=CARTESIAN_POINT('Ctrl Pts',(17.0066688135317,-15.3387419519307,-6.52640142851635));
#1794=CARTESIAN_POINT('Ctrl Pts',(17.0331584700492,-16.2201629302293,-3.84411690650476));
#1795=CARTESIAN_POINT('Ctrl Pts',(17.0596481265667,-16.4056018917293,-1.11454936962938));
#1796=CARTESIAN_POINT('Ctrl Pts',(17.0861377830842,-16.5910408532294,1.615018167246));
#1797=CARTESIAN_POINT('Ctrl Pts',(17.1126274396017,-16.0804977979308,4.39186871898517));
#1798=CARTESIAN_POINT('Ctrl Pts',(17.1391170961192,-14.9363053355833,6.87697438191244));
#1799=CARTESIAN_POINT('Ctrl Pts',(17.1656067526366,-13.7921128732357,9.36208004483974));
#1800=CARTESIAN_POINT('Ctrl Pts',(17.1920964091541,-12.0142710038391,11.5554408189551));
#1801=CARTESIAN_POINT('Ctrl Pts',(17.2185860656716,-9.81983786243438,13.1892675339746));
#1802=CARTESIAN_POINT('Ctrl Pts',(17.2450757221891,-7.62540472102968,14.823094248994));
#1803=CARTESIAN_POINT('Ctrl Pts',(17.2715653787066,-5.01438030761692,15.8973869049175));
#1804=CARTESIAN_POINT('Ctrl Pts',(17.2980550352241,-2.30554668008245,16.280984252594));
#1805=CARTESIAN_POINT('Ctrl Pts',(17.3245446917416,0.403286947452015,16.6645816002705));
#1806=CARTESIAN_POINT('Ctrl Pts',(17.3510343482591,3.20992978910819,16.3574836397001));
#1807=CARTESIAN_POINT('Ctrl Pts',(17.3775240047766,5.771716576719,15.3971842063827));
#1808=CARTESIAN_POINT('Ctrl Pts',(17.4040136612941,8.33350336432979,14.4368847730653));
#1809=CARTESIAN_POINT('Ctrl Pts',(17.4305033178115,10.6504340978952,12.823383867001));
#1810=CARTESIAN_POINT('Ctrl Pts',(17.456992974329,12.4396328519991,10.7536751036436));
#1811=CARTESIAN_POINT('Ctrl Pts',(17.4834826308465,14.228831606103,8.68396634028626));
#1812=CARTESIAN_POINT('Ctrl Pts',(17.509972287364,15.4902983807454,6.15804971963584));
#1813=CARTESIAN_POINT('Ctrl Pts',(17.5364619438815,16.070019688996,3.48431642112466));
#1814=CARTESIAN_POINT('Ctrl Pts',(17.562951600399,16.6497409972466,0.810583122613501));
#1815=CARTESIAN_POINT('Ctrl Pts',(17.5894412569165,16.5477168391054,-2.01096685375842));
#1816=CARTESIAN_POINT('Ctrl Pts',(17.615930913434,15.7764034255937,-4.63584821582874));
#1817=CARTESIAN_POINT('Ctrl Pts',(17.6424205699515,15.0050900120821,-7.26072957789903));
#1818=CARTESIAN_POINT('Ctrl Pts',(17.668910226469,13.5644873431998,-9.68894232566772));
#1819=CARTESIAN_POINT('Ctrl Pts',(17.6953998829865,11.6304797504169,-11.6240240236479));
#1820=CARTESIAN_POINT('Ctrl Pts',(17.7218895395039,9.69647215763395,-13.559105721628));
#1821=CARTESIAN_POINT('Ctrl Pts',(17.7483791960214,7.26905964095031,-15.0010563698197));
#1822=CARTESIAN_POINT('Ctrl Pts',(17.7748688525389,4.64460693498452,-15.7738270608879));
#1823=CARTESIAN_POINT('Ctrl Pts',(17.790060590456,3.13949124356782,-16.2170087156191));
#1824=CARTESIAN_POINT('Ctrl Pts',(17.805252328373,1.56956927391675,-16.4400978976005));
#1825=CARTESIAN_POINT('Ctrl Pts',(17.8204440662901,-0.000182626305804678,
-16.4407090089267));
#1826=CARTESIAN_POINT('Ctrl Pts',(17.679555933726,-0.000312351927972874,
-16.44099332232));
#1827=CARTESIAN_POINT('Ctrl Pts',(17.6627109814964,1.74017889423302,-16.4398083962871));
#1828=CARTESIAN_POINT('Ctrl Pts',(17.6458660292667,3.48103601645957,-16.1646255152996));
#1829=CARTESIAN_POINT('Ctrl Pts',(17.6290210770371,5.13382200828556,-15.6214553092034));
#1830=CARTESIAN_POINT('Ctrl Pts',(17.6025314205196,7.73292306974963,-14.7672889100432));
#1831=CARTESIAN_POINT('Ctrl Pts',(17.5760417640021,10.1142297571463,-13.2504066871553));
#1832=CARTESIAN_POINT('Ctrl Pts',(17.5495521074846,11.9870064333949,-11.2560060037274));
#1833=CARTESIAN_POINT('Ctrl Pts',(17.5230624509671,13.8597831096434,-9.26160532029948));
#1834=CARTESIAN_POINT('Ctrl Pts',(17.4965727944496,15.2240297747438,-6.78968617633158));
#1835=CARTESIAN_POINT('Ctrl Pts',(17.4700831379321,15.9131844627756,-4.1420471561625));
#1836=CARTESIAN_POINT('Ctrl Pts',(17.4435934814146,16.6023391508073,-1.49440813599342));
#1837=CARTESIAN_POINT('Ctrl Pts',(17.4171038248972,16.6164018617704,1.3289507603769));
#1838=CARTESIAN_POINT('Ctrl Pts',(17.3906141683797,15.9536556680416,3.98332338829786));
#1839=CARTESIAN_POINT('Ctrl Pts',(17.3641245118622,15.2909094743128,6.63769601621881));
#1840=CARTESIAN_POINT('Ctrl Pts',(17.3376348553447,13.951354375892,9.12308237569043));
#1841=CARTESIAN_POINT('Ctrl Pts',(17.3111451988272,12.0985377255857,11.1360396592674));
#1842=CARTESIAN_POINT('Ctrl Pts',(17.2846555423097,10.2457210752793,13.1489969428444));
#1843=CARTESIAN_POINT('Ctrl Pts',(17.2581658857922,7.87964287308739,14.6895251505267));
#1844=CARTESIAN_POINT('Ctrl Pts',(17.2316762292747,5.28917949815798,15.5695399619405));
#1845=CARTESIAN_POINT('Ctrl Pts',(17.2051865727572,2.6987161232286,16.4495547733542));
#1846=CARTESIAN_POINT('Ctrl Pts',(17.1786969162397,-0.116132424438294,16.6690561884994));
#1847=CARTESIAN_POINT('Ctrl Pts',(17.1522072597222,-2.81169903546845,16.2012451041314));
#1848=CARTESIAN_POINT('Ctrl Pts',(17.1257176032048,-5.50726564649856,15.7334340197635));
#1849=CARTESIAN_POINT('Ctrl Pts',(17.0992279466873,-8.08355032089205,14.5783104358825));
#1850=CARTESIAN_POINT('Ctrl Pts',(17.0727382901698,-10.2260124032706,12.8769043142501));
#1851=CARTESIAN_POINT('Ctrl Pts',(17.0462486336523,-12.3684744856491,11.1754981926177));
#1852=CARTESIAN_POINT('Ctrl Pts',(17.0197589771348,-14.0771139760127,8.92780953323393));
#1853=CARTESIAN_POINT('Ctrl Pts',(16.9932693206173,-15.1433217130968,6.40826044132478));
#1854=CARTESIAN_POINT('Ctrl Pts',(16.9667796640998,-16.2095294501809,3.88871134941563));
#1855=CARTESIAN_POINT('Ctrl Pts',(16.9402900075823,-16.6333054339854,1.09730182498117));
#1856=CARTESIAN_POINT('Ctrl Pts',(16.9138003510649,-16.3629105158812,-1.62516271168806));
#1857=CARTESIAN_POINT('Ctrl Pts',(16.8873106945474,-16.092515597777,-4.34762724835729));
#1858=CARTESIAN_POINT('Ctrl Pts',(16.8608210380299,-15.1279497777641,-7.0011467972613));
#1859=CARTESIAN_POINT('Ctrl Pts',(16.8343313815124,-13.5869776678816,-9.26175103545128));
#1860=CARTESIAN_POINT('Ctrl Pts',(16.8078417249949,-12.0460055579991,-11.5223552736413));
#1861=CARTESIAN_POINT('Ctrl Pts',(16.7813520684774,-9.92862715824706,-13.3900442011172));
#1862=CARTESIAN_POINT('Ctrl Pts',(16.7548624119599,-7.49335489008311,-14.6367901836934));
#1863=CARTESIAN_POINT('Ctrl Pts',(16.7297602525486,-5.18563932400872,-15.8182330755393));
#1864=CARTESIAN_POINT('Ctrl Pts',(16.7046580931373,-2.59245954969349,-16.4420779645861));
#1865=CARTESIAN_POINT('Ctrl Pts',(16.679555933726,0.000149138157667932,
-16.443308158259));
#1866=CARTESIAN_POINT('Origin',(15.0000000000041,0.,1.20464678955304E-14));
#1867=CARTESIAN_POINT('',(15.679555933726,7.94132663057124E-5,-16.4406089801583));
#1868=CARTESIAN_POINT('',(15.8204440662901,0.000227946529590684,-16.4407834458883));
#1869=CARTESIAN_POINT('',(15.0000000000041,-2.01356426715808E-15,-16.442));
#1870=CARTESIAN_POINT('Ctrl Pts',(15.8204440662901,0.000227946529590684,
-16.4407834458883));
#1871=CARTESIAN_POINT('Ctrl Pts',(15.8361672386199,-1.62441565894456,-16.4399895374792));
#1872=CARTESIAN_POINT('Ctrl Pts',(15.8518904109498,-3.24928797139313,-16.2007762906851));
#1873=CARTESIAN_POINT('Ctrl Pts',(15.8676135832797,-4.8023824597602,-15.7265099891057));
#1874=CARTESIAN_POINT('Ctrl Pts',(15.8941032397972,-7.41896254124141,-14.9274885726205));
#1875=CARTESIAN_POINT('Ctrl Pts',(15.9205928963147,-9.83180905343085,-13.4612945518228));
#1876=CARTESIAN_POINT('Ctrl Pts',(15.9470825528322,-11.7463356368262,-11.506936726787));
#1877=CARTESIAN_POINT('Ctrl Pts',(15.9735722093496,-13.6608622202216,-9.55257890175122));
#1878=CARTESIAN_POINT('Ctrl Pts',(16.0000618658671,-15.0770688748229,-7.11005727247728));
#1879=CARTESIAN_POINT('Ctrl Pts',(16.0265515223846,-15.8220497980544,-4.47758125723471));
#1880=CARTESIAN_POINT('Ctrl Pts',(16.0530411789021,-16.567030721286,-1.84510524199213));
#1881=CARTESIAN_POINT('Ctrl Pts',(16.0795308354196,-16.6407859131478,0.977325159219101));
#1882=CARTESIAN_POINT('Ctrl Pts',(16.1060204919371,-16.0343105433056,3.64511716246468));
#1883=CARTESIAN_POINT('Ctrl Pts',(16.1325101484546,-15.4278351734633,6.31290916571023));
#1884=CARTESIAN_POINT('Ctrl Pts',(16.1589998049721,-14.1411292419171,8.82606277099014));
#1885=CARTESIAN_POINT('Ctrl Pts',(16.1854894614895,-12.3312877044418,10.8777450456212));
#1886=CARTESIAN_POINT('Ctrl Pts',(16.211979118007,-10.5214461669665,12.9294273202523));
#1887=CARTESIAN_POINT('Ctrl Pts',(16.2384687745245,-8.18846902356217,14.5196382642345));
#1888=CARTESIAN_POINT('Ctrl Pts',(16.264958431042,-5.61719131864859,15.4542277522028));
#1889=CARTESIAN_POINT('Ctrl Pts',(16.2914480875595,-3.04591361373503,16.388817240171));
#1890=CARTESIAN_POINT('Ctrl Pts',(16.317937744077,-0.236335347312255,16.6677852721251));
#1891=CARTESIAN_POINT('Ctrl Pts',(16.3444274005945,2.46851982409583,16.257072418037));
#1892=CARTESIAN_POINT('Ctrl Pts',(16.370917057112,5.17337499550393,15.8463595639489));
#1893=CARTESIAN_POINT('Ctrl Pts',(16.3974067136295,7.77350707189731,14.7459658238185));
#1894=CARTESIAN_POINT('Ctrl Pts',(16.423896370147,9.95146384952392,13.0902391490329));
#1895=CARTESIAN_POINT('Ctrl Pts',(16.4503860266644,12.1294206271505,11.4345124742473));
#1896=CARTESIAN_POINT('Ctrl Pts',(16.4768756831819,13.8852021060104,9.22345286480644));
#1897=CARTESIAN_POINT('Ctrl Pts',(16.5033653396994,15.004443521778,6.72701035594775));
#1898=CARTESIAN_POINT('Ctrl Pts',(16.5298549962169,16.1236849375456,4.23056784708907));
#1899=CARTESIAN_POINT('Ctrl Pts',(16.5563446527344,16.6063862902211,1.44874243881247));
#1900=CARTESIAN_POINT('Ctrl Pts',(16.5828343092519,16.3936141857849,-1.27883058099468));
#1901=CARTESIAN_POINT('Ctrl Pts',(16.6093239657694,16.1808420813486,-4.00640360080189));
#1902=CARTESIAN_POINT('Ctrl Pts',(16.6358136222869,15.2725965198006,-6.67972423213966));
#1903=CARTESIAN_POINT('Ctrl Pts',(16.6623032788044,13.7797659278017,-8.97240462207596));
#1904=CARTESIAN_POINT('Ctrl Pts',(16.6887929353219,12.2869353358027,-11.2650850120122));
#1905=CARTESIAN_POINT('Ctrl Pts',(16.7152825918394,10.2095197133528,-13.177125160547));
#1906=CARTESIAN_POINT('Ctrl Pts',(16.7417722483568,7.80115239448253,-14.4750825574611));
#1907=CARTESIAN_POINT('Ctrl Pts',(16.7679961876679,5.41694335926418,-15.7600201700934));
#1908=CARTESIAN_POINT('Ctrl Pts',(16.794220126979,2.70838886657027,-16.4431329449728));
#1909=CARTESIAN_POINT('Ctrl Pts',(16.8204440662901,-2.9268971157622E-5,
-16.4434135643518));
#1910=CARTESIAN_POINT('Ctrl Pts',(16.679555933726,0.000149138157667932,
-16.443308158259));
#1911=CARTESIAN_POINT('Ctrl Pts',(16.6781684366198,0.143453026597251,-16.4433761560011));
#1912=CARTESIAN_POINT('Ctrl Pts',(16.6767809395137,0.286755170243987,-16.4415419309881));
#1913=CARTESIAN_POINT('Ctrl Pts',(16.6753934424075,0.430007265149271,-16.4377945035858));
#1914=CARTESIAN_POINT('Ctrl Pts',(16.64890378589,3.16493101564185,-16.3662498032256));
#1915=CARTESIAN_POINT('Ctrl Pts',(16.6224141293725,5.88161238005118,-15.5973573648289));
#1916=CARTESIAN_POINT('Ctrl Pts',(16.595924472855,8.24836955888193,-14.224991880852));
#1917=CARTESIAN_POINT('Ctrl Pts',(16.5694348163375,10.6151267377127,-12.8526263968751));
#1918=CARTESIAN_POINT('Ctrl Pts',(16.54294515982,12.6319597309648,-10.8767878673181));
#1919=CARTESIAN_POINT('Ctrl Pts',(16.5164555033025,14.0526317862362,-8.53870799773943));
#1920=CARTESIAN_POINT('Ctrl Pts',(16.489965846785,15.4733038415077,-6.20062812816077));
#1921=CARTESIAN_POINT('Ctrl Pts',(16.4634761902675,16.2978149587984,-3.5003069185605));
#1922=CARTESIAN_POINT('Ctrl Pts',(16.43698653375,16.4254999166842,-0.767428744055128));
#1923=CARTESIAN_POINT('Ctrl Pts',(16.4104968772325,16.5531848745701,1.96544943045026));
#1924=CARTESIAN_POINT('Ctrl Pts',(16.3840072207151,15.9840436730512,4.73088456986077));
#1925=CARTESIAN_POINT('Ctrl Pts',(16.3575175641976,14.7875632163923,7.19124248731739));
#1926=CARTESIAN_POINT('Ctrl Pts',(16.3310279076801,13.5910827597334,9.65160040477397));
#1927=CARTESIAN_POINT('Ctrl Pts',(16.3045382511626,11.7672630479345,11.8068811002766));
#1928=CARTESIAN_POINT('Ctrl Pts',(16.2780485946451,9.53877568757038,13.3939446307805));
#1929=CARTESIAN_POINT('Ctrl Pts',(16.2515589381276,7.31028832720624,14.9810081612843));
#1930=CARTESIAN_POINT('Ctrl Pts',(16.2250692816101,4.67713331827685,15.9998545267893));
#1931=CARTESIAN_POINT('Ctrl Pts',(16.1985796250926,1.96079466076606,16.3260919600653));
#1932=CARTESIAN_POINT('Ctrl Pts',(16.1720899685751,-0.755543996744779,16.6523293933413));
#1933=CARTESIAN_POINT('Ctrl Pts',(16.1456003120576,-3.55506630283705,16.2859578943883));
#1934=CARTESIAN_POINT('Ctrl Pts',(16.1191106555402,-6.09597634122217,15.2717080523907));
#1935=CARTESIAN_POINT('Ctrl Pts',(16.0926209990227,-8.63688637960725,14.2574582103932));
#1936=CARTESIAN_POINT('Ctrl Pts',(16.0661313425052,-10.9191841502852,12.5953300253513));
#1937=CARTESIAN_POINT('Ctrl Pts',(16.0396416859877,-12.6642220939656,10.4882540560815));
#1938=CARTESIAN_POINT('Ctrl Pts',(16.0131520294702,-14.4092600376459,8.38117808681181));
#1939=CARTESIAN_POINT('Ctrl Pts',(15.9866623729527,-15.6170381543287,5.82915433331437));
#1940=CARTESIAN_POINT('Ctrl Pts',(15.9601727164352,-16.1400978482503,3.14376141574108));
#1941=CARTESIAN_POINT('Ctrl Pts',(15.9336830599177,-16.6631575421719,0.458368498167821));
#1942=CARTESIAN_POINT('Ctrl Pts',(15.9071934034003,-16.5014988133325,-2.36039358348125));
#1943=CARTESIAN_POINT('Ctrl Pts',(15.8807037468828,-15.674858705166,-4.96837991333969));
#1944=CARTESIAN_POINT('Ctrl Pts',(15.8542140903653,-14.8482185969995,-7.57636624319814));
#1945=CARTESIAN_POINT('Ctrl Pts',(15.8277244338478,-13.3565971095059,-9.97357682126598));
#1946=CARTESIAN_POINT('Ctrl Pts',(15.8012347773303,-11.3821075024952,-11.8673342917371));
#1947=CARTESIAN_POINT('Ctrl Pts',(15.7747451208128,-9.40761789548453,-13.7610917622082));
#1948=CARTESIAN_POINT('Ctrl Pts',(15.7482554642953,-6.9502601689568,-15.1513961250826));
#1949=CARTESIAN_POINT('Ctrl Pts',(15.7217658077778,-4.31005509215517,-15.8685040092878));
#1950=CARTESIAN_POINT('Ctrl Pts',(15.7076958497606,-2.90771246219078,-16.2493952382081));
#1951=CARTESIAN_POINT('Ctrl Pts',(15.6936258917433,-1.45378504775703,-16.4403646815205));
#1952=CARTESIAN_POINT('Ctrl Pts',(15.679555933726,7.94132663057124E-5,-16.4406089801583));
#1953=CARTESIAN_POINT('Origin',(15.0000000000041,0.,1.20464678955304E-14));
#1954=CARTESIAN_POINT('',(14.679555933726,-0.000298330177401777,-16.4429566113425));
#1955=CARTESIAN_POINT('',(14.8204440662901,-0.000395571261827821,-16.4424640262003));
#1956=CARTESIAN_POINT('',(15.0000000000041,-2.01356426715808E-15,-16.442));
#1957=CARTESIAN_POINT('Ctrl Pts',(14.8204440662901,-0.000395571261827821,
-16.4424640262003));
#1958=CARTESIAN_POINT('Ctrl Pts',(14.8251350372259,-0.484961818140598,-16.442954399486));
#1959=CARTESIAN_POINT('Ctrl Pts',(14.8298260081618,-0.969485723107298,-16.4219614149513));
#1960=CARTESIAN_POINT('Ctrl Pts',(14.8345169790976,-1.45207779958789,-16.3791777507663));
#1961=CARTESIAN_POINT('Ctrl Pts',(14.8610066356151,-4.17724888226197,-16.1375807372016));
#1962=CARTESIAN_POINT('Ctrl Pts',(14.8874962921326,-6.8408178340191,-15.2011227097154));
#1963=CARTESIAN_POINT('Ctrl Pts',(14.9139859486501,-9.11758739228267,-13.6841365774879));
#1964=CARTESIAN_POINT('Ctrl Pts',(14.9404756051676,-11.3943569505463,-12.1671504452603));
#1965=CARTESIAN_POINT('Ctrl Pts',(14.9669652616851,-13.2843271153163,-10.0696362082914));
#1966=CARTESIAN_POINT('Ctrl Pts',(14.9934549182025,-14.5567499183341,-7.64768105652518));
#1967=CARTESIAN_POINT('Ctrl Pts',(15.01994457472,-15.8291727213519,-5.22572590475905));
#1968=CARTESIAN_POINT('Ctrl Pts',(15.0464342312375,-16.4840481626175,-2.47932983819565));
#1969=CARTESIAN_POINT('Ctrl Pts',(15.072923887755,-16.4414219759995,0.256197451929705));
#1970=CARTESIAN_POINT('Ctrl Pts',(15.0994135442725,-16.3987957893815,2.99172474205506));
#1971=CARTESIAN_POINT('Ctrl Pts',(15.12590320079,-15.6586679748799,5.71638325574237));
#1972=CARTESIAN_POINT('Ctrl Pts',(15.1523928573075,-14.3114013290252,8.09751725696399));
#1973=CARTESIAN_POINT('Ctrl Pts',(15.1788825138249,-12.9641346831705,10.4786512581856));
#1974=CARTESIAN_POINT('Ctrl Pts',(15.2053721703424,-11.0097292059628,12.5162607469415));
#1975=CARTESIAN_POINT('Ctrl Pts',(15.2318618268599,-8.68679982446578,13.9615723518849));
#1976=CARTESIAN_POINT('Ctrl Pts',(15.2583514833774,-6.36387044296869,15.4068839568282));
#1977=CARTESIAN_POINT('Ctrl Pts',(15.2848411398949,-3.67241715718224,16.2598976779589));
#1978=CARTESIAN_POINT('Ctrl Pts',(15.3113307964124,-0.941041650315437,16.4164683881652));
#1979=CARTESIAN_POINT('Ctrl Pts',(15.3378204529299,1.79033385655137,16.5730390983714));
#1980=CARTESIAN_POINT('Ctrl Pts',(15.3643101094474,4.56163158449854,16.0331667976531));
#1981=CARTESIAN_POINT('Ctrl Pts',(15.3907997659649,7.03450157854602,14.8627649267789));
#1982=CARTESIAN_POINT('Ctrl Pts',(15.4172894224823,9.50737157259348,13.6923630559046));
#1983=CARTESIAN_POINT('Ctrl Pts',(15.4437790789998,11.6818138327413,11.8914316148744));
#1984=CARTESIAN_POINT('Ctrl Pts',(15.4702687355173,13.2923489651992,9.67984776298797));
#1985=CARTESIAN_POINT('Ctrl Pts',(15.4967583920348,14.9028840976571,7.46826391110144));
#1986=CARTESIAN_POINT('Ctrl Pts',(15.5232480485523,15.9495121024251,4.84602764835861));
#1987=CARTESIAN_POINT('Ctrl Pts',(15.5497377050698,16.3044493297268,2.133289896293));
#1988=CARTESIAN_POINT('Ctrl Pts',(15.5762273615873,16.6593865570285,-0.57944785577253));
#1989=CARTESIAN_POINT('Ctrl Pts',(15.6027170181048,16.3226330068639,-3.38268709716083));
#1990=CARTESIAN_POINT('Ctrl Pts',(15.6292066746223,15.3353031893733,-5.93417810798181));
#1991=CARTESIAN_POINT('Ctrl Pts',(15.6556963311398,14.3479733718828,-8.48566911880278));
#1992=CARTESIAN_POINT('Ctrl Pts',(15.6821859876573,12.7100672870663,-10.7854118990564));
#1993=CARTESIAN_POINT('Ctrl Pts',(15.7086756441748,10.6215581981609,-12.5526290142876));
#1994=CARTESIAN_POINT('Ctrl Pts',(15.7351653006922,8.53304910925555,-14.3198461295188));
#1995=CARTESIAN_POINT('Ctrl Pts',(15.7616549572097,5.99393701626131,-15.5545375797274));
#1996=CARTESIAN_POINT('Ctrl Pts',(15.7881446137272,3.31422414437768,-16.1059588987455));
#1997=CARTESIAN_POINT('Ctrl Pts',(15.7989110979148,2.22507879274085,-16.3300791665187));
#1998=CARTESIAN_POINT('Ctrl Pts',(15.8096775821025,1.11270698840902,-16.4413270767889));
#1999=CARTESIAN_POINT('Ctrl Pts',(15.8204440662901,0.000227946529590684,
-16.4407834458883));
#2000=CARTESIAN_POINT('Ctrl Pts',(15.679555933726,7.94132663057124E-5,-16.4406089801583));
#2001=CARTESIAN_POINT('Ctrl Pts',(15.6671362352258,1.28342071705142,-16.4408246251106));
#2002=CARTESIAN_POINT('Ctrl Pts',(15.6547165367256,2.56671296894431,-16.2924314944648));
#2003=CARTESIAN_POINT('Ctrl Pts',(15.6422968382254,3.81443346150184,-15.9948770472915));
#2004=CARTESIAN_POINT('Ctrl Pts',(15.6158071817079,6.4756645112819,-15.3602307955538));
#2005=CARTESIAN_POINT('Ctrl Pts',(15.5893175251904,8.97507418376655,-14.0470268865423));
#2006=CARTESIAN_POINT('Ctrl Pts',(15.5628278686729,11.0075075540144,-12.2155954352832));
#2007=CARTESIAN_POINT('Ctrl Pts',(15.5363382121554,13.0399409242623,-10.3841639840241));
#2008=CARTESIAN_POINT('Ctrl Pts',(15.5098485556379,14.6053979922734,-8.03450499051754));
#2009=CARTESIAN_POINT('Ctrl Pts',(15.4833588991204,15.5127508531881,-5.45349019959758));
#2010=CARTESIAN_POINT('Ctrl Pts',(15.4568692426029,16.420103714103,-2.87247540867753));
#2011=CARTESIAN_POINT('Ctrl Pts',(15.4303795860854,16.6693523679214,-0.0601048203441051));
#2012=CARTESIAN_POINT('Ctrl Pts',(15.403889929568,16.2300658472494,2.64025699206443));
#2013=CARTESIAN_POINT('Ctrl Pts',(15.3774002730505,15.7907793265774,5.34061880447288));
#2014=CARTESIAN_POINT('Ctrl Pts',(15.350910616533,14.6629576314151,7.92897184095648));
#2015=CARTESIAN_POINT('Ctrl Pts',(15.3244209600155,12.9842974141052,10.0893020101619));
#2016=CARTESIAN_POINT('Ctrl Pts',(15.297931303498,11.3056371967954,12.2496321793673));
#2017=CARTESIAN_POINT('Ctrl Pts',(15.2714416469805,9.07613845733797,13.9819394812946));
#2018=CARTESIAN_POINT('Ctrl Pts',(15.244951990463,6.56800247909436,15.0747251326453));
#2019=CARTESIAN_POINT('Ctrl Pts',(15.2184623339455,4.05986650085067,16.167510783996));
#2020=CARTESIAN_POINT('Ctrl Pts',(15.191972677428,1.27309328382071,16.62077478477));
#2021=CARTESIAN_POINT('Ctrl Pts',(15.1654830209105,-1.45207780218223,16.3791777707737));
#2022=CARTESIAN_POINT('Ctrl Pts',(15.138993364393,-4.17724888818509,16.1375807567774));
#2023=CARTESIAN_POINT('Ctrl Pts',(15.1125037078756,-6.84081784316096,15.2011227280108));
#2024=CARTESIAN_POINT('Ctrl Pts',(15.0860140513581,-9.11758740414023,13.6841365938104));
#2025=CARTESIAN_POINT('Ctrl Pts',(15.0595243948406,-11.3943569651195,12.16715045961));
#2026=CARTESIAN_POINT('Ctrl Pts',(15.0330347383231,-13.2843271321022,10.0696362199758));
#2027=CARTESIAN_POINT('Ctrl Pts',(15.0065450818056,-14.5567499365595,7.64768106517733));
#2028=CARTESIAN_POINT('Ctrl Pts',(14.9800554252881,-15.8291727410168,5.22572591037879));
#2029=CARTESIAN_POINT('Ctrl Pts',(14.9535657687706,-16.4840481829488,2.47932984041589));
#2030=CARTESIAN_POINT('Ctrl Pts',(14.9270761122532,-16.4414219961426,-0.256197453060948));
#2031=CARTESIAN_POINT('Ctrl Pts',(14.9005864557357,-16.3987958093364,-2.99172474653771));
#2032=CARTESIAN_POINT('Ctrl Pts',(14.8740967992182,-15.658667993792,-5.71638326352846));
#2033=CARTESIAN_POINT('Ctrl Pts',(14.8476071427007,-14.3114013461673,-8.09751726760219));
#2034=CARTESIAN_POINT('Ctrl Pts',(14.8211174861832,-12.9641346985427,-10.4786512716759));
#2035=CARTESIAN_POINT('Ctrl Pts',(14.7946278296657,-11.0097292188378,-12.5162607628326));
#2036=CARTESIAN_POINT('Ctrl Pts',(14.7681381731482,-8.68679983442114,-13.9615723694323));
#2037=CARTESIAN_POINT('Ctrl Pts',(14.7416485166307,-6.3638704500045,-15.4068839760321));
#2038=CARTESIAN_POINT('Ctrl Pts',(14.7151588601132,-3.67241716087615,-16.2598976980748));
#2039=CARTESIAN_POINT('Ctrl Pts',(14.6886692035958,-0.941041650653126,-16.4164684083372));
#2040=CARTESIAN_POINT('Ctrl Pts',(14.6856314469725,-0.627815465886624,-16.4344234811707));
#2041=CARTESIAN_POINT('Ctrl Pts',(14.6825936903493,-0.314064270613842,-16.4432197475003));
#2042=CARTESIAN_POINT('Ctrl Pts',(14.679555933726,-0.000298330177401777,
-16.4429566113425));
#2043=CARTESIAN_POINT('Origin',(15.0000000000041,0.,1.20464678955304E-14));
#2044=CARTESIAN_POINT('',(13.679555933726,0.000399145642461576,-16.4414130416994));
#2045=CARTESIAN_POINT('',(13.8204440662901,0.000429418149301419,-16.441924361846));
#2046=CARTESIAN_POINT('',(15.0000000000041,-2.01356426715808E-15,-16.442));
#2047=CARTESIAN_POINT('Ctrl Pts',(13.8204440662901,0.000429418149301419,
-16.441924361846));
#2048=CARTESIAN_POINT('Ctrl Pts',(13.8405924923494,-2.08105229931232,-16.4397947480471));
#2049=CARTESIAN_POINT('Ctrl Pts',(13.8607409184087,-4.1633224332987,-16.0431615220932));
#2050=CARTESIAN_POINT('Ctrl Pts',(13.880889344468,-6.09597633298995,-15.2717080339718));
#2051=CARTESIAN_POINT('Ctrl Pts',(13.9073790009855,-8.63688636831052,-14.257458193344));
#2052=CARTESIAN_POINT('Ctrl Pts',(13.933868657503,-10.9191841362732,-12.5953300104531));
#2053=CARTESIAN_POINT('Ctrl Pts',(13.9603583140205,-12.664222077919,-10.4882540438531));
#2054=CARTESIAN_POINT('Ctrl Pts',(13.9868479705379,-14.4092600195649,-8.38117807725325));
#2055=CARTESIAN_POINT('Ctrl Pts',(14.0133376270554,-15.6170381348938,-5.82915432694438));
#2056=CARTESIAN_POINT('Ctrl Pts',(14.0398272835729,-16.1400978283076,-3.14376141268916));
#2057=CARTESIAN_POINT('Ctrl Pts',(14.0663169400904,-16.6631575217215,-0.45836849843397));
#2058=CARTESIAN_POINT('Ctrl Pts',(14.0928065966079,-16.5014987932203,2.36039357976758));
#2059=CARTESIAN_POINT('Ctrl Pts',(14.1192962531254,-15.6748586861968,4.96837990646991));
#2060=CARTESIAN_POINT('Ctrl Pts',(14.1457859096429,-14.8482185791733,7.57636623317224));
#2061=CARTESIAN_POINT('Ctrl Pts',(14.1722755661603,-13.3565970936275,9.97357680837535));
#2062=CARTESIAN_POINT('Ctrl Pts',(14.1987652226778,-11.3821074891315,11.867334276623));
#2063=CARTESIAN_POINT('Ctrl Pts',(14.2252548791953,-9.40761788463558,13.7610917448706));
#2064=CARTESIAN_POINT('Ctrl Pts',(14.2517445357128,-6.95026016118956,15.1513961061627));
#2065=CARTESIAN_POINT('Ctrl Pts',(14.2782341922303,-4.31005508766034,15.8685039896201));
#2066=CARTESIAN_POINT('Ctrl Pts',(14.3047238487478,-1.66985001413108,16.5856118730774));
#2067=CARTESIAN_POINT('Ctrl Pts',(14.3312135052653,1.15320240948139,16.6295232787001));
#2068=CARTESIAN_POINT('Ctrl Pts',(14.3577031617828,3.81443345603055,15.9948770278727));
#2069=CARTESIAN_POINT('Ctrl Pts',(14.3841928183003,6.4756645025797,15.3602307770453));
#2070=CARTESIAN_POINT('Ctrl Pts',(14.4106824748178,8.97507417206555,14.0470268697679));
#2071=CARTESIAN_POINT('Ctrl Pts',(14.4371721313353,11.0075075399129,12.2155954208551));
#2072=CARTESIAN_POINT('Ctrl Pts',(14.4636617878527,13.0399409077602,10.3841639719422));
#2073=CARTESIAN_POINT('Ctrl Pts',(14.4901514443702,14.605397973969,8.03450498139381));
#2074=CARTESIAN_POINT('Ctrl Pts',(14.5166411008877,15.5127508338998,5.453490193683));
#2075=CARTESIAN_POINT('Ctrl Pts',(14.5431307574052,16.4201036938305,2.87247540597218));
#2076=CARTESIAN_POINT('Ctrl Pts',(14.5696204139227,16.6693523474831,0.0601048210989269));
#2077=CARTESIAN_POINT('Ctrl Pts',(14.5961100704402,16.2300658274839,-2.64025698802098));
#2078=CARTESIAN_POINT('Ctrl Pts',(14.6225997269577,15.7907793074847,-5.34061879714085));
#2079=CARTESIAN_POINT('Ctrl Pts',(14.6490893834752,14.6629576138336,-7.92897183050738));
#2080=CARTESIAN_POINT('Ctrl Pts',(14.6755790399927,12.984297398689,-10.0893019971479));
#2081=CARTESIAN_POINT('Ctrl Pts',(14.7020686965102,11.3056371835444,-12.2496321637883));
#2082=CARTESIAN_POINT('Ctrl Pts',(14.7285583530277,9.07613844690632,-13.9819394637028));
#2083=CARTESIAN_POINT('Ctrl Pts',(14.7550480095451,6.56800247179179,-15.0747251138384));
#2084=CARTESIAN_POINT('Ctrl Pts',(14.7768466951268,4.50402450056242,-15.9739927498575));
#2085=CARTESIAN_POINT('Ctrl Pts',(14.7986453807084,2.25135729688541,-16.4401852883403));
#2086=CARTESIAN_POINT('Ctrl Pts',(14.8204440662901,-0.000395571261827821,
-16.4424640262003));
#2087=CARTESIAN_POINT('Ctrl Pts',(14.679555933726,-0.000298330177401777,
-16.4429566113425));
#2088=CARTESIAN_POINT('Ctrl Pts',(14.6561040338318,2.42201798345781,-16.4409251639301));
#2089=CARTESIAN_POINT('Ctrl Pts',(14.6326521339375,4.84521311663951,-15.8989485406956));
#2090=CARTESIAN_POINT('Ctrl Pts',(14.6092002340433,7.03450158790847,-14.8627649446497));
#2091=CARTESIAN_POINT('Ctrl Pts',(14.5827105775258,9.50737158492932,-13.6923630722178));
#2092=CARTESIAN_POINT('Ctrl Pts',(14.5562209210083,11.6818138476533,-11.8914316288717));
#2093=CARTESIAN_POINT('Ctrl Pts',(14.5297312644908,13.2923489819757,-9.67984777419389));
#2094=CARTESIAN_POINT('Ctrl Pts',(14.5032416079733,14.902884116298,-7.46826391951611));
#2095=CARTESIAN_POINT('Ctrl Pts',(14.4767519514558,15.9495121222188,-4.84602765350664));
#2096=CARTESIAN_POINT('Ctrl Pts',(14.4502622949383,16.3044493498207,-2.13328989809783));
#2097=CARTESIAN_POINT('Ctrl Pts',(14.4237726384208,16.6593865774227,0.579447857310901));
#2098=CARTESIAN_POINT('Ctrl Pts',(14.3972829819033,16.3226330267059,3.38268710211908));
#2099=CARTESIAN_POINT('Ctrl Pts',(14.3707933253859,15.3353032078782,5.93417811601886));
#2100=CARTESIAN_POINT('Ctrl Pts',(14.3443036688684,14.3479733890504,8.48566912991871));
#2101=CARTESIAN_POINT('Ctrl Pts',(14.3178140123509,12.7100673021117,10.7854119129102));
#2102=CARTESIAN_POINT('Ctrl Pts',(14.2913243558334,10.6215582105582,12.552629030204));
#2103=CARTESIAN_POINT('Ctrl Pts',(14.2648346993159,8.53304911900462,14.3198461474979));
#2104=CARTESIAN_POINT('Ctrl Pts',(14.2383450427984,5.99393702283628,15.554537599094));
#2105=CARTESIAN_POINT('Ctrl Pts',(14.2118553862809,3.31422414764014,16.1059589186548));
#2106=CARTESIAN_POINT('Ctrl Pts',(14.1853657297634,0.634511272443996,16.6573802382156));
#2107=CARTESIAN_POINT('Ctrl Pts',(14.1588760732459,-2.18580238177994,16.5255314257412));
#2108=CARTESIAN_POINT('Ctrl Pts',(14.1323864167285,-4.80238246642919,15.7265100081464));
#2109=CARTESIAN_POINT('Ctrl Pts',(14.105896760211,-7.41896255107843,14.9274885905517));
#2110=CARTESIAN_POINT('Ctrl Pts',(14.0794071036935,-9.83180906615299,13.4612945678366));
#2111=CARTESIAN_POINT('Ctrl Pts',(14.052917447176,-11.7463356517983,11.5069367403097));
#2112=CARTESIAN_POINT('Ctrl Pts',(14.0264277906585,-13.6608622374436,9.55257891278283));
#2113=CARTESIAN_POINT('Ctrl Pts',(13.999938134141,-15.0770688936596,7.11005728044417));
#2114=CARTESIAN_POINT('Ctrl Pts',(13.9734484776235,-15.8220498176736,4.47758126193736));
#2115=CARTESIAN_POINT('Ctrl Pts',(13.946958821106,-16.5670307416875,1.84510524343059));
#2116=CARTESIAN_POINT('Ctrl Pts',(13.9204691645885,-16.6407859334995,-0.977325161244331));
#2117=CARTESIAN_POINT('Ctrl Pts',(13.893979508071,-16.0343105627811,-3.64511716773023));
#2118=CARTESIAN_POINT('Ctrl Pts',(13.8674898515536,-15.4278351920628,-6.31290917421613));
#2119=CARTESIAN_POINT('Ctrl Pts',(13.8410001950361,-14.1411292588143,-8.82606278251301));
#2120=CARTESIAN_POINT('Ctrl Pts',(13.8145105385186,-12.3312877190183,-10.8777450595693));
#2121=CARTESIAN_POINT('Ctrl Pts',(13.7880208820011,-10.5214461792223,-12.9294273366256));
#2122=CARTESIAN_POINT('Ctrl Pts',(13.7615312254836,-8.1884690328789,-14.5196382824414));
#2123=CARTESIAN_POINT('Ctrl Pts',(13.7350415689661,-5.61719132476668,-15.4542277714275));
#2124=CARTESIAN_POINT('Ctrl Pts',(13.7165463572194,-3.82191226406163,-16.1067628650265));
#2125=CARTESIAN_POINT('Ctrl Pts',(13.6980511454727,-1.91046399554792,-16.4396888704347));
#2126=CARTESIAN_POINT('Ctrl Pts',(13.679555933726,0.000399145642461576,
-16.4414130416994));
#2127=CARTESIAN_POINT('Origin',(15.0000000000041,0.,1.20464678955304E-14));
#2128=CARTESIAN_POINT('',(12.679555933726,-0.000415571720901597,-16.4415701319094));
#2129=CARTESIAN_POINT('',(12.8204440662901,-0.000345561326180466,-16.4411147633733));
#2130=CARTESIAN_POINT('',(15.0000000000041,-2.01356426715808E-15,-16.442));
#2131=CARTESIAN_POINT('Ctrl Pts',(12.8204440662901,-0.000345561326180466,
-16.4411147633733));
#2132=CARTESIAN_POINT('Ctrl Pts',(12.8295602909554,-0.942252261849919,-16.4418313667277));
#2133=CARTESIAN_POINT('Ctrl Pts',(12.8386765156206,-1.88403918103141,-16.3622389023832));
#2134=CARTESIAN_POINT('Ctrl Pts',(12.8477927402859,-2.81169903121629,-16.2012450844097));
#2135=CARTESIAN_POINT('Ctrl Pts',(12.8742823968034,-5.50726563896513,-15.7334340007493));
#2136=CARTESIAN_POINT('Ctrl Pts',(12.9007720533209,-8.08355031025767,-14.5783104184124));
#2137=CARTESIAN_POINT('Ctrl Pts',(12.9272617098384,-10.2260123900943,-12.8769042989723));
#2138=CARTESIAN_POINT('Ctrl Pts',(12.9537513663558,-12.3684744699309,-11.1754981795322));
#2139=CARTESIAN_POINT('Ctrl Pts',(12.9802410228733,-14.0771139583116,-8.92780952298878));
#2140=CARTESIAN_POINT('Ctrl Pts',(13.0067306793908,-15.1433216942138,-6.40826043422142));
#2141=CARTESIAN_POINT('Ctrl Pts',(13.0332203359083,-16.209529430116,-3.88871134545403));
#2142=CARTESIAN_POINT('Ctrl Pts',(13.0597099924258,-16.6333054135398,-1.09730182446267));
#2143=CARTESIAN_POINT('Ctrl Pts',(13.0861996489433,-16.3629104959024,1.62516270888248));
#2144=CARTESIAN_POINT('Ctrl Pts',(13.1126893054608,-16.092515578265,4.34762724222763));
#2145=CARTESIAN_POINT('Ctrl Pts',(13.1391789619783,-15.1279497595664,7.00114678792658));
#2146=CARTESIAN_POINT('Ctrl Pts',(13.1656686184958,-13.5869776516854,9.26175102342184));
#2147=CARTESIAN_POINT('Ctrl Pts',(13.1921582750133,-12.0460055438044,11.5223552589171));
#2148=CARTESIAN_POINT('Ctrl Pts',(13.2186479315307,-9.92862714674096,13.3900441842086));
#2149=CARTESIAN_POINT('Ctrl Pts',(13.2451375880482,-7.49335488162447,14.6367901653774));
#2150=CARTESIAN_POINT('Ctrl Pts',(13.2716272445657,-5.05808261650791,15.8835361465463));
#2151=CARTESIAN_POINT('Ctrl Pts',(13.2981169010832,-2.3049164833383,16.5093391835923));
#2152=CARTESIAN_POINT('Ctrl Pts',(13.3246065576007,0.430007263805106,16.4377944834558));
#2153=CARTESIAN_POINT('Ctrl Pts',(13.3510962141182,3.16493101094844,16.3662497833193));
#2154=CARTESIAN_POINT('Ctrl Pts',(13.3775858706357,5.88161237206557,15.5973573460002));
#2155=CARTESIAN_POINT('Ctrl Pts',(13.4040755271531,8.24836954806307,14.2249918638233));
#2156=CARTESIAN_POINT('Ctrl Pts',(13.4305651836706,10.6151267240606,12.8526263816465));
#2157=CARTESIAN_POINT('Ctrl Pts',(13.4570548401881,12.6319597149385,10.8767878546119));
#2158=CARTESIAN_POINT('Ctrl Pts',(13.4835444967056,14.0526317685845,8.53870798797015));
#2159=CARTESIAN_POINT('Ctrl Pts',(13.5100341532231,15.4733038222305,6.20062812132836));
#2160=CARTESIAN_POINT('Ctrl Pts',(13.5365238097406,16.2978149386446,3.50030691507942));
#2161=CARTESIAN_POINT('Ctrl Pts',(13.5630134662581,16.4254998965098,0.767428743930628));
#2162=CARTESIAN_POINT('Ctrl Pts',(13.5895031227756,16.5531848543749,-1.96544942721808));
#2163=CARTESIAN_POINT('Ctrl Pts',(13.6159927792931,15.9840436536912,-4.73088456326665));
#2164=CARTESIAN_POINT('Ctrl Pts',(13.6424824358106,14.7875631986214,-7.1912424777665));
#2165=CARTESIAN_POINT('Ctrl Pts',(13.6689720923281,13.5910827435515,-9.65160039226638));
#2166=CARTESIAN_POINT('Ctrl Pts',(13.6954617488456,11.7672630340956,-11.8068810852175));
#2167=CARTESIAN_POINT('Ctrl Pts',(13.7219514053631,9.53877567654224,-13.3939446138865));
#2168=CARTESIAN_POINT('Ctrl Pts',(13.7484410618805,7.31028831898886,-14.9810081425555));
#2169=CARTESIAN_POINT('Ctrl Pts',(13.774930718398,4.67713331333804,-15.9998545069424));
#2170=CARTESIAN_POINT('Ctrl Pts',(13.8014203749155,1.9607946591734,-16.3260919399534));
#2171=CARTESIAN_POINT('Ctrl Pts',(13.8077616053737,1.31054351691521,-16.4041883375206));
#2172=CARTESIAN_POINT('Ctrl Pts',(13.8141028358319,0.655525514790501,-16.4425946063528));
#2173=CARTESIAN_POINT('Ctrl Pts',(13.8204440662901,0.000429418149301419,
-16.441924361846));
#2174=CARTESIAN_POINT('Ctrl Pts',(13.679555933726,0.000399145642461576,
-16.4414130416994));
#2175=CARTESIAN_POINT('Ctrl Pts',(13.6715614889552,0.826358321238032,-16.4421583044269));
#2176=CARTESIAN_POINT('Ctrl Pts',(13.6635670441845,1.65220817463027,-16.3810235065034));
#2177=CARTESIAN_POINT('Ctrl Pts',(13.6555725994137,2.46851982793018,-16.2570724378441));
#2178=CARTESIAN_POINT('Ctrl Pts',(13.6290829428962,5.1733750026338,-15.8463595831181));
#2179=CARTESIAN_POINT('Ctrl Pts',(13.6025932863787,7.77350708216001,-14.7459658415094));
#2180=CARTESIAN_POINT('Ctrl Pts',(13.5761036298612,9.95146386237432,-13.0902391645857));
#2181=CARTESIAN_POINT('Ctrl Pts',(13.5496139733437,12.1294206425886,-11.434512487662));
#2182=CARTESIAN_POINT('Ctrl Pts',(13.5231243168262,13.885202123491,-9.22345287542335));
#2183=CARTESIAN_POINT('Ctrl Pts',(13.4966346603087,15.0044435405067,-6.72701036344856));
#2184=CARTESIAN_POINT('Ctrl Pts',(13.4701450037912,16.1236849575223,-4.23056785147381));
#2185=CARTESIAN_POINT('Ctrl Pts',(13.4436553472737,16.6063863106512,-1.44874243976298));
#2186=CARTESIAN_POINT('Ctrl Pts',(13.4171656907562,16.3936142058185,1.27883058337738));
#2187=CARTESIAN_POINT('Ctrl Pts',(13.3906760342388,16.1808421009858,4.00640360651774));
#2188=CARTESIAN_POINT('Ctrl Pts',(13.3641863777213,15.2725965381916,6.67972424108763));
#2189=CARTESIAN_POINT('Ctrl Pts',(13.3376967212038,13.7797659442486,8.97240463376033));
#2190=CARTESIAN_POINT('Ctrl Pts',(13.3112070646863,12.2869353503056,11.2650850264331));
#2191=CARTESIAN_POINT('Ctrl Pts',(13.2847174081688,10.2095197252139,13.1771251772086));
#2192=CARTESIAN_POINT('Ctrl Pts',(13.2582277516513,7.8011524033266,14.4750825755941));
#2193=CARTESIAN_POINT('Ctrl Pts',(13.2317380951338,5.39278508143934,15.7730399739797));
#2194=CARTESIAN_POINT('Ctrl Pts',(13.2052484386163,2.65346606275653,16.4569146199752));
#2195=CARTESIAN_POINT('Ctrl Pts',(13.1787587820988,-0.0823590039196473,
16.4432117113619));
#2196=CARTESIAN_POINT('Ctrl Pts',(13.1522691255813,-2.81818407059583,16.4295088027486));
#2197=CARTESIAN_POINT('Ctrl Pts',(13.1257794690639,-5.55051518526538,15.7182283395265));
#2198=CARTESIAN_POINT('Ctrl Pts',(13.0992898125464,-7.94575985791324,14.3962111220477));
#2199=CARTESIAN_POINT('Ctrl Pts',(13.0728001560289,-10.3410045305611,13.074193904569));
#2200=CARTESIAN_POINT('Ctrl Pts',(13.0463104995114,-12.3991627611873,11.1414399328337));
#2201=CARTESIAN_POINT('Ctrl Pts',(13.0198208429939,-13.8689523661233,8.83392068429419));
#2202=CARTESIAN_POINT('Ctrl Pts',(12.9933311864764,-15.3387419710592,6.52640143575475));
#2203=CARTESIAN_POINT('Ctrl Pts',(12.9668415299589,-16.220162950305,3.84411691041102));
#2204=CARTESIAN_POINT('Ctrl Pts',(12.9403518734414,-16.4056019118967,1.11454937018022));
#2205=CARTESIAN_POINT('Ctrl Pts',(12.913862216924,-16.5910408734883,-1.61501817005065));
#2206=CARTESIAN_POINT('Ctrl Pts',(12.8873725604064,-16.0804978174259,-4.39186872516856));
#2207=CARTESIAN_POINT('Ctrl Pts',(12.860882903889,-14.9363053535521,-6.87697439108551));
#2208=CARTESIAN_POINT('Ctrl Pts',(12.8343932473715,-13.7921128896783,-9.36208005700244));
#2209=CARTESIAN_POINT('Ctrl Pts',(12.807903590854,-12.0142710179932,-11.5554408337183));
#2210=CARTESIAN_POINT('Ctrl Pts',(12.7814139343365,-9.81983787381715,-13.1892675506316));
#2211=CARTESIAN_POINT('Ctrl Pts',(12.754924277819,-7.62540472964102,-14.8230942675449));
#2212=CARTESIAN_POINT('Ctrl Pts',(12.7284346213015,-5.01438031297391,-15.8973869246556));
#2213=CARTESIAN_POINT('Ctrl Pts',(12.701944964784,-2.30554668209953,-16.2809842726678));
#2214=CARTESIAN_POINT('Ctrl Pts',(12.6944819544314,-1.5423788615751,-16.3890563036352));
#2215=CARTESIAN_POINT('Ctrl Pts',(12.6870189440787,-0.771447583118985,-16.442305442718));
#2216=CARTESIAN_POINT('Ctrl Pts',(12.679555933726,-0.000415571720901597,
-16.4415701319094));
#2217=CARTESIAN_POINT('Origin',(15.0000000000041,0.,1.20464678955304E-14));
#2218=CARTESIAN_POINT('',(11.679555933726,0.000336050336555497,-16.4428088659106));
#2219=CARTESIAN_POINT('',(11.8204440662901,0.000201433155263553,-16.4432169985131));
#2220=CARTESIAN_POINT('',(15.0000000000041,-2.01356426715808E-15,-16.442));
#2221=CARTESIAN_POINT('Ctrl Pts',(11.8204440662901,0.000201433155263553,
-16.4432169985131));
#2222=CARTESIAN_POINT('Ctrl Pts',(11.8450177460788,-2.5378655344283,-16.4416595672622));
#2223=CARTESIAN_POINT('Ctrl Pts',(11.8695914258675,-5.07663967457643,-15.844716763765));
#2224=CARTESIAN_POINT('Ctrl Pts',(11.8941651056563,-7.34717955950752,-14.7107085569547));
#2225=CARTESIAN_POINT('Ctrl Pts',(11.9206547621738,-9.79475038236191,-13.4882832570131));
#2226=CARTESIAN_POINT('Ctrl Pts',(11.9471444186913,-11.9306285967072,-11.641779140728));
#2227=CARTESIAN_POINT('Ctrl Pts',(11.9736340752088,-13.4940431239499,-9.39663737175068));
#2228=CARTESIAN_POINT('Ctrl Pts',(12.0001237317262,-15.0574576511925,-7.15149560277342));
#2229=CARTESIAN_POINT('Ctrl Pts',(12.0266133882437,-16.0484084913326,-4.507716181104));
#2230=CARTESIAN_POINT('Ctrl Pts',(12.0531030447612,-16.3459096641229,-1.78808024977138));
#2231=CARTESIAN_POINT('Ctrl Pts',(12.0795927012787,-16.6434108369132,0.931555681561239));
#2232=CARTESIAN_POINT('Ctrl Pts',(12.1060823577962,-16.2474623423538,3.72704812255694));
#2233=CARTESIAN_POINT('Ctrl Pts',(12.1325720143137,-15.2064058486709,6.25709316637885));
#2234=CARTESIAN_POINT('Ctrl Pts',(12.1590616708312,-14.165349354988,8.78713821020076));
#2235=CARTESIAN_POINT('Ctrl Pts',(12.1855513273486,-12.4791848621816,11.0517358568488));
#2236=CARTESIAN_POINT('Ctrl Pts',(12.2120409838661,-10.3537775410959,12.7743995693245));
#2237=CARTESIAN_POINT('Ctrl Pts',(12.2385306403836,-8.22837022001023,14.4970632818002));
#2238=CARTESIAN_POINT('Ctrl Pts',(12.2650202969011,-5.66372007064514,15.6777930601036));
#2239=CARTESIAN_POINT('Ctrl Pts',(12.2915099534186,-2.97294727991876,16.1724326617265));
#2240=CARTESIAN_POINT('Ctrl Pts',(12.3179996099361,-0.282174489192374,16.6670722633493));
#2241=CARTESIAN_POINT('Ctrl Pts',(12.3444892664536,2.5347209428953,16.4756216882917));
#2242=CARTESIAN_POINT('Ctrl Pts',(12.3709789229711,5.13382200121553,15.6214552903079));
#2243=CARTESIAN_POINT('Ctrl Pts',(12.3974685794886,7.7329230595358,14.7672888923241));
#2244=CARTESIAN_POINT('Ctrl Pts',(12.423958236006,10.1142297440886,13.2504066714141));
#2245=CARTESIAN_POINT('Ctrl Pts',(12.4504478925235,11.9870064181404,11.2560059905241));
#2246=CARTESIAN_POINT('Ctrl Pts',(12.476937549041,13.8597830921922,9.26160530963427));
#2247=CARTESIAN_POINT('Ctrl Pts',(12.5034272055585,15.224029755743,6.78968616876456));
#2248=CARTESIAN_POINT('Ctrl Pts',(12.529916862076,15.9131844430615,4.14204715187554));
#2249=CARTESIAN_POINT('Ctrl Pts',(12.5564065185935,16.6023391303799,1.49440813498651));
#2250=CARTESIAN_POINT('Ctrl Pts',(12.582896175111,16.6164018414661,-1.32895075792182));
#2251=CARTESIAN_POINT('Ctrl Pts',(12.6093858316285,15.9536556486817,-3.98332338262166));
#2252=CARTESIAN_POINT('Ctrl Pts',(12.635875488146,15.2909094558973,-6.6376960073215));
#2253=CARTESIAN_POINT('Ctrl Pts',(12.6623651446635,13.9513543592422,-9.12308236381283));
#2254=CARTESIAN_POINT('Ctrl Pts',(12.688854801181,12.0985377113074,-11.1360396450142));
#2255=CARTESIAN_POINT('Ctrl Pts',(12.7153444576985,10.2457210633724,-13.1489969262156));
#2256=CARTESIAN_POINT('Ctrl Pts',(12.7418341142159,7.8796428641577,-14.6895251321269));
#2257=CARTESIAN_POINT('Ctrl Pts',(12.7683237707334,5.28917949244773,-15.5695399425906));
#2258=CARTESIAN_POINT('Ctrl Pts',(12.7856972025856,3.59020544858515,-16.1467039888073));
#2259=CARTESIAN_POINT('Ctrl Pts',(12.8030706344379,1.79471242304046,-16.4397490818551));
#2260=CARTESIAN_POINT('Ctrl Pts',(12.8204440662901,-0.000345561326180466,
-16.4411147633733));
#2261=CARTESIAN_POINT('Ctrl Pts',(12.679555933726,-0.000415571720901597,
-16.4415701319094));
#2262=CARTESIAN_POINT('Ctrl Pts',(12.6605292875612,1.9652996784736,-16.4396954864358));
#2263=CARTESIAN_POINT('Ctrl Pts',(12.6415026413964,3.93166966721975,-16.0869356206817));
#2264=CARTESIAN_POINT('Ctrl Pts',(12.6224759952316,5.77171658456005,-15.3971842249714));
#2265=CARTESIAN_POINT('Ctrl Pts',(12.5959863387141,8.33350337526368,-14.4368847903494));
#2266=CARTESIAN_POINT('Ctrl Pts',(12.5694966821966,10.6504341115893,-12.8233838821919));
#2267=CARTESIAN_POINT('Ctrl Pts',(12.5430070256791,12.4396328677837,-10.7536751162083));
#2268=CARTESIAN_POINT('Ctrl Pts',(12.5165173691616,14.2288316239781,-8.68396635022469));
#2269=CARTESIAN_POINT('Ctrl Pts',(12.4900277126441,15.4902984000413,-6.15804972641502));
#2270=CARTESIAN_POINT('Ctrl Pts',(12.4635380561266,16.0700197088697,-3.48431642459728));
#2271=CARTESIAN_POINT('Ctrl Pts',(12.4370483996091,16.6497410176981,-0.810583122779534));
#2272=CARTESIAN_POINT('Ctrl Pts',(12.4105587430916,16.5477168592916,2.01096685704628));
#2273=CARTESIAN_POINT('Ctrl Pts',(12.3840690865742,15.7764034447039,4.63584822229612));
#2274=CARTESIAN_POINT('Ctrl Pts',(12.3575794300567,15.0050900301162,7.26072958754601));
#2275=CARTESIAN_POINT('Ctrl Pts',(12.3310897735392,13.5644873593471,9.68894233821991));
#2276=CARTESIAN_POINT('Ctrl Pts',(12.3046001170217,11.6304797640971,11.6240240384762));
#2277=CARTESIAN_POINT('Ctrl Pts',(12.2781104605042,9.69647216884697,13.5591057387325));
#2278=CARTESIAN_POINT('Ctrl Pts',(12.2516208039867,7.26905964911581,15.0010563885711));
#2279=CARTESIAN_POINT('Ctrl Pts',(12.2251311474692,4.64460693989428,15.7738270804562));
#2280=CARTESIAN_POINT('Ctrl Pts',(12.1986414909517,2.02015423067278,16.5465977723414));
#2281=CARTESIAN_POINT('Ctrl Pts',(12.1721518344342,-0.801338668039073,16.650188506273));
#2282=CARTESIAN_POINT('Ctrl Pts',(12.1456621779167,-3.4753934327046,16.0719518067388));
#2283=CARTESIAN_POINT('Ctrl Pts',(12.1191725213993,-6.14944819737013,15.4937151072046));
#2284=CARTESIAN_POINT('Ctrl Pts',(12.0926828648818,-8.67606482798933,14.2336509742046));
#2285=CARTESIAN_POINT('Ctrl Pts',(12.0661932083643,-10.7467666804152,12.4456016450244));
#2286=CARTESIAN_POINT('Ctrl Pts',(12.0397035518468,-12.8174685328411,10.6575523158443));
#2287=CARTESIAN_POINT('Ctrl Pts',(12.0132138953293,-14.4322556070737,8.34151779048387));
#2288=CARTESIAN_POINT('Ctrl Pts',(11.9867242388118,-15.3939772582383,5.78026457559661));
#2289=CARTESIAN_POINT('Ctrl Pts',(11.9602345822943,-16.355698909403,3.21901136070928));
#2290=CARTESIAN_POINT('Ctrl Pts',(11.9337449257768,-16.6643551374996,0.412539456295068));
#2291=CARTESIAN_POINT('Ctrl Pts',(11.9072552692594,-16.2822618571357,-2.29650673937104));
#2292=CARTESIAN_POINT('Ctrl Pts',(11.8807656127419,-15.9001685767719,-5.00555293503715));
#2293=CARTESIAN_POINT('Ctrl Pts',(11.8542759562244,-14.8273257879476,-7.61717342195516));
#2294=CARTESIAN_POINT('Ctrl Pts',(11.8277862997069,-13.1947177239223,-9.81251336709345));
#2295=CARTESIAN_POINT('Ctrl Pts',(11.8012966431894,-11.562109659897,-12.0078533122317));
#2296=CARTESIAN_POINT('Ctrl Pts',(11.7748069866719,-9.36973632067066,-13.7869127155902));
#2297=CARTESIAN_POINT('Ctrl Pts',(11.7483173301544,-6.8852663207046,-14.9324847925398));
#2298=CARTESIAN_POINT('Ctrl Pts',(11.7253968646783,-4.73555143772285,-15.923703581006));
#2299=CARTESIAN_POINT('Ctrl Pts',(11.7024763992022,-2.36715064358051,-16.4406452831352));
#2300=CARTESIAN_POINT('Ctrl Pts',(11.679555933726,0.000336050336555497,
-16.4428088659106));
#2301=CARTESIAN_POINT('Origin',(15.0000000000041,0.,1.20464678955304E-14));
#2302=CARTESIAN_POINT('',(10.679555933726,-0.000127803091956479,-16.4406463183626));
#2303=CARTESIAN_POINT('',(10.8204440662901,2.86538069349529E-5,-16.4405896739787));
#2304=CARTESIAN_POINT('',(15.0000000000041,-2.01356426715808E-15,-16.442));
#2305=CARTESIAN_POINT('',(10.0000000000001,-14.8575756080925,7.04214534426939));
#2306=CARTESIAN_POINT('Ctrl Pts',(10.679555933726,-0.000127803091956479,
-16.4406463183626));
#2307=CARTESIAN_POINT('Ctrl Pts',(10.6649545412906,1.50864175253224,-16.4402321743999));
#2308=CARTESIAN_POINT('Ctrl Pts',(10.6503531488553,3.01752167970365,-16.2343690301539));
#2309=CARTESIAN_POINT('Ctrl Pts',(10.6357517564199,4.46879819787591,-15.8245331508415));
#2310=CARTESIAN_POINT('Ctrl Pts',(10.6092620999024,7.10168520837297,-15.081014221426));
#2311=CARTESIAN_POINT('Ctrl Pts',(10.5827724433849,9.54498358682343,-13.6661650272235));
#2312=CARTESIAN_POINT('Ctrl Pts',(10.5562827868674,11.5004084492273,-11.7527233231029));
#2313=CARTESIAN_POINT('Ctrl Pts',(10.5297931303499,13.4558333116312,-9.83928161898229));
#2314=CARTESIAN_POINT('Ctrl Pts',(10.5033034738324,14.9233846579886,-7.42724740494343));
#2315=CARTESIAN_POINT('Ctrl Pts',(10.4768138173149,15.7238502823368,-4.81111236944468));
#2316=CARTESIAN_POINT('Ctrl Pts',(10.4503241607974,16.524315906685,-2.19497733394592));
#2317=CARTESIAN_POINT('Ctrl Pts',(10.42383450428,16.6576958090242,0.625258523012707));
#2318=CARTESIAN_POINT('Ctrl Pts',(10.3973448477625,16.107778882956,3.3052791120999));
#2319=CARTESIAN_POINT('Ctrl Pts',(10.370855191245,15.5578619568879,5.98529970118698));
#2320=CARTESIAN_POINT('Ctrl Pts',(10.3443655347275,14.3246482024125,8.52510502240269));
#2321=CARTESIAN_POINT('Ctrl Pts',(10.31787587821,12.5585587766845,10.6145911800914));
#2322=CARTESIAN_POINT('Ctrl Pts',(10.2913862216925,10.7924693509565,12.7040773377801));
#2323=CARTESIAN_POINT('Ctrl Pts',(10.264896565175,8.4935042539758,14.3432443319419));
#2324=CARTESIAN_POINT('Ctrl Pts',(10.2384069086575,5.94262570667964,15.331997958044));
#2325=CARTESIAN_POINT('Ctrl Pts',(10.21191725214,3.39174715938347,16.3207515841462));
#2326=CARTESIAN_POINT('Ctrl Pts',(10.1854275956225,0.588955161771864,16.6590918421888));
#2327=CARTESIAN_POINT('Ctrl Pts',(10.158937939105,-2.12411675244254,16.3056477220792));
#2328=CARTESIAN_POINT('Ctrl Pts',(10.1324482825875,-4.83718866665695,15.9522036019696));
#2329=CARTESIAN_POINT('Ctrl Pts',(10.1059586260701,-7.46054049747412,14.9069751037078));
#2330=CARTESIAN_POINT('Ctrl Pts',(10.0794689695526,-9.67261458507236,13.2976821083008));
#2331=CARTESIAN_POINT('Ctrl Pts',(10.0529793130351,-11.8846886726705,11.6883891128939));
#2332=CARTESIAN_POINT('Ctrl Pts',(10.0264896565176,-13.6854850170498,9.51503162034172));
#2333=CARTESIAN_POINT('Ctrl Pts',(10.0000000000001,-14.8575756080924,7.04214534426963));
#2334=CARTESIAN_POINT('',(10.0000000000001,-14.8579688574921,-7.04273059539034));
#2335=CARTESIAN_POINT('Origin',(10.0000000000001,0.,8.03097859701818E-15));
#2336=CARTESIAN_POINT('Ctrl Pts',(10.0000000000001,-14.8579688574921,-7.04273059539034));
#2337=CARTESIAN_POINT('Ctrl Pts',(10.0221262686499,-15.8348299992068,-4.97645595137862));
#2338=CARTESIAN_POINT('Ctrl Pts',(10.0442525372997,-16.3796859340994,-2.70442721869127));
#2339=CARTESIAN_POINT('Ctrl Pts',(10.0663788059495,-16.4380362997139,-0.419966044718589));
#2340=CARTESIAN_POINT('Ctrl Pts',(10.092868462467,-16.5078935886795,2.31499992644776));
#2341=CARTESIAN_POINT('Ctrl Pts',(10.1193581189845,-15.8804437444571,5.06778528250638));
#2342=CARTESIAN_POINT('Ctrl Pts',(10.145847775502,-14.6322187542037,7.50229592978937));
#2343=CARTESIAN_POINT('Ctrl Pts',(10.1723374320195,-13.3839937639502,9.93680657707236));
#2344=CARTESIAN_POINT('Ctrl Pts',(10.1988270885369,-11.5149936276657,12.0530425155797));
#2345=CARTESIAN_POINT('Ctrl Pts',(10.2253167450544,-9.25344402670002,13.592633030911));
#2346=CARTESIAN_POINT('Ctrl Pts',(10.2518064015719,-6.99189442573431,15.1322235462422));
#2347=CARTESIAN_POINT('Ctrl Pts',(10.2782960580894,-4.33779536008748,16.0951686383974));
#2348=CARTESIAN_POINT('Ctrl Pts',(10.3047857146069,-1.61516839457882,16.3639004288098));
#2349=CARTESIAN_POINT('Ctrl Pts',(10.3312753711244,1.10745857092976,16.6326322192221));
#2350=CARTESIAN_POINT('Ctrl Pts',(10.3577650276419,3.89861343630016,16.2071507078918));
#2351=CARTESIAN_POINT('Ctrl Pts',(10.3842546841594,6.41751184336988,15.1394038599094));
#2352=CARTESIAN_POINT('Ctrl Pts',(10.4107443406769,8.93641025043959,14.071657011927));
#2353=CARTESIAN_POINT('Ctrl Pts',(10.4372339971943,11.1830521992086,12.3616448272925));
#2354=CARTESIAN_POINT('Ctrl Pts',(10.4637236537118,12.8831485335049,10.2181437587583));
#2355=CARTESIAN_POINT('Ctrl Pts',(10.4902133102293,14.5832448678012,8.07464269022399));
#2356=CARTESIAN_POINT('Ctrl Pts',(10.5167029667468,15.7367955876248,5.49765273778992));
#2357=CARTESIAN_POINT('Ctrl Pts',(10.5431926232643,16.2029601135012,2.8018008199529));
#2358=CARTESIAN_POINT('Ctrl Pts',(10.5696822797818,16.6691246393776,0.105948902115947));
#2359=CARTESIAN_POINT('Ctrl Pts',(10.5961719362993,16.4479029713068,-2.70876498112395));
#2360=CARTESIAN_POINT('Ctrl Pts',(10.6226615928168,15.5663056017154,-5.29869024143513));
#2361=CARTESIAN_POINT('Ctrl Pts',(10.6491512493343,14.684708232124,-7.88861550174631));
#2362=CARTESIAN_POINT('Ctrl Pts',(10.6756409058518,13.1427351610118,-10.2537521391288));
#2363=CARTESIAN_POINT('Ctrl Pts',(10.7021305623693,11.1286464131217,-12.1053386898389));
#2364=CARTESIAN_POINT('Ctrl Pts',(10.7286202188868,9.11455766523147,-13.9569252405491));
#2365=CARTESIAN_POINT('Ctrl Pts',(10.7551098754042,6.62835324056329,-15.294961704587));
#2366=CARTESIAN_POINT('Ctrl Pts',(10.7815995319217,3.97357618469466,-15.9560861615046));
#2367=CARTESIAN_POINT('Ctrl Pts',(10.7945477100445,2.6759177506204,-16.2792446450373));
#2368=CARTESIAN_POINT('Ctrl Pts',(10.8074958881673,1.33798281483869,-16.4406707796329));
#2369=CARTESIAN_POINT('Ctrl Pts',(10.8204440662901,2.86538069349529E-5,
-16.4405896739787));
#2370=CARTESIAN_POINT('Origin',(21.651410108103,0.,1.73882011173436E-14));
#2371=CARTESIAN_POINT('',(10.3485898919131,-0.000123347239240901,-15.8674435144457));
#2372=CARTESIAN_POINT('',(10.151410108103,-0.000316528894156938,-15.8698000939064));
#2373=CARTESIAN_POINT('',(21.651410108103,8.19875823440649E-13,-15.86875));
#2374=CARTESIAN_POINT('',(10.0000000000001,12.9202241040941,-9.21330753109254));
#2375=CARTESIAN_POINT('Ctrl Pts',(10.151410108103,-0.00031652889415687,
-15.8698000939064));
#2376=CARTESIAN_POINT('Ctrl Pts',(10.1274297285862,2.39034872656892,-15.8680346242998));
#2377=CARTESIAN_POINT('Ctrl Pts',(10.0769596925519,7.42394679309026,-14.7153256580257));
#2378=CARTESIAN_POINT('Ctrl Pts',(10.0264896565176,11.3867665365984,-11.3637421452961));
#2379=CARTESIAN_POINT('Ctrl Pts',(10.0000000000001,12.9202241040942,-9.21330753109234));
#2380=CARTESIAN_POINT('',(10.0000000000001,12.9204983064128,9.2139303658717));
#2381=CARTESIAN_POINT('Origin',(10.0000000000001,0.,8.03097859701818E-15));
#2382=CARTESIAN_POINT('Ctrl Pts',(10.3485898919131,-0.000123347239240068,
-15.8674435144457));
#2383=CARTESIAN_POINT('Ctrl Pts',(10.3339884994777,1.45604298810981,-15.867043809604));
#2384=CARTESIAN_POINT('Ctrl Pts',(10.2928974505248,5.55426715366738,-15.3079050091239));
#2385=CARTESIAN_POINT('Ctrl Pts',(10.2253167450545,11.5703107551661,-11.8241739523934));
#2386=CARTESIAN_POINT('Ctrl Pts',(10.145847775502,15.8194663495295,-4.84035788366174));
#2387=CARTESIAN_POINT('Ctrl Pts',(10.0707421938172,16.1844507949601,2.87701334081587));
#2388=CARTESIAN_POINT('Ctrl Pts',(10.0221262686499,14.1994326396058,7.41666199017228));
#2389=CARTESIAN_POINT('Ctrl Pts',(10.0000000000001,12.9204983064128,9.2139303658717));
#2390=CARTESIAN_POINT('Origin',(21.651410108103,0.,1.73882011173436E-14));
#2391=CARTESIAN_POINT('',(11.3485898919131,0.000324333949023314,-15.8695306648169));
#2392=CARTESIAN_POINT('',(11.151410108103,2.76547927833228E-5,-15.8673888449672));
#2393=CARTESIAN_POINT('',(21.651410108103,8.19875823440649E-13,-15.86875));
#2394=CARTESIAN_POINT('Ctrl Pts',(11.151410108103,2.76547927835491E-5,-15.8673888449672));
#2395=CARTESIAN_POINT('Ctrl Pts',(11.1384619299802,1.29133407085357,-15.8674671228743));
#2396=CARTESIAN_POINT('Ctrl Pts',(11.09902409534,5.22436593495894,-15.3929342333563));
#2397=CARTESIAN_POINT('Ctrl Pts',(11.0330966041822,11.1963017524689,-12.1789314725862));
#2398=CARTESIAN_POINT('Ctrl Pts',(10.9536276346297,15.6609383852773,-5.33090288461704));
#2399=CARTESIAN_POINT('Ctrl Pts',(10.8741586650773,16.3014647224376,2.81883393596384));
#2400=CARTESIAN_POINT('Ctrl Pts',(10.7946896955248,12.9614681310498,10.2802636843559));
#2401=CARTESIAN_POINT('Ctrl Pts',(10.7152207259723,6.45652966410013,15.2314416167701));
#2402=CARTESIAN_POINT('Ctrl Pts',(10.6357517564198,-1.6249942569278,16.4633829377025));
#2403=CARTESIAN_POINT('Ctrl Pts',(10.5562827868674,-9.30968612190448,13.6752668451706));
#2404=CARTESIAN_POINT('Ctrl Pts',(10.4768138173149,-14.7211985740391,7.54790660021456));
#2405=CARTESIAN_POINT('Ctrl Pts',(10.3973448477625,-16.5379200280295,-0.422522049394175));
#2406=CARTESIAN_POINT('Ctrl Pts',(10.31787587821,-14.3166682781118,-8.28976202462901));
#2407=CARTESIAN_POINT('Ctrl Pts',(10.2384069086575,-8.59899905117931,-14.1328271052354));
#2408=CARTESIAN_POINT('Ctrl Pts',(10.1829183186219,-3.14132353605157,-15.8030387981823));
#2409=CARTESIAN_POINT('Ctrl Pts',(10.1539193851037,-0.250472759226664,-15.8699848304439));
#2410=CARTESIAN_POINT('Ctrl Pts',(10.151410108103,-0.00031652889415687,
-15.8698000939064));
#2411=CARTESIAN_POINT('Ctrl Pts',(11.3485898919131,0.0003243339490238,-15.8695306648169));
#2412=CARTESIAN_POINT('Ctrl Pts',(11.3450207008717,0.356137473858644,-15.8698558329298));
#2413=CARTESIAN_POINT('Ctrl Pts',(11.3149618533129,3.35252790374151,-15.771132321392));
#2414=CARTESIAN_POINT('Ctrl Pts',(11.2584133492365,8.8798767594684,-13.9581992542006));
#2415=CARTESIAN_POINT('Ctrl Pts',(11.1789443796841,14.4792902074709,-8.00210550827807));
#2416=CARTESIAN_POINT('Ctrl Pts',(11.0994754101316,16.5431274482731,-0.0920448425758764));
#2417=CARTESIAN_POINT('Ctrl Pts',(11.0200064405791,14.567437330682,7.84049147410145));
#2418=CARTESIAN_POINT('Ctrl Pts',(10.9405374710266,9.03464717047489,13.8585240586333));
#2419=CARTESIAN_POINT('Ctrl Pts',(10.8610685014742,1.29576223433855,16.4925600593884));
#2420=CARTESIAN_POINT('Ctrl Pts',(10.7815995319217,-6.75952363537282,15.0994164196152));
#2421=CARTESIAN_POINT('Ctrl Pts',(10.7021305623692,-13.1642589180909,10.0192730537456));
#2422=CARTESIAN_POINT('Ctrl Pts',(10.6226615928168,-16.3545230463346,2.49260773788764));
#2423=CARTESIAN_POINT('Ctrl Pts',(10.5431926232643,-15.5513162452791,-5.64270683792697));
#2424=CARTESIAN_POINT('Ctrl Pts',(10.4637236537119,-10.9507590123316,-12.4001756190088));
#2425=CARTESIAN_POINT('Ctrl Pts',(10.3988560765948,-5.01283687758252,-15.4444898098132));
#2426=CARTESIAN_POINT('Ctrl Pts',(10.3604781559952,-1.18571506520209,-15.8677689489366));
#2427=CARTESIAN_POINT('Ctrl Pts',(10.3485898919131,-0.000123347239240068,
-15.8674435144457));
#2428=CARTESIAN_POINT('Origin',(21.651410108103,0.,1.73882011173436E-14));
#2429=CARTESIAN_POINT('',(12.348589891913,-0.000401082820261911,-15.8683351192518));
#2430=CARTESIAN_POINT('',(12.151410108103,0.000194410192824379,-15.8699245678843));
#2431=CARTESIAN_POINT('',(21.651410108103,8.19875823440649E-13,-15.86875));
#2432=CARTESIAN_POINT('Ctrl Pts',(12.151410108103,0.000194410192825671,
-15.8699245678843));
#2433=CARTESIAN_POINT('Ctrl Pts',(12.1494941313743,0.191184655392826,-15.8700417650191));
#2434=CARTESIAN_POINT('Ctrl Pts',(12.121088498128,3.02268094636675,-15.8199899299772));
#2435=CARTESIAN_POINT('Ctrl Pts',(12.0661932083643,8.44066553122707,-14.228095528108));
#2436=CARTESIAN_POINT('Ctrl Pts',(11.9867242388118,14.2229363003162,-8.4493561866268));
#2437=CARTESIAN_POINT('Ctrl Pts',(11.9072552692594,16.5322277434999,-0.607439542639718));
#2438=CARTESIAN_POINT('Ctrl Pts',(11.8277862997069,14.8046533854665,7.38280265999001));
#2439=CARTESIAN_POINT('Ctrl Pts',(11.7483173301544,9.46205509232219,13.5703003055846));
#2440=CARTESIAN_POINT('Ctrl Pts',(11.6688483606019,1.80899706225241,16.4441803261679));
#2441=CARTESIAN_POINT('Ctrl Pts',(11.5893793910495,-6.28578476941073,15.30269410415));
#2442=CARTESIAN_POINT('Ctrl Pts',(11.509910421497,-12.8456936133171,10.4245715690743));
#2443=CARTESIAN_POINT('Ctrl Pts',(11.4304414519445,-16.2689204784236,3.00096048294697));
#2444=CARTESIAN_POINT('Ctrl Pts',(11.3509724823921,-15.7195762809677,-5.15542993473323));
#2445=CARTESIAN_POINT('Ctrl Pts',(11.2715035128396,-11.331800910869,-12.0529592228239));
#2446=CARTESIAN_POINT('Ctrl Pts',(11.2049827214099,-5.34276539635536,-15.3630693970996));
#2447=CARTESIAN_POINT('Ctrl Pts',(11.1649515864977,-1.35044789228671,-15.8673069802772));
#2448=CARTESIAN_POINT('Ctrl Pts',(11.151410108103,2.76547927835491E-5,-15.8673888449672));
#2449=CARTESIAN_POINT('Ctrl Pts',(12.348589891913,-0.000401082820261703,
-15.8683351192518));
#2450=CARTESIAN_POINT('Ctrl Pts',(12.3295632457482,1.8967795446289,-15.8665258332549));
#2451=CARTESIAN_POINT('Ctrl Pts',(12.284046943066,6.43680247830101,-15.0520616735244));
#2452=CARTESIAN_POINT('Ctrl Pts',(12.2120409838662,12.5152579327545,-10.8190506291332));
#2453=CARTESIAN_POINT('Ctrl Pts',(12.1325720143137,16.1677152194568,-3.5054988548819));
#2454=CARTESIAN_POINT('Ctrl Pts',(12.0531030447612,15.8723139549429,4.66403123434589));
#2455=CARTESIAN_POINT('Ctrl Pts',(11.9736340752087,11.7011856922439,11.6946907199175));
#2456=CARTESIAN_POINT('Ctrl Pts',(11.8941651056563,4.67284319939318,15.8697219280358));
#2457=CARTESIAN_POINT('Ctrl Pts',(11.8146961361038,-3.49652161688841,16.1696590632524));
#2458=CARTESIAN_POINT('Ctrl Pts',(11.7352271665513,-10.8121001943982,12.5212629963731));
#2459=CARTESIAN_POINT('Ctrl Pts',(11.6557581969989,-15.4875628602956,5.81540491201963));
#2460=CARTESIAN_POINT('Ctrl Pts',(11.5762892274464,-16.3812476649923,-2.31046804136304));
#2461=CARTESIAN_POINT('Ctrl Pts',(11.4968202578939,-13.2749332254189,-9.87216721453779));
#2462=CARTESIAN_POINT('Ctrl Pts',(11.4209204793828,-7.21222360129028,-14.7919134884296));
#2463=CARTESIAN_POINT('Ctrl Pts',(11.3715103573892,-2.28461998390161,-15.8674425153116));
#2464=CARTESIAN_POINT('Ctrl Pts',(11.3485898919131,0.0003243339490238,-15.8695306648169));
#2465=CARTESIAN_POINT('Origin',(21.651410108103,0.,1.73882011173436E-14));
#2466=CARTESIAN_POINT('',(13.3485898919131,0.000385229438580881,-15.8681835059888));
#2467=CARTESIAN_POINT('',(13.151410108103,-0.000333513337111123,-15.8678956271305));
#2468=CARTESIAN_POINT('',(21.651410108103,8.19875823440649E-13,-15.86875));
#2469=CARTESIAN_POINT('Ctrl Pts',(13.151410108103,-0.000333513337111499,
-15.8678956271305));
#2470=CARTESIAN_POINT('Ctrl Pts',(13.1340366762508,1.73213981043227,-15.866577560071));
#2471=CARTESIAN_POINT('Ctrl Pts',(13.0901735878811,6.10721366415466,-15.1525152349523));
#2472=CARTESIAN_POINT('Ctrl Pts',(13.0198208429939,12.1720891344229,-11.2037396913591));
#2473=CARTESIAN_POINT('Ctrl Pts',(12.9403518734414,16.0506437397102,-4.00753945819309));
#2474=CARTESIAN_POINT('Ctrl Pts',(12.860882903889,16.0099264948709,4.16722816712734));
#2475=CARTESIAN_POINT('Ctrl Pts',(12.7814139343365,12.059879801849,11.3244353560356));
#2476=CARTESIAN_POINT('Ctrl Pts',(12.701944964784,5.16503237747906,15.7164238142035));
#2477=CARTESIAN_POINT('Ctrl Pts',(12.6224759952315,-2.9910209106747,16.2707507780057));
#2478=CARTESIAN_POINT('Ctrl Pts',(12.5430070256791,-10.4167219308189,12.8520598031636));
#2479=CARTESIAN_POINT('Ctrl Pts',(12.4635380561266,-15.2988511356396,6.29513231771556));
#2480=CARTESIAN_POINT('Ctrl Pts',(12.3840690865742,-16.4452824103702,-1.7989506417272));
#2481=CARTESIAN_POINT('Ctrl Pts',(12.3046001170217,-13.5760783334076,-9.45376295731234));
#2482=CARTESIAN_POINT('Ctrl Pts',(12.227047124198,-7.5409460250519,-14.6712405151889));
#2483=CARTESIAN_POINT('Ctrl Pts',(12.1759837878917,-2.44938290350649,-15.8684214364428));
#2484=CARTESIAN_POINT('Ctrl Pts',(12.151410108103,0.000194410192825671,
-15.8699245678843));
#2485=CARTESIAN_POINT('Ctrl Pts',(13.3485898919131,0.000385229438580742,
-15.8681835059888));
#2486=CARTESIAN_POINT('Ctrl Pts',(13.3405954471423,0.797547354954167,-15.8689027851462));
#2487=CARTESIAN_POINT('Ctrl Pts',(13.306111345854,4.23565742092088,-15.614391431468));
#2488=CARTESIAN_POINT('Ctrl Pts',(13.2451375880482,10.0119624405187,-13.1698195025118));
#2489=CARTESIAN_POINT('Ctrl Pts',(13.1656686184958,15.0956610249494,-6.76790631280633));
#2490=CARTESIAN_POINT('Ctrl Pts',(13.0861996489433,16.4932769653698,1.28660506088664));
#2491=CARTESIAN_POINT('Ctrl Pts',(13.0067306793908,13.8635381669405,9.02695115378854));
#2492=CARTESIAN_POINT('Ctrl Pts',(12.9272617098383,7.84857845388716,14.5630818816718));
#2493=CARTESIAN_POINT('Ctrl Pts',(12.8477927402859,-0.0828596943410448,
16.5431759922378));
#2494=CARTESIAN_POINT('Ctrl Pts',(12.7683237707334,-7.99406502992902,14.4837309397947));
#2495=CARTESIAN_POINT('Ctrl Pts',(12.6888548011809,-13.9532667856002,8.88762530988809));
#2496=CARTESIAN_POINT('Ctrl Pts',(12.6093858316285,-16.5053375490852,1.1213251222806));
#2497=CARTESIAN_POINT('Ctrl Pts',(12.529916862076,-15.0271086011061,-6.9187820264596));
#2498=CARTESIAN_POINT('Ctrl Pts',(12.4504478925236,-9.87953624957274,-13.2694499182325));
#2499=CARTESIAN_POINT('Ctrl Pts',(12.3900055691359,-4.12958939511014,-15.6352361763368));
#2500=CARTESIAN_POINT('Ctrl Pts',(12.3560529022657,-0.74455107861629,-15.8690447934638));
#2501=CARTESIAN_POINT('Ctrl Pts',(12.348589891913,-0.000401082820261703,
-15.8683351192518));
#2502=CARTESIAN_POINT('Origin',(21.651410108103,0.,1.73882011173436E-14));
#2503=CARTESIAN_POINT('',(14.3485898919131,-0.000287928900936929,-15.8696732591072));
#2504=CARTESIAN_POINT('',(14.151410108103,0.000414446494514539,-15.8686769989687));
#2505=CARTESIAN_POINT('',(21.651410108103,8.19875823440649E-13,-15.86875));
#2506=CARTESIAN_POINT('Ctrl Pts',(14.151410108103,0.00041444649451397,-15.8686769989687));
#2507=CARTESIAN_POINT('Ctrl Pts',(14.1450688776448,0.632670630874383,-15.8693238754142));
#2508=CARTESIAN_POINT('Ctrl Pts',(14.1122379906692,3.90570367145284,-15.6774131394569));
#2509=CARTESIAN_POINT('Ctrl Pts',(14.052917447176,9.5967653726965,-13.4753712880011));
#2510=CARTESIAN_POINT('Ctrl Pts',(13.9734484776235,14.8774621883689,-7.23496066345384));
#2511=CARTESIAN_POINT('Ctrl Pts',(13.893979508071,16.5253565008036,0.772094223148413));
#2512=CARTESIAN_POINT('Ctrl Pts',(13.8145105385186,14.1380628421374,8.59061790791825));
#2513=CARTESIAN_POINT('Ctrl Pts',(13.7350415689661,8.29851439474775,14.3114707772554));
#2514=CARTESIAN_POINT('Ctrl Pts',(13.6555725994137,0.432621434786491,16.5377258310275));
#2515=CARTESIAN_POINT('Ctrl Pts',(13.5761036298612,-7.538909718796,14.7257725508686));
#2516=CARTESIAN_POINT('Ctrl Pts',(13.4966346603087,-13.6695778440365,9.31805658567812));
#2517=CARTESIAN_POINT('Ctrl Pts',(13.4171656907562,-16.4623865964034,1.63504266569086));
#2518=CARTESIAN_POINT('Ctrl Pts',(13.3376967212038,-15.2353834696021,-6.44721858651046));
#2519=CARTESIAN_POINT('Ctrl Pts',(13.2582277516513,-10.2881800488672,-12.9551876964466));
#2520=CARTESIAN_POINT('Ctrl Pts',(13.1961322139511,-4.45955673679743,-15.5685558212323));
#2521=CARTESIAN_POINT('Ctrl Pts',(13.1605263327683,-0.909400655651786,-15.8685872461233));
#2522=CARTESIAN_POINT('Ctrl Pts',(13.151410108103,-0.000333513337111499,
-15.8678956271305));
#2523=CARTESIAN_POINT('Ctrl Pts',(14.3485898919131,-0.000287928900936305,
-15.8696732591072));
#2524=CARTESIAN_POINT('Ctrl Pts',(14.3251379920188,2.33757437507634,-15.867712638068));
#2525=CARTESIAN_POINT('Ctrl Pts',(14.2751964356071,7.31793170514469,-14.7537960527751));
#2526=CARTESIAN_POINT('Ctrl Pts',(14.1987652226778,13.3731580191917,-9.7386950990791));
#2527=CARTESIAN_POINT('Ctrl Pts',(14.1192962531254,16.4035700436938,-2.1462589454048));
#2528=CARTESIAN_POINT('Ctrl Pts',(14.0398272835729,15.4285321089042,5.97025414899649));
#2529=CARTESIAN_POINT('Ctrl Pts',(13.9603583140204,10.6861305366303,12.6289410400555));
#2530=CARTESIAN_POINT('Ctrl Pts',(13.880889344468,3.33437252493986,16.2038729168068));
#2531=CARTESIAN_POINT('Ctrl Pts',(13.8014203749155,-4.83157790088414,15.8221171979855));
#2532=CARTESIAN_POINT('Ctrl Pts',(13.721951405363,-11.817745910145,11.5768916053641));
#2533=CARTESIAN_POINT('Ctrl Pts',(13.6424824358106,-15.9182378288583,4.50480211141433));
#2534=CARTESIAN_POINT('Ctrl Pts',(13.5630134662581,-16.1317889844474,-3.66727716437669));
#2535=CARTESIAN_POINT('Ctrl Pts',(13.4835444967057,-12.4062541143152,-10.9438748389287));
#2536=CARTESIAN_POINT('Ctrl Pts',(13.412069971924,-6.33087325801019,-15.0849943320356));
#2537=CARTESIAN_POINT('Ctrl Pts',(13.3670851036598,-1.84385570668658,-15.8665194479207));
#2538=CARTESIAN_POINT('Ctrl Pts',(13.3485898919131,0.000385229438580742,
-15.8681835059888));
#2539=CARTESIAN_POINT('Origin',(21.651410108103,0.,1.73882011173436E-14));
#2540=CARTESIAN_POINT('',(15.3485898919131,7.66445250766079E-5,-15.8674074780372));
#2541=CARTESIAN_POINT('',(15.151410108103,-0.000381779677357368,-15.8691978479362));
#2542=CARTESIAN_POINT('',(21.651410108103,8.19875823440649E-13,-15.86875));
#2543=CARTESIAN_POINT('Ctrl Pts',(15.151410108103,-0.000381779677356975,
-15.8691978479362));
#2544=CARTESIAN_POINT('Ctrl Pts',(15.1296114225214,2.17286376991574,-15.8669985582258));
#2545=CARTESIAN_POINT('Ctrl Pts',(15.0813230804223,6.98898153848736,-14.8702964423972));
#2546=CARTESIAN_POINT('Ctrl Pts',(15.0065450818056,13.063233677983,-10.1506385435834));
#2547=CARTESIAN_POINT('Ctrl Pts',(14.9270761122532,16.3287343167968,-2.65630807315975));
#2548=CARTESIAN_POINT('Ctrl Pts',(14.8476071427007,15.60705850376,5.48664394947261));
#2549=CARTESIAN_POINT('Ctrl Pts',(14.7681381731482,11.0744261927149,12.2898584804782));
#2550=CARTESIAN_POINT('Ctrl Pts',(14.6886692035957,3.83762278814363,16.0921157186988));
#2551=CARTESIAN_POINT('Ctrl Pts',(14.6092002340433,-4.33625748442662,15.9649744126581));
#2552=CARTESIAN_POINT('Ctrl Pts',(14.5297312644908,-11.4513034716425,11.9394801297385));
#2553=CARTESIAN_POINT('Ctrl Pts',(14.4502622949383,-15.7701518688124,4.99858449990247));
#2554=CARTESIAN_POINT('Ctrl Pts',(14.3707933253859,-16.238219369342,-3.16287348485508));
#2555=CARTESIAN_POINT('Ctrl Pts',(14.2913243558334,-12.7412125026057,-10.5520159652796));
#2556=CARTESIAN_POINT('Ctrl Pts',(14.2181966167391,-6.66033577599379,-14.98053389395));
#2557=CARTESIAN_POINT('Ctrl Pts',(14.1715585341623,-2.00849645266441,-15.8666216341123));
#2558=CARTESIAN_POINT('Ctrl Pts',(14.151410108103,0.00041444649451397,-15.8686769989687));
#2559=CARTESIAN_POINT('Ctrl Pts',(15.3485898919131,7.66445250766079E-5,
-15.8674074780372));
#2560=CARTESIAN_POINT('Ctrl Pts',(15.3361701934128,1.23867427951087,-15.8676156045325));
#2561=CARTESIAN_POINT('Ctrl Pts',(15.2972608383951,5.11889673965721,-15.4189271957823));
#2562=CARTESIAN_POINT('Ctrl Pts',(15.23186182686,11.0744262069022,-12.289858494994));
#2563=CARTESIAN_POINT('Ctrl Pts',(15.1523928573075,15.6070585231657,-5.48664395542298));
#2564=CARTESIAN_POINT('Ctrl Pts',(15.072923887755,16.3287343366825,2.65630807722783));
#2565=CARTESIAN_POINT('Ctrl Pts',(14.9934549182025,13.0632336934929,10.1506385566767));
#2566=CARTESIAN_POINT('Ctrl Pts',(14.91398594865,6.60793176153238,15.1663698845185));
#2567=CARTESIAN_POINT('Ctrl Pts',(14.8345169790976,-1.46090551271827,16.4787527659714));
#2568=CARTESIAN_POINT('Ctrl Pts',(14.7550480095451,-9.17301654317813,13.7673274508047));
#2569=CARTESIAN_POINT('Ctrl Pts',(14.6755790399926,-14.6452457283088,7.69417410750179));
#2570=CARTESIAN_POINT('Ctrl Pts',(14.5961100704402,-16.5413753966869,-0.257754970813992));
#2571=CARTESIAN_POINT('Ctrl Pts',(14.5166411008877,-14.3984055743563,-8.14674502825776));
#2572=CARTESIAN_POINT('Ctrl Pts',(14.4371721313353,-8.73961005871324,-14.0464498596883));
#2573=CARTESIAN_POINT('Ctrl Pts',(14.381155061677,-3.24649139654136,-15.7874072876208));
#2574=CARTESIAN_POINT('Ctrl Pts',(14.3516276485363,-0.303114426121779,-15.8699272210282));
#2575=CARTESIAN_POINT('Ctrl Pts',(14.3485898919131,-0.000287928900936305,
-15.8696732591072));
#2576=CARTESIAN_POINT('Origin',(21.651410108103,0.,1.73882011173436E-14));
#2577=CARTESIAN_POINT('',(16.3485898919131,0.000143938459501447,-15.8700125493475));
#2578=CARTESIAN_POINT('',(16.151410108103,0.000219999178666972,-15.867575861023));
#2579=CARTESIAN_POINT('',(21.651410108103,8.19875823440649E-13,-15.86875));
#2580=CARTESIAN_POINT('Ctrl Pts',(16.151410108103,0.000219999178666525,
-15.867575861023));
#2581=CARTESIAN_POINT('Ctrl Pts',(16.1406436239154,1.07391248159096,-15.8681005382432));
#2582=CARTESIAN_POINT('Ctrl Pts',(16.1033874832103,4.78893974018108,-15.4965619775697));
#2583=CARTESIAN_POINT('Ctrl Pts',(16.0396416859877,10.6861305241577,-12.6289410240422));
#2584=CARTESIAN_POINT('Ctrl Pts',(15.9601727164352,15.4285320902869,-5.97025414091051));
#2585=CARTESIAN_POINT('Ctrl Pts',(15.8807037468828,16.4035700234777,2.14625894358915));
#2586=CARTESIAN_POINT('Ctrl Pts',(15.8012347773303,13.3731580023132,9.73869508780506));
#2587=CARTESIAN_POINT('Ctrl Pts',(15.7217658077778,7.07726687914314,14.9531210952582));
#2588=CARTESIAN_POINT('Ctrl Pts',(15.6422968382253,-0.946762585708093,16.5162700866259));
#2589=CARTESIAN_POINT('Ctrl Pts',(15.5628278686729,-8.73961004869741,14.0464498420341));
#2590=CARTESIAN_POINT('Ctrl Pts',(15.4833588991204,-14.39840555711,8.14674501755485));
#2591=CARTESIAN_POINT('Ctrl Pts',(15.403889929568,-16.5413753764214,0.257754969675804));
#2592=CARTESIAN_POINT('Ctrl Pts',(15.3244209600155,-14.6452457099725,-7.6941740987973));
#2593=CARTESIAN_POINT('Ctrl Pts',(15.244951990463,-9.17301653124839,-13.767327434383));
#2594=CARTESIAN_POINT('Ctrl Pts',(15.1872817064922,-3.57637126066828,-15.7349969355498));
#2595=CARTESIAN_POINT('Ctrl Pts',(15.1561010790389,-0.468053634084323,-15.8696711243671));
#2596=CARTESIAN_POINT('Ctrl Pts',(15.151410108103,-0.000381779677356975,
-15.8691978479362));
#2597=CARTESIAN_POINT('Ctrl Pts',(16.3485898919131,0.000143938459501013,
-15.8700125493475));
#2598=CARTESIAN_POINT('Ctrl Pts',(16.3472023948069,0.138451539704601,-15.8700781763497));
#2599=CARTESIAN_POINT('Ctrl Pts',(16.3193252411832,2.91725034657319,-15.8345103743076));
#2600=CARTESIAN_POINT('Ctrl Pts',(16.264958431042,8.29851440563243,-14.3114707943876));
#2601=CARTESIAN_POINT('Ctrl Pts',(16.1854894614896,14.1380628598965,-8.59061791774687));
#2602=CARTESIAN_POINT('Ctrl Pts',(16.1060204919371,16.5253565211007,-0.772094223273481));
#2603=CARTESIAN_POINT('Ctrl Pts',(16.0265515223846,14.8774622062479,7.23496067306279));
#2604=CARTESIAN_POINT('Ctrl Pts',(15.9470825528322,9.5967653837916,13.4753713049978));
#2605=CARTESIAN_POINT('Ctrl Pts',(15.8676135832796,1.97271504661568,16.4253442272591));
#2606=CARTESIAN_POINT('Ctrl Pts',(15.7881446137272,-6.13303600461904,15.3645503352733));
#2607=CARTESIAN_POINT('Ctrl Pts',(15.7086756441748,-12.7412125187499,10.5520159775822));
#2608=CARTESIAN_POINT('Ctrl Pts',(15.6292066746223,-16.2382193894059,3.16287348792538));
#2609=CARTESIAN_POINT('Ctrl Pts',(15.5497377050698,-15.7701518878968,-4.99858450681419));
#2610=CARTESIAN_POINT('Ctrl Pts',(15.4702687355174,-11.4513034850873,-11.9394801449446));
#2611=CARTESIAN_POINT('Ctrl Pts',(15.4032194644651,-5.4482226570495,-15.3358555996903));
#2612=CARTESIAN_POINT('Ctrl Pts',(15.3626598499303,-1.4030988612448,-15.8671716968665));
#2613=CARTESIAN_POINT('Ctrl Pts',(15.3485898919131,7.66445250766079E-5,
-15.8674074780372));
#2614=CARTESIAN_POINT('Origin',(21.651410108103,0.,1.73882011173436E-14));
#2615=CARTESIAN_POINT('',(17.3485898919131,-0.000301461783739354,-15.8677784201171));
#2616=CARTESIAN_POINT('',(17.151410108103,-2.82485089804907E-5,-15.870114280459));
#2617=CARTESIAN_POINT('',(21.651410108103,8.19875823440649E-13,-15.86875));
#2618=CARTESIAN_POINT('Ctrl Pts',(17.151410108103,-2.82485089801937E-5,
-15.870114280459));
#2619=CARTESIAN_POINT('Ctrl Pts',(17.1251861687919,2.61396094309622,-15.869843444869));
#2620=CARTESIAN_POINT('Ctrl Pts',(17.0724725729634,7.86869042452832,-14.5445709251601));
#2621=CARTESIAN_POINT('Ctrl Pts',(16.9932693206173,13.8635381503936,-9.02695114203306));
#2622=CARTESIAN_POINT('Ctrl Pts',(16.9138003510649,16.4932769452144,-1.2866050584894));
#2623=CARTESIAN_POINT('Ctrl Pts',(16.8343313815123,15.0956610061068,6.76790630525992));
#2624=CARTESIAN_POINT('Ctrl Pts',(16.7548624119599,10.0119624275902,13.1698194868645));
#2625=CARTESIAN_POINT('Ctrl Pts',(16.6753934424074,2.4835268563822,16.3559050902633));
#2626=CARTESIAN_POINT('Ctrl Pts',(16.595924472855,-5.65134027327912,15.5481796389058));
#2627=CARTESIAN_POINT('Ctrl Pts',(16.5164555033025,-12.4062540996501,10.9438748248957));
#2628=CARTESIAN_POINT('Ctrl Pts',(16.43698653375,-16.1317889648535,3.66727715907904));
#2629=CARTESIAN_POINT('Ctrl Pts',(16.3575175641976,-15.9182378091199,-4.50480210668312));
#2630=CARTESIAN_POINT('Ctrl Pts',(16.2780485946451,-11.8177458950819,-11.5768915917592));
#2631=CARTESIAN_POINT('Ctrl Pts',(16.2093461092803,-5.7780664133709,-15.2469725102441));
#2632=CARTESIAN_POINT('Ctrl Pts',(16.1671332804329,-1.56778043959819,-15.8668096322146));
#2633=CARTESIAN_POINT('Ctrl Pts',(16.151410108103,0.000219999178666525,
-15.867575861023));
#2634=CARTESIAN_POINT('Ctrl Pts',(17.3485898919131,-0.000301461783738383,
-15.8677784201171));
#2635=CARTESIAN_POINT('Ctrl Pts',(17.3317449396834,1.6795075920123,-15.8666348065065));
#2636=CARTESIAN_POINT('Ctrl Pts',(17.2884103309363,6.00182144794292,-15.1833927619865));
#2637=CARTESIAN_POINT('Ctrl Pts',(17.2185860656716,12.0598798171963,-11.324435369319));
#2638=CARTESIAN_POINT('Ctrl Pts',(17.1391170961192,16.0099265147049,-4.16722817144028));
#2639=CARTESIAN_POINT('Ctrl Pts',(17.0596481265667,16.0506437591878,4.0075394639038));
#2640=CARTESIAN_POINT('Ctrl Pts',(16.9801791570142,12.1720891487879,11.203739705699));
#2641=CARTESIAN_POINT('Ctrl Pts',(16.9007101874618,5.32133434930493,15.6641928736213));
#2642=CARTESIAN_POINT('Ctrl Pts',(16.8212412179093,-2.82879237933906,16.2997383817561));
#2643=CARTESIAN_POINT('Ctrl Pts',(16.7417722483568,-10.2881800621236,12.9551877118173));
#2644=CARTESIAN_POINT('Ctrl Pts',(16.6623032788044,-15.2353834885999,6.44721859365693));
#2645=CARTESIAN_POINT('Ctrl Pts',(16.5828343092519,-16.4623866165037,-1.63504266851354));
#2646=CARTESIAN_POINT('Ctrl Pts',(16.5033653396995,-13.6695778603311,-9.31805659778076));
#2647=CARTESIAN_POINT('Ctrl Pts',(16.4252838672531,-7.64594879351596,-14.6313559648803));
#2648=CARTESIAN_POINT('Ctrl Pts',(16.3736920513244,-2.50207349952504,-15.8688252463525));
#2649=CARTESIAN_POINT('Ctrl Pts',(16.3485898919131,0.000143938459501013,
-15.8700125493475));
#2650=CARTESIAN_POINT('Origin',(21.651410108103,0.,1.73882011173436E-14));
#2651=CARTESIAN_POINT('',(18.3485898919131,0.000410849449140605,-15.8688440147359));
#2652=CARTESIAN_POINT('',(18.151410108103,-0.0001762590434616,-15.8675040193045));
#2653=CARTESIAN_POINT('',(21.651410108103,8.19875823440649E-13,-15.86875));
#2654=CARTESIAN_POINT('Ctrl Pts',(18.151410108103,-0.00017625904346133,
-15.8675040193045));
#2655=CARTESIAN_POINT('Ctrl Pts',(18.136218370186,1.51484627268368,-15.8669142143625));
#2656=CARTESIAN_POINT('Ctrl Pts',(18.0945369757514,5.67204630137391,-15.2761674309797));
#2657=CARTESIAN_POINT('Ctrl Pts',(18.0263659247994,11.7011856784805,-11.6946907049991));
#2658=CARTESIAN_POINT('Ctrl Pts',(17.9468969552469,15.8723139357166,-4.6640312278391));
#2659=CARTESIAN_POINT('Ctrl Pts',(17.8674279856945,16.1677151994623,3.50549885138826));
#2660=CARTESIAN_POINT('Ctrl Pts',(17.787959016142,12.5152579168739,10.8190506164921));
#2661=CARTESIAN_POINT('Ctrl Pts',(17.7084900465895,5.80680494674859,15.4907893045669));
#2662=CARTESIAN_POINT('Ctrl Pts',(17.6290210770371,-2.31956293918944,16.3799622935832));
#2663=CARTESIAN_POINT('Ctrl Pts',(17.5495521074846,-9.8795362381209,13.2694499014741));
#2664=CARTESIAN_POINT('Ctrl Pts',(17.4700831379321,-15.027108583028,6.91878201723072));
#2665=CARTESIAN_POINT('Ctrl Pts',(17.3906141683797,-16.5053375287953,-1.12132512172646));
#2666=CARTESIAN_POINT('Ctrl Pts',(17.3111451988272,-13.9532667680528,-8.88762529968627));
#2667=CARTESIAN_POINT('Ctrl Pts',(17.2316762292747,-7.9940650194089,-14.4837309224362));
#2668=CARTESIAN_POINT('Ctrl Pts',(17.1784311990333,-2.69347575544216,-15.863580372605));
#2669=CARTESIAN_POINT('Ctrl Pts',(17.1516758253094,-0.026514807120688,-15.8701170247331));
#2670=CARTESIAN_POINT('Ctrl Pts',(17.151410108103,-2.82485089801937E-5,
-15.870114280459));
#2671=CARTESIAN_POINT('Ctrl Pts',(18.3485898919131,0.000410849449140951,
-15.8688440147359));
#2672=CARTESIAN_POINT('Ctrl Pts',(18.3427771410774,0.57995710756451,-15.869444043873));
#2673=CARTESIAN_POINT('Ctrl Pts',(18.3104747337243,3.80023414999441,-15.6964300414087));
#2674=CARTESIAN_POINT('Ctrl Pts',(18.2516826698537,9.46205510460049,-13.5703003217497));
#2675=CARTESIAN_POINT('Ctrl Pts',(18.1722137003013,14.8046534039805,-7.38280266830522));
#2676=CARTESIAN_POINT('Ctrl Pts',(18.0927447307488,16.532227763738,0.607439544206282));
#2677=CARTESIAN_POINT('Ctrl Pts',(18.0132757611963,14.2229363173318,8.44935619769189));
#2678=CARTESIAN_POINT('Ctrl Pts',(17.9338067916439,8.44066554086774,14.2280955459701));
#2679=CARTESIAN_POINT('Ctrl Pts',(17.8543378220914,0.597339557940576,16.5325957759727));
#2680=CARTESIAN_POINT('Ctrl Pts',(17.7748688525389,-7.39184575339384,14.8001403370822));
#2681=CARTESIAN_POINT('Ctrl Pts',(17.6953998829864,-13.5760783505207,9.45376296822712));
#2682=CARTESIAN_POINT('Ctrl Pts',(17.615930913434,-16.4452824306201,1.79895064311522));
#2683=CARTESIAN_POINT('Ctrl Pts',(17.5364619438815,-15.2988511540819,-6.29513232619326));
#2684=CARTESIAN_POINT('Ctrl Pts',(17.4569929743291,-10.4167219429501,-12.8520598194369));
#2685=CARTESIAN_POINT('Ctrl Pts',(17.3943689570062,-4.56503879518628,-15.5460945385845));
#2686=CARTESIAN_POINT('Ctrl Pts',(17.3582345962009,-0.962088789110888,-15.8684332047044));
#2687=CARTESIAN_POINT('Ctrl Pts',(17.3485898919131,-0.000301461783738383,
-15.8677784201171));
#2688=CARTESIAN_POINT('Origin',(21.651410108103,0.,1.73882011173436E-14));
#2689=CARTESIAN_POINT('',(19.3485898919131,-0.000402001196305457,-15.869032409486));
#2690=CARTESIAN_POINT('',(19.151410108103,0.000357976122930827,-15.869359726584));
#2691=CARTESIAN_POINT('',(21.651410108103,8.19875823440649E-13,-15.86875));
#2692=CARTESIAN_POINT('',(20.000000000008,12.9202241036362,9.21330753173465));
#2693=CARTESIAN_POINT('Ctrl Pts',(20.000000000008,12.9202241036363,9.21330753173454));
#2694=CARTESIAN_POINT('Ctrl Pts',(19.9735103434905,11.3867665360336,11.3637421458621));
#2695=CARTESIAN_POINT('Ctrl Pts',(19.9205310304556,7.22692178956419,14.8819596107873));
#2696=CARTESIAN_POINT('Ctrl Pts',(19.8410620609031,-0.782691638432171,16.5248507743659));
#2697=CARTESIAN_POINT('Ctrl Pts',(19.7615930913507,-8.59899936346697,14.1328269598324));
#2698=CARTESIAN_POINT('Ctrl Pts',(19.6821241217981,-14.3166681169332,8.2897621186478));
#2699=CARTESIAN_POINT('Ctrl Pts',(19.6026551522457,-16.537920153679,0.42252200489063));
#2700=CARTESIAN_POINT('Ctrl Pts',(19.5231861826932,-14.7211985306387,-7.54790658708383));
#2701=CARTESIAN_POINT('Ctrl Pts',(19.4437172131408,-9.30968616759739,-13.6752668744861));
#2702=CARTESIAN_POINT('Ctrl Pts',(19.3855184495474,-3.68183454953769,-15.7171318861928));
#2703=CARTESIAN_POINT('Ctrl Pts',(19.3538093424715,-0.520776931092089,-15.8695692973246));
#2704=CARTESIAN_POINT('Ctrl Pts',(19.3485898919131,-0.000402001196305388,
-15.869032409486));
#2705=CARTESIAN_POINT('',(20.000000000008,12.9204983532177,-9.21393033760114));
#2706=CARTESIAN_POINT('Origin',(20.000000000008,0.,1.60619571940426E-14));
#2707=CARTESIAN_POINT('Ctrl Pts',(20.000000000008,12.9204983532177,-9.21393033760115));
#2708=CARTESIAN_POINT('Ctrl Pts',(19.9778737313582,14.1994326818097,-7.41666196212024));
#2709=CARTESIAN_POINT('Ctrl Pts',(19.9292578061909,16.1844506734211,-2.87701335942926));
#2710=CARTESIAN_POINT('Ctrl Pts',(19.8541522245062,15.8194663940818,4.8403578905252));
#2711=CARTESIAN_POINT('Ctrl Pts',(19.7746832549537,11.570310703853,11.8241739327239));
#2712=CARTESIAN_POINT('Ctrl Pts',(19.6952142854012,4.49597228089821,15.9207354521667));
#2713=CARTESIAN_POINT('Ctrl Pts',(19.6157453158488,-3.67623799897724,16.1297508723278));
#2714=CARTESIAN_POINT('Ctrl Pts',(19.5362763462963,-10.9507589931143,12.4001756038707));
#2715=CARTESIAN_POINT('Ctrl Pts',(19.4568073767438,-15.5513162300372,5.64270682995337));
#2716=CARTESIAN_POINT('Ctrl Pts',(19.3773384071914,-16.3545230242133,-2.49260773551473));
#2717=CARTESIAN_POINT('Ctrl Pts',(19.2978694376389,-13.1642589025213,-10.0192730421763));
#2718=CARTESIAN_POINT('Ctrl Pts',(19.2225600046094,-7.09475800030254,-14.8335133456189));
#2719=CARTESIAN_POINT('Ctrl Pts',(19.1737402280975,-2.22580397385751,-15.8671883490477));
#2720=CARTESIAN_POINT('Ctrl Pts',(19.151410108103,0.000357976122932133,
-15.869359726584));
#2721=CARTESIAN_POINT('Origin',(9.00000000000012,0.,7.22788073731637E-15));
#2722=CARTESIAN_POINT('',(9.00000000000014,-3.67394039744206E-15,-30.));
#2723=CARTESIAN_POINT('Origin',(9.00000000000012,0.,7.22788073731637E-15));
#2724=CARTESIAN_POINT('',(10.0000000000001,-3.55147571752732E-15,-29.));
#2725=CARTESIAN_POINT('Origin',(9.00000000000014,-3.55147571752732E-15,
-29.));
#2726=CARTESIAN_POINT('Origin',(10.0000000000001,0.,8.03097859701818E-15));
#2727=CARTESIAN_POINT('Origin',(5.00000000000004,0.,4.01548929850908E-15));
#2728=CARTESIAN_POINT('',(0.999999999999944,3.67394039744206E-15,30.));
#2729=CARTESIAN_POINT('',(0.999999999999989,-3.67394039744206E-15,-30.));
#2730=CARTESIAN_POINT('Origin',(0.999999999999967,0.,8.03097859701782E-16));
#2731=CARTESIAN_POINT('Origin',(0.999999999999967,0.,8.03097859701782E-16));
#2732=CARTESIAN_POINT('',(5.00000000000007,-3.67394039744206E-15,-30.));
#2733=CARTESIAN_POINT('Origin',(10.0000000000001,0.,30.));
#2734=CARTESIAN_POINT('Ctrl Pts',(10.0000000000001,-14.8575756080926,7.04214534426921));
#2735=CARTESIAN_POINT('Ctrl Pts',(10.0000000000001,-14.6981397557378,7.36445049703679));
#2736=CARTESIAN_POINT('Ctrl Pts',(10.0000000000001,-14.528110400457,7.68105844301454));
#2737=CARTESIAN_POINT('Ctrl Pts',(10.0000000000001,-14.3479388947646,7.99156913473924));
#2738=CARTESIAN_POINT('Ctrl Pts',(10.0000000000001,-14.1665345039615,8.30420460200515));
#2739=CARTESIAN_POINT('Ctrl Pts',(10.0000000000001,-13.9748483493107,8.61065954192969));
#2740=CARTESIAN_POINT('Ctrl Pts',(10.0000000000001,-13.7732938372549,8.91050110027259));
#2741=CARTESIAN_POINT('Ctrl Pts',(10.0000000000001,-13.5715037330974,9.21069313602319));
#2742=CARTESIAN_POINT('Ctrl Pts',(10.0000000000001,-13.3598218110176,9.50425676545422));
#2743=CARTESIAN_POINT('Ctrl Pts',(10.0000000000001,-13.1386211415213,9.79072634719672));
#2744=CARTESIAN_POINT('Ctrl Pts',(10.0000000000001,-13.0130926995907,9.95329402991913));
#2745=CARTESIAN_POINT('Ctrl Pts',(10.0000000000001,-12.88449810036,10.1135765320182));
#2746=CARTESIAN_POINT('Ctrl Pts',(10.0000000000001,-12.7529002509329,10.271483449142));
#2747=CARTESIAN_POINT('Ctrl Pts',(10.0000000000001,-12.6917332477935,10.3448789714663));
#2748=CARTESIAN_POINT('Ctrl Pts',(10.0000000000001,-12.6299173677833,10.4177612113508));
#2749=CARTESIAN_POINT('Ctrl Pts',(10.0000000000001,-12.5674586732517,10.4901207771613));
#2750=CARTESIAN_POINT('Ctrl Pts',(10.0000000000001,-12.5384662832853,10.5237090031963));
#2751=CARTESIAN_POINT('Ctrl Pts',(10.0000000000001,-12.5093353853394,10.5571846069381));
#2752=CARTESIAN_POINT('Ctrl Pts',(10.0000000000001,-12.4800665745462,10.5905466337472));
#2753=CARTESIAN_POINT('Ctrl Pts',(10.0000000000001,-12.452133469839,10.6223861572142));
#2754=CARTESIAN_POINT('Ctrl Pts',(10.0000000000001,-12.4240813975576,10.6541146553981));
#2755=CARTESIAN_POINT('Ctrl Pts',(10.0000000000001,-12.3959116943712,10.6857307242446));
#2756=CARTESIAN_POINT('Ctrl Pts',(10.0000000000001,-12.1556336649247,10.9554050857736));
#2757=CARTESIAN_POINT('Ctrl Pts',(10.0000000000001,-11.9067852235226,11.2169200058774));
#2758=CARTESIAN_POINT('Ctrl Pts',(10.0000000000001,-11.6497712268611,11.469844010379));
#2759=CARTESIAN_POINT('Ctrl Pts',(10.0000000000001,-11.393309974911,11.7222240662721));
#2760=CARTESIAN_POINT('Ctrl Pts',(10.0000000000001,-11.1287178512467,11.9660505341824));
#2761=CARTESIAN_POINT('Ctrl Pts',(10.0000000000001,-10.8563596157371,12.2008590444309));
#2762=CARTESIAN_POINT('Ctrl Pts',(10.0000000000001,-10.5868835222079,12.4331827703897));
#2763=CARTESIAN_POINT('Ctrl Pts',(10.0000000000001,-10.309804392791,12.6566787318421));
#2764=CARTESIAN_POINT('Ctrl Pts',(10.0000000000001,-10.0254449569114,12.8708566268094));
#2765=CARTESIAN_POINT('Ctrl Pts',(10.0000000000001,-9.88266646844545,12.9783965648166));
#2766=CARTESIAN_POINT('Ctrl Pts',(10.0000000000001,-9.73805209716083,13.0835866521692));
#2767=CARTESIAN_POINT('Ctrl Pts',(10.0000000000001,-9.59164023919212,13.1863604898316));
#2768=CARTESIAN_POINT('Ctrl Pts',(10.0000000000001,-9.51689888867759,13.2388251981621));
#2769=CARTESIAN_POINT('Ctrl Pts',(10.0000000000001,-9.44168909289012,13.2906601888844));
#2770=CARTESIAN_POINT('Ctrl Pts',(10.0000000000001,-9.36601975865721,13.3418614971486));
#2771=CARTESIAN_POINT('Ctrl Pts',(10.0000000000001,-9.33395241978626,13.3635597150514));
#2772=CARTESIAN_POINT('Ctrl Pts',(10.0000000000001,-9.30180054773668,13.3851454589293));
#2773=CARTESIAN_POINT('Ctrl Pts',(10.0000000000001,-9.26957132658609,13.4066140847258));
#2774=CARTESIAN_POINT('Ctrl Pts',(10.0000000000001,-8.97423142172529,13.6033467910663));
#2775=CARTESIAN_POINT('Ctrl Pts',(10.0000000000001,-8.67280895472619,13.789976852008));
#2776=CARTESIAN_POINT('Ctrl Pts',(10.0000000000001,-8.36590297902786,13.9664012783624));
#2777=CARTESIAN_POINT('Ctrl Pts',(10.0000000000001,-8.05583623550343,14.1446426672223));
#2778=CARTESIAN_POINT('Ctrl Pts',(10.0000000000001,-7.74017196019464,14.3124673779463));
#2779=CARTESIAN_POINT('Ctrl Pts',(10.0000000000001,-7.41949480341399,14.4697268693608));
#2780=CARTESIAN_POINT('Ctrl Pts',(10.0000000000001,-7.09721767608551,14.6277709834068));
#2781=CARTESIAN_POINT('Ctrl Pts',(10.0000000000001,-6.76987698361949,14.7751444170357));
#2782=CARTESIAN_POINT('Ctrl Pts',(10.0000000000001,-6.43804074602134,14.911650280552));
#2783=CARTESIAN_POINT('Ctrl Pts',(10.0000000000001,-6.09139255933112,15.0542492637221));
#2784=CARTESIAN_POINT('Ctrl Pts',(10.0000000000001,-5.73983803510559,15.1849894891732));
#2785=CARTESIAN_POINT('Ctrl Pts',(10.0000000000001,-5.38400487469868,15.3035891624673));
#2786=CARTESIAN_POINT('Ctrl Pts',(10.0000000000001,-5.04778093710256,15.4156530552955));
#2787=CARTESIAN_POINT('Ctrl Pts',(10.0000000000001,-4.7077362966734,15.516877324479));
#2788=CARTESIAN_POINT('Ctrl Pts',(10.0000000000001,-4.3643921035028,15.6069731312691));
#2789=CARTESIAN_POINT('Ctrl Pts',(10.0000000000001,-4.17770163962156,15.6559619544325));
#2790=CARTESIAN_POINT('Ctrl Pts',(10.0000000000001,-3.99003555406828,15.7016597149878));
#2791=CARTESIAN_POINT('Ctrl Pts',(10.0000000000001,-3.80147746501315,15.744013488989));
#2792=CARTESIAN_POINT('Ctrl Pts',(10.0000000000001,-3.72428654924642,15.761352053554));
#2793=CARTESIAN_POINT('Ctrl Pts',(10.0000000000001,-3.64694614655081,15.7781301528116));
#2794=CARTESIAN_POINT('Ctrl Pts',(10.0000000000001,-3.56946200741026,15.7943439271397));
#2795=CARTESIAN_POINT('Ctrl Pts',(10.0000000000001,-3.53510944187682,15.8015322982223));
#2796=CARTESIAN_POINT('Ctrl Pts',(10.0000000000001,-3.50072647668454,15.8086101780677));
#2797=CARTESIAN_POINT('Ctrl Pts',(10.0000000000001,-3.46632052969723,15.8155758249051));
#2798=CARTESIAN_POINT('Ctrl Pts',(10.0000000000001,-3.11534691557301,15.8866320945121));
#2799=CARTESIAN_POINT('Ctrl Pts',(10.0000000000001,-2.76261779489727,15.945886653386));
#2800=CARTESIAN_POINT('Ctrl Pts',(10.0000000000001,-2.40869361163861,15.9931739707444));
#2801=CARTESIAN_POINT('Ctrl Pts',(10.0000000000001,-2.30208349942795,16.0074179994041));
#2802=CARTESIAN_POINT('Ctrl Pts',(10.0000000000001,-2.19536483052871,16.0205758396468));
#2803=CARTESIAN_POINT('Ctrl Pts',(10.0000000000001,-2.08855264243113,16.0326420839793));
#2804=CARTESIAN_POINT('Ctrl Pts',(10.0000000000001,-1.73559942972722,16.0725141227257));
#2805=CARTESIAN_POINT('Ctrl Pts',(10.0000000000001,-1.38162565229772,16.100470775765));
#2806=CARTESIAN_POINT('Ctrl Pts',(10.0000000000001,-1.02721293017662,16.1166654445468));
#2807=CARTESIAN_POINT('Ctrl Pts',(10.0000000000001,-0.670778424840814,16.1329524974544));
#2808=CARTESIAN_POINT('Ctrl Pts',(10.0000000000001,-0.31389937675528,16.1373429426947));
#2809=CARTESIAN_POINT('Ctrl Pts',(10.0000000000001,0.0428357736539651,16.1299398621141));
#2810=CARTESIAN_POINT('Ctrl Pts',(10.0000000000001,0.399513088348878,16.1225379817585));
#2811=CARTESIAN_POINT('Ctrl Pts',(10.0000000000001,0.756047133433078,16.1033463111123));
#2812=CARTESIAN_POINT('Ctrl Pts',(10.0000000000001,1.11184423452024,16.0724161740807));
#2813=CARTESIAN_POINT('Ctrl Pts',(10.0000000000001,1.46550183010085,16.0416720284421));
#2814=CARTESIAN_POINT('Ctrl Pts',(10.0000000000001,1.81843187570065,15.9993300392287));
#2815=CARTESIAN_POINT('Ctrl Pts',(10.0000000000001,2.17003739900427,15.945391191786));
#2816=CARTESIAN_POINT('Ctrl Pts',(10.0000000000001,2.32540999945394,15.9215559035525));
#2817=CARTESIAN_POINT('Ctrl Pts',(10.0000000000001,2.48052372582865,15.8954554482024));
#2818=CARTESIAN_POINT('Ctrl Pts',(10.0000000000001,2.63532575815563,15.8670869020561));
#2819=CARTESIAN_POINT('Ctrl Pts',(10.0000000000001,2.67381889797526,15.860032767192));
#2820=CARTESIAN_POINT('Ctrl Pts',(10.0000000000001,2.71229276058874,15.8528383828805));
#2821=CARTESIAN_POINT('Ctrl Pts',(10.0000000000001,2.75074652457991,15.8455036866557));
#2822=CARTESIAN_POINT('Ctrl Pts',(10.0000000000001,2.78783542183777,15.8384293260089));
#2823=CARTESIAN_POINT('Ctrl Pts',(10.0000000000001,2.82489861603129,15.8312257535006));
#2824=CARTESIAN_POINT('Ctrl Pts',(10.0000000000001,2.86192720240773,15.8238947350562));
#2825=CARTESIAN_POINT('Ctrl Pts',(10.0000000000001,3.21127906211405,15.7547291206562));
#2826=CARTESIAN_POINT('Ctrl Pts',(10.0000000000001,3.55777742401907,15.6741803701054));
#2827=CARTESIAN_POINT('Ctrl Pts',(10.0000000000001,3.90085213445048,15.5823881852529));
#2828=CARTESIAN_POINT('Ctrl Pts',(10.0000000000001,4.24382647585384,15.4906228548788));
#2829=CARTESIAN_POINT('Ctrl Pts',(10.0000000000001,4.58337974190227,15.3876205582287));
#2830=CARTESIAN_POINT('Ctrl Pts',(10.0000000000001,4.9189355711191,15.273469431707));
#2831=CARTESIAN_POINT('Ctrl Pts',(10.0000000000001,5.21363328898139,15.1732176299252));
#2832=CARTESIAN_POINT('Ctrl Pts',(10.0000000000001,5.50524792330423,15.0643659264341));
#2833=CARTESIAN_POINT('Ctrl Pts',(10.0000000000001,5.79337953590247,14.9469422438622));
#2834=CARTESIAN_POINT('Ctrl Pts',(10.0000000000001,6.12204685979684,14.8129988449941));
#2835=CARTESIAN_POINT('Ctrl Pts',(10.0000000000001,6.44618305364607,14.6679025774668));
#2836=CARTESIAN_POINT('Ctrl Pts',(10.0000000000001,6.76531240934609,14.5120144405566));
#2837=CARTESIAN_POINT('Ctrl Pts',(10.0000000000001,7.08396945895856,14.3563570154714));
#2838=CARTESIAN_POINT('Ctrl Pts',(10.0000000000001,7.39763494637655,14.1899392803651));
#2839=CARTESIAN_POINT('Ctrl Pts',(10.0000000000001,7.70580571309996,14.0130780526136));
#2840=CARTESIAN_POINT('Ctrl Pts',(10.0000000000001,7.91704802133212,13.891844704025));
#2841=CARTESIAN_POINT('Ctrl Pts',(10.0000000000001,8.12570790545621,13.7657033756008));
#2842=CARTESIAN_POINT('Ctrl Pts',(10.0000000000001,8.33161353183396,13.6347458386177));
#2843=CARTESIAN_POINT('Ctrl Pts',(10.0000000000001,8.3732329333272,13.608275584229));
#2844=CARTESIAN_POINT('Ctrl Pts',(10.0000000000001,8.41473977849954,13.5816085336472));
#2845=CARTESIAN_POINT('Ctrl Pts',(10.0000000000001,8.45613260397173,13.5547454067418));
#2846=CARTESIAN_POINT('Ctrl Pts',(10.0000000000001,8.4950123962896,13.5295131887627));
#2847=CARTESIAN_POINT('Ctrl Pts',(10.0000000000001,8.5337954428249,13.5041053810109));
#2848=CARTESIAN_POINT('Ctrl Pts',(10.0000000000001,8.57245611027262,13.4785388707505));
#2849=CARTESIAN_POINT('Ctrl Pts',(10.0000000000001,8.8665425327235,13.2840579154694));
#2850=CARTESIAN_POINT('Ctrl Pts',(10.0000000000001,9.15379956376682,13.0802380299106));
#2851=CARTESIAN_POINT('Ctrl Pts',(10.0000000000001,9.43380478873227,12.8674923866036));
#2852=CARTESIAN_POINT('Ctrl Pts',(10.0000000000001,9.71578677673084,12.6532448151694));
#2853=CARTESIAN_POINT('Ctrl Pts',(10.0000000000001,9.99041469338805,12.4299446951881));
#2854=CARTESIAN_POINT('Ctrl Pts',(10.0000000000001,10.2572312895893,12.1979681412392));
#2855=CARTESIAN_POINT('Ctrl Pts',(10.0000000000001,10.5235255724524,11.9664456986536));
#2856=CARTESIAN_POINT('Ctrl Pts',(10.0000000000001,10.7820395368848,11.7262803827019));
#2857=CARTESIAN_POINT('Ctrl Pts',(10.0000000000001,11.0322860011998,11.4778058918924));
#2858=CARTESIAN_POINT('Ctrl Pts',(10.0000000000001,11.2798426924994,11.2320021280489));
#2859=CARTESIAN_POINT('Ctrl Pts',(10.0000000000001,11.5193090320365,10.9780664510373));
#2860=CARTESIAN_POINT('Ctrl Pts',(10.0000000000001,11.7501753705332,10.7162883759749));
#2861=CARTESIAN_POINT('Ctrl Pts',(10.0000000000001,11.8823096418323,10.5664620504236));
#2862=CARTESIAN_POINT('Ctrl Pts',(10.0000000000001,12.0116260450189,10.4140661726606));
#2863=CARTESIAN_POINT('Ctrl Pts',(10.0000000000001,12.1380226028531,10.2591507477107));
#2864=CARTESIAN_POINT('Ctrl Pts',(10.0000000000001,12.3612823972074,9.98551682516374));
#2865=CARTESIAN_POINT('Ctrl Pts',(10.0000000000001,12.5754350501895,9.70402291794607));
#2866=CARTESIAN_POINT('Ctrl Pts',(10.0000000000001,12.7801812870873,9.41517954026219));
#2867=CARTESIAN_POINT('Ctrl Pts',(10.0000000000001,12.82745667437,9.34848633627006));
#2868=CARTESIAN_POINT('Ctrl Pts',(10.0000000000001,12.8742303668958,9.28140122658733));
#2869=CARTESIAN_POINT('Ctrl Pts',(10.0000000000001,12.920498306413,9.21393036587133));
#2870=CARTESIAN_POINT('Ctrl Pts',(10.0000000000001,12.9202241040942,-9.21330753109234));
#2871=CARTESIAN_POINT('Ctrl Pts',(10.0000000000001,12.7221336205108,-9.50156173315387));
#2872=CARTESIAN_POINT('Ctrl Pts',(10.0000000000001,12.5145593274225,-9.78281109554275));
#2873=CARTESIAN_POINT('Ctrl Pts',(10.0000000000001,12.2980162355056,-10.0567443636835));
#2874=CARTESIAN_POINT('Ctrl Pts',(10.0000000000001,12.0795493488438,-10.3331112877635));
#2875=CARTESIAN_POINT('Ctrl Pts',(10.0000000000001,11.851953237789,-10.6020319630202));
#2876=CARTESIAN_POINT('Ctrl Pts',(10.0000000000001,11.6157104152284,-10.8631597992839));
#2877=CARTESIAN_POINT('Ctrl Pts',(10.0000000000001,11.378624466109,-11.1252195741845));
#2878=CARTESIAN_POINT('Ctrl Pts',(10.0000000000001,11.132829571602,-11.3794311997736));
#2879=CARTESIAN_POINT('Ctrl Pts',(10.0000000000001,10.8787727783575,-11.6254110975874));
#2880=CARTESIAN_POINT('Ctrl Pts',(10.0000000000001,10.7352799319296,-11.7643420635757));
#2881=CARTESIAN_POINT('Ctrl Pts',(10.0000000000001,10.5891507888144,-11.900646423126));
#2882=CARTESIAN_POINT('Ctrl Pts',(10.0000000000001,10.4404609443948,-12.0342496352876));
#2883=CARTESIAN_POINT('Ctrl Pts',(10.0000000000001,10.3682162115184,-12.0991641451637));
#2884=CARTESIAN_POINT('Ctrl Pts',(10.0000000000001,10.2953669112681,-12.1634409197342));
#2885=CARTESIAN_POINT('Ctrl Pts',(10.0000000000001,10.221921443806,-12.2270710428895));
#2886=CARTESIAN_POINT('Ctrl Pts',(10.0000000000001,10.174881668785,-12.2678243634307));
#2887=CARTESIAN_POINT('Ctrl Pts',(10.0000000000001,10.1275923255869,-12.3083165816265));
#2888=CARTESIAN_POINT('Ctrl Pts',(10.0000000000001,10.0800829107039,-12.348522420782));
#2889=CARTESIAN_POINT('Ctrl Pts',(10.0000000000001,9.80899521212035,-12.5779360734894));
#2890=CARTESIAN_POINT('Ctrl Pts',(10.0000000000001,9.53061690562113,-12.7981432776443));
#2891=CARTESIAN_POINT('Ctrl Pts',(10.0000000000001,9.24543108446374,-13.0087929397892));
#2892=CARTESIAN_POINT('Ctrl Pts',(10.0000000000001,8.96021642601947,-13.2194639023085));
#2893=CARTESIAN_POINT('Ctrl Pts',(10.0000000000001,8.66819243699021,-13.420575780831));
#2894=CARTESIAN_POINT('Ctrl Pts',(10.0000000000001,8.36980594024324,-13.6117401469514));
#2895=CARTESIAN_POINT('Ctrl Pts',(10.0000000000001,8.07377606564344,-13.8013947189496));
#2896=CARTESIAN_POINT('Ctrl Pts',(10.0000000000001,7.77148332620481,-13.9812586182026));
#2897=CARTESIAN_POINT('Ctrl Pts',(10.0000000000001,7.4633349769887,-14.1509106004123));
#2898=CARTESIAN_POINT('Ctrl Pts',(10.0000000000001,7.30772525584964,-14.2365819911872));
#2899=CARTESIAN_POINT('Ctrl Pts',(10.0000000000001,7.15062188850735,-14.3196485643833));
#2900=CARTESIAN_POINT('Ctrl Pts',(10.0000000000001,6.99207503054767,-14.4000515461887));
#2901=CARTESIAN_POINT('Ctrl Pts',(10.0000000000001,6.91070473478467,-14.4413164094217));
#2902=CARTESIAN_POINT('Ctrl Pts',(10.0000000000001,6.82895419971529,-14.4818796289976));
#2903=CARTESIAN_POINT('Ctrl Pts',(10.0000000000001,6.74683314540456,-14.5217389201013));
#2904=CARTESIAN_POINT('Ctrl Pts',(10.0000000000001,6.71331785724122,-14.5380063150896));
#2905=CARTESIAN_POINT('Ctrl Pts',(10.0000000000001,6.67973855207491,-14.5541575544629));
#2906=CARTESIAN_POINT('Ctrl Pts',(10.0000000000001,6.64610351404327,-14.570188843627));
#2907=CARTESIAN_POINT('Ctrl Pts',(10.0000000000001,6.33012553146648,-14.7207917477597));
#2908=CARTESIAN_POINT('Ctrl Pts',(10.0000000000001,6.00960026038939,-14.8606384334107));
#2909=CARTESIAN_POINT('Ctrl Pts',(10.0000000000001,5.68514058225912,-14.9897326984133));
#2910=CARTESIAN_POINT('Ctrl Pts',(10.0000000000001,5.35680280531563,-15.1203699604342));
#2911=CARTESIAN_POINT('Ctrl Pts',(10.0000000000001,5.02443551820558,-15.2399964308927));
#2912=CARTESIAN_POINT('Ctrl Pts',(10.0000000000001,4.6886428357682,-15.3485717987049));
#2913=CARTESIAN_POINT('Ctrl Pts',(10.0000000000001,4.35042404014647,-15.4579316271237));
#2914=CARTESIAN_POINT('Ctrl Pts',(10.0000000000001,4.00872963406396,-15.5560802706218));
#2915=CARTESIAN_POINT('Ctrl Pts',(10.0000000000001,3.66415347993209,-15.6429290482215));
#2916=CARTESIAN_POINT('Ctrl Pts',(10.0000000000001,3.30378019272905,-15.7337594179319));
#2917=CARTESIAN_POINT('Ctrl Pts',(10.0000000000001,2.94025433190994,-15.8122306702141));
#2918=CARTESIAN_POINT('Ctrl Pts',(10.0000000000001,2.57423785704193,-15.8781832305628));
#2919=CARTESIAN_POINT('Ctrl Pts',(10.0000000000001,2.22681356138854,-15.9407856635106));
#2920=CARTESIAN_POINT('Ctrl Pts',(10.0000000000001,1.87714460047825,-15.9921085955993));
#2921=CARTESIAN_POINT('Ctrl Pts',(10.0000000000001,1.52579095839927,-16.0319638547974));
#2922=CARTESIAN_POINT('Ctrl Pts',(10.0000000000001,1.336012295686,-16.0534911050856));
#2923=CARTESIAN_POINT('Ctrl Pts',(10.0000000000001,1.14574208139771,-16.0716718203828));
#2924=CARTESIAN_POINT('Ctrl Pts',(10.0000000000001,0.955068718055437,-16.0864700035027));
#2925=CARTESIAN_POINT('Ctrl Pts',(10.0000000000001,0.874697684325497,-16.09270760929));
#2926=CARTESIAN_POINT('Ctrl Pts',(10.0000000000001,0.794255027063753,-16.0983441786134));
#2927=CARTESIAN_POINT('Ctrl Pts',(10.0000000000001,0.713747394882201,-16.1033767726099));
#2928=CARTESIAN_POINT('Ctrl Pts',(10.0000000000001,0.665241635470982,-16.1064089049308));
#2929=CARTESIAN_POINT('Ctrl Pts',(10.0000000000001,0.616706824247574,-16.1092220330662));
#2930=CARTESIAN_POINT('Ctrl Pts',(10.0000000000001,0.568176400063008,-16.111813922574));
#2931=CARTESIAN_POINT('Ctrl Pts',(10.0000000000001,0.210163043412401,-16.1309345273979));
#2932=CARTESIAN_POINT('Ctrl Pts',(10.0000000000001,-0.147892218006408,-16.1380393940591));
#2933=CARTESIAN_POINT('Ctrl Pts',(10.0000000000001,-0.505393503955402,-16.1330646162686));
#2934=CARTESIAN_POINT('Ctrl Pts',(10.0000000000001,-0.59146152909138,-16.1318669442133));
#2935=CARTESIAN_POINT('Ctrl Pts',(10.0000000000001,-0.677497514963671,-16.1299689087704));
#2936=CARTESIAN_POINT('Ctrl Pts',(10.0000000000001,-0.763493263066521,-16.1273691830961));
#2937=CARTESIAN_POINT('Ctrl Pts',(10.0000000000001,-1.11771105452707,-16.1166608735919));
#2938=CARTESIAN_POINT('Ctrl Pts',(10.0000000000001,-1.47124574695548,-16.0940516929907));
#2939=CARTESIAN_POINT('Ctrl Pts',(10.0000000000001,-1.82355123755701,-16.0597990956642));
#2940=CARTESIAN_POINT('Ctrl Pts',(10.0000000000001,-2.1786005146409,-16.0252797360644));
#2941=CARTESIAN_POINT('Ctrl Pts',(10.0000000000001,-2.53240191859498,-15.9789348080222));
#2942=CARTESIAN_POINT('Ctrl Pts',(10.0000000000001,-2.88439720880188,-15.9209743971872));
#2943=CARTESIAN_POINT('Ctrl Pts',(10.0000000000001,-3.23720542163049,-15.8628801285125));
#2944=CARTESIAN_POINT('Ctrl Pts',(10.0000000000001,-3.58819973497521,-15.7931165354821));
#2945=CARTESIAN_POINT('Ctrl Pts',(10.0000000000001,-3.93681034414205,-15.7118433777498));
#2946=CARTESIAN_POINT('Ctrl Pts',(10.0000000000001,-4.28416823743683,-15.6308622712975));
#2947=CARTESIAN_POINT('Ctrl Pts',(10.0000000000001,-4.62916008194167,-15.5384540013009));
#2948=CARTESIAN_POINT('Ctrl Pts',(10.0000000000001,-4.97120619420039,-15.4347275545432));
#2949=CARTESIAN_POINT('Ctrl Pts',(10.0000000000001,-5.12370711515595,-15.3884812208149));
#2950=CARTESIAN_POINT('Ctrl Pts',(10.0000000000001,-5.27562221641686,-15.3399844073744));
#2951=CARTESIAN_POINT('Ctrl Pts',(10.0000000000001,-5.42689864621629,-15.2892437445722));
#2952=CARTESIAN_POINT('Ctrl Pts',(10.0000000000001,-5.46496579784215,-15.2764753806767));
#2953=CARTESIAN_POINT('Ctrl Pts',(10.0000000000001,-5.50299250197628,-15.2635649215003));
#2954=CARTESIAN_POINT('Ctrl Pts',(10.0000000000001,-5.54097790564287,-15.2505124544633));
#2955=CARTESIAN_POINT('Ctrl Pts',(10.0000000000001,-5.57154310723072,-15.2400097021507));
#2956=CARTESIAN_POINT('Ctrl Pts',(10.0000000000001,-5.60207826138276,-15.2294161222806));
#2957=CARTESIAN_POINT('Ctrl Pts',(10.0000000000001,-5.63257506648112,-15.2187346263594));
#2958=CARTESIAN_POINT('Ctrl Pts',(10.0000000000001,-5.97198885062633,-15.0998550604762));
#2959=CARTESIAN_POINT('Ctrl Pts',(10.0000000000001,-6.30694298172601,-14.9699906084789));
#2960=CARTESIAN_POINT('Ctrl Pts',(10.0000000000001,-6.63688907572349,-14.8293896248448));
#2961=CARTESIAN_POINT('Ctrl Pts',(10.0000000000001,-6.96792388675464,-14.6883247027413));
#2962=CARTESIAN_POINT('Ctrl Pts',(10.0000000000001,-7.29391812392419,-14.5364521359931));
#2963=CARTESIAN_POINT('Ctrl Pts',(10.0000000000001,-7.6143092612617,-14.3739711043694));
#2964=CARTESIAN_POINT('Ctrl Pts',(10.0000000000001,-7.9021639173936,-14.2279904075416));
#2965=CARTESIAN_POINT('Ctrl Pts',(10.0000000000001,-8.18549587680301,-14.0734457204588));
#2966=CARTESIAN_POINT('Ctrl Pts',(10.0000000000001,-8.46388552586223,-13.9104475497505));
#2967=CARTESIAN_POINT('Ctrl Pts',(10.0000000000001,-8.77328451383433,-13.729293296247));
#2968=CARTESIAN_POINT('Ctrl Pts',(10.0000000000001,-9.07657967857755,-13.5376979785));
#2969=CARTESIAN_POINT('Ctrl Pts',(10.0000000000001,-9.37337252802199,-13.336103096204));
#2970=CARTESIAN_POINT('Ctrl Pts',(10.0000000000001,-9.67046925761538,-13.1343018050172));
#2971=CARTESIAN_POINT('Ctrl Pts',(10.0000000000001,-9.96105078187969,-12.922480075709));
#2972=CARTESIAN_POINT('Ctrl Pts',(10.0000000000001,-10.2446858812033,-12.7010390614031));
#2973=CARTESIAN_POINT('Ctrl Pts',(10.0000000000001,-10.4422210213099,-12.5468184381779));
#2974=CARTESIAN_POINT('Ctrl Pts',(10.0000000000001,-10.6363862862831,-12.3879312982266));
#2975=CARTESIAN_POINT('Ctrl Pts',(10.0000000000001,-10.8270252958334,-12.2245027269883));
#2976=CARTESIAN_POINT('Ctrl Pts',(10.0000000000001,-10.8843502320556,-12.175359939029));
#2977=CARTESIAN_POINT('Ctrl Pts',(10.0000000000001,-10.9413562595937,-12.1258064615186));
#2978=CARTESIAN_POINT('Ctrl Pts',(10.0000000000001,-10.9980389533963,-12.0758455597643));
#2979=CARTESIAN_POINT('Ctrl Pts',(10.0000000000001,-11.0237285465242,-12.0532024009398));
#2980=CARTESIAN_POINT('Ctrl Pts',(10.0000000000001,-11.0493445367421,-12.0304818849927));
#2981=CARTESIAN_POINT('Ctrl Pts',(10.0000000000001,-11.074885654824,-12.0076853227978));
#2982=CARTESIAN_POINT('Ctrl Pts',(10.0000000000001,-11.3426578907333,-11.7686869198936));
#2983=CARTESIAN_POINT('Ctrl Pts',(10.0000000000001,-11.6022379987299,-11.521302697052));
#2984=CARTESIAN_POINT('Ctrl Pts',(10.0000000000001,-11.8532760982757,-11.2660254212269));
#2985=CARTESIAN_POINT('Ctrl Pts',(10.0000000000001,-12.1069129566725,-11.0081055023878));
#2986=CARTESIAN_POINT('Ctrl Pts',(10.0000000000001,-12.3518304937297,-10.742127928647));
#2987=CARTESIAN_POINT('Ctrl Pts',(10.0000000000001,-12.5876397194261,-10.4685559563418));
#2988=CARTESIAN_POINT('Ctrl Pts',(10.0000000000001,-12.8234748736167,-10.1949539033251));
#2989=CARTESIAN_POINT('Ctrl Pts',(10.0000000000001,-13.0502001334633,-9.91375537037803));
#2990=CARTESIAN_POINT('Ctrl Pts',(10.0000000000001,-13.2673918531857,-9.62538476871872));
#2991=CARTESIAN_POINT('Ctrl Pts',(10.0000000000001,-13.4828342191395,-9.33933682558166));
#2992=CARTESIAN_POINT('Ctrl Pts',(10.0000000000001,-13.6888963619342,-9.04623144428007));
#2993=CARTESIAN_POINT('Ctrl Pts',(10.0000000000001,-13.8851250718869,-8.7464508972137));
#2994=CARTESIAN_POINT('Ctrl Pts',(10.0000000000001,-13.9967778107912,-8.57587790023337));
#2995=CARTESIAN_POINT('Ctrl Pts',(10.0000000000001,-14.1052461921161,-8.40314325043955));
#2996=CARTESIAN_POINT('Ctrl Pts',(10.0000000000001,-14.210440229031,-8.22831350183209));
#2997=CARTESIAN_POINT('Ctrl Pts',(10.0000000000001,-14.3965781741662,-7.91895708668999));
#2998=CARTESIAN_POINT('Ctrl Pts',(10.0000000000001,-14.5724667968587,-7.60304171356603));
#2999=CARTESIAN_POINT('Ctrl Pts',(10.0000000000001,-14.7379098495913,-7.28111624613266));
#3000=CARTESIAN_POINT('Ctrl Pts',(10.0000000000001,-14.7785615315734,-7.20201463680016));
#3001=CARTESIAN_POINT('Ctrl Pts',(10.0000000000001,-14.8185823250755,-7.12255008585891));
#3002=CARTESIAN_POINT('Ctrl Pts',(10.0000000000001,-14.8579688574923,-7.04273059538992));
#3003=CARTESIAN_POINT('',(10.0000000000001,3.15000000000571,21.0000003129325));
#3004=CARTESIAN_POINT('',(10.0000000000001,1.57499999999564,18.2720202910108));
#3005=CARTESIAN_POINT('',(10.0000000000001,4.70480709077045,23.693005190089));
#3006=CARTESIAN_POINT('',(10.0000000000001,-1.57500000001007,18.2720202910191));
#3007=CARTESIAN_POINT('',(10.0000000000001,0.787499999982306,18.2720202910128));
#3008=CARTESIAN_POINT('',(10.0000000000001,-3.15000000000604,21.0000003129492));
#3009=CARTESIAN_POINT('',(10.0000000000001,-3.91730709076454,22.3290151791586));
#3010=CARTESIAN_POINT('',(10.0000000000001,-1.5749999999963,23.727980334871));
#3011=CARTESIAN_POINT('',(10.0000000000001,-0.807692909236593,25.0569952010669));
#3012=CARTESIAN_POINT('',(10.0000000000001,1.57500000000949,23.7279803348632));
#3013=CARTESIAN_POINT('',(10.0000000000001,-0.78750000000591,23.7279803348691));
#3014=CARTESIAN_POINT('',(10.0000000000001,0.020192909253107,26.4209852120377));
#3015=CARTESIAN_POINT('',(10.0000000000001,-23.727980334871,-1.57499999999631));
#3016=CARTESIAN_POINT('',(10.0000000000001,-23.7279803348632,1.57500000000948));
#3017=CARTESIAN_POINT('',(10.0000000000001,-23.7279803348319,14.2125000000312));
#3018=CARTESIAN_POINT('',(10.0000000000001,-21.0000003129325,3.1500000000057));
#3019=CARTESIAN_POINT('',(10.0000000000001,-8.67579468364021,10.2653834375835));
#3020=CARTESIAN_POINT('',(10.0000000000001,-18.2720202910108,1.57499999999563));
#3021=CARTESIAN_POINT('',(10.0000000000001,-18.9381957185264,1.95961656240168));
#3022=CARTESIAN_POINT('',(10.0000000000001,-18.2720202910191,-1.57500000001008));
#3023=CARTESIAN_POINT('',(10.0000000000001,-18.2720202909732,15.787500000022));
#3024=CARTESIAN_POINT('',(10.0000000000001,-21.0000003129492,-3.15000000000605));
#3025=CARTESIAN_POINT('',(10.0000000000001,-4.58382465076129,6.32788343756642));
#3026=CARTESIAN_POINT('',(10.0000000000001,-20.3021857295023,-3.55288343760593));
#3027=CARTESIAN_POINT('',(10.0000000000001,23.727980334871,1.5749999999963));
#3028=CARTESIAN_POINT('',(10.0000000000001,23.7279803348632,-1.57500000000949));
#3029=CARTESIAN_POINT('',(10.0000000000001,23.7279803349062,15.7874999999688));
#3030=CARTESIAN_POINT('',(10.0000000000001,21.0000003129325,-3.1500000000057));
#3031=CARTESIAN_POINT('',(10.0000000000001,21.6661757403681,-2.76538343765058));
#3032=CARTESIAN_POINT('',(10.0000000000001,18.2720202910108,-1.57499999999563));
#3033=CARTESIAN_POINT('',(10.0000000000001,5.94781466172018,5.54038343766705));
#3034=CARTESIAN_POINT('',(10.0000000000001,18.2720202910191,1.57500000001008));
#3035=CARTESIAN_POINT('',(10.0000000000001,18.2720202910525,14.212499999978));
#3036=CARTESIAN_POINT('',(10.0000000000001,21.0000003129492,3.15000000000604));
#3037=CARTESIAN_POINT('',(10.0000000000001,17.5742057074896,1.17211656236723));
#3038=CARTESIAN_POINT('',(10.0000000000001,7.31180467269755,11.052883437672));
#3039=CARTESIAN_POINT('',(10.0000000000001,1.57499999999631,-23.727980334871));
#3040=CARTESIAN_POINT('',(10.0000000000001,-1.57500000000948,-23.7279803348632));
#3041=CARTESIAN_POINT('',(10.0000000000001,0.787499999931687,-23.7279803348691));
#3042=CARTESIAN_POINT('',(10.0000000000001,-3.1500000000057,-21.0000003129325));
#3043=CARTESIAN_POINT('',(10.0000000000001,-13.0105739659809,-3.92098521197058));
#3044=CARTESIAN_POINT('',(10.0000000000001,-1.57499999999563,-18.2720202910108));
#3045=CARTESIAN_POINT('',(10.0000000000001,8.28557396603582,-1.19300519015768));
#3046=CARTESIAN_POINT('',(10.0000000000001,1.57500000001008,-18.2720202910191));
#3047=CARTESIAN_POINT('',(10.0000000000001,-0.787500000061651,-18.2720202910128));
#3048=CARTESIAN_POINT('',(10.0000000000001,3.15000000000605,-21.0000003129492));
#3049=CARTESIAN_POINT('',(10.0000000000001,-9.07307396596373,0.170984820907756));
#3050=CARTESIAN_POINT('',(10.0000000000001,13.7980739660413,-2.55699520113293));
#3051=CARTESIAN_POINT('Origin',(0.49999999999997,0.,4.0154892985088E-16));
#3052=CARTESIAN_POINT('',(-5.07678577908251E-14,-3.55147571752732E-15,29.));
#3053=CARTESIAN_POINT('Origin',(-2.74780198594726E-14,0.,-2.2186712959341E-29));
#3054=CARTESIAN_POINT('',(0.499999999999947,3.61270805748469E-15,29.5));
#3055=CARTESIAN_POINT('Origin',(-4.76470714734964E-14,0.,25.));
#3056=CARTESIAN_POINT('',(-8.46331551848865E-15,-3.07386346585986E-15,-25.1));
#3057=CARTESIAN_POINT('Origin',(-2.77555756156289E-14,0.,-2.34193081237488E-29));
#3058=CARTESIAN_POINT('Origin',(10.0000000000001,1.57499999999631,-23.727980334871));
#3059=CARTESIAN_POINT('',(7.00000000000011,1.57499999999631,-23.727980334871));
#3060=CARTESIAN_POINT('',(10.0000000000001,1.57499999999631,-23.727980334871));
#3061=CARTESIAN_POINT('',(7.00000000000011,-1.57500000000948,-23.7279803348632));
#3062=CARTESIAN_POINT('',(7.00000000000011,-1.57500000000948,-23.7279803348632));
#3063=CARTESIAN_POINT('',(10.0000000000001,-1.57500000000948,-23.7279803348632));
#3064=CARTESIAN_POINT('Origin',(10.0000000000001,3.15000000000605,-21.0000003129492));
#3065=CARTESIAN_POINT('',(7.00000000000011,3.15000000000605,-21.0000003129492));
#3066=CARTESIAN_POINT('',(10.0000000000001,3.15000000000605,-21.0000003129492));
#3067=CARTESIAN_POINT('',(7.00000000000011,1.57499999999631,-23.727980334871));
#3068=CARTESIAN_POINT('Origin',(10.0000000000001,1.57500000001008,-18.2720202910191));
#3069=CARTESIAN_POINT('',(7.00000000000011,1.57500000001008,-18.2720202910191));
#3070=CARTESIAN_POINT('',(10.0000000000001,1.57500000001008,-18.2720202910191));
#3071=CARTESIAN_POINT('',(7.00000000000011,3.15000000000605,-21.0000003129492));
#3072=CARTESIAN_POINT('Origin',(10.0000000000001,-1.57499999999563,-18.2720202910108));
#3073=CARTESIAN_POINT('',(7.00000000000011,-1.57499999999563,-18.2720202910108));
#3074=CARTESIAN_POINT('',(10.0000000000001,-1.57499999999563,-18.2720202910108));
#3075=CARTESIAN_POINT('',(7.00000000000011,1.57500000001008,-18.2720202910191));
#3076=CARTESIAN_POINT('Origin',(10.0000000000001,-3.1500000000057,-21.0000003129325));
#3077=CARTESIAN_POINT('',(7.00000000000011,-3.1500000000057,-21.0000003129325));
#3078=CARTESIAN_POINT('',(10.0000000000001,-3.1500000000057,-21.0000003129325));
#3079=CARTESIAN_POINT('',(7.00000000000011,-1.57499999999563,-18.2720202910108));
#3080=CARTESIAN_POINT('Origin',(10.0000000000001,-1.57500000000948,-23.7279803348632));
#3081=CARTESIAN_POINT('',(7.00000000000011,-3.1500000000057,-21.0000003129325));
#3082=CARTESIAN_POINT('Origin',(7.00000000000011,1.72639680329212E-13,-21.0000003129409));
#3083=CARTESIAN_POINT('',(7.00000000000011,1.6,-21.0000003129244));
#3084=CARTESIAN_POINT('Origin',(7.00000000000011,0.,-21.0000003129244));
#3085=CARTESIAN_POINT('Origin',(10.0000000000001,23.727980334871,1.5749999999963));
#3086=CARTESIAN_POINT('',(7.00000000000011,23.727980334871,1.5749999999963));
#3087=CARTESIAN_POINT('',(10.0000000000001,23.727980334871,1.5749999999963));
#3088=CARTESIAN_POINT('',(7.00000000000011,23.7279803348632,-1.57500000000949));
#3089=CARTESIAN_POINT('',(7.00000000000011,23.7279803348632,-1.57500000000949));
#3090=CARTESIAN_POINT('',(10.0000000000001,23.7279803348632,-1.57500000000949));
#3091=CARTESIAN_POINT('Origin',(10.0000000000001,21.0000003129492,3.15000000000604));
#3092=CARTESIAN_POINT('',(7.00000000000011,21.0000003129492,3.15000000000605));
#3093=CARTESIAN_POINT('',(10.0000000000001,21.0000003129492,3.15000000000604));
#3094=CARTESIAN_POINT('',(7.00000000000011,23.727980334871,1.5749999999963));
#3095=CARTESIAN_POINT('Origin',(10.0000000000001,18.2720202910191,1.57500000001008));
#3096=CARTESIAN_POINT('',(7.00000000000011,18.2720202910191,1.57500000001008));
#3097=CARTESIAN_POINT('',(10.0000000000001,18.2720202910191,1.57500000001008));
#3098=CARTESIAN_POINT('',(7.00000000000011,21.0000003129492,3.15000000000604));
#3099=CARTESIAN_POINT('Origin',(10.0000000000001,18.2720202910108,-1.57499999999563));
#3100=CARTESIAN_POINT('',(7.00000000000011,18.2720202910108,-1.57499999999563));
#3101=CARTESIAN_POINT('',(10.0000000000001,18.2720202910108,-1.57499999999563));
#3102=CARTESIAN_POINT('',(7.00000000000011,18.2720202910191,1.57500000001008));
#3103=CARTESIAN_POINT('Origin',(10.0000000000001,21.0000003129325,-3.1500000000057));
#3104=CARTESIAN_POINT('',(7.00000000000011,21.0000003129325,-3.1500000000057));
#3105=CARTESIAN_POINT('',(10.0000000000001,21.0000003129325,-3.1500000000057));
#3106=CARTESIAN_POINT('',(7.00000000000011,18.2720202910108,-1.57499999999563));
#3107=CARTESIAN_POINT('Origin',(10.0000000000001,23.7279803348632,-1.57500000000949));
#3108=CARTESIAN_POINT('',(7.00000000000011,21.0000003129325,-3.1500000000057));
#3109=CARTESIAN_POINT('Origin',(7.00000000000011,21.0000003129409,1.70419234279962E-13));
#3110=CARTESIAN_POINT('',(7.00000000000011,22.6000003129244,3.92786413603889E-15));
#3111=CARTESIAN_POINT('Origin',(7.00000000000011,21.0000003129244,3.73192064817531E-15));
#3112=CARTESIAN_POINT('Origin',(10.0000000000001,-23.727980334871,-1.57499999999631));
#3113=CARTESIAN_POINT('',(7.00000000000011,-23.727980334871,-1.57499999999631));
#3114=CARTESIAN_POINT('',(10.0000000000001,-23.727980334871,-1.57499999999631));
#3115=CARTESIAN_POINT('',(7.00000000000011,-23.7279803348632,1.57500000000948));
#3116=CARTESIAN_POINT('',(7.00000000000011,-23.7279803348632,1.57500000000948));
#3117=CARTESIAN_POINT('',(10.0000000000001,-23.7279803348632,1.57500000000948));
#3118=CARTESIAN_POINT('Origin',(10.0000000000001,-21.0000003129492,-3.15000000000605));
#3119=CARTESIAN_POINT('',(7.00000000000011,-21.0000003129492,-3.15000000000605));
#3120=CARTESIAN_POINT('',(10.0000000000001,-21.0000003129492,-3.15000000000605));
#3121=CARTESIAN_POINT('',(7.00000000000011,-23.727980334871,-1.57499999999631));
#3122=CARTESIAN_POINT('Origin',(10.0000000000001,-18.2720202910191,-1.57500000001008));
#3123=CARTESIAN_POINT('',(7.00000000000011,-18.2720202910191,-1.57500000001008));
#3124=CARTESIAN_POINT('',(10.0000000000001,-18.2720202910191,-1.57500000001008));
#3125=CARTESIAN_POINT('',(7.00000000000011,-21.0000003129492,-3.15000000000605));
#3126=CARTESIAN_POINT('Origin',(10.0000000000001,-18.2720202910108,1.57499999999563));
#3127=CARTESIAN_POINT('',(7.00000000000011,-18.2720202910108,1.57499999999563));
#3128=CARTESIAN_POINT('',(10.0000000000001,-18.2720202910108,1.57499999999563));
#3129=CARTESIAN_POINT('',(7.00000000000011,-18.2720202910191,-1.57500000001008));
#3130=CARTESIAN_POINT('Origin',(10.0000000000001,-21.0000003129325,3.1500000000057));
#3131=CARTESIAN_POINT('',(7.00000000000011,-21.0000003129325,3.1500000000057));
#3132=CARTESIAN_POINT('',(10.0000000000001,-21.0000003129325,3.1500000000057));
#3133=CARTESIAN_POINT('',(7.00000000000011,-18.2720202910108,1.57499999999563));
#3134=CARTESIAN_POINT('Origin',(10.0000000000001,-23.7279803348632,1.57500000000948));
#3135=CARTESIAN_POINT('',(7.00000000000011,-21.0000003129325,3.1500000000057));
#3136=CARTESIAN_POINT('Origin',(7.00000000000011,-21.0000003129409,-1.71529457304587E-13));
#3137=CARTESIAN_POINT('',(7.00000000000011,-19.4000003129244,3.92786413603889E-15));
#3138=CARTESIAN_POINT('Origin',(7.00000000000011,-21.0000003129244,3.73192064817531E-15));
#3139=CARTESIAN_POINT('Origin',(10.0000000000001,3.15000000000571,21.0000003129325));
#3140=CARTESIAN_POINT('',(7.00000000000011,3.15000000000571,21.0000003129325));
#3141=CARTESIAN_POINT('',(10.0000000000001,3.15000000000571,21.0000003129325));
#3142=CARTESIAN_POINT('',(7.00000000000011,1.57499999999564,18.2720202910108));
#3143=CARTESIAN_POINT('',(7.00000000000011,1.57499999999564,18.2720202910108));
#3144=CARTESIAN_POINT('',(10.0000000000001,1.57499999999564,18.2720202910108));
#3145=CARTESIAN_POINT('Origin',(10.0000000000001,1.57500000000949,23.7279803348632));
#3146=CARTESIAN_POINT('',(7.00000000000011,1.57500000000949,23.7279803348632));
#3147=CARTESIAN_POINT('',(10.0000000000001,1.57500000000949,23.7279803348632));
#3148=CARTESIAN_POINT('',(7.00000000000011,3.15000000000571,21.0000003129325));
#3149=CARTESIAN_POINT('Origin',(10.0000000000001,-1.5749999999963,23.727980334871));
#3150=CARTESIAN_POINT('',(7.00000000000011,-1.5749999999963,23.727980334871));
#3151=CARTESIAN_POINT('',(10.0000000000001,-1.5749999999963,23.727980334871));
#3152=CARTESIAN_POINT('',(7.00000000000011,1.57500000000949,23.7279803348632));
#3153=CARTESIAN_POINT('Origin',(10.0000000000001,-3.15000000000604,21.0000003129492));
#3154=CARTESIAN_POINT('',(7.00000000000011,-3.15000000000604,21.0000003129492));
#3155=CARTESIAN_POINT('',(10.0000000000001,-3.15000000000604,21.0000003129492));
#3156=CARTESIAN_POINT('',(7.00000000000011,-1.5749999999963,23.727980334871));
#3157=CARTESIAN_POINT('Origin',(10.0000000000001,-1.57500000001007,18.2720202910191));
#3158=CARTESIAN_POINT('',(7.00000000000011,-1.57500000001007,18.2720202910191));
#3159=CARTESIAN_POINT('',(10.0000000000001,-1.57500000001007,18.2720202910191));
#3160=CARTESIAN_POINT('',(7.00000000000011,-3.15000000000604,21.0000003129492));
#3161=CARTESIAN_POINT('Origin',(10.0000000000001,1.57499999999564,18.2720202910108));
#3162=CARTESIAN_POINT('',(7.00000000000011,-1.57500000001007,18.2720202910191));
#3163=CARTESIAN_POINT('Origin',(7.00000000000011,-1.65978342181461E-13,
21.0000003129409));
#3164=CARTESIAN_POINT('',(7.00000000000011,1.6,21.0000003129244));
#3165=CARTESIAN_POINT('Origin',(7.00000000000011,0.,21.0000003129244));
#3166=CARTESIAN_POINT('Origin',(21.651410108103,0.,1.73882011173436E-14));
#3167=CARTESIAN_POINT('Ctrl Pts',(19.151410108103,0.000357976122932133,
-15.869359726584));
#3168=CARTESIAN_POINT('Ctrl Pts',(19.14725057158,0.415035637478328,-15.8697641992948));
#3169=CARTESIAN_POINT('Ctrl Pts',(19.1166013785395,3.4703245815091,-15.7524178146146));
#3170=CARTESIAN_POINT('Ctrl Pts',(19.0594625289815,9.03464716025972,-13.8585240411899));
#3171=CARTESIAN_POINT('Ctrl Pts',(18.979993559429,14.5674373131205,-7.8404914637673));
#3172=CARTESIAN_POINT('Ctrl Pts',(18.9005245898766,16.543127428038,0.0920448432861834));
#3173=CARTESIAN_POINT('Ctrl Pts',(18.8210556203241,14.4792901892958,8.00210549918767));
#3174=CARTESIAN_POINT('Ctrl Pts',(18.7415866507716,8.87987674790303,13.9581992375304));
#3175=CARTESIAN_POINT('Ctrl Pts',(18.6621176812191,1.11216079208099,16.5059575712324));
#3176=CARTESIAN_POINT('Ctrl Pts',(18.5826487116667,-6.92712435740059,15.0232647946776));
#3177=CARTESIAN_POINT('Ctrl Pts',(18.5031797421142,-13.274933209638,9.87216720177535));
#3178=CARTESIAN_POINT('Ctrl Pts',(18.4237107725618,-16.3812476450239,2.31046803771624));
#3179=CARTESIAN_POINT('Ctrl Pts',(18.3442418030093,-15.4875628410207,-5.81540490566023));
#3180=CARTESIAN_POINT('Ctrl Pts',(18.2647728334568,-10.8121001805207,-12.5212629815605));
#3181=CARTESIAN_POINT('Ctrl Pts',(18.2004956018214,-4.8950090082432,-15.4722110069136));
#3182=CARTESIAN_POINT('Ctrl Pts',(18.1627080267035,-1.12688087537875,-15.8679426503724));
#3183=CARTESIAN_POINT('Ctrl Pts',(18.151410108103,-0.00017625904346133,
-15.8675040193045));
#3184=CARTESIAN_POINT('Ctrl Pts',(19.3485898919131,-0.000402001196305388,
-15.869032409486));
#3185=CARTESIAN_POINT('Ctrl Pts',(19.327319685954,2.1202200472271,-15.8668444943451));
#3186=CARTESIAN_POINT('Ctrl Pts',(19.2795598234774,6.88376818047899,-14.906252717148));
#3187=CARTESIAN_POINT('Ctrl Pts',(19.2053103044834,12.9614681536526,-10.2802636945884));
#3188=CARTESIAN_POINT('Ctrl Pts',(19.1258413349309,16.3014647391249,-2.81883393951093));
#3189=CARTESIAN_POINT('Ctrl Pts',(19.0463723653784,15.6609384061061,5.33090289240157));
#3190=CARTESIAN_POINT('Ctrl Pts',(18.9669033958259,11.1963017645497,12.1789314878272));
#3191=CARTESIAN_POINT('Ctrl Pts',(18.8874344262735,3.99773288523553,16.0530890413159));
#3192=CARTESIAN_POINT('Ctrl Pts',(18.807965456721,-4.17700809634814,16.0073776879137));
#3193=CARTESIAN_POINT('Ctrl Pts',(18.7284964871685,-11.3318009251919,12.0529592370716));
#3194=CARTESIAN_POINT('Ctrl Pts',(18.6490275176161,-15.7195763005857,5.15542994025391));
#3195=CARTESIAN_POINT('Ctrl Pts',(18.5695585480636,-16.2689204981697,-3.00096048742496));
#3196=CARTESIAN_POINT('Ctrl Pts',(18.4900895785111,-12.8456936285732,-10.4245715824974));
#3197=CARTESIAN_POINT('Ctrl Pts',(18.4164333597943,-6.76560873627371,-14.9458842761246));
#3198=CARTESIAN_POINT('Ctrl Pts',(18.3692667975949,-2.06113000379144,-15.866709612931));
#3199=CARTESIAN_POINT('Ctrl Pts',(18.3485898919131,0.000410849449140951,
-15.8688440147359));
#3200=CARTESIAN_POINT('Ctrl Pts',(20.000000000008,-14.8575756077425,-7.04214534500781));
#3201=CARTESIAN_POINT('Ctrl Pts',(19.9735103434905,-13.685485016577,-9.51503162102175));
#3202=CARTESIAN_POINT('Ctrl Pts',(19.9205310304556,-10.0838933761259,-13.8617470409124));
#3203=CARTESIAN_POINT('Ctrl Pts',(19.8410620609031,-2.21383625335983,-16.9974318522076));
#3204=CARTESIAN_POINT('Ctrl Pts',(19.7615930913507,6.19453881355755,-15.9824114168698));
#3205=CARTESIAN_POINT('Ctrl Pts',(19.6821241217981,13.0914346305715,-11.0649102758006));
#3206=CARTESIAN_POINT('Ctrl Pts',(19.6026551522457,16.7910755754357,-3.44549440079054));
#3207=CARTESIAN_POINT('Ctrl Pts',(19.5231861826932,16.3909360505077,5.01521319801591));
#3208=CARTESIAN_POINT('Ctrl Pts',(19.4437172131407,11.9882819121072,12.2513158126409));
#3209=CARTESIAN_POINT('Ctrl Pts',(19.3642482435883,4.65838684474385,16.4958633984734));
#3210=CARTESIAN_POINT('Ctrl Pts',(19.2847792740358,-3.80904010581698,16.7124293874951));
#3211=CARTESIAN_POINT('Ctrl Pts',(19.2053103044833,-11.3463492313374,12.8481252322233));
#3212=CARTESIAN_POINT('Ctrl Pts',(19.1258413349309,-16.1130991070041,5.84654655836745));
#3213=CARTESIAN_POINT('Ctrl Pts',(19.0463723653784,-16.9453213116417,-2.58265184008397));
#3214=CARTESIAN_POINT('Ctrl Pts',(18.9669033958259,-13.6398106262469,-10.3812138548696));
#3215=CARTESIAN_POINT('Ctrl Pts',(18.8874344262735,-7.00370775610189,-15.6448746417993));
#3216=CARTESIAN_POINT('Ctrl Pts',(18.807965456721,1.34257094220743,-17.0883448389546));
#3217=CARTESIAN_POINT('Ctrl Pts',(18.7284964871686,9.3610188961947,-14.3591557170693));
#3218=CARTESIAN_POINT('Ctrl Pts',(18.6490275176161,15.0936780970352,-8.12372497186371));
#3219=CARTESIAN_POINT('Ctrl Pts',(18.5695585480636,17.1407389474156,0.095369913402811));
#3220=CARTESIAN_POINT('Ctrl Pts',(18.4900895785111,15.0023467060986,8.29117722679123));
#3221=CARTESIAN_POINT('Ctrl Pts',(18.4106206089586,9.20065748650787,14.4624316258984));
#3222=CARTESIAN_POINT('Ctrl Pts',(18.3311516394062,1.15233699840229,17.1022263496622));
#3223=CARTESIAN_POINT('Ctrl Pts',(18.2516826698537,-7.17736297341506,15.5659720995094));
#3224=CARTESIAN_POINT('Ctrl Pts',(18.1722137003013,-13.7544829827723,10.2287938956497));
#3225=CARTESIAN_POINT('Ctrl Pts',(18.0927447307488,-16.9730113449064,2.39393244434067));
#3226=CARTESIAN_POINT('Ctrl Pts',(18.0132757611963,-16.0470426613351,-6.02548325853423));
#3227=CARTESIAN_POINT('Ctrl Pts',(17.9338067916439,-11.2026814442298,-12.9735868258569));
#3228=CARTESIAN_POINT('Ctrl Pts',(17.8543378220914,-3.62283156147703,-16.7537792198459));
#3229=CARTESIAN_POINT('Ctrl Pts',(17.7748688525389,4.84164712426668,-16.4430070180112));
#3230=CARTESIAN_POINT('Ctrl Pts',(17.6953998829864,12.1238846743175,-12.1171550734365));
#3231=CARTESIAN_POINT('Ctrl Pts',(17.615930913434,16.4456926809643,-4.83251683013035));
#3232=CARTESIAN_POINT('Ctrl Pts',(17.5364619438815,16.7517651553877,3.63213309898544));
#3233=CARTESIAN_POINT('Ctrl Pts',(17.456992974329,12.9673648314607,11.2098829609367));
#3234=CARTESIAN_POINT('Ctrl Pts',(17.3775240047766,6.01657263076429,16.0503856791297));
#3235=CARTESIAN_POINT('Ctrl Pts',(17.2980550352241,-2.40335589420417,16.971679560841));
#3236=CARTESIAN_POINT('Ctrl Pts',(17.2185860656716,-10.2364291344424,13.7488015930705));
#3237=CARTESIAN_POINT('Ctrl Pts',(17.1391170961192,-15.5699547426323,7.16871927072441));
#3238=CARTESIAN_POINT('Ctrl Pts',(17.0596481265667,-17.1015839085279,-1.16183238449318));
#3239=CARTESIAN_POINT('Ctrl Pts',(16.9801791570142,-14.4573209736321,-9.20868595052799));
#3240=CARTESIAN_POINT('Ctrl Pts',(16.9007101874618,-8.28284628903483,-15.0069478583188));
#3241=CARTESIAN_POINT('Ctrl Pts',(16.8212412179093,-0.0858529549689628,
-17.1407892449618));
#3242=CARTESIAN_POINT('Ctrl Pts',(16.7417722483568,8.13210409090287,-15.0891653090818));
#3243=CARTESIAN_POINT('Ctrl Pts',(16.6623032788044,14.3643509582527,-9.35304486347746));
#3244=CARTESIAN_POINT('Ctrl Pts',(16.5828343092519,17.0890876428966,-1.33308296946409));
#3245=CARTESIAN_POINT('Ctrl Pts',(16.5033653396994,15.6409835848702,7.01239325536562));
#3246=CARTESIAN_POINT('Ctrl Pts',(16.423896370147,10.3736391482907,13.6455720836881));
#3247=CARTESIAN_POINT('Ctrl Pts',(16.3444274005945,2.57324291911062,16.9467533040793));
#3248=CARTESIAN_POINT('Ctrl Pts',(16.264958431042,-5.85549188015787,16.1098492082168));
#3249=CARTESIAN_POINT('Ctrl Pts',(16.1854894614895,-12.8544233103708,11.3392163762701));
#3250=CARTESIAN_POINT('Ctrl Pts',(16.1060204919371,-16.7145411050096,3.79975556043028));
#3251=CARTESIAN_POINT('Ctrl Pts',(16.0265515223846,-16.4932755294242,-4.66753564320335));
#3252=CARTESIAN_POINT('Ctrl Pts',(15.9470825528322,-12.2446555656203,-11.9951005310251));
#3253=CARTESIAN_POINT('Ctrl Pts',(15.8676135832797,-5.00611602905194,-16.3936825934183));
#3254=CARTESIAN_POINT('Ctrl Pts',(15.7881446137272,3.45482492326708,-16.7892290299361));
#3255=CARTESIAN_POINT('Ctrl Pts',(15.7086756441748,11.0721612022497,-13.0851546793101));
#3256=CARTESIAN_POINT('Ctrl Pts',(15.6292066746223,15.9858794566993,-6.1859263385491));
#3257=CARTESIAN_POINT('Ctrl Pts',(15.5497377050698,16.9961401071931,2.2237913856159));
#3258=CARTESIAN_POINT('Ctrl Pts',(15.4702687355173,13.8562560928891,10.0905001738442));
#3259=CARTESIAN_POINT('Ctrl Pts',(15.3907997659649,7.33292931244566,15.4932944969349));
#3260=CARTESIAN_POINT('Ctrl Pts',(15.3113307964124,-0.980963871395798,17.1129113990897));
#3261=CARTESIAN_POINT('Ctrl Pts',(15.2318618268599,-9.05532372875509,14.5538702356975));
#3262=CARTESIAN_POINT('Ctrl Pts',(15.1523928573075,-14.9185401603783,8.44104176942968));
#3263=CARTESIAN_POINT('Ctrl Pts',(15.072923887755,-17.1389236038831,0.267066228367709));
#3264=CARTESIAN_POINT('Ctrl Pts',(14.9934549182025,-15.1742972800862,-7.97212197132256));
#3265=CARTESIAN_POINT('Ctrl Pts',(14.9139859486501,-9.50438678577623,-14.2646646822292));
#3266=CARTESIAN_POINT('Ctrl Pts',(14.8345169790976,-1.51367993050483,-17.0740387646878));
#3267=CARTESIAN_POINT('Ctrl Pts',(14.7550480095452,6.8466397102682,-15.7142467636172));
#3268=CARTESIAN_POINT('Ctrl Pts',(14.6755790399927,13.5351359201825,-10.5173248638739));
#3269=CARTESIAN_POINT('Ctrl Pts',(14.5961100704402,16.9186010011358,-2.75226576377428));
#3270=CARTESIAN_POINT('Ctrl Pts',(14.5166411008877,16.1708550401778,5.68484599084543));
#3271=CARTESIAN_POINT('Ctrl Pts',(14.4371721313353,11.4744838415514,12.7338229624906));
#3272=CARTESIAN_POINT('Ctrl Pts',(14.3577031617828,3.97625483309385,16.6734346843227));
#3273=CARTESIAN_POINT('Ctrl Pts',(14.2782341922303,-4.4929024377435,16.5417004674548));
#3274=CARTESIAN_POINT('Ctrl Pts',(14.1987652226778,-11.8649756080816,12.3707873835785));
#3275=CARTESIAN_POINT('Ctrl Pts',(14.1192962531254,-16.3398400647192,5.17915565796909));
#3276=CARTESIAN_POINT('Ctrl Pts',(14.0398272835729,-16.8248162502226,-3.27713057663564));
#3277=CARTESIAN_POINT('Ctrl Pts',(13.9603583140205,-13.2014819042359,-10.9332018275622));
#3278=CARTESIAN_POINT('Ctrl Pts',(13.880889344468,-6.3545886003478,-15.9195863762349));
#3279=CARTESIAN_POINT('Ctrl Pts',(13.8014203749155,2.04397830768737,-17.0187008713292));
#3280=CARTESIAN_POINT('Ctrl Pts',(13.721951405363,9.94344332463967,-13.9621617781687));
#3281=CARTESIAN_POINT('Ctrl Pts',(13.6424824358106,15.4149024530074,-7.49631969931522));
#3282=CARTESIAN_POINT('Ctrl Pts',(13.5630134662581,17.1223260550587,0.799985708830601));
#3283=CARTESIAN_POINT('Ctrl Pts',(13.4835444967056,14.6487927058164,8.90094932757725));
#3284=CARTESIAN_POINT('Ctrl Pts',(13.4040755271531,8.5982937331827,14.8284649086811));
#3285=CARTESIAN_POINT('Ctrl Pts',(13.3246065576007,0.448249649831267,17.1351422206383));
#3286=CARTESIAN_POINT('Ctrl Pts',(13.2451375880482,-7.8112487496774,15.2577331095002));
#3287=CARTESIAN_POINT('Ctrl Pts',(13.1656686184958,-14.1633839408679,9.65466633362552));
#3288=CARTESIAN_POINT('Ctrl Pts',(13.0861996489433,-17.0570813969635,1.69410769652868));
#3289=CARTESIAN_POINT('Ctrl Pts',(13.0067306793909,-15.7857534466923,-6.68012086644535));
#3290=CARTESIAN_POINT('Ctrl Pts',(12.9272617098383,-10.6598349815502,-13.4231868360756));
#3291=CARTESIAN_POINT('Ctrl Pts',(12.8477927402859,-2.93098096767255,-16.8885575830862));
#3292=CARTESIAN_POINT('Ctrl Pts',(12.7683237707334,5.51356466494295,-16.2300533380383));
#3293=CARTESIAN_POINT('Ctrl Pts',(12.688854801181,12.6117992625872,-11.6084687203042));
#3294=CARTESIAN_POINT('Ctrl Pts',(12.6093858316285,16.6304645525523,-4.15230965083016));
#3295=CARTESIAN_POINT('Ctrl Pts',(12.529916862076,16.5882764192937,4.31776702789489));
#3296=CARTESIAN_POINT('Ctrl Pts',(12.4504478925235,12.4955364286414,11.7335244505041));
#3297=CARTESIAN_POINT('Ctrl Pts',(12.3709789229711,5.35161637498297,16.2841711132341));
#3298=CARTESIAN_POINT('Ctrl Pts',(12.2915099534186,-3.09906992128005,16.858522838407));
#3299=CARTESIAN_POINT('Ctrl Pts',(12.2120409838661,-10.7930203693753,13.3163335034968));
#3300=CARTESIAN_POINT('Ctrl Pts',(12.1325720143137,-15.8515138477943,6.52254056355287));
#3301=CARTESIAN_POINT('Ctrl Pts',(12.0531030447612,-17.0393593314727,-1.86393675943462));
#3302=CARTESIAN_POINT('Ctrl Pts',(11.9736340752088,-14.0665068110524,-9.79527502444294));
#3303=CARTESIAN_POINT('Ctrl Pts',(11.8941651056563,-7.65887216801663,-15.3347873732983));
#3304=CARTESIAN_POINT('Ctrl Pts',(11.8146961361038,0.618918126073747,-17.1298268240923));
#3305=CARTESIAN_POINT('Ctrl Pts',(11.7352271665514,8.74558000248507,-14.7420777738103));
#3306=CARTESIAN_POINT('Ctrl Pts',(11.6557581969989,14.7367321717085,-8.75458460310474));
#3307=CARTESIAN_POINT('Ctrl Pts',(11.5762892274464,17.1294455176762,-0.62938296715763));
#3308=CARTESIAN_POINT('Ctrl Pts',(11.4968202578939,15.3394634715299,7.6495024079121));
#3309=CARTESIAN_POINT('Ctrl Pts',(11.4173512883415,9.80386670833946,14.0605200551034));
#3310=CARTESIAN_POINT('Ctrl Pts',(11.337882318789,1.87434610146071,17.0382174350754));
#3311=CARTESIAN_POINT('Ctrl Pts',(11.2584133492365,-6.51285534012766,15.8554956414611));
#3312=CARTESIAN_POINT('Ctrl Pts',(11.1789443796841,-13.3097373384897,10.8011535715617));
#3313=CARTESIAN_POINT('Ctrl Pts',(11.0994754101316,-16.8566264202436,3.10936855521794));
#3314=CARTESIAN_POINT('Ctrl Pts',(11.0200064405791,-16.2874374611529,-5.34166704919313));
#3315=CARTESIAN_POINT('Ctrl Pts',(10.9405374710267,-11.741156082017,-12.4883658474467));
#3316=CARTESIAN_POINT('Ctrl Pts',(10.8610685014742,-4.3279002453119,-16.5856355180173));
#3317=CARTESIAN_POINT('Ctrl Pts',(10.7815995319217,4.14214881589518,-16.6329981686248));
#3318=CARTESIAN_POINT('Ctrl Pts',(10.7021305623693,11.6007620898996,-12.6188887765113));
#3319=CARTESIAN_POINT('Ctrl Pts',(10.6226615928168,16.2266813032361,-5.52347886436385));
#3320=CARTESIAN_POINT('Ctrl Pts',(10.5431926232643,16.8903463074483,2.92066278535593));
#3321=CARTESIAN_POINT('Ctrl Pts',(10.4637236537118,13.4296941479777,10.651632642658));
#3322=CARTESIAN_POINT('Ctrl Pts',(10.3842546841594,6.68976830167056,15.7816691965614));
#3323=CARTESIAN_POINT('Ctrl Pts',(10.3047857146069,-1.68369629444072,17.0581137305525));
#3324=CARTESIAN_POINT('Ctrl Pts',(10.2253167450544,-9.64599349138107,14.1692784540871));
#3325=CARTESIAN_POINT('Ctrl Pts',(10.145847775502,-15.2529939002348,7.820570638565));
#3326=CARTESIAN_POINT('Ctrl Pts',(10.0663788059495,-17.1353434329019,-0.437785429610947));
#3327=CARTESIAN_POINT('Ctrl Pts',(9.98690983639705,-14.8338501664412,-8.58922518843321));
#3328=CARTESIAN_POINT('Ctrl Pts',(9.90744086684457,-8.90963323509984,-14.6433678307541));
#3329=CARTESIAN_POINT('Ctrl Pts',(9.82797189729213,-0.810966478062113,-17.1218017129797));
#3330=CARTESIAN_POINT('Ctrl Pts',(9.74850292773964,7.48799138187516,-15.4195629546457));
#3331=CARTESIAN_POINT('Ctrl Pts',(9.69552361470467,11.7981073112092,-11.77425117624));
#3332=CARTESIAN_POINT('Ctrl Pts',(9.66903395818717,13.3869602028841,-9.54613327616987));
#3333=CARTESIAN_POINT('Ctrl Pts',(20.1103220139457,-14.6849059159544,-6.96030392630317));
#3334=CARTESIAN_POINT('Ctrl Pts',(20.0838323574282,-13.5264369631011,-9.40445115885675));
#3335=CARTESIAN_POINT('Ctrl Pts',(20.0308530443932,-9.96670179606946,-13.7006505301229));
#3336=CARTESIAN_POINT('Ctrl Pts',(19.9513840748407,-2.18810780117966,-16.7998934787478));
#3337=CARTESIAN_POINT('Ctrl Pts',(19.8719151052883,6.12254798975527,-15.7966692657787));
#3338=CARTESIAN_POINT('Ctrl Pts',(19.7924461357358,12.9392904286906,-10.936317650905));
#3339=CARTESIAN_POINT('Ctrl Pts',(19.7129771661834,16.5959354044586,-3.40545203641366));
#3340=CARTESIAN_POINT('Ctrl Pts',(19.6335081966309,16.2004461650324,4.956928095519));
#3341=CARTESIAN_POINT('Ctrl Pts',(19.5540392270784,11.8489581760225,12.1089351860019));
#3342=CARTESIAN_POINT('Ctrl Pts',(19.4745702575259,4.6042486567953,16.3041540830378));
#3343=CARTESIAN_POINT('Ctrl Pts',(19.3951012879735,-3.7647727368704,16.5182032157727));
#3344=CARTESIAN_POINT('Ctrl Pts',(19.315632318421,-11.2144858185964,12.6988086894391));
#3345=CARTESIAN_POINT('Ctrl Pts',(19.2361633488685,-15.9258381480151,5.77859998222945));
#3346=CARTESIAN_POINT('Ctrl Pts',(19.1566943793161,-16.7483885491656,-2.55263713856091));
#3347=CARTESIAN_POINT('Ctrl Pts',(19.0772254097636,-13.481293385005,-10.2605669173051));
#3348=CARTESIAN_POINT('Ctrl Pts',(18.9977564402111,-6.92231304598581,-15.4630552283376));
#3349=CARTESIAN_POINT('Ctrl Pts',(18.9182874706587,1.3269680392228,-16.8897499056754));
#3350=CARTESIAN_POINT('Ctrl Pts',(18.8388185011062,9.25222831754971,-14.1922784917762));
#3351=CARTESIAN_POINT('Ctrl Pts',(18.7593495315537,14.918264502397,-8.02931380249823));
#3352=CARTESIAN_POINT('Ctrl Pts',(18.6798805620013,16.9415351076231,0.0942615566972628));
#3353=CARTESIAN_POINT('Ctrl Pts',(18.6004115924488,14.827994533831,8.19481998425671));
#3354=CARTESIAN_POINT('Ctrl Pts',(18.5209426228963,9.09373057363961,14.2943541631091));
#3355=CARTESIAN_POINT('Ctrl Pts',(18.4414736533438,1.13894492962851,16.9034700901856));
#3356=CARTESIAN_POINT('Ctrl Pts',(18.3620046837914,-7.09395010141022,15.3850696645654));
#3357=CARTESIAN_POINT('Ctrl Pts',(18.2825357142389,-13.5946330583942,10.1099183310249));
#3358=CARTESIAN_POINT('Ctrl Pts',(18.2030667446864,-16.7757567782789,2.36611097546586));
#3359=CARTESIAN_POINT('Ctrl Pts',(18.123597775134,-15.860549387897,-5.95545714090956));
#3360=CARTESIAN_POINT('Ctrl Pts',(18.0441288055815,-11.0724876896601,-12.8228122110914));
#3361=CARTESIAN_POINT('Ctrl Pts',(17.9646598360291,-3.58072824491748,-16.5590724944318));
#3362=CARTESIAN_POINT('Ctrl Pts',(17.8851908664766,4.78537914766235,-16.251911981457));
#3363=CARTESIAN_POINT('Ctrl Pts',(17.8057218969241,11.9829850090385,-11.9763336172907));
#3364=CARTESIAN_POINT('Ctrl Pts',(17.7262529273716,16.2545664325484,-4.77635496269993));
#3365=CARTESIAN_POINT('Ctrl Pts',(17.6467839578192,16.5570818367459,3.58992168311971));
#3366=CARTESIAN_POINT('Ctrl Pts',(17.5673149882667,12.8166625265984,11.0796055127885));
#3367=CARTESIAN_POINT('Ctrl Pts',(17.4878460187142,5.94665006942572,15.8638535542754));
#3368=CARTESIAN_POINT('Ctrl Pts',(17.4083770491617,-2.37542490919926,16.7744404717551));
#3369=CARTESIAN_POINT('Ctrl Pts',(17.3289080796093,-10.1174648356686,13.5890176958717));
#3370=CARTESIAN_POINT('Ctrl Pts',(17.2494391100568,-15.3890060227642,7.08540685289319));
#3371=CARTESIAN_POINT('Ctrl Pts',(17.1699701405044,-16.9028351152837,-1.14832996357094));
#3372=CARTESIAN_POINT('Ctrl Pts',(17.0905011709519,-14.2893029051057,-9.10166573358075));
#3373=CARTESIAN_POINT('Ctrl Pts',(17.0110322013994,-8.18658586582618,-14.8325422130246));
#3374=CARTESIAN_POINT('Ctrl Pts',(16.931563231847,-0.0848552011183283,-16.9415848206283));
#3375=CARTESIAN_POINT('Ctrl Pts',(16.8520942622945,8.03759554226504,-14.9138041605307));
#3376=CARTESIAN_POINT('Ctrl Pts',(16.772625292742,14.197413355633,-9.24434695632933));
#3377=CARTESIAN_POINT('Ctrl Pts',(16.6931563231896,16.8904840770025,-1.31759033247253));
#3378=CARTESIAN_POINT('Ctrl Pts',(16.6136873536371,15.4592093919491,6.93089760533039));
#3379=CARTESIAN_POINT('Ctrl Pts',(16.5342183840846,10.2530802413905,13.4869878847469));
#3380=CARTESIAN_POINT('Ctrl Pts',(16.4547494145321,2.54333756486781,16.749803899474));
#3381=CARTESIAN_POINT('Ctrl Pts',(16.3752804449796,-5.78744134453161,15.9226260184464));
#3382=CARTESIAN_POINT('Ctrl Pts',(16.2958114754272,-12.7050335734639,11.2074358591453));
#3383=CARTESIAN_POINT('Ctrl Pts',(16.2163425058747,-16.5202903916242,3.7555960933132));
#3384=CARTESIAN_POINT('Ctrl Pts',(16.1368735363223,-16.3015962893228,-4.61329113102994));
#3385=CARTESIAN_POINT('Ctrl Pts',(16.0574045667698,-12.1023523421075,-11.8556975512698));
#3386=CARTESIAN_POINT('Ctrl Pts',(15.9779355972173,-4.94793665075947,-16.2031607885552));
#3387=CARTESIAN_POINT('Ctrl Pts',(15.8984666276649,3.4146741227306,-16.5941103188829));
#3388=CARTESIAN_POINT('Ctrl Pts',(15.8189976581124,10.9434843095524,-12.9330834608875));
#3389=CARTESIAN_POINT('Ctrl Pts',(15.7395286885599,15.8000970012285,-6.11403560600291));
#3390=CARTESIAN_POINT('Ctrl Pts',(15.6600597190075,16.7986167459546,2.19794723827365));
#3391=CARTESIAN_POINT('Ctrl Pts',(15.580590749455,13.6952233960304,9.97323181183116));
#3392=CARTESIAN_POINT('Ctrl Pts',(15.5011217799025,7.24770850134482,15.313236696376));
#3393=CARTESIAN_POINT('Ctrl Pts',(15.42165281035,-0.969563442833228,16.9140309616017));
#3394=CARTESIAN_POINT('Ctrl Pts',(15.3421838407976,-8.95008583540253,14.3847301044764));
#3395=CARTESIAN_POINT('Ctrl Pts',(15.2627148712451,-14.7451619592888,8.34294285213806));
#3396=CARTESIAN_POINT('Ctrl Pts',(15.1832459016927,-16.9397408613959,0.26396247547041));
#3397=CARTESIAN_POINT('Ctrl Pts',(15.1037769321402,-14.997946756715,-7.8794726804808));
#3398=CARTESIAN_POINT('Ctrl Pts',(15.0243079625877,-9.39393003426697,-14.0988855996138));
#3399=CARTESIAN_POINT('Ctrl Pts',(14.9448389930353,-1.49608845703926,-16.8756100917393));
#3400=CARTESIAN_POINT('Ctrl Pts',(14.8653700234828,6.76707039157398,-15.5316211309439));
#3401=CARTESIAN_POINT('Ctrl Pts',(14.7859010539303,13.3778351727827,-10.3950960904437));
#3402=CARTESIAN_POINT('Ctrl Pts',(14.7064320843778,16.7219787730228,-2.72027986690277));
#3403=CARTESIAN_POINT('Ctrl Pts',(14.6269631148254,15.9829228613719,5.61877864372115));
#3404=CARTESIAN_POINT('Ctrl Pts',(14.5474941452729,11.3411312919392,12.5858348018198));
#3405=CARTESIAN_POINT('Ctrl Pts',(14.4680251757204,3.93004415144377,16.4796616957814));
#3406=CARTESIAN_POINT('Ctrl Pts',(14.388556206168,-4.44068745330453,16.3494584491892));
#3407=CARTESIAN_POINT('Ctrl Pts',(14.3090872366155,-11.7270848959352,12.2270182989651));
#3408=CARTESIAN_POINT('Ctrl Pts',(14.229618267063,-16.1499439994169,5.11896527194689));
#3409=CARTESIAN_POINT('Ctrl Pts',(14.1501492975106,-16.6292839565958,-3.23904487937546));
#3410=CARTESIAN_POINT('Ctrl Pts',(14.0706803279581,-13.0480587703591,-10.806139873468));
#3411=CARTESIAN_POINT('Ctrl Pts',(13.9912113584056,-6.28073773234412,-15.7345743564041));
#3412=CARTESIAN_POINT('Ctrl Pts',(13.9117423888532,2.02022388679615,-16.8209153165611));
#3413=CARTESIAN_POINT('Ctrl Pts',(13.8322734193007,9.82788400732526,-13.7998982814462));
#3414=CARTESIAN_POINT('Ctrl Pts',(13.7528044497482,15.2357556981279,-7.40920002069475));
#3415=CARTESIAN_POINT('Ctrl Pts',(13.6733354801958,16.9233362036403,0.79068854693654));
#3416=CARTESIAN_POINT('Ctrl Pts',(13.5938665106433,14.4785494179234,8.79750552102424));
#3417=CARTESIAN_POINT('Ctrl Pts',(13.5143975410908,8.49836728703772,14.6561335315392));
#3418=CARTESIAN_POINT('Ctrl Pts',(13.4349285715383,0.443040244816349,16.9360034241014));
#3419=CARTESIAN_POINT('Ctrl Pts',(13.3554596019859,-7.72046907271695,15.0804129232897));
#3420=CARTESIAN_POINT('Ctrl Pts',(13.2759906324334,-13.9987819085907,9.54246308430972));
#3421=CARTESIAN_POINT('Ctrl Pts',(13.1965216628809,-16.8588497967768,1.67441935291608));
#3422=CARTESIAN_POINT('Ctrl Pts',(13.1170526933285,-15.6022967876622,-6.60248677313373));
#3423=CARTESIAN_POINT('Ctrl Pts',(13.037583723776,-10.5359500039892,-13.2671871228659));
#3424=CARTESIAN_POINT('Ctrl Pts',(12.9581147542236,-2.89691810346869,-16.6922845093623));
#3425=CARTESIAN_POINT('Ctrl Pts',(12.8786457846711,5.44948789114863,-16.0414331767435));
#3426=CARTESIAN_POINT('Ctrl Pts',(12.7991768151186,12.4652292198657,-11.4735590439892));
#3427=CARTESIAN_POINT('Ctrl Pts',(12.7197078455661,16.4371909482716,-4.10405291995115));
#3428=CARTESIAN_POINT('Ctrl Pts',(12.6402388760137,16.3954931111528,4.26758740763905));
#3429=CARTESIAN_POINT('Ctrl Pts',(12.5607699064612,12.3503175530439,11.5971614190146));
#3430=CARTESIAN_POINT('Ctrl Pts',(12.4813009369087,5.28942170914835,16.0949220135573));
#3431=CARTESIAN_POINT('Ctrl Pts',(12.4018319673562,-3.0630535844116,16.6625988182732));
#3432=CARTESIAN_POINT('Ctrl Pts',(12.3223629978038,-10.6675875565232,13.1615756033857));
#3433=CARTESIAN_POINT('Ctrl Pts',(12.2428940282513,-15.6672929437427,6.44673781494043));
#3434=CARTESIAN_POINT('Ctrl Pts',(12.1634250586989,-16.8413336911052,-1.84227472019881));
#3435=CARTESIAN_POINT('Ctrl Pts',(12.0839560891464,-13.9030306518375,-9.68143766873275));
#3436=CARTESIAN_POINT('Ctrl Pts',(12.0044871195939,-7.56986335987657,-15.1565716886341));
#3437=CARTESIAN_POINT('Ctrl Pts',(11.9250181500415,0.611725270059239,-16.9307498012867));
#3438=CARTESIAN_POINT('Ctrl Pts',(11.845549180489,8.64394184539907,-14.5707503585762));
#3439=CARTESIAN_POINT('Ctrl Pts',(11.7660802109365,14.5654668812444,-8.65284179761209));
#3440=CARTESIAN_POINT('Ctrl Pts',(11.6866112413841,16.9303729262841,-0.622068492318328));
#3441=CARTESIAN_POINT('Ctrl Pts',(11.6071422718316,15.1611934428421,7.56060249193807));
#3442=CARTESIAN_POINT('Ctrl Pts',(11.5276733022791,9.68992950300039,13.8971134719305));
#3443=CARTESIAN_POINT('Ctrl Pts',(11.4482043327266,1.85256308839126,16.8402050654396));
#3444=CARTESIAN_POINT('Ctrl Pts',(11.3687353631742,-6.43716514988866,15.6712284623574));
#3445=CARTESIAN_POINT('Ctrl Pts',(11.2892663936217,-13.1550560967655,10.6756262373992));
#3446=CARTESIAN_POINT('Ctrl Pts',(11.2097974240693,-16.6607244396369,3.0732325311276));
#3447=CARTESIAN_POINT('Ctrl Pts',(11.1303284545168,-16.0981504010912,-5.27958801103982));
#3448=CARTESIAN_POINT('Ctrl Pts',(11.0508594849643,-11.604704358301,-12.3432303059058));
#3449=CARTESIAN_POINT('Ctrl Pts',(10.9713905154118,-4.27760286024876,-16.392882901533));
#3450=CARTESIAN_POINT('Ctrl Pts',(10.8919215458594,4.09401017078488,-16.4396951195195));
#3451=CARTESIAN_POINT('Ctrl Pts',(10.8124525763069,11.4659419774227,-12.4722363418696));
#3452=CARTESIAN_POINT('Ctrl Pts',(10.7329836067544,16.0381003305832,-5.45928687111491));
#3453=CARTESIAN_POINT('Ctrl Pts',(10.653514637202,16.6940524457781,2.88671983555856));
#3454=CARTESIAN_POINT('Ctrl Pts',(10.5740456676495,13.2736188090018,10.5278429898906));
#3455=CARTESIAN_POINT('Ctrl Pts',(10.494576698097,6.61202208914708,15.5982600032977));
#3456=CARTESIAN_POINT('Ctrl Pts',(10.4151077285446,-1.66412894860308,16.8598701329358));
#3457=CARTESIAN_POINT('Ctrl Pts',(10.3356387589921,-9.53389103488888,14.0046079177816));
#3458=CARTESIAN_POINT('Ctrl Pts',(10.2561697894396,-15.0757287915029,7.72968262578153));
#3459=CARTESIAN_POINT('Ctrl Pts',(10.1767008198872,-16.9362022979445,-0.432697636205357));
#3460=CARTESIAN_POINT('Ctrl Pts',(10.0972318503347,-14.6614562036648,-8.48940413383182));
#3461=CARTESIAN_POINT('Ctrl Pts',(10.0177628807822,-8.80608850712633,-14.4731875889146));
#3462=CARTESIAN_POINT('Ctrl Pts',(9.93829391122978,-0.801541701401744,-16.9228179552866));
#3463=CARTESIAN_POINT('Ctrl Pts',(9.85882494167728,7.40096849212818,-15.2403620370009));
#3464=CARTESIAN_POINT('Ctrl Pts',(9.80584562864232,11.6609937196723,-11.637414832592));
#3465=CARTESIAN_POINT('Ctrl Pts',(9.77935597212482,13.2313815032875,-9.43519136114402));
#3466=CARTESIAN_POINT('Ctrl Pts',(20.2206440278833,-14.5122362241663,-6.87846250759852));
#3467=CARTESIAN_POINT('Ctrl Pts',(20.1941543713659,-13.3673889096251,-9.29387069669177));
#3468=CARTESIAN_POINT('Ctrl Pts',(20.1411750583309,-9.84951021601299,-13.5395540193334));
#3469=CARTESIAN_POINT('Ctrl Pts',(20.0617060887784,-2.1623793489995,-16.602355105288));
#3470=CARTESIAN_POINT('Ctrl Pts',(19.9822371192259,6.05055716595299,-15.6109271146875));
#3471=CARTESIAN_POINT('Ctrl Pts',(19.9027681496735,12.7871462268098,-10.8077250260093));
#3472=CARTESIAN_POINT('Ctrl Pts',(19.823299180121,16.4007952334814,-3.36540967203678));
#3473=CARTESIAN_POINT('Ctrl Pts',(19.7438302105685,16.0099562795571,4.8986429930221));
#3474=CARTESIAN_POINT('Ctrl Pts',(19.664361241016,11.7096344399378,11.9665545593629));
#3475=CARTESIAN_POINT('Ctrl Pts',(19.5848922714636,4.55011046884677,16.1124447676023));
#3476=CARTESIAN_POINT('Ctrl Pts',(19.5054233019111,-3.72050536792382,16.3239770440502));
#3477=CARTESIAN_POINT('Ctrl Pts',(19.4259543323586,-11.0826224058554,12.5494921466549));
#3478=CARTESIAN_POINT('Ctrl Pts',(19.3464853628062,-15.7385771890261,5.71065340609141));
#3479=CARTESIAN_POINT('Ctrl Pts',(19.2670163932537,-16.5514557866894,-2.52262243703782));
#3480=CARTESIAN_POINT('Ctrl Pts',(19.1875474237012,-13.3227761437631,-10.1399199797407));
#3481=CARTESIAN_POINT('Ctrl Pts',(19.1080784541488,-6.84091833586972,-15.2812358148759));
#3482=CARTESIAN_POINT('Ctrl Pts',(19.0286094845963,1.31136513623817,-16.6911549723962));
#3483=CARTESIAN_POINT('Ctrl Pts',(18.9491405150439,9.1434377389047,-14.025401266483));
#3484=CARTESIAN_POINT('Ctrl Pts',(18.8696715454914,14.7428509077588,-7.93490263313277));
#3485=CARTESIAN_POINT('Ctrl Pts',(18.7902025759389,16.7423312678305,0.0931531999917237));
#3486=CARTESIAN_POINT('Ctrl Pts',(18.7107336063864,14.6536423615634,8.09846274172219));
#3487=CARTESIAN_POINT('Ctrl Pts',(18.631264636834,8.98680366077132,14.1262767003198));
#3488=CARTESIAN_POINT('Ctrl Pts',(18.5517956672815,1.12555286085475,16.704713830709));
#3489=CARTESIAN_POINT('Ctrl Pts',(18.472326697729,-7.0105372294054,15.2041672296215));
#3490=CARTESIAN_POINT('Ctrl Pts',(18.3928577281765,-13.4347831340161,9.99104276640013));
#3491=CARTESIAN_POINT('Ctrl Pts',(18.3133887586241,-16.5785022116514,2.33828950659105));
#3492=CARTESIAN_POINT('Ctrl Pts',(18.2339197890716,-15.6740561144589,-5.8854310232849));
#3493=CARTESIAN_POINT('Ctrl Pts',(18.1544508195192,-10.9422939350904,-12.6720375963259));
#3494=CARTESIAN_POINT('Ctrl Pts',(18.0749818499667,-3.53862492835792,-16.3643657690177));
#3495=CARTESIAN_POINT('Ctrl Pts',(17.9955128804142,4.72911117105802,-16.0608169449027));
#3496=CARTESIAN_POINT('Ctrl Pts',(17.9160439108618,11.8420853437595,-11.8355121611449));
#3497=CARTESIAN_POINT('Ctrl Pts',(17.8365749413093,16.0634401841325,-4.72019309526951));
#3498=CARTESIAN_POINT('Ctrl Pts',(17.7571059717568,16.3623985181041,3.54771026725398));
#3499=CARTESIAN_POINT('Ctrl Pts',(17.6776370022043,12.6659602217362,10.9493280646403));
#3500=CARTESIAN_POINT('Ctrl Pts',(17.5981680326519,5.87672750808717,15.6773214294211));
#3501=CARTESIAN_POINT('Ctrl Pts',(17.5186990630994,-2.34749392419436,16.5772013826691));
#3502=CARTESIAN_POINT('Ctrl Pts',(17.4392300935469,-9.99850053689474,13.4292337986729));
#3503=CARTESIAN_POINT('Ctrl Pts',(17.3597611239945,-15.2080573028961,7.00209443506196));
#3504=CARTESIAN_POINT('Ctrl Pts',(17.280292154442,-16.7040863220395,-1.13482754264871));
#3505=CARTESIAN_POINT('Ctrl Pts',(17.2008231848895,-14.1212848365793,-8.9946455166335));
#3506=CARTESIAN_POINT('Ctrl Pts',(17.1213542153371,-8.09032544261754,-14.6581365677304));
#3507=CARTESIAN_POINT('Ctrl Pts',(17.0418852457846,-0.0838574472676898,
-16.7423803962948));
#3508=CARTESIAN_POINT('Ctrl Pts',(16.9624162762322,7.94308699362721,-14.7384430119796));
#3509=CARTESIAN_POINT('Ctrl Pts',(16.8829473066797,14.0304757530133,-9.13564904918118));
#3510=CARTESIAN_POINT('Ctrl Pts',(16.8034783371272,16.6918805111085,-1.30209769548097));
#3511=CARTESIAN_POINT('Ctrl Pts',(16.7240093675747,15.277435199028,6.84940195529516));
#3512=CARTESIAN_POINT('Ctrl Pts',(16.6445403980222,10.1325213344903,13.3284036858057));
#3513=CARTESIAN_POINT('Ctrl Pts',(16.5650714284698,2.513432210625,16.5528544948686));
#3514=CARTESIAN_POINT('Ctrl Pts',(16.4856024589173,-5.71939080890536,15.7354028286761));
#3515=CARTESIAN_POINT('Ctrl Pts',(16.4061334893649,-12.555643836557,11.0756553420205));
#3516=CARTESIAN_POINT('Ctrl Pts',(16.3266645198124,-16.3260396782389,3.71143662619612));
#3517=CARTESIAN_POINT('Ctrl Pts',(16.2471955502599,-16.1099170492213,-4.55904661885653));
#3518=CARTESIAN_POINT('Ctrl Pts',(16.1677265807075,-11.9600491185947,-11.7162945715145));
#3519=CARTESIAN_POINT('Ctrl Pts',(16.088257611155,-4.889757272467,-16.0126389836921));
#3520=CARTESIAN_POINT('Ctrl Pts',(16.0087886416025,3.37452332219413,-16.3989916078297));
#3521=CARTESIAN_POINT('Ctrl Pts',(15.9293196720501,10.814807416855,-12.7810122424648));
#3522=CARTESIAN_POINT('Ctrl Pts',(15.8498507024976,15.6143145457577,-6.04214487345671));
#3523=CARTESIAN_POINT('Ctrl Pts',(15.7703817329451,16.6010933847161,2.1721030909314));
#3524=CARTESIAN_POINT('Ctrl Pts',(15.6909127633926,13.5341906991718,9.85596344981811));
#3525=CARTESIAN_POINT('Ctrl Pts',(15.6114437938402,7.16248769024398,15.1331788958171));
#3526=CARTESIAN_POINT('Ctrl Pts',(15.5319748242877,-0.958163014270665,16.7151505241139));
#3527=CARTESIAN_POINT('Ctrl Pts',(15.4525058547352,-8.84484794204996,14.2155899732552));
#3528=CARTESIAN_POINT('Ctrl Pts',(15.3730368851828,-14.5717837581994,8.24484393484646));
#3529=CARTESIAN_POINT('Ctrl Pts',(15.2935679156303,-16.7405581189086,0.260858722573103));
#3530=CARTESIAN_POINT('Ctrl Pts',(15.2140989460778,-14.8215962333438,-7.78682338963905));
#3531=CARTESIAN_POINT('Ctrl Pts',(15.1346299765254,-9.28347328275767,-13.9331065169984));
#3532=CARTESIAN_POINT('Ctrl Pts',(15.0551610069729,-1.47849698357371,-16.6771814187908));
#3533=CARTESIAN_POINT('Ctrl Pts',(14.9756920374204,6.68750107287977,-15.3489954982706));
#3534=CARTESIAN_POINT('Ctrl Pts',(14.896223067868,13.2205344253828,-10.2728673170136));
#3535=CARTESIAN_POINT('Ctrl Pts',(14.8167540983155,16.5253565449098,-2.68829397003127));
#3536=CARTESIAN_POINT('Ctrl Pts',(14.737285128763,15.7949906825659,5.55271129659689));
#3537=CARTESIAN_POINT('Ctrl Pts',(14.6578161592105,11.2077787423271,12.437846641149));
#3538=CARTESIAN_POINT('Ctrl Pts',(14.5783471896581,3.88383346979369,16.2858887072401));
#3539=CARTESIAN_POINT('Ctrl Pts',(14.4988782201056,-4.38847246886557,16.1572164309236));
#3540=CARTESIAN_POINT('Ctrl Pts',(14.4194092505531,-11.5891941837888,12.0832492143518));
#3541=CARTESIAN_POINT('Ctrl Pts',(14.3399402810007,-15.9600479341147,5.05877488592467));
#3542=CARTESIAN_POINT('Ctrl Pts',(14.2604713114482,-16.4337516629689,-3.20095918211526));
#3543=CARTESIAN_POINT('Ctrl Pts',(14.1810023418958,-12.8946356364824,-10.6790779193738));
#3544=CARTESIAN_POINT('Ctrl Pts',(14.1015333723433,-6.20688686434043,-15.5495623365732));
#3545=CARTESIAN_POINT('Ctrl Pts',(14.0220644027908,1.9964694659049,-16.623129761793));
#3546=CARTESIAN_POINT('Ctrl Pts',(13.9425954332383,9.71232469001089,-13.6376347847236));
#3547=CARTESIAN_POINT('Ctrl Pts',(13.8631264636859,15.0566089432484,-7.3220803420743));
#3548=CARTESIAN_POINT('Ctrl Pts',(13.7836574941334,16.724346352222,0.78139138504247));
#3549=CARTESIAN_POINT('Ctrl Pts',(13.7041885245809,14.3083061300304,8.69406171447126));
#3550=CARTESIAN_POINT('Ctrl Pts',(13.6247195550284,8.39844084089273,14.4838021543973));
#3551=CARTESIAN_POINT('Ctrl Pts',(13.545250585476,0.43783083980142,16.7368646275645));
#3552=CARTESIAN_POINT('Ctrl Pts',(13.4657816159235,-7.62968939575647,14.9030927370792));
#3553=CARTESIAN_POINT('Ctrl Pts',(13.3863126463711,-13.8341798763136,9.43025983499392));
#3554=CARTESIAN_POINT('Ctrl Pts',(13.3068436768186,-16.6606181965901,1.65473100930346));
#3555=CARTESIAN_POINT('Ctrl Pts',(13.2273747072661,-15.4188401286322,-6.52485267982209));
#3556=CARTESIAN_POINT('Ctrl Pts',(13.1479057377137,-10.4120650264282,-13.1111874096563));
#3557=CARTESIAN_POINT('Ctrl Pts',(13.0684367681612,-2.86285523926486,-16.4960114356384));
#3558=CARTESIAN_POINT('Ctrl Pts',(12.9889677986087,5.38541111735432,-15.8528130154486));
#3559=CARTESIAN_POINT('Ctrl Pts',(12.9094988290563,12.3186591771443,-11.3386493676741));
#3560=CARTESIAN_POINT('Ctrl Pts',(12.8300298595038,16.2439173439909,-4.05579618907213));
#3561=CARTESIAN_POINT('Ctrl Pts',(12.7505608899513,16.2027098030119,4.2174077873832));
#3562=CARTESIAN_POINT('Ctrl Pts',(12.6710919203989,12.2050986774465,11.4607983875251));
#3563=CARTESIAN_POINT('Ctrl Pts',(12.5916229508464,5.2272270433137,15.9056729138804));
#3564=CARTESIAN_POINT('Ctrl Pts',(12.5121539812939,-3.02703724754314,16.4666747981395));
#3565=CARTESIAN_POINT('Ctrl Pts',(12.4326850117414,-10.542154743671,13.0068177032747));
#3566=CARTESIAN_POINT('Ctrl Pts',(12.353216042189,-15.4830720396911,6.37093506632799));
#3567=CARTESIAN_POINT('Ctrl Pts',(12.2737470726365,-16.6433080507377,-1.820612680963));
#3568=CARTESIAN_POINT('Ctrl Pts',(12.1942781030841,-13.7395544926225,-9.56760031302254));
#3569=CARTESIAN_POINT('Ctrl Pts',(12.1148091335316,-7.48085455173652,-14.97835600397));
#3570=CARTESIAN_POINT('Ctrl Pts',(12.0353401639791,0.604532414044736,-16.731672778481));
#3571=CARTESIAN_POINT('Ctrl Pts',(11.9558711944266,8.54230368831307,-14.3994229433421));
#3572=CARTESIAN_POINT('Ctrl Pts',(11.8764022248742,14.3942015907803,-8.55109899211945));
#3573=CARTESIAN_POINT('Ctrl Pts',(11.7969332553217,16.731300334892,-0.614754017479018));
#3574=CARTESIAN_POINT('Ctrl Pts',(11.7174642857692,14.9829234141543,7.47170257596404));
#3575=CARTESIAN_POINT('Ctrl Pts',(11.6379953162168,9.57599229766128,13.7337068887576));
#3576=CARTESIAN_POINT('Ctrl Pts',(11.5585263466643,1.83078007532184,16.6421926958037));
#3577=CARTESIAN_POINT('Ctrl Pts',(11.4790573771118,-6.3614749596497,15.4869612832537));
#3578=CARTESIAN_POINT('Ctrl Pts',(11.3995884075594,-13.0003748550413,10.5500989032367));
#3579=CARTESIAN_POINT('Ctrl Pts',(11.3201194380069,-16.4648224590302,3.03709650703729));
#3580=CARTESIAN_POINT('Ctrl Pts',(11.2406504684544,-15.9088633410294,-5.21750897288654));
#3581=CARTESIAN_POINT('Ctrl Pts',(11.161181498902,-11.468252634585,-12.1980947643649));
#3582=CARTESIAN_POINT('Ctrl Pts',(11.0817125293495,-4.22730547518557,-16.2001302850487));
#3583=CARTESIAN_POINT('Ctrl Pts',(11.002243559797,4.04587152567454,-16.2463920704143));
#3584=CARTESIAN_POINT('Ctrl Pts',(10.9227745902446,11.3311218649458,-12.3255839072279));
#3585=CARTESIAN_POINT('Ctrl Pts',(10.8433056206921,15.8495193579302,-5.39509487786598));
#3586=CARTESIAN_POINT('Ctrl Pts',(10.7638366511396,16.4977585841079,2.8527768857612));
#3587=CARTESIAN_POINT('Ctrl Pts',(10.6843676815871,13.1175434700258,10.4040533371232));
#3588=CARTESIAN_POINT('Ctrl Pts',(10.6048987120347,6.53427587662361,15.4148508100339));
#3589=CARTESIAN_POINT('Ctrl Pts',(10.5254297424822,-1.64456160276545,16.6616265353192));
#3590=CARTESIAN_POINT('Ctrl Pts',(10.4459607729297,-9.42178857839666,13.8399373814761));
#3591=CARTESIAN_POINT('Ctrl Pts',(10.3664918033773,-14.898463682771,7.63879461299805));
#3592=CARTESIAN_POINT('Ctrl Pts',(10.2870228338248,-16.737061162987,-0.427609842799771));
#3593=CARTESIAN_POINT('Ctrl Pts',(10.2075538642723,-14.4890622408883,-8.38958307923041));
#3594=CARTESIAN_POINT('Ctrl Pts',(10.1280848947199,-8.7025437791528,-14.303007347075));
#3595=CARTESIAN_POINT('Ctrl Pts',(10.0486159251674,-0.792116924741378,-16.7238341975936));
#3596=CARTESIAN_POINT('Ctrl Pts',(9.96914695561495,7.3139456023812,-15.061161119356));
#3597=CARTESIAN_POINT('Ctrl Pts',(9.91616764257997,11.5238801281353,-11.5005784889441));
#3598=CARTESIAN_POINT('Ctrl Pts',(9.88967798606248,13.0758028036908,-9.32424944611818));
#3599=CARTESIAN_POINT('Ctrl Pts',(20.330966041821,-14.3395665323783,-6.79662108889388));
#3600=CARTESIAN_POINT('Ctrl Pts',(20.3044763853035,-13.2083408561492,-9.18329023452677));
#3601=CARTESIAN_POINT('Ctrl Pts',(20.2514970722685,-9.73231863595656,-13.3784575085439));
#3602=CARTESIAN_POINT('Ctrl Pts',(20.1720281027161,-2.13665089681932,-16.4048167318282));
#3603=CARTESIAN_POINT('Ctrl Pts',(20.0925591331636,5.97856634215069,-15.4251849635964));
#3604=CARTESIAN_POINT('Ctrl Pts',(20.0130901636111,12.6350020249289,-10.6791324011137));
#3605=CARTESIAN_POINT('Ctrl Pts',(19.9336211940586,16.2056550625043,-3.32536730765992));
#3606=CARTESIAN_POINT('Ctrl Pts',(19.8541522245062,15.8194663940818,4.8403578905252));
#3607=CARTESIAN_POINT('Ctrl Pts',(19.7746832549537,11.570310703853,11.8241739327239));
#3608=CARTESIAN_POINT('Ctrl Pts',(19.6952142854012,4.49597228089821,15.9207354521667));
#3609=CARTESIAN_POINT('Ctrl Pts',(19.6157453158488,-3.67623799897724,16.1297508723278));
#3610=CARTESIAN_POINT('Ctrl Pts',(19.5362763462963,-10.9507589931143,12.4001756038707));
#3611=CARTESIAN_POINT('Ctrl Pts',(19.4568073767438,-15.5513162300372,5.64270682995337));
#3612=CARTESIAN_POINT('Ctrl Pts',(19.3773384071914,-16.3545230242133,-2.49260773551473));
#3613=CARTESIAN_POINT('Ctrl Pts',(19.2978694376389,-13.1642589025213,-10.0192730421763));
#3614=CARTESIAN_POINT('Ctrl Pts',(19.2184004680864,-6.75952362575364,-15.0994164014142));
#3615=CARTESIAN_POINT('Ctrl Pts',(19.138931498534,1.29576223325353,-16.492560039117));
#3616=CARTESIAN_POINT('Ctrl Pts',(19.0594625289815,9.03464716025972,-13.8585240411899));
#3617=CARTESIAN_POINT('Ctrl Pts',(18.979993559429,14.5674373131205,-7.8404914637673));
#3618=CARTESIAN_POINT('Ctrl Pts',(18.9005245898766,16.543127428038,0.0920448432861834));
#3619=CARTESIAN_POINT('Ctrl Pts',(18.8210556203241,14.4792901892958,8.00210549918767));
#3620=CARTESIAN_POINT('Ctrl Pts',(18.7415866507716,8.87987674790303,13.9581992375304));
#3621=CARTESIAN_POINT('Ctrl Pts',(18.6621176812191,1.11216079208099,16.5059575712324));
#3622=CARTESIAN_POINT('Ctrl Pts',(18.5826487116667,-6.92712435740059,15.0232647946776));
#3623=CARTESIAN_POINT('Ctrl Pts',(18.5031797421142,-13.274933209638,9.87216720177535));
#3624=CARTESIAN_POINT('Ctrl Pts',(18.4237107725618,-16.3812476450239,2.31046803771624));
#3625=CARTESIAN_POINT('Ctrl Pts',(18.3442418030093,-15.4875628410207,-5.81540490566023));
#3626=CARTESIAN_POINT('Ctrl Pts',(18.2647728334568,-10.8121001805207,-12.5212629815605));
#3627=CARTESIAN_POINT('Ctrl Pts',(18.1853038639044,-3.49652161179834,-16.1696590436036));
#3628=CARTESIAN_POINT('Ctrl Pts',(18.1058348943519,4.67284319445368,-15.8697219083485));
#3629=CARTESIAN_POINT('Ctrl Pts',(18.0263659247994,11.7011856784805,-11.6946907049991));
#3630=CARTESIAN_POINT('Ctrl Pts',(17.9468969552469,15.8723139357166,-4.6640312278391));
#3631=CARTESIAN_POINT('Ctrl Pts',(17.8674279856945,16.1677151994623,3.50549885138826));
#3632=CARTESIAN_POINT('Ctrl Pts',(17.787959016142,12.5152579168739,10.8190506164921));
#3633=CARTESIAN_POINT('Ctrl Pts',(17.7084900465895,5.80680494674859,15.4907893045669));
#3634=CARTESIAN_POINT('Ctrl Pts',(17.6290210770371,-2.31956293918944,16.3799622935832));
#3635=CARTESIAN_POINT('Ctrl Pts',(17.5495521074846,-9.8795362381209,13.2694499014741));
#3636=CARTESIAN_POINT('Ctrl Pts',(17.4700831379321,-15.027108583028,6.91878201723072));
#3637=CARTESIAN_POINT('Ctrl Pts',(17.3906141683797,-16.5053375287953,-1.12132512172646));
#3638=CARTESIAN_POINT('Ctrl Pts',(17.3111451988272,-13.9532667680528,-8.88762529968627));
#3639=CARTESIAN_POINT('Ctrl Pts',(17.2316762292747,-7.9940650194089,-14.4837309224362));
#3640=CARTESIAN_POINT('Ctrl Pts',(17.1522072597222,-0.0828596934170566,
-16.5431759719613));
#3641=CARTESIAN_POINT('Ctrl Pts',(17.0727382901698,7.84857844498938,-14.5630818634285));
#3642=CARTESIAN_POINT('Ctrl Pts',(16.9932693206173,13.8635381503936,-9.02695114203306));
#3643=CARTESIAN_POINT('Ctrl Pts',(16.9138003510649,16.4932769452144,-1.2866050584894));
#3644=CARTESIAN_POINT('Ctrl Pts',(16.8343313815123,15.0956610061068,6.76790630525992));
#3645=CARTESIAN_POINT('Ctrl Pts',(16.7548624119599,10.0119624275902,13.1698194868645));
#3646=CARTESIAN_POINT('Ctrl Pts',(16.6753934424074,2.4835268563822,16.3559050902633));
#3647=CARTESIAN_POINT('Ctrl Pts',(16.595924472855,-5.65134027327912,15.5481796389058));
#3648=CARTESIAN_POINT('Ctrl Pts',(16.5164555033025,-12.4062540996501,10.9438748248957));
#3649=CARTESIAN_POINT('Ctrl Pts',(16.43698653375,-16.1317889648535,3.66727715907904));
#3650=CARTESIAN_POINT('Ctrl Pts',(16.3575175641976,-15.9182378091199,-4.50480210668312));
#3651=CARTESIAN_POINT('Ctrl Pts',(16.2780485946451,-11.8177458950819,-11.5768915917592));
#3652=CARTESIAN_POINT('Ctrl Pts',(16.1985796250926,-4.83157789417452,-15.822117178829));
#3653=CARTESIAN_POINT('Ctrl Pts',(16.1191106555402,3.33437252165764,-16.2038728967764));
#3654=CARTESIAN_POINT('Ctrl Pts',(16.0396416859877,10.6861305241577,-12.6289410240422));
#3655=CARTESIAN_POINT('Ctrl Pts',(15.9601727164352,15.4285320902869,-5.97025414091051));
#3656=CARTESIAN_POINT('Ctrl Pts',(15.8807037468828,16.4035700234777,2.14625894358915));
#3657=CARTESIAN_POINT('Ctrl Pts',(15.8012347773303,13.3731580023132,9.73869508780506));
#3658=CARTESIAN_POINT('Ctrl Pts',(15.7217658077778,7.07726687914314,14.9531210952582));
#3659=CARTESIAN_POINT('Ctrl Pts',(15.6422968382253,-0.946762585708093,16.5162700866259));
#3660=CARTESIAN_POINT('Ctrl Pts',(15.5628278686729,-8.73961004869741,14.0464498420341));
#3661=CARTESIAN_POINT('Ctrl Pts',(15.4833588991204,-14.39840555711,8.14674501755485));
#3662=CARTESIAN_POINT('Ctrl Pts',(15.403889929568,-16.5413753764214,0.257754969675804));
#3663=CARTESIAN_POINT('Ctrl Pts',(15.3244209600155,-14.6452457099725,-7.6941740987973));
#3664=CARTESIAN_POINT('Ctrl Pts',(15.244951990463,-9.17301653124839,-13.767327434383));
#3665=CARTESIAN_POINT('Ctrl Pts',(15.1654830209105,-1.46090551010815,-16.4787527458424));
#3666=CARTESIAN_POINT('Ctrl Pts',(15.0860140513581,6.60793175418556,-15.1663698655973));
#3667=CARTESIAN_POINT('Ctrl Pts',(15.0065450818056,13.063233677983,-10.1506385435834));
#3668=CARTESIAN_POINT('Ctrl Pts',(14.9270761122532,16.3287343167968,-2.65630807315975));
#3669=CARTESIAN_POINT('Ctrl Pts',(14.8476071427007,15.60705850376,5.48664394947261));
#3670=CARTESIAN_POINT('Ctrl Pts',(14.7681381731482,11.0744261927149,12.2898584804782));
#3671=CARTESIAN_POINT('Ctrl Pts',(14.6886692035957,3.83762278814363,16.0921157186988));
#3672=CARTESIAN_POINT('Ctrl Pts',(14.6092002340433,-4.33625748442662,15.9649744126581));
#3673=CARTESIAN_POINT('Ctrl Pts',(14.5297312644908,-11.4513034716425,11.9394801297385));
#3674=CARTESIAN_POINT('Ctrl Pts',(14.4502622949383,-15.7701518688124,4.99858449990247));
#3675=CARTESIAN_POINT('Ctrl Pts',(14.3707933253859,-16.238219369342,-3.16287348485508));
#3676=CARTESIAN_POINT('Ctrl Pts',(14.2913243558334,-12.7412125026057,-10.5520159652796));
#3677=CARTESIAN_POINT('Ctrl Pts',(14.2118553862809,-6.13303599633675,-15.3645503167424));
#3678=CARTESIAN_POINT('Ctrl Pts',(14.1323864167285,1.97271504501367,-16.425344207025));
#3679=CARTESIAN_POINT('Ctrl Pts',(14.052917447176,9.5967653726965,-13.4753712880011));
#3680=CARTESIAN_POINT('Ctrl Pts',(13.9734484776235,14.8774621883689,-7.23496066345384));
#3681=CARTESIAN_POINT('Ctrl Pts',(13.893979508071,16.5253565008036,0.772094223148413));
#3682=CARTESIAN_POINT('Ctrl Pts',(13.8145105385186,14.1380628421374,8.59061790791825));
#3683=CARTESIAN_POINT('Ctrl Pts',(13.7350415689661,8.29851439474775,14.3114707772554));
#3684=CARTESIAN_POINT('Ctrl Pts',(13.6555725994137,0.432621434786491,16.5377258310275));
#3685=CARTESIAN_POINT('Ctrl Pts',(13.5761036298612,-7.538909718796,14.7257725508686));
#3686=CARTESIAN_POINT('Ctrl Pts',(13.4966346603087,-13.6695778440365,9.31805658567812));
#3687=CARTESIAN_POINT('Ctrl Pts',(13.4171656907562,-16.4623865964034,1.63504266569086));
#3688=CARTESIAN_POINT('Ctrl Pts',(13.3376967212038,-15.2353834696021,-6.44721858651046));
#3689=CARTESIAN_POINT('Ctrl Pts',(13.2582277516513,-10.2881800488672,-12.9551876964466));
#3690=CARTESIAN_POINT('Ctrl Pts',(13.1787587820989,-2.828792375061,-16.2997383619145));
#3691=CARTESIAN_POINT('Ctrl Pts',(13.0992898125464,5.32133434356,-15.6641928541537));
#3692=CARTESIAN_POINT('Ctrl Pts',(13.0198208429939,12.1720891344229,-11.2037396913591));
#3693=CARTESIAN_POINT('Ctrl Pts',(12.9403518734414,16.0506437397102,-4.00753945819309));
#3694=CARTESIAN_POINT('Ctrl Pts',(12.860882903889,16.0099264948709,4.16722816712734));
#3695=CARTESIAN_POINT('Ctrl Pts',(12.7814139343365,12.059879801849,11.3244353560356));
#3696=CARTESIAN_POINT('Ctrl Pts',(12.701944964784,5.16503237747906,15.7164238142035));
#3697=CARTESIAN_POINT('Ctrl Pts',(12.6224759952315,-2.9910209106747,16.2707507780057));
#3698=CARTESIAN_POINT('Ctrl Pts',(12.5430070256791,-10.4167219308189,12.8520598031636));
#3699=CARTESIAN_POINT('Ctrl Pts',(12.4635380561266,-15.2988511356396,6.29513231771556));
#3700=CARTESIAN_POINT('Ctrl Pts',(12.3840690865742,-16.4452824103702,-1.7989506417272));
#3701=CARTESIAN_POINT('Ctrl Pts',(12.3046001170217,-13.5760783334076,-9.45376295731234));
#3702=CARTESIAN_POINT('Ctrl Pts',(12.2251311474693,-7.39184574359648,-14.8001403193059));
#3703=CARTESIAN_POINT('Ctrl Pts',(12.1456621779167,0.597339558030236,-16.5325957556754));
#3704=CARTESIAN_POINT('Ctrl Pts',(12.0661932083643,8.44066553122707,-14.228095528108));
#3705=CARTESIAN_POINT('Ctrl Pts',(11.9867242388118,14.2229363003162,-8.4493561866268));
#3706=CARTESIAN_POINT('Ctrl Pts',(11.9072552692594,16.5322277434999,-0.607439542639718));
#3707=CARTESIAN_POINT('Ctrl Pts',(11.8277862997069,14.8046533854665,7.38280265999001));
#3708=CARTESIAN_POINT('Ctrl Pts',(11.7483173301544,9.46205509232219,13.5703003055846));
#3709=CARTESIAN_POINT('Ctrl Pts',(11.6688483606019,1.80899706225241,16.4441803261679));
#3710=CARTESIAN_POINT('Ctrl Pts',(11.5893793910495,-6.28578476941073,15.30269410415));
#3711=CARTESIAN_POINT('Ctrl Pts',(11.509910421497,-12.8456936133171,10.4245715690743));
#3712=CARTESIAN_POINT('Ctrl Pts',(11.4304414519445,-16.2689204784236,3.00096048294697));
#3713=CARTESIAN_POINT('Ctrl Pts',(11.3509724823921,-15.7195762809677,-5.15542993473323));
#3714=CARTESIAN_POINT('Ctrl Pts',(11.2715035128396,-11.331800910869,-12.0529592228239));
#3715=CARTESIAN_POINT('Ctrl Pts',(11.1920345432872,-4.17700809012242,-16.0073776685644));
#3716=CARTESIAN_POINT('Ctrl Pts',(11.1125655737347,3.99773288056424,-16.0530890213091));
#3717=CARTESIAN_POINT('Ctrl Pts',(11.0330966041822,11.1963017524689,-12.1789314725862));
#3718=CARTESIAN_POINT('Ctrl Pts',(10.9536276346297,15.6609383852773,-5.33090288461704));
#3719=CARTESIAN_POINT('Ctrl Pts',(10.8741586650773,16.3014647224376,2.81883393596384));
#3720=CARTESIAN_POINT('Ctrl Pts',(10.7946896955248,12.9614681310498,10.2802636843559));
#3721=CARTESIAN_POINT('Ctrl Pts',(10.7152207259723,6.45652966410013,15.2314416167701));
#3722=CARTESIAN_POINT('Ctrl Pts',(10.6357517564198,-1.6249942569278,16.4633829377025));
#3723=CARTESIAN_POINT('Ctrl Pts',(10.5562827868674,-9.30968612190448,13.6752668451706));
#3724=CARTESIAN_POINT('Ctrl Pts',(10.4768138173149,-14.7211985740391,7.54790660021456));
#3725=CARTESIAN_POINT('Ctrl Pts',(10.3973448477625,-16.5379200280295,-0.422522049394175));
#3726=CARTESIAN_POINT('Ctrl Pts',(10.31787587821,-14.3166682781118,-8.28976202462901));
#3727=CARTESIAN_POINT('Ctrl Pts',(10.2384069086575,-8.59899905117931,-14.1328271052354));
#3728=CARTESIAN_POINT('Ctrl Pts',(10.1589379391051,-0.782692148080993,-16.5248504399006));
#3729=CARTESIAN_POINT('Ctrl Pts',(10.0794689695526,7.22692271263421,-14.8819602017111));
#3730=CARTESIAN_POINT('Ctrl Pts',(10.0264896565176,11.3867665365984,-11.3637421452961));
#3731=CARTESIAN_POINT('Ctrl Pts',(10.0000000000001,12.9202241040942,-9.21330753109234));
#3732=CARTESIAN_POINT('Ctrl Pts',(20.000000000008,-14.8575756077425,-7.04214534500781));
#3733=CARTESIAN_POINT('Ctrl Pts',(20.000000000008,-14.6992197565113,-7.36226723768442));
#3734=CARTESIAN_POINT('Ctrl Pts',(20.000000000008,-14.530497604837,-7.67659883077443));
#3735=CARTESIAN_POINT('Ctrl Pts',(20.000000000008,-14.3518835769523,-7.98476708160348));
#3736=CARTESIAN_POINT('Ctrl Pts',(20.000000000008,-14.1714028943583,-8.29615592895284));
#3737=CARTESIAN_POINT('Ctrl Pts',(20.000000000008,-13.9808221955883,-8.60125238935167));
#3738=CARTESIAN_POINT('Ctrl Pts',(20.000000000008,-13.7805810110014,-8.89965124890745));
#3739=CARTESIAN_POINT('Ctrl Pts',(20.000000000008,-13.5792738046884,-9.19963869109174));
#3740=CARTESIAN_POINT('Ctrl Pts',(20.000000000008,-13.3682026286011,-9.49285748599513));
#3741=CARTESIAN_POINT('Ctrl Pts',(20.000000000008,-13.1477688947075,-9.77886861594597));
#3742=CARTESIAN_POINT('Ctrl Pts',(20.000000000008,-12.9274387101244,-10.0647453914368));
#3743=CARTESIAN_POINT('Ctrl Pts',(20.000000000008,-12.6977543746889,-10.3434217065396));
#3744=CARTESIAN_POINT('Ctrl Pts',(20.000000000008,-12.4590773338501,-10.6144253183596));
#3745=CARTESIAN_POINT('Ctrl Pts',(20.000000000008,-12.2231005940238,-10.882362898672));
#3746=CARTESIAN_POINT('Ctrl Pts',(20.000000000008,-11.9783330535664,-11.1428007577204));
#3747=CARTESIAN_POINT('Ctrl Pts',(20.000000000008,-11.7250916380184,-11.3952436645324));
#3748=CARTESIAN_POINT('Ctrl Pts',(20.000000000008,-11.5605449182119,-11.5592715434811));
#3749=CARTESIAN_POINT('Ctrl Pts',(20.000000000008,-11.3924199631881,-11.7199232257709));
#3750=CARTESIAN_POINT('Ctrl Pts',(20.000000000008,-11.2207975068354,-11.8770528314564));
#3751=CARTESIAN_POINT('Ctrl Pts',(20.000000000008,-11.1695314928619,-11.9239896294252));
#3752=CARTESIAN_POINT('Ctrl Pts',(20.000000000008,-11.117953366699,-11.9706120954423));
#3753=CARTESIAN_POINT('Ctrl Pts',(20.000000000008,-11.0660652057181,-12.0169161922025));
#3754=CARTESIAN_POINT('Ctrl Pts',(20.000000000008,-11.0405181452849,-12.0397139467553));
#3755=CARTESIAN_POINT('Ctrl Pts',(20.000000000008,-11.0148941668651,-12.0624360767995));
#3756=CARTESIAN_POINT('Ctrl Pts',(20.000000000008,-10.9891992849945,-12.0850770157805));
#3757=CARTESIAN_POINT('Ctrl Pts',(20.000000000008,-10.7187184038425,-12.3234101264967));
#3758=CARTESIAN_POINT('Ctrl Pts',(20.000000000008,-10.4408107884079,-12.5523755108918));
#3759=CARTESIAN_POINT('Ctrl Pts',(20.000000000008,-10.155886383423,-12.7715636775906));
#3760=CARTESIAN_POINT('Ctrl Pts',(20.000000000008,-9.97073377477189,-12.9139988643971));
#3761=CARTESIAN_POINT('Ctrl Pts',(20.000000000008,-9.78261725392588,-13.0523047000824));
#3762=CARTESIAN_POINT('Ctrl Pts',(20.000000000008,-9.59164074892764,-13.1863607009043));
#3763=CARTESIAN_POINT('Ctrl Pts',(20.000000000008,-9.29866697983307,-13.3920137042982));
#3764=CARTESIAN_POINT('Ctrl Pts',(20.000000000008,-8.99896387012607,-13.5876673423059));
#3765=CARTESIAN_POINT('Ctrl Pts',(20.000000000008,-8.69311669036399,-13.7731640803466));
#3766=CARTESIAN_POINT('Ctrl Pts',(20.000000000008,-8.38593927201992,-13.9594676099294));
#3767=CARTESIAN_POINT('Ctrl Pts',(20.000000000008,-8.07256368514819,-14.1355259253611));
#3768=CARTESIAN_POINT('Ctrl Pts',(20.000000000008,-7.75355627764977,-14.301133784578));
#3769=CARTESIAN_POINT('Ctrl Pts',(20.000000000008,-7.4350659230887,-14.4664732236015));
#3770=CARTESIAN_POINT('Ctrl Pts',(20.000000000008,-7.1109614331116,-14.6213962476516));
#3771=CARTESIAN_POINT('Ctrl Pts',(20.000000000008,-6.7817881961407,-14.7656501168214));
#3772=CARTESIAN_POINT('Ctrl Pts',(20.000000000008,-6.4550447692676,-14.9088391682338));
#3773=CARTESIAN_POINT('Ctrl Pts',(20.000000000008,-6.12330660241449,-15.0415161397861));
#3774=CARTESIAN_POINT('Ctrl Pts',(20.000000000008,-5.78709738184408,-15.1633835770148));
#3775=CARTESIAN_POINT('Ctrl Pts',(20.000000000008,-5.73472030279989,-15.1823689587418));
#3776=CARTESIAN_POINT('Ctrl Pts',(20.000000000008,-5.68223470306182,-15.2010918944944));
#3777=CARTESIAN_POINT('Ctrl Pts',(20.000000000008,-5.6296425544985,-15.2195511450495));
#3778=CARTESIAN_POINT('Ctrl Pts',(20.000000000008,-5.58270841017055,-15.2360244999781));
#3779=CARTESIAN_POINT('Ctrl Pts',(20.000000000008,-5.5356838753347,-15.2522896887319));
#3780=CARTESIAN_POINT('Ctrl Pts',(20.000000000008,-5.48860188912425,-15.2683352129481));
#3781=CARTESIAN_POINT('Ctrl Pts',(20.000000000008,-5.14921826255097,-15.3839970326174));
#3782=CARTESIAN_POINT('Ctrl Pts',(20.000000000008,-4.80659512996295,-15.4883416980019));
#3783=CARTESIAN_POINT('Ctrl Pts',(20.000000000008,-4.46130904831123,-15.5812223873617));
#3784=CARTESIAN_POINT('Ctrl Pts',(20.000000000008,-4.11546643598474,-15.6742527814315));
#3785=CARTESIAN_POINT('Ctrl Pts',(20.000000000008,-3.76695172795297,-15.7557824096475));
#3786=CARTESIAN_POINT('Ctrl Pts',(20.000000000008,-3.41632396775053,-15.8256155908393));
#3787=CARTESIAN_POINT('Ctrl Pts',(20.000000000008,-3.0674988767566,-15.8950897413445));
#3788=CARTESIAN_POINT('Ctrl Pts',(20.000000000008,-2.71658185107966,-15.952987547904));
#3789=CARTESIAN_POINT('Ctrl Pts',(20.000000000008,-2.36411159825163,-15.9990662700588));
#3790=CARTESIAN_POINT('Ctrl Pts',(20.000000000008,-2.27236069942597,-16.0110609395111));
#3791=CARTESIAN_POINT('Ctrl Pts',(20.000000000008,-2.18050451566672,-16.0222544723676));
#3792=CARTESIAN_POINT('Ctrl Pts',(20.000000000008,-2.08855248860894,-16.0326420076355));
#3793=CARTESIAN_POINT('Ctrl Pts',(20.000000000008,-1.73343454148618,-16.0727585805707));
#3794=CARTESIAN_POINT('Ctrl Pts',(20.000000000008,-1.37688690238571,-16.1008577730281));
#3795=CARTESIAN_POINT('Ctrl Pts',(20.000000000008,-1.01950001629028,-16.1170159221585));
#3796=CARTESIAN_POINT('Ctrl Pts',(20.000000000008,-0.729697753502188,-16.1301184403612));
#3797=CARTESIAN_POINT('Ctrl Pts',(20.000000000008,-0.439343490710573,-16.1353681623668));
#3798=CARTESIAN_POINT('Ctrl Pts',(20.000000000008,-0.148755381926996,-16.1327808477898));
#3799=CARTESIAN_POINT('Ctrl Pts',(20.000000000008,0.105509213258634,-16.1305169475349));
#3800=CARTESIAN_POINT('Ctrl Pts',(20.000000000008,0.359952884933499,-16.1222524724648));
#3801=CARTESIAN_POINT('Ctrl Pts',(20.000000000008,0.614358619855276,-16.1079842053144));
#3802=CARTESIAN_POINT('Ctrl Pts',(20.000000000008,0.648140758987765,-16.106089544464));
#3803=CARTESIAN_POINT('Ctrl Pts',(20.000000000008,0.681920410580547,-16.1040890788024));
#3804=CARTESIAN_POINT('Ctrl Pts',(20.000000000008,0.715685310045721,-16.1019836244452));
#3805=CARTESIAN_POINT('Ctrl Pts',(20.000000000008,1.06964562688856,-16.0799119670971));
#3806=CARTESIAN_POINT('Ctrl Pts',(20.000000000008,1.42234164215099,-16.0462873123539));
#3807=CARTESIAN_POINT('Ctrl Pts',(20.000000000008,1.77320495640195,-16.001275258813));
#3808=CARTESIAN_POINT('Ctrl Pts',(20.000000000008,2.12684768076225,-15.9559066363418));
#3809=CARTESIAN_POINT('Ctrl Pts',(20.000000000008,2.47862913018967,-15.898969448216));
#3810=CARTESIAN_POINT('Ctrl Pts',(20.000000000008,2.82796779189763,-15.8305804412201));
#3811=CARTESIAN_POINT('Ctrl Pts',(20.000000000008,3.17672200053557,-15.7623058508906));
#3812=CARTESIAN_POINT('Ctrl Pts',(20.000000000008,3.52304216225349,-15.6826176155881));
#3813=CARTESIAN_POINT('Ctrl Pts',(20.000000000008,3.86634152787254,-15.5915807250772));
#3814=CARTESIAN_POINT('Ctrl Pts',(20.000000000008,4.20569767967271,-15.5015895047907));
#3815=CARTESIAN_POINT('Ctrl Pts',(20.000000000008,4.54210255235435,-15.4005086610792));
#3816=CARTESIAN_POINT('Ctrl Pts',(20.000000000008,4.87497331511855,-15.2883532031811));
#3817=CARTESIAN_POINT('Ctrl Pts',(20.000000000008,5.18432293146731,-15.1841228178386));
#3818=CARTESIAN_POINT('Ctrl Pts',(20.000000000008,5.49062043055942,-15.0703271069712));
#3819=CARTESIAN_POINT('Ctrl Pts',(20.000000000008,5.79337943701078,-14.946942251535));
#3820=CARTESIAN_POINT('Ctrl Pts',(20.000000000008,5.94696606862462,-14.8843503420136));
#3821=CARTESIAN_POINT('Ctrl Pts',(20.000000000008,6.09964176117693,-14.8192901606648));
#3822=CARTESIAN_POINT('Ctrl Pts',(20.000000000008,6.25135504176542,-14.7517926040187));
#3823=CARTESIAN_POINT('Ctrl Pts',(20.000000000008,6.35017476011497,-14.7078275041199));
#3824=CARTESIAN_POINT('Ctrl Pts',(20.000000000008,6.44858612788036,-14.6628282647307));
#3825=CARTESIAN_POINT('Ctrl Pts',(20.000000000008,6.54657455315573,-14.6168029986872));
#3826=CARTESIAN_POINT('Ctrl Pts',(20.000000000008,6.58352358847449,-14.5994479980755));
#3827=CARTESIAN_POINT('Ctrl Pts',(20.000000000008,6.62041248424472,-14.5819471075789));
#3828=CARTESIAN_POINT('Ctrl Pts',(20.000000000008,6.65724044674918,-14.564300750251));
#3829=CARTESIAN_POINT('Ctrl Pts',(20.000000000008,6.69188154032585,-14.5477022453674));
#3830=CARTESIAN_POINT('Ctrl Pts',(20.000000000008,6.72646019067077,-14.5309791177256));
#3831=CARTESIAN_POINT('Ctrl Pts',(20.000000000008,6.76097355407351,-14.5141330265649));
#3832=CARTESIAN_POINT('Ctrl Pts',(20.000000000008,7.07852992234506,-14.3591326730457));
#3833=CARTESIAN_POINT('Ctrl Pts',(20.000000000008,7.39062423841336,-14.1936961963557));
#3834=CARTESIAN_POINT('Ctrl Pts',(20.000000000008,7.69681640785248,-14.0182331719583));
#3835=CARTESIAN_POINT('Ctrl Pts',(20.000000000008,8.00457077301611,-13.8418749333331));
#3836=CARTESIAN_POINT('Ctrl Pts',(20.000000000008,8.30636309740715,-13.6553872490988));
#3837=CARTESIAN_POINT('Ctrl Pts',(20.000000000008,8.60172206196383,-13.4591392721091));
#3838=CARTESIAN_POINT('Ctrl Pts',(20.000000000008,8.89682482969114,-13.2630615222514));
#3839=CARTESIAN_POINT('Ctrl Pts',(20.000000000008,9.18550585833643,-13.0572400413366));
#3840=CARTESIAN_POINT('Ctrl Pts',(20.000000000008,9.46726360814094,-12.8420017418449));
#3841=CARTESIAN_POINT('Ctrl Pts',(20.000000000008,9.59059600507277,-12.7477865679722));
#3842=CARTESIAN_POINT('Ctrl Pts',(20.000000000008,9.71260143226858,-12.6517666015784));
#3843=CARTESIAN_POINT('Ctrl Pts',(20.000000000008,9.83323557658493,-12.5539670391045));
#3844=CARTESIAN_POINT('Ctrl Pts',(20.000000000008,9.89580999229079,-12.5032372021021));
#3845=CARTESIAN_POINT('Ctrl Pts',(20.000000000008,9.95801542337782,-12.4520285214844));
#3846=CARTESIAN_POINT('Ctrl Pts',(20.000000000008,10.0198455250066,-12.4003443815411));
#3847=CARTESIAN_POINT('Ctrl Pts',(20.000000000008,10.0622844836699,-12.364869410276));
#3848=CARTESIAN_POINT('Ctrl Pts',(20.000000000008,10.1045466156455,-12.3291704397993));
#3849=CARTESIAN_POINT('Ctrl Pts',(20.000000000008,10.1466298379835,-12.293248540854));
#3850=CARTESIAN_POINT('Ctrl Pts',(20.000000000008,10.177935019433,-12.2665266906244));
#3851=CARTESIAN_POINT('Ctrl Pts',(20.000000000008,10.2091340076589,-12.2396876106614));
#3852=CARTESIAN_POINT('Ctrl Pts',(20.000000000008,10.2402250105556,-12.2127328401474));
#3853=CARTESIAN_POINT('Ctrl Pts',(20.000000000008,10.507667782787,-11.9808696681856));
#3854=CARTESIAN_POINT('Ctrl Pts',(20.000000000008,10.7671495018733,-11.7404269335872));
#3855=CARTESIAN_POINT('Ctrl Pts',(20.000000000008,11.0182057412742,-11.491769026282));
#3856=CARTESIAN_POINT('Ctrl Pts',(20.000000000008,11.2678077027895,-11.244551504193));
#3857=CARTESIAN_POINT('Ctrl Pts',(20.000000000008,11.5090819318471,-10.9892133161149));
#3858=CARTESIAN_POINT('Ctrl Pts',(20.000000000008,11.7415371070503,-10.7260750622761));
#3859=CARTESIAN_POINT('Ctrl Pts',(20.000000000008,11.8767163391294,-10.5730527557026));
#3860=CARTESIAN_POINT('Ctrl Pts',(20.000000000008,12.0089125034991,-10.417391992384));
#3861=CARTESIAN_POINT('Ctrl Pts',(20.000000000008,12.1380226433132,-10.2591507219877));
#3862=CARTESIAN_POINT('Ctrl Pts',(20.000000000008,12.3612995072371,-9.98549588241989));
#3863=CARTESIAN_POINT('Ctrl Pts',(20.000000000008,12.5753497034736,-9.70412482834253));
#3864=CARTESIAN_POINT('Ctrl Pts',(20.000000000008,12.7799053504733,-9.41556884028591));
#3865=CARTESIAN_POINT('Ctrl Pts',(20.000000000008,12.8272803846328,-9.34873934918355));
#3866=CARTESIAN_POINT('Ctrl Pts',(20.000000000008,12.8741459488852,-9.28152437054344));
#3867=CARTESIAN_POINT('Ctrl Pts',(20.000000000008,12.9204983532178,-9.21393033760099));
#3868=CARTESIAN_POINT('Ctrl Pts',(10.8204440662901,2.86538069349529E-5,
-16.4405896739787));
#3869=CARTESIAN_POINT('Ctrl Pts',(10.8339855446848,-1.39923209105827,-16.4405048519712));
#3870=CARTESIAN_POINT('Ctrl Pts',(10.8475270230795,-2.79851386338412,-16.2637728013907));
#3871=CARTESIAN_POINT('Ctrl Pts',(10.8610685014742,-4.15176804122824,-15.9106510146901));
#3872=CARTESIAN_POINT('Ctrl Pts',(10.8875581579917,-6.79898552421359,-15.2198789611604));
#3873=CARTESIAN_POINT('Ctrl Pts',(10.9140478145092,-9.27007080311528,-13.8541224043036));
#3874=CARTESIAN_POINT('Ctrl Pts',(10.9405374710267,-11.2633270057554,-11.9801276594996));
#3875=CARTESIAN_POINT('Ctrl Pts',(10.9670271275442,-13.2565832083957,-10.1061329146956));
#3876=CARTESIAN_POINT('Ctrl Pts',(10.9935167840617,-14.7720103347743,-7.72389998194431));
#3877=CARTESIAN_POINT('Ctrl Pts',(11.0200064405791,-15.6245887244787,-5.12427758150015));
#3878=CARTESIAN_POINT('Ctrl Pts',(11.0464960970966,-16.4771671141831,-2.52465518105605));
#3879=CARTESIAN_POINT('Ctrl Pts',(11.0729857536141,-16.6668967672134,0.292356687080942));
#3880=CARTESIAN_POINT('Ctrl Pts',(11.0994754101316,-16.1706134134362,2.98282679054006));
#3881=CARTESIAN_POINT('Ctrl Pts',(11.1259650666491,-15.674330059659,5.67329689399918));
#3882=CARTESIAN_POINT('Ctrl Pts',(11.1524547231666,-14.4920336990744,8.23722523278042));
#3883=CARTESIAN_POINT('Ctrl Pts',(11.1789443796841,-12.7680718523884,10.3615797471543));
#3884=CARTESIAN_POINT('Ctrl Pts',(11.2054340362015,-11.0441100057024,12.4859342615281));
#3885=CARTESIAN_POINT('Ctrl Pts',(11.231923692719,-8.77848267291504,14.1707149514946));
#3886=CARTESIAN_POINT('Ctrl Pts',(11.2584133492365,-6.24780209958999,15.2102255954135));
#3887=CARTESIAN_POINT('Ctrl Pts',(11.284903005754,-3.71712152626493,16.2497362393325));
#3888=CARTESIAN_POINT('Ctrl Pts',(11.3113926622715,-0.921387712402171,16.6439768372039));
#3889=CARTESIAN_POINT('Ctrl Pts',(11.337882318789,1.79806596234232,16.3448142394777));
#3890=CARTESIAN_POINT('Ctrl Pts',(11.3643719753065,4.51751963708689,16.0456516417514));
#3891=CARTESIAN_POINT('Ctrl Pts',(11.390861631824,7.16069317271318,15.0530858484274));
#3892=CARTESIAN_POINT('Ctrl Pts',(11.4173512883415,9.40487940105808,13.4883000105669));
#3893=CARTESIAN_POINT('Ctrl Pts',(11.4438409448589,11.6490656294029,11.9235141727063));
#3894=CARTESIAN_POINT('Ctrl Pts',(11.4703306013764,13.4942645504664,9.78650829030927));
#3895=CARTESIAN_POINT('Ctrl Pts',(11.4968202578939,14.7151943520225,7.33819111993246));
#3896=CARTESIAN_POINT('Ctrl Pts',(11.5233099144114,15.9361241535787,4.88987394955559));
#3897=CARTESIAN_POINT('Ctrl Pts',(11.5497995709289,16.5327848356275,2.13024549119896));
#3898=CARTESIAN_POINT('Ctrl Pts',(11.5762892274464,16.4323296189906,-0.603769010637239));
#3899=CARTESIAN_POINT('Ctrl Pts',(11.6027788839639,16.3318744023537,-3.33778351247332));
#3900=CARTESIAN_POINT('Ctrl Pts',(11.6292685404814,15.5343032870311,-6.04618405778897));
#3901=CARTESIAN_POINT('Ctrl Pts',(11.6557581969989,14.1369923678326,-8.39829985889772));
#3902=CARTESIAN_POINT('Ctrl Pts',(11.6822478535164,12.7396814486341,-10.7504156600065));
#3903=CARTESIAN_POINT('Ctrl Pts',(11.7087375100339,10.7426307255596,-12.7462467169084));
#3904=CARTESIAN_POINT('Ctrl Pts',(11.7352271665513,8.38966171795379,-14.1421204204064));
#3905=CARTESIAN_POINT('Ctrl Pts',(11.7617168230688,6.03669271034799,-15.5379941239043));
#3906=CARTESIAN_POINT('Ctrl Pts',(11.7882064795863,3.32780541821087,-16.3339104739983));
#3907=CARTESIAN_POINT('Ctrl Pts',(11.8146961361038,0.593730056460579,-16.4326954072463));
#3908=CARTESIAN_POINT('Ctrl Pts',(11.8166121128326,0.395976462928572,-16.4398404464101));
#3909=CARTESIAN_POINT('Ctrl Pts',(11.8185280895613,0.19809109753216,-16.4433384293309));
#3910=CARTESIAN_POINT('Ctrl Pts',(11.8204440662901,0.000201433155263553,
-16.4432169985131));
#3911=CARTESIAN_POINT('Ctrl Pts',(20.000000000008,12.9202241036363,9.21330753173454));
#3912=CARTESIAN_POINT('Ctrl Pts',(19.9735103434905,11.3867665360336,11.3637421458621));
#3913=CARTESIAN_POINT('Ctrl Pts',(19.9205310304556,7.22692178956419,14.8819596107873));
#3914=CARTESIAN_POINT('Ctrl Pts',(19.8410620609031,-0.782691638432171,16.5248507743659));
#3915=CARTESIAN_POINT('Ctrl Pts',(19.7615930913507,-8.59899936346697,14.1328269598324));
#3916=CARTESIAN_POINT('Ctrl Pts',(19.6821241217981,-14.3166681169332,8.2897621186478));
#3917=CARTESIAN_POINT('Ctrl Pts',(19.6026551522457,-16.537920153679,0.42252200489063));
#3918=CARTESIAN_POINT('Ctrl Pts',(19.5231861826932,-14.7211985306387,-7.54790658708383));
#3919=CARTESIAN_POINT('Ctrl Pts',(19.4437172131408,-9.30968616759739,-13.6752668744861));
#3920=CARTESIAN_POINT('Ctrl Pts',(19.3642482435883,-1.62499423829691,-16.4633829516462));
#3921=CARTESIAN_POINT('Ctrl Pts',(19.2847792740358,6.45652966164926,-15.2314416384249));
#3922=CARTESIAN_POINT('Ctrl Pts',(19.2053103044834,12.9614681536526,-10.2802636945884));
#3923=CARTESIAN_POINT('Ctrl Pts',(19.1258413349309,16.3014647391249,-2.81883393951093));
#3924=CARTESIAN_POINT('Ctrl Pts',(19.0463723653784,15.6609384061061,5.33090289240157));
#3925=CARTESIAN_POINT('Ctrl Pts',(18.9669033958259,11.1963017645497,12.1789314878272));
#3926=CARTESIAN_POINT('Ctrl Pts',(18.8874344262735,3.99773288523553,16.0530890413159));
#3927=CARTESIAN_POINT('Ctrl Pts',(18.807965456721,-4.17700809634814,16.0073776879137));
#3928=CARTESIAN_POINT('Ctrl Pts',(18.7284964871685,-11.3318009251919,12.0529592370716));
#3929=CARTESIAN_POINT('Ctrl Pts',(18.6490275176161,-15.7195763005857,5.15542994025391));
#3930=CARTESIAN_POINT('Ctrl Pts',(18.5695585480636,-16.2689204981697,-3.00096048742496));
#3931=CARTESIAN_POINT('Ctrl Pts',(18.4900895785111,-12.8456936285732,-10.4245715824974));
#3932=CARTESIAN_POINT('Ctrl Pts',(18.4106206089587,-6.2857847763417,-15.3026941232197));
#3933=CARTESIAN_POINT('Ctrl Pts',(18.3311516394062,1.80899706527988,-16.4441803462385));
#3934=CARTESIAN_POINT('Ctrl Pts',(18.2516826698537,9.46205510460049,-13.5703003217497));
#3935=CARTESIAN_POINT('Ctrl Pts',(18.1722137003013,14.8046534039805,-7.38280266830522));
#3936=CARTESIAN_POINT('Ctrl Pts',(18.0927447307488,16.532227763738,0.607439544206282));
#3937=CARTESIAN_POINT('Ctrl Pts',(18.0132757611963,14.2229363173318,8.44935619769189));
#3938=CARTESIAN_POINT('Ctrl Pts',(17.9338067916439,8.44066554086774,14.2280955459701));
#3939=CARTESIAN_POINT('Ctrl Pts',(17.8543378220914,0.597339557940576,16.5325957759727));
#3940=CARTESIAN_POINT('Ctrl Pts',(17.7748688525389,-7.39184575339384,14.8001403370822));
#3941=CARTESIAN_POINT('Ctrl Pts',(17.6953998829864,-13.5760783505207,9.45376296822712));
#3942=CARTESIAN_POINT('Ctrl Pts',(17.615930913434,-16.4452824306201,1.79895064311522));
#3943=CARTESIAN_POINT('Ctrl Pts',(17.5364619438815,-15.2988511540819,-6.29513232619326));
#3944=CARTESIAN_POINT('Ctrl Pts',(17.4569929743291,-10.4167219429501,-12.8520598194369));
#3945=CARTESIAN_POINT('Ctrl Pts',(17.3775240047766,-2.9910209135327,-16.270750798101));
#3946=CARTESIAN_POINT('Ctrl Pts',(17.2980550352241,5.16503238459212,-15.7164238332138));
#3947=CARTESIAN_POINT('Ctrl Pts',(17.2185860656716,12.0598798171963,-11.324435369319));
#3948=CARTESIAN_POINT('Ctrl Pts',(17.1391170961192,16.0099265147049,-4.16722817144028));
#3949=CARTESIAN_POINT('Ctrl Pts',(17.0596481265667,16.0506437591878,4.0075394639038));
#3950=CARTESIAN_POINT('Ctrl Pts',(16.9801791570142,12.1720891487879,11.203739705699));
#3951=CARTESIAN_POINT('Ctrl Pts',(16.9007101874618,5.32133434930493,15.6641928736213));
#3952=CARTESIAN_POINT('Ctrl Pts',(16.8212412179093,-2.82879237933906,16.2997383817561));
#3953=CARTESIAN_POINT('Ctrl Pts',(16.7417722483568,-10.2881800621236,12.9551877118173));
#3954=CARTESIAN_POINT('Ctrl Pts',(16.6623032788044,-15.2353834885999,6.44721859365693));
#3955=CARTESIAN_POINT('Ctrl Pts',(16.5828343092519,-16.4623866165037,-1.63504266851354));
#3956=CARTESIAN_POINT('Ctrl Pts',(16.5033653396995,-13.6695778603311,-9.31805659778076));
#3957=CARTESIAN_POINT('Ctrl Pts',(16.4238963701469,-7.53890972730612,-14.7257725692959));
#3958=CARTESIAN_POINT('Ctrl Pts',(16.3444274005945,0.432621436138891,-16.5377258512799));
#3959=CARTESIAN_POINT('Ctrl Pts',(16.264958431042,8.29851440563243,-14.3114707943876));
#3960=CARTESIAN_POINT('Ctrl Pts',(16.1854894614896,14.1380628598965,-8.59061791774687));
#3961=CARTESIAN_POINT('Ctrl Pts',(16.1060204919371,16.5253565211007,-0.772094223273481));
#3962=CARTESIAN_POINT('Ctrl Pts',(16.0265515223846,14.8774622062479,7.23496067306279));
#3963=CARTESIAN_POINT('Ctrl Pts',(15.9470825528322,9.5967653837916,13.4753713049978));
#3964=CARTESIAN_POINT('Ctrl Pts',(15.8676135832796,1.97271504661568,16.4253442272591));
#3965=CARTESIAN_POINT('Ctrl Pts',(15.7881446137272,-6.13303600461904,15.3645503352733));
#3966=CARTESIAN_POINT('Ctrl Pts',(15.7086756441748,-12.7412125187499,10.5520159775822));
#3967=CARTESIAN_POINT('Ctrl Pts',(15.6292066746223,-16.2382193894059,3.16287348792538));
#3968=CARTESIAN_POINT('Ctrl Pts',(15.5497377050698,-15.7701518878968,-4.99858450681419));
#3969=CARTESIAN_POINT('Ctrl Pts',(15.4702687355174,-11.4513034850873,-11.9394801449446));
#3970=CARTESIAN_POINT('Ctrl Pts',(15.3907997659649,-4.33625748894888,-15.9649744324454));
#3971=CARTESIAN_POINT('Ctrl Pts',(15.3113307964124,3.83762279364821,-16.0921157382356));
#3972=CARTESIAN_POINT('Ctrl Pts',(15.23186182686,11.0744262069022,-12.289858494994));
#3973=CARTESIAN_POINT('Ctrl Pts',(15.1523928573075,15.6070585231657,-5.48664395542298));
#3974=CARTESIAN_POINT('Ctrl Pts',(15.072923887755,16.3287343366825,2.65630807722783));
#3975=CARTESIAN_POINT('Ctrl Pts',(14.9934549182025,13.0632336934929,10.1506385566767));
#3976=CARTESIAN_POINT('Ctrl Pts',(14.91398594865,6.60793176153238,15.1663698845185));
#3977=CARTESIAN_POINT('Ctrl Pts',(14.8345169790976,-1.46090551271827,16.4787527659714));
#3978=CARTESIAN_POINT('Ctrl Pts',(14.7550480095451,-9.17301654317813,13.7673274508047));
#3979=CARTESIAN_POINT('Ctrl Pts',(14.6755790399926,-14.6452457283088,7.69417410750179));
#3980=CARTESIAN_POINT('Ctrl Pts',(14.5961100704402,-16.5413753966869,-0.257754970813992));
#3981=CARTESIAN_POINT('Ctrl Pts',(14.5166411008877,-14.3984055743563,-8.14674502825776));
#3982=CARTESIAN_POINT('Ctrl Pts',(14.4371721313353,-8.73961005871324,-14.0464498596883));
#3983=CARTESIAN_POINT('Ctrl Pts',(14.3577031617828,-0.946762586047779,-16.5162701069206));
#3984=CARTESIAN_POINT('Ctrl Pts',(14.2782341922303,7.0772668885626,-14.9531211132377));
#3985=CARTESIAN_POINT('Ctrl Pts',(14.1987652226778,13.3731580191917,-9.7386950990791));
#3986=CARTESIAN_POINT('Ctrl Pts',(14.1192962531254,16.4035700436938,-2.1462589454048));
#3987=CARTESIAN_POINT('Ctrl Pts',(14.0398272835729,15.4285321089042,5.97025414899649));
#3988=CARTESIAN_POINT('Ctrl Pts',(13.9603583140204,10.6861305366303,12.6289410400555));
#3989=CARTESIAN_POINT('Ctrl Pts',(13.880889344468,3.33437252493986,16.2038729168068));
#3990=CARTESIAN_POINT('Ctrl Pts',(13.8014203749155,-4.83157790088414,15.8221171979855));
#3991=CARTESIAN_POINT('Ctrl Pts',(13.721951405363,-11.817745910145,11.5768916053641));
#3992=CARTESIAN_POINT('Ctrl Pts',(13.6424824358106,-15.9182378288583,4.50480211141433));
#3993=CARTESIAN_POINT('Ctrl Pts',(13.5630134662581,-16.1317889844474,-3.66727716437669));
#3994=CARTESIAN_POINT('Ctrl Pts',(13.4835444967057,-12.4062541143152,-10.9438748389287));
#3995=CARTESIAN_POINT('Ctrl Pts',(13.4040755271532,-5.65134027943435,-15.5481796582475));
#3996=CARTESIAN_POINT('Ctrl Pts',(13.3246065576007,2.48352686023987,-16.3559051101908));
#3997=CARTESIAN_POINT('Ctrl Pts',(13.2451375880482,10.0119624405187,-13.1698195025118));
#3998=CARTESIAN_POINT('Ctrl Pts',(13.1656686184958,15.0956610249494,-6.76790631280633));
#3999=CARTESIAN_POINT('Ctrl Pts',(13.0861996489433,16.4932769653698,1.28660506088664));
#4000=CARTESIAN_POINT('Ctrl Pts',(13.0067306793908,13.8635381669405,9.02695115378854));
#4001=CARTESIAN_POINT('Ctrl Pts',(12.9272617098383,7.84857845388716,14.5630818816718));
#4002=CARTESIAN_POINT('Ctrl Pts',(12.8477927402859,-0.0828596943410448,
16.5431759922378));
#4003=CARTESIAN_POINT('Ctrl Pts',(12.7683237707334,-7.99406502992902,14.4837309397947));
#4004=CARTESIAN_POINT('Ctrl Pts',(12.6888548011809,-13.9532667856002,8.88762530988809));
#4005=CARTESIAN_POINT('Ctrl Pts',(12.6093858316285,-16.5053375490852,1.1213251222806));
#4006=CARTESIAN_POINT('Ctrl Pts',(12.529916862076,-15.0271086011061,-6.9187820264596));
#4007=CARTESIAN_POINT('Ctrl Pts',(12.4504478925236,-9.87953624957274,-13.2694499182325));
#4008=CARTESIAN_POINT('Ctrl Pts',(12.3709789229711,-2.31956294121871,-16.379962313779));
#4009=CARTESIAN_POINT('Ctrl Pts',(12.2915099534186,5.80680495463743,-15.4907893232686));
#4010=CARTESIAN_POINT('Ctrl Pts',(12.2120409838662,12.5152579327545,-10.8190506291332));
#4011=CARTESIAN_POINT('Ctrl Pts',(12.1325720143137,16.1677152194568,-3.5054988548819));
#4012=CARTESIAN_POINT('Ctrl Pts',(12.0531030447612,15.8723139549429,4.66403123434589));
#4013=CARTESIAN_POINT('Ctrl Pts',(11.9736340752087,11.7011856922439,11.6946907199175));
#4014=CARTESIAN_POINT('Ctrl Pts',(11.8941651056563,4.67284319939318,15.8697219280358));
#4015=CARTESIAN_POINT('Ctrl Pts',(11.8146961361038,-3.49652161688841,16.1696590632524));
#4016=CARTESIAN_POINT('Ctrl Pts',(11.7352271665513,-10.8121001943982,12.5212629963731));
#4017=CARTESIAN_POINT('Ctrl Pts',(11.6557581969989,-15.4875628602956,5.81540491201963));
#4018=CARTESIAN_POINT('Ctrl Pts',(11.5762892274464,-16.3812476649923,-2.31046804136304));
#4019=CARTESIAN_POINT('Ctrl Pts',(11.4968202578939,-13.2749332254189,-9.87216721453779));
#4020=CARTESIAN_POINT('Ctrl Pts',(11.4173512883415,-6.9271243651499,-15.0232648134393));
#4021=CARTESIAN_POINT('Ctrl Pts',(11.337882318789,1.11216079427271,-16.505957591412));
#4022=CARTESIAN_POINT('Ctrl Pts',(11.2584133492365,8.8798767594684,-13.9581992542006));
#4023=CARTESIAN_POINT('Ctrl Pts',(11.1789443796841,14.4792902074709,-8.00210550827807));
#4024=CARTESIAN_POINT('Ctrl Pts',(11.0994754101316,16.5431274482731,-0.0920448425758764));
#4025=CARTESIAN_POINT('Ctrl Pts',(11.0200064405791,14.567437330682,7.84049147410145));
#4026=CARTESIAN_POINT('Ctrl Pts',(10.9405374710266,9.03464717047489,13.8585240586333));
#4027=CARTESIAN_POINT('Ctrl Pts',(10.8610685014742,1.29576223433855,16.4925600593884));
#4028=CARTESIAN_POINT('Ctrl Pts',(10.7815995319217,-6.75952363537282,15.0994164196152));
#4029=CARTESIAN_POINT('Ctrl Pts',(10.7021305623692,-13.1642589180909,10.0192730537456));
#4030=CARTESIAN_POINT('Ctrl Pts',(10.6226615928168,-16.3545230463346,2.49260773788764));
#4031=CARTESIAN_POINT('Ctrl Pts',(10.5431926232643,-15.5513162452791,-5.64270683792697));
#4032=CARTESIAN_POINT('Ctrl Pts',(10.4637236537119,-10.9507590123316,-12.4001756190088));
#4033=CARTESIAN_POINT('Ctrl Pts',(10.3842546841594,-3.67623799115136,-16.1297508935791));
#4034=CARTESIAN_POINT('Ctrl Pts',(10.3047857146069,4.49597226659368,-15.9207354687236));
#4035=CARTESIAN_POINT('Ctrl Pts',(10.2253167450545,11.5703107551661,-11.8241739523934));
#4036=CARTESIAN_POINT('Ctrl Pts',(10.145847775502,15.8194663495295,-4.84035788366174));
#4037=CARTESIAN_POINT('Ctrl Pts',(10.0663788059495,16.2056551936928,3.32536728756658));
#4038=CARTESIAN_POINT('Ctrl Pts',(9.98690983639702,12.6350018486621,10.679132466567));
#4039=CARTESIAN_POINT('Ctrl Pts',(9.90744086684456,5.97856667361425,15.4251848759948));
#4040=CARTESIAN_POINT('Ctrl Pts',(9.82797189729208,-2.13665145899116,16.4048169712047));
#4041=CARTESIAN_POINT('Ctrl Pts',(9.74850292773962,-9.73231762465481,13.37845708826));
#4042=CARTESIAN_POINT('Ctrl Pts',(9.69552361470465,-13.2083408566058,9.18329023387017));
#4043=CARTESIAN_POINT('Ctrl Pts',(9.66903395818716,-14.3395665327162,6.79662108818098));
#4044=CARTESIAN_POINT('Ctrl Pts',(20.1103220139457,13.0758028032274,9.3242494467681));
#4045=CARTESIAN_POINT('Ctrl Pts',(20.0838323574282,11.5238801275637,11.5005784895169));
#4046=CARTESIAN_POINT('Ctrl Pts',(20.0308530443932,7.31394466819605,15.0611605213165));
#4047=CARTESIAN_POINT('Ctrl Pts',(19.9513840748407,-0.792116408955596,16.7238345360864));
#4048=CARTESIAN_POINT('Ctrl Pts',(19.8719151052883,-8.70254409520087,14.3030071999212));
#4049=CARTESIAN_POINT('Ctrl Pts',(19.7924461357358,-14.4890620777689,8.38958317438134));
#4050=CARTESIAN_POINT('Ctrl Pts',(19.7129771661833,-16.7370612901494,0.427609797760355));
#4051=CARTESIAN_POINT('Ctrl Pts',(19.6335081966309,-14.898463638848,-7.63879459970919));
#4052=CARTESIAN_POINT('Ctrl Pts',(19.5540392270784,-9.42178862463982,-13.8399374111446));
#4053=CARTESIAN_POINT('Ctrl Pts',(19.4745702575259,-1.64456158391023,-16.6616265494308));
#4054=CARTESIAN_POINT('Ctrl Pts',(19.3951012879735,6.53427587414321,-15.4148508319494));
#4055=CARTESIAN_POINT('Ctrl Pts',(19.315632318421,13.1175434929008,-10.404053347479));
#4056=CARTESIAN_POINT('Ctrl Pts',(19.2361633488685,16.497758600996,-2.85277688935102));
#4057=CARTESIAN_POINT('Ctrl Pts',(19.1566943793161,15.8495193790099,5.39509488574422));
#4058=CARTESIAN_POINT('Ctrl Pts',(19.0772254097636,11.331121877172,12.3255839226524));
#4059=CARTESIAN_POINT('Ctrl Pts',(18.9977564402111,4.04587153040212,16.246392090662));
#4060=CARTESIAN_POINT('Ctrl Pts',(18.9182874706586,-4.22730548148625,16.2001303046309));
#4061=CARTESIAN_POINT('Ctrl Pts',(18.8388185011062,-11.4682526490803,12.1980947787841));
#4062=CARTESIAN_POINT('Ctrl Pts',(18.7593495315537,-15.9088633608837,5.2175089784737));
#4063=CARTESIAN_POINT('Ctrl Pts',(18.6798805620013,-16.4648224790141,-3.03709651156918));
#4064=CARTESIAN_POINT('Ctrl Pts',(18.6004115924488,-13.0003748704811,-10.5500989168215));
#4065=CARTESIAN_POINT('Ctrl Pts',(18.5209426228963,-6.36147496666414,-15.486961302553));
#4066=CARTESIAN_POINT('Ctrl Pts',(18.4414736533439,1.83078007838574,-16.642192716116));
#4067=CARTESIAN_POINT('Ctrl Pts',(18.3620046837914,9.57599231008742,-13.7337069051173));
#4068=CARTESIAN_POINT('Ctrl Pts',(18.2825357142389,14.9829234328913,-7.4717025843794));
#4069=CARTESIAN_POINT('Ctrl Pts',(18.2030667446865,16.7313003553738,0.614754019064429));
#4070=CARTESIAN_POINT('Ctrl Pts',(18.123597775134,14.3942016080008,8.55109900331775));
#4071=CARTESIAN_POINT('Ctrl Pts',(18.0441288055815,8.54230369806985,14.3994229614193));
#4072=CARTESIAN_POINT('Ctrl Pts',(17.964659836029,0.604532413954011,16.7316727990227));
#4073=CARTESIAN_POINT('Ctrl Pts',(17.8851908664765,-7.48085456165182,14.9783560219604));
#4074=CARTESIAN_POINT('Ctrl Pts',(17.8057218969241,-13.7395545099417,9.56760032406877));
#4075=CARTESIAN_POINT('Ctrl Pts',(17.7262529273716,-16.6433080712314,1.82061268236777));
#4076=CARTESIAN_POINT('Ctrl Pts',(17.6467839578192,-15.4830720583555,-6.37093507490777));
#4077=CARTESIAN_POINT('Ctrl Pts',(17.5673149882667,-10.5421547559483,-13.0068177197439));
#4078=CARTESIAN_POINT('Ctrl Pts',(17.4878460187142,-3.0270372504356,-16.4666748184767));
#4079=CARTESIAN_POINT('Ctrl Pts',(17.4083770491618,5.2272270505124,-15.9056729331196));
#4080=CARTESIAN_POINT('Ctrl Pts',(17.3289080796093,12.2050986929785,-11.4607984009685));
#4081=CARTESIAN_POINT('Ctrl Pts',(17.2494391100568,16.2027098230847,-4.21740779174809));
#4082=CARTESIAN_POINT('Ctrl Pts',(17.1699701405043,16.243917363703,4.05579619485157));
#4083=CARTESIAN_POINT('Ctrl Pts',(17.0905011709519,12.3186591916824,11.3386493821867));
#4084=CARTESIAN_POINT('Ctrl Pts',(17.0110322013994,5.38541112316844,15.8528130351505));
#4085=CARTESIAN_POINT('Ctrl Pts',(16.9315632318469,-2.86285524359439,16.4960114557189));
#4086=CARTESIAN_POINT('Ctrl Pts',(16.8520942622945,-10.4120650398443,13.111187425212));
#4087=CARTESIAN_POINT('Ctrl Pts',(16.772625292742,-15.4188401478587,6.52485268705465));
#4088=CARTESIAN_POINT('Ctrl Pts',(16.6931563231895,-16.6606182169324,-1.65473101216013));
#4089=CARTESIAN_POINT('Ctrl Pts',(16.6136873536371,-13.8341798928044,-9.43025984724227));
#4090=CARTESIAN_POINT('Ctrl Pts',(16.5342183840846,-7.62968940436908,-14.9030927557283));
#4091=CARTESIAN_POINT('Ctrl Pts',(16.4547494145322,0.437830841170072,-16.7368646480607));
#4092=CARTESIAN_POINT('Ctrl Pts',(16.3752804449797,8.39844085190847,-14.4838021717358));
#4093=CARTESIAN_POINT('Ctrl Pts',(16.2958114754272,14.3083061480033,-8.69406172441824));
#4094=CARTESIAN_POINT('Ctrl Pts',(16.2163425058747,16.7243463727635,-0.781391385169067));
#4095=CARTESIAN_POINT('Ctrl Pts',(16.1368735363222,15.0566089613427,7.32208035179894));
#4096=CARTESIAN_POINT('Ctrl Pts',(16.0574045667698,9.71232470123961,13.637634801925));
#4097=CARTESIAN_POINT('Ctrl Pts',(15.9779355972173,1.99646946752623,16.6231297822708));
#4098=CARTESIAN_POINT('Ctrl Pts',(15.8984666276649,-6.20688687272243,15.5495623553273));
#4099=CARTESIAN_POINT('Ctrl Pts',(15.8189976581124,-12.894635652821,10.6790779318245));
#4100=CARTESIAN_POINT('Ctrl Pts',(15.7395286885599,-16.4337516832744,3.20095918522256));
#4101=CARTESIAN_POINT('Ctrl Pts',(15.6600597190075,-15.9600479534289,-5.05877489291959));
#4102=CARTESIAN_POINT('Ctrl Pts',(15.580590749455,-11.5891941973956,-12.083249229741));
#4103=CARTESIAN_POINT('Ctrl Pts',(15.5011217799025,-4.3884724734423,-16.1572164509492));
#4104=CARTESIAN_POINT('Ctrl Pts',(15.4216528103501,3.88383347536453,-16.2858887270121));
#4105=CARTESIAN_POINT('Ctrl Pts',(15.3421838407976,11.2077787566852,-12.4378466558396));
#4106=CARTESIAN_POINT('Ctrl Pts',(15.2627148712451,15.7949907022053,-5.55271130261893));
#4107=CARTESIAN_POINT('Ctrl Pts',(15.1832459016927,16.5253565650349,2.68829397414831));
#4108=CARTESIAN_POINT('Ctrl Pts',(15.1037769321402,13.2205344410795,10.2728673302645));
#4109=CARTESIAN_POINT('Ctrl Pts',(15.0243079625877,6.6875010803151,15.3489955174197));
#4110=CARTESIAN_POINT('Ctrl Pts',(14.9448389930352,-1.47849698621526,16.6771814391622));
#4111=CARTESIAN_POINT('Ctrl Pts',(14.8653700234828,-9.28347329483104,13.9331065336178));
#4112=CARTESIAN_POINT('Ctrl Pts',(14.7859010539303,-14.8215962519009,7.78682339844836));
#4113=CARTESIAN_POINT('Ctrl Pts',(14.7064320843779,-16.7405581394182,-0.260858723724967));
#4114=CARTESIAN_POINT('Ctrl Pts',(14.6269631148254,-14.5717837756534,-8.24484394567825));
#4115=CARTESIAN_POINT('Ctrl Pts',(14.5474941452729,-8.84484795218643,-14.215589991122));
#4116=CARTESIAN_POINT('Ctrl Pts',(14.4680251757204,-0.958163014614464,-16.7151505446529));
#4117=CARTESIAN_POINT('Ctrl Pts',(14.388556206168,7.16248769977686,-15.1331789140131));
#4118=CARTESIAN_POINT('Ctrl Pts',(14.3090872366155,13.5341907162535,-9.85596346122792));
#4119=CARTESIAN_POINT('Ctrl Pts',(14.229618267063,16.6010934051757,-2.17210309276894));
#4120=CARTESIAN_POINT('Ctrl Pts',(14.1501492975106,15.6143145645992,6.04214488164006));
#4121=CARTESIAN_POINT('Ctrl Pts',(14.0706803279581,10.8148074294778,12.7810122586709));
#4122=CARTESIAN_POINT('Ctrl Pts',(13.9912113584056,3.37452332551589,16.3989916281012));
#4123=CARTESIAN_POINT('Ctrl Pts',(13.9117423888532,-4.88975727925739,16.0126390030792));
#4124=CARTESIAN_POINT('Ctrl Pts',(13.8322734193007,-11.9600491338392,11.7162945852832));
#4125=CARTESIAN_POINT('Ctrl Pts',(13.7528044497482,-16.1099170691974,4.55904662364473));
#4126=CARTESIAN_POINT('Ctrl Pts',(13.6733354801957,-16.3260396980687,-3.71143663155754));
#4127=CARTESIAN_POINT('Ctrl Pts',(13.5938665106433,-12.5556438513987,-11.0756553562224));
#4128=CARTESIAN_POINT('Ctrl Pts',(13.5143975410908,-5.71939081513471,-15.7354028482507));
#4129=CARTESIAN_POINT('Ctrl Pts',(13.4349285715384,2.51343221452909,-16.5528545150361));
#4130=CARTESIAN_POINT('Ctrl Pts',(13.3554596019859,10.1325213475746,-13.3284037016415));
#4131=CARTESIAN_POINT('Ctrl Pts',(13.2759906324334,15.2774352180974,-6.84940196293245));
#4132=CARTESIAN_POINT('Ctrl Pts',(13.1965216628809,16.6918805315066,1.30209769790705));
#4133=CARTESIAN_POINT('Ctrl Pts',(13.1170526933285,14.0304757697594,9.1356490610782));
#4134=CARTESIAN_POINT('Ctrl Pts',(13.037583723776,7.94308700263216,14.7384430304426));
#4135=CARTESIAN_POINT('Ctrl Pts',(12.9581147542235,-0.0838574482027906,
16.7423804168155));
#4136=CARTESIAN_POINT('Ctrl Pts',(12.8786457846711,-8.09032545326432,14.6581365852979));
#4137=CARTESIAN_POINT('Ctrl Pts',(12.7991768151186,-14.121284854338,8.9946455269582));
#4138=CARTESIAN_POINT('Ctrl Pts',(12.7197078455661,-16.7040863425737,1.13482754320953));
#4139=CARTESIAN_POINT('Ctrl Pts',(12.6402388760137,-15.2080573211919,-7.00209444440194));
#4140=CARTESIAN_POINT('Ctrl Pts',(12.5607699064612,-9.9985005484845,-13.4292338156331));
#4141=CARTESIAN_POINT('Ctrl Pts',(12.4813009369087,-2.34749392624808,-16.5772014031081));
#4142=CARTESIAN_POINT('Ctrl Pts',(12.4018319673563,5.87672751607097,-15.6773214483481));
#4143=CARTESIAN_POINT('Ctrl Pts',(12.3223629978038,12.665960237808,-10.9493280774336));
#4144=CARTESIAN_POINT('Ctrl Pts',(12.2428940282513,16.3623985383394,-3.54771027078972));
#4145=CARTESIAN_POINT('Ctrl Pts',(12.1634250586989,16.0634402035903,4.72019310185464));
#4146=CARTESIAN_POINT('Ctrl Pts',(12.0839560891464,11.8420853576886,11.835512176243));
#4147=CARTESIAN_POINT('Ctrl Pts',(12.0044871195939,4.72911117605701,16.0608169648271));
#4148=CARTESIAN_POINT('Ctrl Pts',(11.9250181500414,-3.53862493350925,16.3643657889032));
#4149=CARTESIAN_POINT('Ctrl Pts',(11.845549180489,-10.942293949135,12.6720376113169));
#4150=CARTESIAN_POINT('Ctrl Pts',(11.7660802109365,-15.6740561339659,5.8854310297209));
#4151=CARTESIAN_POINT('Ctrl Pts',(11.6866112413841,-16.5785022318602,-2.33828951028174));
#4152=CARTESIAN_POINT('Ctrl Pts',(11.6071422718316,-13.4347831499871,-9.99104277931623));
#4153=CARTESIAN_POINT('Ctrl Pts',(11.5276733022791,-7.01053723724804,-15.2041672486091));
#4154=CARTESIAN_POINT('Ctrl Pts',(11.4482043327267,1.12555286307284,-16.7047138511316));
#4155=CARTESIAN_POINT('Ctrl Pts',(11.3687353631742,8.98680367247594,-14.1262767171906));
#4156=CARTESIAN_POINT('Ctrl Pts',(11.2892663936217,14.6536423799574,-8.09846275092207));
#4157=CARTESIAN_POINT('Ctrl Pts',(11.2097974240692,16.7423312883093,-0.0931531992728853));
#4158=CARTESIAN_POINT('Ctrl Pts',(11.1303284545168,14.7428509255317,7.93490264359134));
#4159=CARTESIAN_POINT('Ctrl Pts',(11.0508594849643,9.14343774924291,14.0254012841365));
#4160=CARTESIAN_POINT('Ctrl Pts',(10.9713905154118,1.31136513733627,16.6911549929118));
#4161=CARTESIAN_POINT('Ctrl Pts',(10.8919215458594,-6.84091834560471,15.2812358332961));
#4162=CARTESIAN_POINT('Ctrl Pts',(10.8124525763069,-13.3227761595202,10.1399199914494));
#4163=CARTESIAN_POINT('Ctrl Pts',(10.7329836067544,-16.5514558090771,2.52262243943932));
#4164=CARTESIAN_POINT('Ctrl Pts',(10.653514637202,-15.7385772044517,-5.710653414161));
#4165=CARTESIAN_POINT('Ctrl Pts',(10.5740456676495,-11.0826224253041,-12.5494921619753));
#4166=CARTESIAN_POINT('Ctrl Pts',(10.494576698097,-3.72050536000374,-16.3239770655575));
#4167=CARTESIAN_POINT('Ctrl Pts',(10.4151077285446,4.55011045436996,-16.1124447843585));
#4168=CARTESIAN_POINT('Ctrl Pts',(10.3356387589921,11.7096344918687,-11.9665545792693));
#4169=CARTESIAN_POINT('Ctrl Pts',(10.2561697894396,16.0099562344683,-4.89864298607602));
#4170=CARTESIAN_POINT('Ctrl Pts',(10.1767008198872,16.4007953662496,3.36540965170148));
#4171=CARTESIAN_POINT('Ctrl Pts',(10.0972318503347,12.7871460484205,10.8077250922507));
#4172=CARTESIAN_POINT('Ctrl Pts',(10.0177628807822,6.05055750140787,15.6109270260311));
#4173=CARTESIAN_POINT('Ctrl Pts',(9.93829391122973,-2.1623799179407,16.6023553475469));
#4174=CARTESIAN_POINT('Ctrl Pts',(9.85882494167728,-9.84950919253367,13.5395535939887));
#4175=CARTESIAN_POINT('Ctrl Pts',(9.8058456286423,-13.3673889100872,9.29387069602726));
#4176=CARTESIAN_POINT('Ctrl Pts',(9.77935597212481,-14.5122362245083,6.87846250687705));
#4177=CARTESIAN_POINT('Ctrl Pts',(20.2206440278833,13.2313815028185,9.43519136180166));
#4178=CARTESIAN_POINT('Ctrl Pts',(20.1941543713658,11.6609937190938,11.6374148331716));
#4179=CARTESIAN_POINT('Ctrl Pts',(20.1411750583308,7.40096754682792,15.2403614318458));
#4180=CARTESIAN_POINT('Ctrl Pts',(20.0617060887784,-0.801541179479024,16.9228182978069));
#4181=CARTESIAN_POINT('Ctrl Pts',(19.9822371192259,-8.80608882693477,14.4731874400099));
#4182=CARTESIAN_POINT('Ctrl Pts',(19.9027681496735,-14.6614560386045,8.48940423011489));
#4183=CARTESIAN_POINT('Ctrl Pts',(19.823299180121,-16.9362024266199,0.432697590630072));
#4184=CARTESIAN_POINT('Ctrl Pts',(19.7438302105685,-15.0757287470573,-7.72968261233453));
#4185=CARTESIAN_POINT('Ctrl Pts',(19.6643612410161,-9.53389108168223,-14.0046079478031));
#4186=CARTESIAN_POINT('Ctrl Pts',(19.5848922714636,-1.66412892952355,-16.8598701472153));
#4187=CARTESIAN_POINT('Ctrl Pts',(19.5054233019111,6.61202208663715,-15.598260025474));
#4188=CARTESIAN_POINT('Ctrl Pts',(19.4259543323586,13.2736188321489,-10.5278430003696));
#4189=CARTESIAN_POINT('Ctrl Pts',(19.3464853628062,16.6940524628671,-2.88671983919111));
#4190=CARTESIAN_POINT('Ctrl Pts',(19.2670163932537,16.0381003519137,5.45928687908687));
#4191=CARTESIAN_POINT('Ctrl Pts',(19.1875474237012,11.4659419897944,12.4722363574776));
#4192=CARTESIAN_POINT('Ctrl Pts',(19.1080784541488,4.09401017556869,16.4396951400082));
#4193=CARTESIAN_POINT('Ctrl Pts',(19.0286094845963,-4.27760286662435,16.3928829213482));
#4194=CARTESIAN_POINT('Ctrl Pts',(18.9491405150438,-11.6047043729688,12.3432303204967));
#4195=CARTESIAN_POINT('Ctrl Pts',(18.8696715454914,-16.0981504211817,5.27958801669348));
#4196=CARTESIAN_POINT('Ctrl Pts',(18.7902025759389,-16.6607244598586,-3.07323253571339));
#4197=CARTESIAN_POINT('Ctrl Pts',(18.7107336063864,-13.155056112389,-10.6756262511456));
#4198=CARTESIAN_POINT('Ctrl Pts',(18.631264636834,-6.4371651569866,-15.6712284818863));
#4199=CARTESIAN_POINT('Ctrl Pts',(18.5517956672815,1.85256309149161,-16.8402050859936));
#4200=CARTESIAN_POINT('Ctrl Pts',(18.4723266977291,9.68992951557434,-13.8971134884848));
#4201=CARTESIAN_POINT('Ctrl Pts',(18.3928577281766,15.161193461802,-7.56060250045358));
#4202=CARTESIAN_POINT('Ctrl Pts',(18.3133887586241,16.9303729470096,0.622068493922583));
#4203=CARTESIAN_POINT('Ctrl Pts',(18.2339197890716,14.5654668986698,8.65284180894362));
#4204=CARTESIAN_POINT('Ctrl Pts',(18.1544508195191,8.64394185527195,14.5707503768685));
#4205=CARTESIAN_POINT('Ctrl Pts',(18.0749818499667,0.611725269967461,16.9307498220728));
#4206=CARTESIAN_POINT('Ctrl Pts',(17.9955128804142,-7.56986336990984,15.1565717068386));
#4207=CARTESIAN_POINT('Ctrl Pts',(17.9160439108617,-13.9030306693627,9.68143767991042));
#4208=CARTESIAN_POINT('Ctrl Pts',(17.8365749413093,-16.8413337118428,1.84227472162031));
#4209=CARTESIAN_POINT('Ctrl Pts',(17.7571059717568,-15.6672929626291,-6.44673782362228));
#4210=CARTESIAN_POINT('Ctrl Pts',(17.6776370022044,-10.6675875689466,-13.1615756200509));
#4211=CARTESIAN_POINT('Ctrl Pts',(17.5981680326519,-3.06305358733846,-16.6625988388524));
#4212=CARTESIAN_POINT('Ctrl Pts',(17.5186990630994,5.28942171643266,-16.0949220330254));
#4213=CARTESIAN_POINT('Ctrl Pts',(17.439230093547,12.3503175687608,-11.597161432618));
#4214=CARTESIAN_POINT('Ctrl Pts',(17.3597611239945,16.3954931314644,-4.26758741205589));
#4215=CARTESIAN_POINT('Ctrl Pts',(17.280292154442,16.4371909682183,4.10405292579934));
#4216=CARTESIAN_POINT('Ctrl Pts',(17.2008231848895,12.4652292345768,11.4735590586744));
#4217=CARTESIAN_POINT('Ctrl Pts',(17.1213542153371,5.44948789703195,16.0414331966798));
#4218=CARTESIAN_POINT('Ctrl Pts',(17.0418852457846,-2.89691810784974,16.6922845296817));
#4219=CARTESIAN_POINT('Ctrl Pts',(16.9624162762321,-10.5359500175649,13.2671871386068));
#4220=CARTESIAN_POINT('Ctrl Pts',(16.8829473066797,-15.6022968071176,6.60248678045235));
#4221=CARTESIAN_POINT('Ctrl Pts',(16.8034783371272,-16.8588498173612,-1.67441935580671));
#4222=CARTESIAN_POINT('Ctrl Pts',(16.7240093675747,-13.9987819252778,-9.54246309670378));
#4223=CARTESIAN_POINT('Ctrl Pts',(16.6445403980223,-7.72046908143205,-15.0804129421608));
#4224=CARTESIAN_POINT('Ctrl Pts',(16.5650714284698,0.44304024620127,-16.9360034448415));
#4225=CARTESIAN_POINT('Ctrl Pts',(16.4856024589173,8.49836729818449,-14.656133549084));
#4226=CARTESIAN_POINT('Ctrl Pts',(16.4061334893649,14.4785494361102,-8.79750553108959));
#4227=CARTESIAN_POINT('Ctrl Pts',(16.3266645198124,16.9233362244263,-0.790688547064673));
#4228=CARTESIAN_POINT('Ctrl Pts',(16.2471955502599,15.2357557164375,7.4092000305351));
#4229=CARTESIAN_POINT('Ctrl Pts',(16.1677265807075,9.82788401868761,13.7998982988522));
#4230=CARTESIAN_POINT('Ctrl Pts',(16.088257611155,2.02022388843678,16.8209153372826));
#4231=CARTESIAN_POINT('Ctrl Pts',(16.0087886416025,-6.28073774082583,15.7345743753812));
#4232=CARTESIAN_POINT('Ctrl Pts',(15.92931967205,-13.0480587868921,10.8061398860669));
#4233=CARTESIAN_POINT('Ctrl Pts',(15.8498507024976,-16.6292839771429,3.23904488251973));
#4234=CARTESIAN_POINT('Ctrl Pts',(15.7703817329451,-16.149944018961,-5.11896527902501));
#4235=CARTESIAN_POINT('Ctrl Pts',(15.6909127633927,-11.7270849097039,-12.2270183145374));
#4236=CARTESIAN_POINT('Ctrl Pts',(15.6114437938402,-4.44068745793574,-16.3494584694531));
#4237=CARTESIAN_POINT('Ctrl Pts',(15.5319748242877,3.93004415708087,-16.4796617157887));
#4238=CARTESIAN_POINT('Ctrl Pts',(15.4525058547352,11.3411313064682,-12.5858348166852));
#4239=CARTESIAN_POINT('Ctrl Pts',(15.3730368851828,15.9829228812449,-5.61877864981486));
#4240=CARTESIAN_POINT('Ctrl Pts',(15.2935679156303,16.7219787933874,2.72027987106878));
#4241=CARTESIAN_POINT('Ctrl Pts',(15.2140989460778,13.3778351886661,10.3950961038523));
#4242=CARTESIAN_POINT('Ctrl Pts',(15.1346299765254,6.76707039909779,15.5316211503208));
#4243=CARTESIAN_POINT('Ctrl Pts',(15.0551610069729,-1.49608845971222,16.8756101123531));
#4244=CARTESIAN_POINT('Ctrl Pts',(14.9756920374204,-9.39393004648395,14.098885616431));
#4245=CARTESIAN_POINT('Ctrl Pts',(14.8962230678679,-14.9979467754929,7.87947268939496));
#4246=CARTESIAN_POINT('Ctrl Pts',(14.8167540983155,-16.9397408821495,-0.263962476635963));
#4247=CARTESIAN_POINT('Ctrl Pts',(14.737285128763,-14.7451619769505,-8.34294286309871));
#4248=CARTESIAN_POINT('Ctrl Pts',(14.6578161592106,-8.9500858456596,-14.3847301225557));
#4249=CARTESIAN_POINT('Ctrl Pts',(14.5783471896581,-0.969563443181142,-16.9140309823851));
#4250=CARTESIAN_POINT('Ctrl Pts',(14.4988782201056,7.2477085109911,-15.3132367147885));
#4251=CARTESIAN_POINT('Ctrl Pts',(14.4194092505532,13.6952234133154,-9.97323182337675));
#4252=CARTESIAN_POINT('Ctrl Pts',(14.3399402810007,16.7986167666576,-2.19794724013307));
#4253=CARTESIAN_POINT('Ctrl Pts',(14.2604713114482,15.8000970202942,6.1140356142836));
#4254=CARTESIAN_POINT('Ctrl Pts',(14.1810023418957,10.9434843223254,12.9330834772863));
#4255=CARTESIAN_POINT('Ctrl Pts',(14.1015333723433,3.41467412609191,16.5941103393956));
#4256=CARTESIAN_POINT('Ctrl Pts',(14.0220644027908,-4.94793665763064,16.203160808173));
#4257=CARTESIAN_POINT('Ctrl Pts',(13.9425954332383,-12.1023523575334,11.8556975652024));
#4258=CARTESIAN_POINT('Ctrl Pts',(13.8631264636859,-16.3015963095365,4.61329113587514));
#4259=CARTESIAN_POINT('Ctrl Pts',(13.7836574941334,-16.5202904116901,-3.75559609873839));
#4260=CARTESIAN_POINT('Ctrl Pts',(13.704188524581,-12.7050335884822,-11.2074358735162));
#4261=CARTESIAN_POINT('Ctrl Pts',(13.6247195550285,-5.7874413508351,-15.9226260382539));
#4262=CARTESIAN_POINT('Ctrl Pts',(13.545250585476,2.54333756881834,-16.7498039198814));
#4263=CARTESIAN_POINT('Ctrl Pts',(13.4657816159235,10.2530802546304,-13.4869879007711));
#4264=CARTESIAN_POINT('Ctrl Pts',(13.3863126463711,15.4592094112454,-6.93089761305856));
#4265=CARTESIAN_POINT('Ctrl Pts',(13.3068436768186,16.8904840976434,1.31759033492744));
#4266=CARTESIAN_POINT('Ctrl Pts',(13.2273747072661,14.1974133725783,9.2443469683679));
#4267=CARTESIAN_POINT('Ctrl Pts',(13.1479057377136,8.03759555137715,14.9138041792133));
#4268=CARTESIAN_POINT('Ctrl Pts',(13.0684367681612,-0.0848552020645344,
16.9415848413931));
#4269=CARTESIAN_POINT('Ctrl Pts',(12.9889677986087,-8.18658587659963,14.8325422308011));
#4270=CARTESIAN_POINT('Ctrl Pts',(12.9094988290562,-14.2893029230757,9.10166574402832));
#4271=CARTESIAN_POINT('Ctrl Pts',(12.8300298595038,-16.9028351360622,1.14832996413845));
#4272=CARTESIAN_POINT('Ctrl Pts',(12.7505608899513,-15.3890060412777,-7.08540686234428));
#4273=CARTESIAN_POINT('Ctrl Pts',(12.6710919203989,-10.1174648473962,-13.5890177130337));
#4274=CARTESIAN_POINT('Ctrl Pts',(12.5916229508464,-2.37542491127744,-16.7744404924372));
#4275=CARTESIAN_POINT('Ctrl Pts',(12.5121539812939,5.94665007750451,-15.8638535734275));
#4276=CARTESIAN_POINT('Ctrl Pts',(12.4326850117415,12.8166625428614,-11.079605525734));
#4277=CARTESIAN_POINT('Ctrl Pts',(12.353216042189,16.557081857222,-3.58992168669754));
#4278=CARTESIAN_POINT('Ctrl Pts',(12.2737470726365,16.2545664522377,4.77635496936339));
#4279=CARTESIAN_POINT('Ctrl Pts',(12.194278103084,11.9829850231334,11.9763336325684));
#4280=CARTESIAN_POINT('Ctrl Pts',(12.1148091335316,4.78537915272085,16.2519120016184));
#4281=CARTESIAN_POINT('Ctrl Pts',(12.0353401639791,-3.5807282501301,16.5590725145539));
#4282=CARTESIAN_POINT('Ctrl Pts',(11.9558711944266,-11.0724877038717,12.8228122262608));
#4283=CARTESIAN_POINT('Ctrl Pts',(11.8764022248742,-15.8605494076361,5.95545714742215));
#4284=CARTESIAN_POINT('Ctrl Pts',(11.7969332553217,-16.7757567987282,-2.36611097920044));
#4285=CARTESIAN_POINT('Ctrl Pts',(11.7174642857692,-13.5946330745552,-10.1099183440947));
#4286=CARTESIAN_POINT('Ctrl Pts',(11.6379953162168,-7.09395010934619,-15.3850696837789));
#4287=CARTESIAN_POINT('Ctrl Pts',(11.5585263466643,1.13894493187297,-16.9034701108512));
#4288=CARTESIAN_POINT('Ctrl Pts',(11.4790573771118,9.09373058548348,-14.2943541801807));
#4289=CARTESIAN_POINT('Ctrl Pts',(11.3995884075594,14.8279945524438,-8.19481999356607));
#4290=CARTESIAN_POINT('Ctrl Pts',(11.3201194380069,16.9415351283455,-0.0942615559698948));
#4291=CARTESIAN_POINT('Ctrl Pts',(11.2406504684544,14.9182645203814,8.02931381308123));
#4292=CARTESIAN_POINT('Ctrl Pts',(11.1611814989019,9.25222832801095,14.1922785096397));
#4293=CARTESIAN_POINT('Ctrl Pts',(11.0817125293495,1.32696804033398,16.8897499264351));
#4294=CARTESIAN_POINT('Ctrl Pts',(11.002243559797,-6.92231305583659,15.463055246977));
#4295=CARTESIAN_POINT('Ctrl Pts',(10.9227745902445,-13.4812934009496,10.2605669291531));
#4296=CARTESIAN_POINT('Ctrl Pts',(10.8433056206921,-16.7483885718196,2.552637140991));
#4297=CARTESIAN_POINT('Ctrl Pts',(10.7638366511396,-15.9258381636242,-5.77859999039504));
#4298=CARTESIAN_POINT('Ctrl Pts',(10.6843676815871,-11.2144858382765,-12.6988087049417));
#4299=CARTESIAN_POINT('Ctrl Pts',(10.6048987120347,-3.7647727288561,-16.5182032375358));
#4300=CARTESIAN_POINT('Ctrl Pts',(10.5254297424822,4.60424864214623,-16.3041540999934));
#4301=CARTESIAN_POINT('Ctrl Pts',(10.4459607729297,11.8489582285714,-12.1089352061452));
#4302=CARTESIAN_POINT('Ctrl Pts',(10.3664918033773,16.2004461194071,-4.95692808849027));
#4303=CARTESIAN_POINT('Ctrl Pts',(10.2870228338248,16.5959355388065,3.40545201583635));
#4304=CARTESIAN_POINT('Ctrl Pts',(10.2075538642723,12.9392902481788,10.9363177179346));
#4305=CARTESIAN_POINT('Ctrl Pts',(10.1280848947198,6.12254832920148,15.7966691760673));
#4306=CARTESIAN_POINT('Ctrl Pts',(10.0486159251674,-2.18810837689023,16.7998937238892));
#4307=CARTESIAN_POINT('Ctrl Pts',(9.96914695561491,-9.96670076041253,13.7006500997173));
#4308=CARTESIAN_POINT('Ctrl Pts',(9.91616764257995,-13.5264369635686,9.40445115818437));
#4309=CARTESIAN_POINT('Ctrl Pts',(9.88967798606246,-14.6849059163004,6.96030392557313));
#4310=CARTESIAN_POINT('Ctrl Pts',(20.330966041821,13.3869602024096,9.54613327683522));
#4311=CARTESIAN_POINT('Ctrl Pts',(20.3044763853035,11.798107310624,11.7742511768264));
#4312=CARTESIAN_POINT('Ctrl Pts',(20.2514970722685,7.48799042545977,15.419562342375));
#4313=CARTESIAN_POINT('Ctrl Pts',(20.172028102716,-0.810965950002446,17.1218020595274));
#4314=CARTESIAN_POINT('Ctrl Pts',(20.0925591331636,-8.90963355866867,14.6433676800986));
#4315=CARTESIAN_POINT('Ctrl Pts',(20.0130901636111,-14.8338499994402,8.58922528584845));
#4316=CARTESIAN_POINT('Ctrl Pts',(19.9336211940586,-17.1353435630903,0.437785383499785));
#4317=CARTESIAN_POINT('Ctrl Pts',(19.8541522245062,-15.2529938552666,-7.82057062495987));
#4318=CARTESIAN_POINT('Ctrl Pts',(19.7746832549537,-9.64599353872465,-14.1692784844617));
#4319=CARTESIAN_POINT('Ctrl Pts',(19.6952142854013,-1.68369627513687,-17.0581137449998));
#4320=CARTESIAN_POINT('Ctrl Pts',(19.6157453158488,6.6897682991311,-15.7816692189985));
#4321=CARTESIAN_POINT('Ctrl Pts',(19.5362763462963,13.429694171397,-10.6516326532602));
#4322=CARTESIAN_POINT('Ctrl Pts',(19.4568073767438,16.8903463247383,-2.92066278903122));
#4323=CARTESIAN_POINT('Ctrl Pts',(19.3773384071914,16.2266813248175,5.52347887242953));
#4324=CARTESIAN_POINT('Ctrl Pts',(19.2978694376389,11.6007621024167,12.6188887923028));
#4325=CARTESIAN_POINT('Ctrl Pts',(19.2184004680864,4.14214882073528,16.6329981893543));
#4326=CARTESIAN_POINT('Ctrl Pts',(19.1389314985339,-4.32790025176246,16.5856355380654));
#4327=CARTESIAN_POINT('Ctrl Pts',(19.0594625289815,-11.7411560968573,12.4883658622092));
#4328=CARTESIAN_POINT('Ctrl Pts',(18.979993559429,-16.2874374814797,5.34166705491328));
#4329=CARTESIAN_POINT('Ctrl Pts',(18.9005245898766,-16.856626440703,-3.10936855985762));
#4330=CARTESIAN_POINT('Ctrl Pts',(18.8210556203241,-13.309737354297,-10.8011535854696));
#4331=CARTESIAN_POINT('Ctrl Pts',(18.7415866507717,-6.51285534730906,-15.8554956612196));
#4332=CARTESIAN_POINT('Ctrl Pts',(18.6621176812191,1.87434610459748,-17.0382174558711));
#4333=CARTESIAN_POINT('Ctrl Pts',(18.5826487116667,9.80386672106126,-14.0605200718524));
#4334=CARTESIAN_POINT('Ctrl Pts',(18.5031797421142,15.3394634907127,-7.64950241652775));
#4335=CARTESIAN_POINT('Ctrl Pts',(18.4237107725618,17.1294455386455,0.629382968780722));
#4336=CARTESIAN_POINT('Ctrl Pts',(18.3442418030092,14.7367321893388,8.75458461456949));
#4337=CARTESIAN_POINT('Ctrl Pts',(18.2647728334568,8.74558001247406,14.7420777923176));
#4338=CARTESIAN_POINT('Ctrl Pts',(18.1853038639043,0.618918125980904,17.1298268451228));
#4339=CARTESIAN_POINT('Ctrl Pts',(18.1058348943519,-7.65887217816784,15.3347873917168));
#4340=CARTESIAN_POINT('Ctrl Pts',(18.0263659247994,-14.0665068287837,9.79527503575207));
#4341=CARTESIAN_POINT('Ctrl Pts',(17.9468969552469,-17.0393593524541,1.86393676087285));
#4342=CARTESIAN_POINT('Ctrl Pts',(17.8674279856945,-15.8515138669028,-6.52254057233679));
#4343=CARTESIAN_POINT('Ctrl Pts',(17.787959016142,-10.7930203819448,-13.316333520358));
#4344=CARTESIAN_POINT('Ctrl Pts',(17.7084900465895,-3.09906992424136,-16.8585228592281));
#4345=CARTESIAN_POINT('Ctrl Pts',(17.6290210770371,5.35161638235294,-16.2841711329312));
#4346=CARTESIAN_POINT('Ctrl Pts',(17.5495521074846,12.495536444543,-11.7335244642674));
#4347=CARTESIAN_POINT('Ctrl Pts',(17.4700831379321,16.5882764398442,-4.3177670323637));
#4348=CARTESIAN_POINT('Ctrl Pts',(17.3906141683797,16.6304645727336,4.1523096567471));
#4349=CARTESIAN_POINT('Ctrl Pts',(17.3111451988272,12.6117992774712,11.6084687351621));
#4350=CARTESIAN_POINT('Ctrl Pts',(17.2316762292747,5.51356467089545,16.2300533582091));
#4351=CARTESIAN_POINT('Ctrl Pts',(17.1522072597222,-2.93098097210507,16.8885576036445));
#4352=CARTESIAN_POINT('Ctrl Pts',(17.0727382901698,-10.6598349952855,13.4231868520015));
#4353=CARTESIAN_POINT('Ctrl Pts',(16.9932693206173,-15.7857534663764,6.68012087385004));
#4354=CARTESIAN_POINT('Ctrl Pts',(16.9138003510648,-17.0570814177899,-1.69410769945328));
#4355=CARTESIAN_POINT('Ctrl Pts',(16.8343313815124,-14.1633839577512,-9.65466634616531));
#4356=CARTESIAN_POINT('Ctrl Pts',(16.7548624119599,-7.811248758495,-15.2577331285932));
#4357=CARTESIAN_POINT('Ctrl Pts',(16.6753934424075,0.448249651232456,-17.1351422416223));
#4358=CARTESIAN_POINT('Ctrl Pts',(16.595924472855,8.59829374446053,-14.8284649264322));
#4359=CARTESIAN_POINT('Ctrl Pts',(16.5164555033025,14.648792724217,-8.90094933776097));
#4360=CARTESIAN_POINT('Ctrl Pts',(16.43698653375,17.1223260760891,-0.799985708960262));
#4361=CARTESIAN_POINT('Ctrl Pts',(16.3575175641976,15.4149024715323,7.49631970927125));
#4362=CARTESIAN_POINT('Ctrl Pts',(16.2780485946451,9.94344333613561,13.9621617957794));
#4363=CARTESIAN_POINT('Ctrl Pts',(16.1985796250926,2.04397830934733,17.0187008922943));
#4364=CARTESIAN_POINT('Ctrl Pts',(16.1191106555401,-6.35458860892923,15.9195863954353));
#4365=CARTESIAN_POINT('Ctrl Pts',(16.0396416859877,-13.2014819209632,10.9332018403092));
#4366=CARTESIAN_POINT('Ctrl Pts',(15.9601727164352,-16.8248162710114,3.27713057981691));
#4367=CARTESIAN_POINT('Ctrl Pts',(15.8807037468828,-16.3398400844931,-5.17915566513042));
#4368=CARTESIAN_POINT('Ctrl Pts',(15.8012347773303,-11.8649756220122,-12.3707873993338));
#4369=CARTESIAN_POINT('Ctrl Pts',(15.7217658077778,-4.49290244242918,-16.5417004879569));
#4370=CARTESIAN_POINT('Ctrl Pts',(15.6422968382254,3.97625483879722,-16.6734347045653));
#4371=CARTESIAN_POINT('Ctrl Pts',(15.5628278686729,11.4744838562511,-12.7338229775308));
#4372=CARTESIAN_POINT('Ctrl Pts',(15.4833588991204,16.1708550602846,-5.68484599701081));
#4373=CARTESIAN_POINT('Ctrl Pts',(15.403889929568,16.9186010217398,2.75226576798926));
#4374=CARTESIAN_POINT('Ctrl Pts',(15.3244209600155,13.5351359362527,10.5173248774401));
#4375=CARTESIAN_POINT('Ctrl Pts',(15.244951990463,6.84663971788048,15.714246783222));
#4376=CARTESIAN_POINT('Ctrl Pts',(15.1654830209105,-1.51367993320919,17.074038785544));
#4377=CARTESIAN_POINT('Ctrl Pts',(15.0860140513581,-9.50438679813687,14.2646646992441));
#4378=CARTESIAN_POINT('Ctrl Pts',(15.0065450818056,-15.1742972990849,7.97212198034154));
#4379=CARTESIAN_POINT('Ctrl Pts',(14.9270761122532,-17.1389236248808,-0.267066229546939));
#4380=CARTESIAN_POINT('Ctrl Pts',(14.8476071427007,-14.9185401782476,-8.4410417805192));
#4381=CARTESIAN_POINT('Ctrl Pts',(14.7681381731482,-9.0553237391328,-14.5538702539894));
#4382=CARTESIAN_POINT('Ctrl Pts',(14.6886692035958,-0.980963871747812,-17.1129114201174));
#4383=CARTESIAN_POINT('Ctrl Pts',(14.6092002340433,7.33292932220533,-15.4932945155638));
#4384=CARTESIAN_POINT('Ctrl Pts',(14.5297312644908,13.8562561103773,-10.0905001855256));
#4385=CARTESIAN_POINT('Ctrl Pts',(14.4502622949383,16.9961401281395,-2.2237913874972));
#4386=CARTESIAN_POINT('Ctrl Pts',(14.3707933253858,15.9858794759892,6.18592634692714));
#4387=CARTESIAN_POINT('Ctrl Pts',(14.2913243558334,11.0721612151729,13.0851546959018));
#4388=CARTESIAN_POINT('Ctrl Pts',(14.2118553862809,3.45482492666793,16.78922905069));
#4389=CARTESIAN_POINT('Ctrl Pts',(14.1323864167285,-5.00611603600388,16.3936826132668));
#4390=CARTESIAN_POINT('Ctrl Pts',(14.052917447176,-12.2446555812275,11.9951005451215));
#4391=CARTESIAN_POINT('Ctrl Pts',(13.9734484776235,-16.4932755498756,4.66753564810555));
#4392=CARTESIAN_POINT('Ctrl Pts',(13.893979508071,-16.7145411253114,-3.79975556591925));
#4393=CARTESIAN_POINT('Ctrl Pts',(13.8145105385186,-12.8544233255657,-11.3392163908099));
#4394=CARTESIAN_POINT('Ctrl Pts',(13.7350415689661,-5.85549188653549,-16.1098492282571));
#4395=CARTESIAN_POINT('Ctrl Pts',(13.6555725994137,2.57324292310758,-16.9467533247267));
#4396=CARTESIAN_POINT('Ctrl Pts',(13.5761036298612,10.3736391616862,-13.6455720999007));
#4397=CARTESIAN_POINT('Ctrl Pts',(13.4966346603087,15.6409836043934,-7.01239326318469));
#4398=CARTESIAN_POINT('Ctrl Pts',(13.4171656907562,17.0890876637801,1.33308297194785));
#4399=CARTESIAN_POINT('Ctrl Pts',(13.3376967212038,14.3643509753973,9.35304487565756));
#4400=CARTESIAN_POINT('Ctrl Pts',(13.2582277516513,8.13210410012214,15.0891653279841));
#4401=CARTESIAN_POINT('Ctrl Pts',(13.1787587820988,-0.0858529559262743,
17.1407892659708));
#4402=CARTESIAN_POINT('Ctrl Pts',(13.0992898125464,-8.28284629993493,15.0069478763043));
#4403=CARTESIAN_POINT('Ctrl Pts',(13.0198208429939,-14.4573209918134,9.20868596109842));
#4404=CARTESIAN_POINT('Ctrl Pts',(12.9403518734415,-17.1015839295508,1.16183238506738));
#4405=CARTESIAN_POINT('Ctrl Pts',(12.8608829038889,-15.5699547613634,-7.16871928028662));
#4406=CARTESIAN_POINT('Ctrl Pts',(12.7814139343365,-10.236429146308,-13.7488016104342));
#4407=CARTESIAN_POINT('Ctrl Pts',(12.701944964784,-2.4033558963068,-16.9716795817663));
#4408=CARTESIAN_POINT('Ctrl Pts',(12.6224759952316,6.01657263893804,-16.050385698507));
#4409=CARTESIAN_POINT('Ctrl Pts',(12.5430070256791,12.9673648479149,-11.2098829740344));
#4410=CARTESIAN_POINT('Ctrl Pts',(12.4635380561266,16.7517651761045,-3.63213310260535));
#4411=CARTESIAN_POINT('Ctrl Pts',(12.3840690865741,16.4456927008851,4.83251683687214));
#4412=CARTESIAN_POINT('Ctrl Pts',(12.3046001170217,12.1238846885781,12.1171550888938));
#4413=CARTESIAN_POINT('Ctrl Pts',(12.2251311474692,4.84164712938468,16.4430070384097));
#4414=CARTESIAN_POINT('Ctrl Pts',(12.1456621779167,-3.62283156675093,16.7537792402046));
#4415=CARTESIAN_POINT('Ctrl Pts',(12.0661932083643,-11.2026814586085,12.9735868412047));
#4416=CARTESIAN_POINT('Ctrl Pts',(11.9867242388118,-16.0470426813064,6.02548326512341));
#4417=CARTESIAN_POINT('Ctrl Pts',(11.9072552692594,-16.9730113655961,-2.39393244811914));
#4418=CARTESIAN_POINT('Ctrl Pts',(11.8277862997069,-13.7544829991234,-10.2287939088731));
#4419=CARTESIAN_POINT('Ctrl Pts',(11.7483173301544,-7.17736298144435,-15.5659721189488));
#4420=CARTESIAN_POINT('Ctrl Pts',(11.668848360602,1.15233700067311,-17.1022263705708));
#4421=CARTESIAN_POINT('Ctrl Pts',(11.5893793910495,9.20065749849101,-14.4624316431708));
#4422=CARTESIAN_POINT('Ctrl Pts',(11.509910421497,15.0023467249302,-8.29117723621005));
#4423=CARTESIAN_POINT('Ctrl Pts',(11.4304414519445,17.1407389683817,-0.0953699126669167));
#4424=CARTESIAN_POINT('Ctrl Pts',(11.3509724823921,15.0936781152311,8.12372498257113));
#4425=CARTESIAN_POINT('Ctrl Pts',(11.2715035128396,9.36101890677896,14.3591557351429));
#4426=CARTESIAN_POINT('Ctrl Pts',(11.1920345432872,1.34257094333171,17.0883448599584));
#4427=CARTESIAN_POINT('Ctrl Pts',(11.1125655737346,-7.00370776606851,15.6448746606578));
#4428=CARTESIAN_POINT('Ctrl Pts',(11.0330966041822,-13.6398106423789,10.3812138668569));
#4429=CARTESIAN_POINT('Ctrl Pts',(10.9536276346297,-16.9453213345622,2.58265184254267));
#4430=CARTESIAN_POINT('Ctrl Pts',(10.8741586650773,-16.1130991227966,-5.84654656662906));
#4431=CARTESIAN_POINT('Ctrl Pts',(10.7946896955248,-11.346349251249,-12.8481252479081));
#4432=CARTESIAN_POINT('Ctrl Pts',(10.7152207259723,-3.80904009770846,-16.7124294095142));
#4433=CARTESIAN_POINT('Ctrl Pts',(10.6357517564199,4.65838682992251,-16.4958634156284));
#4434=CARTESIAN_POINT('Ctrl Pts',(10.5562827868674,11.988281965274,-12.2513158330211));
#4435=CARTESIAN_POINT('Ctrl Pts',(10.4768138173149,16.3909360043459,-5.01521319090456));
#4436=CARTESIAN_POINT('Ctrl Pts',(10.3973448477625,16.7910757113633,3.44549437997127));
#4437=CARTESIAN_POINT('Ctrl Pts',(10.31787587821,13.0914344479372,11.0649103436183));
#4438=CARTESIAN_POINT('Ctrl Pts',(10.2384069086575,6.1945391569951,15.9824113261036));
#4439=CARTESIAN_POINT('Ctrl Pts',(10.158937939105,-2.21383683583977,16.9974321002314));
#4440=CARTESIAN_POINT('Ctrl Pts',(10.0794689695526,-10.0838923282914,13.861746605446));
#4441=CARTESIAN_POINT('Ctrl Pts',(10.0264896565176,-13.68548501705,9.51503162034146));
#4442=CARTESIAN_POINT('Ctrl Pts',(10.0000000000001,-14.8575756080926,7.04214534426921));
#4443=CARTESIAN_POINT('Ctrl Pts',(11.679555933726,0.000336050336555497,
-16.4428088659106));
#4444=CARTESIAN_POINT('Ctrl Pts',(11.6759867426847,0.369002747234401,-16.4431457805456));
#4445=CARTESIAN_POINT('Ctrl Pts',(11.6724175516433,0.737647278172608,-16.4309998725089));
#4446=CARTESIAN_POINT('Ctrl Pts',(11.668848360602,1.10544041995651,-16.4062182074005));
#4447=CARTESIAN_POINT('Ctrl Pts',(11.6423587040845,3.83511049994574,-16.2222947947708));
#4448=CARTESIAN_POINT('Ctrl Pts',(11.615869047567,6.51788399921837,-15.3423632189708));
#4449=CARTESIAN_POINT('Ctrl Pts',(11.5893793910495,8.82621895326122,-13.8738550299107));
#4450=CARTESIAN_POINT('Ctrl Pts',(11.562889734532,11.1345539073041,-12.4053468408506));
#4451=CARTESIAN_POINT('Ctrl Pts',(11.5364000780145,13.0684503161171,-10.3482620385303));
#4452=CARTESIAN_POINT('Ctrl Pts',(11.509910421497,14.3917972277656,-7.95375175011307));
#4453=CARTESIAN_POINT('Ctrl Pts',(11.4834207649795,15.715144139414,-5.55924146169573));
#4454=CARTESIAN_POINT('Ctrl Pts',(11.456931108462,16.4279415538979,-2.82730568718132));
#4455=CARTESIAN_POINT('Ctrl Pts',(11.4304414519445,16.4431634522813,-0.0914886507177645));
#4456=CARTESIAN_POINT('Ctrl Pts',(11.403951795427,16.4583853506648,2.64432838574579));
#4457=CARTESIAN_POINT('Ctrl Pts',(11.3774621389096,15.7760317329479,5.3840266841585));
#4458=CARTESIAN_POINT('Ctrl Pts',(11.3509724823921,14.4794117226808,7.79311429212683));
#4459=CARTESIAN_POINT('Ctrl Pts',(11.3244828258746,13.1827917124137,10.2022019000951));
#4460=CARTESIAN_POINT('Ctrl Pts',(11.2979931693571,11.2719053095963,12.280678817619));
#4461=CARTESIAN_POINT('Ctrl Pts',(11.2715035128396,8.98005411427977,13.7747821305168));
#4462=CARTESIAN_POINT('Ctrl Pts',(11.2450138563221,6.68820291896321,15.2688854434147));
#4463=CARTESIAN_POINT('Ctrl Pts',(11.2185241998046,4.01538693114746,16.1786151516866));
#4464=CARTESIAN_POINT('Ctrl Pts',(11.1920345432871,1.28793248567288,16.3929016392724));
#4465=CARTESIAN_POINT('Ctrl Pts',(11.1655448867696,-1.4395219598017,16.6071881268582));
#4466=CARTESIAN_POINT('Ctrl Pts',(11.1390552302521,-4.2216148629351,16.126031393758));
#4467=CARTESIAN_POINT('Ctrl Pts',(11.1125655737346,-6.71867846055352,15.0081762282411));
#4468=CARTESIAN_POINT('Ctrl Pts',(11.0860759172172,-9.21574205817194,13.8903210627242));
#4469=CARTESIAN_POINT('Ctrl Pts',(11.0595862606997,-11.4277763502754,12.1357674647906));
#4470=CARTESIAN_POINT('Ctrl Pts',(11.0330966041822,-13.0847119450243,9.95873032843808));
#4471=CARTESIAN_POINT('Ctrl Pts',(11.0066069476647,-14.7416475397733,7.78169319208554));
#4472=CARTESIAN_POINT('Ctrl Pts',(10.9801172911472,-15.8434844371677,5.18217251731411));
#4473=CARTESIAN_POINT('Ctrl Pts',(10.9536276346297,-16.255699183904,2.47754577839975));
#4474=CARTESIAN_POINT('Ctrl Pts',(10.9271379781122,-16.6679139306403,-0.227080960514597));
#4475=CARTESIAN_POINT('Ctrl Pts',(10.9006483215948,-16.3905065267185,-3.03681376357187));
#4476=CARTESIAN_POINT('Ctrl Pts',(10.8741586650773,-15.4573445128329,-5.6086099453137));
#4477=CARTESIAN_POINT('Ctrl Pts',(10.8476690085598,-14.5241824989474,-8.18040612705546));
#4478=CARTESIAN_POINT('Ctrl Pts',(10.8211793520423,-12.9352658750982,-10.5142656874818));
#4479=CARTESIAN_POINT('Ctrl Pts',(10.7946896955248,-10.8845893709168,-12.325246161296));
#4480=CARTESIAN_POINT('Ctrl Pts',(10.7682000390073,-8.83391286673547,-14.1362266351101));
#4481=CARTESIAN_POINT('Ctrl Pts',(10.7417103824898,-6.32147648222197,-15.4243280223122));
#4482=CARTESIAN_POINT('Ctrl Pts',(10.7152207259723,-3.65402046869339,-16.0322843835989));
#4483=CARTESIAN_POINT('Ctrl Pts',(10.7033324618902,-2.45689579116869,-16.305128456477));
#4484=CARTESIAN_POINT('Ctrl Pts',(10.6914441978081,-1.22854837980674,-16.4409835089981));
#4485=CARTESIAN_POINT('Ctrl Pts',(10.679555933726,-0.000127803091956479,
-16.4406463183626));
#4486=CARTESIAN_POINT('Ctrl Pts',(20.000000000008,12.9202241036363,9.21330753173454));
#4487=CARTESIAN_POINT('Ctrl Pts',(20.000000000008,12.7233455602836,9.49979816159479));
#4488=CARTESIAN_POINT('Ctrl Pts',(20.000000000008,12.5171992240411,9.77922341626538));
#4489=CARTESIAN_POINT('Ctrl Pts',(20.000000000008,12.3023196858569,10.0512978738731));
#4490=CARTESIAN_POINT('Ctrl Pts',(20.000000000008,12.0848507672269,10.3266509325347));
#4491=CARTESIAN_POINT('Ctrl Pts',(20.000000000008,11.8584365771346,10.5944753752158));
#4492=CARTESIAN_POINT('Ctrl Pts',(20.000000000008,11.6235822595342,10.8544521938222));
#4493=CARTESIAN_POINT('Ctrl Pts',(20.000000000008,11.3869764046293,11.1163679126828));
#4494=CARTESIAN_POINT('Ctrl Pts',(20.000000000008,11.1418036840498,11.3703189344929));
#4495=CARTESIAN_POINT('Ctrl Pts',(20.000000000008,10.8885365515972,11.615949472317));
#4496=CARTESIAN_POINT('Ctrl Pts',(20.000000000008,10.6347935728889,11.8620415085226));
#4497=CARTESIAN_POINT('Ctrl Pts',(20.000000000008,10.3729253184153,12.0997821717676));
#4498=CARTESIAN_POINT('Ctrl Pts',(20.000000000008,10.1033688845453,12.3287779096291));
#4499=CARTESIAN_POINT('Ctrl Pts',(20.000000000008,9.83603643705852,12.5558843087888));
#4500=CARTESIAN_POINT('Ctrl Pts',(20.000000000008,9.56114169128516,12.7743898254292));
#4501=CARTESIAN_POINT('Ctrl Pts',(20.000000000008,9.27908028957696,12.9838699843874));
#4502=CARTESIAN_POINT('Ctrl Pts',(20.000000000008,9.09897174310137,13.1176322316037));
#4503=CARTESIAN_POINT('Ctrl Pts',(20.000000000008,8.91594048082304,13.2477136663306));
#4504=CARTESIAN_POINT('Ctrl Pts',(20.000000000008,8.7300841597066,13.3739940260049));
#4505=CARTESIAN_POINT('Ctrl Pts',(20.000000000008,8.66753834119853,13.4164908773892));
#4506=CARTESIAN_POINT('Ctrl Pts',(20.000000000008,8.60467255099699,13.4585571860558));
#4507=CARTESIAN_POINT('Ctrl Pts',(20.000000000008,8.5414904209455,13.5001881592072));
#4508=CARTESIAN_POINT('Ctrl Pts',(20.000000000008,8.51269717540337,13.5191601506727));
#4509=CARTESIAN_POINT('Ctrl Pts',(20.000000000008,8.4838383472102,13.5380416177469));
#4510=CARTESIAN_POINT('Ctrl Pts',(20.000000000008,8.45492632020066,13.5568243897472));
#4511=CARTESIAN_POINT('Ctrl Pts',(20.000000000008,8.15621463830621,13.7508831948592));
#4512=CARTESIAN_POINT('Ctrl Pts',(20.000000000008,7.85150601975047,13.9346224500879));
#4513=CARTESIAN_POINT('Ctrl Pts',(20.000000000008,7.54128751374203,14.1077055652797));
#4514=CARTESIAN_POINT('Ctrl Pts',(20.000000000008,7.36006709601704,14.2088155694499));
#4515=CARTESIAN_POINT('Ctrl Pts',(20.000000000008,7.17696565054558,14.306288475513));
#4516=CARTESIAN_POINT('Ctrl Pts',(20.000000000008,6.99207457295545,14.4000512548637));
#4517=CARTESIAN_POINT('Ctrl Pts',(20.000000000008,6.67768634687049,14.5594851997412));
#4518=CARTESIAN_POINT('Ctrl Pts',(20.000000000008,6.35812516840612,14.7081944846862));
#4519=CARTESIAN_POINT('Ctrl Pts',(20.000000000008,6.03399312933369,14.8461313621889));
#4520=CARTESIAN_POINT('Ctrl Pts',(20.000000000008,5.7077246836836,14.9849774039113));
#4521=CARTESIAN_POINT('Ctrl Pts',(20.000000000008,5.37682438792105,15.1129087487731));
#4522=CARTESIAN_POINT('Ctrl Pts',(20.000000000008,5.04188165347173,15.2298295395568));
#4523=CARTESIAN_POINT('Ctrl Pts',(20.000000000008,4.70664519141692,15.3468528638795));
#4524=CARTESIAN_POINT('Ctrl Pts',(20.000000000008,4.36735863075547,15.4528464650315));
#4525=CARTESIAN_POINT('Ctrl Pts',(20.000000000008,4.02459664296279,15.5476646955746));
#4526=CARTESIAN_POINT('Ctrl Pts',(20.000000000008,3.6835774329614,15.6420008215896));
#4527=CARTESIAN_POINT('Ctrl Pts',(20.000000000008,3.33911747844251,15.7252750388801));
#4528=CARTESIAN_POINT('Ctrl Pts',(20.000000000008,2.99177511889628,15.7972930371361));
#4529=CARTESIAN_POINT('Ctrl Pts',(20.000000000008,2.93091421670209,15.8099119424541));
#4530=CARTESIAN_POINT('Ctrl Pts',(20.000000000008,2.86996481339505,15.8221851344589));
#4531=CARTESIAN_POINT('Ctrl Pts',(20.000000000008,2.80892990860464,15.8341114019526));
#4532=CARTESIAN_POINT('Ctrl Pts',(20.000000000008,2.77370452482397,15.8409944691251));
#4533=CARTESIAN_POINT('Ctrl Pts',(20.000000000008,2.73844886967474,15.8477622917937));
#4534=CARTESIAN_POINT('Ctrl Pts',(20.000000000008,2.70318032620633,15.8544115394241));
#4535=CARTESIAN_POINT('Ctrl Pts',(20.000000000008,2.3522011567049,15.9205823302087));
#4536=CARTESIAN_POINT('Ctrl Pts',(20.000000000008,1.99959765028144,15.9750837516281));
#4537=CARTESIAN_POINT('Ctrl Pts',(20.000000000008,1.64597545026732,16.0178757256296));
#4538=CARTESIAN_POINT('Ctrl Pts',(20.000000000008,1.29100439037529,16.0608309257432));
#4539=CARTESIAN_POINT('Ctrl Pts',(20.000000000008,0.935006282395439,16.091987330644));
#4540=CARTESIAN_POINT('Ctrl Pts',(20.000000000008,0.578575237393944,16.1112552154515));
#4541=CARTESIAN_POINT('Ctrl Pts',(20.000000000008,0.222926191801461,16.1304808270767));
#4542=CARTESIAN_POINT('Ctrl Pts',(20.000000000008,-0.133154470822119,16.1378701377095));
#4543=CARTESIAN_POINT('Ctrl Pts',(20.000000000008,-0.489086297103517,16.1332832441949));
#4544=CARTESIAN_POINT('Ctrl Pts',(20.000000000008,-0.580568321477094,16.132104315329));
#4545=CARTESIAN_POINT('Ctrl Pts',(20.000000000008,-0.672040538923472,16.1301339732675));
#4546=CARTESIAN_POINT('Ctrl Pts',(20.000000000008,-0.763493126871334,16.1273692850911));
#4547=CARTESIAN_POINT('Ctrl Pts',(20.000000000008,-1.11974900533377,16.1165993721006));
#4548=CARTESIAN_POINT('Ctrl Pts',(20.000000000008,-1.47570736912842,16.0937792446836));
#4549=CARTESIAN_POINT('Ctrl Pts',(20.000000000008,-1.83080861623932,16.0590919437319));
#4550=CARTESIAN_POINT('Ctrl Pts',(20.000000000008,-2.12196816927758,16.030650649528));
#4551=CARTESIAN_POINT('Ctrl Pts',(20.000000000008,-2.41255161023218,15.9942301411668));
#4552=CARTESIAN_POINT('Ctrl Pts',(20.000000000008,-2.7022459531914,15.9499055644597));
#4553=CARTESIAN_POINT('Ctrl Pts',(20.000000000008,-2.95572850328072,15.911121559841));
#4554=CARTESIAN_POINT('Ctrl Pts',(20.000000000008,-3.20853036192469,15.866285636522));
#4555=CARTESIAN_POINT('Ctrl Pts',(20.000000000008,-3.4604372629757,15.8154340499361));
#4556=CARTESIAN_POINT('Ctrl Pts',(20.000000000008,-3.49120807106536,15.8092224518998));
#4557=CARTESIAN_POINT('Ctrl Pts',(20.000000000008,-3.52196268233315,15.8029216344546));
#4558=CARTESIAN_POINT('Ctrl Pts',(20.000000000008,-3.5526924562578,15.7965334652676));
#4559=CARTESIAN_POINT('Ctrl Pts',(20.000000000008,-3.90132132290025,15.724059772847));
#4560=CARTESIAN_POINT('Ctrl Pts',(20.000000000008,-4.2470642283881,15.6402849705766));
#4561=CARTESIAN_POINT('Ctrl Pts',(20.000000000008,-4.58938230672385,15.5454786508385));
#4562=CARTESIAN_POINT('Ctrl Pts',(20.000000000008,-4.93562568877783,15.4495852030084));
#4563=CARTESIAN_POINT('Ctrl Pts',(20.000000000008,-5.27836580890119,15.3424057267754));
#4564=CARTESIAN_POINT('Ctrl Pts',(20.000000000008,-5.61704322853685,15.2241659331444));
#4565=CARTESIAN_POINT('Ctrl Pts',(20.000000000008,-5.95587861414552,15.105870990091));
#4566=CARTESIAN_POINT('Ctrl Pts',(20.000000000008,-6.29064807461307,14.9765052524778));
#4567=CARTESIAN_POINT('Ctrl Pts',(20.000000000008,-6.62078109696502,14.8362435772409));
#4568=CARTESIAN_POINT('Ctrl Pts',(20.000000000008,-6.9480874197568,14.6971828652184));
#4569=CARTESIAN_POINT('Ctrl Pts',(20.000000000008,-7.27083688750205,14.5474117892399));
#4570=CARTESIAN_POINT('Ctrl Pts',(20.000000000008,-7.58845529787848,14.3870533649628));
#4571=CARTESIAN_POINT('Ctrl Pts',(20.000000000008,-7.88489736722295,14.2373864011582));
#4572=CARTESIAN_POINT('Ctrl Pts',(20.000000000008,-8.17686995811995,14.0784962602707));
#4573=CARTESIAN_POINT('Ctrl Pts',(20.000000000008,-8.46388562475758,13.9104475235652));
#4574=CARTESIAN_POINT('Ctrl Pts',(20.000000000008,-8.61048862792801,13.8246109217913));
#4575=CARTESIAN_POINT('Ctrl Pts',(20.000000000008,-8.75579799875715,13.7363842809116));
#4576=CARTESIAN_POINT('Ctrl Pts',(20.000000000008,-8.89976771424892,13.6458085311483));
#4577=CARTESIAN_POINT('Ctrl Pts',(20.000000000008,-8.98857146306687,13.5899393776704));
#4578=CARTESIAN_POINT('Ctrl Pts',(20.000000000008,-9.07686548034007,13.5331764195178));
#4579=CARTESIAN_POINT('Ctrl Pts',(20.000000000008,-9.1646386262434,13.4755288990769));
#4580=CARTESIAN_POINT('Ctrl Pts',(20.000000000008,-9.19851198757039,13.453281601576));
#4581=CARTESIAN_POINT('Ctrl Pts',(20.000000000008,-9.23230777071255,13.4309025600172));
#4582=CARTESIAN_POINT('Ctrl Pts',(20.000000000008,-9.2660253245302,13.4083922950718));
#4583=CARTESIAN_POINT('Ctrl Pts',(20.000000000008,-9.29553329220007,13.3886924030263));
#4584=CARTESIAN_POINT('Ctrl Pts',(20.000000000008,-9.32497828112041,13.3688940317823));
#4585=CARTESIAN_POINT('Ctrl Pts',(20.000000000008,-9.35435310014209,13.3490022511567));
#4586=CARTESIAN_POINT('Ctrl Pts',(20.000000000008,-9.65063937564498,13.1483657267127));
#4587=CARTESIAN_POINT('Ctrl Pts',(20.000000000008,-9.93999619020596,12.9380918630869));
#4588=CARTESIAN_POINT('Ctrl Pts',(20.000000000008,-10.2220622136794,12.7186700988759));
#4589=CARTESIAN_POINT('Ctrl Pts',(20.000000000008,-10.5062348898973,12.4976095500424));
#4590=CARTESIAN_POINT('Ctrl Pts',(20.000000000008,-10.7830079071843,12.2672635985617));
#4591=CARTESIAN_POINT('Ctrl Pts',(20.000000000008,-11.0519853470877,12.0280866729719));
#4592=CARTESIAN_POINT('Ctrl Pts',(20.000000000008,-11.3214698102155,11.7884588982104));
#4593=CARTESIAN_POINT('Ctrl Pts',(20.000000000008,-11.5831297132241,11.5399664342754));
#4594=CARTESIAN_POINT('Ctrl Pts',(20.000000000008,-11.8365338855144,11.2830258444484));
#4595=CARTESIAN_POINT('Ctrl Pts',(20.000000000008,-11.9500036763191,11.1679725100325));
#4596=CARTESIAN_POINT('Ctrl Pts',(20.000000000008,-12.0618176421256,11.0512247498622));
#4597=CARTESIAN_POINT('Ctrl Pts',(20.000000000008,-12.171934575092,10.9328176612441));
#4598=CARTESIAN_POINT('Ctrl Pts',(20.000000000008,-12.2374675953059,10.8623509862029));
#4599=CARTESIAN_POINT('Ctrl Pts',(20.000000000008,-12.3023995460684,10.7912966004075));
#4600=CARTESIAN_POINT('Ctrl Pts',(20.000000000008,-12.3667214576625,10.7196616846242));
#4601=CARTESIAN_POINT('Ctrl Pts',(20.000000000008,-12.403114838552,10.6791306010404));
#4602=CARTESIAN_POINT('Ctrl Pts',(20.000000000008,-12.4393129234303,10.6384136692977));
#4603=CARTESIAN_POINT('Ctrl Pts',(20.000000000008,-12.4753140561947,10.5975121683275));
#4604=CARTESIAN_POINT('Ctrl Pts',(20.000000000008,-12.5036713300298,10.5652949858608));
#4605=CARTESIAN_POINT('Ctrl Pts',(20.000000000008,-12.5319006889205,10.5329697727004));
#4606=CARTESIAN_POINT('Ctrl Pts',(20.000000000008,-12.559999181674,10.5005399585224));
#4607=CARTESIAN_POINT('Ctrl Pts',(20.000000000008,-12.7972569255203,10.2267094505046));
#4608=CARTESIAN_POINT('Ctrl Pts',(20.000000000008,-13.0252404819696,9.94536368417768));
#4609=CARTESIAN_POINT('Ctrl Pts',(20.000000000008,-13.2435525592698,9.65695737800757));
#4610=CARTESIAN_POINT('Ctrl Pts',(20.000000000008,-13.4613039787382,9.36929174205727));
#4611=CARTESIAN_POINT('Ctrl Pts',(20.000000000008,-13.6694339315676,9.07460136002954));
#4612=CARTESIAN_POINT('Ctrl Pts',(20.000000000008,-13.8675115821645,8.77330107832241));
#4613=CARTESIAN_POINT('Ctrl Pts',(20.000000000008,-13.9854161818469,8.593953792085));
#4614=CARTESIAN_POINT('Ctrl Pts',(20.000000000008,-14.0997583656937,8.41226385065534));
#4615=CARTESIAN_POINT('Ctrl Pts',(20.000000000008,-14.2104401933724,8.22831353393674));
#4616=CARTESIAN_POINT('Ctrl Pts',(20.000000000008,-14.3965766312983,7.91895961895857));
#4617=CARTESIAN_POINT('Ctrl Pts',(20.000000000008,-14.5723634326183,7.60321399455919));
#4618=CARTESIAN_POINT('Ctrl Pts',(20.000000000008,-14.73763840527,7.28164436329819));
#4619=CARTESIAN_POINT('Ctrl Pts',(20.000000000008,-14.7783887664765,7.20235783602385));
#4620=CARTESIAN_POINT('Ctrl Pts',(20.000000000008,-14.8184998632935,7.1227171509789));
#4621=CARTESIAN_POINT('Ctrl Pts',(20.000000000008,-14.8579688156059,7.04273063128006));
#4622=CARTESIAN_POINT('Origin',(13.2500000000045,-21.0000003129244,7.16590947790902E-15));
#4623=CARTESIAN_POINT('',(5.00000000000012,-19.4000003129244,2.82898771052487E-15));
#4624=CARTESIAN_POINT('Origin',(5.00000000000012,-21.0000003129244,2.6330442226613E-15));
#4625=CARTESIAN_POINT('',(13.2500000000045,-19.4000003129244,7.36185296577259E-15));
#4626=CARTESIAN_POINT('Origin',(13.2500000000045,21.0000003129244,7.16590947790902E-15));
#4627=CARTESIAN_POINT('',(5.00000000000012,22.6000003129244,2.82898771052487E-15));
#4628=CARTESIAN_POINT('Origin',(5.00000000000012,21.0000003129244,2.6330442226613E-15));
#4629=CARTESIAN_POINT('',(13.2500000000045,22.6000003129244,7.36185296577259E-15));
#4630=CARTESIAN_POINT('Origin',(13.2500000000045,0.,21.0000003129244));
#4631=CARTESIAN_POINT('',(5.00000000000011,1.6,21.0000003129244));
#4632=CARTESIAN_POINT('Origin',(5.00000000000011,0.,21.0000003129244));
#4633=CARTESIAN_POINT('',(13.2500000000045,1.6,21.0000003129244));
#4634=CARTESIAN_POINT('Origin',(13.2500000000045,0.,-21.0000003129244));
#4635=CARTESIAN_POINT('',(5.00000000000013,1.6,-21.0000003129244));
#4636=CARTESIAN_POINT('Origin',(5.00000000000013,0.,-21.0000003129244));
#4637=CARTESIAN_POINT('',(13.2500000000045,1.6,-21.0000003129244));
#4638=CARTESIAN_POINT('Origin',(20.000000000008,0.,17.));
#4639=CARTESIAN_POINT('',(20.0000000000066,-1.59204083889156E-15,-13.));
#4640=CARTESIAN_POINT('Origin',(20.0000000000066,0.,1.60619571940415E-14));
#4641=CARTESIAN_POINT('Origin',(15.0000000000041,0.,1.20464678955304E-14));
#4642=CARTESIAN_POINT('Origin',(2.50000000000005,0.,2.00774464925456E-15));
#4643=CARTESIAN_POINT('',(5.00000000000014,-3.07386346585986E-15,-25.1));
#4644=CARTESIAN_POINT('',(2.50000000000007,-3.07386346585986E-15,-25.1));
#4645=CARTESIAN_POINT('Origin',(5.00000000000012,0.,4.01548929850914E-15));
#4646=CARTESIAN_POINT('Origin',(5.00000000000011,0.,13.));
#4647=CARTESIAN_POINT('',(5.00000000000013,-1.59204083889156E-15,-13.));
#4648=CARTESIAN_POINT('Origin',(5.00000000000012,0.,4.01548929850914E-15));
#4649=CARTESIAN_POINT('Origin',(12.5000000000001,0.,1.00387232462727E-14));
#4650=CARTESIAN_POINT('',(12.5000000000001,-1.59204083889156E-15,-13.));
#4651=UNCERTAINTY_MEASURE_WITH_UNIT(LENGTH_MEASURE(0.01),#4655,
'DISTANCE_ACCURACY_VALUE',
'Maximum model space distance between geometric entities at asserted c
onnectivities');
#4652=UNCERTAINTY_MEASURE_WITH_UNIT(LENGTH_MEASURE(0.01),#4655,
'DISTANCE_ACCURACY_VALUE',
'Maximum model space distance between geometric entities at asserted c
onnectivities');
#4653=(
GEOMETRIC_REPRESENTATION_CONTEXT(3)
GLOBAL_UNCERTAINTY_ASSIGNED_CONTEXT((#4651))
GLOBAL_UNIT_ASSIGNED_CONTEXT((#4655,#4657,#4658))
REPRESENTATION_CONTEXT('','3D')
);
#4654=(
GEOMETRIC_REPRESENTATION_CONTEXT(3)
GLOBAL_UNCERTAINTY_ASSIGNED_CONTEXT((#4652))
GLOBAL_UNIT_ASSIGNED_CONTEXT((#4655,#4657,#4658))
REPRESENTATION_CONTEXT('','3D')
);
#4655=(
LENGTH_UNIT()
NAMED_UNIT(*)
SI_UNIT(.MILLI.,.METRE.)
);
#4656=(
LENGTH_UNIT()
NAMED_UNIT(*)
SI_UNIT($,.METRE.)
);
#4657=(
NAMED_UNIT(*)
PLANE_ANGLE_UNIT()
SI_UNIT($,.RADIAN.)
);
#4658=(
NAMED_UNIT(*)
SI_UNIT($,.STERADIAN.)
SOLID_ANGLE_UNIT()
);
#4659=SHAPE_DEFINITION_REPRESENTATION(#4660,#4661);
#4660=PRODUCT_DEFINITION_SHAPE('',$,#4663);
#4661=SHAPE_REPRESENTATION('',(#1213),#4653);
#4662=PRODUCT_DEFINITION_CONTEXT('part definition',#4667,'design');
#4663=PRODUCT_DEFINITION('2026-08-03-19-34-29-053',
'adjustmentMechanismConnectorFiberHolder',#4664,#4662);
#4664=PRODUCT_DEFINITION_FORMATION('',$,#4669);
#4665=PRODUCT_RELATED_PRODUCT_CATEGORY(
'adjustmentMechanismConnectorFiberHolder',
'adjustmentMechanismConnectorFiberHolder',(#4669));
#4666=APPLICATION_PROTOCOL_DEFINITION('international standard',
'automotive_design',2009,#4667);
#4667=APPLICATION_CONTEXT(
'Core Data for Automotive Mechanical Design Process');
#4668=PRODUCT_CONTEXT('part definition',#4667,'mechanical');
#4669=PRODUCT('2026-08-03-19-34-29-053',
'adjustmentMechanismConnectorFiberHolder',$,(#4668));
#4670=PRESENTATION_STYLE_ASSIGNMENT((#4671));
#4671=SURFACE_STYLE_USAGE(.BOTH.,#4672);
#4672=SURFACE_SIDE_STYLE('',(#4673));
#4673=SURFACE_STYLE_FILL_AREA(#4674);
#4674=FILL_AREA_STYLE('Steel - Satin',(#4675));
#4675=FILL_AREA_STYLE_COLOUR('Steel - Satin',#4676);
#4676=COLOUR_RGB('Steel - Satin',0.627450980392157,0.627450980392157,0.627450980392157);
ENDSEC;
END-ISO-10303-21;
