ISO-10303-21;
HEADER;
/* Generated by software containing ST-Developer
 * from STEP Tools, Inc. (www.steptools.com) 
 */

FILE_DESCRIPTION(
/* description */ (''),
/* implementation_level */ '2;1');

FILE_NAME(
/* name */ 'fiberHolderCase1.step',
/* time_stamp */ '2026-08-03T19:35:23+02:00',
/* author */ (''),
/* organization */ (''),
/* preprocessor_version */ 'ST-DEVELOPER v20.1',
/* originating_system */ 'Autodesk Translation Framework v15.8.0.0',
/* authorisation */ '');

FILE_SCHEMA (('AUTOMOTIVE_DESIGN { 1 0 10303 214 3 1 1 }'));
ENDSEC;

DATA;
#10=MECHANICAL_DESIGN_GEOMETRIC_PRESENTATION_REPRESENTATION('',(#13),#3185);
#11=SHAPE_REPRESENTATION_RELATIONSHIP('SRR','None',#3192,#12);
#12=ADVANCED_BREP_SHAPE_REPRESENTATION('',(#14),#3184);
#13=STYLED_ITEM('',(#3201),#14);
#14=MANIFOLD_SOLID_BREP('Body2',#1793);
#15=CONICAL_SURFACE('',#1909,19.,0.785398163397448);
#16=CONICAL_SURFACE('',#1913,20.,0.785398163397448);
#17=B_SPLINE_CURVE_WITH_KNOTS('',3,(#2832,#2833,#2834,#2835,#2836,#2837,
#2838,#2839,#2840,#2841,#2842,#2843,#2844,#2845,#2846,#2847,#2848,#2849,
#2850,#2851,#2852,#2853,#2854),.UNSPECIFIED.,.F.,.F.,(4,3,2,2,2,2,2,2,2,
2,4),(-0.0818496757191615,0.,0.102625503149839,0.205251006299679,0.274548579138161,
0.343846151976643,0.413143724815126,0.482441297653609,0.585066800803447,
0.687692303953285,0.76954197953014),.UNSPECIFIED.);
#18=B_SPLINE_CURVE_WITH_KNOTS('',3,(#2859,#2860,#2861,#2862,#2863,#2864,
#2865,#2866,#2867,#2868,#2869,#2870,#2871,#2872,#2873,#2874,#2875,#2876,
#2877,#2878,#2879,#2880,#2881),.UNSPECIFIED.,.F.,.F.,(4,3,2,2,2,2,2,2,2,
2,4),(-0.0818496757191651,0.,0.102625503149839,0.205251006299678,0.274548579138161,
0.343846151976643,0.413143724815125,0.482441297653608,0.585066800803447,
0.687692303953285,0.769541979530141),.UNSPECIFIED.);
#19=B_SPLINE_CURVE_WITH_KNOTS('',3,(#2895,#2896,#2897,#2898,#2899,#2900,
#2901,#2902,#2903,#2904,#2905,#2906,#2907,#2908,#2909,#2910,#2911,#2912,
#2913,#2914,#2915,#2916,#2917,#2918,#2919,#2920,#2921),.UNSPECIFIED.,.F.,
 .F.,(4,2,3,2,2,2,2,2,2,2,2,2,4),(-0.237017437941988,-0.164566350167139,
0.,0.149936852291642,0.299873704583283,0.400494657401963,0.501115610220642,
0.601736563039321,0.702357515858,0.852294368149642,1.00223122044128,1.16679757060842,
1.23924865838327),.UNSPECIFIED.);
#20=B_SPLINE_CURVE_WITH_KNOTS('',3,(#2926,#2927,#2928,#2929,#2930,#2931,
#2932,#2933,#2934,#2935,#2936,#2937,#2938,#2939,#2940,#2941,#2942,#2943,
#2944,#2945,#2946,#2947,#2948,#2949,#2950,#2951,#2952),.UNSPECIFIED.,.F.,
 .F.,(4,2,3,2,2,2,2,2,2,2,2,2,4),(-0.237017437941988,-0.164566350167139,
0.,0.149936852291642,0.299873704583283,0.400494657401963,0.501115610220642,
0.601736563039321,0.702357515858,0.852294368149642,1.00223122044128,1.16679757060842,
1.23924865838327),.UNSPECIFIED.);
#21=B_SPLINE_CURVE_WITH_KNOTS('',3,(#2957,#2958,#2959,#2960,#2961,#2962,
#2963,#2964,#2965,#2966,#2967,#2968,#2969,#2970,#2971,#2972,#2973,#2974,
#2975,#2976,#2977,#2978,#2979,#2980,#2981,#2982,#2983),.UNSPECIFIED.,.F.,
 .F.,(4,2,3,2,2,2,2,2,2,2,2,2,4),(-0.237017437941988,-0.164566350167139,
0.,0.149936852291641,0.299873704583283,0.400494657401962,0.501115610220642,
0.601736563039321,0.702357515858,0.852294368149642,1.00223122044128,1.16679757060842,
1.23924865838327),.UNSPECIFIED.);
#22=B_SPLINE_CURVE_WITH_KNOTS('',3,(#2988,#2989,#2990,#2991,#2992,#2993,
#2994,#2995,#2996,#2997,#2998,#2999,#3000,#3001,#3002,#3003,#3004,#3005,
#3006,#3007,#3008,#3009,#3010,#3011,#3012,#3013,#3014),.UNSPECIFIED.,.F.,
 .F.,(4,2,3,2,2,2,2,2,2,2,2,2,4),(-0.237017437941988,-0.164566350167139,
0.,0.149936852291641,0.299873704583283,0.400494657401962,0.501115610220642,
0.601736563039321,0.702357515858,0.852294368149642,1.00223122044128,1.16679757060842,
1.23924865838327),.UNSPECIFIED.);
#23=CYLINDRICAL_SURFACE('',#1879,2.);
#24=CYLINDRICAL_SURFACE('',#1881,2.);
#25=CYLINDRICAL_SURFACE('',#1890,3.);
#26=CYLINDRICAL_SURFACE('',#1892,3.);
#27=CYLINDRICAL_SURFACE('',#1894,3.);
#28=CYLINDRICAL_SURFACE('',#1896,3.);
#29=CYLINDRICAL_SURFACE('',#1911,17.5);
#30=CYLINDRICAL_SURFACE('',#1915,2.);
#31=CYLINDRICAL_SURFACE('',#1917,2.);
#32=CYLINDRICAL_SURFACE('',#1919,2.);
#33=CYLINDRICAL_SURFACE('',#1921,2.);
#34=CYLINDRICAL_SURFACE('',#1923,10.);
#35=CYLINDRICAL_SURFACE('',#1930,3.5);
#36=CYLINDRICAL_SURFACE('',#1934,1.25);
#37=CYLINDRICAL_SURFACE('',#1936,1.25);
#38=CYLINDRICAL_SURFACE('',#1946,3.5);
#39=CYLINDRICAL_SURFACE('',#1949,1.6);
#40=CYLINDRICAL_SURFACE('',#1950,1.6);
#41=CYLINDRICAL_SURFACE('',#1951,1.6);
#42=CYLINDRICAL_SURFACE('',#1952,1.6);
#43=CYLINDRICAL_SURFACE('',#1953,1.75);
#44=CYLINDRICAL_SURFACE('',#1956,1.75);
#45=CYLINDRICAL_SURFACE('',#1959,1.75);
#46=CYLINDRICAL_SURFACE('',#1962,1.75);
#47=CYLINDRICAL_SURFACE('',#1965,1.75);
#48=CYLINDRICAL_SURFACE('',#1968,1.75);
#49=CYLINDRICAL_SURFACE('',#1971,1.75);
#50=CYLINDRICAL_SURFACE('',#1974,1.75);
#51=CYLINDRICAL_SURFACE('',#1977,25.);
#52=CYLINDRICAL_SURFACE('',#1978,22.5);
#53=CYLINDRICAL_SURFACE('',#1983,4.5);
#54=CYLINDRICAL_SURFACE('',#1987,3.5);
#55=CYLINDRICAL_SURFACE('',#1991,4.5);
#56=ELLIPSE('',#1832,20.2072594216369,17.5);
#57=ELLIPSE('',#1835,20.2072594216369,17.5);
#58=ELLIPSE('',#1837,20.2072594216369,17.5);
#59=ELLIPSE('',#1839,20.2072594216369,17.5);
#60=ELLIPSE('',#1845,20.2072594216369,17.5);
#61=ELLIPSE('',#1847,20.2072594216369,17.5);
#62=ELLIPSE('',#1850,20.2072594216369,17.5);
#63=ELLIPSE('',#1852,20.2072594216369,17.5);
#64=ELLIPSE('',#1856,20.2072594216369,17.5);
#65=ELLIPSE('',#1859,20.2072594216369,17.5);
#66=ELLIPSE('',#1861,20.2072594216369,17.5);
#67=ELLIPSE('',#1863,20.2072594216369,17.5);
#68=ELLIPSE('',#1868,20.2072594216369,17.5);
#69=ELLIPSE('',#1871,20.2072594216369,17.5);
#70=ELLIPSE('',#1873,20.2072594216369,17.5);
#71=ELLIPSE('',#1875,20.2072594216369,17.5);
#72=FACE_BOUND('',#290,.T.);
#73=FACE_BOUND('',#291,.T.);
#74=FACE_BOUND('',#292,.T.);
#75=FACE_BOUND('',#293,.T.);
#76=FACE_BOUND('',#294,.T.);
#77=FACE_BOUND('',#295,.T.);
#78=FACE_BOUND('',#297,.T.);
#79=FACE_BOUND('',#298,.T.);
#80=FACE_BOUND('',#299,.T.);
#81=FACE_BOUND('',#300,.T.);
#82=FACE_BOUND('',#301,.T.);
#83=FACE_BOUND('',#302,.T.);
#84=FACE_BOUND('',#311,.T.);
#85=FACE_BOUND('',#319,.T.);
#86=FACE_BOUND('',#327,.T.);
#87=FACE_BOUND('',#335,.T.);
#88=FACE_BOUND('',#339,.T.);
#89=FACE_BOUND('',#340,.T.);
#90=FACE_BOUND('',#346,.T.);
#91=FACE_BOUND('',#347,.T.);
#92=FACE_BOUND('',#348,.T.);
#93=FACE_BOUND('',#349,.T.);
#94=FACE_BOUND('',#350,.T.);
#95=FACE_BOUND('',#353,.T.);
#96=FACE_BOUND('',#354,.T.);
#97=FACE_BOUND('',#355,.T.);
#98=FACE_BOUND('',#356,.T.);
#99=FACE_BOUND('',#364,.T.);
#100=FACE_BOUND('',#368,.T.);
#101=FACE_BOUND('',#369,.T.);
#102=FACE_BOUND('',#370,.T.);
#103=FACE_BOUND('',#371,.T.);
#104=FACE_BOUND('',#372,.T.);
#105=FACE_BOUND('',#405,.T.);
#106=FACE_BOUND('',#406,.T.);
#107=FACE_BOUND('',#407,.T.);
#108=FACE_BOUND('',#408,.T.);
#109=CIRCLE('',#1817,1.6);
#110=CIRCLE('',#1818,1.6);
#111=CIRCLE('',#1819,1.75);
#112=CIRCLE('',#1820,1.75);
#113=CIRCLE('',#1821,1.75);
#114=CIRCLE('',#1822,1.75);
#115=CIRCLE('',#1824,1.75);
#116=CIRCLE('',#1825,1.75);
#117=CIRCLE('',#1826,1.75);
#118=CIRCLE('',#1827,1.75);
#119=CIRCLE('',#1828,1.6);
#120=CIRCLE('',#1829,1.6);
#121=CIRCLE('',#1842,1.6);
#122=CIRCLE('',#1854,1.6);
#123=CIRCLE('',#1866,1.6);
#124=CIRCLE('',#1878,1.6);
#125=CIRCLE('',#1880,2.);
#126=CIRCLE('',#1882,2.);
#127=CIRCLE('',#1884,20.5);
#128=CIRCLE('',#1885,22.5);
#129=CIRCLE('',#1886,20.5);
#130=CIRCLE('',#1887,20.5);
#131=CIRCLE('',#1888,1.25);
#132=CIRCLE('',#1889,1.25);
#133=CIRCLE('',#1891,3.);
#134=CIRCLE('',#1893,3.);
#135=CIRCLE('',#1895,3.);
#136=CIRCLE('',#1897,3.);
#137=CIRCLE('',#1899,25.);
#138=CIRCLE('',#1900,2.);
#139=CIRCLE('',#1901,2.);
#140=CIRCLE('',#1902,2.);
#141=CIRCLE('',#1903,2.);
#142=CIRCLE('',#1904,22.5);
#143=CIRCLE('',#1905,22.5);
#144=CIRCLE('',#1906,22.5);
#145=CIRCLE('',#1907,22.5);
#146=CIRCLE('',#1908,22.5);
#147=CIRCLE('',#1910,17.5);
#148=CIRCLE('',#1912,17.5);
#149=CIRCLE('',#1914,17.5);
#150=CIRCLE('',#1916,2.);
#151=CIRCLE('',#1918,2.);
#152=CIRCLE('',#1920,2.);
#153=CIRCLE('',#1922,2.);
#154=CIRCLE('',#1924,10.);
#155=CIRCLE('',#1925,10.);
#156=CIRCLE('',#1927,3.5);
#157=CIRCLE('',#1929,3.5);
#158=CIRCLE('',#1931,3.5);
#159=CIRCLE('',#1933,25.);
#160=CIRCLE('',#1935,1.25);
#161=CIRCLE('',#1937,1.25);
#162=CIRCLE('',#1939,22.5);
#163=CIRCLE('',#1945,22.5);
#164=CIRCLE('',#1947,3.5);
#165=CIRCLE('',#1948,3.5);
#166=CIRCLE('',#1954,1.75);
#167=CIRCLE('',#1957,1.75);
#168=CIRCLE('',#1960,1.75);
#169=CIRCLE('',#1963,1.75);
#170=CIRCLE('',#1966,1.75);
#171=CIRCLE('',#1969,1.75);
#172=CIRCLE('',#1972,1.75);
#173=CIRCLE('',#1975,1.75);
#174=CIRCLE('',#1979,22.5);
#175=CIRCLE('',#1982,4.5);
#176=CIRCLE('',#1984,4.5);
#177=CIRCLE('',#1986,3.5);
#178=CIRCLE('',#1988,3.5);
#179=CIRCLE('',#1990,4.5);
#180=CIRCLE('',#1992,4.5);
#181=FACE_OUTER_BOUND('',#280,.T.);
#182=FACE_OUTER_BOUND('',#281,.T.);
#183=FACE_OUTER_BOUND('',#282,.T.);
#184=FACE_OUTER_BOUND('',#283,.T.);
#185=FACE_OUTER_BOUND('',#284,.T.);
#186=FACE_OUTER_BOUND('',#285,.T.);
#187=FACE_OUTER_BOUND('',#286,.T.);
#188=FACE_OUTER_BOUND('',#287,.T.);
#189=FACE_OUTER_BOUND('',#288,.T.);
#190=FACE_OUTER_BOUND('',#289,.T.);
#191=FACE_OUTER_BOUND('',#296,.T.);
#192=FACE_OUTER_BOUND('',#303,.T.);
#193=FACE_OUTER_BOUND('',#304,.T.);
#194=FACE_OUTER_BOUND('',#305,.T.);
#195=FACE_OUTER_BOUND('',#306,.T.);
#196=FACE_OUTER_BOUND('',#307,.T.);
#197=FACE_OUTER_BOUND('',#308,.T.);
#198=FACE_OUTER_BOUND('',#309,.T.);
#199=FACE_OUTER_BOUND('',#310,.T.);
#200=FACE_OUTER_BOUND('',#312,.T.);
#201=FACE_OUTER_BOUND('',#313,.T.);
#202=FACE_OUTER_BOUND('',#314,.T.);
#203=FACE_OUTER_BOUND('',#315,.T.);
#204=FACE_OUTER_BOUND('',#316,.T.);
#205=FACE_OUTER_BOUND('',#317,.T.);
#206=FACE_OUTER_BOUND('',#318,.T.);
#207=FACE_OUTER_BOUND('',#320,.T.);
#208=FACE_OUTER_BOUND('',#321,.T.);
#209=FACE_OUTER_BOUND('',#322,.T.);
#210=FACE_OUTER_BOUND('',#323,.T.);
#211=FACE_OUTER_BOUND('',#324,.T.);
#212=FACE_OUTER_BOUND('',#325,.T.);
#213=FACE_OUTER_BOUND('',#326,.T.);
#214=FACE_OUTER_BOUND('',#328,.T.);
#215=FACE_OUTER_BOUND('',#329,.T.);
#216=FACE_OUTER_BOUND('',#330,.T.);
#217=FACE_OUTER_BOUND('',#331,.T.);
#218=FACE_OUTER_BOUND('',#332,.T.);
#219=FACE_OUTER_BOUND('',#333,.T.);
#220=FACE_OUTER_BOUND('',#334,.T.);
#221=FACE_OUTER_BOUND('',#336,.T.);
#222=FACE_OUTER_BOUND('',#337,.T.);
#223=FACE_OUTER_BOUND('',#338,.T.);
#224=FACE_OUTER_BOUND('',#341,.T.);
#225=FACE_OUTER_BOUND('',#342,.T.);
#226=FACE_OUTER_BOUND('',#343,.T.);
#227=FACE_OUTER_BOUND('',#344,.T.);
#228=FACE_OUTER_BOUND('',#345,.T.);
#229=FACE_OUTER_BOUND('',#351,.T.);
#230=FACE_OUTER_BOUND('',#352,.T.);
#231=FACE_OUTER_BOUND('',#357,.T.);
#232=FACE_OUTER_BOUND('',#358,.T.);
#233=FACE_OUTER_BOUND('',#359,.T.);
#234=FACE_OUTER_BOUND('',#360,.T.);
#235=FACE_OUTER_BOUND('',#361,.T.);
#236=FACE_OUTER_BOUND('',#362,.T.);
#237=FACE_OUTER_BOUND('',#363,.T.);
#238=FACE_OUTER_BOUND('',#365,.T.);
#239=FACE_OUTER_BOUND('',#366,.T.);
#240=FACE_OUTER_BOUND('',#367,.T.);
#241=FACE_OUTER_BOUND('',#373,.T.);
#242=FACE_OUTER_BOUND('',#374,.T.);
#243=FACE_OUTER_BOUND('',#375,.T.);
#244=FACE_OUTER_BOUND('',#376,.T.);
#245=FACE_OUTER_BOUND('',#377,.T.);
#246=FACE_OUTER_BOUND('',#378,.T.);
#247=FACE_OUTER_BOUND('',#379,.T.);
#248=FACE_OUTER_BOUND('',#380,.T.);
#249=FACE_OUTER_BOUND('',#381,.T.);
#250=FACE_OUTER_BOUND('',#382,.T.);
#251=FACE_OUTER_BOUND('',#383,.T.);
#252=FACE_OUTER_BOUND('',#384,.T.);
#253=FACE_OUTER_BOUND('',#385,.T.);
#254=FACE_OUTER_BOUND('',#386,.T.);
#255=FACE_OUTER_BOUND('',#387,.T.);
#256=FACE_OUTER_BOUND('',#388,.T.);
#257=FACE_OUTER_BOUND('',#389,.T.);
#258=FACE_OUTER_BOUND('',#390,.T.);
#259=FACE_OUTER_BOUND('',#391,.T.);
#260=FACE_OUTER_BOUND('',#392,.T.);
#261=FACE_OUTER_BOUND('',#393,.T.);
#262=FACE_OUTER_BOUND('',#394,.T.);
#263=FACE_OUTER_BOUND('',#395,.T.);
#264=FACE_OUTER_BOUND('',#396,.T.);
#265=FACE_OUTER_BOUND('',#397,.T.);
#266=FACE_OUTER_BOUND('',#398,.T.);
#267=FACE_OUTER_BOUND('',#399,.T.);
#268=FACE_OUTER_BOUND('',#400,.T.);
#269=FACE_OUTER_BOUND('',#401,.T.);
#270=FACE_OUTER_BOUND('',#402,.T.);
#271=FACE_OUTER_BOUND('',#403,.T.);
#272=FACE_OUTER_BOUND('',#404,.T.);
#273=FACE_OUTER_BOUND('',#409,.T.);
#274=FACE_OUTER_BOUND('',#410,.T.);
#275=FACE_OUTER_BOUND('',#411,.T.);
#276=FACE_OUTER_BOUND('',#412,.T.);
#277=FACE_OUTER_BOUND('',#413,.T.);
#278=FACE_OUTER_BOUND('',#414,.T.);
#279=FACE_OUTER_BOUND('',#415,.T.);
#280=EDGE_LOOP('',(#1134,#1135,#1136,#1137,#1138));
#281=EDGE_LOOP('',(#1139,#1140,#1141,#1142,#1143));
#282=EDGE_LOOP('',(#1144,#1145,#1146,#1147));
#283=EDGE_LOOP('',(#1148,#1149,#1150,#1151));
#284=EDGE_LOOP('',(#1152,#1153,#1154,#1155,#1156));
#285=EDGE_LOOP('',(#1157,#1158,#1159,#1160,#1161));
#286=EDGE_LOOP('',(#1162,#1163,#1164,#1165));
#287=EDGE_LOOP('',(#1166,#1167,#1168,#1169));
#288=EDGE_LOOP('',(#1170,#1171,#1172,#1173,#1174,#1175,#1176));
#289=EDGE_LOOP('',(#1177,#1178,#1179,#1180,#1181,#1182,#1183,#1184,#1185,
#1186,#1187,#1188));
#290=EDGE_LOOP('',(#1189));
#291=EDGE_LOOP('',(#1190));
#292=EDGE_LOOP('',(#1191));
#293=EDGE_LOOP('',(#1192));
#294=EDGE_LOOP('',(#1193));
#295=EDGE_LOOP('',(#1194));
#296=EDGE_LOOP('',(#1195,#1196,#1197,#1198,#1199,#1200,#1201,#1202,#1203,
#1204,#1205,#1206));
#297=EDGE_LOOP('',(#1207));
#298=EDGE_LOOP('',(#1208));
#299=EDGE_LOOP('',(#1209));
#300=EDGE_LOOP('',(#1210));
#301=EDGE_LOOP('',(#1211));
#302=EDGE_LOOP('',(#1212));
#303=EDGE_LOOP('',(#1213,#1214,#1215,#1216,#1217,#1218,#1219));
#304=EDGE_LOOP('',(#1220,#1221,#1222,#1223));
#305=EDGE_LOOP('',(#1224,#1225,#1226,#1227));
#306=EDGE_LOOP('',(#1228,#1229,#1230,#1231));
#307=EDGE_LOOP('',(#1232,#1233,#1234,#1235));
#308=EDGE_LOOP('',(#1236,#1237,#1238,#1239));
#309=EDGE_LOOP('',(#1240,#1241,#1242,#1243));
#310=EDGE_LOOP('',(#1244,#1245,#1246,#1247,#1248,#1249));
#311=EDGE_LOOP('',(#1250));
#312=EDGE_LOOP('',(#1251,#1252,#1253,#1254));
#313=EDGE_LOOP('',(#1255,#1256,#1257,#1258));
#314=EDGE_LOOP('',(#1259,#1260,#1261,#1262));
#315=EDGE_LOOP('',(#1263,#1264,#1265,#1266));
#316=EDGE_LOOP('',(#1267,#1268,#1269,#1270));
#317=EDGE_LOOP('',(#1271,#1272,#1273,#1274));
#318=EDGE_LOOP('',(#1275,#1276,#1277,#1278,#1279,#1280));
#319=EDGE_LOOP('',(#1281));
#320=EDGE_LOOP('',(#1282,#1283,#1284,#1285));
#321=EDGE_LOOP('',(#1286,#1287,#1288,#1289));
#322=EDGE_LOOP('',(#1290,#1291,#1292,#1293));
#323=EDGE_LOOP('',(#1294,#1295,#1296,#1297));
#324=EDGE_LOOP('',(#1298,#1299,#1300,#1301));
#325=EDGE_LOOP('',(#1302,#1303,#1304,#1305));
#326=EDGE_LOOP('',(#1306,#1307,#1308,#1309,#1310,#1311));
#327=EDGE_LOOP('',(#1312));
#328=EDGE_LOOP('',(#1313,#1314,#1315,#1316));
#329=EDGE_LOOP('',(#1317,#1318,#1319,#1320));
#330=EDGE_LOOP('',(#1321,#1322,#1323,#1324));
#331=EDGE_LOOP('',(#1325,#1326,#1327,#1328));
#332=EDGE_LOOP('',(#1329,#1330,#1331,#1332));
#333=EDGE_LOOP('',(#1333,#1334,#1335,#1336));
#334=EDGE_LOOP('',(#1337,#1338,#1339,#1340,#1341,#1342));
#335=EDGE_LOOP('',(#1343));
#336=EDGE_LOOP('',(#1344,#1345));
#337=EDGE_LOOP('',(#1346,#1347));
#338=EDGE_LOOP('',(#1348,#1349,#1350,#1351,#1352,#1353,#1354,#1355));
#339=EDGE_LOOP('',(#1356));
#340=EDGE_LOOP('',(#1357));
#341=EDGE_LOOP('',(#1358,#1359));
#342=EDGE_LOOP('',(#1360,#1361));
#343=EDGE_LOOP('',(#1362,#1363));
#344=EDGE_LOOP('',(#1364,#1365));
#345=EDGE_LOOP('',(#1366));
#346=EDGE_LOOP('',(#1367));
#347=EDGE_LOOP('',(#1368));
#348=EDGE_LOOP('',(#1369));
#349=EDGE_LOOP('',(#1370));
#350=EDGE_LOOP('',(#1371,#1372,#1373,#1374,#1375,#1376,#1377,#1378,#1379));
#351=EDGE_LOOP('',(#1380,#1381,#1382,#1383,#1384,#1385,#1386,#1387));
#352=EDGE_LOOP('',(#1388,#1389,#1390,#1391));
#353=EDGE_LOOP('',(#1392,#1393,#1394,#1395,#1396,#1397));
#354=EDGE_LOOP('',(#1398,#1399,#1400,#1401,#1402,#1403));
#355=EDGE_LOOP('',(#1404,#1405,#1406,#1407,#1408,#1409));
#356=EDGE_LOOP('',(#1410,#1411,#1412,#1413,#1414,#1415));
#357=EDGE_LOOP('',(#1416,#1417,#1418,#1419,#1420,#1421,#1422,#1423,#1424,
#1425,#1426,#1427,#1428));
#358=EDGE_LOOP('',(#1429,#1430,#1431,#1432));
#359=EDGE_LOOP('',(#1433,#1434,#1435,#1436));
#360=EDGE_LOOP('',(#1437,#1438,#1439,#1440));
#361=EDGE_LOOP('',(#1441,#1442,#1443,#1444));
#362=EDGE_LOOP('',(#1445,#1446,#1447,#1448));
#363=EDGE_LOOP('',(#1449));
#364=EDGE_LOOP('',(#1450));
#365=EDGE_LOOP('',(#1451,#1452,#1453,#1454,#1455,#1456,#1457,#1458,#1459,
#1460,#1461,#1462));
#366=EDGE_LOOP('',(#1463,#1464,#1465,#1466,#1467,#1468,#1469));
#367=EDGE_LOOP('',(#1470));
#368=EDGE_LOOP('',(#1471));
#369=EDGE_LOOP('',(#1472));
#370=EDGE_LOOP('',(#1473));
#371=EDGE_LOOP('',(#1474));
#372=EDGE_LOOP('',(#1475));
#373=EDGE_LOOP('',(#1476,#1477,#1478,#1479));
#374=EDGE_LOOP('',(#1480,#1481,#1482,#1483));
#375=EDGE_LOOP('',(#1484,#1485,#1486,#1487,#1488,#1489));
#376=EDGE_LOOP('',(#1490,#1491,#1492,#1493));
#377=EDGE_LOOP('',(#1494,#1495,#1496,#1497));
#378=EDGE_LOOP('',(#1498,#1499,#1500,#1501));
#379=EDGE_LOOP('',(#1502,#1503,#1504,#1505));
#380=EDGE_LOOP('',(#1506,#1507,#1508,#1509,#1510,#1511));
#381=EDGE_LOOP('',(#1512,#1513,#1514,#1515,#1516,#1517));
#382=EDGE_LOOP('',(#1518,#1519,#1520,#1521));
#383=EDGE_LOOP('',(#1522,#1523,#1524,#1525));
#384=EDGE_LOOP('',(#1526,#1527,#1528,#1529));
#385=EDGE_LOOP('',(#1530,#1531,#1532,#1533));
#386=EDGE_LOOP('',(#1534,#1535,#1536,#1537));
#387=EDGE_LOOP('',(#1538));
#388=EDGE_LOOP('',(#1539,#1540,#1541,#1542));
#389=EDGE_LOOP('',(#1543));
#390=EDGE_LOOP('',(#1544,#1545,#1546,#1547));
#391=EDGE_LOOP('',(#1548));
#392=EDGE_LOOP('',(#1549,#1550,#1551,#1552));
#393=EDGE_LOOP('',(#1553));
#394=EDGE_LOOP('',(#1554,#1555,#1556,#1557));
#395=EDGE_LOOP('',(#1558));
#396=EDGE_LOOP('',(#1559,#1560,#1561,#1562));
#397=EDGE_LOOP('',(#1563));
#398=EDGE_LOOP('',(#1564,#1565,#1566,#1567));
#399=EDGE_LOOP('',(#1568));
#400=EDGE_LOOP('',(#1569,#1570,#1571,#1572));
#401=EDGE_LOOP('',(#1573));
#402=EDGE_LOOP('',(#1574,#1575,#1576,#1577));
#403=EDGE_LOOP('',(#1578,#1579,#1580,#1581,#1582,#1583,#1584,#1585));
#404=EDGE_LOOP('',(#1586,#1587,#1588,#1589,#1590,#1591));
#405=EDGE_LOOP('',(#1592,#1593,#1594,#1595));
#406=EDGE_LOOP('',(#1596,#1597,#1598,#1599));
#407=EDGE_LOOP('',(#1600));
#408=EDGE_LOOP('',(#1601));
#409=EDGE_LOOP('',(#1602,#1603,#1604,#1605));
#410=EDGE_LOOP('',(#1606,#1607,#1608,#1609));
#411=EDGE_LOOP('',(#1610,#1611,#1612,#1613));
#412=EDGE_LOOP('',(#1614,#1615,#1616,#1617));
#413=EDGE_LOOP('',(#1618,#1619,#1620,#1621));
#414=EDGE_LOOP('',(#1622,#1623,#1624,#1625));
#415=EDGE_LOOP('',(#1626,#1627,#1628,#1629));
#416=LINE('',#2528,#570);
#417=LINE('',#2530,#571);
#418=LINE('',#2532,#572);
#419=LINE('',#2534,#573);
#420=LINE('',#2535,#574);
#421=LINE('',#2539,#575);
#422=LINE('',#2541,#576);
#423=LINE('',#2543,#577);
#424=LINE('',#2545,#578);
#425=LINE('',#2546,#579);
#426=LINE('',#2548,#580);
#427=LINE('',#2549,#581);
#428=LINE('',#2551,#582);
#429=LINE('',#2552,#583);
#430=LINE('',#2556,#584);
#431=LINE('',#2558,#585);
#432=LINE('',#2560,#586);
#433=LINE('',#2562,#587);
#434=LINE('',#2563,#588);
#435=LINE('',#2567,#589);
#436=LINE('',#2569,#590);
#437=LINE('',#2571,#591);
#438=LINE('',#2573,#592);
#439=LINE('',#2574,#593);
#440=LINE('',#2576,#594);
#441=LINE('',#2577,#595);
#442=LINE('',#2579,#596);
#443=LINE('',#2580,#597);
#444=LINE('',#2583,#598);
#445=LINE('',#2585,#599);
#446=LINE('',#2587,#600);
#447=LINE('',#2589,#601);
#448=LINE('',#2591,#602);
#449=LINE('',#2592,#603);
#450=LINE('',#2595,#604);
#451=LINE('',#2597,#605);
#452=LINE('',#2599,#606);
#453=LINE('',#2601,#607);
#454=LINE('',#2603,#608);
#455=LINE('',#2605,#609);
#456=LINE('',#2607,#610);
#457=LINE('',#2609,#611);
#458=LINE('',#2611,#612);
#459=LINE('',#2613,#613);
#460=LINE('',#2614,#614);
#461=LINE('',#2629,#615);
#462=LINE('',#2631,#616);
#463=LINE('',#2633,#617);
#464=LINE('',#2635,#618);
#465=LINE('',#2637,#619);
#466=LINE('',#2639,#620);
#467=LINE('',#2641,#621);
#468=LINE('',#2643,#622);
#469=LINE('',#2645,#623);
#470=LINE('',#2647,#624);
#471=LINE('',#2648,#625);
#472=LINE('',#2663,#626);
#473=LINE('',#2665,#627);
#474=LINE('',#2667,#628);
#475=LINE('',#2669,#629);
#476=LINE('',#2671,#630);
#477=LINE('',#2672,#631);
#478=LINE('',#2678,#632);
#479=LINE('',#2680,#633);
#480=LINE('',#2681,#634);
#481=LINE('',#2684,#635);
#482=LINE('',#2686,#636);
#483=LINE('',#2687,#637);
#484=LINE('',#2692,#638);
#485=LINE('',#2693,#639);
#486=LINE('',#2698,#640);
#487=LINE('',#2699,#641);
#488=LINE('',#2704,#642);
#489=LINE('',#2705,#643);
#490=LINE('',#2707,#644);
#491=LINE('',#2708,#645);
#492=LINE('',#2715,#646);
#493=LINE('',#2717,#647);
#494=LINE('',#2719,#648);
#495=LINE('',#2720,#649);
#496=LINE('',#2725,#650);
#497=LINE('',#2726,#651);
#498=LINE('',#2731,#652);
#499=LINE('',#2732,#653);
#500=LINE('',#2735,#654);
#501=LINE('',#2737,#655);
#502=LINE('',#2738,#656);
#503=LINE('',#2743,#657);
#504=LINE('',#2744,#658);
#505=LINE('',#2747,#659);
#506=LINE('',#2756,#660);
#507=LINE('',#2758,#661);
#508=LINE('',#2759,#662);
#509=LINE('',#2762,#663);
#510=LINE('',#2764,#664);
#511=LINE('',#2765,#665);
#512=LINE('',#2770,#666);
#513=LINE('',#2771,#667);
#514=LINE('',#2776,#668);
#515=LINE('',#2777,#669);
#516=LINE('',#2782,#670);
#517=LINE('',#2783,#671);
#518=LINE('',#2785,#672);
#519=LINE('',#2786,#673);
#520=LINE('',#2795,#674);
#521=LINE('',#2797,#675);
#522=LINE('',#2798,#676);
#523=LINE('',#2801,#677);
#524=LINE('',#2803,#678);
#525=LINE('',#2804,#679);
#526=LINE('',#2809,#680);
#527=LINE('',#2810,#681);
#528=LINE('',#2815,#682);
#529=LINE('',#2816,#683);
#530=LINE('',#2821,#684);
#531=LINE('',#2822,#685);
#532=LINE('',#2824,#686);
#533=LINE('',#2825,#687);
#534=LINE('',#3039,#688);
#535=LINE('',#3043,#689);
#536=LINE('',#3047,#690);
#537=LINE('',#3051,#691);
#538=LINE('',#3055,#692);
#539=LINE('',#3060,#693);
#540=LINE('',#3069,#694);
#541=LINE('',#3076,#695);
#542=LINE('',#3080,#696);
#543=LINE('',#3083,#697);
#544=LINE('',#3085,#698);
#545=LINE('',#3090,#699);
#546=LINE('',#3092,#700);
#547=LINE('',#3094,#701);
#548=LINE('',#3095,#702);
#549=LINE('',#3099,#703);
#550=LINE('',#3100,#704);
#551=LINE('',#3101,#705);
#552=LINE('',#3104,#706);
#553=LINE('',#3105,#707);
#554=LINE('',#3108,#708);
#555=LINE('',#3109,#709);
#556=LINE('',#3110,#710);
#557=LINE('',#3117,#711);
#558=LINE('',#3119,#712);
#559=LINE('',#3121,#713);
#560=LINE('',#3123,#714);
#561=LINE('',#3126,#715);
#562=LINE('',#3131,#716);
#563=LINE('',#3136,#717);
#564=LINE('',#3141,#718);
#565=LINE('',#3146,#719);
#566=LINE('',#3151,#720);
#567=LINE('',#3156,#721);
#568=LINE('',#3161,#722);
#569=LINE('',#3165,#723);
#570=VECTOR('',#1998,10.);
#571=VECTOR('',#1999,10.);
#572=VECTOR('',#2000,10.);
#573=VECTOR('',#2001,10.);
#574=VECTOR('',#2002,10.);
#575=VECTOR('',#2005,10.);
#576=VECTOR('',#2006,10.);
#577=VECTOR('',#2007,10.);
#578=VECTOR('',#2008,10.);
#579=VECTOR('',#2009,10.);
#580=VECTOR('',#2012,10.);
#581=VECTOR('',#2013,10.);
#582=VECTOR('',#2016,10.);
#583=VECTOR('',#2017,10.);
#584=VECTOR('',#2020,10.);
#585=VECTOR('',#2021,10.);
#586=VECTOR('',#2022,10.);
#587=VECTOR('',#2023,10.);
#588=VECTOR('',#2024,10.);
#589=VECTOR('',#2027,10.);
#590=VECTOR('',#2028,10.);
#591=VECTOR('',#2029,10.);
#592=VECTOR('',#2030,10.);
#593=VECTOR('',#2031,10.);
#594=VECTOR('',#2034,10.);
#595=VECTOR('',#2035,10.);
#596=VECTOR('',#2038,10.);
#597=VECTOR('',#2039,10.);
#598=VECTOR('',#2042,10.);
#599=VECTOR('',#2043,10.);
#600=VECTOR('',#2044,10.);
#601=VECTOR('',#2045,10.);
#602=VECTOR('',#2046,10.);
#603=VECTOR('',#2047,10.);
#604=VECTOR('',#2050,10.);
#605=VECTOR('',#2051,10.);
#606=VECTOR('',#2052,10.);
#607=VECTOR('',#2053,10.);
#608=VECTOR('',#2054,10.);
#609=VECTOR('',#2055,10.);
#610=VECTOR('',#2056,10.);
#611=VECTOR('',#2057,10.);
#612=VECTOR('',#2058,10.);
#613=VECTOR('',#2059,10.);
#614=VECTOR('',#2060,10.);
#615=VECTOR('',#2075,10.);
#616=VECTOR('',#2076,10.);
#617=VECTOR('',#2077,10.);
#618=VECTOR('',#2078,10.);
#619=VECTOR('',#2079,10.);
#620=VECTOR('',#2080,10.);
#621=VECTOR('',#2081,10.);
#622=VECTOR('',#2082,10.);
#623=VECTOR('',#2083,10.);
#624=VECTOR('',#2084,10.);
#625=VECTOR('',#2085,10.);
#626=VECTOR('',#2100,10.);
#627=VECTOR('',#2101,10.);
#628=VECTOR('',#2102,10.);
#629=VECTOR('',#2103,10.);
#630=VECTOR('',#2104,10.);
#631=VECTOR('',#2105,10.);
#632=VECTOR('',#2110,10.);
#633=VECTOR('',#2111,10.);
#634=VECTOR('',#2112,10.);
#635=VECTOR('',#2115,10.);
#636=VECTOR('',#2116,10.);
#637=VECTOR('',#2117,10.);
#638=VECTOR('',#2122,10.);
#639=VECTOR('',#2123,10.);
#640=VECTOR('',#2128,10.);
#641=VECTOR('',#2129,10.);
#642=VECTOR('',#2134,10.);
#643=VECTOR('',#2135,10.);
#644=VECTOR('',#2138,10.);
#645=VECTOR('',#2139,10.);
#646=VECTOR('',#2146,10.);
#647=VECTOR('',#2147,10.);
#648=VECTOR('',#2148,10.);
#649=VECTOR('',#2149,10.);
#650=VECTOR('',#2154,10.);
#651=VECTOR('',#2155,10.);
#652=VECTOR('',#2160,10.);
#653=VECTOR('',#2161,10.);
#654=VECTOR('',#2164,10.);
#655=VECTOR('',#2165,10.);
#656=VECTOR('',#2166,10.);
#657=VECTOR('',#2171,10.);
#658=VECTOR('',#2172,10.);
#659=VECTOR('',#2177,10.);
#660=VECTOR('',#2186,10.);
#661=VECTOR('',#2187,10.);
#662=VECTOR('',#2188,10.);
#663=VECTOR('',#2191,10.);
#664=VECTOR('',#2192,10.);
#665=VECTOR('',#2193,10.);
#666=VECTOR('',#2198,10.);
#667=VECTOR('',#2199,10.);
#668=VECTOR('',#2204,10.);
#669=VECTOR('',#2205,10.);
#670=VECTOR('',#2210,10.);
#671=VECTOR('',#2211,10.);
#672=VECTOR('',#2214,10.);
#673=VECTOR('',#2215,10.);
#674=VECTOR('',#2224,10.);
#675=VECTOR('',#2225,10.);
#676=VECTOR('',#2226,10.);
#677=VECTOR('',#2229,10.);
#678=VECTOR('',#2230,10.);
#679=VECTOR('',#2231,10.);
#680=VECTOR('',#2236,10.);
#681=VECTOR('',#2237,10.);
#682=VECTOR('',#2242,10.);
#683=VECTOR('',#2243,10.);
#684=VECTOR('',#2248,10.);
#685=VECTOR('',#2249,10.);
#686=VECTOR('',#2252,10.);
#687=VECTOR('',#2253,10.);
#688=VECTOR('',#2330,20.);
#689=VECTOR('',#2335,2.);
#690=VECTOR('',#2340,2.);
#691=VECTOR('',#2345,2.);
#692=VECTOR('',#2350,2.);
#693=VECTOR('',#2355,10.);
#694=VECTOR('',#2370,3.5);
#695=VECTOR('',#2379,1.25);
#696=VECTOR('',#2384,1.25);
#697=VECTOR('',#2387,10.);
#698=VECTOR('',#2388,10.);
#699=VECTOR('',#2393,10.);
#700=VECTOR('',#2394,10.);
#701=VECTOR('',#2395,10.);
#702=VECTOR('',#2396,10.);
#703=VECTOR('',#2399,10.);
#704=VECTOR('',#2400,10.);
#705=VECTOR('',#2401,10.);
#706=VECTOR('',#2404,10.);
#707=VECTOR('',#2405,10.);
#708=VECTOR('',#2408,10.);
#709=VECTOR('',#2409,10.);
#710=VECTOR('',#2410,10.);
#711=VECTOR('',#2423,1.6);
#712=VECTOR('',#2426,1.6);
#713=VECTOR('',#2429,1.6);
#714=VECTOR('',#2432,1.6);
#715=VECTOR('',#2435,1.75);
#716=VECTOR('',#2442,1.75);
#717=VECTOR('',#2449,1.75);
#718=VECTOR('',#2456,1.75);
#719=VECTOR('',#2463,1.75);
#720=VECTOR('',#2470,1.75);
#721=VECTOR('',#2477,1.75);
#722=VECTOR('',#2484,1.75);
#723=VECTOR('',#2491,25.);
#724=VERTEX_POINT('',#2526);
#725=VERTEX_POINT('',#2527);
#726=VERTEX_POINT('',#2529);
#727=VERTEX_POINT('',#2531);
#728=VERTEX_POINT('',#2533);
#729=VERTEX_POINT('',#2537);
#730=VERTEX_POINT('',#2538);
#731=VERTEX_POINT('',#2540);
#732=VERTEX_POINT('',#2542);
#733=VERTEX_POINT('',#2544);
#734=VERTEX_POINT('',#2554);
#735=VERTEX_POINT('',#2555);
#736=VERTEX_POINT('',#2557);
#737=VERTEX_POINT('',#2559);
#738=VERTEX_POINT('',#2561);
#739=VERTEX_POINT('',#2565);
#740=VERTEX_POINT('',#2566);
#741=VERTEX_POINT('',#2568);
#742=VERTEX_POINT('',#2570);
#743=VERTEX_POINT('',#2572);
#744=VERTEX_POINT('',#2582);
#745=VERTEX_POINT('',#2584);
#746=VERTEX_POINT('',#2586);
#747=VERTEX_POINT('',#2588);
#748=VERTEX_POINT('',#2590);
#749=VERTEX_POINT('',#2594);
#750=VERTEX_POINT('',#2596);
#751=VERTEX_POINT('',#2598);
#752=VERTEX_POINT('',#2600);
#753=VERTEX_POINT('',#2602);
#754=VERTEX_POINT('',#2604);
#755=VERTEX_POINT('',#2606);
#756=VERTEX_POINT('',#2608);
#757=VERTEX_POINT('',#2610);
#758=VERTEX_POINT('',#2612);
#759=VERTEX_POINT('',#2615);
#760=VERTEX_POINT('',#2617);
#761=VERTEX_POINT('',#2619);
#762=VERTEX_POINT('',#2621);
#763=VERTEX_POINT('',#2623);
#764=VERTEX_POINT('',#2625);
#765=VERTEX_POINT('',#2628);
#766=VERTEX_POINT('',#2630);
#767=VERTEX_POINT('',#2632);
#768=VERTEX_POINT('',#2634);
#769=VERTEX_POINT('',#2636);
#770=VERTEX_POINT('',#2638);
#771=VERTEX_POINT('',#2640);
#772=VERTEX_POINT('',#2642);
#773=VERTEX_POINT('',#2644);
#774=VERTEX_POINT('',#2646);
#775=VERTEX_POINT('',#2649);
#776=VERTEX_POINT('',#2651);
#777=VERTEX_POINT('',#2653);
#778=VERTEX_POINT('',#2655);
#779=VERTEX_POINT('',#2657);
#780=VERTEX_POINT('',#2659);
#781=VERTEX_POINT('',#2662);
#782=VERTEX_POINT('',#2664);
#783=VERTEX_POINT('',#2666);
#784=VERTEX_POINT('',#2668);
#785=VERTEX_POINT('',#2670);
#786=VERTEX_POINT('',#2674);
#787=VERTEX_POINT('',#2675);
#788=VERTEX_POINT('',#2677);
#789=VERTEX_POINT('',#2679);
#790=VERTEX_POINT('',#2683);
#791=VERTEX_POINT('',#2685);
#792=VERTEX_POINT('',#2689);
#793=VERTEX_POINT('',#2691);
#794=VERTEX_POINT('',#2695);
#795=VERTEX_POINT('',#2697);
#796=VERTEX_POINT('',#2701);
#797=VERTEX_POINT('',#2703);
#798=VERTEX_POINT('',#2710);
#799=VERTEX_POINT('',#2713);
#800=VERTEX_POINT('',#2714);
#801=VERTEX_POINT('',#2716);
#802=VERTEX_POINT('',#2718);
#803=VERTEX_POINT('',#2722);
#804=VERTEX_POINT('',#2724);
#805=VERTEX_POINT('',#2728);
#806=VERTEX_POINT('',#2730);
#807=VERTEX_POINT('',#2734);
#808=VERTEX_POINT('',#2736);
#809=VERTEX_POINT('',#2740);
#810=VERTEX_POINT('',#2742);
#811=VERTEX_POINT('',#2749);
#812=VERTEX_POINT('',#2752);
#813=VERTEX_POINT('',#2753);
#814=VERTEX_POINT('',#2755);
#815=VERTEX_POINT('',#2757);
#816=VERTEX_POINT('',#2761);
#817=VERTEX_POINT('',#2763);
#818=VERTEX_POINT('',#2767);
#819=VERTEX_POINT('',#2769);
#820=VERTEX_POINT('',#2773);
#821=VERTEX_POINT('',#2775);
#822=VERTEX_POINT('',#2779);
#823=VERTEX_POINT('',#2781);
#824=VERTEX_POINT('',#2788);
#825=VERTEX_POINT('',#2791);
#826=VERTEX_POINT('',#2792);
#827=VERTEX_POINT('',#2794);
#828=VERTEX_POINT('',#2796);
#829=VERTEX_POINT('',#2800);
#830=VERTEX_POINT('',#2802);
#831=VERTEX_POINT('',#2806);
#832=VERTEX_POINT('',#2808);
#833=VERTEX_POINT('',#2812);
#834=VERTEX_POINT('',#2814);
#835=VERTEX_POINT('',#2818);
#836=VERTEX_POINT('',#2820);
#837=VERTEX_POINT('',#2827);
#838=VERTEX_POINT('',#2830);
#839=VERTEX_POINT('',#2831);
#840=VERTEX_POINT('',#2857);
#841=VERTEX_POINT('',#2858);
#842=VERTEX_POINT('',#2888);
#843=VERTEX_POINT('',#2890);
#844=VERTEX_POINT('',#2893);
#845=VERTEX_POINT('',#2894);
#846=VERTEX_POINT('',#2924);
#847=VERTEX_POINT('',#2925);
#848=VERTEX_POINT('',#2955);
#849=VERTEX_POINT('',#2956);
#850=VERTEX_POINT('',#2986);
#851=VERTEX_POINT('',#2987);
#852=VERTEX_POINT('',#3017);
#853=VERTEX_POINT('',#3019);
#854=VERTEX_POINT('',#3021);
#855=VERTEX_POINT('',#3023);
#856=VERTEX_POINT('',#3025);
#857=VERTEX_POINT('',#3027);
#858=VERTEX_POINT('',#3041);
#859=VERTEX_POINT('',#3045);
#860=VERTEX_POINT('',#3049);
#861=VERTEX_POINT('',#3053);
#862=VERTEX_POINT('',#3057);
#863=VERTEX_POINT('',#3059);
#864=VERTEX_POINT('',#3063);
#865=VERTEX_POINT('',#3071);
#866=VERTEX_POINT('',#3074);
#867=VERTEX_POINT('',#3078);
#868=VERTEX_POINT('',#3082);
#869=VERTEX_POINT('',#3084);
#870=VERTEX_POINT('',#3088);
#871=VERTEX_POINT('',#3089);
#872=VERTEX_POINT('',#3091);
#873=VERTEX_POINT('',#3093);
#874=VERTEX_POINT('',#3097);
#875=VERTEX_POINT('',#3098);
#876=VERTEX_POINT('',#3103);
#877=VERTEX_POINT('',#3107);
#878=VERTEX_POINT('',#3125);
#879=VERTEX_POINT('',#3130);
#880=VERTEX_POINT('',#3135);
#881=VERTEX_POINT('',#3140);
#882=VERTEX_POINT('',#3145);
#883=VERTEX_POINT('',#3150);
#884=VERTEX_POINT('',#3155);
#885=VERTEX_POINT('',#3160);
#886=EDGE_CURVE('',#724,#725,#416,.T.);
#887=EDGE_CURVE('',#726,#725,#417,.T.);
#888=EDGE_CURVE('',#726,#727,#418,.T.);
#889=EDGE_CURVE('',#727,#728,#419,.F.);
#890=EDGE_CURVE('',#724,#728,#420,.T.);
#891=EDGE_CURVE('',#729,#730,#421,.F.);
#892=EDGE_CURVE('',#731,#729,#422,.T.);
#893=EDGE_CURVE('',#731,#732,#423,.F.);
#894=EDGE_CURVE('',#733,#732,#424,.F.);
#895=EDGE_CURVE('',#730,#733,#425,.T.);
#896=EDGE_CURVE('',#728,#731,#426,.T.);
#897=EDGE_CURVE('',#732,#727,#427,.T.);
#898=EDGE_CURVE('',#730,#725,#428,.T.);
#899=EDGE_CURVE('',#729,#724,#429,.T.);
#900=EDGE_CURVE('',#734,#735,#430,.F.);
#901=EDGE_CURVE('',#734,#736,#431,.T.);
#902=EDGE_CURVE('',#737,#736,#432,.T.);
#903=EDGE_CURVE('',#737,#738,#433,.F.);
#904=EDGE_CURVE('',#735,#738,#434,.F.);
#905=EDGE_CURVE('',#739,#740,#435,.F.);
#906=EDGE_CURVE('',#739,#741,#436,.T.);
#907=EDGE_CURVE('',#741,#742,#437,.F.);
#908=EDGE_CURVE('',#743,#742,#438,.T.);
#909=EDGE_CURVE('',#740,#743,#439,.F.);
#910=EDGE_CURVE('',#738,#741,#440,.T.);
#911=EDGE_CURVE('',#742,#737,#441,.T.);
#912=EDGE_CURVE('',#734,#740,#442,.T.);
#913=EDGE_CURVE('',#736,#743,#443,.T.);
#914=EDGE_CURVE('',#725,#744,#444,.T.);
#915=EDGE_CURVE('',#744,#745,#445,.T.);
#916=EDGE_CURVE('',#745,#746,#446,.T.);
#917=EDGE_CURVE('',#747,#746,#447,.T.);
#918=EDGE_CURVE('',#747,#748,#448,.T.);
#919=EDGE_CURVE('',#748,#726,#449,.T.);
#920=EDGE_CURVE('',#733,#749,#450,.T.);
#921=EDGE_CURVE('',#749,#750,#451,.T.);
#922=EDGE_CURVE('',#750,#751,#452,.T.);
#923=EDGE_CURVE('',#751,#752,#453,.T.);
#924=EDGE_CURVE('',#752,#753,#454,.T.);
#925=EDGE_CURVE('',#753,#754,#455,.T.);
#926=EDGE_CURVE('',#754,#755,#456,.T.);
#927=EDGE_CURVE('',#755,#756,#457,.T.);
#928=EDGE_CURVE('',#756,#757,#458,.T.);
#929=EDGE_CURVE('',#757,#758,#459,.T.);
#930=EDGE_CURVE('',#758,#730,#460,.T.);
#931=EDGE_CURVE('',#759,#759,#109,.T.);
#932=EDGE_CURVE('',#760,#760,#110,.T.);
#933=EDGE_CURVE('',#761,#761,#111,.T.);
#934=EDGE_CURVE('',#762,#762,#112,.T.);
#935=EDGE_CURVE('',#763,#763,#113,.T.);
#936=EDGE_CURVE('',#764,#764,#114,.T.);
#937=EDGE_CURVE('',#740,#765,#461,.T.);
#938=EDGE_CURVE('',#766,#765,#462,.T.);
#939=EDGE_CURVE('',#767,#766,#463,.T.);
#940=EDGE_CURVE('',#768,#767,#464,.T.);
#941=EDGE_CURVE('',#769,#768,#465,.T.);
#942=EDGE_CURVE('',#770,#769,#466,.T.);
#943=EDGE_CURVE('',#771,#770,#467,.T.);
#944=EDGE_CURVE('',#772,#771,#468,.T.);
#945=EDGE_CURVE('',#773,#772,#469,.T.);
#946=EDGE_CURVE('',#774,#773,#470,.T.);
#947=EDGE_CURVE('',#774,#739,#471,.T.);
#948=EDGE_CURVE('',#775,#775,#115,.T.);
#949=EDGE_CURVE('',#776,#776,#116,.T.);
#950=EDGE_CURVE('',#777,#777,#117,.T.);
#951=EDGE_CURVE('',#778,#778,#118,.T.);
#952=EDGE_CURVE('',#779,#779,#119,.T.);
#953=EDGE_CURVE('',#780,#780,#120,.T.);
#954=EDGE_CURVE('',#735,#781,#472,.T.);
#955=EDGE_CURVE('',#781,#782,#473,.T.);
#956=EDGE_CURVE('',#783,#782,#474,.T.);
#957=EDGE_CURVE('',#783,#784,#475,.T.);
#958=EDGE_CURVE('',#784,#785,#476,.T.);
#959=EDGE_CURVE('',#785,#734,#477,.T.);
#960=EDGE_CURVE('',#786,#787,#56,.T.);
#961=EDGE_CURVE('',#786,#788,#478,.T.);
#962=EDGE_CURVE('',#788,#789,#479,.T.);
#963=EDGE_CURVE('',#787,#789,#480,.T.);
#964=EDGE_CURVE('',#787,#790,#481,.T.);
#965=EDGE_CURVE('',#789,#791,#482,.T.);
#966=EDGE_CURVE('',#790,#791,#483,.T.);
#967=EDGE_CURVE('',#790,#792,#57,.T.);
#968=EDGE_CURVE('',#791,#793,#484,.T.);
#969=EDGE_CURVE('',#792,#793,#485,.T.);
#970=EDGE_CURVE('',#792,#794,#58,.T.);
#971=EDGE_CURVE('',#793,#795,#486,.T.);
#972=EDGE_CURVE('',#794,#795,#487,.T.);
#973=EDGE_CURVE('',#796,#786,#59,.T.);
#974=EDGE_CURVE('',#796,#797,#488,.T.);
#975=EDGE_CURVE('',#797,#788,#489,.T.);
#976=EDGE_CURVE('',#794,#796,#490,.T.);
#977=EDGE_CURVE('',#795,#797,#491,.T.);
#978=EDGE_CURVE('',#798,#798,#121,.T.);
#979=EDGE_CURVE('',#799,#800,#492,.T.);
#980=EDGE_CURVE('',#799,#801,#493,.T.);
#981=EDGE_CURVE('',#801,#802,#494,.T.);
#982=EDGE_CURVE('',#800,#802,#495,.T.);
#983=EDGE_CURVE('',#800,#803,#60,.T.);
#984=EDGE_CURVE('',#802,#804,#496,.T.);
#985=EDGE_CURVE('',#803,#804,#497,.T.);
#986=EDGE_CURVE('',#803,#805,#61,.T.);
#987=EDGE_CURVE('',#804,#806,#498,.T.);
#988=EDGE_CURVE('',#805,#806,#499,.T.);
#989=EDGE_CURVE('',#805,#807,#500,.T.);
#990=EDGE_CURVE('',#806,#808,#501,.T.);
#991=EDGE_CURVE('',#807,#808,#502,.T.);
#992=EDGE_CURVE('',#809,#799,#62,.T.);
#993=EDGE_CURVE('',#809,#810,#503,.T.);
#994=EDGE_CURVE('',#810,#801,#504,.T.);
#995=EDGE_CURVE('',#807,#809,#63,.T.);
#996=EDGE_CURVE('',#808,#810,#505,.T.);
#997=EDGE_CURVE('',#811,#811,#122,.T.);
#998=EDGE_CURVE('',#812,#813,#64,.T.);
#999=EDGE_CURVE('',#812,#814,#506,.T.);
#1000=EDGE_CURVE('',#814,#815,#507,.T.);
#1001=EDGE_CURVE('',#813,#815,#508,.T.);
#1002=EDGE_CURVE('',#813,#816,#509,.T.);
#1003=EDGE_CURVE('',#815,#817,#510,.T.);
#1004=EDGE_CURVE('',#816,#817,#511,.T.);
#1005=EDGE_CURVE('',#816,#818,#65,.T.);
#1006=EDGE_CURVE('',#817,#819,#512,.T.);
#1007=EDGE_CURVE('',#818,#819,#513,.T.);
#1008=EDGE_CURVE('',#818,#820,#66,.T.);
#1009=EDGE_CURVE('',#819,#821,#514,.T.);
#1010=EDGE_CURVE('',#820,#821,#515,.T.);
#1011=EDGE_CURVE('',#822,#812,#67,.T.);
#1012=EDGE_CURVE('',#822,#823,#516,.T.);
#1013=EDGE_CURVE('',#823,#814,#517,.T.);
#1014=EDGE_CURVE('',#820,#822,#518,.T.);
#1015=EDGE_CURVE('',#821,#823,#519,.T.);
#1016=EDGE_CURVE('',#824,#824,#123,.T.);
#1017=EDGE_CURVE('',#825,#826,#68,.T.);
#1018=EDGE_CURVE('',#825,#827,#520,.T.);
#1019=EDGE_CURVE('',#827,#828,#521,.T.);
#1020=EDGE_CURVE('',#826,#828,#522,.T.);
#1021=EDGE_CURVE('',#826,#829,#523,.T.);
#1022=EDGE_CURVE('',#828,#830,#524,.T.);
#1023=EDGE_CURVE('',#829,#830,#525,.T.);
#1024=EDGE_CURVE('',#829,#831,#69,.T.);
#1025=EDGE_CURVE('',#830,#832,#526,.T.);
#1026=EDGE_CURVE('',#831,#832,#527,.T.);
#1027=EDGE_CURVE('',#831,#833,#70,.T.);
#1028=EDGE_CURVE('',#832,#834,#528,.T.);
#1029=EDGE_CURVE('',#833,#834,#529,.T.);
#1030=EDGE_CURVE('',#835,#825,#71,.T.);
#1031=EDGE_CURVE('',#835,#836,#530,.T.);
#1032=EDGE_CURVE('',#836,#827,#531,.T.);
#1033=EDGE_CURVE('',#833,#835,#532,.T.);
#1034=EDGE_CURVE('',#834,#836,#533,.T.);
#1035=EDGE_CURVE('',#837,#837,#124,.T.);
#1036=EDGE_CURVE('',#838,#839,#17,.T.);
#1037=EDGE_CURVE('',#838,#839,#125,.T.);
#1038=EDGE_CURVE('',#840,#841,#18,.T.);
#1039=EDGE_CURVE('',#840,#841,#126,.T.);
#1040=EDGE_CURVE('',#746,#838,#127,.T.);
#1041=EDGE_CURVE('',#784,#745,#128,.T.);
#1042=EDGE_CURVE('',#841,#783,#129,.T.);
#1043=EDGE_CURVE('',#839,#840,#130,.T.);
#1044=EDGE_CURVE('',#842,#842,#131,.T.);
#1045=EDGE_CURVE('',#843,#843,#132,.T.);
#1046=EDGE_CURVE('',#844,#845,#19,.T.);
#1047=EDGE_CURVE('',#844,#845,#133,.T.);
#1048=EDGE_CURVE('',#846,#847,#20,.T.);
#1049=EDGE_CURVE('',#846,#847,#134,.T.);
#1050=EDGE_CURVE('',#848,#849,#21,.T.);
#1051=EDGE_CURVE('',#848,#849,#135,.T.);
#1052=EDGE_CURVE('',#850,#851,#22,.T.);
#1053=EDGE_CURVE('',#850,#851,#136,.T.);
#1054=EDGE_CURVE('',#852,#852,#137,.T.);
#1055=EDGE_CURVE('',#853,#853,#138,.T.);
#1056=EDGE_CURVE('',#854,#854,#139,.T.);
#1057=EDGE_CURVE('',#855,#855,#140,.T.);
#1058=EDGE_CURVE('',#856,#856,#141,.T.);
#1059=EDGE_CURVE('',#857,#844,#142,.T.);
#1060=EDGE_CURVE('',#849,#857,#143,.T.);
#1061=EDGE_CURVE('',#847,#848,#144,.T.);
#1062=EDGE_CURVE('',#851,#846,#145,.T.);
#1063=EDGE_CURVE('',#845,#850,#146,.T.);
#1064=EDGE_CURVE('',#782,#747,#147,.T.);
#1065=EDGE_CURVE('',#748,#781,#148,.T.);
#1066=EDGE_CURVE('',#748,#781,#149,.T.);
#1067=EDGE_CURVE('',#748,#857,#534,.T.);
#1068=EDGE_CURVE('',#858,#858,#150,.T.);
#1069=EDGE_CURVE('',#858,#856,#535,.T.);
#1070=EDGE_CURVE('',#859,#859,#151,.T.);
#1071=EDGE_CURVE('',#859,#855,#536,.T.);
#1072=EDGE_CURVE('',#860,#860,#152,.T.);
#1073=EDGE_CURVE('',#860,#854,#537,.T.);
#1074=EDGE_CURVE('',#861,#861,#153,.T.);
#1075=EDGE_CURVE('',#861,#853,#538,.T.);
#1076=EDGE_CURVE('',#862,#862,#154,.T.);
#1077=EDGE_CURVE('',#862,#863,#539,.T.);
#1078=EDGE_CURVE('',#863,#863,#155,.T.);
#1079=EDGE_CURVE('',#864,#864,#156,.T.);
#1080=EDGE_CURVE('',#774,#749,#157,.T.);
#1081=EDGE_CURVE('',#773,#750,#158,.T.);
#1082=EDGE_CURVE('',#749,#864,#540,.T.);
#1083=EDGE_CURVE('',#865,#865,#159,.T.);
#1084=EDGE_CURVE('',#866,#866,#160,.T.);
#1085=EDGE_CURVE('',#866,#842,#541,.T.);
#1086=EDGE_CURVE('',#867,#867,#161,.T.);
#1087=EDGE_CURVE('',#867,#843,#542,.T.);
#1088=EDGE_CURVE('',#758,#868,#543,.T.);
#1089=EDGE_CURVE('',#868,#869,#544,.T.);
#1090=EDGE_CURVE('',#869,#744,#162,.T.);
#1091=EDGE_CURVE('',#870,#871,#545,.T.);
#1092=EDGE_CURVE('',#871,#872,#546,.T.);
#1093=EDGE_CURVE('',#873,#872,#547,.T.);
#1094=EDGE_CURVE('',#870,#873,#548,.T.);
#1095=EDGE_CURVE('',#874,#875,#549,.T.);
#1096=EDGE_CURVE('',#875,#869,#550,.T.);
#1097=EDGE_CURVE('',#874,#868,#551,.T.);
#1098=EDGE_CURVE('',#876,#874,#552,.T.);
#1099=EDGE_CURVE('',#758,#876,#553,.T.);
#1100=EDGE_CURVE('',#877,#871,#554,.T.);
#1101=EDGE_CURVE('',#765,#877,#555,.T.);
#1102=EDGE_CURVE('',#872,#765,#556,.T.);
#1103=EDGE_CURVE('',#785,#873,#163,.T.);
#1104=EDGE_CURVE('',#766,#757,#164,.T.);
#1105=EDGE_CURVE('',#877,#876,#165,.T.);
#1106=EDGE_CURVE('',#759,#798,#557,.T.);
#1107=EDGE_CURVE('',#780,#837,#558,.T.);
#1108=EDGE_CURVE('',#779,#824,#559,.T.);
#1109=EDGE_CURVE('',#760,#811,#560,.T.);
#1110=EDGE_CURVE('',#761,#878,#561,.T.);
#1111=EDGE_CURVE('',#878,#878,#166,.T.);
#1112=EDGE_CURVE('',#762,#879,#562,.T.);
#1113=EDGE_CURVE('',#879,#879,#167,.T.);
#1114=EDGE_CURVE('',#778,#880,#563,.T.);
#1115=EDGE_CURVE('',#880,#880,#168,.T.);
#1116=EDGE_CURVE('',#777,#881,#564,.T.);
#1117=EDGE_CURVE('',#881,#881,#169,.T.);
#1118=EDGE_CURVE('',#763,#882,#565,.T.);
#1119=EDGE_CURVE('',#882,#882,#170,.T.);
#1120=EDGE_CURVE('',#764,#883,#566,.T.);
#1121=EDGE_CURVE('',#883,#883,#171,.T.);
#1122=EDGE_CURVE('',#776,#884,#567,.T.);
#1123=EDGE_CURVE('',#884,#884,#172,.T.);
#1124=EDGE_CURVE('',#775,#885,#568,.T.);
#1125=EDGE_CURVE('',#885,#885,#173,.T.);
#1126=EDGE_CURVE('',#852,#865,#569,.T.);
#1127=EDGE_CURVE('',#870,#875,#174,.T.);
#1128=EDGE_CURVE('',#767,#756,#175,.T.);
#1129=EDGE_CURVE('',#768,#755,#176,.T.);
#1130=EDGE_CURVE('',#769,#754,#177,.T.);
#1131=EDGE_CURVE('',#770,#753,#178,.T.);
#1132=EDGE_CURVE('',#771,#752,#179,.T.);
#1133=EDGE_CURVE('',#772,#751,#180,.T.);
#1134=ORIENTED_EDGE('',*,*,#886,.T.);
#1135=ORIENTED_EDGE('',*,*,#887,.F.);
#1136=ORIENTED_EDGE('',*,*,#888,.T.);
#1137=ORIENTED_EDGE('',*,*,#889,.T.);
#1138=ORIENTED_EDGE('',*,*,#890,.F.);
#1139=ORIENTED_EDGE('',*,*,#891,.F.);
#1140=ORIENTED_EDGE('',*,*,#892,.F.);
#1141=ORIENTED_EDGE('',*,*,#893,.T.);
#1142=ORIENTED_EDGE('',*,*,#894,.F.);
#1143=ORIENTED_EDGE('',*,*,#895,.F.);
#1144=ORIENTED_EDGE('',*,*,#896,.F.);
#1145=ORIENTED_EDGE('',*,*,#889,.F.);
#1146=ORIENTED_EDGE('',*,*,#897,.F.);
#1147=ORIENTED_EDGE('',*,*,#893,.F.);
#1148=ORIENTED_EDGE('',*,*,#898,.T.);
#1149=ORIENTED_EDGE('',*,*,#886,.F.);
#1150=ORIENTED_EDGE('',*,*,#899,.F.);
#1151=ORIENTED_EDGE('',*,*,#891,.T.);
#1152=ORIENTED_EDGE('',*,*,#900,.F.);
#1153=ORIENTED_EDGE('',*,*,#901,.T.);
#1154=ORIENTED_EDGE('',*,*,#902,.F.);
#1155=ORIENTED_EDGE('',*,*,#903,.T.);
#1156=ORIENTED_EDGE('',*,*,#904,.F.);
#1157=ORIENTED_EDGE('',*,*,#905,.F.);
#1158=ORIENTED_EDGE('',*,*,#906,.T.);
#1159=ORIENTED_EDGE('',*,*,#907,.T.);
#1160=ORIENTED_EDGE('',*,*,#908,.F.);
#1161=ORIENTED_EDGE('',*,*,#909,.F.);
#1162=ORIENTED_EDGE('',*,*,#910,.F.);
#1163=ORIENTED_EDGE('',*,*,#903,.F.);
#1164=ORIENTED_EDGE('',*,*,#911,.F.);
#1165=ORIENTED_EDGE('',*,*,#907,.F.);
#1166=ORIENTED_EDGE('',*,*,#912,.T.);
#1167=ORIENTED_EDGE('',*,*,#909,.T.);
#1168=ORIENTED_EDGE('',*,*,#913,.F.);
#1169=ORIENTED_EDGE('',*,*,#901,.F.);
#1170=ORIENTED_EDGE('',*,*,#887,.T.);
#1171=ORIENTED_EDGE('',*,*,#914,.T.);
#1172=ORIENTED_EDGE('',*,*,#915,.T.);
#1173=ORIENTED_EDGE('',*,*,#916,.T.);
#1174=ORIENTED_EDGE('',*,*,#917,.F.);
#1175=ORIENTED_EDGE('',*,*,#918,.T.);
#1176=ORIENTED_EDGE('',*,*,#919,.T.);
#1177=ORIENTED_EDGE('',*,*,#895,.T.);
#1178=ORIENTED_EDGE('',*,*,#920,.T.);
#1179=ORIENTED_EDGE('',*,*,#921,.T.);
#1180=ORIENTED_EDGE('',*,*,#922,.T.);
#1181=ORIENTED_EDGE('',*,*,#923,.T.);
#1182=ORIENTED_EDGE('',*,*,#924,.T.);
#1183=ORIENTED_EDGE('',*,*,#925,.T.);
#1184=ORIENTED_EDGE('',*,*,#926,.T.);
#1185=ORIENTED_EDGE('',*,*,#927,.T.);
#1186=ORIENTED_EDGE('',*,*,#928,.T.);
#1187=ORIENTED_EDGE('',*,*,#929,.T.);
#1188=ORIENTED_EDGE('',*,*,#930,.T.);
#1189=ORIENTED_EDGE('',*,*,#931,.T.);
#1190=ORIENTED_EDGE('',*,*,#932,.T.);
#1191=ORIENTED_EDGE('',*,*,#933,.T.);
#1192=ORIENTED_EDGE('',*,*,#934,.T.);
#1193=ORIENTED_EDGE('',*,*,#935,.T.);
#1194=ORIENTED_EDGE('',*,*,#936,.T.);
#1195=ORIENTED_EDGE('',*,*,#905,.T.);
#1196=ORIENTED_EDGE('',*,*,#937,.T.);
#1197=ORIENTED_EDGE('',*,*,#938,.F.);
#1198=ORIENTED_EDGE('',*,*,#939,.F.);
#1199=ORIENTED_EDGE('',*,*,#940,.F.);
#1200=ORIENTED_EDGE('',*,*,#941,.F.);
#1201=ORIENTED_EDGE('',*,*,#942,.F.);
#1202=ORIENTED_EDGE('',*,*,#943,.F.);
#1203=ORIENTED_EDGE('',*,*,#944,.F.);
#1204=ORIENTED_EDGE('',*,*,#945,.F.);
#1205=ORIENTED_EDGE('',*,*,#946,.F.);
#1206=ORIENTED_EDGE('',*,*,#947,.T.);
#1207=ORIENTED_EDGE('',*,*,#948,.T.);
#1208=ORIENTED_EDGE('',*,*,#949,.T.);
#1209=ORIENTED_EDGE('',*,*,#950,.T.);
#1210=ORIENTED_EDGE('',*,*,#951,.T.);
#1211=ORIENTED_EDGE('',*,*,#952,.T.);
#1212=ORIENTED_EDGE('',*,*,#953,.T.);
#1213=ORIENTED_EDGE('',*,*,#900,.T.);
#1214=ORIENTED_EDGE('',*,*,#954,.T.);
#1215=ORIENTED_EDGE('',*,*,#955,.T.);
#1216=ORIENTED_EDGE('',*,*,#956,.F.);
#1217=ORIENTED_EDGE('',*,*,#957,.T.);
#1218=ORIENTED_EDGE('',*,*,#958,.T.);
#1219=ORIENTED_EDGE('',*,*,#959,.T.);
#1220=ORIENTED_EDGE('',*,*,#960,.F.);
#1221=ORIENTED_EDGE('',*,*,#961,.T.);
#1222=ORIENTED_EDGE('',*,*,#962,.T.);
#1223=ORIENTED_EDGE('',*,*,#963,.F.);
#1224=ORIENTED_EDGE('',*,*,#964,.F.);
#1225=ORIENTED_EDGE('',*,*,#963,.T.);
#1226=ORIENTED_EDGE('',*,*,#965,.T.);
#1227=ORIENTED_EDGE('',*,*,#966,.F.);
#1228=ORIENTED_EDGE('',*,*,#967,.F.);
#1229=ORIENTED_EDGE('',*,*,#966,.T.);
#1230=ORIENTED_EDGE('',*,*,#968,.T.);
#1231=ORIENTED_EDGE('',*,*,#969,.F.);
#1232=ORIENTED_EDGE('',*,*,#970,.F.);
#1233=ORIENTED_EDGE('',*,*,#969,.T.);
#1234=ORIENTED_EDGE('',*,*,#971,.T.);
#1235=ORIENTED_EDGE('',*,*,#972,.F.);
#1236=ORIENTED_EDGE('',*,*,#973,.F.);
#1237=ORIENTED_EDGE('',*,*,#974,.T.);
#1238=ORIENTED_EDGE('',*,*,#975,.T.);
#1239=ORIENTED_EDGE('',*,*,#961,.F.);
#1240=ORIENTED_EDGE('',*,*,#976,.F.);
#1241=ORIENTED_EDGE('',*,*,#972,.T.);
#1242=ORIENTED_EDGE('',*,*,#977,.T.);
#1243=ORIENTED_EDGE('',*,*,#974,.F.);
#1244=ORIENTED_EDGE('',*,*,#977,.F.);
#1245=ORIENTED_EDGE('',*,*,#971,.F.);
#1246=ORIENTED_EDGE('',*,*,#968,.F.);
#1247=ORIENTED_EDGE('',*,*,#965,.F.);
#1248=ORIENTED_EDGE('',*,*,#962,.F.);
#1249=ORIENTED_EDGE('',*,*,#975,.F.);
#1250=ORIENTED_EDGE('',*,*,#978,.F.);
#1251=ORIENTED_EDGE('',*,*,#979,.F.);
#1252=ORIENTED_EDGE('',*,*,#980,.T.);
#1253=ORIENTED_EDGE('',*,*,#981,.T.);
#1254=ORIENTED_EDGE('',*,*,#982,.F.);
#1255=ORIENTED_EDGE('',*,*,#983,.F.);
#1256=ORIENTED_EDGE('',*,*,#982,.T.);
#1257=ORIENTED_EDGE('',*,*,#984,.T.);
#1258=ORIENTED_EDGE('',*,*,#985,.F.);
#1259=ORIENTED_EDGE('',*,*,#986,.F.);
#1260=ORIENTED_EDGE('',*,*,#985,.T.);
#1261=ORIENTED_EDGE('',*,*,#987,.T.);
#1262=ORIENTED_EDGE('',*,*,#988,.F.);
#1263=ORIENTED_EDGE('',*,*,#989,.F.);
#1264=ORIENTED_EDGE('',*,*,#988,.T.);
#1265=ORIENTED_EDGE('',*,*,#990,.T.);
#1266=ORIENTED_EDGE('',*,*,#991,.F.);
#1267=ORIENTED_EDGE('',*,*,#992,.F.);
#1268=ORIENTED_EDGE('',*,*,#993,.T.);
#1269=ORIENTED_EDGE('',*,*,#994,.T.);
#1270=ORIENTED_EDGE('',*,*,#980,.F.);
#1271=ORIENTED_EDGE('',*,*,#995,.F.);
#1272=ORIENTED_EDGE('',*,*,#991,.T.);
#1273=ORIENTED_EDGE('',*,*,#996,.T.);
#1274=ORIENTED_EDGE('',*,*,#993,.F.);
#1275=ORIENTED_EDGE('',*,*,#996,.F.);
#1276=ORIENTED_EDGE('',*,*,#990,.F.);
#1277=ORIENTED_EDGE('',*,*,#987,.F.);
#1278=ORIENTED_EDGE('',*,*,#984,.F.);
#1279=ORIENTED_EDGE('',*,*,#981,.F.);
#1280=ORIENTED_EDGE('',*,*,#994,.F.);
#1281=ORIENTED_EDGE('',*,*,#997,.F.);
#1282=ORIENTED_EDGE('',*,*,#998,.F.);
#1283=ORIENTED_EDGE('',*,*,#999,.T.);
#1284=ORIENTED_EDGE('',*,*,#1000,.T.);
#1285=ORIENTED_EDGE('',*,*,#1001,.F.);
#1286=ORIENTED_EDGE('',*,*,#1002,.F.);
#1287=ORIENTED_EDGE('',*,*,#1001,.T.);
#1288=ORIENTED_EDGE('',*,*,#1003,.T.);
#1289=ORIENTED_EDGE('',*,*,#1004,.F.);
#1290=ORIENTED_EDGE('',*,*,#1005,.F.);
#1291=ORIENTED_EDGE('',*,*,#1004,.T.);
#1292=ORIENTED_EDGE('',*,*,#1006,.T.);
#1293=ORIENTED_EDGE('',*,*,#1007,.F.);
#1294=ORIENTED_EDGE('',*,*,#1008,.F.);
#1295=ORIENTED_EDGE('',*,*,#1007,.T.);
#1296=ORIENTED_EDGE('',*,*,#1009,.T.);
#1297=ORIENTED_EDGE('',*,*,#1010,.F.);
#1298=ORIENTED_EDGE('',*,*,#1011,.F.);
#1299=ORIENTED_EDGE('',*,*,#1012,.T.);
#1300=ORIENTED_EDGE('',*,*,#1013,.T.);
#1301=ORIENTED_EDGE('',*,*,#999,.F.);
#1302=ORIENTED_EDGE('',*,*,#1014,.F.);
#1303=ORIENTED_EDGE('',*,*,#1010,.T.);
#1304=ORIENTED_EDGE('',*,*,#1015,.T.);
#1305=ORIENTED_EDGE('',*,*,#1012,.F.);
#1306=ORIENTED_EDGE('',*,*,#1015,.F.);
#1307=ORIENTED_EDGE('',*,*,#1009,.F.);
#1308=ORIENTED_EDGE('',*,*,#1006,.F.);
#1309=ORIENTED_EDGE('',*,*,#1003,.F.);
#1310=ORIENTED_EDGE('',*,*,#1000,.F.);
#1311=ORIENTED_EDGE('',*,*,#1013,.F.);
#1312=ORIENTED_EDGE('',*,*,#1016,.F.);
#1313=ORIENTED_EDGE('',*,*,#1017,.F.);
#1314=ORIENTED_EDGE('',*,*,#1018,.T.);
#1315=ORIENTED_EDGE('',*,*,#1019,.T.);
#1316=ORIENTED_EDGE('',*,*,#1020,.F.);
#1317=ORIENTED_EDGE('',*,*,#1021,.F.);
#1318=ORIENTED_EDGE('',*,*,#1020,.T.);
#1319=ORIENTED_EDGE('',*,*,#1022,.T.);
#1320=ORIENTED_EDGE('',*,*,#1023,.F.);
#1321=ORIENTED_EDGE('',*,*,#1024,.F.);
#1322=ORIENTED_EDGE('',*,*,#1023,.T.);
#1323=ORIENTED_EDGE('',*,*,#1025,.T.);
#1324=ORIENTED_EDGE('',*,*,#1026,.F.);
#1325=ORIENTED_EDGE('',*,*,#1027,.F.);
#1326=ORIENTED_EDGE('',*,*,#1026,.T.);
#1327=ORIENTED_EDGE('',*,*,#1028,.T.);
#1328=ORIENTED_EDGE('',*,*,#1029,.F.);
#1329=ORIENTED_EDGE('',*,*,#1030,.F.);
#1330=ORIENTED_EDGE('',*,*,#1031,.T.);
#1331=ORIENTED_EDGE('',*,*,#1032,.T.);
#1332=ORIENTED_EDGE('',*,*,#1018,.F.);
#1333=ORIENTED_EDGE('',*,*,#1033,.F.);
#1334=ORIENTED_EDGE('',*,*,#1029,.T.);
#1335=ORIENTED_EDGE('',*,*,#1034,.T.);
#1336=ORIENTED_EDGE('',*,*,#1031,.F.);
#1337=ORIENTED_EDGE('',*,*,#1034,.F.);
#1338=ORIENTED_EDGE('',*,*,#1028,.F.);
#1339=ORIENTED_EDGE('',*,*,#1025,.F.);
#1340=ORIENTED_EDGE('',*,*,#1022,.F.);
#1341=ORIENTED_EDGE('',*,*,#1019,.F.);
#1342=ORIENTED_EDGE('',*,*,#1032,.F.);
#1343=ORIENTED_EDGE('',*,*,#1035,.F.);
#1344=ORIENTED_EDGE('',*,*,#1036,.F.);
#1345=ORIENTED_EDGE('',*,*,#1037,.T.);
#1346=ORIENTED_EDGE('',*,*,#1038,.F.);
#1347=ORIENTED_EDGE('',*,*,#1039,.T.);
#1348=ORIENTED_EDGE('',*,*,#1037,.F.);
#1349=ORIENTED_EDGE('',*,*,#1040,.F.);
#1350=ORIENTED_EDGE('',*,*,#916,.F.);
#1351=ORIENTED_EDGE('',*,*,#1041,.F.);
#1352=ORIENTED_EDGE('',*,*,#957,.F.);
#1353=ORIENTED_EDGE('',*,*,#1042,.F.);
#1354=ORIENTED_EDGE('',*,*,#1039,.F.);
#1355=ORIENTED_EDGE('',*,*,#1043,.F.);
#1356=ORIENTED_EDGE('',*,*,#1044,.T.);
#1357=ORIENTED_EDGE('',*,*,#1045,.T.);
#1358=ORIENTED_EDGE('',*,*,#1046,.F.);
#1359=ORIENTED_EDGE('',*,*,#1047,.T.);
#1360=ORIENTED_EDGE('',*,*,#1048,.F.);
#1361=ORIENTED_EDGE('',*,*,#1049,.T.);
#1362=ORIENTED_EDGE('',*,*,#1050,.F.);
#1363=ORIENTED_EDGE('',*,*,#1051,.T.);
#1364=ORIENTED_EDGE('',*,*,#1052,.F.);
#1365=ORIENTED_EDGE('',*,*,#1053,.T.);
#1366=ORIENTED_EDGE('',*,*,#1054,.T.);
#1367=ORIENTED_EDGE('',*,*,#1055,.T.);
#1368=ORIENTED_EDGE('',*,*,#1056,.T.);
#1369=ORIENTED_EDGE('',*,*,#1057,.T.);
#1370=ORIENTED_EDGE('',*,*,#1058,.T.);
#1371=ORIENTED_EDGE('',*,*,#1047,.F.);
#1372=ORIENTED_EDGE('',*,*,#1059,.F.);
#1373=ORIENTED_EDGE('',*,*,#1060,.F.);
#1374=ORIENTED_EDGE('',*,*,#1051,.F.);
#1375=ORIENTED_EDGE('',*,*,#1061,.F.);
#1376=ORIENTED_EDGE('',*,*,#1049,.F.);
#1377=ORIENTED_EDGE('',*,*,#1062,.F.);
#1378=ORIENTED_EDGE('',*,*,#1053,.F.);
#1379=ORIENTED_EDGE('',*,*,#1063,.F.);
#1380=ORIENTED_EDGE('',*,*,#1036,.T.);
#1381=ORIENTED_EDGE('',*,*,#1043,.T.);
#1382=ORIENTED_EDGE('',*,*,#1038,.T.);
#1383=ORIENTED_EDGE('',*,*,#1042,.T.);
#1384=ORIENTED_EDGE('',*,*,#956,.T.);
#1385=ORIENTED_EDGE('',*,*,#1064,.T.);
#1386=ORIENTED_EDGE('',*,*,#917,.T.);
#1387=ORIENTED_EDGE('',*,*,#1040,.T.);
#1388=ORIENTED_EDGE('',*,*,#1064,.F.);
#1389=ORIENTED_EDGE('',*,*,#955,.F.);
#1390=ORIENTED_EDGE('',*,*,#1065,.F.);
#1391=ORIENTED_EDGE('',*,*,#918,.F.);
#1392=ORIENTED_EDGE('',*,*,#970,.T.);
#1393=ORIENTED_EDGE('',*,*,#976,.T.);
#1394=ORIENTED_EDGE('',*,*,#973,.T.);
#1395=ORIENTED_EDGE('',*,*,#960,.T.);
#1396=ORIENTED_EDGE('',*,*,#964,.T.);
#1397=ORIENTED_EDGE('',*,*,#967,.T.);
#1398=ORIENTED_EDGE('',*,*,#989,.T.);
#1399=ORIENTED_EDGE('',*,*,#995,.T.);
#1400=ORIENTED_EDGE('',*,*,#992,.T.);
#1401=ORIENTED_EDGE('',*,*,#979,.T.);
#1402=ORIENTED_EDGE('',*,*,#983,.T.);
#1403=ORIENTED_EDGE('',*,*,#986,.T.);
#1404=ORIENTED_EDGE('',*,*,#1008,.T.);
#1405=ORIENTED_EDGE('',*,*,#1014,.T.);
#1406=ORIENTED_EDGE('',*,*,#1011,.T.);
#1407=ORIENTED_EDGE('',*,*,#998,.T.);
#1408=ORIENTED_EDGE('',*,*,#1002,.T.);
#1409=ORIENTED_EDGE('',*,*,#1005,.T.);
#1410=ORIENTED_EDGE('',*,*,#1027,.T.);
#1411=ORIENTED_EDGE('',*,*,#1033,.T.);
#1412=ORIENTED_EDGE('',*,*,#1030,.T.);
#1413=ORIENTED_EDGE('',*,*,#1017,.T.);
#1414=ORIENTED_EDGE('',*,*,#1021,.T.);
#1415=ORIENTED_EDGE('',*,*,#1024,.T.);
#1416=ORIENTED_EDGE('',*,*,#1065,.T.);
#1417=ORIENTED_EDGE('',*,*,#1066,.F.);
#1418=ORIENTED_EDGE('',*,*,#1067,.T.);
#1419=ORIENTED_EDGE('',*,*,#1059,.T.);
#1420=ORIENTED_EDGE('',*,*,#1046,.T.);
#1421=ORIENTED_EDGE('',*,*,#1063,.T.);
#1422=ORIENTED_EDGE('',*,*,#1052,.T.);
#1423=ORIENTED_EDGE('',*,*,#1062,.T.);
#1424=ORIENTED_EDGE('',*,*,#1048,.T.);
#1425=ORIENTED_EDGE('',*,*,#1061,.T.);
#1426=ORIENTED_EDGE('',*,*,#1050,.T.);
#1427=ORIENTED_EDGE('',*,*,#1060,.T.);
#1428=ORIENTED_EDGE('',*,*,#1067,.F.);
#1429=ORIENTED_EDGE('',*,*,#1068,.F.);
#1430=ORIENTED_EDGE('',*,*,#1069,.T.);
#1431=ORIENTED_EDGE('',*,*,#1058,.F.);
#1432=ORIENTED_EDGE('',*,*,#1069,.F.);
#1433=ORIENTED_EDGE('',*,*,#1070,.F.);
#1434=ORIENTED_EDGE('',*,*,#1071,.T.);
#1435=ORIENTED_EDGE('',*,*,#1057,.F.);
#1436=ORIENTED_EDGE('',*,*,#1071,.F.);
#1437=ORIENTED_EDGE('',*,*,#1072,.F.);
#1438=ORIENTED_EDGE('',*,*,#1073,.T.);
#1439=ORIENTED_EDGE('',*,*,#1056,.F.);
#1440=ORIENTED_EDGE('',*,*,#1073,.F.);
#1441=ORIENTED_EDGE('',*,*,#1074,.F.);
#1442=ORIENTED_EDGE('',*,*,#1075,.T.);
#1443=ORIENTED_EDGE('',*,*,#1055,.F.);
#1444=ORIENTED_EDGE('',*,*,#1075,.F.);
#1445=ORIENTED_EDGE('',*,*,#1076,.F.);
#1446=ORIENTED_EDGE('',*,*,#1077,.T.);
#1447=ORIENTED_EDGE('',*,*,#1078,.T.);
#1448=ORIENTED_EDGE('',*,*,#1077,.F.);
#1449=ORIENTED_EDGE('',*,*,#1078,.F.);
#1450=ORIENTED_EDGE('',*,*,#1079,.F.);
#1451=ORIENTED_EDGE('',*,*,#919,.F.);
#1452=ORIENTED_EDGE('',*,*,#1066,.T.);
#1453=ORIENTED_EDGE('',*,*,#954,.F.);
#1454=ORIENTED_EDGE('',*,*,#904,.T.);
#1455=ORIENTED_EDGE('',*,*,#910,.T.);
#1456=ORIENTED_EDGE('',*,*,#906,.F.);
#1457=ORIENTED_EDGE('',*,*,#947,.F.);
#1458=ORIENTED_EDGE('',*,*,#1080,.T.);
#1459=ORIENTED_EDGE('',*,*,#920,.F.);
#1460=ORIENTED_EDGE('',*,*,#894,.T.);
#1461=ORIENTED_EDGE('',*,*,#897,.T.);
#1462=ORIENTED_EDGE('',*,*,#888,.F.);
#1463=ORIENTED_EDGE('',*,*,#1080,.F.);
#1464=ORIENTED_EDGE('',*,*,#946,.T.);
#1465=ORIENTED_EDGE('',*,*,#1081,.T.);
#1466=ORIENTED_EDGE('',*,*,#921,.F.);
#1467=ORIENTED_EDGE('',*,*,#1082,.T.);
#1468=ORIENTED_EDGE('',*,*,#1079,.T.);
#1469=ORIENTED_EDGE('',*,*,#1082,.F.);
#1470=ORIENTED_EDGE('',*,*,#1083,.F.);
#1471=ORIENTED_EDGE('',*,*,#1068,.T.);
#1472=ORIENTED_EDGE('',*,*,#1070,.T.);
#1473=ORIENTED_EDGE('',*,*,#1072,.T.);
#1474=ORIENTED_EDGE('',*,*,#1074,.T.);
#1475=ORIENTED_EDGE('',*,*,#1076,.T.);
#1476=ORIENTED_EDGE('',*,*,#1084,.F.);
#1477=ORIENTED_EDGE('',*,*,#1085,.T.);
#1478=ORIENTED_EDGE('',*,*,#1044,.F.);
#1479=ORIENTED_EDGE('',*,*,#1085,.F.);
#1480=ORIENTED_EDGE('',*,*,#1086,.F.);
#1481=ORIENTED_EDGE('',*,*,#1087,.T.);
#1482=ORIENTED_EDGE('',*,*,#1045,.F.);
#1483=ORIENTED_EDGE('',*,*,#1087,.F.);
#1484=ORIENTED_EDGE('',*,*,#930,.F.);
#1485=ORIENTED_EDGE('',*,*,#1088,.T.);
#1486=ORIENTED_EDGE('',*,*,#1089,.T.);
#1487=ORIENTED_EDGE('',*,*,#1090,.T.);
#1488=ORIENTED_EDGE('',*,*,#914,.F.);
#1489=ORIENTED_EDGE('',*,*,#898,.F.);
#1490=ORIENTED_EDGE('',*,*,#1091,.T.);
#1491=ORIENTED_EDGE('',*,*,#1092,.T.);
#1492=ORIENTED_EDGE('',*,*,#1093,.F.);
#1493=ORIENTED_EDGE('',*,*,#1094,.F.);
#1494=ORIENTED_EDGE('',*,*,#1095,.T.);
#1495=ORIENTED_EDGE('',*,*,#1096,.T.);
#1496=ORIENTED_EDGE('',*,*,#1089,.F.);
#1497=ORIENTED_EDGE('',*,*,#1097,.F.);
#1498=ORIENTED_EDGE('',*,*,#1098,.T.);
#1499=ORIENTED_EDGE('',*,*,#1097,.T.);
#1500=ORIENTED_EDGE('',*,*,#1088,.F.);
#1501=ORIENTED_EDGE('',*,*,#1099,.T.);
#1502=ORIENTED_EDGE('',*,*,#1100,.F.);
#1503=ORIENTED_EDGE('',*,*,#1101,.F.);
#1504=ORIENTED_EDGE('',*,*,#1102,.F.);
#1505=ORIENTED_EDGE('',*,*,#1092,.F.);
#1506=ORIENTED_EDGE('',*,*,#959,.F.);
#1507=ORIENTED_EDGE('',*,*,#1103,.T.);
#1508=ORIENTED_EDGE('',*,*,#1093,.T.);
#1509=ORIENTED_EDGE('',*,*,#1102,.T.);
#1510=ORIENTED_EDGE('',*,*,#937,.F.);
#1511=ORIENTED_EDGE('',*,*,#912,.F.);
#1512=ORIENTED_EDGE('',*,*,#929,.F.);
#1513=ORIENTED_EDGE('',*,*,#1104,.F.);
#1514=ORIENTED_EDGE('',*,*,#938,.T.);
#1515=ORIENTED_EDGE('',*,*,#1101,.T.);
#1516=ORIENTED_EDGE('',*,*,#1105,.T.);
#1517=ORIENTED_EDGE('',*,*,#1099,.F.);
#1518=ORIENTED_EDGE('',*,*,#931,.F.);
#1519=ORIENTED_EDGE('',*,*,#1106,.T.);
#1520=ORIENTED_EDGE('',*,*,#978,.T.);
#1521=ORIENTED_EDGE('',*,*,#1106,.F.);
#1522=ORIENTED_EDGE('',*,*,#953,.F.);
#1523=ORIENTED_EDGE('',*,*,#1107,.T.);
#1524=ORIENTED_EDGE('',*,*,#1035,.T.);
#1525=ORIENTED_EDGE('',*,*,#1107,.F.);
#1526=ORIENTED_EDGE('',*,*,#952,.F.);
#1527=ORIENTED_EDGE('',*,*,#1108,.T.);
#1528=ORIENTED_EDGE('',*,*,#1016,.T.);
#1529=ORIENTED_EDGE('',*,*,#1108,.F.);
#1530=ORIENTED_EDGE('',*,*,#932,.F.);
#1531=ORIENTED_EDGE('',*,*,#1109,.T.);
#1532=ORIENTED_EDGE('',*,*,#997,.T.);
#1533=ORIENTED_EDGE('',*,*,#1109,.F.);
#1534=ORIENTED_EDGE('',*,*,#933,.F.);
#1535=ORIENTED_EDGE('',*,*,#1110,.T.);
#1536=ORIENTED_EDGE('',*,*,#1111,.T.);
#1537=ORIENTED_EDGE('',*,*,#1110,.F.);
#1538=ORIENTED_EDGE('',*,*,#1111,.F.);
#1539=ORIENTED_EDGE('',*,*,#934,.F.);
#1540=ORIENTED_EDGE('',*,*,#1112,.T.);
#1541=ORIENTED_EDGE('',*,*,#1113,.T.);
#1542=ORIENTED_EDGE('',*,*,#1112,.F.);
#1543=ORIENTED_EDGE('',*,*,#1113,.F.);
#1544=ORIENTED_EDGE('',*,*,#951,.F.);
#1545=ORIENTED_EDGE('',*,*,#1114,.T.);
#1546=ORIENTED_EDGE('',*,*,#1115,.T.);
#1547=ORIENTED_EDGE('',*,*,#1114,.F.);
#1548=ORIENTED_EDGE('',*,*,#1115,.F.);
#1549=ORIENTED_EDGE('',*,*,#950,.F.);
#1550=ORIENTED_EDGE('',*,*,#1116,.T.);
#1551=ORIENTED_EDGE('',*,*,#1117,.T.);
#1552=ORIENTED_EDGE('',*,*,#1116,.F.);
#1553=ORIENTED_EDGE('',*,*,#1117,.F.);
#1554=ORIENTED_EDGE('',*,*,#935,.F.);
#1555=ORIENTED_EDGE('',*,*,#1118,.T.);
#1556=ORIENTED_EDGE('',*,*,#1119,.T.);
#1557=ORIENTED_EDGE('',*,*,#1118,.F.);
#1558=ORIENTED_EDGE('',*,*,#1119,.F.);
#1559=ORIENTED_EDGE('',*,*,#936,.F.);
#1560=ORIENTED_EDGE('',*,*,#1120,.T.);
#1561=ORIENTED_EDGE('',*,*,#1121,.T.);
#1562=ORIENTED_EDGE('',*,*,#1120,.F.);
#1563=ORIENTED_EDGE('',*,*,#1121,.F.);
#1564=ORIENTED_EDGE('',*,*,#949,.F.);
#1565=ORIENTED_EDGE('',*,*,#1122,.T.);
#1566=ORIENTED_EDGE('',*,*,#1123,.T.);
#1567=ORIENTED_EDGE('',*,*,#1122,.F.);
#1568=ORIENTED_EDGE('',*,*,#1123,.F.);
#1569=ORIENTED_EDGE('',*,*,#948,.F.);
#1570=ORIENTED_EDGE('',*,*,#1124,.T.);
#1571=ORIENTED_EDGE('',*,*,#1125,.T.);
#1572=ORIENTED_EDGE('',*,*,#1124,.F.);
#1573=ORIENTED_EDGE('',*,*,#1125,.F.);
#1574=ORIENTED_EDGE('',*,*,#1054,.F.);
#1575=ORIENTED_EDGE('',*,*,#1126,.T.);
#1576=ORIENTED_EDGE('',*,*,#1083,.T.);
#1577=ORIENTED_EDGE('',*,*,#1126,.F.);
#1578=ORIENTED_EDGE('',*,*,#958,.F.);
#1579=ORIENTED_EDGE('',*,*,#1041,.T.);
#1580=ORIENTED_EDGE('',*,*,#915,.F.);
#1581=ORIENTED_EDGE('',*,*,#1090,.F.);
#1582=ORIENTED_EDGE('',*,*,#1096,.F.);
#1583=ORIENTED_EDGE('',*,*,#1127,.F.);
#1584=ORIENTED_EDGE('',*,*,#1094,.T.);
#1585=ORIENTED_EDGE('',*,*,#1103,.F.);
#1586=ORIENTED_EDGE('',*,*,#1127,.T.);
#1587=ORIENTED_EDGE('',*,*,#1095,.F.);
#1588=ORIENTED_EDGE('',*,*,#1098,.F.);
#1589=ORIENTED_EDGE('',*,*,#1105,.F.);
#1590=ORIENTED_EDGE('',*,*,#1100,.T.);
#1591=ORIENTED_EDGE('',*,*,#1091,.F.);
#1592=ORIENTED_EDGE('',*,*,#892,.T.);
#1593=ORIENTED_EDGE('',*,*,#899,.T.);
#1594=ORIENTED_EDGE('',*,*,#890,.T.);
#1595=ORIENTED_EDGE('',*,*,#896,.T.);
#1596=ORIENTED_EDGE('',*,*,#908,.T.);
#1597=ORIENTED_EDGE('',*,*,#911,.T.);
#1598=ORIENTED_EDGE('',*,*,#902,.T.);
#1599=ORIENTED_EDGE('',*,*,#913,.T.);
#1600=ORIENTED_EDGE('',*,*,#1084,.T.);
#1601=ORIENTED_EDGE('',*,*,#1086,.T.);
#1602=ORIENTED_EDGE('',*,*,#939,.T.);
#1603=ORIENTED_EDGE('',*,*,#1104,.T.);
#1604=ORIENTED_EDGE('',*,*,#928,.F.);
#1605=ORIENTED_EDGE('',*,*,#1128,.F.);
#1606=ORIENTED_EDGE('',*,*,#940,.T.);
#1607=ORIENTED_EDGE('',*,*,#1128,.T.);
#1608=ORIENTED_EDGE('',*,*,#927,.F.);
#1609=ORIENTED_EDGE('',*,*,#1129,.F.);
#1610=ORIENTED_EDGE('',*,*,#941,.T.);
#1611=ORIENTED_EDGE('',*,*,#1129,.T.);
#1612=ORIENTED_EDGE('',*,*,#926,.F.);
#1613=ORIENTED_EDGE('',*,*,#1130,.F.);
#1614=ORIENTED_EDGE('',*,*,#942,.T.);
#1615=ORIENTED_EDGE('',*,*,#1130,.T.);
#1616=ORIENTED_EDGE('',*,*,#925,.F.);
#1617=ORIENTED_EDGE('',*,*,#1131,.F.);
#1618=ORIENTED_EDGE('',*,*,#943,.T.);
#1619=ORIENTED_EDGE('',*,*,#1131,.T.);
#1620=ORIENTED_EDGE('',*,*,#924,.F.);
#1621=ORIENTED_EDGE('',*,*,#1132,.F.);
#1622=ORIENTED_EDGE('',*,*,#944,.T.);
#1623=ORIENTED_EDGE('',*,*,#1132,.T.);
#1624=ORIENTED_EDGE('',*,*,#923,.F.);
#1625=ORIENTED_EDGE('',*,*,#1133,.F.);
#1626=ORIENTED_EDGE('',*,*,#945,.T.);
#1627=ORIENTED_EDGE('',*,*,#1133,.T.);
#1628=ORIENTED_EDGE('',*,*,#922,.F.);
#1629=ORIENTED_EDGE('',*,*,#1081,.F.);
#1630=PLANE('',#1807);
#1631=PLANE('',#1808);
#1632=PLANE('',#1809);
#1633=PLANE('',#1810);
#1634=PLANE('',#1811);
#1635=PLANE('',#1812);
#1636=PLANE('',#1813);
#1637=PLANE('',#1814);
#1638=PLANE('',#1815);
#1639=PLANE('',#1816);
#1640=PLANE('',#1823);
#1641=PLANE('',#1830);
#1642=PLANE('',#1831);
#1643=PLANE('',#1833);
#1644=PLANE('',#1834);
#1645=PLANE('',#1836);
#1646=PLANE('',#1838);
#1647=PLANE('',#1840);
#1648=PLANE('',#1841);
#1649=PLANE('',#1843);
#1650=PLANE('',#1844);
#1651=PLANE('',#1846);
#1652=PLANE('',#1848);
#1653=PLANE('',#1849);
#1654=PLANE('',#1851);
#1655=PLANE('',#1853);
#1656=PLANE('',#1855);
#1657=PLANE('',#1857);
#1658=PLANE('',#1858);
#1659=PLANE('',#1860);
#1660=PLANE('',#1862);
#1661=PLANE('',#1864);
#1662=PLANE('',#1865);
#1663=PLANE('',#1867);
#1664=PLANE('',#1869);
#1665=PLANE('',#1870);
#1666=PLANE('',#1872);
#1667=PLANE('',#1874);
#1668=PLANE('',#1876);
#1669=PLANE('',#1877);
#1670=PLANE('',#1883);
#1671=PLANE('',#1898);
#1672=PLANE('',#1926);
#1673=PLANE('',#1928);
#1674=PLANE('',#1932);
#1675=PLANE('',#1938);
#1676=PLANE('',#1940);
#1677=PLANE('',#1941);
#1678=PLANE('',#1942);
#1679=PLANE('',#1943);
#1680=PLANE('',#1944);
#1681=PLANE('',#1955);
#1682=PLANE('',#1958);
#1683=PLANE('',#1961);
#1684=PLANE('',#1964);
#1685=PLANE('',#1967);
#1686=PLANE('',#1970);
#1687=PLANE('',#1973);
#1688=PLANE('',#1976);
#1689=PLANE('',#1980);
#1690=PLANE('',#1981);
#1691=PLANE('',#1985);
#1692=PLANE('',#1989);
#1693=PLANE('',#1993);
#1694=ADVANCED_FACE('',(#181),#1630,.F.);
#1695=ADVANCED_FACE('',(#182),#1631,.F.);
#1696=ADVANCED_FACE('',(#183),#1632,.F.);
#1697=ADVANCED_FACE('',(#184),#1633,.T.);
#1698=ADVANCED_FACE('',(#185),#1634,.F.);
#1699=ADVANCED_FACE('',(#186),#1635,.F.);
#1700=ADVANCED_FACE('',(#187),#1636,.F.);
#1701=ADVANCED_FACE('',(#188),#1637,.T.);
#1702=ADVANCED_FACE('',(#189),#1638,.T.);
#1703=ADVANCED_FACE('',(#190,#72,#73,#74,#75,#76,#77),#1639,.T.);
#1704=ADVANCED_FACE('',(#191,#78,#79,#80,#81,#82,#83),#1640,.F.);
#1705=ADVANCED_FACE('',(#192),#1641,.F.);
#1706=ADVANCED_FACE('',(#193),#1642,.F.);
#1707=ADVANCED_FACE('',(#194),#1643,.F.);
#1708=ADVANCED_FACE('',(#195),#1644,.F.);
#1709=ADVANCED_FACE('',(#196),#1645,.F.);
#1710=ADVANCED_FACE('',(#197),#1646,.F.);
#1711=ADVANCED_FACE('',(#198),#1647,.F.);
#1712=ADVANCED_FACE('',(#199,#84),#1648,.F.);
#1713=ADVANCED_FACE('',(#200),#1649,.F.);
#1714=ADVANCED_FACE('',(#201),#1650,.F.);
#1715=ADVANCED_FACE('',(#202),#1651,.F.);
#1716=ADVANCED_FACE('',(#203),#1652,.F.);
#1717=ADVANCED_FACE('',(#204),#1653,.F.);
#1718=ADVANCED_FACE('',(#205),#1654,.F.);
#1719=ADVANCED_FACE('',(#206,#85),#1655,.F.);
#1720=ADVANCED_FACE('',(#207),#1656,.F.);
#1721=ADVANCED_FACE('',(#208),#1657,.F.);
#1722=ADVANCED_FACE('',(#209),#1658,.F.);
#1723=ADVANCED_FACE('',(#210),#1659,.F.);
#1724=ADVANCED_FACE('',(#211),#1660,.F.);
#1725=ADVANCED_FACE('',(#212),#1661,.F.);
#1726=ADVANCED_FACE('',(#213,#86),#1662,.F.);
#1727=ADVANCED_FACE('',(#214),#1663,.F.);
#1728=ADVANCED_FACE('',(#215),#1664,.F.);
#1729=ADVANCED_FACE('',(#216),#1665,.F.);
#1730=ADVANCED_FACE('',(#217),#1666,.F.);
#1731=ADVANCED_FACE('',(#218),#1667,.F.);
#1732=ADVANCED_FACE('',(#219),#1668,.F.);
#1733=ADVANCED_FACE('',(#220,#87),#1669,.F.);
#1734=ADVANCED_FACE('',(#221),#23,.F.);
#1735=ADVANCED_FACE('',(#222),#24,.F.);
#1736=ADVANCED_FACE('',(#223,#88,#89),#1670,.T.);
#1737=ADVANCED_FACE('',(#224),#25,.F.);
#1738=ADVANCED_FACE('',(#225),#26,.F.);
#1739=ADVANCED_FACE('',(#226),#27,.F.);
#1740=ADVANCED_FACE('',(#227),#28,.F.);
#1741=ADVANCED_FACE('',(#228,#90,#91,#92,#93,#94),#1671,.T.);
#1742=ADVANCED_FACE('',(#229),#15,.T.);
#1743=ADVANCED_FACE('',(#230,#95,#96,#97,#98),#29,.T.);
#1744=ADVANCED_FACE('',(#231),#16,.T.);
#1745=ADVANCED_FACE('',(#232),#30,.F.);
#1746=ADVANCED_FACE('',(#233),#31,.F.);
#1747=ADVANCED_FACE('',(#234),#32,.F.);
#1748=ADVANCED_FACE('',(#235),#33,.F.);
#1749=ADVANCED_FACE('',(#236),#34,.F.);
#1750=ADVANCED_FACE('',(#237,#99),#1672,.F.);
#1751=ADVANCED_FACE('',(#238),#1673,.T.);
#1752=ADVANCED_FACE('',(#239),#35,.F.);
#1753=ADVANCED_FACE('',(#240,#100,#101,#102,#103,#104),#1674,.T.);
#1754=ADVANCED_FACE('',(#241),#36,.F.);
#1755=ADVANCED_FACE('',(#242),#37,.F.);
#1756=ADVANCED_FACE('',(#243),#1675,.F.);
#1757=ADVANCED_FACE('',(#244),#1676,.T.);
#1758=ADVANCED_FACE('',(#245),#1677,.T.);
#1759=ADVANCED_FACE('',(#246),#1678,.T.);
#1760=ADVANCED_FACE('',(#247),#1679,.T.);
#1761=ADVANCED_FACE('',(#248),#1680,.F.);
#1762=ADVANCED_FACE('',(#249),#38,.F.);
#1763=ADVANCED_FACE('',(#250),#39,.F.);
#1764=ADVANCED_FACE('',(#251),#40,.F.);
#1765=ADVANCED_FACE('',(#252),#41,.F.);
#1766=ADVANCED_FACE('',(#253),#42,.F.);
#1767=ADVANCED_FACE('',(#254),#43,.F.);
#1768=ADVANCED_FACE('',(#255),#1681,.T.);
#1769=ADVANCED_FACE('',(#256),#44,.F.);
#1770=ADVANCED_FACE('',(#257),#1682,.T.);
#1771=ADVANCED_FACE('',(#258),#45,.F.);
#1772=ADVANCED_FACE('',(#259),#1683,.T.);
#1773=ADVANCED_FACE('',(#260),#46,.F.);
#1774=ADVANCED_FACE('',(#261),#1684,.T.);
#1775=ADVANCED_FACE('',(#262),#47,.F.);
#1776=ADVANCED_FACE('',(#263),#1685,.T.);
#1777=ADVANCED_FACE('',(#264),#48,.F.);
#1778=ADVANCED_FACE('',(#265),#1686,.T.);
#1779=ADVANCED_FACE('',(#266),#49,.F.);
#1780=ADVANCED_FACE('',(#267),#1687,.T.);
#1781=ADVANCED_FACE('',(#268),#50,.F.);
#1782=ADVANCED_FACE('',(#269),#1688,.T.);
#1783=ADVANCED_FACE('',(#270),#51,.T.);
#1784=ADVANCED_FACE('',(#271),#52,.T.);
#1785=ADVANCED_FACE('',(#272,#105,#106,#107,#108),#1689,.T.);
#1786=ADVANCED_FACE('',(#273),#1690,.T.);
#1787=ADVANCED_FACE('',(#274),#53,.F.);
#1788=ADVANCED_FACE('',(#275),#1691,.T.);
#1789=ADVANCED_FACE('',(#276),#54,.F.);
#1790=ADVANCED_FACE('',(#277),#1692,.T.);
#1791=ADVANCED_FACE('',(#278),#55,.F.);
#1792=ADVANCED_FACE('',(#279),#1693,.T.);
#1793=CLOSED_SHELL('',(#1694,#1695,#1696,#1697,#1698,#1699,#1700,#1701,
#1702,#1703,#1704,#1705,#1706,#1707,#1708,#1709,#1710,#1711,#1712,#1713,
#1714,#1715,#1716,#1717,#1718,#1719,#1720,#1721,#1722,#1723,#1724,#1725,
#1726,#1727,#1728,#1729,#1730,#1731,#1732,#1733,#1734,#1735,#1736,#1737,
#1738,#1739,#1740,#1741,#1742,#1743,#1744,#1745,#1746,#1747,#1748,#1749,
#1750,#1751,#1752,#1753,#1754,#1755,#1756,#1757,#1758,#1759,#1760,#1761,
#1762,#1763,#1764,#1765,#1766,#1767,#1768,#1769,#1770,#1771,#1772,#1773,
#1774,#1775,#1776,#1777,#1778,#1779,#1780,#1781,#1782,#1783,#1784,#1785,
#1786,#1787,#1788,#1789,#1790,#1791,#1792));
#1794=DERIVED_UNIT_ELEMENT(#1796,1.);
#1795=DERIVED_UNIT_ELEMENT(#3187,-3.);
#1796=(
MASS_UNIT()
NAMED_UNIT(*)
SI_UNIT(.KILO.,.GRAM.)
);
#1797=DERIVED_UNIT((#1794,#1795));
#1798=MEASURE_REPRESENTATION_ITEM('density measure',
POSITIVE_RATIO_MEASURE(7850.),#1797);
#1799=PROPERTY_DEFINITION_REPRESENTATION(#1804,#1801);
#1800=PROPERTY_DEFINITION_REPRESENTATION(#1805,#1802);
#1801=REPRESENTATION('material name',(#1803),#3184);
#1802=REPRESENTATION('density',(#1798),#3184);
#1803=DESCRIPTIVE_REPRESENTATION_ITEM('Steel','Steel');
#1804=PROPERTY_DEFINITION('material property','material name',#3194);
#1805=PROPERTY_DEFINITION('material property','density of part',#3194);
#1806=AXIS2_PLACEMENT_3D('',#2524,#1994,#1995);
#1807=AXIS2_PLACEMENT_3D('',#2525,#1996,#1997);
#1808=AXIS2_PLACEMENT_3D('',#2536,#2003,#2004);
#1809=AXIS2_PLACEMENT_3D('',#2547,#2010,#2011);
#1810=AXIS2_PLACEMENT_3D('',#2550,#2014,#2015);
#1811=AXIS2_PLACEMENT_3D('',#2553,#2018,#2019);
#1812=AXIS2_PLACEMENT_3D('',#2564,#2025,#2026);
#1813=AXIS2_PLACEMENT_3D('',#2575,#2032,#2033);
#1814=AXIS2_PLACEMENT_3D('',#2578,#2036,#2037);
#1815=AXIS2_PLACEMENT_3D('',#2581,#2040,#2041);
#1816=AXIS2_PLACEMENT_3D('',#2593,#2048,#2049);
#1817=AXIS2_PLACEMENT_3D('',#2616,#2061,#2062);
#1818=AXIS2_PLACEMENT_3D('',#2618,#2063,#2064);
#1819=AXIS2_PLACEMENT_3D('',#2620,#2065,#2066);
#1820=AXIS2_PLACEMENT_3D('',#2622,#2067,#2068);
#1821=AXIS2_PLACEMENT_3D('',#2624,#2069,#2070);
#1822=AXIS2_PLACEMENT_3D('',#2626,#2071,#2072);
#1823=AXIS2_PLACEMENT_3D('',#2627,#2073,#2074);
#1824=AXIS2_PLACEMENT_3D('',#2650,#2086,#2087);
#1825=AXIS2_PLACEMENT_3D('',#2652,#2088,#2089);
#1826=AXIS2_PLACEMENT_3D('',#2654,#2090,#2091);
#1827=AXIS2_PLACEMENT_3D('',#2656,#2092,#2093);
#1828=AXIS2_PLACEMENT_3D('',#2658,#2094,#2095);
#1829=AXIS2_PLACEMENT_3D('',#2660,#2096,#2097);
#1830=AXIS2_PLACEMENT_3D('',#2661,#2098,#2099);
#1831=AXIS2_PLACEMENT_3D('',#2673,#2106,#2107);
#1832=AXIS2_PLACEMENT_3D('',#2676,#2108,#2109);
#1833=AXIS2_PLACEMENT_3D('',#2682,#2113,#2114);
#1834=AXIS2_PLACEMENT_3D('',#2688,#2118,#2119);
#1835=AXIS2_PLACEMENT_3D('',#2690,#2120,#2121);
#1836=AXIS2_PLACEMENT_3D('',#2694,#2124,#2125);
#1837=AXIS2_PLACEMENT_3D('',#2696,#2126,#2127);
#1838=AXIS2_PLACEMENT_3D('',#2700,#2130,#2131);
#1839=AXIS2_PLACEMENT_3D('',#2702,#2132,#2133);
#1840=AXIS2_PLACEMENT_3D('',#2706,#2136,#2137);
#1841=AXIS2_PLACEMENT_3D('',#2709,#2140,#2141);
#1842=AXIS2_PLACEMENT_3D('',#2711,#2142,#2143);
#1843=AXIS2_PLACEMENT_3D('',#2712,#2144,#2145);
#1844=AXIS2_PLACEMENT_3D('',#2721,#2150,#2151);
#1845=AXIS2_PLACEMENT_3D('',#2723,#2152,#2153);
#1846=AXIS2_PLACEMENT_3D('',#2727,#2156,#2157);
#1847=AXIS2_PLACEMENT_3D('',#2729,#2158,#2159);
#1848=AXIS2_PLACEMENT_3D('',#2733,#2162,#2163);
#1849=AXIS2_PLACEMENT_3D('',#2739,#2167,#2168);
#1850=AXIS2_PLACEMENT_3D('',#2741,#2169,#2170);
#1851=AXIS2_PLACEMENT_3D('',#2745,#2173,#2174);
#1852=AXIS2_PLACEMENT_3D('',#2746,#2175,#2176);
#1853=AXIS2_PLACEMENT_3D('',#2748,#2178,#2179);
#1854=AXIS2_PLACEMENT_3D('',#2750,#2180,#2181);
#1855=AXIS2_PLACEMENT_3D('',#2751,#2182,#2183);
#1856=AXIS2_PLACEMENT_3D('',#2754,#2184,#2185);
#1857=AXIS2_PLACEMENT_3D('',#2760,#2189,#2190);
#1858=AXIS2_PLACEMENT_3D('',#2766,#2194,#2195);
#1859=AXIS2_PLACEMENT_3D('',#2768,#2196,#2197);
#1860=AXIS2_PLACEMENT_3D('',#2772,#2200,#2201);
#1861=AXIS2_PLACEMENT_3D('',#2774,#2202,#2203);
#1862=AXIS2_PLACEMENT_3D('',#2778,#2206,#2207);
#1863=AXIS2_PLACEMENT_3D('',#2780,#2208,#2209);
#1864=AXIS2_PLACEMENT_3D('',#2784,#2212,#2213);
#1865=AXIS2_PLACEMENT_3D('',#2787,#2216,#2217);
#1866=AXIS2_PLACEMENT_3D('',#2789,#2218,#2219);
#1867=AXIS2_PLACEMENT_3D('',#2790,#2220,#2221);
#1868=AXIS2_PLACEMENT_3D('',#2793,#2222,#2223);
#1869=AXIS2_PLACEMENT_3D('',#2799,#2227,#2228);
#1870=AXIS2_PLACEMENT_3D('',#2805,#2232,#2233);
#1871=AXIS2_PLACEMENT_3D('',#2807,#2234,#2235);
#1872=AXIS2_PLACEMENT_3D('',#2811,#2238,#2239);
#1873=AXIS2_PLACEMENT_3D('',#2813,#2240,#2241);
#1874=AXIS2_PLACEMENT_3D('',#2817,#2244,#2245);
#1875=AXIS2_PLACEMENT_3D('',#2819,#2246,#2247);
#1876=AXIS2_PLACEMENT_3D('',#2823,#2250,#2251);
#1877=AXIS2_PLACEMENT_3D('',#2826,#2254,#2255);
#1878=AXIS2_PLACEMENT_3D('',#2828,#2256,#2257);
#1879=AXIS2_PLACEMENT_3D('',#2829,#2258,#2259);
#1880=AXIS2_PLACEMENT_3D('',#2855,#2260,#2261);
#1881=AXIS2_PLACEMENT_3D('',#2856,#2262,#2263);
#1882=AXIS2_PLACEMENT_3D('',#2882,#2264,#2265);
#1883=AXIS2_PLACEMENT_3D('',#2883,#2266,#2267);
#1884=AXIS2_PLACEMENT_3D('',#2884,#2268,#2269);
#1885=AXIS2_PLACEMENT_3D('',#2885,#2270,#2271);
#1886=AXIS2_PLACEMENT_3D('',#2886,#2272,#2273);
#1887=AXIS2_PLACEMENT_3D('',#2887,#2274,#2275);
#1888=AXIS2_PLACEMENT_3D('',#2889,#2276,#2277);
#1889=AXIS2_PLACEMENT_3D('',#2891,#2278,#2279);
#1890=AXIS2_PLACEMENT_3D('',#2892,#2280,#2281);
#1891=AXIS2_PLACEMENT_3D('',#2922,#2282,#2283);
#1892=AXIS2_PLACEMENT_3D('',#2923,#2284,#2285);
#1893=AXIS2_PLACEMENT_3D('',#2953,#2286,#2287);
#1894=AXIS2_PLACEMENT_3D('',#2954,#2288,#2289);
#1895=AXIS2_PLACEMENT_3D('',#2984,#2290,#2291);
#1896=AXIS2_PLACEMENT_3D('',#2985,#2292,#2293);
#1897=AXIS2_PLACEMENT_3D('',#3015,#2294,#2295);
#1898=AXIS2_PLACEMENT_3D('',#3016,#2296,#2297);
#1899=AXIS2_PLACEMENT_3D('',#3018,#2298,#2299);
#1900=AXIS2_PLACEMENT_3D('',#3020,#2300,#2301);
#1901=AXIS2_PLACEMENT_3D('',#3022,#2302,#2303);
#1902=AXIS2_PLACEMENT_3D('',#3024,#2304,#2305);
#1903=AXIS2_PLACEMENT_3D('',#3026,#2306,#2307);
#1904=AXIS2_PLACEMENT_3D('',#3028,#2308,#2309);
#1905=AXIS2_PLACEMENT_3D('',#3029,#2310,#2311);
#1906=AXIS2_PLACEMENT_3D('',#3030,#2312,#2313);
#1907=AXIS2_PLACEMENT_3D('',#3031,#2314,#2315);
#1908=AXIS2_PLACEMENT_3D('',#3032,#2316,#2317);
#1909=AXIS2_PLACEMENT_3D('',#3033,#2318,#2319);
#1910=AXIS2_PLACEMENT_3D('',#3034,#2320,#2321);
#1911=AXIS2_PLACEMENT_3D('',#3035,#2322,#2323);
#1912=AXIS2_PLACEMENT_3D('',#3036,#2324,#2325);
#1913=AXIS2_PLACEMENT_3D('',#3037,#2326,#2327);
#1914=AXIS2_PLACEMENT_3D('',#3038,#2328,#2329);
#1915=AXIS2_PLACEMENT_3D('',#3040,#2331,#2332);
#1916=AXIS2_PLACEMENT_3D('',#3042,#2333,#2334);
#1917=AXIS2_PLACEMENT_3D('',#3044,#2336,#2337);
#1918=AXIS2_PLACEMENT_3D('',#3046,#2338,#2339);
#1919=AXIS2_PLACEMENT_3D('',#3048,#2341,#2342);
#1920=AXIS2_PLACEMENT_3D('',#3050,#2343,#2344);
#1921=AXIS2_PLACEMENT_3D('',#3052,#2346,#2347);
#1922=AXIS2_PLACEMENT_3D('',#3054,#2348,#2349);
#1923=AXIS2_PLACEMENT_3D('',#3056,#2351,#2352);
#1924=AXIS2_PLACEMENT_3D('',#3058,#2353,#2354);
#1925=AXIS2_PLACEMENT_3D('',#3061,#2356,#2357);
#1926=AXIS2_PLACEMENT_3D('',#3062,#2358,#2359);
#1927=AXIS2_PLACEMENT_3D('',#3064,#2360,#2361);
#1928=AXIS2_PLACEMENT_3D('',#3065,#2362,#2363);
#1929=AXIS2_PLACEMENT_3D('',#3066,#2364,#2365);
#1930=AXIS2_PLACEMENT_3D('',#3067,#2366,#2367);
#1931=AXIS2_PLACEMENT_3D('',#3068,#2368,#2369);
#1932=AXIS2_PLACEMENT_3D('',#3070,#2371,#2372);
#1933=AXIS2_PLACEMENT_3D('',#3072,#2373,#2374);
#1934=AXIS2_PLACEMENT_3D('',#3073,#2375,#2376);
#1935=AXIS2_PLACEMENT_3D('',#3075,#2377,#2378);
#1936=AXIS2_PLACEMENT_3D('',#3077,#2380,#2381);
#1937=AXIS2_PLACEMENT_3D('',#3079,#2382,#2383);
#1938=AXIS2_PLACEMENT_3D('',#3081,#2385,#2386);
#1939=AXIS2_PLACEMENT_3D('',#3086,#2389,#2390);
#1940=AXIS2_PLACEMENT_3D('',#3087,#2391,#2392);
#1941=AXIS2_PLACEMENT_3D('',#3096,#2397,#2398);
#1942=AXIS2_PLACEMENT_3D('',#3102,#2402,#2403);
#1943=AXIS2_PLACEMENT_3D('',#3106,#2406,#2407);
#1944=AXIS2_PLACEMENT_3D('',#3111,#2411,#2412);
#1945=AXIS2_PLACEMENT_3D('',#3112,#2413,#2414);
#1946=AXIS2_PLACEMENT_3D('',#3113,#2415,#2416);
#1947=AXIS2_PLACEMENT_3D('',#3114,#2417,#2418);
#1948=AXIS2_PLACEMENT_3D('',#3115,#2419,#2420);
#1949=AXIS2_PLACEMENT_3D('',#3116,#2421,#2422);
#1950=AXIS2_PLACEMENT_3D('',#3118,#2424,#2425);
#1951=AXIS2_PLACEMENT_3D('',#3120,#2427,#2428);
#1952=AXIS2_PLACEMENT_3D('',#3122,#2430,#2431);
#1953=AXIS2_PLACEMENT_3D('',#3124,#2433,#2434);
#1954=AXIS2_PLACEMENT_3D('',#3127,#2436,#2437);
#1955=AXIS2_PLACEMENT_3D('',#3128,#2438,#2439);
#1956=AXIS2_PLACEMENT_3D('',#3129,#2440,#2441);
#1957=AXIS2_PLACEMENT_3D('',#3132,#2443,#2444);
#1958=AXIS2_PLACEMENT_3D('',#3133,#2445,#2446);
#1959=AXIS2_PLACEMENT_3D('',#3134,#2447,#2448);
#1960=AXIS2_PLACEMENT_3D('',#3137,#2450,#2451);
#1961=AXIS2_PLACEMENT_3D('',#3138,#2452,#2453);
#1962=AXIS2_PLACEMENT_3D('',#3139,#2454,#2455);
#1963=AXIS2_PLACEMENT_3D('',#3142,#2457,#2458);
#1964=AXIS2_PLACEMENT_3D('',#3143,#2459,#2460);
#1965=AXIS2_PLACEMENT_3D('',#3144,#2461,#2462);
#1966=AXIS2_PLACEMENT_3D('',#3147,#2464,#2465);
#1967=AXIS2_PLACEMENT_3D('',#3148,#2466,#2467);
#1968=AXIS2_PLACEMENT_3D('',#3149,#2468,#2469);
#1969=AXIS2_PLACEMENT_3D('',#3152,#2471,#2472);
#1970=AXIS2_PLACEMENT_3D('',#3153,#2473,#2474);
#1971=AXIS2_PLACEMENT_3D('',#3154,#2475,#2476);
#1972=AXIS2_PLACEMENT_3D('',#3157,#2478,#2479);
#1973=AXIS2_PLACEMENT_3D('',#3158,#2480,#2481);
#1974=AXIS2_PLACEMENT_3D('',#3159,#2482,#2483);
#1975=AXIS2_PLACEMENT_3D('',#3162,#2485,#2486);
#1976=AXIS2_PLACEMENT_3D('',#3163,#2487,#2488);
#1977=AXIS2_PLACEMENT_3D('',#3164,#2489,#2490);
#1978=AXIS2_PLACEMENT_3D('',#3166,#2492,#2493);
#1979=AXIS2_PLACEMENT_3D('',#3167,#2494,#2495);
#1980=AXIS2_PLACEMENT_3D('',#3168,#2496,#2497);
#1981=AXIS2_PLACEMENT_3D('',#3169,#2498,#2499);
#1982=AXIS2_PLACEMENT_3D('',#3170,#2500,#2501);
#1983=AXIS2_PLACEMENT_3D('',#3171,#2502,#2503);
#1984=AXIS2_PLACEMENT_3D('',#3172,#2504,#2505);
#1985=AXIS2_PLACEMENT_3D('',#3173,#2506,#2507);
#1986=AXIS2_PLACEMENT_3D('',#3174,#2508,#2509);
#1987=AXIS2_PLACEMENT_3D('',#3175,#2510,#2511);
#1988=AXIS2_PLACEMENT_3D('',#3176,#2512,#2513);
#1989=AXIS2_PLACEMENT_3D('',#3177,#2514,#2515);
#1990=AXIS2_PLACEMENT_3D('',#3178,#2516,#2517);
#1991=AXIS2_PLACEMENT_3D('',#3179,#2518,#2519);
#1992=AXIS2_PLACEMENT_3D('',#3180,#2520,#2521);
#1993=AXIS2_PLACEMENT_3D('',#3181,#2522,#2523);
#1994=DIRECTION('axis',(0.,0.,1.));
#1995=DIRECTION('refdir',(1.,0.,0.));
#1996=DIRECTION('center_axis',(-1.,0.,0.));
#1997=DIRECTION('ref_axis',(0.,0.,1.));
#1998=DIRECTION('',(0.,0.,-1.));
#1999=DIRECTION('',(0.,0.,1.));
#2000=DIRECTION('',(0.,1.,0.));
#2001=DIRECTION('',(0.,0.,-1.));
#2002=DIRECTION('',(0.,1.,0.));
#2003=DIRECTION('center_axis',(1.,0.,0.));
#2004=DIRECTION('ref_axis',(0.,0.,-1.));
#2005=DIRECTION('',(0.,0.,1.));
#2006=DIRECTION('',(0.,-1.,0.));
#2007=DIRECTION('',(0.,0.,1.));
#2008=DIRECTION('',(0.,-1.,0.));
#2009=DIRECTION('',(0.,0.,-1.));
#2010=DIRECTION('center_axis',(0.,1.,0.));
#2011=DIRECTION('ref_axis',(0.,0.,1.));
#2012=DIRECTION('',(1.,0.,0.));
#2013=DIRECTION('',(-1.,0.,0.));
#2014=DIRECTION('center_axis',(0.,1.,0.));
#2015=DIRECTION('ref_axis',(1.,0.,0.));
#2016=DIRECTION('',(-1.,1.22464679914735E-16,0.));
#2017=DIRECTION('',(-1.,0.,0.));
#2018=DIRECTION('center_axis',(1.,0.,0.));
#2019=DIRECTION('ref_axis',(0.,0.,-1.));
#2020=DIRECTION('',(0.,0.,1.));
#2021=DIRECTION('',(0.,0.,1.));
#2022=DIRECTION('',(0.,-1.,0.));
#2023=DIRECTION('',(0.,0.,1.));
#2024=DIRECTION('',(0.,-1.,0.));
#2025=DIRECTION('center_axis',(-1.,0.,0.));
#2026=DIRECTION('ref_axis',(0.,0.,1.));
#2027=DIRECTION('',(0.,0.,-1.));
#2028=DIRECTION('',(0.,1.,0.));
#2029=DIRECTION('',(0.,0.,-1.));
#2030=DIRECTION('',(0.,1.,0.));
#2031=DIRECTION('',(0.,0.,-1.));
#2032=DIRECTION('center_axis',(0.,1.,0.));
#2033=DIRECTION('ref_axis',(0.,0.,1.));
#2034=DIRECTION('',(-1.,0.,0.));
#2035=DIRECTION('',(1.,0.,0.));
#2036=DIRECTION('center_axis',(0.,1.,0.));
#2037=DIRECTION('ref_axis',(1.,0.,0.));
#2038=DIRECTION('',(-1.,0.,0.));
#2039=DIRECTION('',(-1.,0.,0.));
#2040=DIRECTION('center_axis',(-1.22464679914735E-16,-1.,0.));
#2041=DIRECTION('ref_axis',(-1.,1.22464679914735E-16,0.));
#2042=DIRECTION('',(-1.,1.22464679914735E-16,0.));
#2043=DIRECTION('',(0.,0.,-1.));
#2044=DIRECTION('',(1.,-1.22464679914735E-16,0.));
#2045=DIRECTION('',(-0.707106781186547,8.65956056235493E-17,0.707106781186548));
#2046=DIRECTION('',(5.62138240316535E-17,-6.8842079668197E-33,-1.));
#2047=DIRECTION('',(1.,-1.22464679914735E-16,0.));
#2048=DIRECTION('center_axis',(-1.22464679914735E-16,-1.,0.));
#2049=DIRECTION('ref_axis',(-1.,1.22464679914735E-16,0.));
#2050=DIRECTION('',(1.,-1.22464679914735E-16,0.));
#2051=DIRECTION('',(-5.69345140833414E-17,6.97246704331739E-33,1.));
#2052=DIRECTION('',(-1.,1.22464679914735E-16,0.));
#2053=DIRECTION('',(0.,0.,1.));
#2054=DIRECTION('',(1.,-1.22464679914735E-16,0.));
#2055=DIRECTION('',(1.00929365875014E-16,-1.23602824858808E-32,1.));
#2056=DIRECTION('',(-1.,1.22464679914735E-16,0.));
#2057=DIRECTION('',(0.,0.,1.));
#2058=DIRECTION('',(1.,-1.22464679914735E-16,0.));
#2059=DIRECTION('',(0.,0.,1.));
#2060=DIRECTION('',(-1.,1.22464679914735E-16,0.));
#2061=DIRECTION('center_axis',(1.22464679914735E-16,1.,0.));
#2062=DIRECTION('ref_axis',(1.,0.,0.));
#2063=DIRECTION('center_axis',(1.22464679914735E-16,1.,0.));
#2064=DIRECTION('ref_axis',(1.,0.,0.));
#2065=DIRECTION('center_axis',(1.22464679914735E-16,1.,0.));
#2066=DIRECTION('ref_axis',(1.,0.,0.));
#2067=DIRECTION('center_axis',(1.22464679914735E-16,1.,0.));
#2068=DIRECTION('ref_axis',(1.,0.,0.));
#2069=DIRECTION('center_axis',(1.22464679914735E-16,1.,0.));
#2070=DIRECTION('ref_axis',(1.,0.,0.));
#2071=DIRECTION('center_axis',(1.22464679914735E-16,1.,0.));
#2072=DIRECTION('ref_axis',(1.,0.,0.));
#2073=DIRECTION('center_axis',(0.,1.,0.));
#2074=DIRECTION('ref_axis',(1.,0.,0.));
#2075=DIRECTION('',(-1.,0.,0.));
#2076=DIRECTION('',(0.,0.,1.));
#2077=DIRECTION('',(-1.,0.,0.));
#2078=DIRECTION('',(0.,0.,1.));
#2079=DIRECTION('',(1.,0.,0.));
#2080=DIRECTION('',(-1.00929365875014E-16,0.,1.));
#2081=DIRECTION('',(-1.,0.,0.));
#2082=DIRECTION('',(0.,0.,1.));
#2083=DIRECTION('',(1.,0.,0.));
#2084=DIRECTION('',(5.69345140833414E-17,0.,1.));
#2085=DIRECTION('',(1.,0.,0.));
#2086=DIRECTION('center_axis',(0.,1.,0.));
#2087=DIRECTION('ref_axis',(1.,0.,0.));
#2088=DIRECTION('center_axis',(0.,1.,0.));
#2089=DIRECTION('ref_axis',(1.,0.,0.));
#2090=DIRECTION('center_axis',(0.,1.,0.));
#2091=DIRECTION('ref_axis',(1.,0.,0.));
#2092=DIRECTION('center_axis',(0.,1.,0.));
#2093=DIRECTION('ref_axis',(1.,0.,0.));
#2094=DIRECTION('center_axis',(0.,1.,0.));
#2095=DIRECTION('ref_axis',(1.,0.,0.));
#2096=DIRECTION('center_axis',(0.,1.,0.));
#2097=DIRECTION('ref_axis',(1.,0.,0.));
#2098=DIRECTION('center_axis',(0.,1.,0.));
#2099=DIRECTION('ref_axis',(1.,0.,0.));
#2100=DIRECTION('',(1.,0.,0.));
#2101=DIRECTION('',(5.62138240316535E-17,0.,1.));
#2102=DIRECTION('',(-0.707106781186547,0.,-0.707106781186548));
#2103=DIRECTION('',(1.,0.,0.));
#2104=DIRECTION('',(0.,0.,1.));
#2105=DIRECTION('',(-1.,0.,0.));
#2106=DIRECTION('center_axis',(-0.500000000000001,0.,0.866025403784438));
#2107=DIRECTION('ref_axis',(-0.866025403784438,0.,-0.500000000000001));
#2108=DIRECTION('center_axis',(-0.500000000000001,0.,0.866025403784438));
#2109=DIRECTION('ref_axis',(0.866025403784438,0.,0.500000000000001));
#2110=DIRECTION('',(0.,-1.,0.));
#2111=DIRECTION('',(-0.866025403784438,0.,-0.500000000000001));
#2112=DIRECTION('',(0.,-1.,0.));
#2113=DIRECTION('center_axis',(-1.,0.,6.86772387994133E-16));
#2114=DIRECTION('ref_axis',(-6.86772387994133E-16,0.,-1.));
#2115=DIRECTION('',(0.,0.,-1.));
#2116=DIRECTION('',(-6.86772387994133E-16,0.,-1.));
#2117=DIRECTION('',(0.,-1.,0.));
#2118=DIRECTION('center_axis',(-0.500000000000001,0.,-0.866025403784438));
#2119=DIRECTION('ref_axis',(0.866025403784438,0.,-0.500000000000001));
#2120=DIRECTION('center_axis',(-0.500000000000001,0.,-0.866025403784438));
#2121=DIRECTION('ref_axis',(0.866025403784438,0.,-0.500000000000001));
#2122=DIRECTION('',(0.866025403784438,0.,-0.500000000000001));
#2123=DIRECTION('',(0.,-1.,0.));
#2124=DIRECTION('center_axis',(0.500000000000001,0.,-0.866025403784438));
#2125=DIRECTION('ref_axis',(0.866025403784438,0.,0.500000000000001));
#2126=DIRECTION('center_axis',(0.500000000000001,0.,-0.866025403784438));
#2127=DIRECTION('ref_axis',(0.866025403784438,0.,0.500000000000001));
#2128=DIRECTION('',(0.866025403784438,0.,0.500000000000001));
#2129=DIRECTION('',(0.,-1.,0.));
#2130=DIRECTION('center_axis',(0.499999999999998,0.,0.86602540378444));
#2131=DIRECTION('ref_axis',(-0.86602540378444,0.,0.499999999999998));
#2132=DIRECTION('center_axis',(0.499999999999998,0.,0.86602540378444));
#2133=DIRECTION('ref_axis',(0.86602540378444,0.,-0.499999999999998));
#2134=DIRECTION('',(0.,-1.,0.));
#2135=DIRECTION('',(-0.86602540378444,0.,0.499999999999998));
#2136=DIRECTION('center_axis',(1.,0.,-1.37354477598826E-15));
#2137=DIRECTION('ref_axis',(1.37354477598826E-15,0.,1.));
#2138=DIRECTION('',(0.,0.,1.));
#2139=DIRECTION('',(1.37354477598826E-15,0.,1.));
#2140=DIRECTION('center_axis',(0.,-1.,0.));
#2141=DIRECTION('ref_axis',(0.,0.,-1.));
#2142=DIRECTION('center_axis',(0.,1.,0.));
#2143=DIRECTION('ref_axis',(1.,0.,0.));
#2144=DIRECTION('center_axis',(-1.,0.,6.8677238799413E-16));
#2145=DIRECTION('ref_axis',(-6.8677238799413E-16,0.,-1.));
#2146=DIRECTION('',(0.,0.,-1.));
#2147=DIRECTION('',(0.,-1.,0.));
#2148=DIRECTION('',(-6.8677238799413E-16,0.,-1.));
#2149=DIRECTION('',(0.,-1.,0.));
#2150=DIRECTION('center_axis',(-0.500000000000001,0.,-0.866025403784438));
#2151=DIRECTION('ref_axis',(0.866025403784438,0.,-0.500000000000001));
#2152=DIRECTION('center_axis',(-0.500000000000001,0.,-0.866025403784438));
#2153=DIRECTION('ref_axis',(0.866025403784438,0.,-0.500000000000001));
#2154=DIRECTION('',(0.866025403784438,0.,-0.500000000000001));
#2155=DIRECTION('',(0.,-1.,0.));
#2156=DIRECTION('center_axis',(0.499999999999999,0.,-0.866025403784439));
#2157=DIRECTION('ref_axis',(0.866025403784439,0.,0.499999999999999));
#2158=DIRECTION('center_axis',(0.499999999999999,0.,-0.866025403784439));
#2159=DIRECTION('ref_axis',(0.866025403784439,0.,0.499999999999999));
#2160=DIRECTION('',(0.866025403784439,0.,0.499999999999999));
#2161=DIRECTION('',(0.,-1.,0.));
#2162=DIRECTION('center_axis',(1.,0.,-6.8677238799413E-16));
#2163=DIRECTION('ref_axis',(6.8677238799413E-16,0.,1.));
#2164=DIRECTION('',(0.,0.,1.));
#2165=DIRECTION('',(6.8677238799413E-16,0.,1.));
#2166=DIRECTION('',(0.,-1.,0.));
#2167=DIRECTION('center_axis',(-0.5,0.,0.866025403784439));
#2168=DIRECTION('ref_axis',(-0.866025403784439,0.,-0.499999999999999));
#2169=DIRECTION('center_axis',(-0.5,0.,0.866025403784439));
#2170=DIRECTION('ref_axis',(0.866025403784439,0.,0.499999999999999));
#2171=DIRECTION('',(0.,-1.,0.));
#2172=DIRECTION('',(-0.866025403784439,0.,-0.499999999999999));
#2173=DIRECTION('center_axis',(0.5,0.,0.866025403784439));
#2174=DIRECTION('ref_axis',(-0.866025403784438,0.,0.5));
#2175=DIRECTION('center_axis',(0.5,0.,0.866025403784439));
#2176=DIRECTION('ref_axis',(0.866025403784438,0.,-0.5));
#2177=DIRECTION('',(-0.866025403784439,0.,0.5));
#2178=DIRECTION('center_axis',(0.,-1.,0.));
#2179=DIRECTION('ref_axis',(0.,0.,-1.));
#2180=DIRECTION('center_axis',(0.,1.,0.));
#2181=DIRECTION('ref_axis',(1.,0.,0.));
#2182=DIRECTION('center_axis',(-0.499999999999999,0.,0.866025403784439));
#2183=DIRECTION('ref_axis',(-0.866025403784439,0.,-0.499999999999999));
#2184=DIRECTION('center_axis',(-0.499999999999999,0.,0.866025403784439));
#2185=DIRECTION('ref_axis',(0.866025403784439,0.,0.499999999999999));
#2186=DIRECTION('',(0.,-1.,0.));
#2187=DIRECTION('',(-0.866025403784439,0.,-0.499999999999999));
#2188=DIRECTION('',(0.,-1.,0.));
#2189=DIRECTION('center_axis',(-1.,0.,6.86772387994127E-16));
#2190=DIRECTION('ref_axis',(-6.86772387994127E-16,0.,-1.));
#2191=DIRECTION('',(0.,0.,-1.));
#2192=DIRECTION('',(-6.86772387994127E-16,0.,-1.));
#2193=DIRECTION('',(0.,-1.,0.));
#2194=DIRECTION('center_axis',(-0.500000000000001,0.,-0.866025403784438));
#2195=DIRECTION('ref_axis',(0.866025403784438,0.,-0.500000000000001));
#2196=DIRECTION('center_axis',(-0.500000000000001,0.,-0.866025403784438));
#2197=DIRECTION('ref_axis',(0.866025403784438,0.,-0.500000000000001));
#2198=DIRECTION('',(0.866025403784438,0.,-0.500000000000001));
#2199=DIRECTION('',(0.,-1.,0.));
#2200=DIRECTION('center_axis',(0.499999999999999,0.,-0.866025403784439));
#2201=DIRECTION('ref_axis',(0.866025403784439,0.,0.499999999999999));
#2202=DIRECTION('center_axis',(0.499999999999999,0.,-0.866025403784439));
#2203=DIRECTION('ref_axis',(0.866025403784439,0.,0.499999999999999));
#2204=DIRECTION('',(0.866025403784439,0.,0.499999999999999));
#2205=DIRECTION('',(0.,-1.,0.));
#2206=DIRECTION('center_axis',(0.500000000000001,0.,0.866025403784438));
#2207=DIRECTION('ref_axis',(-0.866025403784438,0.,0.500000000000001));
#2208=DIRECTION('center_axis',(0.500000000000001,0.,0.866025403784438));
#2209=DIRECTION('ref_axis',(0.866025403784438,0.,-0.500000000000001));
#2210=DIRECTION('',(0.,-1.,0.));
#2211=DIRECTION('',(-0.866025403784438,0.,0.500000000000001));
#2212=DIRECTION('center_axis',(1.,0.,0.));
#2213=DIRECTION('ref_axis',(0.,0.,1.));
#2214=DIRECTION('',(0.,0.,1.));
#2215=DIRECTION('',(0.,0.,1.));
#2216=DIRECTION('center_axis',(0.,-1.,0.));
#2217=DIRECTION('ref_axis',(0.,0.,-1.));
#2218=DIRECTION('center_axis',(0.,1.,0.));
#2219=DIRECTION('ref_axis',(1.,0.,0.));
#2220=DIRECTION('center_axis',(-0.5,0.,0.866025403784439));
#2221=DIRECTION('ref_axis',(-0.866025403784439,0.,-0.5));
#2222=DIRECTION('center_axis',(-0.5,0.,0.866025403784439));
#2223=DIRECTION('ref_axis',(0.866025403784439,0.,0.5));
#2224=DIRECTION('',(0.,-1.,0.));
#2225=DIRECTION('',(-0.866025403784439,0.,-0.5));
#2226=DIRECTION('',(0.,-1.,0.));
#2227=DIRECTION('center_axis',(-1.,0.,6.86772387994132E-16));
#2228=DIRECTION('ref_axis',(-6.86772387994132E-16,0.,-1.));
#2229=DIRECTION('',(0.,0.,-1.));
#2230=DIRECTION('',(-6.86772387994132E-16,0.,-1.));
#2231=DIRECTION('',(0.,-1.,0.));
#2232=DIRECTION('center_axis',(-0.500000000000001,0.,-0.866025403784438));
#2233=DIRECTION('ref_axis',(0.866025403784438,0.,-0.500000000000001));
#2234=DIRECTION('center_axis',(-0.500000000000001,0.,-0.866025403784438));
#2235=DIRECTION('ref_axis',(0.866025403784438,0.,-0.500000000000001));
#2236=DIRECTION('',(0.866025403784438,0.,-0.500000000000001));
#2237=DIRECTION('',(0.,-1.,0.));
#2238=DIRECTION('center_axis',(0.499999999999999,0.,-0.866025403784439));
#2239=DIRECTION('ref_axis',(0.866025403784439,0.,0.499999999999999));
#2240=DIRECTION('center_axis',(0.499999999999999,0.,-0.866025403784439));
#2241=DIRECTION('ref_axis',(0.866025403784439,0.,0.499999999999999));
#2242=DIRECTION('',(0.866025403784439,0.,0.499999999999999));
#2243=DIRECTION('',(0.,-1.,0.));
#2244=DIRECTION('center_axis',(0.500000000000001,0.,0.866025403784438));
#2245=DIRECTION('ref_axis',(-0.866025403784438,0.,0.500000000000001));
#2246=DIRECTION('center_axis',(0.500000000000001,0.,0.866025403784438));
#2247=DIRECTION('ref_axis',(0.866025403784438,0.,-0.500000000000001));
#2248=DIRECTION('',(0.,-1.,0.));
#2249=DIRECTION('',(-0.866025403784438,0.,0.500000000000001));
#2250=DIRECTION('center_axis',(1.,0.,-6.86772387994131E-16));
#2251=DIRECTION('ref_axis',(6.86772387994131E-16,0.,1.));
#2252=DIRECTION('',(0.,0.,1.));
#2253=DIRECTION('',(6.86772387994131E-16,0.,1.));
#2254=DIRECTION('center_axis',(0.,-1.,0.));
#2255=DIRECTION('ref_axis',(0.,0.,-1.));
#2256=DIRECTION('center_axis',(0.,1.,0.));
#2257=DIRECTION('ref_axis',(1.,0.,0.));
#2258=DIRECTION('center_axis',(0.,0.,-1.));
#2259=DIRECTION('ref_axis',(1.,0.,0.));
#2260=DIRECTION('center_axis',(0.,0.,1.));
#2261=DIRECTION('ref_axis',(1.,0.,0.));
#2262=DIRECTION('center_axis',(0.,0.,-1.));
#2263=DIRECTION('ref_axis',(-0.707106781186548,-0.707106781186547,0.));
#2264=DIRECTION('center_axis',(0.,0.,1.));
#2265=DIRECTION('ref_axis',(1.,0.,0.));
#2266=DIRECTION('center_axis',(0.,0.,-1.));
#2267=DIRECTION('ref_axis',(-1.,0.,0.));
#2268=DIRECTION('center_axis',(0.,0.,-1.));
#2269=DIRECTION('ref_axis',(1.,0.,0.));
#2270=DIRECTION('center_axis',(0.,0.,1.));
#2271=DIRECTION('ref_axis',(1.,-1.97372982155583E-16,0.));
#2272=DIRECTION('center_axis',(0.,0.,-1.));
#2273=DIRECTION('ref_axis',(1.,0.,0.));
#2274=DIRECTION('center_axis',(0.,0.,-1.));
#2275=DIRECTION('ref_axis',(1.,0.,0.));
#2276=DIRECTION('center_axis',(0.,0.,1.));
#2277=DIRECTION('ref_axis',(1.,0.,0.));
#2278=DIRECTION('center_axis',(0.,0.,1.));
#2279=DIRECTION('ref_axis',(1.,0.,0.));
#2280=DIRECTION('center_axis',(0.,0.,1.));
#2281=DIRECTION('ref_axis',(0.707106781186547,0.707106781186548,0.));
#2282=DIRECTION('center_axis',(0.,0.,-1.));
#2283=DIRECTION('ref_axis',(-1.,0.,0.));
#2284=DIRECTION('center_axis',(0.,0.,1.));
#2285=DIRECTION('ref_axis',(-1.,0.,0.));
#2286=DIRECTION('center_axis',(0.,0.,-1.));
#2287=DIRECTION('ref_axis',(-1.,0.,0.));
#2288=DIRECTION('center_axis',(0.,0.,1.));
#2289=DIRECTION('ref_axis',(0.707106781186548,-0.707106781186547,0.));
#2290=DIRECTION('center_axis',(0.,0.,-1.));
#2291=DIRECTION('ref_axis',(-1.,0.,0.));
#2292=DIRECTION('center_axis',(0.,0.,1.));
#2293=DIRECTION('ref_axis',(-1.,0.,0.));
#2294=DIRECTION('center_axis',(0.,0.,-1.));
#2295=DIRECTION('ref_axis',(-1.,0.,0.));
#2296=DIRECTION('center_axis',(0.,0.,1.));
#2297=DIRECTION('ref_axis',(1.,0.,0.));
#2298=DIRECTION('center_axis',(0.,0.,1.));
#2299=DIRECTION('ref_axis',(1.,-1.77635683940025E-16,0.));
#2300=DIRECTION('center_axis',(0.,0.,-1.));
#2301=DIRECTION('ref_axis',(-1.,0.,0.));
#2302=DIRECTION('center_axis',(0.,0.,-1.));
#2303=DIRECTION('ref_axis',(-1.,0.,0.));
#2304=DIRECTION('center_axis',(0.,0.,-1.));
#2305=DIRECTION('ref_axis',(-1.,0.,0.));
#2306=DIRECTION('center_axis',(0.,0.,-1.));
#2307=DIRECTION('ref_axis',(-1.,0.,0.));
#2308=DIRECTION('center_axis',(0.,0.,1.));
#2309=DIRECTION('ref_axis',(1.,0.,0.));
#2310=DIRECTION('center_axis',(0.,0.,1.));
#2311=DIRECTION('ref_axis',(1.,0.,0.));
#2312=DIRECTION('center_axis',(0.,0.,1.));
#2313=DIRECTION('ref_axis',(1.,0.,0.));
#2314=DIRECTION('center_axis',(0.,0.,1.));
#2315=DIRECTION('ref_axis',(1.,0.,0.));
#2316=DIRECTION('center_axis',(0.,0.,1.));
#2317=DIRECTION('ref_axis',(1.,0.,0.));
#2318=DIRECTION('center_axis',(0.,0.,1.));
#2319=DIRECTION('ref_axis',(1.,0.,0.));
#2320=DIRECTION('center_axis',(0.,0.,1.));
#2321=DIRECTION('ref_axis',(1.,0.,0.));
#2322=DIRECTION('center_axis',(0.,0.,1.));
#2323=DIRECTION('ref_axis',(1.,0.,0.));
#2324=DIRECTION('center_axis',(0.,0.,-1.));
#2325=DIRECTION('ref_axis',(1.,0.,0.));
#2326=DIRECTION('center_axis',(0.,0.,-1.));
#2327=DIRECTION('ref_axis',(1.,0.,0.));
#2328=DIRECTION('center_axis',(0.,0.,1.));
#2329=DIRECTION('ref_axis',(1.,0.,0.));
#2330=DIRECTION('',(-0.707106781186547,-8.65956056235493E-17,-0.707106781186548));
#2331=DIRECTION('center_axis',(0.,0.,1.));
#2332=DIRECTION('ref_axis',(-1.,0.,0.));
#2333=DIRECTION('center_axis',(0.,0.,1.));
#2334=DIRECTION('ref_axis',(-1.,0.,0.));
#2335=DIRECTION('',(0.,0.,1.));
#2336=DIRECTION('center_axis',(0.,0.,1.));
#2337=DIRECTION('ref_axis',(-1.,0.,0.));
#2338=DIRECTION('center_axis',(0.,0.,1.));
#2339=DIRECTION('ref_axis',(-1.,0.,0.));
#2340=DIRECTION('',(0.,0.,1.));
#2341=DIRECTION('center_axis',(0.,0.,1.));
#2342=DIRECTION('ref_axis',(-1.,0.,0.));
#2343=DIRECTION('center_axis',(0.,0.,1.));
#2344=DIRECTION('ref_axis',(-1.,0.,0.));
#2345=DIRECTION('',(0.,0.,1.));
#2346=DIRECTION('center_axis',(0.,0.,1.));
#2347=DIRECTION('ref_axis',(-1.,0.,0.));
#2348=DIRECTION('center_axis',(0.,0.,1.));
#2349=DIRECTION('ref_axis',(-1.,0.,0.));
#2350=DIRECTION('',(0.,0.,1.));
#2351=DIRECTION('center_axis',(0.,0.,1.));
#2352=DIRECTION('ref_axis',(1.,0.,0.));
#2353=DIRECTION('center_axis',(0.,0.,1.));
#2354=DIRECTION('ref_axis',(1.,0.,0.));
#2355=DIRECTION('',(0.,0.,1.));
#2356=DIRECTION('center_axis',(0.,0.,1.));
#2357=DIRECTION('ref_axis',(1.,0.,0.));
#2358=DIRECTION('center_axis',(0.,0.,1.));
#2359=DIRECTION('ref_axis',(1.,0.,0.));
#2360=DIRECTION('center_axis',(0.,0.,-1.));
#2361=DIRECTION('ref_axis',(1.,0.,0.));
#2362=DIRECTION('center_axis',(0.,0.,1.));
#2363=DIRECTION('ref_axis',(1.,0.,0.));
#2364=DIRECTION('center_axis',(0.,0.,-1.));
#2365=DIRECTION('ref_axis',(1.,0.,0.));
#2366=DIRECTION('center_axis',(0.,0.,1.));
#2367=DIRECTION('ref_axis',(1.,0.,0.));
#2368=DIRECTION('center_axis',(0.,0.,1.));
#2369=DIRECTION('ref_axis',(1.,1.58603289232165E-16,0.));
#2370=DIRECTION('',(0.,0.,-1.));
#2371=DIRECTION('center_axis',(0.,0.,-1.));
#2372=DIRECTION('ref_axis',(-1.,0.,0.));
#2373=DIRECTION('center_axis',(0.,0.,1.));
#2374=DIRECTION('ref_axis',(1.,-1.77635683940025E-16,0.));
#2375=DIRECTION('center_axis',(0.,0.,-1.));
#2376=DIRECTION('ref_axis',(1.,0.,0.));
#2377=DIRECTION('center_axis',(0.,0.,-1.));
#2378=DIRECTION('ref_axis',(1.,0.,0.));
#2379=DIRECTION('',(0.,0.,-1.));
#2380=DIRECTION('center_axis',(0.,0.,-1.));
#2381=DIRECTION('ref_axis',(1.,0.,0.));
#2382=DIRECTION('center_axis',(0.,0.,-1.));
#2383=DIRECTION('ref_axis',(1.,0.,0.));
#2384=DIRECTION('',(0.,0.,-1.));
#2385=DIRECTION('center_axis',(0.,0.,1.));
#2386=DIRECTION('ref_axis',(1.,0.,0.));
#2387=DIRECTION('',(0.,-1.,0.));
#2388=DIRECTION('',(-1.,-5.27929960154021E-17,0.));
#2389=DIRECTION('center_axis',(0.,0.,-1.));
#2390=DIRECTION('ref_axis',(1.,0.,0.));
#2391=DIRECTION('center_axis',(5.27929960154021E-17,-1.,0.));
#2392=DIRECTION('ref_axis',(-1.,-5.27929960154021E-17,0.));
#2393=DIRECTION('',(-1.,-5.27929960154021E-17,0.));
#2394=DIRECTION('',(0.,0.,-1.));
#2395=DIRECTION('',(-1.,-5.27929960154021E-17,0.));
#2396=DIRECTION('',(0.,0.,-1.));
#2397=DIRECTION('center_axis',(5.27929960154021E-17,-1.,0.));
#2398=DIRECTION('ref_axis',(-1.,-5.27929960154021E-17,0.));
#2399=DIRECTION('',(-1.,-5.27929960154021E-17,0.));
#2400=DIRECTION('',(0.,0.,-1.));
#2401=DIRECTION('',(0.,0.,-1.));
#2402=DIRECTION('center_axis',(1.,0.,0.));
#2403=DIRECTION('ref_axis',(0.,-1.,0.));
#2404=DIRECTION('',(0.,-1.,0.));
#2405=DIRECTION('',(0.,0.,1.));
#2406=DIRECTION('center_axis',(-1.,0.,0.));
#2407=DIRECTION('ref_axis',(0.,1.,0.));
#2408=DIRECTION('',(0.,-1.,0.));
#2409=DIRECTION('',(0.,0.,1.));
#2410=DIRECTION('',(0.,1.,0.));
#2411=DIRECTION('center_axis',(0.,0.,1.));
#2412=DIRECTION('ref_axis',(1.,0.,0.));
#2413=DIRECTION('center_axis',(0.,0.,-1.));
#2414=DIRECTION('ref_axis',(1.,0.,0.));
#2415=DIRECTION('center_axis',(0.,0.,1.));
#2416=DIRECTION('ref_axis',(1.,0.,0.));
#2417=DIRECTION('center_axis',(0.,0.,1.));
#2418=DIRECTION('ref_axis',(1.,0.,0.));
#2419=DIRECTION('center_axis',(0.,0.,1.));
#2420=DIRECTION('ref_axis',(1.,0.,0.));
#2421=DIRECTION('center_axis',(0.,1.,0.));
#2422=DIRECTION('ref_axis',(1.,0.,0.));
#2423=DIRECTION('',(0.,1.,0.));
#2424=DIRECTION('center_axis',(0.,1.,0.));
#2425=DIRECTION('ref_axis',(1.,0.,0.));
#2426=DIRECTION('',(0.,1.,0.));
#2427=DIRECTION('center_axis',(0.,1.,0.));
#2428=DIRECTION('ref_axis',(1.,0.,0.));
#2429=DIRECTION('',(0.,1.,0.));
#2430=DIRECTION('center_axis',(0.,1.,0.));
#2431=DIRECTION('ref_axis',(1.,0.,0.));
#2432=DIRECTION('',(0.,1.,0.));
#2433=DIRECTION('center_axis',(0.,1.,0.));
#2434=DIRECTION('ref_axis',(1.,0.,0.));
#2435=DIRECTION('',(0.,1.,0.));
#2436=DIRECTION('center_axis',(0.,1.,0.));
#2437=DIRECTION('ref_axis',(1.,0.,0.));
#2438=DIRECTION('center_axis',(0.,-1.,0.));
#2439=DIRECTION('ref_axis',(1.,0.,0.));
#2440=DIRECTION('center_axis',(0.,1.,0.));
#2441=DIRECTION('ref_axis',(1.,0.,0.));
#2442=DIRECTION('',(0.,1.,0.));
#2443=DIRECTION('center_axis',(0.,1.,0.));
#2444=DIRECTION('ref_axis',(1.,0.,0.));
#2445=DIRECTION('center_axis',(0.,-1.,0.));
#2446=DIRECTION('ref_axis',(1.,0.,0.));
#2447=DIRECTION('center_axis',(0.,1.,0.));
#2448=DIRECTION('ref_axis',(1.,0.,0.));
#2449=DIRECTION('',(0.,1.,0.));
#2450=DIRECTION('center_axis',(0.,1.,0.));
#2451=DIRECTION('ref_axis',(1.,0.,0.));
#2452=DIRECTION('center_axis',(0.,-1.,0.));
#2453=DIRECTION('ref_axis',(1.,0.,0.));
#2454=DIRECTION('center_axis',(0.,1.,0.));
#2455=DIRECTION('ref_axis',(1.,0.,0.));
#2456=DIRECTION('',(0.,1.,0.));
#2457=DIRECTION('center_axis',(0.,1.,0.));
#2458=DIRECTION('ref_axis',(1.,0.,0.));
#2459=DIRECTION('center_axis',(0.,-1.,0.));
#2460=DIRECTION('ref_axis',(1.,0.,0.));
#2461=DIRECTION('center_axis',(0.,1.,0.));
#2462=DIRECTION('ref_axis',(1.,0.,0.));
#2463=DIRECTION('',(0.,1.,0.));
#2464=DIRECTION('center_axis',(0.,1.,0.));
#2465=DIRECTION('ref_axis',(1.,0.,0.));
#2466=DIRECTION('center_axis',(0.,-1.,0.));
#2467=DIRECTION('ref_axis',(1.,0.,0.));
#2468=DIRECTION('center_axis',(0.,1.,0.));
#2469=DIRECTION('ref_axis',(1.,0.,0.));
#2470=DIRECTION('',(0.,1.,0.));
#2471=DIRECTION('center_axis',(0.,1.,0.));
#2472=DIRECTION('ref_axis',(1.,0.,0.));
#2473=DIRECTION('center_axis',(0.,-1.,0.));
#2474=DIRECTION('ref_axis',(1.,0.,0.));
#2475=DIRECTION('center_axis',(0.,1.,0.));
#2476=DIRECTION('ref_axis',(1.,0.,0.));
#2477=DIRECTION('',(0.,1.,0.));
#2478=DIRECTION('center_axis',(0.,1.,0.));
#2479=DIRECTION('ref_axis',(1.,0.,0.));
#2480=DIRECTION('center_axis',(0.,-1.,0.));
#2481=DIRECTION('ref_axis',(1.,0.,0.));
#2482=DIRECTION('center_axis',(0.,1.,0.));
#2483=DIRECTION('ref_axis',(1.,0.,0.));
#2484=DIRECTION('',(0.,1.,0.));
#2485=DIRECTION('center_axis',(0.,1.,0.));
#2486=DIRECTION('ref_axis',(1.,0.,0.));
#2487=DIRECTION('center_axis',(0.,-1.,0.));
#2488=DIRECTION('ref_axis',(1.,0.,0.));
#2489=DIRECTION('center_axis',(0.,0.,1.));
#2490=DIRECTION('ref_axis',(1.,0.,0.));
#2491=DIRECTION('',(0.,0.,-1.));
#2492=DIRECTION('center_axis',(0.,0.,1.));
#2493=DIRECTION('ref_axis',(6.12323399573677E-17,1.,0.));
#2494=DIRECTION('center_axis',(0.,0.,1.));
#2495=DIRECTION('ref_axis',(1.,-1.97372982155583E-16,0.));
#2496=DIRECTION('center_axis',(0.,0.,1.));
#2497=DIRECTION('ref_axis',(1.,0.,0.));
#2498=DIRECTION('center_axis',(0.,0.,-1.));
#2499=DIRECTION('ref_axis',(-1.,0.,0.));
#2500=DIRECTION('center_axis',(0.,0.,1.));
#2501=DIRECTION('ref_axis',(1.,-1.2335811384724E-16,0.));
#2502=DIRECTION('center_axis',(0.,0.,1.));
#2503=DIRECTION('ref_axis',(1.,0.,0.));
#2504=DIRECTION('center_axis',(-9.86864910777917E-16,9.86864910777917E-16,
1.));
#2505=DIRECTION('ref_axis',(1.,-1.2335811384724E-16,1.97372982155583E-15));
#2506=DIRECTION('center_axis',(0.,0.,1.));
#2507=DIRECTION('ref_axis',(1.,0.,0.));
#2508=DIRECTION('center_axis',(-1.26882631385732E-15,1.26882631385732E-15,
1.));
#2509=DIRECTION('ref_axis',(1.,1.58603289232165E-16,0.));
#2510=DIRECTION('center_axis',(0.,0.,1.));
#2511=DIRECTION('ref_axis',(1.,0.,0.));
#2512=DIRECTION('center_axis',(0.,0.,1.));
#2513=DIRECTION('ref_axis',(1.,0.,0.));
#2514=DIRECTION('center_axis',(0.,0.,-1.));
#2515=DIRECTION('ref_axis',(-1.,0.,0.));
#2516=DIRECTION('center_axis',(0.,0.,1.));
#2517=DIRECTION('ref_axis',(1.,-1.2335811384724E-16,0.));
#2518=DIRECTION('center_axis',(0.,0.,1.));
#2519=DIRECTION('ref_axis',(1.,0.,0.));
#2520=DIRECTION('center_axis',(0.,0.,1.));
#2521=DIRECTION('ref_axis',(1.,-1.2335811384724E-16,0.));
#2522=DIRECTION('center_axis',(0.,0.,1.));
#2523=DIRECTION('ref_axis',(1.,0.,0.));
#2524=CARTESIAN_POINT('',(0.,0.,0.));
#2525=CARTESIAN_POINT('Origin',(-16.55,0.,10.));
#2526=CARTESIAN_POINT('',(-16.55,0.,89.));
#2527=CARTESIAN_POINT('',(-16.55,0.,86.));
#2528=CARTESIAN_POINT('',(-16.55,0.,29.75));
#2529=CARTESIAN_POINT('',(-16.55,2.02679045258887E-15,10.));
#2530=CARTESIAN_POINT('',(-16.55,2.02679045258887E-15,27.25));
#2531=CARTESIAN_POINT('',(-16.55,2.,10.));
#2532=CARTESIAN_POINT('',(-16.55,0.,10.));
#2533=CARTESIAN_POINT('',(-16.55,2.,89.));
#2534=CARTESIAN_POINT('',(-16.55,2.,29.75));
#2535=CARTESIAN_POINT('',(-16.55,0.,89.));
#2536=CARTESIAN_POINT('Origin',(-15.45,0.,89.));
#2537=CARTESIAN_POINT('',(-15.45,0.,89.));
#2538=CARTESIAN_POINT('',(-15.45,1.89207930468266E-15,86.));
#2539=CARTESIAN_POINT('',(-15.45,0.,69.25));
#2540=CARTESIAN_POINT('',(-15.45,2.,89.));
#2541=CARTESIAN_POINT('',(-15.45,0.,89.));
#2542=CARTESIAN_POINT('',(-15.45,2.,10.));
#2543=CARTESIAN_POINT('',(-15.45,2.,69.25));
#2544=CARTESIAN_POINT('',(-15.45,1.89207930468266E-15,10.));
#2545=CARTESIAN_POINT('',(-15.45,0.,10.));
#2546=CARTESIAN_POINT('',(-15.45,1.89207930468266E-15,66.75));
#2547=CARTESIAN_POINT('Origin',(-16.,2.,49.5));
#2548=CARTESIAN_POINT('',(-6.25,2.,89.));
#2549=CARTESIAN_POINT('',(-16.5,2.,10.));
#2550=CARTESIAN_POINT('Origin',(-16.,0.,49.5));
#2551=CARTESIAN_POINT('',(-7.125,5.55111512312578E-16,86.));
#2552=CARTESIAN_POINT('',(-6.25,0.,89.));
#2553=CARTESIAN_POINT('Origin',(16.55,0.,89.));
#2554=CARTESIAN_POINT('',(16.55,0.,86.));
#2555=CARTESIAN_POINT('',(16.55,0.,10.));
#2556=CARTESIAN_POINT('',(16.55,0.,66.75));
#2557=CARTESIAN_POINT('',(16.55,0.,89.));
#2558=CARTESIAN_POINT('',(16.55,0.,69.25));
#2559=CARTESIAN_POINT('',(16.55,2.,89.));
#2560=CARTESIAN_POINT('',(16.55,0.,89.));
#2561=CARTESIAN_POINT('',(16.55,2.,10.));
#2562=CARTESIAN_POINT('',(16.55,2.,69.25));
#2563=CARTESIAN_POINT('',(16.55,0.,10.));
#2564=CARTESIAN_POINT('Origin',(15.45,0.,10.));
#2565=CARTESIAN_POINT('',(15.45,0.,10.));
#2566=CARTESIAN_POINT('',(15.45,0.,86.));
#2567=CARTESIAN_POINT('',(15.45,0.,27.25));
#2568=CARTESIAN_POINT('',(15.45,2.,10.));
#2569=CARTESIAN_POINT('',(15.45,0.,10.));
#2570=CARTESIAN_POINT('',(15.45,2.,89.));
#2571=CARTESIAN_POINT('',(15.45,2.,29.75));
#2572=CARTESIAN_POINT('',(15.45,0.,89.));
#2573=CARTESIAN_POINT('',(15.45,0.,89.));
#2574=CARTESIAN_POINT('',(15.45,0.,29.75));
#2575=CARTESIAN_POINT('Origin',(16.,2.,49.5));
#2576=CARTESIAN_POINT('',(-16.5,2.,10.));
#2577=CARTESIAN_POINT('',(9.75,2.,89.));
#2578=CARTESIAN_POINT('Origin',(16.,0.,49.5));
#2579=CARTESIAN_POINT('',(7.125,0.,86.));
#2580=CARTESIAN_POINT('',(9.75,0.,89.));
#2581=CARTESIAN_POINT('Origin',(-14.25,1.74512168878498E-15,44.5));
#2582=CARTESIAN_POINT('',(-22.5,2.75545529808154E-15,86.));
#2583=CARTESIAN_POINT('',(-7.125,5.55111512312578E-16,86.));
#2584=CARTESIAN_POINT('',(-22.5,2.75545529808154E-15,84.));
#2585=CARTESIAN_POINT('',(-22.5,2.75545529808154E-15,84.));
#2586=CARTESIAN_POINT('',(-20.5,2.51052593825208E-15,84.));
#2587=CARTESIAN_POINT('',(-17.5,2.14313189850787E-15,84.));
#2588=CARTESIAN_POINT('',(-17.5,2.14313189850787E-15,81.));
#2589=CARTESIAN_POINT('',(-19.,2.32682891837997E-15,82.5));
#2590=CARTESIAN_POINT('',(-17.5,-2.14313189850787E-15,10.));
#2591=CARTESIAN_POINT('',(-17.5,2.14313189850787E-15,5.00000000000001));
#2592=CARTESIAN_POINT('',(-7.125,8.72560844392489E-16,10.));
#2593=CARTESIAN_POINT('Origin',(-14.25,1.74512168878498E-15,44.5));
#2594=CARTESIAN_POINT('',(-3.5,-4.28626379701574E-16,10.));
#2595=CARTESIAN_POINT('',(-7.125,8.72560844392489E-16,10.));
#2596=CARTESIAN_POINT('',(-3.5,4.28626379701574E-16,39.));
#2597=CARTESIAN_POINT('',(-3.5,4.28626379701574E-16,0.));
#2598=CARTESIAN_POINT('',(-4.5,5.51091059616309E-16,39.));
#2599=CARTESIAN_POINT('',(-3.5,4.28626379701574E-16,39.));
#2600=CARTESIAN_POINT('',(-4.5,5.51091059616309E-16,51.));
#2601=CARTESIAN_POINT('',(-4.5,5.51091059616309E-16,39.));
#2602=CARTESIAN_POINT('',(-3.5,4.28626379701574E-16,51.));
#2603=CARTESIAN_POINT('',(-4.5,5.51091059616309E-16,51.));
#2604=CARTESIAN_POINT('',(-3.5,4.28626379701573E-16,73.));
#2605=CARTESIAN_POINT('',(-3.5,4.28626379701574E-16,51.));
#2606=CARTESIAN_POINT('',(-4.5,5.51091059616309E-16,73.));
#2607=CARTESIAN_POINT('',(-3.5,4.28626379701573E-16,73.));
#2608=CARTESIAN_POINT('',(-4.5,5.51091059616309E-16,85.));
#2609=CARTESIAN_POINT('',(-4.5,5.51091059616309E-16,73.));
#2610=CARTESIAN_POINT('',(-3.5,4.28626379701574E-16,85.));
#2611=CARTESIAN_POINT('',(-4.5,5.51091059616309E-16,85.));
#2612=CARTESIAN_POINT('',(-3.5,0.,86.));
#2613=CARTESIAN_POINT('',(-3.5,4.28626379701574E-16,85.));
#2614=CARTESIAN_POINT('',(-7.125,5.55111512312578E-16,86.));
#2615=CARTESIAN_POINT('',(-10.6,0.,63.));
#2616=CARTESIAN_POINT('Origin',(-8.99999999999999,1.74512168878498E-15,
63.));
#2617=CARTESIAN_POINT('',(-10.6,0.,26.));
#2618=CARTESIAN_POINT('Origin',(-9.,1.74512168878498E-15,26.));
#2619=CARTESIAN_POINT('',(-10.75,0.,75.));
#2620=CARTESIAN_POINT('Origin',(-8.99999999999999,1.74512168878498E-15,
75.));
#2621=CARTESIAN_POINT('',(-10.75,0.,40.9999999999991));
#2622=CARTESIAN_POINT('Origin',(-8.99999999999999,1.74512168878498E-15,
40.9999999999991));
#2623=CARTESIAN_POINT('',(-10.75,0.,83.));
#2624=CARTESIAN_POINT('Origin',(-8.99999999999998,1.74512168878498E-15,
83.));
#2625=CARTESIAN_POINT('',(-10.7499999999992,0.,48.9999999999991));
#2626=CARTESIAN_POINT('Origin',(-8.99999999999919,1.74512168878498E-15,
48.9999999999991));
#2627=CARTESIAN_POINT('Origin',(14.25,0.,44.5));
#2628=CARTESIAN_POINT('',(3.5,0.,86.));
#2629=CARTESIAN_POINT('',(7.125,0.,86.));
#2630=CARTESIAN_POINT('',(3.5,0.,85.));
#2631=CARTESIAN_POINT('',(3.5,0.,85.));
#2632=CARTESIAN_POINT('',(4.5,0.,85.));
#2633=CARTESIAN_POINT('',(4.5,0.,85.));
#2634=CARTESIAN_POINT('',(4.5,0.,73.));
#2635=CARTESIAN_POINT('',(4.5,0.,73.));
#2636=CARTESIAN_POINT('',(3.5,0.,73.));
#2637=CARTESIAN_POINT('',(3.5,0.,73.));
#2638=CARTESIAN_POINT('',(3.5,0.,51.));
#2639=CARTESIAN_POINT('',(3.5,0.,51.));
#2640=CARTESIAN_POINT('',(4.5,0.,51.));
#2641=CARTESIAN_POINT('',(4.5,0.,51.));
#2642=CARTESIAN_POINT('',(4.5,0.,39.));
#2643=CARTESIAN_POINT('',(4.5,0.,39.));
#2644=CARTESIAN_POINT('',(3.5,0.,39.));
#2645=CARTESIAN_POINT('',(3.5,0.,39.));
#2646=CARTESIAN_POINT('',(3.5,0.,10.));
#2647=CARTESIAN_POINT('',(3.5,0.,0.));
#2648=CARTESIAN_POINT('',(7.125,0.,10.));
#2649=CARTESIAN_POINT('',(7.25000000000002,0.,83.));
#2650=CARTESIAN_POINT('Origin',(9.00000000000002,0.,83.));
#2651=CARTESIAN_POINT('',(7.25000000000001,0.,41.0000000000009));
#2652=CARTESIAN_POINT('Origin',(9.00000000000001,0.,41.0000000000009));
#2653=CARTESIAN_POINT('',(7.25000000000001,0.,75.));
#2654=CARTESIAN_POINT('Origin',(9.00000000000001,0.,75.));
#2655=CARTESIAN_POINT('',(7.24999999999921,0.,49.0000000000009));
#2656=CARTESIAN_POINT('Origin',(8.99999999999921,0.,49.0000000000009));
#2657=CARTESIAN_POINT('',(7.40000000000001,0.,63.));
#2658=CARTESIAN_POINT('Origin',(9.00000000000001,0.,63.));
#2659=CARTESIAN_POINT('',(7.4,0.,26.));
#2660=CARTESIAN_POINT('Origin',(9.00000000000001,0.,26.));
#2661=CARTESIAN_POINT('Origin',(14.25,0.,44.5));
#2662=CARTESIAN_POINT('',(17.5,0.,10.));
#2663=CARTESIAN_POINT('',(7.125,0.,10.));
#2664=CARTESIAN_POINT('',(17.5,0.,81.));
#2665=CARTESIAN_POINT('',(17.5,0.,5.00000000000001));
#2666=CARTESIAN_POINT('',(20.5,0.,84.));
#2667=CARTESIAN_POINT('',(19.,0.,82.5));
#2668=CARTESIAN_POINT('',(22.5,0.,84.));
#2669=CARTESIAN_POINT('',(17.5,0.,84.));
#2670=CARTESIAN_POINT('',(22.5,0.,86.));
#2671=CARTESIAN_POINT('',(22.5,0.,84.));
#2672=CARTESIAN_POINT('',(7.125,0.,86.));
#2673=CARTESIAN_POINT('Origin',(-8.99999999999999,17.5,66.2331615074619));
#2674=CARTESIAN_POINT('',(-8.99999999999999,15.0083310198036,66.2331615074619));
#2675=CARTESIAN_POINT('',(-11.8,12.9232348891445,64.616580753731));
#2676=CARTESIAN_POINT('Origin',(0.,0.,71.4293139301686));
#2677=CARTESIAN_POINT('',(-8.99999999999999,9.5,66.2331615074619));
#2678=CARTESIAN_POINT('',(-8.99999999999999,17.5,66.2331615074619));
#2679=CARTESIAN_POINT('',(-11.8,9.5,64.616580753731));
#2680=CARTESIAN_POINT('',(-11.8,9.5,64.616580753731));
#2681=CARTESIAN_POINT('',(-11.8,17.5,64.616580753731));
#2682=CARTESIAN_POINT('Origin',(-11.8,17.5,64.616580753731));
#2683=CARTESIAN_POINT('',(-11.8,12.9232348891445,61.3834192462691));
#2684=CARTESIAN_POINT('',(-11.8,12.9232348891444,44.5));
#2685=CARTESIAN_POINT('',(-11.8,9.5,61.3834192462691));
#2686=CARTESIAN_POINT('',(-11.8,9.5,61.3834192462691));
#2687=CARTESIAN_POINT('',(-11.8,17.5,61.3834192462691));
#2688=CARTESIAN_POINT('Origin',(-11.8,17.5,61.3834192462691));
#2689=CARTESIAN_POINT('',(-8.99999999999999,15.0083310198036,59.7668384925381));
#2690=CARTESIAN_POINT('Origin',(0.,0.,54.5706860698315));
#2691=CARTESIAN_POINT('',(-8.99999999999999,9.5,59.7668384925381));
#2692=CARTESIAN_POINT('',(-8.99999999999999,9.5,59.7668384925381));
#2693=CARTESIAN_POINT('',(-8.99999999999999,17.5,59.7668384925381));
#2694=CARTESIAN_POINT('Origin',(-8.99999999999999,17.5,59.7668384925381));
#2695=CARTESIAN_POINT('',(-6.19999999999999,16.3649014662478,61.3834192462691));
#2696=CARTESIAN_POINT('Origin',(0.,0.,64.9629909152448));
#2697=CARTESIAN_POINT('',(-6.19999999999999,9.5,61.3834192462691));
#2698=CARTESIAN_POINT('',(-6.19999999999999,9.5,61.3834192462691));
#2699=CARTESIAN_POINT('',(-6.19999999999999,17.5,61.3834192462691));
#2700=CARTESIAN_POINT('Origin',(-6.19999999999999,17.5,64.616580753731));
#2701=CARTESIAN_POINT('',(-6.19999999999999,16.3649014662478,64.616580753731));
#2702=CARTESIAN_POINT('Origin',(0.,0.,61.0370090847553));
#2703=CARTESIAN_POINT('',(-6.19999999999999,9.5,64.616580753731));
#2704=CARTESIAN_POINT('',(-6.19999999999999,17.5,64.616580753731));
#2705=CARTESIAN_POINT('',(-8.99999999999999,9.5,66.2331615074619));
#2706=CARTESIAN_POINT('Origin',(-6.19999999999999,17.5,61.3834192462691));
#2707=CARTESIAN_POINT('',(-6.20000000000002,16.3649014662478,44.5));
#2708=CARTESIAN_POINT('',(-6.19999999999999,9.5,64.616580753731));
#2709=CARTESIAN_POINT('Origin',(-8.99999999999999,9.5,63.));
#2710=CARTESIAN_POINT('',(-10.6,9.5,63.));
#2711=CARTESIAN_POINT('Origin',(-8.99999999999999,9.5,63.));
#2712=CARTESIAN_POINT('Origin',(-11.8,17.5,27.616580753731));
#2713=CARTESIAN_POINT('',(-11.8,12.9232348891444,27.616580753731));
#2714=CARTESIAN_POINT('',(-11.8,12.9232348891444,24.3834192462691));
#2715=CARTESIAN_POINT('',(-11.8,12.9232348891445,44.5));
#2716=CARTESIAN_POINT('',(-11.8,9.5,27.616580753731));
#2717=CARTESIAN_POINT('',(-11.8,17.5,27.616580753731));
#2718=CARTESIAN_POINT('',(-11.8,9.5,24.3834192462691));
#2719=CARTESIAN_POINT('',(-11.8,9.5,24.3834192462691));
#2720=CARTESIAN_POINT('',(-11.8,17.5,24.3834192462691));
#2721=CARTESIAN_POINT('Origin',(-11.8,17.5,24.3834192462691));
#2722=CARTESIAN_POINT('',(-9.,15.0083310198036,22.7668384925381));
#2723=CARTESIAN_POINT('Origin',(0.,0.,17.5706860698315));
#2724=CARTESIAN_POINT('',(-9.,9.5,22.7668384925381));
#2725=CARTESIAN_POINT('',(-9.,9.5,22.7668384925381));
#2726=CARTESIAN_POINT('',(-9.,17.5,22.7668384925381));
#2727=CARTESIAN_POINT('Origin',(-9.,17.5,22.7668384925381));
#2728=CARTESIAN_POINT('',(-6.2,16.3649014662478,24.3834192462691));
#2729=CARTESIAN_POINT('Origin',(0.,0.,27.9629909152447));
#2730=CARTESIAN_POINT('',(-6.2,9.5,24.3834192462691));
#2731=CARTESIAN_POINT('',(-6.2,9.5,24.3834192462691));
#2732=CARTESIAN_POINT('',(-6.2,17.5,24.3834192462691));
#2733=CARTESIAN_POINT('Origin',(-6.2,17.5,24.3834192462691));
#2734=CARTESIAN_POINT('',(-6.19999999999999,16.3649014662478,27.616580753731));
#2735=CARTESIAN_POINT('',(-6.19999999999998,16.3649014662478,44.5));
#2736=CARTESIAN_POINT('',(-6.19999999999999,9.5,27.616580753731));
#2737=CARTESIAN_POINT('',(-6.19999999999999,9.5,27.616580753731));
#2738=CARTESIAN_POINT('',(-6.19999999999999,17.5,27.616580753731));
#2739=CARTESIAN_POINT('Origin',(-9.,17.5,29.2331615074619));
#2740=CARTESIAN_POINT('',(-9.,15.0083310198036,29.2331615074619));
#2741=CARTESIAN_POINT('Origin',(0.,0.,34.4293139301686));
#2742=CARTESIAN_POINT('',(-9.,9.5,29.2331615074619));
#2743=CARTESIAN_POINT('',(-9.,17.5,29.2331615074619));
#2744=CARTESIAN_POINT('',(-11.8,9.5,27.616580753731));
#2745=CARTESIAN_POINT('Origin',(-6.19999999999999,17.5,27.616580753731));
#2746=CARTESIAN_POINT('Origin',(0.,0.,24.0370090847553));
#2747=CARTESIAN_POINT('',(-9.,9.5,29.2331615074619));
#2748=CARTESIAN_POINT('Origin',(-9.,9.5,26.));
#2749=CARTESIAN_POINT('',(-10.6,9.5,26.));
#2750=CARTESIAN_POINT('Origin',(-9.,9.5,26.));
#2751=CARTESIAN_POINT('Origin',(9.00000000000001,17.5,66.2331615074619));
#2752=CARTESIAN_POINT('',(9.00000000000001,15.0083310198036,66.2331615074619));
#2753=CARTESIAN_POINT('',(6.2,16.3649014662478,64.616580753731));
#2754=CARTESIAN_POINT('Origin',(0.,0.,61.0370090847553));
#2755=CARTESIAN_POINT('',(9.00000000000001,9.5,66.2331615074619));
#2756=CARTESIAN_POINT('',(9.00000000000001,17.5,66.2331615074619));
#2757=CARTESIAN_POINT('',(6.2,9.5,64.616580753731));
#2758=CARTESIAN_POINT('',(6.2,9.5,64.616580753731));
#2759=CARTESIAN_POINT('',(6.2,17.5,64.616580753731));
#2760=CARTESIAN_POINT('Origin',(6.2,17.5,64.616580753731));
#2761=CARTESIAN_POINT('',(6.2,16.3649014662478,61.3834192462691));
#2762=CARTESIAN_POINT('',(6.19999999999999,16.3649014662478,44.5));
#2763=CARTESIAN_POINT('',(6.2,9.5,61.3834192462691));
#2764=CARTESIAN_POINT('',(6.2,9.5,61.3834192462691));
#2765=CARTESIAN_POINT('',(6.2,17.5,61.3834192462691));
#2766=CARTESIAN_POINT('Origin',(6.2,17.5,61.3834192462691));
#2767=CARTESIAN_POINT('',(9.00000000000001,15.0083310198036,59.7668384925381));
#2768=CARTESIAN_POINT('Origin',(0.,0.,64.9629909152448));
#2769=CARTESIAN_POINT('',(9.00000000000001,9.5,59.7668384925381));
#2770=CARTESIAN_POINT('',(9.00000000000001,9.5,59.7668384925381));
#2771=CARTESIAN_POINT('',(9.00000000000001,17.5,59.7668384925381));
#2772=CARTESIAN_POINT('Origin',(9.00000000000001,17.5,59.7668384925381));
#2773=CARTESIAN_POINT('',(11.8,12.9232348891444,61.3834192462691));
#2774=CARTESIAN_POINT('Origin',(0.,0.,54.5706860698315));
#2775=CARTESIAN_POINT('',(11.8,9.5,61.3834192462691));
#2776=CARTESIAN_POINT('',(11.8,9.5,61.3834192462691));
#2777=CARTESIAN_POINT('',(11.8,17.5,61.3834192462691));
#2778=CARTESIAN_POINT('Origin',(11.8,17.5,64.616580753731));
#2779=CARTESIAN_POINT('',(11.8,12.9232348891444,64.616580753731));
#2780=CARTESIAN_POINT('Origin',(0.,0.,71.4293139301686));
#2781=CARTESIAN_POINT('',(11.8,9.5,64.616580753731));
#2782=CARTESIAN_POINT('',(11.8,17.5,64.616580753731));
#2783=CARTESIAN_POINT('',(9.00000000000001,9.5,66.2331615074619));
#2784=CARTESIAN_POINT('Origin',(11.8,17.5,61.3834192462691));
#2785=CARTESIAN_POINT('',(11.8,12.9232348891444,44.5));
#2786=CARTESIAN_POINT('',(11.8,9.5,64.616580753731));
#2787=CARTESIAN_POINT('Origin',(9.00000000000001,9.5,63.));
#2788=CARTESIAN_POINT('',(7.40000000000001,9.5,63.));
#2789=CARTESIAN_POINT('Origin',(9.00000000000001,9.5,63.));
#2790=CARTESIAN_POINT('Origin',(9.00000000000001,17.5,29.2331615074619));
#2791=CARTESIAN_POINT('',(9.00000000000001,15.0083310198036,29.2331615074619));
#2792=CARTESIAN_POINT('',(6.20000000000001,16.3649014662478,27.616580753731));
#2793=CARTESIAN_POINT('Origin',(0.,0.,24.0370090847553));
#2794=CARTESIAN_POINT('',(9.00000000000001,9.5,29.2331615074619));
#2795=CARTESIAN_POINT('',(9.00000000000001,17.5,29.2331615074619));
#2796=CARTESIAN_POINT('',(6.20000000000001,9.5,27.616580753731));
#2797=CARTESIAN_POINT('',(6.20000000000001,9.5,27.616580753731));
#2798=CARTESIAN_POINT('',(6.20000000000001,17.5,27.616580753731));
#2799=CARTESIAN_POINT('Origin',(6.20000000000001,17.5,27.616580753731));
#2800=CARTESIAN_POINT('',(6.20000000000001,16.3649014662478,24.3834192462691));
#2801=CARTESIAN_POINT('',(6.20000000000002,16.3649014662478,44.5));
#2802=CARTESIAN_POINT('',(6.20000000000001,9.5,24.3834192462691));
#2803=CARTESIAN_POINT('',(6.20000000000001,9.5,24.3834192462691));
#2804=CARTESIAN_POINT('',(6.20000000000001,17.5,24.3834192462691));
#2805=CARTESIAN_POINT('Origin',(6.20000000000001,17.5,24.3834192462691));
#2806=CARTESIAN_POINT('',(9.,15.0083310198036,22.7668384925381));
#2807=CARTESIAN_POINT('Origin',(0.,0.,27.9629909152448));
#2808=CARTESIAN_POINT('',(9.,9.5,22.7668384925381));
#2809=CARTESIAN_POINT('',(9.,9.5,22.7668384925381));
#2810=CARTESIAN_POINT('',(9.,17.5,22.7668384925381));
#2811=CARTESIAN_POINT('Origin',(9.,17.5,22.7668384925381));
#2812=CARTESIAN_POINT('',(11.8,12.9232348891444,24.3834192462691));
#2813=CARTESIAN_POINT('Origin',(0.,0.,17.5706860698315));
#2814=CARTESIAN_POINT('',(11.8,9.5,24.3834192462691));
#2815=CARTESIAN_POINT('',(11.8,9.5,24.3834192462691));
#2816=CARTESIAN_POINT('',(11.8,17.5,24.3834192462691));
#2817=CARTESIAN_POINT('Origin',(11.8,17.5,27.616580753731));
#2818=CARTESIAN_POINT('',(11.8,12.9232348891444,27.616580753731));
#2819=CARTESIAN_POINT('Origin',(0.,0.,34.4293139301686));
#2820=CARTESIAN_POINT('',(11.8,9.5,27.616580753731));
#2821=CARTESIAN_POINT('',(11.8,17.5,27.616580753731));
#2822=CARTESIAN_POINT('',(9.00000000000001,9.5,29.2331615074619));
#2823=CARTESIAN_POINT('Origin',(11.8,17.5,24.3834192462691));
#2824=CARTESIAN_POINT('',(11.8,12.9232348891444,44.5));
#2825=CARTESIAN_POINT('',(11.8,9.5,27.616580753731));
#2826=CARTESIAN_POINT('Origin',(9.00000000000001,9.5,26.));
#2827=CARTESIAN_POINT('',(7.4,9.5,26.));
#2828=CARTESIAN_POINT('Origin',(9.00000000000001,9.5,26.));
#2829=CARTESIAN_POINT('Origin',(-14.1421356237256,14.1421356237363,80.));
#2830=CARTESIAN_POINT('',(-15.8141289436521,13.0446665635249,84.));
#2831=CARTESIAN_POINT('',(-13.044666563513,15.814128943662,84.));
#2832=CARTESIAN_POINT('Ctrl Pts',(-15.8141289436521,13.0446665635249,84.));
#2833=CARTESIAN_POINT('Ctrl Pts',(-15.6981300265393,12.8679422971534,83.7980619043392));
#2834=CARTESIAN_POINT('Ctrl Pts',(-15.5572129398421,12.715680258719,83.5926702779288));
#2835=CARTESIAN_POINT('Ctrl Pts',(-15.4078389954359,12.5935895395524,83.3997487421324));
#2836=CARTESIAN_POINT('Ctrl Pts',(-15.2205496009763,12.4405086461426,83.157858111466));
#2837=CARTESIAN_POINT('Ctrl Pts',(-14.9882956610242,12.3099607388564,82.8951896504423));
#2838=CARTESIAN_POINT('Ctrl Pts',(-14.472346935486,12.1512030749814,82.3968199250125));
#2839=CARTESIAN_POINT('Ctrl Pts',(-14.1888263475287,12.1225878110662,82.1610675934965));
#2840=CARTESIAN_POINT('Ctrl Pts',(-13.7160809223705,12.1786444478321,81.8420275134774));
#2841=CARTESIAN_POINT('Ctrl Pts',(-13.5023525225048,12.2336110140622,81.7189551417516));
#2842=CARTESIAN_POINT('Ctrl Pts',(-13.0899329410128,12.4261348704191,81.5474578771891));
#2843=CARTESIAN_POINT('Ctrl Pts',(-12.8912580069326,12.5645861157832,81.5));
#2844=CARTESIAN_POINT('Ctrl Pts',(-12.5645861157735,12.8912580069421,81.5));
#2845=CARTESIAN_POINT('Ctrl Pts',(-12.4261348704092,13.0899329410222,81.5474578771891));
#2846=CARTESIAN_POINT('Ctrl Pts',(-12.2336110140519,13.502352522514,81.7189551417516));
#2847=CARTESIAN_POINT('Ctrl Pts',(-12.1786444478217,13.7160809223797,81.8420275134774));
#2848=CARTESIAN_POINT('Ctrl Pts',(-12.1225878110555,14.1888263475379,82.1610675934965));
#2849=CARTESIAN_POINT('Ctrl Pts',(-12.1512030749705,14.4723469354952,82.3968199250126));
#2850=CARTESIAN_POINT('Ctrl Pts',(-12.3099607388451,14.9882956610336,82.8951896504423));
#2851=CARTESIAN_POINT('Ctrl Pts',(-12.4405086461311,15.2205496009857,83.157858111466));
#2852=CARTESIAN_POINT('Ctrl Pts',(-12.715680258495,15.557212939592,83.5926702775934));
#2853=CARTESIAN_POINT('Ctrl Pts',(-12.8679422978384,15.6981300270065,83.7980619051356));
#2854=CARTESIAN_POINT('Ctrl Pts',(-13.044666563513,15.814128943662,84.));
#2855=CARTESIAN_POINT('Origin',(-14.1421356237256,14.1421356237363,84.));
#2856=CARTESIAN_POINT('Origin',(14.142135623731,14.1421356237309,80.));
#2857=CARTESIAN_POINT('',(13.044666563519,15.814128943657,84.));
#2858=CARTESIAN_POINT('',(15.814128943657,13.044666563519,84.));
#2859=CARTESIAN_POINT('Ctrl Pts',(13.044666563519,15.814128943657,84.));
#2860=CARTESIAN_POINT('Ctrl Pts',(12.8679422971475,15.6981300265442,83.7980619043392));
#2861=CARTESIAN_POINT('Ctrl Pts',(12.7156802587131,15.5572129398469,83.5926702779289));
#2862=CARTESIAN_POINT('Ctrl Pts',(12.5935895395466,15.4078389954407,83.3997487421324));
#2863=CARTESIAN_POINT('Ctrl Pts',(12.4405086461369,15.220549600981,83.157858111466));
#2864=CARTESIAN_POINT('Ctrl Pts',(12.3099607388508,14.9882956610289,82.8951896504423));
#2865=CARTESIAN_POINT('Ctrl Pts',(12.1512030749759,14.4723469354906,82.3968199250125));
#2866=CARTESIAN_POINT('Ctrl Pts',(12.1225878110609,14.1888263475333,82.1610675934965));
#2867=CARTESIAN_POINT('Ctrl Pts',(12.1786444478269,13.7160809223751,81.8420275134774));
#2868=CARTESIAN_POINT('Ctrl Pts',(12.233611014057,13.5023525225094,81.7189551417516));
#2869=CARTESIAN_POINT('Ctrl Pts',(12.4261348704142,13.0899329410175,81.5474578771891));
#2870=CARTESIAN_POINT('Ctrl Pts',(12.5645861157783,12.8912580069374,81.5));
#2871=CARTESIAN_POINT('Ctrl Pts',(12.8912580069374,12.5645861157783,81.5));
#2872=CARTESIAN_POINT('Ctrl Pts',(13.0899329410175,12.4261348704142,81.5474578771891));
#2873=CARTESIAN_POINT('Ctrl Pts',(13.5023525225094,12.233611014057,81.7189551417516));
#2874=CARTESIAN_POINT('Ctrl Pts',(13.7160809223751,12.1786444478269,81.8420275134774));
#2875=CARTESIAN_POINT('Ctrl Pts',(14.1888263475333,12.1225878110609,82.1610675934965));
#2876=CARTESIAN_POINT('Ctrl Pts',(14.4723469354906,12.1512030749759,82.3968199250126));
#2877=CARTESIAN_POINT('Ctrl Pts',(14.9882956610289,12.3099607388508,82.8951896504423));
#2878=CARTESIAN_POINT('Ctrl Pts',(15.220549600981,12.4405086461369,83.157858111466));
#2879=CARTESIAN_POINT('Ctrl Pts',(15.5572129395872,12.7156802585008,83.5926702775934));
#2880=CARTESIAN_POINT('Ctrl Pts',(15.6981300270016,12.8679422978444,83.7980619051356));
#2881=CARTESIAN_POINT('Ctrl Pts',(15.814128943657,13.044666563519,84.));
#2882=CARTESIAN_POINT('Origin',(14.142135623731,14.1421356237309,84.));
#2883=CARTESIAN_POINT('Origin',(22.5,0.,84.));
#2884=CARTESIAN_POINT('Origin',(0.,0.,84.));
#2885=CARTESIAN_POINT('Origin',(-8.48588818362673E-18,4.44089209850063E-15,
84.));
#2886=CARTESIAN_POINT('Origin',(0.,0.,84.));
#2887=CARTESIAN_POINT('Origin',(0.,0.,84.));
#2888=CARTESIAN_POINT('',(-15.3921356237256,14.1421356237363,84.));
#2889=CARTESIAN_POINT('Origin',(-14.1421356237256,14.1421356237363,84.));
#2890=CARTESIAN_POINT('',(12.892135623731,14.1421356237309,84.));
#2891=CARTESIAN_POINT('Origin',(14.142135623731,14.1421356237309,84.));
#2892=CARTESIAN_POINT('Origin',(-14.8492424049175,-14.8492424049175,9.));
#2893=CARTESIAN_POINT('',(-17.6944587422059,-13.8980620886645,5.));
#2894=CARTESIAN_POINT('',(-13.8980620886645,-17.6944587422059,5.));
#2895=CARTESIAN_POINT('Ctrl Pts',(-17.6944587422059,-13.8980620886645,5.));
#2896=CARTESIAN_POINT('Ctrl Pts',(-17.6325386723124,-13.7128437957114,5.1631029981095));
#2897=CARTESIAN_POINT('Ctrl Pts',(-17.5530756147347,-13.5356479461861,5.33429023353956));
#2898=CARTESIAN_POINT('Ctrl Pts',(-17.2459824858953,-12.993808273466,5.90753866730343));
#2899=CARTESIAN_POINT('Ctrl Pts',(-16.9564058184588,-12.6789156164652,6.32750370197913));
#2900=CARTESIAN_POINT('Ctrl Pts',(-16.6457592782231,-12.4466340048805,6.71539030917348));
#2901=CARTESIAN_POINT('Ctrl Pts',(-16.3627283647289,-12.2350015924775,7.06879485919076));
#2902=CARTESIAN_POINT('Ctrl Pts',(-16.0163604774819,-12.0575907639746,7.45287793378642));
#2903=CARTESIAN_POINT('Ctrl Pts',(-15.2553228460964,-11.8508123161819,8.18305322503043));
#2904=CARTESIAN_POINT('Ctrl Pts',(-14.8408938578169,-11.8208122258111,8.52921710543037));
#2905=CARTESIAN_POINT('Ctrl Pts',(-14.1556977930725,-11.91731228726,8.9969145609578));
#2906=CARTESIAN_POINT('Ctrl Pts',(-13.8475782361224,-12.0021887842956,9.17747737630876));
#2907=CARTESIAN_POINT('Ctrl Pts',(-13.2522920147977,-12.288227759125,9.4298406193435));
#2908=CARTESIAN_POINT('Ctrl Pts',(-12.965087921583,-12.4907562011327,9.50000000000001));
#2909=CARTESIAN_POINT('Ctrl Pts',(-12.4907562011327,-12.965087921583,9.50000000000001));
#2910=CARTESIAN_POINT('Ctrl Pts',(-12.288227759125,-13.2522920147977,9.4298406193435));
#2911=CARTESIAN_POINT('Ctrl Pts',(-12.0021887842956,-13.8475782361224,9.17747737630876));
#2912=CARTESIAN_POINT('Ctrl Pts',(-11.91731228726,-14.1556977930725,8.9969145609578));
#2913=CARTESIAN_POINT('Ctrl Pts',(-11.8208122258111,-14.8408938578169,8.52921710543037));
#2914=CARTESIAN_POINT('Ctrl Pts',(-11.8508123161819,-15.2553228460964,8.18305322503043));
#2915=CARTESIAN_POINT('Ctrl Pts',(-12.0575907639746,-16.0163604774819,7.45287793378642));
#2916=CARTESIAN_POINT('Ctrl Pts',(-12.2350015924775,-16.3627283647289,7.06879485919076));
#2917=CARTESIAN_POINT('Ctrl Pts',(-12.6789156164652,-16.9564058184588,6.32750370197913));
#2918=CARTESIAN_POINT('Ctrl Pts',(-12.993808273466,-17.2459824858953,5.90753866730343));
#2919=CARTESIAN_POINT('Ctrl Pts',(-13.5356479461861,-17.5530756147347,5.33429023353956));
#2920=CARTESIAN_POINT('Ctrl Pts',(-13.7128437957114,-17.6325386723124,5.1631029981095));
#2921=CARTESIAN_POINT('Ctrl Pts',(-13.8980620886645,-17.6944587422059,5.));
#2922=CARTESIAN_POINT('Origin',(-14.8492424049175,-14.8492424049175,5.));
#2923=CARTESIAN_POINT('Origin',(14.8492424049175,14.8492424049175,9.));
#2924=CARTESIAN_POINT('',(17.6944587422059,13.8980620886645,5.));
#2925=CARTESIAN_POINT('',(13.8980620886645,17.6944587422059,5.));
#2926=CARTESIAN_POINT('Ctrl Pts',(17.6944587422059,13.8980620886645,5.));
#2927=CARTESIAN_POINT('Ctrl Pts',(17.6325386723124,13.7128437957114,5.16310299810951));
#2928=CARTESIAN_POINT('Ctrl Pts',(17.5530756147347,13.5356479461861,5.33429023353956));
#2929=CARTESIAN_POINT('Ctrl Pts',(17.2459824858953,12.993808273466,5.90753866730343));
#2930=CARTESIAN_POINT('Ctrl Pts',(16.9564058184588,12.6789156164652,6.32750370197913));
#2931=CARTESIAN_POINT('Ctrl Pts',(16.6457592782231,12.4466340048805,6.71539030917348));
#2932=CARTESIAN_POINT('Ctrl Pts',(16.3627283647289,12.2350015924775,7.06879485919076));
#2933=CARTESIAN_POINT('Ctrl Pts',(16.0163604774819,12.0575907639746,7.45287793378642));
#2934=CARTESIAN_POINT('Ctrl Pts',(15.2553228460964,11.8508123161819,8.18305322503043));
#2935=CARTESIAN_POINT('Ctrl Pts',(14.8408938578169,11.8208122258111,8.52921710543037));
#2936=CARTESIAN_POINT('Ctrl Pts',(14.1556977930725,11.91731228726,8.9969145609578));
#2937=CARTESIAN_POINT('Ctrl Pts',(13.8475782361224,12.0021887842956,9.17747737630876));
#2938=CARTESIAN_POINT('Ctrl Pts',(13.2522920147977,12.288227759125,9.4298406193435));
#2939=CARTESIAN_POINT('Ctrl Pts',(12.965087921583,12.4907562011327,9.50000000000001));
#2940=CARTESIAN_POINT('Ctrl Pts',(12.4907562011327,12.965087921583,9.50000000000001));
#2941=CARTESIAN_POINT('Ctrl Pts',(12.288227759125,13.2522920147977,9.4298406193435));
#2942=CARTESIAN_POINT('Ctrl Pts',(12.0021887842956,13.8475782361224,9.17747737630876));
#2943=CARTESIAN_POINT('Ctrl Pts',(11.91731228726,14.1556977930725,8.9969145609578));
#2944=CARTESIAN_POINT('Ctrl Pts',(11.8208122258111,14.8408938578169,8.52921710543037));
#2945=CARTESIAN_POINT('Ctrl Pts',(11.8508123161819,15.2553228460964,8.18305322503043));
#2946=CARTESIAN_POINT('Ctrl Pts',(12.0575907639746,16.0163604774819,7.45287793378642));
#2947=CARTESIAN_POINT('Ctrl Pts',(12.2350015924775,16.3627283647289,7.06879485919076));
#2948=CARTESIAN_POINT('Ctrl Pts',(12.6789156164652,16.9564058184588,6.32750370197913));
#2949=CARTESIAN_POINT('Ctrl Pts',(12.993808273466,17.2459824858953,5.90753866730343));
#2950=CARTESIAN_POINT('Ctrl Pts',(13.5356479461861,17.5530756147347,5.33429023353956));
#2951=CARTESIAN_POINT('Ctrl Pts',(13.7128437957114,17.6325386723124,5.1631029981095));
#2952=CARTESIAN_POINT('Ctrl Pts',(13.8980620886645,17.6944587422059,5.));
#2953=CARTESIAN_POINT('Origin',(14.8492424049175,14.8492424049175,5.));
#2954=CARTESIAN_POINT('Origin',(-14.8492424049175,14.8492424049175,9.));
#2955=CARTESIAN_POINT('',(-13.8980620886645,17.6944587422059,5.));
#2956=CARTESIAN_POINT('',(-17.6944587422059,13.8980620886645,5.));
#2957=CARTESIAN_POINT('Ctrl Pts',(-13.8980620886645,17.6944587422059,5.));
#2958=CARTESIAN_POINT('Ctrl Pts',(-13.7128437957114,17.6325386723124,5.1631029981095));
#2959=CARTESIAN_POINT('Ctrl Pts',(-13.5356479461861,17.5530756147347,5.33429023353956));
#2960=CARTESIAN_POINT('Ctrl Pts',(-12.993808273466,17.2459824858953,5.90753866730343));
#2961=CARTESIAN_POINT('Ctrl Pts',(-12.6789156164652,16.9564058184588,6.32750370197913));
#2962=CARTESIAN_POINT('Ctrl Pts',(-12.4466340048805,16.6457592782231,6.71539030917348));
#2963=CARTESIAN_POINT('Ctrl Pts',(-12.2350015924775,16.3627283647289,7.06879485919076));
#2964=CARTESIAN_POINT('Ctrl Pts',(-12.0575907639746,16.0163604774819,7.45287793378642));
#2965=CARTESIAN_POINT('Ctrl Pts',(-11.8508123161819,15.2553228460964,8.18305322503043));
#2966=CARTESIAN_POINT('Ctrl Pts',(-11.8208122258111,14.8408938578169,8.52921710543037));
#2967=CARTESIAN_POINT('Ctrl Pts',(-11.91731228726,14.1556977930725,8.9969145609578));
#2968=CARTESIAN_POINT('Ctrl Pts',(-12.0021887842956,13.8475782361224,9.17747737630876));
#2969=CARTESIAN_POINT('Ctrl Pts',(-12.288227759125,13.2522920147977,9.4298406193435));
#2970=CARTESIAN_POINT('Ctrl Pts',(-12.4907562011327,12.965087921583,9.50000000000001));
#2971=CARTESIAN_POINT('Ctrl Pts',(-12.965087921583,12.4907562011327,9.50000000000001));
#2972=CARTESIAN_POINT('Ctrl Pts',(-13.2522920147977,12.288227759125,9.4298406193435));
#2973=CARTESIAN_POINT('Ctrl Pts',(-13.8475782361224,12.0021887842956,9.17747737630876));
#2974=CARTESIAN_POINT('Ctrl Pts',(-14.1556977930725,11.91731228726,8.9969145609578));
#2975=CARTESIAN_POINT('Ctrl Pts',(-14.8408938578169,11.8208122258111,8.52921710543037));
#2976=CARTESIAN_POINT('Ctrl Pts',(-15.2553228460964,11.8508123161819,8.18305322503043));
#2977=CARTESIAN_POINT('Ctrl Pts',(-16.0163604774819,12.0575907639746,7.45287793378642));
#2978=CARTESIAN_POINT('Ctrl Pts',(-16.3627283647289,12.2350015924775,7.06879485919076));
#2979=CARTESIAN_POINT('Ctrl Pts',(-16.9564058184588,12.6789156164652,6.32750370197913));
#2980=CARTESIAN_POINT('Ctrl Pts',(-17.2459824858953,12.993808273466,5.90753866730343));
#2981=CARTESIAN_POINT('Ctrl Pts',(-17.5530756147347,13.5356479461861,5.33429023353956));
#2982=CARTESIAN_POINT('Ctrl Pts',(-17.6325386723124,13.7128437957114,5.16310299810951));
#2983=CARTESIAN_POINT('Ctrl Pts',(-17.6944587422059,13.8980620886645,5.));
#2984=CARTESIAN_POINT('Origin',(-14.8492424049175,14.8492424049175,5.));
#2985=CARTESIAN_POINT('Origin',(14.8492424049175,-14.8492424049175,9.));
#2986=CARTESIAN_POINT('',(13.8980620886645,-17.6944587422059,5.));
#2987=CARTESIAN_POINT('',(17.6944587422059,-13.8980620886645,5.));
#2988=CARTESIAN_POINT('Ctrl Pts',(13.8980620886645,-17.6944587422059,5.));
#2989=CARTESIAN_POINT('Ctrl Pts',(13.7128437957114,-17.6325386723124,5.1631029981095));
#2990=CARTESIAN_POINT('Ctrl Pts',(13.5356479461861,-17.5530756147347,5.33429023353956));
#2991=CARTESIAN_POINT('Ctrl Pts',(12.993808273466,-17.2459824858953,5.90753866730343));
#2992=CARTESIAN_POINT('Ctrl Pts',(12.6789156164652,-16.9564058184588,6.32750370197913));
#2993=CARTESIAN_POINT('Ctrl Pts',(12.4466340048805,-16.6457592782231,6.71539030917348));
#2994=CARTESIAN_POINT('Ctrl Pts',(12.2350015924775,-16.3627283647289,7.06879485919076));
#2995=CARTESIAN_POINT('Ctrl Pts',(12.0575907639746,-16.0163604774819,7.45287793378642));
#2996=CARTESIAN_POINT('Ctrl Pts',(11.8508123161819,-15.2553228460964,8.18305322503043));
#2997=CARTESIAN_POINT('Ctrl Pts',(11.8208122258111,-14.8408938578169,8.52921710543037));
#2998=CARTESIAN_POINT('Ctrl Pts',(11.91731228726,-14.1556977930725,8.9969145609578));
#2999=CARTESIAN_POINT('Ctrl Pts',(12.0021887842956,-13.8475782361224,9.17747737630876));
#3000=CARTESIAN_POINT('Ctrl Pts',(12.288227759125,-13.2522920147977,9.4298406193435));
#3001=CARTESIAN_POINT('Ctrl Pts',(12.4907562011327,-12.965087921583,9.50000000000001));
#3002=CARTESIAN_POINT('Ctrl Pts',(12.965087921583,-12.4907562011327,9.50000000000001));
#3003=CARTESIAN_POINT('Ctrl Pts',(13.2522920147977,-12.288227759125,9.4298406193435));
#3004=CARTESIAN_POINT('Ctrl Pts',(13.8475782361224,-12.0021887842956,9.17747737630876));
#3005=CARTESIAN_POINT('Ctrl Pts',(14.1556977930725,-11.91731228726,8.9969145609578));
#3006=CARTESIAN_POINT('Ctrl Pts',(14.8408938578169,-11.8208122258111,8.52921710543037));
#3007=CARTESIAN_POINT('Ctrl Pts',(15.2553228460964,-11.8508123161819,8.18305322503043));
#3008=CARTESIAN_POINT('Ctrl Pts',(16.0163604774819,-12.0575907639746,7.45287793378642));
#3009=CARTESIAN_POINT('Ctrl Pts',(16.3627283647289,-12.2350015924775,7.06879485919076));
#3010=CARTESIAN_POINT('Ctrl Pts',(16.9564058184588,-12.6789156164652,6.32750370197913));
#3011=CARTESIAN_POINT('Ctrl Pts',(17.2459824858953,-12.993808273466,5.90753866730343));
#3012=CARTESIAN_POINT('Ctrl Pts',(17.5530756147347,-13.5356479461861,5.33429023353956));
#3013=CARTESIAN_POINT('Ctrl Pts',(17.6325386723124,-13.7128437957114,5.1631029981095));
#3014=CARTESIAN_POINT('Ctrl Pts',(17.6944587422059,-13.8980620886645,5.));
#3015=CARTESIAN_POINT('Origin',(14.8492424049175,-14.8492424049175,5.));
#3016=CARTESIAN_POINT('Origin',(17.5,0.,5.00000000000001));
#3017=CARTESIAN_POINT('',(-25.,3.06161699786838E-15,5.));
#3018=CARTESIAN_POINT('Origin',(-2.88180904611665E-16,4.44089209850063E-15,
5.));
#3019=CARTESIAN_POINT('',(-12.8492424049175,-14.8492424049175,5.00000000000001));
#3020=CARTESIAN_POINT('Origin',(-14.8492424049175,-14.8492424049175,5.00000000000001));
#3021=CARTESIAN_POINT('',(16.8492424049175,14.8492424049175,5.00000000000001));
#3022=CARTESIAN_POINT('Origin',(14.8492424049175,14.8492424049175,5.00000000000001));
#3023=CARTESIAN_POINT('',(-12.8492424049175,14.8492424049175,5.00000000000001));
#3024=CARTESIAN_POINT('Origin',(-14.8492424049175,14.8492424049175,5.00000000000001));
#3025=CARTESIAN_POINT('',(16.8492424049175,-14.8492424049175,5.00000000000001));
#3026=CARTESIAN_POINT('Origin',(14.8492424049175,-14.8492424049175,5.00000000000001));
#3027=CARTESIAN_POINT('',(-22.5,-2.75545529808155E-15,5.));
#3028=CARTESIAN_POINT('Origin',(0.,0.,5.00000000000001));
#3029=CARTESIAN_POINT('Origin',(0.,0.,5.00000000000001));
#3030=CARTESIAN_POINT('Origin',(0.,0.,5.00000000000001));
#3031=CARTESIAN_POINT('Origin',(0.,0.,5.00000000000001));
#3032=CARTESIAN_POINT('Origin',(0.,0.,5.00000000000001));
#3033=CARTESIAN_POINT('Origin',(0.,0.,82.5));
#3034=CARTESIAN_POINT('Origin',(0.,0.,81.));
#3035=CARTESIAN_POINT('Origin',(0.,0.,44.5));
#3036=CARTESIAN_POINT('Origin',(0.,0.,10.));
#3037=CARTESIAN_POINT('Origin',(0.,0.,7.50000000000001));
#3038=CARTESIAN_POINT('Origin',(0.,0.,10.));
#3039=CARTESIAN_POINT('',(-20.,-2.44929359829471E-15,7.50000000000001));
#3040=CARTESIAN_POINT('Origin',(14.8492424049175,-14.8492424049175,5.5));
#3041=CARTESIAN_POINT('',(16.8492424049175,-14.8492424049175,0.));
#3042=CARTESIAN_POINT('Origin',(14.8492424049175,-14.8492424049175,0.));
#3043=CARTESIAN_POINT('',(16.8492424049175,-14.8492424049175,5.5));
#3044=CARTESIAN_POINT('Origin',(-14.8492424049175,14.8492424049175,5.5));
#3045=CARTESIAN_POINT('',(-12.8492424049175,14.8492424049175,0.));
#3046=CARTESIAN_POINT('Origin',(-14.8492424049175,14.8492424049175,0.));
#3047=CARTESIAN_POINT('',(-12.8492424049175,14.8492424049175,5.5));
#3048=CARTESIAN_POINT('Origin',(14.8492424049175,14.8492424049175,5.5));
#3049=CARTESIAN_POINT('',(16.8492424049175,14.8492424049175,0.));
#3050=CARTESIAN_POINT('Origin',(14.8492424049175,14.8492424049175,0.));
#3051=CARTESIAN_POINT('',(16.8492424049175,14.8492424049175,5.5));
#3052=CARTESIAN_POINT('Origin',(-14.8492424049175,-14.8492424049175,5.5));
#3053=CARTESIAN_POINT('',(-12.8492424049175,-14.8492424049175,0.));
#3054=CARTESIAN_POINT('Origin',(-14.8492424049175,-14.8492424049175,0.));
#3055=CARTESIAN_POINT('',(-12.8492424049175,-14.8492424049175,5.5));
#3056=CARTESIAN_POINT('Origin',(0.,0.,0.));
#3057=CARTESIAN_POINT('',(-10.,-1.22464679914735E-15,0.));
#3058=CARTESIAN_POINT('Origin',(0.,0.,0.));
#3059=CARTESIAN_POINT('',(-10.,-1.22464679914735E-15,3.));
#3060=CARTESIAN_POINT('',(-10.,-1.22464679914735E-15,0.));
#3061=CARTESIAN_POINT('Origin',(0.,0.,3.));
#3062=CARTESIAN_POINT('Origin',(0.,0.,3.));
#3063=CARTESIAN_POINT('',(-3.5,-4.28626379701574E-16,3.));
#3064=CARTESIAN_POINT('Origin',(0.,0.,3.));
#3065=CARTESIAN_POINT('Origin',(0.,0.,10.));
#3066=CARTESIAN_POINT('Origin',(0.,0.,10.));
#3067=CARTESIAN_POINT('Origin',(0.,0.,19.5));
#3068=CARTESIAN_POINT('Origin',(2.14313189850787E-16,-5.55111512312578E-16,
39.));
#3069=CARTESIAN_POINT('',(-3.5,-4.28626379701574E-16,19.5));
#3070=CARTESIAN_POINT('Origin',(25.,0.,0.));
#3071=CARTESIAN_POINT('',(-25.,-3.06161699786838E-15,0.));
#3072=CARTESIAN_POINT('Origin',(-2.88180904611665E-16,4.44089209850063E-15,
0.));
#3073=CARTESIAN_POINT('Origin',(-14.1421356237256,14.1421356237363,89.));
#3074=CARTESIAN_POINT('',(-15.3921356237256,14.1421356237363,89.));
#3075=CARTESIAN_POINT('Origin',(-14.1421356237256,14.1421356237363,89.));
#3076=CARTESIAN_POINT('',(-15.3921356237256,14.1421356237363,89.));
#3077=CARTESIAN_POINT('Origin',(14.142135623731,14.1421356237309,89.));
#3078=CARTESIAN_POINT('',(12.892135623731,14.1421356237309,89.));
#3079=CARTESIAN_POINT('Origin',(14.142135623731,14.1421356237309,89.));
#3080=CARTESIAN_POINT('',(12.892135623731,14.1421356237309,89.));
#3081=CARTESIAN_POINT('Origin',(0.,7.24999994039536,86.));
#3082=CARTESIAN_POINT('',(-3.5,-8.00000011920929,86.));
#3083=CARTESIAN_POINT('',(-3.5,0.,86.));
#3084=CARTESIAN_POINT('',(-21.0297408448131,-8.,86.));
#3085=CARTESIAN_POINT('',(21.0297408448131,-8.,86.));
#3086=CARTESIAN_POINT('Origin',(0.,0.,86.));
#3087=CARTESIAN_POINT('Origin',(21.0297408448131,-8.,89.));
#3088=CARTESIAN_POINT('',(21.0297408448131,-8.,89.));
#3089=CARTESIAN_POINT('',(3.5,-8.00000011920929,89.));
#3090=CARTESIAN_POINT('',(21.0297408448131,-8.,89.));
#3091=CARTESIAN_POINT('',(3.5,-8.00000011920929,86.));
#3092=CARTESIAN_POINT('',(3.5,-8.00000011920929,89.));
#3093=CARTESIAN_POINT('',(21.0297408448131,-8.,86.));
#3094=CARTESIAN_POINT('',(21.0297408448131,-8.,86.));
#3095=CARTESIAN_POINT('',(21.0297408448131,-8.,89.));
#3096=CARTESIAN_POINT('Origin',(-3.5,-8.,89.));
#3097=CARTESIAN_POINT('',(-3.5,-8.00000011920929,89.));
#3098=CARTESIAN_POINT('',(-21.0297408448131,-8.,89.));
#3099=CARTESIAN_POINT('',(21.0297408448131,-8.,89.));
#3100=CARTESIAN_POINT('',(-21.0297408448131,-8.,89.));
#3101=CARTESIAN_POINT('',(-3.5,-8.00000011920929,89.));
#3102=CARTESIAN_POINT('Origin',(-3.5,0.,89.));
#3103=CARTESIAN_POINT('',(-3.5,4.28626379701574E-16,89.));
#3104=CARTESIAN_POINT('',(-3.5,0.,89.));
#3105=CARTESIAN_POINT('',(-3.5,4.28626379701574E-16,85.));
#3106=CARTESIAN_POINT('Origin',(3.5,-8.00000011920929,89.));
#3107=CARTESIAN_POINT('',(3.5,0.,89.));
#3108=CARTESIAN_POINT('',(3.5,0.,89.));
#3109=CARTESIAN_POINT('',(3.5,0.,85.));
#3110=CARTESIAN_POINT('',(3.5,0.,86.));
#3111=CARTESIAN_POINT('Origin',(0.,7.24999994039536,86.));
#3112=CARTESIAN_POINT('Origin',(0.,0.,86.));
#3113=CARTESIAN_POINT('Origin',(0.,0.,87.));
#3114=CARTESIAN_POINT('Origin',(2.14313189850787E-16,0.,85.));
#3115=CARTESIAN_POINT('Origin',(2.14313189850787E-16,0.,89.));
#3116=CARTESIAN_POINT('Origin',(-8.99999999999999,0.,63.));
#3117=CARTESIAN_POINT('',(-10.6,0.,63.));
#3118=CARTESIAN_POINT('Origin',(9.00000000000001,0.,26.));
#3119=CARTESIAN_POINT('',(7.4,0.,26.));
#3120=CARTESIAN_POINT('Origin',(9.00000000000001,0.,63.));
#3121=CARTESIAN_POINT('',(7.40000000000001,0.,63.));
#3122=CARTESIAN_POINT('Origin',(-9.,0.,26.));
#3123=CARTESIAN_POINT('',(-10.6,0.,26.));
#3124=CARTESIAN_POINT('Origin',(-8.99999999999999,0.,75.));
#3125=CARTESIAN_POINT('',(-10.75,4.,75.));
#3126=CARTESIAN_POINT('',(-10.75,0.,75.));
#3127=CARTESIAN_POINT('Origin',(-8.99999999999999,4.,75.));
#3128=CARTESIAN_POINT('Origin',(-8.99999999999999,4.,75.));
#3129=CARTESIAN_POINT('Origin',(-8.99999999999999,0.,40.9999999999991));
#3130=CARTESIAN_POINT('',(-10.75,4.,40.9999999999991));
#3131=CARTESIAN_POINT('',(-10.75,0.,40.9999999999991));
#3132=CARTESIAN_POINT('Origin',(-8.99999999999999,4.,40.9999999999991));
#3133=CARTESIAN_POINT('Origin',(-8.99999999999999,4.,40.9999999999991));
#3134=CARTESIAN_POINT('Origin',(8.99999999999921,0.,49.0000000000009));
#3135=CARTESIAN_POINT('',(7.24999999999921,4.,49.0000000000009));
#3136=CARTESIAN_POINT('',(7.24999999999921,0.,49.0000000000009));
#3137=CARTESIAN_POINT('Origin',(8.99999999999921,4.,49.0000000000009));
#3138=CARTESIAN_POINT('Origin',(8.99999999999921,4.,49.0000000000009));
#3139=CARTESIAN_POINT('Origin',(9.00000000000001,0.,75.));
#3140=CARTESIAN_POINT('',(7.25000000000001,4.,75.));
#3141=CARTESIAN_POINT('',(7.25000000000001,0.,75.));
#3142=CARTESIAN_POINT('Origin',(9.00000000000001,4.,75.));
#3143=CARTESIAN_POINT('Origin',(9.00000000000001,4.,75.));
#3144=CARTESIAN_POINT('Origin',(-8.99999999999998,0.,83.));
#3145=CARTESIAN_POINT('',(-10.75,4.,83.));
#3146=CARTESIAN_POINT('',(-10.75,0.,83.));
#3147=CARTESIAN_POINT('Origin',(-8.99999999999998,4.,83.));
#3148=CARTESIAN_POINT('Origin',(-8.99999999999998,4.,83.));
#3149=CARTESIAN_POINT('Origin',(-8.99999999999919,0.,48.9999999999991));
#3150=CARTESIAN_POINT('',(-10.7499999999992,4.,48.9999999999991));
#3151=CARTESIAN_POINT('',(-10.7499999999992,0.,48.9999999999991));
#3152=CARTESIAN_POINT('Origin',(-8.99999999999919,4.,48.9999999999991));
#3153=CARTESIAN_POINT('Origin',(-8.99999999999919,4.,48.9999999999991));
#3154=CARTESIAN_POINT('Origin',(9.00000000000001,0.,41.0000000000009));
#3155=CARTESIAN_POINT('',(7.25000000000001,4.,41.0000000000009));
#3156=CARTESIAN_POINT('',(7.25000000000001,0.,41.0000000000009));
#3157=CARTESIAN_POINT('Origin',(9.00000000000001,4.,41.0000000000009));
#3158=CARTESIAN_POINT('Origin',(9.00000000000001,4.,41.0000000000009));
#3159=CARTESIAN_POINT('Origin',(9.00000000000002,0.,83.));
#3160=CARTESIAN_POINT('',(7.25000000000002,4.,83.));
#3161=CARTESIAN_POINT('',(7.25000000000002,0.,83.));
#3162=CARTESIAN_POINT('Origin',(9.00000000000002,4.,83.));
#3163=CARTESIAN_POINT('Origin',(9.00000000000002,4.,83.));
#3164=CARTESIAN_POINT('Origin',(0.,0.,2.5));
#3165=CARTESIAN_POINT('',(-25.,-3.06161699786838E-15,2.5));
#3166=CARTESIAN_POINT('Origin',(0.,0.,86.5));
#3167=CARTESIAN_POINT('Origin',(-8.48588818362673E-18,4.44089209850063E-15,
89.));
#3168=CARTESIAN_POINT('Origin',(3.5,0.,89.));
#3169=CARTESIAN_POINT('Origin',(4.5,0.,85.));
#3170=CARTESIAN_POINT('Origin',(-1.47493269393627E-16,5.55111512312578E-16,
85.));
#3171=CARTESIAN_POINT('Origin',(0.,0.,79.));
#3172=CARTESIAN_POINT('Origin',(-1.47493269393627E-16,5.55111512312578E-16,
73.));
#3173=CARTESIAN_POINT('Origin',(3.5,0.,73.));
#3174=CARTESIAN_POINT('Origin',(2.14313189850787E-16,-5.55111512312578E-16,
73.));
#3175=CARTESIAN_POINT('Origin',(0.,0.,62.));
#3176=CARTESIAN_POINT('Origin',(2.14313189850787E-16,0.,51.));
#3177=CARTESIAN_POINT('Origin',(4.5,0.,51.));
#3178=CARTESIAN_POINT('Origin',(-1.47493269393627E-16,5.55111512312578E-16,
51.));
#3179=CARTESIAN_POINT('Origin',(0.,0.,45.));
#3180=CARTESIAN_POINT('Origin',(-1.47493269393627E-16,5.55111512312578E-16,
39.));
#3181=CARTESIAN_POINT('Origin',(3.5,0.,39.));
#3182=UNCERTAINTY_MEASURE_WITH_UNIT(LENGTH_MEASURE(0.01),#3186,
'DISTANCE_ACCURACY_VALUE',
'Maximum model space distance between geometric entities at asserted c
onnectivities');
#3183=UNCERTAINTY_MEASURE_WITH_UNIT(LENGTH_MEASURE(0.01),#3186,
'DISTANCE_ACCURACY_VALUE',
'Maximum model space distance between geometric entities at asserted c
onnectivities');
#3184=(
GEOMETRIC_REPRESENTATION_CONTEXT(3)
GLOBAL_UNCERTAINTY_ASSIGNED_CONTEXT((#3182))
GLOBAL_UNIT_ASSIGNED_CONTEXT((#3186,#3188,#3189))
REPRESENTATION_CONTEXT('','3D')
);
#3185=(
GEOMETRIC_REPRESENTATION_CONTEXT(3)
GLOBAL_UNCERTAINTY_ASSIGNED_CONTEXT((#3183))
GLOBAL_UNIT_ASSIGNED_CONTEXT((#3186,#3188,#3189))
REPRESENTATION_CONTEXT('','3D')
);
#3186=(
LENGTH_UNIT()
NAMED_UNIT(*)
SI_UNIT(.MILLI.,.METRE.)
);
#3187=(
LENGTH_UNIT()
NAMED_UNIT(*)
SI_UNIT($,.METRE.)
);
#3188=(
NAMED_UNIT(*)
PLANE_ANGLE_UNIT()
SI_UNIT($,.RADIAN.)
);
#3189=(
NAMED_UNIT(*)
SI_UNIT($,.STERADIAN.)
SOLID_ANGLE_UNIT()
);
#3190=SHAPE_DEFINITION_REPRESENTATION(#3191,#3192);
#3191=PRODUCT_DEFINITION_SHAPE('',$,#3194);
#3192=SHAPE_REPRESENTATION('',(#1806),#3184);
#3193=PRODUCT_DEFINITION_CONTEXT('part definition',#3198,'design');
#3194=PRODUCT_DEFINITION('2026-08-03-19-35-23-031','fiberHolderCase1',#3195,
#3193);
#3195=PRODUCT_DEFINITION_FORMATION('',$,#3200);
#3196=PRODUCT_RELATED_PRODUCT_CATEGORY('fiberHolderCase1',
'fiberHolderCase1',(#3200));
#3197=APPLICATION_PROTOCOL_DEFINITION('international standard',
'automotive_design',2009,#3198);
#3198=APPLICATION_CONTEXT(
'Core Data for Automotive Mechanical Design Process');
#3199=PRODUCT_CONTEXT('part definition',#3198,'mechanical');
#3200=PRODUCT('2026-08-03-19-35-23-031','fiberHolderCase1',$,(#3199));
#3201=PRESENTATION_STYLE_ASSIGNMENT((#3202));
#3202=SURFACE_STYLE_USAGE(.BOTH.,#3203);
#3203=SURFACE_SIDE_STYLE('',(#3204));
#3204=SURFACE_STYLE_FILL_AREA(#3205);
#3205=FILL_AREA_STYLE('Steel - Satin',(#3206));
#3206=FILL_AREA_STYLE_COLOUR('Steel - Satin',#3207);
#3207=COLOUR_RGB('Steel - Satin',0.627450980392157,0.627450980392157,0.627450980392157);
ENDSEC;
END-ISO-10303-21;
