ISO-10303-21;
HEADER;
/* Generated by software containing ST-Developer
 * from STEP Tools, Inc. (www.steptools.com) 
 */

FILE_DESCRIPTION(
/* description */ (''),
/* implementation_level */ '2;1');

FILE_NAME(
/* name */ 'fasteningNut.step',
/* time_stamp */ '2026-08-03T19:31:24+02:00',
/* author */ (''),
/* organization */ (''),
/* preprocessor_version */ 'ST-DEVELOPER v20.1',
/* originating_system */ 'Autodesk Translation Framework v15.8.0.0',
/* authorisation */ '');

FILE_SCHEMA (('AUTOMOTIVE_DESIGN { 1 0 10303 214 3 1 1 }'));
ENDSEC;

DATA;
#10=MECHANICAL_DESIGN_GEOMETRIC_PRESENTATION_REPRESENTATION('',(#13),#1540);
#11=SHAPE_REPRESENTATION_RELATIONSHIP('SRR','None',#1547,#12);
#12=ADVANCED_BREP_SHAPE_REPRESENTATION('',(#14),#1539);
#13=STYLED_ITEM('',(#1556),#14);
#14=MANIFOLD_SOLID_BREP('Body1',#429);
#15=FACE_BOUND('',#71,.T.);
#16=FACE_BOUND('',#73,.T.);
#17=FACE_BOUND('',#89,.T.);
#18=PLANE('',#455);
#19=PLANE('',#456);
#20=PLANE('',#466);
#21=PLANE('',#467);
#22=PLANE('',#468);
#23=PLANE('',#469);
#24=PLANE('',#470);
#25=PLANE('',#471);
#26=PLANE('',#473);
#27=PLANE('',#474);
#28=PLANE('',#475);
#29=PLANE('',#476);
#30=PLANE('',#477);
#31=PLANE('',#478);
#32=PLANE('',#479);
#33=CONICAL_SURFACE('',#452,3.55,0.178092938231197);
#34=CONICAL_SURFACE('',#458,7.5,0.380506377112365);
#35=B_SPLINE_SURFACE_WITH_KNOTS('',3,3,((#836,#837,#838,#839,#840,#841,
#842,#843,#844,#845,#846,#847,#848,#849,#850,#851,#852,#853,#854,#855,#856,
#857,#858,#859,#860,#861,#862),(#863,#864,#865,#866,#867,#868,#869,#870,
#871,#872,#873,#874,#875,#876,#877,#878,#879,#880,#881,#882,#883,#884,#885,
#886,#887,#888,#889),(#890,#891,#892,#893,#894,#895,#896,#897,#898,#899,
#900,#901,#902,#903,#904,#905,#906,#907,#908,#909,#910,#911,#912,#913,#914,
#915,#916),(#917,#918,#919,#920,#921,#922,#923,#924,#925,#926,#927,#928,
#929,#930,#931,#932,#933,#934,#935,#936,#937,#938,#939,#940,#941,#942,#943)),
 .UNSPECIFIED.,.F.,.F.,.F.,(4,4),(4,1,1,1,1,1,1,1,1,1,1,1,1,1,1,1,1,1,1,
1,1,1,1,1,4),(0.00288938289127915,0.0991387304578983),(11.7388974715044,
12.2596891115898,12.7804807516752,13.3012723917607,13.8220640318461,14.3428556719315,
14.863647312017,15.3844389521024,15.9052305921878,16.5996194456351,17.2940082990823,
17.9883971525296,18.6827860059768,19.3771748594241,20.0715637128713,20.7659525663186,
21.4603414197658,22.1547302732131,22.8491191266603,23.5435079801076,24.2378968335548,
24.7586884736403,25.2794801137257,25.8002717538111,26.3210633938966),
 .UNSPECIFIED.);
#36=B_SPLINE_SURFACE_WITH_KNOTS('',3,3,((#1139,#1140,#1141,#1142,#1143,
#1144,#1145,#1146,#1147,#1148,#1149,#1150,#1151,#1152,#1153,#1154,#1155,
#1156,#1157,#1158,#1159,#1160,#1161,#1162,#1163,#1164,#1165,#1166),(#1167,
#1168,#1169,#1170,#1171,#1172,#1173,#1174,#1175,#1176,#1177,#1178,#1179,
#1180,#1181,#1182,#1183,#1184,#1185,#1186,#1187,#1188,#1189,#1190,#1191,
#1192,#1193,#1194),(#1195,#1196,#1197,#1198,#1199,#1200,#1201,#1202,#1203,
#1204,#1205,#1206,#1207,#1208,#1209,#1210,#1211,#1212,#1213,#1214,#1215,
#1216,#1217,#1218,#1219,#1220,#1221,#1222),(#1223,#1224,#1225,#1226,#1227,
#1228,#1229,#1230,#1231,#1232,#1233,#1234,#1235,#1236,#1237,#1238,#1239,
#1240,#1241,#1242,#1243,#1244,#1245,#1246,#1247,#1248,#1249,#1250)),
 .UNSPECIFIED.,.F.,.F.,.F.,(4,4),(4,1,1,1,1,1,1,1,1,1,1,1,1,1,1,1,1,1,1,
1,1,1,1,1,1,4),(-0.00288866708130215,0.0933606804786499),(14.5196411027707,
15.0404327428562,15.5612243829416,16.082016023027,16.6028076631125,17.2971965165597,
17.991585370007,18.6859742234542,19.3803630769015,20.0747519303487,20.769140783796,
21.4635296372432,22.1579184906905,22.8523073441377,23.546696197585,24.2410850510322,
24.9354739044795,25.4562655445649,25.9770571846503,26.4978488247358,27.0186404648212,
27.5394321049066,27.669630014928,28.0602237449921,28.5810153850775,29.101807025163),
 .UNSPECIFIED.);
#37=FACE_OUTER_BOUND('',#62,.T.);
#38=FACE_OUTER_BOUND('',#63,.T.);
#39=FACE_OUTER_BOUND('',#64,.T.);
#40=FACE_OUTER_BOUND('',#65,.T.);
#41=FACE_OUTER_BOUND('',#66,.T.);
#42=FACE_OUTER_BOUND('',#67,.T.);
#43=FACE_OUTER_BOUND('',#68,.T.);
#44=FACE_OUTER_BOUND('',#69,.T.);
#45=FACE_OUTER_BOUND('',#70,.T.);
#46=FACE_OUTER_BOUND('',#72,.T.);
#47=FACE_OUTER_BOUND('',#74,.T.);
#48=FACE_OUTER_BOUND('',#75,.T.);
#49=FACE_OUTER_BOUND('',#76,.T.);
#50=FACE_OUTER_BOUND('',#77,.T.);
#51=FACE_OUTER_BOUND('',#78,.T.);
#52=FACE_OUTER_BOUND('',#79,.T.);
#53=FACE_OUTER_BOUND('',#80,.T.);
#54=FACE_OUTER_BOUND('',#81,.T.);
#55=FACE_OUTER_BOUND('',#82,.T.);
#56=FACE_OUTER_BOUND('',#83,.T.);
#57=FACE_OUTER_BOUND('',#84,.T.);
#58=FACE_OUTER_BOUND('',#85,.T.);
#59=FACE_OUTER_BOUND('',#86,.T.);
#60=FACE_OUTER_BOUND('',#87,.T.);
#61=FACE_OUTER_BOUND('',#88,.T.);
#62=EDGE_LOOP('',(#278,#279,#280,#281));
#63=EDGE_LOOP('',(#282,#283,#284,#285));
#64=EDGE_LOOP('',(#286,#287,#288,#289));
#65=EDGE_LOOP('',(#290,#291,#292,#293));
#66=EDGE_LOOP('',(#294,#295,#296,#297));
#67=EDGE_LOOP('',(#298,#299,#300,#301,#302,#303,#304,#305));
#68=EDGE_LOOP('',(#306,#307,#308,#309,#310,#311,#312,#313));
#69=EDGE_LOOP('',(#314,#315,#316,#317));
#70=EDGE_LOOP('',(#318,#319,#320,#321));
#71=EDGE_LOOP('',(#322));
#72=EDGE_LOOP('',(#323));
#73=EDGE_LOOP('',(#324));
#74=EDGE_LOOP('',(#325,#326,#327,#328,#329,#330,#331,#332,#333,#334));
#75=EDGE_LOOP('',(#335,#336,#337));
#76=EDGE_LOOP('',(#338,#339,#340));
#77=EDGE_LOOP('',(#341,#342,#343));
#78=EDGE_LOOP('',(#344,#345,#346));
#79=EDGE_LOOP('',(#347,#348,#349));
#80=EDGE_LOOP('',(#350,#351,#352,#353));
#81=EDGE_LOOP('',(#354,#355,#356,#357));
#82=EDGE_LOOP('',(#358,#359,#360,#361,#362));
#83=EDGE_LOOP('',(#363,#364,#365,#366,#367));
#84=EDGE_LOOP('',(#368,#369,#370,#371,#372));
#85=EDGE_LOOP('',(#373,#374,#375,#376,#377));
#86=EDGE_LOOP('',(#378,#379,#380,#381,#382));
#87=EDGE_LOOP('',(#383,#384,#385,#386,#387));
#88=EDGE_LOOP('',(#388,#389,#390,#391,#392,#393));
#89=EDGE_LOOP('',(#394,#395,#396,#397));
#90=CIRCLE('',#444,4.8131);
#91=CIRCLE('',#446,4.8131);
#92=CIRCLE('',#448,5.64665);
#93=CIRCLE('',#450,5.64665);
#94=CIRCLE('',#453,4.);
#95=CIRCLE('',#454,3.1);
#96=CIRCLE('',#457,5.5);
#97=CIRCLE('',#459,7.5);
#98=CIRCLE('',#460,7.5);
#99=CIRCLE('',#461,7.5);
#100=CIRCLE('',#462,7.5);
#101=CIRCLE('',#463,7.5);
#102=CIRCLE('',#464,7.5);
#103=CIRCLE('',#465,7.5);
#104=B_SPLINE_CURVE_WITH_KNOTS('',3,(#592,#593,#594,#595,#596,#597,#598,
#599,#600,#601,#602,#603,#604,#605,#606,#607,#608,#609,#610,#611,#612,#613,
#614,#615,#616),.UNSPECIFIED.,.F.,.F.,(4,3,3,3,3,3,3,3,4),(5.32970908844414,
5.48632329458942,5.73808349049847,5.98984368640751,6.24160388231656,6.49336407822561,
6.74512427413466,6.99688447004371,7.24864466595276),.UNSPECIFIED.);
#105=B_SPLINE_CURVE_WITH_KNOTS('',3,(#619,#620,#621,#622,#623,#624,#625,
#626,#627,#628,#629,#630,#631,#632,#633,#634,#635,#636,#637,#638,#639,#640,
#641,#642,#643,#644,#645,#646),.UNSPECIFIED.,.F.,.F.,(4,3,3,3,3,3,3,3,3,
4),(1.17378921248152,1.20635800559225,1.54204134427657,1.87772468296088,
2.2134080216452,2.54909136032951,2.88477469901382,3.22045803769814,3.55614137638245,
3.81098770939786),.UNSPECIFIED.);
#106=B_SPLINE_CURVE_WITH_KNOTS('',3,(#652,#653,#654,#655,#656,#657,#658),
 .UNSPECIFIED.,.F.,.F.,(4,3,4),(6.84843566932443,6.99689911517402,7.24864466595275),
 .UNSPECIFIED.);
#107=B_SPLINE_CURVE_WITH_KNOTS('',3,(#661,#662,#663,#664,#665,#666,#667,
#668,#669,#670,#671,#672,#673,#674,#675,#676),.UNSPECIFIED.,.F.,.F.,(4,
3,3,3,3,4),(1.17378921248152,1.20635807558252,1.5420421356496,1.87772619571668,
2.21341025578376,2.29227289038179),.UNSPECIFIED.);
#108=B_SPLINE_CURVE_WITH_KNOTS('',3,(#682,#683,#684,#685,#686,#687,#688,
#689,#690,#691,#692,#693,#694,#695,#696,#697,#698,#699,#700,#701,#702,#703,
#704,#705,#706),.UNSPECIFIED.,.F.,.F.,(4,3,3,3,3,3,3,3,4),(-8.539234285841,
-8.24398178764557,-7.94872928945014,-7.65347679125471,-7.35822429305928,
-6.96455429546537,-6.57088429787146,-6.17721430027755,-6.08465939671477),
 .UNSPECIFIED.);
#109=B_SPLINE_CURVE_WITH_KNOTS('',3,(#709,#710,#711,#712,#713,#714,#715,
#716,#717,#718,#719,#720,#721,#722,#723,#724,#725,#726,#727,#728,#729,#730,
#731,#732,#733,#734,#735,#736,#737,#738,#739),.UNSPECIFIED.,.F.,.F.,(4,
3,3,3,3,3,3,3,3,3,4),(1.41475445498259,1.45295104263167,1.74821738911859,
2.0434837356055,2.33875008209241,2.63401642857932,3.02770489056187,3.42139335254442,
3.81508181452697,4.20877027650952,4.30350611633444),.UNSPECIFIED.);
#110=B_SPLINE_CURVE_WITH_KNOTS('',3,(#745,#746,#747,#748,#749,#750,#751,
#752,#753,#754),.UNSPECIFIED.,.F.,.F.,(4,3,3,4),(7.86581163461199,7.94880692625215,
8.24402060604659,8.53923428584103),.UNSPECIFIED.);
#111=B_SPLINE_CURVE_WITH_KNOTS('',3,(#757,#758,#759,#760,#761,#762,#763,
#764,#765,#766,#767,#768,#769,#770,#771,#772),.UNSPECIFIED.,.F.,.F.,(4,
3,3,3,3,4),(-2.52235358721883,-2.33874565760782,-2.04348072498192,-1.74821579235603,
-1.45295085973014,-1.41475445498258),.UNSPECIFIED.);
#112=B_SPLINE_CURVE_WITH_KNOTS('',3,(#774,#775,#776,#777,#778,#779,#780,
#781,#782,#783,#784,#785,#786,#787,#788,#789,#790,#791,#792,#793,#794,#795,
#796,#797,#798,#799,#800,#801,#802,#803,#804),.UNSPECIFIED.,.F.,.F.,(4,
3,3,3,3,3,3,3,3,3,4),(-6.08465939671477,-5.78352921924307,-5.3898395019535,
-4.99614978466393,-4.60246006737436,-4.20877035008479,-3.81508063279522,
-3.42139091550565,-3.02770119821608,-2.63401148092651,-2.52235358721883),
 .UNSPECIFIED.);
#113=B_SPLINE_CURVE_WITH_KNOTS('',3,(#805,#806,#807,#808,#809,#810,#811,
#812,#813,#814,#815,#816,#817,#818,#819,#820,#821,#822,#823,#824,#825,#826,
#827,#828,#829,#830,#831,#832,#833,#834,#835),.UNSPECIFIED.,.F.,.F.,(4,
3,3,3,3,3,3,3,3,3,4),(4.30350611633444,4.60245966728587,4.99614935239,5.38983903749412,
5.78352872259824,6.17721840770237,6.57090809280649,6.96459777791062,7.35828746301474,
7.65355472684283,7.86581163461199),.UNSPECIFIED.);
#114=B_SPLINE_CURVE_WITH_KNOTS('',3,(#944,#945,#946,#947,#948,#949,#950,
#951,#952,#953,#954,#955,#956,#957,#958,#959,#960,#961,#962,#963,#964,#965,
#966,#967,#968,#969,#970,#971,#972,#973,#974,#975,#976,#977,#978,#979,#980,
#981,#982,#983,#984,#985,#986,#987,#988,#989,#990,#991,#992,#993,#994,#995,
#996,#997,#998,#999,#1000,#1001,#1002,#1003,#1004,#1005,#1006,#1007,#1008,
#1009,#1010,#1011,#1012,#1013,#1014,#1015,#1016,#1017,#1018,#1019,#1020,
#1021,#1022,#1023,#1024,#1025),.UNSPECIFIED.,.F.,.F.,(4,3,3,3,3,3,3,3,3,
3,3,3,3,3,3,3,3,3,3,3,3,3,3,3,3,3,3,4),(0.0291990577024344,0.0718567792871354,
0.115017270457921,0.158385588094945,0.189390219897831,0.233556861473194,
0.253089726781191,0.297054457389757,0.34150945799478,0.384911589786588,
0.430011439467882,0.475565646043074,0.520591243154104,0.565937477026225,
0.586561224809137,0.631937060441552,0.678323953875429,0.724896891049924,
0.771066265651673,0.794336250744971,0.798887455457685,0.844860110887488,
0.891992607598906,0.939495988846278,0.986958782085405,1.00823381068442,
1.05665946736788,1.08807814981445),.UNSPECIFIED.);
#115=B_SPLINE_CURVE_WITH_KNOTS('',3,(#1026,#1027,#1028,#1029,#1030,#1031,
#1032,#1033,#1034,#1035,#1036,#1037,#1038,#1039,#1040,#1041,#1042,#1043,
#1044,#1045,#1046,#1047,#1048,#1049,#1050,#1051,#1052,#1053,#1054,#1055,
#1056,#1057,#1058,#1059,#1060,#1061,#1062,#1063,#1064,#1065,#1066,#1067,
#1068,#1069,#1070,#1071,#1072,#1073,#1074,#1075,#1076,#1077,#1078,#1079,
#1080,#1081,#1082,#1083,#1084,#1085,#1086,#1087,#1088,#1089,#1090,#1091,
#1092,#1093,#1094,#1095,#1096,#1097,#1098,#1099,#1100,#1101,#1102,#1103,
#1104,#1105,#1106,#1107),.UNSPECIFIED.,.F.,.F.,(4,3,3,3,3,3,3,3,3,3,3,3,
3,3,3,3,3,3,3,3,3,3,3,3,3,3,3,4),(0.0291990577024347,0.0718373054013769,
0.11498242467888,0.158383128360553,0.189390219897826,0.233432001255898,
0.277916407464274,0.28711225363053,0.331157024672313,0.37556331901673,0.384911589786584,
0.429871450896187,0.4752796757886,0.520726850212056,0.555993812631825,0.586561224809131,
0.63171668702202,0.67796979967672,0.724513091520561,0.770849305011514,0.794336250744967,
0.835643476149308,0.882433200713743,0.929744236983612,0.977289882676406,
1.00823381068441,1.05659360859325,1.08807814981607),.UNSPECIFIED.);
#116=B_SPLINE_CURVE_WITH_KNOTS('',3,(#1108,#1109,#1110,#1111,#1112,#1113,
#1114,#1115,#1116,#1117,#1118,#1119,#1120,#1121,#1122,#1123,#1124,#1125,
#1126,#1127,#1128,#1129,#1130,#1131,#1132,#1133,#1134,#1135,#1136,#1137,
#1138),.UNSPECIFIED.,.F.,.F.,(4,3,3,3,3,3,3,3,3,3,4),(2.29227289038179,
2.54909391216087,2.88477744457613,3.22046097699139,3.55614450940665,3.89182804182192,
4.22751157423718,4.56319510665244,4.8988786390677,5.23456217148297,5.32970908844414),
 .UNSPECIFIED.);
#117=B_SPLINE_CURVE_WITH_KNOTS('',3,(#1251,#1252,#1253,#1254,#1255,#1256,
#1257,#1258,#1259,#1260,#1261,#1262,#1263,#1264,#1265,#1266,#1267,#1268,
#1269,#1270,#1271,#1272,#1273,#1274,#1275,#1276,#1277,#1278,#1279,#1280,
#1281,#1282,#1283,#1284,#1285,#1286,#1287,#1288,#1289,#1290,#1291,#1292,
#1293,#1294,#1295,#1296,#1297,#1298,#1299,#1300,#1301,#1302,#1303,#1304,
#1305,#1306,#1307,#1308,#1309,#1310,#1311,#1312,#1313,#1314,#1315,#1316,
#1317,#1318,#1319,#1320,#1321,#1322,#1323,#1324,#1325,#1326,#1327,#1328,
#1329,#1330,#1331,#1332,#1333,#1334,#1335),.UNSPECIFIED.,.F.,.F.,(4,3,3,
3,3,3,3,3,3,3,3,3,3,3,3,3,3,3,3,3,3,3,3,3,3,3,3,3,4),(0.224841917779872,
0.27263515036053,0.32081029152429,0.368725739804626,0.415731873013832,0.440442545665041,
0.478326399154337,0.525319000910737,0.549662321464085,0.596680658913205,
0.643024907760569,0.651448067677752,0.697465699379847,0.743189145907757,
0.759335943884521,0.807821068280894,0.853451928889805,0.856306192677268,
0.901342981573723,0.946266794069233,0.990390145740383,1.02931664504263,
1.05501424980676,1.09915019024019,1.14331378197333,1.18747737370648,1.23081871826346,
1.27358451906252,1.28776630742109),.UNSPECIFIED.);
#118=B_SPLINE_CURVE_WITH_KNOTS('',3,(#1336,#1337,#1338,#1339,#1340,#1341,
#1342,#1343,#1344,#1345,#1346,#1347,#1348,#1349,#1350,#1351,#1352,#1353,
#1354,#1355,#1356,#1357,#1358,#1359,#1360,#1361,#1362,#1363,#1364,#1365,
#1366,#1367,#1368,#1369,#1370,#1371,#1372,#1373,#1374,#1375),
 .UNSPECIFIED.,.F.,.F.,(4,3,3,3,3,3,3,3,3,3,3,3,3,4),(3.81098770939786,
3.89182507475495,4.22750990707859,4.56319473940224,4.89887957172588,5.23456440404953,
5.48632802829226,5.73809165253499,5.98985527677772,6.24161890102046,6.49338252526319,
6.55632343132387,6.74514614950592,6.84843566932443),.UNSPECIFIED.);
#119=B_SPLINE_CURVE_WITH_KNOTS('',3,(#1376,#1377,#1378,#1379,#1380,#1381,
#1382,#1383,#1384,#1385,#1386,#1387,#1388,#1389,#1390,#1391,#1392,#1393,
#1394,#1395,#1396,#1397,#1398,#1399,#1400,#1401,#1402,#1403,#1404,#1405,
#1406,#1407,#1408,#1409,#1410,#1411,#1412,#1413,#1414,#1415,#1416,#1417,
#1418,#1419,#1420,#1421,#1422,#1423,#1424,#1425,#1426,#1427,#1428,#1429,
#1430,#1431,#1432,#1433,#1434,#1435,#1436,#1437,#1438,#1439,#1440,#1441,
#1442,#1443,#1444,#1445,#1446,#1447,#1448,#1449,#1450,#1451,#1452,#1453,
#1454,#1455,#1456,#1457,#1458,#1459,#1460),.UNSPECIFIED.,.F.,.F.,(4,3,3,
3,3,3,3,3,3,3,3,3,3,3,3,3,3,3,3,3,3,3,3,3,3,3,3,3,4),(0.224841917778236,
0.272459129640319,0.320640098847334,0.368668932014787,0.41590508733961,
0.440442545665042,0.487411470620488,0.515308308879268,0.562452768023699,
0.609231708904898,0.651448067677752,0.697505395046605,0.743423981160807,
0.788669362406982,0.794921164298081,0.840855028197706,0.856306192677269,
0.901134766886159,0.946161561591368,0.990860079052794,1.0346409551261,1.05501424980676,
1.06335486460604,1.10748004535962,1.15143487485076,1.18747737370648,1.23082220476969,
1.27360973598153,1.28776630742109),.UNSPECIFIED.);
#120=LINE('',#590,#150);
#121=LINE('',#650,#151);
#122=LINE('',#680,#152);
#123=LINE('',#743,#153);
#124=LINE('',#1465,#154);
#125=LINE('',#1473,#155);
#126=LINE('',#1489,#156);
#127=LINE('',#1490,#157);
#128=LINE('',#1493,#158);
#129=LINE('',#1494,#159);
#130=LINE('',#1497,#160);
#131=LINE('',#1498,#161);
#132=LINE('',#1501,#162);
#133=LINE('',#1502,#163);
#134=LINE('',#1505,#164);
#135=LINE('',#1506,#165);
#136=LINE('',#1509,#166);
#137=LINE('',#1510,#167);
#138=LINE('',#1514,#168);
#139=LINE('',#1516,#169);
#140=LINE('',#1517,#170);
#141=LINE('',#1520,#171);
#142=LINE('',#1521,#172);
#143=LINE('',#1524,#173);
#144=LINE('',#1525,#174);
#145=LINE('',#1528,#175);
#146=LINE('',#1529,#176);
#147=LINE('',#1532,#177);
#148=LINE('',#1533,#178);
#149=LINE('',#1535,#179);
#150=VECTOR('',#484,5.5);
#151=VECTOR('',#489,5.5);
#152=VECTOR('',#494,5.59665);
#153=VECTOR('',#499,5.59665);
#154=VECTOR('',#508,3.55);
#155=VECTOR('',#519,7.5);
#156=VECTOR('',#536,10.);
#157=VECTOR('',#537,10.);
#158=VECTOR('',#540,10.);
#159=VECTOR('',#541,10.);
#160=VECTOR('',#544,10.);
#161=VECTOR('',#545,10.);
#162=VECTOR('',#548,10.);
#163=VECTOR('',#549,10.);
#164=VECTOR('',#552,10.);
#165=VECTOR('',#553,10.);
#166=VECTOR('',#556,10.);
#167=VECTOR('',#557,10.);
#168=VECTOR('',#562,10.);
#169=VECTOR('',#563,10.);
#170=VECTOR('',#564,10.);
#171=VECTOR('',#567,10.);
#172=VECTOR('',#568,10.);
#173=VECTOR('',#571,10.);
#174=VECTOR('',#572,10.);
#175=VECTOR('',#575,10.);
#176=VECTOR('',#576,10.);
#177=VECTOR('',#579,10.);
#178=VECTOR('',#580,10.);
#179=VECTOR('',#583,10.);
#180=VERTEX_POINT('',#588);
#181=VERTEX_POINT('',#589);
#182=VERTEX_POINT('',#591);
#183=VERTEX_POINT('',#617);
#184=VERTEX_POINT('',#648);
#185=VERTEX_POINT('',#649);
#186=VERTEX_POINT('',#651);
#187=VERTEX_POINT('',#659);
#188=VERTEX_POINT('',#678);
#189=VERTEX_POINT('',#679);
#190=VERTEX_POINT('',#681);
#191=VERTEX_POINT('',#707);
#192=VERTEX_POINT('',#741);
#193=VERTEX_POINT('',#742);
#194=VERTEX_POINT('',#744);
#195=VERTEX_POINT('',#755);
#196=VERTEX_POINT('',#1462);
#197=VERTEX_POINT('',#1464);
#198=VERTEX_POINT('',#1469);
#199=VERTEX_POINT('',#1472);
#200=VERTEX_POINT('',#1474);
#201=VERTEX_POINT('',#1476);
#202=VERTEX_POINT('',#1478);
#203=VERTEX_POINT('',#1480);
#204=VERTEX_POINT('',#1482);
#205=VERTEX_POINT('',#1484);
#206=VERTEX_POINT('',#1488);
#207=VERTEX_POINT('',#1492);
#208=VERTEX_POINT('',#1496);
#209=VERTEX_POINT('',#1500);
#210=VERTEX_POINT('',#1504);
#211=VERTEX_POINT('',#1508);
#212=VERTEX_POINT('',#1513);
#213=VERTEX_POINT('',#1515);
#214=VERTEX_POINT('',#1519);
#215=VERTEX_POINT('',#1523);
#216=VERTEX_POINT('',#1527);
#217=VERTEX_POINT('',#1531);
#218=EDGE_CURVE('',#180,#181,#120,.T.);
#219=EDGE_CURVE('',#181,#182,#104,.T.);
#220=EDGE_CURVE('',#183,#182,#90,.F.);
#221=EDGE_CURVE('',#183,#180,#105,.T.);
#222=EDGE_CURVE('',#184,#185,#121,.T.);
#223=EDGE_CURVE('',#184,#186,#106,.T.);
#224=EDGE_CURVE('',#187,#186,#91,.T.);
#225=EDGE_CURVE('',#187,#185,#107,.T.);
#226=EDGE_CURVE('',#188,#189,#122,.T.);
#227=EDGE_CURVE('',#189,#190,#108,.F.);
#228=EDGE_CURVE('',#191,#190,#92,.F.);
#229=EDGE_CURVE('',#188,#191,#109,.F.);
#230=EDGE_CURVE('',#192,#193,#123,.T.);
#231=EDGE_CURVE('',#194,#192,#110,.F.);
#232=EDGE_CURVE('',#195,#194,#93,.T.);
#233=EDGE_CURVE('',#195,#193,#111,.F.);
#234=EDGE_CURVE('',#193,#189,#112,.F.);
#235=EDGE_CURVE('',#192,#188,#113,.F.);
#236=EDGE_CURVE('',#190,#187,#114,.F.);
#237=EDGE_CURVE('',#182,#195,#115,.T.);
#238=EDGE_CURVE('',#185,#181,#116,.T.);
#239=EDGE_CURVE('',#186,#191,#117,.F.);
#240=EDGE_CURVE('',#180,#184,#118,.T.);
#241=EDGE_CURVE('',#194,#183,#119,.T.);
#242=EDGE_CURVE('',#196,#196,#94,.T.);
#243=EDGE_CURVE('',#196,#197,#124,.T.);
#244=EDGE_CURVE('',#197,#197,#95,.T.);
#245=EDGE_CURVE('',#198,#198,#96,.T.);
#246=EDGE_CURVE('',#198,#199,#125,.T.);
#247=EDGE_CURVE('',#200,#199,#97,.T.);
#248=EDGE_CURVE('',#201,#200,#98,.T.);
#249=EDGE_CURVE('',#202,#201,#99,.T.);
#250=EDGE_CURVE('',#203,#202,#100,.T.);
#251=EDGE_CURVE('',#204,#203,#101,.T.);
#252=EDGE_CURVE('',#205,#204,#102,.T.);
#253=EDGE_CURVE('',#199,#205,#103,.T.);
#254=EDGE_CURVE('',#204,#206,#126,.T.);
#255=EDGE_CURVE('',#206,#205,#127,.T.);
#256=EDGE_CURVE('',#203,#207,#128,.T.);
#257=EDGE_CURVE('',#207,#204,#129,.T.);
#258=EDGE_CURVE('',#202,#208,#130,.T.);
#259=EDGE_CURVE('',#208,#203,#131,.T.);
#260=EDGE_CURVE('',#201,#209,#132,.T.);
#261=EDGE_CURVE('',#209,#202,#133,.T.);
#262=EDGE_CURVE('',#200,#210,#134,.T.);
#263=EDGE_CURVE('',#210,#201,#135,.T.);
#264=EDGE_CURVE('',#205,#211,#136,.T.);
#265=EDGE_CURVE('',#211,#200,#137,.T.);
#266=EDGE_CURVE('',#210,#212,#138,.T.);
#267=EDGE_CURVE('',#213,#212,#139,.T.);
#268=EDGE_CURVE('',#209,#213,#140,.T.);
#269=EDGE_CURVE('',#214,#213,#141,.T.);
#270=EDGE_CURVE('',#208,#214,#142,.T.);
#271=EDGE_CURVE('',#215,#214,#143,.T.);
#272=EDGE_CURVE('',#207,#215,#144,.T.);
#273=EDGE_CURVE('',#216,#215,#145,.T.);
#274=EDGE_CURVE('',#206,#216,#146,.T.);
#275=EDGE_CURVE('',#217,#216,#147,.T.);
#276=EDGE_CURVE('',#211,#217,#148,.T.);
#277=EDGE_CURVE('',#212,#217,#149,.T.);
#278=ORIENTED_EDGE('',*,*,#218,.T.);
#279=ORIENTED_EDGE('',*,*,#219,.T.);
#280=ORIENTED_EDGE('',*,*,#220,.F.);
#281=ORIENTED_EDGE('',*,*,#221,.T.);
#282=ORIENTED_EDGE('',*,*,#222,.F.);
#283=ORIENTED_EDGE('',*,*,#223,.T.);
#284=ORIENTED_EDGE('',*,*,#224,.F.);
#285=ORIENTED_EDGE('',*,*,#225,.T.);
#286=ORIENTED_EDGE('',*,*,#226,.T.);
#287=ORIENTED_EDGE('',*,*,#227,.T.);
#288=ORIENTED_EDGE('',*,*,#228,.F.);
#289=ORIENTED_EDGE('',*,*,#229,.F.);
#290=ORIENTED_EDGE('',*,*,#230,.F.);
#291=ORIENTED_EDGE('',*,*,#231,.F.);
#292=ORIENTED_EDGE('',*,*,#232,.F.);
#293=ORIENTED_EDGE('',*,*,#233,.T.);
#294=ORIENTED_EDGE('',*,*,#230,.T.);
#295=ORIENTED_EDGE('',*,*,#234,.T.);
#296=ORIENTED_EDGE('',*,*,#226,.F.);
#297=ORIENTED_EDGE('',*,*,#235,.F.);
#298=ORIENTED_EDGE('',*,*,#236,.F.);
#299=ORIENTED_EDGE('',*,*,#227,.F.);
#300=ORIENTED_EDGE('',*,*,#234,.F.);
#301=ORIENTED_EDGE('',*,*,#233,.F.);
#302=ORIENTED_EDGE('',*,*,#237,.F.);
#303=ORIENTED_EDGE('',*,*,#219,.F.);
#304=ORIENTED_EDGE('',*,*,#238,.F.);
#305=ORIENTED_EDGE('',*,*,#225,.F.);
#306=ORIENTED_EDGE('',*,*,#239,.F.);
#307=ORIENTED_EDGE('',*,*,#223,.F.);
#308=ORIENTED_EDGE('',*,*,#240,.F.);
#309=ORIENTED_EDGE('',*,*,#221,.F.);
#310=ORIENTED_EDGE('',*,*,#241,.F.);
#311=ORIENTED_EDGE('',*,*,#231,.T.);
#312=ORIENTED_EDGE('',*,*,#235,.T.);
#313=ORIENTED_EDGE('',*,*,#229,.T.);
#314=ORIENTED_EDGE('',*,*,#242,.F.);
#315=ORIENTED_EDGE('',*,*,#243,.T.);
#316=ORIENTED_EDGE('',*,*,#244,.F.);
#317=ORIENTED_EDGE('',*,*,#243,.F.);
#318=ORIENTED_EDGE('',*,*,#220,.T.);
#319=ORIENTED_EDGE('',*,*,#237,.T.);
#320=ORIENTED_EDGE('',*,*,#232,.T.);
#321=ORIENTED_EDGE('',*,*,#241,.T.);
#322=ORIENTED_EDGE('',*,*,#242,.T.);
#323=ORIENTED_EDGE('',*,*,#245,.F.);
#324=ORIENTED_EDGE('',*,*,#244,.T.);
#325=ORIENTED_EDGE('',*,*,#245,.T.);
#326=ORIENTED_EDGE('',*,*,#246,.T.);
#327=ORIENTED_EDGE('',*,*,#247,.F.);
#328=ORIENTED_EDGE('',*,*,#248,.F.);
#329=ORIENTED_EDGE('',*,*,#249,.F.);
#330=ORIENTED_EDGE('',*,*,#250,.F.);
#331=ORIENTED_EDGE('',*,*,#251,.F.);
#332=ORIENTED_EDGE('',*,*,#252,.F.);
#333=ORIENTED_EDGE('',*,*,#253,.F.);
#334=ORIENTED_EDGE('',*,*,#246,.F.);
#335=ORIENTED_EDGE('',*,*,#252,.T.);
#336=ORIENTED_EDGE('',*,*,#254,.T.);
#337=ORIENTED_EDGE('',*,*,#255,.T.);
#338=ORIENTED_EDGE('',*,*,#251,.T.);
#339=ORIENTED_EDGE('',*,*,#256,.T.);
#340=ORIENTED_EDGE('',*,*,#257,.T.);
#341=ORIENTED_EDGE('',*,*,#250,.T.);
#342=ORIENTED_EDGE('',*,*,#258,.T.);
#343=ORIENTED_EDGE('',*,*,#259,.T.);
#344=ORIENTED_EDGE('',*,*,#249,.T.);
#345=ORIENTED_EDGE('',*,*,#260,.T.);
#346=ORIENTED_EDGE('',*,*,#261,.T.);
#347=ORIENTED_EDGE('',*,*,#248,.T.);
#348=ORIENTED_EDGE('',*,*,#262,.T.);
#349=ORIENTED_EDGE('',*,*,#263,.T.);
#350=ORIENTED_EDGE('',*,*,#247,.T.);
#351=ORIENTED_EDGE('',*,*,#253,.T.);
#352=ORIENTED_EDGE('',*,*,#264,.T.);
#353=ORIENTED_EDGE('',*,*,#265,.T.);
#354=ORIENTED_EDGE('',*,*,#222,.T.);
#355=ORIENTED_EDGE('',*,*,#238,.T.);
#356=ORIENTED_EDGE('',*,*,#218,.F.);
#357=ORIENTED_EDGE('',*,*,#240,.T.);
#358=ORIENTED_EDGE('',*,*,#263,.F.);
#359=ORIENTED_EDGE('',*,*,#266,.T.);
#360=ORIENTED_EDGE('',*,*,#267,.F.);
#361=ORIENTED_EDGE('',*,*,#268,.F.);
#362=ORIENTED_EDGE('',*,*,#260,.F.);
#363=ORIENTED_EDGE('',*,*,#261,.F.);
#364=ORIENTED_EDGE('',*,*,#268,.T.);
#365=ORIENTED_EDGE('',*,*,#269,.F.);
#366=ORIENTED_EDGE('',*,*,#270,.F.);
#367=ORIENTED_EDGE('',*,*,#258,.F.);
#368=ORIENTED_EDGE('',*,*,#259,.F.);
#369=ORIENTED_EDGE('',*,*,#270,.T.);
#370=ORIENTED_EDGE('',*,*,#271,.F.);
#371=ORIENTED_EDGE('',*,*,#272,.F.);
#372=ORIENTED_EDGE('',*,*,#256,.F.);
#373=ORIENTED_EDGE('',*,*,#257,.F.);
#374=ORIENTED_EDGE('',*,*,#272,.T.);
#375=ORIENTED_EDGE('',*,*,#273,.F.);
#376=ORIENTED_EDGE('',*,*,#274,.F.);
#377=ORIENTED_EDGE('',*,*,#254,.F.);
#378=ORIENTED_EDGE('',*,*,#255,.F.);
#379=ORIENTED_EDGE('',*,*,#274,.T.);
#380=ORIENTED_EDGE('',*,*,#275,.F.);
#381=ORIENTED_EDGE('',*,*,#276,.F.);
#382=ORIENTED_EDGE('',*,*,#264,.F.);
#383=ORIENTED_EDGE('',*,*,#265,.F.);
#384=ORIENTED_EDGE('',*,*,#276,.T.);
#385=ORIENTED_EDGE('',*,*,#277,.F.);
#386=ORIENTED_EDGE('',*,*,#266,.F.);
#387=ORIENTED_EDGE('',*,*,#262,.F.);
#388=ORIENTED_EDGE('',*,*,#277,.T.);
#389=ORIENTED_EDGE('',*,*,#275,.T.);
#390=ORIENTED_EDGE('',*,*,#273,.T.);
#391=ORIENTED_EDGE('',*,*,#271,.T.);
#392=ORIENTED_EDGE('',*,*,#269,.T.);
#393=ORIENTED_EDGE('',*,*,#267,.T.);
#394=ORIENTED_EDGE('',*,*,#236,.T.);
#395=ORIENTED_EDGE('',*,*,#224,.T.);
#396=ORIENTED_EDGE('',*,*,#239,.T.);
#397=ORIENTED_EDGE('',*,*,#228,.T.);
#398=CYLINDRICAL_SURFACE('',#443,4.8131);
#399=CYLINDRICAL_SURFACE('',#445,4.8131);
#400=CYLINDRICAL_SURFACE('',#447,5.64665);
#401=CYLINDRICAL_SURFACE('',#449,5.64665);
#402=CYLINDRICAL_SURFACE('',#451,5.64665);
#403=CYLINDRICAL_SURFACE('',#472,4.8131);
#404=ADVANCED_FACE('',(#37),#398,.F.);
#405=ADVANCED_FACE('',(#38),#399,.F.);
#406=ADVANCED_FACE('',(#39),#400,.F.);
#407=ADVANCED_FACE('',(#40),#401,.F.);
#408=ADVANCED_FACE('',(#41),#402,.F.);
#409=ADVANCED_FACE('',(#42),#35,.F.);
#410=ADVANCED_FACE('',(#43),#36,.F.);
#411=ADVANCED_FACE('',(#44),#33,.F.);
#412=ADVANCED_FACE('',(#45,#15),#18,.F.);
#413=ADVANCED_FACE('',(#46,#16),#19,.F.);
#414=ADVANCED_FACE('',(#47),#34,.T.);
#415=ADVANCED_FACE('',(#48),#20,.T.);
#416=ADVANCED_FACE('',(#49),#21,.T.);
#417=ADVANCED_FACE('',(#50),#22,.T.);
#418=ADVANCED_FACE('',(#51),#23,.T.);
#419=ADVANCED_FACE('',(#52),#24,.T.);
#420=ADVANCED_FACE('',(#53),#25,.T.);
#421=ADVANCED_FACE('',(#54),#403,.F.);
#422=ADVANCED_FACE('',(#55),#26,.T.);
#423=ADVANCED_FACE('',(#56),#27,.T.);
#424=ADVANCED_FACE('',(#57),#28,.T.);
#425=ADVANCED_FACE('',(#58),#29,.T.);
#426=ADVANCED_FACE('',(#59),#30,.T.);
#427=ADVANCED_FACE('',(#60),#31,.T.);
#428=ADVANCED_FACE('',(#61,#17),#32,.F.);
#429=CLOSED_SHELL('',(#404,#405,#406,#407,#408,#409,#410,#411,#412,#413,
#414,#415,#416,#417,#418,#419,#420,#421,#422,#423,#424,#425,#426,#427,#428));
#430=DERIVED_UNIT_ELEMENT(#432,1.);
#431=DERIVED_UNIT_ELEMENT(#1542,-3.);
#432=(
MASS_UNIT()
NAMED_UNIT(*)
SI_UNIT(.KILO.,.GRAM.)
);
#433=DERIVED_UNIT((#430,#431));
#434=MEASURE_REPRESENTATION_ITEM('density measure',
POSITIVE_RATIO_MEASURE(7850.),#433);
#435=PROPERTY_DEFINITION_REPRESENTATION(#440,#437);
#436=PROPERTY_DEFINITION_REPRESENTATION(#441,#438);
#437=REPRESENTATION('material name',(#439),#1539);
#438=REPRESENTATION('density',(#434),#1539);
#439=DESCRIPTIVE_REPRESENTATION_ITEM('Steel','Steel');
#440=PROPERTY_DEFINITION('material property','material name',#1549);
#441=PROPERTY_DEFINITION('material property','density of part',#1549);
#442=AXIS2_PLACEMENT_3D('',#586,#480,#481);
#443=AXIS2_PLACEMENT_3D('',#587,#482,#483);
#444=AXIS2_PLACEMENT_3D('',#618,#485,#486);
#445=AXIS2_PLACEMENT_3D('',#647,#487,#488);
#446=AXIS2_PLACEMENT_3D('',#660,#490,#491);
#447=AXIS2_PLACEMENT_3D('',#677,#492,#493);
#448=AXIS2_PLACEMENT_3D('',#708,#495,#496);
#449=AXIS2_PLACEMENT_3D('',#740,#497,#498);
#450=AXIS2_PLACEMENT_3D('',#756,#500,#501);
#451=AXIS2_PLACEMENT_3D('',#773,#502,#503);
#452=AXIS2_PLACEMENT_3D('',#1461,#504,#505);
#453=AXIS2_PLACEMENT_3D('',#1463,#506,#507);
#454=AXIS2_PLACEMENT_3D('',#1466,#509,#510);
#455=AXIS2_PLACEMENT_3D('',#1467,#511,#512);
#456=AXIS2_PLACEMENT_3D('',#1468,#513,#514);
#457=AXIS2_PLACEMENT_3D('',#1470,#515,#516);
#458=AXIS2_PLACEMENT_3D('',#1471,#517,#518);
#459=AXIS2_PLACEMENT_3D('',#1475,#520,#521);
#460=AXIS2_PLACEMENT_3D('',#1477,#522,#523);
#461=AXIS2_PLACEMENT_3D('',#1479,#524,#525);
#462=AXIS2_PLACEMENT_3D('',#1481,#526,#527);
#463=AXIS2_PLACEMENT_3D('',#1483,#528,#529);
#464=AXIS2_PLACEMENT_3D('',#1485,#530,#531);
#465=AXIS2_PLACEMENT_3D('',#1486,#532,#533);
#466=AXIS2_PLACEMENT_3D('',#1487,#534,#535);
#467=AXIS2_PLACEMENT_3D('',#1491,#538,#539);
#468=AXIS2_PLACEMENT_3D('',#1495,#542,#543);
#469=AXIS2_PLACEMENT_3D('',#1499,#546,#547);
#470=AXIS2_PLACEMENT_3D('',#1503,#550,#551);
#471=AXIS2_PLACEMENT_3D('',#1507,#554,#555);
#472=AXIS2_PLACEMENT_3D('',#1511,#558,#559);
#473=AXIS2_PLACEMENT_3D('',#1512,#560,#561);
#474=AXIS2_PLACEMENT_3D('',#1518,#565,#566);
#475=AXIS2_PLACEMENT_3D('',#1522,#569,#570);
#476=AXIS2_PLACEMENT_3D('',#1526,#573,#574);
#477=AXIS2_PLACEMENT_3D('',#1530,#577,#578);
#478=AXIS2_PLACEMENT_3D('',#1534,#581,#582);
#479=AXIS2_PLACEMENT_3D('',#1536,#584,#585);
#480=DIRECTION('axis',(0.,0.,1.));
#481=DIRECTION('refdir',(1.,0.,0.));
#482=DIRECTION('center_axis',(0.,0.,-1.));
#483=DIRECTION('ref_axis',(1.,0.,0.));
#484=DIRECTION('',(0.,0.,1.));
#485=DIRECTION('center_axis',(0.,0.,1.));
#486=DIRECTION('ref_axis',(1.,0.,0.));
#487=DIRECTION('center_axis',(0.,0.,-1.));
#488=DIRECTION('ref_axis',(1.,0.,0.));
#489=DIRECTION('',(0.,0.,1.));
#490=DIRECTION('center_axis',(0.,0.,1.));
#491=DIRECTION('ref_axis',(1.,0.,0.));
#492=DIRECTION('center_axis',(0.,0.,-1.));
#493=DIRECTION('ref_axis',(1.,-3.66619146068535E-16,0.));
#494=DIRECTION('',(1.22464679914735E-16,-5.98954942005153E-32,-1.));
#495=DIRECTION('center_axis',(0.,0.,-1.));
#496=DIRECTION('ref_axis',(1.,-3.66619146068535E-16,0.));
#497=DIRECTION('center_axis',(0.,0.,-1.));
#498=DIRECTION('ref_axis',(1.,-3.66619146068535E-16,0.));
#499=DIRECTION('',(1.22464679914735E-16,-5.98954942005153E-32,-1.));
#500=DIRECTION('center_axis',(0.,0.,-1.));
#501=DIRECTION('ref_axis',(1.,-3.66619146068535E-16,0.));
#502=DIRECTION('center_axis',(0.,0.,-1.));
#503=DIRECTION('ref_axis',(1.,-3.66619146068535E-16,0.));
#504=DIRECTION('center_axis',(0.,0.,-1.));
#505=DIRECTION('ref_axis',(1.,0.,0.));
#506=DIRECTION('center_axis',(0.,0.,1.));
#507=DIRECTION('ref_axis',(1.,0.,0.));
#508=DIRECTION('',(0.177152998315265,2.16949852346146E-17,0.984183323973695));
#509=DIRECTION('center_axis',(0.,0.,-1.));
#510=DIRECTION('ref_axis',(1.,0.,0.));
#511=DIRECTION('center_axis',(0.,0.,1.));
#512=DIRECTION('ref_axis',(1.,0.,0.));
#513=DIRECTION('center_axis',(0.,0.,-1.));
#514=DIRECTION('ref_axis',(-1.,0.,0.));
#515=DIRECTION('center_axis',(0.,0.,-1.));
#516=DIRECTION('ref_axis',(1.,0.,0.));
#517=DIRECTION('center_axis',(0.,0.,-1.));
#518=DIRECTION('ref_axis',(1.,0.,0.));
#519=DIRECTION('',(-0.371390676354104,-4.54822403030224E-17,-0.928476690885259));
#520=DIRECTION('center_axis',(0.,0.,-1.));
#521=DIRECTION('ref_axis',(1.,0.,0.));
#522=DIRECTION('center_axis',(0.,0.,-1.));
#523=DIRECTION('ref_axis',(1.,0.,0.));
#524=DIRECTION('center_axis',(0.,0.,-1.));
#525=DIRECTION('ref_axis',(1.,0.,0.));
#526=DIRECTION('center_axis',(0.,0.,-1.));
#527=DIRECTION('ref_axis',(1.,0.,0.));
#528=DIRECTION('center_axis',(0.,0.,-1.));
#529=DIRECTION('ref_axis',(1.,0.,0.));
#530=DIRECTION('center_axis',(0.,0.,-1.));
#531=DIRECTION('ref_axis',(1.,0.,0.));
#532=DIRECTION('center_axis',(0.,0.,-1.));
#533=DIRECTION('ref_axis',(1.,0.,0.));
#534=DIRECTION('center_axis',(0.,0.,1.));
#535=DIRECTION('ref_axis',(1.,0.,0.));
#536=DIRECTION('',(-0.996501806366359,-0.0835712265590502,0.));
#537=DIRECTION('',(-0.425876097957617,-0.904781492509873,0.));
#538=DIRECTION('center_axis',(0.,0.,1.));
#539=DIRECTION('ref_axis',(1.,0.,0.));
#540=DIRECTION('',(-0.570625708408742,0.821210265950823,0.));
#541=DIRECTION('',(-0.996501806366359,-0.0835712265590502,0.));
#542=DIRECTION('center_axis',(0.,0.,1.));
#543=DIRECTION('ref_axis',(1.,0.,0.));
#544=DIRECTION('',(0.425876097957617,0.904781492509874,0.));
#545=DIRECTION('',(-0.570625708408742,0.821210265950823,0.));
#546=DIRECTION('center_axis',(0.,0.,1.));
#547=DIRECTION('ref_axis',(1.,0.,0.));
#548=DIRECTION('',(0.996501806366359,0.0835712265590506,0.));
#549=DIRECTION('',(0.425876097957617,0.904781492509874,0.));
#550=DIRECTION('center_axis',(0.,0.,1.));
#551=DIRECTION('ref_axis',(1.,0.,0.));
#552=DIRECTION('',(0.570625708408742,-0.821210265950823,0.));
#553=DIRECTION('',(0.996501806366359,0.0835712265590506,0.));
#554=DIRECTION('center_axis',(0.,0.,1.));
#555=DIRECTION('ref_axis',(1.,0.,0.));
#556=DIRECTION('',(-0.425876097957617,-0.904781492509873,0.));
#557=DIRECTION('',(0.570625708408742,-0.821210265950823,0.));
#558=DIRECTION('center_axis',(0.,0.,-1.));
#559=DIRECTION('ref_axis',(1.,0.,0.));
#560=DIRECTION('center_axis',(0.0835712265590506,-0.996501806366359,0.));
#561=DIRECTION('ref_axis',(-0.996501806366359,-0.0835712265590506,0.));
#562=DIRECTION('',(0.,0.,-1.));
#563=DIRECTION('',(-0.996501806366359,-0.0835712265590506,0.));
#564=DIRECTION('',(0.,0.,-1.));
#565=DIRECTION('center_axis',(0.904781492509874,-0.425876097957617,0.));
#566=DIRECTION('ref_axis',(-0.425876097957617,-0.904781492509874,0.));
#567=DIRECTION('',(-0.425876097957617,-0.904781492509874,0.));
#568=DIRECTION('',(0.,0.,-1.));
#569=DIRECTION('center_axis',(0.821210265950823,0.570625708408742,0.));
#570=DIRECTION('ref_axis',(0.570625708408742,-0.821210265950823,0.));
#571=DIRECTION('',(0.570625708408742,-0.821210265950823,0.));
#572=DIRECTION('',(0.,0.,-1.));
#573=DIRECTION('center_axis',(-0.0835712265590502,0.996501806366359,0.));
#574=DIRECTION('ref_axis',(0.996501806366359,0.0835712265590502,0.));
#575=DIRECTION('',(0.996501806366359,0.0835712265590502,0.));
#576=DIRECTION('',(0.,0.,-1.));
#577=DIRECTION('center_axis',(-0.904781492509873,0.425876097957617,0.));
#578=DIRECTION('ref_axis',(0.425876097957617,0.904781492509873,0.));
#579=DIRECTION('',(0.425876097957617,0.904781492509873,0.));
#580=DIRECTION('',(0.,0.,-1.));
#581=DIRECTION('center_axis',(-0.821210265950823,-0.570625708408742,0.));
#582=DIRECTION('ref_axis',(-0.570625708408742,0.821210265950823,0.));
#583=DIRECTION('',(-0.570625708408742,0.821210265950823,0.));
#584=DIRECTION('center_axis',(0.,0.,1.));
#585=DIRECTION('ref_axis',(1.,0.,0.));
#586=CARTESIAN_POINT('',(0.,0.,0.));
#587=CARTESIAN_POINT('Origin',(0.,0.,0.));
#588=CARTESIAN_POINT('',(-4.81303777673377,0.00048705757649857,-1.30234835265613));
#589=CARTESIAN_POINT('',(-4.81375351306992,0.000461782270859198,-0.947651647295136));
#590=CARTESIAN_POINT('',(-4.8131,5.89434750897613E-16,0.));
#591=CARTESIAN_POINT('',(3.25562054167929,3.54497764430128,-1.41669083871439E-16));
#592=CARTESIAN_POINT('Ctrl Pts',(-4.81375351306992,0.000461782270859197,
-0.947651647295136));
#593=CARTESIAN_POINT('Ctrl Pts',(-4.81301268087199,-0.519493264265803,-0.921870738305288));
#594=CARTESIAN_POINT('Ctrl Pts',(-4.72845791697215,-1.03975617056547,-0.89608982931544));
#595=CARTESIAN_POINT('Ctrl Pts',(-4.56279738877085,-1.53244195752615,-0.870308920325592));
#596=CARTESIAN_POINT('Ctrl Pts',(-4.29649506498503,-2.32444335573752,-0.828865638405326));
#597=CARTESIAN_POINT('Ctrl Pts',(-3.82060612303878,-3.0451823075538,-0.78742235648506));
#598=CARTESIAN_POINT('Ctrl Pts',(-3.19617249432349,-3.59965297696534,-0.745979074564793));
#599=CARTESIAN_POINT('Ctrl Pts',(-2.57173886560821,-4.15412364637687,-0.704535792644527));
#600=CARTESIAN_POINT('Ctrl Pts',(-1.79876055012389,-4.54232603338365,-0.663092510724261));
#601=CARTESIAN_POINT('Ctrl Pts',(-0.980871377124947,-4.71258643820801,-0.621649228803995));
#602=CARTESIAN_POINT('Ctrl Pts',(-0.162982204125992,-4.88284684303236,-0.580205946883729));
#603=CARTESIAN_POINT('Ctrl Pts',(0.699817826387591,-4.83516526567429,-0.538762664963462));
#604=CARTESIAN_POINT('Ctrl Pts',(1.49377693110464,-4.57592416001335,-0.497319383043196));
#605=CARTESIAN_POINT('Ctrl Pts',(2.28773603582169,-4.3166830543524,-0.45587610112293));
#606=CARTESIAN_POINT('Ctrl Pts',(3.01285421474221,-3.84588242038859,-0.414432819202664));
#607=CARTESIAN_POINT('Ctrl Pts',(3.57267516078291,-3.2259703404023,-0.372989537282397));
#608=CARTESIAN_POINT('Ctrl Pts',(4.1324961068236,-2.60605826041601,-0.331546255362131));
#609=CARTESIAN_POINT('Ctrl Pts',(4.52701981998449,-1.83703473440723,-0.290102973441864));
#610=CARTESIAN_POINT('Ctrl Pts',(4.70411736271213,-1.02070869477651,-0.248659691521598));
#611=CARTESIAN_POINT('Ctrl Pts',(4.88121490543976,-0.204382655145788,-0.207216409601332));
#612=CARTESIAN_POINT('Ctrl Pts',(4.84088627773415,0.659245898106887,-0.165773127681066));
#613=CARTESIAN_POINT('Ctrl Pts',(4.58833724691419,1.4552943095189,-0.1243298457608));
#614=CARTESIAN_POINT('Ctrl Pts',(4.33578821609422,2.25134272093092,-0.0828865638405332));
#615=CARTESIAN_POINT('Ctrl Pts',(3.87101878215991,2.97981099050228,-0.0414432819202671));
#616=CARTESIAN_POINT('Ctrl Pts',(3.25562054167929,3.54497764430128,-5.58827030434648E-16));
#617=CARTESIAN_POINT('',(-3.2556205416793,3.54497764430127,-4.33680868994202E-17));
#618=CARTESIAN_POINT('Origin',(0.,0.,0.));
#619=CARTESIAN_POINT('Ctrl Pts',(-3.25640576072223,3.54635761433573,9.53126466640697E-13));
#620=CARTESIAN_POINT('Ctrl Pts',(-3.17688886264887,3.61951282211514,-0.00536123391265558));
#621=CARTESIAN_POINT('Ctrl Pts',(-3.09487929444209,3.68992725662021,-0.0107224678262643));
#622=CARTESIAN_POINT('Ctrl Pts',(-3.01051979964338,3.75739269105777,-0.016083701739873));
#623=CARTESIAN_POINT('Ctrl Pts',(-2.14103480621807,4.45275227041918,-0.0713414109668948));
#624=CARTESIAN_POINT('Ctrl Pts',(-1.02191190332147,4.8348330374062,-0.126599120193917));
#625=CARTESIAN_POINT('Ctrl Pts',(0.0904862721621161,4.8139461808554,-0.181856829420938));
#626=CARTESIAN_POINT('Ctrl Pts',(1.20288444764569,4.7930593243046,-0.23711453864796));
#627=CARTESIAN_POINT('Ctrl Pts',(2.30855789571625,4.36920484421598,-0.292372247874982));
#628=CARTESIAN_POINT('Ctrl Pts',(3.15034980615542,3.64097975596127,-0.347629957102003));
#629=CARTESIAN_POINT('Ctrl Pts',(3.9921417165946,2.91275466770656,-0.402887666329025));
#630=CARTESIAN_POINT('Ctrl Pts',(4.5700520894024,1.88015897128575,-0.458145375556047));
#631=CARTESIAN_POINT('Ctrl Pts',(4.75071767172653,0.782014833605824,-0.513403084783068));
#632=CARTESIAN_POINT('Ctrl Pts',(4.93138325405066,-0.316129304074096,-0.56866079401009));
#633=CARTESIAN_POINT('Ctrl Pts',(4.71480404589112,-1.47982188301313,-0.623918503237112));
#634=CARTESIAN_POINT('Ctrl Pts',(4.15100857894544,-2.43935941599019,-0.679176212464134));
#635=CARTESIAN_POINT('Ctrl Pts',(3.58721311199976,-3.39889694896724,-0.734433921691156));
#636=CARTESIAN_POINT('Ctrl Pts',(2.67620138626794,-4.15427943598233,-0.789691630918177));
#637=CARTESIAN_POINT('Ctrl Pts',(1.62890715978722,-4.53086595614459,-0.844949340145199));
#638=CARTESIAN_POINT('Ctrl Pts',(0.581612933306496,-4.90745247630686,-0.90020704937222));
#639=CARTESIAN_POINT('Ctrl Pts',(-0.601963793923132,-4.90524302961629,-0.955464758599242));
#640=CARTESIAN_POINT('Ctrl Pts',(-1.64764612305931,-4.52443720817727,-1.01072246782626));
#641=CARTESIAN_POINT('Ctrl Pts',(-2.69332845219549,-4.14363138673824,-1.06598017705329));
#642=CARTESIAN_POINT('Ctrl Pts',(-3.60111638323823,-3.38422919055074,-1.12123788628031));
#643=CARTESIAN_POINT('Ctrl Pts',(-4.16100896502483,-2.42237973439969,-1.17649559550733));
#644=CARTESIAN_POINT('Ctrl Pts',(-4.58607197801229,-1.69215640018922,-1.21844651455661));
#645=CARTESIAN_POINT('Ctrl Pts',(-4.81062047013064,-0.845249656960327,-1.26039743360589));
#646=CARTESIAN_POINT('Ctrl Pts',(-4.81303777673211,0.000487057576499887,
-1.30234835265517));
#647=CARTESIAN_POINT('Origin',(0.,0.,0.));
#648=CARTESIAN_POINT('',(-4.81256270626913,-7.03288443663864E-5,-2.80234835265623));
#649=CARTESIAN_POINT('',(-4.81283909172037,0.000671799105356714,-2.44765164747859));
#650=CARTESIAN_POINT('',(-4.8131,5.89434750897613E-16,0.));
#651=CARTESIAN_POINT('',(-3.2556205416793,3.54497764430127,-3.));
#652=CARTESIAN_POINT('Ctrl Pts',(-4.81256270626913,-7.0328844366387E-5,
-2.80234835265623));
#653=CARTESIAN_POINT('Ctrl Pts',(-4.81233410823494,0.492862669805807,-2.82678895318389));
#654=CARTESIAN_POINT('Ctrl Pts',(-4.73727517633791,0.985865069528344,-2.85122955371155));
#655=CARTESIAN_POINT('Ctrl Pts',(-4.5883656956708,1.4553354880529,-2.8756701542392));
#656=CARTESIAN_POINT('Ctrl Pts',(-4.33586381541201,2.25140409881066,-2.91711343615947));
#657=CARTESIAN_POINT('Ctrl Pts',(-3.87101878215992,2.97981099050227,-2.95855671807974));
#658=CARTESIAN_POINT('Ctrl Pts',(-3.2556205416793,3.54497764430127,-3.));
#659=CARTESIAN_POINT('',(3.25562054167928,3.54497764430129,-3.));
#660=CARTESIAN_POINT('Origin',(0.,0.,-3.));
#661=CARTESIAN_POINT('Ctrl Pts',(3.25645922663143,3.54644709495243,-3.00000000000095));
#662=CARTESIAN_POINT('Ctrl Pts',(3.17694362858754,3.61960347663631,-2.99463876608735));
#663=CARTESIAN_POINT('Ctrl Pts',(3.0949344566851,3.69001728881587,-2.98927753217374));
#664=CARTESIAN_POINT('Ctrl Pts',(3.01057420066866,3.75747982768823,-2.98391629826013));
#665=CARTESIAN_POINT('Ctrl Pts',(2.14108136144739,4.45280956274476,-2.9286585890331));
#666=CARTESIAN_POINT('Ctrl Pts',(1.02182764662061,4.83461899413998,-2.87340087980609));
#667=CARTESIAN_POINT('Ctrl Pts',(-0.090693622569727,4.81372818337866,-2.81814317057906));
#668=CARTESIAN_POINT('Ctrl Pts',(-1.20321489176006,4.79283737261733,-2.76288546135204));
#669=CARTESIAN_POINT('Ctrl Pts',(-2.30900371531395,4.36924631969948,-2.70762775212502));
#670=CARTESIAN_POINT('Ctrl Pts',(-3.15072466631167,3.64108858076478,-2.652370042898));
#671=CARTESIAN_POINT('Ctrl Pts',(-3.99244561730939,2.91293084183007,-2.59711233367097));
#672=CARTESIAN_POINT('Ctrl Pts',(-4.57009869575093,1.88020641687852,-2.54185462444395));
#673=CARTESIAN_POINT('Ctrl Pts',(-4.75067287734555,0.782014338864531,-2.48659691521693));
#674=CARTESIAN_POINT('Ctrl Pts',(-4.79309537336187,0.524014836148911,-2.47361515930447));
#675=CARTESIAN_POINT('Ctrl Pts',(-4.81360203895516,0.262402001185968,-2.46063340339201));
#676=CARTESIAN_POINT('Ctrl Pts',(-4.81283909171871,0.000671799105354998,
-2.44765164747955));
#677=CARTESIAN_POINT('Origin',(0.,0.,3.31251970071235));
#678=CARTESIAN_POINT('',(-5.64657905128564,0.000571370087478243,-1.78361332820215));
#679=CARTESIAN_POINT('',(-5.64634179030536,0.000788101935131593,-1.96638667161626));
#680=CARTESIAN_POINT('',(-5.64665,2.76168518598844E-15,3.31251970071235));
#681=CARTESIAN_POINT('',(2.10913048333258,-5.2379599871639,-3.));
#682=CARTESIAN_POINT('Ctrl Pts',(2.10913048330342,-5.23795998714153,-3.00000000000024));
#683=CARTESIAN_POINT('Ctrl Pts',(3.01842574077187,-4.8718208126236,-2.95855671807997));
#684=CARTESIAN_POINT('Ctrl Pts',(3.82963263536253,-4.26442729063262,-2.9171134361597));
#685=CARTESIAN_POINT('Ctrl Pts',(4.43607072025939,-3.49466491949352,-2.87567015423944));
#686=CARTESIAN_POINT('Ctrl Pts',(5.04250880515624,-2.72490254835443,-2.83422687231917));
#687=CARTESIAN_POINT('Ctrl Pts',(5.44417808035929,-1.79277132806725,-2.7927835903989));
#688=CARTESIAN_POINT('Ctrl Pts',(5.58699600214818,-0.823547554638826,-2.75134030847864));
#689=CARTESIAN_POINT('Ctrl Pts',(5.72981392393708,0.145676218789605,-2.70989702655837));
#690=CARTESIAN_POINT('Ctrl Pts',(5.61378049231181,1.15199254535926,-2.66845374463811));
#691=CARTESIAN_POINT('Ctrl Pts',(5.25569655355036,2.06454207181386,-2.62701046271784));
#692=CARTESIAN_POINT('Ctrl Pts',(4.89761261478891,2.97709159826846,-2.58556718079757));
#693=CARTESIAN_POINT('Ctrl Pts',(4.29747816889129,3.79587432460801,-2.54412389887731));
#694=CARTESIAN_POINT('Ctrl Pts',(3.53249719366888,4.40778028300478,-2.50268061695704));
#695=CARTESIAN_POINT('Ctrl Pts',(2.51252256003901,5.22365489420048,-2.44742290773002));
#696=CARTESIAN_POINT('Ctrl Pts',(1.19948742983174,5.67174858460904,-2.392165198503));
#697=CARTESIAN_POINT('Ctrl Pts',(-0.105707278908449,5.64739998830621,-2.33690748927598));
#698=CARTESIAN_POINT('Ctrl Pts',(-1.41090198764864,5.62305139200339,-2.28164978004895));
#699=CARTESIAN_POINT('Ctrl Pts',(-2.70825627492175,5.12626050898919,-2.22639207082193));
#700=CARTESIAN_POINT('Ctrl Pts',(-3.69585431219892,4.2721189709961,-2.17113436159491));
#701=CARTESIAN_POINT('Ctrl Pts',(-4.68345234947609,3.41797743300301,-2.11587665236789));
#702=CARTESIAN_POINT('Ctrl Pts',(-5.36129413675733,2.20648524003104,-2.06061894314087));
#703=CARTESIAN_POINT('Ctrl Pts',(-5.57329890145151,0.91813030648624,-2.00536123391384));
#704=CARTESIAN_POINT('Ctrl Pts',(-5.62314288415542,0.615227958434107,-1.99236971314806));
#705=CARTESIAN_POINT('Ctrl Pts',(-5.64723740059274,0.308076968797955,-1.97937819238228));
#706=CARTESIAN_POINT('Ctrl Pts',(-5.64634179030496,0.00078810193513127,
-1.96638667161649));
#707=CARTESIAN_POINT('',(-2.10913048333255,-5.23795998716391,-3.));
#708=CARTESIAN_POINT('Origin',(0.,0.,-3.));
#709=CARTESIAN_POINT('Ctrl Pts',(-2.10912856075991,-5.23834931113876,-2.9999999999995));
#710=CARTESIAN_POINT('Ctrl Pts',(-1.99159581052202,-5.28583110619453,-2.99463876608589));
#711=CARTESIAN_POINT('Ctrl Pts',(-1.87246243222087,-5.32931683736095,-2.98927753217228));
#712=CARTESIAN_POINT('Ctrl Pts',(-1.7519706818084,-5.36864754450177,-2.98391629825867));
#713=CARTESIAN_POINT('Ctrl Pts',(-0.82054824028161,-5.67268083430522,-2.9424730163384));
#714=CARTESIAN_POINT('Ctrl Pts',(0.192044571041465,-5.7284280809397,-2.90102973441814));
#715=CARTESIAN_POINT('Ctrl Pts',(1.1515406227611,-5.52855799551229,-2.85958645249787));
#716=CARTESIAN_POINT('Ctrl Pts',(2.11103667448074,-5.32868791008489,-2.8181431705776));
#717=CARTESIAN_POINT('Ctrl Pts',(3.01743596659694,-4.87320049259559,-2.77669988865734));
#718=CARTESIAN_POINT('Ctrl Pts',(3.74990875790688,-4.22262860239487,-2.73525660673707));
#719=CARTESIAN_POINT('Ctrl Pts',(4.48238154921682,-3.57205671219416,-2.6938133248168));
#720=CARTESIAN_POINT('Ctrl Pts',(5.04092783972049,-2.72640034928203,-2.65237004289654));
#721=CARTESIAN_POINT('Ctrl Pts',(5.35324359316297,-1.7971959535722,-2.61092676097627));
#722=CARTESIAN_POINT('Ctrl Pts',(5.66555934660546,-0.867991557862371,-2.56948347905601));
#723=CARTESIAN_POINT('Ctrl Pts',(5.73164456298674,0.144760870645158,-2.52804019713574));
#724=CARTESIAN_POINT('Ctrl Pts',(5.53908429723462,1.10527996412114,-2.48659691521547));
#725=CARTESIAN_POINT('Ctrl Pts',(5.28233727623179,2.38597208875578,-2.43133920598845));
#726=CARTESIAN_POINT('Ctrl Pts',(4.56577606476957,3.57380495111212,-2.37608149676143));
#727=CARTESIAN_POINT('Ctrl Pts',(3.55053312433644,4.39413527320239,-2.32082378753441));
#728=CARTESIAN_POINT('Ctrl Pts',(2.53529018390331,5.21446559529266,-2.26556607830738));
#729=CARTESIAN_POINT('Ctrl Pts',(1.22136551449927,5.66729337711687,-2.21030836908037));
#730=CARTESIAN_POINT('Ctrl Pts',(-0.0845032251407196,5.64783112076785,-2.15505065985334));
#731=CARTESIAN_POINT('Ctrl Pts',(-1.39037196478071,5.62836886441883,-2.09979295062632));
#732=CARTESIAN_POINT('Ctrl Pts',(-2.68818477465665,5.13661656989657,-2.0445352413993));
#733=CARTESIAN_POINT('Ctrl Pts',(-3.67876367598381,4.28620584081237,-1.98927753217228));
#734=CARTESIAN_POINT('Ctrl Pts',(-4.66934257731096,3.43579511172817,-1.93401982294525));
#735=CARTESIAN_POINT('Ctrl Pts',(-5.35268757008933,2.22672594808202,-1.87876211371823));
#736=CARTESIAN_POINT('Ctrl Pts',(-5.56992042195269,0.939239722878499,-1.82350440449121));
#737=CARTESIAN_POINT('Ctrl Pts',(-5.62219458959073,0.629423458024206,-1.81020737906136));
#738=CARTESIAN_POINT('Ctrl Pts',(-5.64747808754018,0.315066378158551,-1.7969103536315));
#739=CARTESIAN_POINT('Ctrl Pts',(-5.64657905128476,0.000571370087478726,
-1.78361332820164));
#740=CARTESIAN_POINT('Origin',(0.,0.,3.31251970071235));
#741=CARTESIAN_POINT('',(-5.64645065198086,-0.000196436629285129,-0.283613328547088));
#742=CARTESIAN_POINT('',(-5.64741563698928,0.000541623252302693,-0.466386671966242));
#743=CARTESIAN_POINT('',(-5.64665,2.76168518598844E-15,3.31251970071235));
#744=CARTESIAN_POINT('',(-2.10913048330356,-5.23795998714191,-7.80625564189563E-17));
#745=CARTESIAN_POINT('Ctrl Pts',(-5.64645065198086,-0.00019643662928513,
-0.283613328547089));
#746=CARTESIAN_POINT('Ctrl Pts',(-5.64683874479087,-0.27564571456959,-0.271962116205259));
#747=CARTESIAN_POINT('Ctrl Pts',(-5.62714158868755,-0.55107067355289,-0.26031090386343));
#748=CARTESIAN_POINT('Ctrl Pts',(-5.58698777453175,-0.823560370898529,-0.2486596915216));
#749=CARTESIAN_POINT('Ctrl Pts',(-5.44416093459351,-1.79280434449947,-0.207216409601333));
#750=CARTESIAN_POINT('Ctrl Pts',(-5.04251236724264,-2.72491080103775,-0.165773127681067));
#751=CARTESIAN_POINT('Ctrl Pts',(-4.43607856878728,-3.49466491806887,-0.124329845760801));
#752=CARTESIAN_POINT('Ctrl Pts',(-3.82964477033192,-4.26441903509998,-0.0828865638405351));
#753=CARTESIAN_POINT('Ctrl Pts',(-3.01842574077207,-4.87182081262396,-0.0414432819202687));
#754=CARTESIAN_POINT('Ctrl Pts',(-2.10913048330358,-5.23795998714191,-2.90879892143608E-15));
#755=CARTESIAN_POINT('',(2.10913048330357,-5.23795998714191,-1.06974614351903E-16));
#756=CARTESIAN_POINT('Origin',(0.,0.,0.));
#757=CARTESIAN_POINT('Ctrl Pts',(-5.64741563698928,0.000541623252302694,
-0.466386671966241));
#758=CARTESIAN_POINT('Ctrl Pts',(-5.64654720231157,-0.609230449409394,-0.440615527651902));
#759=CARTESIAN_POINT('Ctrl Pts',(-5.54742535462396,-1.21936309992133,-0.414844383337563));
#760=CARTESIAN_POINT('Ctrl Pts',(-5.35321965293074,-1.79717889687332,-0.389073239023224));
#761=CARTESIAN_POINT('Ctrl Pts',(-5.04091215320839,-2.72638028114174,-0.347629957102958));
#762=CARTESIAN_POINT('Ctrl Pts',(-4.48271081244206,-3.57200790480257,-0.306186675182691));
#763=CARTESIAN_POINT('Ctrl Pts',(-3.75021534592551,-4.22259369200748,-0.264743393262425));
#764=CARTESIAN_POINT('Ctrl Pts',(-3.01771987940897,-4.87317947921239,-0.223300111342158));
#765=CARTESIAN_POINT('Ctrl Pts',(-2.1109302871422,-5.32872342996138,-0.181856829421892));
#766=CARTESIAN_POINT('Ctrl Pts',(-1.1514206383961,-5.52858788814679,-0.140413547501626));
#767=CARTESIAN_POINT('Ctrl Pts',(-0.191910989649995,-5.72845234633219,-0.0989702655813598));
#768=CARTESIAN_POINT('Ctrl Pts',(0.820318715575435,-5.67263731195402,-0.0575269836610936));
#769=CARTESIAN_POINT('Ctrl Pts',(1.7518158324556,-5.36861419932542,-0.0160837017408275));
#770=CARTESIAN_POINT('Ctrl Pts',(1.87231724310777,-5.32928480873609,-0.0107224678272179));
#771=CARTESIAN_POINT('Ctrl Pts',(1.99146760784555,-5.28580169885062,-0.00536123391360831));
#772=CARTESIAN_POINT('Ctrl Pts',(2.10902192843091,-5.23832344462992,1.2490009027033E-15));
#773=CARTESIAN_POINT('Origin',(0.,0.,3.31251970071235));
#774=CARTESIAN_POINT('Ctrl Pts',(-5.64634179030536,0.000788101935131593,
-1.96638667161626));
#775=CARTESIAN_POINT('Ctrl Pts',(-5.64342804110743,-0.998935440290367,-1.92412048315502));
#776=CARTESIAN_POINT('Ctrl Pts',(-5.37600882956965,-2.00011833004094,-1.88185429469378));
#777=CARTESIAN_POINT('Ctrl Pts',(-4.8702319641995,-2.86120665979437,-1.83958810623254));
#778=CARTESIAN_POINT('Ctrl Pts',(-4.20899252014579,-3.98697101841247,-1.78433039700552));
#779=CARTESIAN_POINT('Ctrl Pts',(-3.14034588993125,-4.87328206153097,-1.7290726877785));
#780=CARTESIAN_POINT('Ctrl Pts',(-1.91169479569887,-5.31528310185575,-1.67381497855148));
#781=CARTESIAN_POINT('Ctrl Pts',(-0.683043701466517,-5.75728414218053,-1.61855726932446));
#782=CARTESIAN_POINT('Ctrl Pts',(0.705611856783665,-5.75497517971163,-1.56329956009744));
#783=CARTESIAN_POINT('Ctrl Pts',(1.93239083322105,-5.30832502424096,-1.50804185087042));
#784=CARTESIAN_POINT('Ctrl Pts',(3.15916980965844,-4.86167486877029,-1.45278414164339));
#785=CARTESIAN_POINT('Ctrl Pts',(4.22407220428303,-3.97068352029784,-1.39752643241637));
#786=CARTESIAN_POINT('Ctrl Pts',(4.88114462868119,-2.84222367613182,-1.34226872318935));
#787=CARTESIAN_POINT('Ctrl Pts',(5.53821705307936,-1.71376383196579,-1.28701101396233));
#788=CARTESIAN_POINT('Ctrl Pts',(5.7874595072511,-0.347835492106183,-1.23175330473531));
#789=CARTESIAN_POINT('Ctrl Pts',(5.57028487407582,0.939505937468238,-1.17649559550828));
#790=CARTESIAN_POINT('Ctrl Pts',(5.35311024090054,2.22684736704266,-1.12123788628126));
#791=CARTESIAN_POINT('Ctrl Pts',(4.66951852037826,3.43560188633188,-1.06598017705424));
#792=CARTESIAN_POINT('Ctrl Pts',(3.67877812426157,4.28610160709421,-1.01072246782722));
#793=CARTESIAN_POINT('Ctrl Pts',(2.68803772814489,5.13660132785653,-0.955464758600196));
#794=CARTESIAN_POINT('Ctrl Pts',(1.39014865643381,5.62884625009197,-0.900207049373175));
#795=CARTESIAN_POINT('Ctrl Pts',(0.0845813819654881,5.6482902999741,-0.844949340146154));
#796=CARTESIAN_POINT('Ctrl Pts',(-1.22098589250284,5.66773434985624,-0.789691630919132));
#797=CARTESIAN_POINT('Ctrl Pts',(-2.53423136972841,5.21437752738507,-0.73443392169211));
#798=CARTESIAN_POINT('Ctrl Pts',(-3.54958420093792,4.39390707745709,-0.679176212465088));
#799=CARTESIAN_POINT('Ctrl Pts',(-4.56493703214743,3.57343662752911,-0.623918503238067));
#800=CARTESIAN_POINT('Ctrl Pts',(-5.28239721734088,2.38585255014432,-0.568660794011045));
#801=CARTESIAN_POINT('Ctrl Pts',(-5.53927927104979,1.10524973993104,-0.513403084784024));
#802=CARTESIAN_POINT('Ctrl Pts',(-5.61213590862192,0.742046419689429,-0.497730947178096));
#803=CARTESIAN_POINT('Ctrl Pts',(-5.64794375586537,0.37136069571733,-0.482058809572169));
#804=CARTESIAN_POINT('Ctrl Pts',(-5.64741563698928,0.000541623252302693,
-0.466386671966242));
#805=CARTESIAN_POINT('Ctrl Pts',(-5.64657905128564,0.000571370087478243,
-1.78361332820215));
#806=CARTESIAN_POINT('Ctrl Pts',(-5.64374201256335,-0.991863040079864,-1.74165264440499));
#807=CARTESIAN_POINT('Ctrl Pts',(-5.38017690091454,-1.98567095194569,-1.69969196060782));
#808=CARTESIAN_POINT('Ctrl Pts',(-4.88127872404717,-2.84249518824492,-1.65773127681065));
#809=CARTESIAN_POINT('Ctrl Pts',(-4.22428346332907,-3.9708405874037,-1.60247356758363));
#810=CARTESIAN_POINT('Ctrl Pts',(-3.15917223094457,-4.86162809896017,-1.54721585835661));
#811=CARTESIAN_POINT('Ctrl Pts',(-1.93234005625328,-5.30823270334411,-1.49195814912959));
#812=CARTESIAN_POINT('Ctrl Pts',(-0.705507881561993,-5.75483730772806,-1.43670043990257));
#813=CARTESIAN_POINT('Ctrl Pts',(0.68304523543608,-5.75725900493949,-1.38144273067554));
#814=CARTESIAN_POINT('Ctrl Pts',(1.91165942636294,-5.31530310769448,-1.32618502144852));
#815=CARTESIAN_POINT('Ctrl Pts',(3.1402736172898,-4.87334721044948,-1.2709273122215));
#816=CARTESIAN_POINT('Ctrl Pts',(4.20894888214545,-3.98701371874803,-1.21566960299448));
#817=CARTESIAN_POINT('Ctrl Pts',(4.87024633808363,-2.86121886218965,-1.16041189376746));
#818=CARTESIAN_POINT('Ctrl Pts',(5.53154379402183,-1.73542400563126,-1.10515418454044));
#819=CARTESIAN_POINT('Ctrl Pts',(5.78546344104255,-0.370167784215937,-1.04989647531341));
#820=CARTESIAN_POINT('Ctrl Pts',(5.57335145341355,0.918130893357341,-0.994638766086392));
#821=CARTESIAN_POINT('Ctrl Pts',(5.36123946578456,2.20642957093061,-0.939381056859371));
#822=CARTESIAN_POINT('Ctrl Pts',(4.68309584350583,3.41777070466184,-0.884123347632348));
#823=CARTESIAN_POINT('Ctrl Pts',(3.69541454808031,4.27199124555689,-0.828865638405327));
#824=CARTESIAN_POINT('Ctrl Pts',(2.70773325265479,5.12621178645194,-0.773607929178305));
#825=CARTESIAN_POINT('Ctrl Pts',(1.41051428408247,5.62331173451082,-0.718350219951283));
#826=CARTESIAN_POINT('Ctrl Pts',(0.105463987428757,5.64765570951947,-0.663092510724261));
#827=CARTESIAN_POINT('Ctrl Pts',(-1.19958630922495,5.67199968452812,-0.60783480149724));
#828=CARTESIAN_POINT('Ctrl Pts',(-2.51246793396004,5.22358768648656,-0.552577092270218));
#829=CARTESIAN_POINT('Ctrl Pts',(-3.53243335873446,4.40767806357143,-0.497319383043197));
#830=CARTESIAN_POINT('Ctrl Pts',(-4.29740742731528,3.79574584638507,-0.45587610112293));
#831=CARTESIAN_POINT('Ctrl Pts',(-4.89761613341823,2.97709621520733,-0.414432819202664));
#832=CARTESIAN_POINT('Ctrl Pts',(-5.2557179302069,2.06458065428666,-0.372989537282398));
#833=CARTESIAN_POINT('Ctrl Pts',(-5.51314430070084,1.4086063727455,-0.343197467703961));
#834=CARTESIAN_POINT('Ctrl Pts',(-5.64545830134303,0.704125466788958,-0.313405398125524));
#835=CARTESIAN_POINT('Ctrl Pts',(-5.64645065198086,-0.000196436629285129,
-0.283613328547088));
#836=CARTESIAN_POINT('Ctrl Pts',(3.25562054163329,3.54497764425129,-3.92168068852339E-11));
#837=CARTESIAN_POINT('Ctrl Pts',(3.87101878210524,2.97981099046028,-0.0414432819594832));
#838=CARTESIAN_POINT('Ctrl Pts',(4.80055764996077,1.52287445133812,-0.124329845800016));
#839=CARTESIAN_POINT('Ctrl Pts',(4.92154353307593,-1.06801120838332,-0.248659691560814));
#840=CARTESIAN_POINT('Ctrl Pts',(3.73797239361001,-3.37508178637711,-0.372989537321614));
#841=CARTESIAN_POINT('Ctrl Pts',(1.56261785687919,-4.78748368824863,-0.497319383082412));
#842=CARTESIAN_POINT('Ctrl Pts',(-1.02578223462504,-4.93052842032087,-0.621649228843211));
#843=CARTESIAN_POINT('Ctrl Pts',(-3.34471718104528,-3.76592125931697,-0.74597907460401));
#844=CARTESIAN_POINT('Ctrl Pts',(-4.77238400686392,-1.60370440389866,-0.870308920364809));
#845=CARTESIAN_POINT('Ctrl Pts',(-4.96143635894586,1.27384174474891,-1.00845319343236));
#846=CARTESIAN_POINT('Ctrl Pts',(-3.28001604604339,4.05780351206428,-1.16041189380667));
#847=CARTESIAN_POINT('Ctrl Pts',(0.0780001223357256,5.21751448899244,-1.32618502148774));
#848=CARTESIAN_POINT('Ctrl Pts',(3.39704446095545,3.95918036332738,-1.4919581491688));
#849=CARTESIAN_POINT('Ctrl Pts',(5.14546654913091,0.868434916287004,-1.65773127684987));
#850=CARTESIAN_POINT('Ctrl Pts',(4.50854619372674,-2.62451941035806,-1.82350440453093));
#851=CARTESIAN_POINT('Ctrl Pts',(1.78571649292298,-4.90324717380352,-1.989277532212));
#852=CARTESIAN_POINT('Ctrl Pts',(-1.76527568117438,-4.90958726699513,-2.15505065989307));
#853=CARTESIAN_POINT('Ctrl Pts',(-4.49823762837361,-2.64349720126596,-2.32082378757413));
#854=CARTESIAN_POINT('Ctrl Pts',(-5.1477517741216,0.847481991915241,-2.4865969152552));
#855=CARTESIAN_POINT('Ctrl Pts',(-3.41479253882088,3.94565526672725,-2.65237004293626));
#856=CARTESIAN_POINT('Ctrl Pts',(-0.0974260682048858,5.21642842546336,-2.81814317061733));
#857=CARTESIAN_POINT('Ctrl Pts',(2.98052164752639,4.16645248914102,-2.97010187099163));
#858=CARTESIAN_POINT('Ctrl Pts',(4.68595210379575,1.84027758216679,-3.10824614405919));
#859=CARTESIAN_POINT('Ctrl Pts',(4.98298212257904,-0.732982249964554,-3.23257598981998));
#860=CARTESIAN_POINT('Ctrl Pts',(3.9561482427665,-3.11670249545845,-3.35690583558079));
#861=CARTESIAN_POINT('Ctrl Pts',(2.57335981468991,-4.1523341886725,-3.43979239942132));
#862=CARTESIAN_POINT('Ctrl Pts',(1.79833166115957,-4.46451955375012,-3.48123568134159));
#863=CARTESIAN_POINT('Ctrl Pts',(3.44374466975289,3.74945331789688,0.16041090745661));
#864=CARTESIAN_POINT('Ctrl Pts',(4.09463932841228,3.15162885300492,0.118967625536344));
#865=CARTESIAN_POINT('Ctrl Pts',(5.0777630706564,1.61053811430285,0.036081061695811));
#866=CARTESIAN_POINT('Ctrl Pts',(5.20559895829256,-1.12992040390669,-0.0882487840649875));
#867=CARTESIAN_POINT('Ctrl Pts',(3.95358307218799,-3.57011217382138,-0.212578629825787));
#868=CARTESIAN_POINT('Ctrl Pts',(1.65257651317597,-5.06393644143098,-0.336908475586585));
#869=CARTESIAN_POINT('Ctrl Pts',(-1.08525410838952,-5.21510471114754,-0.461238321347385));
#870=CARTESIAN_POINT('Ctrl Pts',(-3.53799612342994,-3.98314694351571,-0.585568167108183));
#871=CARTESIAN_POINT('Ctrl Pts',(-5.0479672201817,-1.69603568434035,-0.709898012868982));
#872=CARTESIAN_POINT('Ctrl Pts',(-5.24778404389101,1.34763519106377,-0.848042285936536));
#873=CARTESIAN_POINT('Ctrl Pts',(-3.46915444696805,4.29222231057371,-1.00000098631085));
#874=CARTESIAN_POINT('Ctrl Pts',(0.0827733166207611,5.51870702819029,-1.16577411399191));
#875=CARTESIAN_POINT('Ctrl Pts',(3.5933541744209,4.18755979326592,-1.33154724167298));
#876=CARTESIAN_POINT('Ctrl Pts',(5.44254895080234,0.918301240003209,-1.49732036935404));
#877=CARTESIAN_POINT('Ctrl Pts',(4.76867944404393,-2.77626128344732,-1.66309349703511));
#878=CARTESIAN_POINT('Ctrl Pts',(1.88854818283537,-5.18639428238516,-1.82886662471617));
#879=CARTESIAN_POINT('Ctrl Pts',(-1.8674359312676,-5.19291633980318,-1.99463975239724));
#880=CARTESIAN_POINT('Ctrl Pts',(-4.75804881128616,-2.7958678301139,-2.1604128800783));
#881=CARTESIAN_POINT('Ctrl Pts',(-5.44487717039839,0.896672209150847,-2.32618600775937));
#882=CARTESIAN_POINT('Ctrl Pts',(-3.61171712749708,4.17360695607511,-2.49195913544043));
#883=CARTESIAN_POINT('Ctrl Pts',(-0.102779926553758,5.51756735571635,-2.6577322631215));
#884=CARTESIAN_POINT('Ctrl Pts',(3.15279707919818,4.40681891391406,-2.80969096349581));
#885=CARTESIAN_POINT('Ctrl Pts',(4.95655803609472,1.94627023061811,-2.94783523656336));
#886=CARTESIAN_POINT('Ctrl Pts',(5.27060163101828,-0.775554082818429,-3.07216508232416));
#887=CARTESIAN_POINT('Ctrl Pts',(4.18436717098899,-3.29682848273939,-3.19649492808496));
#888=CARTESIAN_POINT('Ctrl Pts',(2.72169947099124,-4.39217341356195,-3.27938149192549));
#889=CARTESIAN_POINT('Ctrl Pts',(1.90191433424047,-4.72234045773386,-3.32082477384576));
#890=CARTESIAN_POINT('Ctrl Pts',(3.63185271971279,3.95394284850038,0.32082299081542));
#891=CARTESIAN_POINT('Ctrl Pts',(4.31824618975312,3.32346334873528,0.279379708895153));
#892=CARTESIAN_POINT('Ctrl Pts',(5.35496112027676,1.69822273135085,0.196493145054621));
#893=CARTESIAN_POINT('Ctrl Pts',(5.4896584021368,-1.19180776394854,0.072163299293822));
#894=CARTESIAN_POINT('Ctrl Pts',(4.1692081085764,-3.76512561532406,-0.052166546466977));
#895=CARTESIAN_POINT('Ctrl Pts',(1.74255605013653,-5.34038164334733,-0.176496392227776));
#896=CARTESIAN_POINT('Ctrl Pts',(-1.14470410624099,-5.49968483589755,-0.300826237988575));
#897=CARTESIAN_POINT('Ctrl Pts',(-3.73125800784001,-4.20038684745793,-0.425156083749373));
#898=CARTESIAN_POINT('Ctrl Pts',(-5.32354269779567,-1.78838777523866,-0.549485929510173));
#899=CARTESIAN_POINT('Ctrl Pts',(-5.53413665471234,1.42140659530836,-0.687630202577726));
#900=CARTESIAN_POINT('Ctrl Pts',(-3.65831027711571,4.52662608830464,-0.839588902952036));
#901=CARTESIAN_POINT('Ctrl Pts',(0.0875235075073223,5.81989918261905,-1.0053620306331));
#902=CARTESIAN_POINT('Ctrl Pts',(3.78964596322788,4.4159536469717,-1.17113515831417));
#903=CARTESIAN_POINT('Ctrl Pts',(5.73962681330542,0.968190118259301,-1.33690828599523));
#904=CARTESIAN_POINT('Ctrl Pts',(5.028823634202,-2.92798291869443,-1.5026814136763));
#905=CARTESIAN_POINT('Ctrl Pts',(1.99140123329777,-5.4695328396892,-1.66845454135736));
#906=CARTESIAN_POINT('Ctrl Pts',(-1.96957429740619,-5.47625251079146,-1.83422766903843));
#907=CARTESIAN_POINT('Ctrl Pts',(-5.01784771674,-2.94825791536767,-2.00000079671949));
#908=CARTESIAN_POINT('Ctrl Pts',(-5.74200558567896,0.945839619502603,-2.16577392440056));
#909=CARTESIAN_POINT('Ctrl Pts',(-3.80865863170414,4.40154304890286,-2.33154705208162));
#910=CARTESIAN_POINT('Ctrl Pts',(-0.108156763045996,5.81870513318576,-2.49732017976269));
#911=CARTESIAN_POINT('Ctrl Pts',(3.32505373381069,4.64719789074967,-2.649278880137));
#912=CARTESIAN_POINT('Ctrl Pts',(5.22715520491872,2.05228327961062,-2.78742315320455));
#913=CARTESIAN_POINT('Ctrl Pts',(5.55822367967973,-0.818103857535039,-2.91175299896535));
#914=CARTESIAN_POINT('Ctrl Pts',(4.41259927972101,-3.47693659021145,-3.03608284472615));
#915=CARTESIAN_POINT('Ctrl Pts',(2.87005708000515,-4.63200073578032,-3.11896940856668));
#916=CARTESIAN_POINT('Ctrl Pts',(2.00551643572121,-4.98015281421611,-3.16041269048695));
#917=CARTESIAN_POINT('Ctrl Pts',(3.81995094865448,4.15844093048991,0.481235681302373));
#918=CARTESIAN_POINT('Ctrl Pts',(4.54184470611724,3.49530809062468,0.439792399382107));
#919=CARTESIAN_POINT('Ctrl Pts',(5.63215471345111,1.78592022729356,0.356905835541575));
#920=CARTESIAN_POINT('Ctrl Pts',(5.77372037905483,-1.25368174061416,0.232575989780776));
#921=CARTESIAN_POINT('Ctrl Pts',(4.3848420064056,-3.96012870493878,0.108246144019977));
#922=CARTESIAN_POINT('Ctrl Pts',(1.83254842080087,-5.61682227757585,-0.0160837017408219));
#923=CARTESIAN_POINT('Ctrl Pts',(-1.20414069487543,-5.78426738071038,-0.140413547501621));
#924=CARTESIAN_POINT('Ctrl Pts',(-3.92450947167575,-4.41763552846339,-0.26474339326242));
#925=CARTESIAN_POINT('Ctrl Pts',(-5.59911349397472,-1.88075265748092,-0.389073239023219));
#926=CARTESIAN_POINT('Ctrl Pts',(-5.82049235623599,1.49516449210573,-0.527217512090772));
#927=CARTESIAN_POINT('Ctrl Pts',(-3.84747684695397,4.76102070491391,-0.679176212465083));
#928=CARTESIAN_POINT('Ctrl Pts',(0.0922595847227224,6.12109117232742,-0.844949340146147));
#929=CARTESIAN_POINT('Ctrl Pts',(3.98592679985598,4.64435640562111,-1.01072246782721));
#930=CARTESIAN_POINT('Ctrl Pts',(6.03670196142284,1.01809284775343,-1.17649559550828));
#931=CARTESIAN_POINT('Ctrl Pts',(5.28897459890763,-3.07969217182541,-1.34226872318934));
#932=CARTESIAN_POINT('Ctrl Pts',(2.09426741503386,-5.75266621724274,-1.50804185087041));
#933=CARTESIAN_POINT('Ctrl Pts',(-2.07169925971674,-5.75959310464945,-1.67381497855147));
#934=CARTESIAN_POINT('Ctrl Pts',(-5.27763915036033,-3.10065997529399,-1.83958810623254));
#935=CARTESIAN_POINT('Ctrl Pts',(-6.03913592403901,0.994993047059139,-2.0053612339136));
#936=CARTESIAN_POINT('Ctrl Pts',(-4.00561056219515,4.62946962597532,-2.17113436159467));
#937=CARTESIAN_POINT('Ctrl Pts',(-0.113547700375557,6.11984227501805,-2.33690748927574));
#938=CARTESIAN_POINT('Ctrl Pts',(3.49729890769472,4.88758462639443,-2.48886618965004));
#939=CARTESIAN_POINT('Ctrl Pts',(5.49774706068694,2.15830887192908,-2.6270104627176));
#940=CARTESIAN_POINT('Ctrl Pts',(5.84584735556278,-0.8606401077801,-2.7513403084784));
#941=CARTESIAN_POINT('Ctrl Pts',(4.64083952995352,-3.65703376864192,-2.87567015423919));
#942=CARTESIAN_POINT('Ctrl Pts',(3.01842574077209,-4.87182081262396,-2.95855671807973));
#943=CARTESIAN_POINT('Ctrl Pts',(2.10913048330357,-5.23795998714192,-2.99999999999999));
#944=CARTESIAN_POINT('Ctrl Pts',(3.25645922659662,3.54644709489437,-3.0000000000399));
#945=CARTESIAN_POINT('Ctrl Pts',(3.36865260507733,3.45973133015627,-3.00000000000117));
#946=CARTESIAN_POINT('Ctrl Pts',(3.47679165164498,3.36805369010337,-3.00000000003385));
#947=CARTESIAN_POINT('Ctrl Pts',(3.58067716053311,3.27182539824182,-3.00000000014092));
#948=CARTESIAN_POINT('Ctrl Pts',(3.6857870778604,3.17446294692048,-3.00000000024925));
#949=CARTESIAN_POINT('Ctrl Pts',(3.78654317788338,3.07244149910737,-3.00000000043368));
#950=CARTESIAN_POINT('Ctrl Pts',(3.88271661566185,2.96613785631491,-3.00000000067556));
#951=CARTESIAN_POINT('Ctrl Pts',(3.97935314793202,2.85932234005134,-3.00000000091861));
#952=CARTESIAN_POINT('Ctrl Pts',(4.07136337031199,2.74818276259802,-3.00000000121958));
#953=CARTESIAN_POINT('Ctrl Pts',(4.15848372651679,2.63305950242566,-3.00000000153873));
#954=CARTESIAN_POINT('Ctrl Pts',(4.22076731771517,2.55075623386298,-3.00000000176689));
#955=CARTESIAN_POINT('Ctrl Pts',(4.28055105586953,2.46641599810704,-3.00000000200391));
#956=CARTESIAN_POINT('Ctrl Pts',(4.33772629226285,2.38015245180566,-3.00000000222908));
#957=CARTESIAN_POINT('Ctrl Pts',(4.41917186798938,2.25727085767641,-3.00000000254984));
#958=CARTESIAN_POINT('Ctrl Pts',(4.49496634653976,2.13102957287715,-3.00000000284705));
#959=CARTESIAN_POINT('Ctrl Pts',(4.56489415193101,2.00184321231877,-3.00000000314527));
#960=CARTESIAN_POINT('Ctrl Pts',(4.59581998996786,1.94471005275736,-3.00000000327715));
#961=CARTESIAN_POINT('Ctrl Pts',(4.62559802350964,1.88700027153449,-3.00000000340896));
#962=CARTESIAN_POINT('Ctrl Pts',(4.65420774360755,1.82874708957725,-3.00000000354154));
#963=CARTESIAN_POINT('Ctrl Pts',(4.71860273210808,1.69763035829086,-3.00000000383995));
#964=CARTESIAN_POINT('Ctrl Pts',(4.77708177868553,1.56376288922268,-3.00000000414351));
#965=CARTESIAN_POINT('Ctrl Pts',(4.82963543258491,1.42757184620354,-3.00000000444822));
#966=CARTESIAN_POINT('Ctrl Pts',(4.88277513533195,1.28986207712252,-3.00000000475633));
#967=CARTESIAN_POINT('Ctrl Pts',(4.92985687145026,1.1497759698056,-3.00000000506557));
#968=CARTESIAN_POINT('Ctrl Pts',(4.97082594586398,1.00772624214401,-3.00000000535324));
#969=CARTESIAN_POINT('Ctrl Pts',(5.01082471187214,0.869040809300656,-3.0000000056341));
#970=CARTESIAN_POINT('Ctrl Pts',(5.04499698126779,0.728482925991196,-3.00000000589426));
#971=CARTESIAN_POINT('Ctrl Pts',(5.07324697537444,0.586419841205864,-3.00000000609654));
#972=CARTESIAN_POINT('Ctrl Pts',(5.10260199631715,0.438799816461164,-3.00000000630674));
#973=CARTESIAN_POINT('Ctrl Pts',(5.12543399306414,0.290198781663934,-3.00000000645788));
#974=CARTESIAN_POINT('Ctrl Pts',(5.14175115684007,0.141069128734946,-3.00000000657874));
#975=CARTESIAN_POINT('Ctrl Pts',(5.15823270732467,-0.00956292578455273,
-3.00000000670082));
#976=CARTESIAN_POINT('Ctrl Pts',(5.16806778938274,-0.160735009730853,-3.00000000679194));
#977=CARTESIAN_POINT('Ctrl Pts',(5.17121845428638,-0.312007034200663,-3.0000000068636));
#978=CARTESIAN_POINT('Ctrl Pts',(5.17433255898161,-0.461523703242082,-3.00000000693443));
#979=CARTESIAN_POINT('Ctrl Pts',(5.17091660430014,-0.611138770728537,-3.00000000698614));
#980=CARTESIAN_POINT('Ctrl Pts',(5.16088598785362,-0.760441563902257,-3.00000000701358));
#981=CARTESIAN_POINT('Ctrl Pts',(5.15078394127456,-0.910807573714883,-3.00000000704123));
#982=CARTESIAN_POINT('Ctrl Pts',(5.13397288009106,-1.06085758806284,-3.00000000704421));
#983=CARTESIAN_POINT('Ctrl Pts',(5.11061389807256,-1.21019897088771,-3.00000000700192));
#984=CARTESIAN_POINT('Ctrl Pts',(5.09999008849725,-1.27812035597158,-3.00000000698268));
#985=CARTESIAN_POINT('Ctrl Pts',(5.08801113172581,-1.34589513844396,-3.00000000695388));
#986=CARTESIAN_POINT('Ctrl Pts',(5.07468864846866,-1.41348596645358,-3.00000000691258));
#987=CARTESIAN_POINT('Ctrl Pts',(5.04537686591314,-1.56219755536102,-3.00000000682171));
#988=CARTESIAN_POINT('Ctrl Pts',(5.00968933719135,-1.7093857233577,-3.00000000667508));
#989=CARTESIAN_POINT('Ctrl Pts',(4.96788172587243,-1.85466110555464,-3.00000000650234));
#990=CARTESIAN_POINT('Ctrl Pts',(4.9251425634097,-2.00317349278924,-3.00000000632575));
#991=CARTESIAN_POINT('Ctrl Pts',(4.87600754862124,-2.14968760747431,-3.00000000612185));
#992=CARTESIAN_POINT('Ctrl Pts',(4.82069583959034,-2.29379364311192,-3.00000000590688));
#993=CARTESIAN_POINT('Ctrl Pts',(4.76516229209417,-2.4384776442896,-3.00000000569104));
#994=CARTESIAN_POINT('Ctrl Pts',(4.70340224400123,-2.58073498389011,-3.00000000546397));
#995=CARTESIAN_POINT('Ctrl Pts',(4.6355851341331,-2.72014582527326,-3.00000000522752));
#996=CARTESIAN_POINT('Ctrl Pts',(4.5683556712762,-2.8583486475528,-3.00000000499311));
#997=CARTESIAN_POINT('Ctrl Pts',(4.49517340705192,-2.99375483218896,-3.00000000474939));
#998=CARTESIAN_POINT('Ctrl Pts',(4.4161553326203,-3.12593909559259,-3.00000000448506));
#999=CARTESIAN_POINT('Ctrl Pts',(4.37632916148443,-3.19256174026784,-3.00000000435184));
#1000=CARTESIAN_POINT('Ctrl Pts',(4.33501978348329,-3.25836559502647,-3.00000000421318));
#1001=CARTESIAN_POINT('Ctrl Pts',(4.29223779212363,-3.32329370418563,-3.00000000406647));
#1002=CARTESIAN_POINT('Ctrl Pts',(4.2838703780529,-3.33599251405629,-3.00000000403777));
#1003=CARTESIAN_POINT('Ctrl Pts',(4.27545008561228,-3.34865256447663,-3.00000000400881));
#1004=CARTESIAN_POINT('Ctrl Pts',(4.26697713017445,-3.36127349074543,-3.00000000397961));
#1005=CARTESIAN_POINT('Ctrl Pts',(4.18139006358364,-3.48876006434195,-3.00000000368462));
#1006=CARTESIAN_POINT('Ctrl Pts',(4.09043381585109,-3.61225565260654,-3.00000000336645));
#1007=CARTESIAN_POINT('Ctrl Pts',(3.99451876804435,-3.73156963336241,-3.00000000305363));
#1008=CARTESIAN_POINT('Ctrl Pts',(3.89618388542637,-3.85389377916228,-3.00000000273291));
#1009=CARTESIAN_POINT('Ctrl Pts',(3.79263656260757,-3.97182322172352,-3.00000000241778));
#1010=CARTESIAN_POINT('Ctrl Pts',(3.68426726418185,-4.08513469554579,-3.00000000212615));
#1011=CARTESIAN_POINT('Ctrl Pts',(3.57504521023154,-4.19933781475753,-3.00000000183222));
#1012=CARTESIAN_POINT('Ctrl Pts',(3.46092453916065,-4.30885056577344,-3.00000000156209));
#1013=CARTESIAN_POINT('Ctrl Pts',(3.34225884003812,-4.41341796959904,-3.00000000132184));
#1014=CARTESIAN_POINT('Ctrl Pts',(3.223694531685,-4.51789602857093,-3.0000000010818));
#1015=CARTESIAN_POINT('Ctrl Pts',(3.10059243182471,-4.61743773315297,-3.00000000087151));
#1016=CARTESIAN_POINT('Ctrl Pts',(2.97326679688532,-4.71175422478683,-3.00000000068583));
#1017=CARTESIAN_POINT('Ctrl Pts',(2.91619353296941,-4.75403125738286,-3.00000000060259));
#1018=CARTESIAN_POINT('Ctrl Pts',(2.85827118933523,-4.79525790271968,-3.00000000052416));
#1019=CARTESIAN_POINT('Ctrl Pts',(2.79952599130872,-4.83540543812579,-3.00000000044938));
#1020=CARTESIAN_POINT('Ctrl Pts',(2.66581530846564,-4.92678574756309,-3.00000000027918));
#1021=CARTESIAN_POINT('Ctrl Pts',(2.52833607830632,-5.01224152072692,-3.0000000001503));
#1022=CARTESIAN_POINT('Ctrl Pts',(2.38747612501644,-5.09152252453936,-3.00000000007989));
#1023=CARTESIAN_POINT('Ctrl Pts',(2.29608584876718,-5.14296023036357,-3.0000000000342));
#1024=CARTESIAN_POINT('Ctrl Pts',(2.20327155973337,-5.19179812032075,-3.00000000001288));
#1025=CARTESIAN_POINT('Ctrl Pts',(2.10913048330182,-5.23795998710796,-3.00000000001809));
#1026=CARTESIAN_POINT('Ctrl Pts',(3.2556205416434,3.54497764424202,-3.98962148901852E-11));
#1027=CARTESIAN_POINT('Ctrl Pts',(3.36788378088611,3.45835610164466,-1.1912301480397E-12));
#1028=CARTESIAN_POINT('Ctrl Pts',(3.47605034963786,3.36679399711252,-3.38190440905637E-11));
#1029=CARTESIAN_POINT('Ctrl Pts',(3.57994179986433,3.2706987122219,-1.40772851708881E-10));
#1030=CARTESIAN_POINT('Ctrl Pts',(3.68506828263124,3.17346107342666,-2.48998096316903E-10));
#1031=CARTESIAN_POINT('Ctrl Pts',(3.78581795050939,3.07158139741022,-4.33272616274078E-10));
#1032=CARTESIAN_POINT('Ctrl Pts',(3.88198282424725,2.96543287840024,-6.74976338710387E-10));
#1033=CARTESIAN_POINT('Ctrl Pts',(3.97871736246555,2.85865555348038,-9.18111873201429E-10));
#1034=CARTESIAN_POINT('Ctrl Pts',(4.07081319703975,2.74755814311922,-1.21928862217189E-9));
#1035=CARTESIAN_POINT('Ctrl Pts',(4.15802695440072,2.63247863085202,-1.53867214802705E-9));
#1036=CARTESIAN_POINT('Ctrl Pts',(4.22033573578905,2.55026150835774,-1.76685172535197E-9));
#1037=CARTESIAN_POINT('Ctrl Pts',(4.28015196448942,2.46601094060026,-2.00388711792201E-9));
#1038=CARTESIAN_POINT('Ctrl Pts',(4.33737459244259,2.37983947143484,-2.22907878266732E-9));
#1039=CARTESIAN_POINT('Ctrl Pts',(4.41865078943182,2.25744576892136,-2.54892985033131E-9));
#1040=CARTESIAN_POINT('Ctrl Pts',(4.49433846669357,2.13171617174069,-2.84535926008134E-9));
#1041=CARTESIAN_POINT('Ctrl Pts',(4.56424485935114,2.00305850393561,-3.14273602974868E-9));
#1042=CARTESIAN_POINT('Ctrl Pts',(4.6348538191082,1.87310781211568,-3.44310146935851E-9));
#1043=CARTESIAN_POINT('Ctrl Pts',(4.6995652907494,1.74016936946274,-3.74436827745059E-9));
#1044=CARTESIAN_POINT('Ctrl Pts',(4.7581484609151,1.60462166524176,-4.05099905009809E-9));
#1045=CARTESIAN_POINT('Ctrl Pts',(4.77025881298436,1.57660115328153,-4.11438596824416E-9));
#1046=CARTESIAN_POINT('Ctrl Pts',(4.78210715548999,1.54846901344331,-4.17793376208539E-9));
#1047=CARTESIAN_POINT('Ctrl Pts',(4.79369124409633,1.52022840247545,-4.24157826917071E-9));
#1048=CARTESIAN_POINT('Ctrl Pts',(4.84917483105172,1.38496610886248,-4.54641239666258E-9));
#1049=CARTESIAN_POINT('Ctrl Pts',(4.89859989381227,1.24721754157768,-4.85486915646055E-9));
#1050=CARTESIAN_POINT('Ctrl Pts',(4.94196743986308,1.10740566100022,-5.14890421965397E-9));
#1051=CARTESIAN_POINT('Ctrl Pts',(4.98569095049503,0.966446192375004,-5.44535274816056E-9));
#1052=CARTESIAN_POINT('Ctrl Pts',(5.0232573456041,0.823388691870485,-5.72708649501103E-9));
#1053=CARTESIAN_POINT('Ctrl Pts',(5.05461944093599,0.678645668854808,-5.95804414138534E-9));
#1054=CARTESIAN_POINT('Ctrl Pts',(5.06122168873443,0.648174831529291,-6.00666460491535E-9));
#1055=CARTESIAN_POINT('Ctrl Pts',(5.06754880192214,0.617629244913696,-6.05297526900439E-9));
#1056=CARTESIAN_POINT('Ctrl Pts',(5.07360005452351,0.587012687169366,-6.09654435268503E-9));
#1057=CARTESIAN_POINT('Ctrl Pts',(5.1027031349963,0.43976447220771,-6.30608688606176E-9));
#1058=CARTESIAN_POINT('Ctrl Pts',(5.12530256876108,0.291516249112261,-6.45693216869111E-9));
#1059=CARTESIAN_POINT('Ctrl Pts',(5.14145233259166,0.142733143871071,-6.57761309308391E-9));
#1060=CARTESIAN_POINT('Ctrl Pts',(5.15776315050523,-0.00753370607568057,
-6.69949751220375E-9));
#1061=CARTESIAN_POINT('Ctrl Pts',(5.16749524721148,-0.158346876063937,-6.79055195019653E-9));
#1062=CARTESIAN_POINT('Ctrl Pts',(5.17065734760854,-0.309253535140824,-6.86224524426571E-9));
#1063=CARTESIAN_POINT('Ctrl Pts',(5.17382216034083,-0.460289636485411,-6.93400003424647E-9));
#1064=CARTESIAN_POINT('Ctrl Pts',(5.17040587253222,-0.611420164179407,-6.98627896394808E-9));
#1065=CARTESIAN_POINT('Ctrl Pts',(5.16036758864804,-0.762206077319354,-7.01382810164297E-9));
#1066=CARTESIAN_POINT('Ctrl Pts',(5.1525778902786,-0.879215796836536,-7.03520620525686E-9));
#1067=CARTESIAN_POINT('Ctrl Pts',(5.14079963039291,-0.996018411880449,-7.04134798652573E-9));
#1068=CARTESIAN_POINT('Ctrl Pts',(5.12499210211592,-1.1124104124737,-7.02331340307616E-9));
#1069=CARTESIAN_POINT('Ctrl Pts',(5.111291028953,-1.21329242816669,-7.00768204703674E-9));
#1070=CARTESIAN_POINT('Ctrl Pts',(5.09456266208792,-1.31386606627265,-6.9737925361575E-9));
#1071=CARTESIAN_POINT('Ctrl Pts',(5.07485544724485,-1.41401736318625,-6.91257912022181E-9));
#1072=CARTESIAN_POINT('Ctrl Pts',(5.04574312363676,-1.56196505588337,-6.82215213796069E-9));
#1073=CARTESIAN_POINT('Ctrl Pts',(5.01025571146809,-1.70836436449359,-6.67649169272009E-9));
#1074=CARTESIAN_POINT('Ctrl Pts',(4.96867477578395,-1.85285569079189,-6.5048557651437E-9));
#1075=CARTESIAN_POINT('Ctrl Pts',(4.92608308015655,-2.00085934894057,-6.32904766785623E-9));
#1076=CARTESIAN_POINT('Ctrl Pts',(4.87709800213942,-2.14686179967799,-6.12596428270915E-9));
#1077=CARTESIAN_POINT('Ctrl Pts',(4.82196776701287,-2.29048192316798,-5.91179799558361E-9));
#1078=CARTESIAN_POINT('Ctrl Pts',(4.76649166009503,-2.43500307944445,-5.69628808862424E-9));
#1079=CARTESIAN_POINT('Ctrl Pts',(4.70479286835354,-2.57711265908673,-5.46949319218332E-9));
#1080=CARTESIAN_POINT('Ctrl Pts',(4.63707161825601,-2.71641700926388,-5.23336246560646E-9));
#1081=CARTESIAN_POINT('Ctrl Pts',(4.56965167054536,-2.85510157269535,-4.99828232140117E-9));
#1082=CARTESIAN_POINT('Ctrl Pts',(4.4962624706234,-2.99100654352685,-4.75386759700757E-9));
#1083=CARTESIAN_POINT('Ctrl Pts',(4.41705298477298,-3.12372727684514,-4.48878723080526E-9));
#1084=CARTESIAN_POINT('Ctrl Pts',(4.37690320222532,-3.19100089344654,-4.35442303254782E-9));
#1085=CARTESIAN_POINT('Ctrl Pts',(4.33525727308159,-3.25745606287104,-4.21454566740221E-9));
#1086=CARTESIAN_POINT('Ctrl Pts',(4.29213012242754,-3.32303756083548,-4.06646782913356E-9));
#1087=CARTESIAN_POINT('Ctrl Pts',(4.21628105489312,-3.43837779065996,-3.80603870616152E-9));
#1088=CARTESIAN_POINT('Ctrl Pts',(4.13613692662032,-3.55058234507914,-3.52390883188752E-9));
#1089=CARTESIAN_POINT('Ctrl Pts',(4.05186597299496,-3.65939400263625,-3.24211041347056E-9));
#1090=CARTESIAN_POINT('Ctrl Pts',(3.95641016180658,-3.78264768130046,-2.92291031760764E-9));
#1091=CARTESIAN_POINT('Ctrl Pts',(3.85566039786864,-3.90154918460185,-2.60431019564244E-9));
#1092=CARTESIAN_POINT('Ctrl Pts',(3.75003611251444,-4.01590832010824,-2.30626412411894E-9));
#1093=CARTESIAN_POINT('Ctrl Pts',(3.64323500517965,-4.1315415976729,-2.00489734687873E-9));
#1094=CARTESIAN_POINT('Ctrl Pts',(3.53144970265335,-4.24253125559744,-1.72449691198759E-9));
#1095=CARTESIAN_POINT('Ctrl Pts',(3.41506610842359,-4.34865563001281,-1.47344558776297E-9));
#1096=CARTESIAN_POINT('Ctrl Pts',(3.29810538272446,-4.45530626172886,-1.22114933189143E-9));
#1097=CARTESIAN_POINT('Ctrl Pts',(3.17650012446675,-4.55704378039332,-9.98436138816609E-10));
#1098=CARTESIAN_POINT('Ctrl Pts',(3.05060151512613,-4.65360998268993,-8.02343136374617E-10));
#1099=CARTESIAN_POINT('Ctrl Pts',(2.96866346492242,-4.71645774862795,-6.74720771339462E-10));
#1100=CARTESIAN_POINT('Ctrl Pts',(2.88490605516759,-4.77711438537946,-5.5814223285854E-10));
#1101=CARTESIAN_POINT('Ctrl Pts',(2.79941857885714,-4.83549952426196,-4.49380477274275E-10));
#1102=CARTESIAN_POINT('Ctrl Pts',(2.66582059626394,-4.92674255897035,-2.79410035456573E-10));
#1103=CARTESIAN_POINT('Ctrl Pts',(2.52849009912063,-5.01210410779412,-1.50649682246638E-10));
#1104=CARTESIAN_POINT('Ctrl Pts',(2.38784234412797,-5.09136017221377,-8.01756439017254E-11));
#1105=CARTESIAN_POINT('Ctrl Pts',(2.29627392921622,-5.14295966053428,-3.42936745520539E-11));
#1106=CARTESIAN_POINT('Ctrl Pts',(2.20329852420027,-5.19197067078657,-1.28738115064081E-11));
#1107=CARTESIAN_POINT('Ctrl Pts',(2.10902192841442,-5.2383234446032,-1.8093748721526E-11));
#1108=CARTESIAN_POINT('Ctrl Pts',(-4.81283909172037,0.000671799105356714,
-2.44765164747859));
#1109=CARTESIAN_POINT('Ctrl Pts',(-4.81035450319729,-0.851670047312609,
-2.40537569416403));
#1110=CARTESIAN_POINT('Ctrl Pts',(-4.58230085684165,-1.70525659857616,-2.36309974084947));
#1111=CARTESIAN_POINT('Ctrl Pts',(-4.15099632819034,-2.43934901339167,-2.32082378753491));
#1112=CARTESIAN_POINT('Ctrl Pts',(-3.58725031269119,-3.39886055655694,-2.26556607830789));
#1113=CARTESIAN_POINT('Ctrl Pts',(-2.67626299694527,-4.15422391181067,-2.21030836908087));
#1114=CARTESIAN_POINT('Ctrl Pts',(-1.62893731004773,-4.53084890723892,-2.15505065985385));
#1115=CARTESIAN_POINT('Ctrl Pts',(-0.581611623150193,-4.90747390266718,
-2.09979295062683));
#1116=CARTESIAN_POINT('Ctrl Pts',(0.602052434898961,-4.90536053826996,-2.0445352413998));
#1117=CARTESIAN_POINT('Ctrl Pts',(1.64768941406391,-4.52451589549175,-1.98927753217278));
#1118=CARTESIAN_POINT('Ctrl Pts',(2.69332639322886,-4.14367125271354,-1.93401982294576));
#1119=CARTESIAN_POINT('Ctrl Pts',(3.6009362935096,-3.38409533155435,-1.87876211371874));
#1120=CARTESIAN_POINT('Ctrl Pts',(4.16089463621884,-2.42214831652569,-1.82350440449172));
#1121=CARTESIAN_POINT('Ctrl Pts',(4.72085297892807,-1.46020130149704,-1.7682466952647));
#1122=CARTESIAN_POINT('Ctrl Pts',(4.93315976406581,-0.295883192598921,-1.71298898603767));
#1123=CARTESIAN_POINT('Ctrl Pts',(4.74790947526799,0.801400103030808,-1.65773127681065));
#1124=CARTESIAN_POINT('Ctrl Pts',(4.56265918647018,1.89868339866053,-1.60247356758363));
#1125=CARTESIAN_POINT('Ctrl Pts',(3.9798518237368,2.92893188102188,-1.54721585835661));
#1126=CARTESIAN_POINT('Ctrl Pts',(3.1352740859257,3.65377847648303,-1.49195814912959));
#1127=CARTESIAN_POINT('Ctrl Pts',(2.29069634811459,4.37862507194417,-1.43670043990256));
#1128=CARTESIAN_POINT('Ctrl Pts',(1.18434823522575,4.79806978050512,-1.38144273067554));
#1129=CARTESIAN_POINT('Ctrl Pts',(0.071504817376902,4.81450697196151,-1.32618502144852));
#1130=CARTESIAN_POINT('Ctrl Pts',(-1.04133860047195,4.83094416341791,-1.2709273122215));
#1131=CARTESIAN_POINT('Ctrl Pts',(-2.16067732328079,4.44437383776975,-1.21566960299448));
#1132=CARTESIAN_POINT('Ctrl Pts',(-3.02605946885362,3.74491380815391,-1.16041189376746));
#1133=CARTESIAN_POINT('Ctrl Pts',(-3.89144161442644,3.04545377853808,-1.10515418454043));
#1134=CARTESIAN_POINT('Ctrl Pts',(-4.50286718276326,2.03310404495457,-1.04989647531341));
#1135=CARTESIAN_POINT('Ctrl Pts',(-4.7216947458597,0.941515039432916,-0.994638766086391));
#1136=CARTESIAN_POINT('Ctrl Pts',(-4.78371973655539,0.632112526545823,-0.978976393155973));
#1137=CARTESIAN_POINT('Ctrl Pts',(-4.81420358215659,0.316343966608005,-0.963314020225554));
#1138=CARTESIAN_POINT('Ctrl Pts',(-4.81375351306992,0.000461782270859198,
-0.947651647295136));
#1139=CARTESIAN_POINT('Ctrl Pts',(-2.10913048330358,-5.23795998714197,-3.90919935311373E-14));
#1140=CARTESIAN_POINT('Ctrl Pts',(-3.0184257407721,-4.87182081262402,-0.0414432819203053));
#1141=CARTESIAN_POINT('Ctrl Pts',(-4.64086379989182,-3.65701725757606,-0.124329845760838));
#1142=CARTESIAN_POINT('Ctrl Pts',(-5.84580950194445,-0.860697887961207,
-0.248659691521637));
#1143=CARTESIAN_POINT('Ctrl Pts',(-5.49782483952123,2.15844658402963,-0.372989537282436));
#1144=CARTESIAN_POINT('Ctrl Pts',(-3.49712915251139,4.88727868795545,-0.51113381034999));
#1145=CARTESIAN_POINT('Ctrl Pts',(0.11329531551016,6.12041168256976,-0.6630925107243));
#1146=CARTESIAN_POINT('Ctrl Pts',(4.00495222122716,4.62911183839311,-0.828865638405365));
#1147=CARTESIAN_POINT('Ctrl Pts',(6.03938308806335,0.995088437199406,-0.99463876608643));
#1148=CARTESIAN_POINT('Ctrl Pts',(5.27762414700116,-3.10068022704662,-1.1604118937675));
#1149=CARTESIAN_POINT('Ctrl Pts',(2.07159835243417,-5.75968070215099,-1.32618502144856));
#1150=CARTESIAN_POINT('Ctrl Pts',(-2.09406099856009,-5.7524156105167,-1.49195814912962));
#1151=CARTESIAN_POINT('Ctrl Pts',(-5.28939469571363,-3.08005307584728,-1.65773127681069));
#1152=CARTESIAN_POINT('Ctrl Pts',(-6.0360325628687,1.01765678443604,-1.82350440449176));
#1153=CARTESIAN_POINT('Ctrl Pts',(-3.98599758453326,4.64486427537509,-1.98927753217282));
#1154=CARTESIAN_POINT('Ctrl Pts',(-0.092559154904796,6.12012115894211,-2.15505065985389));
#1155=CARTESIAN_POINT('Ctrl Pts',(3.84921485330799,4.76163781346924,-2.32082378753495));
#1156=CARTESIAN_POINT('Ctrl Pts',(5.81975818482943,1.49509744198877,-2.47278248790927));
#1157=CARTESIAN_POINT('Ctrl Pts',(5.59947413022511,-1.8807439863702,-2.61092676097682));
#1158=CARTESIAN_POINT('Ctrl Pts',(3.9238352587138,-4.41771307510703,-2.73525660673761));
#1159=CARTESIAN_POINT('Ctrl Pts',(1.20463738236474,-5.78417532757515,-2.85958645249841));
#1160=CARTESIAN_POINT('Ctrl Pts',(-1.83314105160499,-5.61693358767168,-2.98391629825921));
#1161=CARTESIAN_POINT('Ctrl Pts',(-3.74620821299896,-4.37421508848349,-3.07716368257981));
#1162=CARTESIAN_POINT('Ctrl Pts',(-4.96402836617258,-2.83242906556433,-3.16005024642035));
#1163=CARTESIAN_POINT('Ctrl Pts',(-5.76155245926786,-1.00056587324302,-3.24293681026088));
#1164=CARTESIAN_POINT('Ctrl Pts',(-5.63233211488198,1.78606422056995,-3.35690583554161));
#1165=CARTESIAN_POINT('Ctrl Pts',(-4.54184470611729,3.49530809062471,-3.43979239938214));
#1166=CARTESIAN_POINT('Ctrl Pts',(-3.81995094865453,4.15844093048995,-3.48123568130241));
#1167=CARTESIAN_POINT('Ctrl Pts',(-2.00551643572839,-4.98015281423402,0.160412690475803));
#1168=CARTESIAN_POINT('Ctrl Pts',(-2.87005708001544,-4.63200073579699,0.118969408555537));
#1169=CARTESIAN_POINT('Ctrl Pts',(-4.4126223546226,-3.47692089120525,0.0360828447150041));
#1170=CARTESIAN_POINT('Ctrl Pts',(-5.55818769076753,-0.818158796183404,
-0.0882470010457943));
#1171=CARTESIAN_POINT('Ctrl Pts',(-5.22722915184962,2.05241421801581,-0.212576846806593));
#1172=CARTESIAN_POINT('Ctrl Pts',(-3.32489234249604,4.64690700000887,-0.350721119874148));
#1173=CARTESIAN_POINT('Ctrl Pts',(0.107916816320826,5.81924653026803,-0.502679820248457));
#1174=CARTESIAN_POINT('Ctrl Pts',(3.80803267275506,4.40120288997526,-0.668452947929523));
#1175=CARTESIAN_POINT('Ctrl Pts',(5.74224059062602,0.945930306821786,-0.834226075610588));
#1176=CARTESIAN_POINT('Ctrl Pts',(5.01783345126336,-2.94827716929238,-0.999999203291653));
#1177=CARTESIAN_POINT('Ctrl Pts',(1.96947835238684,-5.47633579472545,-1.16577233097272));
#1178=CARTESIAN_POINT('Ctrl Pts',(-1.99120496450914,-5.46929457169062,-1.33154545865378));
#1179=CARTESIAN_POINT('Ctrl Pts',(-5.02922307134682,-2.92832604918586,-1.49731858633485));
#1180=CARTESIAN_POINT('Ctrl Pts',(-5.73899036935777,0.967775487588725,-1.66309171401591));
#1181=CARTESIAN_POINT('Ctrl Pts',(-3.78971324603875,4.41643653096232,-1.82886484169698));
#1182=CARTESIAN_POINT('Ctrl Pts',(-0.0878083717400945,5.81897690723094,
-1.99463796937805));
#1183=CARTESIAN_POINT('Ctrl Pts',(3.6599627854006,4.52721277710656,-2.16041109705911));
#1184=CARTESIAN_POINT('Ctrl Pts',(5.53343860737738,1.42134286872324,-2.31236979743342));
#1185=CARTESIAN_POINT('Ctrl Pts',(5.323885585913,-1.78837954097822,-2.45051407050097));
#1186=CARTESIAN_POINT('Ctrl Pts',(3.73061697298212,-4.20046056063275,-2.57484391626177));
#1187=CARTESIAN_POINT('Ctrl Pts',(1.14517635386326,-5.49959732485519,-2.69917376202257));
#1188=CARTESIAN_POINT('Ctrl Pts',(-1.74311951993138,-5.34048745809678,-2.82350360778337));
#1189=CARTESIAN_POINT('Ctrl Pts',(-3.56201227341937,-4.158856913442,-2.91675099210397));
#1190=CARTESIAN_POINT('Ctrl Pts',(-4.71985880029264,-2.69289708405185,-2.9996375559445));
#1191=CARTESIAN_POINT('Ctrl Pts',(-5.47808109416129,-0.951147128212036,
-3.08252411978504));
#1192=CARTESIAN_POINT('Ctrl Pts',(-5.35512978978713,1.69835964369219,-3.19649314506577));
#1193=CARTESIAN_POINT('Ctrl Pts',(-4.31824618976865,3.32346334874721,-3.2793797089063));
#1194=CARTESIAN_POINT('Ctrl Pts',(-3.63185271972586,3.95394284851459,-3.32082299082657));
#1195=CARTESIAN_POINT('Ctrl Pts',(-1.90191433425483,-4.72234045776963,0.320824773823502));
#1196=CARTESIAN_POINT('Ctrl Pts',(-2.72169947101181,-4.39217341359523,0.279381491903236));
#1197=CARTESIAN_POINT('Ctrl Pts',(-4.18438905106952,-3.29681359540881,0.196494928062703));
#1198=CARTESIAN_POINT('Ctrl Pts',(-5.2705675067714,-0.775606179682677,0.0721650823019041));
#1199=CARTESIAN_POINT('Ctrl Pts',(-4.95662815107055,1.94639439543238,-0.0521647634588947));
#1200=CARTESIAN_POINT('Ctrl Pts',(-3.15264405155608,4.40654307128561,-0.190309036526449));
#1201=CARTESIAN_POINT('Ctrl Pts',(0.102552418427882,5.51808074310634,-0.342267736900758));
#1202=CARTESIAN_POINT('Ctrl Pts',(3.61112355056638,4.17328442544349,-0.508040864581824));
#1203=CARTESIAN_POINT('Ctrl Pts',(5.44510001662957,0.896758194043714,-0.673813992262888));
#1204=CARTESIAN_POINT('Ctrl Pts',(4.75803528342461,-2.795886086909,-0.839587119943954));
#1205=CARTESIAN_POINT('Ctrl Pts',(1.86734494847737,-5.19299530994875,-1.00536024762502));
#1206=CARTESIAN_POINT('Ctrl Pts',(-1.88836206223311,-5.18616835299233,-1.17113337530608));
#1207=CARTESIAN_POINT('Ctrl Pts',(-4.76905822227565,-2.77658664062149,-1.33690650298715));
#1208=CARTESIAN_POINT('Ctrl Pts',(-5.44194546068136,0.917908042937279,-1.50267963066821));
#1209=CARTESIAN_POINT('Ctrl Pts',(-3.59341795639637,4.18801768968768,-1.66845275834928));
#1210=CARTESIAN_POINT('Ctrl Pts',(-0.0830434739979384,5.51783249345617,
-1.83422588603035));
#1211=CARTESIAN_POINT('Ctrl Pts',(3.47072145623668,4.29277857429577,-1.99999901371141));
#1212=CARTESIAN_POINT('Ctrl Pts',(5.24712212008672,1.34757478909749,-2.15195771408572));
#1213=CARTESIAN_POINT('Ctrl Pts',(5.04829236270302,-1.69602788896565,-2.29010198715328));
#1214=CARTESIAN_POINT('Ctrl Pts',(3.53738826203579,-3.98321681828646,-2.41443183291407));
#1215=CARTESIAN_POINT('Ctrl Pts',(1.08570191873389,-5.21502174631651,-2.53876167867487));
#1216=CARTESIAN_POINT('Ctrl Pts',(-1.65311082524912,-5.06403675879262,-2.66309152443567));
#1217=CARTESIAN_POINT('Ctrl Pts',(-3.37782618446683,-3.94348983269921,-2.75633890875627));
#1218=CARTESIAN_POINT('Ctrl Pts',(-4.47569546138957,-2.55335348605342,-2.8392254725968));
#1219=CARTESIAN_POINT('Ctrl Pts',(-5.19461168367509,-0.901715043672671,
-2.92211203643734));
#1220=CARTESIAN_POINT('Ctrl Pts',(-5.07792300625251,1.61066794722484,-3.03608106171807));
#1221=CARTESIAN_POINT('Ctrl Pts',(-4.09463932844331,3.15162885302876,-3.1189676255586));
#1222=CARTESIAN_POINT('Ctrl Pts',(-3.44374466977899,3.74945331792525,-3.16041090747887));
#1223=CARTESIAN_POINT('Ctrl Pts',(-1.7983316611811,-4.46451955380375,0.481235681308217));
#1224=CARTESIAN_POINT('Ctrl Pts',(-2.57335981472076,-4.1523341887224,0.439792399387951));
#1225=CARTESIAN_POINT('Ctrl Pts',(-3.95616892833321,-3.11668841923037,0.356905835547418));
#1226=CARTESIAN_POINT('Ctrl Pts',(-4.98294986295864,-0.733031504689827,
0.23257598978662));
#1227=CARTESIAN_POINT('Ctrl Pts',(-4.68601838668687,1.84039497357017,0.108246144025821));
#1228=CARTESIAN_POINT('Ctrl Pts',(-2.98037698338527,4.16619169517158,-0.0298981290417338));
#1229=CARTESIAN_POINT('Ctrl Pts',(0.097210999574969,5.21691380438403,-0.181856829416043));
#1230=CARTESIAN_POINT('Ctrl Pts',(3.4142313437808,3.94535036412041,-0.347629957097109));
#1231=CARTESIAN_POINT('Ctrl Pts',(5.14796246220112,0.847563274863431,-0.513403084778174));
#1232=CARTESIAN_POINT('Ctrl Pts',(4.49822483772366,-2.6435144619475,-0.679176212459239));
#1233=CARTESIAN_POINT('Ctrl Pts',(1.765189660533,-4.90966192298878,-0.844949340140304));
#1234=CARTESIAN_POINT('Ctrl Pts',(-1.78554052114962,-4.90303358291709,-1.01072246782137));
#1235=CARTESIAN_POINT('Ctrl Pts',(-4.50890431427302,-2.62482699435862,-1.17649559550243));
#1236=CARTESIAN_POINT('Ctrl Pts',(-5.14489601186331,0.868063153979085,-1.3422687231835));
#1237=CARTESIAN_POINT('Ctrl Pts',(-3.39710474342418,3.95961326955835,-1.50804185086456));
#1238=CARTESIAN_POINT('Ctrl Pts',(-0.0782555718754242,5.21668769893013,
-1.67381497854563));
#1239=CARTESIAN_POINT('Ctrl Pts',(3.28149755508248,4.05832934223728,-1.83958810622669));
#1240=CARTESIAN_POINT('Ctrl Pts',(4.96081055787174,1.27378466927661,-1.99154680660101));
#1241=CARTESIAN_POINT('Ctrl Pts',(4.77269140749409,-1.60369705054457,-2.12969107966856));
#1242=CARTESIAN_POINT('Ctrl Pts',(3.34414248632253,-3.76598728816625,-2.25402092542936));
#1243=CARTESIAN_POINT('Ctrl Pts',(1.02620561149001,-4.93045000794249,-2.37835077119016));
#1244=CARTESIAN_POINT('Ctrl Pts',(-1.56312301607073,-4.78757850498519,-2.50268061695096));
#1245=CARTESIAN_POINT('Ctrl Pts',(-3.19365607832794,-3.72810815511966,-2.59592800127156));
#1246=CARTESIAN_POINT('Ctrl Pts',(-4.23154217573591,-2.41379090244117,-2.67881456511209));
#1247=CARTESIAN_POINT('Ctrl Pts',(-4.91114534863385,-0.852261199894912,
-2.76170112895262));
#1248=CARTESIAN_POINT('Ctrl Pts',(-4.80070884865399,1.52299720711586,-2.87567015423336));
#1249=CARTESIAN_POINT('Ctrl Pts',(-3.87101878215176,2.97981099049601,-2.95855671807389));
#1250=CARTESIAN_POINT('Ctrl Pts',(-3.25562054167243,3.54497764429382,-2.99999999999415));
#1251=CARTESIAN_POINT('Ctrl Pts',(-2.10912856077489,-5.23834931113237,-3.));
#1252=CARTESIAN_POINT('Ctrl Pts',(-2.25194140039171,-5.1681149531393,-3.00000000000126));
#1253=CARTESIAN_POINT('Ctrl Pts',(-2.39146469574601,-5.0919252616218,-2.9999999999603));
#1254=CARTESIAN_POINT('Ctrl Pts',(-2.52738263831565,-5.01008279555104,-2.99999999987028));
#1255=CARTESIAN_POINT('Ctrl Pts',(-2.66438668086352,-4.927586338558,-2.99999999977953));
#1256=CARTESIAN_POINT('Ctrl Pts',(-2.79772812996733,-4.83934592544735,-2.99999999963885));
#1257=CARTESIAN_POINT('Ctrl Pts',(-2.9270541590164,-4.74562790276612,-2.99999999945137));
#1258=CARTESIAN_POINT('Ctrl Pts',(-3.05568304326062,-4.65241507639467,-2.99999999926489));
#1259=CARTESIAN_POINT('Ctrl Pts',(-3.18034020829993,-4.5537829912285,-2.99999999903205));
#1260=CARTESIAN_POINT('Ctrl Pts',(-3.30064114183641,-4.44995864579191,-2.99999999876688));
#1261=CARTESIAN_POINT('Ctrl Pts',(-3.41865906528195,-4.34810462611548,-2.99999999850674));
#1262=CARTESIAN_POINT('Ctrl Pts',(-3.53248491126479,-4.24125300112504,-2.99999999821545));
#1263=CARTESIAN_POINT('Ctrl Pts',(-3.64171304375208,-4.12959240863655,-2.99999999791748));
#1264=CARTESIAN_POINT('Ctrl Pts',(-3.69913322367165,-4.07089350786241,-2.99999999776084));
#1265=CARTESIAN_POINT('Ctrl Pts',(-3.75528207358806,-4.01086526527846,-2.99999999760254));
#1266=CARTESIAN_POINT('Ctrl Pts',(-3.81009526219224,-3.94953291012215,-2.99999999744747));
#1267=CARTESIAN_POINT('Ctrl Pts',(-3.89412918932911,-3.85550446923806,-2.99999999720973));
#1268=CARTESIAN_POINT('Ctrl Pts',(-3.97473920239108,-3.75873093337488,-2.99999999698187));
#1269=CARTESIAN_POINT('Ctrl Pts',(-4.05175401733782,-3.65934261048419,-2.99999999675562));
#1270=CARTESIAN_POINT('Ctrl Pts',(-4.14728618196193,-3.5360574785174,-2.99999999647498));
#1271=CARTESIAN_POINT('Ctrl Pts',(-4.23728805030449,-3.40874946115377,-2.99999999619643));
#1272=CARTESIAN_POINT('Ctrl Pts',(-4.32158022661586,-3.27783582031803,-2.99999999591497));
#1273=CARTESIAN_POINT('Ctrl Pts',(-4.36524564183854,-3.2100193427331,-2.99999999576916));
#1274=CARTESIAN_POINT('Ctrl Pts',(-4.40737812645317,-3.14123484904945,-2.99999999562277));
#1275=CARTESIAN_POINT('Ctrl Pts',(-4.44794777126924,-3.07153801788108,-2.99999999547643));
#1276=CARTESIAN_POINT('Ctrl Pts',(-4.52630672998125,-2.93692083943056,-2.99999999519378));
#1277=CARTESIAN_POINT('Ctrl Pts',(-4.59883855405005,-2.79890059568263,-2.99999999491048));
#1278=CARTESIAN_POINT('Ctrl Pts',(-4.66532817733403,-2.65786816279919,-2.99999999464144));
#1279=CARTESIAN_POINT('Ctrl Pts',(-4.73086455769999,-2.51885767200564,-2.99999999437627));
#1280=CARTESIAN_POINT('Ctrl Pts',(-4.79053085148473,-2.37692003719753,-2.99999999412491));
#1281=CARTESIAN_POINT('Ctrl Pts',(-4.84407068936258,-2.23242610987653,-2.99999999391558));
#1282=CARTESIAN_POINT('Ctrl Pts',(-4.85380166197733,-2.20616404959598,-2.99999999387753));
#1283=CARTESIAN_POINT('Ctrl Pts',(-4.86333011602627,-2.17981755216089,-2.99999999384091));
#1284=CARTESIAN_POINT('Ctrl Pts',(-4.87265432561177,-2.15338885948399,-2.99999999380594));
#1285=CARTESIAN_POINT('Ctrl Pts',(-4.92359459587106,-2.00900292143565,-2.99999999361488));
#1286=CARTESIAN_POINT('Ctrl Pts',(-4.96822657939009,-1.86277795271221,-2.99999999347586));
#1287=CARTESIAN_POINT('Ctrl Pts',(-5.00640621092825,-1.71510128626423,-2.99999999336531));
#1288=CARTESIAN_POINT('Ctrl Pts',(-5.04434176468276,-1.5683686989493,-2.99999999325546));
#1289=CARTESIAN_POINT('Ctrl Pts',(-5.07590734168637,-1.42020218969408,-2.99999999317367));
#1290=CARTESIAN_POINT('Ctrl Pts',(-5.10091135295738,-1.27097235851943,-2.99999999311067));
#1291=CARTESIAN_POINT('Ctrl Pts',(-5.10974128047291,-1.21827327043532,-2.99999999308843));
#1292=CARTESIAN_POINT('Ctrl Pts',(-5.11775245749873,-1.16544154318418,-2.99999999306866));
#1293=CARTESIAN_POINT('Ctrl Pts',(-5.12493488337816,-1.11249347348943,-2.99999999305139));
#1294=CARTESIAN_POINT('Ctrl Pts',(-5.14650205804235,-0.953502585674277,
-2.99999999299956));
#1295=CARTESIAN_POINT('Ctrl Pts',(-5.16060125142652,-0.793461593946044,
-2.99999999296884));
#1296=CARTESIAN_POINT('Ctrl Pts',(-5.16724684344862,-0.632898224249636,
-2.99999999297322));
#1297=CARTESIAN_POINT('Ctrl Pts',(-5.17350121707351,-0.481787036380603,
-2.99999999297735));
#1298=CARTESIAN_POINT('Ctrl Pts',(-5.17315306107924,-0.33021252204619,-2.99999999301265));
#1299=CARTESIAN_POINT('Ctrl Pts',(-5.16616538753401,-0.178632793563056,
-2.99999999310781));
#1300=CARTESIAN_POINT('Ctrl Pts',(-5.16572830036772,-0.169151303971374,
-2.99999999311376));
#1301=CARTESIAN_POINT('Ctrl Pts',(-5.1652652201003,-0.159669801990721,-2.99999999311995));
#1302=CARTESIAN_POINT('Ctrl Pts',(-5.16477613170676,-0.150188403125535,
-2.9999999931264));
#1303=CARTESIAN_POINT('Ctrl Pts',(-5.15705891550962,-0.000583534433963057,
-2.99999999322803));
#1304=CARTESIAN_POINT('Ctrl Pts',(-5.14290387174122,0.148355500317214,-2.99999999339372));
#1305=CARTESIAN_POINT('Ctrl Pts',(-5.12238866232728,0.296208695173219,-2.99999999358863));
#1306=CARTESIAN_POINT('Ctrl Pts',(-5.10192491605228,0.443690994984697,-2.99999999378305));
#1307=CARTESIAN_POINT('Ctrl Pts',(-5.07513266764468,0.590093660659698,-2.99999999400646));
#1308=CARTESIAN_POINT('Ctrl Pts',(-5.04203853033391,0.734988811597868,-2.99999999424071));
#1309=CARTESIAN_POINT('Ctrl Pts',(-5.00953407050066,0.877302193858743,-2.9999999944708));
#1310=CARTESIAN_POINT('Ctrl Pts',(-4.97095000147398,1.01816194677896,-2.99999999471131));
#1311=CARTESIAN_POINT('Ctrl Pts',(-4.92626669329301,1.15714168500899,-2.9999999949616));
#1312=CARTESIAN_POINT('Ctrl Pts',(-4.88684618920954,1.2797523770425,-2.9999999951824));
#1313=CARTESIAN_POINT('Ctrl Pts',(-4.84267787143935,1.40089983049517,-2.99999999541101));
#1314=CARTESIAN_POINT('Ctrl Pts',(-4.79372096740767,1.52027142196538,-2.99999999565832));
#1315=CARTESIAN_POINT('Ctrl Pts',(-4.7614017197786,1.59907542521902,-2.99999999582158));
#1316=CARTESIAN_POINT('Ctrl Pts',(-4.72699495354324,1.67710506621393,-2.9999999959932));
#1317=CARTESIAN_POINT('Ctrl Pts',(-4.69053848889323,1.75428367829252,-2.99999999617903));
#1318=CARTESIAN_POINT('Ctrl Pts',(-4.62792407922451,1.88683885830642,-2.99999999649819));
#1319=CARTESIAN_POINT('Ctrl Pts',(-4.55948871834557,2.01641392122783,-2.9999999968417));
#1320=CARTESIAN_POINT('Ctrl Pts',(-4.48550937190003,2.14267518353162,-2.99999999717592));
#1321=CARTESIAN_POINT('Ctrl Pts',(-4.41148367717095,2.26901554889684,-2.99999999751035));
#1322=CARTESIAN_POINT('Ctrl Pts',(-4.33190649375391,2.39203855455273,-2.99999999783539));
#1323=CARTESIAN_POINT('Ctrl Pts',(-4.24701596420233,2.51137586421478,-2.99999999813694));
#1324=CARTESIAN_POINT('Ctrl Pts',(-4.16212543465076,2.63071317387682,-2.99999999843849));
#1325=CARTESIAN_POINT('Ctrl Pts',(-4.0719210162036,2.74636537419763,-2.99999999871644));
#1326=CARTESIAN_POINT('Ctrl Pts',(-3.97660974878823,2.85792126500581,-2.99999999897769));
#1327=CARTESIAN_POINT('Ctrl Pts',(-3.88307191475093,2.96740146271239,-2.99999999923409));
#1328=CARTESIAN_POINT('Ctrl Pts',(-3.78489300384155,3.07261184385883,-2.99999999947261));
#1329=CARTESIAN_POINT('Ctrl Pts',(-3.68231118011654,3.17320950628781,-2.99999999965088));
#1330=CARTESIAN_POINT('Ctrl Pts',(-3.58109157366755,3.27247129976155,-2.99999999982678));
#1331=CARTESIAN_POINT('Ctrl Pts',(-3.47558463558155,3.36724250036803,-2.99999999994397));
#1332=CARTESIAN_POINT('Ctrl Pts',(-3.36599112692725,3.45715170512542,-2.99999999998202));
#1333=CARTESIAN_POINT('Ctrl Pts',(-3.3296482567794,3.48696696146419,-2.99999999999464));
#1334=CARTESIAN_POINT('Ctrl Pts',(-3.29285579799281,3.51624717682068,-2.99999999999873));
#1335=CARTESIAN_POINT('Ctrl Pts',(-3.25562054167397,3.54497764429241,-2.99999999999405));
#1336=CARTESIAN_POINT('Ctrl Pts',(-4.81303777673377,0.00048705757649857,
-1.30234835265613));
#1337=CARTESIAN_POINT('Ctrl Pts',(-4.81380454400538,0.268753909912584,-1.31565514283387));
#1338=CARTESIAN_POINT('Ctrl Pts',(-4.7922215343394,0.536903039560531,-1.32896193301161));
#1339=CARTESIAN_POINT('Ctrl Pts',(-4.74759885086841,0.801173148521017,-1.34226872318935));
#1340=CARTESIAN_POINT('Ctrl Pts',(-4.56229892239321,1.89857985917616,-1.39752643241637));
#1341=CARTESIAN_POINT('Ctrl Pts',(-3.97970183291228,2.92909656437142,-1.45278414164339));
#1342=CARTESIAN_POINT('Ctrl Pts',(-3.13526175957919,3.65386732186479,-1.50804185087041));
#1343=CARTESIAN_POINT('Ctrl Pts',(-2.29082168624609,4.37863807935816,-1.56329956009744));
#1344=CARTESIAN_POINT('Ctrl Pts',(-1.18453862906084,4.79766288914964,-1.61855726932446));
#1345=CARTESIAN_POINT('Ctrl Pts',(-0.0714382459740526,4.81411556792949,
-1.67381497855148));
#1346=CARTESIAN_POINT('Ctrl Pts',(1.04166213711273,4.83056824670935,-1.7290726877785));
#1347=CARTESIAN_POINT('Ctrl Pts',(2.16157984610104,4.44444879447759,-1.78433039700552));
#1348=CARTESIAN_POINT('Ctrl Pts',(3.02686833746662,3.74510821873145,-1.83958810623254));
#1349=CARTESIAN_POINT('Ctrl Pts',(3.89215682883221,3.04576764298529,-1.89484581545957));
#1350=CARTESIAN_POINT('Ctrl Pts',(4.50281610257506,2.03320594372472,-1.95010352468659));
#1351=CARTESIAN_POINT('Ctrl Pts',(4.72152855694986,0.941540822366824,-2.00536123391361));
#1352=CARTESIAN_POINT('Ctrl Pts',(4.88556289773097,0.122791981348399,-2.04680451583388));
#1353=CARTESIAN_POINT('Ctrl Pts',(4.82912715261755,-0.740452534599768,-2.08824779775414));
#1354=CARTESIAN_POINT('Ctrl Pts',(4.56281779319842,-1.5324564988449,-2.12969107967441));
#1355=CARTESIAN_POINT('Ctrl Pts',(4.29650843377928,-2.32446046309002,-2.17113436159467));
#1356=CARTESIAN_POINT('Ctrl Pts',(3.82032546005443,-3.0452238756321,-2.21257764351494));
#1357=CARTESIAN_POINT('Ctrl Pts',(3.19591116071911,-3.59968270186625,-2.25402092543521));
#1358=CARTESIAN_POINT('Ctrl Pts',(2.57149686138378,-4.1541415281004,-2.29546420735547));
#1359=CARTESIAN_POINT('Ctrl Pts',(1.79885123643798,-4.54229576802663,-2.33690748927574));
#1360=CARTESIAN_POINT('Ctrl Pts',(0.98097365270405,-4.71256097083015,-2.37835077119601));
#1361=CARTESIAN_POINT('Ctrl Pts',(0.163096068970121,-4.88282617363366,-2.41979405311627));
#1362=CARTESIAN_POINT('Ctrl Pts',(-0.700013473551948,-4.83520233931447,
-2.46123733503654));
#1363=CARTESIAN_POINT('Ctrl Pts',(-1.49390892531534,-4.5759525666287,-2.50268061695681));
#1364=CARTESIAN_POINT('Ctrl Pts',(-2.28780437707874,-4.31670279394294,-2.54412389887707));
#1365=CARTESIAN_POINT('Ctrl Pts',(-3.01248573808347,-3.84582708289061,-2.58556718079734));
#1366=CARTESIAN_POINT('Ctrl Pts',(-3.57257644924848,-3.22592503960763,-2.62701046271761));
#1367=CARTESIAN_POINT('Ctrl Pts',(-3.71259912703973,-3.07094952878689,-2.63737128319767));
#1368=CARTESIAN_POINT('Ctrl Pts',(-3.842334889216,-2.90665987220173,-2.64773210367774));
#1369=CARTESIAN_POINT('Ctrl Pts',(-3.96087431000131,-2.73464482655818,-2.65809292415781));
#1370=CARTESIAN_POINT('Ctrl Pts',(-4.31649257235723,-2.21859968962756,-2.68917538559801));
#1371=CARTESIAN_POINT('Ctrl Pts',(-4.5713437621945,-1.63302605117149,-2.7202578470382));
#1372=CARTESIAN_POINT('Ctrl Pts',(-4.70406485119475,-1.02078493746747,-2.7513403084784));
#1373=CARTESIAN_POINT('Ctrl Pts',(-4.77666574204416,-0.685877722612797,
-2.76834298987101));
#1374=CARTESIAN_POINT('Ctrl Pts',(-4.81272173589436,-0.342990819462723,
-2.78534567126362));
#1375=CARTESIAN_POINT('Ctrl Pts',(-4.81256270626913,-7.03288443663864E-5,
-2.80234835265623));
#1376=CARTESIAN_POINT('Ctrl Pts',(-2.10913048330356,-5.23795998714191,2.20469284992545E-16));
#1377=CARTESIAN_POINT('Ctrl Pts',(-2.25153778682199,-5.16813088357857,-1.25583126908318E-12));
#1378=CARTESIAN_POINT('Ctrl Pts',(-2.39061586945213,-5.09232503702172,3.93909794460814E-11));
#1379=CARTESIAN_POINT('Ctrl Pts',(-2.52607488225248,-5.01086544170149,1.28730994614079E-10));
#1380=CARTESIAN_POINT('Ctrl Pts',(-2.66313764316021,-4.92844141685293,2.19128738443156E-10));
#1381=CARTESIAN_POINT('Ctrl Pts',(-2.79649572762175,-4.84022849681272,3.59462638714929E-10));
#1382=CARTESIAN_POINT('Ctrl Pts',(-2.92581916622783,-4.74651741720461,5.46648455668208E-10));
#1383=CARTESIAN_POINT('Ctrl Pts',(-3.05473425365096,-4.65310223933424,7.33243215419402E-10));
#1384=CARTESIAN_POINT('Ctrl Pts',(-3.17964065043553,-4.55422300153922,9.66456953588922E-10));
#1385=CARTESIAN_POINT('Ctrl Pts',(-3.30017391874906,-4.45013239842644,1.23218109326917E-9));
#1386=CARTESIAN_POINT('Ctrl Pts',(-3.41871788095642,-4.34775972825668,1.49351966653263E-9));
#1387=CARTESIAN_POINT('Ctrl Pts',(-3.53303225678437,-4.24034571774063,1.78634250317001E-9));
#1388=CARTESIAN_POINT('Ctrl Pts',(-3.64272744167854,-4.12810510661047,2.08581264760088E-9));
#1389=CARTESIAN_POINT('Ctrl Pts',(-3.6997100857852,-4.06980020649553,2.24137645541193E-9));
#1390=CARTESIAN_POINT('Ctrl Pts',(-3.75544553205081,-4.01019251362102,2.39854216684315E-9));
#1391=CARTESIAN_POINT('Ctrl Pts',(-3.80987395918442,-3.94931009016724,2.55252660674721E-9));
#1392=CARTESIAN_POINT('Ctrl Pts',(-3.91405935393306,-3.83277063358487,2.84727929787244E-9));
#1393=CARTESIAN_POINT('Ctrl Pts',(-4.01301950703037,-3.71205330078292,3.1271928003336E-9));
#1394=CARTESIAN_POINT('Ctrl Pts',(-4.1064457617181,-3.58742615257314,3.40687487943026E-9));
#1395=CARTESIAN_POINT('Ctrl Pts',(-4.16193558011653,-3.51340479910255,3.57298993809595E-9));
#1396=CARTESIAN_POINT('Ctrl Pts',(-4.21547249206889,-3.43800352254611,3.73880956646453E-9));
#1397=CARTESIAN_POINT('Ctrl Pts',(-4.26698467939524,-3.36127348942596,3.90541377015552E-9));
#1398=CARTESIAN_POINT('Ctrl Pts',(-4.35403806474019,-3.23160302720268,4.18696776167857E-9));
#1399=CARTESIAN_POINT('Ctrl Pts',(-4.43531163386731,-3.09813849034946,4.47149974362111E-9));
#1400=CARTESIAN_POINT('Ctrl Pts',(-4.5106488630579,-2.96130999242368,4.75394679178009E-9));
#1401=CARTESIAN_POINT('Ctrl Pts',(-4.58540199109067,-2.82554234694652,5.03420398441053E-9));
#1402=CARTESIAN_POINT('Ctrl Pts',(-4.65431061023922,-2.68646192199893,5.31246563838779E-9));
#1403=CARTESIAN_POINT('Ctrl Pts',(-4.71717238873849,-2.54447749497975,5.57026536007754E-9));
#1404=CARTESIAN_POINT('Ctrl Pts',(-4.77390294621231,-2.4163415133118,5.80292059633089E-9));
#1405=CARTESIAN_POINT('Ctrl Pts',(-4.825708182751,-2.28583985829889,6.01878311490236E-9));
#1406=CARTESIAN_POINT('Ctrl Pts',(-4.87240289984058,-2.15327269705134,6.19406281821E-9));
#1407=CARTESIAN_POINT('Ctrl Pts',(-4.92334603974904,-2.00864418522753,6.38528996445245E-9));
#1408=CARTESIAN_POINT('Ctrl Pts',(-4.96799059142385,-1.86217340362916,6.52438339855942E-9));
#1409=CARTESIAN_POINT('Ctrl Pts',(-5.00621467144705,-1.71427411635164,6.63497906616684E-9));
#1410=CARTESIAN_POINT('Ctrl Pts',(-5.04432360677725,-1.56682035498392,6.74524157979942E-9));
#1411=CARTESIAN_POINT('Ctrl Pts',(-5.07605083649492,-1.41794591552674,6.82724268850527E-9));
#1412=CARTESIAN_POINT('Ctrl Pts',(-5.10122481852527,-1.26805150901128,6.89029880374115E-9));
#1413=CARTESIAN_POINT('Ctrl Pts',(-5.12602972892941,-1.12035467983205,6.95243046360224E-9));
#1414=CARTESIAN_POINT('Ctrl Pts',(-5.14447217429096,-0.971666874176171,
6.99620747239822E-9));
#1415=CARTESIAN_POINT('Ctrl Pts',(-5.15633750255576,-0.822373207077484,
7.01611521658485E-9));
#1416=CARTESIAN_POINT('Ctrl Pts',(-5.15797699988435,-0.801744484220262,
7.01886597852619E-9));
#1417=CARTESIAN_POINT('Ctrl Pts',(-5.15949084330255,-0.781104206253972,
7.02113745343931E-9));
#1418=CARTESIAN_POINT('Ctrl Pts',(-5.16087838848074,-0.760453403262102,
7.02289271181655E-9));
#1419=CARTESIAN_POINT('Ctrl Pts',(-5.17107309913849,-0.608725758885355,
7.03578909644807E-9));
#1420=CARTESIAN_POINT('Ctrl Pts',(-5.17445377837566,-0.456428347920801,
7.02220979379517E-9));
#1421=CARTESIAN_POINT('Ctrl Pts',(-5.17104407216249,-0.304004913908126,
6.95774526882076E-9));
#1422=CARTESIAN_POINT('Ctrl Pts',(-5.16989712028312,-0.252732947007711,
6.9360607882673E-9));
#1423=CARTESIAN_POINT('Ctrl Pts',(-5.16798143600837,-0.201446895380797,
6.90847385017118E-9));
#1424=CARTESIAN_POINT('Ctrl Pts',(-5.16529673358656,-0.150164258334196,
6.87360629525458E-9));
#1425=CARTESIAN_POINT('Ctrl Pts',(-5.15750758721486,-0.00137757604162123,
6.77244475195067E-9));
#1426=CARTESIAN_POINT('Ctrl Pts',(-5.14328231737401,0.146746404834572,6.60779867400519E-9));
#1427=CARTESIAN_POINT('Ctrl Pts',(-5.12274417696836,0.293809955342333,6.41407538193306E-9));
#1428=CARTESIAN_POINT('Ctrl Pts',(-5.10211522215568,0.44152378327887,6.21949549498186E-9));
#1429=CARTESIAN_POINT('Ctrl Pts',(-5.0751172339902,0.588168538037226,5.99567097101224E-9));
#1430=CARTESIAN_POINT('Ctrl Pts',(-5.04182418851641,0.733330217528068,5.76093528437127E-9));
#1431=CARTESIAN_POINT('Ctrl Pts',(-5.00877387293883,0.877433565499681,5.52791098724254E-9));
#1432=CARTESIAN_POINT('Ctrl Pts',(-4.96951967024285,1.02007607693382,5.28419631813256E-9));
#1433=CARTESIAN_POINT('Ctrl Pts',(-4.92408774560425,1.16083117332113,5.03040575861036E-9));
#1434=CARTESIAN_POINT('Ctrl Pts',(-4.8795885188885,1.29869662796261,4.78182541040069E-9));
#1435=CARTESIAN_POINT('Ctrl Pts',(-4.82916227842375,1.43475191848952,4.52360217876996E-9));
#1436=CARTESIAN_POINT('Ctrl Pts',(-4.77279387393147,1.56856639686965,4.23906254543027E-9));
#1437=CARTESIAN_POINT('Ctrl Pts',(-4.74656301200269,1.63083654870518,4.10665291094397E-9));
#1438=CARTESIAN_POINT('Ctrl Pts',(-4.71904485032635,1.69262098096914,3.96829515854427E-9));
#1439=CARTESIAN_POINT('Ctrl Pts',(-4.69023513909966,1.75387352526311,3.82097153917016E-9));
#1440=CARTESIAN_POINT('Ctrl Pts',(-4.67844074317173,1.77894967938739,3.76065876034807E-9));
#1441=CARTESIAN_POINT('Ctrl Pts',(-4.66643778444164,1.80391982771132,3.6994227443988E-9));
#1442=CARTESIAN_POINT('Ctrl Pts',(-4.6542266712456,1.828781259229,3.6375409351308E-9));
#1443=CARTESIAN_POINT('Ctrl Pts',(-4.58962500938433,1.96030815333831,3.31016146828905E-9));
#1444=CARTESIAN_POINT('Ctrl Pts',(-4.51920090038975,2.08879469540566,2.96624665722616E-9));
#1445=CARTESIAN_POINT('Ctrl Pts',(-4.4432440349322,2.21389884998796,2.63582472515012E-9));
#1446=CARTESIAN_POINT('Ctrl Pts',(-4.36758041128582,2.33852002296413,2.30667843188867E-9));
#1447=CARTESIAN_POINT('Ctrl Pts',(-4.28642607068013,2.45978543522682,1.99099704929246E-9));
#1448=CARTESIAN_POINT('Ctrl Pts',(-4.20003011260898,2.57732183983749,1.69893893398054E-9));
#1449=CARTESIAN_POINT('Ctrl Pts',(-4.12918633375762,2.67370045801734,1.45945434471466E-9));
#1450=CARTESIAN_POINT('Ctrl Pts',(-4.05481736409005,2.76757125286765,1.23552048655992E-9));
#1451=CARTESIAN_POINT('Ctrl Pts',(-3.97704590544843,2.85870670992334,1.02230712784035E-9));
#1452=CARTESIAN_POINT('Ctrl Pts',(-3.88351659412865,2.96830779860178,7.65893218167319E-10));
#1453=CARTESIAN_POINT('Ctrl Pts',(-3.7853445531527,3.07362914417897,5.27354516880346E-10));
#1454=CARTESIAN_POINT('Ctrl Pts',(-3.68278831647304,3.1743249496831,3.49081152872799E-10));
#1455=CARTESIAN_POINT('Ctrl Pts',(-3.58155068166717,3.27372607353628,1.73099912673978E-10));
#1456=CARTESIAN_POINT('Ctrl Pts',(-3.47604026225876,3.36862027600052,5.5888420637032E-11));
#1457=CARTESIAN_POINT('Ctrl Pts',(-3.36647796638429,3.45863275080881,1.79087300544722E-11));
#1458=CARTESIAN_POINT('Ctrl Pts',(-3.33022846975055,3.4884140444237,5.34286827752863E-12));
#1459=CARTESIAN_POINT('Ctrl Pts',(-3.29353523838781,3.51766057731799,1.28105893790388E-12));
#1460=CARTESIAN_POINT('Ctrl Pts',(-3.25640576071802,3.54635761432807,5.95057336738591E-12));
#1461=CARTESIAN_POINT('Origin',(0.,0.,2.5));
#1462=CARTESIAN_POINT('',(-4.,-4.89858719658941E-16,-5.55111512312578E-16));
#1463=CARTESIAN_POINT('Origin',(0.,0.,0.));
#1464=CARTESIAN_POINT('',(-3.1,-3.79640507735679E-16,5.));
#1465=CARTESIAN_POINT('',(-3.55,-4.3474961369731E-16,2.5));
#1466=CARTESIAN_POINT('Origin',(0.,0.,5.));
#1467=CARTESIAN_POINT('Origin',(0.,0.,0.));
#1468=CARTESIAN_POINT('Origin',(0.,0.,5.));
#1469=CARTESIAN_POINT('',(-5.5,-6.73555739531044E-16,5.));
#1470=CARTESIAN_POINT('Origin',(0.,0.,5.));
#1471=CARTESIAN_POINT('Origin',(0.,0.,0.));
#1472=CARTESIAN_POINT('',(-7.5,-9.18485099360515E-16,-3.82835525732813E-16));
#1473=CARTESIAN_POINT('',(-7.5,-9.18485099360515E-16,0.));
#1474=CARTESIAN_POINT('',(-6.15907699463117,-4.27969281306556,0.));
#1475=CARTESIAN_POINT('Origin',(0.,0.,0.));
#1476=CARTESIAN_POINT('',(0.62678419919288,-7.47376354774769,0.));
#1477=CARTESIAN_POINT('Origin',(0.,0.,0.));
#1478=CARTESIAN_POINT('',(6.78586119382405,-3.19407073468213,0.));
#1479=CARTESIAN_POINT('Origin',(0.,0.,0.));
#1480=CARTESIAN_POINT('',(6.15907699463117,4.27969281306556,0.));
#1481=CARTESIAN_POINT('Origin',(0.,0.,0.));
#1482=CARTESIAN_POINT('',(-0.626784199192877,7.47376354774769,0.));
#1483=CARTESIAN_POINT('Origin',(0.,0.,0.));
#1484=CARTESIAN_POINT('',(-6.78586119382405,3.19407073468213,0.));
#1485=CARTESIAN_POINT('Origin',(0.,0.,0.));
#1486=CARTESIAN_POINT('Origin',(0.,0.,0.));
#1487=CARTESIAN_POINT('Origin',(0.,0.,0.));
#1488=CARTESIAN_POINT('',(-4.94176359534462,7.11188952161988,0.));
#1489=CARTESIAN_POINT('',(3.68819519695886,7.8356375738755,0.));
#1490=CARTESIAN_POINT('',(-4.94176359534462,7.11188952161988,0.));
#1491=CARTESIAN_POINT('Origin',(0.,0.,0.));
#1492=CARTESIAN_POINT('',(3.68819519695886,7.8356375738755,0.));
#1493=CARTESIAN_POINT('',(8.62995879230348,0.723748052255625,0.));
#1494=CARTESIAN_POINT('',(3.68819519695886,7.8356375738755,0.));
#1495=CARTESIAN_POINT('Origin',(0.,0.,0.));
#1496=CARTESIAN_POINT('',(8.62995879230348,0.723748052255625,0.));
#1497=CARTESIAN_POINT('',(4.94176359534462,-7.11188952161988,0.));
#1498=CARTESIAN_POINT('',(8.62995879230348,0.723748052255625,0.));
#1499=CARTESIAN_POINT('Origin',(0.,0.,0.));
#1500=CARTESIAN_POINT('',(4.94176359534462,-7.11188952161988,0.));
#1501=CARTESIAN_POINT('',(-3.68819519695886,-7.8356375738755,0.));
#1502=CARTESIAN_POINT('',(4.94176359534462,-7.11188952161988,0.));
#1503=CARTESIAN_POINT('Origin',(0.,0.,0.));
#1504=CARTESIAN_POINT('',(-3.68819519695886,-7.8356375738755,0.));
#1505=CARTESIAN_POINT('',(-8.62995879230348,-0.723748052255622,0.));
#1506=CARTESIAN_POINT('',(-3.68819519695886,-7.8356375738755,0.));
#1507=CARTESIAN_POINT('Origin',(0.,0.,0.));
#1508=CARTESIAN_POINT('',(-8.62995879230348,-0.723748052255622,0.));
#1509=CARTESIAN_POINT('',(-4.94176359534462,7.11188952161988,0.));
#1510=CARTESIAN_POINT('',(-8.62995879230348,-0.723748052255622,0.));
#1511=CARTESIAN_POINT('Origin',(0.,0.,0.));
#1512=CARTESIAN_POINT('Origin',(4.94176359534462,-7.11188952161988,0.));
#1513=CARTESIAN_POINT('',(-3.68819519695886,-7.8356375738755,-3.));
#1514=CARTESIAN_POINT('',(-3.68819519695886,-7.8356375738755,0.));
#1515=CARTESIAN_POINT('',(4.94176359534462,-7.11188952161988,-3.));
#1516=CARTESIAN_POINT('',(-3.68819519695886,-7.8356375738755,-3.));
#1517=CARTESIAN_POINT('',(4.94176359534462,-7.11188952161988,0.));
#1518=CARTESIAN_POINT('Origin',(8.62995879230348,0.723748052255625,0.));
#1519=CARTESIAN_POINT('',(8.62995879230348,0.723748052255625,-3.));
#1520=CARTESIAN_POINT('',(4.94176359534462,-7.11188952161988,-3.));
#1521=CARTESIAN_POINT('',(8.62995879230348,0.723748052255625,0.));
#1522=CARTESIAN_POINT('Origin',(3.68819519695886,7.8356375738755,0.));
#1523=CARTESIAN_POINT('',(3.68819519695886,7.8356375738755,-3.));
#1524=CARTESIAN_POINT('',(8.62995879230348,0.723748052255625,-3.));
#1525=CARTESIAN_POINT('',(3.68819519695886,7.8356375738755,0.));
#1526=CARTESIAN_POINT('Origin',(-4.94176359534462,7.11188952161988,0.));
#1527=CARTESIAN_POINT('',(-4.94176359534462,7.11188952161988,-3.));
#1528=CARTESIAN_POINT('',(3.68819519695886,7.8356375738755,-3.));
#1529=CARTESIAN_POINT('',(-4.94176359534462,7.11188952161988,0.));
#1530=CARTESIAN_POINT('Origin',(-8.62995879230348,-0.723748052255622,0.));
#1531=CARTESIAN_POINT('',(-8.62995879230348,-0.723748052255622,-3.));
#1532=CARTESIAN_POINT('',(-4.94176359534462,7.11188952161988,-3.));
#1533=CARTESIAN_POINT('',(-8.62995879230348,-0.723748052255622,0.));
#1534=CARTESIAN_POINT('Origin',(-3.68819519695886,-7.8356375738755,0.));
#1535=CARTESIAN_POINT('',(-8.62995879230348,-0.723748052255622,-3.));
#1536=CARTESIAN_POINT('Origin',(0.,0.,-3.));
#1537=UNCERTAINTY_MEASURE_WITH_UNIT(LENGTH_MEASURE(0.01),#1541,
'DISTANCE_ACCURACY_VALUE',
'Maximum model space distance between geometric entities at asserted c
onnectivities');
#1538=UNCERTAINTY_MEASURE_WITH_UNIT(LENGTH_MEASURE(0.01),#1541,
'DISTANCE_ACCURACY_VALUE',
'Maximum model space distance between geometric entities at asserted c
onnectivities');
#1539=(
GEOMETRIC_REPRESENTATION_CONTEXT(3)
GLOBAL_UNCERTAINTY_ASSIGNED_CONTEXT((#1537))
GLOBAL_UNIT_ASSIGNED_CONTEXT((#1541,#1543,#1544))
REPRESENTATION_CONTEXT('','3D')
);
#1540=(
GEOMETRIC_REPRESENTATION_CONTEXT(3)
GLOBAL_UNCERTAINTY_ASSIGNED_CONTEXT((#1538))
GLOBAL_UNIT_ASSIGNED_CONTEXT((#1541,#1543,#1544))
REPRESENTATION_CONTEXT('','3D')
);
#1541=(
LENGTH_UNIT()
NAMED_UNIT(*)
SI_UNIT(.MILLI.,.METRE.)
);
#1542=(
LENGTH_UNIT()
NAMED_UNIT(*)
SI_UNIT($,.METRE.)
);
#1543=(
NAMED_UNIT(*)
PLANE_ANGLE_UNIT()
SI_UNIT($,.RADIAN.)
);
#1544=(
NAMED_UNIT(*)
SI_UNIT($,.STERADIAN.)
SOLID_ANGLE_UNIT()
);
#1545=SHAPE_DEFINITION_REPRESENTATION(#1546,#1547);
#1546=PRODUCT_DEFINITION_SHAPE('',$,#1549);
#1547=SHAPE_REPRESENTATION('',(#442),#1539);
#1548=PRODUCT_DEFINITION_CONTEXT('part definition',#1553,'design');
#1549=PRODUCT_DEFINITION('2026-08-03-19-31-23-951','fasteningNut',#1550,
#1548);
#1550=PRODUCT_DEFINITION_FORMATION('',$,#1555);
#1551=PRODUCT_RELATED_PRODUCT_CATEGORY('fasteningNut','fasteningNut',(#1555));
#1552=APPLICATION_PROTOCOL_DEFINITION('international standard',
'automotive_design',2009,#1553);
#1553=APPLICATION_CONTEXT(
'Core Data for Automotive Mechanical Design Process');
#1554=PRODUCT_CONTEXT('part definition',#1553,'mechanical');
#1555=PRODUCT('2026-08-03-19-31-23-951','fasteningNut',$,(#1554));
#1556=PRESENTATION_STYLE_ASSIGNMENT((#1557));
#1557=SURFACE_STYLE_USAGE(.BOTH.,#1558);
#1558=SURFACE_SIDE_STYLE('',(#1559));
#1559=SURFACE_STYLE_FILL_AREA(#1560);
#1560=FILL_AREA_STYLE('Steel - Satin',(#1561));
#1561=FILL_AREA_STYLE_COLOUR('Steel - Satin',#1562);
#1562=COLOUR_RGB('Steel - Satin',0.627450980392157,0.627450980392157,0.627450980392157);
ENDSEC;
END-ISO-10303-21;
