ISO-10303-21;
HEADER;
/* Generated by software containing ST-Developer
 * from STEP Tools, Inc. (www.steptools.com) 
 */

FILE_DESCRIPTION(
/* description */ (''),
/* implementation_level */ '2;1');

FILE_NAME(
/* name */ 'fiberFrictionFastener.step',
/* time_stamp */ '2026-08-03T19:35:51+02:00',
/* author */ (''),
/* organization */ (''),
/* preprocessor_version */ 'ST-DEVELOPER v20.1',
/* originating_system */ 'Autodesk Translation Framework v15.8.0.0',
/* authorisation */ '');

FILE_SCHEMA (('AUTOMOTIVE_DESIGN { 1 0 10303 214 3 1 1 }'));
ENDSEC;

DATA;
#10=MECHANICAL_DESIGN_GEOMETRIC_PRESENTATION_REPRESENTATION('',(#13),#2456);
#11=SHAPE_REPRESENTATION_RELATIONSHIP('SRR','None',#2463,#12);
#12=ADVANCED_BREP_SHAPE_REPRESENTATION('',(#14),#2455);
#13=STYLED_ITEM('',(#2472),#14);
#14=MANIFOLD_SOLID_BREP('Body1',#936);
#15=B_SPLINE_SURFACE_WITH_KNOTS('',3,3,((#2027,#2028,#2029,#2030,#2031,
#2032,#2033,#2034,#2035,#2036,#2037,#2038,#2039,#2040,#2041,#2042,#2043,
#2044,#2045,#2046,#2047,#2048,#2049,#2050,#2051,#2052,#2053,#2054,#2055,
#2056),(#2057,#2058,#2059,#2060,#2061,#2062,#2063,#2064,#2065,#2066,#2067,
#2068,#2069,#2070,#2071,#2072,#2073,#2074,#2075,#2076,#2077,#2078,#2079,
#2080,#2081,#2082,#2083,#2084,#2085,#2086),(#2087,#2088,#2089,#2090,#2091,
#2092,#2093,#2094,#2095,#2096,#2097,#2098,#2099,#2100,#2101,#2102,#2103,
#2104,#2105,#2106,#2107,#2108,#2109,#2110,#2111,#2112,#2113,#2114,#2115,
#2116),(#2117,#2118,#2119,#2120,#2121,#2122,#2123,#2124,#2125,#2126,#2127,
#2128,#2129,#2130,#2131,#2132,#2133,#2134,#2135,#2136,#2137,#2138,#2139,
#2140,#2141,#2142,#2143,#2144,#2145,#2146)),.UNSPECIFIED.,.F.,.F.,.F.,(4,
4),(4,1,1,1,1,1,1,1,1,1,1,1,1,1,1,1,1,1,1,1,1,1,1,1,1,1,1,4),(0.,0.0986749345071989),
(8.30953319168057,8.79730031201282,9.28506743234508,9.77283455267733,10.2606016730096,
10.7483687933418,11.2361359136741,11.7239030340063,12.2116701543386,12.6994372746709,
13.1872043950031,13.6749715153354,14.1627386356676,15.1382728763321,16.1138071169966,
17.0893413576611,17.5771084779934,18.0648755983257,18.5526427186579,19.0404098389902,
19.5281769593224,20.0159440796547,20.5037111999869,20.9914783203192,21.4792454406514,
21.9670125609837,22.454779681316,22.9425468016482),.UNSPECIFIED.);
#16=B_SPLINE_SURFACE_WITH_KNOTS('',3,3,((#2204,#2205,#2206,#2207,#2208,
#2209,#2210,#2211,#2212,#2213,#2214,#2215,#2216,#2217,#2218,#2219,#2220,
#2221,#2222,#2223,#2224,#2225,#2226,#2227,#2228,#2229,#2230,#2231,#2232,
#2233),(#2234,#2235,#2236,#2237,#2238,#2239,#2240,#2241,#2242,#2243,#2244,
#2245,#2246,#2247,#2248,#2249,#2250,#2251,#2252,#2253,#2254,#2255,#2256,
#2257,#2258,#2259,#2260,#2261,#2262,#2263),(#2264,#2265,#2266,#2267,#2268,
#2269,#2270,#2271,#2272,#2273,#2274,#2275,#2276,#2277,#2278,#2279,#2280,
#2281,#2282,#2283,#2284,#2285,#2286,#2287,#2288,#2289,#2290,#2291,#2292,
#2293),(#2294,#2295,#2296,#2297,#2298,#2299,#2300,#2301,#2302,#2303,#2304,
#2305,#2306,#2307,#2308,#2309,#2310,#2311,#2312,#2313,#2314,#2315,#2316,
#2317,#2318,#2319,#2320,#2321,#2322,#2323)),.UNSPECIFIED.,.F.,.F.,.F.,(4,
4),(4,1,1,1,1,1,1,1,1,1,1,1,1,1,1,1,1,1,1,1,1,1,1,1,1,1,1,4),(0.,0.0986749345071989),
(11.6149723878395,12.1027395081718,12.590506628504,13.0782737488363,13.5660408691685,
14.0538079895008,14.541575109833,15.0293422301653,15.5171093504976,16.0048764708298,
16.4926435911621,16.9804107114943,17.4681778318266,18.4437120724911,19.4192463131556,
20.3947805538201,20.8825476741524,21.3703147944846,21.8580819148169,22.3458490351491,
22.8336161554814,23.3213832758136,23.8091503961459,24.2969175164781,24.7846846368104,
25.2724517571426,25.7602188774749,26.2479859978072),.UNSPECIFIED.);
#17=CONICAL_SURFACE('',#979,4.25,0.785398163397449);
#18=CONICAL_SURFACE('',#995,4.25,0.785398163397448);
#19=CONICAL_SURFACE('',#997,4.25,0.785398163397448);
#20=CONICAL_SURFACE('',#999,4.25,0.785398163397448);
#21=CONICAL_SURFACE('',#1001,4.25,0.785398163397449);
#22=CONICAL_SURFACE('',#1003,4.25,0.785398163397448);
#23=FACE_BOUND('',#112,.T.);
#24=FACE_BOUND('',#114,.T.);
#25=FACE_BOUND('',#115,.T.);
#26=FACE_BOUND('',#116,.T.);
#27=FACE_BOUND('',#117,.T.);
#28=FACE_BOUND('',#118,.T.);
#29=FACE_BOUND('',#125,.T.);
#30=FACE_BOUND('',#126,.T.);
#31=FACE_BOUND('',#127,.T.);
#32=FACE_BOUND('',#128,.T.);
#33=FACE_BOUND('',#129,.T.);
#34=FACE_BOUND('',#132,.T.);
#35=PLANE('',#959);
#36=PLANE('',#961);
#37=PLANE('',#978);
#38=PLANE('',#982);
#39=PLANE('',#1007);
#40=PLANE('',#1008);
#41=PLANE('',#1011);
#42=PLANE('',#1013);
#43=PLANE('',#1014);
#44=PLANE('',#1017);
#45=PLANE('',#1019);
#46=PLANE('',#1020);
#47=PLANE('',#1023);
#48=PLANE('',#1026);
#49=PLANE('',#1027);
#50=PLANE('',#1030);
#51=PLANE('',#1032);
#52=PLANE('',#1033);
#53=PLANE('',#1036);
#54=PLANE('',#1038);
#55=PLANE('',#1041);
#56=PLANE('',#1044);
#57=FACE_OUTER_BOUND('',#106,.T.);
#58=FACE_OUTER_BOUND('',#107,.T.);
#59=FACE_OUTER_BOUND('',#108,.T.);
#60=FACE_OUTER_BOUND('',#109,.T.);
#61=FACE_OUTER_BOUND('',#110,.T.);
#62=FACE_OUTER_BOUND('',#111,.T.);
#63=FACE_OUTER_BOUND('',#113,.T.);
#64=FACE_OUTER_BOUND('',#119,.T.);
#65=FACE_OUTER_BOUND('',#120,.T.);
#66=FACE_OUTER_BOUND('',#121,.T.);
#67=FACE_OUTER_BOUND('',#122,.T.);
#68=FACE_OUTER_BOUND('',#123,.T.);
#69=FACE_OUTER_BOUND('',#124,.T.);
#70=FACE_OUTER_BOUND('',#130,.T.);
#71=FACE_OUTER_BOUND('',#131,.T.);
#72=FACE_OUTER_BOUND('',#133,.T.);
#73=FACE_OUTER_BOUND('',#134,.T.);
#74=FACE_OUTER_BOUND('',#135,.T.);
#75=FACE_OUTER_BOUND('',#136,.T.);
#76=FACE_OUTER_BOUND('',#137,.T.);
#77=FACE_OUTER_BOUND('',#138,.T.);
#78=FACE_OUTER_BOUND('',#139,.T.);
#79=FACE_OUTER_BOUND('',#140,.T.);
#80=FACE_OUTER_BOUND('',#141,.T.);
#81=FACE_OUTER_BOUND('',#142,.T.);
#82=FACE_OUTER_BOUND('',#143,.T.);
#83=FACE_OUTER_BOUND('',#144,.T.);
#84=FACE_OUTER_BOUND('',#145,.T.);
#85=FACE_OUTER_BOUND('',#146,.T.);
#86=FACE_OUTER_BOUND('',#147,.T.);
#87=FACE_OUTER_BOUND('',#148,.T.);
#88=FACE_OUTER_BOUND('',#149,.T.);
#89=FACE_OUTER_BOUND('',#150,.T.);
#90=FACE_OUTER_BOUND('',#151,.T.);
#91=FACE_OUTER_BOUND('',#152,.T.);
#92=FACE_OUTER_BOUND('',#153,.T.);
#93=FACE_OUTER_BOUND('',#154,.T.);
#94=FACE_OUTER_BOUND('',#155,.T.);
#95=FACE_OUTER_BOUND('',#156,.T.);
#96=FACE_OUTER_BOUND('',#157,.T.);
#97=FACE_OUTER_BOUND('',#158,.T.);
#98=FACE_OUTER_BOUND('',#159,.T.);
#99=FACE_OUTER_BOUND('',#160,.T.);
#100=FACE_OUTER_BOUND('',#161,.T.);
#101=FACE_OUTER_BOUND('',#162,.T.);
#102=FACE_OUTER_BOUND('',#163,.T.);
#103=FACE_OUTER_BOUND('',#164,.T.);
#104=FACE_OUTER_BOUND('',#165,.T.);
#105=FACE_OUTER_BOUND('',#166,.T.);
#106=EDGE_LOOP('',(#598,#599,#600,#601));
#107=EDGE_LOOP('',(#602,#603,#604,#605));
#108=EDGE_LOOP('',(#606,#607,#608,#609));
#109=EDGE_LOOP('',(#610,#611,#612,#613));
#110=EDGE_LOOP('',(#614,#615,#616,#617));
#111=EDGE_LOOP('',(#618));
#112=EDGE_LOOP('',(#619));
#113=EDGE_LOOP('',(#620));
#114=EDGE_LOOP('',(#621));
#115=EDGE_LOOP('',(#622));
#116=EDGE_LOOP('',(#623));
#117=EDGE_LOOP('',(#624));
#118=EDGE_LOOP('',(#625,#626,#627,#628));
#119=EDGE_LOOP('',(#629,#630,#631,#632));
#120=EDGE_LOOP('',(#633,#634,#635,#636));
#121=EDGE_LOOP('',(#637,#638,#639,#640));
#122=EDGE_LOOP('',(#641,#642,#643,#644));
#123=EDGE_LOOP('',(#645,#646,#647,#648));
#124=EDGE_LOOP('',(#649));
#125=EDGE_LOOP('',(#650));
#126=EDGE_LOOP('',(#651));
#127=EDGE_LOOP('',(#652));
#128=EDGE_LOOP('',(#653));
#129=EDGE_LOOP('',(#654));
#130=EDGE_LOOP('',(#655,#656,#657,#658));
#131=EDGE_LOOP('',(#659,#660,#661,#662));
#132=EDGE_LOOP('',(#663,#664,#665,#666,#667,#668,#669,#670,#671,#672,#673,
#674,#675,#676,#677,#678,#679,#680,#681,#682,#683,#684,#685,#686));
#133=EDGE_LOOP('',(#687,#688,#689,#690));
#134=EDGE_LOOP('',(#691,#692,#693,#694));
#135=EDGE_LOOP('',(#695,#696,#697,#698));
#136=EDGE_LOOP('',(#699,#700,#701,#702));
#137=EDGE_LOOP('',(#703,#704,#705,#706));
#138=EDGE_LOOP('',(#707,#708,#709,#710,#711,#712,#713,#714));
#139=EDGE_LOOP('',(#715,#716,#717,#718));
#140=EDGE_LOOP('',(#719,#720,#721,#722,#723,#724,#725,#726));
#141=EDGE_LOOP('',(#727,#728,#729,#730));
#142=EDGE_LOOP('',(#731,#732,#733,#734,#735));
#143=EDGE_LOOP('',(#736,#737,#738,#739,#740));
#144=EDGE_LOOP('',(#741,#742,#743,#744));
#145=EDGE_LOOP('',(#745,#746,#747,#748));
#146=EDGE_LOOP('',(#749,#750,#751,#752,#753));
#147=EDGE_LOOP('',(#754,#755,#756,#757,#758));
#148=EDGE_LOOP('',(#759,#760,#761,#762));
#149=EDGE_LOOP('',(#763,#764,#765,#766));
#150=EDGE_LOOP('',(#767,#768,#769,#770,#771));
#151=EDGE_LOOP('',(#772,#773,#774,#775,#776));
#152=EDGE_LOOP('',(#777,#778,#779,#780));
#153=EDGE_LOOP('',(#781,#782,#783,#784,#785));
#154=EDGE_LOOP('',(#786,#787,#788,#789,#790));
#155=EDGE_LOOP('',(#791,#792,#793,#794,#795));
#156=EDGE_LOOP('',(#796,#797,#798,#799));
#157=EDGE_LOOP('',(#800,#801,#802,#803));
#158=EDGE_LOOP('',(#804,#805,#806,#807,#808));
#159=EDGE_LOOP('',(#809,#810,#811,#812,#813));
#160=EDGE_LOOP('',(#814,#815,#816,#817));
#161=EDGE_LOOP('',(#818,#819,#820,#821));
#162=EDGE_LOOP('',(#822,#823,#824,#825,#826));
#163=EDGE_LOOP('',(#827,#828,#829,#830,#831,#832,#833,#834,#835,#836,#837,
#838,#839,#840,#841,#842,#843,#844,#845,#846,#847,#848,#849,#850,#851,#852,
#853,#854));
#164=EDGE_LOOP('',(#855,#856,#857,#858,#859));
#165=EDGE_LOOP('',(#860,#861,#862,#863));
#166=EDGE_LOOP('',(#864,#865,#866,#867));
#167=CIRCLE('',#951,5.425);
#168=CIRCLE('',#954,4.57045);
#169=CIRCLE('',#957,8.3);
#170=CIRCLE('',#958,8.3);
#171=CIRCLE('',#960,3.);
#172=CIRCLE('',#962,12.5);
#173=CIRCLE('',#963,1.25);
#174=CIRCLE('',#964,1.25);
#175=CIRCLE('',#965,1.25);
#176=CIRCLE('',#966,1.25);
#177=CIRCLE('',#967,5.425);
#178=CIRCLE('',#969,1.25);
#179=CIRCLE('',#971,1.25);
#180=CIRCLE('',#973,1.25);
#181=CIRCLE('',#975,1.25);
#182=CIRCLE('',#977,12.5);
#183=CIRCLE('',#980,4.5);
#184=CIRCLE('',#981,4.);
#185=CIRCLE('',#983,4.57045);
#186=CIRCLE('',#984,3.);
#187=CIRCLE('',#985,4.5);
#188=CIRCLE('',#986,3.);
#189=CIRCLE('',#987,4.5);
#190=CIRCLE('',#988,3.);
#191=CIRCLE('',#989,4.5);
#192=CIRCLE('',#990,3.);
#193=CIRCLE('',#991,4.5);
#194=CIRCLE('',#992,3.);
#195=CIRCLE('',#993,4.5);
#196=CIRCLE('',#994,3.);
#197=CIRCLE('',#996,4.);
#198=CIRCLE('',#998,4.);
#199=CIRCLE('',#1000,4.);
#200=CIRCLE('',#1002,4.);
#201=CIRCLE('',#1004,4.);
#202=CIRCLE('',#1010,4.);
#203=CIRCLE('',#1012,3.);
#204=CIRCLE('',#1016,4.);
#205=CIRCLE('',#1018,3.);
#206=CIRCLE('',#1022,4.);
#207=CIRCLE('',#1024,3.);
#208=CIRCLE('',#1025,3.);
#209=CIRCLE('',#1029,4.);
#210=CIRCLE('',#1031,3.);
#211=CIRCLE('',#1035,4.);
#212=CIRCLE('',#1037,3.);
#213=CIRCLE('',#1040,3.);
#214=CIRCLE('',#1043,4.);
#215=B_SPLINE_CURVE_WITH_KNOTS('',3,(#1314,#1315,#1316,#1317,#1318,#1319,
#1320,#1321,#1322,#1323,#1324,#1325,#1326,#1327,#1328,#1329),
 .UNSPECIFIED.,.F.,.F.,(4,3,3,3,3,4),(-4.09299088010945,-3.90213696265804,
-3.41436984232578,-2.92660272199353,-2.43883560166127,-2.06664299560846),
 .UNSPECIFIED.);
#216=B_SPLINE_CURVE_WITH_KNOTS('',3,(#1332,#1333,#1334,#1335,#1336,#1337,
#1338,#1339,#1340,#1341),.UNSPECIFIED.,.F.,.F.,(4,3,3,4),(0.,0.487767120332256,
0.975534240664508,1.11524476908881),.UNSPECIFIED.);
#217=B_SPLINE_CURVE_WITH_KNOTS('',3,(#1346,#1347,#1348,#1349,#1350,#1351,
#1352,#1353,#1354,#1355,#1356,#1357,#1358,#1359,#1360,#1361,#1362,#1363,
#1364,#1365,#1366,#1367,#1368,#1369,#1370,#1371,#1372,#1373,#1374,#1375,
#1376,#1377,#1378,#1379),.UNSPECIFIED.,.F.,.F.,(4,3,3,3,3,3,3,3,3,3,3,4),
(-10.376176187289,-10.2431095269774,-9.7553424066451,-9.26757528631284,
-8.77980816598059,-7.80427392531608,-6.82873968465157,-5.85320544398706,
-5.3654383236548,-4.87767120332255,-4.38990408299029,-4.09299088010945),
 .UNSPECIFIED.);
#218=B_SPLINE_CURVE_WITH_KNOTS('',3,(#1380,#1381,#1382,#1383,#1384,#1385,
#1386,#1387,#1388,#1389,#1390,#1391,#1392,#1393,#1394,#1395,#1396,#1397,
#1398,#1399,#1400,#1401,#1402,#1403,#1404,#1405,#1406,#1407,#1408,#1409,
#1410,#1411,#1412,#1413,#1414,#1415,#1416),.UNSPECIFIED.,.F.,.F.,(4,3,3,
3,3,3,3,3,3,3,3,3,4),(1.11524476908881,1.46330136099676,1.95106848132902,
2.43883560166127,2.92660272199353,3.41436984232578,3.90213696265804,4.38990408299029,
4.87767120332255,5.3654383236548,5.85320544398706,6.82873968465156,7.3984300762684),
 .UNSPECIFIED.);
#219=B_SPLINE_CURVE_WITH_KNOTS('',3,(#1422,#1423,#1424,#1425,#1426,#1427,
#1428,#1429),.UNSPECIFIED.,.F.,.F.,(4,1,1,1,1,4),(21.9911485751286,22.3458490351491,
22.8336161554814,23.3213832758136,23.8091503961459,24.1813430021987),
 .UNSPECIFIED.);
#220=B_SPLINE_CURVE_WITH_KNOTS('',3,(#1432,#1433,#1434,#1435,#1436),
 .UNSPECIFIED.,.F.,.F.,(4,1,4),(21.9911485751286,22.454779681316,22.9425468016482),
 .UNSPECIFIED.);
#221=B_SPLINE_CURVE_WITH_KNOTS('',3,(#1441,#1442,#1443,#1444,#1445,#1446,
#1447,#1448,#1449,#1450,#1451,#1452,#1453,#1454),.UNSPECIFIED.,.F.,.F.,
(4,1,1,1,1,1,1,1,1,1,1,4),(15.707963267949,16.0048764708298,16.4926435911621,
16.9804107114943,17.4681778318266,18.4437120724911,19.4192463131556,20.3947805538201,
20.8825476741524,21.3703147944846,21.8580819148169,21.9911485751286),
 .UNSPECIFIED.);
#222=B_SPLINE_CURVE_WITH_KNOTS('',3,(#1455,#1456,#1457,#1458,#1459,#1460,
#1461,#1462,#1463,#1464,#1465,#1466,#1467,#1468,#1469,#1470),
 .UNSPECIFIED.,.F.,.F.,(4,1,1,1,1,1,1,1,1,1,1,1,1,4),(15.707963267949,16.1138071169966,
17.0893413576611,17.5771084779934,18.0648755983257,18.5526427186579,19.0404098389902,
19.5281769593224,20.0159440796547,20.5037111999869,20.9914783203192,21.4792454406514,
21.9670125609837,21.9911485751286),.UNSPECIFIED.);
#223=B_SPLINE_CURVE_WITH_KNOTS('',3,(#1492,#1493,#1494,#1495,#1496,#1497,
#1498,#1499,#1500,#1501,#1502,#1503,#1504,#1505,#1506,#1507,#1508,#1509,
#1510,#1511,#1512,#1513,#1514,#1515,#1516,#1517,#1518,#1519,#1520,#1521,
#1522,#1523,#1524,#1525,#1526,#1527,#1528,#1529,#1530,#1531,#1532,#1533,
#1534,#1535,#1536,#1537,#1538,#1539,#1540,#1541,#1542,#1543,#1544,#1545,
#1546,#1547,#1548,#1549,#1550,#1551,#1552,#1553,#1554,#1555,#1556,#1557,
#1558,#1559,#1560,#1561,#1562,#1563,#1564,#1565,#1566,#1567,#1568,#1569,
#1570,#1571,#1572,#1573,#1574,#1575,#1576,#1577,#1578,#1579,#1580,#1581,
#1582,#1583,#1584,#1585,#1586,#1587,#1588,#1589,#1590,#1591,#1592,#1593,
#1594),.UNSPECIFIED.,.F.,.F.,(4,3,3,3,3,3,3,3,3,3,3,3,3,3,3,3,3,3,3,3,3,
3,3,3,3,3,3,3,3,3,3,3,3,3,4),(0.,0.046507267548139,0.0627582588921667,0.109400807649524,
0.155951246165575,0.197455671494852,0.206890663043235,0.212625020121553,
0.258182320902559,0.303405744809223,0.321968947482684,0.367507273052592,
0.393007090267197,0.405453482302806,0.411361493852112,0.455896382577743,
0.500343175686466,0.544086346146704,0.571505810769437,0.601475505009132,
0.606783558242364,0.650061146185077,0.693504244799233,0.736587255857988,
0.77392531027249,0.795556526607089,0.802494471782672,0.811263364686992,
0.853877889189478,0.896438958210532,0.916454706905516,0.924796908830076,
0.966620108618797,1.0077753883005,1.04101767132064),.UNSPECIFIED.);
#224=B_SPLINE_CURVE_WITH_KNOTS('',3,(#1596,#1597,#1598,#1599,#1600,#1601,
#1602,#1603,#1604,#1605,#1606,#1607,#1608,#1609,#1610,#1611,#1612,#1613,
#1614,#1615,#1616,#1617,#1618,#1619,#1620,#1621,#1622,#1623,#1624,#1625,
#1626,#1627,#1628,#1629,#1630,#1631,#1632,#1633,#1634,#1635,#1636,#1637,
#1638,#1639,#1640,#1641,#1642,#1643,#1644,#1645,#1646,#1647,#1648,#1649,
#1650,#1651,#1652,#1653,#1654,#1655,#1656,#1657,#1658,#1659,#1660,#1661,
#1662,#1663,#1664,#1665,#1666,#1667,#1668,#1669,#1670,#1671,#1672,#1673,
#1674,#1675,#1676,#1677,#1678,#1679,#1680,#1681,#1682,#1683,#1684,#1685,
#1686,#1687,#1688,#1689,#1690,#1691,#1692,#1693,#1694,#1695,#1696,#1697,
#1698,#1699,#1700,#1701,#1702,#1703,#1704),.UNSPECIFIED.,.F.,.F.,(4,3,3,
3,3,3,3,3,3,3,3,3,3,3,3,3,3,3,3,3,3,3,3,3,3,3,3,3,3,3,3,3,3,3,3,3,4),(0.,
0.0416496446009221,0.0534270404617735,0.0947176798640423,0.136489712151574,
0.173651335676748,0.180260071573241,0.186332510822897,0.228865192649999,
0.271854679813329,0.28513620625227,0.32789033274253,0.35270807822366,0.365927520460196,
0.371617082503278,0.415116929134599,0.459047705479083,0.503027674533959,
0.52643229659157,0.557776530729564,0.564942382896684,0.608874420528955,
0.65379569493554,0.698891190367435,0.738038680031478,0.75027365760841,0.758190209624265,
0.764456184571749,0.777186169695521,0.822380054847971,0.868134227008814,
0.889275550343138,0.896959868165733,0.904158399768262,0.950638498315219,
0.997269504467571,1.03726481368341),.UNSPECIFIED.);
#225=B_SPLINE_CURVE_WITH_KNOTS('',3,(#1738,#1739,#1740,#1741,#1742,#1743,
#1744,#1745,#1746,#1747,#1748,#1749,#1750,#1751,#1752,#1753,#1754,#1755,
#1756,#1757,#1758,#1759,#1760,#1761,#1762,#1763,#1764,#1765,#1766,#1767,
#1768,#1769,#1770,#1771,#1772,#1773,#1774,#1775,#1776,#1777,#1778,#1779,
#1780,#1781,#1782,#1783,#1784,#1785,#1786,#1787,#1788,#1789,#1790,#1791,
#1792,#1793,#1794,#1795,#1796,#1797,#1798,#1799,#1800,#1801,#1802,#1803,
#1804,#1805,#1806,#1807,#1808,#1809,#1810,#1811,#1812,#1813,#1814,#1815,
#1816,#1817,#1818,#1819,#1820,#1821,#1822,#1823,#1824,#1825,#1826,#1827,
#1828,#1829,#1830,#1831,#1832,#1833,#1834,#1835,#1836,#1837,#1838,#1839,
#1840,#1841,#1842,#1843,#1844,#1845,#1846),.UNSPECIFIED.,.F.,.F.,(4,3,3,
3,3,3,3,3,3,3,3,3,3,3,3,3,3,3,3,3,3,3,3,3,3,3,3,3,3,3,3,3,3,3,3,3,4),(0.,
0.041649702425335,0.0534270404617738,0.0947176514681781,0.136489664084087,
0.173651299626132,0.180259901803592,0.186332477126334,0.228865133290307,
0.271854608862859,0.285136206252268,0.327890337380932,0.352708082282261,
0.365927526289514,0.371617084087683,0.41511693435863,0.45904771481179,0.503027673453179,
0.526432296591568,0.557776530729563,0.564942384556829,0.608874396688463,
0.653795652137558,0.698891154300599,0.738038661998063,0.750273626654816,
0.758190090290202,0.764456119570401,0.777186169695527,0.822380149891915,
0.868134383003273,0.889275686838291,0.896960049531061,0.904158424713973,
0.950638579400824,0.997269548906035,1.03726481368342),.UNSPECIFIED.);
#226=B_SPLINE_CURVE_WITH_KNOTS('',3,(#1848,#1849,#1850,#1851,#1852,#1853,
#1854,#1855,#1856,#1857,#1858,#1859,#1860,#1861,#1862,#1863,#1864,#1865,
#1866,#1867,#1868,#1869,#1870,#1871,#1872,#1873,#1874,#1875,#1876,#1877,
#1878,#1879,#1880,#1881,#1882,#1883,#1884,#1885,#1886,#1887,#1888,#1889,
#1890,#1891,#1892,#1893,#1894,#1895,#1896,#1897,#1898,#1899,#1900,#1901,
#1902,#1903,#1904,#1905,#1906,#1907,#1908,#1909,#1910,#1911,#1912,#1913,
#1914,#1915,#1916,#1917,#1918,#1919,#1920,#1921,#1922,#1923,#1924,#1925,
#1926,#1927,#1928,#1929,#1930,#1931,#1932,#1933,#1934,#1935,#1936,#1937,
#1938,#1939,#1940,#1941,#1942,#1943,#1944,#1945,#1946,#1947,#1948,#1949,
#1950),.UNSPECIFIED.,.F.,.F.,(4,3,3,3,3,3,3,3,3,3,3,3,3,3,3,3,3,3,3,3,3,
3,3,3,3,3,3,3,3,3,3,3,3,3,4),(0.,0.0465072720273985,0.0627582588921619,
0.109400816370845,0.155951251728997,0.197455675667418,0.206890671654555,
0.212625030096954,0.258182333239521,0.30340574817556,0.321968947482682,
0.36750729402313,0.393007108616417,0.405453509188248,0.411361531301529,
0.455896428461568,0.500343248124144,0.544086474654033,0.571505810769428,
0.601475505009122,0.60678355760445,0.650061172447926,0.69350422464193,0.736587144122627,
0.773925254404801,0.795556456557211,0.802494460530167,0.811263364686975,
0.853877864629122,0.89643898222074,0.916454748050357,0.924796915610752,
0.966620166698662,1.00777557288283,1.04101767132062),.UNSPECIFIED.);
#227=B_SPLINE_CURVE_WITH_KNOTS('',3,(#2147,#2148,#2149,#2150,#2151,#2152,
#2153,#2154,#2155,#2156,#2157,#2158,#2159,#2160,#2161,#2162,#2163,#2164,
#2165,#2166,#2167,#2168,#2169,#2170,#2171,#2172,#2173,#2174,#2175,#2176,
#2177),.UNSPECIFIED.,.F.,.F.,(4,3,3,3,3,3,3,3,3,3,4),(7.3984300762684,7.80427392531607,
8.77980816598058,9.26757528631283,9.75534240664509,10.2431095269773,10.7308766473096,
11.2186437676419,11.7064108879741,12.1941780083064,12.5663706143592),
 .UNSPECIFIED.);
#228=B_SPLINE_CURVE_WITH_KNOTS('',3,(#2178,#2179,#2180,#2181,#2182,#2183,
#2184,#2185,#2186,#2187,#2188,#2189,#2190),.UNSPECIFIED.,.F.,.F.,(4,1,1,
1,1,1,1,1,1,1,4),(10.376176187289,10.7483687933418,11.2361359136741,11.7239030340063,
12.2116701543386,12.6994372746709,13.1872043950031,13.6749715153354,14.1627386356676,
15.1382728763321,15.707963267949),.UNSPECIFIED.);
#229=B_SPLINE_CURVE_WITH_KNOTS('',3,(#2192,#2193,#2194,#2195,#2196,#2197,
#2198,#2199,#2200,#2201,#2202,#2203),.UNSPECIFIED.,.F.,.F.,(4,1,1,1,1,1,
1,1,1,4),(11.6149723878395,12.1027395081718,12.590506628504,13.0782737488363,
13.5660408691685,14.0538079895008,14.541575109833,15.0293422301653,15.5171093504976,
15.707963267949),.UNSPECIFIED.);
#230=B_SPLINE_CURVE_WITH_KNOTS('',3,(#2324,#2325,#2326,#2327,#2328,#2329,
#2330,#2331,#2332,#2333,#2334,#2335,#2336,#2337,#2338,#2339,#2340,#2341,
#2342,#2343,#2344,#2345,#2346,#2347,#2348,#2349,#2350,#2351),
 .UNSPECIFIED.,.F.,.F.,(4,3,3,3,3,3,3,3,3,4),(-14.6330136099676,-14.1452464896354,
-13.6574793693031,-13.1697122489709,-12.6819451286386,-12.1941780083064,
-11.7064108879741,-11.2186437676419,-10.7308766473096,-10.376176187289),
 .UNSPECIFIED.);
#231=LINE('',#1312,#302);
#232=LINE('',#1345,#303);
#233=LINE('',#1420,#304);
#234=LINE('',#1440,#305);
#235=LINE('',#1475,#306);
#236=LINE('',#1709,#307);
#237=LINE('',#1713,#308);
#238=LINE('',#1717,#309);
#239=LINE('',#1721,#310);
#240=LINE('',#1725,#311);
#241=LINE('',#1730,#312);
#242=LINE('',#1734,#313);
#243=LINE('',#1953,#314);
#244=LINE('',#1955,#315);
#245=LINE('',#1959,#316);
#246=LINE('',#1963,#317);
#247=LINE('',#1967,#318);
#248=LINE('',#1971,#319);
#249=LINE('',#1975,#320);
#250=LINE('',#1979,#321);
#251=LINE('',#1983,#322);
#252=LINE('',#1987,#323);
#253=LINE('',#1991,#324);
#254=LINE('',#1995,#325);
#255=LINE('',#1999,#326);
#256=LINE('',#2001,#327);
#257=LINE('',#2005,#328);
#258=LINE('',#2007,#329);
#259=LINE('',#2011,#330);
#260=LINE('',#2013,#331);
#261=LINE('',#2017,#332);
#262=LINE('',#2019,#333);
#263=LINE('',#2023,#334);
#264=LINE('',#2025,#335);
#265=LINE('',#2355,#336);
#266=LINE('',#2357,#337);
#267=LINE('',#2358,#338);
#268=LINE('',#2361,#339);
#269=LINE('',#2363,#340);
#270=LINE('',#2364,#341);
#271=LINE('',#2371,#342);
#272=LINE('',#2373,#343);
#273=LINE('',#2374,#344);
#274=LINE('',#2377,#345);
#275=LINE('',#2379,#346);
#276=LINE('',#2380,#347);
#277=LINE('',#2387,#348);
#278=LINE('',#2389,#349);
#279=LINE('',#2390,#350);
#280=LINE('',#2393,#351);
#281=LINE('',#2395,#352);
#282=LINE('',#2396,#353);
#283=LINE('',#2405,#354);
#284=LINE('',#2407,#355);
#285=LINE('',#2408,#356);
#286=LINE('',#2411,#357);
#287=LINE('',#2413,#358);
#288=LINE('',#2414,#359);
#289=LINE('',#2421,#360);
#290=LINE('',#2423,#361);
#291=LINE('',#2424,#362);
#292=LINE('',#2427,#363);
#293=LINE('',#2429,#364);
#294=LINE('',#2430,#365);
#295=LINE('',#2437,#366);
#296=LINE('',#2439,#367);
#297=LINE('',#2440,#368);
#298=LINE('',#2444,#369);
#299=LINE('',#2445,#370);
#300=LINE('',#2448,#371);
#301=LINE('',#2449,#372);
#302=VECTOR('',#1049,5.);
#303=VECTOR('',#1054,5.);
#304=VECTOR('',#1057,4.57045);
#305=VECTOR('',#1062,4.57045);
#306=VECTOR('',#1067,8.3);
#307=VECTOR('',#1092,1.25);
#308=VECTOR('',#1097,1.25);
#309=VECTOR('',#1102,1.25);
#310=VECTOR('',#1107,1.25);
#311=VECTOR('',#1112,12.5);
#312=VECTOR('',#1117,10.);
#313=VECTOR('',#1120,10.);
#314=VECTOR('',#1127,10.);
#315=VECTOR('',#1128,10.);
#316=VECTOR('',#1131,10.);
#317=VECTOR('',#1134,10.);
#318=VECTOR('',#1137,10.);
#319=VECTOR('',#1140,10.);
#320=VECTOR('',#1143,10.);
#321=VECTOR('',#1146,10.);
#322=VECTOR('',#1149,10.);
#323=VECTOR('',#1152,10.);
#324=VECTOR('',#1155,10.);
#325=VECTOR('',#1158,10.);
#326=VECTOR('',#1163,10.);
#327=VECTOR('',#1164,10.);
#328=VECTOR('',#1169,10.);
#329=VECTOR('',#1170,10.);
#330=VECTOR('',#1175,10.);
#331=VECTOR('',#1176,10.);
#332=VECTOR('',#1181,10.);
#333=VECTOR('',#1182,10.);
#334=VECTOR('',#1187,10.);
#335=VECTOR('',#1188,10.);
#336=VECTOR('',#1197,10.);
#337=VECTOR('',#1198,10.);
#338=VECTOR('',#1199,10.);
#339=VECTOR('',#1202,10.);
#340=VECTOR('',#1203,10.);
#341=VECTOR('',#1204,10.);
#342=VECTOR('',#1215,10.);
#343=VECTOR('',#1216,10.);
#344=VECTOR('',#1217,10.);
#345=VECTOR('',#1220,10.);
#346=VECTOR('',#1221,10.);
#347=VECTOR('',#1222,10.);
#348=VECTOR('',#1233,10.);
#349=VECTOR('',#1234,10.);
#350=VECTOR('',#1235,10.);
#351=VECTOR('',#1238,10.);
#352=VECTOR('',#1239,10.);
#353=VECTOR('',#1240,10.);
#354=VECTOR('',#1253,10.);
#355=VECTOR('',#1254,10.);
#356=VECTOR('',#1255,10.);
#357=VECTOR('',#1258,10.);
#358=VECTOR('',#1259,10.);
#359=VECTOR('',#1260,10.);
#360=VECTOR('',#1271,10.);
#361=VECTOR('',#1272,10.);
#362=VECTOR('',#1273,10.);
#363=VECTOR('',#1276,10.);
#364=VECTOR('',#1277,10.);
#365=VECTOR('',#1278,10.);
#366=VECTOR('',#1289,10.);
#367=VECTOR('',#1290,10.);
#368=VECTOR('',#1291,10.);
#369=VECTOR('',#1296,10.);
#370=VECTOR('',#1297,3.);
#371=VECTOR('',#1300,10.);
#372=VECTOR('',#1301,10.);
#373=VERTEX_POINT('',#1310);
#374=VERTEX_POINT('',#1311);
#375=VERTEX_POINT('',#1313);
#376=VERTEX_POINT('',#1330);
#377=VERTEX_POINT('',#1343);
#378=VERTEX_POINT('',#1344);
#379=VERTEX_POINT('',#1418);
#380=VERTEX_POINT('',#1419);
#381=VERTEX_POINT('',#1421);
#382=VERTEX_POINT('',#1430);
#383=VERTEX_POINT('',#1438);
#384=VERTEX_POINT('',#1439);
#385=VERTEX_POINT('',#1472);
#386=VERTEX_POINT('',#1474);
#387=VERTEX_POINT('',#1478);
#388=VERTEX_POINT('',#1481);
#389=VERTEX_POINT('',#1483);
#390=VERTEX_POINT('',#1485);
#391=VERTEX_POINT('',#1487);
#392=VERTEX_POINT('',#1489);
#393=VERTEX_POINT('',#1491);
#394=VERTEX_POINT('',#1595);
#395=VERTEX_POINT('',#1707);
#396=VERTEX_POINT('',#1711);
#397=VERTEX_POINT('',#1715);
#398=VERTEX_POINT('',#1719);
#399=VERTEX_POINT('',#1723);
#400=VERTEX_POINT('',#1728);
#401=VERTEX_POINT('',#1729);
#402=VERTEX_POINT('',#1731);
#403=VERTEX_POINT('',#1733);
#404=VERTEX_POINT('',#1737);
#405=VERTEX_POINT('',#1847);
#406=VERTEX_POINT('',#1952);
#407=VERTEX_POINT('',#1954);
#408=VERTEX_POINT('',#1956);
#409=VERTEX_POINT('',#1958);
#410=VERTEX_POINT('',#1960);
#411=VERTEX_POINT('',#1962);
#412=VERTEX_POINT('',#1964);
#413=VERTEX_POINT('',#1966);
#414=VERTEX_POINT('',#1968);
#415=VERTEX_POINT('',#1970);
#416=VERTEX_POINT('',#1972);
#417=VERTEX_POINT('',#1974);
#418=VERTEX_POINT('',#1976);
#419=VERTEX_POINT('',#1978);
#420=VERTEX_POINT('',#1980);
#421=VERTEX_POINT('',#1982);
#422=VERTEX_POINT('',#1984);
#423=VERTEX_POINT('',#1986);
#424=VERTEX_POINT('',#1988);
#425=VERTEX_POINT('',#1990);
#426=VERTEX_POINT('',#1992);
#427=VERTEX_POINT('',#1994);
#428=VERTEX_POINT('',#1998);
#429=VERTEX_POINT('',#2000);
#430=VERTEX_POINT('',#2004);
#431=VERTEX_POINT('',#2006);
#432=VERTEX_POINT('',#2010);
#433=VERTEX_POINT('',#2012);
#434=VERTEX_POINT('',#2016);
#435=VERTEX_POINT('',#2018);
#436=VERTEX_POINT('',#2022);
#437=VERTEX_POINT('',#2024);
#438=VERTEX_POINT('',#2354);
#439=VERTEX_POINT('',#2356);
#440=VERTEX_POINT('',#2360);
#441=VERTEX_POINT('',#2362);
#442=VERTEX_POINT('',#2370);
#443=VERTEX_POINT('',#2372);
#444=VERTEX_POINT('',#2376);
#445=VERTEX_POINT('',#2378);
#446=VERTEX_POINT('',#2386);
#447=VERTEX_POINT('',#2388);
#448=VERTEX_POINT('',#2392);
#449=VERTEX_POINT('',#2394);
#450=VERTEX_POINT('',#2400);
#451=VERTEX_POINT('',#2404);
#452=VERTEX_POINT('',#2406);
#453=VERTEX_POINT('',#2410);
#454=VERTEX_POINT('',#2412);
#455=VERTEX_POINT('',#2420);
#456=VERTEX_POINT('',#2422);
#457=VERTEX_POINT('',#2426);
#458=VERTEX_POINT('',#2428);
#459=VERTEX_POINT('',#2436);
#460=VERTEX_POINT('',#2438);
#461=VERTEX_POINT('',#2442);
#462=VERTEX_POINT('',#2447);
#463=EDGE_CURVE('',#373,#374,#231,.T.);
#464=EDGE_CURVE('',#373,#375,#215,.T.);
#465=EDGE_CURVE('',#376,#375,#167,.F.);
#466=EDGE_CURVE('',#376,#374,#216,.T.);
#467=EDGE_CURVE('',#377,#378,#232,.T.);
#468=EDGE_CURVE('',#377,#373,#217,.T.);
#469=EDGE_CURVE('',#374,#378,#218,.T.);
#470=EDGE_CURVE('',#379,#380,#233,.T.);
#471=EDGE_CURVE('',#379,#381,#219,.T.);
#472=EDGE_CURVE('',#382,#381,#168,.T.);
#473=EDGE_CURVE('',#380,#382,#220,.T.);
#474=EDGE_CURVE('',#383,#384,#234,.T.);
#475=EDGE_CURVE('',#383,#379,#221,.T.);
#476=EDGE_CURVE('',#384,#380,#222,.T.);
#477=EDGE_CURVE('',#385,#385,#169,.T.);
#478=EDGE_CURVE('',#385,#386,#235,.T.);
#479=EDGE_CURVE('',#386,#386,#170,.T.);
#480=EDGE_CURVE('',#387,#387,#171,.T.);
#481=EDGE_CURVE('',#388,#388,#172,.T.);
#482=EDGE_CURVE('',#389,#389,#173,.T.);
#483=EDGE_CURVE('',#390,#390,#174,.T.);
#484=EDGE_CURVE('',#391,#391,#175,.T.);
#485=EDGE_CURVE('',#392,#392,#176,.T.);
#486=EDGE_CURVE('',#393,#382,#223,.T.);
#487=EDGE_CURVE('',#381,#394,#224,.T.);
#488=EDGE_CURVE('',#394,#393,#177,.T.);
#489=EDGE_CURVE('',#395,#395,#178,.T.);
#490=EDGE_CURVE('',#395,#389,#236,.T.);
#491=EDGE_CURVE('',#396,#396,#179,.T.);
#492=EDGE_CURVE('',#396,#390,#237,.T.);
#493=EDGE_CURVE('',#397,#397,#180,.T.);
#494=EDGE_CURVE('',#397,#391,#238,.T.);
#495=EDGE_CURVE('',#398,#398,#181,.T.);
#496=EDGE_CURVE('',#398,#392,#239,.T.);
#497=EDGE_CURVE('',#399,#399,#182,.T.);
#498=EDGE_CURVE('',#399,#388,#240,.T.);
#499=EDGE_CURVE('',#400,#401,#241,.T.);
#500=EDGE_CURVE('',#401,#402,#183,.T.);
#501=EDGE_CURVE('',#402,#403,#242,.T.);
#502=EDGE_CURVE('',#403,#400,#184,.T.);
#503=EDGE_CURVE('',#404,#376,#225,.T.);
#504=EDGE_CURVE('',#375,#405,#226,.T.);
#505=EDGE_CURVE('',#405,#404,#185,.T.);
#506=EDGE_CURVE('',#406,#402,#243,.T.);
#507=EDGE_CURVE('',#401,#407,#244,.T.);
#508=EDGE_CURVE('',#407,#408,#186,.T.);
#509=EDGE_CURVE('',#408,#409,#245,.T.);
#510=EDGE_CURVE('',#410,#409,#187,.T.);
#511=EDGE_CURVE('',#410,#411,#246,.T.);
#512=EDGE_CURVE('',#411,#412,#188,.T.);
#513=EDGE_CURVE('',#412,#413,#247,.T.);
#514=EDGE_CURVE('',#414,#413,#189,.T.);
#515=EDGE_CURVE('',#414,#415,#248,.T.);
#516=EDGE_CURVE('',#415,#416,#190,.T.);
#517=EDGE_CURVE('',#416,#417,#249,.T.);
#518=EDGE_CURVE('',#418,#417,#191,.T.);
#519=EDGE_CURVE('',#418,#419,#250,.T.);
#520=EDGE_CURVE('',#419,#420,#192,.T.);
#521=EDGE_CURVE('',#420,#421,#251,.T.);
#522=EDGE_CURVE('',#422,#421,#193,.T.);
#523=EDGE_CURVE('',#422,#423,#252,.T.);
#524=EDGE_CURVE('',#423,#424,#194,.T.);
#525=EDGE_CURVE('',#424,#425,#253,.T.);
#526=EDGE_CURVE('',#426,#425,#195,.T.);
#527=EDGE_CURVE('',#426,#427,#254,.T.);
#528=EDGE_CURVE('',#427,#406,#196,.T.);
#529=EDGE_CURVE('',#428,#410,#255,.T.);
#530=EDGE_CURVE('',#409,#429,#256,.T.);
#531=EDGE_CURVE('',#429,#428,#197,.T.);
#532=EDGE_CURVE('',#430,#414,#257,.T.);
#533=EDGE_CURVE('',#413,#431,#258,.T.);
#534=EDGE_CURVE('',#431,#430,#198,.T.);
#535=EDGE_CURVE('',#432,#418,#259,.T.);
#536=EDGE_CURVE('',#417,#433,#260,.T.);
#537=EDGE_CURVE('',#433,#432,#199,.T.);
#538=EDGE_CURVE('',#434,#422,#261,.T.);
#539=EDGE_CURVE('',#421,#435,#262,.T.);
#540=EDGE_CURVE('',#435,#434,#200,.T.);
#541=EDGE_CURVE('',#436,#426,#263,.T.);
#542=EDGE_CURVE('',#425,#437,#264,.T.);
#543=EDGE_CURVE('',#437,#436,#201,.T.);
#544=EDGE_CURVE('',#378,#393,#227,.T.);
#545=EDGE_CURVE('',#404,#384,#228,.T.);
#546=EDGE_CURVE('',#405,#383,#229,.T.);
#547=EDGE_CURVE('',#394,#377,#230,.T.);
#548=EDGE_CURVE('',#434,#438,#265,.T.);
#549=EDGE_CURVE('',#439,#438,#266,.T.);
#550=EDGE_CURVE('',#423,#439,#267,.T.);
#551=EDGE_CURVE('',#420,#440,#268,.T.);
#552=EDGE_CURVE('',#441,#440,#269,.T.);
#553=EDGE_CURVE('',#435,#441,#270,.T.);
#554=EDGE_CURVE('',#438,#441,#202,.T.);
#555=EDGE_CURVE('',#440,#439,#203,.T.);
#556=EDGE_CURVE('',#400,#442,#271,.T.);
#557=EDGE_CURVE('',#443,#442,#272,.T.);
#558=EDGE_CURVE('',#407,#443,#273,.T.);
#559=EDGE_CURVE('',#406,#444,#274,.T.);
#560=EDGE_CURVE('',#445,#444,#275,.T.);
#561=EDGE_CURVE('',#403,#445,#276,.T.);
#562=EDGE_CURVE('',#442,#445,#204,.T.);
#563=EDGE_CURVE('',#444,#443,#205,.T.);
#564=EDGE_CURVE('',#428,#446,#277,.T.);
#565=EDGE_CURVE('',#447,#446,#278,.T.);
#566=EDGE_CURVE('',#411,#447,#279,.T.);
#567=EDGE_CURVE('',#408,#448,#280,.T.);
#568=EDGE_CURVE('',#449,#448,#281,.T.);
#569=EDGE_CURVE('',#429,#449,#282,.T.);
#570=EDGE_CURVE('',#446,#449,#206,.T.);
#571=EDGE_CURVE('',#448,#450,#207,.T.);
#572=EDGE_CURVE('',#450,#447,#208,.T.);
#573=EDGE_CURVE('',#436,#451,#283,.T.);
#574=EDGE_CURVE('',#452,#451,#284,.T.);
#575=EDGE_CURVE('',#427,#452,#285,.T.);
#576=EDGE_CURVE('',#424,#453,#286,.T.);
#577=EDGE_CURVE('',#454,#453,#287,.T.);
#578=EDGE_CURVE('',#437,#454,#288,.T.);
#579=EDGE_CURVE('',#451,#454,#209,.T.);
#580=EDGE_CURVE('',#453,#452,#210,.T.);
#581=EDGE_CURVE('',#432,#455,#289,.T.);
#582=EDGE_CURVE('',#456,#455,#290,.T.);
#583=EDGE_CURVE('',#419,#456,#291,.T.);
#584=EDGE_CURVE('',#416,#457,#292,.T.);
#585=EDGE_CURVE('',#458,#457,#293,.T.);
#586=EDGE_CURVE('',#433,#458,#294,.T.);
#587=EDGE_CURVE('',#455,#458,#211,.T.);
#588=EDGE_CURVE('',#457,#456,#212,.T.);
#589=EDGE_CURVE('',#430,#459,#295,.T.);
#590=EDGE_CURVE('',#460,#459,#296,.T.);
#591=EDGE_CURVE('',#415,#460,#297,.T.);
#592=EDGE_CURVE('',#461,#460,#213,.T.);
#593=EDGE_CURVE('',#412,#461,#298,.T.);
#594=EDGE_CURVE('',#450,#387,#299,.T.);
#595=EDGE_CURVE('',#462,#461,#300,.T.);
#596=EDGE_CURVE('',#431,#462,#301,.T.);
#597=EDGE_CURVE('',#459,#462,#214,.T.);
#598=ORIENTED_EDGE('',*,*,#463,.F.);
#599=ORIENTED_EDGE('',*,*,#464,.T.);
#600=ORIENTED_EDGE('',*,*,#465,.F.);
#601=ORIENTED_EDGE('',*,*,#466,.T.);
#602=ORIENTED_EDGE('',*,*,#467,.F.);
#603=ORIENTED_EDGE('',*,*,#468,.T.);
#604=ORIENTED_EDGE('',*,*,#463,.T.);
#605=ORIENTED_EDGE('',*,*,#469,.T.);
#606=ORIENTED_EDGE('',*,*,#470,.F.);
#607=ORIENTED_EDGE('',*,*,#471,.T.);
#608=ORIENTED_EDGE('',*,*,#472,.F.);
#609=ORIENTED_EDGE('',*,*,#473,.F.);
#610=ORIENTED_EDGE('',*,*,#474,.F.);
#611=ORIENTED_EDGE('',*,*,#475,.T.);
#612=ORIENTED_EDGE('',*,*,#470,.T.);
#613=ORIENTED_EDGE('',*,*,#476,.F.);
#614=ORIENTED_EDGE('',*,*,#477,.F.);
#615=ORIENTED_EDGE('',*,*,#478,.T.);
#616=ORIENTED_EDGE('',*,*,#479,.T.);
#617=ORIENTED_EDGE('',*,*,#478,.F.);
#618=ORIENTED_EDGE('',*,*,#479,.F.);
#619=ORIENTED_EDGE('',*,*,#480,.F.);
#620=ORIENTED_EDGE('',*,*,#481,.F.);
#621=ORIENTED_EDGE('',*,*,#482,.F.);
#622=ORIENTED_EDGE('',*,*,#483,.F.);
#623=ORIENTED_EDGE('',*,*,#484,.F.);
#624=ORIENTED_EDGE('',*,*,#485,.F.);
#625=ORIENTED_EDGE('',*,*,#486,.T.);
#626=ORIENTED_EDGE('',*,*,#472,.T.);
#627=ORIENTED_EDGE('',*,*,#487,.T.);
#628=ORIENTED_EDGE('',*,*,#488,.T.);
#629=ORIENTED_EDGE('',*,*,#489,.F.);
#630=ORIENTED_EDGE('',*,*,#490,.T.);
#631=ORIENTED_EDGE('',*,*,#482,.T.);
#632=ORIENTED_EDGE('',*,*,#490,.F.);
#633=ORIENTED_EDGE('',*,*,#491,.F.);
#634=ORIENTED_EDGE('',*,*,#492,.T.);
#635=ORIENTED_EDGE('',*,*,#483,.T.);
#636=ORIENTED_EDGE('',*,*,#492,.F.);
#637=ORIENTED_EDGE('',*,*,#493,.F.);
#638=ORIENTED_EDGE('',*,*,#494,.T.);
#639=ORIENTED_EDGE('',*,*,#484,.T.);
#640=ORIENTED_EDGE('',*,*,#494,.F.);
#641=ORIENTED_EDGE('',*,*,#495,.F.);
#642=ORIENTED_EDGE('',*,*,#496,.T.);
#643=ORIENTED_EDGE('',*,*,#485,.T.);
#644=ORIENTED_EDGE('',*,*,#496,.F.);
#645=ORIENTED_EDGE('',*,*,#497,.F.);
#646=ORIENTED_EDGE('',*,*,#498,.T.);
#647=ORIENTED_EDGE('',*,*,#481,.T.);
#648=ORIENTED_EDGE('',*,*,#498,.F.);
#649=ORIENTED_EDGE('',*,*,#497,.T.);
#650=ORIENTED_EDGE('',*,*,#477,.T.);
#651=ORIENTED_EDGE('',*,*,#495,.T.);
#652=ORIENTED_EDGE('',*,*,#493,.T.);
#653=ORIENTED_EDGE('',*,*,#491,.T.);
#654=ORIENTED_EDGE('',*,*,#489,.T.);
#655=ORIENTED_EDGE('',*,*,#499,.T.);
#656=ORIENTED_EDGE('',*,*,#500,.T.);
#657=ORIENTED_EDGE('',*,*,#501,.T.);
#658=ORIENTED_EDGE('',*,*,#502,.T.);
#659=ORIENTED_EDGE('',*,*,#503,.T.);
#660=ORIENTED_EDGE('',*,*,#465,.T.);
#661=ORIENTED_EDGE('',*,*,#504,.T.);
#662=ORIENTED_EDGE('',*,*,#505,.T.);
#663=ORIENTED_EDGE('',*,*,#506,.T.);
#664=ORIENTED_EDGE('',*,*,#500,.F.);
#665=ORIENTED_EDGE('',*,*,#507,.T.);
#666=ORIENTED_EDGE('',*,*,#508,.T.);
#667=ORIENTED_EDGE('',*,*,#509,.T.);
#668=ORIENTED_EDGE('',*,*,#510,.F.);
#669=ORIENTED_EDGE('',*,*,#511,.T.);
#670=ORIENTED_EDGE('',*,*,#512,.T.);
#671=ORIENTED_EDGE('',*,*,#513,.T.);
#672=ORIENTED_EDGE('',*,*,#514,.F.);
#673=ORIENTED_EDGE('',*,*,#515,.T.);
#674=ORIENTED_EDGE('',*,*,#516,.T.);
#675=ORIENTED_EDGE('',*,*,#517,.T.);
#676=ORIENTED_EDGE('',*,*,#518,.F.);
#677=ORIENTED_EDGE('',*,*,#519,.T.);
#678=ORIENTED_EDGE('',*,*,#520,.T.);
#679=ORIENTED_EDGE('',*,*,#521,.T.);
#680=ORIENTED_EDGE('',*,*,#522,.F.);
#681=ORIENTED_EDGE('',*,*,#523,.T.);
#682=ORIENTED_EDGE('',*,*,#524,.T.);
#683=ORIENTED_EDGE('',*,*,#525,.T.);
#684=ORIENTED_EDGE('',*,*,#526,.F.);
#685=ORIENTED_EDGE('',*,*,#527,.T.);
#686=ORIENTED_EDGE('',*,*,#528,.T.);
#687=ORIENTED_EDGE('',*,*,#529,.T.);
#688=ORIENTED_EDGE('',*,*,#510,.T.);
#689=ORIENTED_EDGE('',*,*,#530,.T.);
#690=ORIENTED_EDGE('',*,*,#531,.T.);
#691=ORIENTED_EDGE('',*,*,#532,.T.);
#692=ORIENTED_EDGE('',*,*,#514,.T.);
#693=ORIENTED_EDGE('',*,*,#533,.T.);
#694=ORIENTED_EDGE('',*,*,#534,.T.);
#695=ORIENTED_EDGE('',*,*,#535,.T.);
#696=ORIENTED_EDGE('',*,*,#518,.T.);
#697=ORIENTED_EDGE('',*,*,#536,.T.);
#698=ORIENTED_EDGE('',*,*,#537,.T.);
#699=ORIENTED_EDGE('',*,*,#538,.T.);
#700=ORIENTED_EDGE('',*,*,#522,.T.);
#701=ORIENTED_EDGE('',*,*,#539,.T.);
#702=ORIENTED_EDGE('',*,*,#540,.T.);
#703=ORIENTED_EDGE('',*,*,#541,.T.);
#704=ORIENTED_EDGE('',*,*,#526,.T.);
#705=ORIENTED_EDGE('',*,*,#542,.T.);
#706=ORIENTED_EDGE('',*,*,#543,.T.);
#707=ORIENTED_EDGE('',*,*,#486,.F.);
#708=ORIENTED_EDGE('',*,*,#544,.F.);
#709=ORIENTED_EDGE('',*,*,#469,.F.);
#710=ORIENTED_EDGE('',*,*,#466,.F.);
#711=ORIENTED_EDGE('',*,*,#503,.F.);
#712=ORIENTED_EDGE('',*,*,#545,.T.);
#713=ORIENTED_EDGE('',*,*,#476,.T.);
#714=ORIENTED_EDGE('',*,*,#473,.T.);
#715=ORIENTED_EDGE('',*,*,#474,.T.);
#716=ORIENTED_EDGE('',*,*,#545,.F.);
#717=ORIENTED_EDGE('',*,*,#505,.F.);
#718=ORIENTED_EDGE('',*,*,#546,.T.);
#719=ORIENTED_EDGE('',*,*,#487,.F.);
#720=ORIENTED_EDGE('',*,*,#471,.F.);
#721=ORIENTED_EDGE('',*,*,#475,.F.);
#722=ORIENTED_EDGE('',*,*,#546,.F.);
#723=ORIENTED_EDGE('',*,*,#504,.F.);
#724=ORIENTED_EDGE('',*,*,#464,.F.);
#725=ORIENTED_EDGE('',*,*,#468,.F.);
#726=ORIENTED_EDGE('',*,*,#547,.F.);
#727=ORIENTED_EDGE('',*,*,#467,.T.);
#728=ORIENTED_EDGE('',*,*,#544,.T.);
#729=ORIENTED_EDGE('',*,*,#488,.F.);
#730=ORIENTED_EDGE('',*,*,#547,.T.);
#731=ORIENTED_EDGE('',*,*,#523,.F.);
#732=ORIENTED_EDGE('',*,*,#538,.F.);
#733=ORIENTED_EDGE('',*,*,#548,.T.);
#734=ORIENTED_EDGE('',*,*,#549,.F.);
#735=ORIENTED_EDGE('',*,*,#550,.F.);
#736=ORIENTED_EDGE('',*,*,#521,.F.);
#737=ORIENTED_EDGE('',*,*,#551,.T.);
#738=ORIENTED_EDGE('',*,*,#552,.F.);
#739=ORIENTED_EDGE('',*,*,#553,.F.);
#740=ORIENTED_EDGE('',*,*,#539,.F.);
#741=ORIENTED_EDGE('',*,*,#540,.F.);
#742=ORIENTED_EDGE('',*,*,#553,.T.);
#743=ORIENTED_EDGE('',*,*,#554,.F.);
#744=ORIENTED_EDGE('',*,*,#548,.F.);
#745=ORIENTED_EDGE('',*,*,#554,.T.);
#746=ORIENTED_EDGE('',*,*,#552,.T.);
#747=ORIENTED_EDGE('',*,*,#555,.T.);
#748=ORIENTED_EDGE('',*,*,#549,.T.);
#749=ORIENTED_EDGE('',*,*,#507,.F.);
#750=ORIENTED_EDGE('',*,*,#499,.F.);
#751=ORIENTED_EDGE('',*,*,#556,.T.);
#752=ORIENTED_EDGE('',*,*,#557,.F.);
#753=ORIENTED_EDGE('',*,*,#558,.F.);
#754=ORIENTED_EDGE('',*,*,#506,.F.);
#755=ORIENTED_EDGE('',*,*,#559,.T.);
#756=ORIENTED_EDGE('',*,*,#560,.F.);
#757=ORIENTED_EDGE('',*,*,#561,.F.);
#758=ORIENTED_EDGE('',*,*,#501,.F.);
#759=ORIENTED_EDGE('',*,*,#502,.F.);
#760=ORIENTED_EDGE('',*,*,#561,.T.);
#761=ORIENTED_EDGE('',*,*,#562,.F.);
#762=ORIENTED_EDGE('',*,*,#556,.F.);
#763=ORIENTED_EDGE('',*,*,#562,.T.);
#764=ORIENTED_EDGE('',*,*,#560,.T.);
#765=ORIENTED_EDGE('',*,*,#563,.T.);
#766=ORIENTED_EDGE('',*,*,#557,.T.);
#767=ORIENTED_EDGE('',*,*,#511,.F.);
#768=ORIENTED_EDGE('',*,*,#529,.F.);
#769=ORIENTED_EDGE('',*,*,#564,.T.);
#770=ORIENTED_EDGE('',*,*,#565,.F.);
#771=ORIENTED_EDGE('',*,*,#566,.F.);
#772=ORIENTED_EDGE('',*,*,#509,.F.);
#773=ORIENTED_EDGE('',*,*,#567,.T.);
#774=ORIENTED_EDGE('',*,*,#568,.F.);
#775=ORIENTED_EDGE('',*,*,#569,.F.);
#776=ORIENTED_EDGE('',*,*,#530,.F.);
#777=ORIENTED_EDGE('',*,*,#531,.F.);
#778=ORIENTED_EDGE('',*,*,#569,.T.);
#779=ORIENTED_EDGE('',*,*,#570,.F.);
#780=ORIENTED_EDGE('',*,*,#564,.F.);
#781=ORIENTED_EDGE('',*,*,#570,.T.);
#782=ORIENTED_EDGE('',*,*,#568,.T.);
#783=ORIENTED_EDGE('',*,*,#571,.T.);
#784=ORIENTED_EDGE('',*,*,#572,.T.);
#785=ORIENTED_EDGE('',*,*,#565,.T.);
#786=ORIENTED_EDGE('',*,*,#527,.F.);
#787=ORIENTED_EDGE('',*,*,#541,.F.);
#788=ORIENTED_EDGE('',*,*,#573,.T.);
#789=ORIENTED_EDGE('',*,*,#574,.F.);
#790=ORIENTED_EDGE('',*,*,#575,.F.);
#791=ORIENTED_EDGE('',*,*,#525,.F.);
#792=ORIENTED_EDGE('',*,*,#576,.T.);
#793=ORIENTED_EDGE('',*,*,#577,.F.);
#794=ORIENTED_EDGE('',*,*,#578,.F.);
#795=ORIENTED_EDGE('',*,*,#542,.F.);
#796=ORIENTED_EDGE('',*,*,#543,.F.);
#797=ORIENTED_EDGE('',*,*,#578,.T.);
#798=ORIENTED_EDGE('',*,*,#579,.F.);
#799=ORIENTED_EDGE('',*,*,#573,.F.);
#800=ORIENTED_EDGE('',*,*,#579,.T.);
#801=ORIENTED_EDGE('',*,*,#577,.T.);
#802=ORIENTED_EDGE('',*,*,#580,.T.);
#803=ORIENTED_EDGE('',*,*,#574,.T.);
#804=ORIENTED_EDGE('',*,*,#519,.F.);
#805=ORIENTED_EDGE('',*,*,#535,.F.);
#806=ORIENTED_EDGE('',*,*,#581,.T.);
#807=ORIENTED_EDGE('',*,*,#582,.F.);
#808=ORIENTED_EDGE('',*,*,#583,.F.);
#809=ORIENTED_EDGE('',*,*,#517,.F.);
#810=ORIENTED_EDGE('',*,*,#584,.T.);
#811=ORIENTED_EDGE('',*,*,#585,.F.);
#812=ORIENTED_EDGE('',*,*,#586,.F.);
#813=ORIENTED_EDGE('',*,*,#536,.F.);
#814=ORIENTED_EDGE('',*,*,#537,.F.);
#815=ORIENTED_EDGE('',*,*,#586,.T.);
#816=ORIENTED_EDGE('',*,*,#587,.F.);
#817=ORIENTED_EDGE('',*,*,#581,.F.);
#818=ORIENTED_EDGE('',*,*,#587,.T.);
#819=ORIENTED_EDGE('',*,*,#585,.T.);
#820=ORIENTED_EDGE('',*,*,#588,.T.);
#821=ORIENTED_EDGE('',*,*,#582,.T.);
#822=ORIENTED_EDGE('',*,*,#515,.F.);
#823=ORIENTED_EDGE('',*,*,#532,.F.);
#824=ORIENTED_EDGE('',*,*,#589,.T.);
#825=ORIENTED_EDGE('',*,*,#590,.F.);
#826=ORIENTED_EDGE('',*,*,#591,.F.);
#827=ORIENTED_EDGE('',*,*,#591,.T.);
#828=ORIENTED_EDGE('',*,*,#592,.F.);
#829=ORIENTED_EDGE('',*,*,#593,.F.);
#830=ORIENTED_EDGE('',*,*,#512,.F.);
#831=ORIENTED_EDGE('',*,*,#566,.T.);
#832=ORIENTED_EDGE('',*,*,#572,.F.);
#833=ORIENTED_EDGE('',*,*,#594,.T.);
#834=ORIENTED_EDGE('',*,*,#480,.T.);
#835=ORIENTED_EDGE('',*,*,#594,.F.);
#836=ORIENTED_EDGE('',*,*,#571,.F.);
#837=ORIENTED_EDGE('',*,*,#567,.F.);
#838=ORIENTED_EDGE('',*,*,#508,.F.);
#839=ORIENTED_EDGE('',*,*,#558,.T.);
#840=ORIENTED_EDGE('',*,*,#563,.F.);
#841=ORIENTED_EDGE('',*,*,#559,.F.);
#842=ORIENTED_EDGE('',*,*,#528,.F.);
#843=ORIENTED_EDGE('',*,*,#575,.T.);
#844=ORIENTED_EDGE('',*,*,#580,.F.);
#845=ORIENTED_EDGE('',*,*,#576,.F.);
#846=ORIENTED_EDGE('',*,*,#524,.F.);
#847=ORIENTED_EDGE('',*,*,#550,.T.);
#848=ORIENTED_EDGE('',*,*,#555,.F.);
#849=ORIENTED_EDGE('',*,*,#551,.F.);
#850=ORIENTED_EDGE('',*,*,#520,.F.);
#851=ORIENTED_EDGE('',*,*,#583,.T.);
#852=ORIENTED_EDGE('',*,*,#588,.F.);
#853=ORIENTED_EDGE('',*,*,#584,.F.);
#854=ORIENTED_EDGE('',*,*,#516,.F.);
#855=ORIENTED_EDGE('',*,*,#513,.F.);
#856=ORIENTED_EDGE('',*,*,#593,.T.);
#857=ORIENTED_EDGE('',*,*,#595,.F.);
#858=ORIENTED_EDGE('',*,*,#596,.F.);
#859=ORIENTED_EDGE('',*,*,#533,.F.);
#860=ORIENTED_EDGE('',*,*,#534,.F.);
#861=ORIENTED_EDGE('',*,*,#596,.T.);
#862=ORIENTED_EDGE('',*,*,#597,.F.);
#863=ORIENTED_EDGE('',*,*,#589,.F.);
#864=ORIENTED_EDGE('',*,*,#597,.T.);
#865=ORIENTED_EDGE('',*,*,#595,.T.);
#866=ORIENTED_EDGE('',*,*,#592,.T.);
#867=ORIENTED_EDGE('',*,*,#590,.T.);
#868=CYLINDRICAL_SURFACE('',#950,5.425);
#869=CYLINDRICAL_SURFACE('',#952,5.425);
#870=CYLINDRICAL_SURFACE('',#953,4.57045);
#871=CYLINDRICAL_SURFACE('',#955,4.57045);
#872=CYLINDRICAL_SURFACE('',#956,8.3);
#873=CYLINDRICAL_SURFACE('',#968,1.25);
#874=CYLINDRICAL_SURFACE('',#970,1.25);
#875=CYLINDRICAL_SURFACE('',#972,1.25);
#876=CYLINDRICAL_SURFACE('',#974,1.25);
#877=CYLINDRICAL_SURFACE('',#976,12.5);
#878=CYLINDRICAL_SURFACE('',#1005,4.57045);
#879=CYLINDRICAL_SURFACE('',#1006,5.425);
#880=CYLINDRICAL_SURFACE('',#1009,4.);
#881=CYLINDRICAL_SURFACE('',#1015,4.);
#882=CYLINDRICAL_SURFACE('',#1021,4.);
#883=CYLINDRICAL_SURFACE('',#1028,4.);
#884=CYLINDRICAL_SURFACE('',#1034,4.);
#885=CYLINDRICAL_SURFACE('',#1039,3.);
#886=CYLINDRICAL_SURFACE('',#1042,4.);
#887=ADVANCED_FACE('',(#57),#868,.T.);
#888=ADVANCED_FACE('',(#58),#869,.T.);
#889=ADVANCED_FACE('',(#59),#870,.T.);
#890=ADVANCED_FACE('',(#60),#871,.T.);
#891=ADVANCED_FACE('',(#61),#872,.F.);
#892=ADVANCED_FACE('',(#62,#23),#35,.T.);
#893=ADVANCED_FACE('',(#63,#24,#25,#26,#27,#28),#36,.F.);
#894=ADVANCED_FACE('',(#64),#873,.F.);
#895=ADVANCED_FACE('',(#65),#874,.F.);
#896=ADVANCED_FACE('',(#66),#875,.F.);
#897=ADVANCED_FACE('',(#67),#876,.F.);
#898=ADVANCED_FACE('',(#68),#877,.T.);
#899=ADVANCED_FACE('',(#69,#29,#30,#31,#32,#33),#37,.T.);
#900=ADVANCED_FACE('',(#70),#17,.T.);
#901=ADVANCED_FACE('',(#71,#34),#38,.T.);
#902=ADVANCED_FACE('',(#72),#18,.T.);
#903=ADVANCED_FACE('',(#73),#19,.T.);
#904=ADVANCED_FACE('',(#74),#20,.T.);
#905=ADVANCED_FACE('',(#75),#21,.T.);
#906=ADVANCED_FACE('',(#76),#22,.T.);
#907=ADVANCED_FACE('',(#77),#15,.F.);
#908=ADVANCED_FACE('',(#78),#878,.T.);
#909=ADVANCED_FACE('',(#79),#16,.F.);
#910=ADVANCED_FACE('',(#80),#879,.T.);
#911=ADVANCED_FACE('',(#81),#39,.T.);
#912=ADVANCED_FACE('',(#82),#40,.T.);
#913=ADVANCED_FACE('',(#83),#880,.T.);
#914=ADVANCED_FACE('',(#84),#41,.T.);
#915=ADVANCED_FACE('',(#85),#42,.T.);
#916=ADVANCED_FACE('',(#86),#43,.T.);
#917=ADVANCED_FACE('',(#87),#881,.T.);
#918=ADVANCED_FACE('',(#88),#44,.T.);
#919=ADVANCED_FACE('',(#89),#45,.T.);
#920=ADVANCED_FACE('',(#90),#46,.T.);
#921=ADVANCED_FACE('',(#91),#882,.T.);
#922=ADVANCED_FACE('',(#92),#47,.T.);
#923=ADVANCED_FACE('',(#93),#48,.T.);
#924=ADVANCED_FACE('',(#94),#49,.T.);
#925=ADVANCED_FACE('',(#95),#883,.T.);
#926=ADVANCED_FACE('',(#96),#50,.T.);
#927=ADVANCED_FACE('',(#97),#51,.T.);
#928=ADVANCED_FACE('',(#98),#52,.T.);
#929=ADVANCED_FACE('',(#99),#884,.T.);
#930=ADVANCED_FACE('',(#100),#53,.T.);
#931=ADVANCED_FACE('',(#101),#54,.T.);
#932=ADVANCED_FACE('',(#102),#885,.F.);
#933=ADVANCED_FACE('',(#103),#55,.T.);
#934=ADVANCED_FACE('',(#104),#886,.T.);
#935=ADVANCED_FACE('',(#105),#56,.T.);
#936=CLOSED_SHELL('',(#887,#888,#889,#890,#891,#892,#893,#894,#895,#896,
#897,#898,#899,#900,#901,#902,#903,#904,#905,#906,#907,#908,#909,#910,#911,
#912,#913,#914,#915,#916,#917,#918,#919,#920,#921,#922,#923,#924,#925,#926,
#927,#928,#929,#930,#931,#932,#933,#934,#935));
#937=DERIVED_UNIT_ELEMENT(#939,1.);
#938=DERIVED_UNIT_ELEMENT(#2458,-3.);
#939=(
MASS_UNIT()
NAMED_UNIT(*)
SI_UNIT(.KILO.,.GRAM.)
);
#940=DERIVED_UNIT((#937,#938));
#941=MEASURE_REPRESENTATION_ITEM('density measure',
POSITIVE_RATIO_MEASURE(7850.),#940);
#942=PROPERTY_DEFINITION_REPRESENTATION(#947,#944);
#943=PROPERTY_DEFINITION_REPRESENTATION(#948,#945);
#944=REPRESENTATION('material name',(#946),#2455);
#945=REPRESENTATION('density',(#941),#2455);
#946=DESCRIPTIVE_REPRESENTATION_ITEM('Steel','Steel');
#947=PROPERTY_DEFINITION('material property','material name',#2465);
#948=PROPERTY_DEFINITION('material property','density of part',#2465);
#949=AXIS2_PLACEMENT_3D('',#1308,#1045,#1046);
#950=AXIS2_PLACEMENT_3D('',#1309,#1047,#1048);
#951=AXIS2_PLACEMENT_3D('',#1331,#1050,#1051);
#952=AXIS2_PLACEMENT_3D('',#1342,#1052,#1053);
#953=AXIS2_PLACEMENT_3D('',#1417,#1055,#1056);
#954=AXIS2_PLACEMENT_3D('',#1431,#1058,#1059);
#955=AXIS2_PLACEMENT_3D('',#1437,#1060,#1061);
#956=AXIS2_PLACEMENT_3D('',#1471,#1063,#1064);
#957=AXIS2_PLACEMENT_3D('',#1473,#1065,#1066);
#958=AXIS2_PLACEMENT_3D('',#1476,#1068,#1069);
#959=AXIS2_PLACEMENT_3D('',#1477,#1070,#1071);
#960=AXIS2_PLACEMENT_3D('',#1479,#1072,#1073);
#961=AXIS2_PLACEMENT_3D('',#1480,#1074,#1075);
#962=AXIS2_PLACEMENT_3D('',#1482,#1076,#1077);
#963=AXIS2_PLACEMENT_3D('',#1484,#1078,#1079);
#964=AXIS2_PLACEMENT_3D('',#1486,#1080,#1081);
#965=AXIS2_PLACEMENT_3D('',#1488,#1082,#1083);
#966=AXIS2_PLACEMENT_3D('',#1490,#1084,#1085);
#967=AXIS2_PLACEMENT_3D('',#1705,#1086,#1087);
#968=AXIS2_PLACEMENT_3D('',#1706,#1088,#1089);
#969=AXIS2_PLACEMENT_3D('',#1708,#1090,#1091);
#970=AXIS2_PLACEMENT_3D('',#1710,#1093,#1094);
#971=AXIS2_PLACEMENT_3D('',#1712,#1095,#1096);
#972=AXIS2_PLACEMENT_3D('',#1714,#1098,#1099);
#973=AXIS2_PLACEMENT_3D('',#1716,#1100,#1101);
#974=AXIS2_PLACEMENT_3D('',#1718,#1103,#1104);
#975=AXIS2_PLACEMENT_3D('',#1720,#1105,#1106);
#976=AXIS2_PLACEMENT_3D('',#1722,#1108,#1109);
#977=AXIS2_PLACEMENT_3D('',#1724,#1110,#1111);
#978=AXIS2_PLACEMENT_3D('',#1726,#1113,#1114);
#979=AXIS2_PLACEMENT_3D('',#1727,#1115,#1116);
#980=AXIS2_PLACEMENT_3D('',#1732,#1118,#1119);
#981=AXIS2_PLACEMENT_3D('',#1735,#1121,#1122);
#982=AXIS2_PLACEMENT_3D('',#1736,#1123,#1124);
#983=AXIS2_PLACEMENT_3D('',#1951,#1125,#1126);
#984=AXIS2_PLACEMENT_3D('',#1957,#1129,#1130);
#985=AXIS2_PLACEMENT_3D('',#1961,#1132,#1133);
#986=AXIS2_PLACEMENT_3D('',#1965,#1135,#1136);
#987=AXIS2_PLACEMENT_3D('',#1969,#1138,#1139);
#988=AXIS2_PLACEMENT_3D('',#1973,#1141,#1142);
#989=AXIS2_PLACEMENT_3D('',#1977,#1144,#1145);
#990=AXIS2_PLACEMENT_3D('',#1981,#1147,#1148);
#991=AXIS2_PLACEMENT_3D('',#1985,#1150,#1151);
#992=AXIS2_PLACEMENT_3D('',#1989,#1153,#1154);
#993=AXIS2_PLACEMENT_3D('',#1993,#1156,#1157);
#994=AXIS2_PLACEMENT_3D('',#1996,#1159,#1160);
#995=AXIS2_PLACEMENT_3D('',#1997,#1161,#1162);
#996=AXIS2_PLACEMENT_3D('',#2002,#1165,#1166);
#997=AXIS2_PLACEMENT_3D('',#2003,#1167,#1168);
#998=AXIS2_PLACEMENT_3D('',#2008,#1171,#1172);
#999=AXIS2_PLACEMENT_3D('',#2009,#1173,#1174);
#1000=AXIS2_PLACEMENT_3D('',#2014,#1177,#1178);
#1001=AXIS2_PLACEMENT_3D('',#2015,#1179,#1180);
#1002=AXIS2_PLACEMENT_3D('',#2020,#1183,#1184);
#1003=AXIS2_PLACEMENT_3D('',#2021,#1185,#1186);
#1004=AXIS2_PLACEMENT_3D('',#2026,#1189,#1190);
#1005=AXIS2_PLACEMENT_3D('',#2191,#1191,#1192);
#1006=AXIS2_PLACEMENT_3D('',#2352,#1193,#1194);
#1007=AXIS2_PLACEMENT_3D('',#2353,#1195,#1196);
#1008=AXIS2_PLACEMENT_3D('',#2359,#1200,#1201);
#1009=AXIS2_PLACEMENT_3D('',#2365,#1205,#1206);
#1010=AXIS2_PLACEMENT_3D('',#2366,#1207,#1208);
#1011=AXIS2_PLACEMENT_3D('',#2367,#1209,#1210);
#1012=AXIS2_PLACEMENT_3D('',#2368,#1211,#1212);
#1013=AXIS2_PLACEMENT_3D('',#2369,#1213,#1214);
#1014=AXIS2_PLACEMENT_3D('',#2375,#1218,#1219);
#1015=AXIS2_PLACEMENT_3D('',#2381,#1223,#1224);
#1016=AXIS2_PLACEMENT_3D('',#2382,#1225,#1226);
#1017=AXIS2_PLACEMENT_3D('',#2383,#1227,#1228);
#1018=AXIS2_PLACEMENT_3D('',#2384,#1229,#1230);
#1019=AXIS2_PLACEMENT_3D('',#2385,#1231,#1232);
#1020=AXIS2_PLACEMENT_3D('',#2391,#1236,#1237);
#1021=AXIS2_PLACEMENT_3D('',#2397,#1241,#1242);
#1022=AXIS2_PLACEMENT_3D('',#2398,#1243,#1244);
#1023=AXIS2_PLACEMENT_3D('',#2399,#1245,#1246);
#1024=AXIS2_PLACEMENT_3D('',#2401,#1247,#1248);
#1025=AXIS2_PLACEMENT_3D('',#2402,#1249,#1250);
#1026=AXIS2_PLACEMENT_3D('',#2403,#1251,#1252);
#1027=AXIS2_PLACEMENT_3D('',#2409,#1256,#1257);
#1028=AXIS2_PLACEMENT_3D('',#2415,#1261,#1262);
#1029=AXIS2_PLACEMENT_3D('',#2416,#1263,#1264);
#1030=AXIS2_PLACEMENT_3D('',#2417,#1265,#1266);
#1031=AXIS2_PLACEMENT_3D('',#2418,#1267,#1268);
#1032=AXIS2_PLACEMENT_3D('',#2419,#1269,#1270);
#1033=AXIS2_PLACEMENT_3D('',#2425,#1274,#1275);
#1034=AXIS2_PLACEMENT_3D('',#2431,#1279,#1280);
#1035=AXIS2_PLACEMENT_3D('',#2432,#1281,#1282);
#1036=AXIS2_PLACEMENT_3D('',#2433,#1283,#1284);
#1037=AXIS2_PLACEMENT_3D('',#2434,#1285,#1286);
#1038=AXIS2_PLACEMENT_3D('',#2435,#1287,#1288);
#1039=AXIS2_PLACEMENT_3D('',#2441,#1292,#1293);
#1040=AXIS2_PLACEMENT_3D('',#2443,#1294,#1295);
#1041=AXIS2_PLACEMENT_3D('',#2446,#1298,#1299);
#1042=AXIS2_PLACEMENT_3D('',#2450,#1302,#1303);
#1043=AXIS2_PLACEMENT_3D('',#2451,#1304,#1305);
#1044=AXIS2_PLACEMENT_3D('',#2452,#1306,#1307);
#1045=DIRECTION('axis',(0.,0.,1.));
#1046=DIRECTION('refdir',(1.,0.,0.));
#1047=DIRECTION('center_axis',(0.,0.,-1.));
#1048=DIRECTION('ref_axis',(1.,0.,0.));
#1049=DIRECTION('',(0.,0.,1.));
#1050=DIRECTION('center_axis',(0.,0.,-1.));
#1051=DIRECTION('ref_axis',(1.,0.,0.));
#1052=DIRECTION('center_axis',(0.,0.,-1.));
#1053=DIRECTION('ref_axis',(1.,0.,0.));
#1054=DIRECTION('',(0.,0.,1.));
#1055=DIRECTION('center_axis',(0.,0.,-1.));
#1056=DIRECTION('ref_axis',(-0.457955184750085,0.888975280174041,0.));
#1057=DIRECTION('',(0.,0.,-1.));
#1058=DIRECTION('center_axis',(0.,0.,-1.));
#1059=DIRECTION('ref_axis',(1.,-2.90724496947757E-16,0.));
#1060=DIRECTION('center_axis',(0.,0.,-1.));
#1061=DIRECTION('ref_axis',(1.,-2.90724496947757E-16,0.));
#1062=DIRECTION('',(0.,0.,-1.));
#1063=DIRECTION('center_axis',(0.,0.,1.));
#1064=DIRECTION('ref_axis',(1.,0.,0.));
#1065=DIRECTION('center_axis',(0.,0.,1.));
#1066=DIRECTION('ref_axis',(1.,0.,0.));
#1067=DIRECTION('',(0.,0.,1.));
#1068=DIRECTION('center_axis',(0.,0.,1.));
#1069=DIRECTION('ref_axis',(1.,0.,0.));
#1070=DIRECTION('center_axis',(0.,0.,-1.));
#1071=DIRECTION('ref_axis',(1.,0.,0.));
#1072=DIRECTION('center_axis',(0.,0.,-1.));
#1073=DIRECTION('ref_axis',(1.,0.,0.));
#1074=DIRECTION('center_axis',(0.,0.,-1.));
#1075=DIRECTION('ref_axis',(1.,0.,0.));
#1076=DIRECTION('center_axis',(0.,0.,-1.));
#1077=DIRECTION('ref_axis',(1.,0.,0.));
#1078=DIRECTION('center_axis',(0.,0.,1.));
#1079=DIRECTION('ref_axis',(1.,0.,0.));
#1080=DIRECTION('center_axis',(0.,0.,1.));
#1081=DIRECTION('ref_axis',(1.,0.,0.));
#1082=DIRECTION('center_axis',(0.,0.,1.));
#1083=DIRECTION('ref_axis',(1.,0.,0.));
#1084=DIRECTION('center_axis',(0.,0.,1.));
#1085=DIRECTION('ref_axis',(1.,0.,0.));
#1086=DIRECTION('center_axis',(0.,0.,-1.));
#1087=DIRECTION('ref_axis',(1.,0.,0.));
#1088=DIRECTION('center_axis',(0.,0.,-1.));
#1089=DIRECTION('ref_axis',(1.,0.,0.));
#1090=DIRECTION('center_axis',(0.,0.,1.));
#1091=DIRECTION('ref_axis',(1.,0.,0.));
#1092=DIRECTION('',(0.,0.,1.));
#1093=DIRECTION('center_axis',(0.,0.,-1.));
#1094=DIRECTION('ref_axis',(1.,0.,0.));
#1095=DIRECTION('center_axis',(0.,0.,1.));
#1096=DIRECTION('ref_axis',(1.,0.,0.));
#1097=DIRECTION('',(0.,0.,1.));
#1098=DIRECTION('center_axis',(0.,0.,-1.));
#1099=DIRECTION('ref_axis',(1.,0.,0.));
#1100=DIRECTION('center_axis',(0.,0.,1.));
#1101=DIRECTION('ref_axis',(1.,0.,0.));
#1102=DIRECTION('',(0.,0.,1.));
#1103=DIRECTION('center_axis',(0.,0.,-1.));
#1104=DIRECTION('ref_axis',(1.,0.,0.));
#1105=DIRECTION('center_axis',(0.,0.,1.));
#1106=DIRECTION('ref_axis',(1.,0.,0.));
#1107=DIRECTION('',(0.,0.,1.));
#1108=DIRECTION('center_axis',(0.,0.,-1.));
#1109=DIRECTION('ref_axis',(1.,0.,0.));
#1110=DIRECTION('center_axis',(0.,0.,-1.));
#1111=DIRECTION('ref_axis',(1.,0.,0.));
#1112=DIRECTION('',(0.,0.,1.));
#1113=DIRECTION('center_axis',(0.,0.,-1.));
#1114=DIRECTION('ref_axis',(1.,0.,0.));
#1115=DIRECTION('center_axis',(0.,0.,-1.));
#1116=DIRECTION('ref_axis',(-1.,0.,0.));
#1117=DIRECTION('',(-0.612372435695795,-0.353553390593274,-0.707106781186547));
#1118=DIRECTION('center_axis',(0.,0.,1.));
#1119=DIRECTION('ref_axis',(-1.,0.,0.));
#1120=DIRECTION('',(0.122787803968973,0.696364240320019,0.707106781186547));
#1121=DIRECTION('center_axis',(0.,0.,-1.));
#1122=DIRECTION('ref_axis',(-1.,0.,0.));
#1123=DIRECTION('center_axis',(0.,0.,1.));
#1124=DIRECTION('ref_axis',(1.,0.,0.));
#1125=DIRECTION('center_axis',(0.,0.,1.));
#1126=DIRECTION('ref_axis',(1.,-2.90724496947757E-16,0.));
#1127=DIRECTION('',(-0.17364817766693,-0.984807753012208,0.));
#1128=DIRECTION('',(0.866025403784439,0.5,0.));
#1129=DIRECTION('center_axis',(0.,0.,-1.));
#1130=DIRECTION('ref_axis',(1.,0.,0.));
#1131=DIRECTION('',(-0.939692620785908,-0.342020143325669,0.));
#1132=DIRECTION('center_axis',(0.,0.,1.));
#1133=DIRECTION('ref_axis',(-1.,0.,0.));
#1134=DIRECTION('',(0.866025403784438,-0.5,0.));
#1135=DIRECTION('center_axis',(0.,0.,-1.));
#1136=DIRECTION('ref_axis',(1.,0.,0.));
#1137=DIRECTION('',(-0.766044443118978,0.642787609686539,0.));
#1138=DIRECTION('center_axis',(0.,0.,1.));
#1139=DIRECTION('ref_axis',(-1.,0.,0.));
#1140=DIRECTION('',(0.,-1.,0.));
#1141=DIRECTION('center_axis',(0.,0.,-1.));
#1142=DIRECTION('ref_axis',(1.,0.,0.));
#1143=DIRECTION('',(0.17364817766693,0.984807753012208,0.));
#1144=DIRECTION('center_axis',(0.,0.,1.));
#1145=DIRECTION('ref_axis',(1.,0.,0.));
#1146=DIRECTION('',(-0.866025403784439,-0.499999999999999,0.));
#1147=DIRECTION('center_axis',(0.,0.,-1.));
#1148=DIRECTION('ref_axis',(1.,0.,0.));
#1149=DIRECTION('',(0.939692620785909,0.342020143325668,0.));
#1150=DIRECTION('center_axis',(0.,0.,1.));
#1151=DIRECTION('ref_axis',(1.,0.,0.));
#1152=DIRECTION('',(-0.866025403784438,0.500000000000001,0.));
#1153=DIRECTION('center_axis',(0.,0.,-1.));
#1154=DIRECTION('ref_axis',(1.,0.,0.));
#1155=DIRECTION('',(0.766044443118978,-0.64278760968654,0.));
#1156=DIRECTION('center_axis',(0.,0.,1.));
#1157=DIRECTION('ref_axis',(1.,0.,0.));
#1158=DIRECTION('',(1.22464679914735E-16,1.,0.));
#1159=DIRECTION('center_axis',(0.,0.,-1.));
#1160=DIRECTION('ref_axis',(1.,0.,0.));
#1161=DIRECTION('center_axis',(0.,0.,-1.));
#1162=DIRECTION('ref_axis',(-1.,0.,0.));
#1163=DIRECTION('',(-0.612372435695794,0.353553390593274,-0.707106781186548));
#1164=DIRECTION('',(0.664463024388675,0.241844762647975,0.707106781186548));
#1165=DIRECTION('center_axis',(0.,0.,-1.));
#1166=DIRECTION('ref_axis',(-1.,0.,0.));
#1167=DIRECTION('center_axis',(0.,0.,-1.));
#1168=DIRECTION('ref_axis',(-1.,0.,0.));
#1169=DIRECTION('',(0.,0.707106781186547,-0.707106781186548));
#1170=DIRECTION('',(0.541675220419702,-0.454519477672044,0.707106781186548));
#1171=DIRECTION('center_axis',(0.,0.,-1.));
#1172=DIRECTION('ref_axis',(-1.,0.,0.));
#1173=DIRECTION('center_axis',(0.,0.,-1.));
#1174=DIRECTION('ref_axis',(1.,0.,0.));
#1175=DIRECTION('',(0.612372435695794,0.353553390593273,-0.707106781186548));
#1176=DIRECTION('',(-0.122787803968973,-0.696364240320018,0.707106781186548));
#1177=DIRECTION('center_axis',(0.,0.,-1.));
#1178=DIRECTION('ref_axis',(1.,0.,0.));
#1179=DIRECTION('center_axis',(0.,0.,-1.));
#1180=DIRECTION('ref_axis',(1.,0.,0.));
#1181=DIRECTION('',(0.612372435695794,-0.353553390593275,-0.707106781186547));
#1182=DIRECTION('',(-0.664463024388675,-0.241844762647975,0.707106781186547));
#1183=DIRECTION('center_axis',(0.,0.,-1.));
#1184=DIRECTION('ref_axis',(1.,0.,0.));
#1185=DIRECTION('center_axis',(0.,0.,-1.));
#1186=DIRECTION('ref_axis',(1.,0.,0.));
#1187=DIRECTION('',(-8.65956056235491E-17,-0.707106781186547,-0.707106781186548));
#1188=DIRECTION('',(-0.541675220419702,0.454519477672044,0.707106781186548));
#1189=DIRECTION('center_axis',(0.,0.,-1.));
#1190=DIRECTION('ref_axis',(1.,0.,0.));
#1191=DIRECTION('center_axis',(0.,0.,-1.));
#1192=DIRECTION('ref_axis',(0.888851579479508,-0.458195230940681,0.));
#1193=DIRECTION('center_axis',(0.,0.,-1.));
#1194=DIRECTION('ref_axis',(1.,0.,0.));
#1195=DIRECTION('center_axis',(-0.500000000000001,-0.866025403784438,0.));
#1196=DIRECTION('ref_axis',(0.866025403784438,-0.500000000000001,0.));
#1197=DIRECTION('',(0.,0.,1.));
#1198=DIRECTION('',(0.866025403784438,-0.500000000000001,0.));
#1199=DIRECTION('',(0.,0.,1.));
#1200=DIRECTION('center_axis',(-0.342020143325668,0.939692620785909,0.));
#1201=DIRECTION('ref_axis',(-0.939692620785909,-0.342020143325668,0.));
#1202=DIRECTION('',(0.,0.,1.));
#1203=DIRECTION('',(-0.939692620785909,-0.342020143325668,0.));
#1204=DIRECTION('',(0.,0.,1.));
#1205=DIRECTION('center_axis',(0.,0.,1.));
#1206=DIRECTION('ref_axis',(1.,0.,0.));
#1207=DIRECTION('center_axis',(0.,0.,1.));
#1208=DIRECTION('ref_axis',(1.,0.,0.));
#1209=DIRECTION('center_axis',(0.,0.,1.));
#1210=DIRECTION('ref_axis',(1.,0.,0.));
#1211=DIRECTION('center_axis',(0.,0.,-1.));
#1212=DIRECTION('ref_axis',(1.,0.,0.));
#1213=DIRECTION('center_axis',(-0.5,0.866025403784439,0.));
#1214=DIRECTION('ref_axis',(-0.866025403784439,-0.5,0.));
#1215=DIRECTION('',(0.,0.,1.));
#1216=DIRECTION('',(-0.866025403784439,-0.5,0.));
#1217=DIRECTION('',(0.,0.,1.));
#1218=DIRECTION('center_axis',(0.984807753012208,-0.17364817766693,0.));
#1219=DIRECTION('ref_axis',(0.17364817766693,0.984807753012208,0.));
#1220=DIRECTION('',(0.,0.,1.));
#1221=DIRECTION('',(0.17364817766693,0.984807753012208,0.));
#1222=DIRECTION('',(0.,0.,1.));
#1223=DIRECTION('center_axis',(0.,0.,1.));
#1224=DIRECTION('ref_axis',(1.,0.,0.));
#1225=DIRECTION('center_axis',(0.,0.,1.));
#1226=DIRECTION('ref_axis',(1.,0.,0.));
#1227=DIRECTION('center_axis',(0.,0.,1.));
#1228=DIRECTION('ref_axis',(1.,0.,0.));
#1229=DIRECTION('center_axis',(0.,0.,-1.));
#1230=DIRECTION('ref_axis',(1.,0.,0.));
#1231=DIRECTION('center_axis',(0.5,0.866025403784439,0.));
#1232=DIRECTION('ref_axis',(-0.866025403784438,0.5,0.));
#1233=DIRECTION('',(0.,0.,1.));
#1234=DIRECTION('',(-0.866025403784438,0.5,0.));
#1235=DIRECTION('',(0.,0.,1.));
#1236=DIRECTION('center_axis',(0.342020143325669,-0.939692620785909,0.));
#1237=DIRECTION('ref_axis',(0.939692620785909,0.342020143325669,0.));
#1238=DIRECTION('',(0.,0.,1.));
#1239=DIRECTION('',(0.939692620785908,0.342020143325669,0.));
#1240=DIRECTION('',(0.,0.,1.));
#1241=DIRECTION('center_axis',(0.,0.,1.));
#1242=DIRECTION('ref_axis',(-0.996194698091746,0.0871557427476582,0.));
#1243=DIRECTION('center_axis',(0.,0.,1.));
#1244=DIRECTION('ref_axis',(1.,0.,0.));
#1245=DIRECTION('center_axis',(0.,0.,1.));
#1246=DIRECTION('ref_axis',(1.,0.,0.));
#1247=DIRECTION('center_axis',(0.,0.,-1.));
#1248=DIRECTION('ref_axis',(1.,0.,0.));
#1249=DIRECTION('center_axis',(0.,0.,-1.));
#1250=DIRECTION('ref_axis',(1.,0.,0.));
#1251=DIRECTION('center_axis',(-1.,1.22464679914735E-16,0.));
#1252=DIRECTION('ref_axis',(-1.22464679914735E-16,-1.,0.));
#1253=DIRECTION('',(0.,0.,1.));
#1254=DIRECTION('',(-1.22464679914735E-16,-1.,0.));
#1255=DIRECTION('',(0.,0.,1.));
#1256=DIRECTION('center_axis',(0.64278760968654,0.766044443118978,0.));
#1257=DIRECTION('ref_axis',(-0.766044443118978,0.64278760968654,0.));
#1258=DIRECTION('',(0.,0.,1.));
#1259=DIRECTION('',(-0.766044443118978,0.64278760968654,0.));
#1260=DIRECTION('',(0.,0.,1.));
#1261=DIRECTION('center_axis',(0.,0.,1.));
#1262=DIRECTION('ref_axis',(1.,0.,0.));
#1263=DIRECTION('center_axis',(0.,0.,1.));
#1264=DIRECTION('ref_axis',(1.,0.,0.));
#1265=DIRECTION('center_axis',(0.,0.,1.));
#1266=DIRECTION('ref_axis',(1.,0.,0.));
#1267=DIRECTION('center_axis',(0.,0.,-1.));
#1268=DIRECTION('ref_axis',(1.,0.,0.));
#1269=DIRECTION('center_axis',(0.499999999999999,-0.866025403784439,0.));
#1270=DIRECTION('ref_axis',(0.866025403784439,0.499999999999999,0.));
#1271=DIRECTION('',(0.,0.,1.));
#1272=DIRECTION('',(0.866025403784439,0.499999999999999,0.));
#1273=DIRECTION('',(0.,0.,1.));
#1274=DIRECTION('center_axis',(-0.984807753012208,0.17364817766693,0.));
#1275=DIRECTION('ref_axis',(-0.17364817766693,-0.984807753012208,0.));
#1276=DIRECTION('',(0.,0.,1.));
#1277=DIRECTION('',(-0.17364817766693,-0.984807753012208,0.));
#1278=DIRECTION('',(0.,0.,1.));
#1279=DIRECTION('center_axis',(0.,0.,1.));
#1280=DIRECTION('ref_axis',(1.,0.,0.));
#1281=DIRECTION('center_axis',(0.,0.,1.));
#1282=DIRECTION('ref_axis',(1.,0.,0.));
#1283=DIRECTION('center_axis',(0.,0.,1.));
#1284=DIRECTION('ref_axis',(1.,0.,0.));
#1285=DIRECTION('center_axis',(0.,0.,-1.));
#1286=DIRECTION('ref_axis',(1.,0.,0.));
#1287=DIRECTION('center_axis',(1.,0.,0.));
#1288=DIRECTION('ref_axis',(0.,1.,0.));
#1289=DIRECTION('',(0.,0.,1.));
#1290=DIRECTION('',(0.,1.,0.));
#1291=DIRECTION('',(0.,0.,1.));
#1292=DIRECTION('center_axis',(0.,0.,1.));
#1293=DIRECTION('ref_axis',(1.,0.,0.));
#1294=DIRECTION('center_axis',(0.,0.,-1.));
#1295=DIRECTION('ref_axis',(1.,0.,0.));
#1296=DIRECTION('',(0.,0.,1.));
#1297=DIRECTION('',(0.,0.,-1.));
#1298=DIRECTION('center_axis',(-0.642787609686539,-0.766044443118978,0.));
#1299=DIRECTION('ref_axis',(0.766044443118978,-0.642787609686539,0.));
#1300=DIRECTION('',(0.766044443118978,-0.642787609686539,0.));
#1301=DIRECTION('',(0.,0.,1.));
#1302=DIRECTION('center_axis',(0.,0.,1.));
#1303=DIRECTION('ref_axis',(1.,0.,0.));
#1304=DIRECTION('center_axis',(0.,0.,1.));
#1305=DIRECTION('ref_axis',(1.,0.,0.));
#1306=DIRECTION('center_axis',(0.,0.,1.));
#1307=DIRECTION('ref_axis',(1.,0.,0.));
#1308=CARTESIAN_POINT('',(0.,0.,0.));
#1309=CARTESIAN_POINT('Origin',(0.,0.,0.));
#1310=CARTESIAN_POINT('',(-5.4247285587311,-0.000334040166800192,-0.483754923363204));
#1311=CARTESIAN_POINT('',(-5.42486928472355,-8.17930172072347E-5,-0.266245076636796));
#1312=CARTESIAN_POINT('',(-5.425,6.64370888537439E-16,0.));
#1313=CARTESIAN_POINT('',(2.38677046677001,-4.87175037732379,0.));
#1314=CARTESIAN_POINT('Ctrl Pts',(-5.4247285587311,-0.000334040166800192,
-0.483754923363204));
#1315=CARTESIAN_POINT('Ctrl Pts',(-5.42485492096455,-0.345325726014529,
-0.468567251177782));
#1316=CARTESIAN_POINT('Ctrl Pts',(-5.39232691515075,-0.690263374549753,
-0.45337957899236));
#1317=CARTESIAN_POINT('Ctrl Pts',(-5.32684571372639,-1.02894248684717,-0.438191906806937));
#1318=CARTESIAN_POINT('Ctrl Pts',(-5.15949480219592,-1.89450782356105,-0.399376632667648));
#1319=CARTESIAN_POINT('Ctrl Pts',(-4.77690515979162,-2.71919459381132,-0.36056135852836));
#1320=CARTESIAN_POINT('Ctrl Pts',(-4.22339779772119,-3.40577111579612,-0.321746084389071));
#1321=CARTESIAN_POINT('Ctrl Pts',(-3.66989043565075,-4.09234763778092,-0.282930810249782));
#1322=CARTESIAN_POINT('Ctrl Pts',(-2.94546535391418,-4.64081391150026,-0.244115536110493));
#1323=CARTESIAN_POINT('Ctrl Pts',(-2.13475109106803,-4.98772752309783,-0.205300261971205));
#1324=CARTESIAN_POINT('Ctrl Pts',(-1.32403682822187,-5.3346411346954,-0.166484987831916));
#1325=CARTESIAN_POINT('Ctrl Pts',(-0.427033384266126,-5.4800020841712,-0.127669713692627));
#1326=CARTESIAN_POINT('Ctrl Pts',(0.451725662860835,-5.40661351741076,-0.0888544395533385));
#1327=CARTESIAN_POINT('Ctrl Pts',(1.12226618560021,-5.35061408493888,-0.059236293035559));
#1328=CARTESIAN_POINT('Ctrl Pts',(1.78218388525405,-5.16724747048611,-0.0296181465177794));
#1329=CARTESIAN_POINT('Ctrl Pts',(2.38687675681056,-4.87169293279969,2.79904374056594E-16));
#1330=CARTESIAN_POINT('',(-2.38677046677,-4.87175037732379,0.));
#1331=CARTESIAN_POINT('Origin',(0.,0.,0.));
#1332=CARTESIAN_POINT('Ctrl Pts',(-2.38677046677,-4.87175037732379,4.16333634234434E-16));
#1333=CARTESIAN_POINT('Ctrl Pts',(-3.17886368427827,-4.48368765816697,-0.0388152741392885));
#1334=CARTESIAN_POINT('Ctrl Pts',(-3.87419165748019,-3.89903141443608,-0.0776305482785776));
#1335=CARTESIAN_POINT('Ctrl Pts',(-4.39191649378519,-3.1853031634944,-0.116445822417866));
#1336=CARTESIAN_POINT('Ctrl Pts',(-4.90964133009017,-2.47157491255272,-0.155261096557155));
#1337=CARTESIAN_POINT('Ctrl Pts',(-5.24976302949823,-1.62877465440025,-0.194076370696443));
#1338=CARTESIAN_POINT('Ctrl Pts',(-5.3725698238897,-0.75550043575495,-0.232891644835732));
#1339=CARTESIAN_POINT('Ctrl Pts',(-5.40774522096616,-0.505369589577476,
-0.244009455436087));
#1340=CARTESIAN_POINT('Ctrl Pts',(-5.42509179225594,-0.252738616072725,
-0.255127266036441));
#1341=CARTESIAN_POINT('Ctrl Pts',(-5.42486928472355,-8.17930172072342E-5,
-0.266245076636796));
#1342=CARTESIAN_POINT('Origin',(0.,0.,0.));
#1343=CARTESIAN_POINT('',(-5.4249635366676,0.000519333196573463,-1.9837549233632));
#1344=CARTESIAN_POINT('',(-5.41681467600176,0.00298688809465319,-1.7662450766368));
#1345=CARTESIAN_POINT('',(-5.425,6.64370888537439E-16,0.));
#1346=CARTESIAN_POINT('Ctrl Pts',(-5.4249635366676,0.000519333196573463,
-1.9837549233632));
#1347=CARTESIAN_POINT('Ctrl Pts',(-5.42518585596437,-0.240077337500284,
-1.97316581498854));
#1348=CARTESIAN_POINT('Ctrl Pts',(-5.4094520612983,-0.480714205652322,-1.96257670661387));
#1349=CARTESIAN_POINT('Ctrl Pts',(-5.37751906907324,-0.719300049999321,
-1.9519875982392));
#1350=CARTESIAN_POINT('Ctrl Pts',(-5.26046597985671,-1.59385668181521,-1.91317232409991));
#1351=CARTESIAN_POINT('Ctrl Pts',(-4.92575218577769,-2.44085470861573,-1.87435704996063));
#1352=CARTESIAN_POINT('Ctrl Pts',(-4.41289853364978,-3.15709229551528,-1.83554177582134));
#1353=CARTESIAN_POINT('Ctrl Pts',(-3.90004488152188,-3.87332988241483,-1.79672650168205));
#1354=CARTESIAN_POINT('Ctrl Pts',(-3.20905137134509,-4.45880702941342,-1.75791122754276));
#1355=CARTESIAN_POINT('Ctrl Pts',(-2.41945184408024,-4.85378252620318,-1.71909595340347));
#1356=CARTESIAN_POINT('Ctrl Pts',(-1.6298523168154,-5.24875802299294,-1.68028067926418));
#1357=CARTESIAN_POINT('Ctrl Pts',(-0.741646772462505,-5.45323186957389,
-1.64146540512489));
#1358=CARTESIAN_POINT('Ctrl Pts',(0.1386697976344,-5.42832953959621,-1.6026501309856));
#1359=CARTESIAN_POINT('Ctrl Pts',(1.89930293782822,-5.37852487964085,-1.52501958270703));
#1360=CARTESIAN_POINT('Ctrl Pts',(3.62838018099811,-4.411215513451,-1.44738903442845));
#1361=CARTESIAN_POINT('Ctrl Pts',(4.57458533664014,-2.93292583290718,-1.36975848614987));
#1362=CARTESIAN_POINT('Ctrl Pts',(5.52079049228216,-1.45463615236336,-1.29212793787129));
#1363=CARTESIAN_POINT('Ctrl Pts',(5.68412356039631,0.534633842534438,-1.21449738959271));
#1364=CARTESIAN_POINT('Ctrl Pts',(4.99172116088086,2.14746473674224,-1.13686684131414));
#1365=CARTESIAN_POINT('Ctrl Pts',(4.29931876136541,3.76029563095005,-1.05923629303556));
#1366=CARTESIAN_POINT('Ctrl Pts',(2.75118089422037,4.99668742446786,-0.981605744756981));
#1367=CARTESIAN_POINT('Ctrl Pts',(1.02225149567816,5.33300973023794,-0.903975196478404));
#1368=CARTESIAN_POINT('Ctrl Pts',(0.157786796407059,5.50117088312297,-0.865159922339115));
#1369=CARTESIAN_POINT('Ctrl Pts',(-0.751875785713338,5.44431466407107,-0.826344648199826));
#1370=CARTESIAN_POINT('Ctrl Pts',(-1.59532653379686,5.18342408915789,-0.787529374060538));
#1371=CARTESIAN_POINT('Ctrl Pts',(-2.43877728188038,4.92253351424471,-0.748714099921248));
#1372=CARTESIAN_POINT('Ctrl Pts',(-3.21601619592704,4.45760858347025,-0.709898825781959));
#1373=CARTESIAN_POINT('Ctrl Pts',(-3.83882996571643,3.83461728533734,-0.67108355164267));
#1374=CARTESIAN_POINT('Ctrl Pts',(-4.46164373550584,3.21162598720443,-0.632268277503382));
#1375=CARTESIAN_POINT('Ctrl Pts',(-4.93003236103798,2.43056832171306,-0.593453003364093));
#1376=CARTESIAN_POINT('Ctrl Pts',(-5.18817058347574,1.58681753737863,-0.554637729224805));
#1377=CARTESIAN_POINT('Ctrl Pts',(-5.34530427128511,1.07321024945953,-0.531010127270938));
#1378=CARTESIAN_POINT('Ctrl Pts',(-5.42453197583693,0.536372713250452,-0.507382525317071));
#1379=CARTESIAN_POINT('Ctrl Pts',(-5.4247285587311,-0.000334040166800192,
-0.483754923363204));
#1380=CARTESIAN_POINT('Ctrl Pts',(-5.42486928472355,-8.17930172072342E-5,
-0.266245076636796));
#1381=CARTESIAN_POINT('Ctrl Pts',(-5.42431495847292,0.62935446885077,-0.29394254017573));
#1382=CARTESIAN_POINT('Ctrl Pts',(-5.31471947612207,1.25895116399637,-0.321640003714665));
#1383=CARTESIAN_POINT('Ctrl Pts',(-5.1000990130112,1.85045131640716,-0.3493374672536));
#1384=CARTESIAN_POINT('Ctrl Pts',(-4.79932951836635,2.67938067078584,-0.388152741392888));
#1385=CARTESIAN_POINT('Ctrl Pts',(-4.29229863970177,3.43349120040507,-0.426968015532177));
#1386=CARTESIAN_POINT('Ctrl Pts',(-3.63811420525365,4.024839948169,-0.465783289671466));
#1387=CARTESIAN_POINT('Ctrl Pts',(-2.98392977080554,4.61618869593293,-0.504598563810754));
#1388=CARTESIAN_POINT('Ctrl Pts',(-2.1825917805739,5.04477566184156,-0.543413837950043));
#1389=CARTESIAN_POINT('Ctrl Pts',(-1.3275725008926,5.26052016060116,-0.582229112089332));
#1390=CARTESIAN_POINT('Ctrl Pts',(-0.472553221211291,5.47626465936076,-0.621044386228621));
#1391=CARTESIAN_POINT('Ctrl Pts',(0.436147347919677,5.47916669097134,-0.659859660367909));
#1392=CARTESIAN_POINT('Ctrl Pts',(1.29259044383117,5.26913756469104,-0.698674934507198));
#1393=CARTESIAN_POINT('Ctrl Pts',(2.14903353974266,5.05910843841074,-0.737490208646487));
#1394=CARTESIAN_POINT('Ctrl Pts',(2.95321916243467,4.63614815423956,-0.776305482785776));
#1395=CARTESIAN_POINT('Ctrl Pts',(3.6113040576571,4.04905332891422,-0.815120756925065));
#1396=CARTESIAN_POINT('Ctrl Pts',(4.26938895287954,3.46195850358887,-0.853936031064354));
#1397=CARTESIAN_POINT('Ctrl Pts',(4.78137312063241,2.71072913710935,-0.892751305203642));
#1398=CARTESIAN_POINT('Ctrl Pts',(5.08766894558275,1.88405110097203,-0.931566579342931));
#1399=CARTESIAN_POINT('Ctrl Pts',(5.39396477053309,1.05737306483471,-0.97038185348222));
#1400=CARTESIAN_POINT('Ctrl Pts',(5.49457225268091,0.1552463590396,-1.00919712762151));
#1401=CARTESIAN_POINT('Ctrl Pts',(5.37751903363084,-0.719306502115064,-1.0480124017608));
#1402=CARTESIAN_POINT('Ctrl Pts',(5.26046581458076,-1.59385936326972,-1.08682767590009));
#1403=CARTESIAN_POINT('Ctrl Pts',(4.9257518943328,-2.44083837978394,-1.12564295003938));
#1404=CARTESIAN_POINT('Ctrl Pts',(4.41289854594776,-3.15708029951702,-1.16445822417866));
#1405=CARTESIAN_POINT('Ctrl Pts',(3.90004519756273,-3.8733222192501,-1.20327349831795));
#1406=CARTESIAN_POINT('Ctrl Pts',(3.20905242104062,-4.45882704220206,-1.24208877245724));
#1407=CARTESIAN_POINT('Ctrl Pts',(2.41945275997987,-4.85380428589108,-1.28090404659653));
#1408=CARTESIAN_POINT('Ctrl Pts',(1.62985309891912,-5.2487815295801,-1.31971932073582));
#1409=CARTESIAN_POINT('Ctrl Pts',(0.741646553319729,-5.45323119400618,-1.35853459487511));
#1410=CARTESIAN_POINT('Ctrl Pts',(-0.138670430741955,-5.42831789550927,
-1.3973498690144));
#1411=CARTESIAN_POINT('Ctrl Pts',(-1.89930439886532,-5.37849129851546,-1.47498041729298));
#1412=CARTESIAN_POINT('Ctrl Pts',(-3.62838012083785,-4.41121284982967,-1.55261096557155));
#1413=CARTESIAN_POINT('Ctrl Pts',(-4.57458528751367,-2.93292923015324,-1.63024151385013));
#1414=CARTESIAN_POINT('Ctrl Pts',(-5.12714814946533,-2.06964433546767,-1.67557603477902));
#1415=CARTESIAN_POINT('Ctrl Pts',(-5.41272856177181,-1.03209127932249,-1.72091055570791));
#1416=CARTESIAN_POINT('Ctrl Pts',(-5.41681467600176,0.00298688809465319,
-1.7662450766368));
#1417=CARTESIAN_POINT('Origin',(0.,0.,2.7728704041008));
#1418=CARTESIAN_POINT('',(-4.57041928039861,0.000437527448547094,-2.4771295958992));
#1419=CARTESIAN_POINT('',(-4.57078650735652,-5.16664866183347E-5,-2.7728704041008));
#1420=CARTESIAN_POINT('',(-4.57045,1.88846047339118E-15,2.7728704041008));
#1421=CARTESIAN_POINT('',(2.65343318132792,3.72132616443578,-3.));
#1422=CARTESIAN_POINT('Ctrl Pts',(-4.57041928039861,0.000437527448546669,
-2.4771295958992));
#1423=CARTESIAN_POINT('Ctrl Pts',(-4.5699200179823,0.540745440033246,-2.50535576166382));
#1424=CARTESIAN_POINT('Ctrl Pts',(-4.34187165699276,1.82348744727276,-2.57239720156773));
#1425=CARTESIAN_POINT('Ctrl Pts',(-3.16553575206746,3.5495294091531,-2.67825391561093));
#1426=CARTESIAN_POINT('Ctrl Pts',(-1.13300633858726,4.61852581814594,-2.79469973802879));
#1427=CARTESIAN_POINT('Ctrl Pts',(0.982280844473909,4.61177503019042,-2.90194843282515));
#1428=CARTESIAN_POINT('Ctrl Pts',(2.19143010248476,4.05008714663188,-2.97038185348222));
#1429=CARTESIAN_POINT('Ctrl Pts',(2.65343318132792,3.72132616443578,-3.));
#1430=CARTESIAN_POINT('',(-2.6533527275206,3.72138851853162,-3.));
#1431=CARTESIAN_POINT('Origin',(0.,0.,-3.));
#1432=CARTESIAN_POINT('Ctrl Pts',(-4.57078650735652,-5.16664866184778E-5,
-2.7728704041008));
#1433=CARTESIAN_POINT('Ctrl Pts',(-4.57048827973542,0.706156978980754,-2.80976499526125));
#1434=CARTESIAN_POINT('Ctrl Pts',(-4.22900686498864,2.15572480381912,-2.88547486056098));
#1435=CARTESIAN_POINT('Ctrl Pts',(-3.25840971462783,3.2899824454888,-2.96118472586071));
#1436=CARTESIAN_POINT('Ctrl Pts',(-2.6533527275206,3.72138851853162,-3.));
#1437=CARTESIAN_POINT('Origin',(0.,0.,2.7728704041008));
#1438=CARTESIAN_POINT('',(-4.57022131635992,-0.000281421913436475,-0.977129595899198));
#1439=CARTESIAN_POINT('',(-4.56355403427323,0.00251639127966108,-1.2728704041008));
#1440=CARTESIAN_POINT('',(-4.57045,1.88846047339118E-15,2.7728704041008));
#1441=CARTESIAN_POINT('Ctrl Pts',(-4.57022131635992,-0.000281421913436684,
-0.977129595899198));
#1442=CARTESIAN_POINT('Ctrl Pts',(-4.57005569934818,0.45188288797705,-1.00075719785307));
#1443=CARTESIAN_POINT('Ctrl Pts',(-4.39365530751076,1.64715103661283,-1.06320007394622));
#1444=CARTESIAN_POINT('Ctrl Pts',(-3.36423462071507,3.36375317980894,-1.16445822417866));
#1445=CARTESIAN_POINT('Ctrl Pts',(-1.39981161903515,4.53882201844016,-1.28090404659653));
#1446=CARTESIAN_POINT('Ctrl Pts',(1.6656758268282,4.730422760461,-1.43616514315369));
#1447=CARTESIAN_POINT('Ctrl Pts',(4.92636094889873,2.12633664401698,-1.63024151385013));
#1448=CARTESIAN_POINT('Ctrl Pts',(4.51354678051405,-2.90141951165894,-1.86313315868586));
#1449=CARTESIAN_POINT('Ctrl Pts',(0.871767478188765,-4.93876471566926,-2.05720952938231));
#1450=CARTESIAN_POINT('Ctrl Pts',(-2.12141153024454,-4.24970481365571,-2.21247062593946));
#1451=CARTESIAN_POINT('Ctrl Pts',(-3.86785463914088,-2.76994774831025,-2.32891644835733));
#1452=CARTESIAN_POINT('Ctrl Pts',(-4.50876240766971,-1.14812150479159,-2.41713610501058));
#1453=CARTESIAN_POINT('Ctrl Pts',(-4.57060657979583,-0.202260178281681,
-2.46654048752453));
#1454=CARTESIAN_POINT('Ctrl Pts',(-4.57041928039861,0.000437527448546669,
-2.4771295958992));
#1455=CARTESIAN_POINT('Ctrl Pts',(-4.56355403427323,0.00251639127966115,
-1.2728704041008));
#1456=CARTESIAN_POINT('Ctrl Pts',(-4.56600642574167,0.623746421596276,-1.30516643145049));
#1457=CARTESIAN_POINT('Ctrl Pts',(-4.16469461532683,2.73463666437197,-1.41509300707876));
#1458=CARTESIAN_POINT('Ctrl Pts',(-1.66567093435747,4.73038169340923,-1.56383485684631));
#1459=CARTESIAN_POINT('Ctrl Pts',(1.39980654793684,4.53886190220404,-1.71909595340347));
#1460=CARTESIAN_POINT('Ctrl Pts',(3.36423912991622,3.36372374868417,-1.83554177582133));
#1461=CARTESIAN_POINT('Ctrl Pts',(4.54805471896704,1.38969654614023,-1.9519875982392));
#1462=CARTESIAN_POINT('Ctrl Pts',(4.66909326426371,-0.901312571306357,-2.06843342065707));
#1463=CARTESIAN_POINT('Ctrl Pts',(3.70211858126967,-2.98564066275486,-2.18487924307493));
#1464=CARTESIAN_POINT('Ctrl Pts',(1.87118106606114,-4.37186427260356,-2.3013250654928));
#1465=CARTESIAN_POINT('Ctrl Pts',(-0.395940356561,-4.73925012876244,-2.41777088791067));
#1466=CARTESIAN_POINT('Ctrl Pts',(-2.57083725967089,-4.00089158527294,-2.53421671032853));
#1467=CARTESIAN_POINT('Ctrl Pts',(-4.14605427609272,-2.32947980752435,-2.6506625327464));
#1468=CARTESIAN_POINT('Ctrl Pts',(-4.56158344098388,-0.816542320124506,
-2.73021376400382));
#1469=CARTESIAN_POINT('Ctrl Pts',(-4.57080203268687,-0.0368159422842167,
-2.77094972112196));
#1470=CARTESIAN_POINT('Ctrl Pts',(-4.57078650735652,-5.16664866184778E-5,
-2.7728704041008));
#1471=CARTESIAN_POINT('Origin',(0.,0.,-13.));
#1472=CARTESIAN_POINT('',(-8.3,1.0164568432923E-15,-13.));
#1473=CARTESIAN_POINT('Origin',(0.,0.,-13.));
#1474=CARTESIAN_POINT('',(-8.3,1.0164568432923E-15,-4.));
#1475=CARTESIAN_POINT('',(-8.3,-1.0164568432923E-15,-13.));
#1476=CARTESIAN_POINT('Origin',(0.,0.,-4.));
#1477=CARTESIAN_POINT('Origin',(0.,0.,-4.));
#1478=CARTESIAN_POINT('',(-3.,3.67394039744206E-16,-4.));
#1479=CARTESIAN_POINT('Origin',(0.,0.,-4.));
#1480=CARTESIAN_POINT('Origin',(0.,0.,-3.));
#1481=CARTESIAN_POINT('',(-12.5,1.53080849893419E-15,-3.));
#1482=CARTESIAN_POINT('Origin',(0.,0.,-3.));
#1483=CARTESIAN_POINT('',(8.75,2.09597114298744E-15,-3.));
#1484=CARTESIAN_POINT('Origin',(10.,1.94289029309402E-15,-3.));
#1485=CARTESIAN_POINT('',(-11.25,-4.02030662419159E-16,-3.));
#1486=CARTESIAN_POINT('Origin',(-10.,-5.55111512312578E-16,-3.));
#1487=CARTESIAN_POINT('',(-1.25,-10.,-3.));
#1488=CARTESIAN_POINT('Origin',(0.,-10.,-3.));
#1489=CARTESIAN_POINT('',(-1.25,10.,-3.));
#1490=CARTESIAN_POINT('Origin',(-1.11022302462516E-15,10.,-3.));
#1491=CARTESIAN_POINT('',(-2.38677046676999,-4.8717503773238,-3.));
#1492=CARTESIAN_POINT('Ctrl Pts',(-2.3868768507147,-4.87169290590556,-3.));
#1493=CARTESIAN_POINT('Ctrl Pts',(-2.5205700751442,-4.79323415370197,-3.));
#1494=CARTESIAN_POINT('Ctrl Pts',(-2.65057948062951,-4.70922660152373,-3.));
#1495=CARTESIAN_POINT('Ctrl Pts',(-2.77652428475206,-4.61983387161986,-3.));
#1496=CARTESIAN_POINT('Ctrl Pts',(-2.8205330607891,-4.58859745295943,-3.));
#1497=CARTESIAN_POINT('Ctrl Pts',(-2.8640452924169,-4.5567031113165,-3.));
#1498=CARTESIAN_POINT('Ctrl Pts',(-2.90704383711113,-4.52415661910275,-3.));
#1499=CARTESIAN_POINT('Ctrl Pts',(-3.03045549089514,-4.43074377321389,-3.));
#1500=CARTESIAN_POINT('Ctrl Pts',(-3.14963846598816,-4.33196122115839,-3.));
#1501=CARTESIAN_POINT('Ctrl Pts',(-3.26431320923597,-4.22815487947884,-3.));
#1502=CARTESIAN_POINT('Ctrl Pts',(-3.37876149148297,-4.1245535357558,-3.));
#1503=CARTESIAN_POINT('Ctrl Pts',(-3.4887197619043,-4.01594756000449,-3.));
#1504=CARTESIAN_POINT('Ctrl Pts',(-3.5938671679672,-3.90265210792054,-3.));
#1505=CARTESIAN_POINT('Ctrl Pts',(-3.68761671797413,-3.80163775056826,-3.));
#1506=CARTESIAN_POINT('Ctrl Pts',(-3.77754148865197,-3.69689478794034,-3.));
#1507=CARTESIAN_POINT('Ctrl Pts',(-3.86338096234056,-3.58863366578973,-3.));
#1508=CARTESIAN_POINT('Ctrl Pts',(-3.88289441668534,-3.56402321125613,-3.));
#1509=CARTESIAN_POINT('Ctrl Pts',(-3.90219661975786,-3.53923091377682,-3.));
#1510=CARTESIAN_POINT('Ctrl Pts',(-3.92128426418422,-3.51425918903339,-3.));
#1511=CARTESIAN_POINT('Ctrl Pts',(-3.93288526757288,-3.49908198555568,-3.));
#1512=CARTESIAN_POINT('Ctrl Pts',(-3.94440573444448,-3.48384010843107,-3.));
#1513=CARTESIAN_POINT('Ctrl Pts',(-3.95583827794073,-3.46854328029343,-3.));
#1514=CARTESIAN_POINT('Ctrl Pts',(-4.04666551726977,-3.34701575925768,-3.));
#1515=CARTESIAN_POINT('Ctrl Pts',(-4.1320689265211,-3.22186326438489,-3.));
#1516=CARTESIAN_POINT('Ctrl Pts',(-4.21179346774554,-3.09341688268215,-3.));
#1517=CARTESIAN_POINT('Ctrl Pts',(-4.29093372982754,-2.96591184903357,-3.));
#1518=CARTESIAN_POINT('Ctrl Pts',(-4.364478398654,-2.83516036845746,-3.));
#1519=CARTESIAN_POINT('Ctrl Pts',(-4.43213253704102,-2.70146319107898,-3.));
#1520=CARTESIAN_POINT('Ctrl Pts',(-4.45990304564224,-2.64658349409565,-3.));
#1521=CARTESIAN_POINT('Ctrl Pts',(-4.48668048532456,-2.59120725580715,-3.));
#1522=CARTESIAN_POINT('Ctrl Pts',(-4.51244201076702,-2.53535452825036,-3.));
#1523=CARTESIAN_POINT('Ctrl Pts',(-4.57563890375002,-2.39833939480656,-3.));
#1524=CARTESIAN_POINT('Ctrl Pts',(-4.63272564023823,-2.25845688114436,-3.));
#1525=CARTESIAN_POINT('Ctrl Pts',(-4.6835711444905,-2.11613453552132,-3.));
#1526=CARTESIAN_POINT('Ctrl Pts',(-4.71204279004161,-2.03643916346882,-3.));
#1527=CARTESIAN_POINT('Ctrl Pts',(-4.73855651224518,-1.95597868267684,-3.));
#1528=CARTESIAN_POINT('Ctrl Pts',(-4.76308212187798,-1.87482848575056,-3.));
#1529=CARTESIAN_POINT('Ctrl Pts',(-4.77505300581934,-1.83521929340965,-3.));
#1530=CARTESIAN_POINT('Ctrl Pts',(-4.78655016517562,-1.79544579376025,-3.));
#1531=CARTESIAN_POINT('Ctrl Pts',(-4.79756963621968,-1.75551683525043,-3.));
#1532=CARTESIAN_POINT('Ctrl Pts',(-4.80280032170744,-1.7365634913936,-3.));
#1533=CARTESIAN_POINT('Ctrl Pts',(-4.80792404291798,-1.71757256066404,-3.));
#1534=CARTESIAN_POINT('Ctrl Pts',(-4.81293813468727,-1.69855344265877,-3.));
#1535=CARTESIAN_POINT('Ctrl Pts',(-4.85073461107221,-1.55518637288318,-3.));
#1536=CARTESIAN_POINT('Ctrl Pts',(-4.88223386539688,-1.4104993896817,-3.));
#1537=CARTESIAN_POINT('Ctrl Pts',(-4.90738238153155,-1.26490976531999,-3.));
#1538=CARTESIAN_POINT('Ctrl Pts',(-4.93248115073506,-1.11960813556522,-3.));
#1539=CARTESIAN_POINT('Ctrl Pts',(-4.95125432054921,-0.973406645147046,
-3.));
#1540=CARTESIAN_POINT('Ctrl Pts',(-4.96359716310591,-0.826715529133019,
-3.));
#1541=CARTESIAN_POINT('Ctrl Pts',(-4.97574461015796,-0.682346632211527,
-3.));
#1542=CARTESIAN_POINT('Ctrl Pts',(-4.98166363822978,-0.537502784180931,
-3.));
#1543=CARTESIAN_POINT('Ctrl Pts',(-4.98120489437447,-0.392581651386522,
-3.));
#1544=CARTESIAN_POINT('Ctrl Pts',(-4.98091734066541,-0.301740959412565,
-3.));
#1545=CARTESIAN_POINT('Ctrl Pts',(-4.97812289230743,-0.210870070716846,
-3.));
#1546=CARTESIAN_POINT('Ctrl Pts',(-4.9727747596189,-0.120070120736246,-3.));
#1547=CARTESIAN_POINT('Ctrl Pts',(-4.96692920779527,-0.0208250488378709,
-3.));
#1548=CARTESIAN_POINT('Ctrl Pts',(-4.95803284336428,0.0783354439314194,
-3.));
#1549=CARTESIAN_POINT('Ctrl Pts',(-4.94610120292327,0.177271409485861,-3.));
#1550=CARTESIAN_POINT('Ctrl Pts',(-4.94398794203665,0.194794356755328,-3.));
#1551=CARTESIAN_POINT('Ctrl Pts',(-4.94177931161556,0.212311244752017,-3.));
#1552=CARTESIAN_POINT('Ctrl Pts',(-4.93947577729058,0.229818177817797,-3.));
#1553=CARTESIAN_POINT('Ctrl Pts',(-4.92069461497969,0.372555600008286,-3.));
#1554=CARTESIAN_POINT('Ctrl Pts',(-4.89567222429461,0.514157464635952,-3.));
#1555=CARTESIAN_POINT('Ctrl Pts',(-4.86456958931932,0.654234222118574,-3.));
#1556=CARTESIAN_POINT('Ctrl Pts',(-4.83334800552448,0.794846688712694,-3.));
#1557=CARTESIAN_POINT('Ctrl Pts',(-4.79599928456409,0.933923111921477,-3.));
#1558=CARTESIAN_POINT('Ctrl Pts',(-4.75263664336018,1.07105382918922,-3.));
#1559=CARTESIAN_POINT('Ctrl Pts',(-4.70963342282296,1.20704790873253,-3.));
#1560=CARTESIAN_POINT('Ctrl Pts',(-4.66071519823734,1.34112907668117,-3.));
#1561=CARTESIAN_POINT('Ctrl Pts',(-4.60594878284505,1.47287186202776,-3.));
#1562=CARTESIAN_POINT('Ctrl Pts',(-4.5584852618944,1.5870472450176,-3.));
#1563=CARTESIAN_POINT('Ctrl Pts',(-4.50662844279746,1.69946616004634,-3.));
#1564=CARTESIAN_POINT('Ctrl Pts',(-4.45039802718921,1.80982986567349,-3.));
#1565=CARTESIAN_POINT('Ctrl Pts',(-4.41782181764429,1.87376734793775,-3.));
#1566=CARTESIAN_POINT('Ctrl Pts',(-4.38377730813004,1.93701463701639,-3.));
#1567=CARTESIAN_POINT('Ctrl Pts',(-4.34826523613056,1.99950982082527,-3.));
#1568=CARTESIAN_POINT('Ctrl Pts',(-4.33687517813323,2.01955437829708,-3.));
#1569=CARTESIAN_POINT('Ctrl Pts',(-4.3253379730961,2.03951470141705,-3.));
#1570=CARTESIAN_POINT('Ctrl Pts',(-4.31365799984902,2.05938210896469,-3.));
#1571=CARTESIAN_POINT('Ctrl Pts',(-4.29889564126346,2.08449259408137,-3.));
#1572=CARTESIAN_POINT('Ctrl Pts',(-4.28390325257923,2.10945812272845,-3.));
#1573=CARTESIAN_POINT('Ctrl Pts',(-4.2686816400578,2.13427516491472,-3.));
#1574=CARTESIAN_POINT('Ctrl Pts',(-4.19470858703506,2.25487949477318,-3.));
#1575=CARTESIAN_POINT('Ctrl Pts',(-4.11532498869662,2.37197988658927,-3.));
#1576=CARTESIAN_POINT('Ctrl Pts',(-4.03084026165992,2.4852767950764,-3.));
#1577=CARTESIAN_POINT('Ctrl Pts',(-3.94646151191171,2.59843158439503,-3.));
#1578=CARTESIAN_POINT('Ctrl Pts',(-3.85699377477871,2.70779293083248,-3.));
#1579=CARTESIAN_POINT('Ctrl Pts',(-3.76271289799869,2.81302209457953,-3.));
#1580=CARTESIAN_POINT('Ctrl Pts',(-3.71837420116196,2.86250958503478,-3.));
#1581=CARTESIAN_POINT('Ctrl Pts',(-3.67297059569157,2.91108255049512,-3.));
#1582=CARTESIAN_POINT('Ctrl Pts',(-3.62652890845073,2.95870218456401,-3.));
#1583=CARTESIAN_POINT('Ctrl Pts',(-3.60717285344703,2.97854918649384,-3.));
#1584=CARTESIAN_POINT('Ctrl Pts',(-3.58763448796968,2.99823238497695,-3.));
#1585=CARTESIAN_POINT('Ctrl Pts',(-3.56793275273977,3.01773235981534,-3.));
#1586=CARTESIAN_POINT('Ctrl Pts',(-3.46915911765439,3.11549447956695,-3.));
#1587=CARTESIAN_POINT('Ctrl Pts',(-3.36619585468389,3.2087445765979,-3.));
#1588=CARTESIAN_POINT('Ctrl Pts',(-3.25932532158787,3.29717817651922,-3.));
#1589=CARTESIAN_POINT('Ctrl Pts',(-3.15416152012077,3.38419948422423,-3.));
#1590=CARTESIAN_POINT('Ctrl Pts',(-3.04521359848101,3.46655723875864,-3.));
#1591=CARTESIAN_POINT('Ctrl Pts',(-2.93272813973265,3.54391689823863,-3.));
#1592=CARTESIAN_POINT('Ctrl Pts',(-2.84187045429635,3.6064024824617,-3.));
#1593=CARTESIAN_POINT('Ctrl Pts',(-2.74870425129067,3.66562644550621,-3.));
#1594=CARTESIAN_POINT('Ctrl Pts',(-2.6533527275206,3.72138851853162,-3.));
#1595=CARTESIAN_POINT('',(2.38677046677003,-4.87175037732378,-3.));
#1596=CARTESIAN_POINT('Ctrl Pts',(2.65343318132793,3.72132616443577,-3.));
#1597=CARTESIAN_POINT('Ctrl Pts',(2.77335290976147,3.65134458362757,-3.));
#1598=CARTESIAN_POINT('Ctrl Pts',(2.88981620900244,3.57604494032174,-3.));
#1599=CARTESIAN_POINT('Ctrl Pts',(3.00245581536756,3.49568264231134,-3.));
#1600=CARTESIAN_POINT('Ctrl Pts',(3.0343072572342,3.47295835246385,-3.));
#1601=CARTESIAN_POINT('Ctrl Pts',(3.06585292990575,3.4498289296421,-3.));
#1602=CARTESIAN_POINT('Ctrl Pts',(3.09708443283605,3.42629940442074,-3.));
#1603=CARTESIAN_POINT('Ctrl Pts',(3.20657966766743,3.34380670801309,-3.));
#1604=CARTESIAN_POINT('Ctrl Pts',(3.31221484323362,3.25639996291621,-3.));
#1605=CARTESIAN_POINT('Ctrl Pts',(3.41379302781783,3.16445786649615,-3.));
#1606=CARTESIAN_POINT('Ctrl Pts',(3.51655547634332,3.07144384986091,-3.));
#1607=CARTESIAN_POINT('Ctrl Pts',(3.61516637440417,2.97378767428455,-3.));
#1608=CARTESIAN_POINT('Ctrl Pts',(3.70939659008542,2.87183455781627,-3.));
#1609=CARTESIAN_POINT('Ctrl Pts',(3.79322655018263,2.78113407895679,-3.));
#1610=CARTESIAN_POINT('Ctrl Pts',(3.87358938144885,2.68703192293103,-3.));
#1611=CARTESIAN_POINT('Ctrl Pts',(3.95030149333751,2.58974499355333,-3.));
#1612=CARTESIAN_POINT('Ctrl Pts',(3.96394379524584,2.57244371439897,-3.));
#1613=CARTESIAN_POINT('Ctrl Pts',(3.9774705775514,2.55504165726798,-3.));
#1614=CARTESIAN_POINT('Ctrl Pts',(3.99088072562932,2.53753997252883,-3.));
#1615=CARTESIAN_POINT('Ctrl Pts',(4.00320264479927,2.52145854349163,-3.));
#1616=CARTESIAN_POINT('Ctrl Pts',(4.01542109184857,2.50529947667947,-3.));
#1617=CARTESIAN_POINT('Ctrl Pts',(4.02753140374787,2.48906938392979,-3.));
#1618=CARTESIAN_POINT('Ctrl Pts',(4.11235465543694,2.37539029344144,-3.));
#1619=CARTESIAN_POINT('Ctrl Pts',(4.19193859476803,2.25814753884463,-3.));
#1620=CARTESIAN_POINT('Ctrl Pts',(4.26608264768585,2.13774155639616,-3.));
#1621=CARTESIAN_POINT('Ctrl Pts',(4.34102301528611,2.01604240142873,-3.));
#1622=CARTESIAN_POINT('Ctrl Pts',(4.41040662893592,1.89111119695139,-3.));
#1623=CARTESIAN_POINT('Ctrl Pts',(4.47399613811323,1.76331808432843,-3.));
#1624=CARTESIAN_POINT('Ctrl Pts',(4.49364200511716,1.72383662697659,-3.));
#1625=CARTESIAN_POINT('Ctrl Pts',(4.51273457866157,1.68408172469305,-3.));
#1626=CARTESIAN_POINT('Ctrl Pts',(4.53126614264072,1.64406358803862,-3.));
#1627=CARTESIAN_POINT('Ctrl Pts',(4.59092049291961,1.51524251583027,-3.));
#1628=CARTESIAN_POINT('Ctrl Pts',(4.6447648615744,1.38369577163484,-3.));
#1629=CARTESIAN_POINT('Ctrl Pts',(4.69276463017633,1.2498351973593,-3.));
#1630=CARTESIAN_POINT('Ctrl Pts',(4.7206273451493,1.17213234303751,-3.));
#1631=CARTESIAN_POINT('Ctrl Pts',(4.74651988093711,1.09364929369772,-3.));
#1632=CARTESIAN_POINT('Ctrl Pts',(4.77042827250898,1.01446307784871,-3.));
#1633=CARTESIAN_POINT('Ctrl Pts',(4.78316333748872,0.972283678146918,-3.));
#1634=CARTESIAN_POINT('Ctrl Pts',(4.79533535419019,0.929904733752124,-3.));
#1635=CARTESIAN_POINT('Ctrl Pts',(4.80694157025404,0.88733767564583,-3.));
#1636=CARTESIAN_POINT('Ctrl Pts',(4.81193681023461,0.869017090423417,-3.));
#1637=CARTESIAN_POINT('Ctrl Pts',(4.81682719345317,0.850661600501548,-3.));
#1638=CARTESIAN_POINT('Ctrl Pts',(4.82160895597846,0.83228629828023,-3.));
#1639=CARTESIAN_POINT('Ctrl Pts',(4.858168173525,0.691796956151788,-3.));
#1640=CARTESIAN_POINT('Ctrl Pts',(4.88843803687297,0.549947936263975,-3.));
#1641=CARTESIAN_POINT('Ctrl Pts',(4.91244160886842,0.407196320249648,-3.));
#1642=CARTESIAN_POINT('Ctrl Pts',(4.93668297141248,0.263030540331162,-3.));
#1643=CARTESIAN_POINT('Ctrl Pts',(4.9545335543307,0.11794348942715,-3.));
#1644=CARTESIAN_POINT('Ctrl Pts',(4.96597194225744,-0.0276228006674491,
-3.));
#1645=CARTESIAN_POINT('Ctrl Pts',(4.97742313863765,-0.173352092669763,-3.));
#1646=CARTESIAN_POINT('Ctrl Pts',(4.98244800098743,-0.319562465381438,-3.));
#1647=CARTESIAN_POINT('Ctrl Pts',(4.98097625266012,-0.465827948016251,-3.));
#1648=CARTESIAN_POINT('Ctrl Pts',(4.98019303898114,-0.543665391168394,-3.));
#1649=CARTESIAN_POINT('Ctrl Pts',(4.97756913889912,-0.621518668800025,-3.));
#1650=CARTESIAN_POINT('Ctrl Pts',(4.97308798850558,-0.699324453079663,-3.));
#1651=CARTESIAN_POINT('Ctrl Pts',(4.96708668556649,-0.803524500136527,-3.));
#1652=CARTESIAN_POINT('Ctrl Pts',(4.9577548128503,-0.907639466951482,-3.));
#1653=CARTESIAN_POINT('Ctrl Pts',(4.94513786089321,-1.0115298478253,-3.));
#1654=CARTESIAN_POINT('Ctrl Pts',(4.9422534001619,-1.03528104581757,-3.));
#1655=CARTESIAN_POINT('Ctrl Pts',(4.93919669929859,-1.05902351696367,-3.));
#1656=CARTESIAN_POINT('Ctrl Pts',(4.93597177758309,-1.08273097469575,-3.));
#1657=CARTESIAN_POINT('Ctrl Pts',(4.91620059351983,-1.22807543631197,-3.));
#1658=CARTESIAN_POINT('Ctrl Pts',(4.89008996397828,-1.37228890974067,-3.));
#1659=CARTESIAN_POINT('Ctrl Pts',(4.85788097506189,-1.51498661834879,-3.));
#1660=CARTESIAN_POINT('Ctrl Pts',(4.82494672235131,-1.66089751324585,-3.));
#1661=CARTESIAN_POINT('Ctrl Pts',(4.78563641276423,-1.8052243064649,-3.));
#1662=CARTESIAN_POINT('Ctrl Pts',(4.74015396378896,-1.94756432670269,-3.));
#1663=CARTESIAN_POINT('Ctrl Pts',(4.6944951173495,-2.09045639326143,-3.));
#1664=CARTESIAN_POINT('Ctrl Pts',(4.6426160313937,-2.23134701713768,-3.));
#1665=CARTESIAN_POINT('Ctrl Pts',(4.58467035729644,-2.36982632335173,-3.));
#1666=CARTESIAN_POINT('Ctrl Pts',(4.53436760186437,-2.49004048569275,-3.));
#1667=CARTESIAN_POINT('Ctrl Pts',(4.479492180473,-2.60843774947471,-3.));
#1668=CARTESIAN_POINT('Ctrl Pts',(4.42011381841867,-2.72474156815939,-3.));
#1669=CARTESIAN_POINT('Ctrl Pts',(4.40155597640826,-2.76109063232494,-3.));
#1670=CARTESIAN_POINT('Ctrl Pts',(4.38255808928968,-2.79723512934069,-3.));
#1671=CARTESIAN_POINT('Ctrl Pts',(4.3631217320513,-2.83316636090194,-3.));
#1672=CARTESIAN_POINT('Ctrl Pts',(4.35054558043117,-2.85641539931331,-3.));
#1673=CARTESIAN_POINT('Ctrl Pts',(4.33778585179521,-2.87957514836702,-3.));
#1674=CARTESIAN_POINT('Ctrl Pts',(4.32484291518034,-2.90264321832388,-3.));
#1675=CARTESIAN_POINT('Ctrl Pts',(4.31459854156753,-2.9209016657069,-3.));
#1676=CARTESIAN_POINT('Ctrl Pts',(4.30423952090763,-2.93910233161967,-3.));
#1677=CARTESIAN_POINT('Ctrl Pts',(4.29377307893169,-2.95723215038707,-3.));
#1678=CARTESIAN_POINT('Ctrl Pts',(4.27250940460019,-2.99406477821275,-3.));
#1679=CARTESIAN_POINT('Ctrl Pts',(4.25079530966554,-3.03061769802229,-3.));
#1680=CARTESIAN_POINT('Ctrl Pts',(4.22863503569526,-3.06688201444485,-3.));
#1681=CARTESIAN_POINT('Ctrl Pts',(4.14996181911077,-3.1956272828484,-3.));
#1682=CARTESIAN_POINT('Ctrl Pts',(4.06566898266266,-3.3207362175136,-3.));
#1683=CARTESIAN_POINT('Ctrl Pts',(3.97613368322413,-3.44196939188254,-3.));
#1684=CARTESIAN_POINT('Ctrl Pts',(3.88548837819749,-3.56470554331034,-3.));
#1685=CARTESIAN_POINT('Ctrl Pts',(3.78946944993726,-3.6834698380355,-3.));
#1686=CARTESIAN_POINT('Ctrl Pts',(3.68841888361186,-3.79799349922127,-3.));
#1687=CARTESIAN_POINT('Ctrl Pts',(3.64172712644725,-3.8509106789278,-3.));
#1688=CARTESIAN_POINT('Ctrl Pts',(3.59396045077637,-3.90292213454324,-3.));
#1689=CARTESIAN_POINT('Ctrl Pts',(3.54514944336537,-3.9539993582161,-3.));
#1690=CARTESIAN_POINT('Ctrl Pts',(3.52740791941931,-3.97256459247279,-3.));
#1691=CARTESIAN_POINT('Ctrl Pts',(3.50952840766239,-3.99100638877741,-3.));
#1692=CARTESIAN_POINT('Ctrl Pts',(3.49151231741747,-4.009323329965,-3.));
#1693=CARTESIAN_POINT('Ctrl Pts',(3.47463516605855,-4.02648231311024,-3.));
#1694=CARTESIAN_POINT('Ctrl Pts',(3.45764415678232,-4.04352560870994,-3.));
#1695=CARTESIAN_POINT('Ctrl Pts',(3.44054303367771,-4.06044999657097,-3.));
#1696=CARTESIAN_POINT('Ctrl Pts',(3.33012302984159,-4.16972884107186,-3.));
#1697=CARTESIAN_POINT('Ctrl Pts',(3.21508564487498,-4.27408314944532,-3.));
#1698=CARTESIAN_POINT('Ctrl Pts',(3.09580445354393,-4.37325004979667,-3.));
#1699=CARTESIAN_POINT('Ctrl Pts',(2.97613599025101,-4.47273891675167,-3.));
#1700=CARTESIAN_POINT('Ctrl Pts',(2.85219563026343,-4.5670072391142,-3.));
#1701=CARTESIAN_POINT('Ctrl Pts',(2.72431729147856,-4.65576043266443,-3.));
#1702=CARTESIAN_POINT('Ctrl Pts',(2.61463632759375,-4.73188384737989,-3.));
#1703=CARTESIAN_POINT('Ctrl Pts',(2.50205751994653,-4.80394982792719,-3.));
#1704=CARTESIAN_POINT('Ctrl Pts',(2.38677046677001,-4.87175037732379,-3.));
#1705=CARTESIAN_POINT('Origin',(0.,0.,-3.));
#1706=CARTESIAN_POINT('Origin',(10.,1.94289029309402E-15,-3.));
#1707=CARTESIAN_POINT('',(8.75,2.22044604925031E-15,-13.));
#1708=CARTESIAN_POINT('Origin',(10.,1.94289029309402E-15,-13.));
#1709=CARTESIAN_POINT('',(8.75,2.09597114298744E-15,-3.));
#1710=CARTESIAN_POINT('Origin',(-10.,-5.55111512312578E-16,-3.));
#1711=CARTESIAN_POINT('',(-11.25,0.,-13.));
#1712=CARTESIAN_POINT('Origin',(-10.,-5.55111512312578E-16,-13.));
#1713=CARTESIAN_POINT('',(-11.25,-4.02030662419159E-16,-3.));
#1714=CARTESIAN_POINT('Origin',(0.,-10.,-3.));
#1715=CARTESIAN_POINT('',(-1.25,-10.,-13.));
#1716=CARTESIAN_POINT('Origin',(0.,-10.,-13.));
#1717=CARTESIAN_POINT('',(-1.25,-10.,-3.));
#1718=CARTESIAN_POINT('Origin',(-1.11022302462516E-15,10.,-3.));
#1719=CARTESIAN_POINT('',(-1.25,10.,-13.));
#1720=CARTESIAN_POINT('Origin',(-1.11022302462516E-15,10.,-13.));
#1721=CARTESIAN_POINT('',(-1.25,10.,-3.));
#1722=CARTESIAN_POINT('Origin',(0.,0.,-3.));
#1723=CARTESIAN_POINT('',(-12.5,2.22044604925031E-15,-13.));
#1724=CARTESIAN_POINT('Origin',(0.,0.,-13.));
#1725=CARTESIAN_POINT('',(-12.5,1.53080849893419E-15,-3.));
#1726=CARTESIAN_POINT('Origin',(0.,0.,-13.));
#1727=CARTESIAN_POINT('Origin',(0.,0.,0.25));
#1728=CARTESIAN_POINT('',(-3.46410161513776,-2.,0.5));
#1729=CARTESIAN_POINT('',(-3.89711431702998,-2.25,0.));
#1730=CARTESIAN_POINT('',(-3.68060796608387,-2.125,0.25));
#1731=CARTESIAN_POINT('',(-0.781416799501187,-4.43163488855494,0.));
#1732=CARTESIAN_POINT('Origin',(0.,0.,0.));
#1733=CARTESIAN_POINT('',(-0.694592710667722,-3.93923101204883,0.5));
#1734=CARTESIAN_POINT('',(-0.738004755084454,-4.18543295030188,0.25));
#1735=CARTESIAN_POINT('Origin',(0.,0.,0.5));
#1736=CARTESIAN_POINT('Origin',(-3.29903810567666,0.315959713348664,0.));
#1737=CARTESIAN_POINT('',(-2.65343325568491,3.7213261291771,-8.67361737988404E-18));
#1738=CARTESIAN_POINT('Ctrl Pts',(-2.65343325568491,3.7213261291771,-1.73472347597681E-17));
#1739=CARTESIAN_POINT('Ctrl Pts',(-2.77335314863913,3.65134453028617,3.50586183218109E-17));
#1740=CARTESIAN_POINT('Ctrl Pts',(-2.88981660140895,3.57604485172545,7.13057369161865E-17));
#1741=CARTESIAN_POINT('Ctrl Pts',(-3.00245634869452,3.49568249167892,4.5102810375397E-17));
#1742=CARTESIAN_POINT('Ctrl Pts',(-3.03430762980509,3.47295832740979,3.76933763231832E-17));
#1743=CARTESIAN_POINT('Ctrl Pts',(-3.06585314456364,3.44982903312791,7.48632916757426E-16));
#1744=CARTESIAN_POINT('Ctrl Pts',(-3.09708449254554,3.42629963909636,7.28583859910259E-16));
#1745=CARTESIAN_POINT('Ctrl Pts',(-3.20657964643658,3.34380705434017,6.58293119782027E-16));
#1746=CARTESIAN_POINT('Ctrl Pts',(-3.31221474489275,3.25640041194597,5.11699585929592E-16));
#1747=CARTESIAN_POINT('Ctrl Pts',(-3.41379285779576,3.16445841084826,4.85722573273506E-16));
#1748=CARTESIAN_POINT('Ctrl Pts',(-3.51655525608109,3.07144447048322,4.59442698165208E-16));
#1749=CARTESIAN_POINT('Ctrl Pts',(-3.61516610765543,2.97378836161153,2.55948593316622E-16));
#1750=CARTESIAN_POINT('Ctrl Pts',(-3.7093962821627,2.87183530411018,2.63677968348475E-16));
#1751=CARTESIAN_POINT('Ctrl Pts',(-3.79322627221612,2.78113480566642,2.70554252250393E-16));
#1752=CARTESIAN_POINT('Ctrl Pts',(-3.87358913213742,2.68703261852986,7.48899661606066E-17));
#1753=CARTESIAN_POINT('Ctrl Pts',(-3.95030127208279,2.58974564828778,6.93889390390723E-17));
#1754=CARTESIAN_POINT('Ctrl Pts',(-3.96394329853523,2.57244471752942,6.84106693993385E-17));
#1755=CARTESIAN_POINT('Ctrl Pts',(-3.97746981011528,2.55504301262904,-3.41501657618433E-16));
#1756=CARTESIAN_POINT('Ctrl Pts',(-3.99087969227101,2.53754168389412,-3.60822483003176E-16));
#1757=CARTESIAN_POINT('Ctrl Pts',(-4.00320189252956,2.52145989622753,-3.78576187083984E-16));
#1758=CARTESIAN_POINT('Ctrl Pts',(-4.01542061678013,2.50530046618652,6.1112762334579E-16));
#1759=CARTESIAN_POINT('Ctrl Pts',(-4.02753120080213,2.48907000720431,5.96744875736022E-16));
#1760=CARTESIAN_POINT('Ctrl Pts',(-4.11235440657177,2.37539096749133,4.96007309503044E-16));
#1761=CARTESIAN_POINT('Ctrl Pts',(-4.1919383089091,2.2581482586189,-3.87869331477508E-16));
#1762=CARTESIAN_POINT('Ctrl Pts',(-4.2660823353712,2.13774231859254,-3.46944695195361E-16));
#1763=CARTESIAN_POINT('Ctrl Pts',(-4.34102270124336,2.01604316588508,-3.05580510344448E-16));
#1764=CARTESIAN_POINT('Ctrl Pts',(-4.41040632021985,1.89111195813759,8.56531221267471E-17));
#1765=CARTESIAN_POINT('Ctrl Pts',(-4.47399584327903,1.76331883885787,8.32667268468867E-17));
#1766=CARTESIAN_POINT('Ctrl Pts',(-4.49364182481772,1.72383715789283,8.25294500856106E-17));
#1767=CARTESIAN_POINT('Ctrl Pts',(-4.51273450750446,1.68408202860368,-6.01805707193402E-17));
#1768=CARTESIAN_POINT('Ctrl Pts',(-4.53126617514815,1.64406366178439,-5.55111512312578E-17));
#1769=CARTESIAN_POINT('Ctrl Pts',(-4.59092054692596,1.51524252285186,-3.81067236130663E-17));
#1770=CARTESIAN_POINT('Ctrl Pts',(-4.6447649411602,1.383695707748,2.78080012519455E-16));
#1771=CARTESIAN_POINT('Ctrl Pts',(-4.69276473585894,1.24983506414712,1.66533453693773E-16));
#1772=CARTESIAN_POINT('Ctrl Pts',(-4.72062746230669,1.17213217982895,1.01783358943259E-16));
#1773=CARTESIAN_POINT('Ctrl Pts',(-4.74652001026386,1.09364910123054,2.96586141699154E-16));
#1774=CARTESIAN_POINT('Ctrl Pts',(-4.7704284140084,1.01446285795835,3.05311331771918E-16));
#1775=CARTESIAN_POINT('Ctrl Pts',(-4.7831634874754,0.972283437014048,3.09958899956623E-16));
#1776=CARTESIAN_POINT('Ctrl Pts',(-4.79533551248793,0.929904471834837,-5.79068121658206E-16));
#1777=CARTESIAN_POINT('Ctrl Pts',(-4.80694173658055,0.887337393574634,-6.10622663543836E-16));
#1778=CARTESIAN_POINT('Ctrl Pts',(-4.81193697562065,0.869016815800885,-6.2420352138888E-16));
#1779=CARTESIAN_POINT('Ctrl Pts',(-4.81682735802667,0.850661333522183,-1.81752805466443E-17));
#1780=CARTESIAN_POINT('Ctrl Pts',(-4.82160911986701,0.83228603911708,-2.77555756156289E-17));
#1781=CARTESIAN_POINT('Ctrl Pts',(-4.85816836251205,0.691796640175767,-1.01002287545767E-16));
#1782=CARTESIAN_POINT('Ctrl Pts',(-4.88843824791191,0.549947571566502,-8.77075081236263E-17));
#1783=CARTESIAN_POINT('Ctrl Pts',(-4.91244183527238,0.407195920766327,-5.55111512312578E-17));
#1784=CARTESIAN_POINT('Ctrl Pts',(-4.93668321357259,0.263030104296449,-2.29958419320241E-17));
#1785=CARTESIAN_POINT('Ctrl Pts',(-4.95453380530606,0.117943031027733,3.83583199512639E-16));
#1786=CARTESIAN_POINT('Ctrl Pts',(-4.96597219139993,-0.0276232612748271,
3.60822483003176E-16));
#1787=CARTESIAN_POINT('Ctrl Pts',(-4.97742338216285,-0.173352507352596,
3.38036287073834E-16));
#1788=CARTESIAN_POINT('Ctrl Pts',(-4.98244823247118,-0.319562813629381,
3.82968133052183E-16));
#1789=CARTESIAN_POINT('Ctrl Pts',(-4.98097646200009,-0.465828203684702,
4.16333634234434E-16));
#1790=CARTESIAN_POINT('Ctrl Pts',(-4.98019323631534,-0.54366561959379,4.34089607753225E-16));
#1791=CARTESIAN_POINT('Ctrl Pts',(-4.97756932032513,-0.621518862584983,
5.07828739053443E-16));
#1792=CARTESIAN_POINT('Ctrl Pts',(-4.97308814954783,-0.699324603902689,
4.9960036108132E-16));
#1793=CARTESIAN_POINT('Ctrl Pts',(-4.96708681958727,-0.803524588611791,
4.31909528199827E-16));
#1794=CARTESIAN_POINT('Ctrl Pts',(-4.95775491212991,-0.907639478161403,
2.42589272271513E-16));
#1795=CARTESIAN_POINT('Ctrl Pts',(-4.94513792005296,-1.01152977164591,3.33066907387547E-16));
#1796=CARTESIAN_POINT('Ctrl Pts',(-4.94225344948127,-1.03528095516197,3.53751716753881E-16));
#1797=CARTESIAN_POINT('Ctrl Pts',(-4.93919673841551,-1.05902341129338,-1.09165973416819E-16));
#1798=CARTESIAN_POINT('Ctrl Pts',(-4.93597180617585,-1.08273085354058,-1.11022302462516E-16));
#1799=CARTESIAN_POINT('Ctrl Pts',(-4.91620057364839,-1.22807510218417,-1.22402979786068E-16));
#1800=CARTESIAN_POINT('Ctrl Pts',(-4.89008989378132,-1.3722883468228,4.5744145242351E-16));
#1801=CARTESIAN_POINT('Ctrl Pts',(-4.85788085880717,-1.51498582484358,3.33066907387547E-16));
#1802=CARTESIAN_POINT('Ctrl Pts',(-4.8249465537836,-1.66089650707926,2.0589174654618E-16));
#1803=CARTESIAN_POINT('Ctrl Pts',(-4.78563619431874,-1.80522308523755,2.22764334022786E-16));
#1804=CARTESIAN_POINT('Ctrl Pts',(-4.74015370446497,-1.94756290239254,0.));
#1805=CARTESIAN_POINT('Ctrl Pts',(-4.69449479090443,-2.09045484671216,-2.23628422811037E-16));
#1806=CARTESIAN_POINT('Ctrl Pts',(-4.64261563978585,-2.2313453581142,1.2854542514547E-16));
#1807=CARTESIAN_POINT('Ctrl Pts',(-4.58466990938561,-2.36982457533618,1.11022302462516E-16));
#1808=CARTESIAN_POINT('Ctrl Pts',(-4.53436708941307,-2.49003869785635,9.58104399216702E-17));
#1809=CARTESIAN_POINT('Ctrl Pts',(-4.47949160730623,-2.60843593837335,2.49570832379895E-16));
#1810=CARTESIAN_POINT('Ctrl Pts',(-4.42011319295386,-2.72473975914639,2.22044604925031E-16));
#1811=CARTESIAN_POINT('Ctrl Pts',(-4.40155536274435,-2.76108876883559,2.13441696595677E-16));
#1812=CARTESIAN_POINT('Ctrl Pts',(-4.38255748958376,-2.79723321447301,-4.13073461399495E-16));
#1813=CARTESIAN_POINT('Ctrl Pts',(-4.3631211485945,-2.83316439806574,-4.44089209850063E-16));
#1814=CARTESIAN_POINT('Ctrl Pts',(-4.3505451346081,-2.85641317043806,-4.64157518310414E-16));
#1815=CARTESIAN_POINT('Ctrl Pts',(-4.33778554827622,-2.87957265668534,-2.18382504841025E-16));
#1816=CARTESIAN_POINT('Ctrl Pts',(-4.32484275866163,-2.90264046722618,-2.22044604925031E-16));
#1817=CARTESIAN_POINT('Ctrl Pts',(-4.31459829820205,-2.92089907143841,-2.2494322574997E-16));
#1818=CARTESIAN_POINT('Ctrl Pts',(-4.30423918890694,-2.93909989433675,-5.7435835459017E-16));
#1819=CARTESIAN_POINT('Ctrl Pts',(-4.29377265683625,-2.95722986971393,-5.55111512312578E-16));
#1820=CARTESIAN_POINT('Ctrl Pts',(-4.27250887527093,-2.99406268440379,-5.16009673494431E-16));
#1821=CARTESIAN_POINT('Ctrl Pts',(-4.25079467013893,-3.03061579180561,-2.86977885991987E-16));
#1822=CARTESIAN_POINT('Ctrl Pts',(-4.2286342832213,-3.06688029671462,-2.77555756156289E-16));
#1823=CARTESIAN_POINT('Ctrl Pts',(-4.14996090191835,-3.19562584764179,-2.48286774346341E-16));
#1824=CARTESIAN_POINT('Ctrl Pts',(-4.06566789987267,-3.32073509790255,-2.57803811304823E-16));
#1825=CARTESIAN_POINT('Ctrl Pts',(-3.97613242817216,-3.44196860185104,-3.33066907387547E-16));
#1826=CARTESIAN_POINT('Ctrl Pts',(-3.88548701862604,-3.56470499232743,-4.09263011998992E-16));
#1827=CARTESIAN_POINT('Ctrl Pts',(-3.78946798730042,-3.68346954658194,-3.52424606149059E-16));
#1828=CARTESIAN_POINT('Ctrl Pts',(-3.68841731242038,-3.79799346891363,-2.22044604925031E-16));
#1829=CARTESIAN_POINT('Ctrl Pts',(-3.6417256103614,-3.85091064998625,-1.61800928385233E-16));
#1830=CARTESIAN_POINT('Ctrl Pts',(-3.59395899346936,-3.90292211139902,3.70486684036882E-17));
#1831=CARTESIAN_POINT('Ctrl Pts',(-3.54514804761296,-3.95399934363709,1.66533453693773E-16));
#1832=CARTESIAN_POINT('Ctrl Pts',(-3.52740642608078,-3.97256470653632,2.1359810311792E-16));
#1833=CARTESIAN_POINT('Ctrl Pts',(-3.50952681523856,-3.99100663018001,2.15361709085349E-16));
#1834=CARTESIAN_POINT('Ctrl Pts',(-3.49151062439484,-4.00932369729465,2.22044604925031E-16));
#1835=CARTESIAN_POINT('Ctrl Pts',(-3.47463384407551,-4.02648232535704,2.28304849721599E-16));
#1836=CARTESIAN_POINT('Ctrl Pts',(-3.45764321153,-4.0435252702604,-1.26739512802834E-16));
#1837=CARTESIAN_POINT('Ctrl Pts',(-3.44054246964786,-4.0604493128902,-1.11022302462516E-16));
#1838=CARTESIAN_POINT('Ctrl Pts',(-3.33012239459695,-4.169728434827,-9.53573788360313E-18));
#1839=CARTESIAN_POINT('Ctrl Pts',(-3.21508492773552,-4.2740830082124,3.11957981437276E-16));
#1840=CARTESIAN_POINT('Ctrl Pts',(-3.09580363673532,-4.37325014199502,2.77555756156289E-16));
#1841=CARTESIAN_POINT('Ctrl Pts',(-2.97613531203531,-4.47273904478571,2.43041905486103E-16));
#1842=CARTESIAN_POINT('Ctrl Pts',(-2.85219508977977,-4.56700739203044,-3.02578297892174E-16));
#1843=CARTESIAN_POINT('Ctrl Pts',(-2.72431687863271,-4.65576058198209,-2.77555756156289E-16));
#1844=CARTESIAN_POINT('Ctrl Pts',(-2.61463605989028,-4.73188396885607,-2.56093985304239E-16));
#1845=CARTESIAN_POINT('Ctrl Pts',(-2.50205739185203,-4.80394990325983,1.33210991495486E-17));
#1846=CARTESIAN_POINT('Ctrl Pts',(-2.38677046677,-4.87175037732379,0.));
#1847=CARTESIAN_POINT('',(2.65335272752059,3.72138851853163,0.));
#1848=CARTESIAN_POINT('Ctrl Pts',(2.38687675681055,-4.87169293279969,4.19803081186387E-16));
#1849=CARTESIAN_POINT('Ctrl Pts',(2.52057001115544,-4.79323408605177,4.35293114451584E-16));
#1850=CARTESIAN_POINT('Ctrl Pts',(2.65057944675825,-4.70922644163681,5.77894264868733E-16));
#1851=CARTESIAN_POINT('Ctrl Pts',(2.77652427943091,-4.61983363238579,6.07153216591882E-16));
#1852=CARTESIAN_POINT('Ctrl Pts',(2.82053304907541,-4.58859719761734,6.17377141139629E-16));
#1853=CARTESIAN_POINT('Ctrl Pts',(2.86404527448863,-4.55670284192936,2.59743371976301E-16));
#1854=CARTESIAN_POINT('Ctrl Pts',(2.90704381308976,-4.5241563381795,3.01841884819964E-16));
#1855=CARTESIAN_POINT('Ctrl Pts',(3.03045550647751,-4.4307434159665,3.94914805431553E-16));
#1856=CARTESIAN_POINT('Ctrl Pts',(3.14963851826364,-4.33196080327875,8.59178440382749E-16));
#1857=CARTESIAN_POINT('Ctrl Pts',(3.2643132942843,-4.22815441413892,9.57567358739198E-16));
#1858=CARTESIAN_POINT('Ctrl Pts',(3.37876158007567,-4.12455304944907,1.05576195250699E-15));
#1859=CARTESIAN_POINT('Ctrl Pts',(3.4887198524244,-4.01594706840363,-2.7478296487183E-16));
#1860=CARTESIAN_POINT('Ctrl Pts',(3.59386725798313,-3.90265162401258,-3.7470027081099E-16));
#1861=CARTESIAN_POINT('Ctrl Pts',(3.68761681075869,-3.80163727005178,-4.63786660499452E-16));
#1862=CARTESIAN_POINT('Ctrl Pts',(3.77754158201002,-3.69689432088645,1.35776182594994E-15));
#1863=CARTESIAN_POINT('Ctrl Pts',(3.86338105345087,-3.58863322040787,1.56819002228303E-15));
#1864=CARTESIAN_POINT('Ctrl Pts',(3.88289451711883,-3.56402275839799,1.61602562628826E-15));
#1865=CARTESIAN_POINT('Ctrl Pts',(3.90219672915571,-3.53923045368333,5.70125607000349E-16));
#1866=CARTESIAN_POINT('Ctrl Pts',(3.92128438217499,-3.51425872192724,5.55111512312578E-16));
#1867=CARTESIAN_POINT('Ctrl Pts',(3.93288538808807,-3.49908151771728,5.45986314936218E-16));
#1868=CARTESIAN_POINT('Ctrl Pts',(3.94440585735875,-3.48383964000621,1.13546647022998E-16));
#1869=CARTESIAN_POINT('Ctrl Pts',(3.95583840315357,-3.46854281138691,1.2490009027033E-16));
#1870=CARTESIAN_POINT('Ctrl Pts',(4.04666564384624,-3.34701530913367,2.15098891221856E-16));
#1871=CARTESIAN_POINT('Ctrl Pts',(4.13206904986627,-3.22186284137796,1.7062285858818E-16));
#1872=CARTESIAN_POINT('Ctrl Pts',(4.21179358240504,-3.09341649255605,2.22044604925031E-16));
#1873=CARTESIAN_POINT('Ctrl Pts',(4.29093381606416,-2.96591152344903,2.73089482714435E-16));
#1874=CARTESIAN_POINT('Ctrl Pts',(4.36447845389209,-2.83516011472125,1.46086275879266E-15));
#1875=CARTESIAN_POINT('Ctrl Pts',(4.43213255804425,-2.7014630138049,1.4432899320127E-15));
#1876=CARTESIAN_POINT('Ctrl Pts',(4.45990305306542,-2.64658334727365,1.43607668006419E-15));
#1877=CARTESIAN_POINT('Ctrl Pts',(4.48668047858852,-2.59120714019813,1.0288832916777E-15));
#1878=CARTESIAN_POINT('Ctrl Pts',(4.51244198924528,-2.5353544444309,1.08246744900953E-15));
#1879=CARTESIAN_POINT('Ctrl Pts',(4.57563888651951,-2.39833930102883,1.21560278053528E-15));
#1880=CARTESIAN_POINT('Ctrl Pts',(4.63272561568163,-2.25845677720632,2.50796321748048E-16));
#1881=CARTESIAN_POINT('Ctrl Pts',(4.68357110548013,-2.11613441653919,1.66533453693773E-16));
#1882=CARTESIAN_POINT('Ctrl Pts',(4.71204272689957,-2.03643908095498,1.1934931821854E-16));
#1883=CARTESIAN_POINT('Ctrl Pts',(4.73855642494123,-1.95597863596002,1.21416770676639E-15));
#1884=CARTESIAN_POINT('Ctrl Pts',(4.76308201122475,-1.8748284731893,1.22124532708767E-15));
#1885=CARTESIAN_POINT('Ctrl Pts',(4.77505289321007,-1.83521926628237,1.22469989720981E-15));
#1886=CARTESIAN_POINT('Ctrl Pts',(4.78655005005701,-1.79544575141643,1.07913189352591E-15));
#1887=CARTESIAN_POINT('Ctrl Pts',(4.79756951812857,-1.7555167769458,1.11022302462516E-15));
#1888=CARTESIAN_POINT('Ctrl Pts',(4.80280020797079,-1.73656340462168,1.12498127453051E-15));
#1889=CARTESIAN_POINT('Ctrl Pts',(4.80792393321426,-1.71757244510068,3.05420652141587E-16));
#1890=CARTESIAN_POINT('Ctrl Pts',(4.81293802862637,-1.69855329827356,3.05311331771918E-16));
#1891=CARTESIAN_POINT('Ctrl Pts',(4.85073447204645,-1.55518624043649,3.04487270634812E-16));
#1892=CARTESIAN_POINT('Ctrl Pts',(4.88223369430363,-1.410499261125,4.81677049955636E-17));
#1893=CARTESIAN_POINT('Ctrl Pts',(4.90738218367342,-1.26490962783113,2.22044604925031E-16));
#1894=CARTESIAN_POINT('Ctrl Pts',(4.93248093640632,-1.11960792987281,3.95577625263683E-16));
#1895=CARTESIAN_POINT('Ctrl Pts',(4.95125408986685,-0.973406357751045,8.19922548790263E-16));
#1896=CARTESIAN_POINT('Ctrl Pts',(4.96359692044558,-0.826715142200688,7.7715611723761E-16));
#1897=CARTESIAN_POINT('Ctrl Pts',(4.97574436402251,-0.682346048518,7.35066678274717E-16));
#1898=CARTESIAN_POINT('Ctrl Pts',(4.98166338433278,-0.537501985805612,9.04602223287283E-16));
#1899=CARTESIAN_POINT('Ctrl Pts',(4.98120463218464,-0.392580616946299,9.15933995315754E-16));
#1900=CARTESIAN_POINT('Ctrl Pts',(4.9809170749937,-0.301740319184047,9.23037030246645E-16));
#1901=CARTESIAN_POINT('Ctrl Pts',(4.97812265286007,-0.210869816659379,1.07491680066859E-15));
#1902=CARTESIAN_POINT('Ctrl Pts',(4.97277457787825,-0.120070242104845,1.16573417585641E-15));
#1903=CARTESIAN_POINT('Ctrl Pts',(4.96692906173223,-0.0208251154161043,
1.26444420812787E-15));
#1904=CARTESIAN_POINT('Ctrl Pts',(4.95803274200763,0.0783354441980912,8.44923461738477E-16));
#1905=CARTESIAN_POINT('Ctrl Pts',(4.94610115253913,0.177271484767057,8.88178419700125E-16));
#1906=CARTESIAN_POINT('Ctrl Pts',(4.94398790093442,0.1947944432168,8.95839478569557E-16));
#1907=CARTESIAN_POINT('Ctrl Pts',(4.94177928001537,0.212311342650406,1.49050524478916E-16));
#1908=CARTESIAN_POINT('Ctrl Pts',(4.93947575539458,0.229818287392063,1.66533453693773E-16));
#1909=CARTESIAN_POINT('Ctrl Pts',(4.92069465827261,0.372555910655675,3.09075273562363E-16));
#1910=CARTESIAN_POINT('Ctrl Pts',(4.89567233670571,0.514157990026604,9.74376023196763E-16));
#1911=CARTESIAN_POINT('Ctrl Pts',(4.86456976643482,0.654234963085462,9.99200722162641E-16));
#1912=CARTESIAN_POINT('Ctrl Pts',(4.83334830035974,0.794847408428931,1.02412031851229E-15));
#1913=CARTESIAN_POINT('Ctrl Pts',(4.79599971338069,0.933923816431774,1.2363388164577E-15));
#1914=CARTESIAN_POINT('Ctrl Pts',(4.75263721335539,1.07105451363441,9.99200722162641E-16));
#1915=CARTESIAN_POINT('Ctrl Pts',(4.70963417828482,1.20704842952066,7.64028447049561E-16));
#1916=CARTESIAN_POINT('Ctrl Pts',(4.66071615875579,1.34112943308423,4.39093729726664E-16));
#1917=CARTESIAN_POINT('Ctrl Pts',(4.60594995901645,1.47287204394825,3.33066907387547E-16));
#1918=CARTESIAN_POINT('Ctrl Pts',(4.55848645305514,1.58704768925256,2.41178028149914E-16));
#1919=CARTESIAN_POINT('Ctrl Pts',(4.50662962510368,1.69946684630568,9.54052978364199E-16));
#1920=CARTESIAN_POINT('Ctrl Pts',(4.45039917112651,1.80983076420975,9.43689570931383E-16));
#1921=CARTESIAN_POINT('Ctrl Pts',(4.4178230094539,1.87376823186607,9.37685706261401E-16));
#1922=CARTESIAN_POINT('Ctrl Pts',(4.3837785442184,1.93701549931449,8.75770432715496E-16));
#1923=CARTESIAN_POINT('Ctrl Pts',(4.34826651174147,1.9995106529585,8.88178419700125E-16));
#1924=CARTESIAN_POINT('Ctrl Pts',(4.33687636242491,2.01955538376992,8.92158164440579E-16));
#1925=CARTESIAN_POINT('Ctrl Pts',(4.32533906268252,2.03951587817075,2.71394225977042E-17));
#1926=CARTESIAN_POINT('Ctrl Pts',(4.3136589916628,2.05938345423218,5.55111512312578E-17));
#1927=CARTESIAN_POINT('Ctrl Pts',(4.29889661566591,2.08449397175132,9.13700193034589E-17));
#1928=CARTESIAN_POINT('Ctrl Pts',(4.28390420781953,2.10945953074982,4.1699223714392E-16));
#1929=CARTESIAN_POINT('Ctrl Pts',(4.26868257431372,2.13427660111812,4.44089209850063E-16));
#1930=CARTESIAN_POINT('Ctrl Pts',(4.19470955687015,2.25488084366232,5.7813874040293E-16));
#1931=CARTESIAN_POINT('Ctrl Pts',(4.1153259712124,2.37198110998033,1.10186351718122E-15));
#1932=CARTESIAN_POINT('Ctrl Pts',(4.03084124430821,2.485277871325,1.16573417585641E-15));
#1933=CARTESIAN_POINT('Ctrl Pts',(3.94646234976887,2.59843270803284,1.2295248250068E-15));
#1934=CARTESIAN_POINT('Ctrl Pts',(3.85699443784106,2.70779406722734,9.59440348499381E-16));
#1935=CARTESIAN_POINT('Ctrl Pts',(3.7627133680464,2.81302322390287,9.43689570931383E-16));
#1936=CARTESIAN_POINT('Ctrl Pts',(3.71837459308088,2.86251069692168,9.36282249571534E-16));
#1937=CARTESIAN_POINT('Ctrl Pts',(3.67297090605897,2.91108364108106,5.76592744256139E-16));
#1938=CARTESIAN_POINT('Ctrl Pts',(3.62652913505355,2.95870325156374,5.55111512312578E-16));
#1939=CARTESIAN_POINT('Ctrl Pts',(3.60717314144198,2.97855014491715,5.46158568028441E-16));
#1940=CARTESIAN_POINT('Ctrl Pts',(3.58763483883223,2.99823323600651,1.11244292791575E-15));
#1941=CARTESIAN_POINT('Ctrl Pts',(3.56793316785077,3.01773310498162,1.0547118733939E-15));
#1942=CARTESIAN_POINT('Ctrl Pts',(3.46915932683842,3.11549521661786,7.65278656983795E-16));
#1943=CARTESIAN_POINT('Ctrl Pts',(3.36619584791757,3.20874529539167,5.47998493325974E-16));
#1944=CARTESIAN_POINT('Ctrl Pts',(3.25932510041482,3.29717888129384,3.88578058618805E-16));
#1945=CARTESIAN_POINT('Ctrl Pts',(3.1541608937051,3.38420033595016,2.31703292220579E-16));
#1946=CARTESIAN_POINT('Ctrl Pts',(3.04521255432536,3.46655822430777,1.97836493576097E-16));
#1947=CARTESIAN_POINT('Ctrl Pts',(2.93272667781042,3.54391801635326,1.11022302462516E-16));
#1948=CARTESIAN_POINT('Ctrl Pts',(2.84186943870947,3.60640316862694,4.09006306247775E-17));
#1949=CARTESIAN_POINT('Ctrl Pts',(2.74870372183821,3.66562675513279,-5.16686003014913E-17));
#1950=CARTESIAN_POINT('Ctrl Pts',(2.65335272752059,3.72138851853163,0.));
#1951=CARTESIAN_POINT('Origin',(0.,0.,0.));
#1952=CARTESIAN_POINT('',(-0.520944533000791,-2.95442325903662,0.));
#1953=CARTESIAN_POINT('',(0.,0.,0.));
#1954=CARTESIAN_POINT('',(-2.59807621135332,-1.5,0.));
#1955=CARTESIAN_POINT('',(-3.46410161513776,-2.,0.));
#1956=CARTESIAN_POINT('',(-2.81907786235772,-1.02606042997701,0.));
#1957=CARTESIAN_POINT('Origin',(0.,0.,0.));
#1958=CARTESIAN_POINT('',(-4.22861679353659,-1.53909064496551,0.));
#1959=CARTESIAN_POINT('',(0.,0.,0.));
#1960=CARTESIAN_POINT('',(-3.89711431702997,2.25,0.));
#1961=CARTESIAN_POINT('Origin',(0.,0.,0.));
#1962=CARTESIAN_POINT('',(-2.59807621135332,1.5,0.));
#1963=CARTESIAN_POINT('',(-3.46410161513775,2.,0.));
#1964=CARTESIAN_POINT('',(-2.29813332935693,1.92836282905962,0.));
#1965=CARTESIAN_POINT('Origin',(0.,0.,0.));
#1966=CARTESIAN_POINT('',(-3.4471999940354,2.89254424358943,0.));
#1967=CARTESIAN_POINT('',(0.,0.,0.));
#1968=CARTESIAN_POINT('',(-2.75545529808154E-16,4.5,0.));
#1969=CARTESIAN_POINT('Origin',(0.,0.,0.));
#1970=CARTESIAN_POINT('',(0.,3.,0.));
#1971=CARTESIAN_POINT('',(0.,4.,0.));
#1972=CARTESIAN_POINT('',(0.520944533000791,2.95442325903662,0.));
#1973=CARTESIAN_POINT('Origin',(0.,0.,0.));
#1974=CARTESIAN_POINT('',(0.781416799501186,4.43163488855494,0.));
#1975=CARTESIAN_POINT('',(0.,0.,0.));
#1976=CARTESIAN_POINT('',(3.89711431702998,2.25,0.));
#1977=CARTESIAN_POINT('Origin',(0.,0.,0.));
#1978=CARTESIAN_POINT('',(2.59807621135332,1.5,0.));
#1979=CARTESIAN_POINT('',(3.46410161513776,2.,0.));
#1980=CARTESIAN_POINT('',(2.81907786235773,1.026060429977,0.));
#1981=CARTESIAN_POINT('Origin',(0.,0.,0.));
#1982=CARTESIAN_POINT('',(4.22861679353659,1.53909064496551,0.));
#1983=CARTESIAN_POINT('',(0.,0.,0.));
#1984=CARTESIAN_POINT('',(3.89711431702997,-2.25,0.));
#1985=CARTESIAN_POINT('Origin',(0.,0.,0.));
#1986=CARTESIAN_POINT('',(2.59807621135332,-1.5,0.));
#1987=CARTESIAN_POINT('',(3.46410161513775,-2.,0.));
#1988=CARTESIAN_POINT('',(2.29813332935693,-1.92836282905962,0.));
#1989=CARTESIAN_POINT('Origin',(0.,0.,0.));
#1990=CARTESIAN_POINT('',(3.4471999940354,-2.89254424358943,0.));
#1991=CARTESIAN_POINT('',(0.,0.,0.));
#1992=CARTESIAN_POINT('',(-7.23655192354486E-16,-4.5,0.));
#1993=CARTESIAN_POINT('Origin',(0.,0.,0.));
#1994=CARTESIAN_POINT('',(-3.67394039744206E-16,-3.,0.));
#1995=CARTESIAN_POINT('',(-4.89858719658941E-16,-4.,0.));
#1996=CARTESIAN_POINT('Origin',(0.,0.,0.));
#1997=CARTESIAN_POINT('Origin',(0.,0.,0.25));
#1998=CARTESIAN_POINT('',(-3.46410161513775,2.,0.5));
#1999=CARTESIAN_POINT('',(-3.68060796608386,2.125,0.25));
#2000=CARTESIAN_POINT('',(-3.75877048314363,-1.36808057330267,0.5));
#2001=CARTESIAN_POINT('',(-3.99369363834011,-1.45358560913409,0.25));
#2002=CARTESIAN_POINT('Origin',(0.,0.,0.5));
#2003=CARTESIAN_POINT('Origin',(0.,0.,0.25));
#2004=CARTESIAN_POINT('',(0.,4.,0.5));
#2005=CARTESIAN_POINT('',(0.,4.25,0.25));
#2006=CARTESIAN_POINT('',(-3.06417777247591,2.57115043874616,0.5));
#2007=CARTESIAN_POINT('',(-3.25568888325566,2.73184734116779,0.25));
#2008=CARTESIAN_POINT('Origin',(0.,0.,0.5));
#2009=CARTESIAN_POINT('Origin',(0.,0.,0.25));
#2010=CARTESIAN_POINT('',(3.46410161513776,2.,0.5));
#2011=CARTESIAN_POINT('',(3.68060796608387,2.125,0.25));
#2012=CARTESIAN_POINT('',(0.694592710667721,3.93923101204883,0.5));
#2013=CARTESIAN_POINT('',(0.738004755084454,4.18543295030188,0.25));
#2014=CARTESIAN_POINT('Origin',(0.,0.,0.5));
#2015=CARTESIAN_POINT('Origin',(0.,0.,0.25));
#2016=CARTESIAN_POINT('',(3.46410161513775,-2.,0.5));
#2017=CARTESIAN_POINT('',(3.68060796608386,-2.125,0.25));
#2018=CARTESIAN_POINT('',(3.75877048314364,1.36808057330267,0.5));
#2019=CARTESIAN_POINT('',(3.99369363834011,1.45358560913409,0.25));
#2020=CARTESIAN_POINT('Origin',(0.,0.,0.5));
#2021=CARTESIAN_POINT('Origin',(0.,0.,0.25));
#2022=CARTESIAN_POINT('',(-4.89858719658941E-16,-4.,0.5));
#2023=CARTESIAN_POINT('',(-5.20474889637625E-16,-4.25,0.25));
#2024=CARTESIAN_POINT('',(3.06417777247591,-2.57115043874616,0.5));
#2025=CARTESIAN_POINT('',(3.25568888325566,-2.73184734116779,0.25));
#2026=CARTESIAN_POINT('Origin',(0.,0.,0.5));
#2027=CARTESIAN_POINT('Ctrl Pts',(-2.01080462301363,-4.10434866581374,0.493374672535994));
#2028=CARTESIAN_POINT('Ctrl Pts',(-2.67812673286813,-3.77741387230769,0.454559398396706));
#2029=CARTESIAN_POINT('Ctrl Pts',(-3.849725529226,-2.7922923500368,0.376928850118128));
#2030=CARTESIAN_POINT('Ctrl Pts',(-4.70936196483498,-0.662167129830526,
0.260483027700262));
#2031=CARTESIAN_POINT('Ctrl Pts',(-4.47049859476683,1.62200016897602,0.144037205282395));
#2032=CARTESIAN_POINT('Ctrl Pts',(-3.18900959233777,3.52796761787827,0.0275913828645286));
#2033=CARTESIAN_POINT('Ctrl Pts',(-1.16367767485157,4.6111945109679,-0.0888544395533382));
#2034=CARTESIAN_POINT('Ctrl Pts',(1.1330064815639,4.61852921532249,-0.205300261971204));
#2035=CARTESIAN_POINT('Ctrl Pts',(3.16553561293681,3.54952341027725,-0.321746084389071));
#2036=CARTESIAN_POINT('Ctrl Pts',(4.45954374538257,1.65083792196776,-0.438191906806937));
#2037=CARTESIAN_POINT('Ctrl Pts',(4.71382289752036,-0.629231203839388,-0.554637729224804));
#2038=CARTESIAN_POINT('Ctrl Pts',(3.86785428730987,-2.7699179758361,-0.67108355164267));
#2039=CARTESIAN_POINT('Ctrl Pts',(2.12141303268013,-4.24974499043191,-0.787529374060537));
#2040=CARTESIAN_POINT('Ctrl Pts',(-0.871769349870848,-4.93872340058949,
-0.942790470617693));
#2041=CARTESIAN_POINT('Ctrl Pts',(-4.51354544825303,-2.90144331496922,-1.13686684131413));
#2042=CARTESIAN_POINT('Ctrl Pts',(-4.9263635171439,2.12636034584423,-1.36975848614987));
#2043=CARTESIAN_POINT('Ctrl Pts',(-1.66567093435747,4.73038169340923,-1.56383485684631));
#2044=CARTESIAN_POINT('Ctrl Pts',(1.39980654793684,4.53886190220404,-1.71909595340347));
#2045=CARTESIAN_POINT('Ctrl Pts',(3.36423912991622,3.36372374868417,-1.83554177582133));
#2046=CARTESIAN_POINT('Ctrl Pts',(4.54805471896704,1.38969654614023,-1.9519875982392));
#2047=CARTESIAN_POINT('Ctrl Pts',(4.66909326426371,-0.901312571306357,-2.06843342065707));
#2048=CARTESIAN_POINT('Ctrl Pts',(3.70211858126967,-2.98564066275486,-2.18487924307493));
#2049=CARTESIAN_POINT('Ctrl Pts',(1.87118106606114,-4.37186427260356,-2.3013250654928));
#2050=CARTESIAN_POINT('Ctrl Pts',(-0.395940356561,-4.73925012876244,-2.41777088791067));
#2051=CARTESIAN_POINT('Ctrl Pts',(-2.57083725967089,-4.00089158527294,-2.53421671032853));
#2052=CARTESIAN_POINT('Ctrl Pts',(-4.14605427609272,-2.32947980752435,-2.6506625327464));
#2053=CARTESIAN_POINT('Ctrl Pts',(-4.75429923446156,-0.11486606487838,-2.76710835516426));
#2054=CARTESIAN_POINT('Ctrl Pts',(-4.2536299364818,2.12694983060585,-2.88355417758214));
#2055=CARTESIAN_POINT('Ctrl Pts',(-3.25840971462783,3.2899824454888,-2.96118472586071));
#2056=CARTESIAN_POINT('Ctrl Pts',(-2.6533527275206,3.72138851853162,-3.));
#2057=CARTESIAN_POINT('Ctrl Pts',(-2.13612657093242,-4.36014923631709,0.32891644835733));
#2058=CARTESIAN_POINT('Ctrl Pts',(-2.84503905000484,-4.01283846759412,0.290101174218041));
#2059=CARTESIAN_POINT('Ctrl Pts',(-4.08965689637804,-2.96631995692627,0.212470625939463));
#2060=CARTESIAN_POINT('Ctrl Pts',(-5.00286955285875,-0.703436218636273,
0.0960248035215968));
#2061=CARTESIAN_POINT('Ctrl Pts',(-4.74911919552153,1.72309015970621,-0.02042101889627));
#2062=CARTESIAN_POINT('Ctrl Pts',(-3.38776231523757,3.74784565526028,-0.136866841314136));
#2063=CARTESIAN_POINT('Ctrl Pts',(-1.2362030466818,4.89858388322865,-0.253312663732003));
#2064=CARTESIAN_POINT('Ctrl Pts',(1.20362029339281,4.9063757177423,-0.369758486149868));
#2065=CARTESIAN_POINT('Ctrl Pts',(3.36282533700011,3.77074489687429,-0.486204308567736));
#2066=CARTESIAN_POINT('Ctrl Pts',(4.73748159305013,1.75372520485512,-0.602650130985602));
#2067=CARTESIAN_POINT('Ctrl Pts',(5.00760850995649,-0.668447584811428,-0.71909595340347));
#2068=CARTESIAN_POINT('Ctrl Pts',(4.10891551623486,-2.94255111599012,-0.835541775821335));
#2069=CARTESIAN_POINT('Ctrl Pts',(2.25362856995959,-4.51460728200594,-0.951987598239203));
#2070=CARTESIAN_POINT('Ctrl Pts',(-0.92610174587359,-5.24652577467911,-1.10724869479636));
#2071=CARTESIAN_POINT('Ctrl Pts',(-4.79484891310547,-3.08227367702744,-1.3013250654928));
#2072=CARTESIAN_POINT('Ctrl Pts',(-5.23339557041184,2.2588842208486,-1.53421671032854));
#2073=CARTESIAN_POINT('Ctrl Pts',(-1.76948267404431,5.02519932085677,-1.72829308102498));
#2074=CARTESIAN_POINT('Ctrl Pts',(1.48704848148383,4.82174319679054,-1.88355417758213));
#2075=CARTESIAN_POINT('Ctrl Pts',(3.57391290736847,3.57336540537283,-2.));
#2076=CARTESIAN_POINT('Ctrl Pts',(4.83150894922834,1.47630838111666,-2.11644582241787));
#2077=CARTESIAN_POINT('Ctrl Pts',(4.96009113456653,-0.957486227278223,-2.23289164483573));
#2078=CARTESIAN_POINT('Ctrl Pts',(3.93285045184581,-3.17171856378993,-2.3493374672536));
#2079=CARTESIAN_POINT('Ctrl Pts',(1.98780107649064,-4.64433756036541,-2.46578328967147));
#2080=CARTESIAN_POINT('Ctrl Pts',(-0.420617053727887,-5.03462047504737,
-2.58222911208933));
#2081=CARTESIAN_POINT('Ctrl Pts',(-2.73106283776873,-4.25024426784577,-2.6986749345072));
#2082=CARTESIAN_POINT('Ctrl Pts',(-4.40445411867825,-2.47466295648633,-2.81512075692507));
#2083=CARTESIAN_POINT('Ctrl Pts',(-5.05060750540564,-0.12202500952948,-2.93156657934293));
#2084=CARTESIAN_POINT('Ctrl Pts',(-4.51873435451653,2.25951044482285,-3.0480124017608));
#2085=CARTESIAN_POINT('Ctrl Pts',(-3.46148775009737,3.49502822863871,-3.12564295003938));
#2086=CARTESIAN_POINT('Ctrl Pts',(-2.81872102264127,3.95332137404995,-3.16445822417867));
#2087=CARTESIAN_POINT('Ctrl Pts',(-2.26144851885121,-4.61594980682044,0.164458224178665));
#2088=CARTESIAN_POINT('Ctrl Pts',(-3.01195136714156,-4.24826306288054,0.125642950039376));
#2089=CARTESIAN_POINT('Ctrl Pts',(-4.32958826353007,-3.14034756381574,0.0480124017607981));
#2090=CARTESIAN_POINT('Ctrl Pts',(-5.29637714088252,-0.744705307442019,
-0.0684334206570676));
#2091=CARTESIAN_POINT('Ctrl Pts',(-5.02773979627624,1.8241801504364,-0.184879243074935));
#2092=CARTESIAN_POINT('Ctrl Pts',(-3.58651503813737,3.9677236926423,-0.301325065492801));
#2093=CARTESIAN_POINT('Ctrl Pts',(-1.30872841851203,5.18597325548942,-0.417770887910668));
#2094=CARTESIAN_POINT('Ctrl Pts',(1.27423410522173,5.19422222016211,-0.534216710328533));
#2095=CARTESIAN_POINT('Ctrl Pts',(3.56011506106339,3.99196638347134,-0.650662532746401));
#2096=CARTESIAN_POINT('Ctrl Pts',(5.01541944071771,1.85661248774248,-0.767108355164266));
#2097=CARTESIAN_POINT('Ctrl Pts',(5.3013941223926,-0.707663965783464,-0.883554177582135));
#2098=CARTESIAN_POINT('Ctrl Pts',(4.34997674515985,-3.11518425614413,-0.999999999999998));
#2099=CARTESIAN_POINT('Ctrl Pts',(2.38584410723906,-4.77946957357997,-1.11644582241787));
#2100=CARTESIAN_POINT('Ctrl Pts',(-0.980434141876322,-5.55432814876874,
-1.27170691897502));
#2101=CARTESIAN_POINT('Ctrl Pts',(-5.07615237795793,-3.26310403908565,-1.46578328967147));
#2102=CARTESIAN_POINT('Ctrl Pts',(-5.54042762367977,2.39140809585296,-1.6986749345072));
#2103=CARTESIAN_POINT('Ctrl Pts',(-1.87329441373116,5.32001694830432,-1.89275130520364));
#2104=CARTESIAN_POINT('Ctrl Pts',(1.57429041503081,5.10462449137702,-2.0480124017608));
#2105=CARTESIAN_POINT('Ctrl Pts',(3.78358668482072,3.78300706206149,-2.16445822417866));
#2106=CARTESIAN_POINT('Ctrl Pts',(5.11496317948963,1.56292021609309,-2.28090404659653));
#2107=CARTESIAN_POINT('Ctrl Pts',(5.25108900486936,-1.01365988325009,-2.3973498690144));
#2108=CARTESIAN_POINT('Ctrl Pts',(4.16358232242193,-3.35779646482499,-2.51379569143226));
#2109=CARTESIAN_POINT('Ctrl Pts',(2.10442108692015,-4.91681084812726,-2.63024151385013));
#2110=CARTESIAN_POINT('Ctrl Pts',(-0.445293750894779,-5.32999082133231,
-2.746687336268));
#2111=CARTESIAN_POINT('Ctrl Pts',(-2.89128841586656,-4.4995969504186,-2.86313315868586));
#2112=CARTESIAN_POINT('Ctrl Pts',(-4.66285396126378,-2.61984610544832,-2.97957898110374));
#2113=CARTESIAN_POINT('Ctrl Pts',(-5.34691577634972,-0.129183954180575,
-3.09602480352159));
#2114=CARTESIAN_POINT('Ctrl Pts',(-4.78383877255127,2.39207105903985,-3.21247062593947));
#2115=CARTESIAN_POINT('Ctrl Pts',(-3.6645657855669,3.70007401178861,-3.29010117421804));
#2116=CARTESIAN_POINT('Ctrl Pts',(-2.98408931776193,4.18525422956827,-3.32891644835733));
#2117=CARTESIAN_POINT('Ctrl Pts',(-2.38677046677,-4.87175037732379,0.));
#2118=CARTESIAN_POINT('Ctrl Pts',(-3.17886368427827,-4.48368765816697,-0.0388152741392888));
#2119=CARTESIAN_POINT('Ctrl Pts',(-4.56951963068211,-3.31437517070521,-0.116445822417867));
#2120=CARTESIAN_POINT('Ctrl Pts',(-5.58988472890629,-0.785974396247768,
-0.232891644835732));
#2121=CARTESIAN_POINT('Ctrl Pts',(-5.30636039703094,1.9252701411666,-0.3493374672536));
#2122=CARTESIAN_POINT('Ctrl Pts',(-3.78526776103718,4.1876017300243,-0.465783289671465));
#2123=CARTESIAN_POINT('Ctrl Pts',(-1.38125379034226,5.47336262775019,-0.582229112089333));
#2124=CARTESIAN_POINT('Ctrl Pts',(1.34484791705065,5.48206872258191,-0.698674934507198));
#2125=CARTESIAN_POINT('Ctrl Pts',(3.75740478512668,4.21318787006839,-0.815120756925066));
#2126=CARTESIAN_POINT('Ctrl Pts',(5.29335728838527,1.95949977062983,-0.931566579342931));
#2127=CARTESIAN_POINT('Ctrl Pts',(5.59517973482873,-0.746880346755504,-1.0480124017608));
#2128=CARTESIAN_POINT('Ctrl Pts',(4.59103797408484,-3.28781739629814,-1.16445822417866));
#2129=CARTESIAN_POINT('Ctrl Pts',(2.51805964451852,-5.04433186515401,-1.28090404659653));
#2130=CARTESIAN_POINT('Ctrl Pts',(-1.03476653787906,-5.86213052285835,-1.43616514315369));
#2131=CARTESIAN_POINT('Ctrl Pts',(-5.35745584281038,-3.44393440114388,-1.63024151385013));
#2132=CARTESIAN_POINT('Ctrl Pts',(-5.84745967694771,2.52393197085735,-1.86313315868586));
#2133=CARTESIAN_POINT('Ctrl Pts',(-1.977106153418,5.61483457575185,-2.05720952938231));
#2134=CARTESIAN_POINT('Ctrl Pts',(1.66153234857779,5.38750578596352,-2.21247062593946));
#2135=CARTESIAN_POINT('Ctrl Pts',(3.99326046227297,3.99264871875015,-2.32891644835733));
#2136=CARTESIAN_POINT('Ctrl Pts',(5.39841740975094,1.64953205106953,-2.4453622707752));
#2137=CARTESIAN_POINT('Ctrl Pts',(5.54208687517217,-1.06983353922196,-2.56180809319306));
#2138=CARTESIAN_POINT('Ctrl Pts',(4.39431419299806,-3.54387436586006,-2.67825391561093));
#2139=CARTESIAN_POINT('Ctrl Pts',(2.22104109734965,-5.1892841358891,-2.7946997380288));
#2140=CARTESIAN_POINT('Ctrl Pts',(-0.469970448061664,-5.62536116761724,
-2.91114556044666));
#2141=CARTESIAN_POINT('Ctrl Pts',(-3.0515139939644,-4.74894963299143,-3.02759138286453));
#2142=CARTESIAN_POINT('Ctrl Pts',(-4.9212538038493,-2.76502925441031,-3.1440372052824));
#2143=CARTESIAN_POINT('Ctrl Pts',(-5.6432240472938,-0.136342898831672,-3.26048302770025));
#2144=CARTESIAN_POINT('Ctrl Pts',(-5.048943190586,2.52463167325685,-3.37692885011813));
#2145=CARTESIAN_POINT('Ctrl Pts',(-3.86764382103644,3.90511979493852,-3.45455939839671));
#2146=CARTESIAN_POINT('Ctrl Pts',(-3.1494576128826,4.4171870850866,-3.493374672536));
#2147=CARTESIAN_POINT('Ctrl Pts',(-5.41681467600176,0.00298688809465319,
-1.7662450766368));
#2148=CARTESIAN_POINT('Ctrl Pts',(-5.41972559805896,0.740370059219515,-1.79854110398648));
#2149=CARTESIAN_POINT('Ctrl Pts',(-5.27977681504099,1.47649721245627,-1.83083713133617));
#2150=CARTESIAN_POINT('Ctrl Pts',(-4.99172166655221,2.14746809650271,-1.86313315868586));
#2151=CARTESIAN_POINT('Ctrl Pts',(-4.29931826753582,3.76029301281515,-1.94076370696444));
#2152=CARTESIAN_POINT('Ctrl Pts',(-2.75117685812394,4.99665405477295,-2.01839425524302));
#2153=CARTESIAN_POINT('Ctrl Pts',(-1.02225022098805,5.33299813882944,-2.0960248035216));
#2154=CARTESIAN_POINT('Ctrl Pts',(-0.157786902420109,5.50117018085768,-2.13484007766088));
#2155=CARTESIAN_POINT('Ctrl Pts',(0.751872723078832,5.4443379834106,-2.17365535180017));
#2156=CARTESIAN_POINT('Ctrl Pts',(1.59532388811083,5.18344570681817,-2.21247062593946));
#2157=CARTESIAN_POINT('Ctrl Pts',(2.43877505314284,4.92255343022573,-2.25128590007875));
#2158=CARTESIAN_POINT('Ctrl Pts',(3.21601775770791,4.45760107448794,-2.29010117421804));
#2159=CARTESIAN_POINT('Ctrl Pts',(3.8388319345701,3.83460545200561,-2.32891644835733));
#2160=CARTESIAN_POINT('Ctrl Pts',(4.4616461114323,3.21160982952327,-2.36773172249662));
#2161=CARTESIAN_POINT('Ctrl Pts',(4.93003176059162,2.43057094029639,-2.40654699663591));
#2162=CARTESIAN_POINT('Ctrl Pts',(5.18816949607482,1.58682389730103,-2.4453622707752));
#2163=CARTESIAN_POINT('Ctrl Pts',(5.44630723155802,0.743076854305683,-2.48417754491448));
#2164=CARTESIAN_POINT('Ctrl Pts',(5.49419705336509,-0.163378342458136,-2.52299281905377));
#2165=CARTESIAN_POINT('Ctrl Pts',(5.32684651723962,-1.02894607861306,-2.56180809319306));
#2166=CARTESIAN_POINT('Ctrl Pts',(5.15949598111414,-1.89451381476799,-2.60062336733235));
#2167=CARTESIAN_POINT('Ctrl Pts',(4.7769050870561,-2.71919409031402,-2.63943864147164));
#2168=CARTESIAN_POINT('Ctrl Pts',(4.22339745741901,-3.40576918975855,-2.67825391561093));
#2169=CARTESIAN_POINT('Ctrl Pts',(3.66988982778192,-4.09234428920307,-2.71706918975022));
#2170=CARTESIAN_POINT('Ctrl Pts',(2.94546546256579,-4.64081421254609,-2.75588446388951));
#2171=CARTESIAN_POINT('Ctrl Pts',(2.1347513557225,-4.98772867950562,-2.7946997380288));
#2172=CARTESIAN_POINT('Ctrl Pts',(1.32403724887921,-5.33464314646515,-2.83351501216809));
#2173=CARTESIAN_POINT('Ctrl Pts',(0.427033400408779,-5.48000215704119,-2.87233028630737));
#2174=CARTESIAN_POINT('Ctrl Pts',(-0.451725781476894,-5.40661307322492,
-2.91114556044666));
#2175=CARTESIAN_POINT('Ctrl Pts',(-1.12226640704443,-5.35061324621156,-2.94076370696444));
#2176=CARTESIAN_POINT('Ctrl Pts',(-1.78218405246067,-5.16724706508774,-2.97038185348222));
#2177=CARTESIAN_POINT('Ctrl Pts',(-2.3868768507147,-4.87169290590556,-3.));
#2178=CARTESIAN_POINT('Ctrl Pts',(-2.65343325568491,3.7213261291771,-1.84314369322536E-17));
#2179=CARTESIAN_POINT('Ctrl Pts',(-2.19143018575623,4.0500867866887,-0.0296181465177794));
#2180=CARTESIAN_POINT('Ctrl Pts',(-0.982280894320861,4.61177382081873,-0.0980515671748476));
#2181=CARTESIAN_POINT('Ctrl Pts',(1.1330064815639,4.61852921532249,-0.205300261971204));
#2182=CARTESIAN_POINT('Ctrl Pts',(3.16553561293681,3.54952341027725,-0.321746084389071));
#2183=CARTESIAN_POINT('Ctrl Pts',(4.45954374538257,1.65083792196776,-0.438191906806937));
#2184=CARTESIAN_POINT('Ctrl Pts',(4.71382289752036,-0.629231203839388,-0.554637729224804));
#2185=CARTESIAN_POINT('Ctrl Pts',(3.86785428730987,-2.7699179758361,-0.67108355164267));
#2186=CARTESIAN_POINT('Ctrl Pts',(2.12141303268013,-4.24974499043191,-0.787529374060537));
#2187=CARTESIAN_POINT('Ctrl Pts',(-0.871769349870848,-4.93872340058949,
-0.942790470617693));
#2188=CARTESIAN_POINT('Ctrl Pts',(-3.90752164405299,-3.24046476888481,-1.10457081396445));
#2189=CARTESIAN_POINT('Ctrl Pts',(-4.56011156776958,-0.869515500014654,
-1.22753588317191));
#2190=CARTESIAN_POINT('Ctrl Pts',(-4.56355403427323,0.00251639127966115,
-1.2728704041008));
#2191=CARTESIAN_POINT('Origin',(0.,0.,2.7728704041008));
#2192=CARTESIAN_POINT('Ctrl Pts',(2.65335272752059,3.72138851853163,0.));
#2193=CARTESIAN_POINT('Ctrl Pts',(3.25840971462782,3.28998244548881,-0.0388152741392888));
#2194=CARTESIAN_POINT('Ctrl Pts',(4.25363167688054,2.12695243269562,-0.116445822417866));
#2195=CARTESIAN_POINT('Ctrl Pts',(4.75429851168871,-0.11486691917097,-0.232891644835733));
#2196=CARTESIAN_POINT('Ctrl Pts',(4.14605442477703,-2.32947966159709,-0.349337467253599));
#2197=CARTESIAN_POINT('Ctrl Pts',(2.57083727367269,-4.00089087056872,-0.465783289671466));
#2198=CARTESIAN_POINT('Ctrl Pts',(0.395940029365604,-4.73925170085382,-0.582229112089333));
#2199=CARTESIAN_POINT('Ctrl Pts',(-1.87118037087082,-4.37186094424643,-0.698674934507198));
#2200=CARTESIAN_POINT('Ctrl Pts',(-3.70211969704016,-2.98564655859452,-0.815120756925066));
#2201=CARTESIAN_POINT('Ctrl Pts',(-4.47288651217647,-1.32422888038375,-0.907938977389064));
#2202=CARTESIAN_POINT('Ctrl Pts',(-4.57032777392119,-0.290929763034678,
-0.961941923713776));
#2203=CARTESIAN_POINT('Ctrl Pts',(-4.57022131635992,-0.000281421913436684,
-0.977129595899198));
#2204=CARTESIAN_POINT('Ctrl Pts',(3.14945761288259,4.41718708508661,0.493374672535994));
#2205=CARTESIAN_POINT('Ctrl Pts',(3.86764382103643,3.90511979493853,0.454559398396706));
#2206=CARTESIAN_POINT('Ctrl Pts',(5.04894525639202,2.52463476186672,0.376928850118128));
#2207=CARTESIAN_POINT('Ctrl Pts',(5.64322318938207,-0.136343912853769,0.260483027700261));
#2208=CARTESIAN_POINT('Ctrl Pts',(4.92125398033353,-2.76502908119861,0.144037205282395));
#2209=CARTESIAN_POINT('Ctrl Pts',(3.05151401058415,-4.74894878465694,0.0275913828645286));
#2210=CARTESIAN_POINT('Ctrl Pts',(0.469970059689617,-5.62536303364701,-0.0888544395533382));
#2211=CARTESIAN_POINT('Ctrl Pts',(-2.22104027217761,-5.18928018521959,-0.205300261971204));
#2212=CARTESIAN_POINT('Ctrl Pts',(-4.39431551738732,-3.54388136406159,-0.321746084389071));
#2213=CARTESIAN_POINT('Ctrl Pts',(-5.54208444460022,-1.06982105331078,-0.438191906806937));
#2214=CARTESIAN_POINT('Ctrl Pts',(-5.39842098657013,1.64951065622169,-0.554637729224805));
#2215=CARTESIAN_POINT('Ctrl Pts',(-3.99325510997369,3.99268365269579,-0.671083551642669));
#2216=CARTESIAN_POINT('Ctrl Pts',(-1.66153836783373,5.38745844501917,-0.787529374060538));
#2217=CARTESIAN_POINT('Ctrl Pts',(1.97711196064785,5.61488332122677,-0.942790470617692));
#2218=CARTESIAN_POINT('Ctrl Pts',(5.84745662851046,2.52390383743223,-1.13686684131414));
#2219=CARTESIAN_POINT('Ctrl Pts',(5.35745742416801,-3.44390614726115,-1.36975848614987));
#2220=CARTESIAN_POINT('Ctrl Pts',(1.03476431624327,-5.86217956273577,-1.56383485684632));
#2221=CARTESIAN_POINT('Ctrl Pts',(-2.51805786116829,-5.044284176412,-1.71909595340347));
#2222=CARTESIAN_POINT('Ctrl Pts',(-4.59103839169868,-3.28785273541623,-1.83554177582134));
#2223=CARTESIAN_POINT('Ctrl Pts',(-5.59517977393572,-0.74685865501471,-1.9519875982392));
#2224=CARTESIAN_POINT('Ctrl Pts',(-5.2933569269979,1.95948705547911,-2.06843342065707));
#2225=CARTESIAN_POINT('Ctrl Pts',(-3.75740495027097,4.21319499057107,-2.18487924307493));
#2226=CARTESIAN_POINT('Ctrl Pts',(-1.34484774734127,5.48206469022563,-2.3013250654928));
#2227=CARTESIAN_POINT('Ctrl Pts',(1.38125371154797,5.47336453213761,-2.41777088791067));
#2228=CARTESIAN_POINT('Ctrl Pts',(3.78526763905874,4.18760089034052,-2.53421671032854));
#2229=CARTESIAN_POINT('Ctrl Pts',(5.30636054289821,1.9252699414876,-2.6506625327464));
#2230=CARTESIAN_POINT('Ctrl Pts',(5.58988404788608,-0.785973255868502,-2.76710835516427));
#2231=CARTESIAN_POINT('Ctrl Pts',(4.5695211650243,-3.31437855491256,-2.88355417758213));
#2232=CARTESIAN_POINT('Ctrl Pts',(3.17886368427828,-4.48368765816696,-2.96118472586071));
#2233=CARTESIAN_POINT('Ctrl Pts',(2.38677046677001,-4.87175037732379,-3.));
#2234=CARTESIAN_POINT('Ctrl Pts',(2.98408931776192,4.18525422956828,0.32891644835733));
#2235=CARTESIAN_POINT('Ctrl Pts',(3.66456578556689,3.70007401178862,0.290101174218041));
#2236=CARTESIAN_POINT('Ctrl Pts',(4.7838407298882,2.39207398547635,0.212470625939463));
#2237=CARTESIAN_POINT('Ctrl Pts',(5.34691496348428,-0.129184914959503,0.0960248035215968));
#2238=CARTESIAN_POINT('Ctrl Pts',(4.66285412848136,-2.61984594133144,-0.0204210188962697));
#2239=CARTESIAN_POINT('Ctrl Pts',(2.89128843161367,-4.49959614662753,-0.136866841314136));
#2240=CARTESIAN_POINT('Ctrl Pts',(0.445293382914947,-5.32999258938261,-0.253312663732003));
#2241=CARTESIAN_POINT('Ctrl Pts',(-2.10442030507535,-4.91680710489521,-0.369758486149868));
#2242=CARTESIAN_POINT('Ctrl Pts',(-4.1635835772716,-3.35780309557256,-0.486204308567737));
#2243=CARTESIAN_POINT('Ctrl Pts',(-5.25108670191924,-1.01364805293556,-0.602650130985601));
#2244=CARTESIAN_POINT('Ctrl Pts',(-5.11496656850109,1.56289994462266,-0.71909595340347));
#2245=CARTESIAN_POINT('Ctrl Pts',(-3.78358161355415,3.7830401617335,-0.835541775821335));
#2246=CARTESIAN_POINT('Ctrl Pts',(-1.5742961182342,5.10457963615951,-0.951987598239202));
#2247=CARTESIAN_POINT('Ctrl Pts',(1.8732999160413,5.32006313430485,-1.10724869479636));
#2248=CARTESIAN_POINT('Ctrl Pts',(5.54042473530655,2.39138143962715,-1.3013250654928));
#2249=CARTESIAN_POINT('Ctrl Pts',(5.07615387628336,-3.26307726872708,-1.53421671032853));
#2250=CARTESIAN_POINT('Ctrl Pts',(0.980432036891768,-5.5543746137136,-1.72829308102498));
#2251=CARTESIAN_POINT('Ctrl Pts',(-2.38584241752704,-4.77942438882658,-1.88355417758213));
#2252=CARTESIAN_POINT('Ctrl Pts',(-4.34997714084608,-3.11521773971424,-2.));
#2253=CARTESIAN_POINT('Ctrl Pts',(-5.30139415944621,-0.707643413009007,
-2.11644582241787));
#2254=CARTESIAN_POINT('Ctrl Pts',(-5.01541909830567,1.85660044022506,-2.23289164483573));
#2255=CARTESIAN_POINT('Ctrl Pts',(-3.56011521753647,3.99197313009841,-2.3493374672536));
#2256=CARTESIAN_POINT('Ctrl Pts',(-1.27423394442327,5.1942183995324,-2.46578328967146));
#2257=CARTESIAN_POINT('Ctrl Pts',(1.30872834385499,5.18597505988334,-2.58222911208934));
#2258=CARTESIAN_POINT('Ctrl Pts',(3.58651492256365,3.96772289704771,-2.6986749345072));
#2259=CARTESIAN_POINT('Ctrl Pts',(5.02773993448447,1.82417996124193,-2.81512075692507));
#2260=CARTESIAN_POINT('Ctrl Pts',(5.29637649562058,-0.744704226940549,-2.93156657934293));
#2261=CARTESIAN_POINT('Ctrl Pts',(4.32958971730869,-3.14035077032881,-3.0480124017608));
#2262=CARTESIAN_POINT('Ctrl Pts',(3.01195136714156,-4.24826306288053,-3.12564295003938));
#2263=CARTESIAN_POINT('Ctrl Pts',(2.26144851885122,-4.61594980682043,-3.16445822417867));
#2264=CARTESIAN_POINT('Ctrl Pts',(2.81872102264126,3.95332137404996,0.164458224178665));
#2265=CARTESIAN_POINT('Ctrl Pts',(3.46148775009736,3.49502822863872,0.125642950039376));
#2266=CARTESIAN_POINT('Ctrl Pts',(4.51873620338437,2.25951320908598,0.0480124017607989));
#2267=CARTESIAN_POINT('Ctrl Pts',(5.0506067375865,-0.122025917065235,-0.0684334206570682));
#2268=CARTESIAN_POINT('Ctrl Pts',(4.40445427662919,-2.47466280146426,-0.184879243074934));
#2269=CARTESIAN_POINT('Ctrl Pts',(2.73106285264318,-4.25024350859812,-0.301325065492801));
#2270=CARTESIAN_POINT('Ctrl Pts',(0.420616706140275,-5.03462214511822,-0.417770887910668));
#2271=CARTESIAN_POINT('Ctrl Pts',(-1.98780033797308,-4.64433402457082,-0.534216710328534));
#2272=CARTESIAN_POINT('Ctrl Pts',(-3.93285163715588,-3.17172482708354,-0.650662532746401));
#2273=CARTESIAN_POINT('Ctrl Pts',(-4.96008895923825,-0.957475052560335,
-0.767108355164267));
#2274=CARTESIAN_POINT('Ctrl Pts',(-4.83151215043206,1.47628923302363,-0.883554177582134));
#2275=CARTESIAN_POINT('Ctrl Pts',(-3.57390811713461,3.57339667077122,-0.999999999999999));
#2276=CARTESIAN_POINT('Ctrl Pts',(-1.48705386863467,4.82170082729983,-1.11644582241787));
#2277=CARTESIAN_POINT('Ctrl Pts',(1.76948787143474,5.02524294738292,-1.27170691897502));
#2278=CARTESIAN_POINT('Ctrl Pts',(5.23339284210265,2.25885904182207,-1.46578328967147));
#2279=CARTESIAN_POINT('Ctrl Pts',(4.79485032839869,-3.08224839019301,-1.6986749345072));
#2280=CARTESIAN_POINT('Ctrl Pts',(0.926099757540274,-5.24656966469143,-1.89275130520364));
#2281=CARTESIAN_POINT('Ctrl Pts',(-2.25362697388579,-4.51456460124114,-2.0480124017608));
#2282=CARTESIAN_POINT('Ctrl Pts',(-4.10891588999348,-2.94258274401224,-2.16445822417867));
#2283=CARTESIAN_POINT('Ctrl Pts',(-5.0076085449567,-0.668428171003303,-2.28090404659653));
#2284=CARTESIAN_POINT('Ctrl Pts',(-4.73748126961344,1.753713824971,-2.3973498690144));
#2285=CARTESIAN_POINT('Ctrl Pts',(-3.36282548480196,3.77075126962576,-2.51379569143226));
#2286=CARTESIAN_POINT('Ctrl Pts',(-1.20362014150527,4.90637210883916,-2.63024151385013));
#2287=CARTESIAN_POINT('Ctrl Pts',(1.236202976162,4.89858558762908,-2.746687336268));
#2288=CARTESIAN_POINT('Ctrl Pts',(3.38776220606855,3.7478449037549,-2.86313315868586));
#2289=CARTESIAN_POINT('Ctrl Pts',(4.74911932607072,1.72308998099626,-2.97957898110373));
#2290=CARTESIAN_POINT('Ctrl Pts',(5.00286894335508,-0.703435198012597,-3.0960248035216));
#2291=CARTESIAN_POINT('Ctrl Pts',(4.08965826959308,-2.96632298574506,-3.21247062593946));
#2292=CARTESIAN_POINT('Ctrl Pts',(2.84503905000485,-4.01283846759411,-3.29010117421804));
#2293=CARTESIAN_POINT('Ctrl Pts',(2.13612657093243,-4.36014923631708,-3.32891644835733));
#2294=CARTESIAN_POINT('Ctrl Pts',(2.65335272752059,3.72138851853163,0.));
#2295=CARTESIAN_POINT('Ctrl Pts',(3.25840971462782,3.28998244548881,-0.0388152741392888));
#2296=CARTESIAN_POINT('Ctrl Pts',(4.25363167688054,2.12695243269562,-0.116445822417866));
#2297=CARTESIAN_POINT('Ctrl Pts',(4.75429851168871,-0.11486691917097,-0.232891644835733));
#2298=CARTESIAN_POINT('Ctrl Pts',(4.14605442477703,-2.32947966159709,-0.349337467253599));
#2299=CARTESIAN_POINT('Ctrl Pts',(2.57083727367269,-4.00089087056872,-0.465783289671466));
#2300=CARTESIAN_POINT('Ctrl Pts',(0.395940029365604,-4.73925170085382,-0.582229112089333));
#2301=CARTESIAN_POINT('Ctrl Pts',(-1.87118037087082,-4.37186094424643,-0.698674934507198));
#2302=CARTESIAN_POINT('Ctrl Pts',(-3.70211969704016,-2.98564655859452,-0.815120756925066));
#2303=CARTESIAN_POINT('Ctrl Pts',(-4.66909121655726,-0.901302052185111,
-0.931566579342931));
#2304=CARTESIAN_POINT('Ctrl Pts',(-4.54805773236303,1.38967852142459,-1.0480124017608));
#2305=CARTESIAN_POINT('Ctrl Pts',(-3.36423462071507,3.36375317980894,-1.16445822417866));
#2306=CARTESIAN_POINT('Ctrl Pts',(-1.39981161903515,4.53882201844016,-1.28090404659653));
#2307=CARTESIAN_POINT('Ctrl Pts',(1.6656758268282,4.730422760461,-1.43616514315369));
#2308=CARTESIAN_POINT('Ctrl Pts',(4.92636094889873,2.12633664401698,-1.63024151385013));
#2309=CARTESIAN_POINT('Ctrl Pts',(4.51354678051405,-2.90141951165894,-1.86313315868586));
#2310=CARTESIAN_POINT('Ctrl Pts',(0.871767478188765,-4.93876471566926,-2.05720952938231));
#2311=CARTESIAN_POINT('Ctrl Pts',(-2.12141153024454,-4.24970481365571,-2.21247062593946));
#2312=CARTESIAN_POINT('Ctrl Pts',(-3.86785463914088,-2.76994774831025,-2.32891644835733));
#2313=CARTESIAN_POINT('Ctrl Pts',(-4.71382293046719,-0.629212928997601,
-2.4453622707752));
#2314=CARTESIAN_POINT('Ctrl Pts',(-4.45954344092121,1.65082720971696,-2.56180809319306));
#2315=CARTESIAN_POINT('Ctrl Pts',(-3.16553575206746,3.5495294091531,-2.67825391561093));
#2316=CARTESIAN_POINT('Ctrl Pts',(-1.13300633858726,4.61852581814594,-2.79469973802879));
#2317=CARTESIAN_POINT('Ctrl Pts',(1.16367760846902,4.61119611537481,-2.91114556044667));
#2318=CARTESIAN_POINT('Ctrl Pts',(3.18900948957346,3.52796691046209,-3.02759138286453));
#2319=CARTESIAN_POINT('Ctrl Pts',(4.47049871765698,1.62200000075059,-3.1440372052824));
#2320=CARTESIAN_POINT('Ctrl Pts',(4.70936139108958,-0.662166169084643,-3.26048302770026));
#2321=CARTESIAN_POINT('Ctrl Pts',(3.84972682187748,-2.79229520116131,-3.37692885011813));
#2322=CARTESIAN_POINT('Ctrl Pts',(2.67812673286814,-3.77741387230768,-3.45455939839671));
#2323=CARTESIAN_POINT('Ctrl Pts',(2.01080462301364,-4.10434866581373,-3.493374672536));
#2324=CARTESIAN_POINT('Ctrl Pts',(2.38677046677001,-4.87175037732379,-3.));
#2325=CARTESIAN_POINT('Ctrl Pts',(3.17886368427828,-4.48368765816696,-2.96118472586071));
#2326=CARTESIAN_POINT('Ctrl Pts',(3.87419242465129,-3.89903310653976,-2.92236945172142));
#2327=CARTESIAN_POINT('Ctrl Pts',(4.39191727531476,-3.18530494755215,-2.88355417758213));
#2328=CARTESIAN_POINT('Ctrl Pts',(4.90964212597823,-2.47157678856454,-2.84473890344285));
#2329=CARTESIAN_POINT('Ctrl Pts',(5.24976308693215,-1.62877502221652,-2.80592362930356));
#2330=CARTESIAN_POINT('Ctrl Pts',(5.37256964991114,-0.755500272816496,-2.76710835516427));
#2331=CARTESIAN_POINT('Ctrl Pts',(5.49537621289012,0.117774476583532,-2.72829308102498));
#2332=CARTESIAN_POINT('Ctrl Pts',(5.40086837789416,1.02152220903556,-2.68947780688569));
#2333=CARTESIAN_POINT('Ctrl Pts',(5.10009897642294,1.85045123340373,-2.6506625327464));
#2334=CARTESIAN_POINT('Ctrl Pts',(4.79932957495172,2.6793802577719,-2.61184725860711));
#2335=CARTESIAN_POINT('Ctrl Pts',(4.29229860700524,3.43349057405619,-2.57303198446783));
#2336=CARTESIAN_POINT('Ctrl Pts',(3.63811413511354,4.02483967249786,-2.53421671032854));
#2337=CARTESIAN_POINT('Ctrl Pts',(2.98392966322183,4.61618877093954,-2.49540143618925));
#2338=CARTESIAN_POINT('Ctrl Pts',(2.1825916873849,5.04477665153858,-2.45658616204996));
#2339=CARTESIAN_POINT('Ctrl Pts',(1.32757245631822,5.2605206181861,-2.41777088791067));
#2340=CARTESIAN_POINT('Ctrl Pts',(0.472553225251551,5.47626458483361,-2.37895561377138));
#2341=CARTESIAN_POINT('Ctrl Pts',(-0.436147261044859,5.47916463752962,-2.34014033963209));
#2342=CARTESIAN_POINT('Ctrl Pts',(-1.29259037134801,5.26913638060187,-2.3013250654928));
#2343=CARTESIAN_POINT('Ctrl Pts',(-2.14903348165117,5.05910812367411,-2.26250979135351));
#2344=CARTESIAN_POINT('Ctrl Pts',(-2.95321921596107,4.63615155712259,-2.22369451721422));
#2345=CARTESIAN_POINT('Ctrl Pts',(-3.61130407923717,4.04905528466484,-2.18487924307494));
#2346=CARTESIAN_POINT('Ctrl Pts',(-4.26938894251327,3.46195901220709,-2.14606396893565));
#2347=CARTESIAN_POINT('Ctrl Pts',(-4.78137293475558,2.71072303384311,-2.10724869479636));
#2348=CARTESIAN_POINT('Ctrl Pts',(-5.08766873869971,1.88404742624548,-2.06843342065707));
#2349=CARTESIAN_POINT('Ctrl Pts',(-5.3104046674506,1.28289534755898,-2.04020725489245));
#2350=CARTESIAN_POINT('Ctrl Pts',(-5.42437092574122,0.641850148711907,-2.01198108912783));
#2351=CARTESIAN_POINT('Ctrl Pts',(-5.4249635366676,0.000519333196573463,
-1.9837549233632));
#2352=CARTESIAN_POINT('Origin',(0.,0.,0.));
#2353=CARTESIAN_POINT('Origin',(2.59807621135332,-1.5,0.));
#2354=CARTESIAN_POINT('',(3.46410161513775,-2.,5.));
#2355=CARTESIAN_POINT('',(3.46410161513775,-2.,0.));
#2356=CARTESIAN_POINT('',(2.59807621135332,-1.5,5.));
#2357=CARTESIAN_POINT('',(3.46410161513775,-2.,5.));
#2358=CARTESIAN_POINT('',(2.59807621135332,-1.5,0.));
#2359=CARTESIAN_POINT('Origin',(3.75877048314363,1.36808057330267,0.));
#2360=CARTESIAN_POINT('',(2.81907786235773,1.026060429977,5.));
#2361=CARTESIAN_POINT('',(2.81907786235773,1.026060429977,0.));
#2362=CARTESIAN_POINT('',(3.75877048314364,1.36808057330267,5.));
#2363=CARTESIAN_POINT('',(0.,0.,5.));
#2364=CARTESIAN_POINT('',(3.75877048314364,1.36808057330267,0.));
#2365=CARTESIAN_POINT('Origin',(0.,0.,0.));
#2366=CARTESIAN_POINT('Origin',(0.,0.,5.));
#2367=CARTESIAN_POINT('Origin',(3.29903810567666,-0.315959713348665,5.));
#2368=CARTESIAN_POINT('Origin',(0.,0.,5.));
#2369=CARTESIAN_POINT('Origin',(-2.59807621135332,-1.5,0.));
#2370=CARTESIAN_POINT('',(-3.46410161513776,-2.,5.));
#2371=CARTESIAN_POINT('',(-3.46410161513776,-2.,0.));
#2372=CARTESIAN_POINT('',(-2.59807621135332,-1.5,5.));
#2373=CARTESIAN_POINT('',(-3.46410161513776,-2.,5.));
#2374=CARTESIAN_POINT('',(-2.59807621135332,-1.5,0.));
#2375=CARTESIAN_POINT('Origin',(-0.694592710667722,-3.93923101204883,0.));
#2376=CARTESIAN_POINT('',(-0.520944533000791,-2.95442325903662,5.));
#2377=CARTESIAN_POINT('',(-0.520944533000791,-2.95442325903662,0.));
#2378=CARTESIAN_POINT('',(-0.694592710667722,-3.93923101204883,5.));
#2379=CARTESIAN_POINT('',(0.,0.,5.));
#2380=CARTESIAN_POINT('',(-0.694592710667722,-3.93923101204883,0.));
#2381=CARTESIAN_POINT('Origin',(0.,0.,0.));
#2382=CARTESIAN_POINT('Origin',(0.,0.,5.));
#2383=CARTESIAN_POINT('Origin',(-1.99252307406927,-2.71961550602442,5.));
#2384=CARTESIAN_POINT('Origin',(0.,0.,5.));
#2385=CARTESIAN_POINT('Origin',(-2.59807621135332,1.5,0.));
#2386=CARTESIAN_POINT('',(-3.46410161513775,2.,5.));
#2387=CARTESIAN_POINT('',(-3.46410161513775,2.,0.));
#2388=CARTESIAN_POINT('',(-2.59807621135332,1.5,5.));
#2389=CARTESIAN_POINT('',(-3.46410161513775,2.,5.));
#2390=CARTESIAN_POINT('',(-2.59807621135332,1.5,0.));
#2391=CARTESIAN_POINT('Origin',(-3.75877048314363,-1.36808057330267,0.));
#2392=CARTESIAN_POINT('',(-2.81907786235772,-1.02606042997701,5.));
#2393=CARTESIAN_POINT('',(-2.81907786235772,-1.02606042997701,0.));
#2394=CARTESIAN_POINT('',(-3.75877048314363,-1.36808057330267,5.));
#2395=CARTESIAN_POINT('',(0.,0.,5.));
#2396=CARTESIAN_POINT('',(-3.75877048314363,-1.36808057330267,0.));
#2397=CARTESIAN_POINT('Origin',(0.,0.,0.));
#2398=CARTESIAN_POINT('Origin',(0.,0.,5.));
#2399=CARTESIAN_POINT('Origin',(-3.29903810567666,0.315959713348664,5.));
#2400=CARTESIAN_POINT('',(-3.,-3.67394039744206E-16,5.));
#2401=CARTESIAN_POINT('Origin',(0.,0.,5.));
#2402=CARTESIAN_POINT('Origin',(0.,0.,5.));
#2403=CARTESIAN_POINT('Origin',(-3.67394039744206E-16,-3.,0.));
#2404=CARTESIAN_POINT('',(-4.89858719658941E-16,-4.,5.));
#2405=CARTESIAN_POINT('',(-4.89858719658941E-16,-4.,0.));
#2406=CARTESIAN_POINT('',(-3.67394039744206E-16,-3.,5.));
#2407=CARTESIAN_POINT('',(-4.89858719658941E-16,-4.,5.));
#2408=CARTESIAN_POINT('',(-3.67394039744206E-16,-3.,0.));
#2409=CARTESIAN_POINT('Origin',(3.06417777247591,-2.57115043874616,0.));
#2410=CARTESIAN_POINT('',(2.29813332935693,-1.92836282905962,5.));
#2411=CARTESIAN_POINT('',(2.29813332935693,-1.92836282905962,0.));
#2412=CARTESIAN_POINT('',(3.06417777247591,-2.57115043874616,5.));
#2413=CARTESIAN_POINT('',(0.,0.,5.));
#2414=CARTESIAN_POINT('',(3.06417777247591,-2.57115043874616,0.));
#2415=CARTESIAN_POINT('Origin',(0.,0.,0.));
#2416=CARTESIAN_POINT('Origin',(0.,0.,5.));
#2417=CARTESIAN_POINT('Origin',(1.53208888623796,-2.96418141452981,5.));
#2418=CARTESIAN_POINT('Origin',(0.,0.,5.));
#2419=CARTESIAN_POINT('Origin',(2.59807621135332,1.5,0.));
#2420=CARTESIAN_POINT('',(3.46410161513776,2.,5.));
#2421=CARTESIAN_POINT('',(3.46410161513776,2.,0.));
#2422=CARTESIAN_POINT('',(2.59807621135332,1.5,5.));
#2423=CARTESIAN_POINT('',(3.46410161513776,2.,5.));
#2424=CARTESIAN_POINT('',(2.59807621135332,1.5,0.));
#2425=CARTESIAN_POINT('Origin',(0.694592710667721,3.93923101204883,0.));
#2426=CARTESIAN_POINT('',(0.520944533000791,2.95442325903662,5.));
#2427=CARTESIAN_POINT('',(0.520944533000791,2.95442325903662,0.));
#2428=CARTESIAN_POINT('',(0.694592710667721,3.93923101204883,5.));
#2429=CARTESIAN_POINT('',(0.,0.,5.));
#2430=CARTESIAN_POINT('',(0.694592710667721,3.93923101204883,0.));
#2431=CARTESIAN_POINT('Origin',(0.,0.,0.));
#2432=CARTESIAN_POINT('Origin',(0.,0.,5.));
#2433=CARTESIAN_POINT('Origin',(1.99252307406927,2.71961550602442,5.));
#2434=CARTESIAN_POINT('Origin',(0.,0.,5.));
#2435=CARTESIAN_POINT('Origin',(0.,3.,0.));
#2436=CARTESIAN_POINT('',(0.,4.,5.));
#2437=CARTESIAN_POINT('',(0.,4.,0.));
#2438=CARTESIAN_POINT('',(0.,3.,5.));
#2439=CARTESIAN_POINT('',(0.,4.,5.));
#2440=CARTESIAN_POINT('',(0.,3.,0.));
#2441=CARTESIAN_POINT('Origin',(0.,0.,0.));
#2442=CARTESIAN_POINT('',(-2.29813332935693,1.92836282905962,5.));
#2443=CARTESIAN_POINT('Origin',(0.,0.,5.));
#2444=CARTESIAN_POINT('',(-2.29813332935693,1.92836282905962,0.));
#2445=CARTESIAN_POINT('',(-3.,-3.67394039744206E-16,0.));
#2446=CARTESIAN_POINT('Origin',(-3.06417777247591,2.57115043874616,0.));
#2447=CARTESIAN_POINT('',(-3.06417777247591,2.57115043874616,5.));
#2448=CARTESIAN_POINT('',(0.,0.,5.));
#2449=CARTESIAN_POINT('',(-3.06417777247591,2.57115043874616,0.));
#2450=CARTESIAN_POINT('Origin',(0.,0.,0.));
#2451=CARTESIAN_POINT('Origin',(0.,0.,5.));
#2452=CARTESIAN_POINT('Origin',(-1.53208888623796,2.96418141452981,5.));
#2453=UNCERTAINTY_MEASURE_WITH_UNIT(LENGTH_MEASURE(0.01),#2457,
'DISTANCE_ACCURACY_VALUE',
'Maximum model space distance between geometric entities at asserted c
onnectivities');
#2454=UNCERTAINTY_MEASURE_WITH_UNIT(LENGTH_MEASURE(0.01),#2457,
'DISTANCE_ACCURACY_VALUE',
'Maximum model space distance between geometric entities at asserted c
onnectivities');
#2455=(
GEOMETRIC_REPRESENTATION_CONTEXT(3)
GLOBAL_UNCERTAINTY_ASSIGNED_CONTEXT((#2453))
GLOBAL_UNIT_ASSIGNED_CONTEXT((#2457,#2459,#2460))
REPRESENTATION_CONTEXT('','3D')
);
#2456=(
GEOMETRIC_REPRESENTATION_CONTEXT(3)
GLOBAL_UNCERTAINTY_ASSIGNED_CONTEXT((#2454))
GLOBAL_UNIT_ASSIGNED_CONTEXT((#2457,#2459,#2460))
REPRESENTATION_CONTEXT('','3D')
);
#2457=(
LENGTH_UNIT()
NAMED_UNIT(*)
SI_UNIT(.MILLI.,.METRE.)
);
#2458=(
LENGTH_UNIT()
NAMED_UNIT(*)
SI_UNIT($,.METRE.)
);
#2459=(
NAMED_UNIT(*)
PLANE_ANGLE_UNIT()
SI_UNIT($,.RADIAN.)
);
#2460=(
NAMED_UNIT(*)
SI_UNIT($,.STERADIAN.)
SOLID_ANGLE_UNIT()
);
#2461=SHAPE_DEFINITION_REPRESENTATION(#2462,#2463);
#2462=PRODUCT_DEFINITION_SHAPE('',$,#2465);
#2463=SHAPE_REPRESENTATION('',(#949),#2455);
#2464=PRODUCT_DEFINITION_CONTEXT('part definition',#2469,'design');
#2465=PRODUCT_DEFINITION('2026-08-03-19-35-51-663',
'fiberFrictionFastener',#2466,#2464);
#2466=PRODUCT_DEFINITION_FORMATION('',$,#2471);
#2467=PRODUCT_RELATED_PRODUCT_CATEGORY('fiberFrictionFastener',
'fiberFrictionFastener',(#2471));
#2468=APPLICATION_PROTOCOL_DEFINITION('international standard',
'automotive_design',2009,#2469);
#2469=APPLICATION_CONTEXT(
'Core Data for Automotive Mechanical Design Process');
#2470=PRODUCT_CONTEXT('part definition',#2469,'mechanical');
#2471=PRODUCT('2026-08-03-19-35-51-663','fiberFrictionFastener',$,(#2470));
#2472=PRESENTATION_STYLE_ASSIGNMENT((#2473));
#2473=SURFACE_STYLE_USAGE(.BOTH.,#2474);
#2474=SURFACE_SIDE_STYLE('',(#2475));
#2475=SURFACE_STYLE_FILL_AREA(#2476);
#2476=FILL_AREA_STYLE('Steel - Satin',(#2477));
#2477=FILL_AREA_STYLE_COLOUR('Steel - Satin',#2478);
#2478=COLOUR_RGB('Steel - Satin',0.627450980392157,0.627450980392157,0.627450980392157);
ENDSEC;
END-ISO-10303-21;
