ISO-10303-21;
HEADER;
/* Generated by software containing ST-Developer
 * from STEP Tools, Inc. (www.steptools.com) 
 */

FILE_DESCRIPTION(
/* description */ (''),
/* implementation_level */ '2;1');

FILE_NAME(
/* name */ 'ledHolder.step',
/* time_stamp */ '2026-08-03T19:35:58+02:00',
/* author */ (''),
/* organization */ (''),
/* preprocessor_version */ 'ST-DEVELOPER v20.1',
/* originating_system */ 'Autodesk Translation Framework v15.8.0.0',
/* authorisation */ '');

FILE_SCHEMA (('AUTOMOTIVE_DESIGN { 1 0 10303 214 3 1 1 }'));
ENDSEC;

DATA;
#10=MECHANICAL_DESIGN_GEOMETRIC_PRESENTATION_REPRESENTATION('',(#13),#3305);
#11=SHAPE_REPRESENTATION_RELATIONSHIP('SRR','None',#3312,#12);
#12=ADVANCED_BREP_SHAPE_REPRESENTATION('',(#14),#3304);
#13=STYLED_ITEM('',(#3321),#14);
#14=MANIFOLD_SOLID_BREP('Body1',#1640);
#15=B_SPLINE_CURVE_WITH_KNOTS('',3,(#2474,#2475,#2476,#2477,#2478,#2479,
#2480,#2481,#2482,#2483,#2484,#2485,#2486,#2487,#2488,#2489,#2490,#2491),
 .UNSPECIFIED.,.F.,.F.,(4,2,2,2,2,2,2,2,4),(0.,0.0621742786061295,0.124348557212259,
0.189157326194092,0.253966095175925,0.317562520203987,0.38115894523205,
0.443198773238848,0.505238601245645),.UNSPECIFIED.);
#16=B_SPLINE_CURVE_WITH_KNOTS('',3,(#2492,#2493,#2494,#2495,#2496,#2497,
#2498,#2499,#2500,#2501,#2502,#2503,#2504,#2505,#2506,#2507,#2508,#2509),
 .UNSPECIFIED.,.F.,.F.,(4,2,2,2,2,2,2,2,4),(0.505238601245645,0.567278429252442,
0.62931825725924,0.692914682287302,0.756511107315365,0.821319876297198,
0.886128645279031,0.948302923885161,1.01047720249129),.UNSPECIFIED.);
#17=B_SPLINE_CURVE_WITH_KNOTS('',3,(#2512,#2513,#2514,#2515,#2516,#2517,
#2518,#2519,#2520,#2521,#2522,#2523,#2524,#2525,#2526,#2527,#2528,#2529),
 .UNSPECIFIED.,.F.,.F.,(4,2,2,2,2,2,2,2,4),(0.,0.0621742786061295,0.124348557212259,
0.189157326194092,0.253966095175925,0.317562520203988,0.38115894523205,
0.443198773238847,0.505238601245645),.UNSPECIFIED.);
#18=B_SPLINE_CURVE_WITH_KNOTS('',3,(#2530,#2531,#2532,#2533,#2534,#2535,
#2536,#2537,#2538,#2539,#2540,#2541,#2542,#2543,#2544,#2545,#2546,#2547),
 .UNSPECIFIED.,.F.,.F.,(4,2,2,2,2,2,2,2,4),(0.505238601245645,0.567278429252442,
0.62931825725924,0.692914682287302,0.756511107315365,0.821319876297198,
0.886128645279031,0.94830292388516,1.01047720249129),.UNSPECIFIED.);
#19=B_SPLINE_CURVE_WITH_KNOTS('',3,(#2550,#2551,#2552,#2553,#2554,#2555,
#2556,#2557,#2558,#2559,#2560,#2561,#2562,#2563,#2564,#2565,#2566,#2567),
 .UNSPECIFIED.,.F.,.F.,(4,2,2,2,2,2,2,2,4),(0.,0.0621742786061295,0.124348557212259,
0.189157326194092,0.253966095175925,0.317562520203987,0.38115894523205,
0.443198773238847,0.505238601245645),.UNSPECIFIED.);
#20=B_SPLINE_CURVE_WITH_KNOTS('',3,(#2568,#2569,#2570,#2571,#2572,#2573,
#2574,#2575,#2576,#2577,#2578,#2579,#2580,#2581,#2582,#2583,#2584,#2585),
 .UNSPECIFIED.,.F.,.F.,(4,2,2,2,2,2,2,2,4),(0.505238601245645,0.567278429252442,
0.62931825725924,0.692914682287302,0.756511107315365,0.821319876297198,
0.88612864527903,0.94830292388516,1.01047720249129),.UNSPECIFIED.);
#21=B_SPLINE_CURVE_WITH_KNOTS('',3,(#2588,#2589,#2590,#2591,#2592,#2593,
#2594,#2595,#2596,#2597,#2598,#2599,#2600,#2601,#2602,#2603,#2604,#2605),
 .UNSPECIFIED.,.F.,.F.,(4,2,2,2,2,2,2,2,4),(0.,0.0621742786061295,0.124348557212259,
0.189157326194092,0.253966095175925,0.317562520203987,0.38115894523205,
0.443198773238847,0.505238601245645),.UNSPECIFIED.);
#22=B_SPLINE_CURVE_WITH_KNOTS('',3,(#2606,#2607,#2608,#2609,#2610,#2611,
#2612,#2613,#2614,#2615,#2616,#2617,#2618,#2619,#2620,#2621,#2622,#2623),
 .UNSPECIFIED.,.F.,.F.,(4,2,2,2,2,2,2,2,4),(0.505238601245645,0.567278429252442,
0.62931825725924,0.692914682287302,0.756511107315365,0.821319876297198,
0.886128645279031,0.94830292388516,1.01047720249129),.UNSPECIFIED.);
#23=B_SPLINE_CURVE_WITH_KNOTS('',3,(#2626,#2627,#2628,#2629,#2630,#2631,
#2632,#2633,#2634,#2635,#2636,#2637,#2638,#2639,#2640,#2641,#2642,#2643),
 .UNSPECIFIED.,.F.,.F.,(4,2,2,2,2,2,2,2,4),(0.,0.0621742786061295,0.124348557212259,
0.189157326194092,0.253966095175925,0.317562520203988,0.38115894523205,
0.443198773238848,0.505238601245645),.UNSPECIFIED.);
#24=B_SPLINE_CURVE_WITH_KNOTS('',3,(#2644,#2645,#2646,#2647,#2648,#2649,
#2650,#2651,#2652,#2653,#2654,#2655,#2656,#2657,#2658,#2659,#2660,#2661),
 .UNSPECIFIED.,.F.,.F.,(4,2,2,2,2,2,2,2,4),(0.505238601245645,0.567278429252443,
0.62931825725924,0.692914682287303,0.756511107315365,0.821319876297198,
0.886128645279031,0.948302923885161,1.01047720249129),.UNSPECIFIED.);
#25=B_SPLINE_CURVE_WITH_KNOTS('',3,(#2664,#2665,#2666,#2667,#2668,#2669,
#2670,#2671,#2672,#2673,#2674,#2675,#2676,#2677,#2678,#2679,#2680,#2681),
 .UNSPECIFIED.,.F.,.F.,(4,2,2,2,2,2,2,2,4),(0.,0.0621742786061295,0.124348557212259,
0.189157326194092,0.253966095175925,0.317562520203987,0.38115894523205,
0.443198773238847,0.505238601245645),.UNSPECIFIED.);
#26=B_SPLINE_CURVE_WITH_KNOTS('',3,(#2682,#2683,#2684,#2685,#2686,#2687,
#2688,#2689,#2690,#2691,#2692,#2693,#2694,#2695,#2696,#2697,#2698,#2699),
 .UNSPECIFIED.,.F.,.F.,(4,2,2,2,2,2,2,2,4),(0.505238601245645,0.567278429252442,
0.62931825725924,0.692914682287302,0.756511107315365,0.821319876297198,
0.886128645279031,0.94830292388516,1.01047720249129),.UNSPECIFIED.);
#27=B_SPLINE_CURVE_WITH_KNOTS('',3,(#2702,#2703,#2704,#2705,#2706,#2707,
#2708,#2709,#2710,#2711,#2712,#2713,#2714,#2715,#2716,#2717,#2718,#2719),
 .UNSPECIFIED.,.F.,.F.,(4,2,2,2,2,2,2,2,4),(0.,0.0621742786061295,0.124348557212259,
0.189157326194092,0.253966095175925,0.317562520203987,0.38115894523205,
0.443198773238847,0.505238601245645),.UNSPECIFIED.);
#28=B_SPLINE_CURVE_WITH_KNOTS('',3,(#2720,#2721,#2722,#2723,#2724,#2725,
#2726,#2727,#2728,#2729,#2730,#2731,#2732,#2733,#2734,#2735,#2736,#2737),
 .UNSPECIFIED.,.F.,.F.,(4,2,2,2,2,2,2,2,4),(0.505238601245645,0.567278429252442,
0.62931825725924,0.692914682287302,0.756511107315365,0.821319876297198,
0.886128645279031,0.94830292388516,1.01047720249129),.UNSPECIFIED.);
#29=B_SPLINE_CURVE_WITH_KNOTS('',3,(#2740,#2741,#2742,#2743,#2744,#2745,
#2746,#2747,#2748,#2749,#2750,#2751,#2752,#2753,#2754,#2755,#2756,#2757),
 .UNSPECIFIED.,.F.,.F.,(4,2,2,2,2,2,2,2,4),(0.,0.0621742786061295,0.124348557212259,
0.189157326194092,0.253966095175925,0.317562520203987,0.38115894523205,
0.443198773238847,0.505238601245645),.UNSPECIFIED.);
#30=B_SPLINE_CURVE_WITH_KNOTS('',3,(#2758,#2759,#2760,#2761,#2762,#2763,
#2764,#2765,#2766,#2767,#2768,#2769,#2770,#2771,#2772,#2773,#2774,#2775),
 .UNSPECIFIED.,.F.,.F.,(4,2,2,2,2,2,2,2,4),(0.505238601245645,0.567278429252442,
0.62931825725924,0.692914682287302,0.756511107315365,0.821319876297198,
0.88612864527903,0.94830292388516,1.01047720249129),.UNSPECIFIED.);
#31=B_SPLINE_CURVE_WITH_KNOTS('',3,(#2810,#2811,#2812,#2813,#2814,#2815,
#2816,#2817,#2818,#2819,#2820,#2821,#2822,#2823),.UNSPECIFIED.,.F.,.F.,
(4,2,2,2,2,2,4),(0.385574879464334,0.389097992410833,0.427605353151267,
0.466112713891701,0.505161506878567,0.544210299865433,0.547435427762029),
 .UNSPECIFIED.);
#32=B_SPLINE_CURVE_WITH_KNOTS('',3,(#2826,#2827,#2828,#2829,#2830,#2831,
#2832,#2833,#2834,#2835,#2836,#2837,#2838,#2839),.UNSPECIFIED.,.F.,.F.,
(4,2,2,2,2,2,4),(0.0750258726638073,0.0782510005604031,0.117299793547269,
0.156348586534135,0.194855947274569,0.233363308015003,0.236886420961502),
 .UNSPECIFIED.);
#33=B_SPLINE_CURVE_WITH_KNOTS('',3,(#2852,#2853,#2854,#2855,#2856,#2857,
#2858,#2859,#2860,#2861,#2862,#2863,#2864,#2865),.UNSPECIFIED.,.F.,.F.,
(4,2,2,2,2,2,4),(0.385574879464334,0.389097992410833,0.427605353151267,
0.466112713891701,0.505161506878567,0.544210299865433,0.547435427762028),
 .UNSPECIFIED.);
#34=B_SPLINE_CURVE_WITH_KNOTS('',3,(#2868,#2869,#2870,#2871,#2872,#2873,
#2874,#2875,#2876,#2877,#2878,#2879,#2880,#2881),.UNSPECIFIED.,.F.,.F.,
(4,2,2,2,2,2,4),(0.075025872663807,0.0782510005604032,0.117299793547269,
0.156348586534135,0.194855947274569,0.233363308015003,0.236886420961502),
 .UNSPECIFIED.);
#35=B_SPLINE_CURVE_WITH_KNOTS('',3,(#2894,#2895,#2896,#2897,#2898,#2899,
#2900,#2901,#2902,#2903,#2904,#2905,#2906,#2907),.UNSPECIFIED.,.F.,.F.,
(4,2,2,2,2,2,4),(0.38557063250975,0.388930239242118,0.4275211174213,0.466111995600481,
0.505160788587347,0.544209581574213,0.547434709470809),.UNSPECIFIED.);
#36=B_SPLINE_CURVE_WITH_KNOTS('',3,(#2910,#2911,#2912,#2913,#2914,#2915,
#2916,#2917,#2918,#2919,#2920,#2921,#2922,#2923),.UNSPECIFIED.,.F.,.F.,
(4,2,2,2,2,2,4),(0.0750258726638074,0.0782510005604031,0.117299793547269,
0.156348586534135,0.194939464713317,0.233530342892498,0.236889949624866),
 .UNSPECIFIED.);
#37=B_SPLINE_CURVE_WITH_KNOTS('',3,(#2936,#2937,#2938,#2939,#2940,#2941,
#2942,#2943,#2944,#2945,#2946,#2947,#2948,#2949),.UNSPECIFIED.,.F.,.F.,
(4,2,2,2,2,2,4),(0.385574879464334,0.389097992410833,0.427605353151267,
0.4661127138917,0.505161506878566,0.544210299865432,0.547435427762029),
 .UNSPECIFIED.);
#38=B_SPLINE_CURVE_WITH_KNOTS('',3,(#2952,#2953,#2954,#2955,#2956,#2957,
#2958,#2959,#2960,#2961,#2962,#2963,#2964,#2965),.UNSPECIFIED.,.F.,.F.,
(4,2,2,2,2,2,4),(0.0750258726638071,0.0782510005604031,0.117299793547269,
0.156348586534135,0.194855947274569,0.233363308015003,0.236886420961502),
 .UNSPECIFIED.);
#39=B_SPLINE_CURVE_WITH_KNOTS('',3,(#2978,#2979,#2980,#2981,#2982,#2983,
#2984,#2985,#2986,#2987,#2988,#2989,#2990,#2991),.UNSPECIFIED.,.F.,.F.,
(4,2,2,2,2,2,4),(0.385570632509751,0.388930239242118,0.4275211174213,0.466111995600482,
0.505066680067822,0.544021364535162,0.547430995483513),.UNSPECIFIED.);
#40=B_SPLINE_CURVE_WITH_KNOTS('',3,(#2994,#2995,#2996,#2997,#2998,#2999,
#3000,#3001,#3002,#3003,#3004,#3005,#3006,#3007),.UNSPECIFIED.,.F.,.F.,
(4,2,2,2,2,2,4),(0.0750310810227211,0.0784407119710724,0.117395396438413,
0.156350080905753,0.194940959084934,0.233531837264116,0.236891443996484),
 .UNSPECIFIED.);
#41=B_SPLINE_CURVE_WITH_KNOTS('',3,(#3020,#3021,#3022,#3023,#3024,#3025,
#3026,#3027,#3028,#3029,#3030,#3031,#3032,#3033),.UNSPECIFIED.,.F.,.F.,
(4,2,2,2,2,2,4),(0.385574879464335,0.389097992410833,0.427605353151267,
0.466112713891701,0.505161506878567,0.544210299865432,0.547435427762028),
 .UNSPECIFIED.);
#42=B_SPLINE_CURVE_WITH_KNOTS('',3,(#3036,#3037,#3038,#3039,#3040,#3041,
#3042,#3043,#3044,#3045,#3046,#3047,#3048,#3049),.UNSPECIFIED.,.F.,.F.,
(4,2,2,2,2,2,4),(0.0750258726638072,0.0782510005604032,0.117299793547269,
0.156348586534135,0.194855947274569,0.233363308015003,0.236886420961502),
 .UNSPECIFIED.);
#43=B_SPLINE_CURVE_WITH_KNOTS('',3,(#3062,#3063,#3064,#3065,#3066,#3067,
#3068,#3069,#3070,#3071,#3072,#3073,#3074,#3075),.UNSPECIFIED.,.F.,.F.,
(4,2,2,2,2,2,4),(0.385574161173115,0.389097274119614,0.427604634860048,
0.466111995600481,0.505160788587347,0.544209581574214,0.547434709470809),
 .UNSPECIFIED.);
#44=B_SPLINE_CURVE_WITH_KNOTS('',3,(#3078,#3079,#3080,#3081,#3082,#3083,
#3084,#3085,#3086,#3087,#3088,#3089,#3090,#3091),.UNSPECIFIED.,.F.,.F.,
(4,2,2,2,2,2,4),(0.0750258726638076,0.0782510005604031,0.117299793547269,
0.156348586534135,0.194855947274569,0.233363308015003,0.236886420961501),
 .UNSPECIFIED.);
#45=B_SPLINE_CURVE_WITH_KNOTS('',3,(#3104,#3105,#3106,#3107,#3108,#3109,
#3110,#3111,#3112,#3113,#3114,#3115,#3116,#3117),.UNSPECIFIED.,.F.,.F.,
(4,2,2,2,2,2,4),(0.385574879464334,0.389097992410833,0.427605353151267,
0.4661127138917,0.505161506878566,0.544210299865432,0.547435427762028),
 .UNSPECIFIED.);
#46=B_SPLINE_CURVE_WITH_KNOTS('',3,(#3120,#3121,#3122,#3123,#3124,#3125,
#3126,#3127,#3128,#3129,#3130,#3131,#3132,#3133),.UNSPECIFIED.,.F.,.F.,
(4,2,2,2,2,2,4),(0.0750258726638075,0.0782510005604032,0.117299793547269,
0.156348586534135,0.194855947274569,0.233363308015003,0.236886420961502),
 .UNSPECIFIED.);
#47=FACE_BOUND('',#444,.T.);
#48=FACE_BOUND('',#448,.T.);
#49=FACE_BOUND('',#449,.T.);
#50=FACE_BOUND('',#450,.T.);
#51=FACE_BOUND('',#451,.T.);
#52=FACE_BOUND('',#452,.T.);
#53=FACE_BOUND('',#460,.T.);
#54=FACE_BOUND('',#461,.T.);
#55=FACE_BOUND('',#462,.T.);
#56=FACE_BOUND('',#463,.T.);
#57=FACE_BOUND('',#464,.T.);
#58=FACE_BOUND('',#466,.T.);
#59=FACE_BOUND('',#467,.T.);
#60=FACE_BOUND('',#468,.T.);
#61=FACE_BOUND('',#469,.T.);
#62=FACE_BOUND('',#470,.T.);
#63=FACE_BOUND('',#471,.T.);
#64=FACE_BOUND('',#472,.T.);
#65=FACE_BOUND('',#473,.T.);
#66=FACE_BOUND('',#476,.T.);
#67=FACE_BOUND('',#479,.T.);
#68=FACE_BOUND('',#516,.T.);
#69=FACE_BOUND('',#517,.T.);
#70=FACE_BOUND('',#518,.T.);
#71=FACE_BOUND('',#519,.T.);
#72=FACE_BOUND('',#520,.T.);
#73=FACE_BOUND('',#528,.T.);
#74=FACE_BOUND('',#530,.T.);
#75=FACE_BOUND('',#533,.T.);
#76=FACE_BOUND('',#535,.T.);
#77=FACE_BOUND('',#538,.T.);
#78=FACE_BOUND('',#540,.T.);
#79=FACE_BOUND('',#543,.T.);
#80=FACE_BOUND('',#545,.T.);
#81=FACE_BOUND('',#548,.T.);
#82=FACE_BOUND('',#550,.T.);
#83=FACE_BOUND('',#553,.T.);
#84=FACE_BOUND('',#555,.T.);
#85=FACE_BOUND('',#558,.T.);
#86=FACE_BOUND('',#560,.T.);
#87=FACE_BOUND('',#563,.T.);
#88=FACE_BOUND('',#565,.T.);
#89=FACE_BOUND('',#569,.T.);
#90=FACE_BOUND('',#570,.T.);
#91=FACE_BOUND('',#571,.T.);
#92=FACE_BOUND('',#572,.T.);
#93=FACE_BOUND('',#573,.T.);
#94=FACE_BOUND('',#574,.T.);
#95=FACE_BOUND('',#575,.T.);
#96=FACE_BOUND('',#576,.T.);
#97=FACE_BOUND('',#577,.T.);
#98=FACE_BOUND('',#578,.T.);
#99=FACE_BOUND('',#579,.T.);
#100=FACE_BOUND('',#580,.T.);
#101=FACE_BOUND('',#581,.T.);
#102=FACE_BOUND('',#582,.T.);
#103=FACE_BOUND('',#583,.T.);
#104=FACE_BOUND('',#585,.T.);
#105=FACE_BOUND('',#586,.T.);
#106=FACE_BOUND('',#587,.T.);
#107=FACE_BOUND('',#588,.T.);
#108=FACE_BOUND('',#589,.T.);
#109=FACE_BOUND('',#590,.T.);
#110=FACE_BOUND('',#591,.T.);
#111=FACE_BOUND('',#592,.T.);
#112=FACE_BOUND('',#593,.T.);
#113=FACE_BOUND('',#594,.T.);
#114=FACE_BOUND('',#595,.T.);
#115=PLANE('',#1661);
#116=PLANE('',#1671);
#117=PLANE('',#1690);
#118=PLANE('',#1707);
#119=PLANE('',#1712);
#120=PLANE('',#1714);
#121=PLANE('',#1715);
#122=PLANE('',#1716);
#123=PLANE('',#1717);
#124=PLANE('',#1722);
#125=PLANE('',#1723);
#126=PLANE('',#1728);
#127=PLANE('',#1729);
#128=PLANE('',#1734);
#129=PLANE('',#1735);
#130=PLANE('',#1740);
#131=PLANE('',#1741);
#132=PLANE('',#1746);
#133=PLANE('',#1747);
#134=PLANE('',#1752);
#135=PLANE('',#1753);
#136=PLANE('',#1758);
#137=PLANE('',#1759);
#138=PLANE('',#1764);
#139=PLANE('',#1768);
#140=PLANE('',#1769);
#141=PLANE('',#1773);
#142=PLANE('',#1780);
#143=PLANE('',#1781);
#144=PLANE('',#1800);
#145=PLANE('',#1807);
#146=PLANE('',#1814);
#147=PLANE('',#1821);
#148=PLANE('',#1828);
#149=PLANE('',#1835);
#150=PLANE('',#1842);
#151=PLANE('',#1849);
#152=PLANE('',#1857);
#153=PLANE('',#1858);
#154=LINE('',#2365,#230);
#155=LINE('',#2377,#231);
#156=LINE('',#2381,#232);
#157=LINE('',#2385,#233);
#158=LINE('',#2401,#234);
#159=LINE('',#2405,#235);
#160=LINE('',#2410,#236);
#161=LINE('',#2414,#237);
#162=LINE('',#2418,#238);
#163=LINE('',#2422,#239);
#164=LINE('',#2426,#240);
#165=LINE('',#2434,#241);
#166=LINE('',#2438,#242);
#167=LINE('',#2442,#243);
#168=LINE('',#2445,#244);
#169=LINE('',#2447,#245);
#170=LINE('',#2450,#246);
#171=LINE('',#2454,#247);
#172=LINE('',#2458,#248);
#173=LINE('',#2462,#249);
#174=LINE('',#2466,#250);
#175=LINE('',#2470,#251);
#176=LINE('',#2780,#252);
#177=LINE('',#2789,#253);
#178=LINE('',#2795,#254);
#179=LINE('',#2796,#255);
#180=LINE('',#2798,#256);
#181=LINE('',#2799,#257);
#182=LINE('',#2804,#258);
#183=LINE('',#2840,#259);
#184=LINE('',#2842,#260);
#185=LINE('',#2846,#261);
#186=LINE('',#2882,#262);
#187=LINE('',#2884,#263);
#188=LINE('',#2888,#264);
#189=LINE('',#2924,#265);
#190=LINE('',#2926,#266);
#191=LINE('',#2930,#267);
#192=LINE('',#2966,#268);
#193=LINE('',#2968,#269);
#194=LINE('',#2972,#270);
#195=LINE('',#3008,#271);
#196=LINE('',#3010,#272);
#197=LINE('',#3014,#273);
#198=LINE('',#3050,#274);
#199=LINE('',#3052,#275);
#200=LINE('',#3056,#276);
#201=LINE('',#3092,#277);
#202=LINE('',#3094,#278);
#203=LINE('',#3098,#279);
#204=LINE('',#3134,#280);
#205=LINE('',#3136,#281);
#206=LINE('',#3167,#282);
#207=LINE('',#3171,#283);
#208=LINE('',#3175,#284);
#209=LINE('',#3179,#285);
#210=LINE('',#3183,#286);
#211=LINE('',#3188,#287);
#212=LINE('',#3195,#288);
#213=LINE('',#3201,#289);
#214=LINE('',#3208,#290);
#215=LINE('',#3214,#291);
#216=LINE('',#3221,#292);
#217=LINE('',#3227,#293);
#218=LINE('',#3234,#294);
#219=LINE('',#3240,#295);
#220=LINE('',#3247,#296);
#221=LINE('',#3253,#297);
#222=LINE('',#3260,#298);
#223=LINE('',#3266,#299);
#224=LINE('',#3273,#300);
#225=LINE('',#3279,#301);
#226=LINE('',#3286,#302);
#227=LINE('',#3290,#303);
#228=LINE('',#3295,#304);
#229=LINE('',#3301,#305);
#230=VECTOR('',#1877,9.);
#231=VECTOR('',#1892,16.35);
#232=VECTOR('',#1895,10.);
#233=VECTOR('',#1898,10.);
#234=VECTOR('',#1915,10.);
#235=VECTOR('',#1918,10.);
#236=VECTOR('',#1925,1.25);
#237=VECTOR('',#1930,1.25);
#238=VECTOR('',#1935,1.25);
#239=VECTOR('',#1940,1.25);
#240=VECTOR('',#1945,22.5);
#241=VECTOR('',#1954,10.);
#242=VECTOR('',#1957,10.);
#243=VECTOR('',#1960,10.);
#244=VECTOR('',#1963,17.5);
#245=VECTOR('',#1964,10.);
#246=VECTOR('',#1967,10.);
#247=VECTOR('',#1970,10.);
#248=VECTOR('',#1973,10.);
#249=VECTOR('',#1976,10.);
#250=VECTOR('',#1979,10.);
#251=VECTOR('',#1982,10.);
#252=VECTOR('',#1989,1.8);
#253=VECTOR('',#2000,1.8);
#254=VECTOR('',#2009,10.);
#255=VECTOR('',#2010,10.);
#256=VECTOR('',#2013,10.);
#257=VECTOR('',#2014,10.);
#258=VECTOR('',#2019,10.);
#259=VECTOR('',#2028,1.65);
#260=VECTOR('',#2031,10.);
#261=VECTOR('',#2034,10.);
#262=VECTOR('',#2043,1.65);
#263=VECTOR('',#2046,10.);
#264=VECTOR('',#2049,10.);
#265=VECTOR('',#2058,1.65);
#266=VECTOR('',#2061,10.);
#267=VECTOR('',#2064,10.);
#268=VECTOR('',#2073,1.65);
#269=VECTOR('',#2076,10.);
#270=VECTOR('',#2079,10.);
#271=VECTOR('',#2088,1.65);
#272=VECTOR('',#2091,10.);
#273=VECTOR('',#2094,10.);
#274=VECTOR('',#2103,1.65);
#275=VECTOR('',#2106,10.);
#276=VECTOR('',#2109,10.);
#277=VECTOR('',#2118,1.65);
#278=VECTOR('',#2121,10.);
#279=VECTOR('',#2124,10.);
#280=VECTOR('',#2133,1.65);
#281=VECTOR('',#2136,10.);
#282=VECTOR('',#2185,1.25);
#283=VECTOR('',#2190,1.25);
#284=VECTOR('',#2195,1.25);
#285=VECTOR('',#2200,1.25);
#286=VECTOR('',#2205,20.);
#287=VECTOR('',#2210,1.825);
#288=VECTOR('',#2219,1.);
#289=VECTOR('',#2226,1.825);
#290=VECTOR('',#2235,1.);
#291=VECTOR('',#2242,1.825);
#292=VECTOR('',#2251,1.);
#293=VECTOR('',#2258,1.825);
#294=VECTOR('',#2267,1.);
#295=VECTOR('',#2274,1.825);
#296=VECTOR('',#2283,1.);
#297=VECTOR('',#2290,1.825);
#298=VECTOR('',#2299,1.);
#299=VECTOR('',#2306,1.825);
#300=VECTOR('',#2315,1.);
#301=VECTOR('',#2322,1.825);
#302=VECTOR('',#2331,1.);
#303=VECTOR('',#2336,1.25);
#304=VECTOR('',#2343,5.);
#305=VECTOR('',#2352,1.25);
#306=CYLINDRICAL_SURFACE('',#1659,9.);
#307=CYLINDRICAL_SURFACE('',#1667,16.35);
#308=CYLINDRICAL_SURFACE('',#1677,17.5);
#309=CYLINDRICAL_SURFACE('',#1680,1.25);
#310=CYLINDRICAL_SURFACE('',#1682,1.25);
#311=CYLINDRICAL_SURFACE('',#1684,1.25);
#312=CYLINDRICAL_SURFACE('',#1686,1.25);
#313=CYLINDRICAL_SURFACE('',#1688,22.5);
#314=CYLINDRICAL_SURFACE('',#1693,17.5);
#315=CYLINDRICAL_SURFACE('',#1704,1.8);
#316=CYLINDRICAL_SURFACE('',#1709,1.8);
#317=CYLINDRICAL_SURFACE('',#1720,1.65);
#318=CYLINDRICAL_SURFACE('',#1726,1.65);
#319=CYLINDRICAL_SURFACE('',#1732,1.65);
#320=CYLINDRICAL_SURFACE('',#1738,1.65);
#321=CYLINDRICAL_SURFACE('',#1744,1.65);
#322=CYLINDRICAL_SURFACE('',#1750,1.65);
#323=CYLINDRICAL_SURFACE('',#1756,1.65);
#324=CYLINDRICAL_SURFACE('',#1762,1.65);
#325=CYLINDRICAL_SURFACE('',#1765,2.);
#326=CYLINDRICAL_SURFACE('',#1771,2.);
#327=CYLINDRICAL_SURFACE('',#1775,2.);
#328=CYLINDRICAL_SURFACE('',#1777,2.);
#329=CYLINDRICAL_SURFACE('',#1787,1.25);
#330=CYLINDRICAL_SURFACE('',#1789,1.25);
#331=CYLINDRICAL_SURFACE('',#1791,1.25);
#332=CYLINDRICAL_SURFACE('',#1793,1.25);
#333=CYLINDRICAL_SURFACE('',#1795,20.);
#334=CYLINDRICAL_SURFACE('',#1797,1.825);
#335=CYLINDRICAL_SURFACE('',#1802,1.);
#336=CYLINDRICAL_SURFACE('',#1804,1.825);
#337=CYLINDRICAL_SURFACE('',#1809,1.);
#338=CYLINDRICAL_SURFACE('',#1811,1.825);
#339=CYLINDRICAL_SURFACE('',#1816,1.);
#340=CYLINDRICAL_SURFACE('',#1818,1.825);
#341=CYLINDRICAL_SURFACE('',#1823,1.);
#342=CYLINDRICAL_SURFACE('',#1825,1.825);
#343=CYLINDRICAL_SURFACE('',#1830,1.);
#344=CYLINDRICAL_SURFACE('',#1832,1.825);
#345=CYLINDRICAL_SURFACE('',#1837,1.);
#346=CYLINDRICAL_SURFACE('',#1839,1.825);
#347=CYLINDRICAL_SURFACE('',#1844,1.);
#348=CYLINDRICAL_SURFACE('',#1846,1.825);
#349=CYLINDRICAL_SURFACE('',#1851,1.);
#350=CYLINDRICAL_SURFACE('',#1853,1.25);
#351=CYLINDRICAL_SURFACE('',#1855,5.);
#352=CYLINDRICAL_SURFACE('',#1860,1.25);
#353=FACE_OUTER_BOUND('',#441,.T.);
#354=FACE_OUTER_BOUND('',#442,.T.);
#355=FACE_OUTER_BOUND('',#443,.T.);
#356=FACE_OUTER_BOUND('',#445,.T.);
#357=FACE_OUTER_BOUND('',#446,.T.);
#358=FACE_OUTER_BOUND('',#447,.T.);
#359=FACE_OUTER_BOUND('',#453,.T.);
#360=FACE_OUTER_BOUND('',#454,.T.);
#361=FACE_OUTER_BOUND('',#455,.T.);
#362=FACE_OUTER_BOUND('',#456,.T.);
#363=FACE_OUTER_BOUND('',#457,.T.);
#364=FACE_OUTER_BOUND('',#458,.T.);
#365=FACE_OUTER_BOUND('',#459,.T.);
#366=FACE_OUTER_BOUND('',#465,.T.);
#367=FACE_OUTER_BOUND('',#474,.T.);
#368=FACE_OUTER_BOUND('',#475,.T.);
#369=FACE_OUTER_BOUND('',#477,.T.);
#370=FACE_OUTER_BOUND('',#478,.T.);
#371=FACE_OUTER_BOUND('',#480,.T.);
#372=FACE_OUTER_BOUND('',#481,.T.);
#373=FACE_OUTER_BOUND('',#482,.T.);
#374=FACE_OUTER_BOUND('',#483,.T.);
#375=FACE_OUTER_BOUND('',#484,.T.);
#376=FACE_OUTER_BOUND('',#485,.T.);
#377=FACE_OUTER_BOUND('',#486,.T.);
#378=FACE_OUTER_BOUND('',#487,.T.);
#379=FACE_OUTER_BOUND('',#488,.T.);
#380=FACE_OUTER_BOUND('',#489,.T.);
#381=FACE_OUTER_BOUND('',#490,.T.);
#382=FACE_OUTER_BOUND('',#491,.T.);
#383=FACE_OUTER_BOUND('',#492,.T.);
#384=FACE_OUTER_BOUND('',#493,.T.);
#385=FACE_OUTER_BOUND('',#494,.T.);
#386=FACE_OUTER_BOUND('',#495,.T.);
#387=FACE_OUTER_BOUND('',#496,.T.);
#388=FACE_OUTER_BOUND('',#497,.T.);
#389=FACE_OUTER_BOUND('',#498,.T.);
#390=FACE_OUTER_BOUND('',#499,.T.);
#391=FACE_OUTER_BOUND('',#500,.T.);
#392=FACE_OUTER_BOUND('',#501,.T.);
#393=FACE_OUTER_BOUND('',#502,.T.);
#394=FACE_OUTER_BOUND('',#503,.T.);
#395=FACE_OUTER_BOUND('',#504,.T.);
#396=FACE_OUTER_BOUND('',#505,.T.);
#397=FACE_OUTER_BOUND('',#506,.T.);
#398=FACE_OUTER_BOUND('',#507,.T.);
#399=FACE_OUTER_BOUND('',#508,.T.);
#400=FACE_OUTER_BOUND('',#509,.T.);
#401=FACE_OUTER_BOUND('',#510,.T.);
#402=FACE_OUTER_BOUND('',#511,.T.);
#403=FACE_OUTER_BOUND('',#512,.T.);
#404=FACE_OUTER_BOUND('',#513,.T.);
#405=FACE_OUTER_BOUND('',#514,.T.);
#406=FACE_OUTER_BOUND('',#515,.T.);
#407=FACE_OUTER_BOUND('',#521,.T.);
#408=FACE_OUTER_BOUND('',#522,.T.);
#409=FACE_OUTER_BOUND('',#523,.T.);
#410=FACE_OUTER_BOUND('',#524,.T.);
#411=FACE_OUTER_BOUND('',#525,.T.);
#412=FACE_OUTER_BOUND('',#526,.T.);
#413=FACE_OUTER_BOUND('',#527,.T.);
#414=FACE_OUTER_BOUND('',#529,.T.);
#415=FACE_OUTER_BOUND('',#531,.T.);
#416=FACE_OUTER_BOUND('',#532,.T.);
#417=FACE_OUTER_BOUND('',#534,.T.);
#418=FACE_OUTER_BOUND('',#536,.T.);
#419=FACE_OUTER_BOUND('',#537,.T.);
#420=FACE_OUTER_BOUND('',#539,.T.);
#421=FACE_OUTER_BOUND('',#541,.T.);
#422=FACE_OUTER_BOUND('',#542,.T.);
#423=FACE_OUTER_BOUND('',#544,.T.);
#424=FACE_OUTER_BOUND('',#546,.T.);
#425=FACE_OUTER_BOUND('',#547,.T.);
#426=FACE_OUTER_BOUND('',#549,.T.);
#427=FACE_OUTER_BOUND('',#551,.T.);
#428=FACE_OUTER_BOUND('',#552,.T.);
#429=FACE_OUTER_BOUND('',#554,.T.);
#430=FACE_OUTER_BOUND('',#556,.T.);
#431=FACE_OUTER_BOUND('',#557,.T.);
#432=FACE_OUTER_BOUND('',#559,.T.);
#433=FACE_OUTER_BOUND('',#561,.T.);
#434=FACE_OUTER_BOUND('',#562,.T.);
#435=FACE_OUTER_BOUND('',#564,.T.);
#436=FACE_OUTER_BOUND('',#566,.T.);
#437=FACE_OUTER_BOUND('',#567,.T.);
#438=FACE_OUTER_BOUND('',#568,.T.);
#439=FACE_OUTER_BOUND('',#584,.T.);
#440=FACE_OUTER_BOUND('',#596,.T.);
#441=EDGE_LOOP('',(#1096,#1097,#1098,#1099,#1100));
#442=EDGE_LOOP('',(#1101,#1102,#1103,#1104,#1105));
#443=EDGE_LOOP('',(#1106));
#444=EDGE_LOOP('',(#1107));
#445=EDGE_LOOP('',(#1108,#1109,#1110,#1111));
#446=EDGE_LOOP('',(#1112,#1113,#1114,#1115,#1116,#1117,#1118,#1119));
#447=EDGE_LOOP('',(#1120));
#448=EDGE_LOOP('',(#1121));
#449=EDGE_LOOP('',(#1122));
#450=EDGE_LOOP('',(#1123));
#451=EDGE_LOOP('',(#1124));
#452=EDGE_LOOP('',(#1125));
#453=EDGE_LOOP('',(#1126,#1127,#1128,#1129));
#454=EDGE_LOOP('',(#1130,#1131,#1132,#1133));
#455=EDGE_LOOP('',(#1134,#1135,#1136,#1137));
#456=EDGE_LOOP('',(#1138,#1139,#1140,#1141));
#457=EDGE_LOOP('',(#1142,#1143,#1144,#1145));
#458=EDGE_LOOP('',(#1146,#1147,#1148,#1149));
#459=EDGE_LOOP('',(#1150));
#460=EDGE_LOOP('',(#1151));
#461=EDGE_LOOP('',(#1152,#1153,#1154));
#462=EDGE_LOOP('',(#1155));
#463=EDGE_LOOP('',(#1156));
#464=EDGE_LOOP('',(#1157));
#465=EDGE_LOOP('',(#1158,#1159,#1160,#1161,#1162,#1163,#1164,#1165,#1166,
#1167,#1168,#1169,#1170,#1171,#1172,#1173,#1174,#1175,#1176,#1177,#1178,
#1179,#1180,#1181));
#466=EDGE_LOOP('',(#1182,#1183));
#467=EDGE_LOOP('',(#1184,#1185));
#468=EDGE_LOOP('',(#1186,#1187));
#469=EDGE_LOOP('',(#1188,#1189));
#470=EDGE_LOOP('',(#1190,#1191));
#471=EDGE_LOOP('',(#1192,#1193));
#472=EDGE_LOOP('',(#1194,#1195));
#473=EDGE_LOOP('',(#1196,#1197));
#474=EDGE_LOOP('',(#1198,#1199,#1200,#1201));
#475=EDGE_LOOP('',(#1202));
#476=EDGE_LOOP('',(#1203));
#477=EDGE_LOOP('',(#1204,#1205,#1206,#1207));
#478=EDGE_LOOP('',(#1208));
#479=EDGE_LOOP('',(#1209));
#480=EDGE_LOOP('',(#1210,#1211,#1212,#1213,#1214));
#481=EDGE_LOOP('',(#1215,#1216,#1217,#1218,#1219));
#482=EDGE_LOOP('',(#1220,#1221,#1222,#1223));
#483=EDGE_LOOP('',(#1224,#1225,#1226));
#484=EDGE_LOOP('',(#1227,#1228,#1229,#1230,#1231,#1232,#1233,#1234,#1235));
#485=EDGE_LOOP('',(#1236,#1237));
#486=EDGE_LOOP('',(#1238,#1239,#1240));
#487=EDGE_LOOP('',(#1241,#1242,#1243,#1244,#1245,#1246,#1247,#1248,#1249));
#488=EDGE_LOOP('',(#1250,#1251));
#489=EDGE_LOOP('',(#1252,#1253,#1254));
#490=EDGE_LOOP('',(#1255,#1256,#1257,#1258,#1259,#1260,#1261,#1262,#1263));
#491=EDGE_LOOP('',(#1264,#1265));
#492=EDGE_LOOP('',(#1266,#1267,#1268));
#493=EDGE_LOOP('',(#1269,#1270,#1271,#1272,#1273,#1274,#1275,#1276,#1277));
#494=EDGE_LOOP('',(#1278,#1279));
#495=EDGE_LOOP('',(#1280,#1281,#1282));
#496=EDGE_LOOP('',(#1283,#1284,#1285,#1286,#1287,#1288,#1289,#1290,#1291));
#497=EDGE_LOOP('',(#1292,#1293));
#498=EDGE_LOOP('',(#1294,#1295,#1296));
#499=EDGE_LOOP('',(#1297,#1298,#1299,#1300,#1301,#1302,#1303,#1304,#1305));
#500=EDGE_LOOP('',(#1306,#1307));
#501=EDGE_LOOP('',(#1308,#1309,#1310));
#502=EDGE_LOOP('',(#1311,#1312,#1313,#1314,#1315,#1316,#1317,#1318,#1319));
#503=EDGE_LOOP('',(#1320,#1321));
#504=EDGE_LOOP('',(#1322,#1323,#1324));
#505=EDGE_LOOP('',(#1325,#1326,#1327,#1328,#1329,#1330,#1331,#1332,#1333));
#506=EDGE_LOOP('',(#1334,#1335));
#507=EDGE_LOOP('',(#1336,#1337,#1338,#1339));
#508=EDGE_LOOP('',(#1340,#1341));
#509=EDGE_LOOP('',(#1342,#1343));
#510=EDGE_LOOP('',(#1344,#1345,#1346,#1347));
#511=EDGE_LOOP('',(#1348,#1349));
#512=EDGE_LOOP('',(#1350,#1351,#1352,#1353));
#513=EDGE_LOOP('',(#1354,#1355,#1356,#1357));
#514=EDGE_LOOP('',(#1358,#1359));
#515=EDGE_LOOP('',(#1360));
#516=EDGE_LOOP('',(#1361));
#517=EDGE_LOOP('',(#1362,#1363,#1364,#1365,#1366,#1367,#1368,#1369,#1370));
#518=EDGE_LOOP('',(#1371));
#519=EDGE_LOOP('',(#1372));
#520=EDGE_LOOP('',(#1373));
#521=EDGE_LOOP('',(#1374,#1375,#1376,#1377));
#522=EDGE_LOOP('',(#1378,#1379,#1380,#1381));
#523=EDGE_LOOP('',(#1382,#1383,#1384,#1385));
#524=EDGE_LOOP('',(#1386,#1387,#1388,#1389));
#525=EDGE_LOOP('',(#1390,#1391,#1392,#1393));
#526=EDGE_LOOP('',(#1394,#1395,#1396,#1397));
#527=EDGE_LOOP('',(#1398));
#528=EDGE_LOOP('',(#1399));
#529=EDGE_LOOP('',(#1400,#1401,#1402,#1403));
#530=EDGE_LOOP('',(#1404,#1405,#1406,#1407));
#531=EDGE_LOOP('',(#1408,#1409,#1410,#1411));
#532=EDGE_LOOP('',(#1412));
#533=EDGE_LOOP('',(#1413));
#534=EDGE_LOOP('',(#1414,#1415,#1416,#1417));
#535=EDGE_LOOP('',(#1418,#1419,#1420,#1421));
#536=EDGE_LOOP('',(#1422,#1423,#1424,#1425));
#537=EDGE_LOOP('',(#1426));
#538=EDGE_LOOP('',(#1427));
#539=EDGE_LOOP('',(#1428,#1429,#1430,#1431));
#540=EDGE_LOOP('',(#1432,#1433,#1434,#1435));
#541=EDGE_LOOP('',(#1436,#1437,#1438,#1439));
#542=EDGE_LOOP('',(#1440));
#543=EDGE_LOOP('',(#1441));
#544=EDGE_LOOP('',(#1442,#1443,#1444,#1445));
#545=EDGE_LOOP('',(#1446,#1447,#1448,#1449));
#546=EDGE_LOOP('',(#1450,#1451,#1452,#1453));
#547=EDGE_LOOP('',(#1454));
#548=EDGE_LOOP('',(#1455));
#549=EDGE_LOOP('',(#1456,#1457,#1458,#1459));
#550=EDGE_LOOP('',(#1460,#1461,#1462,#1463));
#551=EDGE_LOOP('',(#1464,#1465,#1466,#1467));
#552=EDGE_LOOP('',(#1468));
#553=EDGE_LOOP('',(#1469));
#554=EDGE_LOOP('',(#1470,#1471,#1472,#1473));
#555=EDGE_LOOP('',(#1474,#1475,#1476,#1477));
#556=EDGE_LOOP('',(#1478,#1479,#1480,#1481));
#557=EDGE_LOOP('',(#1482));
#558=EDGE_LOOP('',(#1483));
#559=EDGE_LOOP('',(#1484,#1485,#1486,#1487));
#560=EDGE_LOOP('',(#1488,#1489,#1490,#1491));
#561=EDGE_LOOP('',(#1492,#1493,#1494,#1495));
#562=EDGE_LOOP('',(#1496));
#563=EDGE_LOOP('',(#1497));
#564=EDGE_LOOP('',(#1498,#1499,#1500,#1501));
#565=EDGE_LOOP('',(#1502,#1503,#1504,#1505));
#566=EDGE_LOOP('',(#1506,#1507,#1508,#1509));
#567=EDGE_LOOP('',(#1510,#1511,#1512,#1513));
#568=EDGE_LOOP('',(#1514));
#569=EDGE_LOOP('',(#1515));
#570=EDGE_LOOP('',(#1516));
#571=EDGE_LOOP('',(#1517));
#572=EDGE_LOOP('',(#1518));
#573=EDGE_LOOP('',(#1519));
#574=EDGE_LOOP('',(#1520));
#575=EDGE_LOOP('',(#1521));
#576=EDGE_LOOP('',(#1522));
#577=EDGE_LOOP('',(#1523));
#578=EDGE_LOOP('',(#1524));
#579=EDGE_LOOP('',(#1525));
#580=EDGE_LOOP('',(#1526));
#581=EDGE_LOOP('',(#1527));
#582=EDGE_LOOP('',(#1528));
#583=EDGE_LOOP('',(#1529));
#584=EDGE_LOOP('',(#1530,#1531,#1532,#1533,#1534));
#585=EDGE_LOOP('',(#1535));
#586=EDGE_LOOP('',(#1536));
#587=EDGE_LOOP('',(#1537));
#588=EDGE_LOOP('',(#1538));
#589=EDGE_LOOP('',(#1539));
#590=EDGE_LOOP('',(#1540));
#591=EDGE_LOOP('',(#1541));
#592=EDGE_LOOP('',(#1542));
#593=EDGE_LOOP('',(#1543));
#594=EDGE_LOOP('',(#1544));
#595=EDGE_LOOP('',(#1545));
#596=EDGE_LOOP('',(#1546,#1547,#1548,#1549));
#597=CIRCLE('',#1655,8.5);
#598=CIRCLE('',#1656,0.5);
#599=CIRCLE('',#1657,9.);
#600=CIRCLE('',#1658,9.);
#601=CIRCLE('',#1660,9.);
#602=CIRCLE('',#1662,5.);
#603=CIRCLE('',#1664,16.85);
#604=CIRCLE('',#1665,0.5);
#605=CIRCLE('',#1666,16.35);
#606=CIRCLE('',#1668,16.35);
#607=CIRCLE('',#1669,16.35);
#608=CIRCLE('',#1670,16.35);
#609=CIRCLE('',#1672,22.5);
#610=CIRCLE('',#1673,1.25);
#611=CIRCLE('',#1674,1.25);
#612=CIRCLE('',#1675,1.25);
#613=CIRCLE('',#1676,1.25);
#614=CIRCLE('',#1678,17.5);
#615=CIRCLE('',#1679,17.5);
#616=CIRCLE('',#1681,1.25);
#617=CIRCLE('',#1683,1.25);
#618=CIRCLE('',#1685,1.25);
#619=CIRCLE('',#1687,1.25);
#620=CIRCLE('',#1689,22.5);
#621=CIRCLE('',#1691,17.5);
#622=CIRCLE('',#1692,17.5);
#623=CIRCLE('',#1694,17.5);
#624=CIRCLE('',#1695,17.5);
#625=CIRCLE('',#1696,17.5);
#626=CIRCLE('',#1697,17.5);
#627=CIRCLE('',#1698,17.5);
#628=CIRCLE('',#1699,17.5);
#629=CIRCLE('',#1700,17.5);
#630=CIRCLE('',#1701,17.5);
#631=CIRCLE('',#1702,17.5);
#632=CIRCLE('',#1703,17.5);
#633=CIRCLE('',#1705,1.8);
#634=CIRCLE('',#1706,1.8);
#635=CIRCLE('',#1708,1.25);
#636=CIRCLE('',#1710,1.8);
#637=CIRCLE('',#1711,1.8);
#638=CIRCLE('',#1713,1.25);
#639=CIRCLE('',#1718,1.65);
#640=CIRCLE('',#1719,1.65);
#641=CIRCLE('',#1721,1.65);
#642=CIRCLE('',#1724,1.65);
#643=CIRCLE('',#1725,1.65);
#644=CIRCLE('',#1727,1.65);
#645=CIRCLE('',#1730,1.65);
#646=CIRCLE('',#1731,1.65);
#647=CIRCLE('',#1733,1.65);
#648=CIRCLE('',#1736,1.65);
#649=CIRCLE('',#1737,1.65);
#650=CIRCLE('',#1739,1.65);
#651=CIRCLE('',#1742,1.65);
#652=CIRCLE('',#1743,1.65);
#653=CIRCLE('',#1745,1.65);
#654=CIRCLE('',#1748,1.65);
#655=CIRCLE('',#1749,1.65);
#656=CIRCLE('',#1751,1.65);
#657=CIRCLE('',#1754,1.65);
#658=CIRCLE('',#1755,1.65);
#659=CIRCLE('',#1757,1.65);
#660=CIRCLE('',#1760,1.65);
#661=CIRCLE('',#1761,1.65);
#662=CIRCLE('',#1763,1.65);
#663=CIRCLE('',#1766,2.);
#664=CIRCLE('',#1767,2.);
#665=CIRCLE('',#1770,2.);
#666=CIRCLE('',#1772,2.);
#667=CIRCLE('',#1774,2.);
#668=CIRCLE('',#1776,2.);
#669=CIRCLE('',#1778,2.);
#670=CIRCLE('',#1779,2.);
#671=CIRCLE('',#1782,20.);
#672=CIRCLE('',#1783,1.25);
#673=CIRCLE('',#1784,1.25);
#674=CIRCLE('',#1785,1.25);
#675=CIRCLE('',#1786,1.25);
#676=CIRCLE('',#1788,1.25);
#677=CIRCLE('',#1790,1.25);
#678=CIRCLE('',#1792,1.25);
#679=CIRCLE('',#1794,1.25);
#680=CIRCLE('',#1796,20.);
#681=CIRCLE('',#1798,1.825);
#682=CIRCLE('',#1799,1.825);
#683=CIRCLE('',#1801,1.);
#684=CIRCLE('',#1803,1.);
#685=CIRCLE('',#1805,1.825);
#686=CIRCLE('',#1806,1.825);
#687=CIRCLE('',#1808,1.);
#688=CIRCLE('',#1810,1.);
#689=CIRCLE('',#1812,1.825);
#690=CIRCLE('',#1813,1.825);
#691=CIRCLE('',#1815,1.);
#692=CIRCLE('',#1817,1.);
#693=CIRCLE('',#1819,1.825);
#694=CIRCLE('',#1820,1.825);
#695=CIRCLE('',#1822,1.);
#696=CIRCLE('',#1824,1.);
#697=CIRCLE('',#1826,1.825);
#698=CIRCLE('',#1827,1.825);
#699=CIRCLE('',#1829,1.);
#700=CIRCLE('',#1831,1.);
#701=CIRCLE('',#1833,1.825);
#702=CIRCLE('',#1834,1.825);
#703=CIRCLE('',#1836,1.);
#704=CIRCLE('',#1838,1.);
#705=CIRCLE('',#1840,1.825);
#706=CIRCLE('',#1841,1.825);
#707=CIRCLE('',#1843,1.);
#708=CIRCLE('',#1845,1.);
#709=CIRCLE('',#1847,1.825);
#710=CIRCLE('',#1848,1.825);
#711=CIRCLE('',#1850,1.);
#712=CIRCLE('',#1852,1.);
#713=CIRCLE('',#1854,1.25);
#714=CIRCLE('',#1856,5.);
#715=CIRCLE('',#1859,1.25);
#716=VERTEX_POINT('',#2355);
#717=VERTEX_POINT('',#2357);
#718=VERTEX_POINT('',#2359);
#719=VERTEX_POINT('',#2363);
#720=VERTEX_POINT('',#2367);
#721=VERTEX_POINT('',#2370);
#722=VERTEX_POINT('',#2372);
#723=VERTEX_POINT('',#2376);
#724=VERTEX_POINT('',#2378);
#725=VERTEX_POINT('',#2380);
#726=VERTEX_POINT('',#2382);
#727=VERTEX_POINT('',#2384);
#728=VERTEX_POINT('',#2388);
#729=VERTEX_POINT('',#2390);
#730=VERTEX_POINT('',#2392);
#731=VERTEX_POINT('',#2394);
#732=VERTEX_POINT('',#2396);
#733=VERTEX_POINT('',#2399);
#734=VERTEX_POINT('',#2400);
#735=VERTEX_POINT('',#2402);
#736=VERTEX_POINT('',#2404);
#737=VERTEX_POINT('',#2408);
#738=VERTEX_POINT('',#2412);
#739=VERTEX_POINT('',#2416);
#740=VERTEX_POINT('',#2420);
#741=VERTEX_POINT('',#2424);
#742=VERTEX_POINT('',#2428);
#743=VERTEX_POINT('',#2432);
#744=VERTEX_POINT('',#2433);
#745=VERTEX_POINT('',#2435);
#746=VERTEX_POINT('',#2437);
#747=VERTEX_POINT('',#2439);
#748=VERTEX_POINT('',#2441);
#749=VERTEX_POINT('',#2443);
#750=VERTEX_POINT('',#2446);
#751=VERTEX_POINT('',#2448);
#752=VERTEX_POINT('',#2451);
#753=VERTEX_POINT('',#2453);
#754=VERTEX_POINT('',#2455);
#755=VERTEX_POINT('',#2457);
#756=VERTEX_POINT('',#2459);
#757=VERTEX_POINT('',#2461);
#758=VERTEX_POINT('',#2463);
#759=VERTEX_POINT('',#2465);
#760=VERTEX_POINT('',#2467);
#761=VERTEX_POINT('',#2469);
#762=VERTEX_POINT('',#2472);
#763=VERTEX_POINT('',#2473);
#764=VERTEX_POINT('',#2510);
#765=VERTEX_POINT('',#2511);
#766=VERTEX_POINT('',#2548);
#767=VERTEX_POINT('',#2549);
#768=VERTEX_POINT('',#2586);
#769=VERTEX_POINT('',#2587);
#770=VERTEX_POINT('',#2624);
#771=VERTEX_POINT('',#2625);
#772=VERTEX_POINT('',#2662);
#773=VERTEX_POINT('',#2663);
#774=VERTEX_POINT('',#2700);
#775=VERTEX_POINT('',#2701);
#776=VERTEX_POINT('',#2738);
#777=VERTEX_POINT('',#2739);
#778=VERTEX_POINT('',#2777);
#779=VERTEX_POINT('',#2779);
#780=VERTEX_POINT('',#2783);
#781=VERTEX_POINT('',#2786);
#782=VERTEX_POINT('',#2788);
#783=VERTEX_POINT('',#2792);
#784=VERTEX_POINT('',#2802);
#785=VERTEX_POINT('',#2803);
#786=VERTEX_POINT('',#2805);
#787=VERTEX_POINT('',#2809);
#788=VERTEX_POINT('',#2824);
#789=VERTEX_POINT('',#2844);
#790=VERTEX_POINT('',#2845);
#791=VERTEX_POINT('',#2847);
#792=VERTEX_POINT('',#2851);
#793=VERTEX_POINT('',#2866);
#794=VERTEX_POINT('',#2886);
#795=VERTEX_POINT('',#2887);
#796=VERTEX_POINT('',#2889);
#797=VERTEX_POINT('',#2893);
#798=VERTEX_POINT('',#2908);
#799=VERTEX_POINT('',#2928);
#800=VERTEX_POINT('',#2929);
#801=VERTEX_POINT('',#2931);
#802=VERTEX_POINT('',#2935);
#803=VERTEX_POINT('',#2950);
#804=VERTEX_POINT('',#2970);
#805=VERTEX_POINT('',#2971);
#806=VERTEX_POINT('',#2973);
#807=VERTEX_POINT('',#2977);
#808=VERTEX_POINT('',#2992);
#809=VERTEX_POINT('',#3012);
#810=VERTEX_POINT('',#3013);
#811=VERTEX_POINT('',#3015);
#812=VERTEX_POINT('',#3019);
#813=VERTEX_POINT('',#3034);
#814=VERTEX_POINT('',#3054);
#815=VERTEX_POINT('',#3055);
#816=VERTEX_POINT('',#3057);
#817=VERTEX_POINT('',#3061);
#818=VERTEX_POINT('',#3076);
#819=VERTEX_POINT('',#3096);
#820=VERTEX_POINT('',#3097);
#821=VERTEX_POINT('',#3099);
#822=VERTEX_POINT('',#3103);
#823=VERTEX_POINT('',#3118);
#824=VERTEX_POINT('',#3154);
#825=VERTEX_POINT('',#3156);
#826=VERTEX_POINT('',#3158);
#827=VERTEX_POINT('',#3160);
#828=VERTEX_POINT('',#3162);
#829=VERTEX_POINT('',#3165);
#830=VERTEX_POINT('',#3169);
#831=VERTEX_POINT('',#3173);
#832=VERTEX_POINT('',#3177);
#833=VERTEX_POINT('',#3181);
#834=VERTEX_POINT('',#3185);
#835=VERTEX_POINT('',#3187);
#836=VERTEX_POINT('',#3191);
#837=VERTEX_POINT('',#3194);
#838=VERTEX_POINT('',#3198);
#839=VERTEX_POINT('',#3200);
#840=VERTEX_POINT('',#3204);
#841=VERTEX_POINT('',#3207);
#842=VERTEX_POINT('',#3211);
#843=VERTEX_POINT('',#3213);
#844=VERTEX_POINT('',#3217);
#845=VERTEX_POINT('',#3220);
#846=VERTEX_POINT('',#3224);
#847=VERTEX_POINT('',#3226);
#848=VERTEX_POINT('',#3230);
#849=VERTEX_POINT('',#3233);
#850=VERTEX_POINT('',#3237);
#851=VERTEX_POINT('',#3239);
#852=VERTEX_POINT('',#3243);
#853=VERTEX_POINT('',#3246);
#854=VERTEX_POINT('',#3250);
#855=VERTEX_POINT('',#3252);
#856=VERTEX_POINT('',#3256);
#857=VERTEX_POINT('',#3259);
#858=VERTEX_POINT('',#3263);
#859=VERTEX_POINT('',#3265);
#860=VERTEX_POINT('',#3269);
#861=VERTEX_POINT('',#3272);
#862=VERTEX_POINT('',#3276);
#863=VERTEX_POINT('',#3278);
#864=VERTEX_POINT('',#3282);
#865=VERTEX_POINT('',#3285);
#866=VERTEX_POINT('',#3289);
#867=VERTEX_POINT('',#3293);
#868=VERTEX_POINT('',#3298);
#869=EDGE_CURVE('',#716,#716,#597,.T.);
#870=EDGE_CURVE('',#716,#717,#598,.T.);
#871=EDGE_CURVE('',#717,#718,#599,.T.);
#872=EDGE_CURVE('',#718,#717,#600,.T.);
#873=EDGE_CURVE('',#719,#719,#601,.T.);
#874=EDGE_CURVE('',#719,#718,#154,.T.);
#875=EDGE_CURVE('',#720,#720,#602,.T.);
#876=EDGE_CURVE('',#721,#721,#603,.T.);
#877=EDGE_CURVE('',#721,#722,#604,.T.);
#878=EDGE_CURVE('',#722,#722,#605,.T.);
#879=EDGE_CURVE('',#722,#723,#155,.T.);
#880=EDGE_CURVE('',#724,#723,#606,.T.);
#881=EDGE_CURVE('',#724,#725,#156,.T.);
#882=EDGE_CURVE('',#725,#726,#607,.T.);
#883=EDGE_CURVE('',#726,#727,#157,.T.);
#884=EDGE_CURVE('',#723,#727,#608,.T.);
#885=EDGE_CURVE('',#728,#728,#609,.T.);
#886=EDGE_CURVE('',#729,#729,#610,.T.);
#887=EDGE_CURVE('',#730,#730,#611,.T.);
#888=EDGE_CURVE('',#731,#731,#612,.T.);
#889=EDGE_CURVE('',#732,#732,#613,.T.);
#890=EDGE_CURVE('',#733,#734,#158,.T.);
#891=EDGE_CURVE('',#734,#735,#614,.T.);
#892=EDGE_CURVE('',#735,#736,#159,.T.);
#893=EDGE_CURVE('',#733,#736,#615,.T.);
#894=EDGE_CURVE('',#737,#737,#616,.T.);
#895=EDGE_CURVE('',#737,#732,#160,.T.);
#896=EDGE_CURVE('',#738,#738,#617,.T.);
#897=EDGE_CURVE('',#738,#731,#161,.T.);
#898=EDGE_CURVE('',#739,#739,#618,.T.);
#899=EDGE_CURVE('',#739,#730,#162,.T.);
#900=EDGE_CURVE('',#740,#740,#619,.T.);
#901=EDGE_CURVE('',#740,#729,#163,.T.);
#902=EDGE_CURVE('',#741,#741,#620,.T.);
#903=EDGE_CURVE('',#741,#728,#164,.T.);
#904=EDGE_CURVE('',#733,#742,#621,.T.);
#905=EDGE_CURVE('',#742,#736,#622,.T.);
#906=EDGE_CURVE('',#743,#744,#165,.T.);
#907=EDGE_CURVE('',#744,#745,#623,.T.);
#908=EDGE_CURVE('',#745,#746,#166,.T.);
#909=EDGE_CURVE('',#746,#747,#624,.T.);
#910=EDGE_CURVE('',#747,#748,#167,.T.);
#911=EDGE_CURVE('',#748,#749,#625,.T.);
#912=EDGE_CURVE('',#749,#742,#168,.T.);
#913=EDGE_CURVE('',#736,#750,#169,.T.);
#914=EDGE_CURVE('',#750,#751,#626,.T.);
#915=EDGE_CURVE('',#751,#733,#170,.T.);
#916=EDGE_CURVE('',#749,#752,#627,.T.);
#917=EDGE_CURVE('',#752,#753,#171,.T.);
#918=EDGE_CURVE('',#753,#754,#628,.T.);
#919=EDGE_CURVE('',#754,#755,#172,.T.);
#920=EDGE_CURVE('',#755,#756,#629,.T.);
#921=EDGE_CURVE('',#756,#757,#173,.T.);
#922=EDGE_CURVE('',#757,#758,#630,.T.);
#923=EDGE_CURVE('',#758,#759,#174,.T.);
#924=EDGE_CURVE('',#759,#760,#631,.T.);
#925=EDGE_CURVE('',#760,#761,#175,.T.);
#926=EDGE_CURVE('',#761,#743,#632,.T.);
#927=EDGE_CURVE('',#762,#763,#15,.T.);
#928=EDGE_CURVE('',#763,#762,#16,.T.);
#929=EDGE_CURVE('',#764,#765,#17,.T.);
#930=EDGE_CURVE('',#765,#764,#18,.T.);
#931=EDGE_CURVE('',#766,#767,#19,.T.);
#932=EDGE_CURVE('',#767,#766,#20,.T.);
#933=EDGE_CURVE('',#768,#769,#21,.T.);
#934=EDGE_CURVE('',#769,#768,#22,.T.);
#935=EDGE_CURVE('',#770,#771,#23,.T.);
#936=EDGE_CURVE('',#771,#770,#24,.T.);
#937=EDGE_CURVE('',#772,#773,#25,.T.);
#938=EDGE_CURVE('',#773,#772,#26,.T.);
#939=EDGE_CURVE('',#774,#775,#27,.T.);
#940=EDGE_CURVE('',#775,#774,#28,.T.);
#941=EDGE_CURVE('',#776,#777,#29,.T.);
#942=EDGE_CURVE('',#777,#776,#30,.T.);
#943=EDGE_CURVE('',#778,#778,#633,.T.);
#944=EDGE_CURVE('',#778,#779,#176,.T.);
#945=EDGE_CURVE('',#779,#779,#634,.T.);
#946=EDGE_CURVE('',#780,#780,#635,.T.);
#947=EDGE_CURVE('',#781,#781,#636,.T.);
#948=EDGE_CURVE('',#781,#782,#177,.T.);
#949=EDGE_CURVE('',#782,#782,#637,.T.);
#950=EDGE_CURVE('',#783,#783,#638,.T.);
#951=EDGE_CURVE('',#751,#727,#178,.T.);
#952=EDGE_CURVE('',#726,#734,#179,.T.);
#953=EDGE_CURVE('',#724,#750,#180,.T.);
#954=EDGE_CURVE('',#735,#725,#181,.T.);
#955=EDGE_CURVE('',#784,#785,#182,.T.);
#956=EDGE_CURVE('',#784,#786,#639,.T.);
#957=EDGE_CURVE('',#786,#785,#640,.T.);
#958=EDGE_CURVE('',#787,#784,#31,.T.);
#959=EDGE_CURVE('',#788,#787,#641,.T.);
#960=EDGE_CURVE('',#785,#788,#32,.T.);
#961=EDGE_CURVE('',#786,#777,#183,.T.);
#962=EDGE_CURVE('',#788,#787,#184,.T.);
#963=EDGE_CURVE('',#789,#790,#185,.T.);
#964=EDGE_CURVE('',#789,#791,#642,.T.);
#965=EDGE_CURVE('',#791,#790,#643,.T.);
#966=EDGE_CURVE('',#792,#789,#33,.T.);
#967=EDGE_CURVE('',#793,#792,#644,.T.);
#968=EDGE_CURVE('',#790,#793,#34,.T.);
#969=EDGE_CURVE('',#791,#775,#186,.T.);
#970=EDGE_CURVE('',#793,#792,#187,.T.);
#971=EDGE_CURVE('',#794,#795,#188,.T.);
#972=EDGE_CURVE('',#794,#796,#645,.T.);
#973=EDGE_CURVE('',#796,#795,#646,.T.);
#974=EDGE_CURVE('',#797,#794,#35,.T.);
#975=EDGE_CURVE('',#798,#797,#647,.T.);
#976=EDGE_CURVE('',#795,#798,#36,.T.);
#977=EDGE_CURVE('',#796,#773,#189,.T.);
#978=EDGE_CURVE('',#798,#797,#190,.T.);
#979=EDGE_CURVE('',#799,#800,#191,.T.);
#980=EDGE_CURVE('',#799,#801,#648,.T.);
#981=EDGE_CURVE('',#801,#800,#649,.T.);
#982=EDGE_CURVE('',#802,#799,#37,.T.);
#983=EDGE_CURVE('',#803,#802,#650,.T.);
#984=EDGE_CURVE('',#800,#803,#38,.T.);
#985=EDGE_CURVE('',#801,#771,#192,.T.);
#986=EDGE_CURVE('',#803,#802,#193,.T.);
#987=EDGE_CURVE('',#804,#805,#194,.T.);
#988=EDGE_CURVE('',#804,#806,#651,.T.);
#989=EDGE_CURVE('',#806,#805,#652,.T.);
#990=EDGE_CURVE('',#807,#804,#39,.T.);
#991=EDGE_CURVE('',#808,#807,#653,.T.);
#992=EDGE_CURVE('',#805,#808,#40,.T.);
#993=EDGE_CURVE('',#806,#769,#195,.T.);
#994=EDGE_CURVE('',#808,#807,#196,.T.);
#995=EDGE_CURVE('',#809,#810,#197,.T.);
#996=EDGE_CURVE('',#809,#811,#654,.T.);
#997=EDGE_CURVE('',#811,#810,#655,.T.);
#998=EDGE_CURVE('',#812,#809,#41,.T.);
#999=EDGE_CURVE('',#813,#812,#656,.T.);
#1000=EDGE_CURVE('',#810,#813,#42,.T.);
#1001=EDGE_CURVE('',#811,#767,#198,.T.);
#1002=EDGE_CURVE('',#813,#812,#199,.T.);
#1003=EDGE_CURVE('',#814,#815,#200,.T.);
#1004=EDGE_CURVE('',#814,#816,#657,.T.);
#1005=EDGE_CURVE('',#816,#815,#658,.T.);
#1006=EDGE_CURVE('',#817,#814,#43,.T.);
#1007=EDGE_CURVE('',#818,#817,#659,.T.);
#1008=EDGE_CURVE('',#815,#818,#44,.T.);
#1009=EDGE_CURVE('',#816,#765,#201,.T.);
#1010=EDGE_CURVE('',#818,#817,#202,.T.);
#1011=EDGE_CURVE('',#819,#820,#203,.T.);
#1012=EDGE_CURVE('',#819,#821,#660,.T.);
#1013=EDGE_CURVE('',#821,#820,#661,.T.);
#1014=EDGE_CURVE('',#822,#819,#45,.T.);
#1015=EDGE_CURVE('',#823,#822,#662,.T.);
#1016=EDGE_CURVE('',#820,#823,#46,.T.);
#1017=EDGE_CURVE('',#821,#763,#204,.T.);
#1018=EDGE_CURVE('',#823,#822,#205,.T.);
#1019=EDGE_CURVE('',#743,#761,#663,.T.);
#1020=EDGE_CURVE('',#760,#744,#664,.T.);
#1021=EDGE_CURVE('',#754,#753,#665,.T.);
#1022=EDGE_CURVE('',#752,#755,#666,.T.);
#1023=EDGE_CURVE('',#747,#746,#667,.T.);
#1024=EDGE_CURVE('',#745,#748,#668,.T.);
#1025=EDGE_CURVE('',#758,#757,#669,.T.);
#1026=EDGE_CURVE('',#756,#759,#670,.T.);
#1027=EDGE_CURVE('',#824,#824,#671,.T.);
#1028=EDGE_CURVE('',#825,#825,#672,.T.);
#1029=EDGE_CURVE('',#826,#826,#673,.T.);
#1030=EDGE_CURVE('',#827,#827,#674,.T.);
#1031=EDGE_CURVE('',#828,#828,#675,.T.);
#1032=EDGE_CURVE('',#829,#829,#676,.T.);
#1033=EDGE_CURVE('',#829,#828,#206,.T.);
#1034=EDGE_CURVE('',#830,#830,#677,.T.);
#1035=EDGE_CURVE('',#830,#825,#207,.T.);
#1036=EDGE_CURVE('',#831,#831,#678,.T.);
#1037=EDGE_CURVE('',#831,#826,#208,.T.);
#1038=EDGE_CURVE('',#832,#832,#679,.T.);
#1039=EDGE_CURVE('',#832,#827,#209,.T.);
#1040=EDGE_CURVE('',#833,#833,#680,.T.);
#1041=EDGE_CURVE('',#833,#824,#210,.T.);
#1042=EDGE_CURVE('',#834,#834,#681,.T.);
#1043=EDGE_CURVE('',#834,#835,#211,.T.);
#1044=EDGE_CURVE('',#835,#835,#682,.T.);
#1045=EDGE_CURVE('',#836,#836,#683,.T.);
#1046=EDGE_CURVE('',#836,#837,#212,.T.);
#1047=EDGE_CURVE('',#837,#837,#684,.T.);
#1048=EDGE_CURVE('',#838,#838,#685,.T.);
#1049=EDGE_CURVE('',#838,#839,#213,.T.);
#1050=EDGE_CURVE('',#839,#839,#686,.T.);
#1051=EDGE_CURVE('',#840,#840,#687,.T.);
#1052=EDGE_CURVE('',#840,#841,#214,.T.);
#1053=EDGE_CURVE('',#841,#841,#688,.T.);
#1054=EDGE_CURVE('',#842,#842,#689,.T.);
#1055=EDGE_CURVE('',#842,#843,#215,.T.);
#1056=EDGE_CURVE('',#843,#843,#690,.T.);
#1057=EDGE_CURVE('',#844,#844,#691,.T.);
#1058=EDGE_CURVE('',#844,#845,#216,.T.);
#1059=EDGE_CURVE('',#845,#845,#692,.T.);
#1060=EDGE_CURVE('',#846,#846,#693,.T.);
#1061=EDGE_CURVE('',#846,#847,#217,.T.);
#1062=EDGE_CURVE('',#847,#847,#694,.T.);
#1063=EDGE_CURVE('',#848,#848,#695,.T.);
#1064=EDGE_CURVE('',#848,#849,#218,.T.);
#1065=EDGE_CURVE('',#849,#849,#696,.T.);
#1066=EDGE_CURVE('',#850,#850,#697,.T.);
#1067=EDGE_CURVE('',#850,#851,#219,.T.);
#1068=EDGE_CURVE('',#851,#851,#698,.T.);
#1069=EDGE_CURVE('',#852,#852,#699,.T.);
#1070=EDGE_CURVE('',#852,#853,#220,.T.);
#1071=EDGE_CURVE('',#853,#853,#700,.T.);
#1072=EDGE_CURVE('',#854,#854,#701,.T.);
#1073=EDGE_CURVE('',#854,#855,#221,.T.);
#1074=EDGE_CURVE('',#855,#855,#702,.T.);
#1075=EDGE_CURVE('',#856,#856,#703,.T.);
#1076=EDGE_CURVE('',#856,#857,#222,.T.);
#1077=EDGE_CURVE('',#857,#857,#704,.T.);
#1078=EDGE_CURVE('',#858,#858,#705,.T.);
#1079=EDGE_CURVE('',#858,#859,#223,.T.);
#1080=EDGE_CURVE('',#859,#859,#706,.T.);
#1081=EDGE_CURVE('',#860,#860,#707,.T.);
#1082=EDGE_CURVE('',#860,#861,#224,.T.);
#1083=EDGE_CURVE('',#861,#861,#708,.T.);
#1084=EDGE_CURVE('',#862,#862,#709,.T.);
#1085=EDGE_CURVE('',#862,#863,#225,.T.);
#1086=EDGE_CURVE('',#863,#863,#710,.T.);
#1087=EDGE_CURVE('',#864,#864,#711,.T.);
#1088=EDGE_CURVE('',#864,#865,#226,.T.);
#1089=EDGE_CURVE('',#865,#865,#712,.T.);
#1090=EDGE_CURVE('',#783,#866,#227,.T.);
#1091=EDGE_CURVE('',#866,#866,#713,.T.);
#1092=EDGE_CURVE('',#867,#867,#714,.T.);
#1093=EDGE_CURVE('',#867,#720,#228,.T.);
#1094=EDGE_CURVE('',#868,#868,#715,.T.);
#1095=EDGE_CURVE('',#780,#868,#229,.T.);
#1096=ORIENTED_EDGE('',*,*,#869,.T.);
#1097=ORIENTED_EDGE('',*,*,#870,.T.);
#1098=ORIENTED_EDGE('',*,*,#871,.T.);
#1099=ORIENTED_EDGE('',*,*,#872,.T.);
#1100=ORIENTED_EDGE('',*,*,#870,.F.);
#1101=ORIENTED_EDGE('',*,*,#873,.F.);
#1102=ORIENTED_EDGE('',*,*,#874,.T.);
#1103=ORIENTED_EDGE('',*,*,#871,.F.);
#1104=ORIENTED_EDGE('',*,*,#872,.F.);
#1105=ORIENTED_EDGE('',*,*,#874,.F.);
#1106=ORIENTED_EDGE('',*,*,#869,.F.);
#1107=ORIENTED_EDGE('',*,*,#875,.T.);
#1108=ORIENTED_EDGE('',*,*,#876,.T.);
#1109=ORIENTED_EDGE('',*,*,#877,.T.);
#1110=ORIENTED_EDGE('',*,*,#878,.T.);
#1111=ORIENTED_EDGE('',*,*,#877,.F.);
#1112=ORIENTED_EDGE('',*,*,#878,.F.);
#1113=ORIENTED_EDGE('',*,*,#879,.T.);
#1114=ORIENTED_EDGE('',*,*,#880,.F.);
#1115=ORIENTED_EDGE('',*,*,#881,.T.);
#1116=ORIENTED_EDGE('',*,*,#882,.T.);
#1117=ORIENTED_EDGE('',*,*,#883,.T.);
#1118=ORIENTED_EDGE('',*,*,#884,.F.);
#1119=ORIENTED_EDGE('',*,*,#879,.F.);
#1120=ORIENTED_EDGE('',*,*,#885,.F.);
#1121=ORIENTED_EDGE('',*,*,#886,.F.);
#1122=ORIENTED_EDGE('',*,*,#887,.F.);
#1123=ORIENTED_EDGE('',*,*,#888,.F.);
#1124=ORIENTED_EDGE('',*,*,#889,.F.);
#1125=ORIENTED_EDGE('',*,*,#876,.F.);
#1126=ORIENTED_EDGE('',*,*,#890,.T.);
#1127=ORIENTED_EDGE('',*,*,#891,.T.);
#1128=ORIENTED_EDGE('',*,*,#892,.T.);
#1129=ORIENTED_EDGE('',*,*,#893,.F.);
#1130=ORIENTED_EDGE('',*,*,#894,.F.);
#1131=ORIENTED_EDGE('',*,*,#895,.T.);
#1132=ORIENTED_EDGE('',*,*,#889,.T.);
#1133=ORIENTED_EDGE('',*,*,#895,.F.);
#1134=ORIENTED_EDGE('',*,*,#896,.F.);
#1135=ORIENTED_EDGE('',*,*,#897,.T.);
#1136=ORIENTED_EDGE('',*,*,#888,.T.);
#1137=ORIENTED_EDGE('',*,*,#897,.F.);
#1138=ORIENTED_EDGE('',*,*,#898,.F.);
#1139=ORIENTED_EDGE('',*,*,#899,.T.);
#1140=ORIENTED_EDGE('',*,*,#887,.T.);
#1141=ORIENTED_EDGE('',*,*,#899,.F.);
#1142=ORIENTED_EDGE('',*,*,#900,.F.);
#1143=ORIENTED_EDGE('',*,*,#901,.T.);
#1144=ORIENTED_EDGE('',*,*,#886,.T.);
#1145=ORIENTED_EDGE('',*,*,#901,.F.);
#1146=ORIENTED_EDGE('',*,*,#902,.F.);
#1147=ORIENTED_EDGE('',*,*,#903,.T.);
#1148=ORIENTED_EDGE('',*,*,#885,.T.);
#1149=ORIENTED_EDGE('',*,*,#903,.F.);
#1150=ORIENTED_EDGE('',*,*,#902,.T.);
#1151=ORIENTED_EDGE('',*,*,#900,.T.);
#1152=ORIENTED_EDGE('',*,*,#904,.F.);
#1153=ORIENTED_EDGE('',*,*,#893,.T.);
#1154=ORIENTED_EDGE('',*,*,#905,.F.);
#1155=ORIENTED_EDGE('',*,*,#898,.T.);
#1156=ORIENTED_EDGE('',*,*,#896,.T.);
#1157=ORIENTED_EDGE('',*,*,#894,.T.);
#1158=ORIENTED_EDGE('',*,*,#906,.T.);
#1159=ORIENTED_EDGE('',*,*,#907,.T.);
#1160=ORIENTED_EDGE('',*,*,#908,.T.);
#1161=ORIENTED_EDGE('',*,*,#909,.T.);
#1162=ORIENTED_EDGE('',*,*,#910,.T.);
#1163=ORIENTED_EDGE('',*,*,#911,.T.);
#1164=ORIENTED_EDGE('',*,*,#912,.T.);
#1165=ORIENTED_EDGE('',*,*,#905,.T.);
#1166=ORIENTED_EDGE('',*,*,#913,.T.);
#1167=ORIENTED_EDGE('',*,*,#914,.T.);
#1168=ORIENTED_EDGE('',*,*,#915,.T.);
#1169=ORIENTED_EDGE('',*,*,#904,.T.);
#1170=ORIENTED_EDGE('',*,*,#912,.F.);
#1171=ORIENTED_EDGE('',*,*,#916,.T.);
#1172=ORIENTED_EDGE('',*,*,#917,.T.);
#1173=ORIENTED_EDGE('',*,*,#918,.T.);
#1174=ORIENTED_EDGE('',*,*,#919,.T.);
#1175=ORIENTED_EDGE('',*,*,#920,.T.);
#1176=ORIENTED_EDGE('',*,*,#921,.T.);
#1177=ORIENTED_EDGE('',*,*,#922,.T.);
#1178=ORIENTED_EDGE('',*,*,#923,.T.);
#1179=ORIENTED_EDGE('',*,*,#924,.T.);
#1180=ORIENTED_EDGE('',*,*,#925,.T.);
#1181=ORIENTED_EDGE('',*,*,#926,.T.);
#1182=ORIENTED_EDGE('',*,*,#927,.T.);
#1183=ORIENTED_EDGE('',*,*,#928,.T.);
#1184=ORIENTED_EDGE('',*,*,#929,.T.);
#1185=ORIENTED_EDGE('',*,*,#930,.T.);
#1186=ORIENTED_EDGE('',*,*,#931,.T.);
#1187=ORIENTED_EDGE('',*,*,#932,.T.);
#1188=ORIENTED_EDGE('',*,*,#933,.T.);
#1189=ORIENTED_EDGE('',*,*,#934,.T.);
#1190=ORIENTED_EDGE('',*,*,#935,.T.);
#1191=ORIENTED_EDGE('',*,*,#936,.T.);
#1192=ORIENTED_EDGE('',*,*,#937,.T.);
#1193=ORIENTED_EDGE('',*,*,#938,.T.);
#1194=ORIENTED_EDGE('',*,*,#939,.T.);
#1195=ORIENTED_EDGE('',*,*,#940,.T.);
#1196=ORIENTED_EDGE('',*,*,#941,.T.);
#1197=ORIENTED_EDGE('',*,*,#942,.T.);
#1198=ORIENTED_EDGE('',*,*,#943,.T.);
#1199=ORIENTED_EDGE('',*,*,#944,.T.);
#1200=ORIENTED_EDGE('',*,*,#945,.F.);
#1201=ORIENTED_EDGE('',*,*,#944,.F.);
#1202=ORIENTED_EDGE('',*,*,#943,.F.);
#1203=ORIENTED_EDGE('',*,*,#946,.F.);
#1204=ORIENTED_EDGE('',*,*,#947,.T.);
#1205=ORIENTED_EDGE('',*,*,#948,.T.);
#1206=ORIENTED_EDGE('',*,*,#949,.F.);
#1207=ORIENTED_EDGE('',*,*,#948,.F.);
#1208=ORIENTED_EDGE('',*,*,#947,.F.);
#1209=ORIENTED_EDGE('',*,*,#950,.F.);
#1210=ORIENTED_EDGE('',*,*,#951,.T.);
#1211=ORIENTED_EDGE('',*,*,#883,.F.);
#1212=ORIENTED_EDGE('',*,*,#952,.T.);
#1213=ORIENTED_EDGE('',*,*,#890,.F.);
#1214=ORIENTED_EDGE('',*,*,#915,.F.);
#1215=ORIENTED_EDGE('',*,*,#953,.T.);
#1216=ORIENTED_EDGE('',*,*,#913,.F.);
#1217=ORIENTED_EDGE('',*,*,#892,.F.);
#1218=ORIENTED_EDGE('',*,*,#954,.T.);
#1219=ORIENTED_EDGE('',*,*,#881,.F.);
#1220=ORIENTED_EDGE('',*,*,#954,.F.);
#1221=ORIENTED_EDGE('',*,*,#891,.F.);
#1222=ORIENTED_EDGE('',*,*,#952,.F.);
#1223=ORIENTED_EDGE('',*,*,#882,.F.);
#1224=ORIENTED_EDGE('',*,*,#955,.F.);
#1225=ORIENTED_EDGE('',*,*,#956,.T.);
#1226=ORIENTED_EDGE('',*,*,#957,.T.);
#1227=ORIENTED_EDGE('',*,*,#958,.F.);
#1228=ORIENTED_EDGE('',*,*,#959,.F.);
#1229=ORIENTED_EDGE('',*,*,#960,.F.);
#1230=ORIENTED_EDGE('',*,*,#957,.F.);
#1231=ORIENTED_EDGE('',*,*,#961,.T.);
#1232=ORIENTED_EDGE('',*,*,#941,.F.);
#1233=ORIENTED_EDGE('',*,*,#942,.F.);
#1234=ORIENTED_EDGE('',*,*,#961,.F.);
#1235=ORIENTED_EDGE('',*,*,#956,.F.);
#1236=ORIENTED_EDGE('',*,*,#962,.F.);
#1237=ORIENTED_EDGE('',*,*,#959,.T.);
#1238=ORIENTED_EDGE('',*,*,#963,.F.);
#1239=ORIENTED_EDGE('',*,*,#964,.T.);
#1240=ORIENTED_EDGE('',*,*,#965,.T.);
#1241=ORIENTED_EDGE('',*,*,#966,.F.);
#1242=ORIENTED_EDGE('',*,*,#967,.F.);
#1243=ORIENTED_EDGE('',*,*,#968,.F.);
#1244=ORIENTED_EDGE('',*,*,#965,.F.);
#1245=ORIENTED_EDGE('',*,*,#969,.T.);
#1246=ORIENTED_EDGE('',*,*,#939,.F.);
#1247=ORIENTED_EDGE('',*,*,#940,.F.);
#1248=ORIENTED_EDGE('',*,*,#969,.F.);
#1249=ORIENTED_EDGE('',*,*,#964,.F.);
#1250=ORIENTED_EDGE('',*,*,#970,.F.);
#1251=ORIENTED_EDGE('',*,*,#967,.T.);
#1252=ORIENTED_EDGE('',*,*,#971,.F.);
#1253=ORIENTED_EDGE('',*,*,#972,.T.);
#1254=ORIENTED_EDGE('',*,*,#973,.T.);
#1255=ORIENTED_EDGE('',*,*,#974,.F.);
#1256=ORIENTED_EDGE('',*,*,#975,.F.);
#1257=ORIENTED_EDGE('',*,*,#976,.F.);
#1258=ORIENTED_EDGE('',*,*,#973,.F.);
#1259=ORIENTED_EDGE('',*,*,#977,.T.);
#1260=ORIENTED_EDGE('',*,*,#937,.F.);
#1261=ORIENTED_EDGE('',*,*,#938,.F.);
#1262=ORIENTED_EDGE('',*,*,#977,.F.);
#1263=ORIENTED_EDGE('',*,*,#972,.F.);
#1264=ORIENTED_EDGE('',*,*,#978,.F.);
#1265=ORIENTED_EDGE('',*,*,#975,.T.);
#1266=ORIENTED_EDGE('',*,*,#979,.F.);
#1267=ORIENTED_EDGE('',*,*,#980,.T.);
#1268=ORIENTED_EDGE('',*,*,#981,.T.);
#1269=ORIENTED_EDGE('',*,*,#982,.F.);
#1270=ORIENTED_EDGE('',*,*,#983,.F.);
#1271=ORIENTED_EDGE('',*,*,#984,.F.);
#1272=ORIENTED_EDGE('',*,*,#981,.F.);
#1273=ORIENTED_EDGE('',*,*,#985,.T.);
#1274=ORIENTED_EDGE('',*,*,#935,.F.);
#1275=ORIENTED_EDGE('',*,*,#936,.F.);
#1276=ORIENTED_EDGE('',*,*,#985,.F.);
#1277=ORIENTED_EDGE('',*,*,#980,.F.);
#1278=ORIENTED_EDGE('',*,*,#986,.F.);
#1279=ORIENTED_EDGE('',*,*,#983,.T.);
#1280=ORIENTED_EDGE('',*,*,#987,.F.);
#1281=ORIENTED_EDGE('',*,*,#988,.T.);
#1282=ORIENTED_EDGE('',*,*,#989,.T.);
#1283=ORIENTED_EDGE('',*,*,#990,.F.);
#1284=ORIENTED_EDGE('',*,*,#991,.F.);
#1285=ORIENTED_EDGE('',*,*,#992,.F.);
#1286=ORIENTED_EDGE('',*,*,#989,.F.);
#1287=ORIENTED_EDGE('',*,*,#993,.T.);
#1288=ORIENTED_EDGE('',*,*,#933,.F.);
#1289=ORIENTED_EDGE('',*,*,#934,.F.);
#1290=ORIENTED_EDGE('',*,*,#993,.F.);
#1291=ORIENTED_EDGE('',*,*,#988,.F.);
#1292=ORIENTED_EDGE('',*,*,#994,.F.);
#1293=ORIENTED_EDGE('',*,*,#991,.T.);
#1294=ORIENTED_EDGE('',*,*,#995,.F.);
#1295=ORIENTED_EDGE('',*,*,#996,.T.);
#1296=ORIENTED_EDGE('',*,*,#997,.T.);
#1297=ORIENTED_EDGE('',*,*,#998,.F.);
#1298=ORIENTED_EDGE('',*,*,#999,.F.);
#1299=ORIENTED_EDGE('',*,*,#1000,.F.);
#1300=ORIENTED_EDGE('',*,*,#997,.F.);
#1301=ORIENTED_EDGE('',*,*,#1001,.T.);
#1302=ORIENTED_EDGE('',*,*,#931,.F.);
#1303=ORIENTED_EDGE('',*,*,#932,.F.);
#1304=ORIENTED_EDGE('',*,*,#1001,.F.);
#1305=ORIENTED_EDGE('',*,*,#996,.F.);
#1306=ORIENTED_EDGE('',*,*,#1002,.F.);
#1307=ORIENTED_EDGE('',*,*,#999,.T.);
#1308=ORIENTED_EDGE('',*,*,#1003,.F.);
#1309=ORIENTED_EDGE('',*,*,#1004,.T.);
#1310=ORIENTED_EDGE('',*,*,#1005,.T.);
#1311=ORIENTED_EDGE('',*,*,#1006,.F.);
#1312=ORIENTED_EDGE('',*,*,#1007,.F.);
#1313=ORIENTED_EDGE('',*,*,#1008,.F.);
#1314=ORIENTED_EDGE('',*,*,#1005,.F.);
#1315=ORIENTED_EDGE('',*,*,#1009,.T.);
#1316=ORIENTED_EDGE('',*,*,#929,.F.);
#1317=ORIENTED_EDGE('',*,*,#930,.F.);
#1318=ORIENTED_EDGE('',*,*,#1009,.F.);
#1319=ORIENTED_EDGE('',*,*,#1004,.F.);
#1320=ORIENTED_EDGE('',*,*,#1010,.F.);
#1321=ORIENTED_EDGE('',*,*,#1007,.T.);
#1322=ORIENTED_EDGE('',*,*,#1011,.F.);
#1323=ORIENTED_EDGE('',*,*,#1012,.T.);
#1324=ORIENTED_EDGE('',*,*,#1013,.T.);
#1325=ORIENTED_EDGE('',*,*,#1014,.F.);
#1326=ORIENTED_EDGE('',*,*,#1015,.F.);
#1327=ORIENTED_EDGE('',*,*,#1016,.F.);
#1328=ORIENTED_EDGE('',*,*,#1013,.F.);
#1329=ORIENTED_EDGE('',*,*,#1017,.T.);
#1330=ORIENTED_EDGE('',*,*,#927,.F.);
#1331=ORIENTED_EDGE('',*,*,#928,.F.);
#1332=ORIENTED_EDGE('',*,*,#1017,.F.);
#1333=ORIENTED_EDGE('',*,*,#1012,.F.);
#1334=ORIENTED_EDGE('',*,*,#1018,.F.);
#1335=ORIENTED_EDGE('',*,*,#1015,.T.);
#1336=ORIENTED_EDGE('',*,*,#906,.F.);
#1337=ORIENTED_EDGE('',*,*,#1019,.T.);
#1338=ORIENTED_EDGE('',*,*,#925,.F.);
#1339=ORIENTED_EDGE('',*,*,#1020,.T.);
#1340=ORIENTED_EDGE('',*,*,#926,.F.);
#1341=ORIENTED_EDGE('',*,*,#1019,.F.);
#1342=ORIENTED_EDGE('',*,*,#918,.F.);
#1343=ORIENTED_EDGE('',*,*,#1021,.F.);
#1344=ORIENTED_EDGE('',*,*,#917,.F.);
#1345=ORIENTED_EDGE('',*,*,#1022,.T.);
#1346=ORIENTED_EDGE('',*,*,#919,.F.);
#1347=ORIENTED_EDGE('',*,*,#1021,.T.);
#1348=ORIENTED_EDGE('',*,*,#909,.F.);
#1349=ORIENTED_EDGE('',*,*,#1023,.F.);
#1350=ORIENTED_EDGE('',*,*,#908,.F.);
#1351=ORIENTED_EDGE('',*,*,#1024,.T.);
#1352=ORIENTED_EDGE('',*,*,#910,.F.);
#1353=ORIENTED_EDGE('',*,*,#1023,.T.);
#1354=ORIENTED_EDGE('',*,*,#923,.F.);
#1355=ORIENTED_EDGE('',*,*,#1025,.T.);
#1356=ORIENTED_EDGE('',*,*,#921,.F.);
#1357=ORIENTED_EDGE('',*,*,#1026,.T.);
#1358=ORIENTED_EDGE('',*,*,#922,.F.);
#1359=ORIENTED_EDGE('',*,*,#1025,.F.);
#1360=ORIENTED_EDGE('',*,*,#1027,.F.);
#1361=ORIENTED_EDGE('',*,*,#1028,.F.);
#1362=ORIENTED_EDGE('',*,*,#1020,.F.);
#1363=ORIENTED_EDGE('',*,*,#924,.F.);
#1364=ORIENTED_EDGE('',*,*,#1026,.F.);
#1365=ORIENTED_EDGE('',*,*,#920,.F.);
#1366=ORIENTED_EDGE('',*,*,#1022,.F.);
#1367=ORIENTED_EDGE('',*,*,#916,.F.);
#1368=ORIENTED_EDGE('',*,*,#911,.F.);
#1369=ORIENTED_EDGE('',*,*,#1024,.F.);
#1370=ORIENTED_EDGE('',*,*,#907,.F.);
#1371=ORIENTED_EDGE('',*,*,#1029,.T.);
#1372=ORIENTED_EDGE('',*,*,#1030,.F.);
#1373=ORIENTED_EDGE('',*,*,#1031,.T.);
#1374=ORIENTED_EDGE('',*,*,#1032,.F.);
#1375=ORIENTED_EDGE('',*,*,#1033,.T.);
#1376=ORIENTED_EDGE('',*,*,#1031,.F.);
#1377=ORIENTED_EDGE('',*,*,#1033,.F.);
#1378=ORIENTED_EDGE('',*,*,#1034,.F.);
#1379=ORIENTED_EDGE('',*,*,#1035,.T.);
#1380=ORIENTED_EDGE('',*,*,#1028,.T.);
#1381=ORIENTED_EDGE('',*,*,#1035,.F.);
#1382=ORIENTED_EDGE('',*,*,#1036,.F.);
#1383=ORIENTED_EDGE('',*,*,#1037,.T.);
#1384=ORIENTED_EDGE('',*,*,#1029,.F.);
#1385=ORIENTED_EDGE('',*,*,#1037,.F.);
#1386=ORIENTED_EDGE('',*,*,#1038,.F.);
#1387=ORIENTED_EDGE('',*,*,#1039,.T.);
#1388=ORIENTED_EDGE('',*,*,#1030,.T.);
#1389=ORIENTED_EDGE('',*,*,#1039,.F.);
#1390=ORIENTED_EDGE('',*,*,#1040,.F.);
#1391=ORIENTED_EDGE('',*,*,#1041,.T.);
#1392=ORIENTED_EDGE('',*,*,#1027,.T.);
#1393=ORIENTED_EDGE('',*,*,#1041,.F.);
#1394=ORIENTED_EDGE('',*,*,#1042,.F.);
#1395=ORIENTED_EDGE('',*,*,#1043,.T.);
#1396=ORIENTED_EDGE('',*,*,#1044,.T.);
#1397=ORIENTED_EDGE('',*,*,#1043,.F.);
#1398=ORIENTED_EDGE('',*,*,#1044,.F.);
#1399=ORIENTED_EDGE('',*,*,#1045,.F.);
#1400=ORIENTED_EDGE('',*,*,#1045,.T.);
#1401=ORIENTED_EDGE('',*,*,#1046,.T.);
#1402=ORIENTED_EDGE('',*,*,#1047,.F.);
#1403=ORIENTED_EDGE('',*,*,#1046,.F.);
#1404=ORIENTED_EDGE('',*,*,#1008,.T.);
#1405=ORIENTED_EDGE('',*,*,#1010,.T.);
#1406=ORIENTED_EDGE('',*,*,#1006,.T.);
#1407=ORIENTED_EDGE('',*,*,#1003,.T.);
#1408=ORIENTED_EDGE('',*,*,#1048,.F.);
#1409=ORIENTED_EDGE('',*,*,#1049,.T.);
#1410=ORIENTED_EDGE('',*,*,#1050,.T.);
#1411=ORIENTED_EDGE('',*,*,#1049,.F.);
#1412=ORIENTED_EDGE('',*,*,#1050,.F.);
#1413=ORIENTED_EDGE('',*,*,#1051,.F.);
#1414=ORIENTED_EDGE('',*,*,#1051,.T.);
#1415=ORIENTED_EDGE('',*,*,#1052,.T.);
#1416=ORIENTED_EDGE('',*,*,#1053,.F.);
#1417=ORIENTED_EDGE('',*,*,#1052,.F.);
#1418=ORIENTED_EDGE('',*,*,#1016,.T.);
#1419=ORIENTED_EDGE('',*,*,#1018,.T.);
#1420=ORIENTED_EDGE('',*,*,#1014,.T.);
#1421=ORIENTED_EDGE('',*,*,#1011,.T.);
#1422=ORIENTED_EDGE('',*,*,#1054,.F.);
#1423=ORIENTED_EDGE('',*,*,#1055,.T.);
#1424=ORIENTED_EDGE('',*,*,#1056,.T.);
#1425=ORIENTED_EDGE('',*,*,#1055,.F.);
#1426=ORIENTED_EDGE('',*,*,#1056,.F.);
#1427=ORIENTED_EDGE('',*,*,#1057,.F.);
#1428=ORIENTED_EDGE('',*,*,#1057,.T.);
#1429=ORIENTED_EDGE('',*,*,#1058,.T.);
#1430=ORIENTED_EDGE('',*,*,#1059,.F.);
#1431=ORIENTED_EDGE('',*,*,#1058,.F.);
#1432=ORIENTED_EDGE('',*,*,#960,.T.);
#1433=ORIENTED_EDGE('',*,*,#962,.T.);
#1434=ORIENTED_EDGE('',*,*,#958,.T.);
#1435=ORIENTED_EDGE('',*,*,#955,.T.);
#1436=ORIENTED_EDGE('',*,*,#1060,.F.);
#1437=ORIENTED_EDGE('',*,*,#1061,.T.);
#1438=ORIENTED_EDGE('',*,*,#1062,.T.);
#1439=ORIENTED_EDGE('',*,*,#1061,.F.);
#1440=ORIENTED_EDGE('',*,*,#1062,.F.);
#1441=ORIENTED_EDGE('',*,*,#1063,.F.);
#1442=ORIENTED_EDGE('',*,*,#1063,.T.);
#1443=ORIENTED_EDGE('',*,*,#1064,.T.);
#1444=ORIENTED_EDGE('',*,*,#1065,.F.);
#1445=ORIENTED_EDGE('',*,*,#1064,.F.);
#1446=ORIENTED_EDGE('',*,*,#968,.T.);
#1447=ORIENTED_EDGE('',*,*,#970,.T.);
#1448=ORIENTED_EDGE('',*,*,#966,.T.);
#1449=ORIENTED_EDGE('',*,*,#963,.T.);
#1450=ORIENTED_EDGE('',*,*,#1066,.F.);
#1451=ORIENTED_EDGE('',*,*,#1067,.T.);
#1452=ORIENTED_EDGE('',*,*,#1068,.T.);
#1453=ORIENTED_EDGE('',*,*,#1067,.F.);
#1454=ORIENTED_EDGE('',*,*,#1068,.F.);
#1455=ORIENTED_EDGE('',*,*,#1069,.F.);
#1456=ORIENTED_EDGE('',*,*,#1069,.T.);
#1457=ORIENTED_EDGE('',*,*,#1070,.T.);
#1458=ORIENTED_EDGE('',*,*,#1071,.F.);
#1459=ORIENTED_EDGE('',*,*,#1070,.F.);
#1460=ORIENTED_EDGE('',*,*,#976,.T.);
#1461=ORIENTED_EDGE('',*,*,#978,.T.);
#1462=ORIENTED_EDGE('',*,*,#974,.T.);
#1463=ORIENTED_EDGE('',*,*,#971,.T.);
#1464=ORIENTED_EDGE('',*,*,#1072,.F.);
#1465=ORIENTED_EDGE('',*,*,#1073,.T.);
#1466=ORIENTED_EDGE('',*,*,#1074,.T.);
#1467=ORIENTED_EDGE('',*,*,#1073,.F.);
#1468=ORIENTED_EDGE('',*,*,#1074,.F.);
#1469=ORIENTED_EDGE('',*,*,#1075,.F.);
#1470=ORIENTED_EDGE('',*,*,#1075,.T.);
#1471=ORIENTED_EDGE('',*,*,#1076,.T.);
#1472=ORIENTED_EDGE('',*,*,#1077,.F.);
#1473=ORIENTED_EDGE('',*,*,#1076,.F.);
#1474=ORIENTED_EDGE('',*,*,#984,.T.);
#1475=ORIENTED_EDGE('',*,*,#986,.T.);
#1476=ORIENTED_EDGE('',*,*,#982,.T.);
#1477=ORIENTED_EDGE('',*,*,#979,.T.);
#1478=ORIENTED_EDGE('',*,*,#1078,.F.);
#1479=ORIENTED_EDGE('',*,*,#1079,.T.);
#1480=ORIENTED_EDGE('',*,*,#1080,.T.);
#1481=ORIENTED_EDGE('',*,*,#1079,.F.);
#1482=ORIENTED_EDGE('',*,*,#1080,.F.);
#1483=ORIENTED_EDGE('',*,*,#1081,.F.);
#1484=ORIENTED_EDGE('',*,*,#1081,.T.);
#1485=ORIENTED_EDGE('',*,*,#1082,.T.);
#1486=ORIENTED_EDGE('',*,*,#1083,.F.);
#1487=ORIENTED_EDGE('',*,*,#1082,.F.);
#1488=ORIENTED_EDGE('',*,*,#992,.T.);
#1489=ORIENTED_EDGE('',*,*,#994,.T.);
#1490=ORIENTED_EDGE('',*,*,#990,.T.);
#1491=ORIENTED_EDGE('',*,*,#987,.T.);
#1492=ORIENTED_EDGE('',*,*,#1084,.F.);
#1493=ORIENTED_EDGE('',*,*,#1085,.T.);
#1494=ORIENTED_EDGE('',*,*,#1086,.T.);
#1495=ORIENTED_EDGE('',*,*,#1085,.F.);
#1496=ORIENTED_EDGE('',*,*,#1086,.F.);
#1497=ORIENTED_EDGE('',*,*,#1087,.F.);
#1498=ORIENTED_EDGE('',*,*,#1087,.T.);
#1499=ORIENTED_EDGE('',*,*,#1088,.T.);
#1500=ORIENTED_EDGE('',*,*,#1089,.F.);
#1501=ORIENTED_EDGE('',*,*,#1088,.F.);
#1502=ORIENTED_EDGE('',*,*,#1000,.T.);
#1503=ORIENTED_EDGE('',*,*,#1002,.T.);
#1504=ORIENTED_EDGE('',*,*,#998,.T.);
#1505=ORIENTED_EDGE('',*,*,#995,.T.);
#1506=ORIENTED_EDGE('',*,*,#950,.T.);
#1507=ORIENTED_EDGE('',*,*,#1090,.T.);
#1508=ORIENTED_EDGE('',*,*,#1091,.T.);
#1509=ORIENTED_EDGE('',*,*,#1090,.F.);
#1510=ORIENTED_EDGE('',*,*,#1092,.F.);
#1511=ORIENTED_EDGE('',*,*,#1093,.T.);
#1512=ORIENTED_EDGE('',*,*,#875,.F.);
#1513=ORIENTED_EDGE('',*,*,#1093,.F.);
#1514=ORIENTED_EDGE('',*,*,#1040,.T.);
#1515=ORIENTED_EDGE('',*,*,#945,.T.);
#1516=ORIENTED_EDGE('',*,*,#949,.T.);
#1517=ORIENTED_EDGE('',*,*,#1038,.T.);
#1518=ORIENTED_EDGE('',*,*,#1032,.T.);
#1519=ORIENTED_EDGE('',*,*,#1034,.T.);
#1520=ORIENTED_EDGE('',*,*,#1036,.T.);
#1521=ORIENTED_EDGE('',*,*,#1047,.T.);
#1522=ORIENTED_EDGE('',*,*,#1053,.T.);
#1523=ORIENTED_EDGE('',*,*,#1059,.T.);
#1524=ORIENTED_EDGE('',*,*,#1065,.T.);
#1525=ORIENTED_EDGE('',*,*,#1071,.T.);
#1526=ORIENTED_EDGE('',*,*,#1077,.T.);
#1527=ORIENTED_EDGE('',*,*,#1083,.T.);
#1528=ORIENTED_EDGE('',*,*,#1092,.T.);
#1529=ORIENTED_EDGE('',*,*,#1089,.T.);
#1530=ORIENTED_EDGE('',*,*,#880,.T.);
#1531=ORIENTED_EDGE('',*,*,#884,.T.);
#1532=ORIENTED_EDGE('',*,*,#951,.F.);
#1533=ORIENTED_EDGE('',*,*,#914,.F.);
#1534=ORIENTED_EDGE('',*,*,#953,.F.);
#1535=ORIENTED_EDGE('',*,*,#1094,.F.);
#1536=ORIENTED_EDGE('',*,*,#1042,.T.);
#1537=ORIENTED_EDGE('',*,*,#1048,.T.);
#1538=ORIENTED_EDGE('',*,*,#1054,.T.);
#1539=ORIENTED_EDGE('',*,*,#1060,.T.);
#1540=ORIENTED_EDGE('',*,*,#1066,.T.);
#1541=ORIENTED_EDGE('',*,*,#1072,.T.);
#1542=ORIENTED_EDGE('',*,*,#1078,.T.);
#1543=ORIENTED_EDGE('',*,*,#1084,.T.);
#1544=ORIENTED_EDGE('',*,*,#873,.T.);
#1545=ORIENTED_EDGE('',*,*,#1091,.F.);
#1546=ORIENTED_EDGE('',*,*,#946,.T.);
#1547=ORIENTED_EDGE('',*,*,#1095,.T.);
#1548=ORIENTED_EDGE('',*,*,#1094,.T.);
#1549=ORIENTED_EDGE('',*,*,#1095,.F.);
#1550=TOROIDAL_SURFACE('',#1654,8.5,0.5);
#1551=TOROIDAL_SURFACE('',#1663,16.85,0.5);
#1552=ADVANCED_FACE('',(#353),#1550,.T.);
#1553=ADVANCED_FACE('',(#354),#306,.T.);
#1554=ADVANCED_FACE('',(#355,#47),#115,.F.);
#1555=ADVANCED_FACE('',(#356),#1551,.T.);
#1556=ADVANCED_FACE('',(#357),#307,.F.);
#1557=ADVANCED_FACE('',(#358,#48,#49,#50,#51,#52),#116,.F.);
#1558=ADVANCED_FACE('',(#359),#308,.F.);
#1559=ADVANCED_FACE('',(#360),#309,.F.);
#1560=ADVANCED_FACE('',(#361),#310,.F.);
#1561=ADVANCED_FACE('',(#362),#311,.F.);
#1562=ADVANCED_FACE('',(#363),#312,.F.);
#1563=ADVANCED_FACE('',(#364),#313,.T.);
#1564=ADVANCED_FACE('',(#365,#53,#54,#55,#56,#57),#117,.T.);
#1565=ADVANCED_FACE('',(#366,#58,#59,#60,#61,#62,#63,#64,#65),#314,.T.);
#1566=ADVANCED_FACE('',(#367),#315,.F.);
#1567=ADVANCED_FACE('',(#368,#66),#118,.F.);
#1568=ADVANCED_FACE('',(#369),#316,.F.);
#1569=ADVANCED_FACE('',(#370,#67),#119,.F.);
#1570=ADVANCED_FACE('',(#371),#120,.F.);
#1571=ADVANCED_FACE('',(#372),#121,.F.);
#1572=ADVANCED_FACE('',(#373),#122,.T.);
#1573=ADVANCED_FACE('',(#374),#123,.T.);
#1574=ADVANCED_FACE('',(#375),#317,.F.);
#1575=ADVANCED_FACE('',(#376),#124,.T.);
#1576=ADVANCED_FACE('',(#377),#125,.T.);
#1577=ADVANCED_FACE('',(#378),#318,.F.);
#1578=ADVANCED_FACE('',(#379),#126,.T.);
#1579=ADVANCED_FACE('',(#380),#127,.T.);
#1580=ADVANCED_FACE('',(#381),#319,.F.);
#1581=ADVANCED_FACE('',(#382),#128,.T.);
#1582=ADVANCED_FACE('',(#383),#129,.T.);
#1583=ADVANCED_FACE('',(#384),#320,.F.);
#1584=ADVANCED_FACE('',(#385),#130,.T.);
#1585=ADVANCED_FACE('',(#386),#131,.T.);
#1586=ADVANCED_FACE('',(#387),#321,.F.);
#1587=ADVANCED_FACE('',(#388),#132,.T.);
#1588=ADVANCED_FACE('',(#389),#133,.T.);
#1589=ADVANCED_FACE('',(#390),#322,.F.);
#1590=ADVANCED_FACE('',(#391),#134,.T.);
#1591=ADVANCED_FACE('',(#392),#135,.T.);
#1592=ADVANCED_FACE('',(#393),#323,.F.);
#1593=ADVANCED_FACE('',(#394),#136,.T.);
#1594=ADVANCED_FACE('',(#395),#137,.T.);
#1595=ADVANCED_FACE('',(#396),#324,.F.);
#1596=ADVANCED_FACE('',(#397),#138,.T.);
#1597=ADVANCED_FACE('',(#398),#325,.F.);
#1598=ADVANCED_FACE('',(#399),#139,.F.);
#1599=ADVANCED_FACE('',(#400),#140,.F.);
#1600=ADVANCED_FACE('',(#401),#326,.F.);
#1601=ADVANCED_FACE('',(#402),#141,.F.);
#1602=ADVANCED_FACE('',(#403),#327,.F.);
#1603=ADVANCED_FACE('',(#404),#328,.F.);
#1604=ADVANCED_FACE('',(#405),#142,.F.);
#1605=ADVANCED_FACE('',(#406,#68,#69,#70,#71,#72),#143,.F.);
#1606=ADVANCED_FACE('',(#407),#329,.F.);
#1607=ADVANCED_FACE('',(#408),#330,.F.);
#1608=ADVANCED_FACE('',(#409),#331,.F.);
#1609=ADVANCED_FACE('',(#410),#332,.F.);
#1610=ADVANCED_FACE('',(#411),#333,.T.);
#1611=ADVANCED_FACE('',(#412),#334,.F.);
#1612=ADVANCED_FACE('',(#413,#73),#144,.F.);
#1613=ADVANCED_FACE('',(#414,#74),#335,.F.);
#1614=ADVANCED_FACE('',(#415),#336,.F.);
#1615=ADVANCED_FACE('',(#416,#75),#145,.F.);
#1616=ADVANCED_FACE('',(#417,#76),#337,.F.);
#1617=ADVANCED_FACE('',(#418),#338,.F.);
#1618=ADVANCED_FACE('',(#419,#77),#146,.F.);
#1619=ADVANCED_FACE('',(#420,#78),#339,.F.);
#1620=ADVANCED_FACE('',(#421),#340,.F.);
#1621=ADVANCED_FACE('',(#422,#79),#147,.F.);
#1622=ADVANCED_FACE('',(#423,#80),#341,.F.);
#1623=ADVANCED_FACE('',(#424),#342,.F.);
#1624=ADVANCED_FACE('',(#425,#81),#148,.F.);
#1625=ADVANCED_FACE('',(#426,#82),#343,.F.);
#1626=ADVANCED_FACE('',(#427),#344,.F.);
#1627=ADVANCED_FACE('',(#428,#83),#149,.F.);
#1628=ADVANCED_FACE('',(#429,#84),#345,.F.);
#1629=ADVANCED_FACE('',(#430),#346,.F.);
#1630=ADVANCED_FACE('',(#431,#85),#150,.F.);
#1631=ADVANCED_FACE('',(#432,#86),#347,.F.);
#1632=ADVANCED_FACE('',(#433),#348,.F.);
#1633=ADVANCED_FACE('',(#434,#87),#151,.F.);
#1634=ADVANCED_FACE('',(#435,#88),#349,.F.);
#1635=ADVANCED_FACE('',(#436),#350,.F.);
#1636=ADVANCED_FACE('',(#437),#351,.F.);
#1637=ADVANCED_FACE('',(#438,#89,#90,#91,#92,#93,#94,#95,#96,#97,#98,#99,
#100,#101,#102,#103),#152,.T.);
#1638=ADVANCED_FACE('',(#439,#104,#105,#106,#107,#108,#109,#110,#111,#112,
#113,#114),#153,.F.);
#1639=ADVANCED_FACE('',(#440),#352,.F.);
#1640=CLOSED_SHELL('',(#1552,#1553,#1554,#1555,#1556,#1557,#1558,#1559,
#1560,#1561,#1562,#1563,#1564,#1565,#1566,#1567,#1568,#1569,#1570,#1571,
#1572,#1573,#1574,#1575,#1576,#1577,#1578,#1579,#1580,#1581,#1582,#1583,
#1584,#1585,#1586,#1587,#1588,#1589,#1590,#1591,#1592,#1593,#1594,#1595,
#1596,#1597,#1598,#1599,#1600,#1601,#1602,#1603,#1604,#1605,#1606,#1607,
#1608,#1609,#1610,#1611,#1612,#1613,#1614,#1615,#1616,#1617,#1618,#1619,
#1620,#1621,#1622,#1623,#1624,#1625,#1626,#1627,#1628,#1629,#1630,#1631,
#1632,#1633,#1634,#1635,#1636,#1637,#1638,#1639));
#1641=DERIVED_UNIT_ELEMENT(#1643,1.);
#1642=DERIVED_UNIT_ELEMENT(#3307,-3.);
#1643=(
MASS_UNIT()
NAMED_UNIT(*)
SI_UNIT(.KILO.,.GRAM.)
);
#1644=DERIVED_UNIT((#1641,#1642));
#1645=MEASURE_REPRESENTATION_ITEM('density measure',
POSITIVE_RATIO_MEASURE(7850.),#1644);
#1646=PROPERTY_DEFINITION_REPRESENTATION(#1651,#1648);
#1647=PROPERTY_DEFINITION_REPRESENTATION(#1652,#1649);
#1648=REPRESENTATION('material name',(#1650),#3304);
#1649=REPRESENTATION('density',(#1645),#3304);
#1650=DESCRIPTIVE_REPRESENTATION_ITEM('Steel','Steel');
#1651=PROPERTY_DEFINITION('material property','material name',#3314);
#1652=PROPERTY_DEFINITION('material property','density of part',#3314);
#1653=AXIS2_PLACEMENT_3D('',#2353,#1861,#1862);
#1654=AXIS2_PLACEMENT_3D('',#2354,#1863,#1864);
#1655=AXIS2_PLACEMENT_3D('',#2356,#1865,#1866);
#1656=AXIS2_PLACEMENT_3D('',#2358,#1867,#1868);
#1657=AXIS2_PLACEMENT_3D('',#2360,#1869,#1870);
#1658=AXIS2_PLACEMENT_3D('',#2361,#1871,#1872);
#1659=AXIS2_PLACEMENT_3D('',#2362,#1873,#1874);
#1660=AXIS2_PLACEMENT_3D('',#2364,#1875,#1876);
#1661=AXIS2_PLACEMENT_3D('',#2366,#1878,#1879);
#1662=AXIS2_PLACEMENT_3D('',#2368,#1880,#1881);
#1663=AXIS2_PLACEMENT_3D('',#2369,#1882,#1883);
#1664=AXIS2_PLACEMENT_3D('',#2371,#1884,#1885);
#1665=AXIS2_PLACEMENT_3D('',#2373,#1886,#1887);
#1666=AXIS2_PLACEMENT_3D('',#2374,#1888,#1889);
#1667=AXIS2_PLACEMENT_3D('',#2375,#1890,#1891);
#1668=AXIS2_PLACEMENT_3D('',#2379,#1893,#1894);
#1669=AXIS2_PLACEMENT_3D('',#2383,#1896,#1897);
#1670=AXIS2_PLACEMENT_3D('',#2386,#1899,#1900);
#1671=AXIS2_PLACEMENT_3D('',#2387,#1901,#1902);
#1672=AXIS2_PLACEMENT_3D('',#2389,#1903,#1904);
#1673=AXIS2_PLACEMENT_3D('',#2391,#1905,#1906);
#1674=AXIS2_PLACEMENT_3D('',#2393,#1907,#1908);
#1675=AXIS2_PLACEMENT_3D('',#2395,#1909,#1910);
#1676=AXIS2_PLACEMENT_3D('',#2397,#1911,#1912);
#1677=AXIS2_PLACEMENT_3D('',#2398,#1913,#1914);
#1678=AXIS2_PLACEMENT_3D('',#2403,#1916,#1917);
#1679=AXIS2_PLACEMENT_3D('',#2406,#1919,#1920);
#1680=AXIS2_PLACEMENT_3D('',#2407,#1921,#1922);
#1681=AXIS2_PLACEMENT_3D('',#2409,#1923,#1924);
#1682=AXIS2_PLACEMENT_3D('',#2411,#1926,#1927);
#1683=AXIS2_PLACEMENT_3D('',#2413,#1928,#1929);
#1684=AXIS2_PLACEMENT_3D('',#2415,#1931,#1932);
#1685=AXIS2_PLACEMENT_3D('',#2417,#1933,#1934);
#1686=AXIS2_PLACEMENT_3D('',#2419,#1936,#1937);
#1687=AXIS2_PLACEMENT_3D('',#2421,#1938,#1939);
#1688=AXIS2_PLACEMENT_3D('',#2423,#1941,#1942);
#1689=AXIS2_PLACEMENT_3D('',#2425,#1943,#1944);
#1690=AXIS2_PLACEMENT_3D('',#2427,#1946,#1947);
#1691=AXIS2_PLACEMENT_3D('',#2429,#1948,#1949);
#1692=AXIS2_PLACEMENT_3D('',#2430,#1950,#1951);
#1693=AXIS2_PLACEMENT_3D('',#2431,#1952,#1953);
#1694=AXIS2_PLACEMENT_3D('',#2436,#1955,#1956);
#1695=AXIS2_PLACEMENT_3D('',#2440,#1958,#1959);
#1696=AXIS2_PLACEMENT_3D('',#2444,#1961,#1962);
#1697=AXIS2_PLACEMENT_3D('',#2449,#1965,#1966);
#1698=AXIS2_PLACEMENT_3D('',#2452,#1968,#1969);
#1699=AXIS2_PLACEMENT_3D('',#2456,#1971,#1972);
#1700=AXIS2_PLACEMENT_3D('',#2460,#1974,#1975);
#1701=AXIS2_PLACEMENT_3D('',#2464,#1977,#1978);
#1702=AXIS2_PLACEMENT_3D('',#2468,#1980,#1981);
#1703=AXIS2_PLACEMENT_3D('',#2471,#1983,#1984);
#1704=AXIS2_PLACEMENT_3D('',#2776,#1985,#1986);
#1705=AXIS2_PLACEMENT_3D('',#2778,#1987,#1988);
#1706=AXIS2_PLACEMENT_3D('',#2781,#1990,#1991);
#1707=AXIS2_PLACEMENT_3D('',#2782,#1992,#1993);
#1708=AXIS2_PLACEMENT_3D('',#2784,#1994,#1995);
#1709=AXIS2_PLACEMENT_3D('',#2785,#1996,#1997);
#1710=AXIS2_PLACEMENT_3D('',#2787,#1998,#1999);
#1711=AXIS2_PLACEMENT_3D('',#2790,#2001,#2002);
#1712=AXIS2_PLACEMENT_3D('',#2791,#2003,#2004);
#1713=AXIS2_PLACEMENT_3D('',#2793,#2005,#2006);
#1714=AXIS2_PLACEMENT_3D('',#2794,#2007,#2008);
#1715=AXIS2_PLACEMENT_3D('',#2797,#2011,#2012);
#1716=AXIS2_PLACEMENT_3D('',#2800,#2015,#2016);
#1717=AXIS2_PLACEMENT_3D('',#2801,#2017,#2018);
#1718=AXIS2_PLACEMENT_3D('',#2806,#2020,#2021);
#1719=AXIS2_PLACEMENT_3D('',#2807,#2022,#2023);
#1720=AXIS2_PLACEMENT_3D('',#2808,#2024,#2025);
#1721=AXIS2_PLACEMENT_3D('',#2825,#2026,#2027);
#1722=AXIS2_PLACEMENT_3D('',#2841,#2029,#2030);
#1723=AXIS2_PLACEMENT_3D('',#2843,#2032,#2033);
#1724=AXIS2_PLACEMENT_3D('',#2848,#2035,#2036);
#1725=AXIS2_PLACEMENT_3D('',#2849,#2037,#2038);
#1726=AXIS2_PLACEMENT_3D('',#2850,#2039,#2040);
#1727=AXIS2_PLACEMENT_3D('',#2867,#2041,#2042);
#1728=AXIS2_PLACEMENT_3D('',#2883,#2044,#2045);
#1729=AXIS2_PLACEMENT_3D('',#2885,#2047,#2048);
#1730=AXIS2_PLACEMENT_3D('',#2890,#2050,#2051);
#1731=AXIS2_PLACEMENT_3D('',#2891,#2052,#2053);
#1732=AXIS2_PLACEMENT_3D('',#2892,#2054,#2055);
#1733=AXIS2_PLACEMENT_3D('',#2909,#2056,#2057);
#1734=AXIS2_PLACEMENT_3D('',#2925,#2059,#2060);
#1735=AXIS2_PLACEMENT_3D('',#2927,#2062,#2063);
#1736=AXIS2_PLACEMENT_3D('',#2932,#2065,#2066);
#1737=AXIS2_PLACEMENT_3D('',#2933,#2067,#2068);
#1738=AXIS2_PLACEMENT_3D('',#2934,#2069,#2070);
#1739=AXIS2_PLACEMENT_3D('',#2951,#2071,#2072);
#1740=AXIS2_PLACEMENT_3D('',#2967,#2074,#2075);
#1741=AXIS2_PLACEMENT_3D('',#2969,#2077,#2078);
#1742=AXIS2_PLACEMENT_3D('',#2974,#2080,#2081);
#1743=AXIS2_PLACEMENT_3D('',#2975,#2082,#2083);
#1744=AXIS2_PLACEMENT_3D('',#2976,#2084,#2085);
#1745=AXIS2_PLACEMENT_3D('',#2993,#2086,#2087);
#1746=AXIS2_PLACEMENT_3D('',#3009,#2089,#2090);
#1747=AXIS2_PLACEMENT_3D('',#3011,#2092,#2093);
#1748=AXIS2_PLACEMENT_3D('',#3016,#2095,#2096);
#1749=AXIS2_PLACEMENT_3D('',#3017,#2097,#2098);
#1750=AXIS2_PLACEMENT_3D('',#3018,#2099,#2100);
#1751=AXIS2_PLACEMENT_3D('',#3035,#2101,#2102);
#1752=AXIS2_PLACEMENT_3D('',#3051,#2104,#2105);
#1753=AXIS2_PLACEMENT_3D('',#3053,#2107,#2108);
#1754=AXIS2_PLACEMENT_3D('',#3058,#2110,#2111);
#1755=AXIS2_PLACEMENT_3D('',#3059,#2112,#2113);
#1756=AXIS2_PLACEMENT_3D('',#3060,#2114,#2115);
#1757=AXIS2_PLACEMENT_3D('',#3077,#2116,#2117);
#1758=AXIS2_PLACEMENT_3D('',#3093,#2119,#2120);
#1759=AXIS2_PLACEMENT_3D('',#3095,#2122,#2123);
#1760=AXIS2_PLACEMENT_3D('',#3100,#2125,#2126);
#1761=AXIS2_PLACEMENT_3D('',#3101,#2127,#2128);
#1762=AXIS2_PLACEMENT_3D('',#3102,#2129,#2130);
#1763=AXIS2_PLACEMENT_3D('',#3119,#2131,#2132);
#1764=AXIS2_PLACEMENT_3D('',#3135,#2134,#2135);
#1765=AXIS2_PLACEMENT_3D('',#3137,#2137,#2138);
#1766=AXIS2_PLACEMENT_3D('',#3138,#2139,#2140);
#1767=AXIS2_PLACEMENT_3D('',#3139,#2141,#2142);
#1768=AXIS2_PLACEMENT_3D('',#3140,#2143,#2144);
#1769=AXIS2_PLACEMENT_3D('',#3141,#2145,#2146);
#1770=AXIS2_PLACEMENT_3D('',#3142,#2147,#2148);
#1771=AXIS2_PLACEMENT_3D('',#3143,#2149,#2150);
#1772=AXIS2_PLACEMENT_3D('',#3144,#2151,#2152);
#1773=AXIS2_PLACEMENT_3D('',#3145,#2153,#2154);
#1774=AXIS2_PLACEMENT_3D('',#3146,#2155,#2156);
#1775=AXIS2_PLACEMENT_3D('',#3147,#2157,#2158);
#1776=AXIS2_PLACEMENT_3D('',#3148,#2159,#2160);
#1777=AXIS2_PLACEMENT_3D('',#3149,#2161,#2162);
#1778=AXIS2_PLACEMENT_3D('',#3150,#2163,#2164);
#1779=AXIS2_PLACEMENT_3D('',#3151,#2165,#2166);
#1780=AXIS2_PLACEMENT_3D('',#3152,#2167,#2168);
#1781=AXIS2_PLACEMENT_3D('',#3153,#2169,#2170);
#1782=AXIS2_PLACEMENT_3D('',#3155,#2171,#2172);
#1783=AXIS2_PLACEMENT_3D('',#3157,#2173,#2174);
#1784=AXIS2_PLACEMENT_3D('',#3159,#2175,#2176);
#1785=AXIS2_PLACEMENT_3D('',#3161,#2177,#2178);
#1786=AXIS2_PLACEMENT_3D('',#3163,#2179,#2180);
#1787=AXIS2_PLACEMENT_3D('',#3164,#2181,#2182);
#1788=AXIS2_PLACEMENT_3D('',#3166,#2183,#2184);
#1789=AXIS2_PLACEMENT_3D('',#3168,#2186,#2187);
#1790=AXIS2_PLACEMENT_3D('',#3170,#2188,#2189);
#1791=AXIS2_PLACEMENT_3D('',#3172,#2191,#2192);
#1792=AXIS2_PLACEMENT_3D('',#3174,#2193,#2194);
#1793=AXIS2_PLACEMENT_3D('',#3176,#2196,#2197);
#1794=AXIS2_PLACEMENT_3D('',#3178,#2198,#2199);
#1795=AXIS2_PLACEMENT_3D('',#3180,#2201,#2202);
#1796=AXIS2_PLACEMENT_3D('',#3182,#2203,#2204);
#1797=AXIS2_PLACEMENT_3D('',#3184,#2206,#2207);
#1798=AXIS2_PLACEMENT_3D('',#3186,#2208,#2209);
#1799=AXIS2_PLACEMENT_3D('',#3189,#2211,#2212);
#1800=AXIS2_PLACEMENT_3D('',#3190,#2213,#2214);
#1801=AXIS2_PLACEMENT_3D('',#3192,#2215,#2216);
#1802=AXIS2_PLACEMENT_3D('',#3193,#2217,#2218);
#1803=AXIS2_PLACEMENT_3D('',#3196,#2220,#2221);
#1804=AXIS2_PLACEMENT_3D('',#3197,#2222,#2223);
#1805=AXIS2_PLACEMENT_3D('',#3199,#2224,#2225);
#1806=AXIS2_PLACEMENT_3D('',#3202,#2227,#2228);
#1807=AXIS2_PLACEMENT_3D('',#3203,#2229,#2230);
#1808=AXIS2_PLACEMENT_3D('',#3205,#2231,#2232);
#1809=AXIS2_PLACEMENT_3D('',#3206,#2233,#2234);
#1810=AXIS2_PLACEMENT_3D('',#3209,#2236,#2237);
#1811=AXIS2_PLACEMENT_3D('',#3210,#2238,#2239);
#1812=AXIS2_PLACEMENT_3D('',#3212,#2240,#2241);
#1813=AXIS2_PLACEMENT_3D('',#3215,#2243,#2244);
#1814=AXIS2_PLACEMENT_3D('',#3216,#2245,#2246);
#1815=AXIS2_PLACEMENT_3D('',#3218,#2247,#2248);
#1816=AXIS2_PLACEMENT_3D('',#3219,#2249,#2250);
#1817=AXIS2_PLACEMENT_3D('',#3222,#2252,#2253);
#1818=AXIS2_PLACEMENT_3D('',#3223,#2254,#2255);
#1819=AXIS2_PLACEMENT_3D('',#3225,#2256,#2257);
#1820=AXIS2_PLACEMENT_3D('',#3228,#2259,#2260);
#1821=AXIS2_PLACEMENT_3D('',#3229,#2261,#2262);
#1822=AXIS2_PLACEMENT_3D('',#3231,#2263,#2264);
#1823=AXIS2_PLACEMENT_3D('',#3232,#2265,#2266);
#1824=AXIS2_PLACEMENT_3D('',#3235,#2268,#2269);
#1825=AXIS2_PLACEMENT_3D('',#3236,#2270,#2271);
#1826=AXIS2_PLACEMENT_3D('',#3238,#2272,#2273);
#1827=AXIS2_PLACEMENT_3D('',#3241,#2275,#2276);
#1828=AXIS2_PLACEMENT_3D('',#3242,#2277,#2278);
#1829=AXIS2_PLACEMENT_3D('',#3244,#2279,#2280);
#1830=AXIS2_PLACEMENT_3D('',#3245,#2281,#2282);
#1831=AXIS2_PLACEMENT_3D('',#3248,#2284,#2285);
#1832=AXIS2_PLACEMENT_3D('',#3249,#2286,#2287);
#1833=AXIS2_PLACEMENT_3D('',#3251,#2288,#2289);
#1834=AXIS2_PLACEMENT_3D('',#3254,#2291,#2292);
#1835=AXIS2_PLACEMENT_3D('',#3255,#2293,#2294);
#1836=AXIS2_PLACEMENT_3D('',#3257,#2295,#2296);
#1837=AXIS2_PLACEMENT_3D('',#3258,#2297,#2298);
#1838=AXIS2_PLACEMENT_3D('',#3261,#2300,#2301);
#1839=AXIS2_PLACEMENT_3D('',#3262,#2302,#2303);
#1840=AXIS2_PLACEMENT_3D('',#3264,#2304,#2305);
#1841=AXIS2_PLACEMENT_3D('',#3267,#2307,#2308);
#1842=AXIS2_PLACEMENT_3D('',#3268,#2309,#2310);
#1843=AXIS2_PLACEMENT_3D('',#3270,#2311,#2312);
#1844=AXIS2_PLACEMENT_3D('',#3271,#2313,#2314);
#1845=AXIS2_PLACEMENT_3D('',#3274,#2316,#2317);
#1846=AXIS2_PLACEMENT_3D('',#3275,#2318,#2319);
#1847=AXIS2_PLACEMENT_3D('',#3277,#2320,#2321);
#1848=AXIS2_PLACEMENT_3D('',#3280,#2323,#2324);
#1849=AXIS2_PLACEMENT_3D('',#3281,#2325,#2326);
#1850=AXIS2_PLACEMENT_3D('',#3283,#2327,#2328);
#1851=AXIS2_PLACEMENT_3D('',#3284,#2329,#2330);
#1852=AXIS2_PLACEMENT_3D('',#3287,#2332,#2333);
#1853=AXIS2_PLACEMENT_3D('',#3288,#2334,#2335);
#1854=AXIS2_PLACEMENT_3D('',#3291,#2337,#2338);
#1855=AXIS2_PLACEMENT_3D('',#3292,#2339,#2340);
#1856=AXIS2_PLACEMENT_3D('',#3294,#2341,#2342);
#1857=AXIS2_PLACEMENT_3D('',#3296,#2344,#2345);
#1858=AXIS2_PLACEMENT_3D('',#3297,#2346,#2347);
#1859=AXIS2_PLACEMENT_3D('',#3299,#2348,#2349);
#1860=AXIS2_PLACEMENT_3D('',#3300,#2350,#2351);
#1861=DIRECTION('axis',(0.,0.,1.));
#1862=DIRECTION('refdir',(1.,0.,0.));
#1863=DIRECTION('center_axis',(0.,0.,-1.));
#1864=DIRECTION('ref_axis',(-1.,0.,0.));
#1865=DIRECTION('center_axis',(0.,0.,1.));
#1866=DIRECTION('ref_axis',(1.,0.,0.));
#1867=DIRECTION('center_axis',(-1.22464679914735E-16,-1.,0.));
#1868=DIRECTION('ref_axis',(1.,-1.22464679914735E-16,0.));
#1869=DIRECTION('center_axis',(0.,0.,-1.));
#1870=DIRECTION('ref_axis',(1.,0.,0.));
#1871=DIRECTION('center_axis',(0.,0.,-1.));
#1872=DIRECTION('ref_axis',(1.,0.,0.));
#1873=DIRECTION('center_axis',(0.,0.,1.));
#1874=DIRECTION('ref_axis',(1.,0.,0.));
#1875=DIRECTION('center_axis',(0.,0.,1.));
#1876=DIRECTION('ref_axis',(1.,0.,0.));
#1877=DIRECTION('',(0.,0.,-1.));
#1878=DIRECTION('center_axis',(0.,0.,1.));
#1879=DIRECTION('ref_axis',(1.,0.,0.));
#1880=DIRECTION('center_axis',(0.,0.,1.));
#1881=DIRECTION('ref_axis',(1.,0.,0.));
#1882=DIRECTION('center_axis',(0.,0.,1.));
#1883=DIRECTION('ref_axis',(1.,0.,0.));
#1884=DIRECTION('center_axis',(0.,0.,-1.));
#1885=DIRECTION('ref_axis',(1.,0.,0.));
#1886=DIRECTION('center_axis',(1.22464679914735E-16,-1.,0.));
#1887=DIRECTION('ref_axis',(-1.,-1.22464679914735E-16,0.));
#1888=DIRECTION('center_axis',(0.,0.,1.));
#1889=DIRECTION('ref_axis',(1.,0.,0.));
#1890=DIRECTION('center_axis',(0.,0.,-1.));
#1891=DIRECTION('ref_axis',(1.,0.,0.));
#1892=DIRECTION('',(0.,0.,1.));
#1893=DIRECTION('center_axis',(0.,0.,-1.));
#1894=DIRECTION('ref_axis',(1.,0.,0.));
#1895=DIRECTION('',(0.,0.,-1.));
#1896=DIRECTION('center_axis',(0.,0.,1.));
#1897=DIRECTION('ref_axis',(1.,0.,0.));
#1898=DIRECTION('',(0.,0.,1.));
#1899=DIRECTION('center_axis',(0.,0.,-1.));
#1900=DIRECTION('ref_axis',(1.,0.,0.));
#1901=DIRECTION('center_axis',(0.,0.,1.));
#1902=DIRECTION('ref_axis',(1.,0.,0.));
#1903=DIRECTION('center_axis',(0.,0.,1.));
#1904=DIRECTION('ref_axis',(1.,0.,0.));
#1905=DIRECTION('center_axis',(0.,0.,-1.));
#1906=DIRECTION('ref_axis',(1.,0.,0.));
#1907=DIRECTION('center_axis',(0.,0.,-1.));
#1908=DIRECTION('ref_axis',(1.,0.,0.));
#1909=DIRECTION('center_axis',(0.,0.,-1.));
#1910=DIRECTION('ref_axis',(1.,0.,0.));
#1911=DIRECTION('center_axis',(0.,0.,-1.));
#1912=DIRECTION('ref_axis',(1.,0.,0.));
#1913=DIRECTION('center_axis',(0.,0.,1.));
#1914=DIRECTION('ref_axis',(1.,0.,0.));
#1915=DIRECTION('',(0.,0.,-1.));
#1916=DIRECTION('center_axis',(0.,0.,-1.));
#1917=DIRECTION('ref_axis',(1.,0.,0.));
#1918=DIRECTION('',(0.,0.,1.));
#1919=DIRECTION('center_axis',(0.,0.,-1.));
#1920=DIRECTION('ref_axis',(1.,0.,0.));
#1921=DIRECTION('center_axis',(0.,0.,1.));
#1922=DIRECTION('ref_axis',(1.,0.,0.));
#1923=DIRECTION('center_axis',(0.,0.,-1.));
#1924=DIRECTION('ref_axis',(1.,0.,0.));
#1925=DIRECTION('',(0.,0.,-1.));
#1926=DIRECTION('center_axis',(0.,0.,1.));
#1927=DIRECTION('ref_axis',(1.,0.,0.));
#1928=DIRECTION('center_axis',(0.,0.,-1.));
#1929=DIRECTION('ref_axis',(1.,0.,0.));
#1930=DIRECTION('',(0.,0.,-1.));
#1931=DIRECTION('center_axis',(0.,0.,1.));
#1932=DIRECTION('ref_axis',(1.,0.,0.));
#1933=DIRECTION('center_axis',(0.,0.,-1.));
#1934=DIRECTION('ref_axis',(1.,0.,0.));
#1935=DIRECTION('',(0.,0.,-1.));
#1936=DIRECTION('center_axis',(0.,0.,1.));
#1937=DIRECTION('ref_axis',(1.,0.,0.));
#1938=DIRECTION('center_axis',(0.,0.,-1.));
#1939=DIRECTION('ref_axis',(1.,0.,0.));
#1940=DIRECTION('',(0.,0.,-1.));
#1941=DIRECTION('center_axis',(0.,0.,1.));
#1942=DIRECTION('ref_axis',(1.,0.,0.));
#1943=DIRECTION('center_axis',(0.,0.,1.));
#1944=DIRECTION('ref_axis',(1.,0.,0.));
#1945=DIRECTION('',(0.,0.,-1.));
#1946=DIRECTION('center_axis',(0.,0.,1.));
#1947=DIRECTION('ref_axis',(1.,0.,0.));
#1948=DIRECTION('center_axis',(0.,0.,1.));
#1949=DIRECTION('ref_axis',(1.,0.,0.));
#1950=DIRECTION('center_axis',(0.,0.,1.));
#1951=DIRECTION('ref_axis',(1.,0.,0.));
#1952=DIRECTION('center_axis',(0.,0.,1.));
#1953=DIRECTION('ref_axis',(1.,0.,0.));
#1954=DIRECTION('',(0.,0.,1.));
#1955=DIRECTION('center_axis',(0.,0.,-1.));
#1956=DIRECTION('ref_axis',(1.,0.,0.));
#1957=DIRECTION('',(0.,0.,-1.));
#1958=DIRECTION('center_axis',(0.,0.,-1.));
#1959=DIRECTION('ref_axis',(1.,0.,0.));
#1960=DIRECTION('',(0.,0.,1.));
#1961=DIRECTION('center_axis',(0.,0.,-1.));
#1962=DIRECTION('ref_axis',(1.,0.,0.));
#1963=DIRECTION('',(0.,0.,-1.));
#1964=DIRECTION('',(0.,0.,1.));
#1965=DIRECTION('center_axis',(0.,0.,1.));
#1966=DIRECTION('ref_axis',(1.,0.,0.));
#1967=DIRECTION('',(0.,0.,-1.));
#1968=DIRECTION('center_axis',(0.,0.,-1.));
#1969=DIRECTION('ref_axis',(1.,0.,0.));
#1970=DIRECTION('',(0.,0.,-1.));
#1971=DIRECTION('center_axis',(0.,0.,-1.));
#1972=DIRECTION('ref_axis',(1.,0.,0.));
#1973=DIRECTION('',(0.,0.,1.));
#1974=DIRECTION('center_axis',(0.,0.,-1.));
#1975=DIRECTION('ref_axis',(1.,0.,0.));
#1976=DIRECTION('',(0.,0.,-1.));
#1977=DIRECTION('center_axis',(0.,0.,-1.));
#1978=DIRECTION('ref_axis',(1.,0.,0.));
#1979=DIRECTION('',(0.,0.,1.));
#1980=DIRECTION('center_axis',(0.,0.,-1.));
#1981=DIRECTION('ref_axis',(1.,0.,0.));
#1982=DIRECTION('',(0.,0.,-1.));
#1983=DIRECTION('center_axis',(0.,0.,-1.));
#1984=DIRECTION('ref_axis',(1.,0.,0.));
#1985=DIRECTION('center_axis',(0.,0.,1.));
#1986=DIRECTION('ref_axis',(-1.,0.,0.));
#1987=DIRECTION('center_axis',(0.,0.,-1.));
#1988=DIRECTION('ref_axis',(-1.,0.,0.));
#1989=DIRECTION('',(0.,0.,1.));
#1990=DIRECTION('center_axis',(0.,0.,-1.));
#1991=DIRECTION('ref_axis',(-1.,0.,0.));
#1992=DIRECTION('center_axis',(0.,0.,-1.));
#1993=DIRECTION('ref_axis',(1.,0.,0.));
#1994=DIRECTION('center_axis',(0.,0.,1.));
#1995=DIRECTION('ref_axis',(-1.,1.22464679914735E-16,0.));
#1996=DIRECTION('center_axis',(0.,0.,1.));
#1997=DIRECTION('ref_axis',(-1.,0.,0.));
#1998=DIRECTION('center_axis',(0.,0.,-1.));
#1999=DIRECTION('ref_axis',(-1.,0.,0.));
#2000=DIRECTION('',(0.,0.,1.));
#2001=DIRECTION('center_axis',(0.,0.,-1.));
#2002=DIRECTION('ref_axis',(-1.,0.,0.));
#2003=DIRECTION('center_axis',(0.,0.,-1.));
#2004=DIRECTION('ref_axis',(1.,0.,0.));
#2005=DIRECTION('center_axis',(0.,0.,1.));
#2006=DIRECTION('ref_axis',(1.,0.,0.));
#2007=DIRECTION('center_axis',(0.,1.,0.));
#2008=DIRECTION('ref_axis',(1.,0.,0.));
#2009=DIRECTION('',(-1.,0.,0.));
#2010=DIRECTION('',(1.,0.,0.));
#2011=DIRECTION('center_axis',(0.,-1.,0.));
#2012=DIRECTION('ref_axis',(-1.,0.,0.));
#2013=DIRECTION('',(1.,0.,0.));
#2014=DIRECTION('',(-1.,0.,0.));
#2015=DIRECTION('center_axis',(0.,0.,1.));
#2016=DIRECTION('ref_axis',(1.,0.,0.));
#2017=DIRECTION('center_axis',(0.707106781186547,-0.707106781186548,0.));
#2018=DIRECTION('ref_axis',(0.707106781186548,0.707106781186547,0.));
#2019=DIRECTION('',(0.,0.,-1.));
#2020=DIRECTION('center_axis',(0.707106781186547,-0.707106781186548,0.));
#2021=DIRECTION('ref_axis',(0.707106781186548,0.707106781186547,0.));
#2022=DIRECTION('center_axis',(0.707106781186547,-0.707106781186548,0.));
#2023=DIRECTION('ref_axis',(0.707106781186548,0.707106781186547,0.));
#2024=DIRECTION('center_axis',(0.707106781186547,-0.707106781186548,0.));
#2025=DIRECTION('ref_axis',(0.707106781186548,0.707106781186547,0.));
#2026=DIRECTION('center_axis',(0.707106781186547,-0.707106781186548,0.));
#2027=DIRECTION('ref_axis',(0.707106781186548,0.707106781186547,0.));
#2028=DIRECTION('',(0.707106781186547,-0.707106781186548,0.));
#2029=DIRECTION('center_axis',(0.707106781186547,-0.707106781186548,0.));
#2030=DIRECTION('ref_axis',(0.707106781186548,0.707106781186547,0.));
#2031=DIRECTION('',(0.,0.,1.));
#2032=DIRECTION('center_axis',(-1.83697019872103E-16,-1.,0.));
#2033=DIRECTION('ref_axis',(1.,-1.83697019872103E-16,0.));
#2034=DIRECTION('',(0.,0.,-1.));
#2035=DIRECTION('center_axis',(-1.83697019872103E-16,-1.,0.));
#2036=DIRECTION('ref_axis',(1.,-1.83697019872103E-16,0.));
#2037=DIRECTION('center_axis',(-1.83697019872103E-16,-1.,0.));
#2038=DIRECTION('ref_axis',(1.,-1.83697019872103E-16,0.));
#2039=DIRECTION('center_axis',(-2.19411664945683E-16,-1.,0.));
#2040=DIRECTION('ref_axis',(1.,-2.19411664945683E-16,0.));
#2041=DIRECTION('center_axis',(-1.83697019872103E-16,-1.,0.));
#2042=DIRECTION('ref_axis',(1.,-1.83697019872103E-16,0.));
#2043=DIRECTION('',(-2.19411664945683E-16,-1.,0.));
#2044=DIRECTION('center_axis',(-1.83697019872103E-16,-1.,0.));
#2045=DIRECTION('ref_axis',(1.,-1.83697019872103E-16,0.));
#2046=DIRECTION('',(0.,0.,1.));
#2047=DIRECTION('center_axis',(-0.707106781186548,-0.707106781186547,0.));
#2048=DIRECTION('ref_axis',(0.707106781186547,-0.707106781186548,0.));
#2049=DIRECTION('',(0.,0.,-1.));
#2050=DIRECTION('center_axis',(-0.707106781186548,-0.707106781186547,0.));
#2051=DIRECTION('ref_axis',(0.707106781186547,-0.707106781186548,0.));
#2052=DIRECTION('center_axis',(-0.707106781186548,-0.707106781186547,0.));
#2053=DIRECTION('ref_axis',(0.707106781186547,-0.707106781186548,0.));
#2054=DIRECTION('center_axis',(-0.707106781186548,-0.707106781186547,0.));
#2055=DIRECTION('ref_axis',(0.707106781186547,-0.707106781186548,0.));
#2056=DIRECTION('center_axis',(-0.707106781186548,-0.707106781186547,0.));
#2057=DIRECTION('ref_axis',(0.707106781186547,-0.707106781186548,0.));
#2058=DIRECTION('',(-0.707106781186548,-0.707106781186547,0.));
#2059=DIRECTION('center_axis',(-0.707106781186548,-0.707106781186547,0.));
#2060=DIRECTION('ref_axis',(0.707106781186547,-0.707106781186548,0.));
#2061=DIRECTION('',(0.,0.,1.));
#2062=DIRECTION('center_axis',(-1.,1.22464679914735E-16,0.));
#2063=DIRECTION('ref_axis',(-1.22464679914735E-16,-1.,0.));
#2064=DIRECTION('',(0.,0.,-1.));
#2065=DIRECTION('center_axis',(-1.,1.22464679914735E-16,0.));
#2066=DIRECTION('ref_axis',(-1.22464679914735E-16,-1.,0.));
#2067=DIRECTION('center_axis',(-1.,1.22464679914735E-16,0.));
#2068=DIRECTION('ref_axis',(-1.22464679914735E-16,-1.,0.));
#2069=DIRECTION('center_axis',(-1.,1.46274443297122E-16,0.));
#2070=DIRECTION('ref_axis',(-1.46274443297122E-16,-1.,0.));
#2071=DIRECTION('center_axis',(-1.,1.22464679914735E-16,0.));
#2072=DIRECTION('ref_axis',(-1.22464679914735E-16,-1.,0.));
#2073=DIRECTION('',(-1.,1.46274443297122E-16,0.));
#2074=DIRECTION('center_axis',(-1.,1.22464679914735E-16,0.));
#2075=DIRECTION('ref_axis',(-1.22464679914735E-16,-1.,0.));
#2076=DIRECTION('',(0.,0.,1.));
#2077=DIRECTION('center_axis',(-0.707106781186547,0.707106781186548,0.));
#2078=DIRECTION('ref_axis',(-0.707106781186548,-0.707106781186547,0.));
#2079=DIRECTION('',(0.,0.,-1.));
#2080=DIRECTION('center_axis',(-0.707106781186547,0.707106781186548,0.));
#2081=DIRECTION('ref_axis',(-0.707106781186548,-0.707106781186547,0.));
#2082=DIRECTION('center_axis',(-0.707106781186547,0.707106781186548,0.));
#2083=DIRECTION('ref_axis',(-0.707106781186548,-0.707106781186547,0.));
#2084=DIRECTION('center_axis',(-0.707106781186547,0.707106781186548,0.));
#2085=DIRECTION('ref_axis',(-0.707106781186548,-0.707106781186547,0.));
#2086=DIRECTION('center_axis',(-0.707106781186547,0.707106781186548,0.));
#2087=DIRECTION('ref_axis',(-0.707106781186548,-0.707106781186547,0.));
#2088=DIRECTION('',(-0.707106781186547,0.707106781186548,0.));
#2089=DIRECTION('center_axis',(-0.707106781186547,0.707106781186548,0.));
#2090=DIRECTION('ref_axis',(-0.707106781186548,-0.707106781186547,0.));
#2091=DIRECTION('',(0.,0.,1.));
#2092=DIRECTION('center_axis',(6.12323399573677E-17,1.,0.));
#2093=DIRECTION('ref_axis',(-1.,6.12323399573677E-17,0.));
#2094=DIRECTION('',(0.,0.,-1.));
#2095=DIRECTION('center_axis',(6.12323399573677E-17,1.,0.));
#2096=DIRECTION('ref_axis',(-1.,6.12323399573677E-17,0.));
#2097=DIRECTION('center_axis',(6.12323399573677E-17,1.,0.));
#2098=DIRECTION('ref_axis',(-1.,6.12323399573677E-17,0.));
#2099=DIRECTION('center_axis',(7.31372216485611E-17,1.,0.));
#2100=DIRECTION('ref_axis',(-1.,7.31372216485611E-17,0.));
#2101=DIRECTION('center_axis',(6.12323399573677E-17,1.,0.));
#2102=DIRECTION('ref_axis',(-1.,6.12323399573677E-17,0.));
#2103=DIRECTION('',(7.31372216485611E-17,1.,0.));
#2104=DIRECTION('center_axis',(6.12323399573677E-17,1.,0.));
#2105=DIRECTION('ref_axis',(-1.,6.12323399573677E-17,0.));
#2106=DIRECTION('',(0.,0.,1.));
#2107=DIRECTION('center_axis',(0.707106781186548,0.707106781186548,0.));
#2108=DIRECTION('ref_axis',(-0.707106781186548,0.707106781186548,0.));
#2109=DIRECTION('',(0.,0.,-1.));
#2110=DIRECTION('center_axis',(0.707106781186548,0.707106781186548,0.));
#2111=DIRECTION('ref_axis',(-0.707106781186548,0.707106781186548,0.));
#2112=DIRECTION('center_axis',(0.707106781186548,0.707106781186548,0.));
#2113=DIRECTION('ref_axis',(-0.707106781186548,0.707106781186548,0.));
#2114=DIRECTION('center_axis',(0.707106781186548,0.707106781186547,0.));
#2115=DIRECTION('ref_axis',(-0.707106781186547,0.707106781186548,0.));
#2116=DIRECTION('center_axis',(0.707106781186548,0.707106781186548,0.));
#2117=DIRECTION('ref_axis',(-0.707106781186548,0.707106781186548,0.));
#2118=DIRECTION('',(0.707106781186548,0.707106781186547,0.));
#2119=DIRECTION('center_axis',(0.707106781186548,0.707106781186548,0.));
#2120=DIRECTION('ref_axis',(-0.707106781186548,0.707106781186548,0.));
#2121=DIRECTION('',(0.,0.,1.));
#2122=DIRECTION('center_axis',(1.,0.,0.));
#2123=DIRECTION('ref_axis',(0.,1.,0.));
#2124=DIRECTION('',(0.,0.,-1.));
#2125=DIRECTION('center_axis',(1.,0.,0.));
#2126=DIRECTION('ref_axis',(0.,1.,0.));
#2127=DIRECTION('center_axis',(1.,0.,0.));
#2128=DIRECTION('ref_axis',(0.,1.,0.));
#2129=DIRECTION('center_axis',(1.,0.,0.));
#2130=DIRECTION('ref_axis',(0.,1.,0.));
#2131=DIRECTION('center_axis',(1.,0.,0.));
#2132=DIRECTION('ref_axis',(0.,1.,0.));
#2133=DIRECTION('',(1.,0.,0.));
#2134=DIRECTION('center_axis',(1.,0.,0.));
#2135=DIRECTION('ref_axis',(0.,1.,0.));
#2136=DIRECTION('',(0.,0.,1.));
#2137=DIRECTION('center_axis',(0.,0.,-1.));
#2138=DIRECTION('ref_axis',(-0.699958427304447,0.71418358987412,0.));
#2139=DIRECTION('center_axis',(0.,0.,-1.));
#2140=DIRECTION('ref_axis',(1.,0.,0.));
#2141=DIRECTION('center_axis',(0.,0.,1.));
#2142=DIRECTION('ref_axis',(1.,0.,0.));
#2143=DIRECTION('center_axis',(0.,0.,-1.));
#2144=DIRECTION('ref_axis',(1.,0.,0.));
#2145=DIRECTION('center_axis',(0.,0.,-1.));
#2146=DIRECTION('ref_axis',(1.,0.,0.));
#2147=DIRECTION('center_axis',(0.,0.,-1.));
#2148=DIRECTION('ref_axis',(1.,0.,0.));
#2149=DIRECTION('center_axis',(0.,0.,-1.));
#2150=DIRECTION('ref_axis',(1.,0.,0.));
#2151=DIRECTION('center_axis',(0.,0.,1.));
#2152=DIRECTION('ref_axis',(1.,0.,0.));
#2153=DIRECTION('center_axis',(0.,0.,-1.));
#2154=DIRECTION('ref_axis',(1.,0.,0.));
#2155=DIRECTION('center_axis',(0.,0.,-1.));
#2156=DIRECTION('ref_axis',(1.,0.,0.));
#2157=DIRECTION('center_axis',(0.,0.,-1.));
#2158=DIRECTION('ref_axis',(1.,0.,0.));
#2159=DIRECTION('center_axis',(0.,0.,1.));
#2160=DIRECTION('ref_axis',(1.,0.,0.));
#2161=DIRECTION('center_axis',(0.,0.,-1.));
#2162=DIRECTION('ref_axis',(-0.71418358987412,-0.699958427304447,0.));
#2163=DIRECTION('center_axis',(0.,0.,-1.));
#2164=DIRECTION('ref_axis',(1.,0.,0.));
#2165=DIRECTION('center_axis',(0.,0.,1.));
#2166=DIRECTION('ref_axis',(1.,0.,0.));
#2167=DIRECTION('center_axis',(0.,0.,-1.));
#2168=DIRECTION('ref_axis',(1.,0.,0.));
#2169=DIRECTION('center_axis',(0.,0.,1.));
#2170=DIRECTION('ref_axis',(1.,0.,0.));
#2171=DIRECTION('center_axis',(0.,0.,1.));
#2172=DIRECTION('ref_axis',(1.,0.,0.));
#2173=DIRECTION('center_axis',(0.,0.,-1.));
#2174=DIRECTION('ref_axis',(1.,0.,0.));
#2175=DIRECTION('center_axis',(0.,0.,1.));
#2176=DIRECTION('ref_axis',(1.,0.,0.));
#2177=DIRECTION('center_axis',(0.,0.,-1.));
#2178=DIRECTION('ref_axis',(1.,0.,0.));
#2179=DIRECTION('center_axis',(0.,0.,1.));
#2180=DIRECTION('ref_axis',(1.,0.,0.));
#2181=DIRECTION('center_axis',(0.,0.,1.));
#2182=DIRECTION('ref_axis',(1.,0.,0.));
#2183=DIRECTION('center_axis',(0.,0.,-1.));
#2184=DIRECTION('ref_axis',(1.,0.,0.));
#2185=DIRECTION('',(0.,0.,-1.));
#2186=DIRECTION('center_axis',(0.,0.,1.));
#2187=DIRECTION('ref_axis',(1.,0.,0.));
#2188=DIRECTION('center_axis',(0.,0.,-1.));
#2189=DIRECTION('ref_axis',(1.,0.,0.));
#2190=DIRECTION('',(0.,0.,-1.));
#2191=DIRECTION('center_axis',(0.,0.,1.));
#2192=DIRECTION('ref_axis',(1.,0.,0.));
#2193=DIRECTION('center_axis',(0.,0.,-1.));
#2194=DIRECTION('ref_axis',(1.,0.,0.));
#2195=DIRECTION('',(0.,0.,-1.));
#2196=DIRECTION('center_axis',(0.,0.,1.));
#2197=DIRECTION('ref_axis',(1.,0.,0.));
#2198=DIRECTION('center_axis',(0.,0.,-1.));
#2199=DIRECTION('ref_axis',(1.,0.,0.));
#2200=DIRECTION('',(0.,0.,-1.));
#2201=DIRECTION('center_axis',(0.,0.,1.));
#2202=DIRECTION('ref_axis',(1.,0.,0.));
#2203=DIRECTION('center_axis',(0.,0.,1.));
#2204=DIRECTION('ref_axis',(1.,0.,0.));
#2205=DIRECTION('',(0.,0.,-1.));
#2206=DIRECTION('center_axis',(0.,0.,1.));
#2207=DIRECTION('ref_axis',(-0.707106781186547,0.707106781186548,0.));
#2208=DIRECTION('center_axis',(0.,0.,1.));
#2209=DIRECTION('ref_axis',(-0.707106781186547,0.707106781186548,0.));
#2210=DIRECTION('',(0.,0.,1.));
#2211=DIRECTION('center_axis',(0.,0.,1.));
#2212=DIRECTION('ref_axis',(-0.707106781186547,0.707106781186548,0.));
#2213=DIRECTION('center_axis',(0.,0.,1.));
#2214=DIRECTION('ref_axis',(-0.707106781186547,0.707106781186548,0.));
#2215=DIRECTION('center_axis',(0.,0.,-1.));
#2216=DIRECTION('ref_axis',(0.707106781186547,-0.707106781186548,0.));
#2217=DIRECTION('center_axis',(0.,0.,1.));
#2218=DIRECTION('ref_axis',(0.707106781186547,-0.707106781186548,0.));
#2219=DIRECTION('',(0.,0.,1.));
#2220=DIRECTION('center_axis',(0.,0.,-1.));
#2221=DIRECTION('ref_axis',(0.707106781186547,-0.707106781186548,0.));
#2222=DIRECTION('center_axis',(0.,0.,1.));
#2223=DIRECTION('ref_axis',(1.83697019872103E-16,1.,0.));
#2224=DIRECTION('center_axis',(0.,0.,1.));
#2225=DIRECTION('ref_axis',(1.83697019872103E-16,1.,0.));
#2226=DIRECTION('',(0.,0.,1.));
#2227=DIRECTION('center_axis',(0.,0.,1.));
#2228=DIRECTION('ref_axis',(1.83697019872103E-16,1.,0.));
#2229=DIRECTION('center_axis',(0.,0.,1.));
#2230=DIRECTION('ref_axis',(1.83697019872103E-16,1.,0.));
#2231=DIRECTION('center_axis',(0.,0.,-1.));
#2232=DIRECTION('ref_axis',(-1.83697019872103E-16,-1.,0.));
#2233=DIRECTION('center_axis',(0.,0.,1.));
#2234=DIRECTION('ref_axis',(-1.83697019872103E-16,-1.,0.));
#2235=DIRECTION('',(0.,0.,1.));
#2236=DIRECTION('center_axis',(0.,0.,-1.));
#2237=DIRECTION('ref_axis',(-1.83697019872103E-16,-1.,0.));
#2238=DIRECTION('center_axis',(0.,0.,1.));
#2239=DIRECTION('ref_axis',(0.707106781186548,0.707106781186547,0.));
#2240=DIRECTION('center_axis',(0.,0.,1.));
#2241=DIRECTION('ref_axis',(0.707106781186548,0.707106781186547,0.));
#2242=DIRECTION('',(0.,0.,1.));
#2243=DIRECTION('center_axis',(0.,0.,1.));
#2244=DIRECTION('ref_axis',(0.707106781186548,0.707106781186547,0.));
#2245=DIRECTION('center_axis',(0.,0.,1.));
#2246=DIRECTION('ref_axis',(0.707106781186548,0.707106781186547,0.));
#2247=DIRECTION('center_axis',(0.,0.,-1.));
#2248=DIRECTION('ref_axis',(-0.707106781186548,-0.707106781186547,0.));
#2249=DIRECTION('center_axis',(0.,0.,1.));
#2250=DIRECTION('ref_axis',(-0.707106781186548,-0.707106781186547,0.));
#2251=DIRECTION('',(0.,0.,1.));
#2252=DIRECTION('center_axis',(0.,0.,-1.));
#2253=DIRECTION('ref_axis',(-0.707106781186548,-0.707106781186547,0.));
#2254=DIRECTION('center_axis',(0.,0.,1.));
#2255=DIRECTION('ref_axis',(1.,-1.22464679914735E-16,0.));
#2256=DIRECTION('center_axis',(0.,0.,1.));
#2257=DIRECTION('ref_axis',(1.,-1.22464679914735E-16,0.));
#2258=DIRECTION('',(0.,0.,1.));
#2259=DIRECTION('center_axis',(0.,0.,1.));
#2260=DIRECTION('ref_axis',(1.,-1.22464679914735E-16,0.));
#2261=DIRECTION('center_axis',(0.,0.,1.));
#2262=DIRECTION('ref_axis',(1.,-1.22464679914735E-16,0.));
#2263=DIRECTION('center_axis',(0.,0.,-1.));
#2264=DIRECTION('ref_axis',(-1.,1.22464679914735E-16,0.));
#2265=DIRECTION('center_axis',(0.,0.,1.));
#2266=DIRECTION('ref_axis',(-1.,1.22464679914735E-16,0.));
#2267=DIRECTION('',(0.,0.,1.));
#2268=DIRECTION('center_axis',(0.,0.,-1.));
#2269=DIRECTION('ref_axis',(-1.,1.22464679914735E-16,0.));
#2270=DIRECTION('center_axis',(0.,0.,1.));
#2271=DIRECTION('ref_axis',(0.707106781186547,-0.707106781186548,0.));
#2272=DIRECTION('center_axis',(0.,0.,1.));
#2273=DIRECTION('ref_axis',(0.707106781186547,-0.707106781186548,0.));
#2274=DIRECTION('',(0.,0.,1.));
#2275=DIRECTION('center_axis',(0.,0.,1.));
#2276=DIRECTION('ref_axis',(0.707106781186547,-0.707106781186548,0.));
#2277=DIRECTION('center_axis',(0.,0.,1.));
#2278=DIRECTION('ref_axis',(0.707106781186547,-0.707106781186548,0.));
#2279=DIRECTION('center_axis',(0.,0.,-1.));
#2280=DIRECTION('ref_axis',(-0.707106781186547,0.707106781186548,0.));
#2281=DIRECTION('center_axis',(0.,0.,1.));
#2282=DIRECTION('ref_axis',(-0.707106781186547,0.707106781186548,0.));
#2283=DIRECTION('',(0.,0.,1.));
#2284=DIRECTION('center_axis',(0.,0.,-1.));
#2285=DIRECTION('ref_axis',(-0.707106781186547,0.707106781186548,0.));
#2286=DIRECTION('center_axis',(0.,0.,1.));
#2287=DIRECTION('ref_axis',(-6.12323399573677E-17,-1.,0.));
#2288=DIRECTION('center_axis',(0.,0.,1.));
#2289=DIRECTION('ref_axis',(-6.12323399573677E-17,-1.,0.));
#2290=DIRECTION('',(0.,0.,1.));
#2291=DIRECTION('center_axis',(0.,0.,1.));
#2292=DIRECTION('ref_axis',(-6.12323399573677E-17,-1.,0.));
#2293=DIRECTION('center_axis',(0.,0.,1.));
#2294=DIRECTION('ref_axis',(-6.12323399573677E-17,-1.,0.));
#2295=DIRECTION('center_axis',(0.,0.,-1.));
#2296=DIRECTION('ref_axis',(6.12323399573677E-17,1.,0.));
#2297=DIRECTION('center_axis',(0.,0.,1.));
#2298=DIRECTION('ref_axis',(6.12323399573677E-17,1.,0.));
#2299=DIRECTION('',(0.,0.,1.));
#2300=DIRECTION('center_axis',(0.,0.,-1.));
#2301=DIRECTION('ref_axis',(6.12323399573677E-17,1.,0.));
#2302=DIRECTION('center_axis',(0.,0.,1.));
#2303=DIRECTION('ref_axis',(-0.707106781186548,-0.707106781186548,0.));
#2304=DIRECTION('center_axis',(0.,0.,1.));
#2305=DIRECTION('ref_axis',(-0.707106781186548,-0.707106781186548,0.));
#2306=DIRECTION('',(0.,0.,1.));
#2307=DIRECTION('center_axis',(0.,0.,1.));
#2308=DIRECTION('ref_axis',(-0.707106781186548,-0.707106781186548,0.));
#2309=DIRECTION('center_axis',(0.,0.,1.));
#2310=DIRECTION('ref_axis',(-0.707106781186548,-0.707106781186548,0.));
#2311=DIRECTION('center_axis',(0.,0.,-1.));
#2312=DIRECTION('ref_axis',(0.707106781186547,0.707106781186547,0.));
#2313=DIRECTION('center_axis',(0.,0.,1.));
#2314=DIRECTION('ref_axis',(0.707106781186547,0.707106781186547,0.));
#2315=DIRECTION('',(0.,0.,1.));
#2316=DIRECTION('center_axis',(0.,0.,-1.));
#2317=DIRECTION('ref_axis',(0.707106781186547,0.707106781186547,0.));
#2318=DIRECTION('center_axis',(0.,0.,1.));
#2319=DIRECTION('ref_axis',(-1.,0.,0.));
#2320=DIRECTION('center_axis',(0.,0.,1.));
#2321=DIRECTION('ref_axis',(-1.,0.,0.));
#2322=DIRECTION('',(0.,0.,1.));
#2323=DIRECTION('center_axis',(0.,0.,1.));
#2324=DIRECTION('ref_axis',(-1.,0.,0.));
#2325=DIRECTION('center_axis',(0.,0.,1.));
#2326=DIRECTION('ref_axis',(-1.,0.,0.));
#2327=DIRECTION('center_axis',(0.,0.,-1.));
#2328=DIRECTION('ref_axis',(1.,0.,0.));
#2329=DIRECTION('center_axis',(0.,0.,1.));
#2330=DIRECTION('ref_axis',(1.,0.,0.));
#2331=DIRECTION('',(0.,0.,1.));
#2332=DIRECTION('center_axis',(0.,0.,-1.));
#2333=DIRECTION('ref_axis',(1.,0.,0.));
#2334=DIRECTION('center_axis',(0.,0.,1.));
#2335=DIRECTION('ref_axis',(1.,0.,0.));
#2336=DIRECTION('',(0.,0.,-1.));
#2337=DIRECTION('center_axis',(0.,0.,-1.));
#2338=DIRECTION('ref_axis',(1.,0.,0.));
#2339=DIRECTION('center_axis',(0.,0.,1.));
#2340=DIRECTION('ref_axis',(1.,0.,0.));
#2341=DIRECTION('center_axis',(0.,0.,-1.));
#2342=DIRECTION('ref_axis',(1.,0.,0.));
#2343=DIRECTION('',(0.,0.,-1.));
#2344=DIRECTION('center_axis',(0.,0.,1.));
#2345=DIRECTION('ref_axis',(1.,0.,0.));
#2346=DIRECTION('center_axis',(0.,0.,1.));
#2347=DIRECTION('ref_axis',(1.,0.,0.));
#2348=DIRECTION('center_axis',(0.,0.,-1.));
#2349=DIRECTION('ref_axis',(-1.,1.22464679914735E-16,0.));
#2350=DIRECTION('center_axis',(0.,0.,1.));
#2351=DIRECTION('ref_axis',(-1.,1.22464679914735E-16,0.));
#2352=DIRECTION('',(0.,0.,-1.));
#2353=CARTESIAN_POINT('',(0.,0.,0.));
#2354=CARTESIAN_POINT('Origin',(0.,0.,-1.5));
#2355=CARTESIAN_POINT('',(8.5,-1.04094977927525E-15,-2.));
#2356=CARTESIAN_POINT('Origin',(0.,0.,-2.));
#2357=CARTESIAN_POINT('',(9.,-1.10218211923262E-15,-1.5));
#2358=CARTESIAN_POINT('Origin',(8.5,-1.04094977927525E-15,-1.5));
#2359=CARTESIAN_POINT('',(-9.,1.10218211923262E-15,-1.5));
#2360=CARTESIAN_POINT('Origin',(0.,0.,-1.5));
#2361=CARTESIAN_POINT('Origin',(0.,0.,-1.5));
#2362=CARTESIAN_POINT('Origin',(0.,0.,0.));
#2363=CARTESIAN_POINT('',(-9.,-1.10218211923262E-15,0.));
#2364=CARTESIAN_POINT('Origin',(0.,0.,0.));
#2365=CARTESIAN_POINT('',(-9.,-1.10218211923262E-15,0.));
#2366=CARTESIAN_POINT('Origin',(0.,0.,-2.));
#2367=CARTESIAN_POINT('',(-5.,-6.12323399573677E-16,-2.));
#2368=CARTESIAN_POINT('Origin',(0.,0.,-2.));
#2369=CARTESIAN_POINT('Origin',(0.,0.,-5.5));
#2370=CARTESIAN_POINT('',(-16.85,2.06352985656329E-15,-6.));
#2371=CARTESIAN_POINT('Origin',(0.,0.,-6.));
#2372=CARTESIAN_POINT('',(-16.35,-2.00229751660592E-15,-5.5));
#2373=CARTESIAN_POINT('Origin',(-16.85,-2.06352985656329E-15,-5.5));
#2374=CARTESIAN_POINT('Origin',(0.,0.,-5.5));
#2375=CARTESIAN_POINT('Origin',(0.,0.,0.));
#2376=CARTESIAN_POINT('',(-16.35,2.00229751660592E-15,0.));
#2377=CARTESIAN_POINT('',(-16.35,2.00229751660592E-15,0.));
#2378=CARTESIAN_POINT('',(11.1050664113278,-12.,0.));
#2379=CARTESIAN_POINT('Origin',(0.,0.,0.));
#2380=CARTESIAN_POINT('',(11.1050664113278,-12.,-5.));
#2381=CARTESIAN_POINT('',(11.1050664113278,-12.,0.));
#2382=CARTESIAN_POINT('',(11.1050664113278,12.,-5.));
#2383=CARTESIAN_POINT('Origin',(0.,0.,-5.));
#2384=CARTESIAN_POINT('',(11.1050664113278,12.,0.));
#2385=CARTESIAN_POINT('',(11.1050664113278,12.,0.));
#2386=CARTESIAN_POINT('Origin',(0.,0.,0.));
#2387=CARTESIAN_POINT('Origin',(0.,0.,-6.));
#2388=CARTESIAN_POINT('',(-22.5,-2.75545529808154E-15,-6.));
#2389=CARTESIAN_POINT('Origin',(0.,0.,-6.));
#2390=CARTESIAN_POINT('',(12.892135623731,-14.142135623731,-6.));
#2391=CARTESIAN_POINT('Origin',(14.142135623731,-14.142135623731,-6.));
#2392=CARTESIAN_POINT('',(12.892135623731,14.1421356237309,-6.));
#2393=CARTESIAN_POINT('Origin',(14.142135623731,14.1421356237309,-6.));
#2394=CARTESIAN_POINT('',(-15.3921356237309,14.142135623731,-6.));
#2395=CARTESIAN_POINT('Origin',(-14.1421356237309,14.142135623731,-6.));
#2396=CARTESIAN_POINT('',(-15.392135623731,-14.1421356237309,-6.));
#2397=CARTESIAN_POINT('Origin',(-14.142135623731,-14.1421356237309,-6.));
#2398=CARTESIAN_POINT('Origin',(0.,0.,-6.));
#2399=CARTESIAN_POINT('',(12.737739202857,12.,-2.));
#2400=CARTESIAN_POINT('',(12.737739202857,12.,-5.));
#2401=CARTESIAN_POINT('',(12.737739202857,12.,0.));
#2402=CARTESIAN_POINT('',(12.737739202857,-12.,-5.));
#2403=CARTESIAN_POINT('Origin',(0.,0.,-5.));
#2404=CARTESIAN_POINT('',(12.737739202857,-12.,-2.));
#2405=CARTESIAN_POINT('',(12.737739202857,-12.,0.));
#2406=CARTESIAN_POINT('Origin',(0.,0.,-2.));
#2407=CARTESIAN_POINT('Origin',(-14.142135623731,-14.1421356237309,-6.));
#2408=CARTESIAN_POINT('',(-15.392135623731,-14.1421356237309,-2.));
#2409=CARTESIAN_POINT('Origin',(-14.142135623731,-14.1421356237309,-2.));
#2410=CARTESIAN_POINT('',(-15.392135623731,-14.1421356237309,-6.));
#2411=CARTESIAN_POINT('Origin',(-14.1421356237309,14.142135623731,-6.));
#2412=CARTESIAN_POINT('',(-15.3921356237309,14.142135623731,-2.));
#2413=CARTESIAN_POINT('Origin',(-14.1421356237309,14.142135623731,-2.));
#2414=CARTESIAN_POINT('',(-15.3921356237309,14.142135623731,-6.));
#2415=CARTESIAN_POINT('Origin',(14.142135623731,14.1421356237309,-6.));
#2416=CARTESIAN_POINT('',(12.892135623731,14.1421356237309,-2.));
#2417=CARTESIAN_POINT('Origin',(14.142135623731,14.1421356237309,-2.));
#2418=CARTESIAN_POINT('',(12.892135623731,14.1421356237309,-6.));
#2419=CARTESIAN_POINT('Origin',(14.142135623731,-14.142135623731,-6.));
#2420=CARTESIAN_POINT('',(12.892135623731,-14.142135623731,-2.));
#2421=CARTESIAN_POINT('Origin',(14.142135623731,-14.142135623731,-2.));
#2422=CARTESIAN_POINT('',(12.892135623731,-14.142135623731,-6.));
#2423=CARTESIAN_POINT('Origin',(0.,0.,-6.));
#2424=CARTESIAN_POINT('',(-22.5,-2.22044604925031E-15,-2.));
#2425=CARTESIAN_POINT('Origin',(0.,0.,-2.));
#2426=CARTESIAN_POINT('',(-22.5,-2.75545529808154E-15,-6.));
#2427=CARTESIAN_POINT('Origin',(0.,0.,-2.));
#2428=CARTESIAN_POINT('',(-17.5,-2.14313189850787E-15,-2.));
#2429=CARTESIAN_POINT('Origin',(0.,0.,-2.));
#2430=CARTESIAN_POINT('Origin',(0.,0.,-2.));
#2431=CARTESIAN_POINT('Origin',(0.,0.,0.));
#2432=CARTESIAN_POINT('',(10.7432439841042,-13.8142212483372,3.));
#2433=CARTESIAN_POINT('',(10.7432439841042,-13.8142212483372,8.));
#2434=CARTESIAN_POINT('',(10.7432439841042,-13.8142212483372,5.5));
#2435=CARTESIAN_POINT('',(-11.0189624338572,-13.5953104738819,8.));
#2436=CARTESIAN_POINT('Origin',(0.,0.,8.));
#2437=CARTESIAN_POINT('',(-11.0189624338572,-13.5953104738819,3.));
#2438=CARTESIAN_POINT('',(-11.0189624338572,-13.5953104738819,5.5));
#2439=CARTESIAN_POINT('',(-13.8142212483372,-10.7432439841042,3.));
#2440=CARTESIAN_POINT('Origin',(0.,0.,3.));
#2441=CARTESIAN_POINT('',(-13.8142212483372,-10.7432439841042,8.));
#2442=CARTESIAN_POINT('',(-13.8142212483372,-10.7432439841042,5.5));
#2443=CARTESIAN_POINT('',(-17.5,-2.14313189850787E-15,8.));
#2444=CARTESIAN_POINT('Origin',(0.,0.,8.));
#2445=CARTESIAN_POINT('',(-17.5,-2.14313189850787E-15,0.));
#2446=CARTESIAN_POINT('',(12.737739202857,-12.,0.));
#2447=CARTESIAN_POINT('',(12.737739202857,-12.,0.));
#2448=CARTESIAN_POINT('',(12.737739202857,12.,0.));
#2449=CARTESIAN_POINT('Origin',(0.,0.,0.));
#2450=CARTESIAN_POINT('',(12.737739202857,12.,0.));
#2451=CARTESIAN_POINT('',(-13.5953104738819,11.0189624338572,8.));
#2452=CARTESIAN_POINT('Origin',(0.,0.,8.));
#2453=CARTESIAN_POINT('',(-13.5953104738819,11.0189624338572,3.));
#2454=CARTESIAN_POINT('',(-13.5953104738819,11.0189624338572,5.5));
#2455=CARTESIAN_POINT('',(-10.7432439841042,13.8142212483372,3.));
#2456=CARTESIAN_POINT('Origin',(0.,0.,3.));
#2457=CARTESIAN_POINT('',(-10.7432439841042,13.8142212483372,8.));
#2458=CARTESIAN_POINT('',(-10.7432439841042,13.8142212483372,5.5));
#2459=CARTESIAN_POINT('',(11.0189624338572,13.5953104738819,8.));
#2460=CARTESIAN_POINT('Origin',(0.,0.,8.));
#2461=CARTESIAN_POINT('',(11.0189624338572,13.5953104738819,3.));
#2462=CARTESIAN_POINT('',(11.0189624338572,13.5953104738819,5.5));
#2463=CARTESIAN_POINT('',(13.8142212483372,10.7432439841042,3.));
#2464=CARTESIAN_POINT('Origin',(0.,0.,3.));
#2465=CARTESIAN_POINT('',(13.8142212483372,10.7432439841042,8.));
#2466=CARTESIAN_POINT('',(13.8142212483372,10.7432439841042,5.5));
#2467=CARTESIAN_POINT('',(13.5953104738819,-11.0189624338572,8.));
#2468=CARTESIAN_POINT('Origin',(0.,0.,8.));
#2469=CARTESIAN_POINT('',(13.5953104738819,-11.0189624338572,3.));
#2470=CARTESIAN_POINT('',(13.5953104738819,-11.0189624338572,5.5));
#2471=CARTESIAN_POINT('Origin',(0.,0.,3.));
#2472=CARTESIAN_POINT('',(16.4861105078554,5.87010735189557,6.));
#2473=CARTESIAN_POINT('',(17.3102440248465,2.57010735189557,6.));
#2474=CARTESIAN_POINT('Ctrl Pts',(16.4861105078554,5.87010735189557,6.));
#2475=CARTESIAN_POINT('Ctrl Pts',(16.4861105078554,5.87010735189557,5.79275240464623));
#2476=CARTESIAN_POINT('Ctrl Pts',(16.5010520826363,5.82863636214847,5.57269915639992));
#2477=CARTESIAN_POINT('Ctrl Pts',(16.558753187651,5.66263317131386,5.16989699982504));
#2478=CARTESIAN_POINT('Ctrl Pts',(16.6012267360483,5.53818228361438,4.98707367216819));
#2479=CARTESIAN_POINT('Ctrl Pts',(16.695049133984,5.24875671831999,4.69280598683746));
#2480=CARTESIAN_POINT('Ctrl Pts',(16.7532569652392,5.0619951675536,4.56369019467117));
#2481=CARTESIAN_POINT('Ctrl Pts',(16.8715552631091,4.65253017382675,4.39227754549205));
#2482=CARTESIAN_POINT('Ctrl Pts',(16.931446623997,4.42976115009939,4.35));
#2483=CARTESIAN_POINT('Ctrl Pts',(17.0346625674756,4.01437543831679,4.35));
#2484=CARTESIAN_POINT('Ctrl Pts',(17.0851790376811,3.79344235145497,4.39086473480839));
#2485=CARTESIAN_POINT('Ctrl Pts',(17.1707786013028,3.38495344678152,4.55990371452432));
#2486=CARTESIAN_POINT('Ctrl Pts',(17.2060700594757,3.19746924828038,4.68814543787285));
#2487=CARTESIAN_POINT('Ctrl Pts',(17.2578824560953,2.90466075505341,4.98303802930235));
#2488=CARTESIAN_POINT('Ctrl Pts',(17.2781990067287,2.77866962787777,5.16766788345691));
#2489=CARTESIAN_POINT('Ctrl Pts',(17.3042717886938,2.61138729981321,5.57275379786033));
#2490=CARTESIAN_POINT('Ctrl Pts',(17.3102440248465,2.57010735189557,5.79320057331068));
#2491=CARTESIAN_POINT('Ctrl Pts',(17.3102440248465,2.57010735189557,6.));
#2492=CARTESIAN_POINT('Ctrl Pts',(17.3102440248465,2.57010735189557,6.));
#2493=CARTESIAN_POINT('Ctrl Pts',(17.3102440248465,2.57010735189557,6.20679942668933));
#2494=CARTESIAN_POINT('Ctrl Pts',(17.3042717886938,2.61138729981321,6.42724620213967));
#2495=CARTESIAN_POINT('Ctrl Pts',(17.2781990067287,2.77866962787777,6.83233211654309));
#2496=CARTESIAN_POINT('Ctrl Pts',(17.2578824560953,2.90466075505341,7.01696197069765));
#2497=CARTESIAN_POINT('Ctrl Pts',(17.2060700594757,3.19746924828038,7.31185456212715));
#2498=CARTESIAN_POINT('Ctrl Pts',(17.1707786013028,3.38495344678152,7.44009628547568));
#2499=CARTESIAN_POINT('Ctrl Pts',(17.0851790376811,3.79344235145497,7.60913526519161));
#2500=CARTESIAN_POINT('Ctrl Pts',(17.0346625674756,4.01437543831679,7.65));
#2501=CARTESIAN_POINT('Ctrl Pts',(16.931446623997,4.42976115009939,7.65));
#2502=CARTESIAN_POINT('Ctrl Pts',(16.8715552631091,4.65253017382675,7.60772245450795));
#2503=CARTESIAN_POINT('Ctrl Pts',(16.7532569652392,5.0619951675536,7.43630980532883));
#2504=CARTESIAN_POINT('Ctrl Pts',(16.695049133984,5.24875671831999,7.30719401316255));
#2505=CARTESIAN_POINT('Ctrl Pts',(16.6012267360483,5.53818228361438,7.01292632783181));
#2506=CARTESIAN_POINT('Ctrl Pts',(16.558753187651,5.66263317131386,6.83010300017496));
#2507=CARTESIAN_POINT('Ctrl Pts',(16.5010520826363,5.82863636214847,6.42730084360008));
#2508=CARTESIAN_POINT('Ctrl Pts',(16.4861105078554,5.87010735189557,6.20724759535377));
#2509=CARTESIAN_POINT('Ctrl Pts',(16.4861105078554,5.87010735189557,6.));
#2510=CARTESIAN_POINT('',(7.50664782067701,15.8082332503137,6.));
#2511=CARTESIAN_POINT('',(10.4228505970601,14.0575312708656,6.));
#2512=CARTESIAN_POINT('Ctrl Pts',(7.50664782067701,15.8082332503137,6.));
#2513=CARTESIAN_POINT('Ctrl Pts',(7.50664782067701,15.8082332503137,5.79275240464624));
#2514=CARTESIAN_POINT('Ctrl Pts',(7.54653752759889,15.7894741210902,5.57269915639992));
#2515=CARTESIAN_POINT('Ctrl Pts',(7.70472035217448,15.7128929817903,5.16989699982504));
#2516=CARTESIAN_POINT('Ctrl Pts',(7.82275375288422,15.6549262492661,4.98707367216819));
#2517=CARTESIAN_POINT('Ctrl Pts',(8.09375098656017,15.5166139232052,4.69280598683746));
#2518=CARTESIAN_POINT('Ctrl Pts',(8.26697049777069,15.4257127163921,4.56369019467117));
#2519=CARTESIAN_POINT('Ctrl Pts',(8.64015550012011,15.219826771296,4.39227754549205));
#2520=CARTESIAN_POINT('Ctrl Pts',(8.84002657485433,15.1046548713983,4.35));
#2521=CARTESIAN_POINT('Ctrl Pts',(9.20673332202411,14.8839175113491,4.35));
#2522=CARTESIAN_POINT('Ctrl Pts',(9.39867714457652,14.7634147660846,4.39086473480839));
#2523=CARTESIAN_POINT('Ctrl Pts',(9.74805045101408,14.5350975234541,4.55990371452432));
#2524=CARTESIAN_POINT('Ctrl Pts',(9.90557662853156,14.4274810047206,4.68814543787285));
#2525=CARTESIAN_POINT('Ctrl Pts',(10.1492603966806,14.25707103057,4.98303802930235));
#2526=CARTESIAN_POINT('Ctrl Pts',(10.2527155477991,14.182347820898,5.16766788345691));
#2527=CARTESIAN_POINT('Ctrl Pts',(10.3894382572781,14.0824975932828,5.57275379786033));
#2528=CARTESIAN_POINT('Ctrl Pts',(10.4228505970601,14.0575312708656,5.79320057331068));
#2529=CARTESIAN_POINT('Ctrl Pts',(10.4228505970601,14.0575312708656,6.));
#2530=CARTESIAN_POINT('Ctrl Pts',(10.4228505970601,14.0575312708656,6.));
#2531=CARTESIAN_POINT('Ctrl Pts',(10.4228505970601,14.0575312708656,6.20679942668933));
#2532=CARTESIAN_POINT('Ctrl Pts',(10.3894382572781,14.0824975932828,6.42724620213967));
#2533=CARTESIAN_POINT('Ctrl Pts',(10.2527155477991,14.182347820898,6.8323321165431));
#2534=CARTESIAN_POINT('Ctrl Pts',(10.1492603966806,14.25707103057,7.01696197069765));
#2535=CARTESIAN_POINT('Ctrl Pts',(9.90557662853156,14.4274810047206,7.31185456212715));
#2536=CARTESIAN_POINT('Ctrl Pts',(9.74805045101408,14.5350975234541,7.44009628547568));
#2537=CARTESIAN_POINT('Ctrl Pts',(9.39867714457652,14.7634147660846,7.60913526519162));
#2538=CARTESIAN_POINT('Ctrl Pts',(9.20673332202411,14.8839175113491,7.65));
#2539=CARTESIAN_POINT('Ctrl Pts',(8.84002657485433,15.1046548713983,7.65));
#2540=CARTESIAN_POINT('Ctrl Pts',(8.64015550012011,15.219826771296,7.60772245450795));
#2541=CARTESIAN_POINT('Ctrl Pts',(8.26697049777069,15.4257127163921,7.43630980532883));
#2542=CARTESIAN_POINT('Ctrl Pts',(8.09375098656018,15.5166139232052,7.30719401316255));
#2543=CARTESIAN_POINT('Ctrl Pts',(7.82275375288422,15.6549262492661,7.01292632783181));
#2544=CARTESIAN_POINT('Ctrl Pts',(7.70472035217449,15.7128929817903,6.83010300017496));
#2545=CARTESIAN_POINT('Ctrl Pts',(7.5465375275989,15.7894741210902,6.42730084360008));
#2546=CARTESIAN_POINT('Ctrl Pts',(7.50664782067701,15.8082332503137,6.20724759535377));
#2547=CARTESIAN_POINT('Ctrl Pts',(7.50664782067701,15.8082332503137,6.));
#2548=CARTESIAN_POINT('',(-5.87010735189557,16.4861105078554,6.));
#2549=CARTESIAN_POINT('',(-2.57010735189557,17.3102440248465,6.));
#2550=CARTESIAN_POINT('Ctrl Pts',(-5.87010735189557,16.4861105078554,6.));
#2551=CARTESIAN_POINT('Ctrl Pts',(-5.87010735189557,16.4861105078554,5.79275240464624));
#2552=CARTESIAN_POINT('Ctrl Pts',(-5.82863636214847,16.5010520826363,5.57269915639992));
#2553=CARTESIAN_POINT('Ctrl Pts',(-5.66263317131386,16.558753187651,5.16989699982504));
#2554=CARTESIAN_POINT('Ctrl Pts',(-5.53818228361437,16.6012267360483,4.98707367216819));
#2555=CARTESIAN_POINT('Ctrl Pts',(-5.24875671831999,16.695049133984,4.69280598683746));
#2556=CARTESIAN_POINT('Ctrl Pts',(-5.06199516755359,16.7532569652392,4.56369019467117));
#2557=CARTESIAN_POINT('Ctrl Pts',(-4.65253017382675,16.8715552631091,4.39227754549205));
#2558=CARTESIAN_POINT('Ctrl Pts',(-4.42976115009939,16.931446623997,4.35));
#2559=CARTESIAN_POINT('Ctrl Pts',(-4.01437543831679,17.0346625674756,4.35));
#2560=CARTESIAN_POINT('Ctrl Pts',(-3.79344235145497,17.0851790376811,4.39086473480839));
#2561=CARTESIAN_POINT('Ctrl Pts',(-3.38495344678152,17.1707786013028,4.55990371452432));
#2562=CARTESIAN_POINT('Ctrl Pts',(-3.19746924828038,17.2060700594757,4.68814543787285));
#2563=CARTESIAN_POINT('Ctrl Pts',(-2.90466075505341,17.2578824560953,4.98303802930235));
#2564=CARTESIAN_POINT('Ctrl Pts',(-2.77866962787777,17.2781990067287,5.16766788345691));
#2565=CARTESIAN_POINT('Ctrl Pts',(-2.61138729981321,17.3042717886938,5.57275379786033));
#2566=CARTESIAN_POINT('Ctrl Pts',(-2.57010735189557,17.3102440248465,5.79320057331068));
#2567=CARTESIAN_POINT('Ctrl Pts',(-2.57010735189557,17.3102440248465,6.));
#2568=CARTESIAN_POINT('Ctrl Pts',(-2.57010735189557,17.3102440248465,6.));
#2569=CARTESIAN_POINT('Ctrl Pts',(-2.57010735189557,17.3102440248465,6.20679942668933));
#2570=CARTESIAN_POINT('Ctrl Pts',(-2.61138729981321,17.3042717886938,6.42724620213967));
#2571=CARTESIAN_POINT('Ctrl Pts',(-2.77866962787776,17.2781990067287,6.8323321165431));
#2572=CARTESIAN_POINT('Ctrl Pts',(-2.90466075505341,17.2578824560953,7.01696197069765));
#2573=CARTESIAN_POINT('Ctrl Pts',(-3.19746924828038,17.2060700594757,7.31185456212715));
#2574=CARTESIAN_POINT('Ctrl Pts',(-3.38495344678152,17.1707786013028,7.44009628547568));
#2575=CARTESIAN_POINT('Ctrl Pts',(-3.79344235145497,17.0851790376811,7.60913526519161));
#2576=CARTESIAN_POINT('Ctrl Pts',(-4.01437543831679,17.0346625674756,7.65));
#2577=CARTESIAN_POINT('Ctrl Pts',(-4.42976115009939,16.931446623997,7.65));
#2578=CARTESIAN_POINT('Ctrl Pts',(-4.65253017382675,16.8715552631091,7.60772245450795));
#2579=CARTESIAN_POINT('Ctrl Pts',(-5.06199516755359,16.7532569652392,7.43630980532883));
#2580=CARTESIAN_POINT('Ctrl Pts',(-5.24875671831999,16.695049133984,7.30719401316255));
#2581=CARTESIAN_POINT('Ctrl Pts',(-5.53818228361437,16.6012267360483,7.01292632783181));
#2582=CARTESIAN_POINT('Ctrl Pts',(-5.66263317131386,16.558753187651,6.83010300017496));
#2583=CARTESIAN_POINT('Ctrl Pts',(-5.82863636214847,16.5010520826363,6.42730084360008));
#2584=CARTESIAN_POINT('Ctrl Pts',(-5.87010735189557,16.4861105078554,6.20724759535377));
#2585=CARTESIAN_POINT('Ctrl Pts',(-5.87010735189557,16.4861105078554,6.));
#2586=CARTESIAN_POINT('',(-15.8082332503137,7.50664782067701,6.));
#2587=CARTESIAN_POINT('',(-14.0575312708656,10.4228505970601,6.));
#2588=CARTESIAN_POINT('Ctrl Pts',(-15.8082332503137,7.50664782067701,6.));
#2589=CARTESIAN_POINT('Ctrl Pts',(-15.8082332503137,7.50664782067701,5.79275240464623));
#2590=CARTESIAN_POINT('Ctrl Pts',(-15.7894741210902,7.5465375275989,5.57269915639992));
#2591=CARTESIAN_POINT('Ctrl Pts',(-15.7128929817903,7.70472035217449,5.16989699982504));
#2592=CARTESIAN_POINT('Ctrl Pts',(-15.6549262492661,7.82275375288422,4.98707367216819));
#2593=CARTESIAN_POINT('Ctrl Pts',(-15.5166139232052,8.09375098656018,4.69280598683746));
#2594=CARTESIAN_POINT('Ctrl Pts',(-15.4257127163921,8.26697049777069,4.56369019467117));
#2595=CARTESIAN_POINT('Ctrl Pts',(-15.219826771296,8.64015550012011,4.39227754549205));
#2596=CARTESIAN_POINT('Ctrl Pts',(-15.1046548713983,8.84002657485434,4.35));
#2597=CARTESIAN_POINT('Ctrl Pts',(-14.8839175113491,9.20673332202411,4.35));
#2598=CARTESIAN_POINT('Ctrl Pts',(-14.7634147660846,9.39867714457652,4.39086473480839));
#2599=CARTESIAN_POINT('Ctrl Pts',(-14.5350975234541,9.74805045101409,4.55990371452432));
#2600=CARTESIAN_POINT('Ctrl Pts',(-14.4274810047206,9.90557662853156,4.68814543787285));
#2601=CARTESIAN_POINT('Ctrl Pts',(-14.25707103057,10.1492603966806,4.98303802930235));
#2602=CARTESIAN_POINT('Ctrl Pts',(-14.182347820898,10.2527155477991,5.16766788345691));
#2603=CARTESIAN_POINT('Ctrl Pts',(-14.0824975932828,10.3894382572781,5.57275379786033));
#2604=CARTESIAN_POINT('Ctrl Pts',(-14.0575312708656,10.4228505970601,5.79320057331068));
#2605=CARTESIAN_POINT('Ctrl Pts',(-14.0575312708656,10.4228505970601,6.));
#2606=CARTESIAN_POINT('Ctrl Pts',(-14.0575312708656,10.4228505970601,6.));
#2607=CARTESIAN_POINT('Ctrl Pts',(-14.0575312708656,10.4228505970601,6.20679942668932));
#2608=CARTESIAN_POINT('Ctrl Pts',(-14.0824975932828,10.3894382572781,6.42724620213967));
#2609=CARTESIAN_POINT('Ctrl Pts',(-14.182347820898,10.2527155477991,6.8323321165431));
#2610=CARTESIAN_POINT('Ctrl Pts',(-14.25707103057,10.1492603966806,7.01696197069765));
#2611=CARTESIAN_POINT('Ctrl Pts',(-14.4274810047206,9.90557662853156,7.31185456212715));
#2612=CARTESIAN_POINT('Ctrl Pts',(-14.5350975234541,9.74805045101408,7.44009628547568));
#2613=CARTESIAN_POINT('Ctrl Pts',(-14.7634147660846,9.39867714457652,7.60913526519162));
#2614=CARTESIAN_POINT('Ctrl Pts',(-14.8839175113491,9.20673332202411,7.65));
#2615=CARTESIAN_POINT('Ctrl Pts',(-15.1046548713983,8.84002657485434,7.65));
#2616=CARTESIAN_POINT('Ctrl Pts',(-15.219826771296,8.64015550012011,7.60772245450795));
#2617=CARTESIAN_POINT('Ctrl Pts',(-15.4257127163921,8.26697049777069,7.43630980532883));
#2618=CARTESIAN_POINT('Ctrl Pts',(-15.5166139232052,8.09375098656018,7.30719401316255));
#2619=CARTESIAN_POINT('Ctrl Pts',(-15.6549262492661,7.82275375288422,7.01292632783181));
#2620=CARTESIAN_POINT('Ctrl Pts',(-15.7128929817903,7.70472035217449,6.83010300017496));
#2621=CARTESIAN_POINT('Ctrl Pts',(-15.7894741210902,7.5465375275989,6.42730084360008));
#2622=CARTESIAN_POINT('Ctrl Pts',(-15.8082332503137,7.50664782067701,6.20724759535377));
#2623=CARTESIAN_POINT('Ctrl Pts',(-15.8082332503137,7.50664782067701,6.));
#2624=CARTESIAN_POINT('',(-16.4861105078554,-5.87010735189557,6.));
#2625=CARTESIAN_POINT('',(-17.3102440248465,-2.57010735189557,6.));
#2626=CARTESIAN_POINT('Ctrl Pts',(-16.4861105078554,-5.87010735189557,6.));
#2627=CARTESIAN_POINT('Ctrl Pts',(-16.4861105078554,-5.87010735189557,5.79275240464623));
#2628=CARTESIAN_POINT('Ctrl Pts',(-16.5010520826363,-5.82863636214847,5.57269915639992));
#2629=CARTESIAN_POINT('Ctrl Pts',(-16.558753187651,-5.66263317131386,5.16989699982504));
#2630=CARTESIAN_POINT('Ctrl Pts',(-16.6012267360483,-5.53818228361437,4.98707367216819));
#2631=CARTESIAN_POINT('Ctrl Pts',(-16.695049133984,-5.24875671831999,4.69280598683746));
#2632=CARTESIAN_POINT('Ctrl Pts',(-16.7532569652392,-5.0619951675536,4.56369019467117));
#2633=CARTESIAN_POINT('Ctrl Pts',(-16.8715552631091,-4.65253017382675,4.39227754549205));
#2634=CARTESIAN_POINT('Ctrl Pts',(-16.931446623997,-4.42976115009939,4.35));
#2635=CARTESIAN_POINT('Ctrl Pts',(-17.0346625674756,-4.01437543831678,4.35));
#2636=CARTESIAN_POINT('Ctrl Pts',(-17.0851790376811,-3.79344235145497,4.39086473480839));
#2637=CARTESIAN_POINT('Ctrl Pts',(-17.1707786013028,-3.38495344678152,4.55990371452432));
#2638=CARTESIAN_POINT('Ctrl Pts',(-17.2060700594757,-3.19746924828037,4.68814543787285));
#2639=CARTESIAN_POINT('Ctrl Pts',(-17.2578824560953,-2.9046607550534,4.98303802930235));
#2640=CARTESIAN_POINT('Ctrl Pts',(-17.2781990067287,-2.77866962787776,5.16766788345691));
#2641=CARTESIAN_POINT('Ctrl Pts',(-17.3042717886938,-2.61138729981321,5.57275379786033));
#2642=CARTESIAN_POINT('Ctrl Pts',(-17.3102440248465,-2.57010735189557,5.79320057331068));
#2643=CARTESIAN_POINT('Ctrl Pts',(-17.3102440248465,-2.57010735189557,6.));
#2644=CARTESIAN_POINT('Ctrl Pts',(-17.3102440248465,-2.57010735189557,6.));
#2645=CARTESIAN_POINT('Ctrl Pts',(-17.3102440248465,-2.57010735189557,6.20679942668932));
#2646=CARTESIAN_POINT('Ctrl Pts',(-17.3042717886938,-2.61138729981321,6.42724620213967));
#2647=CARTESIAN_POINT('Ctrl Pts',(-17.2781990067287,-2.77866962787776,6.8323321165431));
#2648=CARTESIAN_POINT('Ctrl Pts',(-17.2578824560953,-2.9046607550534,7.01696197069765));
#2649=CARTESIAN_POINT('Ctrl Pts',(-17.2060700594757,-3.19746924828037,7.31185456212715));
#2650=CARTESIAN_POINT('Ctrl Pts',(-17.1707786013028,-3.38495344678152,7.44009628547568));
#2651=CARTESIAN_POINT('Ctrl Pts',(-17.0851790376811,-3.79344235145497,7.60913526519161));
#2652=CARTESIAN_POINT('Ctrl Pts',(-17.0346625674756,-4.01437543831678,7.65));
#2653=CARTESIAN_POINT('Ctrl Pts',(-16.931446623997,-4.42976115009939,7.65));
#2654=CARTESIAN_POINT('Ctrl Pts',(-16.8715552631091,-4.65253017382675,7.60772245450795));
#2655=CARTESIAN_POINT('Ctrl Pts',(-16.7532569652392,-5.06199516755359,7.43630980532883));
#2656=CARTESIAN_POINT('Ctrl Pts',(-16.695049133984,-5.24875671831999,7.30719401316255));
#2657=CARTESIAN_POINT('Ctrl Pts',(-16.6012267360483,-5.53818228361437,7.01292632783181));
#2658=CARTESIAN_POINT('Ctrl Pts',(-16.558753187651,-5.66263317131386,6.83010300017496));
#2659=CARTESIAN_POINT('Ctrl Pts',(-16.5010520826363,-5.82863636214847,6.42730084360008));
#2660=CARTESIAN_POINT('Ctrl Pts',(-16.4861105078554,-5.87010735189557,6.20724759535377));
#2661=CARTESIAN_POINT('Ctrl Pts',(-16.4861105078554,-5.87010735189557,6.));
#2662=CARTESIAN_POINT('',(-7.50664782067701,-15.8082332503137,6.));
#2663=CARTESIAN_POINT('',(-10.4228505970601,-14.0575312708656,6.));
#2664=CARTESIAN_POINT('Ctrl Pts',(-7.50664782067701,-15.8082332503137,6.));
#2665=CARTESIAN_POINT('Ctrl Pts',(-7.50664782067701,-15.8082332503137,5.79275240464623));
#2666=CARTESIAN_POINT('Ctrl Pts',(-7.5465375275989,-15.7894741210902,5.57269915639992));
#2667=CARTESIAN_POINT('Ctrl Pts',(-7.70472035217449,-15.7128929817903,5.16989699982504));
#2668=CARTESIAN_POINT('Ctrl Pts',(-7.82275375288422,-15.6549262492661,4.98707367216819));
#2669=CARTESIAN_POINT('Ctrl Pts',(-8.09375098656018,-15.5166139232052,4.69280598683746));
#2670=CARTESIAN_POINT('Ctrl Pts',(-8.26697049777069,-15.4257127163921,4.56369019467117));
#2671=CARTESIAN_POINT('Ctrl Pts',(-8.64015550012011,-15.219826771296,4.39227754549205));
#2672=CARTESIAN_POINT('Ctrl Pts',(-8.84002657485434,-15.1046548713983,4.35));
#2673=CARTESIAN_POINT('Ctrl Pts',(-9.20673332202411,-14.8839175113491,4.35));
#2674=CARTESIAN_POINT('Ctrl Pts',(-9.39867714457652,-14.7634147660846,4.39086473480839));
#2675=CARTESIAN_POINT('Ctrl Pts',(-9.74805045101409,-14.5350975234541,4.55990371452432));
#2676=CARTESIAN_POINT('Ctrl Pts',(-9.90557662853156,-14.4274810047206,4.68814543787285));
#2677=CARTESIAN_POINT('Ctrl Pts',(-10.1492603966806,-14.25707103057,4.98303802930235));
#2678=CARTESIAN_POINT('Ctrl Pts',(-10.2527155477991,-14.182347820898,5.16766788345691));
#2679=CARTESIAN_POINT('Ctrl Pts',(-10.3894382572781,-14.0824975932828,5.57275379786033));
#2680=CARTESIAN_POINT('Ctrl Pts',(-10.4228505970601,-14.0575312708656,5.79320057331068));
#2681=CARTESIAN_POINT('Ctrl Pts',(-10.4228505970601,-14.0575312708656,6.));
#2682=CARTESIAN_POINT('Ctrl Pts',(-10.4228505970601,-14.0575312708656,6.));
#2683=CARTESIAN_POINT('Ctrl Pts',(-10.4228505970601,-14.0575312708656,6.20679942668933));
#2684=CARTESIAN_POINT('Ctrl Pts',(-10.3894382572781,-14.0824975932828,6.42724620213967));
#2685=CARTESIAN_POINT('Ctrl Pts',(-10.2527155477991,-14.182347820898,6.8323321165431));
#2686=CARTESIAN_POINT('Ctrl Pts',(-10.1492603966806,-14.25707103057,7.01696197069765));
#2687=CARTESIAN_POINT('Ctrl Pts',(-9.90557662853156,-14.4274810047206,7.31185456212715));
#2688=CARTESIAN_POINT('Ctrl Pts',(-9.74805045101408,-14.5350975234541,7.44009628547568));
#2689=CARTESIAN_POINT('Ctrl Pts',(-9.39867714457652,-14.7634147660846,7.60913526519161));
#2690=CARTESIAN_POINT('Ctrl Pts',(-9.20673332202411,-14.8839175113491,7.65));
#2691=CARTESIAN_POINT('Ctrl Pts',(-8.84002657485434,-15.1046548713983,7.65));
#2692=CARTESIAN_POINT('Ctrl Pts',(-8.64015550012011,-15.219826771296,7.60772245450795));
#2693=CARTESIAN_POINT('Ctrl Pts',(-8.26697049777069,-15.4257127163921,7.43630980532883));
#2694=CARTESIAN_POINT('Ctrl Pts',(-8.09375098656018,-15.5166139232052,7.30719401316255));
#2695=CARTESIAN_POINT('Ctrl Pts',(-7.82275375288422,-15.6549262492661,7.01292632783181));
#2696=CARTESIAN_POINT('Ctrl Pts',(-7.70472035217449,-15.7128929817903,6.83010300017496));
#2697=CARTESIAN_POINT('Ctrl Pts',(-7.5465375275989,-15.7894741210902,6.42730084360008));
#2698=CARTESIAN_POINT('Ctrl Pts',(-7.50664782067701,-15.8082332503137,6.20724759535377));
#2699=CARTESIAN_POINT('Ctrl Pts',(-7.50664782067701,-15.8082332503137,6.));
#2700=CARTESIAN_POINT('',(5.87010735189557,-16.4861105078554,6.));
#2701=CARTESIAN_POINT('',(2.57010735189557,-17.3102440248465,6.));
#2702=CARTESIAN_POINT('Ctrl Pts',(5.87010735189557,-16.4861105078554,6.));
#2703=CARTESIAN_POINT('Ctrl Pts',(5.87010735189557,-16.4861105078554,5.79275240464623));
#2704=CARTESIAN_POINT('Ctrl Pts',(5.82863636214847,-16.5010520826364,5.57269915639992));
#2705=CARTESIAN_POINT('Ctrl Pts',(5.66263317131386,-16.558753187651,5.16989699982504));
#2706=CARTESIAN_POINT('Ctrl Pts',(5.53818228361437,-16.6012267360483,4.98707367216819));
#2707=CARTESIAN_POINT('Ctrl Pts',(5.24875671831999,-16.695049133984,4.69280598683746));
#2708=CARTESIAN_POINT('Ctrl Pts',(5.06199516755359,-16.7532569652392,4.56369019467117));
#2709=CARTESIAN_POINT('Ctrl Pts',(4.65253017382675,-16.8715552631091,4.39227754549205));
#2710=CARTESIAN_POINT('Ctrl Pts',(4.42976115009939,-16.931446623997,4.35));
#2711=CARTESIAN_POINT('Ctrl Pts',(4.01437543831678,-17.0346625674756,4.35));
#2712=CARTESIAN_POINT('Ctrl Pts',(3.79344235145497,-17.0851790376811,4.39086473480839));
#2713=CARTESIAN_POINT('Ctrl Pts',(3.38495344678151,-17.1707786013028,4.55990371452432));
#2714=CARTESIAN_POINT('Ctrl Pts',(3.19746924828038,-17.2060700594757,4.68814543787285));
#2715=CARTESIAN_POINT('Ctrl Pts',(2.9046607550534,-17.2578824560953,4.98303802930235));
#2716=CARTESIAN_POINT('Ctrl Pts',(2.77866962787776,-17.2781990067287,5.16766788345691));
#2717=CARTESIAN_POINT('Ctrl Pts',(2.61138729981321,-17.3042717886938,5.57275379786033));
#2718=CARTESIAN_POINT('Ctrl Pts',(2.57010735189557,-17.3102440248465,5.79320057331068));
#2719=CARTESIAN_POINT('Ctrl Pts',(2.57010735189557,-17.3102440248465,6.));
#2720=CARTESIAN_POINT('Ctrl Pts',(2.57010735189557,-17.3102440248465,6.));
#2721=CARTESIAN_POINT('Ctrl Pts',(2.57010735189557,-17.3102440248465,6.20679942668932));
#2722=CARTESIAN_POINT('Ctrl Pts',(2.61138729981321,-17.3042717886938,6.42724620213967));
#2723=CARTESIAN_POINT('Ctrl Pts',(2.77866962787776,-17.2781990067287,6.8323321165431));
#2724=CARTESIAN_POINT('Ctrl Pts',(2.9046607550534,-17.2578824560953,7.01696197069765));
#2725=CARTESIAN_POINT('Ctrl Pts',(3.19746924828037,-17.2060700594757,7.31185456212715));
#2726=CARTESIAN_POINT('Ctrl Pts',(3.38495344678152,-17.1707786013028,7.44009628547568));
#2727=CARTESIAN_POINT('Ctrl Pts',(3.79344235145497,-17.0851790376811,7.60913526519161));
#2728=CARTESIAN_POINT('Ctrl Pts',(4.01437543831678,-17.0346625674756,7.65));
#2729=CARTESIAN_POINT('Ctrl Pts',(4.42976115009939,-16.931446623997,7.65));
#2730=CARTESIAN_POINT('Ctrl Pts',(4.65253017382675,-16.8715552631091,7.60772245450795));
#2731=CARTESIAN_POINT('Ctrl Pts',(5.06199516755359,-16.7532569652392,7.43630980532883));
#2732=CARTESIAN_POINT('Ctrl Pts',(5.24875671831999,-16.695049133984,7.30719401316255));
#2733=CARTESIAN_POINT('Ctrl Pts',(5.53818228361437,-16.6012267360483,7.01292632783181));
#2734=CARTESIAN_POINT('Ctrl Pts',(5.66263317131386,-16.558753187651,6.83010300017496));
#2735=CARTESIAN_POINT('Ctrl Pts',(5.82863636214847,-16.5010520826364,6.42730084360008));
#2736=CARTESIAN_POINT('Ctrl Pts',(5.87010735189557,-16.4861105078554,6.20724759535377));
#2737=CARTESIAN_POINT('Ctrl Pts',(5.87010735189557,-16.4861105078554,6.));
#2738=CARTESIAN_POINT('',(15.8082332503137,-7.50664782067702,6.));
#2739=CARTESIAN_POINT('',(14.0575312708656,-10.4228505970601,6.));
#2740=CARTESIAN_POINT('Ctrl Pts',(15.8082332503137,-7.50664782067702,6.));
#2741=CARTESIAN_POINT('Ctrl Pts',(15.8082332503137,-7.50664782067702,5.79275240464623));
#2742=CARTESIAN_POINT('Ctrl Pts',(15.7894741210902,-7.5465375275989,5.57269915639992));
#2743=CARTESIAN_POINT('Ctrl Pts',(15.7128929817903,-7.70472035217449,5.16989699982504));
#2744=CARTESIAN_POINT('Ctrl Pts',(15.6549262492661,-7.82275375288422,4.98707367216819));
#2745=CARTESIAN_POINT('Ctrl Pts',(15.5166139232052,-8.09375098656018,4.69280598683746));
#2746=CARTESIAN_POINT('Ctrl Pts',(15.425712716392,-8.26697049777069,4.56369019467117));
#2747=CARTESIAN_POINT('Ctrl Pts',(15.219826771296,-8.64015550012011,4.39227754549205));
#2748=CARTESIAN_POINT('Ctrl Pts',(15.1046548713983,-8.84002657485434,4.35));
#2749=CARTESIAN_POINT('Ctrl Pts',(14.8839175113491,-9.20673332202411,4.35));
#2750=CARTESIAN_POINT('Ctrl Pts',(14.7634147660846,-9.39867714457652,4.39086473480839));
#2751=CARTESIAN_POINT('Ctrl Pts',(14.5350975234541,-9.74805045101409,4.55990371452432));
#2752=CARTESIAN_POINT('Ctrl Pts',(14.4274810047206,-9.90557662853156,4.68814543787285));
#2753=CARTESIAN_POINT('Ctrl Pts',(14.25707103057,-10.1492603966806,4.98303802930235));
#2754=CARTESIAN_POINT('Ctrl Pts',(14.182347820898,-10.2527155477991,5.16766788345691));
#2755=CARTESIAN_POINT('Ctrl Pts',(14.0824975932828,-10.3894382572781,5.57275379786033));
#2756=CARTESIAN_POINT('Ctrl Pts',(14.0575312708656,-10.4228505970601,5.79320057331068));
#2757=CARTESIAN_POINT('Ctrl Pts',(14.0575312708656,-10.4228505970601,6.));
#2758=CARTESIAN_POINT('Ctrl Pts',(14.0575312708656,-10.4228505970601,6.));
#2759=CARTESIAN_POINT('Ctrl Pts',(14.0575312708656,-10.4228505970601,6.20679942668932));
#2760=CARTESIAN_POINT('Ctrl Pts',(14.0824975932828,-10.3894382572781,6.42724620213967));
#2761=CARTESIAN_POINT('Ctrl Pts',(14.182347820898,-10.2527155477991,6.8323321165431));
#2762=CARTESIAN_POINT('Ctrl Pts',(14.25707103057,-10.1492603966806,7.01696197069765));
#2763=CARTESIAN_POINT('Ctrl Pts',(14.4274810047206,-9.90557662853156,7.31185456212715));
#2764=CARTESIAN_POINT('Ctrl Pts',(14.5350975234541,-9.74805045101409,7.44009628547568));
#2765=CARTESIAN_POINT('Ctrl Pts',(14.7634147660846,-9.39867714457652,7.60913526519162));
#2766=CARTESIAN_POINT('Ctrl Pts',(14.8839175113491,-9.20673332202411,7.65));
#2767=CARTESIAN_POINT('Ctrl Pts',(15.1046548713983,-8.84002657485434,7.65));
#2768=CARTESIAN_POINT('Ctrl Pts',(15.219826771296,-8.64015550012011,7.60772245450795));
#2769=CARTESIAN_POINT('Ctrl Pts',(15.425712716392,-8.26697049777069,7.43630980532883));
#2770=CARTESIAN_POINT('Ctrl Pts',(15.5166139232052,-8.09375098656018,7.30719401316255));
#2771=CARTESIAN_POINT('Ctrl Pts',(15.6549262492661,-7.82275375288422,7.01292632783181));
#2772=CARTESIAN_POINT('Ctrl Pts',(15.7128929817903,-7.70472035217449,6.83010300017496));
#2773=CARTESIAN_POINT('Ctrl Pts',(15.7894741210902,-7.5465375275989,6.42730084360008));
#2774=CARTESIAN_POINT('Ctrl Pts',(15.8082332503137,-7.50664782067702,6.20724759535377));
#2775=CARTESIAN_POINT('Ctrl Pts',(15.8082332503137,-7.50664782067702,6.));
#2776=CARTESIAN_POINT('Origin',(-1.75124492278072E-15,-14.3,10.));
#2777=CARTESIAN_POINT('',(1.8,-14.3,8.));
#2778=CARTESIAN_POINT('Origin',(-1.75124492278072E-15,-14.3,8.));
#2779=CARTESIAN_POINT('',(1.8,-14.3,12.));
#2780=CARTESIAN_POINT('',(1.8,-14.3,10.));
#2781=CARTESIAN_POINT('Origin',(-1.75124492278072E-15,-14.3,12.));
#2782=CARTESIAN_POINT('Origin',(-1.75124492278072E-15,-14.3,8.));
#2783=CARTESIAN_POINT('',(1.25,-14.3,8.));
#2784=CARTESIAN_POINT('Origin',(-1.75124492278072E-15,-14.3,8.));
#2785=CARTESIAN_POINT('Origin',(0.,14.3,10.));
#2786=CARTESIAN_POINT('',(1.8,14.3,8.));
#2787=CARTESIAN_POINT('Origin',(0.,14.3,8.));
#2788=CARTESIAN_POINT('',(1.8,14.3,12.));
#2789=CARTESIAN_POINT('',(1.8,14.3,10.));
#2790=CARTESIAN_POINT('Origin',(0.,14.3,12.));
#2791=CARTESIAN_POINT('Origin',(0.,14.3,8.));
#2792=CARTESIAN_POINT('',(-1.25,14.3,8.));
#2793=CARTESIAN_POINT('Origin',(0.,14.3,8.));
#2794=CARTESIAN_POINT('Origin',(11.1050664113278,12.,0.));
#2795=CARTESIAN_POINT('',(12.737739202857,12.,0.));
#2796=CARTESIAN_POINT('',(12.737739202857,12.,-5.));
#2797=CARTESIAN_POINT('Origin',(12.737739202857,-12.,0.));
#2798=CARTESIAN_POINT('',(11.1050664113278,-12.,0.));
#2799=CARTESIAN_POINT('',(11.1050664113278,-12.,-5.));
#2800=CARTESIAN_POINT('Origin',(14.3025332056639,-2.22044604925031E-15,
-5.));
#2801=CARTESIAN_POINT('Origin',(12.2471653594043,-6.27903230768321,6.));
#2802=CARTESIAN_POINT('',(11.7011451701162,-6.82505249697138,7.45815770950176));
#2803=CARTESIAN_POINT('',(11.7011451701162,-6.82505249697138,4.54184229049824));
#2804=CARTESIAN_POINT('',(11.7011451701162,-6.82505249697138,0.));
#2805=CARTESIAN_POINT('',(11.0804391704465,-7.44575849664102,6.));
#2806=CARTESIAN_POINT('Origin',(12.2471653594043,-6.27903230768321,6.));
#2807=CARTESIAN_POINT('Origin',(12.2471653594043,-6.27903230768321,6.));
#2808=CARTESIAN_POINT('Origin',(12.2471653594043,-6.27903230768321,6.));
#2809=CARTESIAN_POINT('',(12.7328807234043,-5.79331694368323,7.50022037392802));
#2810=CARTESIAN_POINT('Ctrl Pts',(12.7328807234043,-5.79331694368323,7.50022037392802));
#2811=CARTESIAN_POINT('Ctrl Pts',(12.7332466381355,-5.80465515483432,7.5037727939872));
#2812=CARTESIAN_POINT('Ctrl Pts',(12.7334175431523,-5.81593805728227,7.50729755192132));
#2813=CARTESIAN_POINT('Ctrl Pts',(12.7332062707216,-5.94972046760226,7.54889892784833));
#2814=CARTESIAN_POINT('Ctrl Pts',(12.7091339436834,-6.08175696315478,7.5877432450231));
#2815=CARTESIAN_POINT('Ctrl Pts',(12.608269024235,-6.32785868850993,7.63996077897425));
#2816=CARTESIAN_POINT('Ctrl Pts',(12.5312402666336,-6.44194723065275,7.65276612733802));
#2817=CARTESIAN_POINT('Ctrl Pts',(12.3484997152847,-6.62468778200159,7.6460850249154));
#2818=CARTESIAN_POINT('Ctrl Pts',(12.2333277377165,-6.70185487661779,7.6258465831435));
#2819=CARTESIAN_POINT('Ctrl Pts',(11.9861325459953,-6.80226297165232,7.55922369841355));
#2820=CARTESIAN_POINT('Ctrl Pts',(11.8540825898938,-6.82578620306647,7.5133651707921));
#2821=CARTESIAN_POINT('Ctrl Pts',(11.7215336632378,-6.82555356587946,7.46554027027337));
#2822=CARTESIAN_POINT('Ctrl Pts',(11.7113633404048,-6.82538226495543,7.46186051014048));
#2823=CARTESIAN_POINT('Ctrl Pts',(11.7011451701162,-6.82505249697138,7.45815770950176));
#2824=CARTESIAN_POINT('',(12.7328807234043,-5.79331694368323,4.49977962607198));
#2825=CARTESIAN_POINT('Origin',(12.2471653594043,-6.27903230768321,6.));
#2826=CARTESIAN_POINT('Ctrl Pts',(11.7011451701162,-6.82505249697138,4.54184229049824));
#2827=CARTESIAN_POINT('Ctrl Pts',(11.7113633404048,-6.82538226495543,4.53813948985952));
#2828=CARTESIAN_POINT('Ctrl Pts',(11.7215336632378,-6.82555356587946,4.53445972972663));
#2829=CARTESIAN_POINT('Ctrl Pts',(11.8540825898938,-6.82578620306647,4.4866348292079));
#2830=CARTESIAN_POINT('Ctrl Pts',(11.9861325459953,-6.80226297165232,4.44077630158645));
#2831=CARTESIAN_POINT('Ctrl Pts',(12.2333277377165,-6.70185487661779,4.3741534168565));
#2832=CARTESIAN_POINT('Ctrl Pts',(12.3484997152847,-6.6246877820016,4.3539149750846));
#2833=CARTESIAN_POINT('Ctrl Pts',(12.5312402666336,-6.44194723065275,4.34723387266198));
#2834=CARTESIAN_POINT('Ctrl Pts',(12.608269024235,-6.32785868850993,4.36003922102575));
#2835=CARTESIAN_POINT('Ctrl Pts',(12.7091339436834,-6.08175696315478,4.4122567549769));
#2836=CARTESIAN_POINT('Ctrl Pts',(12.7332062707216,-5.94972046760226,4.45110107215167));
#2837=CARTESIAN_POINT('Ctrl Pts',(12.7334175431523,-5.81593805728226,4.49270244807868));
#2838=CARTESIAN_POINT('Ctrl Pts',(12.7332466381355,-5.80465515483432,4.49622720601281));
#2839=CARTESIAN_POINT('Ctrl Pts',(12.7328807234043,-5.79331694368323,4.49977962607198));
#2840=CARTESIAN_POINT('',(11.0804391704465,-7.44575849664102,6.));
#2841=CARTESIAN_POINT('Origin',(12.2471653594043,-6.27903230768321,6.));
#2842=CARTESIAN_POINT('',(12.7328807234043,-5.79331694368323,0.));
#2843=CARTESIAN_POINT('Origin',(4.22010735189557,-13.1,6.));
#2844=CARTESIAN_POINT('',(3.44791819487472,-13.1,7.45815770950176));
#2845=CARTESIAN_POINT('',(3.44791819487472,-13.1,4.54184229049824));
#2846=CARTESIAN_POINT('',(3.44791819487472,-13.1,0.));
#2847=CARTESIAN_POINT('',(2.57010735189557,-13.1,6.));
#2848=CARTESIAN_POINT('Origin',(4.22010735189557,-13.1,6.));
#2849=CARTESIAN_POINT('Origin',(4.22010735189557,-13.1,6.));
#2850=CARTESIAN_POINT('Origin',(4.22010735189557,-13.1,6.));
#2851=CARTESIAN_POINT('',(4.90701260711732,-13.1,7.50022037392803));
#2852=CARTESIAN_POINT('Ctrl Pts',(4.90701260711732,-13.1,7.50022037392802));
#2853=CARTESIAN_POINT('Ctrl Pts',(4.8992540219136,-13.1082760667792,7.5037727939872));
#2854=CARTESIAN_POINT('Ctrl Pts',(4.89139665317751,-13.1163751317079,7.50729755192132));
#2855=CARTESIAN_POINT('Ctrl Pts',(4.79664881146835,-13.2108241890803,7.54889892784833));
#2856=CARTESIAN_POINT('Ctrl Pts',(4.68626320441145,-13.2871663847619,7.5877432450231));
#2857=CARTESIAN_POINT('Ctrl Pts',(4.44092073702526,-13.3898643150964,7.63996077897425));
#2858=CARTESIAN_POINT('Ctrl Pts',(4.30578039837406,-13.416069540055,7.65276612733802));
#2859=CARTESIAN_POINT('Ctrl Pts',(4.04734623226099,-13.416069540055,7.6460850249154));
#2860=CARTESIAN_POINT('Ctrl Pts',(3.91134197003222,-13.3891960296014,7.6258465831435));
#2861=CARTESIAN_POINT('Ctrl Pts',(3.66554932880451,-13.2854018781435,7.55922369841355));
#2862=CARTESIAN_POINT('Ctrl Pts',(3.55554247294141,-13.2086618951772,7.5133651707921));
#2863=CARTESIAN_POINT('Ctrl Pts',(3.46198072739644,-13.1147711509672,7.46554027027337));
#2864=CARTESIAN_POINT('Ctrl Pts',(3.45491035119937,-13.1074585186801,7.46186051014048));
#2865=CARTESIAN_POINT('Ctrl Pts',(3.44791819487472,-13.1,7.45815770950176));
#2866=CARTESIAN_POINT('',(4.90701260711732,-13.1,4.49977962607198));
#2867=CARTESIAN_POINT('Origin',(4.22010735189557,-13.1,6.));
#2868=CARTESIAN_POINT('Ctrl Pts',(3.44791819487472,-13.1,4.54184229049824));
#2869=CARTESIAN_POINT('Ctrl Pts',(3.45491035119937,-13.1074585186801,4.53813948985952));
#2870=CARTESIAN_POINT('Ctrl Pts',(3.46198072739644,-13.1147711509672,4.53445972972663));
#2871=CARTESIAN_POINT('Ctrl Pts',(3.55554247294141,-13.2086618951772,4.4866348292079));
#2872=CARTESIAN_POINT('Ctrl Pts',(3.66554932880451,-13.2854018781435,4.44077630158645));
#2873=CARTESIAN_POINT('Ctrl Pts',(3.91134197003222,-13.3891960296014,4.3741534168565));
#2874=CARTESIAN_POINT('Ctrl Pts',(4.04734623226099,-13.416069540055,4.3539149750846));
#2875=CARTESIAN_POINT('Ctrl Pts',(4.30578039837406,-13.416069540055,4.34723387266198));
#2876=CARTESIAN_POINT('Ctrl Pts',(4.44092073702526,-13.3898643150964,4.36003922102575));
#2877=CARTESIAN_POINT('Ctrl Pts',(4.68626320441145,-13.2871663847619,4.4122567549769));
#2878=CARTESIAN_POINT('Ctrl Pts',(4.79664881146835,-13.2108241890803,4.45110107215167));
#2879=CARTESIAN_POINT('Ctrl Pts',(4.89139665317751,-13.1163751317079,4.49270244807868));
#2880=CARTESIAN_POINT('Ctrl Pts',(4.8992540219136,-13.1082760667792,4.4962272060128));
#2881=CARTESIAN_POINT('Ctrl Pts',(4.90701260711732,-13.1,4.49977962607198));
#2882=CARTESIAN_POINT('',(2.57010735189557,-13.1,6.));
#2883=CARTESIAN_POINT('Origin',(4.22010735189557,-13.1,6.));
#2884=CARTESIAN_POINT('',(4.90701260711732,-13.1,0.));
#2885=CARTESIAN_POINT('Origin',(-6.27903230768321,-12.2471653594043,6.));
#2886=CARTESIAN_POINT('',(-6.82505249697138,-11.7011451701162,7.45815770950176));
#2887=CARTESIAN_POINT('',(-6.82505249697138,-11.7011451701162,4.54184229049824));
#2888=CARTESIAN_POINT('',(-6.82505249697138,-11.7011451701162,0.));
#2889=CARTESIAN_POINT('',(-7.44575849664101,-11.0804391704465,6.));
#2890=CARTESIAN_POINT('Origin',(-6.27903230768321,-12.2471653594043,6.));
#2891=CARTESIAN_POINT('Origin',(-6.27903230768321,-12.2471653594043,6.));
#2892=CARTESIAN_POINT('Origin',(-6.27903230768321,-12.2471653594043,6.));
#2893=CARTESIAN_POINT('',(-5.79331694368323,-12.7328807234043,7.50022037392802));
#2894=CARTESIAN_POINT('Ctrl Pts',(-5.79331694368323,-12.7328807234043,7.50022037392802));
#2895=CARTESIAN_POINT('Ctrl Pts',(-5.80412375680869,-12.7332294884843,7.50360629955695));
#2896=CARTESIAN_POINT('Ctrl Pts',(-5.81487966687105,-12.7334010806731,7.50696689383684));
#2897=CARTESIAN_POINT('Ctrl Pts',(-5.94840255544664,-12.7334010806731,7.54850544683856));
#2898=CARTESIAN_POINT('Ctrl Pts',(-6.08073364109404,-12.7094373650508,7.58748444512965));
#2899=CARTESIAN_POINT('Ctrl Pts',(-6.32739564632193,-12.6085740932745,7.63990395365118));
#2900=CARTESIAN_POINT('Ctrl Pts',(-6.44175044391088,-12.5314370533754,7.65277332197746));
#2901=CARTESIAN_POINT('Ctrl Pts',(-6.6246877820016,-12.3484997152847,7.6460850249154));
#2902=CARTESIAN_POINT('Ctrl Pts',(-6.70185487661779,-12.2333277377165,7.6258465831435));
#2903=CARTESIAN_POINT('Ctrl Pts',(-6.80226297165232,-11.9861325459953,7.55922369841355));
#2904=CARTESIAN_POINT('Ctrl Pts',(-6.82578620306647,-11.8540825898938,7.5133651707921));
#2905=CARTESIAN_POINT('Ctrl Pts',(-6.82555356587946,-11.7215336632378,7.46554027027337));
#2906=CARTESIAN_POINT('Ctrl Pts',(-6.82538226495543,-11.7113633404048,7.46186051014048));
#2907=CARTESIAN_POINT('Ctrl Pts',(-6.82505249697138,-11.7011451701162,7.45815770950176));
#2908=CARTESIAN_POINT('',(-5.79331694368323,-12.7328807234043,4.49977962607198));
#2909=CARTESIAN_POINT('Origin',(-6.27903230768321,-12.2471653594043,6.));
#2910=CARTESIAN_POINT('Ctrl Pts',(-6.82505249697138,-11.7011451701162,4.54184229049824));
#2911=CARTESIAN_POINT('Ctrl Pts',(-6.82538226495543,-11.7113633404048,4.53813948985952));
#2912=CARTESIAN_POINT('Ctrl Pts',(-6.82555356587946,-11.7215336632378,4.53445972972663));
#2913=CARTESIAN_POINT('Ctrl Pts',(-6.82578620306647,-11.8540825898938,4.4866348292079));
#2914=CARTESIAN_POINT('Ctrl Pts',(-6.80226297165232,-11.9861325459953,4.44077630158645));
#2915=CARTESIAN_POINT('Ctrl Pts',(-6.70185487661779,-12.2333277377165,4.3741534168565));
#2916=CARTESIAN_POINT('Ctrl Pts',(-6.6246877820016,-12.3484997152847,4.3539149750846));
#2917=CARTESIAN_POINT('Ctrl Pts',(-6.44175044391088,-12.5314370533754,4.34722667802254));
#2918=CARTESIAN_POINT('Ctrl Pts',(-6.32739564632193,-12.6085740932745,4.36009604634883));
#2919=CARTESIAN_POINT('Ctrl Pts',(-6.08073364109404,-12.7094373650508,4.41251555487035));
#2920=CARTESIAN_POINT('Ctrl Pts',(-5.94840255544664,-12.7334010806731,4.45149455316144));
#2921=CARTESIAN_POINT('Ctrl Pts',(-5.81487966687105,-12.7334010806731,4.49303310616316));
#2922=CARTESIAN_POINT('Ctrl Pts',(-5.80412375680869,-12.7332294884843,4.49639370044305));
#2923=CARTESIAN_POINT('Ctrl Pts',(-5.79331694368323,-12.7328807234043,4.49977962607198));
#2924=CARTESIAN_POINT('',(-7.44575849664102,-11.0804391704465,6.));
#2925=CARTESIAN_POINT('Origin',(-6.27903230768321,-12.2471653594043,6.));
#2926=CARTESIAN_POINT('',(-5.79331694368323,-12.7328807234043,0.));
#2927=CARTESIAN_POINT('Origin',(-13.1,-4.22010735189557,6.));
#2928=CARTESIAN_POINT('',(-13.1,-3.44791819487472,7.45815770950176));
#2929=CARTESIAN_POINT('',(-13.1,-3.44791819487472,4.54184229049824));
#2930=CARTESIAN_POINT('',(-13.1,-3.44791819487472,0.));
#2931=CARTESIAN_POINT('',(-13.1,-2.57010735189557,6.));
#2932=CARTESIAN_POINT('Origin',(-13.1,-4.22010735189557,6.));
#2933=CARTESIAN_POINT('Origin',(-13.1,-4.22010735189557,6.));
#2934=CARTESIAN_POINT('Origin',(-13.1,-4.22010735189557,6.));
#2935=CARTESIAN_POINT('',(-13.1,-4.90701260711733,7.50022037392803));
#2936=CARTESIAN_POINT('Ctrl Pts',(-13.1,-4.90701260711733,7.50022037392802));
#2937=CARTESIAN_POINT('Ctrl Pts',(-13.1082760667792,-4.8992540219136,7.5037727939872));
#2938=CARTESIAN_POINT('Ctrl Pts',(-13.1163751317079,-4.89139665317751,7.50729755192132));
#2939=CARTESIAN_POINT('Ctrl Pts',(-13.2108241890803,-4.79664881146835,7.54889892784833));
#2940=CARTESIAN_POINT('Ctrl Pts',(-13.2871663847619,-4.68626320441145,7.5877432450231));
#2941=CARTESIAN_POINT('Ctrl Pts',(-13.3898643150964,-4.44092073702526,7.63996077897425));
#2942=CARTESIAN_POINT('Ctrl Pts',(-13.416069540055,-4.30578039837406,7.65276612733802));
#2943=CARTESIAN_POINT('Ctrl Pts',(-13.416069540055,-4.04734623226099,7.6460850249154));
#2944=CARTESIAN_POINT('Ctrl Pts',(-13.3891960296014,-3.91134197003222,7.6258465831435));
#2945=CARTESIAN_POINT('Ctrl Pts',(-13.2854018781435,-3.66554932880451,7.55922369841355));
#2946=CARTESIAN_POINT('Ctrl Pts',(-13.2086618951772,-3.55554247294141,7.5133651707921));
#2947=CARTESIAN_POINT('Ctrl Pts',(-13.1147711509672,-3.46198072739644,7.46554027027337));
#2948=CARTESIAN_POINT('Ctrl Pts',(-13.1074585186801,-3.45491035119937,7.46186051014048));
#2949=CARTESIAN_POINT('Ctrl Pts',(-13.1,-3.44791819487472,7.45815770950176));
#2950=CARTESIAN_POINT('',(-13.1,-4.90701260711733,4.49977962607198));
#2951=CARTESIAN_POINT('Origin',(-13.1,-4.22010735189557,6.));
#2952=CARTESIAN_POINT('Ctrl Pts',(-13.1,-3.44791819487472,4.54184229049824));
#2953=CARTESIAN_POINT('Ctrl Pts',(-13.1074585186801,-3.45491035119937,4.53813948985952));
#2954=CARTESIAN_POINT('Ctrl Pts',(-13.1147711509672,-3.46198072739644,4.53445972972663));
#2955=CARTESIAN_POINT('Ctrl Pts',(-13.2086618951772,-3.55554247294141,4.4866348292079));
#2956=CARTESIAN_POINT('Ctrl Pts',(-13.2854018781435,-3.66554932880451,4.44077630158645));
#2957=CARTESIAN_POINT('Ctrl Pts',(-13.3891960296014,-3.91134197003222,4.3741534168565));
#2958=CARTESIAN_POINT('Ctrl Pts',(-13.416069540055,-4.04734623226099,4.3539149750846));
#2959=CARTESIAN_POINT('Ctrl Pts',(-13.416069540055,-4.30578039837406,4.34723387266198));
#2960=CARTESIAN_POINT('Ctrl Pts',(-13.3898643150964,-4.44092073702526,4.36003922102575));
#2961=CARTESIAN_POINT('Ctrl Pts',(-13.2871663847619,-4.68626320441145,4.4122567549769));
#2962=CARTESIAN_POINT('Ctrl Pts',(-13.2108241890803,-4.79664881146835,4.45110107215167));
#2963=CARTESIAN_POINT('Ctrl Pts',(-13.1163751317079,-4.89139665317751,4.49270244807868));
#2964=CARTESIAN_POINT('Ctrl Pts',(-13.1082760667792,-4.8992540219136,4.4962272060128));
#2965=CARTESIAN_POINT('Ctrl Pts',(-13.1,-4.90701260711733,4.49977962607198));
#2966=CARTESIAN_POINT('',(-13.1,-2.57010735189557,6.));
#2967=CARTESIAN_POINT('Origin',(-13.1,-4.22010735189557,6.));
#2968=CARTESIAN_POINT('',(-13.1,-4.90701260711733,0.));
#2969=CARTESIAN_POINT('Origin',(-12.2471653594043,6.27903230768321,6.));
#2970=CARTESIAN_POINT('',(-11.7011451701162,6.82505249697138,7.45815770950176));
#2971=CARTESIAN_POINT('',(-11.7011451701162,6.82505249697138,4.54184229049824));
#2972=CARTESIAN_POINT('',(-11.7011451701162,6.82505249697138,0.));
#2973=CARTESIAN_POINT('',(-11.0804391704465,7.44575849664102,6.));
#2974=CARTESIAN_POINT('Origin',(-12.2471653594043,6.27903230768321,6.));
#2975=CARTESIAN_POINT('Origin',(-12.2471653594043,6.27903230768321,6.));
#2976=CARTESIAN_POINT('Origin',(-12.2471653594043,6.27903230768321,6.));
#2977=CARTESIAN_POINT('',(-12.7328807234043,5.79331694368323,7.50022037392802));
#2978=CARTESIAN_POINT('Ctrl Pts',(-12.7328807234043,5.79331694368323,7.50022037392802));
#2979=CARTESIAN_POINT('Ctrl Pts',(-12.7332294884843,5.80412375680869,7.50360629955695));
#2980=CARTESIAN_POINT('Ctrl Pts',(-12.7334010806731,5.81487966687105,7.50696689383685));
#2981=CARTESIAN_POINT('Ctrl Pts',(-12.7334010806731,5.94840255544664,7.54850544683856));
#2982=CARTESIAN_POINT('Ctrl Pts',(-12.7094373650508,6.08073364109404,7.58748444512965));
#2983=CARTESIAN_POINT('Ctrl Pts',(-12.6085740932745,6.32739564632193,7.63990395365117));
#2984=CARTESIAN_POINT('Ctrl Pts',(-12.5314370533754,6.44175044391088,7.65277332197746));
#2985=CARTESIAN_POINT('Ctrl Pts',(-12.3487214571056,6.62446604018076,7.64609313192726));
#2986=CARTESIAN_POINT('Ctrl Pts',(-12.2338464537626,6.70151511422711,7.62594269334033));
#2987=CARTESIAN_POINT('Ctrl Pts',(-11.9872724355633,6.80192816049085,7.55957431497424));
#2988=CARTESIAN_POINT('Ctrl Pts',(-11.8555473776301,6.82557285424015,7.51387918219538));
#2989=CARTESIAN_POINT('Ctrl Pts',(-11.7227098428919,6.82557285424015,7.46596580393576));
#2990=CARTESIAN_POINT('Ctrl Pts',(-11.7119538901345,6.82540132359199,7.46207451008906));
#2991=CARTESIAN_POINT('Ctrl Pts',(-11.7011451701162,6.82505249697138,7.45815770950176));
#2992=CARTESIAN_POINT('',(-12.7328807234043,5.79331694368323,4.49977962607198));
#2993=CARTESIAN_POINT('Origin',(-12.2471653594043,6.27903230768321,6.));
#2994=CARTESIAN_POINT('Ctrl Pts',(-11.7011451701162,6.82505249697138,4.54184229049824));
#2995=CARTESIAN_POINT('Ctrl Pts',(-11.7119538901345,6.82540132359199,4.53792548991094));
#2996=CARTESIAN_POINT('Ctrl Pts',(-11.7227098428919,6.82557285424015,4.53403419606424));
#2997=CARTESIAN_POINT('Ctrl Pts',(-11.8555473776301,6.82557285424015,4.48612081780462));
#2998=CARTESIAN_POINT('Ctrl Pts',(-11.9872724355633,6.80192816049085,4.44042568502576));
#2999=CARTESIAN_POINT('Ctrl Pts',(-12.2338464537626,6.70151511422711,4.37405730665967));
#3000=CARTESIAN_POINT('Ctrl Pts',(-12.3487214571056,6.62446604018076,4.35390686807275));
#3001=CARTESIAN_POINT('Ctrl Pts',(-12.5314370533754,6.44175044391088,4.34722667802254));
#3002=CARTESIAN_POINT('Ctrl Pts',(-12.6085740932745,6.32739564632193,4.36009604634883));
#3003=CARTESIAN_POINT('Ctrl Pts',(-12.7094373650508,6.08073364109404,4.41251555487035));
#3004=CARTESIAN_POINT('Ctrl Pts',(-12.7334010806731,5.94840255544664,4.45149455316144));
#3005=CARTESIAN_POINT('Ctrl Pts',(-12.7334010806731,5.81487966687105,4.49303310616316));
#3006=CARTESIAN_POINT('Ctrl Pts',(-12.7332294884843,5.80412375680869,4.49639370044305));
#3007=CARTESIAN_POINT('Ctrl Pts',(-12.7328807234043,5.79331694368323,4.49977962607198));
#3008=CARTESIAN_POINT('',(-11.0804391704465,7.44575849664102,6.));
#3009=CARTESIAN_POINT('Origin',(-12.2471653594043,6.27903230768321,6.));
#3010=CARTESIAN_POINT('',(-12.7328807234043,5.79331694368323,0.));
#3011=CARTESIAN_POINT('Origin',(-4.22010735189557,13.1,6.));
#3012=CARTESIAN_POINT('',(-3.44791819487472,13.1,7.45815770950176));
#3013=CARTESIAN_POINT('',(-3.44791819487472,13.1,4.54184229049824));
#3014=CARTESIAN_POINT('',(-3.44791819487472,13.1,0.));
#3015=CARTESIAN_POINT('',(-2.57010735189557,13.1,6.));
#3016=CARTESIAN_POINT('Origin',(-4.22010735189557,13.1,6.));
#3017=CARTESIAN_POINT('Origin',(-4.22010735189557,13.1,6.));
#3018=CARTESIAN_POINT('Origin',(-4.22010735189557,13.1,6.));
#3019=CARTESIAN_POINT('',(-4.90701260711733,13.1,7.50022037392803));
#3020=CARTESIAN_POINT('Ctrl Pts',(-4.90701260711733,13.1,7.50022037392802));
#3021=CARTESIAN_POINT('Ctrl Pts',(-4.8992540219136,13.1082760667792,7.5037727939872));
#3022=CARTESIAN_POINT('Ctrl Pts',(-4.89139665317751,13.1163751317079,7.50729755192133));
#3023=CARTESIAN_POINT('Ctrl Pts',(-4.79664881146836,13.2108241890803,7.54889892784833));
#3024=CARTESIAN_POINT('Ctrl Pts',(-4.68626320441145,13.2871663847619,7.5877432450231));
#3025=CARTESIAN_POINT('Ctrl Pts',(-4.44092073702527,13.3898643150964,7.63996077897425));
#3026=CARTESIAN_POINT('Ctrl Pts',(-4.30578039837406,13.416069540055,7.65276612733802));
#3027=CARTESIAN_POINT('Ctrl Pts',(-4.04734623226099,13.416069540055,7.6460850249154));
#3028=CARTESIAN_POINT('Ctrl Pts',(-3.91134197003222,13.3891960296014,7.6258465831435));
#3029=CARTESIAN_POINT('Ctrl Pts',(-3.66554932880451,13.2854018781435,7.55922369841355));
#3030=CARTESIAN_POINT('Ctrl Pts',(-3.55554247294141,13.2086618951772,7.5133651707921));
#3031=CARTESIAN_POINT('Ctrl Pts',(-3.46198072739644,13.1147711509672,7.46554027027337));
#3032=CARTESIAN_POINT('Ctrl Pts',(-3.45491035119937,13.1074585186801,7.46186051014048));
#3033=CARTESIAN_POINT('Ctrl Pts',(-3.44791819487472,13.1,7.45815770950176));
#3034=CARTESIAN_POINT('',(-4.90701260711733,13.1,4.49977962607198));
#3035=CARTESIAN_POINT('Origin',(-4.22010735189557,13.1,6.));
#3036=CARTESIAN_POINT('Ctrl Pts',(-3.44791819487472,13.1,4.54184229049824));
#3037=CARTESIAN_POINT('Ctrl Pts',(-3.45491035119937,13.1074585186801,4.53813948985952));
#3038=CARTESIAN_POINT('Ctrl Pts',(-3.46198072739644,13.1147711509672,4.53445972972663));
#3039=CARTESIAN_POINT('Ctrl Pts',(-3.55554247294141,13.2086618951772,4.4866348292079));
#3040=CARTESIAN_POINT('Ctrl Pts',(-3.66554932880451,13.2854018781435,4.44077630158645));
#3041=CARTESIAN_POINT('Ctrl Pts',(-3.91134197003222,13.3891960296014,4.3741534168565));
#3042=CARTESIAN_POINT('Ctrl Pts',(-4.04734623226099,13.416069540055,4.3539149750846));
#3043=CARTESIAN_POINT('Ctrl Pts',(-4.30578039837406,13.416069540055,4.34723387266198));
#3044=CARTESIAN_POINT('Ctrl Pts',(-4.44092073702527,13.3898643150964,4.36003922102575));
#3045=CARTESIAN_POINT('Ctrl Pts',(-4.68626320441145,13.2871663847619,4.4122567549769));
#3046=CARTESIAN_POINT('Ctrl Pts',(-4.79664881146836,13.2108241890803,4.45110107215167));
#3047=CARTESIAN_POINT('Ctrl Pts',(-4.89139665317751,13.1163751317079,4.49270244807868));
#3048=CARTESIAN_POINT('Ctrl Pts',(-4.8992540219136,13.1082760667792,4.49622720601281));
#3049=CARTESIAN_POINT('Ctrl Pts',(-4.90701260711733,13.1,4.49977962607198));
#3050=CARTESIAN_POINT('',(-2.57010735189557,13.1,6.));
#3051=CARTESIAN_POINT('Origin',(-4.22010735189557,13.1,6.));
#3052=CARTESIAN_POINT('',(-4.90701260711733,13.1,0.));
#3053=CARTESIAN_POINT('Origin',(6.27903230768321,12.2471653594043,6.));
#3054=CARTESIAN_POINT('',(6.82505249697138,11.7011451701162,7.45815770950176));
#3055=CARTESIAN_POINT('',(6.82505249697138,11.7011451701162,4.54184229049824));
#3056=CARTESIAN_POINT('',(6.82505249697138,11.7011451701162,0.));
#3057=CARTESIAN_POINT('',(7.44575849664101,11.0804391704465,6.));
#3058=CARTESIAN_POINT('Origin',(6.27903230768321,12.2471653594043,6.));
#3059=CARTESIAN_POINT('Origin',(6.27903230768321,12.2471653594043,6.));
#3060=CARTESIAN_POINT('Origin',(6.27903230768321,12.2471653594043,6.));
#3061=CARTESIAN_POINT('',(5.79331694368324,12.7328807234043,7.50022037392803));
#3062=CARTESIAN_POINT('Ctrl Pts',(5.79331694368324,12.7328807234043,7.50022037392803));
#3063=CARTESIAN_POINT('Ctrl Pts',(5.80465515483432,12.7332466381355,7.5037727939872));
#3064=CARTESIAN_POINT('Ctrl Pts',(5.81593805728227,12.7334175431523,7.50729755192133));
#3065=CARTESIAN_POINT('Ctrl Pts',(5.94972046760226,12.7332062707216,7.54889892784833));
#3066=CARTESIAN_POINT('Ctrl Pts',(6.08175696315478,12.7091339436834,7.5877432450231));
#3067=CARTESIAN_POINT('Ctrl Pts',(6.32785868850993,12.608269024235,7.63996077897425));
#3068=CARTESIAN_POINT('Ctrl Pts',(6.44194723065275,12.5312402666336,7.65276612733802));
#3069=CARTESIAN_POINT('Ctrl Pts',(6.6246877820016,12.3484997152847,7.6460850249154));
#3070=CARTESIAN_POINT('Ctrl Pts',(6.70185487661779,12.2333277377165,7.62584658314351));
#3071=CARTESIAN_POINT('Ctrl Pts',(6.80226297165232,11.9861325459953,7.55922369841355));
#3072=CARTESIAN_POINT('Ctrl Pts',(6.82578620306647,11.8540825898938,7.5133651707921));
#3073=CARTESIAN_POINT('Ctrl Pts',(6.82555356587946,11.7215336632378,7.46554027027337));
#3074=CARTESIAN_POINT('Ctrl Pts',(6.82538226495543,11.7113633404048,7.46186051014048));
#3075=CARTESIAN_POINT('Ctrl Pts',(6.82505249697138,11.7011451701162,7.45815770950176));
#3076=CARTESIAN_POINT('',(5.79331694368324,12.7328807234043,4.49977962607198));
#3077=CARTESIAN_POINT('Origin',(6.27903230768321,12.2471653594043,6.));
#3078=CARTESIAN_POINT('Ctrl Pts',(6.82505249697138,11.7011451701162,4.54184229049824));
#3079=CARTESIAN_POINT('Ctrl Pts',(6.82538226495543,11.7113633404048,4.53813948985953));
#3080=CARTESIAN_POINT('Ctrl Pts',(6.82555356587946,11.7215336632378,4.53445972972663));
#3081=CARTESIAN_POINT('Ctrl Pts',(6.82578620306647,11.8540825898938,4.4866348292079));
#3082=CARTESIAN_POINT('Ctrl Pts',(6.80226297165232,11.9861325459953,4.44077630158645));
#3083=CARTESIAN_POINT('Ctrl Pts',(6.70185487661779,12.2333277377165,4.3741534168565));
#3084=CARTESIAN_POINT('Ctrl Pts',(6.6246877820016,12.3484997152847,4.3539149750846));
#3085=CARTESIAN_POINT('Ctrl Pts',(6.44194723065275,12.5312402666336,4.34723387266198));
#3086=CARTESIAN_POINT('Ctrl Pts',(6.32785868850993,12.608269024235,4.36003922102575));
#3087=CARTESIAN_POINT('Ctrl Pts',(6.08175696315478,12.7091339436834,4.4122567549769));
#3088=CARTESIAN_POINT('Ctrl Pts',(5.94972046760226,12.7332062707216,4.45110107215167));
#3089=CARTESIAN_POINT('Ctrl Pts',(5.81593805728227,12.7334175431523,4.49270244807868));
#3090=CARTESIAN_POINT('Ctrl Pts',(5.80465515483432,12.7332466381355,4.4962272060128));
#3091=CARTESIAN_POINT('Ctrl Pts',(5.79331694368324,12.7328807234043,4.49977962607198));
#3092=CARTESIAN_POINT('',(7.44575849664102,11.0804391704465,6.));
#3093=CARTESIAN_POINT('Origin',(6.27903230768321,12.2471653594043,6.));
#3094=CARTESIAN_POINT('',(5.79331694368324,12.7328807234043,0.));
#3095=CARTESIAN_POINT('Origin',(13.1,4.22010735189557,6.));
#3096=CARTESIAN_POINT('',(13.1,3.44791819487472,7.45815770950176));
#3097=CARTESIAN_POINT('',(13.1,3.44791819487472,4.54184229049824));
#3098=CARTESIAN_POINT('',(13.1,3.44791819487472,0.));
#3099=CARTESIAN_POINT('',(13.1,2.57010735189557,6.));
#3100=CARTESIAN_POINT('Origin',(13.1,4.22010735189557,6.));
#3101=CARTESIAN_POINT('Origin',(13.1,4.22010735189557,6.));
#3102=CARTESIAN_POINT('Origin',(13.1,4.22010735189557,6.));
#3103=CARTESIAN_POINT('',(13.1,4.90701260711732,7.50022037392803));
#3104=CARTESIAN_POINT('Ctrl Pts',(13.1,4.90701260711732,7.50022037392803));
#3105=CARTESIAN_POINT('Ctrl Pts',(13.1082760667792,4.8992540219136,7.5037727939872));
#3106=CARTESIAN_POINT('Ctrl Pts',(13.1163751317079,4.89139665317751,7.50729755192133));
#3107=CARTESIAN_POINT('Ctrl Pts',(13.2108241890803,4.79664881146835,7.54889892784833));
#3108=CARTESIAN_POINT('Ctrl Pts',(13.2871663847619,4.68626320441145,7.5877432450231));
#3109=CARTESIAN_POINT('Ctrl Pts',(13.3898643150964,4.44092073702526,7.63996077897425));
#3110=CARTESIAN_POINT('Ctrl Pts',(13.416069540055,4.30578039837406,7.65276612733802));
#3111=CARTESIAN_POINT('Ctrl Pts',(13.416069540055,4.04734623226099,7.6460850249154));
#3112=CARTESIAN_POINT('Ctrl Pts',(13.3891960296014,3.91134197003222,7.6258465831435));
#3113=CARTESIAN_POINT('Ctrl Pts',(13.2854018781435,3.66554932880451,7.55922369841355));
#3114=CARTESIAN_POINT('Ctrl Pts',(13.2086618951772,3.55554247294141,7.5133651707921));
#3115=CARTESIAN_POINT('Ctrl Pts',(13.1147711509672,3.46198072739644,7.46554027027337));
#3116=CARTESIAN_POINT('Ctrl Pts',(13.1074585186801,3.45491035119937,7.46186051014048));
#3117=CARTESIAN_POINT('Ctrl Pts',(13.1,3.44791819487472,7.45815770950176));
#3118=CARTESIAN_POINT('',(13.1,4.90701260711732,4.49977962607198));
#3119=CARTESIAN_POINT('Origin',(13.1,4.22010735189557,6.));
#3120=CARTESIAN_POINT('Ctrl Pts',(13.1,3.44791819487472,4.54184229049824));
#3121=CARTESIAN_POINT('Ctrl Pts',(13.1074585186801,3.45491035119937,4.53813948985953));
#3122=CARTESIAN_POINT('Ctrl Pts',(13.1147711509672,3.46198072739644,4.53445972972663));
#3123=CARTESIAN_POINT('Ctrl Pts',(13.2086618951772,3.55554247294141,4.4866348292079));
#3124=CARTESIAN_POINT('Ctrl Pts',(13.2854018781435,3.66554932880451,4.44077630158645));
#3125=CARTESIAN_POINT('Ctrl Pts',(13.3891960296014,3.91134197003222,4.3741534168565));
#3126=CARTESIAN_POINT('Ctrl Pts',(13.416069540055,4.04734623226099,4.3539149750846));
#3127=CARTESIAN_POINT('Ctrl Pts',(13.416069540055,4.30578039837406,4.34723387266198));
#3128=CARTESIAN_POINT('Ctrl Pts',(13.3898643150964,4.44092073702526,4.36003922102575));
#3129=CARTESIAN_POINT('Ctrl Pts',(13.2871663847619,4.68626320441145,4.4122567549769));
#3130=CARTESIAN_POINT('Ctrl Pts',(13.2108241890803,4.79664881146835,4.45110107215167));
#3131=CARTESIAN_POINT('Ctrl Pts',(13.1163751317079,4.89139665317751,4.49270244807868));
#3132=CARTESIAN_POINT('Ctrl Pts',(13.1082760667792,4.8992540219136,4.4962272060128));
#3133=CARTESIAN_POINT('Ctrl Pts',(13.1,4.90701260711732,4.49977962607198));
#3134=CARTESIAN_POINT('',(13.1,2.57010735189557,6.));
#3135=CARTESIAN_POINT('Origin',(13.1,4.22010735189557,6.));
#3136=CARTESIAN_POINT('',(13.1,4.90701260711732,0.));
#3137=CARTESIAN_POINT('Origin',(12.2492724778278,-12.4982128227971,5.5));
#3138=CARTESIAN_POINT('Origin',(12.2492724778278,-12.4982128227971,3.));
#3139=CARTESIAN_POINT('Origin',(12.2492724778278,-12.4982128227971,8.));
#3140=CARTESIAN_POINT('Origin',(12.2492724778278,-12.4982128227971,3.));
#3141=CARTESIAN_POINT('Origin',(-12.2492724778278,12.4982128227971,3.));
#3142=CARTESIAN_POINT('Origin',(-12.2492724778278,12.4982128227971,3.));
#3143=CARTESIAN_POINT('Origin',(-12.2492724778278,12.4982128227971,5.5));
#3144=CARTESIAN_POINT('Origin',(-12.2492724778278,12.4982128227971,8.));
#3145=CARTESIAN_POINT('Origin',(-12.4982128227971,-12.2492724778278,3.));
#3146=CARTESIAN_POINT('Origin',(-12.4982128227971,-12.2492724778278,3.));
#3147=CARTESIAN_POINT('Origin',(-12.4982128227971,-12.2492724778278,5.5));
#3148=CARTESIAN_POINT('Origin',(-12.4982128227971,-12.2492724778278,8.));
#3149=CARTESIAN_POINT('Origin',(12.4982128227971,12.2492724778278,5.5));
#3150=CARTESIAN_POINT('Origin',(12.4982128227971,12.2492724778278,3.));
#3151=CARTESIAN_POINT('Origin',(12.4982128227971,12.2492724778278,8.));
#3152=CARTESIAN_POINT('Origin',(12.4982128227971,12.2492724778278,3.));
#3153=CARTESIAN_POINT('Origin',(0.,0.,8.));
#3154=CARTESIAN_POINT('',(-20.,-2.44929359829471E-15,8.));
#3155=CARTESIAN_POINT('Origin',(0.,0.,8.));
#3156=CARTESIAN_POINT('',(10.9992724778278,-12.4982128227971,8.));
#3157=CARTESIAN_POINT('Origin',(12.2492724778278,-12.4982128227971,8.));
#3158=CARTESIAN_POINT('',(-13.4992724778278,12.4982128227971,8.));
#3159=CARTESIAN_POINT('Origin',(-12.2492724778278,12.4982128227971,8.));
#3160=CARTESIAN_POINT('',(11.2482128227971,12.2492724778278,8.));
#3161=CARTESIAN_POINT('Origin',(12.4982128227971,12.2492724778278,8.));
#3162=CARTESIAN_POINT('',(-13.7482128227971,-12.2492724778278,8.));
#3163=CARTESIAN_POINT('Origin',(-12.4982128227971,-12.2492724778278,8.));
#3164=CARTESIAN_POINT('Origin',(-12.4982128227971,-12.2492724778278,8.));
#3165=CARTESIAN_POINT('',(-13.7482128227971,-12.2492724778278,12.));
#3166=CARTESIAN_POINT('Origin',(-12.4982128227971,-12.2492724778278,12.));
#3167=CARTESIAN_POINT('',(-13.7482128227971,-12.2492724778278,8.));
#3168=CARTESIAN_POINT('Origin',(12.2492724778278,-12.4982128227971,8.));
#3169=CARTESIAN_POINT('',(10.9992724778278,-12.4982128227971,12.));
#3170=CARTESIAN_POINT('Origin',(12.2492724778278,-12.4982128227971,12.));
#3171=CARTESIAN_POINT('',(10.9992724778278,-12.4982128227971,8.));
#3172=CARTESIAN_POINT('Origin',(-12.2492724778278,12.4982128227971,8.));
#3173=CARTESIAN_POINT('',(-13.4992724778278,12.4982128227971,12.));
#3174=CARTESIAN_POINT('Origin',(-12.2492724778278,12.4982128227971,12.));
#3175=CARTESIAN_POINT('',(-13.4992724778278,12.4982128227971,8.));
#3176=CARTESIAN_POINT('Origin',(12.4982128227971,12.2492724778278,8.));
#3177=CARTESIAN_POINT('',(11.2482128227971,12.2492724778278,12.));
#3178=CARTESIAN_POINT('Origin',(12.4982128227971,12.2492724778278,12.));
#3179=CARTESIAN_POINT('',(11.2482128227971,12.2492724778278,8.));
#3180=CARTESIAN_POINT('Origin',(0.,0.,8.));
#3181=CARTESIAN_POINT('',(-20.,-2.22044604925031E-15,12.));
#3182=CARTESIAN_POINT('Origin',(0.,0.,12.));
#3183=CARTESIAN_POINT('',(-20.,-2.44929359829471E-15,8.));
#3184=CARTESIAN_POINT('Origin',(5.82557285424015,11.7334010806731,0.75));
#3185=CARTESIAN_POINT('',(7.1160427299056,10.4429312050076,0.));
#3186=CARTESIAN_POINT('Origin',(5.82557285424015,11.7334010806731,0.));
#3187=CARTESIAN_POINT('',(7.1160427299056,10.4429312050076,1.5));
#3188=CARTESIAN_POINT('',(7.1160427299056,10.4429312050076,0.75));
#3189=CARTESIAN_POINT('Origin',(5.82557285424015,11.7334010806731,1.5));
#3190=CARTESIAN_POINT('Origin',(5.82557285424015,11.7334010806731,1.5));
#3191=CARTESIAN_POINT('',(5.1184660730536,12.4405078618596,1.5));
#3192=CARTESIAN_POINT('Origin',(5.82557285424015,11.7334010806731,1.5));
#3193=CARTESIAN_POINT('Origin',(5.82557285424015,11.7334010806731,0.));
#3194=CARTESIAN_POINT('',(5.1184660730536,12.4405078618596,12.));
#3195=CARTESIAN_POINT('',(5.1184660730536,12.4405078618596,0.));
#3196=CARTESIAN_POINT('Origin',(5.82557285424015,11.7334010806731,12.));
#3197=CARTESIAN_POINT('Origin',(12.416069540055,4.17746540099602,0.75));
#3198=CARTESIAN_POINT('',(12.416069540055,2.35246540099602,0.));
#3199=CARTESIAN_POINT('Origin',(12.416069540055,4.17746540099602,0.));
#3200=CARTESIAN_POINT('',(12.416069540055,2.35246540099602,1.5));
#3201=CARTESIAN_POINT('',(12.416069540055,2.35246540099602,0.75));
#3202=CARTESIAN_POINT('Origin',(12.416069540055,4.17746540099602,1.5));
#3203=CARTESIAN_POINT('Origin',(12.416069540055,4.17746540099602,1.5));
#3204=CARTESIAN_POINT('',(12.416069540055,5.17746540099602,1.5));
#3205=CARTESIAN_POINT('Origin',(12.416069540055,4.17746540099602,1.5));
#3206=CARTESIAN_POINT('Origin',(12.416069540055,4.17746540099602,0.));
#3207=CARTESIAN_POINT('',(12.416069540055,5.17746540099602,12.));
#3208=CARTESIAN_POINT('',(12.416069540055,5.17746540099602,0.));
#3209=CARTESIAN_POINT('Origin',(12.416069540055,4.17746540099602,12.));
#3210=CARTESIAN_POINT('Origin',(11.7334010806731,-5.82557285424015,0.75));
#3211=CARTESIAN_POINT('',(10.4429312050076,-7.1160427299056,0.));
#3212=CARTESIAN_POINT('Origin',(11.7334010806731,-5.82557285424015,0.));
#3213=CARTESIAN_POINT('',(10.4429312050076,-7.1160427299056,1.5));
#3214=CARTESIAN_POINT('',(10.4429312050076,-7.1160427299056,0.75));
#3215=CARTESIAN_POINT('Origin',(11.7334010806731,-5.82557285424015,1.5));
#3216=CARTESIAN_POINT('Origin',(11.7334010806731,-5.82557285424015,1.5));
#3217=CARTESIAN_POINT('',(12.4405078618596,-5.1184660730536,1.5));
#3218=CARTESIAN_POINT('Origin',(11.7334010806731,-5.82557285424015,1.5));
#3219=CARTESIAN_POINT('Origin',(11.7334010806731,-5.82557285424015,0.));
#3220=CARTESIAN_POINT('',(12.4405078618596,-5.1184660730536,12.));
#3221=CARTESIAN_POINT('',(12.4405078618596,-5.1184660730536,0.));
#3222=CARTESIAN_POINT('Origin',(11.7334010806731,-5.82557285424015,12.));
#3223=CARTESIAN_POINT('Origin',(4.17746540099602,-12.416069540055,0.75));
#3224=CARTESIAN_POINT('',(2.35246540099602,-12.416069540055,0.));
#3225=CARTESIAN_POINT('Origin',(4.17746540099602,-12.416069540055,0.));
#3226=CARTESIAN_POINT('',(2.35246540099602,-12.416069540055,1.5));
#3227=CARTESIAN_POINT('',(2.35246540099602,-12.416069540055,0.75));
#3228=CARTESIAN_POINT('Origin',(4.17746540099602,-12.416069540055,1.5));
#3229=CARTESIAN_POINT('Origin',(4.17746540099602,-12.416069540055,1.5));
#3230=CARTESIAN_POINT('',(5.17746540099602,-12.416069540055,1.5));
#3231=CARTESIAN_POINT('Origin',(4.17746540099602,-12.416069540055,1.5));
#3232=CARTESIAN_POINT('Origin',(4.17746540099602,-12.416069540055,0.));
#3233=CARTESIAN_POINT('',(5.17746540099602,-12.416069540055,12.));
#3234=CARTESIAN_POINT('',(5.17746540099602,-12.416069540055,0.));
#3235=CARTESIAN_POINT('Origin',(4.17746540099602,-12.416069540055,12.));
#3236=CARTESIAN_POINT('Origin',(-5.82557285424015,-11.7334010806731,0.75));
#3237=CARTESIAN_POINT('',(-7.1160427299056,-10.4429312050076,0.));
#3238=CARTESIAN_POINT('Origin',(-5.82557285424015,-11.7334010806731,0.));
#3239=CARTESIAN_POINT('',(-7.1160427299056,-10.4429312050076,1.5));
#3240=CARTESIAN_POINT('',(-7.1160427299056,-10.4429312050076,0.75));
#3241=CARTESIAN_POINT('Origin',(-5.82557285424015,-11.7334010806731,1.5));
#3242=CARTESIAN_POINT('Origin',(-5.82557285424015,-11.7334010806731,1.5));
#3243=CARTESIAN_POINT('',(-5.1184660730536,-12.4405078618596,1.5));
#3244=CARTESIAN_POINT('Origin',(-5.82557285424015,-11.7334010806731,1.5));
#3245=CARTESIAN_POINT('Origin',(-5.82557285424015,-11.7334010806731,0.));
#3246=CARTESIAN_POINT('',(-5.1184660730536,-12.4405078618596,12.));
#3247=CARTESIAN_POINT('',(-5.1184660730536,-12.4405078618596,0.));
#3248=CARTESIAN_POINT('Origin',(-5.82557285424015,-11.7334010806731,12.));
#3249=CARTESIAN_POINT('Origin',(-12.416069540055,-4.17746540099602,0.75));
#3250=CARTESIAN_POINT('',(-12.416069540055,-2.35246540099602,0.));
#3251=CARTESIAN_POINT('Origin',(-12.416069540055,-4.17746540099602,0.));
#3252=CARTESIAN_POINT('',(-12.416069540055,-2.35246540099602,1.5));
#3253=CARTESIAN_POINT('',(-12.416069540055,-2.35246540099602,0.75));
#3254=CARTESIAN_POINT('Origin',(-12.416069540055,-4.17746540099602,1.5));
#3255=CARTESIAN_POINT('Origin',(-12.416069540055,-4.17746540099602,1.5));
#3256=CARTESIAN_POINT('',(-12.416069540055,-5.17746540099602,1.5));
#3257=CARTESIAN_POINT('Origin',(-12.416069540055,-4.17746540099602,1.5));
#3258=CARTESIAN_POINT('Origin',(-12.416069540055,-4.17746540099602,0.));
#3259=CARTESIAN_POINT('',(-12.416069540055,-5.17746540099602,12.));
#3260=CARTESIAN_POINT('',(-12.416069540055,-5.17746540099602,0.));
#3261=CARTESIAN_POINT('Origin',(-12.416069540055,-4.17746540099602,12.));
#3262=CARTESIAN_POINT('Origin',(-11.7334010806731,5.82557285424015,0.75));
#3263=CARTESIAN_POINT('',(-10.4429312050076,7.1160427299056,-2.77555756156289E-16));
#3264=CARTESIAN_POINT('Origin',(-11.7334010806731,5.82557285424015,-2.77555756156289E-16));
#3265=CARTESIAN_POINT('',(-10.4429312050076,7.1160427299056,1.5));
#3266=CARTESIAN_POINT('',(-10.4429312050076,7.1160427299056,0.75));
#3267=CARTESIAN_POINT('Origin',(-11.7334010806731,5.82557285424015,1.5));
#3268=CARTESIAN_POINT('Origin',(-11.7334010806731,5.82557285424015,1.5));
#3269=CARTESIAN_POINT('',(-12.4405078618596,5.1184660730536,1.5));
#3270=CARTESIAN_POINT('Origin',(-11.7334010806731,5.82557285424015,1.5));
#3271=CARTESIAN_POINT('Origin',(-11.7334010806731,5.82557285424015,0.));
#3272=CARTESIAN_POINT('',(-12.4405078618596,5.1184660730536,12.));
#3273=CARTESIAN_POINT('',(-12.4405078618596,5.1184660730536,0.));
#3274=CARTESIAN_POINT('Origin',(-11.7334010806731,5.82557285424015,12.));
#3275=CARTESIAN_POINT('Origin',(-4.17746540099602,12.416069540055,0.75));
#3276=CARTESIAN_POINT('',(-2.35246540099602,12.416069540055,0.));
#3277=CARTESIAN_POINT('Origin',(-4.17746540099602,12.416069540055,0.));
#3278=CARTESIAN_POINT('',(-2.35246540099602,12.416069540055,1.5));
#3279=CARTESIAN_POINT('',(-2.35246540099602,12.416069540055,0.75));
#3280=CARTESIAN_POINT('Origin',(-4.17746540099602,12.416069540055,1.5));
#3281=CARTESIAN_POINT('Origin',(-4.17746540099602,12.416069540055,1.5));
#3282=CARTESIAN_POINT('',(-5.17746540099602,12.416069540055,1.5));
#3283=CARTESIAN_POINT('Origin',(-4.17746540099602,12.416069540055,1.5));
#3284=CARTESIAN_POINT('Origin',(-4.17746540099602,12.416069540055,0.));
#3285=CARTESIAN_POINT('',(-5.17746540099602,12.416069540055,12.));
#3286=CARTESIAN_POINT('',(-5.17746540099602,12.416069540055,0.));
#3287=CARTESIAN_POINT('Origin',(-4.17746540099602,12.416069540055,12.));
#3288=CARTESIAN_POINT('Origin',(0.,14.3,0.));
#3289=CARTESIAN_POINT('',(-1.25,14.3,0.));
#3290=CARTESIAN_POINT('',(-1.25,14.3,0.));
#3291=CARTESIAN_POINT('Origin',(0.,14.3,0.));
#3292=CARTESIAN_POINT('Origin',(0.,0.,0.));
#3293=CARTESIAN_POINT('',(-5.,-6.12323399573677E-16,12.));
#3294=CARTESIAN_POINT('Origin',(0.,0.,12.));
#3295=CARTESIAN_POINT('',(-5.,-6.12323399573677E-16,0.));
#3296=CARTESIAN_POINT('Origin',(0.,0.,12.));
#3297=CARTESIAN_POINT('Origin',(0.,0.,0.));
#3298=CARTESIAN_POINT('',(1.25,-14.3,0.));
#3299=CARTESIAN_POINT('Origin',(-1.75124492278072E-15,-14.3,0.));
#3300=CARTESIAN_POINT('Origin',(-1.75124492278072E-15,-14.3,0.));
#3301=CARTESIAN_POINT('',(1.25,-14.3,0.));
#3302=UNCERTAINTY_MEASURE_WITH_UNIT(LENGTH_MEASURE(0.01),#3306,
'DISTANCE_ACCURACY_VALUE',
'Maximum model space distance between geometric entities at asserted c
onnectivities');
#3303=UNCERTAINTY_MEASURE_WITH_UNIT(LENGTH_MEASURE(0.01),#3306,
'DISTANCE_ACCURACY_VALUE',
'Maximum model space distance between geometric entities at asserted c
onnectivities');
#3304=(
GEOMETRIC_REPRESENTATION_CONTEXT(3)
GLOBAL_UNCERTAINTY_ASSIGNED_CONTEXT((#3302))
GLOBAL_UNIT_ASSIGNED_CONTEXT((#3306,#3308,#3309))
REPRESENTATION_CONTEXT('','3D')
);
#3305=(
GEOMETRIC_REPRESENTATION_CONTEXT(3)
GLOBAL_UNCERTAINTY_ASSIGNED_CONTEXT((#3303))
GLOBAL_UNIT_ASSIGNED_CONTEXT((#3306,#3308,#3309))
REPRESENTATION_CONTEXT('','3D')
);
#3306=(
LENGTH_UNIT()
NAMED_UNIT(*)
SI_UNIT(.MILLI.,.METRE.)
);
#3307=(
LENGTH_UNIT()
NAMED_UNIT(*)
SI_UNIT($,.METRE.)
);
#3308=(
NAMED_UNIT(*)
PLANE_ANGLE_UNIT()
SI_UNIT($,.RADIAN.)
);
#3309=(
NAMED_UNIT(*)
SI_UNIT($,.STERADIAN.)
SOLID_ANGLE_UNIT()
);
#3310=SHAPE_DEFINITION_REPRESENTATION(#3311,#3312);
#3311=PRODUCT_DEFINITION_SHAPE('',$,#3314);
#3312=SHAPE_REPRESENTATION('',(#1653),#3304);
#3313=PRODUCT_DEFINITION_CONTEXT('part definition',#3318,'design');
#3314=PRODUCT_DEFINITION('2026-08-03-19-35-58-573','ledHolder',#3315,#3313);
#3315=PRODUCT_DEFINITION_FORMATION('',$,#3320);
#3316=PRODUCT_RELATED_PRODUCT_CATEGORY('ledHolder','ledHolder',(#3320));
#3317=APPLICATION_PROTOCOL_DEFINITION('international standard',
'automotive_design',2009,#3318);
#3318=APPLICATION_CONTEXT(
'Core Data for Automotive Mechanical Design Process');
#3319=PRODUCT_CONTEXT('part definition',#3318,'mechanical');
#3320=PRODUCT('2026-08-03-19-35-58-573','ledHolder',$,(#3319));
#3321=PRESENTATION_STYLE_ASSIGNMENT((#3322));
#3322=SURFACE_STYLE_USAGE(.BOTH.,#3323);
#3323=SURFACE_SIDE_STYLE('',(#3324));
#3324=SURFACE_STYLE_FILL_AREA(#3325);
#3325=FILL_AREA_STYLE('Steel - Satin',(#3326));
#3326=FILL_AREA_STYLE_COLOUR('Steel - Satin',#3327);
#3327=COLOUR_RGB('Steel - Satin',0.627450980392157,0.627450980392157,0.627450980392157);
ENDSEC;
END-ISO-10303-21;
