ISO-10303-21;
HEADER;
/* Generated by software containing ST-Developer
 * from STEP Tools, Inc. (www.steptools.com) 
 */

FILE_DESCRIPTION(
/* description */ (''),
/* implementation_level */ '2;1');

FILE_NAME(
/* name */ 'microscopeHolderMain.step',
/* time_stamp */ '2026-08-03T19:32:34+02:00',
/* author */ (''),
/* organization */ (''),
/* preprocessor_version */ 'ST-DEVELOPER v20.1',
/* originating_system */ 'Autodesk Translation Framework v15.8.0.0',
/* authorisation */ '');

FILE_SCHEMA (('AUTOMOTIVE_DESIGN { 1 0 10303 214 3 1 1 }'));
ENDSEC;

DATA;
#10=MECHANICAL_DESIGN_GEOMETRIC_PRESENTATION_REPRESENTATION('',(#13),#8869);
#11=SHAPE_REPRESENTATION_RELATIONSHIP('SRR','None',#8876,#12);
#12=ADVANCED_BREP_SHAPE_REPRESENTATION('',(#14),#8868);
#13=STYLED_ITEM('',(#8885),#14);
#14=MANIFOLD_SOLID_BREP('Body1',#1415);
#15=B_SPLINE_SURFACE_WITH_KNOTS('',3,3,((#5838,#5839,#5840,#5841,#5842,
#5843,#5844,#5845,#5846,#5847,#5848,#5849,#5850,#5851,#5852,#5853,#5854,
#5855,#5856,#5857,#5858,#5859,#5860,#5861,#5862,#5863,#5864,#5865,#5866,
#5867,#5868,#5869,#5870,#5871,#5872,#5873,#5874,#5875,#5876,#5877,#5878,
#5879,#5880,#5881,#5882,#5883,#5884,#5885,#5886,#5887,#5888,#5889,#5890,
#5891,#5892,#5893,#5894,#5895,#5896,#5897,#5898,#5899,#5900,#5901,#5902,
#5903,#5904,#5905,#5906,#5907,#5908,#5909,#5910,#5911,#5912,#5913,#5914,
#5915,#5916,#5917,#5918,#5919,#5920,#5921,#5922,#5923,#5924,#5925,#5926,
#5927,#5928,#5929,#5930,#5931,#5932,#5933,#5934,#5935,#5936,#5937,#5938,
#5939,#5940,#5941,#5942,#5943,#5944,#5945,#5946,#5947,#5948,#5949,#5950,
#5951,#5952,#5953,#5954,#5955,#5956,#5957,#5958,#5959,#5960,#5961,#5962,
#5963,#5964,#5965,#5966,#5967,#5968,#5969,#5970,#5971,#5972,#5973,#5974,
#5975,#5976,#5977,#5978,#5979,#5980,#5981,#5982,#5983,#5984,#5985,#5986,
#5987,#5988,#5989,#5990,#5991,#5992,#5993,#5994,#5995,#5996,#5997,#5998,
#5999,#6000,#6001,#6002,#6003,#6004,#6005,#6006,#6007,#6008,#6009,#6010,
#6011,#6012,#6013,#6014,#6015,#6016,#6017,#6018,#6019,#6020,#6021,#6022,
#6023,#6024,#6025,#6026,#6027,#6028,#6029,#6030,#6031,#6032,#6033,#6034,
#6035,#6036,#6037,#6038,#6039,#6040,#6041,#6042,#6043,#6044,#6045,#6046,
#6047,#6048,#6049,#6050,#6051,#6052,#6053,#6054,#6055,#6056,#6057,#6058,
#6059,#6060,#6061,#6062,#6063,#6064,#6065,#6066,#6067,#6068,#6069,#6070,
#6071,#6072,#6073,#6074,#6075,#6076,#6077,#6078,#6079,#6080,#6081,#6082,
#6083,#6084,#6085,#6086,#6087,#6088,#6089,#6090,#6091,#6092,#6093,#6094,
#6095,#6096,#6097,#6098,#6099,#6100,#6101,#6102,#6103,#6104,#6105,#6106,
#6107,#6108,#6109,#6110,#6111,#6112,#6113,#6114,#6115,#6116,#6117,#6118,
#6119,#6120,#6121,#6122,#6123,#6124,#6125,#6126,#6127,#6128,#6129,#6130,
#6131,#6132,#6133,#6134,#6135,#6136,#6137,#6138,#6139,#6140,#6141,#6142,
#6143,#6144,#6145,#6146,#6147,#6148,#6149,#6150,#6151,#6152,#6153,#6154,
#6155,#6156,#6157,#6158,#6159,#6160,#6161,#6162,#6163,#6164,#6165,#6166,
#6167,#6168,#6169,#6170,#6171,#6172,#6173,#6174,#6175,#6176,#6177,#6178,
#6179,#6180,#6181,#6182,#6183,#6184,#6185,#6186,#6187,#6188,#6189,#6190,
#6191,#6192,#6193,#6194,#6195,#6196,#6197,#6198),(#6199,#6200,#6201,#6202,
#6203,#6204,#6205,#6206,#6207,#6208,#6209,#6210,#6211,#6212,#6213,#6214,
#6215,#6216,#6217,#6218,#6219,#6220,#6221,#6222,#6223,#6224,#6225,#6226,
#6227,#6228,#6229,#6230,#6231,#6232,#6233,#6234,#6235,#6236,#6237,#6238,
#6239,#6240,#6241,#6242,#6243,#6244,#6245,#6246,#6247,#6248,#6249,#6250,
#6251,#6252,#6253,#6254,#6255,#6256,#6257,#6258,#6259,#6260,#6261,#6262,
#6263,#6264,#6265,#6266,#6267,#6268,#6269,#6270,#6271,#6272,#6273,#6274,
#6275,#6276,#6277,#6278,#6279,#6280,#6281,#6282,#6283,#6284,#6285,#6286,
#6287,#6288,#6289,#6290,#6291,#6292,#6293,#6294,#6295,#6296,#6297,#6298,
#6299,#6300,#6301,#6302,#6303,#6304,#6305,#6306,#6307,#6308,#6309,#6310,
#6311,#6312,#6313,#6314,#6315,#6316,#6317,#6318,#6319,#6320,#6321,#6322,
#6323,#6324,#6325,#6326,#6327,#6328,#6329,#6330,#6331,#6332,#6333,#6334,
#6335,#6336,#6337,#6338,#6339,#6340,#6341,#6342,#6343,#6344,#6345,#6346,
#6347,#6348,#6349,#6350,#6351,#6352,#6353,#6354,#6355,#6356,#6357,#6358,
#6359,#6360,#6361,#6362,#6363,#6364,#6365,#6366,#6367,#6368,#6369,#6370,
#6371,#6372,#6373,#6374,#6375,#6376,#6377,#6378,#6379,#6380,#6381,#6382,
#6383,#6384,#6385,#6386,#6387,#6388,#6389,#6390,#6391,#6392,#6393,#6394,
#6395,#6396,#6397,#6398,#6399,#6400,#6401,#6402,#6403,#6404,#6405,#6406,
#6407,#6408,#6409,#6410,#6411,#6412,#6413,#6414,#6415,#6416,#6417,#6418,
#6419,#6420,#6421,#6422,#6423,#6424,#6425,#6426,#6427,#6428,#6429,#6430,
#6431,#6432,#6433,#6434,#6435,#6436,#6437,#6438,#6439,#6440,#6441,#6442,
#6443,#6444,#6445,#6446,#6447,#6448,#6449,#6450,#6451,#6452,#6453,#6454,
#6455,#6456,#6457,#6458,#6459,#6460,#6461,#6462,#6463,#6464,#6465,#6466,
#6467,#6468,#6469,#6470,#6471,#6472,#6473,#6474,#6475,#6476,#6477,#6478,
#6479,#6480,#6481,#6482,#6483,#6484,#6485,#6486,#6487,#6488,#6489,#6490,
#6491,#6492,#6493,#6494,#6495,#6496,#6497,#6498,#6499,#6500,#6501,#6502,
#6503,#6504,#6505,#6506,#6507,#6508,#6509,#6510,#6511,#6512,#6513,#6514,
#6515,#6516,#6517,#6518,#6519,#6520,#6521,#6522,#6523,#6524,#6525,#6526,
#6527,#6528,#6529,#6530,#6531,#6532,#6533,#6534,#6535,#6536,#6537,#6538,
#6539,#6540,#6541,#6542,#6543,#6544,#6545,#6546,#6547,#6548,#6549,#6550,
#6551,#6552,#6553,#6554,#6555,#6556,#6557,#6558,#6559),(#6560,#6561,#6562,
#6563,#6564,#6565,#6566,#6567,#6568,#6569,#6570,#6571,#6572,#6573,#6574,
#6575,#6576,#6577,#6578,#6579,#6580,#6581,#6582,#6583,#6584,#6585,#6586,
#6587,#6588,#6589,#6590,#6591,#6592,#6593,#6594,#6595,#6596,#6597,#6598,
#6599,#6600,#6601,#6602,#6603,#6604,#6605,#6606,#6607,#6608,#6609,#6610,
#6611,#6612,#6613,#6614,#6615,#6616,#6617,#6618,#6619,#6620,#6621,#6622,
#6623,#6624,#6625,#6626,#6627,#6628,#6629,#6630,#6631,#6632,#6633,#6634,
#6635,#6636,#6637,#6638,#6639,#6640,#6641,#6642,#6643,#6644,#6645,#6646,
#6647,#6648,#6649,#6650,#6651,#6652,#6653,#6654,#6655,#6656,#6657,#6658,
#6659,#6660,#6661,#6662,#6663,#6664,#6665,#6666,#6667,#6668,#6669,#6670,
#6671,#6672,#6673,#6674,#6675,#6676,#6677,#6678,#6679,#6680,#6681,#6682,
#6683,#6684,#6685,#6686,#6687,#6688,#6689,#6690,#6691,#6692,#6693,#6694,
#6695,#6696,#6697,#6698,#6699,#6700,#6701,#6702,#6703,#6704,#6705,#6706,
#6707,#6708,#6709,#6710,#6711,#6712,#6713,#6714,#6715,#6716,#6717,#6718,
#6719,#6720,#6721,#6722,#6723,#6724,#6725,#6726,#6727,#6728,#6729,#6730,
#6731,#6732,#6733,#6734,#6735,#6736,#6737,#6738,#6739,#6740,#6741,#6742,
#6743,#6744,#6745,#6746,#6747,#6748,#6749,#6750,#6751,#6752,#6753,#6754,
#6755,#6756,#6757,#6758,#6759,#6760,#6761,#6762,#6763,#6764,#6765,#6766,
#6767,#6768,#6769,#6770,#6771,#6772,#6773,#6774,#6775,#6776,#6777,#6778,
#6779,#6780,#6781,#6782,#6783,#6784,#6785,#6786,#6787,#6788,#6789,#6790,
#6791,#6792,#6793,#6794,#6795,#6796,#6797,#6798,#6799,#6800,#6801,#6802,
#6803,#6804,#6805,#6806,#6807,#6808,#6809,#6810,#6811,#6812,#6813,#6814,
#6815,#6816,#6817,#6818,#6819,#6820,#6821,#6822,#6823,#6824,#6825,#6826,
#6827,#6828,#6829,#6830,#6831,#6832,#6833,#6834,#6835,#6836,#6837,#6838,
#6839,#6840,#6841,#6842,#6843,#6844,#6845,#6846,#6847,#6848,#6849,#6850,
#6851,#6852,#6853,#6854,#6855,#6856,#6857,#6858,#6859,#6860,#6861,#6862,
#6863,#6864,#6865,#6866,#6867,#6868,#6869,#6870,#6871,#6872,#6873,#6874,
#6875,#6876,#6877,#6878,#6879,#6880,#6881,#6882,#6883,#6884,#6885,#6886,
#6887,#6888,#6889,#6890,#6891,#6892,#6893,#6894,#6895,#6896,#6897,#6898,
#6899,#6900,#6901,#6902,#6903,#6904,#6905,#6906,#6907,#6908,#6909,#6910,
#6911,#6912,#6913,#6914,#6915,#6916,#6917,#6918,#6919,#6920),(#6921,#6922,
#6923,#6924,#6925,#6926,#6927,#6928,#6929,#6930,#6931,#6932,#6933,#6934,
#6935,#6936,#6937,#6938,#6939,#6940,#6941,#6942,#6943,#6944,#6945,#6946,
#6947,#6948,#6949,#6950,#6951,#6952,#6953,#6954,#6955,#6956,#6957,#6958,
#6959,#6960,#6961,#6962,#6963,#6964,#6965,#6966,#6967,#6968,#6969,#6970,
#6971,#6972,#6973,#6974,#6975,#6976,#6977,#6978,#6979,#6980,#6981,#6982,
#6983,#6984,#6985,#6986,#6987,#6988,#6989,#6990,#6991,#6992,#6993,#6994,
#6995,#6996,#6997,#6998,#6999,#7000,#7001,#7002,#7003,#7004,#7005,#7006,
#7007,#7008,#7009,#7010,#7011,#7012,#7013,#7014,#7015,#7016,#7017,#7018,
#7019,#7020,#7021,#7022,#7023,#7024,#7025,#7026,#7027,#7028,#7029,#7030,
#7031,#7032,#7033,#7034,#7035,#7036,#7037,#7038,#7039,#7040,#7041,#7042,
#7043,#7044,#7045,#7046,#7047,#7048,#7049,#7050,#7051,#7052,#7053,#7054,
#7055,#7056,#7057,#7058,#7059,#7060,#7061,#7062,#7063,#7064,#7065,#7066,
#7067,#7068,#7069,#7070,#7071,#7072,#7073,#7074,#7075,#7076,#7077,#7078,
#7079,#7080,#7081,#7082,#7083,#7084,#7085,#7086,#7087,#7088,#7089,#7090,
#7091,#7092,#7093,#7094,#7095,#7096,#7097,#7098,#7099,#7100,#7101,#7102,
#7103,#7104,#7105,#7106,#7107,#7108,#7109,#7110,#7111,#7112,#7113,#7114,
#7115,#7116,#7117,#7118,#7119,#7120,#7121,#7122,#7123,#7124,#7125,#7126,
#7127,#7128,#7129,#7130,#7131,#7132,#7133,#7134,#7135,#7136,#7137,#7138,
#7139,#7140,#7141,#7142,#7143,#7144,#7145,#7146,#7147,#7148,#7149,#7150,
#7151,#7152,#7153,#7154,#7155,#7156,#7157,#7158,#7159,#7160,#7161,#7162,
#7163,#7164,#7165,#7166,#7167,#7168,#7169,#7170,#7171,#7172,#7173,#7174,
#7175,#7176,#7177,#7178,#7179,#7180,#7181,#7182,#7183,#7184,#7185,#7186,
#7187,#7188,#7189,#7190,#7191,#7192,#7193,#7194,#7195,#7196,#7197,#7198,
#7199,#7200,#7201,#7202,#7203,#7204,#7205,#7206,#7207,#7208,#7209,#7210,
#7211,#7212,#7213,#7214,#7215,#7216,#7217,#7218,#7219,#7220,#7221,#7222,
#7223,#7224,#7225,#7226,#7227,#7228,#7229,#7230,#7231,#7232,#7233,#7234,
#7235,#7236,#7237,#7238,#7239,#7240,#7241,#7242,#7243,#7244,#7245,#7246,
#7247,#7248,#7249,#7250,#7251,#7252,#7253,#7254,#7255,#7256,#7257,#7258,
#7259,#7260,#7261,#7262,#7263,#7264,#7265,#7266,#7267,#7268,#7269,#7270,
#7271,#7272,#7273,#7274,#7275,#7276,#7277,#7278,#7279,#7280,#7281)),
 .UNSPECIFIED.,.F.,.F.,.F.,(4,4),(4,1,1,1,1,1,1,1,1,1,1,1,1,1,1,1,1,1,1,
1,1,1,1,1,1,1,1,1,1,1,1,1,1,1,1,1,1,1,1,1,1,1,1,1,1,1,1,1,1,1,1,1,1,1,1,
1,1,1,1,1,1,1,1,1,1,1,1,1,1,1,1,1,1,1,1,1,1,1,1,1,1,1,1,1,1,1,1,1,1,1,1,
1,1,1,1,1,1,1,1,1,1,1,1,1,1,1,1,1,1,1,1,1,1,1,1,1,1,1,1,1,1,1,1,1,1,1,1,
1,1,1,1,1,1,1,1,1,1,1,1,1,1,1,1,1,1,1,1,1,1,1,1,1,1,1,1,1,1,1,1,1,1,1,1,
1,1,1,1,1,1,1,1,1,1,1,1,1,1,1,1,1,1,1,1,1,1,1,1,1,1,1,1,1,1,1,1,1,1,1,1,
1,1,1,1,1,1,1,1,1,1,1,1,1,1,1,1,1,1,1,1,1,1,1,1,1,1,1,1,1,1,1,1,1,1,1,1,
1,1,1,1,1,1,1,1,1,1,1,1,1,1,1,1,1,1,1,1,1,1,1,1,1,1,1,1,1,1,1,1,1,1,1,1,
1,1,1,1,1,1,1,1,1,1,1,1,1,1,1,1,1,1,1,1,1,1,1,1,1,1,1,1,1,1,1,1,1,1,1,1,
1,1,1,1,1,1,1,1,1,1,1,1,1,1,1,1,1,1,1,1,1,1,1,1,1,1,1,1,1,1,1,1,1,1,1,1,
1,1,1,1,1,1,1,1,1,1,1,1,1,1,1,4),(0.,0.0666262210644829),(8.28299126098401,
8.78026029189841,9.27752932281281,9.77479835372721,10.2720673846416,10.769336415556,
11.2666054464704,11.7638744773848,12.2611435082992,12.7584125392136,13.255681570128,
13.7529506010424,14.2502196319568,14.7474886628712,15.2447576937856,15.7420267247,
16.2392957556144,16.7365647865288,17.2338338174432,17.7311028483576,18.228371879272,
18.7256409101864,19.2229099411008,19.7201789720152,20.2174480029296,20.714717033844,
21.2119860647584,21.7092550956728,22.2065241265872,22.7037931575016,23.201062188416,
23.6983312193304,24.1956002502448,24.6928692811592,25.1901383120736,25.687407342988,
26.1846763739024,26.6819454048168,27.1792144357312,27.6764834666456,28.17375249756,
28.6710215284744,29.1682905593888,29.6655595903032,30.1628286212176,30.660097652132,
31.1573666830464,31.6546357139608,32.1519047448751,32.6491737757895,33.1464428067039,
33.6437118376183,34.1409808685327,34.6382498994471,35.1355189303615,35.6327879612759,
36.1300569921903,36.6273260231047,37.1245950540191,37.6218640849335,38.1191331158479,
38.6164021467623,39.1136711776767,39.6109402085911,40.1082092395055,40.6054782704199,
41.1027473013343,41.6000163322487,42.0972853631631,42.5945543940775,43.0918234249919,
43.5890924559063,44.0863614868207,44.5836305177351,45.0808995486495,45.5781685795639,
46.0754376104783,46.5727066413927,47.0699756723071,47.5672447032215,48.0645137341359,
48.5617827650503,49.0590517959647,49.5563208268791,50.0535898577935,50.5508588887079,
51.0481279196223,51.5453969505367,52.0426659814511,52.5399350123655,53.0372040432799,
53.5344730741943,54.0317421051087,54.5290111360231,55.0262801669375,55.5235491978519,
56.0208182287663,56.5180872596807,57.0153562905951,57.5126253215095,58.0098943524239,
58.5071633833383,59.0044324142527,59.5017014451671,59.9989704760815,60.4962395069959,
60.9935085379103,61.4907775688247,61.9880465997391,62.4853156306535,62.9825846615679,
63.4798536924823,63.9771227233967,64.4743917543111,64.9716607852255,65.4689298161399,
65.9661988470543,66.4634678779687,66.9607369088831,67.4580059397975,67.9552749707119,
68.4525440016263,68.9498130325406,69.447082063455,69.9443510943695,70.4416201252838,
70.9388891561982,71.4361581871127,71.933427218027,72.4306962489414,72.9279652798558,
73.4252343107702,73.9225033416846,74.419772372599,74.9170414035134,75.4143104344278,
75.9115794653422,76.4088484962566,76.906117527171,77.4033865580854,77.9006555889998,
78.3979246199142,78.8951936508286,79.392462681743,79.8897317126574,80.3870007435718,
80.8842697744862,81.3815388054006,81.878807836315,82.3760768672294,82.8733458981438,
83.3706149290582,83.8678839599726,84.365152990887,84.8624220218014,85.3596910527158,
85.8569600836302,86.3542291145446,86.851498145459,87.3487671763734,87.8460362072878,
88.3433052382022,88.8405742691166,89.337843300031,89.8351123309454,90.3323813618598,
90.8296503927742,91.3269194236886,91.824188454603,92.3214574855174,92.8187265164318,
93.3159955473462,93.8132645782606,94.310533609175,94.8078026400894,95.3050716710038,
95.8023407019182,96.2996097328326,96.796878763747,97.2941477946614,97.7914168255758,
98.2886858564902,98.7859548874046,99.283223918319,99.7804929492334,100.277761980148,
100.775031011062,101.272300041977,101.769569072891,102.266838103805,102.76410713472,
103.261376165634,103.758645196549,104.255914227463,104.753183258377,105.250452289292,
105.747721320206,106.244990351121,106.742259382035,107.239528412949,107.736797443864,
108.234066474778,108.731335505693,109.228604536607,109.725873567521,110.223142598436,
110.72041162935,111.217680660265,111.714949691179,112.212218722093,112.709487753008,
113.206756783922,113.704025814837,114.201294845751,114.698563876665,115.19583290758,
115.693101938494,116.190370969409,116.687640000323,117.184909031237,117.682178062152,
118.179447093066,118.676716123981,119.173985154895,119.671254185809,120.168523216724,
120.665792247638,121.163061278553,121.660330309467,122.157599340381,122.654868371296,
123.15213740221,123.649406433125,124.146675464039,124.643944494953,125.141213525868,
125.638482556782,126.135751587697,126.633020618611,127.130289649525,127.62755868044,
128.124827711354,128.622096742268,129.119365773183,129.616634804097,130.113903835012,
130.611172865926,131.10844189684,131.605710927755,132.102979958669,132.600248989584,
133.097518020498,133.594787051412,134.092056082327,134.589325113241,135.086594144156,
135.58386317507,136.081132205984,136.578401236899,137.075670267813,137.572939298728,
138.070208329642,138.567477360556,139.064746391471,139.562015422385,140.0592844533,
140.556553484214,141.053822515128,141.551091546043,142.048360576957,142.545629607872,
143.042898638786,143.5401676697,144.037436700615,144.534705731529,145.031974762444,
145.529243793358,146.026512824272,146.523781855187,147.021050886101,147.518319917016,
148.01558894793,148.512857978844,149.010127009759,149.507396040673,150.004665071588,
150.501934102502,150.999203133416,151.496472164331,151.993741195245,152.49101022616,
152.988279257074,153.485548287988,153.982817318903,154.480086349817,154.977355380732,
155.474624411646,155.97189344256,156.469162473475,156.966431504389,157.463700535304,
157.960969566218,158.458238597132,158.955507628047,159.452776658961,159.950045689876,
160.44731472079,160.944583751704,161.441852782619,161.939121813533,162.436390844448,
162.933659875362,163.430928906276,163.928197937191,164.425466968105,164.92273599902,
165.420005029934,165.917274060848,166.414543091763,166.911812122677,167.409081153592,
167.906350184506,168.40361921542,168.900888246335,169.398157277249,169.895426308164,
170.392695339078,170.889964369992,171.387233400907,171.884502431821,172.381771462736,
172.87904049365,173.376309524564,173.873578555479,174.370847586393,174.868116617308,
175.365385648222,175.862654679136,176.359923710051,176.857192740965,177.35446177188,
177.851730802794,178.348999833708,178.846268864623,179.343537895537,179.840806926452,
180.338075957366,180.83534498828,181.332614019195,181.829883050109,182.327152081024,
182.824421111938,183.321690142852,183.818959173767,184.316228204681,184.813497235596,
185.31076626651,185.808035297424,186.305304328339),.UNSPECIFIED.);
#16=B_SPLINE_SURFACE_WITH_KNOTS('',3,3,((#7343,#7344,#7345,#7346,#7347,
#7348,#7349,#7350,#7351,#7352,#7353,#7354,#7355,#7356,#7357,#7358,#7359,
#7360,#7361,#7362,#7363,#7364,#7365,#7366,#7367,#7368,#7369,#7370,#7371,
#7372,#7373,#7374,#7375,#7376,#7377,#7378,#7379,#7380,#7381,#7382,#7383,
#7384,#7385,#7386,#7387,#7388,#7389,#7390,#7391,#7392,#7393,#7394,#7395,
#7396,#7397,#7398,#7399,#7400,#7401,#7402,#7403,#7404,#7405,#7406,#7407,
#7408,#7409,#7410,#7411,#7412,#7413,#7414,#7415,#7416,#7417,#7418,#7419,
#7420,#7421,#7422,#7423,#7424,#7425,#7426,#7427,#7428,#7429,#7430,#7431,
#7432,#7433,#7434,#7435,#7436,#7437,#7438,#7439,#7440,#7441,#7442,#7443,
#7444,#7445,#7446,#7447,#7448,#7449,#7450,#7451,#7452,#7453,#7454,#7455,
#7456,#7457,#7458,#7459,#7460,#7461,#7462,#7463,#7464,#7465,#7466,#7467,
#7468,#7469,#7470,#7471,#7472,#7473,#7474,#7475,#7476,#7477,#7478,#7479,
#7480,#7481,#7482,#7483,#7484,#7485,#7486,#7487,#7488,#7489,#7490,#7491,
#7492,#7493,#7494,#7495,#7496,#7497,#7498,#7499,#7500,#7501,#7502,#7503,
#7504,#7505,#7506,#7507,#7508,#7509,#7510,#7511,#7512,#7513,#7514,#7515,
#7516,#7517,#7518,#7519,#7520,#7521,#7522,#7523,#7524,#7525,#7526,#7527,
#7528,#7529,#7530,#7531,#7532,#7533,#7534,#7535,#7536,#7537,#7538,#7539,
#7540,#7541,#7542,#7543,#7544,#7545,#7546,#7547,#7548,#7549,#7550,#7551,
#7552,#7553,#7554,#7555,#7556,#7557,#7558,#7559,#7560,#7561,#7562,#7563,
#7564,#7565,#7566,#7567,#7568,#7569,#7570,#7571,#7572,#7573,#7574,#7575,
#7576,#7577,#7578,#7579,#7580,#7581,#7582,#7583,#7584,#7585,#7586,#7587,
#7588,#7589,#7590,#7591,#7592,#7593,#7594,#7595,#7596,#7597,#7598,#7599,
#7600,#7601,#7602,#7603,#7604,#7605,#7606,#7607,#7608,#7609,#7610,#7611,
#7612,#7613,#7614,#7615,#7616,#7617,#7618,#7619,#7620,#7621,#7622,#7623,
#7624,#7625,#7626,#7627,#7628,#7629,#7630,#7631,#7632,#7633,#7634,#7635,
#7636,#7637,#7638,#7639,#7640,#7641,#7642,#7643,#7644,#7645,#7646,#7647,
#7648,#7649,#7650,#7651,#7652,#7653,#7654,#7655,#7656,#7657,#7658,#7659,
#7660,#7661,#7662,#7663,#7664,#7665,#7666,#7667,#7668,#7669,#7670,#7671,
#7672,#7673,#7674,#7675,#7676,#7677,#7678,#7679,#7680,#7681,#7682,#7683,
#7684,#7685,#7686,#7687,#7688,#7689,#7690,#7691,#7692,#7693,#7694,#7695,
#7696,#7697,#7698,#7699,#7700,#7701,#7702,#7703),(#7704,#7705,#7706,#7707,
#7708,#7709,#7710,#7711,#7712,#7713,#7714,#7715,#7716,#7717,#7718,#7719,
#7720,#7721,#7722,#7723,#7724,#7725,#7726,#7727,#7728,#7729,#7730,#7731,
#7732,#7733,#7734,#7735,#7736,#7737,#7738,#7739,#7740,#7741,#7742,#7743,
#7744,#7745,#7746,#7747,#7748,#7749,#7750,#7751,#7752,#7753,#7754,#7755,
#7756,#7757,#7758,#7759,#7760,#7761,#7762,#7763,#7764,#7765,#7766,#7767,
#7768,#7769,#7770,#7771,#7772,#7773,#7774,#7775,#7776,#7777,#7778,#7779,
#7780,#7781,#7782,#7783,#7784,#7785,#7786,#7787,#7788,#7789,#7790,#7791,
#7792,#7793,#7794,#7795,#7796,#7797,#7798,#7799,#7800,#7801,#7802,#7803,
#7804,#7805,#7806,#7807,#7808,#7809,#7810,#7811,#7812,#7813,#7814,#7815,
#7816,#7817,#7818,#7819,#7820,#7821,#7822,#7823,#7824,#7825,#7826,#7827,
#7828,#7829,#7830,#7831,#7832,#7833,#7834,#7835,#7836,#7837,#7838,#7839,
#7840,#7841,#7842,#7843,#7844,#7845,#7846,#7847,#7848,#7849,#7850,#7851,
#7852,#7853,#7854,#7855,#7856,#7857,#7858,#7859,#7860,#7861,#7862,#7863,
#7864,#7865,#7866,#7867,#7868,#7869,#7870,#7871,#7872,#7873,#7874,#7875,
#7876,#7877,#7878,#7879,#7880,#7881,#7882,#7883,#7884,#7885,#7886,#7887,
#7888,#7889,#7890,#7891,#7892,#7893,#7894,#7895,#7896,#7897,#7898,#7899,
#7900,#7901,#7902,#7903,#7904,#7905,#7906,#7907,#7908,#7909,#7910,#7911,
#7912,#7913,#7914,#7915,#7916,#7917,#7918,#7919,#7920,#7921,#7922,#7923,
#7924,#7925,#7926,#7927,#7928,#7929,#7930,#7931,#7932,#7933,#7934,#7935,
#7936,#7937,#7938,#7939,#7940,#7941,#7942,#7943,#7944,#7945,#7946,#7947,
#7948,#7949,#7950,#7951,#7952,#7953,#7954,#7955,#7956,#7957,#7958,#7959,
#7960,#7961,#7962,#7963,#7964,#7965,#7966,#7967,#7968,#7969,#7970,#7971,
#7972,#7973,#7974,#7975,#7976,#7977,#7978,#7979,#7980,#7981,#7982,#7983,
#7984,#7985,#7986,#7987,#7988,#7989,#7990,#7991,#7992,#7993,#7994,#7995,
#7996,#7997,#7998,#7999,#8000,#8001,#8002,#8003,#8004,#8005,#8006,#8007,
#8008,#8009,#8010,#8011,#8012,#8013,#8014,#8015,#8016,#8017,#8018,#8019,
#8020,#8021,#8022,#8023,#8024,#8025,#8026,#8027,#8028,#8029,#8030,#8031,
#8032,#8033,#8034,#8035,#8036,#8037,#8038,#8039,#8040,#8041,#8042,#8043,
#8044,#8045,#8046,#8047,#8048,#8049,#8050,#8051,#8052,#8053,#8054,#8055,
#8056,#8057,#8058,#8059,#8060,#8061,#8062,#8063,#8064),(#8065,#8066,#8067,
#8068,#8069,#8070,#8071,#8072,#8073,#8074,#8075,#8076,#8077,#8078,#8079,
#8080,#8081,#8082,#8083,#8084,#8085,#8086,#8087,#8088,#8089,#8090,#8091,
#8092,#8093,#8094,#8095,#8096,#8097,#8098,#8099,#8100,#8101,#8102,#8103,
#8104,#8105,#8106,#8107,#8108,#8109,#8110,#8111,#8112,#8113,#8114,#8115,
#8116,#8117,#8118,#8119,#8120,#8121,#8122,#8123,#8124,#8125,#8126,#8127,
#8128,#8129,#8130,#8131,#8132,#8133,#8134,#8135,#8136,#8137,#8138,#8139,
#8140,#8141,#8142,#8143,#8144,#8145,#8146,#8147,#8148,#8149,#8150,#8151,
#8152,#8153,#8154,#8155,#8156,#8157,#8158,#8159,#8160,#8161,#8162,#8163,
#8164,#8165,#8166,#8167,#8168,#8169,#8170,#8171,#8172,#8173,#8174,#8175,
#8176,#8177,#8178,#8179,#8180,#8181,#8182,#8183,#8184,#8185,#8186,#8187,
#8188,#8189,#8190,#8191,#8192,#8193,#8194,#8195,#8196,#8197,#8198,#8199,
#8200,#8201,#8202,#8203,#8204,#8205,#8206,#8207,#8208,#8209,#8210,#8211,
#8212,#8213,#8214,#8215,#8216,#8217,#8218,#8219,#8220,#8221,#8222,#8223,
#8224,#8225,#8226,#8227,#8228,#8229,#8230,#8231,#8232,#8233,#8234,#8235,
#8236,#8237,#8238,#8239,#8240,#8241,#8242,#8243,#8244,#8245,#8246,#8247,
#8248,#8249,#8250,#8251,#8252,#8253,#8254,#8255,#8256,#8257,#8258,#8259,
#8260,#8261,#8262,#8263,#8264,#8265,#8266,#8267,#8268,#8269,#8270,#8271,
#8272,#8273,#8274,#8275,#8276,#8277,#8278,#8279,#8280,#8281,#8282,#8283,
#8284,#8285,#8286,#8287,#8288,#8289,#8290,#8291,#8292,#8293,#8294,#8295,
#8296,#8297,#8298,#8299,#8300,#8301,#8302,#8303,#8304,#8305,#8306,#8307,
#8308,#8309,#8310,#8311,#8312,#8313,#8314,#8315,#8316,#8317,#8318,#8319,
#8320,#8321,#8322,#8323,#8324,#8325,#8326,#8327,#8328,#8329,#8330,#8331,
#8332,#8333,#8334,#8335,#8336,#8337,#8338,#8339,#8340,#8341,#8342,#8343,
#8344,#8345,#8346,#8347,#8348,#8349,#8350,#8351,#8352,#8353,#8354,#8355,
#8356,#8357,#8358,#8359,#8360,#8361,#8362,#8363,#8364,#8365,#8366,#8367,
#8368,#8369,#8370,#8371,#8372,#8373,#8374,#8375,#8376,#8377,#8378,#8379,
#8380,#8381,#8382,#8383,#8384,#8385,#8386,#8387,#8388,#8389,#8390,#8391,
#8392,#8393,#8394,#8395,#8396,#8397,#8398,#8399,#8400,#8401,#8402,#8403,
#8404,#8405,#8406,#8407,#8408,#8409,#8410,#8411,#8412,#8413,#8414,#8415,
#8416,#8417,#8418,#8419,#8420,#8421,#8422,#8423,#8424,#8425),(#8426,#8427,
#8428,#8429,#8430,#8431,#8432,#8433,#8434,#8435,#8436,#8437,#8438,#8439,
#8440,#8441,#8442,#8443,#8444,#8445,#8446,#8447,#8448,#8449,#8450,#8451,
#8452,#8453,#8454,#8455,#8456,#8457,#8458,#8459,#8460,#8461,#8462,#8463,
#8464,#8465,#8466,#8467,#8468,#8469,#8470,#8471,#8472,#8473,#8474,#8475,
#8476,#8477,#8478,#8479,#8480,#8481,#8482,#8483,#8484,#8485,#8486,#8487,
#8488,#8489,#8490,#8491,#8492,#8493,#8494,#8495,#8496,#8497,#8498,#8499,
#8500,#8501,#8502,#8503,#8504,#8505,#8506,#8507,#8508,#8509,#8510,#8511,
#8512,#8513,#8514,#8515,#8516,#8517,#8518,#8519,#8520,#8521,#8522,#8523,
#8524,#8525,#8526,#8527,#8528,#8529,#8530,#8531,#8532,#8533,#8534,#8535,
#8536,#8537,#8538,#8539,#8540,#8541,#8542,#8543,#8544,#8545,#8546,#8547,
#8548,#8549,#8550,#8551,#8552,#8553,#8554,#8555,#8556,#8557,#8558,#8559,
#8560,#8561,#8562,#8563,#8564,#8565,#8566,#8567,#8568,#8569,#8570,#8571,
#8572,#8573,#8574,#8575,#8576,#8577,#8578,#8579,#8580,#8581,#8582,#8583,
#8584,#8585,#8586,#8587,#8588,#8589,#8590,#8591,#8592,#8593,#8594,#8595,
#8596,#8597,#8598,#8599,#8600,#8601,#8602,#8603,#8604,#8605,#8606,#8607,
#8608,#8609,#8610,#8611,#8612,#8613,#8614,#8615,#8616,#8617,#8618,#8619,
#8620,#8621,#8622,#8623,#8624,#8625,#8626,#8627,#8628,#8629,#8630,#8631,
#8632,#8633,#8634,#8635,#8636,#8637,#8638,#8639,#8640,#8641,#8642,#8643,
#8644,#8645,#8646,#8647,#8648,#8649,#8650,#8651,#8652,#8653,#8654,#8655,
#8656,#8657,#8658,#8659,#8660,#8661,#8662,#8663,#8664,#8665,#8666,#8667,
#8668,#8669,#8670,#8671,#8672,#8673,#8674,#8675,#8676,#8677,#8678,#8679,
#8680,#8681,#8682,#8683,#8684,#8685,#8686,#8687,#8688,#8689,#8690,#8691,
#8692,#8693,#8694,#8695,#8696,#8697,#8698,#8699,#8700,#8701,#8702,#8703,
#8704,#8705,#8706,#8707,#8708,#8709,#8710,#8711,#8712,#8713,#8714,#8715,
#8716,#8717,#8718,#8719,#8720,#8721,#8722,#8723,#8724,#8725,#8726,#8727,
#8728,#8729,#8730,#8731,#8732,#8733,#8734,#8735,#8736,#8737,#8738,#8739,
#8740,#8741,#8742,#8743,#8744,#8745,#8746,#8747,#8748,#8749,#8750,#8751,
#8752,#8753,#8754,#8755,#8756,#8757,#8758,#8759,#8760,#8761,#8762,#8763,
#8764,#8765,#8766,#8767,#8768,#8769,#8770,#8771,#8772,#8773,#8774,#8775,
#8776,#8777,#8778,#8779,#8780,#8781,#8782,#8783,#8784,#8785,#8786)),
 .UNSPECIFIED.,.F.,.F.,.F.,(4,4),(4,1,1,1,1,1,1,1,1,1,1,1,1,1,1,1,1,1,1,
1,1,1,1,1,1,1,1,1,1,1,1,1,1,1,1,1,1,1,1,1,1,1,1,1,1,1,1,1,1,1,1,1,1,1,1,
1,1,1,1,1,1,1,1,1,1,1,1,1,1,1,1,1,1,1,1,1,1,1,1,1,1,1,1,1,1,1,1,1,1,1,1,
1,1,1,1,1,1,1,1,1,1,1,1,1,1,1,1,1,1,1,1,1,1,1,1,1,1,1,1,1,1,1,1,1,1,1,1,
1,1,1,1,1,1,1,1,1,1,1,1,1,1,1,1,1,1,1,1,1,1,1,1,1,1,1,1,1,1,1,1,1,1,1,1,
1,1,1,1,1,1,1,1,1,1,1,1,1,1,1,1,1,1,1,1,1,1,1,1,1,1,1,1,1,1,1,1,1,1,1,1,
1,1,1,1,1,1,1,1,1,1,1,1,1,1,1,1,1,1,1,1,1,1,1,1,1,1,1,1,1,1,1,1,1,1,1,1,
1,1,1,1,1,1,1,1,1,1,1,1,1,1,1,1,1,1,1,1,1,1,1,1,1,1,1,1,1,1,1,1,1,1,1,1,
1,1,1,1,1,1,1,1,1,1,1,1,1,1,1,1,1,1,1,1,1,1,1,1,1,1,1,1,1,1,1,1,1,1,1,1,
1,1,1,1,1,1,1,1,1,1,1,1,1,1,1,1,1,1,1,1,1,1,1,1,1,1,1,1,1,1,1,1,1,1,1,1,
1,1,1,1,1,1,1,1,1,1,1,1,1,1,1,4),(0.,0.0666262210644829),(11.6150328478184,
12.1123018787328,12.6095709096472,13.1068399405616,13.604108971476,14.1013780023904,
14.5986470333048,15.0959160642192,15.5931850951336,16.090454126048,16.5877231569624,
17.0849921878768,17.5822612187912,18.0795302497056,18.57679928062,19.0740683115344,
19.5713373424488,20.0686063733632,20.5658754042776,21.063144435192,21.5604134661064,
22.0576824970208,22.5549515279352,23.0522205588496,23.549489589764,24.0467586206784,
24.5440276515928,25.0412966825072,25.5385657134216,26.035834744336,26.5331037752504,
27.0303728061648,27.5276418370792,28.0249108679936,28.522179898908,29.0194489298224,
29.5167179607367,30.0139869916511,30.5112560225655,31.0085250534799,31.5057940843943,
32.0030631153087,32.5003321462231,32.9976011771375,33.4948702080519,33.9921392389663,
34.4894082698807,34.9866773007951,35.4839463317095,35.9812153626239,36.4784843935383,
36.9757534244527,37.4730224553671,37.9702914862815,38.4675605171959,38.9648295481103,
39.4620985790247,39.9593676099391,40.4566366408535,40.9539056717679,41.4511747026823,
41.9484437335967,42.4457127645111,42.9429817954255,43.4402508263399,43.9375198572543,
44.4347888881687,44.9320579190831,45.4293269499975,45.9265959809119,46.4238650118263,
46.9211340427407,47.4184030736551,47.9156721045695,48.4129411354839,48.9102101663983,
49.4074791973127,49.9047482282271,50.4020172591415,50.8992862900559,51.3965553209703,
51.8938243518847,52.3910933827991,52.8883624137135,53.3856314446279,53.8829004755423,
54.3801695064567,54.8774385373711,55.3747075682855,55.8719765991999,56.3692456301143,
56.8665146610287,57.3637836919431,57.8610527228575,58.3583217537719,58.8555907846863,
59.3528598156007,59.8501288465151,60.3473978774295,60.8446669083439,61.3419359392583,
61.8392049701727,62.3364740010871,62.8337430320015,63.3310120629159,63.8282810938303,
64.3255501247447,64.8228191556591,65.3200881865735,65.8173572174879,66.3146262484022,
66.8118952793166,67.3091643102311,67.8064333411454,68.3037023720598,68.8009714029743,
69.2982404338887,69.795509464803,70.2927784957174,70.7900475266318,71.2873165575462,
71.7845855884606,72.281854619375,72.7791236502894,73.2763926812038,73.7736617121182,
74.2709307430326,74.768199773947,75.2654688048614,75.7627378357758,76.2600068666902,
76.7572758976046,77.254544928519,77.7518139594334,78.2490829903478,78.7463520212622,
79.2436210521766,79.740890083091,80.2381591140054,80.7354281449198,81.2326971758342,
81.7299662067486,82.227235237663,82.7245042685774,83.2217732994918,83.7190423304062,
84.2163113613206,84.713580392235,85.2108494231494,85.7081184540638,86.2053874849782,
86.7026565158926,87.199925546807,87.6971945777214,88.1944636086358,88.6917326395502,
89.1890016704646,89.686270701379,90.1835397322934,90.6808087632078,91.1780777941222,
91.6753468250366,92.172615855951,92.6698848868654,93.1671539177798,93.6644229486942,
94.1616919796086,94.658961010523,95.1562300414374,95.6534990723518,96.1507681032662,
96.6480371341806,97.145306165095,97.6425751960094,98.1398442269238,98.6371132578382,
99.1343822887526,99.631651319667,100.128920350581,100.626189381496,101.12345841241,
101.620727443325,102.117996474239,102.615265505153,103.112534536068,103.609803566982,
104.107072597897,104.604341628811,105.101610659725,105.59887969064,106.096148721554,
106.593417752469,107.090686783383,107.587955814297,108.085224845212,108.582493876126,
109.079762907041,109.577031937955,110.074300968869,110.571569999784,111.068839030698,
111.566108061613,112.063377092527,112.560646123441,113.057915154356,113.55518418527,
114.052453216185,114.549722247099,115.046991278013,115.544260308928,116.041529339842,
116.538798370757,117.036067401671,117.533336432585,118.0306054635,118.527874494414,
119.025143525329,119.522412556243,120.019681587157,120.516950618072,121.014219648986,
121.511488679901,122.008757710815,122.506026741729,123.003295772644,123.500564803558,
123.997833834473,124.495102865387,124.992371896301,125.489640927216,125.98690995813,
126.484178989044,126.981448019959,127.478717050873,127.975986081788,128.473255112702,
128.970524143617,129.467793174531,129.965062205445,130.46233123636,130.959600267274,
131.456869298188,131.954138329103,132.451407360017,132.948676390932,133.445945421846,
133.94321445276,134.440483483675,134.937752514589,135.435021545504,135.932290576418,
136.429559607332,136.926828638247,137.424097669161,137.921366700076,138.41863573099,
138.915904761904,139.413173792819,139.910442823733,140.407711854648,140.904980885562,
141.402249916476,141.899518947391,142.396787978305,142.89405700922,143.391326040134,
143.888595071048,144.385864101963,144.883133132877,145.380402163792,145.877671194706,
146.37494022562,146.872209256535,147.369478287449,147.866747318364,148.364016349278,
148.861285380192,149.358554411107,149.855823442021,150.353092472936,150.85036150385,
151.347630534764,151.844899565679,152.342168596593,152.839437627508,153.336706658422,
153.833975689336,154.331244720251,154.828513751165,155.32578278208,155.823051812994,
156.320320843908,156.817589874823,157.314858905737,157.812127936652,158.309396967566,
158.80666599848,159.303935029395,159.801204060309,160.298473091224,160.795742122138,
161.293011153052,161.790280183967,162.287549214881,162.784818245796,163.28208727671,
163.779356307624,164.276625338539,164.773894369453,165.271163400368,165.768432431282,
166.265701462196,166.762970493111,167.260239524025,167.75750855494,168.254777585854,
168.752046616768,169.249315647683,169.746584678597,170.243853709512,170.741122740426,
171.23839177134,171.735660802255,172.232929833169,172.730198864084,173.227467894998,
173.724736925912,174.222005956827,174.719274987741,175.216544018656,175.71381304957,
176.211082080484,176.708351111399,177.205620142313,177.702889173228,178.200158204142,
178.697427235056,179.194696265971,179.691965296885,180.1892343278,180.686503358714,
181.183772389628,181.681041420543,182.178310451457,182.675579482372,183.172848513286,
183.6701175442,184.167386575115,184.664655606029,185.161924636944,185.659193667858,
186.156462698772,186.653731729687,187.151000760601,187.648269791516,188.14553882243,
188.642807853344,189.140076884259,189.637345915173),.UNSPECIFIED.);
#17=FACE_BOUND('',#172,.T.);
#18=FACE_BOUND('',#177,.T.);
#19=FACE_BOUND('',#191,.T.);
#20=FACE_BOUND('',#192,.T.);
#21=FACE_BOUND('',#193,.T.);
#22=FACE_BOUND('',#194,.T.);
#23=FACE_BOUND('',#195,.T.);
#24=FACE_BOUND('',#197,.T.);
#25=FACE_BOUND('',#198,.T.);
#26=FACE_BOUND('',#199,.T.);
#27=FACE_BOUND('',#200,.T.);
#28=FACE_BOUND('',#201,.T.);
#29=PLANE('',#1490);
#30=PLANE('',#1499);
#31=PLANE('',#1512);
#32=PLANE('',#1516);
#33=PLANE('',#1517);
#34=PLANE('',#1521);
#35=PLANE('',#1522);
#36=CONICAL_SURFACE('',#1487,25.5,0.785398163397448);
#37=CONICAL_SURFACE('',#1494,25.5,0.785398163397449);
#38=FACE_OUTER_BOUND('',#114,.T.);
#39=FACE_OUTER_BOUND('',#115,.T.);
#40=FACE_OUTER_BOUND('',#116,.T.);
#41=FACE_OUTER_BOUND('',#117,.T.);
#42=FACE_OUTER_BOUND('',#118,.T.);
#43=FACE_OUTER_BOUND('',#119,.T.);
#44=FACE_OUTER_BOUND('',#120,.T.);
#45=FACE_OUTER_BOUND('',#121,.T.);
#46=FACE_OUTER_BOUND('',#122,.T.);
#47=FACE_OUTER_BOUND('',#123,.T.);
#48=FACE_OUTER_BOUND('',#124,.T.);
#49=FACE_OUTER_BOUND('',#125,.T.);
#50=FACE_OUTER_BOUND('',#126,.T.);
#51=FACE_OUTER_BOUND('',#127,.T.);
#52=FACE_OUTER_BOUND('',#128,.T.);
#53=FACE_OUTER_BOUND('',#129,.T.);
#54=FACE_OUTER_BOUND('',#130,.T.);
#55=FACE_OUTER_BOUND('',#131,.T.);
#56=FACE_OUTER_BOUND('',#132,.T.);
#57=FACE_OUTER_BOUND('',#133,.T.);
#58=FACE_OUTER_BOUND('',#134,.T.);
#59=FACE_OUTER_BOUND('',#135,.T.);
#60=FACE_OUTER_BOUND('',#136,.T.);
#61=FACE_OUTER_BOUND('',#137,.T.);
#62=FACE_OUTER_BOUND('',#138,.T.);
#63=FACE_OUTER_BOUND('',#139,.T.);
#64=FACE_OUTER_BOUND('',#140,.T.);
#65=FACE_OUTER_BOUND('',#141,.T.);
#66=FACE_OUTER_BOUND('',#142,.T.);
#67=FACE_OUTER_BOUND('',#143,.T.);
#68=FACE_OUTER_BOUND('',#144,.T.);
#69=FACE_OUTER_BOUND('',#145,.T.);
#70=FACE_OUTER_BOUND('',#146,.T.);
#71=FACE_OUTER_BOUND('',#147,.T.);
#72=FACE_OUTER_BOUND('',#148,.T.);
#73=FACE_OUTER_BOUND('',#149,.T.);
#74=FACE_OUTER_BOUND('',#150,.T.);
#75=FACE_OUTER_BOUND('',#151,.T.);
#76=FACE_OUTER_BOUND('',#152,.T.);
#77=FACE_OUTER_BOUND('',#153,.T.);
#78=FACE_OUTER_BOUND('',#154,.T.);
#79=FACE_OUTER_BOUND('',#155,.T.);
#80=FACE_OUTER_BOUND('',#156,.T.);
#81=FACE_OUTER_BOUND('',#157,.T.);
#82=FACE_OUTER_BOUND('',#158,.T.);
#83=FACE_OUTER_BOUND('',#159,.T.);
#84=FACE_OUTER_BOUND('',#160,.T.);
#85=FACE_OUTER_BOUND('',#161,.T.);
#86=FACE_OUTER_BOUND('',#162,.T.);
#87=FACE_OUTER_BOUND('',#163,.T.);
#88=FACE_OUTER_BOUND('',#164,.T.);
#89=FACE_OUTER_BOUND('',#165,.T.);
#90=FACE_OUTER_BOUND('',#166,.T.);
#91=FACE_OUTER_BOUND('',#167,.T.);
#92=FACE_OUTER_BOUND('',#168,.T.);
#93=FACE_OUTER_BOUND('',#169,.T.);
#94=FACE_OUTER_BOUND('',#170,.T.);
#95=FACE_OUTER_BOUND('',#171,.T.);
#96=FACE_OUTER_BOUND('',#173,.T.);
#97=FACE_OUTER_BOUND('',#174,.T.);
#98=FACE_OUTER_BOUND('',#175,.T.);
#99=FACE_OUTER_BOUND('',#176,.T.);
#100=FACE_OUTER_BOUND('',#178,.T.);
#101=FACE_OUTER_BOUND('',#179,.T.);
#102=FACE_OUTER_BOUND('',#180,.T.);
#103=FACE_OUTER_BOUND('',#181,.T.);
#104=FACE_OUTER_BOUND('',#182,.T.);
#105=FACE_OUTER_BOUND('',#183,.T.);
#106=FACE_OUTER_BOUND('',#184,.T.);
#107=FACE_OUTER_BOUND('',#185,.T.);
#108=FACE_OUTER_BOUND('',#186,.T.);
#109=FACE_OUTER_BOUND('',#187,.T.);
#110=FACE_OUTER_BOUND('',#188,.T.);
#111=FACE_OUTER_BOUND('',#189,.T.);
#112=FACE_OUTER_BOUND('',#190,.T.);
#113=FACE_OUTER_BOUND('',#196,.T.);
#114=EDGE_LOOP('',(#846,#847,#848,#849));
#115=EDGE_LOOP('',(#850,#851,#852,#853));
#116=EDGE_LOOP('',(#854,#855,#856,#857));
#117=EDGE_LOOP('',(#858,#859,#860,#861));
#118=EDGE_LOOP('',(#862,#863,#864,#865));
#119=EDGE_LOOP('',(#866,#867,#868,#869));
#120=EDGE_LOOP('',(#870,#871,#872,#873));
#121=EDGE_LOOP('',(#874,#875,#876,#877));
#122=EDGE_LOOP('',(#878,#879,#880,#881));
#123=EDGE_LOOP('',(#882,#883,#884,#885));
#124=EDGE_LOOP('',(#886,#887,#888,#889));
#125=EDGE_LOOP('',(#890,#891,#892,#893));
#126=EDGE_LOOP('',(#894,#895,#896,#897));
#127=EDGE_LOOP('',(#898,#899,#900,#901));
#128=EDGE_LOOP('',(#902,#903,#904,#905));
#129=EDGE_LOOP('',(#906,#907,#908,#909));
#130=EDGE_LOOP('',(#910,#911,#912,#913));
#131=EDGE_LOOP('',(#914,#915,#916,#917));
#132=EDGE_LOOP('',(#918,#919,#920,#921));
#133=EDGE_LOOP('',(#922,#923,#924,#925));
#134=EDGE_LOOP('',(#926,#927,#928,#929));
#135=EDGE_LOOP('',(#930,#931,#932,#933));
#136=EDGE_LOOP('',(#934,#935,#936,#937));
#137=EDGE_LOOP('',(#938,#939,#940,#941));
#138=EDGE_LOOP('',(#942,#943,#944,#945));
#139=EDGE_LOOP('',(#946,#947,#948,#949));
#140=EDGE_LOOP('',(#950,#951,#952,#953));
#141=EDGE_LOOP('',(#954,#955,#956,#957));
#142=EDGE_LOOP('',(#958,#959,#960,#961));
#143=EDGE_LOOP('',(#962,#963,#964,#965));
#144=EDGE_LOOP('',(#966,#967,#968,#969));
#145=EDGE_LOOP('',(#970,#971,#972,#973));
#146=EDGE_LOOP('',(#974,#975,#976,#977));
#147=EDGE_LOOP('',(#978,#979,#980,#981));
#148=EDGE_LOOP('',(#982,#983,#984,#985));
#149=EDGE_LOOP('',(#986,#987,#988,#989));
#150=EDGE_LOOP('',(#990,#991,#992,#993));
#151=EDGE_LOOP('',(#994,#995,#996,#997));
#152=EDGE_LOOP('',(#998,#999,#1000,#1001));
#153=EDGE_LOOP('',(#1002,#1003,#1004,#1005));
#154=EDGE_LOOP('',(#1006,#1007,#1008,#1009));
#155=EDGE_LOOP('',(#1010,#1011,#1012,#1013));
#156=EDGE_LOOP('',(#1014,#1015,#1016,#1017));
#157=EDGE_LOOP('',(#1018,#1019,#1020,#1021));
#158=EDGE_LOOP('',(#1022,#1023,#1024,#1025));
#159=EDGE_LOOP('',(#1026,#1027,#1028,#1029));
#160=EDGE_LOOP('',(#1030,#1031,#1032,#1033));
#161=EDGE_LOOP('',(#1034,#1035,#1036,#1037));
#162=EDGE_LOOP('',(#1038,#1039,#1040,#1041));
#163=EDGE_LOOP('',(#1042,#1043,#1044,#1045));
#164=EDGE_LOOP('',(#1046,#1047,#1048,#1049));
#165=EDGE_LOOP('',(#1050,#1051,#1052,#1053));
#166=EDGE_LOOP('',(#1054,#1055,#1056,#1057));
#167=EDGE_LOOP('',(#1058,#1059,#1060,#1061));
#168=EDGE_LOOP('',(#1062,#1063,#1064,#1065));
#169=EDGE_LOOP('',(#1066,#1067,#1068,#1069));
#170=EDGE_LOOP('',(#1070,#1071,#1072,#1073));
#171=EDGE_LOOP('',(#1074,#1075,#1076,#1077));
#172=EDGE_LOOP('',(#1078));
#173=EDGE_LOOP('',(#1079,#1080,#1081,#1082));
#174=EDGE_LOOP('',(#1083,#1084,#1085,#1086));
#175=EDGE_LOOP('',(#1087,#1088,#1089,#1090));
#176=EDGE_LOOP('',(#1091,#1092,#1093,#1094));
#177=EDGE_LOOP('',(#1095));
#178=EDGE_LOOP('',(#1096,#1097,#1098,#1099,#1100,#1101,#1102,#1103,#1104,
#1105,#1106,#1107,#1108,#1109,#1110,#1111,#1112,#1113,#1114,#1115,#1116,
#1117,#1118,#1119,#1120,#1121,#1122,#1123,#1124,#1125,#1126,#1127,#1128,
#1129,#1130,#1131,#1132,#1133,#1134,#1135,#1136,#1137,#1138,#1139,#1140,
#1141,#1142,#1143,#1144,#1145,#1146,#1147,#1148,#1149,#1150,#1151,#1152,
#1153,#1154,#1155));
#179=EDGE_LOOP('',(#1156,#1157,#1158,#1159));
#180=EDGE_LOOP('',(#1160,#1161,#1162,#1163,#1164,#1165,#1166,#1167,#1168,
#1169,#1170,#1171,#1172,#1173,#1174,#1175,#1176,#1177,#1178,#1179,#1180,
#1181,#1182,#1183,#1184,#1185,#1186,#1187,#1188,#1189,#1190,#1191,#1192,
#1193,#1194,#1195,#1196,#1197,#1198,#1199,#1200,#1201,#1202,#1203,#1204,
#1205,#1206,#1207,#1208,#1209,#1210,#1211,#1212,#1213,#1214,#1215,#1216,
#1217,#1218,#1219));
#181=EDGE_LOOP('',(#1220,#1221,#1222,#1223));
#182=EDGE_LOOP('',(#1224,#1225,#1226,#1227));
#183=EDGE_LOOP('',(#1228,#1229,#1230,#1231));
#184=EDGE_LOOP('',(#1232,#1233,#1234,#1235));
#185=EDGE_LOOP('',(#1236,#1237,#1238,#1239));
#186=EDGE_LOOP('',(#1240,#1241,#1242,#1243));
#187=EDGE_LOOP('',(#1244,#1245,#1246,#1247));
#188=EDGE_LOOP('',(#1248,#1249,#1250,#1251));
#189=EDGE_LOOP('',(#1252,#1253,#1254,#1255));
#190=EDGE_LOOP('',(#1256));
#191=EDGE_LOOP('',(#1257));
#192=EDGE_LOOP('',(#1258,#1259,#1260,#1261));
#193=EDGE_LOOP('',(#1262));
#194=EDGE_LOOP('',(#1263));
#195=EDGE_LOOP('',(#1264));
#196=EDGE_LOOP('',(#1265));
#197=EDGE_LOOP('',(#1266));
#198=EDGE_LOOP('',(#1267,#1268,#1269,#1270));
#199=EDGE_LOOP('',(#1271));
#200=EDGE_LOOP('',(#1272));
#201=EDGE_LOOP('',(#1273));
#202=CIRCLE('',#1430,29.942);
#203=CIRCLE('',#1459,29.365);
#204=CIRCLE('',#1488,26.);
#205=CIRCLE('',#1489,25.);
#206=CIRCLE('',#1491,29.942);
#207=CIRCLE('',#1493,25.);
#208=CIRCLE('',#1495,26.);
#209=CIRCLE('',#1496,25.);
#210=CIRCLE('',#1498,25.);
#211=CIRCLE('',#1500,29.365);
#212=CIRCLE('',#1504,1.1);
#213=CIRCLE('',#1505,1.1);
#214=CIRCLE('',#1507,1.1);
#215=CIRCLE('',#1508,1.1);
#216=CIRCLE('',#1510,1.1);
#217=CIRCLE('',#1511,1.1);
#218=CIRCLE('',#1514,9.);
#219=CIRCLE('',#1515,9.);
#220=CIRCLE('',#1519,1.1);
#221=CIRCLE('',#1520,1.1);
#222=B_SPLINE_CURVE_WITH_KNOTS('',3,(#1793,#1794,#1795,#1796,#1797,#1798,
#1799,#1800,#1801,#1802,#1803,#1804,#1805,#1806,#1807,#1808),
 .UNSPECIFIED.,.F.,.F.,(4,3,3,3,3,4),(-4.09293042013064,-3.97815224731519,
-3.48088321640079,-2.98361418548639,-2.486345154572,-2.09312446632631),
 .UNSPECIFIED.);
#223=B_SPLINE_CURVE_WITH_KNOTS('',3,(#1811,#1812,#1813,#1814,#1815,#1816,
#1817,#1818,#1819,#1820),.UNSPECIFIED.,.F.,.F.,(4,3,3,4),(0.,0.497269030914393,
0.99453806182879,1.1417866997855),.UNSPECIFIED.);
#224=B_SPLINE_CURVE_WITH_KNOTS('',3,(#1825,#1826,#1827,#1828,#1829,#1830,
#1831,#1832,#1833,#1834,#1835,#1836,#1837,#1838,#1839,#1840,#1841,#1842,
#1843,#1844,#1845,#1846,#1847,#1848,#1849,#1850,#1851,#1852,#1853,#1854,
#1855,#1856,#1857,#1858,#1859,#1860,#1861,#1862,#1863,#1864),
 .UNSPECIFIED.,.F.,.F.,(4,3,3,3,3,3,3,3,3,3,3,3,3,4),(-10.3761157273102,
-9.94538061828798,-9.44811158737358,-8.95084255645918,-8.45357352554478,
-7.95630449463038,-7.45903546371598,-6.96176643280158,-6.46449740188718,
-5.96722837097278,-5.46995934005839,-4.97269030914399,-4.47542127822959,
-4.09293042013064),.UNSPECIFIED.);
#225=B_SPLINE_CURVE_WITH_KNOTS('',3,(#1865,#1866,#1867,#1868,#1869,#1870,
#1871,#1872,#1873,#1874,#1875,#1876,#1877,#1878,#1879,#1880,#1881,#1882,
#1883,#1884,#1885,#1886,#1887,#1888,#1889,#1890,#1891,#1892,#1893,#1894,
#1895,#1896,#1897,#1898,#1899,#1900,#1901,#1902,#1903,#1904),
 .UNSPECIFIED.,.F.,.F.,(4,3,3,3,3,3,3,3,3,3,3,3,3,4),(1.1417866997855,1.49180709274319,
1.98907612365759,2.48634515457199,2.98361418548639,3.48088321640079,3.97815224731519,
4.47542127822959,4.97269030914399,5.46995934005839,5.96722837097279,6.46449740188718,
6.96176643280159,7.42497200696509),.UNSPECIFIED.);
#226=B_SPLINE_CURVE_WITH_KNOTS('',3,(#1909,#1910,#1911,#1912,#1913,#1914,
#1915,#1916,#1917,#1918,#1919,#1920,#1921,#1922,#1923,#1924,#1925,#1926,
#1927,#1928,#1929,#1930,#1931,#1932,#1933,#1934,#1935,#1936,#1937,#1938,
#1939,#1940,#1941,#1942,#1943,#1944,#1945,#1946,#1947,#1948,#1949,#1950,
#1951),.UNSPECIFIED.,.F.,.F.,(4,3,3,3,3,3,3,3,3,3,3,3,3,3,4),(-16.6593010344898,
-16.4098780201752,-15.9126089892608,-15.4153399583464,-14.918070927432,
-14.4208018965176,-13.9235328656032,-13.4262638346888,-12.9289948037744,
-12.43172577286,-11.9344567419456,-11.4371877110312,-10.9399186801168,-10.4426496492024,
-10.3761157273102),.UNSPECIFIED.);
#227=B_SPLINE_CURVE_WITH_KNOTS('',3,(#1952,#1953,#1954,#1955,#1956,#1957,
#1958,#1959,#1960,#1961,#1962,#1963,#1964,#1965,#1966,#1967,#1968,#1969,
#1970,#1971,#1972,#1973,#1974,#1975,#1976,#1977,#1978,#1979,#1980,#1981,
#1982,#1983,#1984,#1985,#1986,#1987,#1988,#1989,#1990,#1991,#1992,#1993,
#1994),.UNSPECIFIED.,.F.,.F.,(4,3,3,3,3,3,3,3,3,3,3,3,3,3,4),(7.42497200696509,
7.45903546371599,7.95630449463038,8.45357352554479,8.95084255645918,9.44811158737358,
9.94538061828798,10.4426496492024,10.9399186801168,11.4371877110312,11.9344567419456,
12.43172577286,12.9289948037744,13.4262638346888,13.7081573141447),
 .UNSPECIFIED.);
#228=B_SPLINE_CURVE_WITH_KNOTS('',3,(#1999,#2000,#2001,#2002,#2003,#2004,
#2005,#2006,#2007,#2008,#2009,#2010,#2011,#2012,#2013,#2014,#2015,#2016,
#2017,#2018,#2019,#2020,#2021,#2022,#2023,#2024,#2025,#2026,#2027,#2028,
#2029,#2030,#2031,#2032,#2033,#2034,#2035,#2036,#2037,#2038,#2039,#2040,
#2041),.UNSPECIFIED.,.F.,.F.,(4,3,3,3,3,3,3,3,3,3,3,3,3,3,4),(-22.9424863416694,
-22.8743754220623,-22.3771063911479,-21.8798373602335,-21.3825683293191,
-20.8852992984047,-20.3880302674903,-19.8907612365759,-19.3934922056615,
-18.8962231747471,-18.3989541438327,-17.9016851129184,-17.404416082004,
-16.9071470510896,-16.6593010344898),.UNSPECIFIED.);
#229=B_SPLINE_CURVE_WITH_KNOTS('',3,(#2042,#2043,#2044,#2045,#2046,#2047,
#2048,#2049,#2050,#2051,#2052,#2053,#2054,#2055,#2056,#2057,#2058,#2059,
#2060,#2061,#2062,#2063,#2064,#2065,#2066,#2067,#2068,#2069,#2070,#2071,
#2072,#2073,#2074,#2075,#2076,#2077,#2078,#2079,#2080,#2081,#2082,#2083,
#2084),.UNSPECIFIED.,.F.,.F.,(4,3,3,3,3,3,3,3,3,3,3,3,3,3,4),(13.7081573141447,
13.9235328656032,14.4208018965176,14.918070927432,15.4153399583464,15.9126089892608,
16.4098780201752,16.9071470510896,17.404416082004,17.9016851129184,18.3989541438327,
18.8962231747471,19.3934922056615,19.8907612365759,19.9913426213243),
 .UNSPECIFIED.);
#230=B_SPLINE_CURVE_WITH_KNOTS('',3,(#2089,#2090,#2091,#2092,#2093,#2094,
#2095,#2096,#2097,#2098,#2099,#2100,#2101,#2102,#2103,#2104,#2105,#2106,
#2107,#2108,#2109,#2110,#2111,#2112,#2113,#2114,#2115,#2116,#2117,#2118,
#2119,#2120,#2121,#2122,#2123,#2124,#2125,#2126,#2127,#2128),
 .UNSPECIFIED.,.F.,.F.,(4,3,3,3,3,3,3,3,3,3,3,3,3,4),(-29.225671648849,
-28.8416037930351,-28.3443347621207,-27.8470657312063,-27.3497967002919,
-26.8525276693775,-26.3552586384631,-25.8579896075487,-25.3607205766343,
-24.8634515457199,-24.3661825148055,-23.8689134838911,-23.3716444529767,
-22.9424863416694),.UNSPECIFIED.);
#231=B_SPLINE_CURVE_WITH_KNOTS('',3,(#2129,#2130,#2131,#2132,#2133,#2134,
#2135,#2136,#2137,#2138,#2139,#2140,#2141,#2142,#2143,#2144,#2145,#2146,
#2147,#2148,#2149,#2150,#2151,#2152,#2153,#2154,#2155,#2156,#2157,#2158,
#2159,#2160,#2161,#2162,#2163,#2164,#2165,#2166,#2167,#2168),
 .UNSPECIFIED.,.F.,.F.,(4,3,3,3,3,3,3,3,3,3,3,3,3,4),(19.9913426213243,
20.3880302674903,20.8852992984047,21.3825683293191,21.8798373602335,22.3771063911479,
22.8743754220623,23.3716444529767,23.8689134838911,24.3661825148055,24.8634515457199,
25.3607205766343,25.8579896075487,26.2745279285038),.UNSPECIFIED.);
#232=B_SPLINE_CURVE_WITH_KNOTS('',3,(#2173,#2174,#2175,#2176,#2177,#2178,
#2179,#2180,#2181,#2182,#2183,#2184,#2185,#2186,#2187,#2188,#2189,#2190,
#2191,#2192,#2193,#2194,#2195,#2196,#2197,#2198,#2199,#2200,#2201,#2202,
#2203,#2204,#2205,#2206,#2207,#2208,#2209,#2210,#2211,#2212,#2213,#2214,
#2215),.UNSPECIFIED.,.F.,.F.,(4,3,3,3,3,3,3,3,3,3,3,3,3,3,4),(-35.5088569560286,
-35.3061011949223,-34.8088321640079,-34.3115631330935,-33.8142941021791,
-33.3170250712647,-32.8197560403503,-32.3224870094359,-31.8252179785215,
-31.3279489476071,-30.8306799166927,-30.3334108857783,-29.8361418548639,
-29.3388728239495,-29.225671648849),.UNSPECIFIED.);
#233=B_SPLINE_CURVE_WITH_KNOTS('',3,(#2216,#2217,#2218,#2219,#2220,#2221,
#2222,#2223,#2224,#2225,#2226,#2227,#2228,#2229,#2230,#2231,#2232,#2233,
#2234,#2235,#2236,#2237,#2238,#2239,#2240,#2241,#2242,#2243,#2244,#2245,
#2246,#2247,#2248,#2249,#2250,#2251,#2252,#2253,#2254,#2255,#2256,#2257,
#2258),.UNSPECIFIED.,.F.,.F.,(4,3,3,3,3,3,3,3,3,3,3,3,3,3,4),(26.2745279285038,
26.3552586384631,26.8525276693775,27.3497967002919,27.8470657312063,28.3443347621207,
28.8416037930351,29.3388728239495,29.8361418548639,30.3334108857783,30.8306799166927,
31.3279489476071,31.8252179785215,32.3224870094359,32.5577132356834),
 .UNSPECIFIED.);
#234=B_SPLINE_CURVE_WITH_KNOTS('',3,(#2263,#2264,#2265,#2266,#2267,#2268,
#2269,#2270,#2271,#2272,#2273,#2274,#2275,#2276,#2277,#2278,#2279,#2280,
#2281,#2282,#2283,#2284,#2285,#2286,#2287,#2288,#2289,#2290,#2291,#2292,
#2293,#2294,#2295,#2296,#2297,#2298,#2299,#2300,#2301,#2302,#2303,#2304,
#2305),.UNSPECIFIED.,.F.,.F.,(4,3,3,3,3,3,3,3,3,3,3,3,3,3,4),(-41.7920422632082,
-41.7705985968095,-41.2733295658951,-40.7760605349807,-40.2787915040663,
-39.7815224731519,-39.2842534422375,-38.7869844113231,-38.2897153804087,
-37.7924463494943,-37.2951773185799,-36.7979082876655,-36.3006392567511,
-35.8033702258367,-35.5088569560286),.UNSPECIFIED.);
#235=B_SPLINE_CURVE_WITH_KNOTS('',3,(#2306,#2307,#2308,#2309,#2310,#2311,
#2312,#2313,#2314,#2315,#2316,#2317,#2318,#2319,#2320,#2321,#2322,#2323,
#2324,#2325,#2326,#2327,#2328,#2329,#2330,#2331,#2332,#2333,#2334,#2335,
#2336,#2337,#2338,#2339,#2340,#2341,#2342,#2343,#2344,#2345,#2346,#2347,
#2348),.UNSPECIFIED.,.F.,.F.,(4,3,3,3,3,3,3,3,3,3,3,3,3,3,4),(32.5577132356834,
32.8197560403503,33.3170250712647,33.8142941021791,34.3115631330935,34.8088321640079,
35.3061011949223,35.8033702258367,36.3006392567511,36.7979082876655,37.2951773185799,
37.7924463494943,38.2897153804087,38.7869844113231,38.840898542863),
 .UNSPECIFIED.);
#236=B_SPLINE_CURVE_WITH_KNOTS('',3,(#2353,#2354,#2355,#2356,#2357,#2358,
#2359,#2360,#2361,#2362,#2363,#2364,#2365,#2366,#2367,#2368,#2369,#2370,
#2371,#2372,#2373,#2374,#2375,#2376,#2377,#2378,#2379,#2380,#2381,#2382,
#2383,#2384,#2385,#2386,#2387,#2388,#2389,#2390,#2391,#2392),
 .UNSPECIFIED.,.F.,.F.,(4,3,3,3,3,3,3,3,3,3,3,3,3,4),(-48.0752275703878,
-47.7378269677823,-47.2405579368679,-46.7432889059535,-46.2460198750391,
-45.7487508441247,-45.2514818132103,-44.7542127822959,-44.2569437513815,
-43.7596747204671,-43.2624056895527,-42.7651366586383,-42.2678676277239,
-41.7920422632082),.UNSPECIFIED.);
#237=B_SPLINE_CURVE_WITH_KNOTS('',3,(#2393,#2394,#2395,#2396,#2397,#2398,
#2399,#2400,#2401,#2402,#2403,#2404,#2405,#2406,#2407,#2408,#2409,#2410,
#2411,#2412,#2413,#2414,#2415,#2416,#2417,#2418,#2419,#2420,#2421,#2422,
#2423,#2424,#2425,#2426,#2427,#2428,#2429,#2430,#2431,#2432),
 .UNSPECIFIED.,.F.,.F.,(4,3,3,3,3,3,3,3,3,3,3,3,3,4),(38.840898542863,39.2842534422375,
39.7815224731519,40.2787915040663,40.7760605349807,41.2733295658951,41.7705985968095,
42.2678676277239,42.7651366586383,43.2624056895527,43.7596747204671,44.2569437513815,
44.7542127822959,45.1240838500426),.UNSPECIFIED.);
#238=B_SPLINE_CURVE_WITH_KNOTS('',3,(#2437,#2438,#2439,#2440,#2441,#2442,
#2443,#2444,#2445,#2446,#2447,#2448,#2449,#2450,#2451,#2452,#2453,#2454,
#2455,#2456,#2457,#2458,#2459,#2460,#2461,#2462,#2463,#2464,#2465,#2466,
#2467,#2468,#2469,#2470,#2471,#2472,#2473,#2474,#2475,#2476,#2477,#2478,
#2479),.UNSPECIFIED.,.F.,.F.,(4,3,3,3,3,3,3,3,3,3,3,3,3,3,4),(-54.3584128775674,
-54.2023243696695,-53.7050553387551,-53.2077863078407,-52.7105172769263,
-52.2132482460119,-51.7159792150975,-51.2187101841831,-50.7214411532687,
-50.2241721223543,-49.7269030914399,-49.2296340605255,-48.7323650296111,
-48.2350959986967,-48.0752275703878),.UNSPECIFIED.);
#239=B_SPLINE_CURVE_WITH_KNOTS('',3,(#2480,#2481,#2482,#2483,#2484,#2485,
#2486,#2487,#2488,#2489,#2490,#2491,#2492,#2493,#2494,#2495,#2496,#2497,
#2498,#2499,#2500,#2501,#2502,#2503,#2504,#2505,#2506,#2507,#2508,#2509,
#2510,#2511,#2512,#2513,#2514,#2515,#2516,#2517,#2518,#2519,#2520,#2521,
#2522),.UNSPECIFIED.,.F.,.F.,(4,3,3,3,3,3,3,3,3,3,3,3,3,3,4),(45.1240838500426,
45.2514818132103,45.7487508441247,46.2460198750391,46.7432889059535,47.2405579368679,
47.7378269677823,48.2350959986967,48.7323650296111,49.2296340605255,49.7269030914399,
50.2241721223543,50.7214411532687,51.218710184183,51.4072691572222),
 .UNSPECIFIED.);
#240=B_SPLINE_CURVE_WITH_KNOTS('',3,(#2527,#2528,#2529,#2530,#2531,#2532,
#2533,#2534,#2535,#2536,#2537,#2538,#2539,#2540,#2541,#2542,#2543,#2544,
#2545,#2546,#2547,#2548,#2549,#2550,#2551,#2552,#2553,#2554,#2555,#2556,
#2557,#2558,#2559,#2560,#2561,#2562,#2563,#2564,#2565,#2566),
 .UNSPECIFIED.,.F.,.F.,(4,3,3,3,3,3,3,3,3,3,3,3,3,4),(-60.641598184747,
-60.1695527406422,-59.6722837097279,-59.1750146788134,-58.677745647899,
-58.1804766169846,-57.6832075860703,-57.1859385551559,-56.6886695242415,
-56.1914004933271,-55.6941314624127,-55.1968624314983,-54.6995934005839,
-54.3584128775674),.UNSPECIFIED.);
#241=B_SPLINE_CURVE_WITH_KNOTS('',3,(#2567,#2568,#2569,#2570,#2571,#2572,
#2573,#2574,#2575,#2576,#2577,#2578,#2579,#2580,#2581,#2582,#2583,#2584,
#2585,#2586,#2587,#2588,#2589,#2590,#2591,#2592,#2593,#2594,#2595,#2596,
#2597,#2598,#2599,#2600,#2601,#2602,#2603,#2604,#2605,#2606,#2607,#2608,
#2609),.UNSPECIFIED.,.F.,.F.,(4,3,3,3,3,3,3,3,3,3,3,3,3,3,4),(51.4072691572222,
51.7159792150974,52.2132482460119,52.7105172769263,53.2077863078406,53.7050553387551,
54.2023243696695,54.6995934005839,55.1968624314983,55.6941314624127,56.1914004933271,
56.6886695242415,57.1859385551559,57.6832075860702,57.6904544644018),
 .UNSPECIFIED.);
#242=B_SPLINE_CURVE_WITH_KNOTS('',3,(#2614,#2615,#2616,#2617,#2618,#2619,
#2620,#2621,#2622,#2623,#2624,#2625,#2626,#2627,#2628,#2629,#2630,#2631,
#2632,#2633,#2634,#2635,#2636,#2637,#2638,#2639,#2640,#2641,#2642,#2643,
#2644,#2645,#2646,#2647,#2648,#2649,#2650,#2651,#2652,#2653,#2654,#2655,
#2656),.UNSPECIFIED.,.F.,.F.,(4,3,3,3,3,3,3,3,3,3,3,3,3,3,4),(-66.9247834919265,
-66.6340501425294,-66.136781111615,-65.6395120807006,-65.1422430497862,
-64.6449740188718,-64.1477049879574,-63.650435957043,-63.1531669261286,
-62.6558978952142,-62.1586288642998,-61.6613598333854,-61.164090802471,
-60.6668217715566,-60.641598184747),.UNSPECIFIED.);
#243=B_SPLINE_CURVE_WITH_KNOTS('',3,(#2657,#2658,#2659,#2660,#2661,#2662,
#2663,#2664,#2665,#2666,#2667,#2668,#2669,#2670,#2671,#2672,#2673,#2674,
#2675,#2676,#2677,#2678,#2679,#2680,#2681,#2682,#2683,#2684,#2685,#2686,
#2687,#2688,#2689,#2690,#2691,#2692,#2693,#2694,#2695,#2696),
 .UNSPECIFIED.,.F.,.F.,(4,3,3,3,3,3,3,3,3,3,3,3,3,4),(57.6904544644018,
58.1804766169847,58.6777456478991,59.1750146788135,59.6722837097279,60.1695527406423,
60.6668217715566,61.164090802471,61.6613598333854,62.1586288642998,62.6558978952142,
63.1531669261286,63.650435957043,63.9736397715814),.UNSPECIFIED.);
#244=B_SPLINE_CURVE_WITH_KNOTS('',3,(#2701,#2702,#2703,#2704,#2705,#2706,
#2707,#2708,#2709,#2710,#2711,#2712,#2713,#2714,#2715,#2716,#2717,#2718,
#2719,#2720,#2721,#2722,#2723,#2724,#2725,#2726,#2727,#2728,#2729,#2730,
#2731,#2732,#2733,#2734,#2735,#2736,#2737,#2738,#2739,#2740,#2741,#2742,
#2743),.UNSPECIFIED.,.F.,.F.,(4,3,3,3,3,3,3,3,3,3,3,3,3,3,4),(-73.2079687991061,
-73.0985475444166,-72.6012785135022,-72.1040094825878,-71.6067404516734,
-71.109471420759,-70.6122023898446,-70.1149333589302,-69.6176643280158,
-69.1203952971014,-68.623126266187,-68.1258572352726,-67.6285882043582,
-67.1313191734438,-66.9247834919265),.UNSPECIFIED.);
#245=B_SPLINE_CURVE_WITH_KNOTS('',3,(#2744,#2745,#2746,#2747,#2748,#2749,
#2750,#2751,#2752,#2753,#2754,#2755,#2756,#2757,#2758,#2759,#2760,#2761,
#2762,#2763,#2764,#2765,#2766,#2767,#2768,#2769,#2770,#2771,#2772,#2773,
#2774,#2775,#2776,#2777,#2778,#2779,#2780,#2781,#2782,#2783,#2784,#2785,
#2786),.UNSPECIFIED.,.F.,.F.,(4,3,3,3,3,3,3,3,3,3,3,3,3,3,4),(63.9736397715814,
64.1477049879574,64.6449740188718,65.1422430497862,65.6395120807006,66.136781111615,
66.6340501425294,67.1313191734438,67.6285882043582,68.1258572352726,68.623126266187,
69.1203952971014,69.6176643280158,70.1149333589302,70.256825078761),
 .UNSPECIFIED.);
#246=B_SPLINE_CURVE_WITH_KNOTS('',3,(#2791,#2792,#2793,#2794,#2795,#2796,
#2797,#2798,#2799,#2800,#2801,#2802,#2803,#2804,#2805,#2806,#2807,#2808,
#2809,#2810,#2811,#2812,#2813,#2814,#2815,#2816,#2817,#2818,#2819,#2820,
#2821,#2822,#2823,#2824,#2825,#2826,#2827,#2828,#2829,#2830),
 .UNSPECIFIED.,.F.,.F.,(4,3,3,3,3,3,3,3,3,3,3,3,3,4),(-79.4911541062857,
-79.0657759153894,-78.568506884475,-78.0712378535606,-77.5739688226462,
-77.0766997917318,-76.5794307608174,-76.082161729903,-75.5848926989886,
-75.0876236680742,-74.5903546371598,-74.0930856062454,-73.595816575331,
-73.2079687991061),.UNSPECIFIED.);
#247=B_SPLINE_CURVE_WITH_KNOTS('',3,(#2831,#2832,#2833,#2834,#2835,#2836,
#2837,#2838,#2839,#2840,#2841,#2842,#2843,#2844,#2845,#2846,#2847,#2848,
#2849,#2850,#2851,#2852,#2853,#2854,#2855,#2856,#2857,#2858,#2859,#2860,
#2861,#2862,#2863,#2864,#2865,#2866,#2867,#2868,#2869,#2870),
 .UNSPECIFIED.,.F.,.F.,(4,3,3,3,3,3,3,3,3,3,3,3,3,4),(70.256825078761,70.6122023898446,
71.109471420759,71.6067404516734,72.1040094825878,72.6012785135022,73.0985475444166,
73.595816575331,74.0930856062454,74.5903546371598,75.0876236680742,75.5848926989886,
76.082161729903,76.5400103859406),.UNSPECIFIED.);
#248=B_SPLINE_CURVE_WITH_KNOTS('',3,(#2875,#2876,#2877,#2878,#2879,#2880,
#2881,#2882,#2883,#2884,#2885,#2886,#2887,#2888,#2889,#2890,#2891,#2892,
#2893,#2894,#2895,#2896,#2897,#2898,#2899,#2900,#2901,#2902,#2903,#2904,
#2905,#2906,#2907,#2908,#2909,#2910,#2911,#2912,#2913,#2914,#2915,#2916,
#2917),.UNSPECIFIED.,.F.,.F.,(4,3,3,3,3,3,3,3,3,3,3,3,3,3,4),(-85.7743394134653,
-85.5302733172766,-85.0330042863622,-84.5357352554478,-84.0384662245334,
-83.541197193619,-83.0439281627046,-82.5466591317902,-82.0493901008758,
-81.5521210699614,-81.054852039047,-80.5575830081326,-80.0603139772182,
-79.5630449463038,-79.4911541062857),.UNSPECIFIED.);
#249=B_SPLINE_CURVE_WITH_KNOTS('',3,(#2918,#2919,#2920,#2921,#2922,#2923,
#2924,#2925,#2926,#2927,#2928,#2929,#2930,#2931,#2932,#2933,#2934,#2935,
#2936,#2937,#2938,#2939,#2940,#2941,#2942,#2943,#2944,#2945,#2946,#2947,
#2948,#2949,#2950,#2951,#2952,#2953,#2954,#2955,#2956,#2957,#2958,#2959,
#2960),.UNSPECIFIED.,.F.,.F.,(4,3,3,3,3,3,3,3,3,3,3,3,3,3,4),(76.5400103859406,
76.5794307608174,77.0766997917318,77.5739688226462,78.0712378535606,78.568506884475,
79.0657759153894,79.5630449463038,80.0603139772182,80.5575830081326,81.054852039047,
81.5521210699614,82.0493901008758,82.5466591317902,82.8231956931202),
 .UNSPECIFIED.);
#250=B_SPLINE_CURVE_WITH_KNOTS('',3,(#2965,#2966,#2967,#2968,#2969,#2970,
#2971,#2972,#2973,#2974,#2975,#2976,#2977,#2978,#2979,#2980,#2981,#2982,
#2983,#2984,#2985,#2986,#2987,#2988,#2989,#2990,#2991,#2992,#2993,#2994,
#2995,#2996,#2997,#2998,#2999,#3000,#3001,#3002,#3003,#3004,#3005,#3006,
#3007),.UNSPECIFIED.,.F.,.F.,(4,3,3,3,3,3,3,3,3,3,3,3,3,3,4),(-92.0575247206449,
-91.9947707191637,-91.4975016882493,-91.000232657335,-90.5029636264205,
-90.0056945955062,-89.5084255645918,-89.0111565336774,-88.513887502763,
-88.0166184718486,-87.5193494409342,-87.0220804100198,-86.5248113791054,
-86.027542348191,-85.7743394134653),.UNSPECIFIED.);
#251=B_SPLINE_CURVE_WITH_KNOTS('',3,(#3008,#3009,#3010,#3011,#3012,#3013,
#3014,#3015,#3016,#3017,#3018,#3019,#3020,#3021,#3022,#3023,#3024,#3025,
#3026,#3027,#3028,#3029,#3030,#3031,#3032,#3033,#3034,#3035,#3036,#3037,
#3038,#3039,#3040,#3041,#3042,#3043,#3044,#3045,#3046,#3047,#3048,#3049,
#3050),.UNSPECIFIED.,.F.,.F.,(4,3,3,3,3,3,3,3,3,3,3,3,3,3,4),(82.8231956931202,
83.0439281627046,83.541197193619,84.0384662245334,84.5357352554478,85.0330042863622,
85.5302733172766,86.027542348191,86.5248113791054,87.0220804100198,87.5193494409342,
88.0166184718486,88.513887502763,89.0111565336774,89.1063810002998),
 .UNSPECIFIED.);
#252=B_SPLINE_CURVE_WITH_KNOTS('',3,(#3055,#3056,#3057,#3058,#3059,#3060,
#3061,#3062,#3063,#3064,#3065,#3066,#3067,#3068,#3069,#3070,#3071,#3072,
#3073,#3074,#3075,#3076,#3077,#3078,#3079,#3080,#3081,#3082,#3083,#3084,
#3085,#3086,#3087,#3088,#3089,#3090,#3091,#3092,#3093,#3094),
 .UNSPECIFIED.,.F.,.F.,(4,3,3,3,3,3,3,3,3,3,3,3,3,4),(-98.3407100278245,
-97.9619990901365,-97.4647300592221,-96.9674610283077,-96.4701919973933,
-95.9729229664789,-95.4756539355645,-94.9783849046501,-94.4811158737358,
-93.9838468428213,-93.486577811907,-92.9893087809925,-92.4920397500781,
-92.0575247206449),.UNSPECIFIED.);
#253=B_SPLINE_CURVE_WITH_KNOTS('',3,(#3095,#3096,#3097,#3098,#3099,#3100,
#3101,#3102,#3103,#3104,#3105,#3106,#3107,#3108,#3109,#3110,#3111,#3112,
#3113,#3114,#3115,#3116,#3117,#3118,#3119,#3120,#3121,#3122,#3123,#3124,
#3125,#3126,#3127,#3128,#3129,#3130,#3131,#3132,#3133,#3134),
 .UNSPECIFIED.,.F.,.F.,(4,3,3,3,3,3,3,3,3,3,3,3,3,4),(89.1063810002998,
89.5084255645918,90.0056945955062,90.5029636264206,91.000232657335,91.4975016882494,
91.9947707191638,92.4920397500781,92.9893087809925,93.486577811907,93.9838468428214,
94.4811158737358,94.9783849046501,95.3895663074794),.UNSPECIFIED.);
#254=B_SPLINE_CURVE_WITH_KNOTS('',3,(#3139,#3140,#3141,#3142,#3143,#3144,
#3145,#3146,#3147,#3148,#3149,#3150,#3151,#3152,#3153,#3154,#3155,#3156,
#3157,#3158,#3159,#3160,#3161,#3162,#3163,#3164,#3165,#3166,#3167,#3168,
#3169,#3170,#3171,#3172,#3173,#3174,#3175,#3176,#3177,#3178,#3179,#3180,
#3181),.UNSPECIFIED.,.F.,.F.,(4,3,3,3,3,3,3,3,3,3,3,3,3,3,4),(-104.623895335004,
-104.426496492024,-103.929227461109,-103.431958430195,-102.934689399281,
-102.437420368366,-101.940151337452,-101.442882306537,-100.945613275623,
-100.448344244709,-99.9510752137941,-99.4538061828797,-98.9565371519653,
-98.4592681210509,-98.3407100278245),.UNSPECIFIED.);
#255=B_SPLINE_CURVE_WITH_KNOTS('',3,(#3182,#3183,#3184,#3185,#3186,#3187,
#3188,#3189,#3190,#3191,#3192,#3193,#3194,#3195,#3196,#3197,#3198,#3199,
#3200,#3201,#3202,#3203,#3204,#3205,#3206,#3207,#3208,#3209,#3210,#3211,
#3212,#3213,#3214,#3215,#3216,#3217,#3218,#3219,#3220,#3221,#3222,#3223,
#3224),.UNSPECIFIED.,.F.,.F.,(4,3,3,3,3,3,3,3,3,3,3,3,3,3,4),(95.3895663074794,
95.4756539355645,95.972922966479,96.4701919973933,96.9674610283078,97.4647300592221,
97.9619990901365,98.4592681210509,98.9565371519653,99.4538061828798,99.9510752137942,
100.448344244709,100.945613275623,101.442882306537,101.672751614659),
 .UNSPECIFIED.);
#256=B_SPLINE_CURVE_WITH_KNOTS('',3,(#3229,#3230,#3231,#3232,#3233,#3234,
#3235,#3236,#3237,#3238,#3239,#3240,#3241,#3242,#3243,#3244,#3245,#3246,
#3247,#3248,#3249,#3250,#3251,#3252,#3253,#3254,#3255,#3256,#3257,#3258,
#3259,#3260,#3261,#3262,#3263,#3264,#3265,#3266,#3267,#3268,#3269,#3270,
#3271),.UNSPECIFIED.,.F.,.F.,(4,3,3,3,3,3,3,3,3,3,3,3,3,3,4),(-110.907080642184,
-110.890993893911,-110.393724862997,-109.896455832082,-109.399186801168,
-108.901917770253,-108.404648739339,-107.907379708425,-107.41011067751,
-106.912841646596,-106.415572615681,-105.918303584767,-105.421034553853,
-104.923765522938,-104.623895335004),.UNSPECIFIED.);
#257=B_SPLINE_CURVE_WITH_KNOTS('',3,(#3272,#3273,#3274,#3275,#3276,#3277,
#3278,#3279,#3280,#3281,#3282,#3283,#3284,#3285,#3286,#3287,#3288,#3289,
#3290,#3291,#3292,#3293,#3294,#3295,#3296,#3297,#3298,#3299,#3300,#3301,
#3302,#3303,#3304,#3305,#3306,#3307,#3308,#3309,#3310,#3311,#3312,#3313,
#3314),.UNSPECIFIED.,.F.,.F.,(4,3,3,3,3,3,3,3,3,3,3,3,3,3,4),(101.672751614659,
101.940151337452,102.437420368366,102.934689399281,103.431958430195,103.929227461109,
104.426496492024,104.923765522938,105.421034553853,105.918303584767,106.415572615681,
106.912841646596,107.41011067751,107.907379708425,107.955936921839),
 .UNSPECIFIED.);
#258=B_SPLINE_CURVE_WITH_KNOTS('',3,(#3319,#3320,#3321,#3322,#3323,#3324,
#3325,#3326,#3327,#3328,#3329,#3330,#3331,#3332,#3333,#3334,#3335,#3336,
#3337,#3338,#3339,#3340,#3341,#3342,#3343,#3344,#3345,#3346,#3347,#3348,
#3349,#3350,#3351,#3352,#3353,#3354,#3355,#3356,#3357,#3358),
 .UNSPECIFIED.,.F.,.F.,(4,3,3,3,3,3,3,3,3,3,3,3,3,4),(-117.190265949363,
-116.858222264884,-116.360953233969,-115.863684203055,-115.36641517214,
-114.869146141226,-114.371877110312,-113.874608079397,-113.377339048483,
-112.880070017568,-112.382800986654,-111.88553195574,-111.388262924825,
-110.907080642184),.UNSPECIFIED.);
#259=B_SPLINE_CURVE_WITH_KNOTS('',3,(#3359,#3360,#3361,#3362,#3363,#3364,
#3365,#3366,#3367,#3368,#3369,#3370,#3371,#3372,#3373,#3374,#3375,#3376,
#3377,#3378,#3379,#3380,#3381,#3382,#3383,#3384,#3385,#3386,#3387,#3388,
#3389,#3390,#3391,#3392,#3393,#3394,#3395,#3396,#3397,#3398),
 .UNSPECIFIED.,.F.,.F.,(4,3,3,3,3,3,3,3,3,3,3,3,3,4),(107.955936921839,
108.404648739339,108.901917770253,109.399186801168,109.896455832082,110.393724862997,
110.890993893911,111.388262924825,111.88553195574,112.382800986654,112.880070017569,
113.377339048483,113.874608079397,114.239122229018),.UNSPECIFIED.);
#260=B_SPLINE_CURVE_WITH_KNOTS('',3,(#3403,#3404,#3405,#3406,#3407,#3408,
#3409,#3410,#3411,#3412,#3413,#3414,#3415,#3416,#3417,#3418,#3419,#3420,
#3421,#3422,#3423,#3424,#3425,#3426,#3427,#3428,#3429,#3430,#3431,#3432,
#3433,#3434,#3435,#3436,#3437,#3438,#3439,#3440,#3441,#3442,#3443,#3444,
#3445),.UNSPECIFIED.,.F.,.F.,(4,3,3,3,3,3,3,3,3,3,3,3,3,3,4),(-123.473451256543,
-123.322719666771,-122.825450635856,-122.328181604942,-121.830912574028,
-121.333643543113,-120.836374512199,-120.339105481284,-119.84183645037,
-119.344567419456,-118.847298388541,-118.350029357627,-117.852760326712,
-117.355491295798,-117.190265949363),.UNSPECIFIED.);
#261=B_SPLINE_CURVE_WITH_KNOTS('',3,(#3446,#3447,#3448,#3449,#3450,#3451,
#3452,#3453,#3454,#3455,#3456,#3457,#3458,#3459,#3460,#3461,#3462,#3463,
#3464,#3465,#3466,#3467,#3468,#3469,#3470,#3471,#3472,#3473,#3474,#3475,
#3476,#3477,#3478,#3479,#3480,#3481,#3482,#3483,#3484,#3485,#3486,#3487,
#3488),.UNSPECIFIED.,.F.,.F.,(4,3,3,3,3,3,3,3,3,3,3,3,3,3,4),(114.239122229018,
114.371877110312,114.869146141226,115.36641517214,115.863684203055,116.360953233969,
116.858222264884,117.355491295798,117.852760326712,118.350029357627,118.847298388541,
119.344567419456,119.84183645037,120.339105481284,120.522307536198),
 .UNSPECIFIED.);
#262=B_SPLINE_CURVE_WITH_KNOTS('',3,(#3493,#3494,#3495,#3496,#3497,#3498,
#3499,#3500,#3501,#3502,#3503,#3504,#3505,#3506,#3507,#3508,#3509,#3510,
#3511,#3512,#3513,#3514,#3515,#3516,#3517,#3518,#3519,#3520,#3521,#3522,
#3523,#3524,#3525,#3526,#3527,#3528,#3529,#3530,#3531,#3532),
 .UNSPECIFIED.,.F.,.F.,(4,3,3,3,3,3,3,3,3,3,3,3,3,4),(-129.756636563722,
-129.289948037744,-128.792679006829,-128.295409975915,-127.798140945,-127.300871914086,
-126.803602883172,-126.306333852257,-125.809064821343,-125.311795790428,
-124.814526759514,-124.3172577286,-123.819988697685,-123.473451256543),
 .UNSPECIFIED.);
#263=B_SPLINE_CURVE_WITH_KNOTS('',3,(#3533,#3534,#3535,#3536,#3537,#3538,
#3539,#3540,#3541,#3542,#3543,#3544,#3545,#3546,#3547,#3548,#3549,#3550,
#3551,#3552,#3553,#3554,#3555,#3556,#3557,#3558,#3559,#3560,#3561,#3562,
#3563,#3564,#3565,#3566,#3567,#3568,#3569,#3570,#3571,#3572,#3573,#3574,
#3575),.UNSPECIFIED.,.F.,.F.,(4,3,3,3,3,3,3,3,3,3,3,3,3,3,4),(120.522307536198,
120.836374512199,121.333643543113,121.830912574028,122.328181604942,122.825450635856,
123.322719666771,123.819988697685,124.3172577286,124.814526759514,125.311795790428,
125.809064821343,126.306333852257,126.803602883172,126.805492843377),
 .UNSPECIFIED.);
#264=B_SPLINE_CURVE_WITH_KNOTS('',3,(#3580,#3581,#3582,#3583,#3584,#3585,
#3586,#3587,#3588,#3589,#3590,#3591,#3592,#3593,#3594,#3595,#3596,#3597,
#3598,#3599,#3600,#3601,#3602,#3603,#3604,#3605,#3606,#3607,#3608,#3609,
#3610,#3611,#3612,#3613,#3614,#3615,#3616,#3617,#3618,#3619,#3620,#3621,
#3622),.UNSPECIFIED.,.F.,.F.,(4,3,3,3,3,3,3,3,3,3,3,3,3,3,4),(-136.039821870902,
-135.754445439631,-135.257176408716,-134.759907377802,-134.262638346888,
-133.765369315973,-133.268100285059,-132.770831254144,-132.27356222323,
-131.776293192316,-131.279024161401,-130.781755130487,-130.284486099572,
-129.787217068658,-129.756636563722),.UNSPECIFIED.);
#265=B_SPLINE_CURVE_WITH_KNOTS('',3,(#3623,#3624,#3625,#3626,#3627,#3628,
#3629,#3630,#3631,#3632,#3633,#3634,#3635,#3636,#3637,#3638,#3639,#3640,
#3641,#3642,#3643,#3644,#3645,#3646,#3647,#3648,#3649,#3650,#3651,#3652,
#3653,#3654,#3655,#3656,#3657,#3658,#3659,#3660,#3661,#3662),
 .UNSPECIFIED.,.F.,.F.,(4,3,3,3,3,3,3,3,3,3,3,3,3,4),(126.805492843377,
127.300871914086,127.798140945,128.295409975915,128.792679006829,129.289948037744,
129.787217068658,130.284486099572,130.781755130487,131.279024161401,131.776293192316,
132.27356222323,132.770831254144,133.088678150557),.UNSPECIFIED.);
#266=B_SPLINE_CURVE_WITH_KNOTS('',3,(#3667,#3668,#3669,#3670,#3671,#3672,
#3673,#3674,#3675,#3676,#3677,#3678,#3679,#3680,#3681,#3682,#3683,#3684,
#3685,#3686,#3687,#3688,#3689,#3690,#3691,#3692,#3693,#3694,#3695,#3696,
#3697,#3698,#3699,#3700,#3701,#3702,#3703,#3704,#3705,#3706,#3707,#3708,
#3709),.UNSPECIFIED.,.F.,.F.,(4,3,3,3,3,3,3,3,3,3,3,3,3,3,4),(-142.323007178082,
-142.218942841518,-141.721673810604,-141.224404779689,-140.727135748775,
-140.22986671786,-139.732597686946,-139.235328656032,-138.738059625117,
-138.240790594203,-137.743521563288,-137.246252532374,-136.74898350146,
-136.251714470545,-136.039821870902),.UNSPECIFIED.);
#267=B_SPLINE_CURVE_WITH_KNOTS('',3,(#3710,#3711,#3712,#3713,#3714,#3715,
#3716,#3717,#3718,#3719,#3720,#3721,#3722,#3723,#3724,#3725,#3726,#3727,
#3728,#3729,#3730,#3731,#3732,#3733,#3734,#3735,#3736,#3737,#3738,#3739,
#3740,#3741,#3742,#3743,#3744,#3745,#3746,#3747,#3748,#3749,#3750,#3751,
#3752),.UNSPECIFIED.,.F.,.F.,(4,3,3,3,3,3,3,3,3,3,3,3,3,3,4),(133.088678150557,
133.268100285059,133.765369315973,134.262638346888,134.759907377802,135.257176408716,
135.754445439631,136.251714470545,136.74898350146,137.246252532374,137.743521563288,
138.240790594203,138.738059625117,139.235328656032,139.371863457736),
 .UNSPECIFIED.);
#268=B_SPLINE_CURVE_WITH_KNOTS('',3,(#3757,#3758,#3759,#3760,#3761,#3762,
#3763,#3764,#3765,#3766,#3767,#3768,#3769,#3770,#3771,#3772,#3773,#3774,
#3775,#3776,#3777,#3778,#3779,#3780,#3781,#3782,#3783,#3784,#3785,#3786,
#3787,#3788,#3789,#3790,#3791,#3792,#3793,#3794,#3795,#3796),
 .UNSPECIFIED.,.F.,.F.,(4,3,3,3,3,3,3,3,3,3,3,3,3,4),(-148.606192485261,
-148.186171212491,-147.688902181576,-147.191633150662,-146.694364119748,
-146.197095088833,-145.699826057919,-145.202557027004,-144.70528799609,
-144.208018965176,-143.710749934261,-143.213480903347,-142.716211872432,
-142.323007178082),.UNSPECIFIED.);
#269=B_SPLINE_CURVE_WITH_KNOTS('',3,(#3797,#3798,#3799,#3800,#3801,#3802,
#3803,#3804,#3805,#3806,#3807,#3808,#3809,#3810,#3811,#3812,#3813,#3814,
#3815,#3816,#3817,#3818,#3819,#3820,#3821,#3822,#3823,#3824,#3825,#3826,
#3827,#3828,#3829,#3830,#3831,#3832,#3833,#3834,#3835,#3836),
 .UNSPECIFIED.,.F.,.F.,(4,3,3,3,3,3,3,3,3,3,3,3,3,4),(139.371863457736,
139.732597686946,140.22986671786,140.727135748775,141.224404779689,141.721673810604,
142.218942841518,142.716211872432,143.213480903347,143.710749934261,144.208018965176,
144.70528799609,145.202557027004,145.655048764916),.UNSPECIFIED.);
#270=B_SPLINE_CURVE_WITH_KNOTS('',3,(#3841,#3842,#3843,#3844,#3845,#3846,
#3847,#3848,#3849,#3850,#3851,#3852,#3853,#3854,#3855,#3856,#3857,#3858,
#3859,#3860,#3861,#3862,#3863,#3864,#3865,#3866,#3867,#3868,#3869,#3870,
#3871,#3872,#3873,#3874,#3875,#3876,#3877,#3878,#3879,#3880,#3881,#3882,
#3883),.UNSPECIFIED.,.F.,.F.,(4,3,3,3,3,3,3,3,3,3,3,3,3,3,4),(-154.889377792441,
-154.650668614378,-154.153399583464,-153.656130552549,-153.158861521635,
-152.66159249072,-152.164323459806,-151.667054428892,-151.169785397977,
-150.672516367063,-150.175247336148,-149.677978305234,-149.18070927432,
-148.683440243405,-148.606192485261),.UNSPECIFIED.);
#271=B_SPLINE_CURVE_WITH_KNOTS('',3,(#3884,#3885,#3886,#3887,#3888,#3889,
#3890,#3891,#3892,#3893,#3894,#3895,#3896,#3897,#3898,#3899,#3900,#3901,
#3902,#3903,#3904,#3905,#3906,#3907,#3908,#3909,#3910,#3911,#3912,#3913,
#3914,#3915,#3916,#3917,#3918,#3919,#3920,#3921,#3922,#3923,#3924,#3925,
#3926),.UNSPECIFIED.,.F.,.F.,(4,3,3,3,3,3,3,3,3,3,3,3,3,3,4),(145.655048764916,
145.699826057919,146.197095088833,146.694364119748,147.191633150662,147.688902181576,
148.186171212491,148.683440243405,149.18070927432,149.677978305234,150.175247336148,
150.672516367063,151.169785397977,151.667054428892,151.938234072096),
 .UNSPECIFIED.);
#272=B_SPLINE_CURVE_WITH_KNOTS('',3,(#3931,#3932,#3933,#3934,#3935,#3936,
#3937,#3938,#3939,#3940,#3941,#3942,#3943,#3944,#3945,#3946,#3947,#3948,
#3949,#3950,#3951,#3952,#3953,#3954,#3955,#3956,#3957,#3958,#3959,#3960,
#3961,#3962,#3963,#3964,#3965,#3966,#3967,#3968,#3969,#3970,#3971,#3972,
#3973),.UNSPECIFIED.,.F.,.F.,(4,3,3,3,3,3,3,3,3,3,3,3,3,3,4),(-161.17256309962,
-161.115166016265,-160.617896985351,-160.120627954436,-159.623358923522,
-159.126089892608,-158.628820861693,-158.131551830779,-157.634282799864,
-157.13701376895,-156.639744738036,-156.142475707121,-155.645206676207,
-155.147937645292,-154.889377792441),.UNSPECIFIED.);
#273=B_SPLINE_CURVE_WITH_KNOTS('',3,(#3974,#3975,#3976,#3977,#3978,#3979,
#3980,#3981,#3982,#3983,#3984,#3985,#3986,#3987,#3988,#3989,#3990,#3991,
#3992,#3993,#3994,#3995,#3996,#3997,#3998,#3999,#4000,#4001,#4002,#4003,
#4004,#4005,#4006,#4007,#4008,#4009,#4010,#4011,#4012,#4013,#4014,#4015,
#4016),.UNSPECIFIED.,.F.,.F.,(4,3,3,3,3,3,3,3,3,3,3,3,3,3,4),(151.938234072096,
152.164323459806,152.66159249072,153.158861521635,153.656130552549,154.153399583464,
154.650668614378,155.147937645292,155.645206676207,156.142475707121,156.639744738036,
157.13701376895,157.634282799864,158.131551830779,158.221419379275),
 .UNSPECIFIED.);
#274=B_SPLINE_CURVE_WITH_KNOTS('',3,(#4021,#4022,#4023,#4024,#4025,#4026,
#4027,#4028,#4029,#4030,#4031,#4032,#4033,#4034,#4035,#4036,#4037,#4038,
#4039,#4040,#4041,#4042,#4043,#4044,#4045,#4046,#4047,#4048,#4049,#4050,
#4051,#4052,#4053,#4054,#4055,#4056,#4057,#4058,#4059,#4060),
 .UNSPECIFIED.,.F.,.F.,(4,3,3,3,3,3,3,3,3,3,3,3,3,4),(-167.4557484068,-167.082394387238,
-166.585125356324,-166.087856325409,-165.590587294495,-165.09331826358,
-164.596049232666,-164.098780201752,-163.601511170837,-163.104242139923,
-162.606973109008,-162.109704078094,-161.61243504718,-161.17256309962),
 .UNSPECIFIED.);
#275=B_SPLINE_CURVE_WITH_KNOTS('',3,(#4061,#4062,#4063,#4064,#4065,#4066,
#4067,#4068,#4069,#4070,#4071,#4072,#4073,#4074,#4075,#4076,#4077,#4078,
#4079,#4080,#4081,#4082,#4083,#4084,#4085,#4086,#4087,#4088,#4089,#4090,
#4091,#4092,#4093,#4094,#4095,#4096,#4097,#4098,#4099,#4100),
 .UNSPECIFIED.,.F.,.F.,(4,3,3,3,3,3,3,3,3,3,3,3,3,4),(158.221419379275,
158.628820861693,159.126089892608,159.623358923522,160.120627954436,160.617896985351,
161.115166016265,161.61243504718,162.109704078094,162.606973109008,163.104242139923,
163.601511170837,164.098780201752,164.504604686455),.UNSPECIFIED.);
#276=B_SPLINE_CURVE_WITH_KNOTS('',3,(#4105,#4106,#4107,#4108,#4109,#4110,
#4111,#4112,#4113,#4114,#4115,#4116,#4117,#4118,#4119,#4120,#4121,#4122,
#4123,#4124,#4125,#4126,#4127,#4128,#4129,#4130,#4131,#4132,#4133,#4134,
#4135,#4136,#4137,#4138,#4139,#4140,#4141,#4142,#4143,#4144,#4145,#4146,
#4147),.UNSPECIFIED.,.F.,.F.,(4,3,3,3,3,3,3,3,3,3,3,3,3,3,4),(-173.738933713979,
-173.546891789125,-173.049622758211,-172.552353727296,-172.055084696382,
-171.557815665468,-171.060546634553,-170.563277603639,-170.066008572724,
-169.56873954181,-169.071470510896,-168.574201479981,-168.076932449067,
-167.579663418152,-167.4557484068),.UNSPECIFIED.);
#277=B_SPLINE_CURVE_WITH_KNOTS('',3,(#4148,#4149,#4150,#4151,#4152,#4153,
#4154,#4155,#4156,#4157,#4158,#4159,#4160,#4161,#4162,#4163,#4164,#4165,
#4166,#4167,#4168,#4169,#4170,#4171,#4172,#4173,#4174,#4175,#4176,#4177,
#4178,#4179,#4180,#4181,#4182,#4183,#4184,#4185,#4186,#4187,#4188,#4189,
#4190),.UNSPECIFIED.,.F.,.F.,(4,3,3,3,3,3,3,3,3,3,3,3,3,3,4),(164.504604686455,
164.596049232666,165.09331826358,165.590587294495,166.087856325409,166.585125356324,
167.082394387238,167.579663418152,168.076932449067,168.574201479981,169.071470510896,
169.56873954181,170.066008572724,170.563277603639,170.787789993634),
 .UNSPECIFIED.);
#278=B_SPLINE_CURVE_WITH_KNOTS('',3,(#4196,#4197,#4198,#4199,#4200,#4201,
#4202,#4203),.UNSPECIFIED.,.F.,.F.,(4,1,1,1,1,4),(185.353966561798,185.659193667858,
186.156462698772,186.653731729687,187.151000760601,187.544221448847),
 .UNSPECIFIED.);
#279=B_SPLINE_CURVE_WITH_KNOTS('',3,(#4206,#4207,#4208,#4209,#4210),
 .UNSPECIFIED.,.F.,.F.,(4,1,4),(185.353966561798,185.808035297424,186.305304328339),
 .UNSPECIFIED.);
#280=B_SPLINE_CURVE_WITH_KNOTS('',3,(#4215,#4216,#4217,#4218,#4219,#4220,
#4221,#4222,#4223,#4224,#4225,#4226,#4227,#4228,#4229,#4230,#4231),
 .UNSPECIFIED.,.F.,.F.,(4,1,1,1,1,1,1,1,1,1,1,1,1,1,4),(179.070781254618,
179.194696265971,179.691965296885,180.1892343278,180.686503358714,181.183772389628,
181.681041420543,182.178310451457,182.675579482372,183.172848513286,183.6701175442,
184.167386575115,184.664655606029,185.161924636944,185.353966561798),
 .UNSPECIFIED.);
#281=B_SPLINE_CURVE_WITH_KNOTS('',3,(#4232,#4233,#4234,#4235,#4236,#4237,
#4238,#4239,#4240,#4241,#4242,#4243,#4244,#4245,#4246,#4247,#4248),
 .UNSPECIFIED.,.F.,.F.,(4,1,1,1,1,1,1,1,1,1,1,1,1,1,4),(179.070781254618,
179.343537895537,179.840806926452,180.338075957366,180.83534498828,181.332614019195,
181.829883050109,182.327152081024,182.824421111938,183.321690142852,183.818959173767,
184.316228204681,184.813497235596,185.31076626651,185.353966561798),
 .UNSPECIFIED.);
#282=B_SPLINE_CURVE_WITH_KNOTS('',3,(#4253,#4254,#4255,#4256,#4257,#4258,
#4259,#4260,#4261,#4262,#4263,#4264,#4265,#4266,#4267,#4268),
 .UNSPECIFIED.,.F.,.F.,(4,1,1,1,1,1,1,1,1,1,1,1,1,4),(172.787595947439,
173.227467894998,173.724736925912,174.222005956827,174.719274987741,175.216544018656,
175.71381304957,176.211082080484,176.708351111399,177.205620142313,177.702889173228,
178.200158204142,178.697427235056,179.070781254618),.UNSPECIFIED.);
#283=B_SPLINE_CURVE_WITH_KNOTS('',3,(#4269,#4270,#4271,#4272,#4273,#4274,
#4275,#4276,#4277,#4278,#4279,#4280,#4281,#4282,#4283,#4284,#4285),
 .UNSPECIFIED.,.F.,.F.,(4,1,1,1,1,1,1,1,1,1,1,1,1,1,4),(172.787595947439,
172.87904049365,173.376309524564,173.873578555479,174.370847586393,174.868116617308,
175.365385648222,175.862654679136,176.359923710051,176.857192740965,177.35446177188,
177.851730802794,178.348999833708,178.846268864623,179.070781254618),
 .UNSPECIFIED.);
#284=B_SPLINE_CURVE_WITH_KNOTS('',3,(#4290,#4291,#4292,#4293,#4294,#4295,
#4296,#4297,#4298,#4299,#4300,#4301,#4302,#4303,#4304,#4305,#4306),
 .UNSPECIFIED.,.F.,.F.,(4,1,1,1,1,1,1,1,1,1,1,1,1,1,4),(166.504410640259,
166.762970493111,167.260239524025,167.75750855494,168.254777585854,168.752046616768,
169.249315647683,169.746584678597,170.243853709512,170.741122740426,171.23839177134,
171.735660802255,172.232929833169,172.730198864084,172.787595947439),
 .UNSPECIFIED.);
#285=B_SPLINE_CURVE_WITH_KNOTS('',3,(#4307,#4308,#4309,#4310,#4311,#4312,
#4313,#4314,#4315,#4316,#4317,#4318,#4319,#4320,#4321,#4322),
 .UNSPECIFIED.,.F.,.F.,(4,1,1,1,1,1,1,1,1,1,1,1,1,4),(166.504410640259,
166.911812122677,167.409081153592,167.906350184506,168.40361921542,168.900888246335,
169.398157277249,169.895426308164,170.392695339078,170.889964369992,171.387233400907,
171.884502431821,172.381771462736,172.787595947439),.UNSPECIFIED.);
#286=B_SPLINE_CURVE_WITH_KNOTS('',3,(#4327,#4328,#4329,#4330,#4331,#4332,
#4333,#4334,#4335,#4336,#4337,#4338,#4339,#4340,#4341,#4342,#4343),
 .UNSPECIFIED.,.F.,.F.,(4,1,1,1,1,1,1,1,1,1,1,1,1,1,4),(160.22122533308,
160.298473091224,160.795742122138,161.293011153052,161.790280183967,162.287549214881,
162.784818245796,163.28208727671,163.779356307624,164.276625338539,164.773894369453,
165.271163400368,165.768432431282,166.265701462196,166.504410640259),
 .UNSPECIFIED.);
#287=B_SPLINE_CURVE_WITH_KNOTS('',3,(#4344,#4345,#4346,#4347,#4348,#4349,
#4350,#4351,#4352,#4353,#4354,#4355,#4356,#4357,#4358,#4359,#4360),
 .UNSPECIFIED.,.F.,.F.,(4,1,1,1,1,1,1,1,1,1,1,1,1,1,4),(160.22122533308,
160.44731472079,160.944583751704,161.441852782619,161.939121813533,162.436390844448,
162.933659875362,163.430928906276,163.928197937191,164.425466968105,164.92273599902,
165.420005029934,165.917274060848,166.414543091763,166.504410640259),
 .UNSPECIFIED.);
#288=B_SPLINE_CURVE_WITH_KNOTS('',3,(#4365,#4366,#4367,#4368,#4369,#4370,
#4371,#4372,#4373,#4374,#4375,#4376,#4377,#4378,#4379,#4380),
 .UNSPECIFIED.,.F.,.F.,(4,1,1,1,1,1,1,1,1,1,1,1,1,4),(153.9380400259,154.331244720251,
154.828513751165,155.32578278208,155.823051812994,156.320320843908,156.817589874823,
157.314858905737,157.812127936652,158.309396967566,158.80666599848,159.303935029395,
159.801204060309,160.22122533308),.UNSPECIFIED.);
#289=B_SPLINE_CURVE_WITH_KNOTS('',3,(#4381,#4382,#4383,#4384,#4385,#4386,
#4387,#4388,#4389,#4390,#4391,#4392,#4393,#4394,#4395,#4396,#4397),
 .UNSPECIFIED.,.F.,.F.,(4,1,1,1,1,1,1,1,1,1,1,1,1,1,4),(153.9380400259,
153.982817318903,154.480086349817,154.977355380732,155.474624411646,155.97189344256,
156.469162473475,156.966431504389,157.463700535304,157.960969566218,158.458238597132,
158.955507628047,159.452776658961,159.950045689876,160.22122533308),
 .UNSPECIFIED.);
#290=B_SPLINE_CURVE_WITH_KNOTS('',3,(#4402,#4403,#4404,#4405,#4406,#4407,
#4408,#4409,#4410,#4411,#4412,#4413,#4414,#4415,#4416,#4417,#4418),
 .UNSPECIFIED.,.F.,.F.,(4,1,1,1,1,1,1,1,1,1,1,1,1,1,4),(147.65485471872,
147.866747318364,148.364016349278,148.861285380192,149.358554411107,149.855823442021,
150.353092472936,150.85036150385,151.347630534764,151.844899565679,152.342168596593,
152.839437627508,153.336706658422,153.833975689336,153.9380400259),
 .UNSPECIFIED.);
#291=B_SPLINE_CURVE_WITH_KNOTS('',3,(#4419,#4420,#4421,#4422,#4423,#4424,
#4425,#4426,#4427,#4428,#4429,#4430,#4431,#4432,#4433,#4434),
 .UNSPECIFIED.,.F.,.F.,(4,1,1,1,1,1,1,1,1,1,1,1,1,4),(147.65485471872,148.01558894793,
148.512857978844,149.010127009759,149.507396040673,150.004665071588,150.501934102502,
150.999203133416,151.496472164331,151.993741195245,152.49101022616,152.988279257074,
153.485548287988,153.9380400259),.UNSPECIFIED.);
#292=B_SPLINE_CURVE_WITH_KNOTS('',3,(#4439,#4440,#4441,#4442,#4443,#4444,
#4445,#4446,#4447,#4448,#4449,#4450,#4451,#4452,#4453,#4454,#4455),
 .UNSPECIFIED.,.F.,.F.,(4,1,1,1,1,1,1,1,1,1,1,1,1,1,4),(141.371669411541,
141.402249916476,141.899518947391,142.396787978305,142.89405700922,143.391326040134,
143.888595071048,144.385864101963,144.883133132877,145.380402163792,145.877671194706,
146.37494022562,146.872209256535,147.369478287449,147.65485471872),
 .UNSPECIFIED.);
#293=B_SPLINE_CURVE_WITH_KNOTS('',3,(#4456,#4457,#4458,#4459,#4460,#4461,
#4462,#4463,#4464,#4465,#4466,#4467,#4468,#4469,#4470,#4471,#4472),
 .UNSPECIFIED.,.F.,.F.,(4,1,1,1,1,1,1,1,1,1,1,1,1,1,4),(141.371669411541,
141.551091546043,142.048360576957,142.545629607872,143.042898638786,143.5401676697,
144.037436700615,144.534705731529,145.031974762444,145.529243793358,146.026512824272,
146.523781855187,147.021050886101,147.518319917016,147.65485471872),
 .UNSPECIFIED.);
#294=B_SPLINE_CURVE_WITH_KNOTS('',3,(#4477,#4478,#4479,#4480,#4481,#4482,
#4483,#4484,#4485,#4486,#4487,#4488,#4489,#4490,#4491,#4492),
 .UNSPECIFIED.,.F.,.F.,(4,1,1,1,1,1,1,1,1,1,1,1,1,4),(135.088484104361,
135.435021545504,135.932290576418,136.429559607332,136.926828638247,137.424097669161,
137.921366700076,138.41863573099,138.915904761904,139.413173792819,139.910442823733,
140.407711854648,140.904980885562,141.371669411541),.UNSPECIFIED.);
#295=B_SPLINE_CURVE_WITH_KNOTS('',3,(#4493,#4494,#4495,#4496,#4497,#4498,
#4499,#4500,#4501,#4502,#4503,#4504,#4505,#4506,#4507,#4508),
 .UNSPECIFIED.,.F.,.F.,(4,1,1,1,1,1,1,1,1,1,1,1,1,4),(135.088484104361,
135.58386317507,136.081132205984,136.578401236899,137.075670267813,137.572939298728,
138.070208329642,138.567477360556,139.064746391471,139.562015422385,140.0592844533,
140.556553484214,141.053822515128,141.371669411541),.UNSPECIFIED.);
#296=B_SPLINE_CURVE_WITH_KNOTS('',3,(#4513,#4514,#4515,#4516,#4517,#4518,
#4519,#4520,#4521,#4522,#4523,#4524,#4525,#4526,#4527,#4528,#4529),
 .UNSPECIFIED.,.F.,.F.,(4,1,1,1,1,1,1,1,1,1,1,1,1,1,4),(128.805298797182,
128.970524143617,129.467793174531,129.965062205445,130.46233123636,130.959600267274,
131.456869298188,131.954138329103,132.451407360017,132.948676390932,133.445945421846,
133.94321445276,134.440483483675,134.937752514589,135.088484104361),
 .UNSPECIFIED.);
#297=B_SPLINE_CURVE_WITH_KNOTS('',3,(#4530,#4531,#4532,#4533,#4534,#4535,
#4536,#4537,#4538,#4539,#4540,#4541,#4542,#4543,#4544,#4545,#4546),
 .UNSPECIFIED.,.F.,.F.,(4,1,1,1,1,1,1,1,1,1,1,1,1,1,4),(128.805298797182,
129.119365773183,129.616634804097,130.113903835012,130.611172865926,131.10844189684,
131.605710927755,132.102979958669,132.600248989584,133.097518020498,133.594787051412,
134.092056082327,134.589325113241,135.086594144156,135.088484104361),
 .UNSPECIFIED.);
#298=B_SPLINE_CURVE_WITH_KNOTS('',3,(#4551,#4552,#4553,#4554,#4555,#4556,
#4557,#4558,#4559,#4560,#4561,#4562,#4563,#4564,#4565,#4566),
 .UNSPECIFIED.,.F.,.F.,(4,1,1,1,1,1,1,1,1,1,1,1,1,4),(122.522113490002,
123.003295772644,123.500564803558,123.997833834473,124.495102865387,124.992371896301,
125.489640927216,125.98690995813,126.484178989044,126.981448019959,127.478717050873,
127.975986081788,128.473255112702,128.805298797182),.UNSPECIFIED.);
#299=B_SPLINE_CURVE_WITH_KNOTS('',3,(#4567,#4568,#4569,#4570,#4571,#4572,
#4573,#4574,#4575,#4576,#4577,#4578,#4579,#4580,#4581,#4582,#4583),
 .UNSPECIFIED.,.F.,.F.,(4,1,1,1,1,1,1,1,1,1,1,1,1,1,4),(122.522113490002,
122.654868371296,123.15213740221,123.649406433125,124.146675464039,124.643944494953,
125.141213525868,125.638482556782,126.135751587697,126.633020618611,127.130289649525,
127.62755868044,128.124827711354,128.622096742268,128.805298797182),
 .UNSPECIFIED.);
#300=B_SPLINE_CURVE_WITH_KNOTS('',3,(#4588,#4589,#4590,#4591,#4592,#4593,
#4594,#4595,#4596,#4597,#4598,#4599,#4600,#4601,#4602,#4603,#4604),
 .UNSPECIFIED.,.F.,.F.,(4,1,1,1,1,1,1,1,1,1,1,1,1,1,4),(116.238928182823,
116.538798370757,117.036067401671,117.533336432585,118.0306054635,118.527874494414,
119.025143525329,119.522412556243,120.019681587157,120.516950618072,121.014219648986,
121.511488679901,122.008757710815,122.506026741729,122.522113490002),
 .UNSPECIFIED.);
#301=B_SPLINE_CURVE_WITH_KNOTS('',3,(#4605,#4606,#4607,#4608,#4609,#4610,
#4611,#4612,#4613,#4614,#4615,#4616,#4617,#4618,#4619,#4620),
 .UNSPECIFIED.,.F.,.F.,(4,1,1,1,1,1,1,1,1,1,1,1,1,4),(116.238928182823,
116.687640000323,117.184909031237,117.682178062152,118.179447093066,118.676716123981,
119.173985154895,119.671254185809,120.168523216724,120.665792247638,121.163061278553,
121.660330309467,122.157599340381,122.522113490002),.UNSPECIFIED.);
#302=B_SPLINE_CURVE_WITH_KNOTS('',3,(#4625,#4626,#4627,#4628,#4629,#4630,
#4631,#4632,#4633,#4634,#4635,#4636,#4637,#4638,#4639,#4640,#4641),
 .UNSPECIFIED.,.F.,.F.,(4,1,1,1,1,1,1,1,1,1,1,1,1,1,4),(109.955742875643,
110.074300968869,110.571569999784,111.068839030698,111.566108061613,112.063377092527,
112.560646123441,113.057915154356,113.55518418527,114.052453216185,114.549722247099,
115.046991278013,115.544260308928,116.041529339842,116.238928182823),
 .UNSPECIFIED.);
#303=B_SPLINE_CURVE_WITH_KNOTS('',3,(#4642,#4643,#4644,#4645,#4646,#4647,
#4648,#4649,#4650,#4651,#4652,#4653,#4654,#4655,#4656,#4657,#4658),
 .UNSPECIFIED.,.F.,.F.,(4,1,1,1,1,1,1,1,1,1,1,1,1,1,4),(109.955742875643,
110.223142598436,110.72041162935,111.217680660265,111.714949691179,112.212218722093,
112.709487753008,113.206756783922,113.704025814837,114.201294845751,114.698563876665,
115.19583290758,115.693101938494,116.190370969409,116.238928182823),
 .UNSPECIFIED.);
#304=B_SPLINE_CURVE_WITH_KNOTS('',3,(#4663,#4664,#4665,#4666,#4667,#4668,
#4669,#4670,#4671,#4672,#4673,#4674,#4675,#4676,#4677,#4678),
 .UNSPECIFIED.,.F.,.F.,(4,1,1,1,1,1,1,1,1,1,1,1,1,4),(103.672557568463,
104.107072597897,104.604341628811,105.101610659725,105.59887969064,106.096148721554,
106.593417752469,107.090686783383,107.587955814297,108.085224845212,108.582493876126,
109.079762907041,109.577031937955,109.955742875643),.UNSPECIFIED.);
#305=B_SPLINE_CURVE_WITH_KNOTS('',3,(#4679,#4680,#4681,#4682,#4683,#4684,
#4685,#4686,#4687,#4688,#4689,#4690,#4691,#4692,#4693,#4694,#4695),
 .UNSPECIFIED.,.F.,.F.,(4,1,1,1,1,1,1,1,1,1,1,1,1,1,4),(103.672557568463,
103.758645196549,104.255914227463,104.753183258377,105.250452289292,105.747721320206,
106.244990351121,106.742259382035,107.239528412949,107.736797443864,108.234066474778,
108.731335505693,109.228604536607,109.725873567521,109.955742875643),
 .UNSPECIFIED.);
#306=B_SPLINE_CURVE_WITH_KNOTS('',3,(#4700,#4701,#4702,#4703,#4704,#4705,
#4706,#4707,#4708,#4709,#4710,#4711,#4712,#4713,#4714,#4715,#4716),
 .UNSPECIFIED.,.F.,.F.,(4,1,1,1,1,1,1,1,1,1,1,1,1,1,4),(97.3893722612837,
97.6425751960094,98.1398442269238,98.6371132578382,99.1343822887526,99.631651319667,
100.128920350581,100.626189381496,101.12345841241,101.620727443325,102.117996474239,
102.615265505153,103.112534536068,103.609803566982,103.672557568463),
 .UNSPECIFIED.);
#307=B_SPLINE_CURVE_WITH_KNOTS('',3,(#4717,#4718,#4719,#4720,#4721,#4722,
#4723,#4724,#4725,#4726,#4727,#4728,#4729,#4730,#4731,#4732),
 .UNSPECIFIED.,.F.,.F.,(4,1,1,1,1,1,1,1,1,1,1,1,1,4),(97.3893722612837,
97.7914168255758,98.2886858564902,98.7859548874046,99.283223918319,99.7804929492334,
100.277761980148,100.775031011062,101.272300041977,101.769569072891,102.266838103805,
102.76410713472,103.261376165634,103.672557568463),.UNSPECIFIED.);
#308=B_SPLINE_CURVE_WITH_KNOTS('',3,(#4737,#4738,#4739,#4740,#4741,#4742,
#4743,#4744,#4745,#4746,#4747,#4748,#4749,#4750,#4751,#4752,#4753),
 .UNSPECIFIED.,.F.,.F.,(4,1,1,1,1,1,1,1,1,1,1,1,1,1,4),(91.1061869541041,
91.1780777941222,91.6753468250366,92.172615855951,92.6698848868654,93.1671539177798,
93.6644229486942,94.1616919796086,94.658961010523,95.1562300414374,95.6534990723518,
96.1507681032662,96.6480371341806,97.145306165095,97.3893722612837),
 .UNSPECIFIED.);
#309=B_SPLINE_CURVE_WITH_KNOTS('',3,(#4754,#4755,#4756,#4757,#4758,#4759,
#4760,#4761,#4762,#4763,#4764,#4765,#4766,#4767,#4768,#4769,#4770),
 .UNSPECIFIED.,.F.,.F.,(4,1,1,1,1,1,1,1,1,1,1,1,1,1,4),(91.1061869541041,
91.3269194236886,91.824188454603,92.3214574855174,92.8187265164318,93.3159955473462,
93.8132645782606,94.310533609175,94.8078026400894,95.3050716710038,95.8023407019182,
96.2996097328326,96.796878763747,97.2941477946614,97.3893722612837),
 .UNSPECIFIED.);
#310=B_SPLINE_CURVE_WITH_KNOTS('',3,(#4775,#4776,#4777,#4778,#4779,#4780,
#4781,#4782,#4783,#4784,#4785,#4786,#4787,#4788,#4789,#4790),
 .UNSPECIFIED.,.F.,.F.,(4,1,1,1,1,1,1,1,1,1,1,1,1,4),(84.8230016469245,
85.2108494231494,85.7081184540638,86.2053874849782,86.7026565158926,87.199925546807,
87.6971945777214,88.1944636086358,88.6917326395502,89.1890016704646,89.686270701379,
90.1835397322934,90.6808087632078,91.1061869541041),.UNSPECIFIED.);
#311=B_SPLINE_CURVE_WITH_KNOTS('',3,(#4791,#4792,#4793,#4794,#4795,#4796,
#4797,#4798,#4799,#4800,#4801,#4802,#4803,#4804,#4805,#4806,#4807),
 .UNSPECIFIED.,.F.,.F.,(4,1,1,1,1,1,1,1,1,1,1,1,1,1,4),(84.8230016469245,
84.8624220218014,85.3596910527158,85.8569600836302,86.3542291145446,86.851498145459,
87.3487671763734,87.8460362072878,88.3433052382022,88.8405742691166,89.337843300031,
89.8351123309454,90.3323813618598,90.8296503927742,91.1061869541041),
 .UNSPECIFIED.);
#312=B_SPLINE_CURVE_WITH_KNOTS('',3,(#4812,#4813,#4814,#4815,#4816,#4817,
#4818,#4819,#4820,#4821,#4822,#4823,#4824,#4825,#4826,#4827,#4828),
 .UNSPECIFIED.,.F.,.F.,(4,1,1,1,1,1,1,1,1,1,1,1,1,1,4),(78.539816339745,
78.7463520212622,79.2436210521766,79.740890083091,80.2381591140054,80.7354281449198,
81.2326971758342,81.7299662067486,82.227235237663,82.7245042685774,83.2217732994918,
83.7190423304062,84.2163113613206,84.713580392235,84.8230016469245),
 .UNSPECIFIED.);
#313=B_SPLINE_CURVE_WITH_KNOTS('',3,(#4829,#4830,#4831,#4832,#4833,#4834,
#4835,#4836,#4837,#4838,#4839,#4840,#4841,#4842,#4843,#4844),
 .UNSPECIFIED.,.F.,.F.,(4,1,1,1,1,1,1,1,1,1,1,1,1,4),(78.539816339745,78.8951936508286,
79.392462681743,79.8897317126574,80.3870007435718,80.8842697744862,81.3815388054006,
81.878807836315,82.3760768672294,82.8733458981438,83.3706149290582,83.8678839599726,
84.365152990887,84.8230016469245),.UNSPECIFIED.);
#314=B_SPLINE_CURVE_WITH_KNOTS('',3,(#4849,#4850,#4851,#4852,#4853,#4854,
#4855,#4856,#4857,#4858,#4859,#4860,#4861,#4862,#4863,#4864,#4865),
 .UNSPECIFIED.,.F.,.F.,(4,1,1,1,1,1,1,1,1,1,1,1,1,1,4),(72.2566310325654,
72.281854619375,72.7791236502894,73.2763926812038,73.7736617121182,74.2709307430326,
74.768199773947,75.2654688048614,75.7627378357758,76.2600068666902,76.7572758976046,
77.254544928519,77.7518139594334,78.2490829903478,78.539816339745),
 .UNSPECIFIED.);
#315=B_SPLINE_CURVE_WITH_KNOTS('',3,(#4866,#4867,#4868,#4869,#4870,#4871,
#4872,#4873,#4874,#4875,#4876,#4877,#4878,#4879,#4880,#4881,#4882),
 .UNSPECIFIED.,.F.,.F.,(4,1,1,1,1,1,1,1,1,1,1,1,1,1,4),(72.2566310325654,
72.4306962489414,72.9279652798558,73.4252343107702,73.9225033416846,74.419772372599,
74.9170414035134,75.4143104344278,75.9115794653422,76.4088484962566,76.906117527171,
77.4033865580854,77.9006555889998,78.3979246199142,78.539816339745),
 .UNSPECIFIED.);
#316=B_SPLINE_CURVE_WITH_KNOTS('',3,(#4887,#4888,#4889,#4890,#4891,#4892,
#4893,#4894,#4895,#4896,#4897,#4898,#4899,#4900,#4901,#4902),
 .UNSPECIFIED.,.F.,.F.,(4,1,1,1,1,1,1,1,1,1,1,1,1,4),(65.9734457253858,
66.3146262484022,66.8118952793166,67.3091643102311,67.8064333411454,68.3037023720598,
68.8009714029743,69.2982404338887,69.795509464803,70.2927784957174,70.7900475266318,
71.2873165575462,71.7845855884606,72.2566310325654),.UNSPECIFIED.);
#317=B_SPLINE_CURVE_WITH_KNOTS('',3,(#4903,#4904,#4905,#4906,#4907,#4908,
#4909,#4910,#4911,#4912,#4913,#4914,#4915,#4916,#4917,#4918),
 .UNSPECIFIED.,.F.,.F.,(4,1,1,1,1,1,1,1,1,1,1,1,1,4),(65.9734457253858,
66.4634678779687,66.9607369088831,67.4580059397975,67.9552749707119,68.4525440016263,
68.9498130325406,69.447082063455,69.9443510943695,70.4416201252838,70.9388891561982,
71.4361581871127,71.933427218027,72.2566310325654),.UNSPECIFIED.);
#318=B_SPLINE_CURVE_WITH_KNOTS('',3,(#4923,#4924,#4925,#4926,#4927,#4928,
#4929,#4930,#4931,#4932,#4933,#4934,#4935,#4936,#4937,#4938,#4939),
 .UNSPECIFIED.,.F.,.F.,(4,1,1,1,1,1,1,1,1,1,1,1,1,1,4),(59.6902604182062,
59.8501288465151,60.3473978774295,60.8446669083439,61.3419359392583,61.8392049701727,
62.3364740010871,62.8337430320015,63.3310120629159,63.8282810938303,64.3255501247447,
64.8228191556591,65.3200881865735,65.8173572174879,65.9734457253858),
 .UNSPECIFIED.);
#319=B_SPLINE_CURVE_WITH_KNOTS('',3,(#4940,#4941,#4942,#4943,#4944,#4945,
#4946,#4947,#4948,#4949,#4950,#4951,#4952,#4953,#4954,#4955,#4956),
 .UNSPECIFIED.,.F.,.F.,(4,1,1,1,1,1,1,1,1,1,1,1,1,1,4),(59.6902604182062,
59.9989704760815,60.4962395069959,60.9935085379103,61.4907775688247,61.9880465997391,
62.4853156306535,62.9825846615679,63.4798536924823,63.9771227233967,64.4743917543111,
64.9716607852255,65.4689298161399,65.9661988470543,65.9734457253858),
 .UNSPECIFIED.);
#320=B_SPLINE_CURVE_WITH_KNOTS('',3,(#4961,#4962,#4963,#4964,#4965,#4966,
#4967,#4968,#4969,#4970,#4971,#4972,#4973,#4974,#4975,#4976),
 .UNSPECIFIED.,.F.,.F.,(4,1,1,1,1,1,1,1,1,1,1,1,1,4),(53.4070751110266,
53.8829004755423,54.3801695064567,54.8774385373711,55.3747075682855,55.8719765991999,
56.3692456301143,56.8665146610287,57.3637836919431,57.8610527228575,58.3583217537719,
58.8555907846863,59.3528598156007,59.6902604182062),.UNSPECIFIED.);
#321=B_SPLINE_CURVE_WITH_KNOTS('',3,(#4977,#4978,#4979,#4980,#4981,#4982,
#4983,#4984,#4985,#4986,#4987,#4988,#4989,#4990,#4991,#4992,#4993),
 .UNSPECIFIED.,.F.,.F.,(4,1,1,1,1,1,1,1,1,1,1,1,1,1,4),(53.4070751110266,
53.5344730741943,54.0317421051087,54.5290111360231,55.0262801669375,55.5235491978519,
56.0208182287663,56.5180872596807,57.0153562905951,57.5126253215095,58.0098943524239,
58.5071633833383,59.0044324142527,59.5017014451671,59.6902604182062),
 .UNSPECIFIED.);
#322=B_SPLINE_CURVE_WITH_KNOTS('',3,(#4998,#4999,#5000,#5001,#5002,#5003,
#5004,#5005,#5006,#5007,#5008,#5009,#5010,#5011,#5012,#5013,#5014),
 .UNSPECIFIED.,.F.,.F.,(4,1,1,1,1,1,1,1,1,1,1,1,1,1,4),(47.123889803847,
47.4184030736551,47.9156721045695,48.4129411354839,48.9102101663983,49.4074791973127,
49.9047482282271,50.4020172591415,50.8992862900559,51.3965553209703,51.8938243518847,
52.3910933827991,52.8883624137135,53.3856314446279,53.4070751110266),
 .UNSPECIFIED.);
#323=B_SPLINE_CURVE_WITH_KNOTS('',3,(#5015,#5016,#5017,#5018,#5019,#5020,
#5021,#5022,#5023,#5024,#5025,#5026,#5027,#5028,#5029,#5030),
 .UNSPECIFIED.,.F.,.F.,(4,1,1,1,1,1,1,1,1,1,1,1,1,4),(47.123889803847,47.5672447032215,
48.0645137341359,48.5617827650503,49.0590517959647,49.5563208268791,50.0535898577935,
50.5508588887079,51.0481279196223,51.5453969505367,52.0426659814511,52.5399350123655,
53.0372040432799,53.4070751110266),.UNSPECIFIED.);
#324=B_SPLINE_CURVE_WITH_KNOTS('',3,(#5035,#5036,#5037,#5038,#5039,#5040,
#5041,#5042,#5043,#5044,#5045,#5046,#5047,#5048,#5049,#5050,#5051),
 .UNSPECIFIED.,.F.,.F.,(4,1,1,1,1,1,1,1,1,1,1,1,1,1,4),(40.8407044966674,
40.9539056717679,41.4511747026823,41.9484437335967,42.4457127645111,42.9429817954255,
43.4402508263399,43.9375198572543,44.4347888881687,44.9320579190831,45.4293269499975,
45.9265959809119,46.4238650118263,46.9211340427407,47.123889803847),
 .UNSPECIFIED.);
#325=B_SPLINE_CURVE_WITH_KNOTS('',3,(#5052,#5053,#5054,#5055,#5056,#5057,
#5058,#5059,#5060,#5061,#5062,#5063,#5064,#5065,#5066,#5067,#5068),
 .UNSPECIFIED.,.F.,.F.,(4,1,1,1,1,1,1,1,1,1,1,1,1,1,4),(40.8407044966674,
41.1027473013343,41.6000163322487,42.0972853631631,42.5945543940775,43.0918234249919,
43.5890924559063,44.0863614868207,44.5836305177351,45.0808995486495,45.5781685795639,
46.0754376104783,46.5727066413927,47.0699756723071,47.123889803847),
 .UNSPECIFIED.);
#326=B_SPLINE_CURVE_WITH_KNOTS('',3,(#5073,#5074,#5075,#5076,#5077,#5078,
#5079,#5080,#5081,#5082,#5083,#5084,#5085,#5086,#5087,#5088),
 .UNSPECIFIED.,.F.,.F.,(4,1,1,1,1,1,1,1,1,1,1,1,1,4),(34.5575191894878,
34.9866773007951,35.4839463317095,35.9812153626239,36.4784843935383,36.9757534244527,
37.4730224553671,37.9702914862815,38.4675605171959,38.9648295481103,39.4620985790247,
39.9593676099391,40.4566366408535,40.8407044966674),.UNSPECIFIED.);
#327=B_SPLINE_CURVE_WITH_KNOTS('',3,(#5089,#5090,#5091,#5092,#5093,#5094,
#5095,#5096,#5097,#5098,#5099,#5100,#5101,#5102,#5103,#5104,#5105),
 .UNSPECIFIED.,.F.,.F.,(4,1,1,1,1,1,1,1,1,1,1,1,1,1,4),(34.5575191894878,
34.6382498994471,35.1355189303615,35.6327879612759,36.1300569921903,36.6273260231047,
37.1245950540191,37.6218640849335,38.1191331158479,38.6164021467623,39.1136711776767,
39.6109402085911,40.1082092395055,40.6054782704199,40.8407044966674),
 .UNSPECIFIED.);
#328=B_SPLINE_CURVE_WITH_KNOTS('',3,(#5110,#5111,#5112,#5113,#5114,#5115,
#5116,#5117,#5118,#5119,#5120,#5121,#5122,#5123,#5124,#5125,#5126),
 .UNSPECIFIED.,.F.,.F.,(4,1,1,1,1,1,1,1,1,1,1,1,1,1,4),(28.2743338823082,
28.522179898908,29.0194489298224,29.5167179607367,30.0139869916511,30.5112560225655,
31.0085250534799,31.5057940843943,32.0030631153087,32.5003321462231,32.9976011771375,
33.4948702080519,33.9921392389663,34.4894082698807,34.5575191894878),
 .UNSPECIFIED.);
#329=B_SPLINE_CURVE_WITH_KNOTS('',3,(#5127,#5128,#5129,#5130,#5131,#5132,
#5133,#5134,#5135,#5136,#5137,#5138,#5139,#5140,#5141,#5142),
 .UNSPECIFIED.,.F.,.F.,(4,1,1,1,1,1,1,1,1,1,1,1,1,4),(28.2743338823082,
28.6710215284744,29.1682905593888,29.6655595903032,30.1628286212176,30.660097652132,
31.1573666830464,31.6546357139608,32.1519047448751,32.6491737757895,33.1464428067039,
33.6437118376183,34.1409808685327,34.5575191894878),.UNSPECIFIED.);
#330=B_SPLINE_CURVE_WITH_KNOTS('',3,(#5147,#5148,#5149,#5150,#5151,#5152,
#5153,#5154,#5155,#5156,#5157,#5158,#5159,#5160,#5161,#5162,#5163),
 .UNSPECIFIED.,.F.,.F.,(4,1,1,1,1,1,1,1,1,1,1,1,1,1,4),(21.9911485751286,
22.0576824970208,22.5549515279352,23.0522205588496,23.549489589764,24.0467586206784,
24.5440276515928,25.0412966825072,25.5385657134216,26.035834744336,26.5331037752504,
27.0303728061648,27.5276418370792,28.0249108679936,28.2743338823082),
 .UNSPECIFIED.);
#331=B_SPLINE_CURVE_WITH_KNOTS('',3,(#5164,#5165,#5166,#5167,#5168,#5169,
#5170,#5171,#5172,#5173,#5174,#5175,#5176,#5177,#5178,#5179,#5180),
 .UNSPECIFIED.,.F.,.F.,(4,1,1,1,1,1,1,1,1,1,1,1,1,1,4),(21.9911485751286,
22.2065241265872,22.7037931575016,23.201062188416,23.6983312193304,24.1956002502448,
24.6928692811592,25.1901383120736,25.687407342988,26.1846763739024,26.6819454048168,
27.1792144357312,27.6764834666456,28.17375249756,28.2743338823082),
 .UNSPECIFIED.);
#332=B_SPLINE_CURVE_WITH_KNOTS('',3,(#5185,#5186,#5187,#5188,#5189,#5190,
#5191,#5192,#5193,#5194,#5195,#5196,#5197,#5198,#5199,#5200),
 .UNSPECIFIED.,.F.,.F.,(4,1,1,1,1,1,1,1,1,1,1,1,1,4),(15.707963267949,16.090454126048,
16.5877231569624,17.0849921878768,17.5822612187912,18.0795302497056,18.57679928062,
19.0740683115344,19.5713373424488,20.0686063733632,20.5658754042776,21.063144435192,
21.5604134661064,21.9911485751286),.UNSPECIFIED.);
#333=B_SPLINE_CURVE_WITH_KNOTS('',3,(#5201,#5202,#5203,#5204,#5205,#5206,
#5207,#5208,#5209,#5210,#5211,#5212,#5213,#5214,#5215,#5216,#5217),
 .UNSPECIFIED.,.F.,.F.,(4,1,1,1,1,1,1,1,1,1,1,1,1,1,4),(15.707963267949,
15.7420267247,16.2392957556144,16.7365647865288,17.2338338174432,17.7311028483576,
18.228371879272,18.7256409101864,19.2229099411008,19.7201789720152,20.2174480029296,
20.714717033844,21.2119860647584,21.7092550956728,21.9911485751286),
 .UNSPECIFIED.);
#334=B_SPLINE_CURVE_WITH_KNOTS('',3,(#5226,#5227,#5228,#5229,#5230,#5231,
#5232,#5233,#5234,#5235,#5236,#5237,#5238,#5239,#5240,#5241,#5242,#5243,
#5244,#5245,#5246,#5247,#5248,#5249,#5250,#5251,#5252,#5253,#5254,#5255,
#5256,#5257,#5258,#5259,#5260,#5261,#5262,#5263,#5264,#5265,#5266,#5267,
#5268,#5269,#5270,#5271,#5272,#5273,#5274,#5275,#5276,#5277,#5278,#5279,
#5280,#5281,#5282,#5283,#5284,#5285,#5286,#5287,#5288,#5289,#5290,#5291,
#5292,#5293,#5294,#5295,#5296,#5297,#5298,#5299,#5300,#5301,#5302,#5303,
#5304,#5305,#5306,#5307,#5308,#5309,#5310,#5311,#5312,#5313,#5314,#5315,
#5316,#5317,#5318,#5319,#5320,#5321,#5322,#5323,#5324,#5325,#5326,#5327,
#5328,#5329,#5330,#5331,#5332,#5333,#5334,#5335,#5336,#5337,#5338,#5339,
#5340,#5341,#5342,#5343,#5344,#5345,#5346,#5347,#5348,#5349,#5350,#5351,
#5352,#5353,#5354,#5355,#5356,#5357,#5358,#5359,#5360,#5361,#5362,#5363,
#5364,#5365,#5366,#5367,#5368,#5369,#5370,#5371,#5372,#5373),
 .UNSPECIFIED.,.F.,.F.,(4,3,3,3,3,3,3,3,3,3,3,3,3,3,3,3,3,3,3,3,3,3,3,3,
3,3,3,3,3,3,3,3,3,3,3,3,3,3,3,3,3,3,3,3,3,3,3,3,3,4),(0.,0.17074794457481,
0.312057547726375,0.481250074337439,0.652095510017226,0.823028113043588,
0.993298481931911,1.09431390095359,1.13850814677558,1.1591142752494,1.17734179696772,
1.34744521374907,1.51789902333919,1.68780613668565,1.80142183410536,1.97161774371501,
2.14184585259001,2.28460730899126,2.31825370926994,2.33302620634812,2.50157931849662,
2.6712511591217,2.84126016020814,3.0107158579013,3.17837842833751,3.28393750379995,
3.45371204081141,3.49013483502621,3.50393242044959,3.67135686273901,3.84018631651847,
4.00976230953121,4.17934256155529,4.34756807890175,4.5143932529612,4.63662637654259,
4.65631705562509,4.75885950012396,4.92588859424805,5.09462896536022,5.26351873857695,
5.38374731214171,5.41709718035097,5.43496259485191,5.45253863875149,5.62080354312243,
5.78931299163214,5.95722799281405,6.12331634285481,6.22534732709501),
 .UNSPECIFIED.);
#335=B_SPLINE_CURVE_WITH_KNOTS('',3,(#5375,#5376,#5377,#5378,#5379,#5380,
#5381,#5382,#5383,#5384,#5385,#5386,#5387,#5388,#5389,#5390,#5391,#5392,
#5393,#5394,#5395,#5396,#5397,#5398,#5399,#5400,#5401,#5402,#5403,#5404,
#5405,#5406,#5407,#5408,#5409,#5410,#5411,#5412,#5413,#5414,#5415,#5416,
#5417,#5418,#5419,#5420,#5421,#5422,#5423,#5424,#5425,#5426,#5427,#5428,
#5429,#5430,#5431,#5432,#5433,#5434,#5435,#5436,#5437,#5438,#5439,#5440,
#5441,#5442,#5443,#5444,#5445,#5446,#5447,#5448,#5449,#5450,#5451,#5452,
#5453,#5454,#5455,#5456,#5457,#5458,#5459,#5460,#5461,#5462,#5463,#5464,
#5465,#5466,#5467,#5468,#5469,#5470,#5471,#5472,#5473,#5474,#5475,#5476,
#5477,#5478,#5479,#5480,#5481,#5482,#5483,#5484,#5485,#5486,#5487,#5488,
#5489,#5490,#5491,#5492,#5493,#5494,#5495,#5496,#5497,#5498,#5499,#5500,
#5501,#5502,#5503,#5504,#5505,#5506,#5507,#5508,#5509,#5510,#5511,#5512,
#5513,#5514,#5515,#5516,#5517,#5518,#5519,#5520,#5521,#5522),
 .UNSPECIFIED.,.F.,.F.,(4,3,3,3,3,3,3,3,3,3,3,3,3,3,3,3,3,3,3,3,3,3,3,3,
3,3,3,3,3,3,3,3,3,3,3,3,3,3,3,3,3,3,3,3,3,3,3,3,3,4),(0.,0.168693596390136,
0.306331139938712,0.473084744153232,0.641729634048455,0.81065424472678,
0.979112345743921,1.07877301193852,1.12237455339865,1.14421996932049,1.15842728172748,
1.32721140853974,1.49651491846028,1.66553150396016,1.77639767530067,1.94523191926372,
2.11441184412831,2.25673679646931,2.29064962165008,2.30449323707103,2.47243198141272,
2.64165223137906,2.81150431072669,2.9809636054019,3.14882602055583,3.25301146285629,
3.42257128183016,3.45962361230478,3.47329399364945,3.64091939882071,3.81009392911867,
3.98020104263302,4.15051755789731,4.31975269801027,4.48770165862525,4.61155586023746,
4.63178103888984,4.73541006184967,4.90339939634335,5.07336471643468,5.2436805794483,
5.36607221217064,5.39651625037916,5.42024156040338,5.43729229965571,5.60738945497997,
5.77803680479709,5.94825013703575,6.11681452354857,6.22281364122705),
 .UNSPECIFIED.);
#336=B_SPLINE_CURVE_WITH_KNOTS('',3,(#5540,#5541,#5542,#5543,#5544,#5545,
#5546,#5547,#5548,#5549,#5550,#5551,#5552,#5553,#5554,#5555,#5556,#5557,
#5558,#5559,#5560,#5561,#5562,#5563,#5564,#5565,#5566,#5567,#5568,#5569,
#5570,#5571,#5572,#5573,#5574,#5575,#5576,#5577,#5578,#5579,#5580,#5581,
#5582,#5583,#5584,#5585,#5586,#5587,#5588,#5589,#5590,#5591,#5592,#5593,
#5594,#5595,#5596,#5597,#5598,#5599,#5600,#5601,#5602,#5603,#5604,#5605,
#5606,#5607,#5608,#5609,#5610,#5611,#5612,#5613,#5614,#5615,#5616,#5617,
#5618,#5619,#5620,#5621,#5622,#5623,#5624,#5625,#5626,#5627,#5628,#5629,
#5630,#5631,#5632,#5633,#5634,#5635,#5636,#5637,#5638,#5639,#5640,#5641,
#5642,#5643,#5644,#5645,#5646,#5647,#5648,#5649,#5650,#5651,#5652,#5653,
#5654,#5655,#5656,#5657,#5658,#5659,#5660,#5661,#5662,#5663,#5664,#5665,
#5666,#5667,#5668,#5669,#5670,#5671,#5672,#5673,#5674,#5675,#5676,#5677,
#5678,#5679,#5680,#5681,#5682,#5683,#5684,#5685,#5686,#5687),
 .UNSPECIFIED.,.F.,.F.,(4,3,3,3,3,3,3,3,3,3,3,3,3,3,3,3,3,3,3,3,3,3,3,3,
3,3,3,3,3,3,3,3,3,3,3,3,3,3,3,3,3,3,3,3,3,3,3,3,3,4),(0.,0.168693596588458,
0.306331139938764,0.473084746623701,0.641729637050214,0.810654247473819,
0.979112347930483,1.07877301385175,1.12237455519231,1.14421997279646,1.15842728315206,
1.32721141063675,1.49651492045029,1.66553150543026,1.77639767530063,1.94523191937419,
2.11441184330998,2.25673679575326,2.29064962037843,2.30449323719611,2.47243198119265,
2.64165223112098,2.81150430962221,2.98096360204244,3.14882601200285,3.25301146285625,
3.42257128238735,3.45962361162082,3.47329399362312,3.64091939399269,3.81009392036986,
3.98020103206253,4.15051754883067,4.31975269658269,4.48770166848603,4.61155586516779,
4.63178103895862,4.73541006184954,4.90339940736392,5.07336473274311,5.24368059628317,
5.36607222690114,5.39651637234666,5.42024081637299,5.43729216300081,5.60738932299182,
5.77803667126372,5.94824999776683,6.11681437231738,6.22281364122694),
 .UNSPECIFIED.);
#337=B_SPLINE_CURVE_WITH_KNOTS('',3,(#5689,#5690,#5691,#5692,#5693,#5694,
#5695,#5696,#5697,#5698,#5699,#5700,#5701,#5702,#5703,#5704,#5705,#5706,
#5707,#5708,#5709,#5710,#5711,#5712,#5713,#5714,#5715,#5716,#5717,#5718,
#5719,#5720,#5721,#5722,#5723,#5724,#5725,#5726,#5727,#5728,#5729,#5730,
#5731,#5732,#5733,#5734,#5735,#5736,#5737,#5738,#5739,#5740,#5741,#5742,
#5743,#5744,#5745,#5746,#5747,#5748,#5749,#5750,#5751,#5752,#5753,#5754,
#5755,#5756,#5757,#5758,#5759,#5760,#5761,#5762,#5763,#5764,#5765,#5766,
#5767,#5768,#5769,#5770,#5771,#5772,#5773,#5774,#5775,#5776,#5777,#5778,
#5779,#5780,#5781,#5782,#5783,#5784,#5785,#5786,#5787,#5788,#5789,#5790,
#5791,#5792,#5793,#5794,#5795,#5796,#5797,#5798,#5799,#5800,#5801,#5802,
#5803,#5804,#5805,#5806,#5807,#5808,#5809,#5810,#5811,#5812,#5813,#5814,
#5815,#5816,#5817,#5818,#5819,#5820,#5821,#5822,#5823,#5824,#5825,#5826,
#5827,#5828,#5829,#5830,#5831,#5832,#5833,#5834,#5835,#5836),
 .UNSPECIFIED.,.F.,.F.,(4,3,3,3,3,3,3,3,3,3,3,3,3,3,3,3,3,3,3,3,3,3,3,3,
3,3,3,3,3,3,3,3,3,3,3,3,3,3,3,3,3,3,3,3,3,3,3,3,3,4),(0.,0.170747944119632,
0.312057547726417,0.48125007223078,0.652095507666021,0.823028110987589,
0.993298480260749,1.09431389949133,1.13850814540471,1.15911427303585,1.17734179994496,
1.34744521646087,1.51789902629359,1.6878061399557,1.80142183410542,1.97161774363028,
2.14184585398757,2.28460731021412,2.31825371128734,2.33302620788335,2.50157932004445,
2.67125116058825,2.84126016308151,3.01071586383615,3.17837844055237,3.28393750379996,
3.45371203898823,3.49013483713401,3.50393242075418,3.67135686802292,3.84018632538382,
4.00976231938691,4.179342568871,4.3475680770945,4.51439323840198,4.63662636926298,
4.65631705619761,4.75885950012398,4.92588858406292,5.09462895124292,5.26351872552675,
5.38374730072276,5.41709696751678,5.43496217672054,5.45253858738643,5.6208034873754,
5.78931293931446,5.95722794846211,6.12331631258333,6.22534732709489),
 .UNSPECIFIED.);
#338=B_SPLINE_CURVE_WITH_KNOTS('',3,(#7282,#7283,#7284,#7285,#7286,#7287,
#7288,#7289,#7290,#7291,#7292,#7293,#7294,#7295,#7296,#7297,#7298,#7299,
#7300,#7301,#7302,#7303,#7304,#7305,#7306,#7307,#7308,#7309,#7310,#7311,
#7312,#7313,#7314,#7315),.UNSPECIFIED.,.F.,.F.,(4,3,3,3,3,3,3,3,3,3,3,4),
(170.787789993634,171.060546634553,171.557815665468,172.055084696382,172.552353727296,
173.049622758211,173.546891789125,174.04416082004,174.541429850954,175.038698881868,
175.535967912783,175.929188601028),.UNSPECIFIED.);
#339=B_SPLINE_CURVE_WITH_KNOTS('',3,(#7316,#7317,#7318,#7319,#7320,#7321,
#7322,#7323,#7324,#7325,#7326,#7327,#7328,#7329),.UNSPECIFIED.,.F.,.F.,
(4,1,1,1,1,1,1,1,1,1,1,4),(10.3761157273103,10.769336415556,11.2666054464704,
11.7638744773848,12.2611435082992,12.7584125392136,13.255681570128,13.7529506010424,
14.2502196319568,14.7474886628712,15.2447576937856,15.707963267949),
 .UNSPECIFIED.);
#340=B_SPLINE_CURVE_WITH_KNOTS('',3,(#7331,#7332,#7333,#7334,#7335,#7336,
#7337,#7338,#7339,#7340,#7341,#7342),.UNSPECIFIED.,.F.,.F.,(4,1,1,1,1,1,
1,1,1,4),(11.6150328478184,12.1123018787328,12.6095709096472,13.1068399405616,
13.604108971476,14.1013780023904,14.5986470333048,15.0959160642192,15.5931850951336,
15.707963267949),.UNSPECIFIED.);
#341=B_SPLINE_CURVE_WITH_KNOTS('',3,(#8787,#8788,#8789,#8790,#8791,#8792,
#8793,#8794,#8795,#8796,#8797,#8798,#8799,#8800,#8801,#8802,#8803,#8804,
#8805,#8806,#8807,#8808,#8809,#8810,#8811,#8812,#8813,#8814),
 .UNSPECIFIED.,.F.,.F.,(4,3,3,3,3,3,3,3,3,4),(-178.022313067355,-177.52504403644,
-177.027775005526,-176.530505974612,-176.033236943697,-175.535967912783,
-175.038698881868,-174.541429850954,-174.04416082004,-173.738933713979),
 .UNSPECIFIED.);
#342=LINE('',#1791,#416);
#343=LINE('',#1824,#417);
#344=LINE('',#1908,#418);
#345=LINE('',#1998,#419);
#346=LINE('',#2088,#420);
#347=LINE('',#2172,#421);
#348=LINE('',#2262,#422);
#349=LINE('',#2352,#423);
#350=LINE('',#2436,#424);
#351=LINE('',#2526,#425);
#352=LINE('',#2613,#426);
#353=LINE('',#2700,#427);
#354=LINE('',#2790,#428);
#355=LINE('',#2874,#429);
#356=LINE('',#2964,#430);
#357=LINE('',#3054,#431);
#358=LINE('',#3138,#432);
#359=LINE('',#3228,#433);
#360=LINE('',#3318,#434);
#361=LINE('',#3402,#435);
#362=LINE('',#3492,#436);
#363=LINE('',#3579,#437);
#364=LINE('',#3666,#438);
#365=LINE('',#3756,#439);
#366=LINE('',#3840,#440);
#367=LINE('',#3930,#441);
#368=LINE('',#4020,#442);
#369=LINE('',#4104,#443);
#370=LINE('',#4194,#444);
#371=LINE('',#4214,#445);
#372=LINE('',#4252,#446);
#373=LINE('',#4289,#447);
#374=LINE('',#4326,#448);
#375=LINE('',#4364,#449);
#376=LINE('',#4401,#450);
#377=LINE('',#4438,#451);
#378=LINE('',#4476,#452);
#379=LINE('',#4512,#453);
#380=LINE('',#4550,#454);
#381=LINE('',#4587,#455);
#382=LINE('',#4624,#456);
#383=LINE('',#4662,#457);
#384=LINE('',#4699,#458);
#385=LINE('',#4736,#459);
#386=LINE('',#4774,#460);
#387=LINE('',#4811,#461);
#388=LINE('',#4848,#462);
#389=LINE('',#4886,#463);
#390=LINE('',#4922,#464);
#391=LINE('',#4960,#465);
#392=LINE('',#4997,#466);
#393=LINE('',#5034,#467);
#394=LINE('',#5072,#468);
#395=LINE('',#5109,#469);
#396=LINE('',#5146,#470);
#397=LINE('',#5184,#471);
#398=LINE('',#5222,#472);
#399=LINE('',#5526,#473);
#400=LINE('',#5532,#474);
#401=LINE('',#5537,#475);
#402=LINE('',#8820,#476);
#403=LINE('',#8826,#477);
#404=LINE('',#8832,#478);
#405=LINE('',#8837,#479);
#406=LINE('',#8839,#480);
#407=LINE('',#8841,#481);
#408=LINE('',#8842,#482);
#409=LINE('',#8848,#483);
#410=LINE('',#8851,#484);
#411=LINE('',#8853,#485);
#412=LINE('',#8854,#486);
#413=LINE('',#8856,#487);
#414=LINE('',#8857,#488);
#415=LINE('',#8862,#489);
#416=VECTOR('',#1527,30.);
#417=VECTOR('',#1532,30.);
#418=VECTOR('',#1535,30.);
#419=VECTOR('',#1538,30.);
#420=VECTOR('',#1541,30.);
#421=VECTOR('',#1544,30.);
#422=VECTOR('',#1547,30.);
#423=VECTOR('',#1550,30.);
#424=VECTOR('',#1553,30.);
#425=VECTOR('',#1556,30.);
#426=VECTOR('',#1559,30.);
#427=VECTOR('',#1562,30.);
#428=VECTOR('',#1565,30.);
#429=VECTOR('',#1568,30.);
#430=VECTOR('',#1571,30.);
#431=VECTOR('',#1574,30.);
#432=VECTOR('',#1577,30.);
#433=VECTOR('',#1580,30.);
#434=VECTOR('',#1583,30.);
#435=VECTOR('',#1586,30.);
#436=VECTOR('',#1589,30.);
#437=VECTOR('',#1592,30.);
#438=VECTOR('',#1595,30.);
#439=VECTOR('',#1598,30.);
#440=VECTOR('',#1601,30.);
#441=VECTOR('',#1604,30.);
#442=VECTOR('',#1607,30.);
#443=VECTOR('',#1610,30.);
#444=VECTOR('',#1613,29.365);
#445=VECTOR('',#1618,29.365);
#446=VECTOR('',#1621,29.365);
#447=VECTOR('',#1624,29.365);
#448=VECTOR('',#1627,29.365);
#449=VECTOR('',#1630,29.365);
#450=VECTOR('',#1633,29.365);
#451=VECTOR('',#1636,29.365);
#452=VECTOR('',#1639,29.365);
#453=VECTOR('',#1642,29.365);
#454=VECTOR('',#1645,29.365);
#455=VECTOR('',#1648,29.365);
#456=VECTOR('',#1651,29.365);
#457=VECTOR('',#1654,29.365);
#458=VECTOR('',#1657,29.365);
#459=VECTOR('',#1660,29.365);
#460=VECTOR('',#1663,29.365);
#461=VECTOR('',#1666,29.365);
#462=VECTOR('',#1669,29.365);
#463=VECTOR('',#1672,29.365);
#464=VECTOR('',#1675,29.365);
#465=VECTOR('',#1678,29.365);
#466=VECTOR('',#1681,29.365);
#467=VECTOR('',#1684,29.365);
#468=VECTOR('',#1687,29.365);
#469=VECTOR('',#1690,29.365);
#470=VECTOR('',#1693,29.365);
#471=VECTOR('',#1696,29.365);
#472=VECTOR('',#1701,25.5);
#473=VECTOR('',#1710,25.);
#474=VECTOR('',#1717,25.5);
#475=VECTOR('',#1724,25.);
#476=VECTOR('',#1737,1.1);
#477=VECTOR('',#1744,1.1);
#478=VECTOR('',#1751,1.1);
#479=VECTOR('',#1756,10.);
#480=VECTOR('',#1757,10.);
#481=VECTOR('',#1758,10.);
#482=VECTOR('',#1759,10.);
#483=VECTOR('',#1766,10.);
#484=VECTOR('',#1769,10.);
#485=VECTOR('',#1770,10.);
#486=VECTOR('',#1771,10.);
#487=VECTOR('',#1774,10.);
#488=VECTOR('',#1775,10.);
#489=VECTOR('',#1780,1.1);
#490=VERTEX_POINT('',#1789);
#491=VERTEX_POINT('',#1790);
#492=VERTEX_POINT('',#1792);
#493=VERTEX_POINT('',#1809);
#494=VERTEX_POINT('',#1822);
#495=VERTEX_POINT('',#1823);
#496=VERTEX_POINT('',#1906);
#497=VERTEX_POINT('',#1907);
#498=VERTEX_POINT('',#1996);
#499=VERTEX_POINT('',#1997);
#500=VERTEX_POINT('',#2086);
#501=VERTEX_POINT('',#2087);
#502=VERTEX_POINT('',#2170);
#503=VERTEX_POINT('',#2171);
#504=VERTEX_POINT('',#2260);
#505=VERTEX_POINT('',#2261);
#506=VERTEX_POINT('',#2350);
#507=VERTEX_POINT('',#2351);
#508=VERTEX_POINT('',#2434);
#509=VERTEX_POINT('',#2435);
#510=VERTEX_POINT('',#2524);
#511=VERTEX_POINT('',#2525);
#512=VERTEX_POINT('',#2611);
#513=VERTEX_POINT('',#2612);
#514=VERTEX_POINT('',#2698);
#515=VERTEX_POINT('',#2699);
#516=VERTEX_POINT('',#2788);
#517=VERTEX_POINT('',#2789);
#518=VERTEX_POINT('',#2872);
#519=VERTEX_POINT('',#2873);
#520=VERTEX_POINT('',#2962);
#521=VERTEX_POINT('',#2963);
#522=VERTEX_POINT('',#3052);
#523=VERTEX_POINT('',#3053);
#524=VERTEX_POINT('',#3136);
#525=VERTEX_POINT('',#3137);
#526=VERTEX_POINT('',#3226);
#527=VERTEX_POINT('',#3227);
#528=VERTEX_POINT('',#3316);
#529=VERTEX_POINT('',#3317);
#530=VERTEX_POINT('',#3400);
#531=VERTEX_POINT('',#3401);
#532=VERTEX_POINT('',#3490);
#533=VERTEX_POINT('',#3491);
#534=VERTEX_POINT('',#3577);
#535=VERTEX_POINT('',#3578);
#536=VERTEX_POINT('',#3664);
#537=VERTEX_POINT('',#3665);
#538=VERTEX_POINT('',#3754);
#539=VERTEX_POINT('',#3755);
#540=VERTEX_POINT('',#3838);
#541=VERTEX_POINT('',#3839);
#542=VERTEX_POINT('',#3928);
#543=VERTEX_POINT('',#3929);
#544=VERTEX_POINT('',#4018);
#545=VERTEX_POINT('',#4019);
#546=VERTEX_POINT('',#4102);
#547=VERTEX_POINT('',#4103);
#548=VERTEX_POINT('',#4192);
#549=VERTEX_POINT('',#4193);
#550=VERTEX_POINT('',#4195);
#551=VERTEX_POINT('',#4204);
#552=VERTEX_POINT('',#4212);
#553=VERTEX_POINT('',#4213);
#554=VERTEX_POINT('',#4250);
#555=VERTEX_POINT('',#4251);
#556=VERTEX_POINT('',#4287);
#557=VERTEX_POINT('',#4288);
#558=VERTEX_POINT('',#4324);
#559=VERTEX_POINT('',#4325);
#560=VERTEX_POINT('',#4362);
#561=VERTEX_POINT('',#4363);
#562=VERTEX_POINT('',#4399);
#563=VERTEX_POINT('',#4400);
#564=VERTEX_POINT('',#4436);
#565=VERTEX_POINT('',#4437);
#566=VERTEX_POINT('',#4474);
#567=VERTEX_POINT('',#4475);
#568=VERTEX_POINT('',#4510);
#569=VERTEX_POINT('',#4511);
#570=VERTEX_POINT('',#4548);
#571=VERTEX_POINT('',#4549);
#572=VERTEX_POINT('',#4585);
#573=VERTEX_POINT('',#4586);
#574=VERTEX_POINT('',#4622);
#575=VERTEX_POINT('',#4623);
#576=VERTEX_POINT('',#4660);
#577=VERTEX_POINT('',#4661);
#578=VERTEX_POINT('',#4697);
#579=VERTEX_POINT('',#4698);
#580=VERTEX_POINT('',#4734);
#581=VERTEX_POINT('',#4735);
#582=VERTEX_POINT('',#4772);
#583=VERTEX_POINT('',#4773);
#584=VERTEX_POINT('',#4809);
#585=VERTEX_POINT('',#4810);
#586=VERTEX_POINT('',#4846);
#587=VERTEX_POINT('',#4847);
#588=VERTEX_POINT('',#4884);
#589=VERTEX_POINT('',#4885);
#590=VERTEX_POINT('',#4920);
#591=VERTEX_POINT('',#4921);
#592=VERTEX_POINT('',#4958);
#593=VERTEX_POINT('',#4959);
#594=VERTEX_POINT('',#4995);
#595=VERTEX_POINT('',#4996);
#596=VERTEX_POINT('',#5032);
#597=VERTEX_POINT('',#5033);
#598=VERTEX_POINT('',#5070);
#599=VERTEX_POINT('',#5071);
#600=VERTEX_POINT('',#5107);
#601=VERTEX_POINT('',#5108);
#602=VERTEX_POINT('',#5144);
#603=VERTEX_POINT('',#5145);
#604=VERTEX_POINT('',#5182);
#605=VERTEX_POINT('',#5183);
#606=VERTEX_POINT('',#5219);
#607=VERTEX_POINT('',#5221);
#608=VERTEX_POINT('',#5225);
#609=VERTEX_POINT('',#5374);
#610=VERTEX_POINT('',#5525);
#611=VERTEX_POINT('',#5529);
#612=VERTEX_POINT('',#5531);
#613=VERTEX_POINT('',#5535);
#614=VERTEX_POINT('',#5539);
#615=VERTEX_POINT('',#5688);
#616=VERTEX_POINT('',#8817);
#617=VERTEX_POINT('',#8819);
#618=VERTEX_POINT('',#8823);
#619=VERTEX_POINT('',#8825);
#620=VERTEX_POINT('',#8829);
#621=VERTEX_POINT('',#8831);
#622=VERTEX_POINT('',#8835);
#623=VERTEX_POINT('',#8836);
#624=VERTEX_POINT('',#8838);
#625=VERTEX_POINT('',#8840);
#626=VERTEX_POINT('',#8844);
#627=VERTEX_POINT('',#8846);
#628=VERTEX_POINT('',#8850);
#629=VERTEX_POINT('',#8852);
#630=VERTEX_POINT('',#8859);
#631=VERTEX_POINT('',#8861);
#632=EDGE_CURVE('',#490,#491,#342,.T.);
#633=EDGE_CURVE('',#490,#492,#222,.T.);
#634=EDGE_CURVE('',#493,#492,#202,.T.);
#635=EDGE_CURVE('',#493,#491,#223,.T.);
#636=EDGE_CURVE('',#494,#495,#343,.T.);
#637=EDGE_CURVE('',#494,#490,#224,.T.);
#638=EDGE_CURVE('',#491,#495,#225,.T.);
#639=EDGE_CURVE('',#496,#497,#344,.T.);
#640=EDGE_CURVE('',#496,#494,#226,.T.);
#641=EDGE_CURVE('',#495,#497,#227,.T.);
#642=EDGE_CURVE('',#498,#499,#345,.T.);
#643=EDGE_CURVE('',#498,#496,#228,.T.);
#644=EDGE_CURVE('',#497,#499,#229,.T.);
#645=EDGE_CURVE('',#500,#501,#346,.T.);
#646=EDGE_CURVE('',#500,#498,#230,.T.);
#647=EDGE_CURVE('',#499,#501,#231,.T.);
#648=EDGE_CURVE('',#502,#503,#347,.T.);
#649=EDGE_CURVE('',#502,#500,#232,.T.);
#650=EDGE_CURVE('',#501,#503,#233,.T.);
#651=EDGE_CURVE('',#504,#505,#348,.T.);
#652=EDGE_CURVE('',#504,#502,#234,.T.);
#653=EDGE_CURVE('',#503,#505,#235,.T.);
#654=EDGE_CURVE('',#506,#507,#349,.T.);
#655=EDGE_CURVE('',#506,#504,#236,.T.);
#656=EDGE_CURVE('',#505,#507,#237,.T.);
#657=EDGE_CURVE('',#508,#509,#350,.T.);
#658=EDGE_CURVE('',#508,#506,#238,.T.);
#659=EDGE_CURVE('',#507,#509,#239,.T.);
#660=EDGE_CURVE('',#510,#511,#351,.T.);
#661=EDGE_CURVE('',#510,#508,#240,.T.);
#662=EDGE_CURVE('',#509,#511,#241,.T.);
#663=EDGE_CURVE('',#512,#513,#352,.T.);
#664=EDGE_CURVE('',#512,#510,#242,.T.);
#665=EDGE_CURVE('',#511,#513,#243,.T.);
#666=EDGE_CURVE('',#514,#515,#353,.T.);
#667=EDGE_CURVE('',#514,#512,#244,.T.);
#668=EDGE_CURVE('',#513,#515,#245,.T.);
#669=EDGE_CURVE('',#516,#517,#354,.T.);
#670=EDGE_CURVE('',#516,#514,#246,.T.);
#671=EDGE_CURVE('',#515,#517,#247,.T.);
#672=EDGE_CURVE('',#518,#519,#355,.T.);
#673=EDGE_CURVE('',#518,#516,#248,.T.);
#674=EDGE_CURVE('',#517,#519,#249,.T.);
#675=EDGE_CURVE('',#520,#521,#356,.T.);
#676=EDGE_CURVE('',#520,#518,#250,.T.);
#677=EDGE_CURVE('',#519,#521,#251,.T.);
#678=EDGE_CURVE('',#522,#523,#357,.T.);
#679=EDGE_CURVE('',#522,#520,#252,.T.);
#680=EDGE_CURVE('',#521,#523,#253,.T.);
#681=EDGE_CURVE('',#524,#525,#358,.T.);
#682=EDGE_CURVE('',#524,#522,#254,.T.);
#683=EDGE_CURVE('',#523,#525,#255,.T.);
#684=EDGE_CURVE('',#526,#527,#359,.T.);
#685=EDGE_CURVE('',#526,#524,#256,.T.);
#686=EDGE_CURVE('',#525,#527,#257,.T.);
#687=EDGE_CURVE('',#528,#529,#360,.T.);
#688=EDGE_CURVE('',#528,#526,#258,.T.);
#689=EDGE_CURVE('',#527,#529,#259,.T.);
#690=EDGE_CURVE('',#530,#531,#361,.T.);
#691=EDGE_CURVE('',#530,#528,#260,.T.);
#692=EDGE_CURVE('',#529,#531,#261,.T.);
#693=EDGE_CURVE('',#532,#533,#362,.T.);
#694=EDGE_CURVE('',#532,#530,#262,.T.);
#695=EDGE_CURVE('',#531,#533,#263,.T.);
#696=EDGE_CURVE('',#534,#535,#363,.T.);
#697=EDGE_CURVE('',#534,#532,#264,.T.);
#698=EDGE_CURVE('',#533,#535,#265,.T.);
#699=EDGE_CURVE('',#536,#537,#364,.T.);
#700=EDGE_CURVE('',#536,#534,#266,.T.);
#701=EDGE_CURVE('',#535,#537,#267,.T.);
#702=EDGE_CURVE('',#538,#539,#365,.T.);
#703=EDGE_CURVE('',#538,#536,#268,.T.);
#704=EDGE_CURVE('',#537,#539,#269,.T.);
#705=EDGE_CURVE('',#540,#541,#366,.T.);
#706=EDGE_CURVE('',#540,#538,#270,.T.);
#707=EDGE_CURVE('',#539,#541,#271,.T.);
#708=EDGE_CURVE('',#542,#543,#367,.T.);
#709=EDGE_CURVE('',#542,#540,#272,.T.);
#710=EDGE_CURVE('',#541,#543,#273,.T.);
#711=EDGE_CURVE('',#544,#545,#368,.T.);
#712=EDGE_CURVE('',#544,#542,#274,.T.);
#713=EDGE_CURVE('',#543,#545,#275,.T.);
#714=EDGE_CURVE('',#546,#547,#369,.T.);
#715=EDGE_CURVE('',#546,#544,#276,.T.);
#716=EDGE_CURVE('',#545,#547,#277,.T.);
#717=EDGE_CURVE('',#548,#549,#370,.T.);
#718=EDGE_CURVE('',#548,#550,#278,.T.);
#719=EDGE_CURVE('',#551,#550,#203,.T.);
#720=EDGE_CURVE('',#549,#551,#279,.T.);
#721=EDGE_CURVE('',#552,#553,#371,.T.);
#722=EDGE_CURVE('',#552,#548,#280,.T.);
#723=EDGE_CURVE('',#553,#549,#281,.T.);
#724=EDGE_CURVE('',#554,#555,#372,.T.);
#725=EDGE_CURVE('',#554,#552,#282,.T.);
#726=EDGE_CURVE('',#555,#553,#283,.T.);
#727=EDGE_CURVE('',#556,#557,#373,.T.);
#728=EDGE_CURVE('',#556,#554,#284,.T.);
#729=EDGE_CURVE('',#557,#555,#285,.T.);
#730=EDGE_CURVE('',#558,#559,#374,.T.);
#731=EDGE_CURVE('',#558,#556,#286,.T.);
#732=EDGE_CURVE('',#559,#557,#287,.T.);
#733=EDGE_CURVE('',#560,#561,#375,.T.);
#734=EDGE_CURVE('',#560,#558,#288,.T.);
#735=EDGE_CURVE('',#561,#559,#289,.T.);
#736=EDGE_CURVE('',#562,#563,#376,.T.);
#737=EDGE_CURVE('',#562,#560,#290,.T.);
#738=EDGE_CURVE('',#563,#561,#291,.T.);
#739=EDGE_CURVE('',#564,#565,#377,.T.);
#740=EDGE_CURVE('',#564,#562,#292,.T.);
#741=EDGE_CURVE('',#565,#563,#293,.T.);
#742=EDGE_CURVE('',#566,#567,#378,.T.);
#743=EDGE_CURVE('',#566,#564,#294,.T.);
#744=EDGE_CURVE('',#567,#565,#295,.T.);
#745=EDGE_CURVE('',#568,#569,#379,.T.);
#746=EDGE_CURVE('',#568,#566,#296,.T.);
#747=EDGE_CURVE('',#569,#567,#297,.T.);
#748=EDGE_CURVE('',#570,#571,#380,.T.);
#749=EDGE_CURVE('',#570,#568,#298,.T.);
#750=EDGE_CURVE('',#571,#569,#299,.T.);
#751=EDGE_CURVE('',#572,#573,#381,.T.);
#752=EDGE_CURVE('',#572,#570,#300,.T.);
#753=EDGE_CURVE('',#573,#571,#301,.T.);
#754=EDGE_CURVE('',#574,#575,#382,.T.);
#755=EDGE_CURVE('',#574,#572,#302,.T.);
#756=EDGE_CURVE('',#575,#573,#303,.T.);
#757=EDGE_CURVE('',#576,#577,#383,.T.);
#758=EDGE_CURVE('',#576,#574,#304,.T.);
#759=EDGE_CURVE('',#577,#575,#305,.T.);
#760=EDGE_CURVE('',#578,#579,#384,.T.);
#761=EDGE_CURVE('',#578,#576,#306,.T.);
#762=EDGE_CURVE('',#579,#577,#307,.T.);
#763=EDGE_CURVE('',#580,#581,#385,.T.);
#764=EDGE_CURVE('',#580,#578,#308,.T.);
#765=EDGE_CURVE('',#581,#579,#309,.T.);
#766=EDGE_CURVE('',#582,#583,#386,.T.);
#767=EDGE_CURVE('',#582,#580,#310,.T.);
#768=EDGE_CURVE('',#583,#581,#311,.T.);
#769=EDGE_CURVE('',#584,#585,#387,.T.);
#770=EDGE_CURVE('',#584,#582,#312,.T.);
#771=EDGE_CURVE('',#585,#583,#313,.T.);
#772=EDGE_CURVE('',#586,#587,#388,.T.);
#773=EDGE_CURVE('',#586,#584,#314,.T.);
#774=EDGE_CURVE('',#587,#585,#315,.T.);
#775=EDGE_CURVE('',#588,#589,#389,.T.);
#776=EDGE_CURVE('',#588,#586,#316,.T.);
#777=EDGE_CURVE('',#589,#587,#317,.T.);
#778=EDGE_CURVE('',#590,#591,#390,.T.);
#779=EDGE_CURVE('',#590,#588,#318,.T.);
#780=EDGE_CURVE('',#591,#589,#319,.T.);
#781=EDGE_CURVE('',#592,#593,#391,.T.);
#782=EDGE_CURVE('',#592,#590,#320,.T.);
#783=EDGE_CURVE('',#593,#591,#321,.T.);
#784=EDGE_CURVE('',#594,#595,#392,.T.);
#785=EDGE_CURVE('',#594,#592,#322,.T.);
#786=EDGE_CURVE('',#595,#593,#323,.T.);
#787=EDGE_CURVE('',#596,#597,#393,.T.);
#788=EDGE_CURVE('',#596,#594,#324,.T.);
#789=EDGE_CURVE('',#597,#595,#325,.T.);
#790=EDGE_CURVE('',#598,#599,#394,.T.);
#791=EDGE_CURVE('',#598,#596,#326,.T.);
#792=EDGE_CURVE('',#599,#597,#327,.T.);
#793=EDGE_CURVE('',#600,#601,#395,.T.);
#794=EDGE_CURVE('',#600,#598,#328,.T.);
#795=EDGE_CURVE('',#601,#599,#329,.T.);
#796=EDGE_CURVE('',#602,#603,#396,.T.);
#797=EDGE_CURVE('',#602,#600,#330,.T.);
#798=EDGE_CURVE('',#603,#601,#331,.T.);
#799=EDGE_CURVE('',#604,#605,#397,.T.);
#800=EDGE_CURVE('',#604,#602,#332,.T.);
#801=EDGE_CURVE('',#605,#603,#333,.T.);
#802=EDGE_CURVE('',#606,#606,#204,.T.);
#803=EDGE_CURVE('',#606,#607,#398,.T.);
#804=EDGE_CURVE('',#607,#607,#205,.T.);
#805=EDGE_CURVE('',#608,#551,#334,.T.);
#806=EDGE_CURVE('',#550,#609,#335,.T.);
#807=EDGE_CURVE('',#609,#608,#206,.F.);
#808=EDGE_CURVE('',#607,#610,#399,.T.);
#809=EDGE_CURVE('',#610,#610,#207,.T.);
#810=EDGE_CURVE('',#611,#611,#208,.T.);
#811=EDGE_CURVE('',#611,#612,#400,.T.);
#812=EDGE_CURVE('',#612,#612,#209,.T.);
#813=EDGE_CURVE('',#613,#613,#210,.T.);
#814=EDGE_CURVE('',#613,#612,#401,.T.);
#815=EDGE_CURVE('',#614,#493,#336,.T.);
#816=EDGE_CURVE('',#492,#615,#337,.T.);
#817=EDGE_CURVE('',#615,#614,#211,.T.);
#818=EDGE_CURVE('',#547,#608,#338,.T.);
#819=EDGE_CURVE('',#614,#605,#339,.T.);
#820=EDGE_CURVE('',#615,#604,#340,.T.);
#821=EDGE_CURVE('',#609,#546,#341,.T.);
#822=EDGE_CURVE('',#616,#616,#212,.T.);
#823=EDGE_CURVE('',#616,#617,#402,.T.);
#824=EDGE_CURVE('',#617,#617,#213,.T.);
#825=EDGE_CURVE('',#618,#618,#214,.T.);
#826=EDGE_CURVE('',#618,#619,#403,.T.);
#827=EDGE_CURVE('',#619,#619,#215,.T.);
#828=EDGE_CURVE('',#620,#620,#216,.T.);
#829=EDGE_CURVE('',#620,#621,#404,.T.);
#830=EDGE_CURVE('',#621,#621,#217,.T.);
#831=EDGE_CURVE('',#622,#623,#405,.T.);
#832=EDGE_CURVE('',#623,#624,#406,.T.);
#833=EDGE_CURVE('',#625,#624,#407,.T.);
#834=EDGE_CURVE('',#622,#625,#408,.T.);
#835=EDGE_CURVE('',#626,#622,#218,.T.);
#836=EDGE_CURVE('',#627,#625,#219,.T.);
#837=EDGE_CURVE('',#626,#627,#409,.T.);
#838=EDGE_CURVE('',#628,#626,#410,.T.);
#839=EDGE_CURVE('',#629,#627,#411,.T.);
#840=EDGE_CURVE('',#628,#629,#412,.T.);
#841=EDGE_CURVE('',#623,#628,#413,.T.);
#842=EDGE_CURVE('',#624,#629,#414,.T.);
#843=EDGE_CURVE('',#630,#630,#220,.T.);
#844=EDGE_CURVE('',#630,#631,#415,.T.);
#845=EDGE_CURVE('',#631,#631,#221,.T.);
#846=ORIENTED_EDGE('',*,*,#632,.F.);
#847=ORIENTED_EDGE('',*,*,#633,.T.);
#848=ORIENTED_EDGE('',*,*,#634,.F.);
#849=ORIENTED_EDGE('',*,*,#635,.T.);
#850=ORIENTED_EDGE('',*,*,#636,.F.);
#851=ORIENTED_EDGE('',*,*,#637,.T.);
#852=ORIENTED_EDGE('',*,*,#632,.T.);
#853=ORIENTED_EDGE('',*,*,#638,.T.);
#854=ORIENTED_EDGE('',*,*,#639,.F.);
#855=ORIENTED_EDGE('',*,*,#640,.T.);
#856=ORIENTED_EDGE('',*,*,#636,.T.);
#857=ORIENTED_EDGE('',*,*,#641,.T.);
#858=ORIENTED_EDGE('',*,*,#642,.F.);
#859=ORIENTED_EDGE('',*,*,#643,.T.);
#860=ORIENTED_EDGE('',*,*,#639,.T.);
#861=ORIENTED_EDGE('',*,*,#644,.T.);
#862=ORIENTED_EDGE('',*,*,#645,.F.);
#863=ORIENTED_EDGE('',*,*,#646,.T.);
#864=ORIENTED_EDGE('',*,*,#642,.T.);
#865=ORIENTED_EDGE('',*,*,#647,.T.);
#866=ORIENTED_EDGE('',*,*,#648,.F.);
#867=ORIENTED_EDGE('',*,*,#649,.T.);
#868=ORIENTED_EDGE('',*,*,#645,.T.);
#869=ORIENTED_EDGE('',*,*,#650,.T.);
#870=ORIENTED_EDGE('',*,*,#651,.F.);
#871=ORIENTED_EDGE('',*,*,#652,.T.);
#872=ORIENTED_EDGE('',*,*,#648,.T.);
#873=ORIENTED_EDGE('',*,*,#653,.T.);
#874=ORIENTED_EDGE('',*,*,#654,.F.);
#875=ORIENTED_EDGE('',*,*,#655,.T.);
#876=ORIENTED_EDGE('',*,*,#651,.T.);
#877=ORIENTED_EDGE('',*,*,#656,.T.);
#878=ORIENTED_EDGE('',*,*,#657,.F.);
#879=ORIENTED_EDGE('',*,*,#658,.T.);
#880=ORIENTED_EDGE('',*,*,#654,.T.);
#881=ORIENTED_EDGE('',*,*,#659,.T.);
#882=ORIENTED_EDGE('',*,*,#660,.F.);
#883=ORIENTED_EDGE('',*,*,#661,.T.);
#884=ORIENTED_EDGE('',*,*,#657,.T.);
#885=ORIENTED_EDGE('',*,*,#662,.T.);
#886=ORIENTED_EDGE('',*,*,#663,.F.);
#887=ORIENTED_EDGE('',*,*,#664,.T.);
#888=ORIENTED_EDGE('',*,*,#660,.T.);
#889=ORIENTED_EDGE('',*,*,#665,.T.);
#890=ORIENTED_EDGE('',*,*,#666,.F.);
#891=ORIENTED_EDGE('',*,*,#667,.T.);
#892=ORIENTED_EDGE('',*,*,#663,.T.);
#893=ORIENTED_EDGE('',*,*,#668,.T.);
#894=ORIENTED_EDGE('',*,*,#669,.F.);
#895=ORIENTED_EDGE('',*,*,#670,.T.);
#896=ORIENTED_EDGE('',*,*,#666,.T.);
#897=ORIENTED_EDGE('',*,*,#671,.T.);
#898=ORIENTED_EDGE('',*,*,#672,.F.);
#899=ORIENTED_EDGE('',*,*,#673,.T.);
#900=ORIENTED_EDGE('',*,*,#669,.T.);
#901=ORIENTED_EDGE('',*,*,#674,.T.);
#902=ORIENTED_EDGE('',*,*,#675,.F.);
#903=ORIENTED_EDGE('',*,*,#676,.T.);
#904=ORIENTED_EDGE('',*,*,#672,.T.);
#905=ORIENTED_EDGE('',*,*,#677,.T.);
#906=ORIENTED_EDGE('',*,*,#678,.F.);
#907=ORIENTED_EDGE('',*,*,#679,.T.);
#908=ORIENTED_EDGE('',*,*,#675,.T.);
#909=ORIENTED_EDGE('',*,*,#680,.T.);
#910=ORIENTED_EDGE('',*,*,#681,.F.);
#911=ORIENTED_EDGE('',*,*,#682,.T.);
#912=ORIENTED_EDGE('',*,*,#678,.T.);
#913=ORIENTED_EDGE('',*,*,#683,.T.);
#914=ORIENTED_EDGE('',*,*,#684,.F.);
#915=ORIENTED_EDGE('',*,*,#685,.T.);
#916=ORIENTED_EDGE('',*,*,#681,.T.);
#917=ORIENTED_EDGE('',*,*,#686,.T.);
#918=ORIENTED_EDGE('',*,*,#687,.F.);
#919=ORIENTED_EDGE('',*,*,#688,.T.);
#920=ORIENTED_EDGE('',*,*,#684,.T.);
#921=ORIENTED_EDGE('',*,*,#689,.T.);
#922=ORIENTED_EDGE('',*,*,#690,.F.);
#923=ORIENTED_EDGE('',*,*,#691,.T.);
#924=ORIENTED_EDGE('',*,*,#687,.T.);
#925=ORIENTED_EDGE('',*,*,#692,.T.);
#926=ORIENTED_EDGE('',*,*,#693,.F.);
#927=ORIENTED_EDGE('',*,*,#694,.T.);
#928=ORIENTED_EDGE('',*,*,#690,.T.);
#929=ORIENTED_EDGE('',*,*,#695,.T.);
#930=ORIENTED_EDGE('',*,*,#696,.F.);
#931=ORIENTED_EDGE('',*,*,#697,.T.);
#932=ORIENTED_EDGE('',*,*,#693,.T.);
#933=ORIENTED_EDGE('',*,*,#698,.T.);
#934=ORIENTED_EDGE('',*,*,#699,.F.);
#935=ORIENTED_EDGE('',*,*,#700,.T.);
#936=ORIENTED_EDGE('',*,*,#696,.T.);
#937=ORIENTED_EDGE('',*,*,#701,.T.);
#938=ORIENTED_EDGE('',*,*,#702,.F.);
#939=ORIENTED_EDGE('',*,*,#703,.T.);
#940=ORIENTED_EDGE('',*,*,#699,.T.);
#941=ORIENTED_EDGE('',*,*,#704,.T.);
#942=ORIENTED_EDGE('',*,*,#705,.F.);
#943=ORIENTED_EDGE('',*,*,#706,.T.);
#944=ORIENTED_EDGE('',*,*,#702,.T.);
#945=ORIENTED_EDGE('',*,*,#707,.T.);
#946=ORIENTED_EDGE('',*,*,#708,.F.);
#947=ORIENTED_EDGE('',*,*,#709,.T.);
#948=ORIENTED_EDGE('',*,*,#705,.T.);
#949=ORIENTED_EDGE('',*,*,#710,.T.);
#950=ORIENTED_EDGE('',*,*,#711,.F.);
#951=ORIENTED_EDGE('',*,*,#712,.T.);
#952=ORIENTED_EDGE('',*,*,#708,.T.);
#953=ORIENTED_EDGE('',*,*,#713,.T.);
#954=ORIENTED_EDGE('',*,*,#714,.F.);
#955=ORIENTED_EDGE('',*,*,#715,.T.);
#956=ORIENTED_EDGE('',*,*,#711,.T.);
#957=ORIENTED_EDGE('',*,*,#716,.T.);
#958=ORIENTED_EDGE('',*,*,#717,.F.);
#959=ORIENTED_EDGE('',*,*,#718,.T.);
#960=ORIENTED_EDGE('',*,*,#719,.F.);
#961=ORIENTED_EDGE('',*,*,#720,.F.);
#962=ORIENTED_EDGE('',*,*,#721,.F.);
#963=ORIENTED_EDGE('',*,*,#722,.T.);
#964=ORIENTED_EDGE('',*,*,#717,.T.);
#965=ORIENTED_EDGE('',*,*,#723,.F.);
#966=ORIENTED_EDGE('',*,*,#724,.F.);
#967=ORIENTED_EDGE('',*,*,#725,.T.);
#968=ORIENTED_EDGE('',*,*,#721,.T.);
#969=ORIENTED_EDGE('',*,*,#726,.F.);
#970=ORIENTED_EDGE('',*,*,#727,.F.);
#971=ORIENTED_EDGE('',*,*,#728,.T.);
#972=ORIENTED_EDGE('',*,*,#724,.T.);
#973=ORIENTED_EDGE('',*,*,#729,.F.);
#974=ORIENTED_EDGE('',*,*,#730,.F.);
#975=ORIENTED_EDGE('',*,*,#731,.T.);
#976=ORIENTED_EDGE('',*,*,#727,.T.);
#977=ORIENTED_EDGE('',*,*,#732,.F.);
#978=ORIENTED_EDGE('',*,*,#733,.F.);
#979=ORIENTED_EDGE('',*,*,#734,.T.);
#980=ORIENTED_EDGE('',*,*,#730,.T.);
#981=ORIENTED_EDGE('',*,*,#735,.F.);
#982=ORIENTED_EDGE('',*,*,#736,.F.);
#983=ORIENTED_EDGE('',*,*,#737,.T.);
#984=ORIENTED_EDGE('',*,*,#733,.T.);
#985=ORIENTED_EDGE('',*,*,#738,.F.);
#986=ORIENTED_EDGE('',*,*,#739,.F.);
#987=ORIENTED_EDGE('',*,*,#740,.T.);
#988=ORIENTED_EDGE('',*,*,#736,.T.);
#989=ORIENTED_EDGE('',*,*,#741,.F.);
#990=ORIENTED_EDGE('',*,*,#742,.F.);
#991=ORIENTED_EDGE('',*,*,#743,.T.);
#992=ORIENTED_EDGE('',*,*,#739,.T.);
#993=ORIENTED_EDGE('',*,*,#744,.F.);
#994=ORIENTED_EDGE('',*,*,#745,.F.);
#995=ORIENTED_EDGE('',*,*,#746,.T.);
#996=ORIENTED_EDGE('',*,*,#742,.T.);
#997=ORIENTED_EDGE('',*,*,#747,.F.);
#998=ORIENTED_EDGE('',*,*,#748,.F.);
#999=ORIENTED_EDGE('',*,*,#749,.T.);
#1000=ORIENTED_EDGE('',*,*,#745,.T.);
#1001=ORIENTED_EDGE('',*,*,#750,.F.);
#1002=ORIENTED_EDGE('',*,*,#751,.F.);
#1003=ORIENTED_EDGE('',*,*,#752,.T.);
#1004=ORIENTED_EDGE('',*,*,#748,.T.);
#1005=ORIENTED_EDGE('',*,*,#753,.F.);
#1006=ORIENTED_EDGE('',*,*,#754,.F.);
#1007=ORIENTED_EDGE('',*,*,#755,.T.);
#1008=ORIENTED_EDGE('',*,*,#751,.T.);
#1009=ORIENTED_EDGE('',*,*,#756,.F.);
#1010=ORIENTED_EDGE('',*,*,#757,.F.);
#1011=ORIENTED_EDGE('',*,*,#758,.T.);
#1012=ORIENTED_EDGE('',*,*,#754,.T.);
#1013=ORIENTED_EDGE('',*,*,#759,.F.);
#1014=ORIENTED_EDGE('',*,*,#760,.F.);
#1015=ORIENTED_EDGE('',*,*,#761,.T.);
#1016=ORIENTED_EDGE('',*,*,#757,.T.);
#1017=ORIENTED_EDGE('',*,*,#762,.F.);
#1018=ORIENTED_EDGE('',*,*,#763,.F.);
#1019=ORIENTED_EDGE('',*,*,#764,.T.);
#1020=ORIENTED_EDGE('',*,*,#760,.T.);
#1021=ORIENTED_EDGE('',*,*,#765,.F.);
#1022=ORIENTED_EDGE('',*,*,#766,.F.);
#1023=ORIENTED_EDGE('',*,*,#767,.T.);
#1024=ORIENTED_EDGE('',*,*,#763,.T.);
#1025=ORIENTED_EDGE('',*,*,#768,.F.);
#1026=ORIENTED_EDGE('',*,*,#769,.F.);
#1027=ORIENTED_EDGE('',*,*,#770,.T.);
#1028=ORIENTED_EDGE('',*,*,#766,.T.);
#1029=ORIENTED_EDGE('',*,*,#771,.F.);
#1030=ORIENTED_EDGE('',*,*,#772,.F.);
#1031=ORIENTED_EDGE('',*,*,#773,.T.);
#1032=ORIENTED_EDGE('',*,*,#769,.T.);
#1033=ORIENTED_EDGE('',*,*,#774,.F.);
#1034=ORIENTED_EDGE('',*,*,#775,.F.);
#1035=ORIENTED_EDGE('',*,*,#776,.T.);
#1036=ORIENTED_EDGE('',*,*,#772,.T.);
#1037=ORIENTED_EDGE('',*,*,#777,.F.);
#1038=ORIENTED_EDGE('',*,*,#778,.F.);
#1039=ORIENTED_EDGE('',*,*,#779,.T.);
#1040=ORIENTED_EDGE('',*,*,#775,.T.);
#1041=ORIENTED_EDGE('',*,*,#780,.F.);
#1042=ORIENTED_EDGE('',*,*,#781,.F.);
#1043=ORIENTED_EDGE('',*,*,#782,.T.);
#1044=ORIENTED_EDGE('',*,*,#778,.T.);
#1045=ORIENTED_EDGE('',*,*,#783,.F.);
#1046=ORIENTED_EDGE('',*,*,#784,.F.);
#1047=ORIENTED_EDGE('',*,*,#785,.T.);
#1048=ORIENTED_EDGE('',*,*,#781,.T.);
#1049=ORIENTED_EDGE('',*,*,#786,.F.);
#1050=ORIENTED_EDGE('',*,*,#787,.F.);
#1051=ORIENTED_EDGE('',*,*,#788,.T.);
#1052=ORIENTED_EDGE('',*,*,#784,.T.);
#1053=ORIENTED_EDGE('',*,*,#789,.F.);
#1054=ORIENTED_EDGE('',*,*,#790,.F.);
#1055=ORIENTED_EDGE('',*,*,#791,.T.);
#1056=ORIENTED_EDGE('',*,*,#787,.T.);
#1057=ORIENTED_EDGE('',*,*,#792,.F.);
#1058=ORIENTED_EDGE('',*,*,#793,.F.);
#1059=ORIENTED_EDGE('',*,*,#794,.T.);
#1060=ORIENTED_EDGE('',*,*,#790,.T.);
#1061=ORIENTED_EDGE('',*,*,#795,.F.);
#1062=ORIENTED_EDGE('',*,*,#796,.F.);
#1063=ORIENTED_EDGE('',*,*,#797,.T.);
#1064=ORIENTED_EDGE('',*,*,#793,.T.);
#1065=ORIENTED_EDGE('',*,*,#798,.F.);
#1066=ORIENTED_EDGE('',*,*,#799,.F.);
#1067=ORIENTED_EDGE('',*,*,#800,.T.);
#1068=ORIENTED_EDGE('',*,*,#796,.T.);
#1069=ORIENTED_EDGE('',*,*,#801,.F.);
#1070=ORIENTED_EDGE('',*,*,#802,.T.);
#1071=ORIENTED_EDGE('',*,*,#803,.T.);
#1072=ORIENTED_EDGE('',*,*,#804,.T.);
#1073=ORIENTED_EDGE('',*,*,#803,.F.);
#1074=ORIENTED_EDGE('',*,*,#805,.T.);
#1075=ORIENTED_EDGE('',*,*,#719,.T.);
#1076=ORIENTED_EDGE('',*,*,#806,.T.);
#1077=ORIENTED_EDGE('',*,*,#807,.T.);
#1078=ORIENTED_EDGE('',*,*,#802,.F.);
#1079=ORIENTED_EDGE('',*,*,#804,.F.);
#1080=ORIENTED_EDGE('',*,*,#808,.T.);
#1081=ORIENTED_EDGE('',*,*,#809,.F.);
#1082=ORIENTED_EDGE('',*,*,#808,.F.);
#1083=ORIENTED_EDGE('',*,*,#810,.T.);
#1084=ORIENTED_EDGE('',*,*,#811,.T.);
#1085=ORIENTED_EDGE('',*,*,#812,.T.);
#1086=ORIENTED_EDGE('',*,*,#811,.F.);
#1087=ORIENTED_EDGE('',*,*,#813,.T.);
#1088=ORIENTED_EDGE('',*,*,#814,.T.);
#1089=ORIENTED_EDGE('',*,*,#812,.F.);
#1090=ORIENTED_EDGE('',*,*,#814,.F.);
#1091=ORIENTED_EDGE('',*,*,#815,.T.);
#1092=ORIENTED_EDGE('',*,*,#634,.T.);
#1093=ORIENTED_EDGE('',*,*,#816,.T.);
#1094=ORIENTED_EDGE('',*,*,#817,.T.);
#1095=ORIENTED_EDGE('',*,*,#810,.F.);
#1096=ORIENTED_EDGE('',*,*,#805,.F.);
#1097=ORIENTED_EDGE('',*,*,#818,.F.);
#1098=ORIENTED_EDGE('',*,*,#716,.F.);
#1099=ORIENTED_EDGE('',*,*,#713,.F.);
#1100=ORIENTED_EDGE('',*,*,#710,.F.);
#1101=ORIENTED_EDGE('',*,*,#707,.F.);
#1102=ORIENTED_EDGE('',*,*,#704,.F.);
#1103=ORIENTED_EDGE('',*,*,#701,.F.);
#1104=ORIENTED_EDGE('',*,*,#698,.F.);
#1105=ORIENTED_EDGE('',*,*,#695,.F.);
#1106=ORIENTED_EDGE('',*,*,#692,.F.);
#1107=ORIENTED_EDGE('',*,*,#689,.F.);
#1108=ORIENTED_EDGE('',*,*,#686,.F.);
#1109=ORIENTED_EDGE('',*,*,#683,.F.);
#1110=ORIENTED_EDGE('',*,*,#680,.F.);
#1111=ORIENTED_EDGE('',*,*,#677,.F.);
#1112=ORIENTED_EDGE('',*,*,#674,.F.);
#1113=ORIENTED_EDGE('',*,*,#671,.F.);
#1114=ORIENTED_EDGE('',*,*,#668,.F.);
#1115=ORIENTED_EDGE('',*,*,#665,.F.);
#1116=ORIENTED_EDGE('',*,*,#662,.F.);
#1117=ORIENTED_EDGE('',*,*,#659,.F.);
#1118=ORIENTED_EDGE('',*,*,#656,.F.);
#1119=ORIENTED_EDGE('',*,*,#653,.F.);
#1120=ORIENTED_EDGE('',*,*,#650,.F.);
#1121=ORIENTED_EDGE('',*,*,#647,.F.);
#1122=ORIENTED_EDGE('',*,*,#644,.F.);
#1123=ORIENTED_EDGE('',*,*,#641,.F.);
#1124=ORIENTED_EDGE('',*,*,#638,.F.);
#1125=ORIENTED_EDGE('',*,*,#635,.F.);
#1126=ORIENTED_EDGE('',*,*,#815,.F.);
#1127=ORIENTED_EDGE('',*,*,#819,.T.);
#1128=ORIENTED_EDGE('',*,*,#801,.T.);
#1129=ORIENTED_EDGE('',*,*,#798,.T.);
#1130=ORIENTED_EDGE('',*,*,#795,.T.);
#1131=ORIENTED_EDGE('',*,*,#792,.T.);
#1132=ORIENTED_EDGE('',*,*,#789,.T.);
#1133=ORIENTED_EDGE('',*,*,#786,.T.);
#1134=ORIENTED_EDGE('',*,*,#783,.T.);
#1135=ORIENTED_EDGE('',*,*,#780,.T.);
#1136=ORIENTED_EDGE('',*,*,#777,.T.);
#1137=ORIENTED_EDGE('',*,*,#774,.T.);
#1138=ORIENTED_EDGE('',*,*,#771,.T.);
#1139=ORIENTED_EDGE('',*,*,#768,.T.);
#1140=ORIENTED_EDGE('',*,*,#765,.T.);
#1141=ORIENTED_EDGE('',*,*,#762,.T.);
#1142=ORIENTED_EDGE('',*,*,#759,.T.);
#1143=ORIENTED_EDGE('',*,*,#756,.T.);
#1144=ORIENTED_EDGE('',*,*,#753,.T.);
#1145=ORIENTED_EDGE('',*,*,#750,.T.);
#1146=ORIENTED_EDGE('',*,*,#747,.T.);
#1147=ORIENTED_EDGE('',*,*,#744,.T.);
#1148=ORIENTED_EDGE('',*,*,#741,.T.);
#1149=ORIENTED_EDGE('',*,*,#738,.T.);
#1150=ORIENTED_EDGE('',*,*,#735,.T.);
#1151=ORIENTED_EDGE('',*,*,#732,.T.);
#1152=ORIENTED_EDGE('',*,*,#729,.T.);
#1153=ORIENTED_EDGE('',*,*,#726,.T.);
#1154=ORIENTED_EDGE('',*,*,#723,.T.);
#1155=ORIENTED_EDGE('',*,*,#720,.T.);
#1156=ORIENTED_EDGE('',*,*,#799,.T.);
#1157=ORIENTED_EDGE('',*,*,#819,.F.);
#1158=ORIENTED_EDGE('',*,*,#817,.F.);
#1159=ORIENTED_EDGE('',*,*,#820,.T.);
#1160=ORIENTED_EDGE('',*,*,#806,.F.);
#1161=ORIENTED_EDGE('',*,*,#718,.F.);
#1162=ORIENTED_EDGE('',*,*,#722,.F.);
#1163=ORIENTED_EDGE('',*,*,#725,.F.);
#1164=ORIENTED_EDGE('',*,*,#728,.F.);
#1165=ORIENTED_EDGE('',*,*,#731,.F.);
#1166=ORIENTED_EDGE('',*,*,#734,.F.);
#1167=ORIENTED_EDGE('',*,*,#737,.F.);
#1168=ORIENTED_EDGE('',*,*,#740,.F.);
#1169=ORIENTED_EDGE('',*,*,#743,.F.);
#1170=ORIENTED_EDGE('',*,*,#746,.F.);
#1171=ORIENTED_EDGE('',*,*,#749,.F.);
#1172=ORIENTED_EDGE('',*,*,#752,.F.);
#1173=ORIENTED_EDGE('',*,*,#755,.F.);
#1174=ORIENTED_EDGE('',*,*,#758,.F.);
#1175=ORIENTED_EDGE('',*,*,#761,.F.);
#1176=ORIENTED_EDGE('',*,*,#764,.F.);
#1177=ORIENTED_EDGE('',*,*,#767,.F.);
#1178=ORIENTED_EDGE('',*,*,#770,.F.);
#1179=ORIENTED_EDGE('',*,*,#773,.F.);
#1180=ORIENTED_EDGE('',*,*,#776,.F.);
#1181=ORIENTED_EDGE('',*,*,#779,.F.);
#1182=ORIENTED_EDGE('',*,*,#782,.F.);
#1183=ORIENTED_EDGE('',*,*,#785,.F.);
#1184=ORIENTED_EDGE('',*,*,#788,.F.);
#1185=ORIENTED_EDGE('',*,*,#791,.F.);
#1186=ORIENTED_EDGE('',*,*,#794,.F.);
#1187=ORIENTED_EDGE('',*,*,#797,.F.);
#1188=ORIENTED_EDGE('',*,*,#800,.F.);
#1189=ORIENTED_EDGE('',*,*,#820,.F.);
#1190=ORIENTED_EDGE('',*,*,#816,.F.);
#1191=ORIENTED_EDGE('',*,*,#633,.F.);
#1192=ORIENTED_EDGE('',*,*,#637,.F.);
#1193=ORIENTED_EDGE('',*,*,#640,.F.);
#1194=ORIENTED_EDGE('',*,*,#643,.F.);
#1195=ORIENTED_EDGE('',*,*,#646,.F.);
#1196=ORIENTED_EDGE('',*,*,#649,.F.);
#1197=ORIENTED_EDGE('',*,*,#652,.F.);
#1198=ORIENTED_EDGE('',*,*,#655,.F.);
#1199=ORIENTED_EDGE('',*,*,#658,.F.);
#1200=ORIENTED_EDGE('',*,*,#661,.F.);
#1201=ORIENTED_EDGE('',*,*,#664,.F.);
#1202=ORIENTED_EDGE('',*,*,#667,.F.);
#1203=ORIENTED_EDGE('',*,*,#670,.F.);
#1204=ORIENTED_EDGE('',*,*,#673,.F.);
#1205=ORIENTED_EDGE('',*,*,#676,.F.);
#1206=ORIENTED_EDGE('',*,*,#679,.F.);
#1207=ORIENTED_EDGE('',*,*,#682,.F.);
#1208=ORIENTED_EDGE('',*,*,#685,.F.);
#1209=ORIENTED_EDGE('',*,*,#688,.F.);
#1210=ORIENTED_EDGE('',*,*,#691,.F.);
#1211=ORIENTED_EDGE('',*,*,#694,.F.);
#1212=ORIENTED_EDGE('',*,*,#697,.F.);
#1213=ORIENTED_EDGE('',*,*,#700,.F.);
#1214=ORIENTED_EDGE('',*,*,#703,.F.);
#1215=ORIENTED_EDGE('',*,*,#706,.F.);
#1216=ORIENTED_EDGE('',*,*,#709,.F.);
#1217=ORIENTED_EDGE('',*,*,#712,.F.);
#1218=ORIENTED_EDGE('',*,*,#715,.F.);
#1219=ORIENTED_EDGE('',*,*,#821,.F.);
#1220=ORIENTED_EDGE('',*,*,#714,.T.);
#1221=ORIENTED_EDGE('',*,*,#818,.T.);
#1222=ORIENTED_EDGE('',*,*,#807,.F.);
#1223=ORIENTED_EDGE('',*,*,#821,.T.);
#1224=ORIENTED_EDGE('',*,*,#822,.F.);
#1225=ORIENTED_EDGE('',*,*,#823,.T.);
#1226=ORIENTED_EDGE('',*,*,#824,.T.);
#1227=ORIENTED_EDGE('',*,*,#823,.F.);
#1228=ORIENTED_EDGE('',*,*,#825,.F.);
#1229=ORIENTED_EDGE('',*,*,#826,.T.);
#1230=ORIENTED_EDGE('',*,*,#827,.T.);
#1231=ORIENTED_EDGE('',*,*,#826,.F.);
#1232=ORIENTED_EDGE('',*,*,#828,.F.);
#1233=ORIENTED_EDGE('',*,*,#829,.T.);
#1234=ORIENTED_EDGE('',*,*,#830,.T.);
#1235=ORIENTED_EDGE('',*,*,#829,.F.);
#1236=ORIENTED_EDGE('',*,*,#831,.T.);
#1237=ORIENTED_EDGE('',*,*,#832,.T.);
#1238=ORIENTED_EDGE('',*,*,#833,.F.);
#1239=ORIENTED_EDGE('',*,*,#834,.F.);
#1240=ORIENTED_EDGE('',*,*,#835,.T.);
#1241=ORIENTED_EDGE('',*,*,#834,.T.);
#1242=ORIENTED_EDGE('',*,*,#836,.F.);
#1243=ORIENTED_EDGE('',*,*,#837,.F.);
#1244=ORIENTED_EDGE('',*,*,#838,.T.);
#1245=ORIENTED_EDGE('',*,*,#837,.T.);
#1246=ORIENTED_EDGE('',*,*,#839,.F.);
#1247=ORIENTED_EDGE('',*,*,#840,.F.);
#1248=ORIENTED_EDGE('',*,*,#841,.T.);
#1249=ORIENTED_EDGE('',*,*,#840,.T.);
#1250=ORIENTED_EDGE('',*,*,#842,.F.);
#1251=ORIENTED_EDGE('',*,*,#832,.F.);
#1252=ORIENTED_EDGE('',*,*,#843,.F.);
#1253=ORIENTED_EDGE('',*,*,#844,.T.);
#1254=ORIENTED_EDGE('',*,*,#845,.T.);
#1255=ORIENTED_EDGE('',*,*,#844,.F.);
#1256=ORIENTED_EDGE('',*,*,#809,.T.);
#1257=ORIENTED_EDGE('',*,*,#843,.T.);
#1258=ORIENTED_EDGE('',*,*,#842,.T.);
#1259=ORIENTED_EDGE('',*,*,#839,.T.);
#1260=ORIENTED_EDGE('',*,*,#836,.T.);
#1261=ORIENTED_EDGE('',*,*,#833,.T.);
#1262=ORIENTED_EDGE('',*,*,#828,.T.);
#1263=ORIENTED_EDGE('',*,*,#825,.T.);
#1264=ORIENTED_EDGE('',*,*,#822,.T.);
#1265=ORIENTED_EDGE('',*,*,#813,.F.);
#1266=ORIENTED_EDGE('',*,*,#845,.F.);
#1267=ORIENTED_EDGE('',*,*,#841,.F.);
#1268=ORIENTED_EDGE('',*,*,#831,.F.);
#1269=ORIENTED_EDGE('',*,*,#835,.F.);
#1270=ORIENTED_EDGE('',*,*,#838,.F.);
#1271=ORIENTED_EDGE('',*,*,#830,.F.);
#1272=ORIENTED_EDGE('',*,*,#827,.F.);
#1273=ORIENTED_EDGE('',*,*,#824,.F.);
#1274=CYLINDRICAL_SURFACE('',#1429,29.942);
#1275=CYLINDRICAL_SURFACE('',#1431,29.942);
#1276=CYLINDRICAL_SURFACE('',#1432,29.942);
#1277=CYLINDRICAL_SURFACE('',#1433,29.942);
#1278=CYLINDRICAL_SURFACE('',#1434,29.942);
#1279=CYLINDRICAL_SURFACE('',#1435,29.942);
#1280=CYLINDRICAL_SURFACE('',#1436,29.942);
#1281=CYLINDRICAL_SURFACE('',#1437,29.942);
#1282=CYLINDRICAL_SURFACE('',#1438,29.942);
#1283=CYLINDRICAL_SURFACE('',#1439,29.942);
#1284=CYLINDRICAL_SURFACE('',#1440,29.942);
#1285=CYLINDRICAL_SURFACE('',#1441,29.942);
#1286=CYLINDRICAL_SURFACE('',#1442,29.942);
#1287=CYLINDRICAL_SURFACE('',#1443,29.942);
#1288=CYLINDRICAL_SURFACE('',#1444,29.942);
#1289=CYLINDRICAL_SURFACE('',#1445,29.942);
#1290=CYLINDRICAL_SURFACE('',#1446,29.942);
#1291=CYLINDRICAL_SURFACE('',#1447,29.942);
#1292=CYLINDRICAL_SURFACE('',#1448,29.942);
#1293=CYLINDRICAL_SURFACE('',#1449,29.942);
#1294=CYLINDRICAL_SURFACE('',#1450,29.942);
#1295=CYLINDRICAL_SURFACE('',#1451,29.942);
#1296=CYLINDRICAL_SURFACE('',#1452,29.942);
#1297=CYLINDRICAL_SURFACE('',#1453,29.942);
#1298=CYLINDRICAL_SURFACE('',#1454,29.942);
#1299=CYLINDRICAL_SURFACE('',#1455,29.942);
#1300=CYLINDRICAL_SURFACE('',#1456,29.942);
#1301=CYLINDRICAL_SURFACE('',#1457,29.942);
#1302=CYLINDRICAL_SURFACE('',#1458,29.365);
#1303=CYLINDRICAL_SURFACE('',#1460,29.365);
#1304=CYLINDRICAL_SURFACE('',#1461,29.365);
#1305=CYLINDRICAL_SURFACE('',#1462,29.365);
#1306=CYLINDRICAL_SURFACE('',#1463,29.365);
#1307=CYLINDRICAL_SURFACE('',#1464,29.365);
#1308=CYLINDRICAL_SURFACE('',#1465,29.365);
#1309=CYLINDRICAL_SURFACE('',#1466,29.365);
#1310=CYLINDRICAL_SURFACE('',#1467,29.365);
#1311=CYLINDRICAL_SURFACE('',#1468,29.365);
#1312=CYLINDRICAL_SURFACE('',#1469,29.365);
#1313=CYLINDRICAL_SURFACE('',#1470,29.365);
#1314=CYLINDRICAL_SURFACE('',#1471,29.365);
#1315=CYLINDRICAL_SURFACE('',#1472,29.365);
#1316=CYLINDRICAL_SURFACE('',#1473,29.365);
#1317=CYLINDRICAL_SURFACE('',#1474,29.365);
#1318=CYLINDRICAL_SURFACE('',#1475,29.365);
#1319=CYLINDRICAL_SURFACE('',#1476,29.365);
#1320=CYLINDRICAL_SURFACE('',#1477,29.365);
#1321=CYLINDRICAL_SURFACE('',#1478,29.365);
#1322=CYLINDRICAL_SURFACE('',#1479,29.365);
#1323=CYLINDRICAL_SURFACE('',#1480,29.365);
#1324=CYLINDRICAL_SURFACE('',#1481,29.365);
#1325=CYLINDRICAL_SURFACE('',#1482,29.365);
#1326=CYLINDRICAL_SURFACE('',#1483,29.365);
#1327=CYLINDRICAL_SURFACE('',#1484,29.365);
#1328=CYLINDRICAL_SURFACE('',#1485,29.365);
#1329=CYLINDRICAL_SURFACE('',#1486,29.365);
#1330=CYLINDRICAL_SURFACE('',#1492,25.);
#1331=CYLINDRICAL_SURFACE('',#1497,25.);
#1332=CYLINDRICAL_SURFACE('',#1501,29.365);
#1333=CYLINDRICAL_SURFACE('',#1502,29.942);
#1334=CYLINDRICAL_SURFACE('',#1503,1.1);
#1335=CYLINDRICAL_SURFACE('',#1506,1.1);
#1336=CYLINDRICAL_SURFACE('',#1509,1.1);
#1337=CYLINDRICAL_SURFACE('',#1513,9.);
#1338=CYLINDRICAL_SURFACE('',#1518,1.1);
#1339=ADVANCED_FACE('',(#38),#1274,.T.);
#1340=ADVANCED_FACE('',(#39),#1275,.T.);
#1341=ADVANCED_FACE('',(#40),#1276,.T.);
#1342=ADVANCED_FACE('',(#41),#1277,.T.);
#1343=ADVANCED_FACE('',(#42),#1278,.T.);
#1344=ADVANCED_FACE('',(#43),#1279,.T.);
#1345=ADVANCED_FACE('',(#44),#1280,.T.);
#1346=ADVANCED_FACE('',(#45),#1281,.T.);
#1347=ADVANCED_FACE('',(#46),#1282,.T.);
#1348=ADVANCED_FACE('',(#47),#1283,.T.);
#1349=ADVANCED_FACE('',(#48),#1284,.T.);
#1350=ADVANCED_FACE('',(#49),#1285,.T.);
#1351=ADVANCED_FACE('',(#50),#1286,.T.);
#1352=ADVANCED_FACE('',(#51),#1287,.T.);
#1353=ADVANCED_FACE('',(#52),#1288,.T.);
#1354=ADVANCED_FACE('',(#53),#1289,.T.);
#1355=ADVANCED_FACE('',(#54),#1290,.T.);
#1356=ADVANCED_FACE('',(#55),#1291,.T.);
#1357=ADVANCED_FACE('',(#56),#1292,.T.);
#1358=ADVANCED_FACE('',(#57),#1293,.T.);
#1359=ADVANCED_FACE('',(#58),#1294,.T.);
#1360=ADVANCED_FACE('',(#59),#1295,.T.);
#1361=ADVANCED_FACE('',(#60),#1296,.T.);
#1362=ADVANCED_FACE('',(#61),#1297,.T.);
#1363=ADVANCED_FACE('',(#62),#1298,.T.);
#1364=ADVANCED_FACE('',(#63),#1299,.T.);
#1365=ADVANCED_FACE('',(#64),#1300,.T.);
#1366=ADVANCED_FACE('',(#65),#1301,.T.);
#1367=ADVANCED_FACE('',(#66),#1302,.T.);
#1368=ADVANCED_FACE('',(#67),#1303,.T.);
#1369=ADVANCED_FACE('',(#68),#1304,.T.);
#1370=ADVANCED_FACE('',(#69),#1305,.T.);
#1371=ADVANCED_FACE('',(#70),#1306,.T.);
#1372=ADVANCED_FACE('',(#71),#1307,.T.);
#1373=ADVANCED_FACE('',(#72),#1308,.T.);
#1374=ADVANCED_FACE('',(#73),#1309,.T.);
#1375=ADVANCED_FACE('',(#74),#1310,.T.);
#1376=ADVANCED_FACE('',(#75),#1311,.T.);
#1377=ADVANCED_FACE('',(#76),#1312,.T.);
#1378=ADVANCED_FACE('',(#77),#1313,.T.);
#1379=ADVANCED_FACE('',(#78),#1314,.T.);
#1380=ADVANCED_FACE('',(#79),#1315,.T.);
#1381=ADVANCED_FACE('',(#80),#1316,.T.);
#1382=ADVANCED_FACE('',(#81),#1317,.T.);
#1383=ADVANCED_FACE('',(#82),#1318,.T.);
#1384=ADVANCED_FACE('',(#83),#1319,.T.);
#1385=ADVANCED_FACE('',(#84),#1320,.T.);
#1386=ADVANCED_FACE('',(#85),#1321,.T.);
#1387=ADVANCED_FACE('',(#86),#1322,.T.);
#1388=ADVANCED_FACE('',(#87),#1323,.T.);
#1389=ADVANCED_FACE('',(#88),#1324,.T.);
#1390=ADVANCED_FACE('',(#89),#1325,.T.);
#1391=ADVANCED_FACE('',(#90),#1326,.T.);
#1392=ADVANCED_FACE('',(#91),#1327,.T.);
#1393=ADVANCED_FACE('',(#92),#1328,.T.);
#1394=ADVANCED_FACE('',(#93),#1329,.T.);
#1395=ADVANCED_FACE('',(#94),#36,.F.);
#1396=ADVANCED_FACE('',(#95,#17),#29,.T.);
#1397=ADVANCED_FACE('',(#96),#1330,.F.);
#1398=ADVANCED_FACE('',(#97),#37,.F.);
#1399=ADVANCED_FACE('',(#98),#1331,.F.);
#1400=ADVANCED_FACE('',(#99,#18),#30,.F.);
#1401=ADVANCED_FACE('',(#100),#15,.F.);
#1402=ADVANCED_FACE('',(#101),#1332,.T.);
#1403=ADVANCED_FACE('',(#102),#16,.F.);
#1404=ADVANCED_FACE('',(#103),#1333,.T.);
#1405=ADVANCED_FACE('',(#104),#1334,.F.);
#1406=ADVANCED_FACE('',(#105),#1335,.F.);
#1407=ADVANCED_FACE('',(#106),#1336,.F.);
#1408=ADVANCED_FACE('',(#107),#31,.T.);
#1409=ADVANCED_FACE('',(#108),#1337,.F.);
#1410=ADVANCED_FACE('',(#109),#32,.T.);
#1411=ADVANCED_FACE('',(#110),#33,.T.);
#1412=ADVANCED_FACE('',(#111),#1338,.F.);
#1413=ADVANCED_FACE('',(#112,#19,#20,#21,#22,#23),#34,.T.);
#1414=ADVANCED_FACE('',(#113,#24,#25,#26,#27,#28),#35,.F.);
#1415=CLOSED_SHELL('',(#1339,#1340,#1341,#1342,#1343,#1344,#1345,#1346,
#1347,#1348,#1349,#1350,#1351,#1352,#1353,#1354,#1355,#1356,#1357,#1358,
#1359,#1360,#1361,#1362,#1363,#1364,#1365,#1366,#1367,#1368,#1369,#1370,
#1371,#1372,#1373,#1374,#1375,#1376,#1377,#1378,#1379,#1380,#1381,#1382,
#1383,#1384,#1385,#1386,#1387,#1388,#1389,#1390,#1391,#1392,#1393,#1394,
#1395,#1396,#1397,#1398,#1399,#1400,#1401,#1402,#1403,#1404,#1405,#1406,
#1407,#1408,#1409,#1410,#1411,#1412,#1413,#1414));
#1416=DERIVED_UNIT_ELEMENT(#1418,1.);
#1417=DERIVED_UNIT_ELEMENT(#8871,-3.);
#1418=(
MASS_UNIT()
NAMED_UNIT(*)
SI_UNIT(.KILO.,.GRAM.)
);
#1419=DERIVED_UNIT((#1416,#1417));
#1420=MEASURE_REPRESENTATION_ITEM('density measure',
POSITIVE_RATIO_MEASURE(7850.),#1419);
#1421=PROPERTY_DEFINITION_REPRESENTATION(#1426,#1423);
#1422=PROPERTY_DEFINITION_REPRESENTATION(#1427,#1424);
#1423=REPRESENTATION('material name',(#1425),#8868);
#1424=REPRESENTATION('density',(#1420),#8868);
#1425=DESCRIPTIVE_REPRESENTATION_ITEM('Steel','Steel');
#1426=PROPERTY_DEFINITION('material property','material name',#8878);
#1427=PROPERTY_DEFINITION('material property','density of part',#8878);
#1428=AXIS2_PLACEMENT_3D('',#1787,#1523,#1524);
#1429=AXIS2_PLACEMENT_3D('',#1788,#1525,#1526);
#1430=AXIS2_PLACEMENT_3D('',#1810,#1528,#1529);
#1431=AXIS2_PLACEMENT_3D('',#1821,#1530,#1531);
#1432=AXIS2_PLACEMENT_3D('',#1905,#1533,#1534);
#1433=AXIS2_PLACEMENT_3D('',#1995,#1536,#1537);
#1434=AXIS2_PLACEMENT_3D('',#2085,#1539,#1540);
#1435=AXIS2_PLACEMENT_3D('',#2169,#1542,#1543);
#1436=AXIS2_PLACEMENT_3D('',#2259,#1545,#1546);
#1437=AXIS2_PLACEMENT_3D('',#2349,#1548,#1549);
#1438=AXIS2_PLACEMENT_3D('',#2433,#1551,#1552);
#1439=AXIS2_PLACEMENT_3D('',#2523,#1554,#1555);
#1440=AXIS2_PLACEMENT_3D('',#2610,#1557,#1558);
#1441=AXIS2_PLACEMENT_3D('',#2697,#1560,#1561);
#1442=AXIS2_PLACEMENT_3D('',#2787,#1563,#1564);
#1443=AXIS2_PLACEMENT_3D('',#2871,#1566,#1567);
#1444=AXIS2_PLACEMENT_3D('',#2961,#1569,#1570);
#1445=AXIS2_PLACEMENT_3D('',#3051,#1572,#1573);
#1446=AXIS2_PLACEMENT_3D('',#3135,#1575,#1576);
#1447=AXIS2_PLACEMENT_3D('',#3225,#1578,#1579);
#1448=AXIS2_PLACEMENT_3D('',#3315,#1581,#1582);
#1449=AXIS2_PLACEMENT_3D('',#3399,#1584,#1585);
#1450=AXIS2_PLACEMENT_3D('',#3489,#1587,#1588);
#1451=AXIS2_PLACEMENT_3D('',#3576,#1590,#1591);
#1452=AXIS2_PLACEMENT_3D('',#3663,#1593,#1594);
#1453=AXIS2_PLACEMENT_3D('',#3753,#1596,#1597);
#1454=AXIS2_PLACEMENT_3D('',#3837,#1599,#1600);
#1455=AXIS2_PLACEMENT_3D('',#3927,#1602,#1603);
#1456=AXIS2_PLACEMENT_3D('',#4017,#1605,#1606);
#1457=AXIS2_PLACEMENT_3D('',#4101,#1608,#1609);
#1458=AXIS2_PLACEMENT_3D('',#4191,#1611,#1612);
#1459=AXIS2_PLACEMENT_3D('',#4205,#1614,#1615);
#1460=AXIS2_PLACEMENT_3D('',#4211,#1616,#1617);
#1461=AXIS2_PLACEMENT_3D('',#4249,#1619,#1620);
#1462=AXIS2_PLACEMENT_3D('',#4286,#1622,#1623);
#1463=AXIS2_PLACEMENT_3D('',#4323,#1625,#1626);
#1464=AXIS2_PLACEMENT_3D('',#4361,#1628,#1629);
#1465=AXIS2_PLACEMENT_3D('',#4398,#1631,#1632);
#1466=AXIS2_PLACEMENT_3D('',#4435,#1634,#1635);
#1467=AXIS2_PLACEMENT_3D('',#4473,#1637,#1638);
#1468=AXIS2_PLACEMENT_3D('',#4509,#1640,#1641);
#1469=AXIS2_PLACEMENT_3D('',#4547,#1643,#1644);
#1470=AXIS2_PLACEMENT_3D('',#4584,#1646,#1647);
#1471=AXIS2_PLACEMENT_3D('',#4621,#1649,#1650);
#1472=AXIS2_PLACEMENT_3D('',#4659,#1652,#1653);
#1473=AXIS2_PLACEMENT_3D('',#4696,#1655,#1656);
#1474=AXIS2_PLACEMENT_3D('',#4733,#1658,#1659);
#1475=AXIS2_PLACEMENT_3D('',#4771,#1661,#1662);
#1476=AXIS2_PLACEMENT_3D('',#4808,#1664,#1665);
#1477=AXIS2_PLACEMENT_3D('',#4845,#1667,#1668);
#1478=AXIS2_PLACEMENT_3D('',#4883,#1670,#1671);
#1479=AXIS2_PLACEMENT_3D('',#4919,#1673,#1674);
#1480=AXIS2_PLACEMENT_3D('',#4957,#1676,#1677);
#1481=AXIS2_PLACEMENT_3D('',#4994,#1679,#1680);
#1482=AXIS2_PLACEMENT_3D('',#5031,#1682,#1683);
#1483=AXIS2_PLACEMENT_3D('',#5069,#1685,#1686);
#1484=AXIS2_PLACEMENT_3D('',#5106,#1688,#1689);
#1485=AXIS2_PLACEMENT_3D('',#5143,#1691,#1692);
#1486=AXIS2_PLACEMENT_3D('',#5181,#1694,#1695);
#1487=AXIS2_PLACEMENT_3D('',#5218,#1697,#1698);
#1488=AXIS2_PLACEMENT_3D('',#5220,#1699,#1700);
#1489=AXIS2_PLACEMENT_3D('',#5223,#1702,#1703);
#1490=AXIS2_PLACEMENT_3D('',#5224,#1704,#1705);
#1491=AXIS2_PLACEMENT_3D('',#5523,#1706,#1707);
#1492=AXIS2_PLACEMENT_3D('',#5524,#1708,#1709);
#1493=AXIS2_PLACEMENT_3D('',#5527,#1711,#1712);
#1494=AXIS2_PLACEMENT_3D('',#5528,#1713,#1714);
#1495=AXIS2_PLACEMENT_3D('',#5530,#1715,#1716);
#1496=AXIS2_PLACEMENT_3D('',#5533,#1718,#1719);
#1497=AXIS2_PLACEMENT_3D('',#5534,#1720,#1721);
#1498=AXIS2_PLACEMENT_3D('',#5536,#1722,#1723);
#1499=AXIS2_PLACEMENT_3D('',#5538,#1725,#1726);
#1500=AXIS2_PLACEMENT_3D('',#5837,#1727,#1728);
#1501=AXIS2_PLACEMENT_3D('',#7330,#1729,#1730);
#1502=AXIS2_PLACEMENT_3D('',#8815,#1731,#1732);
#1503=AXIS2_PLACEMENT_3D('',#8816,#1733,#1734);
#1504=AXIS2_PLACEMENT_3D('',#8818,#1735,#1736);
#1505=AXIS2_PLACEMENT_3D('',#8821,#1738,#1739);
#1506=AXIS2_PLACEMENT_3D('',#8822,#1740,#1741);
#1507=AXIS2_PLACEMENT_3D('',#8824,#1742,#1743);
#1508=AXIS2_PLACEMENT_3D('',#8827,#1745,#1746);
#1509=AXIS2_PLACEMENT_3D('',#8828,#1747,#1748);
#1510=AXIS2_PLACEMENT_3D('',#8830,#1749,#1750);
#1511=AXIS2_PLACEMENT_3D('',#8833,#1752,#1753);
#1512=AXIS2_PLACEMENT_3D('',#8834,#1754,#1755);
#1513=AXIS2_PLACEMENT_3D('',#8843,#1760,#1761);
#1514=AXIS2_PLACEMENT_3D('',#8845,#1762,#1763);
#1515=AXIS2_PLACEMENT_3D('',#8847,#1764,#1765);
#1516=AXIS2_PLACEMENT_3D('',#8849,#1767,#1768);
#1517=AXIS2_PLACEMENT_3D('',#8855,#1772,#1773);
#1518=AXIS2_PLACEMENT_3D('',#8858,#1776,#1777);
#1519=AXIS2_PLACEMENT_3D('',#8860,#1778,#1779);
#1520=AXIS2_PLACEMENT_3D('',#8863,#1781,#1782);
#1521=AXIS2_PLACEMENT_3D('',#8864,#1783,#1784);
#1522=AXIS2_PLACEMENT_3D('',#8865,#1785,#1786);
#1523=DIRECTION('axis',(0.,0.,1.));
#1524=DIRECTION('refdir',(1.,0.,0.));
#1525=DIRECTION('center_axis',(0.,0.,1.));
#1526=DIRECTION('ref_axis',(1.,0.,0.));
#1527=DIRECTION('',(0.,0.,-1.));
#1528=DIRECTION('center_axis',(0.,0.,-1.));
#1529=DIRECTION('ref_axis',(1.,0.,0.));
#1530=DIRECTION('center_axis',(0.,0.,1.));
#1531=DIRECTION('ref_axis',(1.,0.,0.));
#1532=DIRECTION('',(0.,0.,-1.));
#1533=DIRECTION('center_axis',(0.,0.,1.));
#1534=DIRECTION('ref_axis',(1.,0.,0.));
#1535=DIRECTION('',(0.,0.,-1.));
#1536=DIRECTION('center_axis',(0.,0.,1.));
#1537=DIRECTION('ref_axis',(1.,0.,0.));
#1538=DIRECTION('',(0.,0.,-1.));
#1539=DIRECTION('center_axis',(0.,0.,1.));
#1540=DIRECTION('ref_axis',(1.,0.,0.));
#1541=DIRECTION('',(0.,0.,-1.));
#1542=DIRECTION('center_axis',(0.,0.,1.));
#1543=DIRECTION('ref_axis',(1.,0.,0.));
#1544=DIRECTION('',(0.,0.,-1.));
#1545=DIRECTION('center_axis',(0.,0.,1.));
#1546=DIRECTION('ref_axis',(1.,0.,0.));
#1547=DIRECTION('',(0.,0.,-1.));
#1548=DIRECTION('center_axis',(0.,0.,1.));
#1549=DIRECTION('ref_axis',(1.,0.,0.));
#1550=DIRECTION('',(0.,0.,-1.));
#1551=DIRECTION('center_axis',(0.,0.,1.));
#1552=DIRECTION('ref_axis',(1.,0.,0.));
#1553=DIRECTION('',(0.,0.,-1.));
#1554=DIRECTION('center_axis',(0.,0.,1.));
#1555=DIRECTION('ref_axis',(1.,0.,0.));
#1556=DIRECTION('',(0.,0.,-1.));
#1557=DIRECTION('center_axis',(0.,0.,1.));
#1558=DIRECTION('ref_axis',(1.,0.,0.));
#1559=DIRECTION('',(0.,0.,-1.));
#1560=DIRECTION('center_axis',(0.,0.,1.));
#1561=DIRECTION('ref_axis',(1.,0.,0.));
#1562=DIRECTION('',(0.,0.,-1.));
#1563=DIRECTION('center_axis',(0.,0.,1.));
#1564=DIRECTION('ref_axis',(1.,0.,0.));
#1565=DIRECTION('',(0.,0.,-1.));
#1566=DIRECTION('center_axis',(0.,0.,1.));
#1567=DIRECTION('ref_axis',(1.,0.,0.));
#1568=DIRECTION('',(0.,0.,-1.));
#1569=DIRECTION('center_axis',(0.,0.,1.));
#1570=DIRECTION('ref_axis',(1.,0.,0.));
#1571=DIRECTION('',(0.,0.,-1.));
#1572=DIRECTION('center_axis',(0.,0.,1.));
#1573=DIRECTION('ref_axis',(1.,0.,0.));
#1574=DIRECTION('',(0.,0.,-1.));
#1575=DIRECTION('center_axis',(0.,0.,1.));
#1576=DIRECTION('ref_axis',(1.,0.,0.));
#1577=DIRECTION('',(0.,0.,-1.));
#1578=DIRECTION('center_axis',(0.,0.,1.));
#1579=DIRECTION('ref_axis',(1.,0.,0.));
#1580=DIRECTION('',(0.,0.,-1.));
#1581=DIRECTION('center_axis',(0.,0.,1.));
#1582=DIRECTION('ref_axis',(1.,0.,0.));
#1583=DIRECTION('',(0.,0.,-1.));
#1584=DIRECTION('center_axis',(0.,0.,1.));
#1585=DIRECTION('ref_axis',(1.,0.,0.));
#1586=DIRECTION('',(0.,0.,-1.));
#1587=DIRECTION('center_axis',(0.,0.,1.));
#1588=DIRECTION('ref_axis',(1.,0.,0.));
#1589=DIRECTION('',(0.,0.,-1.));
#1590=DIRECTION('center_axis',(0.,0.,1.));
#1591=DIRECTION('ref_axis',(1.,0.,0.));
#1592=DIRECTION('',(0.,0.,-1.));
#1593=DIRECTION('center_axis',(0.,0.,1.));
#1594=DIRECTION('ref_axis',(1.,0.,0.));
#1595=DIRECTION('',(0.,0.,-1.));
#1596=DIRECTION('center_axis',(0.,0.,1.));
#1597=DIRECTION('ref_axis',(1.,0.,0.));
#1598=DIRECTION('',(0.,0.,-1.));
#1599=DIRECTION('center_axis',(0.,0.,1.));
#1600=DIRECTION('ref_axis',(1.,0.,0.));
#1601=DIRECTION('',(0.,0.,-1.));
#1602=DIRECTION('center_axis',(0.,0.,1.));
#1603=DIRECTION('ref_axis',(1.,0.,0.));
#1604=DIRECTION('',(0.,0.,-1.));
#1605=DIRECTION('center_axis',(0.,0.,1.));
#1606=DIRECTION('ref_axis',(1.,0.,0.));
#1607=DIRECTION('',(0.,0.,-1.));
#1608=DIRECTION('center_axis',(0.,0.,1.));
#1609=DIRECTION('ref_axis',(1.,0.,0.));
#1610=DIRECTION('',(0.,0.,-1.));
#1611=DIRECTION('center_axis',(0.,0.,1.));
#1612=DIRECTION('ref_axis',(-0.457931342078612,-0.888987562310116,0.));
#1613=DIRECTION('',(0.,0.,1.));
#1614=DIRECTION('center_axis',(0.,0.,1.));
#1615=DIRECTION('ref_axis',(1.,-7.94457377988138E-14,0.));
#1616=DIRECTION('center_axis',(0.,0.,1.));
#1617=DIRECTION('ref_axis',(1.,-7.94457377988138E-14,0.));
#1618=DIRECTION('',(0.,0.,1.));
#1619=DIRECTION('center_axis',(0.,0.,1.));
#1620=DIRECTION('ref_axis',(1.,-7.94457377988138E-14,0.));
#1621=DIRECTION('',(0.,0.,1.));
#1622=DIRECTION('center_axis',(0.,0.,1.));
#1623=DIRECTION('ref_axis',(1.,-7.94457377988138E-14,0.));
#1624=DIRECTION('',(0.,0.,1.));
#1625=DIRECTION('center_axis',(0.,0.,1.));
#1626=DIRECTION('ref_axis',(1.,-7.94457377988138E-14,0.));
#1627=DIRECTION('',(0.,0.,1.));
#1628=DIRECTION('center_axis',(0.,0.,1.));
#1629=DIRECTION('ref_axis',(1.,-7.94457377988138E-14,0.));
#1630=DIRECTION('',(0.,0.,1.));
#1631=DIRECTION('center_axis',(0.,0.,1.));
#1632=DIRECTION('ref_axis',(1.,-7.94457377988138E-14,0.));
#1633=DIRECTION('',(0.,0.,1.));
#1634=DIRECTION('center_axis',(0.,0.,1.));
#1635=DIRECTION('ref_axis',(1.,-7.94457377988138E-14,0.));
#1636=DIRECTION('',(0.,0.,1.));
#1637=DIRECTION('center_axis',(0.,0.,1.));
#1638=DIRECTION('ref_axis',(1.,-7.94457377988138E-14,0.));
#1639=DIRECTION('',(0.,0.,1.));
#1640=DIRECTION('center_axis',(0.,0.,1.));
#1641=DIRECTION('ref_axis',(1.,-7.94457377988138E-14,0.));
#1642=DIRECTION('',(0.,0.,1.));
#1643=DIRECTION('center_axis',(0.,0.,1.));
#1644=DIRECTION('ref_axis',(1.,-7.94457377988138E-14,0.));
#1645=DIRECTION('',(0.,0.,1.));
#1646=DIRECTION('center_axis',(0.,0.,1.));
#1647=DIRECTION('ref_axis',(1.,-7.94457377988138E-14,0.));
#1648=DIRECTION('',(0.,0.,1.));
#1649=DIRECTION('center_axis',(0.,0.,1.));
#1650=DIRECTION('ref_axis',(1.,-7.94457377988138E-14,0.));
#1651=DIRECTION('',(0.,0.,1.));
#1652=DIRECTION('center_axis',(0.,0.,1.));
#1653=DIRECTION('ref_axis',(1.,-7.94457377988138E-14,0.));
#1654=DIRECTION('',(0.,0.,1.));
#1655=DIRECTION('center_axis',(0.,0.,1.));
#1656=DIRECTION('ref_axis',(1.,-7.94457377988138E-14,0.));
#1657=DIRECTION('',(0.,0.,1.));
#1658=DIRECTION('center_axis',(0.,0.,1.));
#1659=DIRECTION('ref_axis',(1.,-7.94457377988138E-14,0.));
#1660=DIRECTION('',(0.,0.,1.));
#1661=DIRECTION('center_axis',(0.,0.,1.));
#1662=DIRECTION('ref_axis',(1.,-7.94457377988138E-14,0.));
#1663=DIRECTION('',(0.,0.,1.));
#1664=DIRECTION('center_axis',(0.,0.,1.));
#1665=DIRECTION('ref_axis',(1.,-7.94457377988138E-14,0.));
#1666=DIRECTION('',(0.,0.,1.));
#1667=DIRECTION('center_axis',(0.,0.,1.));
#1668=DIRECTION('ref_axis',(1.,-7.94457377988138E-14,0.));
#1669=DIRECTION('',(0.,0.,1.));
#1670=DIRECTION('center_axis',(0.,0.,1.));
#1671=DIRECTION('ref_axis',(1.,-7.94457377988138E-14,0.));
#1672=DIRECTION('',(0.,0.,1.));
#1673=DIRECTION('center_axis',(0.,0.,1.));
#1674=DIRECTION('ref_axis',(1.,-7.94457377988138E-14,0.));
#1675=DIRECTION('',(0.,0.,1.));
#1676=DIRECTION('center_axis',(0.,0.,1.));
#1677=DIRECTION('ref_axis',(1.,-7.94457377988138E-14,0.));
#1678=DIRECTION('',(0.,0.,1.));
#1679=DIRECTION('center_axis',(0.,0.,1.));
#1680=DIRECTION('ref_axis',(1.,-7.94457377988138E-14,0.));
#1681=DIRECTION('',(0.,0.,1.));
#1682=DIRECTION('center_axis',(0.,0.,1.));
#1683=DIRECTION('ref_axis',(1.,-7.94457377988138E-14,0.));
#1684=DIRECTION('',(0.,0.,1.));
#1685=DIRECTION('center_axis',(0.,0.,1.));
#1686=DIRECTION('ref_axis',(1.,-7.94457377988138E-14,0.));
#1687=DIRECTION('',(0.,0.,1.));
#1688=DIRECTION('center_axis',(0.,0.,1.));
#1689=DIRECTION('ref_axis',(1.,-7.94457377988138E-14,0.));
#1690=DIRECTION('',(0.,0.,1.));
#1691=DIRECTION('center_axis',(0.,0.,1.));
#1692=DIRECTION('ref_axis',(1.,-7.94457377988138E-14,0.));
#1693=DIRECTION('',(0.,0.,1.));
#1694=DIRECTION('center_axis',(0.,0.,1.));
#1695=DIRECTION('ref_axis',(1.,-7.94457377988138E-14,0.));
#1696=DIRECTION('',(0.,0.,1.));
#1697=DIRECTION('center_axis',(0.,0.,1.));
#1698=DIRECTION('ref_axis',(1.,0.,0.));
#1699=DIRECTION('center_axis',(0.,0.,1.));
#1700=DIRECTION('ref_axis',(1.,0.,0.));
#1701=DIRECTION('',(0.707106781186547,8.65956056235493E-17,-0.707106781186547));
#1702=DIRECTION('center_axis',(0.,0.,-1.));
#1703=DIRECTION('ref_axis',(1.,0.,0.));
#1704=DIRECTION('center_axis',(0.,0.,1.));
#1705=DIRECTION('ref_axis',(1.,0.,0.));
#1706=DIRECTION('center_axis',(0.,0.,-1.));
#1707=DIRECTION('ref_axis',(1.,0.,0.));
#1708=DIRECTION('center_axis',(0.,0.,1.));
#1709=DIRECTION('ref_axis',(1.,0.,0.));
#1710=DIRECTION('',(0.,0.,-1.));
#1711=DIRECTION('center_axis',(0.,0.,1.));
#1712=DIRECTION('ref_axis',(1.,0.,0.));
#1713=DIRECTION('center_axis',(0.,0.,-1.));
#1714=DIRECTION('ref_axis',(1.,0.,0.));
#1715=DIRECTION('center_axis',(0.,0.,-1.));
#1716=DIRECTION('ref_axis',(1.,0.,0.));
#1717=DIRECTION('',(0.707106781186548,-8.65956056235494E-17,0.707106781186547));
#1718=DIRECTION('center_axis',(0.,0.,1.));
#1719=DIRECTION('ref_axis',(1.,0.,0.));
#1720=DIRECTION('center_axis',(0.,0.,1.));
#1721=DIRECTION('ref_axis',(1.,0.,0.));
#1722=DIRECTION('center_axis',(0.,0.,1.));
#1723=DIRECTION('ref_axis',(1.,0.,0.));
#1724=DIRECTION('',(0.,0.,-1.));
#1725=DIRECTION('center_axis',(0.,0.,1.));
#1726=DIRECTION('ref_axis',(1.,0.,0.));
#1727=DIRECTION('center_axis',(0.,0.,-1.));
#1728=DIRECTION('ref_axis',(1.,-7.94457377988138E-14,0.));
#1729=DIRECTION('center_axis',(0.,0.,1.));
#1730=DIRECTION('ref_axis',(0.888989397623275,0.457927779145803,0.));
#1731=DIRECTION('center_axis',(0.,0.,1.));
#1732=DIRECTION('ref_axis',(0.841420593352721,-0.540380777861274,0.));
#1733=DIRECTION('center_axis',(0.,0.,1.));
#1734=DIRECTION('ref_axis',(1.,0.,0.));
#1735=DIRECTION('center_axis',(0.,0.,-1.));
#1736=DIRECTION('ref_axis',(1.,0.,0.));
#1737=DIRECTION('',(0.,0.,-1.));
#1738=DIRECTION('center_axis',(0.,0.,-1.));
#1739=DIRECTION('ref_axis',(1.,0.,0.));
#1740=DIRECTION('center_axis',(0.,0.,1.));
#1741=DIRECTION('ref_axis',(1.,0.,0.));
#1742=DIRECTION('center_axis',(0.,0.,-1.));
#1743=DIRECTION('ref_axis',(1.,0.,0.));
#1744=DIRECTION('',(0.,0.,-1.));
#1745=DIRECTION('center_axis',(0.,0.,-1.));
#1746=DIRECTION('ref_axis',(1.,0.,0.));
#1747=DIRECTION('center_axis',(0.,0.,1.));
#1748=DIRECTION('ref_axis',(1.,0.,0.));
#1749=DIRECTION('center_axis',(0.,0.,-1.));
#1750=DIRECTION('ref_axis',(1.,0.,0.));
#1751=DIRECTION('',(0.,0.,-1.));
#1752=DIRECTION('center_axis',(0.,0.,-1.));
#1753=DIRECTION('ref_axis',(1.,0.,0.));
#1754=DIRECTION('center_axis',(0.,1.,0.));
#1755=DIRECTION('ref_axis',(-1.,0.,0.));
#1756=DIRECTION('',(-1.,0.,0.));
#1757=DIRECTION('',(0.,0.,1.));
#1758=DIRECTION('',(-1.,0.,0.));
#1759=DIRECTION('',(0.,0.,1.));
#1760=DIRECTION('center_axis',(0.,0.,1.));
#1761=DIRECTION('ref_axis',(1.,0.,0.));
#1762=DIRECTION('center_axis',(0.,0.,-1.));
#1763=DIRECTION('ref_axis',(1.,0.,0.));
#1764=DIRECTION('center_axis',(0.,0.,-1.));
#1765=DIRECTION('ref_axis',(1.,0.,0.));
#1766=DIRECTION('',(0.,0.,1.));
#1767=DIRECTION('center_axis',(0.,-1.,0.));
#1768=DIRECTION('ref_axis',(1.,0.,0.));
#1769=DIRECTION('',(1.,0.,0.));
#1770=DIRECTION('',(1.,0.,0.));
#1771=DIRECTION('',(0.,0.,1.));
#1772=DIRECTION('center_axis',(1.,0.,0.));
#1773=DIRECTION('ref_axis',(0.,1.,0.));
#1774=DIRECTION('',(0.,1.,0.));
#1775=DIRECTION('',(0.,1.,0.));
#1776=DIRECTION('center_axis',(0.,0.,1.));
#1777=DIRECTION('ref_axis',(1.,0.,0.));
#1778=DIRECTION('center_axis',(0.,0.,-1.));
#1779=DIRECTION('ref_axis',(1.,0.,0.));
#1780=DIRECTION('',(0.,0.,-1.));
#1781=DIRECTION('center_axis',(0.,0.,-1.));
#1782=DIRECTION('ref_axis',(1.,0.,0.));
#1783=DIRECTION('center_axis',(0.,0.,1.));
#1784=DIRECTION('ref_axis',(1.,0.,0.));
#1785=DIRECTION('center_axis',(0.,0.,1.));
#1786=DIRECTION('ref_axis',(1.,0.,0.));
#1787=CARTESIAN_POINT('',(0.,0.,0.));
#1788=CARTESIAN_POINT('Origin',(0.,0.,0.));
#1789=CARTESIAN_POINT('',(-29.9419946002571,0.000771119721822977,-9.68172099722744));
#1790=CARTESIAN_POINT('',(-29.9410473837249,0.000416913107083259,-9.81827900277255));
#1791=CARTESIAN_POINT('',(-29.942,-3.66683744600701E-15,0.));
#1792=CARTESIAN_POINT('',(12.4549852079979,27.2286009091277,-10.));
#1793=CARTESIAN_POINT('Ctrl Pts',(-29.9419946002571,0.000771119721822977,
-9.68172099722744));
#1794=CARTESIAN_POINT('Ctrl Pts',(-29.9431597998381,1.1463114470293,-9.68781016841499));
#1795=CARTESIAN_POINT('Ctrl Pts',(-29.8786699529493,2.29172081992457,-9.69389933960253));
#1796=CARTESIAN_POINT('Ctrl Pts',(-29.7475075364489,3.42944304157985,-9.69998851079008));
#1797=CARTESIAN_POINT('Ctrl Pts',(-29.1792548264984,8.35855118762036,-9.72636945222893));
#1798=CARTESIAN_POINT('Ctrl Pts',(-27.3595581589128,13.1433715249441,-9.75275039366777));
#1799=CARTESIAN_POINT('Ctrl Pts',(-24.5088083818812,17.2044501416866,-9.77913133510661));
#1800=CARTESIAN_POINT('Ctrl Pts',(-21.6580586048496,21.265528758429,-9.80551227654546));
#1801=CARTESIAN_POINT('Ctrl Pts',(-17.776255718372,24.6028656545902,-9.83189321798431));
#1802=CARTESIAN_POINT('Ctrl Pts',(-13.333521199585,26.8121902955048,-9.85827415942316));
#1803=CARTESIAN_POINT('Ctrl Pts',(-8.89078668079806,29.0215149364194,-9.88465510086201));
#1804=CARTESIAN_POINT('Ctrl Pts',(-3.88712052970172,30.1028273220873,-9.91103604230086));
#1805=CARTESIAN_POINT('Ctrl Pts',(1.07145867361065,29.9253225239639,-9.9374169837397));
#1806=CARTESIAN_POINT('Ctrl Pts',(4.99250705151152,29.7849587479277,-9.9582779891598));
#1807=CARTESIAN_POINT('Ctrl Pts',(8.88536246596223,28.8574539344651,-9.97913899457989));
#1808=CARTESIAN_POINT('Ctrl Pts',(12.4557957045963,27.2286768764517,-9.99999999999999));
#1809=CARTESIAN_POINT('',(-12.454985207998,27.2286009091277,-10.));
#1810=CARTESIAN_POINT('Origin',(0.,0.,-10.));
#1811=CARTESIAN_POINT('Ctrl Pts',(-12.4549852079979,27.2286009091277,-10.));
#1812=CARTESIAN_POINT('Ctrl Pts',(-16.9682985370769,25.164108100983,-9.97361905856115));
#1813=CARTESIAN_POINT('Ctrl Pts',(-20.9562611944874,21.9570810460731,-9.9472381171223));
#1814=CARTESIAN_POINT('Ctrl Pts',(-23.9373164136784,17.9914199510849,-9.92085717568346));
#1815=CARTESIAN_POINT('Ctrl Pts',(-26.9183716328693,14.0257588560967,-9.89447623424461));
#1816=CARTESIAN_POINT('Ctrl Pts',(-28.8925194138408,9.30146372103026,-9.86809529280577));
#1817=CARTESIAN_POINT('Ctrl Pts',(-29.6205116347009,4.39313117377625,-9.84171435136692));
#1818=CARTESIAN_POINT('Ctrl Pts',(-29.8360807860065,2.93970206942855,-9.83390256850213));
#1819=CARTESIAN_POINT('Ctrl Pts',(-29.9423821858299,1.4701358511747,-9.82609078563734));
#1820=CARTESIAN_POINT('Ctrl Pts',(-29.9410473837249,0.000416913107083259,
-9.81827900277255));
#1821=CARTESIAN_POINT('Origin',(0.,0.,0.));
#1822=CARTESIAN_POINT('',(-29.9434577892508,-0.000596445063059115,-8.68172099722744));
#1823=CARTESIAN_POINT('',(-29.9442102328467,-0.00034182801287214,-8.81827900277256));
#1824=CARTESIAN_POINT('',(-29.942,-3.66683744600701E-15,0.));
#1825=CARTESIAN_POINT('Ctrl Pts',(-29.9434577892508,-0.000596445063059115,
-8.68172099722744));
#1826=CARTESIAN_POINT('Ctrl Pts',(-29.9395920481961,4.2977359609069,-8.70457220448215));
#1827=CARTESIAN_POINT('Ctrl Pts',(-29.0039069446345,8.59769703720638,-8.72742341173685));
#1828=CARTESIAN_POINT('Ctrl Pts',(-27.2093734914869,12.5030078013152,-8.75027461899156));
#1829=CARTESIAN_POINT('Ctrl Pts',(-25.1376456650374,17.0115562302932,-8.77665556043041));
#1830=CARTESIAN_POINT('Ctrl Pts',(-21.9212518822545,20.9941179967378,-8.80303650186925));
#1831=CARTESIAN_POINT('Ctrl Pts',(-17.9497341506722,23.9683594242406,-8.8294174433081));
#1832=CARTESIAN_POINT('Ctrl Pts',(-13.9782164190898,26.9426008517433,-8.85579838474695));
#1833=CARTESIAN_POINT('Ctrl Pts',(-9.25157473870808,28.9085219403042,-8.8821793261858));
#1834=CARTESIAN_POINT('Ctrl Pts',(-4.34225937238304,29.6280271680042,-8.90856026762464));
#1835=CARTESIAN_POINT('Ctrl Pts',(0.567055993942006,30.3475323957042,-8.93494120906349));
#1836=CARTESIAN_POINT('Ctrl Pts',(5.65904504621033,29.8206217625433,-8.96132215050234));
#1837=CARTESIAN_POINT('Ctrl Pts',(10.317009772459,28.1111102283951,-8.98770309194119));
#1838=CARTESIAN_POINT('Ctrl Pts',(14.9749744987078,26.4015986942469,-9.01408403338003));
#1839=CARTESIAN_POINT('Ctrl Pts',(19.1989148989368,23.5094862591115,-9.04046497481889));
#1840=CARTESIAN_POINT('Ctrl Pts',(22.4772635846366,19.7850406275432,-9.06684591625773));
#1841=CARTESIAN_POINT('Ctrl Pts',(25.7556122703363,16.0605949959749,-9.09322685769658));
#1842=CARTESIAN_POINT('Ctrl Pts',(28.0883692415067,11.5038161679738,-9.11960779913542));
#1843=CARTESIAN_POINT('Ctrl Pts',(29.1930109706171,6.66658232322577,-9.14598874057427));
#1844=CARTESIAN_POINT('Ctrl Pts',(30.2976526997275,1.82934847847775,-9.17236968201312));
#1845=CARTESIAN_POINT('Ctrl Pts',(30.174179186778,-3.28834038301724,-9.19875062345197));
#1846=CARTESIAN_POINT('Ctrl Pts',(28.837544536314,-8.06667418064442,-9.22513156489082));
#1847=CARTESIAN_POINT('Ctrl Pts',(27.5009098858499,-12.8450079782716,-9.25151250632967));
#1848=CARTESIAN_POINT('Ctrl Pts',(24.9511140978714,-17.283986712031,-9.27789344776851));
#1849=CARTESIAN_POINT('Ctrl Pts',(21.4969664505878,-20.8459984972642,-9.30427438920736));
#1850=CARTESIAN_POINT('Ctrl Pts',(18.0428188033043,-24.4080102824973,-9.3306553306462));
#1851=CARTESIAN_POINT('Ctrl Pts',(13.6843192967157,-27.0930551192041,-9.35703627208505));
#1852=CARTESIAN_POINT('Ctrl Pts',(8.94933216868083,-28.5759451115438,-9.3834172135239));
#1853=CARTESIAN_POINT('Ctrl Pts',(4.21434504064598,-30.0588351038835,-9.40979815496275));
#1854=CARTESIAN_POINT('Ctrl Pts',(-0.897129708835183,-30.339570251856,-9.4361790964016));
#1855=CARTESIAN_POINT('Ctrl Pts',(-5.76603449907231,-29.3841471094553,-9.46256003784045));
#1856=CARTESIAN_POINT('Ctrl Pts',(-10.6349392893095,-28.4287239670547,-9.4889409792793));
#1857=CARTESIAN_POINT('Ctrl Pts',(-15.2612741203026,-26.237142534281,-9.51532192071814));
#1858=CARTESIAN_POINT('Ctrl Pts',(-19.0847363357549,-23.0748344699721,-9.54170286215699));
#1859=CARTESIAN_POINT('Ctrl Pts',(-22.9081985512072,-19.9125264056633,-9.56808380359583));
#1860=CARTESIAN_POINT('Ctrl Pts',(-25.9287881511188,-15.7794917098193,-9.59446474503468));
#1861=CARTESIAN_POINT('Ctrl Pts',(-27.7806785749168,-11.1762763845186,-9.62084568647353));
#1862=CARTESIAN_POINT('Ctrl Pts',(-29.2051211065606,-7.63556166003471,-9.64113745672483));
#1863=CARTESIAN_POINT('Ctrl Pts',(-29.9381116478046,-3.81666813750768,-9.66142922697614));
#1864=CARTESIAN_POINT('Ctrl Pts',(-29.9419946002571,0.000771119721822977,
-9.68172099722744));
#1865=CARTESIAN_POINT('Ctrl Pts',(-29.9410473837249,0.000416913107083259,
-9.81827900277255));
#1866=CARTESIAN_POINT('Ctrl Pts',(-29.937874465022,-3.49320861293002,-9.79970984419849));
#1867=CARTESIAN_POINT('Ctrl Pts',(-29.3265070465095,-6.98769707679919,-9.78114068562442));
#1868=CARTESIAN_POINT('Ctrl Pts',(-28.1288593702259,-10.2683532642329,-9.76257152705036));
#1869=CARTESIAN_POINT('Ctrl Pts',(-26.4273782241418,-14.9291351955467,-9.73619058561152));
#1870=CARTESIAN_POINT('Ctrl Pts',(-23.5425792712248,-19.1583290987327,-9.70980964417268));
#1871=CARTESIAN_POINT('Ctrl Pts',(-19.823800903854,-22.4431636378132,-9.68342870273383));
#1872=CARTESIAN_POINT('Ctrl Pts',(-16.1050225364832,-25.7279981768937,-9.65704776129498));
#1873=CARTESIAN_POINT('Ctrl Pts',(-11.5522647546586,-28.0684733518687,-9.63066681985612));
#1874=CARTESIAN_POINT('Ctrl Pts',(-6.71694148557346,-29.1814264677228,-9.60428587841728));
#1875=CARTESIAN_POINT('Ctrl Pts',(-1.88161821648837,-30.294379583577,-9.57790493697843));
#1876=CARTESIAN_POINT('Ctrl Pts',(3.2362705398572,-30.1798106403103,-9.5515239955396));
#1877=CARTESIAN_POINT('Ctrl Pts',(8.01690209372225,-28.8514404599423,-9.52514305410075));
#1878=CARTESIAN_POINT('Ctrl Pts',(12.7975336475873,-27.5230702795744,-9.4987621126619));
#1879=CARTESIAN_POINT('Ctrl Pts',(17.2409079989718,-24.9808988621052,-9.47238117122304));
#1880=CARTESIAN_POINT('Ctrl Pts',(20.808875459189,-21.5328933496331,-9.44600022978419));
#1881=CARTESIAN_POINT('Ctrl Pts',(24.3768429194061,-18.084887837161,-9.41961928834534));
#1882=CARTESIAN_POINT('Ctrl Pts',(27.069403488456,-13.7310482296859,-9.39323834690651));
#1883=CARTESIAN_POINT('Ctrl Pts',(28.5604606631595,-8.99863163769065,-9.36685740546766));
#1884=CARTESIAN_POINT('Ctrl Pts',(30.051517837863,-4.26621504569542,-9.34047646402882));
#1885=CARTESIAN_POINT('Ctrl Pts',(30.3410716182202,0.844778530819887,-9.31409552258996));
#1886=CARTESIAN_POINT('Ctrl Pts',(29.3940519943972,5.71532709365455,-9.28771458115111));
#1887=CARTESIAN_POINT('Ctrl Pts',(28.4470323705742,10.5858756564892,-9.26133363971226));
#1888=CARTESIAN_POINT('Ctrl Pts',(26.2634393425711,15.2159792056432,-9.23495269827342));
#1889=CARTESIAN_POINT('Ctrl Pts',(23.1077318674577,19.0448910564526,-9.20857175683457));
#1890=CARTESIAN_POINT('Ctrl Pts',(19.9520243923444,22.873802907262,-9.18219081539572));
#1891=CARTESIAN_POINT('Ctrl Pts',(15.8242024701208,25.9015230597268,-9.15580987395687));
#1892=CARTESIAN_POINT('Ctrl Pts',(11.2241919796259,27.7613538953126,-9.12942893251802));
#1893=CARTESIAN_POINT('Ctrl Pts',(6.62418148913109,29.6211847308985,-9.10304799107917));
#1894=CARTESIAN_POINT('Ctrl Pts',(1.55198243036503,30.3131262496053,-9.07666704964033));
#1895=CARTESIAN_POINT('Ctrl Pts',(-3.37810373509403,29.753379656886,-9.05028610820148));
#1896=CARTESIAN_POINT('Ctrl Pts',(-8.3081899005531,29.1936330641667,-9.02390516676264));
#1897=CARTESIAN_POINT('Ctrl Pts',(-13.0961631727052,27.3821983600213,-8.99752422532379));
#1898=CARTESIAN_POINT('Ctrl Pts',(-17.1621454606262,24.5384592760921,-8.97114328388494));
#1899=CARTESIAN_POINT('Ctrl Pts',(-21.2281277485472,21.694720192163,-8.94476234244609));
#1900=CARTESIAN_POINT('Ctrl Pts',(-24.5721190522372,17.8186767284501,-8.91838140100725));
#1901=CARTESIAN_POINT('Ctrl Pts',(-26.789123780661,13.379762883987,-8.8920004595684));
#1902=CARTESIAN_POINT('Ctrl Pts',(-28.8542613305793,9.24491935229561,-8.86742664063645));
#1903=CARTESIAN_POINT('Ctrl Pts',(-29.9415235931751,4.62167866718518,-8.8428528217045));
#1904=CARTESIAN_POINT('Ctrl Pts',(-29.9442102328467,-0.00034182801287214,
-8.81827900277256));
#1905=CARTESIAN_POINT('Origin',(0.,0.,0.));
#1906=CARTESIAN_POINT('',(-29.9394666285254,-7.25019014935491E-6,-7.68172099722744));
#1907=CARTESIAN_POINT('',(-29.9396480611203,-0.00029801667953917,-7.81827900277256));
#1908=CARTESIAN_POINT('',(-29.942,-3.66683744600701E-15,0.));
#1909=CARTESIAN_POINT('Ctrl Pts',(-29.9394666285254,-7.25019014935491E-6,
-7.68172099722744));
#1910=CARTESIAN_POINT('Ctrl Pts',(-29.9394455151806,2.48995454109227,-7.69495329911046));
#1911=CARTESIAN_POINT('Ctrl Pts',(-29.6322367999839,4.97992145012558,-7.70818560099348));
#1912=CARTESIAN_POINT('Ctrl Pts',(-29.0179021739196,7.39165497231466,-7.7214179028765));
#1913=CARTESIAN_POINT('Ctrl Pts',(-27.7931171034659,12.1998736312784,-7.74779884431534));
#1914=CARTESIAN_POINT('Ctrl Pts',(-25.3475834284415,16.6971341638141,-7.77417978575419));
#1915=CARTESIAN_POINT('Ctrl Pts',(-21.9774831951039,20.338766978701,-7.80056072719304));
#1916=CARTESIAN_POINT('Ctrl Pts',(-18.6073829617662,23.9803997935879,-7.82694166863189));
#1917=CARTESIAN_POINT('Ctrl Pts',(-14.3127161701154,26.7664048908261,-7.85332261007074));
#1918=CARTESIAN_POINT('Ctrl Pts',(-9.61361599653722,28.3593652481139,-7.87970355150958));
#1919=CARTESIAN_POINT('Ctrl Pts',(-4.91451582295904,29.9523256054017,-7.90608449294843));
#1920=CARTESIAN_POINT('Ctrl Pts',(0.189017732546365,30.3522412227391,-7.93246543438728));
#1921=CARTESIAN_POINT('Ctrl Pts',(5.07888849447015,29.5106777534146,-7.95884637582612));
#1922=CARTESIAN_POINT('Ctrl Pts',(9.96875925639398,28.6691142840901,-7.98522731726497));
#1923=CARTESIAN_POINT('Ctrl Pts',(14.6449672247362,26.5860717281035,-8.01160825870382));
#1924=CARTESIAN_POINT('Ctrl Pts',(18.5411702309368,23.513830319028,-8.03798920014267));
#1925=CARTESIAN_POINT('Ctrl Pts',(22.4373732371374,20.4415889099525,-8.06437014158152));
#1926=CARTESIAN_POINT('Ctrl Pts',(25.5535712811966,16.3801486477879,-8.09075108302036));
#1927=CARTESIAN_POINT('Ctrl Pts',(27.5123572054682,11.8213963136291,-8.11713202445921));
#1928=CARTESIAN_POINT('Ctrl Pts',(29.4711431297398,7.26264397947014,-8.14351296589806));
#1929=CARTESIAN_POINT('Ctrl Pts',(30.2725169342239,2.20657957331687,-8.16989390733691));
#1930=CARTESIAN_POINT('Ctrl Pts',(29.819423102702,-2.73444978510862,-8.19627484877576));
#1931=CARTESIAN_POINT('Ctrl Pts',(29.3663292711802,-7.6754791435341,-8.2226557902146));
#1932=CARTESIAN_POINT('Ctrl Pts',(27.6587678036524,-12.5014734542318,-8.24903673165345));
#1933=CARTESIAN_POINT('Ctrl Pts',(24.9035438873809,-16.6279497128267,-8.2754176730923));
#1934=CARTESIAN_POINT('Ctrl Pts',(22.1483199711093,-20.7544259714216,-8.30179861453115));
#1935=CARTESIAN_POINT('Ctrl Pts',(18.3454336060939,-24.1813841779137,-8.32817955596999));
#1936=CARTESIAN_POINT('Ctrl Pts',(13.9554577448454,-26.4937805709577,-8.35456049740884));
#1937=CARTESIAN_POINT('Ctrl Pts',(9.56548188359688,-28.8061769640018,-8.38094143884769));
#1938=CARTESIAN_POINT('Ctrl Pts',(4.58841652611529,-30.0040115435978,-8.40732238028654));
#1939=CARTESIAN_POINT('Ctrl Pts',(-0.372958894547468,-29.9422128684094,
-8.43370332172539));
#1940=CARTESIAN_POINT('Ctrl Pts',(-5.33433431521021,-29.880414193221,-8.46008426316424));
#1941=CARTESIAN_POINT('Ctrl Pts',(-10.2800197990541,-28.5589822632482,-8.48646520460308));
#1942=CARTESIAN_POINT('Ctrl Pts',(-14.6110363741981,-26.1379575692818,-8.51284614604193));
#1943=CARTESIAN_POINT('Ctrl Pts',(-18.9420529493422,-23.7169328753154,-8.53922708748077));
#1944=CARTESIAN_POINT('Ctrl Pts',(-22.6584006157865,-20.1963154173553,-8.56560802891962));
#1945=CARTESIAN_POINT('Ctrl Pts',(-25.3099872449983,-16.0024921635904,-8.59198897035847));
#1946=CARTESIAN_POINT('Ctrl Pts',(-27.96157387421,-11.8086689098254,-8.61836991179732));
#1947=CARTESIAN_POINT('Ctrl Pts',(-29.5483994661893,-6.9416398602555,-8.64475085323617));
#1948=CARTESIAN_POINT('Ctrl Pts',(-29.8782813271209,-1.99085778971484,-8.67113179467501));
#1949=CARTESIAN_POINT('Ctrl Pts',(-29.922419072696,-1.32844986340446,-8.67466152885916));
#1950=CARTESIAN_POINT('Ctrl Pts',(-29.9440549147416,-0.664542584058906,
-8.6781912630433));
#1951=CARTESIAN_POINT('Ctrl Pts',(-29.9434577892508,-0.000596445063059115,
-8.68172099722744));
#1952=CARTESIAN_POINT('Ctrl Pts',(-29.9442102328467,-0.00034182801287214,
-8.81827900277256));
#1953=CARTESIAN_POINT('Ctrl Pts',(-29.9444078043773,-0.340238418256268,
-8.81647188026566));
#1954=CARTESIAN_POINT('Ctrl Pts',(-29.93874008279,-0.680128409815957,-8.81466475775876));
#1955=CARTESIAN_POINT('Ctrl Pts',(-29.9271646344133,-1.01981708670244,-8.81285763525186));
#1956=CARTESIAN_POINT('Ctrl Pts',(-29.7581826065841,-5.97869898771551,-8.78647669381301));
#1957=CARTESIAN_POINT('Ctrl Pts',(-28.3302003977678,-10.8946785645284,-8.76009575237416));
#1958=CARTESIAN_POINT('Ctrl Pts',(-25.8161629362701,-15.172374325607,-8.73371481093531));
#1959=CARTESIAN_POINT('Ctrl Pts',(-23.3021254747723,-19.4500700866856,-8.70733386949646));
#1960=CARTESIAN_POINT('Ctrl Pts',(-19.7020327605931,-23.0894820320299,-8.68095292805761));
#1961=CARTESIAN_POINT('Ctrl Pts',(-15.4518971300584,-25.6498359554984,-8.65457198661876));
#1962=CARTESIAN_POINT('Ctrl Pts',(-11.2017614995236,-28.2101898789669,-8.62819104517992));
#1963=CARTESIAN_POINT('Ctrl Pts',(-6.30158295263337,-29.6914857805594,-8.60181010374107));
#1964=CARTESIAN_POINT('Ctrl Pts',(-1.34482904661916,-29.9143217489958,-8.57542916230222));
#1965=CARTESIAN_POINT('Ctrl Pts',(3.61192485939504,-30.1371577174321,-8.54904822086338));
#1966=CARTESIAN_POINT('Ctrl Pts',(8.62525412453322,-29.1015337527122,-8.52266727942453));
#1967=CARTESIAN_POINT('Ctrl Pts',(13.0879873398742,-26.9328757748558,-8.49628633798568));
#1968=CARTESIAN_POINT('Ctrl Pts',(17.5507205552152,-24.7642177969994,-8.46990539654684));
#1969=CARTESIAN_POINT('Ctrl Pts',(21.4628577207589,-21.4625258060065,-8.44352445510799));
#1970=CARTESIAN_POINT('Ctrl Pts',(24.3505943662406,-17.4276723756335,-8.41714351366914));
#1971=CARTESIAN_POINT('Ctrl Pts',(27.2383310117223,-13.3928189452606,-8.39076257223029));
#1972=CARTESIAN_POINT('Ctrl Pts',(29.101667137142,-8.62480407550769,-8.36438163079145));
#1973=CARTESIAN_POINT('Ctrl Pts',(29.7149314651106,-3.70108880844707,-8.3380006893526));
#1974=CARTESIAN_POINT('Ctrl Pts',(30.3281957930792,1.22262645861362,-8.31161974791375));
#1975=CARTESIAN_POINT('Ctrl Pts',(29.6913883235966,6.30204212298203,-8.2852388064749));
#1976=CARTESIAN_POINT('Ctrl Pts',(27.8816337114077,10.9219829661754,-8.25885786503605));
#1977=CARTESIAN_POINT('Ctrl Pts',(26.0718790992188,15.5419238093686,-8.2324769235972));
#1978=CARTESIAN_POINT('Ctrl Pts',(23.0891773443235,19.7023898313869,-8.20609598215836));
#1979=CARTESIAN_POINT('Ctrl Pts',(19.294767679555,22.8995010984181,-8.17971504071951));
#1980=CARTESIAN_POINT('Ctrl Pts',(15.5003580147865,26.0966123654493,-8.15333409928066));
#1981=CARTESIAN_POINT('Ctrl Pts',(10.8942404401448,28.3303688774936,-8.12695315784181));
#1982=CARTESIAN_POINT('Ctrl Pts',(6.03426837746629,29.330237221776,-8.10057221640297));
#1983=CARTESIAN_POINT('Ctrl Pts',(1.17429631478772,30.3301055660585,-8.07419127496412));
#1984=CARTESIAN_POINT('Ctrl Pts',(-3.93953023592769,30.0960857425792,-8.04781033352527));
#1985=CARTESIAN_POINT('Ctrl Pts',(-8.68786850000159,28.6565202227984,-8.02142939208643));
#1986=CARTESIAN_POINT('Ctrl Pts',(-13.4362067640755,27.2169547030176,-7.99504845064758));
#1987=CARTESIAN_POINT('Ctrl Pts',(-17.8190567415079,24.5718434869353,-7.96866750920872));
#1988=CARTESIAN_POINT('Ctrl Pts',(-21.3056052653864,21.0415397397934,-7.94228656776988));
#1989=CARTESIAN_POINT('Ctrl Pts',(-24.7921537892648,17.5112359926515,-7.91590562633103));
#1990=CARTESIAN_POINT('Ctrl Pts',(-27.3824008595894,13.09573971445,-7.88952468489219));
#1991=CARTESIAN_POINT('Ctrl Pts',(-28.762637985899,8.32981791158275,-7.86314374345334));
#1992=CARTESIAN_POINT('Ctrl Pts',(-29.5450712801947,5.62809671781658,-7.84818882989308));
#1993=CARTESIAN_POINT('Ctrl Pts',(-29.938659883322,2.81376396611225,-7.83323391633282));
#1994=CARTESIAN_POINT('Ctrl Pts',(-29.9396480611203,-0.00029801667953917,
-7.81827900277256));
#1995=CARTESIAN_POINT('Origin',(0.,0.,0.));
#1996=CARTESIAN_POINT('',(-29.9434141399509,0.000606200816667679,-6.68172099722744));
#1997=CARTESIAN_POINT('',(-29.9424388747599,0.000743944202562425,-6.81827900277255));
#1998=CARTESIAN_POINT('',(-29.942,-3.66683744600701E-15,0.));
#1999=CARTESIAN_POINT('Ctrl Pts',(-29.9434141399509,0.000606200816667679,
-6.68172099722744));
#2000=CARTESIAN_POINT('Ctrl Pts',(-29.9440323213392,0.680292163569997,-6.68533439373877));
#2001=CARTESIAN_POINT('Ctrl Pts',(-29.9213578222238,1.35993694751123,-6.68894779025011));
#2002=CARTESIAN_POINT('Ctrl Pts',(-29.8751045979135,2.03797327476429,-6.69256118676144));
#2003=CARTESIAN_POINT('Ctrl Pts',(-29.5374157785267,6.9882289653797,-6.71894212820029));
#2004=CARTESIAN_POINT('Ctrl Pts',(-27.9429168689162,11.8527495461167,-6.74532306963913));
#2005=CARTESIAN_POINT('Ctrl Pts',(-25.2847198898352,16.0423860412812,-6.77170401107798));
#2006=CARTESIAN_POINT('Ctrl Pts',(-22.6265229107542,20.2320225364457,-6.79808495251683));
#2007=CARTESIAN_POINT('Ctrl Pts',(-18.9046278622028,23.7467749460376,-6.82446589395568));
#2008=CARTESIAN_POINT('Ctrl Pts',(-14.5697987237143,26.1609666288418,-6.85084683539452));
#2009=CARTESIAN_POINT('Ctrl Pts',(-10.2349695852259,28.575158311646,-6.87722777683337));
#2010=CARTESIAN_POINT('Ctrl Pts',(-5.28720635680054,29.8887892676625,-6.90360871827221));
#2011=CARTESIAN_POINT('Ctrl Pts',(-0.325739649065492,29.9427637917068,-6.92998965971106));
#2012=CARTESIAN_POINT('Ctrl Pts',(4.63572705866962,29.9967383157511,-6.95637060114991));
#2013=CARTESIAN_POINT('Ctrl Pts',(9.6108972457144,28.7910564078231,-6.98275154258877));
#2014=CARTESIAN_POINT('Ctrl Pts',(13.9972210058749,26.4717399110376,-7.00913248402761));
#2015=CARTESIAN_POINT('Ctrl Pts',(18.3835447660353,24.152423414252,-7.03551342546646));
#2016=CARTESIAN_POINT('Ctrl Pts',(22.1810220993113,20.719472328609,-7.0618943669053));
#2017=CARTESIAN_POINT('Ctrl Pts',(24.9297351486421,16.5886562211494,-7.08827530834415));
#2018=CARTESIAN_POINT('Ctrl Pts',(27.678448197973,12.4578401136898,-7.114656249783));
#2019=CARTESIAN_POINT('Ctrl Pts',(29.3783969633585,7.62915898441355,-7.14103719122185));
#2020=CARTESIAN_POINT('Ctrl Pts',(29.8236982426955,2.68742124229992,-7.1674181326607));
#2021=CARTESIAN_POINT('Ctrl Pts',(30.2689995220324,-2.25431649981374,-7.19379907409955));
#2022=CARTESIAN_POINT('Ctrl Pts',(29.4596533153208,-7.30911085476485,-7.22018001553839));
#2023=CARTESIAN_POINT('Ctrl Pts',(27.4936806876896,-11.8647685206365,-7.24656095697724));
#2024=CARTESIAN_POINT('Ctrl Pts',(25.5277080600585,-16.420426186508,-7.27294189841609));
#2025=CARTESIAN_POINT('Ctrl Pts',(22.4051090115079,-20.4769471633,-7.29932283985494));
#2026=CARTESIAN_POINT('Ctrl Pts',(18.5040659344079,-23.5430404514796,-7.32570378129378));
#2027=CARTESIAN_POINT('Ctrl Pts',(14.603022857308,-26.6091337396592,-7.35208472273263));
#2028=CARTESIAN_POINT('Ctrl Pts',(9.92353575165882,-28.6847993392265,-7.37846566417148));
#2029=CARTESIAN_POINT('Ctrl Pts',(5.03234392697922,-29.518650450275,-7.40484660561032));
#2030=CARTESIAN_POINT('Ctrl Pts',(0.141152102299634,-30.3525015613236,-7.43122754704917));
#2031=CARTESIAN_POINT('Ctrl Pts',(-4.96174444141033,-29.9445381838534,-7.45760848848802));
#2032=CARTESIAN_POINT('Ctrl Pts',(-9.65832667804043,-28.3441693401865,-7.48398942992687));
#2033=CARTESIAN_POINT('Ctrl Pts',(-14.3549089146705,-26.7438004965197,-7.51037037136572));
#2034=CARTESIAN_POINT('Ctrl Pts',(-18.6451768442207,-23.951026186656,-7.53675131280456));
#2035=CARTESIAN_POINT('Ctrl Pts',(-22.0095300427239,-20.304083261831,-7.56313225424341));
#2036=CARTESIAN_POINT('Ctrl Pts',(-25.3738832412271,-16.6571403370059,-7.58951319568226));
#2037=CARTESIAN_POINT('Ctrl Pts',(-27.8123217086832,-12.1560287972195,-7.61589413712111));
#2038=CARTESIAN_POINT('Ctrl Pts',(-29.0295227094698,-7.3458846346303,-7.64227507855996));
#2039=CARTESIAN_POINT('Ctrl Pts',(-29.63619314477,-4.94843979923403,-7.65542371811578));
#2040=CARTESIAN_POINT('Ctrl Pts',(-29.9394876083793,-2.47422605133242,-7.66857235767161));
#2041=CARTESIAN_POINT('Ctrl Pts',(-29.9394666285254,-7.25019014935491E-6,
-7.68172099722744));
#2042=CARTESIAN_POINT('Ctrl Pts',(-29.9396480611203,-0.00029801667953917,
-7.81827900277256));
#2043=CARTESIAN_POINT('Ctrl Pts',(-29.9404030602734,-2.15033054865574,-7.80685297489397));
#2044=CARTESIAN_POINT('Ctrl Pts',(-29.7119797506528,-4.30020502078931,-7.79542694701538));
#2045=CARTESIAN_POINT('Ctrl Pts',(-29.2527030776848,-6.39957600132473,-7.78400091913679));
#2046=CARTESIAN_POINT('Ctrl Pts',(-28.1923038608667,-11.2467007838321,-7.75761997769794));
#2047=CARTESIAN_POINT('Ctrl Pts',(-25.9012782449358,-15.824603021314,-7.7312390362591));
#2048=CARTESIAN_POINT('Ctrl Pts',(-22.6570955863343,-19.578846491535,-7.70485809482025));
#2049=CARTESIAN_POINT('Ctrl Pts',(-19.4129129277328,-23.3330899617559,-7.6784771533814));
#2050=CARTESIAN_POINT('Ctrl Pts',(-15.2155732264606,-26.2636746647159,-7.65209621194256));
#2051=CARTESIAN_POINT('Ctrl Pts',(-10.5734222371695,-28.0156733373023,-7.62571527050371));
#2052=CARTESIAN_POINT('Ctrl Pts',(-5.93127124787848,-29.7676720098888,-7.59933432906486));
#2053=CARTESIAN_POINT('Ctrl Pts',(-0.844308970568587,-30.3410846521017,
-7.57295338762601));
#2054=CARTESIAN_POINT('Ctrl Pts',(4.07137539021543,-29.6664644469057,-7.54657244618717));
#2055=CARTESIAN_POINT('Ctrl Pts',(8.98705975099943,-28.9918442417097,-7.52019150474832));
#2056=CARTESIAN_POINT('Ctrl Pts',(13.7314661952575,-27.0691911891047,-7.49381056330947));
#2057=CARTESIAN_POINT('Ctrl Pts',(17.7299929404467,-24.1313605227605,-7.46742962187062));
#2058=CARTESIAN_POINT('Ctrl Pts',(21.7285196856358,-21.1935298564163,-7.44104868043177));
#2059=CARTESIAN_POINT('Ctrl Pts',(24.981166731756,-17.2405215763329,-7.41466773899292));
#2060=CARTESIAN_POINT('Ctrl Pts',(27.0940013893032,-12.751090112775,-7.38828679755407));
#2061=CARTESIAN_POINT('Ctrl Pts',(29.2068360468504,-8.26165864921716,-7.36190585611523));
#2062=CARTESIAN_POINT('Ctrl Pts',(30.1798583158245,-3.23580400218479,-7.33552491467639));
#2063=CARTESIAN_POINT('Ctrl Pts',(29.8952240914307,1.71778545541187,-7.30914397323754));
#2064=CARTESIAN_POINT('Ctrl Pts',(29.6105898670369,6.67137491300851,-7.28276303179869));
#2065=CARTESIAN_POINT('Ctrl Pts',(28.0682991492752,11.5526991811695,-7.25638209035983));
#2066=CARTESIAN_POINT('Ctrl Pts',(25.4551409508573,15.7705741658215,-7.23000114892099));
#2067=CARTESIAN_POINT('Ctrl Pts',(22.8419827524394,19.9884491504736,-7.20362020748214));
#2068=CARTESIAN_POINT('Ctrl Pts',(19.1579570733653,23.5428748516168,-7.1772392660433));
#2069=CARTESIAN_POINT('Ctrl Pts',(14.8492414802081,26.0033697395193,-7.15085832460445));
#2070=CARTESIAN_POINT('Ctrl Pts',(10.5405258870509,28.4638646274219,-7.1244773831656));
#2071=CARTESIAN_POINT('Ctrl Pts',(5.60712037981052,29.8304287020839,-7.09809644172675));
#2072=CARTESIAN_POINT('Ctrl Pts',(0.646516685171074,29.937555453368,-7.0717155002879));
#2073=CARTESIAN_POINT('Ctrl Pts',(-4.31408700946841,30.0446822046521,-7.04533455884905));
#2074=CARTESIAN_POINT('Ctrl Pts',(-9.30188889150693,28.8923716325583,-7.01895361741021));
#2075=CARTESIAN_POINT('Ctrl Pts',(-13.7128092122834,26.6201817021447,-6.99257267597136));
#2076=CARTESIAN_POINT('Ctrl Pts',(-18.1237295330599,24.3479917717312,-6.96619173453252));
#2077=CARTESIAN_POINT('Ctrl Pts',(-21.9577682925743,20.9559224829979,-6.93981079309366));
#2078=CARTESIAN_POINT('Ctrl Pts',(-24.7505796276629,16.8547921506734,-6.91342985165482));
#2079=CARTESIAN_POINT('Ctrl Pts',(-27.5433909627516,12.753661818349,-6.88704891021597));
#2080=CARTESIAN_POINT('Ctrl Pts',(-29.2949748734145,7.94347044243325,-6.86066796877712));
#2081=CARTESIAN_POINT('Ctrl Pts',(-29.7931945519884,3.00678711169455,-6.83428702733828));
#2082=CARTESIAN_POINT('Ctrl Pts',(-29.8939682219025,2.00825630723924,-6.8289510191497));
#2083=CARTESIAN_POINT('Ctrl Pts',(-29.9434640554809,1.00455044385774,-6.82361501096113));
#2084=CARTESIAN_POINT('Ctrl Pts',(-29.9424388747599,0.000743944202562425,
-6.81827900277255));
#2085=CARTESIAN_POINT('Origin',(0.,0.,0.));
#2086=CARTESIAN_POINT('',(-29.9420431273246,-0.000763418470963728,-5.68172099722744));
#2087=CARTESIAN_POINT('',(-29.9430492666727,-0.000674348690139111,-5.81827900277255));
#2088=CARTESIAN_POINT('',(-29.942,-3.66683744600701E-15,0.));
#2089=CARTESIAN_POINT('Ctrl Pts',(-29.9420431273246,-0.000763418470963728,
-5.68172099722744));
#2090=CARTESIAN_POINT('Ctrl Pts',(-29.9381369724344,3.83239604318488,-5.70209642980593));
#2091=CARTESIAN_POINT('Ctrl Pts',(-29.1989395839016,7.66701866251168,-5.72247186238443));
#2092=CARTESIAN_POINT('Ctrl Pts',(-27.7630194053347,11.2200696657344,-5.74284729496292));
#2093=CARTESIAN_POINT('Ctrl Pts',(-25.9038723175021,15.8203563140872,-5.76922823640177));
#2094=CARTESIAN_POINT('Ctrl Pts',(-22.8767680494914,19.948627986804,-5.79560917784062));
#2095=CARTESIAN_POINT('Ctrl Pts',(-19.0483234855811,23.1049038559693,-5.82199011927946));
#2096=CARTESIAN_POINT('Ctrl Pts',(-15.2198789216708,26.2611797251345,-5.84837106071831));
#2097=CARTESIAN_POINT('Ctrl Pts',(-10.5900940618608,28.4454597907482,-5.87475200215716));
#2098=CARTESIAN_POINT('Ctrl Pts',(-5.71968870629807,29.3932028011234,-5.901132943596));
#2099=CARTESIAN_POINT('Ctrl Pts',(-0.849283350735359,30.3409458114986,-5.92751388503485));
#2100=CARTESIAN_POINT('Ctrl Pts',(4.26174250058009,30.0521517666353,-5.9538948264737));
#2101=CARTESIAN_POINT('Ctrl Pts',(8.99438526958285,28.5617969222392,-5.98027576791255));
#2102=CARTESIAN_POINT('Ctrl Pts',(13.7270280385857,27.0714420778431,-6.0066567093514));
#2103=CARTESIAN_POINT('Ctrl Pts',(18.0812877252758,24.3795264339142,-6.03303765079025));
#2104=CARTESIAN_POINT('Ctrl Pts',(21.5298137733665,20.8120717058413,-6.0594185922291));
#2105=CARTESIAN_POINT('Ctrl Pts',(24.9783398214572,17.2446169777684,-6.08579953366794));
#2106=CARTESIAN_POINT('Ctrl Pts',(27.5211322309484,12.8016231655515,-6.11218047510679));
#2107=CARTESIAN_POINT('Ctrl Pts',(28.8502298125327,8.02118754106738,-6.13856141654564));
#2108=CARTESIAN_POINT('Ctrl Pts',(30.1793273941169,3.24075191658337,-6.16494235798448));
#2109=CARTESIAN_POINT('Ctrl Pts',(30.2947301477941,-1.87712552016783,-6.19132329942333));
#2110=CARTESIAN_POINT('Ctrl Pts',(29.1824614826563,-6.71261138590681,-6.21770424086218));
#2111=CARTESIAN_POINT('Ctrl Pts',(28.0701928175184,-11.5480972516458,-6.24408518230103));
#2112=CARTESIAN_POINT('Ctrl Pts',(25.7302527335655,-16.1011915463726,-6.27046612373988));
#2113=CARTESIAN_POINT('Ctrl Pts',(22.4460346877201,-19.8204625728713,-6.29684706517872));
#2114=CARTESIAN_POINT('Ctrl Pts',(19.1618166418747,-23.5397335993699,-6.32322800661757));
#2115=CARTESIAN_POINT('Ctrl Pts',(14.9333206341369,-26.4251813576405,-6.34960894805642));
#2116=CARTESIAN_POINT('Ctrl Pts',(10.2726658035542,-28.1273451838849,-6.37598988949526));
#2117=CARTESIAN_POINT('Ctrl Pts',(5.61201097297129,-29.8295090101293,-6.40237083093411));
#2118=CARTESIAN_POINT('Ctrl Pts',(0.519197319543437,-30.3483889043473,-6.42875177237296));
#2119=CARTESIAN_POINT('Ctrl Pts',(-4.38897728373858,-29.6211425878164,-6.45513271381181));
#2120=CARTESIAN_POINT('Ctrl Pts',(-9.29715188702045,-28.8938962712855,-6.48151365525066));
#2121=CARTESIAN_POINT('Ctrl Pts',(-14.0206874401565,-26.9205237440056,-6.50789459668951));
#2122=CARTESIAN_POINT('Ctrl Pts',(-17.9875098637801,-23.9400229470512,-6.53427553812836));
#2123=CARTESIAN_POINT('Ctrl Pts',(-21.9543322874037,-20.9595221500967,-6.5606564795672));
#2124=CARTESIAN_POINT('Ctrl Pts',(-25.1644415815148,-16.9718930834677,-6.58703742100604));
#2125=CARTESIAN_POINT('Ctrl Pts',(-27.2290568639889,-12.4600831499063,-6.61341836244489));
#2126=CARTESIAN_POINT('Ctrl Pts',(-29.0108818724226,-8.56625564549809,-6.63618590737241));
#2127=CARTESIAN_POINT('Ctrl Pts',(-29.9395190588308,-4.28200730286449,-6.65895345229992));
#2128=CARTESIAN_POINT('Ctrl Pts',(-29.9434141399509,0.000606200816667679,
-6.68172099722744));
#2129=CARTESIAN_POINT('Ctrl Pts',(-29.9424388747599,0.000743944202562425,
-6.81827900277255));
#2130=CARTESIAN_POINT('Ctrl Pts',(-29.9383956163762,-3.95821564410295,-6.79723406952228));
#2131=CARTESIAN_POINT('Ctrl Pts',(-29.148512248283,-7.91874060122301,-6.776189136272));
#2132=CARTESIAN_POINT('Ctrl Pts',(-27.6192175176043,-11.5695304167,-6.75514420302173));
#2133=CARTESIAN_POINT('Ctrl Pts',(-25.7021653581612,-16.1459893287941,-6.72876326158288));
#2134=CARTESIAN_POINT('Ctrl Pts',(-22.6232055927901,-20.2357318674207,-6.70238232014404));
#2135=CARTESIAN_POINT('Ctrl Pts',(-18.7552353984821,-23.3434435226513,-6.67600137870519));
#2136=CARTESIAN_POINT('Ctrl Pts',(-14.887265204174,-26.4511551778819,-6.64962043726634));
#2137=CARTESIAN_POINT('Ctrl Pts',(-10.2302845809291,-28.5768359497164,-6.62323949582749));
#2138=CARTESIAN_POINT('Ctrl Pts',(-5.3483070463129,-29.463041629914,-6.59685855438864));
#2139=CARTESIAN_POINT('Ctrl Pts',(-0.466329511696727,-30.3492473101116,
-6.5704776129498));
#2140=CARTESIAN_POINT('Ctrl Pts',(4.64064493429061,-29.9959778986724,-6.54409667151095));
#2141=CARTESIAN_POINT('Ctrl Pts',(9.35410338501978,-28.4460183542451,-6.51771573007211));
#2142=CARTESIAN_POINT('Ctrl Pts',(14.0675618357489,-26.8960588098178,-6.49133478863326));
#2143=CARTESIAN_POINT('Ctrl Pts',(18.3875042912199,-24.1494091324025,-6.46495384719441));
#2144=CARTESIAN_POINT('Ctrl Pts',(21.7907364036121,-20.538719953687,-6.43857290575556));
#2145=CARTESIAN_POINT('Ctrl Pts',(25.1939685160043,-16.9280307749714,-6.41219196431671));
#2146=CARTESIAN_POINT('Ctrl Pts',(27.6804902853178,-12.4533020949556,-6.38581102287786));
#2147=CARTESIAN_POINT('Ctrl Pts',(28.9491555391561,-7.65647464029193,-6.35943008143902));
#2148=CARTESIAN_POINT('Ctrl Pts',(30.2178207929944,-2.85964718562832,-6.33304914000017));
#2149=CARTESIAN_POINT('Ctrl Pts',(30.2686295313576,2.25927904368314,-6.30666819856132));
#2150=CARTESIAN_POINT('Ctrl Pts',(29.0954282359972,7.08034364361084,-6.28028725712247));
#2151=CARTESIAN_POINT('Ctrl Pts',(27.9222269406369,11.9014082435385,-6.25390631568362));
#2152=CARTESIAN_POINT('Ctrl Pts',(25.5250156115531,16.4246112140826,-6.22752537424478));
#2153=CARTESIAN_POINT('Ctrl Pts',(22.1941239072625,20.1021410386249,-6.20114443280593));
#2154=CARTESIAN_POINT('Ctrl Pts',(18.8632322029717,23.7796708631673,-6.17476349136708));
#2155=CARTESIAN_POINT('Ctrl Pts',(14.598660123474,26.6115275417081,-6.14838254992824));
#2156=CARTESIAN_POINT('Ctrl Pts',(9.9168960319515,28.254740902,-6.12200160848939));
#2157=CARTESIAN_POINT('Ctrl Pts',(5.23513194042901,29.8979542622919,-6.09562066705054));
#2158=CARTESIAN_POINT('Ctrl Pts',(0.136175836881677,30.352524304335,-6.06923972561169));
#2159=CARTESIAN_POINT('Ctrl Pts',(-4.76243048486811,29.5633974066663,-6.04285878417284));
#2160=CARTESIAN_POINT('Ctrl Pts',(-9.66103680661789,28.7742705089977,-6.01647784273399));
#2161=CARTESIAN_POINT('Ctrl Pts',(-14.3592933465701,26.7414466716172,-5.99009690129515));
#2162=CARTESIAN_POINT('Ctrl Pts',(-18.2881876024399,23.7111240679486,-5.9637159598563));
#2163=CARTESIAN_POINT('Ctrl Pts',(-22.2170818583097,20.68080146428,-5.93733501841745));
#2164=CARTESIAN_POINT('Ctrl Pts',(-25.376613830097,16.6529800943233,-5.91095407697861));
#2165=CARTESIAN_POINT('Ctrl Pts',(-27.3841281268015,12.1154751075889,-5.88457313553976));
#2166=CARTESIAN_POINT('Ctrl Pts',(-29.0657261802838,8.31462568605077,-5.86247509128402));
#2167=CARTESIAN_POINT('Ctrl Pts',(-29.9389988061598,4.15615134574044,-5.84037704702829));
#2168=CARTESIAN_POINT('Ctrl Pts',(-29.9430492666727,-0.000674348690139111,
-5.81827900277255));
#2169=CARTESIAN_POINT('Origin',(0.,0.,0.));
#2170=CARTESIAN_POINT('',(-29.939809047472,0.000401481271704585,-4.68172099722744));
#2171=CARTESIAN_POINT('',(-29.9394962674695,0.000122776500877385,-4.81827900277256));
#2172=CARTESIAN_POINT('',(-29.942,-3.66683744600701E-15,0.));
#2173=CARTESIAN_POINT('Ctrl Pts',(-29.939809047472,0.000401481271704585,
-4.68172099722744));
#2174=CARTESIAN_POINT('Ctrl Pts',(-29.9407730881145,2.02442309870906,-4.69247752443425));
#2175=CARTESIAN_POINT('Ctrl Pts',(-29.7385235270354,4.04825468212166,-4.70323405164106));
#2176=CARTESIAN_POINT('Ctrl Pts',(-29.3311328838486,6.02991322947023,-4.71399057884786));
#2177=CARTESIAN_POINT('Ctrl Pts',(-28.3319861802689,10.8900337018387,-4.74037152028671));
#2178=CARTESIAN_POINT('Ctrl Pts',(-26.098913628989,15.4964829020235,-4.76675246172556));
#2179=CARTESIAN_POINT('Ctrl Pts',(-22.9023658087249,19.2913672446582,-4.7931334031644));
#2180=CARTESIAN_POINT('Ctrl Pts',(-19.7058179884608,23.0862515872929,-4.81951434460325));
#2181=CARTESIAN_POINT('Ctrl Pts',(-15.5457948992127,26.0695710723775,-4.8458952860421));
#2182=CARTESIAN_POINT('Ctrl Pts',(-10.926122827912,27.8800116526931,-4.87227622748095));
#2183=CARTESIAN_POINT('Ctrl Pts',(-6.30645075661123,29.6904522330087,-4.8986571689198));
#2184=CARTESIAN_POINT('Ctrl Pts',(-1.2271297032579,30.3280139085552,-4.92503811035864));
#2185=CARTESIAN_POINT('Ctrl Pts',(3.69667656705776,29.7154806820198,-4.95141905179749));
#2186=CARTESIAN_POINT('Ctrl Pts',(8.62048283737342,29.1029474554844,-4.97779999323634));
#2187=CARTESIAN_POINT('Ctrl Pts',(13.3887743246514,27.2403193268671,-5.00418093467518));
#2188=CARTESIAN_POINT('Ctrl Pts',(17.4240564949667,24.3531818263062,-5.03056187611403));
#2189=CARTESIAN_POINT('Ctrl Pts',(21.459338665282,21.4660443257453,-5.05694281755288));
#2190=CARTESIAN_POINT('Ctrl Pts',(24.7616115186347,17.5543974532409,-5.08332375899173));
#2191=CARTESIAN_POINT('Ctrl Pts',(26.9309321137368,13.0919863004139,-5.10970470043057));
#2192=CARTESIAN_POINT('Ctrl Pts',(29.1002527088388,8.62957514758691,-5.13608564186942));
#2193=CARTESIAN_POINT('Ctrl Pts',(30.1366210456904,3.6163997144373,-5.16246658330827));
#2194=CARTESIAN_POINT('Ctrl Pts',(29.9145210875178,-1.34038722366976,-5.18884752474712));
#2195=CARTESIAN_POINT('Ctrl Pts',(29.6924211293451,-6.29717416177682,-5.21522846618597));
#2196=CARTESIAN_POINT('Ctrl Pts',(28.2118528761483,-11.1975726048413,-5.24160940762482));
#2197=CARTESIAN_POINT('Ctrl Pts',(25.6521300455566,-15.4480883584595,-5.26799034906366));
#2198=CARTESIAN_POINT('Ctrl Pts',(23.0924072149649,-19.6986041120779,-5.29437129050251));
#2199=CARTESIAN_POINT('Ctrl Pts',(19.4535298069782,-23.2992371762499,-5.32075223194136));
#2200=CARTESIAN_POINT('Ctrl Pts',(15.1762074171282,-25.8139097820773,-5.3471331733802));
#2201=CARTESIAN_POINT('Ctrl Pts',(10.8988850272784,-28.3285823879046,-5.37351411481905));
#2202=CARTESIAN_POINT('Ctrl Pts',(5.98311765556534,-29.7572945353874,-5.3998950562579));
#2203=CARTESIAN_POINT('Ctrl Pts',(1.02426084910386,-29.9270128732875,-5.42627599769675));
#2204=CARTESIAN_POINT('Ctrl Pts',(-3.93459595735763,-30.0967312111877,-5.4526569391356));
#2205=CARTESIAN_POINT('Ctrl Pts',(-8.93654219856757,-29.0074557395052,-5.47903788057444));
#2206=CARTESIAN_POINT('Ctrl Pts',(-13.3757850824972,-26.7911101530296,-5.50541882201329));
#2207=CARTESIAN_POINT('Ctrl Pts',(-17.8150279664267,-24.5747645665542,-5.53179976345214));
#2208=CARTESIAN_POINT('Ctrl Pts',(-21.6915674930759,-21.2313488652856,-5.55818070489098));
#2209=CARTESIAN_POINT('Ctrl Pts',(-24.5359104711923,-17.1657888590813,-5.58456164632983));
#2210=CARTESIAN_POINT('Ctrl Pts',(-27.3802534493088,-13.1002288528769,-5.61094258776868));
#2211=CARTESIAN_POINT('Ctrl Pts',(-29.1923998788924,-8.31252454173658,-5.63732352920753));
#2212=CARTESIAN_POINT('Ctrl Pts',(-29.7528781398571,-3.38252157417197,-5.66370447064638));
#2213=CARTESIAN_POINT('Ctrl Pts',(-29.8804686267266,-2.26022741450704,-5.66970997950673));
#2214=CARTESIAN_POINT('Ctrl Pts',(-29.9431944377428,-1.13055897110243,-5.67571548836709));
#2215=CARTESIAN_POINT('Ctrl Pts',(-29.9420431273246,-0.000763418470963728,
-5.68172099722744));
#2216=CARTESIAN_POINT('Ctrl Pts',(-29.9430492666727,-0.000674348690139111,
-5.81827900277255));
#2217=CARTESIAN_POINT('Ctrl Pts',(-29.9438343002133,-0.806322887145961,
-5.81399610558944));
#2218=CARTESIAN_POINT('Ctrl Pts',(-29.9119681890412,-1.61190949646866,-5.80971320840633));
#2219=CARTESIAN_POINT('Ctrl Pts',(-29.8470075844383,-2.41481854435654,-5.80543031122321));
#2220=CARTESIAN_POINT('Ctrl Pts',(-29.4468761237492,-7.36041860605562,-5.77904936978437));
#2221=CARTESIAN_POINT('Ctrl Pts',(-27.7911165807493,-12.2044301259419,-5.75266842834552));
#2222=CARTESIAN_POINT('Ctrl Pts',(-25.080260338247,-16.3601880097216,-5.72628748690667));
#2223=CARTESIAN_POINT('Ctrl Pts',(-22.3694040957448,-20.5159458935014,-5.69990654546782));
#2224=CARTESIAN_POINT('Ctrl Pts',(-18.60345115374,-23.9834501411746,-5.67352560402897));
#2225=CARTESIAN_POINT('Ctrl Pts',(-14.2385014056284,-26.3427464033196,-5.64714466259013));
#2226=CARTESIAN_POINT('Ctrl Pts',(-9.87355165751669,-28.7020426654646,-5.62076372115128));
#2227=CARTESIAN_POINT('Ctrl Pts',(-4.90960510329803,-29.9531309420813,-5.59438277971244));
#2228=CARTESIAN_POINT('Ctrl Pts',(0.052147660897732,-29.9444901604477,-5.56800183827359));
#2229=CARTESIAN_POINT('Ctrl Pts',(5.01390042509353,-29.9358493788141,-5.54162089683474));
#2230=CARTESIAN_POINT('Ctrl Pts',(9.97345939926648,-28.6674795389302,-5.51523995539589));
#2231=CARTESIAN_POINT('Ctrl Pts',(14.330165373319,-26.292994708116,-5.48885901395704));
#2232=CARTESIAN_POINT('Ctrl Pts',(18.6868713473715,-23.9185098773018,-5.46247807251819));
#2233=CARTESIAN_POINT('Ctrl Pts',(22.4407243213036,-20.4379100555574,-5.43609713107935));
#2234=CARTESIAN_POINT('Ctrl Pts',(25.1370898459865,-16.2727356158235,-5.4097161896405));
#2235=CARTESIAN_POINT('Ctrl Pts',(27.8334553706694,-12.1075611760897,-5.38333524820166));
#2236=CARTESIAN_POINT('Ctrl Pts',(29.4723334461032,-7.2578121183662,-5.35695430676281));
#2237=CARTESIAN_POINT('Ctrl Pts',(29.8552372279207,-2.31084841827902,-5.33057336532396));
#2238=CARTESIAN_POINT('Ctrl Pts',(30.2381410097383,2.63611528180833,-5.30419242388511));
#2239=CARTESIAN_POINT('Ctrl Pts',(29.3650704979395,7.68029362425949,-5.27781148244626));
#2240=CARTESIAN_POINT('Ctrl Pts',(27.3417644984762,12.2107790274639,-5.25143054100741));
#2241=CARTESIAN_POINT('Ctrl Pts',(25.318458499013,16.7412644306682,-5.22504959956857));
#2242=CARTESIAN_POINT('Ctrl Pts',(22.1449170118853,20.7580568946256,-5.19866865812972));
#2243=CARTESIAN_POINT('Ctrl Pts',(18.2054921403338,23.7746769962481,-5.17228771669088));
#2244=CARTESIAN_POINT('Ctrl Pts',(14.2660672687824,26.7912970978707,-5.14590677525203));
#2245=CARTESIAN_POINT('Ctrl Pts',(9.56075901280728,28.8077448371583,-5.11952583381318));
#2246=CARTESIAN_POINT('Ctrl Pts',(4.65943391800608,29.579805373116,-5.09314489237433));
#2247=CARTESIAN_POINT('Ctrl Pts',(-0.241891176795144,30.3518659090736,-5.06676395093548));
#2248=CARTESIAN_POINT('Ctrl Pts',(-5.33923311042252,29.8795392417013,-5.04038300949663));
#2249=CARTESIAN_POINT('Ctrl Pts',(-10.0152455834581,28.2200295224989,-5.01400206805779));
#2250=CARTESIAN_POINT('Ctrl Pts',(-14.6912580564937,26.5605198032965,-4.98762112661894));
#2251=CARTESIAN_POINT('Ctrl Pts',(-18.9459410689375,23.7138270322642,-4.96124018518009));
#2252=CARTESIAN_POINT('Ctrl Pts',(-22.2640039365214,20.0247182018186,-4.93485924374124));
#2253=CARTESIAN_POINT('Ctrl Pts',(-25.5820668041054,16.335609371373,-4.9084783023024));
#2254=CARTESIAN_POINT('Ctrl Pts',(-27.9635095268294,11.8040844815141,-4.88209736086355));
#2255=CARTESIAN_POINT('Ctrl Pts',(-29.1199122044215,6.97896292829191,-4.85571641942471));
#2256=CARTESIAN_POINT('Ctrl Pts',(-29.6669324710411,4.69650602148869,-4.84323728054066));
#2257=CARTESIAN_POINT('Ctrl Pts',(-29.9398338618523,2.34835298693674,-4.83075814165661));
#2258=CARTESIAN_POINT('Ctrl Pts',(-29.9394962674695,0.000122776500877385,
-4.81827900277256));
#2259=CARTESIAN_POINT('Origin',(0.,0.,0.));
#2260=CARTESIAN_POINT('',(-29.9443997567106,0.000220758172844171,-3.68172099722744));
#2261=CARTESIAN_POINT('',(-29.9437869562818,0.000509056366025742,-3.81827900277255));
#2262=CARTESIAN_POINT('',(-29.942,-3.66683744600701E-15,0.));
#2263=CARTESIAN_POINT('Ctrl Pts',(-29.9443997567106,0.000220758172844171,
-3.68172099722744));
#2264=CARTESIAN_POINT('Ctrl Pts',(-29.9444847768713,0.214188915405511,-3.68285861906256));
#2265=CARTESIAN_POINT('Ctrl Pts',(-29.9422389613919,0.428155282933033,-3.68399624089768));
#2266=CARTESIAN_POINT('Ctrl Pts',(-29.9376511118575,0.642071420964327,-3.6851338627328));
#2267=CARTESIAN_POINT('Ctrl Pts',(-29.8312609335405,5.60269096605813,-3.71151480417165));
#2268=CARTESIAN_POINT('Ctrl Pts',(-28.465429407607,10.5362993307269,-3.7378957456105));
#2269=CARTESIAN_POINT('Ctrl Pts',(-26.0055743241801,14.845380219936,-3.76427668704934));
#2270=CARTESIAN_POINT('Ctrl Pts',(-23.5457192407532,19.1544611091452,-3.79065762848819));
#2271=CARTESIAN_POINT('Ctrl Pts',(-19.9918405998329,22.8390145228949,-3.81703856992704));
#2272=CARTESIAN_POINT('Ctrl Pts',(-15.7743536759134,25.4527989799181,-3.84341951136589));
#2273=CARTESIAN_POINT('Ctrl Pts',(-11.5568667519937,28.0665834369414,-3.86980045280474));
#2274=CARTESIAN_POINT('Ctrl Pts',(-6.6757715450747,29.6095989372383,-3.89618139424358));
#2275=CARTESIAN_POINT('Ctrl Pts',(-1.72222440729712,29.8949686886579,-3.92256233568243));
#2276=CARTESIAN_POINT('Ctrl Pts',(3.23132273048039,30.1803384400774,-3.94894327712128));
#2277=CARTESIAN_POINT('Ctrl Pts',(8.25732179911647,29.2080624426196,-3.97532421856013));
#2278=CARTESIAN_POINT('Ctrl Pts',(12.7470669345939,27.0958944190795,-4.00170515999897));
#2279=CARTESIAN_POINT('Ctrl Pts',(17.2368120700714,24.9837263955394,-4.02808610143782));
#2280=CARTESIAN_POINT('Ctrl Pts',(21.1903032723903,21.7316663459169,-4.05446704287667));
#2281=CARTESIAN_POINT('Ctrl Pts',(24.1287276238942,17.7335758677389,-4.08084798431552));
#2282=CARTESIAN_POINT('Ctrl Pts',(27.0671519753981,13.7354853895607,-4.10722892575436));
#2283=CARTESIAN_POINT('Ctrl Pts',(28.990509476087,8.99136448282703,-4.13360986719321));
#2284=CARTESIAN_POINT('Ctrl Pts',(29.6658595755782,4.07578034822747,-4.15999080863206));
#2285=CARTESIAN_POINT('Ctrl Pts',(30.3412096750694,-0.839803786372083,-4.18637175007091));
#2286=CARTESIAN_POINT('Ctrl Pts',(29.768552373363,-5.92685114883749,-4.21275269150976));
#2287=CARTESIAN_POINT('Ctrl Pts',(28.0172430071513,-10.5692622298415,-4.2391336329486));
#2288=CARTESIAN_POINT('Ctrl Pts',(26.2659336409396,-15.2116733108455,-4.26551457438745));
#2289=CARTESIAN_POINT('Ctrl Pts',(23.3359722102227,-19.409448110388,-4.2918955158263));
#2290=CARTESIAN_POINT('Ctrl Pts',(19.5822104927001,-22.6541881784475,-4.31827645726515));
#2291=CARTESIAN_POINT('Ctrl Pts',(15.8284487751774,-25.898928246507,-4.34465739870399));
#2292=CARTESIAN_POINT('Ctrl Pts',(11.2508867708491,-28.1906335830833,-4.37103834014284));
#2293=CARTESIAN_POINT('Ctrl Pts',(6.40391949588699,-29.2517525098091,-4.39741928158169));
#2294=CARTESIAN_POINT('Ctrl Pts',(1.55695222092484,-30.3128714365348,-4.42380022302054));
#2295=CARTESIAN_POINT('Ctrl Pts',(-3.55942032467105,-30.14340395341,-4.45018116445938));
#2296=CARTESIAN_POINT('Ctrl Pts',(-8.32554701712003,-28.7638745072816,-4.47656210589823));
#2297=CARTESIAN_POINT('Ctrl Pts',(-13.091673709569,-27.3843450611533,-4.50294304733708));
#2298=CARTESIAN_POINT('Ctrl Pts',(-17.5075545488711,-24.7947536520216,-4.52932398877593));
#2299=CARTESIAN_POINT('Ctrl Pts',(-21.0383759536911,-21.3087293623077,-4.55570493021478));
#2300=CARTESIAN_POINT('Ctrl Pts',(-24.569197358511,-17.822705072594,-4.58208587165362));
#2301=CARTESIAN_POINT('Ctrl Pts',(-27.2149593288489,-13.4402479022982,-4.60846681309247));
#2302=CARTESIAN_POINT('Ctrl Pts',(-28.6552298860782,-8.69212344487426,-4.63484775453132));
#2303=CARTESIAN_POINT('Ctrl Pts',(-29.5082465930265,-5.87999244037467,-4.65047216876336));
#2304=CARTESIAN_POINT('Ctrl Pts',(-29.9384087283871,-2.93959500248469,-4.6660965829954));
#2305=CARTESIAN_POINT('Ctrl Pts',(-29.939809047472,0.000401481271704585,
-4.68172099722744));
#2306=CARTESIAN_POINT('Ctrl Pts',(-29.9394962674695,0.000122776500877385,
-4.81827900277256));
#2307=CARTESIAN_POINT('Ctrl Pts',(-29.9391201861953,-2.61581355067864,-4.80437720021776));
#2308=CARTESIAN_POINT('Ctrl Pts',(-29.5996535762441,-5.23184565339786,-4.79047539766296));
#2309=CARTESIAN_POINT('Ctrl Pts',(-28.9223128705752,-7.75725651014883,-4.77657359510816));
#2310=CARTESIAN_POINT('Ctrl Pts',(-27.6369482266767,-12.5496361787818,-4.75019265366931));
#2311=CARTESIAN_POINT('Ctrl Pts',(-25.1348563064194,-17.0156772994625,-4.72381171223046));
#2312=CARTESIAN_POINT('Ctrl Pts',(-21.7190690052281,-20.6144913081508,-4.69743077079162));
#2313=CARTESIAN_POINT('Ctrl Pts',(-18.3032817040368,-24.2133053168391,-4.67104982935277));
#2314=CARTESIAN_POINT('Ctrl Pts',(-13.9737990219112,-26.9448922135352,-4.64466888791392));
#2315=CARTESIAN_POINT('Ctrl Pts',(-9.25497073703133,-28.4784256412531,-4.61828794647507));
#2316=CARTESIAN_POINT('Ctrl Pts',(-4.53614245215136,-30.011959068971,-4.59190700503623));
#2317=CARTESIAN_POINT('Ctrl Pts',(0.572031435482979,-30.3474390277107,-4.56552606359738));
#2318=CARTESIAN_POINT('Ctrl Pts',(5.45089275316625,-29.4442350646296,-4.53914512215853));
#2319=CARTESIAN_POINT('Ctrl Pts',(10.3297540708496,-28.5410311015486,-4.51276418071968));
#2320=CARTESIAN_POINT('Ctrl Pts',(14.9793028185819,-26.3991432166467,-4.48638323928083));
#2321=CARTESIAN_POINT('Ctrl Pts',(18.836425563764,-23.2779784845778,-4.46000229784199));
#2322=CARTESIAN_POINT('Ctrl Pts',(22.693548308946,-20.1568137525089,-4.43362135640314));
#2323=CARTESIAN_POINT('Ctrl Pts',(25.7582450515779,-16.0563721732731,-4.40724041496429));
#2324=CARTESIAN_POINT('Ctrl Pts',(27.6593460295492,-11.4732640327567,-4.38085947352544));
#2325=CARTESIAN_POINT('Ctrl Pts',(29.5604470075204,-6.8901558922403,-4.3544785320866));
#2326=CARTESIAN_POINT('Ctrl Pts',(30.2979522208309,-1.82438119044323,-4.32809759064775));
#2327=CARTESIAN_POINT('Ctrl Pts',(29.7825413687892,3.11053692536265,-4.3017166492089));
#2328=CARTESIAN_POINT('Ctrl Pts',(29.2671305167475,8.04545504116853,-4.27533570777005));
#2329=CARTESIAN_POINT('Ctrl Pts',(27.4988035993536,12.8495165709832,-4.24895476633121));
#2330=CARTESIAN_POINT('Ctrl Pts',(24.691725193524,16.9408948203799,-4.22257382489236));
#2331=CARTESIAN_POINT('Ctrl Pts',(21.8846467876945,21.0322730697766,-4.19619288345351));
#2332=CARTESIAN_POINT('Ctrl Pts',(18.0388168934292,24.4109680387553,-4.16981194201466));
#2333=CARTESIAN_POINT('Ctrl Pts',(13.6200094149178,26.6677811953908,-4.14343100057582));
#2334=CARTESIAN_POINT('Ctrl Pts',(9.20120193640639,28.9245943520263,-4.11705005913697));
#2335=CARTESIAN_POINT('Ctrl Pts',(4.20941687364899,30.0595256963186,-4.09066911769812));
#2336=CARTESIAN_POINT('Ctrl Pts',(-0.750783616036434,29.9351220860977,-4.06428817625927));
#2337=CARTESIAN_POINT('Ctrl Pts',(-5.71098410572186,29.8107184758769,-4.03790723482042));
#2338=CARTESIAN_POINT('Ctrl Pts',(-10.6396000223353,28.4269799111429,-4.01152629338158));
#2339=CARTESIAN_POINT('Ctrl Pts',(-14.9397197132953,25.9514929288444,-3.98514535194273));
#2340=CARTESIAN_POINT('Ctrl Pts',(-19.2398394042554,23.4760059465459,-3.95876441050388));
#2341=CARTESIAN_POINT('Ctrl Pts',(-22.9114628695621,19.908770546683,-3.93238346906503));
#2342=CARTESIAN_POINT('Ctrl Pts',(-25.5099145923135,15.6818196597383,-3.90600252762618));
#2343=CARTESIAN_POINT('Ctrl Pts',(-28.1083663150648,11.4548687727937,-3.87962158618734));
#2344=CARTESIAN_POINT('Ctrl Pts',(-29.6336462952608,6.56820239876737,-3.85324064474849));
#2345=CARTESIAN_POINT('Ctrl Pts',(-29.9010257147033,1.6136516217373,-3.82685970330964));
#2346=CARTESIAN_POINT('Ctrl Pts',(-29.9300151113774,1.07647700255172,-3.82399946979728));
#2347=CARTESIAN_POINT('Ctrl Pts',(-29.9442178948434,0.538504402634286,-3.82113923628492));
#2348=CARTESIAN_POINT('Ctrl Pts',(-29.9437869562818,0.000509056366025742,
-3.81827900277255));
#2349=CARTESIAN_POINT('Origin',(0.,0.,0.));
#2350=CARTESIAN_POINT('',(-29.9406861681809,-0.000672863729449525,-2.68172099722744));
#2351=CARTESIAN_POINT('',(-29.9416043828399,-0.000762297451903075,-2.81827900277256));
#2352=CARTESIAN_POINT('',(-29.942,-3.66683744600701E-15,0.));
#2353=CARTESIAN_POINT('Ctrl Pts',(-29.9406861681809,-0.000672863729449524,
-2.68172099722744));
#2354=CARTESIAN_POINT('Ctrl Pts',(-29.9378872092775,3.36716624647124,-2.69962065512972));
#2355=CARTESIAN_POINT('Ctrl Pts',(-29.3706734417497,6.73592451873207,-2.717520313032));
#2356=CARTESIAN_POINT('Ctrl Pts',(-28.2562130853127,9.91270053428054,-2.73541997093429));
#2357=CARTESIAN_POINT('Ctrl Pts',(-26.6136949120838,14.5947085641564,-2.76180091237313));
#2358=CARTESIAN_POINT('Ctrl Pts',(-23.7824714876064,18.8597010816004,-2.78818185381198));
#2359=CARTESIAN_POINT('Ctrl Pts',(-20.1054362898314,22.1911388035957,-2.81456279525083));
#2360=CARTESIAN_POINT('Ctrl Pts',(-16.4284010920565,25.522576525591,-2.84094373668968));
#2361=CARTESIAN_POINT('Ctrl Pts',(-11.905554120984,27.9204594521375,-2.86732467812852));
#2362=CARTESIAN_POINT('Ctrl Pts',(-7.08466377763172,29.0943765865989,-2.89370561956737));
#2363=CARTESIAN_POINT('Ctrl Pts',(-2.26377343427948,30.2682937210604,-2.92008656100622));
#2364=CARTESIAN_POINT('Ctrl Pts',(2.85516028135245,30.2182450634368,-2.94646750244507));
#2365=CARTESIAN_POINT('Ctrl Pts',(7.65217605855376,28.9502920775218,-2.97284844388392));
#2366=CARTESIAN_POINT('Ctrl Pts',(12.4491918357552,27.6823390916068,-2.99922938532276));
#2367=CARTESIAN_POINT('Ctrl Pts',(16.924289674526,25.1964817774003,-3.02561032676161));
#2368=CARTESIAN_POINT('Ctrl Pts',(20.5354841388741,21.7937858341999,-3.05199126820046));
#2369=CARTESIAN_POINT('Ctrl Pts',(24.1466786032221,18.3910898909996,-3.0783722096393));
#2370=CARTESIAN_POINT('Ctrl Pts',(26.8939696931474,14.0715553188055,-3.10475315107815));
#2371=CARTESIAN_POINT('Ctrl Pts',(28.4446290945849,9.35832706611689,-3.131134092517));
#2372=CARTESIAN_POINT('Ctrl Pts',(29.9952884960225,4.64509881342827,-3.15751503395585));
#2373=CARTESIAN_POINT('Ctrl Pts',(30.3493162089723,-0.461823119754852,-3.1838959753947));
#2374=CARTESIAN_POINT('Ctrl Pts',(29.4638354358159,-5.3439321867032,-3.21027691683354));
#2375=CARTESIAN_POINT('Ctrl Pts',(28.5783546626594,-10.2260412536516,-3.23665785827239));
#2376=CARTESIAN_POINT('Ctrl Pts',(26.4533654033967,-14.8833374543651,-3.26303879971124));
#2377=CARTESIAN_POINT('Ctrl Pts',(23.3462281162017,-18.7517690512441,-3.28941974115009));
#2378=CARTESIAN_POINT('Ctrl Pts',(20.2390908290067,-22.6202006481232,-3.31580068258894));
#2379=CARTESIAN_POINT('Ctrl Pts',(16.1498055138793,-25.6997676411676,-3.34218162402778));
#2380=CARTESIAN_POINT('Ctrl Pts',(11.5736313057628,-27.6174993111829,-3.36856256546663));
#2381=CARTESIAN_POINT('Ctrl Pts',(6.9974570976464,-29.5352309811982,-3.39494350690548));
#2382=CARTESIAN_POINT('Ctrl Pts',(1.9343939965409,-30.2911273281844,-3.42132444834433));
#2383=CARTESIAN_POINT('Ctrl Pts',(-3.00236325608153,-29.7936406752088,-3.44770538978317));
#2384=CARTESIAN_POINT('Ctrl Pts',(-7.93912050870395,-29.2961540222331,-3.47408633122202));
#2385=CARTESIAN_POINT('Ctrl Pts',(-12.7495719128433,-27.5452843692958,-3.50046727266087));
#2386=CARTESIAN_POINT('Ctrl Pts',(-16.8511168873451,-24.7530820192952,-3.52684821409972));
#2387=CARTESIAN_POINT('Ctrl Pts',(-20.9526618618468,-21.9608796692947,-3.55322915553856));
#2388=CARTESIAN_POINT('Ctrl Pts',(-24.345300406711,-18.1273446222311,-3.57961009697741));
#2389=CARTESIAN_POINT('Ctrl Pts',(-26.6181452637929,-13.7167617359398,-3.60599103841626));
#2390=CARTESIAN_POINT('Ctrl Pts',(-28.7929785338641,-9.49637582986956,-3.63123435801999));
#2391=CARTESIAN_POINT('Ctrl Pts',(-29.9425131973785,-4.74763693169731,-3.65647767762371));
#2392=CARTESIAN_POINT('Ctrl Pts',(-29.9443997567106,0.000220758172844171,
-3.68172099722744));
#2393=CARTESIAN_POINT('Ctrl Pts',(-29.9437869562818,0.000509056366025742,
-3.81827900277255));
#2394=CARTESIAN_POINT('Ctrl Pts',(-29.940243196656,-4.42361622944854,-3.79475829484607));
#2395=CARTESIAN_POINT('Ctrl Pts',(-28.94711559028,-8.84927970365409,-3.77123758691958));
#2396=CARTESIAN_POINT('Ctrl Pts',(-27.049425708773,-12.8453796819423,-3.7477168789931));
#2397=CARTESIAN_POINT('Ctrl Pts',(-24.9209674247109,-17.3274250285579,-3.72133593755425));
#2398=CARTESIAN_POINT('Ctrl Pts',(-21.6545719978974,-21.2690805417554,-3.69495499611541));
#2399=CARTESIAN_POINT('Ctrl Pts',(-17.64583720369,-24.1929667409468,-3.66857405467656));
#2400=CARTESIAN_POINT('Ctrl Pts',(-13.6371024094825,-27.1168529401383,-3.64219311323771));
#2401=CARTESIAN_POINT('Ctrl Pts',(-8.88602824788107,-29.0229698253238,-3.61581217179886));
#2402=CARTESIAN_POINT('Ctrl Pts',(-3.96802403811815,-29.6804648814772,-3.58943123036001));
#2403=CARTESIAN_POINT('Ctrl Pts',(0.949980171644705,-30.3379599376306,-3.56305028892116));
#2404=CARTESIAN_POINT('Ctrl Pts',(6.03491442956893,-29.7468331647518,-3.53666934748232));
#2405=CARTESIAN_POINT('Ctrl Pts',(10.6709351474105,-27.9786767633397,-3.51028840604347));
#2406=CARTESIAN_POINT('Ctrl Pts',(15.3069558652521,-26.2105203619276,-3.48390746460462));
#2407=CARTESIAN_POINT('Ctrl Pts',(19.4940630430111,-23.2653343319821,-3.45752652316577));
#2408=CARTESIAN_POINT('Ctrl Pts',(22.7251502014452,-19.4998143239735,-3.43114558172693));
#2409=CARTESIAN_POINT('Ctrl Pts',(25.9562373598793,-15.7342943159649,-3.40476464028808));
#2410=CARTESIAN_POINT('Ctrl Pts',(28.2313044989885,-11.1484403298931,-3.37838369884923));
#2411=CARTESIAN_POINT('Ctrl Pts',(29.2748150160604,-6.2976516355804,-3.35200275741038));
#2412=CARTESIAN_POINT('Ctrl Pts',(30.3183255331323,-1.44686294126772,-3.32562181597154));
#2413=CARTESIAN_POINT('Ctrl Pts',(30.1302794281668,3.66886046128569,-3.29924087453269));
#2414=CARTESIAN_POINT('Ctrl Pts',(28.7334512312096,8.42994606693242,-3.27285993309384));
#2415=CARTESIAN_POINT('Ctrl Pts',(27.3366230342523,13.1910316725791,-3.24647899165499));
#2416=CARTESIAN_POINT('Ctrl Pts',(24.7310127453031,17.5974794813192,-3.22009805021615));
#2417=CARTESIAN_POINT('Ctrl Pts',(21.2321895160011,21.1156183595058,-3.1937171087773));
#2418=CARTESIAN_POINT('Ctrl Pts',(17.733366286699,24.6337572376924,-3.16733616733845));
#2419=CARTESIAN_POINT('Ctrl Pts',(13.3413301170441,27.2635871853256,-3.1409552258996));
#2420=CARTESIAN_POINT('Ctrl Pts',(8.58800672666616,28.6866057736084,-3.11457428446075));
#2421=CARTESIAN_POINT('Ctrl Pts',(3.83468333628833,30.1096243618911,-3.08819334302191));
#2422=CARTESIAN_POINT('Ctrl Pts',(-1.2799272748123,30.3258315908235,-3.06181240158306));
#2423=CARTESIAN_POINT('Ctrl Pts',(-6.13638737323678,29.30904229676,-3.03543146014421));
#2424=CARTESIAN_POINT('Ctrl Pts',(-10.9928474716613,28.2922530026965,-3.00905051870536));
#2425=CARTESIAN_POINT('Ctrl Pts',(-15.5911570574097,26.042467185637,-2.98266957726652));
#2426=CARTESIAN_POINT('Ctrl Pts',(-19.3744083453454,22.8321595915826,-2.95628863582767));
#2427=CARTESIAN_POINT('Ctrl Pts',(-23.1576596332812,19.6218519975281,-2.92990769438882));
#2428=CARTESIAN_POINT('Ctrl Pts',(-26.1258526234044,15.4510226264786,-2.90352675294997));
#2429=CARTESIAN_POINT('Ctrl Pts',(-27.91950525972,10.8248065294562,-2.87714581151113));
#2430=CARTESIAN_POINT('Ctrl Pts',(-29.2536326123541,7.38380501708315,-2.8575235419316));
#2431=CARTESIAN_POINT('Ctrl Pts',(-29.9379507906409,3.69086284430308,-2.83790127235208));
#2432=CARTESIAN_POINT('Ctrl Pts',(-29.9416043828399,-0.000762297451903075,
-2.81827900277256));
#2433=CARTESIAN_POINT('Origin',(0.,0.,0.));
#2434=CARTESIAN_POINT('',(-29.9407841963651,0.000689086801758387,-1.68172099722744));
#2435=CARTESIAN_POINT('',(-29.9400463601477,0.000506990662755512,-1.81827900277255));
#2436=CARTESIAN_POINT('',(-29.942,-3.66683744600701E-15,0.));
#2437=CARTESIAN_POINT('Ctrl Pts',(-29.9407841963651,0.000689086801758387,
-1.68172099722744));
#2438=CARTESIAN_POINT('Ctrl Pts',(-29.9421167700716,1.55870658803269,-1.69000174975803));
#2439=CARTESIAN_POINT('Ctrl Pts',(-29.8226116651714,3.11652161505222,-1.69828250228863));
#2440=CARTESIAN_POINT('Ctrl Pts',(-29.580496890853,4.65504172861642,-1.70656325481922));
#2441=CARTESIAN_POINT('Ctrl Pts',(-28.8091641334525,9.55648140676916,-1.73294419625807));
#2442=CARTESIAN_POINT('Ctrl Pts',(-26.793415081394,14.2620890202754,-1.75932513769692));
#2443=CARTESIAN_POINT('Ctrl Pts',(-23.7773799566728,18.2019617679232,-1.78570607913577));
#2444=CARTESIAN_POINT('Ctrl Pts',(-20.7613448319517,22.1418345155709,-1.81208702057462));
#2445=CARTESIAN_POINT('Ctrl Pts',(-16.7450236345679,25.31597239736,-1.83846796201346));
#2446=CARTESIAN_POINT('Ctrl Pts',(-12.2148387118474,27.3399510798479,-1.86484890345231));
#2447=CARTESIAN_POINT('Ctrl Pts',(-7.68465378912697,29.3639297623358,-1.89122984489116));
#2448=CARTESIAN_POINT('Ctrl Pts',(-2.64060514106984,30.2377492455224,-1.91761078633001));
#2449=CARTESIAN_POINT('Ctrl Pts',(2.30641535818486,29.8555800144705,-1.94399172776885));
#2450=CARTESIAN_POINT('Ctrl Pts',(7.25343585743962,29.4734107834187,-1.9703726692077));
#2451=CARTESIAN_POINT('Ctrl Pts',(12.103428207892,27.8352528381284,-1.99675361064655));
#2452=CARTESIAN_POINT('Ctrl Pts',(16.2690029683895,25.1395058069855,-2.0231345520854));
#2453=CARTESIAN_POINT('Ctrl Pts',(20.434577728887,22.4437587758425,-2.04951549352424));
#2454=CARTESIAN_POINT('Ctrl Pts',(23.9157348994296,18.6904226588469,-2.07589643496309));
#2455=CARTESIAN_POINT('Ctrl Pts',(26.2908666057744,14.3340693078519,-2.10227737640194));
#2456=CARTESIAN_POINT('Ctrl Pts',(28.6659983121191,9.97771595685689,-2.12865831784079));
#2457=CARTESIAN_POINT('Ctrl Pts',(29.935104554266,5.01834537186267,-2.15503925927964));
#2458=CARTESIAN_POINT('Ctrl Pts',(29.9444820781742,0.0565939468863047,-2.18142020071848));
#2459=CARTESIAN_POINT('Ctrl Pts',(29.9538596020825,-4.90515747808999,-2.20780114215733));
#2460=CARTESIAN_POINT('Ctrl Pts',(28.7035084077521,-9.86928974304827,-2.23418208359618));
#2461=CARTESIAN_POINT('Ctrl Pts',(26.3448602988256,-14.2345897601681,-2.26056302503503));
#2462=CARTESIAN_POINT('Ctrl Pts',(23.9862121898991,-18.5998897772881,-2.28694396647387));
#2463=CARTESIAN_POINT('Ctrl Pts',(20.5192671663765,-22.3663575465697,-2.31332490791272));
#2464=CARTESIAN_POINT('Ctrl Pts',(16.3639118492508,-25.0778308231567,-2.33970584935157));
#2465=CARTESIAN_POINT('Ctrl Pts',(12.2085565321253,-27.7893040997437,-2.36608679079042));
#2466=CARTESIAN_POINT('Ctrl Pts',(7.36479092139666,-29.4457828836362,-2.39246773222927));
#2467=CARTESIAN_POINT('Ctrl Pts',(2.41925032895243,-29.8466486837431,-2.41884867366811));
#2468=CARTESIAN_POINT('Ctrl Pts',(-2.52629026349179,-30.24751448385,-2.44522961510696));
#2469=CARTESIAN_POINT('Ctrl Pts',(-7.57360583765166,-29.3927673001713,-2.47161055654581));
#2470=CARTESIAN_POINT('Ctrl Pts',(-12.1114088573418,-27.3859267744443,-2.49799149798466));
#2471=CARTESIAN_POINT('Ctrl Pts',(-16.649211877032,-25.3790862487173,-2.5243724394235));
#2472=CARTESIAN_POINT('Ctrl Pts',(-20.6775023422524,-22.2201523809419,-2.55075338086235));
#2473=CARTESIAN_POINT('Ctrl Pts',(-23.7084082907009,-18.2917081248949,-2.5771343223012));
#2474=CARTESIAN_POINT('Ctrl Pts',(-26.7393142391495,-14.3632638688479,-2.60351526374005));
#2475=CARTESIAN_POINT('Ctrl Pts',(-28.7728356708261,-9.66530922452914,-2.6298962051789));
#2476=CARTESIAN_POINT('Ctrl Pts',(-29.5626899256742,-4.76682013121596,-2.65627714661774));
#2477=CARTESIAN_POINT('Ctrl Pts',(-29.8166224058116,-3.191991007037,-2.66475843015431));
#2478=CARTESIAN_POINT('Ctrl Pts',(-29.9420123814637,-1.59643511544822,-2.67323971369087));
#2479=CARTESIAN_POINT('Ctrl Pts',(-29.9406861681809,-0.000672863729449524,
-2.68172099722744));
#2480=CARTESIAN_POINT('Ctrl Pts',(-29.9416043828399,-0.000762297451903075,
-2.81827900277256));
#2481=CARTESIAN_POINT('Ctrl Pts',(-29.942862821915,-1.27230139539592,-2.81152033091323));
#2482=CARTESIAN_POINT('Ctrl Pts',(-29.8633684958059,-2.54368424325831,-2.80476165905391));
#2483=CARTESIAN_POINT('Ctrl Pts',(-29.7018605420463,-3.80456182608736,-2.79800298719458));
#2484=CARTESIAN_POINT('Ctrl Pts',(-29.071450905549,-8.72611126161303,-2.77162204575573));
#2485=CARTESIAN_POINT('Ctrl Pts',(-27.1915193500467,-13.4876073096689,-2.74524110431689));
#2486=CARTESIAN_POINT('Ctrl Pts',(-24.2897470482091,-17.5123784415968,-2.71886016287804));
#2487=CARTESIAN_POINT('Ctrl Pts',(-21.3879747463716,-21.5371495735245,-2.69247922143919));
#2488=CARTESIAN_POINT('Ctrl Pts',(-17.4643616981987,-24.8251957893243,-2.66609828000034));
#2489=CARTESIAN_POINT('Ctrl Pts',(-12.9941022357912,-26.9782971559269,-2.6397173385615));
#2490=CARTESIAN_POINT('Ctrl Pts',(-8.52384277338341,-29.1313985225296,-2.61333639712265));
#2491=CARTESIAN_POINT('Ctrl Pts',(-3.50693689674079,-30.1495550399351,-2.5869554556838));
#2492=CARTESIAN_POINT('Ctrl Pts',(1.44901081947795,-29.9094563306109,-2.56057451424495));
#2493=CARTESIAN_POINT('Ctrl Pts',(6.40495853569641,-29.6693576212867,-2.5341935728061));
#2494=CARTESIAN_POINT('Ctrl Pts',(11.2999480914908,-28.171003685233,-2.50781263136726));
#2495=CARTESIAN_POINT('Ctrl Pts',(15.5411403704538,-25.5958622893142,-2.48143168992841));
#2496=CARTESIAN_POINT('Ctrl Pts',(19.782332649417,-23.0207208933954,-2.45505074848956));
#2497=CARTESIAN_POINT('Ctrl Pts',(23.3697276515487,-19.3687920376114,-2.42866980705072));
#2498=CARTESIAN_POINT('Ctrl Pts',(25.8688508883894,-15.0823659968177,-2.40228886561187));
#2499=CARTESIAN_POINT('Ctrl Pts',(28.3679741252301,-10.7959399560239,-2.37590792417302));
#2500=CARTESIAN_POINT('Ctrl Pts',(29.7788255967798,-5.87501673022048,-2.34952698273417));
#2501=CARTESIAN_POINT('Ctrl Pts',(29.9305350835535,-0.915576299311449,-2.32314604129532));
#2502=CARTESIAN_POINT('Ctrl Pts',(30.0822445703272,4.04386413159744,-2.29676509985647));
#2503=CARTESIAN_POINT('Ctrl Pts',(28.9748120723248,9.04182176761186,-2.27038415841763));
#2504=CARTESIAN_POINT('Ctrl Pts',(26.7423603075039,13.4729868823259,-2.24400321697878));
#2505=CARTESIAN_POINT('Ctrl Pts',(24.509908542683,17.90415199704,-2.21762227553993));
#2506=CARTESIAN_POINT('Ctrl Pts',(21.1524375110436,21.7685245904539,-2.19124133410109));
#2507=CARTESIAN_POINT('Ctrl Pts',(17.0765752834064,24.5980850258275,-2.16486039266224));
#2508=CARTESIAN_POINT('Ctrl Pts',(13.0007130557692,27.4276454612012,-2.13847945122339));
#2509=CARTESIAN_POINT('Ctrl Pts',(8.20645963213435,29.2223937385346,-2.11209850978454));
#2510=CARTESIAN_POINT('Ctrl Pts',(3.27445383330092,29.7649653525965,-2.0857175683457));
#2511=CARTESIAN_POINT('Ctrl Pts',(-1.65755196553245,30.3075369666583,-2.05933662690685));
#2512=CARTESIAN_POINT('Ctrl Pts',(-6.72731013956435,29.5979319174484,-2.032955685468));
#2513=CARTESIAN_POINT('Ctrl Pts',(-11.32081509756,27.7220914772775,-2.00657474402915));
#2514=CARTESIAN_POINT('Ctrl Pts',(-15.9143200555557,25.8462510371066,-1.9801938025903));
#2515=CARTESIAN_POINT('Ctrl Pts',(-20.0315717975152,22.8041752059747,-1.95381286115146));
#2516=CARTESIAN_POINT('Ctrl Pts',(-23.1739241349414,18.9642940953695,-1.92743191971261));
#2517=CARTESIAN_POINT('Ctrl Pts',(-26.3162764723677,15.1244129847642,-1.90105097827376));
#2518=CARTESIAN_POINT('Ctrl Pts',(-28.4837294052607,10.4867265946856,-1.87467003683491));
#2519=CARTESIAN_POINT('Ctrl Pts',(-29.4137796398043,5.61291169080018,-1.84828909539607));
#2520=CARTESIAN_POINT('Ctrl Pts',(-29.7664445077087,3.76481443171736,-1.83828573118823));
#2521=CARTESIAN_POINT('Ctrl Pts',(-29.9411902476693,1.88276559057059,-1.82828236698039));
#2522=CARTESIAN_POINT('Ctrl Pts',(-29.9400463601477,0.000506990662755512,
-1.81827900277255));
#2523=CARTESIAN_POINT('Origin',(0.,0.,0.));
#2524=CARTESIAN_POINT('',(-29.9443505317886,-0.00025799243291047,-0.681720997227434));
#2525=CARTESIAN_POINT('',(-29.9445191538409,7.57608284591237E-5,-0.818279002772555));
#2526=CARTESIAN_POINT('',(-29.942,-3.66683744600701E-15,0.));
#2527=CARTESIAN_POINT('Ctrl Pts',(-29.9443505317886,-0.00025799243291047,
-0.681720997227434));
#2528=CARTESIAN_POINT('Ctrl Pts',(-29.942201793301,4.70990560571838,-0.706763785825192));
#2529=CARTESIAN_POINT('Ctrl Pts',(-28.8115184400084,9.42106456944258,-0.73180657442295));
#2530=CARTESIAN_POINT('Ctrl Pts',(-26.6698032508667,13.6160495139002,-0.756849363020707));
#2531=CARTESIAN_POINT('Ctrl Pts',(-24.4136462433163,18.0351920436779,-0.783230304459555));
#2532=CARTESIAN_POINT('Ctrl Pts',(-21.0355223579556,21.8815235775318,-0.809611245898402));
#2533=CARTESIAN_POINT('Ctrl Pts',(-16.9445609619643,24.6892094569915,-0.835992187337249));
#2534=CARTESIAN_POINT('Ctrl Pts',(-12.8535995659728,27.4968953364513,-0.862373128776098));
#2535=CARTESIAN_POINT('Ctrl Pts',(-8.04980065935054,29.2659355615168,-0.888754070214947));
#2536=CARTESIAN_POINT('Ctrl Pts',(-3.11495912985781,29.7820791655693,-0.915135011653795));
#2537=CARTESIAN_POINT('Ctrl Pts',(1.81988239963479,30.2982227696218,-0.941515953092643));
#2538=CARTESIAN_POINT('Ctrl Pts',(6.88576655199783,29.5614697526615,-0.967896894531489));
#2539=CARTESIAN_POINT('Ctrl Pts',(11.4691569242467,27.6610493158146,-0.994277835970337));
#2540=CARTESIAN_POINT('Ctrl Pts',(16.0525472964956,25.7606288789677,-1.02065877740918));
#2541=CARTESIAN_POINT('Ctrl Pts',(20.1534438886303,22.6965410222343,-1.04703971884803));
#2542=CARTESIAN_POINT('Ctrl Pts',(23.2751813075078,18.8398817646917,-1.07342066028688));
#2543=CARTESIAN_POINT('Ctrl Pts',(26.3969187263853,14.9832225071491,-1.09980160172573));
#2544=CARTESIAN_POINT('Ctrl Pts',(28.5394969720057,10.3339918487974,-1.12618254316457));
#2545=CARTESIAN_POINT('Ctrl Pts',(29.443425359151,5.45526469798006,-1.15256348460342));
#2546=CARTESIAN_POINT('Ctrl Pts',(30.3473537462963,0.57653754716282,-1.17894442604227));
#2547=CARTESIAN_POINT('Ctrl Pts',(30.0126322749665,-4.53168609612016,-1.20532536748112));
#2548=CARTESIAN_POINT('Ctrl Pts',(28.4797995365201,-9.25074203318588,-1.23170630891997));
#2549=CARTESIAN_POINT('Ctrl Pts',(26.9469667980736,-13.9697979702518,-1.25808725035881));
#2550=CARTESIAN_POINT('Ctrl Pts',(24.2160227925104,-18.2996862011006,-1.28446819179766));
#2551=CARTESIAN_POINT('Ctrl Pts',(20.6177160153608,-21.7160078309725,-1.31084913323651));
#2552=CARTESIAN_POINT('Ctrl Pts',(17.0194092382114,-25.1323294608442,-1.33723007467536));
#2553=CARTESIAN_POINT('Ctrl Pts',(12.5537396894758,-27.635084489739,-1.36361101611421));
#2554=CARTESIAN_POINT('Ctrl Pts',(7.76155093158931,-28.9211607122063,-1.38999195755305));
#2555=CARTESIAN_POINT('Ctrl Pts',(2.96936217370286,-30.2072369346737,-1.4163728989919));
#2556=CARTESIAN_POINT('Ctrl Pts',(-2.14934579333434,-30.2766343507136,-1.44275384043075));
#2557=CARTESIAN_POINT('Ctrl Pts',(-6.97463899954399,-29.1209481410026,-1.46913478186959));
#2558=CARTESIAN_POINT('Ctrl Pts',(-11.7999322057538,-27.9652619312916,-1.49551572330844));
#2559=CARTESIAN_POINT('Ctrl Pts',(-16.331810651136,-25.5844920958298,-1.52189666474729));
#2560=CARTESIAN_POINT('Ctrl Pts',(-20.0214121200304,-22.2669770405599,-1.54827760618614));
#2561=CARTESIAN_POINT('Ctrl Pts',(-23.7110135889248,-18.9494619852901,-1.57465854762499));
#2562=CARTESIAN_POINT('Ctrl Pts',(-26.5583380813315,-14.6952017102124,-1.60103948906384));
#2563=CARTESIAN_POINT('Ctrl Pts',(-28.2185420961636,-10.019435701274,-1.62742043050268));
#2564=CARTESIAN_POINT('Ctrl Pts',(-29.3576222296137,-6.81135276576728,-1.64552061941093));
#2565=CARTESIAN_POINT('Ctrl Pts',(-29.9378714374422,-3.40484815035714,-1.66362080831919));
#2566=CARTESIAN_POINT('Ctrl Pts',(-29.9407841963651,0.000689086801758387,
-1.68172099722744));
#2567=CARTESIAN_POINT('Ctrl Pts',(-29.9400463601477,0.000506990662755512,
-1.81827900277255));
#2568=CARTESIAN_POINT('Ctrl Pts',(-29.9381735795672,-3.0811398381677,-1.80190142554154));
#2569=CARTESIAN_POINT('Ctrl Pts',(-29.4648380555178,-6.16334891414348,-1.78552384831053));
#2570=CARTESIAN_POINT('Ctrl Pts',(-28.5289461404898,-9.0980460792808,-1.76914627107952));
#2571=CARTESIAN_POINT('Ctrl Pts',(-27.0214148704374,-13.8252455277837,-1.74276532964068));
#2572=CARTESIAN_POINT('Ctrl Pts',(-24.3137047941383,-18.1697010070969,-1.71638438820183));
#2573=CARTESIAN_POINT('Ctrl Pts',(-20.7337505130504,-21.6052493623719,-1.69000344676298));
#2574=CARTESIAN_POINT('Ctrl Pts',(-17.1537962319626,-25.0407977176468,-1.66362250532413));
#2575=CARTESIAN_POINT('Ctrl Pts',(-12.7015977460861,-27.5674389488835,-1.63724156388529));
#2576=CARTESIAN_POINT('Ctrl Pts',(-7.91636711835854,-28.8791679588429,-1.61086062244644));
#2577=CARTESIAN_POINT('Ctrl Pts',(-3.13113649063099,-30.1908969688023,-1.58447968100759));
#2578=CARTESIAN_POINT('Ctrl Pts',(1.98712627894774,-30.2877137574844,-1.55809873956874));
#2579=CARTESIAN_POINT('Ctrl Pts',(6.81854113889376,-29.1578927065194,-1.53171779812989));
#2580=CARTESIAN_POINT('Ctrl Pts',(11.6499559988398,-28.0280716555544,-1.50533685669104));
#2581=CARTESIAN_POINT('Ctrl Pts',(16.1945229491531,-25.6716127649423,-1.4789559152522));
#2582=CARTESIAN_POINT('Ctrl Pts',(19.9018430513747,-22.3739101076708,-1.45257497381335));
#2583=CARTESIAN_POINT('Ctrl Pts',(23.6091631535963,-19.0762074503993,-1.4261940323745));
#2584=CARTESIAN_POINT('Ctrl Pts',(26.479236407726,-14.8372610264684,-1.39981309093566));
#2585=CARTESIAN_POINT('Ctrl Pts',(28.1644641779323,-10.1704556396286,-1.37343214949681));
#2586=CARTESIAN_POINT('Ctrl Pts',(29.8496919481387,-5.5036502527889,-1.34705120805796));
#2587=CARTESIAN_POINT('Ctrl Pts',(30.3500742344218,-0.408985903040188,-1.32067026661911));
#2588=CARTESIAN_POINT('Ctrl Pts',(29.6050090295485,4.49651539617462,-1.29428932518026));
#2589=CARTESIAN_POINT('Ctrl Pts',(28.8599438246753,9.4020166953895,-1.26790838374142));
#2590=CARTESIAN_POINT('Ctrl Pts',(26.8694311286457,14.1183549440706,-1.24152744230257));
#2591=CARTESIAN_POINT('Ctrl Pts',(23.8745447526419,18.074327738585,-1.21514650086372));
#2592=CARTESIAN_POINT('Ctrl Pts',(20.8796583766381,22.0303005330995,-1.18876555942487));
#2593=CARTESIAN_POINT('Ctrl Pts',(16.8803983206602,25.2259078734473,-1.16238461798603));
#2594=CARTESIAN_POINT('Ctrl Pts',(12.3611206330398,27.274125229659,-1.13600367654718));
#2595=CARTESIAN_POINT('Ctrl Pts',(7.84184294541935,29.3223425858708,-1.10962273510833));
#2596=CARTESIAN_POINT('Ctrl Pts',(2.8025476261564,30.2231699579465,-1.08324179366948));
#2597=CARTESIAN_POINT('Ctrl Pts',(-2.14644913299088,29.8675068672825,-1.05686085223064));
#2598=CARTESIAN_POINT('Ctrl Pts',(-7.09544589213829,29.5118437766185,-1.03047991079179));
#2599=CARTESIAN_POINT('Ctrl Pts',(-11.9541440911702,27.8996902232147,-1.00409896935294));
#2600=CARTESIAN_POINT('Ctrl Pts',(-16.1340999112849,25.2262964067332,-0.97771802791409));
#2601=CARTESIAN_POINT('Ctrl Pts',(-20.3140557313996,22.5529025902519,-0.951337086475243));
#2602=CARTESIAN_POINT('Ctrl Pts',(-23.8152691725972,18.818268510693,-0.924956145036396));
#2603=CARTESIAN_POINT('Ctrl Pts',(-26.2137033172962,14.4747009896737,-0.898575203597548));
#2604=CARTESIAN_POINT('Ctrl Pts',(-28.6121374619951,10.1311334686547,-0.872194262158702));
#2605=CARTESIAN_POINT('Ctrl Pts',(-29.9077923101954,5.17863250617521,-0.845813320719855));
#2606=CARTESIAN_POINT('Ctrl Pts',(-29.9437492685843,0.217002506542742,-0.819432379281008));
#2607=CARTESIAN_POINT('Ctrl Pts',(-29.944273282119,0.14469490904884,-0.819047920444857));
#2608=CARTESIAN_POINT('Ctrl Pts',(-29.9445297576293,0.0723853727054823,
-0.818663461608706));
#2609=CARTESIAN_POINT('Ctrl Pts',(-29.9445191538409,7.57608284591237E-5,
-0.818279002772555));
#2610=CARTESIAN_POINT('Origin',(0.,0.,0.));
#2611=CARTESIAN_POINT('',(-29.9397557442123,-0.000371331520374607,0.318279002772566));
#2612=CARTESIAN_POINT('',(-29.9403449596151,-0.000599679283770513,0.181720997227448));
#2613=CARTESIAN_POINT('',(-29.942,-3.66683744600701E-15,0.));
#2614=CARTESIAN_POINT('Ctrl Pts',(-29.9397557442123,-0.000371331520374607,
0.318279002772566));
#2615=CARTESIAN_POINT('Ctrl Pts',(-29.9384800994266,2.90190666152112,0.302855119546494));
#2616=CARTESIAN_POINT('Ctrl Pts',(-29.5194501298531,5.80454519950821,0.287431236320422));
#2617=CARTESIAN_POINT('Ctrl Pts',(-28.687880632835,8.58374711889479,0.272007353094351));
#2618=CARTESIAN_POINT('Ctrl Pts',(-27.2655678545534,13.3372817513494,0.245626411655503));
#2619=CARTESIAN_POINT('Ctrl Pts',(-24.6363900851111,17.72970835971,0.219245470216656));
#2620=CARTESIAN_POINT('Ctrl Pts',(-21.1187707670811,21.2290539377619,0.192864528777809));
#2621=CARTESIAN_POINT('Ctrl Pts',(-17.6011514490511,24.7283995158137,0.166483587338961));
#2622=CARTESIAN_POINT('Ctrl Pts',(-13.1950905824334,27.3346640635569,0.140102645900113));
#2623=CARTESIAN_POINT('Ctrl Pts',(-8.4342124377661,28.7321991911436,0.113721704461266));
#2624=CARTESIAN_POINT('Ctrl Pts',(-3.67333429309872,30.1297343187304,0.0873407630224175));
#2625=CARTESIAN_POINT('Ctrl Pts',(1.44236112961818,30.3185400261606,0.0609598215835695));
#2626=CARTESIAN_POINT('Ctrl Pts',(6.2933047139146,29.2757497868585,0.0345788801447212));
#2627=CARTESIAN_POINT('Ctrl Pts',(11.1442482982109,28.2329595475564,0.00819793870587375));
#2628=CARTESIAN_POINT('Ctrl Pts',(15.7304400440867,25.9585733615221,-0.018183002732974));
#2629=CARTESIAN_POINT('Ctrl Pts',(19.4964397751516,22.728045360277,-0.0445639441718215));
#2630=CARTESIAN_POINT('Ctrl Pts',(23.2624395062164,19.497517359032,-0.0709448856106691));
#2631=CARTESIAN_POINT('Ctrl Pts',(26.2082472224703,15.3108475425761,-0.0973258270495165));
#2632=CARTESIAN_POINT('Ctrl Pts',(27.977091980134,10.6750894207049,-0.123706768488364));
#2633=CARTESIAN_POINT('Ctrl Pts',(29.7459367377976,6.03933129883372,-0.150087709927212));
#2634=CARTESIAN_POINT('Ctrl Pts',(30.3378185368711,0.954484871547161,-0.176468651366059));
#2635=CARTESIAN_POINT('Ctrl Pts',(29.6810537345639,-3.96361691020354,-0.202849592804907));
#2636=CARTESIAN_POINT('Ctrl Pts',(29.0242889322568,-8.88171869195425,-0.229230534243754));
#2637=CARTESIAN_POINT('Ctrl Pts',(27.118877528569,-13.6330758281691,-0.255611475682602));
#2638=CARTESIAN_POINT('Ctrl Pts',(24.1955865966638,-17.6422447281594,-0.281992417121449));
#2639=CARTESIAN_POINT('Ctrl Pts',(21.2722956647585,-21.6514136281497,-0.308373358560297));
#2640=CARTESIAN_POINT('Ctrl Pts',(17.3311252046358,-24.9183942919155,-0.334754299999145));
#2641=CARTESIAN_POINT('Ctrl Pts',(12.8493959514185,-27.0475180652235,-0.361135241437992));
#2642=CARTESIAN_POINT('Ctrl Pts',(8.36766669820118,-29.1766418385315,-0.38751618287684));
#2643=CARTESIAN_POINT('Ctrl Pts',(3.34537865188925,-30.1679087213817,-0.413897124315687));
#2644=CARTESIAN_POINT('Ctrl Pts',(-1.60921177066861,-29.9012649779581,-0.440278065754535));
#2645=CARTESIAN_POINT('Ctrl Pts',(-6.56380219322661,-29.6346212345346,-0.466659007193383));
#2646=CARTESIAN_POINT('Ctrl Pts',(-11.4506949920305,-28.1100668648372,-0.493039948632231));
#2647=CARTESIAN_POINT('Ctrl Pts',(-15.678031660377,-25.5122428073492,-0.51942089007108));
#2648=CARTESIAN_POINT('Ctrl Pts',(-19.9053683287234,-22.9144187498612,-0.545801831509927));
#2649=CARTESIAN_POINT('Ctrl Pts',(-23.4731488666123,-19.2433250045825,-0.572182772948775));
#2650=CARTESIAN_POINT('Ctrl Pts',(-25.9492743211229,-14.9435729332726,-0.598563714387622));
#2651=CARTESIAN_POINT('Ctrl Pts',(-28.4253997756334,-10.6438208619627,-0.62494465582647));
#2652=CARTESIAN_POINT('Ctrl Pts',(-29.8098701467656,-5.71541046462151,-0.651325597265317));
#2653=CARTESIAN_POINT('Ctrl Pts',(-29.9350102674615,-0.755228503100218,
-0.677706538704164));
#2654=CARTESIAN_POINT('Ctrl Pts',(-29.9413579032512,-0.503627111257627,
-0.679044691545254));
#2655=CARTESIAN_POINT('Ctrl Pts',(-29.9444653488946,-0.251943972860349,
-0.680382844386344));
#2656=CARTESIAN_POINT('Ctrl Pts',(-29.9443505317886,-0.00025799243291047,
-0.681720997227434));
#2657=CARTESIAN_POINT('Ctrl Pts',(-29.9445191538409,7.57608284591237E-5,
-0.818279002772555));
#2658=CARTESIAN_POINT('Ctrl Pts',(-29.9438021428796,-4.88938285062821,-0.792282520169857));
#2659=CARTESIAN_POINT('Ctrl Pts',(-28.7219331613128,-9.77918682050842,-0.766286037567159));
#2660=CARTESIAN_POINT('Ctrl Pts',(-26.4207354713379,-14.0932589382753,-0.74028955496446));
#2661=CARTESIAN_POINT('Ctrl Pts',(-24.0855056471254,-18.4711313466741,-0.713908613525613));
#2662=CARTESIAN_POINT('Ctrl Pts',(-20.6387869301233,-22.2561171266861,-0.687527672086766));
#2663=CARTESIAN_POINT('Ctrl Pts',(-16.4980163047012,-24.9898112909541,-0.661146730647918));
#2664=CARTESIAN_POINT('Ctrl Pts',(-12.3572456792792,-27.7235054552222,-0.634765789209071));
#2665=CARTESIAN_POINT('Ctrl Pts',(-7.52242314543728,-29.4059080037462,-0.608384847770223));
#2666=CARTESIAN_POINT('Ctrl Pts',(-2.57910090635776,-29.8332607815926,-0.582003906331375));
#2667=CARTESIAN_POINT('Ctrl Pts',(2.36422133272176,-30.260613559439,-0.555622964892528));
#2668=CARTESIAN_POINT('Ctrl Pts',(7.41604327703884,-29.4329165666076,-0.529242023453681));
#2669=CARTESIAN_POINT('Ctrl Pts',(11.9645316175374,-27.4504133579193,-0.502861082014834));
#2670=CARTESIAN_POINT('Ctrl Pts',(16.513019958036,-25.4679101492309,-0.476480140575986));
#2671=CARTESIAN_POINT('Ctrl Pts',(20.5581746947161,-22.3306007246857,-0.450099199137139));
#2672=CARTESIAN_POINT('Ctrl Pts',(23.6100814094792,-18.4184490711202,-0.423718257698291));
#2673=CARTESIAN_POINT('Ctrl Pts',(26.6619881242423,-14.5062974175548,-0.397337316259444));
#2674=CARTESIAN_POINT('Ctrl Pts',(28.7206468170886,-9.81930353496912,-0.370956374820596));
#2675=CARTESIAN_POINT('Ctrl Pts',(29.5367304186665,-4.92511588926672,-0.344575433381749));
#2676=CARTESIAN_POINT('Ctrl Pts',(30.3528140202444,-0.0309282435642477,
-0.318194491942901));
#2677=CARTESIAN_POINT('Ctrl Pts',(29.9263225305542,5.07045316525509,-0.291813550504054));
#2678=CARTESIAN_POINT('Ctrl Pts',(28.3089089378239,9.76119281121315,-0.265432609065206));
#2679=CARTESIAN_POINT('Ctrl Pts',(26.6914953450937,14.4519324571713,-0.239051667626358));
#2680=CARTESIAN_POINT('Ctrl Pts',(23.8831596493234,18.7320303402682,-0.212670726187509));
#2681=CARTESIAN_POINT('Ctrl Pts',(20.2240233632313,22.0831177452632,-0.186289784748661));
#2682=CARTESIAN_POINT('Ctrl Pts',(16.5648870771393,25.4342051502582,-0.159908843309814));
#2683=CARTESIAN_POINT('Ctrl Pts',(12.0549502007255,27.8562820771514,-0.133527901870966));
#2684=CARTESIAN_POINT('Ctrl Pts',(7.24041757516286,29.0560073596659,-0.107146960432119));
#2685=CARTESIAN_POINT('Ctrl Pts',(2.42588494960027,30.2557326421804,-0.080766018993271));
#2686=CARTESIAN_POINT('Ctrl Pts',(-2.69324342511105,30.2331062803162,-0.0543850775544235));
#2687=CARTESIAN_POINT('Ctrl Pts',(-7.49698266282408,28.9908685847975,-0.0280041361155759));
#2688=CARTESIAN_POINT('Ctrl Pts',(-12.3007219005373,27.7486308892789,-0.00162319467672759));
#2689=CARTESIAN_POINT('Ctrl Pts',(-16.7890720012521,25.2867818601058,0.0247577467621207));
#2690=CARTESIAN_POINT('Ctrl Pts',(-20.4184425287672,21.9034795191795,0.051138688200969));
#2691=CARTESIAN_POINT('Ctrl Pts',(-24.0478130562823,18.5201771782534,0.0775196296398166));
#2692=CARTESIAN_POINT('Ctrl Pts',(-26.8182040105977,14.2154215255742,0.103900571078664));
#2693=CARTESIAN_POINT('Ctrl Pts',(-28.3940894203628,9.510567613772,0.130281512517512));
#2694=CARTESIAN_POINT('Ctrl Pts',(-29.4183482099657,6.45261178582908,0.147428007420824));
#2695=CARTESIAN_POINT('Ctrl Pts',(-29.93799415653,3.22563646613744,0.164574502324136));
#2696=CARTESIAN_POINT('Ctrl Pts',(-29.9403449596151,-0.000599679283770513,
0.181720997227448));
#2697=CARTESIAN_POINT('Origin',(0.,0.,0.));
#2698=CARTESIAN_POINT('',(-29.9421615328559,0.000759618816262297,1.31827900277257));
#2699=CARTESIAN_POINT('',(-29.9411752907033,0.000736723013860109,1.18172099722746));
#2700=CARTESIAN_POINT('',(-29.942,-3.66683744600701E-15,0.));
#2701=CARTESIAN_POINT('Ctrl Pts',(-29.9421615328559,0.000759618816262298,
1.31827900277257));
#2702=CARTESIAN_POINT('Ctrl Pts',(-29.9432778032586,1.09281753516723,1.31247402491818));
#2703=CARTESIAN_POINT('Ctrl Pts',(-29.8846799084263,2.18475630190232,1.3066690470638));
#2704=CARTESIAN_POINT('Ctrl Pts',(-29.7654512204416,3.27003416624871,1.30086406920941));
#2705=CARTESIAN_POINT('Ctrl Pts',(-29.2236119379405,8.20212047258476,1.27448312777056));
#2706=CARTESIAN_POINT('Ctrl Pts',(-27.4295755522858,12.9966403338546,1.24810218633172));
#2707=CARTESIAN_POINT('Ctrl Pts',(-24.6006203504998,17.0729226606196,1.22172124489287));
#2708=CARTESIAN_POINT('Ctrl Pts',(-21.7716651487138,21.1492049873846,1.19534030345402));
#2709=CARTESIAN_POINT('Ctrl Pts',(-17.9077911307964,24.5072497796448,1.16895936201517));
#2710=CARTESIAN_POINT('Ctrl Pts',(-13.4769575503032,26.7403594776183,1.14257842057633));
#2711=CARTESIAN_POINT('Ctrl Pts',(-9.0461239698099,28.9734691755917,1.11619747913748));
#2712=CARTESIAN_POINT('Ctrl Pts',(-4.04833082674075,30.0816437792783,1.08981653769863));
#2713=CARTESIAN_POINT('Ctrl Pts',(0.911132074472001,29.9306706932503,1.06343559625978));
#2714=CARTESIAN_POINT('Ctrl Pts',(5.87059497568475,29.7796976072222,1.03705465482093));
#2715=CARTESIAN_POINT('Ctrl Pts',(10.7917276350411,28.3695768314796,1.01067371338208));
#2716=CARTESIAN_POINT('Ctrl Pts',(15.0785247078426,25.8710900899035,0.984292771943236));
#2717=CARTESIAN_POINT('Ctrl Pts',(19.3653217806438,23.3726033483276,0.957911830504389));
#2718=CARTESIAN_POINT('Ctrl Pts',(23.0177832668901,19.7857506409184,0.931530889065542));
#2719=CARTESIAN_POINT('Ctrl Pts',(25.5935543840969,15.5449407780537,0.905149947626695));
#2720=CARTESIAN_POINT('Ctrl Pts',(28.1693255013039,11.3041309151887,0.878769006187847));
#2721=CARTESIAN_POINT('Ctrl Pts',(29.6684062494711,6.40936389686809,0.852388064748999));
#2722=CARTESIAN_POINT('Ctrl Pts',(29.9092408364898,1.45345188767079,0.826007123310151));
#2723=CARTESIAN_POINT('Ctrl Pts',(30.1500754235085,-3.50246012152621,0.799626181871304));
#2724=CARTESIAN_POINT('Ctrl Pts',(29.1326638493787,-8.51951712159991,0.773245240432457));
#2725=CARTESIAN_POINT('Ctrl Pts',(26.9802262704981,-12.9900962351187,0.74686429899361));
#2726=CARTESIAN_POINT('Ctrl Pts',(24.8277886916174,-17.4606753486377,0.720483357554762));
#2727=CARTESIAN_POINT('Ctrl Pts',(21.5403251079859,-21.3847765756018,0.694102416115914));
#2728=CARTESIAN_POINT('Ctrl Pts',(17.5159848892654,-24.2871464598859,0.667721474677065));
#2729=CARTESIAN_POINT('Ctrl Pts',(13.4916446705451,-27.18951634417,0.641340533238218));
#2730=CARTESIAN_POINT('Ctrl Pts',(8.7304278167359,-29.0701548857741,0.61495959179937));
#2731=CARTESIAN_POINT('Ctrl Pts',(3.80897204288582,-29.7012952879405,0.588578650360523));
#2732=CARTESIAN_POINT('Ctrl Pts',(-1.11248373096426,-30.3324356901069,0.562197708921675));
#2733=CARTESIAN_POINT('Ctrl Pts',(-6.19417842485525,-29.7140779528356,0.535816767482828));
#2734=CARTESIAN_POINT('Ctrl Pts',(-10.8206607987304,-27.921112257282,0.50943582604398));
#2735=CARTESIAN_POINT('Ctrl Pts',(-15.4471431726055,-26.1281465617284,0.483054884605133));
#2736=CARTESIAN_POINT('Ctrl Pts',(-19.6184132264647,-23.1605729078926,0.456673943166285));
#2737=CARTESIAN_POINT('Ctrl Pts',(-22.8292825375667,-19.3777983430748,0.430293001727438));
#2738=CARTESIAN_POINT('Ctrl Pts',(-26.0401518486688,-15.5950237782571,0.40391206028859));
#2739=CARTESIAN_POINT('Ctrl Pts',(-28.2906204170137,-10.9970483024574,0.377531118849743));
#2740=CARTESIAN_POINT('Ctrl Pts',(-29.3081308076256,-6.14073923628323,0.351150177410895));
#2741=CARTESIAN_POINT('Ctrl Pts',(-29.7307434959515,-4.12372019772279,0.340193119198119));
#2742=CARTESIAN_POINT('Ctrl Pts',(-29.9406619566083,-2.06213674126235,0.329236060985343));
#2743=CARTESIAN_POINT('Ctrl Pts',(-29.9397557442123,-0.000371331520374607,
0.318279002772566));
#2744=CARTESIAN_POINT('Ctrl Pts',(-29.9403449596151,-0.000599679283770513,
0.181720997227448));
#2745=CARTESIAN_POINT('Ctrl Pts',(-29.9416110122706,-1.7381271077117,0.190955443762983));
#2746=CARTESIAN_POINT('Ctrl Pts',(-29.7928362431439,-3.47544013954924,0.200189890298519));
#2747=CARTESIAN_POINT('Ctrl Pts',(-29.4920395604969,-5.18602091297081,0.209424336834054));
#2748=CARTESIAN_POINT('Ctrl Pts',(-28.6327244256513,-10.0728033569861,0.235805278272902));
#2749=CARTESIAN_POINT('Ctrl Pts',(-26.5327142907452,-14.7414160740914,0.26218621971175));
#2750=CARTESIAN_POINT('Ctrl Pts',(-23.4463443568316,-18.6264367673626,0.288567161150597));
#2751=CARTESIAN_POINT('Ctrl Pts',(-20.359974422918,-22.5114574606338,0.314948102589445));
#2752=CARTESIAN_POINT('Ctrl Pts',(-16.2872446899968,-25.6128861300708,0.341329044028292));
#2753=CARTESIAN_POINT('Ctrl Pts',(-11.7214092230074,-27.555104357895,0.36770998546714));
#2754=CARTESIAN_POINT('Ctrl Pts',(-7.15557375601794,-29.4973225857193,0.394090926905988));
#2755=CARTESIAN_POINT('Ctrl Pts',(-2.09663255496039,-30.2803303719308,0.420471868344835));
#2756=CARTESIAN_POINT('Ctrl Pts',(2.84271884784459,-29.8092965348026,0.446852809783683));
#2757=CARTESIAN_POINT('Ctrl Pts',(7.78207025064971,-29.3382626976744,0.473233751222532));
#2758=CARTESIAN_POINT('Ctrl Pts',(12.6018318552021,-27.6131872372063,0.49961469266138));
#2759=CARTESIAN_POINT('Ctrl Pts',(16.7182755087922,-24.8429964851224,0.525995634100228));
#2760=CARTESIAN_POINT('Ctrl Pts',(20.834719162382,-22.0728057330388,0.552376575539075));
#2761=CARTESIAN_POINT('Ctrl Pts',(24.2478448650095,-18.2574996893395,0.578757516977922));
#2762=CARTESIAN_POINT('Ctrl Pts',(26.5442841298434,-13.8591554714503,0.605138458416769));
#2763=CARTESIAN_POINT('Ctrl Pts',(28.8407233946774,-9.46081125356093,0.631519399855617));
#2764=CARTESIAN_POINT('Ctrl Pts',(30.0204762217179,-4.47942886148125,0.657900341294468));
#2765=CARTESIAN_POINT('Ctrl Pts',(29.9406610755517,0.481689429645779,0.684281282733316));
#2766=CARTESIAN_POINT('Ctrl Pts',(29.8608459293854,5.44280772077267,0.710662224172164));
#2767=CARTESIAN_POINT('Ctrl Pts',(28.5214628100128,10.3836619109472,0.737043165611012));
#2768=CARTESIAN_POINT('Ctrl Pts',(26.0847263035874,14.7058581529479,0.763424107049859));
#2769=CARTESIAN_POINT('Ctrl Pts',(23.647989797162,19.0280543949486,0.789805048488707));
#2770=CARTESIAN_POINT('Ctrl Pts',(20.1138999036838,22.7315926887753,0.816185989927554));
#2771=CARTESIAN_POINT('Ctrl Pts',(15.9104752544233,25.3679322674527,0.842566931366402));
#2772=CARTESIAN_POINT('Ctrl Pts',(11.7070506051629,28.0042718461301,0.86894787280525));
#2773=CARTESIAN_POINT('Ctrl Pts',(6.83429120012012,29.573412709658,0.895328814244097));
#2774=CARTESIAN_POINT('Ctrl Pts',(1.88234383066704,29.8853139861511,0.921709755682945));
#2775=CARTESIAN_POINT('Ctrl Pts',(-3.06960353878603,30.1972152626442,0.948090697121793));
#2776=CARTESIAN_POINT('Ctrl Pts',(-8.10073887264934,29.2518769521025,0.97447163856064));
#2777=CARTESIAN_POINT('Ctrl Pts',(-12.6017342465512,27.1637903159148,1.00085257999949));
#2778=CARTESIAN_POINT('Ctrl Pts',(-17.1027296204531,25.075703679727,1.02723352143834));
#2779=CARTESIAN_POINT('Ctrl Pts',(-21.0735850343934,21.8448687178932,1.05361446287718));
#2780=CARTESIAN_POINT('Ctrl Pts',(-24.0333845664587,17.8625764275032,1.07999540431603));
#2781=CARTESIAN_POINT('Ctrl Pts',(-26.9931840985238,13.8802841371134,1.10637634575488));
#2782=CARTESIAN_POINT('Ctrl Pts',(-28.9419277487138,9.14653451816755,1.13275728719373));
#2783=CARTESIAN_POINT('Ctrl Pts',(-29.6436004141331,4.23463869000562,1.15913822863258));
#2784=CARTESIAN_POINT('Ctrl Pts',(-29.8438170676246,2.83306870804647,1.1666658181642));
#2785=CARTESIAN_POINT('Ctrl Pts',(-29.9424971591049,1.41699405567161,1.17419340769583));
#2786=CARTESIAN_POINT('Ctrl Pts',(-29.9411752907033,0.000736723013860109,
1.18172099722746));
#2787=CARTESIAN_POINT('Origin',(0.,0.,0.));
#2788=CARTESIAN_POINT('',(-29.9433075891532,-0.000628483966205185,2.31827900277257));
#2789=CARTESIAN_POINT('',(-29.9441095703562,-0.000390147479724702,2.18172099722745));
#2790=CARTESIAN_POINT('',(-29.942,-3.66683744600701E-15,0.));
#2791=CARTESIAN_POINT('Ctrl Pts',(-29.9433075891532,-0.000628483966205185,
2.31827900277257));
#2792=CARTESIAN_POINT('Ctrl Pts',(-29.9393514433449,4.24430847779636,2.29571198885102));
#2793=CARTESIAN_POINT('Ctrl Pts',(-29.0274901749324,8.49089084911127,2.27314497492947));
#2794=CARTESIAN_POINT('Ctrl Pts',(-27.275960353051,12.3570707137134,2.25057796100793));
#2795=CARTESIAN_POINT('Ctrl Pts',(-25.2284140618099,16.8766524782613,2.22419701956908));
#2796=CARTESIAN_POINT('Ctrl Pts',(-22.033400584976,20.8763869864522,2.19781607813023));
#2797=CARTESIAN_POINT('Ctrl Pts',(-18.0778725288677,23.871860728375,2.17143513669138));
#2798=CARTESIAN_POINT('Ctrl Pts',(-14.1223444727594,26.8673344702978,2.14505419525254));
#2799=CARTESIAN_POINT('Ctrl Pts',(-9.40630183737666,28.8585474459526,2.11867325381369));
#2800=CARTESIAN_POINT('Ctrl Pts',(-4.50091122420714,29.6043410323001,2.09229231237484));
#2801=CARTESIAN_POINT('Ctrl Pts',(0.404479388962387,30.3501346186477,2.06591137093599));
#2802=CARTESIAN_POINT('Ctrl Pts',(5.4992179799188,29.850508815688,2.03953042949715));
#2803=CARTESIAN_POINT('Ctrl Pts',(10.1662735437614,28.1659740118878,2.0131494880583));
#2804=CARTESIAN_POINT('Ctrl Pts',(14.8333291076041,26.4814392080876,1.98676854661945));
#2805=CARTESIAN_POINT('Ctrl Pts',(19.072701644333,23.6119954034467,1.96038760518061));
#2806=CARTESIAN_POINT('Ctrl Pts',(22.3709547430735,19.9051650002777,1.93400666374176));
#2807=CARTESIAN_POINT('Ctrl Pts',(25.6692078418141,16.1983345971085,1.90762572230291));
#2808=CARTESIAN_POINT('Ctrl Pts',(28.026341502566,11.6541175954115,1.88124478086406));
#2809=CARTESIAN_POINT('Ctrl Pts',(29.1568799299746,6.82287055087272,1.85486383942521));
#2810=CARTESIAN_POINT('Ctrl Pts',(30.2874183573831,1.99162350633425,1.82848289798636));
#2811=CARTESIAN_POINT('Ctrl Pts',(30.1913615514482,-3.12665358104554,1.80210195654752));
#2812=CARTESIAN_POINT('Ctrl Pts',(28.8803430879532,-7.9120789257337,1.77572101510867));
#2813=CARTESIAN_POINT('Ctrl Pts',(27.5693246244581,-12.6975042704217,1.74934007366982));
#2814=CARTESIAN_POINT('Ctrl Pts',(25.0433445034029,-17.1500778724182,1.72295913223097));
#2815=CARTESIAN_POINT('Ctrl Pts',(21.6083277540364,-20.7305422379411,1.69657819079213));
#2816=CARTESIAN_POINT('Ctrl Pts',(18.1733110046698,-24.3110066034642,1.67019724935328));
#2817=CARTESIAN_POINT('Ctrl Pts',(13.8292576269917,-27.0193617325137,1.64381630791443));
#2818=CARTESIAN_POINT('Ctrl Pts',(9.1022820767524,-28.5275949003794,1.61743536647558));
#2819=CARTESIAN_POINT('Ctrl Pts',(4.37530652651326,-30.0358280682451,1.59105442503674));
#2820=CARTESIAN_POINT('Ctrl Pts',(-0.73459119628713,-30.3439392749272,1.56467348359789));
#2821=CARTESIAN_POINT('Ctrl Pts',(-5.60854414282514,-29.4146127358989,1.53829254215904));
#2822=CARTESIAN_POINT('Ctrl Pts',(-10.4824970893633,-28.4852861968705,1.51191160072019));
#2823=CARTESIAN_POINT('Ctrl Pts',(-15.1205052596391,-26.3185219121317,1.48553065928134));
#2824=CARTESIAN_POINT('Ctrl Pts',(-18.9608529167309,-23.1767397723455,1.4591497178425));
#2825=CARTESIAN_POINT('Ctrl Pts',(-22.8012005738226,-20.0349576325593,1.43276877640365));
#2826=CARTESIAN_POINT('Ctrl Pts',(-25.8438877177303,-15.9181576377256,1.4063878349648));
#2827=CARTESIAN_POINT('Ctrl Pts',(-27.7204102000103,-11.3249312646077,1.38000689352595));
#2828=CARTESIAN_POINT('Ctrl Pts',(-29.1840144595596,-7.7424185325452,1.35943092994149));
#2829=CARTESIAN_POINT('Ctrl Pts',(-29.9382048701891,-3.87008097396648,1.33885496635703));
#2830=CARTESIAN_POINT('Ctrl Pts',(-29.9421615328559,0.000759618816262298,
1.31827900277257));
#2831=CARTESIAN_POINT('Ctrl Pts',(-29.9411752907033,0.000736723013860109,
1.18172099722746));
#2832=CARTESIAN_POINT('Ctrl Pts',(-29.9378645828006,-3.54637457624038,1.20057434913468));
#2833=CARTESIAN_POINT('Ctrl Pts',(-29.3072560232564,-7.09463180252567,1.2194277010419));
#2834=CARTESIAN_POINT('Ctrl Pts',(-28.0734594188199,-10.4190252234823,1.23828105294912));
#2835=CARTESIAN_POINT('Ctrl Pts',(-26.3470440774386,-15.0707512714298,1.26466199438797));
#2836=CARTESIAN_POINT('Ctrl Pts',(-23.4396117140275,-19.284161329947,1.29104293582682));
#2837=CARTESIAN_POINT('Ctrl Pts',(-19.7032855790433,-22.5489633406582,1.31742387726566));
#2838=CARTESIAN_POINT('Ctrl Pts',(-15.966959444059,-25.8137653513697,1.34380481870451));
#2839=CARTESIAN_POINT('Ctrl Pts',(-11.4017395375016,-28.1299593142751,1.37018576014336));
#2840=CARTESIAN_POINT('Ctrl Pts',(-6.56052610660571,-29.2170276987963,1.39656670158221));
#2841=CARTESIAN_POINT('Ctrl Pts',(-1.71931267570996,-30.3040960833176,1.42294764302105));
#2842=CARTESIAN_POINT('Ctrl Pts',(3.39789427952434,-30.1620388894546,1.4493285844599));
#2843=CARTESIAN_POINT('Ctrl Pts',(8.17134257878358,-28.8080608651093,1.47570952589875));
#2844=CARTESIAN_POINT('Ctrl Pts',(12.9447908780428,-27.4540828407641,1.5020904673376));
#2845=CARTESIAN_POINT('Ctrl Pts',(17.3744805213271,-24.8881839859364,1.52847140877644));
#2846=CARTESIAN_POINT('Ctrl Pts',(20.9239255234977,-21.4211239442473,1.55485235021529));
#2847=CARTESIAN_POINT('Ctrl Pts',(24.4733705256683,-17.9540639025583,1.58123329165414));
#2848=CARTESIAN_POINT('Ctrl Pts',(27.1425708867253,-13.5858426740077,1.60761423309299));
#2849=CARTESIAN_POINT('Ctrl Pts',(28.6082559713533,-8.84550171698679,1.63399517453184));
#2850=CARTESIAN_POINT('Ctrl Pts',(30.0739410559813,-4.10516075996573,1.66037611597068));
#2851=CARTESIAN_POINT('Ctrl Pts',(30.3361108641803,1.00729992552539,1.68675705740953));
#2852=CARTESIAN_POINT('Ctrl Pts',(29.3630136392468,5.87270298662312,1.71313799884838));
#2853=CARTESIAN_POINT('Ctrl Pts',(28.3899164143134,10.7381060477207,1.73951894028722));
#2854=CARTESIAN_POINT('Ctrl Pts',(26.1815521562475,15.3564514844246,1.76589988172607));
#2855=CARTESIAN_POINT('Ctrl Pts',(23.0053789873875,19.1684049413184,1.79228082316492));
#2856=CARTESIAN_POINT('Ctrl Pts',(19.8292058185274,22.9803583982121,1.81866176460377));
#2857=CARTESIAN_POINT('Ctrl Pts',(15.685223738873,25.9859198752958,1.84504270604262));
#2858=CARTESIAN_POINT('Ctrl Pts',(11.0753162859699,27.8210815662047,1.87142364748146));
#2859=CARTESIAN_POINT('Ctrl Pts',(6.46540883306672,29.6562432571137,1.89780458892031));
#2860=CARTESIAN_POINT('Ctrl Pts',(1.38957600691474,30.3210051618479,1.92418553035916));
#2861=CARTESIAN_POINT('Ctrl Pts',(-3.53744089153137,29.7348570248221,1.95056647179801));
#2862=CARTESIAN_POINT('Ctrl Pts',(-8.46445778997719,29.1487088877962,1.97694741323685));
#2863=CARTESIAN_POINT('Ctrl Pts',(-13.2426587607172,27.3116507090105,2.0033283546757));
#2864=CARTESIAN_POINT('Ctrl Pts',(-17.2933491182526,24.4461712057721,2.02970929611455));
#2865=CARTESIAN_POINT('Ctrl Pts',(-21.3440394757882,21.5806917025334,2.0560902375534));
#2866=CARTESIAN_POINT('Ctrl Pts',(-24.667219220119,17.6867908748419,2.08247117899224));
#2867=CARTESIAN_POINT('Ctrl Pts',(-26.8604133467867,13.2360645657028,2.10885212043109));
#2868=CARTESIAN_POINT('Ctrl Pts',(-28.8797447768533,9.1381639679454,2.13314174602988));
#2869=CARTESIAN_POINT('Ctrl Pts',(-29.9411457594,4.56822189081349,2.15743137162866));
#2870=CARTESIAN_POINT('Ctrl Pts',(-29.9441095703562,-0.000390147479724702,
2.18172099722745));
#2871=CARTESIAN_POINT('Origin',(0.,0.,0.));
#2872=CARTESIAN_POINT('',(-29.9394699817341,4.19865603873415E-5,3.31827900277257));
#2873=CARTESIAN_POINT('',(-29.9395946461988,-0.0002519471436199,3.18172099722745));
#2874=CARTESIAN_POINT('',(-29.942,-3.66683744600701E-15,0.));
#2875=CARTESIAN_POINT('Ctrl Pts',(-29.9394699817341,4.19865603873415E-5,
3.31827900277257));
#2876=CARTESIAN_POINT('Ctrl Pts',(-29.939589641458,2.4365254882632,3.30533089422271));
#2877=CARTESIAN_POINT('Ctrl Pts',(-29.6455719827437,4.87298060798352,3.29238278567285));
#2878=CARTESIAN_POINT('Ctrl Pts',(-29.0570821188803,7.23610313231997,3.27943467712299));
#2879=CARTESIAN_POINT('Ctrl Pts',(-27.8580717324481,12.0508138437165,3.25305373568414));
#2880=CARTESIAN_POINT('Ctrl Pts',(-25.4366644877963,16.5611103094393,3.22667279424529));
#2881=CARTESIAN_POINT('Ctrl Pts',(-22.0861204450374,20.2207441379447,3.20029185280644));
#2882=CARTESIAN_POINT('Ctrl Pts',(-18.7355764022784,23.8803779664502,3.1739109113676));
#2883=CARTESIAN_POINT('Ctrl Pts',(-14.4558955614123,26.6893491577384,3.14752996992875));
#2884=CARTESIAN_POINT('Ctrl Pts',(-9.76539612910443,28.3074592333292,3.1211490284899));
#2885=CARTESIAN_POINT('Ctrl Pts',(-5.0748966967964,29.92556930892,3.09476808705106));
#2886=CARTESIAN_POINT('Ctrl Pts',(0.0264213269533886,30.3528182688135,3.06838714561221));
#2887=CARTESIAN_POINT('Ctrl Pts',(4.92073009282236,29.5374613864922,3.04200620417336));
#2888=CARTESIAN_POINT('Ctrl Pts',(9.8150388586912,28.7221045041709,3.01562526273451));
#2889=CARTESIAN_POINT('Ctrl Pts',(14.5023383666791,26.664141779635,2.98924432129566));
#2890=CARTESIAN_POINT('Ctrl Pts',(18.4149431361577,23.6128159925283,2.96286337985681));
#2891=CARTESIAN_POINT('Ctrl Pts',(22.3275479056363,20.5614902054215,2.93648243841797));
#2892=CARTESIAN_POINT('Ctrl Pts',(25.4654579366055,16.516801355744,2.91010149697912));
#2893=CARTESIAN_POINT('Ctrl Pts',(27.4486365019341,11.9686074373594,2.88372055554027));
#2894=CARTESIAN_POINT('Ctrl Pts',(29.4318150672626,7.42041351897498,2.85733961410143));
#2895=CARTESIAN_POINT('Ctrl Pts',(30.2602621669505,2.36871453188317,2.83095867266258));
#2896=CARTESIAN_POINT('Ctrl Pts',(29.8336433996735,-2.57467110638286,2.80457773122373));
#2897=CARTESIAN_POINT('Ctrl Pts',(29.4070246323964,-7.51805674464918,2.77819678978488));
#2898=CARTESIAN_POINT('Ctrl Pts',(27.7253399981545,-12.3531290340896,2.75181584834604));
#2899=CARTESIAN_POINT('Ctrl Pts',(24.992260704266,-16.4943055232685,2.72543490690719));
#2900=CARTESIAN_POINT('Ctrl Pts',(22.2591814103776,-20.6354820124472,2.69905396546834));
#2901=CARTESIAN_POINT('Ctrl Pts',(18.4747074568425,-24.0827627013642,2.67267302402949));
#2902=CARTESIAN_POINT('Ctrl Pts',(14.0971818429889,-26.4186425444349,2.64629208259064));
#2903=CARTESIAN_POINT('Ctrl Pts',(9.71965622913525,-28.7545223875057,2.6199111411518));
#2904=CARTESIAN_POINT('Ctrl Pts',(4.74907895496289,-29.9790013847303,2.59353019971295));
#2905=CARTESIAN_POINT('Ctrl Pts',(-0.212556327515818,-29.9437811508927,
2.5671492582741));
#2906=CARTESIAN_POINT('Ctrl Pts',(-5.17419160999467,-29.9085609170551,2.54076831683525));
#2907=CARTESIAN_POINT('Ctrl Pts',(-10.1268849007798,-28.6136414521552,2.51438737539641));
#2908=CARTESIAN_POINT('Ctrl Pts',(-14.4708085024105,-26.2158522861929,2.48800643395756));
#2909=CARTESIAN_POINT('Ctrl Pts',(-18.8147321040413,-23.8180631202307,2.46162549251871));
#2910=CARTESIAN_POINT('Ctrl Pts',(-22.5498860165176,-20.3174042532061,2.43524455107986));
#2911=CARTESIAN_POINT('Ctrl Pts',(-25.2239004605215,-16.1378454374376,2.40886360964101));
#2912=CARTESIAN_POINT('Ctrl Pts',(-27.8979149045253,-11.9582866216692,2.38248266820216));
#2913=CARTESIAN_POINT('Ctrl Pts',(-29.5107898800569,-7.09982785715701,2.35610172676332));
#2914=CARTESIAN_POINT('Ctrl Pts',(-29.8671878149986,-2.15088396444848,2.32972078532447));
#2915=CARTESIAN_POINT('Ctrl Pts',(-29.918712734772,-1.43540861502867,2.32590685780717));
#2916=CARTESIAN_POINT('Ctrl Pts',(-29.943976195705,-0.718042048027456,2.32209293028987));
#2917=CARTESIAN_POINT('Ctrl Pts',(-29.9433075891532,-0.000628483966205185,
2.31827900277257));
#2918=CARTESIAN_POINT('Ctrl Pts',(-29.9441095703562,-0.000390147479724702,
2.18172099722745));
#2919=CARTESIAN_POINT('Ctrl Pts',(-29.9443647519264,-0.393743708402971,
2.18381231306751));
#2920=CARTESIAN_POINT('Ctrl Pts',(-29.9367736734791,-0.787087409666293,
2.18590362890757));
#2921=CARTESIAN_POINT('Ctrl Pts',(-29.9212721857712,-1.18011911800559,2.18799494474764));
#2922=CARTESIAN_POINT('Ctrl Pts',(-29.7257283890837,-6.13802470198871,2.21437588618648));
#2923=CARTESIAN_POINT('Ctrl Pts',(-28.2714322867042,-11.0462840793681,2.24075682762533));
#2924=CARTESIAN_POINT('Ctrl Pts',(-25.7345157388751,-15.310451006854,2.26713776906418));
#2925=CARTESIAN_POINT('Ctrl Pts',(-23.1975991910462,-19.5746179343396,2.29351871050303));
#2926=CARTESIAN_POINT('Ctrl Pts',(-19.5780621977679,-23.1946924119318,2.31989965194187));
#2927=CARTESIAN_POINT('Ctrl Pts',(-15.3142720095606,-25.732242093624,2.34628059338072));
#2928=CARTESIAN_POINT('Ctrl Pts',(-11.0504818213531,-28.2697917753163,2.37266153481957));
#2929=CARTESIAN_POINT('Ctrl Pts',(-6.14243843821646,-29.7248166611086,2.39904247625842));
#2930=CARTESIAN_POINT('Ctrl Pts',(-1.1845619440718,-29.9210966267673,2.42542341769726));
#2931=CARTESIAN_POINT('Ctrl Pts',(3.77331455007287,-30.1173765924259,2.45180435913611));
#2932=CARTESIAN_POINT('Ctrl Pts',(8.78102415522557,-29.054911637951,2.47818530057496));
#2933=CARTESIAN_POINT('Ctrl Pts',(13.2320760701895,-26.8623783984294,2.50456624201381));
#2934=CARTESIAN_POINT('Ctrl Pts',(17.6831279851534,-24.6698451589077,2.53094718345265));
#2935=CARTESIAN_POINT('Ctrl Pts',(21.5775222099285,-21.3472436343393,2.5573281248915));
#2936=CARTESIAN_POINT('Ctrl Pts',(24.44360314549,-17.2969788001684,2.58370906633035));
#2937=CARTESIAN_POINT('Ctrl Pts',(27.3096840810518,-13.2467139659973,2.6100900077692));
#2938=CARTESIAN_POINT('Ctrl Pts',(29.1474517273999,-8.46878582222352,2.63647094920804));
#2939=CARTESIAN_POINT('Ctrl Pts',(29.7343314426061,-3.54185601188592,2.66285189064689));
#2940=CARTESIAN_POINT('Ctrl Pts',(30.3212111578123,1.38507379845141,2.68923283208574));
#2941=CARTESIAN_POINT('Ctrl Pts',(29.6572029418768,6.46100527535258,2.71561377352459));
#2942=CARTESIAN_POINT('Ctrl Pts',(27.8227257700671,11.0711851701311,2.74199471496344));
#2943=CARTESIAN_POINT('Ctrl Pts',(25.9882485982575,15.6813650649095,2.76837565640228));
#2944=CARTESIAN_POINT('Ctrl Pts',(22.9833024705738,19.8257933775653,2.79475659784113));
#2945=CARTESIAN_POINT('Ctrl Pts',(19.1718206675435,23.0025325266424,2.82113753927998));
#2946=CARTESIAN_POINT('Ctrl Pts',(15.3603388645128,26.1792716757196,2.84751848071882));
#2947=CARTESIAN_POINT('Ctrl Pts',(10.7423213861355,28.388321661218,2.87389942215768));
#2948=CARTESIAN_POINT('Ctrl Pts',(5.87706286833041,29.3621413113788,2.90028036359653));
#2949=CARTESIAN_POINT('Ctrl Pts',(1.01180435052579,30.3359609615396,2.92666130503537));
#2950=CARTESIAN_POINT('Ctrl Pts',(-4.10069520670645,30.0745502763631,2.95304224647422));
#2951=CARTESIAN_POINT('Ctrl Pts',(-8.84125374269059,28.6095690740886,2.97942318791306));
#2952=CARTESIAN_POINT('Ctrl Pts',(-13.5818122786749,27.144587871814,3.00580412935191));
#2953=CARTESIAN_POINT('Ctrl Pts',(-17.950429793411,24.4760361524414,3.03218507079076));
#2954=CARTESIAN_POINT('Ctrl Pts',(-21.4180168337269,20.9271059933732,3.05856601222961));
#2955=CARTESIAN_POINT('Ctrl Pts',(-24.8856038740429,17.378175834305,3.08494695366845));
#2956=CARTESIAN_POINT('Ctrl Pts',(-27.4521604399386,12.9488672355411,3.1113278951073));
#2957=CARTESIAN_POINT('Ctrl Pts',(-28.8068472314743,8.17562003337884,3.13770883654615));
#2958=CARTESIAN_POINT('Ctrl Pts',(-29.5602028673996,5.52116683882407,3.15237955677325));
#2959=CARTESIAN_POINT('Ctrl Pts',(-29.9387769177474,2.7603475496194,3.16705027700035));
#2960=CARTESIAN_POINT('Ctrl Pts',(-29.9395946461988,-0.0002519471436199,
3.18172099722745));
#2961=CARTESIAN_POINT('Origin',(0.,0.,0.));
#2962=CARTESIAN_POINT('',(-29.9435603100648,0.000571980780055825,4.31827900277257));
#2963=CARTESIAN_POINT('',(-29.9426061755428,0.000729821583636182,4.18172099722745));
#2964=CARTESIAN_POINT('',(-29.942,-3.66683744600701E-15,0.));
#2965=CARTESIAN_POINT('Ctrl Pts',(-29.9435603100648,0.000571980780055825,
4.31827900277257));
#2966=CARTESIAN_POINT('Ctrl Pts',(-29.9441070750998,0.626791855302545,4.3149497995944));
#2967=CARTESIAN_POINT('Ctrl Pts',(-29.9248614487583,1.25297815992906,4.31162059641622));
#2968=CARTESIAN_POINT('Ctrl Pts',(-29.8855931461576,1.87790630950084,4.30829139323805));
#2969=CARTESIAN_POINT('Ctrl Pts',(-29.5744271596224,6.82989993530779,4.2819104517992));
#2970=CARTESIAN_POINT('Ctrl Pts',(-28.0060098421234,11.702892277938,4.25552951036035));
#2971=CARTESIAN_POINT('Ctrl Pts',(-25.3702944358616,15.9067083346183,4.2291485689215));
#2972=CARTESIAN_POINT('Ctrl Pts',(-22.7345790295998,20.1105243912984,4.20276762748266));
#2973=CARTESIAN_POINT('Ctrl Pts',(-19.0315655345754,23.6451641620288,4.17638668604381));
#2974=CARTESIAN_POINT('Ctrl Pts',(-14.7097311586378,26.0825424191263,4.15000574460496));
#2975=CARTESIAN_POINT('Ctrl Pts',(-10.3878967826998,28.519920676224,4.12362480316611));
#2976=CARTESIAN_POINT('Ctrl Pts',(-5.44724152584855,29.8600374196886,4.09724386172726));
#2977=CARTESIAN_POINT('Ctrl Pts',(-0.48613514220913,29.9405892131139,4.07086292028842));
#2978=CARTESIAN_POINT('Ctrl Pts',(4.47497124142973,30.0211410065392,4.04448197884957));
#2979=CARTESIAN_POINT('Ctrl Pts',(9.4565287518567,28.8421278499253,4.01810103741072));
#2980=CARTESIAN_POINT('Ctrl Pts',(13.8552139050987,26.5463416961525,3.99172009597188));
#2981=CARTESIAN_POINT('Ctrl Pts',(18.253899058341,24.2505555423795,3.96533915453303));
#2982=CARTESIAN_POINT('Ctrl Pts',(22.0697118543982,20.8379963914473,3.93895821309418));
#2983=CARTESIAN_POINT('Ctrl Pts',(24.8405138023488,16.7219641143091,3.91257727165533));
#2984=CARTESIAN_POINT('Ctrl Pts',(27.6113157502994,12.605931837171,3.88619633021649));
#2985=CARTESIAN_POINT('Ctrl Pts',(29.3371068501434,7.78642643382698,3.85981538877764));
#2986=CARTESIAN_POINT('Ctrl Pts',(29.8088740980587,2.84714502809562,3.83343444733879));
#2987=CARTESIAN_POINT('Ctrl Pts',(30.2806413459739,-2.09213637763573,3.80705350589994));
#2988=CARTESIAN_POINT('Ctrl Pts',(29.4983847419603,-7.15119378575442,3.78067256446109));
#2989=CARTESIAN_POINT('Ctrl Pts',(27.5568444910054,-11.7173175899379,3.75429162302225));
#2990=CARTESIAN_POINT('Ctrl Pts',(25.6153042400504,-16.2834413941215,3.7279106815834));
#2991=CARTESIAN_POINT('Ctrl Pts',(22.514480342154,-20.3566315943698,3.70152974014455));
#2992=CARTESIAN_POINT('Ctrl Pts',(18.629917970357,-23.4435783578935,3.6751487987057));
#2993=CARTESIAN_POINT('Ctrl Pts',(14.7453555985601,-26.5305251214171,3.64876785726685));
#2994=CARTESIAN_POINT('Ctrl Pts',(10.0770547528627,-28.6312284482161,3.62238691582801));
#2995=CARTESIAN_POINT('Ctrl Pts',(5.19039995900124,-29.491269183786,3.59600597438916));
#2996=CARTESIAN_POINT('Ctrl Pts',(0.303745165139744,-30.3513099193558,3.56962503295031));
#2997=CARTESIAN_POINT('Ctrl Pts',(-4.80126357688586,-29.9706880636965,3.54324409151146));
#2998=CARTESIAN_POINT('Ctrl Pts',(-9.50635142963647,-28.3955012687075,3.51686315007262));
#2999=CARTESIAN_POINT('Ctrl Pts',(-14.2114392823872,-26.8203144737185,3.49048220863377));
#3000=CARTESIAN_POINT('Ctrl Pts',(-18.5166062458629,-24.0505627393997,3.46410126719492));
#3001=CARTESIAN_POINT('Ctrl Pts',(-21.9004474530007,-20.421694620263,3.43772032575607));
#3002=CARTESIAN_POINT('Ctrl Pts',(-25.2842886601382,-16.7928265011265,3.41133938431723));
#3003=CARTESIAN_POINT('Ctrl Pts',(-27.7468041109379,-12.3048419971721,3.38495844287838));
#3004=CARTESIAN_POINT('Ctrl Pts',(-28.9897550722315,-7.5012872666598,3.35857750143953));
#3005=CARTESIAN_POINT('Ctrl Pts',(-29.6226495650594,-5.05537956023276,3.34514466855055));
#3006=CARTESIAN_POINT('Ctrl Pts',(-29.9393458424384,-2.52765351345142,3.33171183566156));
#3007=CARTESIAN_POINT('Ctrl Pts',(-29.9394699817341,4.19865603873415E-5,
3.31827900277257));
#3008=CARTESIAN_POINT('Ctrl Pts',(-29.9395946461988,-0.0002519471436199,
3.18172099722745));
#3009=CARTESIAN_POINT('Ctrl Pts',(-29.9402473599653,-2.20377231176874,3.1934312184392));
#3010=CARTESIAN_POINT('Ctrl Pts',(-29.7002205910736,-4.40715264026983,3.20514143965094));
#3011=CARTESIAN_POINT('Ctrl Pts',(-29.2180015118228,-6.55618776445643,3.21685166086269));
#3012=CARTESIAN_POINT('Ctrl Pts',(-28.1316519834596,-11.3975625545689,3.24323260230154));
#3013=CARTESIAN_POINT('Ctrl Pts',(-25.8161359095574,-15.9631263292331,3.26961354374039));
#3014=CARTESIAN_POINT('Ctrl Pts',(-22.5518887205973,-19.6999371948613,3.29599448517923));
#3015=CARTESIAN_POINT('Ctrl Pts',(-19.2876415316372,-23.4367480604895,3.32237542661808));
#3016=CARTESIAN_POINT('Ctrl Pts',(-15.0746632276191,-26.3448060170817,3.34875636805693));
#3017=CARTESIAN_POINT('Ctrl Pts',(-10.42319357652,-28.0719120477049,3.37513730949577));
#3018=CARTESIAN_POINT('Ctrl Pts',(-5.77172392542077,-29.7990180783281,3.40151825093462));
#3019=CARTESIAN_POINT('Ctrl Pts',(-0.681762927240421,-30.3451721829822,
3.42789919237347));
#3020=CARTESIAN_POINT('Ctrl Pts',(4.23023703414657,-29.6442288646985,3.45428013381232));
#3021=CARTESIAN_POINT('Ctrl Pts',(9.14223699553342,-28.9432855464147,3.48066107525117));
#3022=CARTESIAN_POINT('Ctrl Pts',(13.8762759201269,-26.9952448051931,3.50704201669001));
#3023=CARTESIAN_POINT('Ctrl Pts',(17.8590076503705,-24.0360366136286,3.53342295812886));
#3024=CARTESIAN_POINT('Ctrl Pts',(21.8417393806141,-21.0768284220641,3.55980389956771));
#3025=CARTESIAN_POINT('Ctrl Pts',(25.0731639165077,-17.1064527801568,3.58618484100656));
#3026=CARTESIAN_POINT('Ctrl Pts',(27.1619188568121,-12.60576750395,3.61256578244541));
#3027=CARTESIAN_POINT('Ctrl Pts',(29.2506737971166,-8.10508222774305,3.63894672388426));
#3028=CARTESIAN_POINT('Ctrl Pts',(30.1967591418318,-3.07408731723651,3.6653276653231));
#3029=CARTESIAN_POINT('Ctrl Pts',(29.8855931552025,1.87790631006931,3.69170860676195));
#3030=CARTESIAN_POINT('Ctrl Pts',(29.5744271685732,6.82989993737499,3.7180895482008));
#3031=CARTESIAN_POINT('Ctrl Pts',(28.0060098505995,11.70289228148,3.74447048963965));
#3032=CARTESIAN_POINT('Ctrl Pts',(25.3702944435399,15.9067083394326,3.77085143107849));
#3033=CARTESIAN_POINT('Ctrl Pts',(22.7345790364804,20.1105243973852,3.79723237251734));
#3034=CARTESIAN_POINT('Ctrl Pts',(19.0315655403351,23.6451641691854,3.82361331395619));
#3035=CARTESIAN_POINT('Ctrl Pts',(14.7097311630893,26.0825424270205,3.84999425539504));
#3036=CARTESIAN_POINT('Ctrl Pts',(10.3878967858435,28.5199206848557,3.87637519683389));
#3037=CARTESIAN_POINT('Ctrl Pts',(5.44724152749721,29.8600374287258,3.90275613827273));
#3038=CARTESIAN_POINT('Ctrl Pts',(0.486135142356589,29.9405892221755,3.92913707971158));
#3039=CARTESIAN_POINT('Ctrl Pts',(-4.47497124278404,30.0211410156252,3.95551802115043));
#3040=CARTESIAN_POINT('Ctrl Pts',(-9.45652875471901,28.8421278586544,3.98189896258927));
#3041=CARTESIAN_POINT('Ctrl Pts',(-13.8552139092925,26.5463417041866,4.00827990402812));
#3042=CARTESIAN_POINT('Ctrl Pts',(-18.253899063866,24.2505555497186,4.03466084546697));
#3043=CARTESIAN_POINT('Ctrl Pts',(-22.069711861078,20.8379963977536,4.06104178690582));
#3044=CARTESIAN_POINT('Ctrl Pts',(-24.8405138098672,16.7219641193696,4.08742272834467));
#3045=CARTESIAN_POINT('Ctrl Pts',(-27.6113157586563,12.6059318409857,4.11380366978351));
#3046=CARTESIAN_POINT('Ctrl Pts',(-29.3371068590225,7.78642643618304,4.14018461122236));
#3047=CARTESIAN_POINT('Ctrl Pts',(-29.8088741070805,2.84714502895679,4.16656555266121));
#3048=CARTESIAN_POINT('Ctrl Pts',(-29.8992151132027,1.90129799594094,4.17161736751662));
#3049=CARTESIAN_POINT('Ctrl Pts',(-29.9435707087135,0.951058742918509,4.17666918237204));
#3050=CARTESIAN_POINT('Ctrl Pts',(-29.9426061755428,0.000729821583636182,
4.18172099722745));
#3051=CARTESIAN_POINT('Origin',(0.,0.,0.));
#3052=CARTESIAN_POINT('',(-29.9418761599454,-0.000765837264975477,5.31827900277257));
#3053=CARTESIAN_POINT('',(-29.9428877201257,-0.00069775533975122,5.18172099722746));
#3054=CARTESIAN_POINT('',(-29.942,-3.66683744600701E-15,0.));
#3055=CARTESIAN_POINT('Ctrl Pts',(-29.9418761599454,-0.000765837264975478,
5.31827900277257));
#3056=CARTESIAN_POINT('Ctrl Pts',(-29.9380542140513,3.77898997720151,5.29818776352724));
#3057=CARTESIAN_POINT('Ctrl Pts',(-29.2198297968917,7.56015704760894,5.2780965242819));
#3058=CARTESIAN_POINT('Ctrl Pts',(-27.8227257616465,11.0711851667803,5.25800528503656));
#3059=CARTESIAN_POINT('Ctrl Pts',(-25.9882485903921,15.6813650601634,5.23162434359771));
#3060=CARTESIAN_POINT('Ctrl Pts',(-22.9833024636179,19.8257933715649,5.20524340215887));
#3061=CARTESIAN_POINT('Ctrl Pts',(-19.1718206617411,23.0025325196805,5.17886246072002));
#3062=CARTESIAN_POINT('Ctrl Pts',(-15.3603388598643,26.1792716677962,5.15248151928117));
#3063=CARTESIAN_POINT('Ctrl Pts',(-10.7423213828849,28.3883216526258,5.12610057784233));
#3064=CARTESIAN_POINT('Ctrl Pts',(-5.87706286655264,29.3621413024921,5.09971963640348));
#3065=CARTESIAN_POINT('Ctrl Pts',(-1.01180435022039,30.3359609523583,5.07333869496463));
#3066=CARTESIAN_POINT('Ctrl Pts',(4.1006952054647,30.074550267261,5.04695775352578));
#3067=CARTESIAN_POINT('Ctrl Pts',(8.84125374001425,28.60956906543,5.02057681208694));
#3068=CARTESIAN_POINT('Ctrl Pts',(13.5818122745638,27.1445878635989,4.99419587064809));
#3069=CARTESIAN_POINT('Ctrl Pts',(17.9504297879778,24.476036145034,4.96781492920924));
#3070=CARTESIAN_POINT('Ctrl Pts',(21.4180168272443,20.9271059870399,4.94143398777039));
#3071=CARTESIAN_POINT('Ctrl Pts',(24.8856038665109,17.3781758290457,4.91505304633154));
#3072=CARTESIAN_POINT('Ctrl Pts',(27.45216043163,12.9488672316223,4.8886721048927));
#3073=CARTESIAN_POINT('Ctrl Pts',(28.8068472227558,8.17562003090457,4.86229116345385));
#3074=CARTESIAN_POINT('Ctrl Pts',(30.1615340138816,3.40237283018697,4.835910222015));
#3075=CARTESIAN_POINT('Ctrl Pts',(30.3043510310142,-1.71481297382491,4.80952928057615));
#3076=CARTESIAN_POINT('Ctrl Pts',(29.2180015029799,-6.55618776247208,4.78314833913731));
#3077=CARTESIAN_POINT('Ctrl Pts',(28.1316519749455,-11.3975625511191,4.75676739769846));
#3078=CARTESIAN_POINT('Ctrl Pts',(25.8161359017443,-15.9631263244015,4.73038645625961));
#3079=CARTESIAN_POINT('Ctrl Pts',(22.5518887137723,-19.6999371888987,4.70400551482076));
#3080=CARTESIAN_POINT('Ctrl Pts',(19.2876415258,-23.4367480533962,4.67762457338191));
#3081=CARTESIAN_POINT('Ctrl Pts',(15.0746632230567,-26.3448060091084,4.65124363194307));
#3082=CARTESIAN_POINT('Ctrl Pts',(10.4231935733651,-28.0719120392089,4.62486269050422));
#3083=CARTESIAN_POINT('Ctrl Pts',(5.771723923674,-29.7990180693092,4.59848174906537));
#3084=CARTESIAN_POINT('Ctrl Pts',(0.681762927034633,-30.3451721737981,4.57210080762652));
#3085=CARTESIAN_POINT('Ctrl Pts',(-4.23023703286533,-29.6442288557267,4.54571986618768));
#3086=CARTESIAN_POINT('Ctrl Pts',(-9.14223699276585,-28.9432855376552,4.51933892474883));
#3087=CARTESIAN_POINT('Ctrl Pts',(-13.8762759159269,-26.9952447970231,4.49295798330998));
#3088=CARTESIAN_POINT('Ctrl Pts',(-17.8590076449653,-24.0360366063541,4.46657704187114));
#3089=CARTESIAN_POINT('Ctrl Pts',(-21.8417393740035,-21.0768284156852,4.44019610043229));
#3090=CARTESIAN_POINT('Ctrl Pts',(-25.0731639089191,-17.1064527749796,4.41381515899344));
#3091=CARTESIAN_POINT('Ctrl Pts',(-27.1619188485914,-12.6057675001349,4.38743421755459));
#3092=CARTESIAN_POINT('Ctrl Pts',(-28.987078586413,-8.67305648639497,4.36438247929391));
#3093=CARTESIAN_POINT('Ctrl Pts',(-29.9397744538691,-4.33543752916984,4.34133074103324));
#3094=CARTESIAN_POINT('Ctrl Pts',(-29.9435603100648,0.000571980780055825,
4.31827900277257));
#3095=CARTESIAN_POINT('Ctrl Pts',(-29.9426061755428,0.000729821583636182,
4.18172099722745));
#3096=CARTESIAN_POINT('Ctrl Pts',(-29.9385338469482,-4.01162740827887,4.20305012381089));
#3097=CARTESIAN_POINT('Ctrl Pts',(-29.1265897598766,-8.02558305587226,4.22437925039432));
#3098=CARTESIAN_POINT('Ctrl Pts',(-27.5568444993452,-11.717317593485,4.24570837697776));
#3099=CARTESIAN_POINT('Ctrl Pts',(-25.6153042478026,-16.2834413990501,4.2720893184166));
#3100=CARTESIAN_POINT('Ctrl Pts',(-22.5144803489677,-20.3566316005312,4.29847025985545));
#3101=CARTESIAN_POINT('Ctrl Pts',(-18.6299179759953,-23.4435783649888,4.3248512012943));
#3102=CARTESIAN_POINT('Ctrl Pts',(-14.7453556030226,-26.5305251294468,4.35123214273314));
#3103=CARTESIAN_POINT('Ctrl Pts',(-10.0770547559126,-28.6312284568814,4.37761308417199));
#3104=CARTESIAN_POINT('Ctrl Pts',(-5.19039996057203,-29.4912691927116,4.40399402561084));
#3105=CARTESIAN_POINT('Ctrl Pts',(-0.303745165231427,-30.3513099285418,
4.43037496704969));
#3106=CARTESIAN_POINT('Ctrl Pts',(4.80126357833934,-29.9706880727672,4.45675590848854));
#3107=CARTESIAN_POINT('Ctrl Pts',(9.50635143251409,-28.3955012773014,4.48313684992738));
#3108=CARTESIAN_POINT('Ctrl Pts',(14.2114392866887,-26.8203144818356,4.50951779136623));
#3109=CARTESIAN_POINT('Ctrl Pts',(18.5166062514672,-24.0505627466786,4.53589873280508));
#3110=CARTESIAN_POINT('Ctrl Pts',(21.900447459629,-20.4216946264436,4.56227967424392));
#3111=CARTESIAN_POINT('Ctrl Pts',(25.2842886677907,-16.7928265062088,4.58866061568277));
#3112=CARTESIAN_POINT('Ctrl Pts',(27.7468041193358,-12.3048420008957,4.61504155712162));
#3113=CARTESIAN_POINT('Ctrl Pts',(28.9897550810054,-7.50128726892957,4.64142249856047));
#3114=CARTESIAN_POINT('Ctrl Pts',(30.2327060426752,-2.69773253696331,4.66780343999932));
#3115=CARTESIAN_POINT('Ctrl Pts',(30.2560925144696,2.42139242165634,4.69418438143816));
#3116=CARTESIAN_POINT('Ctrl Pts',(29.0570821276745,7.23610313451009,4.72056532287701));
#3117=CARTESIAN_POINT('Ctrl Pts',(27.8580717408794,12.0508138473639,4.74694626431586));
#3118=CARTESIAN_POINT('Ctrl Pts',(25.4366644954947,16.5611103144516,4.77332720575471));
#3119=CARTESIAN_POINT('Ctrl Pts',(22.0861204517217,20.2207441440647,4.79970814719356));
#3120=CARTESIAN_POINT('Ctrl Pts',(18.7355764079485,23.880377973678,4.82608908863241));
#3121=CARTESIAN_POINT('Ctrl Pts',(14.4558955657869,26.6893491658164,4.85247003007125));
#3122=CARTESIAN_POINT('Ctrl Pts',(9.76539613205906,28.3074592418969,4.8788509715101));
#3123=CARTESIAN_POINT('Ctrl Pts',(5.07489669833165,29.9255693179772,4.90523191294895));
#3124=CARTESIAN_POINT('Ctrl Pts',(-0.0264213269617725,30.3528182779998,
4.9316128543878));
#3125=CARTESIAN_POINT('Ctrl Pts',(-4.92073009431174,29.5374613954317,4.95799379582665));
#3126=CARTESIAN_POINT('Ctrl Pts',(-9.81503886166199,28.7221045128637,4.98437473726549));
#3127=CARTESIAN_POINT('Ctrl Pts',(-14.5023383710687,26.6641417877049,5.01075567870434));
#3128=CARTESIAN_POINT('Ctrl Pts',(-18.4149431417315,23.6128159996745,5.03713662014318));
#3129=CARTESIAN_POINT('Ctrl Pts',(-22.3275479123941,20.5614902116443,5.06351756158203));
#3130=CARTESIAN_POINT('Ctrl Pts',(-25.4654579443128,16.5168013607427,5.08989850302088));
#3131=CARTESIAN_POINT('Ctrl Pts',(-27.4486365102415,11.9686074409817,5.11627944445973));
#3132=CARTESIAN_POINT('Ctrl Pts',(-29.0884855539271,8.20780063419565,5.13809329538231));
#3133=CARTESIAN_POINT('Ctrl Pts',(-29.9388110230553,4.10273272993211,5.15990714630488));
#3134=CARTESIAN_POINT('Ctrl Pts',(-29.9428877201257,-0.00069775533975122,
5.18172099722746));
#3135=CARTESIAN_POINT('Origin',(0.,0.,0.));
#3136=CARTESIAN_POINT('',(-29.9398918236423,0.000442808391608596,6.31827900277257));
#3137=CARTESIAN_POINT('',(-29.9395246875962,0.00017114073622495,6.18172099722745));
#3138=CARTESIAN_POINT('',(-29.942,-3.66683744600701E-15,0.));
#3139=CARTESIAN_POINT('Ctrl Pts',(-29.9398918236423,0.000442808391608596,
6.31827900277257));
#3140=CARTESIAN_POINT('Ctrl Pts',(-29.9409306931184,1.97097306795057,6.30780666889892));
#3141=CARTESIAN_POINT('Ctrl Pts',(-29.7493000353225,3.94130393343669,6.29733433502527));
#3142=CARTESIAN_POINT('Ctrl Pts',(-29.36301363036,5.87270298484563,6.28686200115162));
#3143=CARTESIAN_POINT('Ctrl Pts',(-28.3899164057211,10.7381060444707,6.26048105971278));
#3144=CARTESIAN_POINT('Ctrl Pts',(-26.1815521483237,15.3564514797768,6.23410011827393));
#3145=CARTESIAN_POINT('Ctrl Pts',(-23.0053789804249,19.1684049355169,6.20771917683508));
#3146=CARTESIAN_POINT('Ctrl Pts',(-19.8292058125261,22.980358391257,6.18133823539623));
#3147=CARTESIAN_POINT('Ctrl Pts',(-15.6852237341259,25.985919867431,6.15495729395738));
#3148=CARTESIAN_POINT('Ctrl Pts',(-11.075316282618,27.8210815577845,6.12857635251853));
#3149=CARTESIAN_POINT('Ctrl Pts',(-6.46540883111004,29.6562432481381,6.10219541107969));
#3150=CARTESIAN_POINT('Ctrl Pts',(-1.38957600649429,30.3210051526711,6.07581446964085));
#3151=CARTESIAN_POINT('Ctrl Pts',(3.53744089046064,29.7348570158227,6.049433528202));
#3152=CARTESIAN_POINT('Ctrl Pts',(8.46445778741543,29.1487088789743,6.02305258676315));
#3153=CARTESIAN_POINT('Ctrl Pts',(13.2426587567095,27.3116507007445,5.9966716453243));
#3154=CARTESIAN_POINT('Ctrl Pts',(17.293349113019,24.4461711983732,5.97029070388545));
#3155=CARTESIAN_POINT('Ctrl Pts',(21.3440394693284,21.5806916960018,5.9439097624466));
#3156=CARTESIAN_POINT('Ctrl Pts',(24.6672192126534,17.6867908694889,5.91752882100776));
#3157=CARTESIAN_POINT('Ctrl Pts',(26.8604133386572,13.2360645616969,5.89114787956891));
#3158=CARTESIAN_POINT('Ctrl Pts',(29.053607464661,8.78533825390499,5.86476693813006));
#3159=CARTESIAN_POINT('Ctrl Pts',(30.1168159733437,3.77778646483398,5.83838599669121));
#3160=CARTESIAN_POINT('Ctrl Pts',(29.9212721767154,-1.18011911764832,5.81200505525236));
#3161=CARTESIAN_POINT('Ctrl Pts',(29.7257283800871,-6.13802470013063,5.78562411381352));
#3162=CARTESIAN_POINT('Ctrl Pts',(28.2714322781481,-11.0462840760239,5.75924317237468));
#3163=CARTESIAN_POINT('Ctrl Pts',(25.7345157310871,-15.3104510022191,5.73286223093583));
#3164=CARTESIAN_POINT('Ctrl Pts',(23.1975991840261,-19.5746179284144,5.70648128949698));
#3165=CARTESIAN_POINT('Ctrl Pts',(19.5780621918432,-23.1946924049114,5.68010034805813));
#3166=CARTESIAN_POINT('Ctrl Pts',(15.3142720049261,-25.7322420858358,5.65371940661928));
#3167=CARTESIAN_POINT('Ctrl Pts',(11.0504818180091,-28.2697917667602,5.62733846518043));
#3168=CARTESIAN_POINT('Ctrl Pts',(6.14243843635794,-29.7248166521122,5.60095752374159));
#3169=CARTESIAN_POINT('Ctrl Pts',(1.18456194371381,-29.9210966177115,5.57457658230274));
#3170=CARTESIAN_POINT('Ctrl Pts',(-3.77331454893045,-30.1173765833109,5.54819564086389));
#3171=CARTESIAN_POINT('Ctrl Pts',(-8.78102415256775,-29.0549116291576,5.52181469942504));
#3172=CARTESIAN_POINT('Ctrl Pts',(-13.2320760661846,-26.8623783902994,5.49543375798619));
#3173=CARTESIAN_POINT('Ctrl Pts',(-17.6831279798014,-24.6698451514414,5.46905281654735));
#3174=CARTESIAN_POINT('Ctrl Pts',(-21.5775222033979,-21.3472436278786,5.4426718751085));
#3175=CARTESIAN_POINT('Ctrl Pts',(-24.443603138092,-17.2969787949335,5.41629093366965));
#3176=CARTESIAN_POINT('Ctrl Pts',(-27.3096840727862,-13.2467139619884,5.38990999223081));
#3177=CARTESIAN_POINT('Ctrl Pts',(-29.1474517185781,-8.46878581966105,5.36352905079196));
#3178=CARTESIAN_POINT('Ctrl Pts',(-29.7343314336068,-3.54185601081491,5.33714810935311));
#3179=CARTESIAN_POINT('Ctrl Pts',(-29.8742543639352,-2.36718522441358,5.3308584071596));
#3180=CARTESIAN_POINT('Ctrl Pts',(-29.9430726466916,-1.18404468566683,5.32456870496609));
#3181=CARTESIAN_POINT('Ctrl Pts',(-29.9418761599454,-0.000765837264975478,
5.31827900277257));
#3182=CARTESIAN_POINT('Ctrl Pts',(-29.9428877201257,-0.00069775533975122,
5.18172099722746));
#3183=CARTESIAN_POINT('Ctrl Pts',(-29.9437412440906,-0.859818802786718,
5.18628808774373));
#3184=CARTESIAN_POINT('Ctrl Pts',(-29.9075000044273,-1.7188680750389,5.19085517826));
#3185=CARTESIAN_POINT('Ctrl Pts',(-29.8336434087028,-2.57467110716177,5.19542226877627));
#3186=CARTESIAN_POINT('Ctrl Pts',(-29.4070246412966,-7.51805674692445,5.22180321021512));
#3187=CARTESIAN_POINT('Ctrl Pts',(-27.7253400065454,-12.353129037829,5.24818415165397));
#3188=CARTESIAN_POINT('Ctrl Pts',(-24.9922607118294,-16.4943055282614,5.27456509309282));
#3189=CARTESIAN_POINT('Ctrl Pts',(-22.2591814171138,-20.6354820186933,5.30094603453167));
#3190=CARTESIAN_POINT('Ctrl Pts',(-18.4747074624334,-24.0827627086533,5.32732697597051));
#3191=CARTESIAN_POINT('Ctrl Pts',(-14.097181847255,-26.4186425524309,5.35370791740935));
#3192=CARTESIAN_POINT('Ctrl Pts',(-9.71965623207634,-28.7545223962085,5.3800888588482));
#3193=CARTESIAN_POINT('Ctrl Pts',(-4.7490789563998,-29.9790013938036,5.40646980028705));
#3194=CARTESIAN_POINT('Ctrl Pts',(0.212556327580677,-29.9437811599553,5.4328507417259));
#3195=CARTESIAN_POINT('Ctrl Pts',(5.17419161156087,-29.9085609261069,5.45923168316475));
#3196=CARTESIAN_POINT('Ctrl Pts',(10.1268849038451,-28.613641460815,5.4856126246036));
#3197=CARTESIAN_POINT('Ctrl Pts',(14.4708085067903,-26.2158522941272,5.51199356604244));
#3198=CARTESIAN_POINT('Ctrl Pts',(18.8147321097357,-23.8180631274392,5.53837450748129));
#3199=CARTESIAN_POINT('Ctrl Pts',(22.5498860233422,-20.3174042593555,5.56475544892013));
#3200=CARTESIAN_POINT('Ctrl Pts',(25.2239004681555,-16.137845442322,5.59113639035898));
#3201=CARTESIAN_POINT('Ctrl Pts',(27.8979149129687,-11.9582866252887,5.61751733179783));
#3202=CARTESIAN_POINT('Ctrl Pts',(29.5107898889884,-7.09982785930581,5.64389827323668));
#3203=CARTESIAN_POINT('Ctrl Pts',(29.867187824038,-2.15088396509936,5.67027921467553));
#3204=CARTESIAN_POINT('Ctrl Pts',(30.2235857590876,2.7980599291071,5.69666015611438));
#3205=CARTESIAN_POINT('Ctrl Pts',(29.323506653167,7.83748895153728,5.72304109755322));
#3206=CARTESIAN_POINT('Ctrl Pts',(27.2759603613063,12.357070717453,5.74942203899206));
#3207=CARTESIAN_POINT('Ctrl Pts',(25.2284140694454,16.8766524833691,5.77580298043091));
#3208=CARTESIAN_POINT('Ctrl Pts',(22.0334005916446,20.8763869927704,5.80218392186977));
#3209=CARTESIAN_POINT('Ctrl Pts',(18.0778725343389,23.8718607356,5.82856486330862));
#3210=CARTESIAN_POINT('Ctrl Pts',(14.1223444770335,26.8673344784293,5.85494580474747));
#3211=CARTESIAN_POINT('Ctrl Pts',(9.406301840223,28.8585474546869,5.88132674618631));
#3212=CARTESIAN_POINT('Ctrl Pts',(4.50091122556883,29.6043410412601,5.90770768762516));
#3213=CARTESIAN_POINT('Ctrl Pts',(-0.404479389085492,30.3501346278333,5.934088629064));
#3214=CARTESIAN_POINT('Ctrl Pts',(-5.49921798158357,29.8505088247223,5.96046957050285));
#3215=CARTESIAN_POINT('Ctrl Pts',(-10.1662735468388,28.1659740204121,5.9868505119417));
#3216=CARTESIAN_POINT('Ctrl Pts',(-14.8333291120938,26.481439216102,6.01323145338055));
#3217=CARTESIAN_POINT('Ctrl Pts',(-19.0727016501056,23.6119954105928,6.03961239481939));
#3218=CARTESIAN_POINT('Ctrl Pts',(-22.3709547498442,19.905165006302,6.06599333625824));
#3219=CARTESIAN_POINT('Ctrl Pts',(-25.669207849583,16.1983346020109,6.09237427769709));
#3220=CARTESIAN_POINT('Ctrl Pts',(-28.0263415110485,11.6541175989381,6.11875521913594));
#3221=CARTESIAN_POINT('Ctrl Pts',(-29.1568799387992,6.82287055293718,6.14513616057479));
#3222=CARTESIAN_POINT('Ctrl Pts',(-29.6794865562151,4.58956152545454,6.15733110612568));
#3223=CARTESIAN_POINT('Ctrl Pts',(-29.9399850845353,2.29491776097216,6.16952605167657));
#3224=CARTESIAN_POINT('Ctrl Pts',(-29.9395246875962,0.00017114073622495,
6.18172099722745));
#3225=CARTESIAN_POINT('Origin',(0.,0.,0.));
#3226=CARTESIAN_POINT('',(-29.9444574641286,0.000166856348513406,7.31827900277257));
#3227=CARTESIAN_POINT('',(-29.9439139946354,0.000467253143159512,7.18172099722745));
#3228=CARTESIAN_POINT('',(-29.942,-3.66683744600701E-15,0.));
#3229=CARTESIAN_POINT('Ctrl Pts',(-29.9444574641286,0.000166856348513406,
7.31827900277257));
#3230=CARTESIAN_POINT('Ctrl Pts',(-29.9445069551682,0.160681971045494,7.31742557427061));
#3231=CARTESIAN_POINT('Ctrl Pts',(-29.9432431017356,0.321196303816672,7.31657214576864));
#3232=CARTESIAN_POINT('Ctrl Pts',(-29.94066106649,0.48168942949947,7.31571871726668));
#3233=CARTESIAN_POINT('Ctrl Pts',(-29.860845920348,5.44280771912485,7.28933777582783));
#3234=CARTESIAN_POINT('Ctrl Pts',(-28.5214628013808,10.383661907804,7.26295683438899));
#3235=CARTESIAN_POINT('Ctrl Pts',(-26.084726295693,14.7058581484967,7.23657589295014));
#3236=CARTESIAN_POINT('Ctrl Pts',(-23.6479897900051,19.0280543891893,7.2101949515113));
#3237=CARTESIAN_POINT('Ctrl Pts',(-20.1138998975967,22.7315926818952,7.18381401007245));
#3238=CARTESIAN_POINT('Ctrl Pts',(-15.9104752496084,25.3679322597747,7.1574330686336));
#3239=CARTESIAN_POINT('Ctrl Pts',(-11.7070506016199,28.0042718376544,7.13105212719475));
#3240=CARTESIAN_POINT('Ctrl Pts',(-6.83429119805166,29.5734127007075,7.1046711857559));
#3241=CARTESIAN_POINT('Ctrl Pts',(-1.88234383009702,29.8853139771062,7.07829024431705));
#3242=CARTESIAN_POINT('Ctrl Pts',(3.06960353785705,30.1972152535048,7.05190930287821));
#3243=CARTESIAN_POINT('Ctrl Pts',(8.10073887019736,29.2518769432493,7.02552836143936));
#3244=CARTESIAN_POINT('Ctrl Pts',(12.6017342427367,27.1637903076938,6.99914742000051));
#3245=CARTESIAN_POINT('Ctrl Pts',(17.1027296152763,25.0757036721381,6.97276647856167));
#3246=CARTESIAN_POINT('Ctrl Pts',(21.0735850280152,21.844868711282,6.94638553712282));
#3247=CARTESIAN_POINT('Ctrl Pts',(24.0333845591846,17.8625764220975,6.92000459568397));
#3248=CARTESIAN_POINT('Ctrl Pts',(26.9931840903539,13.880284132913,6.89362365424512));
#3249=CARTESIAN_POINT('Ctrl Pts',(28.9419277399541,9.14653451540024,6.86724271280628));
#3250=CARTESIAN_POINT('Ctrl Pts',(29.6436004051612,4.23463868872494,6.84086177136743));
#3251=CARTESIAN_POINT('Ctrl Pts',(30.3452730703684,-0.67725713795051,6.81448082992858));
#3252=CARTESIAN_POINT('Ctrl Pts',(29.7998747511824,-5.76729917378808,6.78809988848973));
#3253=CARTESIAN_POINT('Ctrl Pts',(28.0734594103237,-10.419025220328,6.76171894705088));
#3254=CARTESIAN_POINT('Ctrl Pts',(26.347044069465,-15.0707512668679,6.73533800561203));
#3255=CARTESIAN_POINT('Ctrl Pts',(23.4396117069336,-19.2841613241104,6.70895706417319));
#3256=CARTESIAN_POINT('Ctrl Pts',(19.7032855730802,-22.5489633338337,6.68257612273434));
#3257=CARTESIAN_POINT('Ctrl Pts',(15.9669594392266,-25.813765343557,6.65619518129549));
#3258=CARTESIAN_POINT('Ctrl Pts',(11.4017395340509,-28.1299593057614,6.62981423985664));
#3259=CARTESIAN_POINT('Ctrl Pts',(6.56052610462024,-29.2170276899537,6.60343329841779));
#3260=CARTESIAN_POINT('Ctrl Pts',(1.71931267518981,-30.3040960741458,6.57705235697894));
#3261=CARTESIAN_POINT('Ctrl Pts',(-3.39789427849553,-30.162038880326,6.5506714155401));
#3262=CARTESIAN_POINT('Ctrl Pts',(-8.17134257630999,-28.8080608563906,6.52429047410126));
#3263=CARTESIAN_POINT('Ctrl Pts',(-12.9447908741246,-27.4540828324552,6.49790953266241));
#3264=CARTESIAN_POINT('Ctrl Pts',(-17.3744805160682,-24.8881839784042,6.47152859122356));
#3265=CARTESIAN_POINT('Ctrl Pts',(-20.9239255171647,-21.4211239377645,6.44514764978471));
#3266=CARTESIAN_POINT('Ctrl Pts',(-24.4733705182611,-17.9540638971248,6.41876670834586));
#3267=CARTESIAN_POINT('Ctrl Pts',(-27.1425708785103,-13.5858426698964,6.39238576690702));
#3268=CARTESIAN_POINT('Ctrl Pts',(-28.6082559626947,-8.84550171431017,6.36600482546817));
#3269=CARTESIAN_POINT('Ctrl Pts',(-29.4921140642908,-5.98691442080985,6.35009621790297));
#3270=CARTESIAN_POINT('Ctrl Pts',(-29.9383136685714,-2.99300573640284,6.33418761033777));
#3271=CARTESIAN_POINT('Ctrl Pts',(-29.9398918236423,0.000442808391608596,
6.31827900277257));
#3272=CARTESIAN_POINT('Ctrl Pts',(-29.9395246875962,0.00017114073622495,
6.18172099722745));
#3273=CARTESIAN_POINT('Ctrl Pts',(-29.9389891223443,-2.66923529348944,6.19590699311541));
#3274=CARTESIAN_POINT('Ctrl Pts',(-29.5853256152639,-5.33878091146031,6.21009298900336));
#3275=CARTESIAN_POINT('Ctrl Pts',(-28.8803430966938,-7.91207892812842,6.22427898489132));
#3276=CARTESIAN_POINT('Ctrl Pts',(-27.569324632802,-12.6975042742649,6.25065992633017));
#3277=CARTESIAN_POINT('Ctrl Pts',(-25.0433445109822,-17.1500778776091,6.27704086776903));
#3278=CARTESIAN_POINT('Ctrl Pts',(-21.6083277605759,-20.7305422442157,6.30342180920787));
#3279=CARTESIAN_POINT('Ctrl Pts',(-18.1733110101698,-24.3110066108222,6.32980275064672));
#3280=CARTESIAN_POINT('Ctrl Pts',(-13.8292576311772,-27.0193617406911,6.35618369208557));
#3281=CARTESIAN_POINT('Ctrl Pts',(-9.10228207950755,-28.5275949090133,6.38256463352441));
#3282=CARTESIAN_POINT('Ctrl Pts',(-4.37530652783748,-30.0358280773356,6.40894557496326));
#3283=CARTESIAN_POINT('Ctrl Pts',(0.734591196509685,-30.3439392841109,6.43532651640211));
#3284=CARTESIAN_POINT('Ctrl Pts',(5.6085441445231,-29.4146127448012,6.46170745784096));
#3285=CARTESIAN_POINT('Ctrl Pts',(10.4824970925361,-28.4852862054916,6.4880883992798));
#3286=CARTESIAN_POINT('Ctrl Pts',(15.1205052642153,-26.3185219200971,6.51446934071865));
#3287=CARTESIAN_POINT('Ctrl Pts',(18.9608529224692,-23.1767397793602,6.5408502821575));
#3288=CARTESIAN_POINT('Ctrl Pts',(22.8012005807232,-20.0349576386232,6.56723122359635));
#3289=CARTESIAN_POINT('Ctrl Pts',(25.8438877255521,-15.9181576425432,6.5936121650352));
#3290=CARTESIAN_POINT('Ctrl Pts',(27.7204102084,-11.3249312680351,6.61999310647404));
#3291=CARTESIAN_POINT('Ctrl Pts',(29.596932691248,-6.73170489352683,6.64637404791289));
#3292=CARTESIAN_POINT('Ctrl Pts',(30.3072905121154,-1.66205214059,6.67275498935174));
#3293=CARTESIAN_POINT('Ctrl Pts',(29.7654512294502,3.27003416723892,6.69913593079059));
#3294=CARTESIAN_POINT('Ctrl Pts',(29.2236119467849,8.20212047506771,6.72551687222943));
#3295=CARTESIAN_POINT('Ctrl Pts',(27.4295755605873,12.9966403377885,6.75189781366829));
#3296=CARTESIAN_POINT('Ctrl Pts',(24.600620357945,17.0729226657872,6.77827875510714));
#3297=CARTESIAN_POINT('Ctrl Pts',(21.7716651553026,21.149204993786,6.80465969654598));
#3298=CARTESIAN_POINT('Ctrl Pts',(17.9077911362159,24.5072497870623,6.83104063798482));
#3299=CARTESIAN_POINT('Ctrl Pts',(13.4769575543816,26.7403594857116,6.85742157942367));
#3300=CARTESIAN_POINT('Ctrl Pts',(9.04612397254746,28.9734691843607,6.88380252086252));
#3301=CARTESIAN_POINT('Ctrl Pts',(4.04833082796563,30.0816437883826,6.91018346230137));
#3302=CARTESIAN_POINT('Ctrl Pts',(-0.911132074747854,29.9306707023089,6.93656440374022));
#3303=CARTESIAN_POINT('Ctrl Pts',(-5.87059497746148,29.7796976162352,6.96294534517906));
#3304=CARTESIAN_POINT('Ctrl Pts',(-10.7917276383071,28.3695768400658,6.98932628661791));
#3305=CARTESIAN_POINT('Ctrl Pts',(-15.0785247124059,25.8710900977337,7.01570722805676));
#3306=CARTESIAN_POINT('Ctrl Pts',(-19.3653217865049,23.3726033554014,7.04208816949561));
#3307=CARTESIAN_POINT('Ctrl Pts',(-23.0177832738569,19.7857506469063,7.06846911093446));
#3308=CARTESIAN_POINT('Ctrl Pts',(-25.5935543918434,15.5449407827576,7.0948500523733));
#3309=CARTESIAN_POINT('Ctrl Pts',(-28.1693255098295,11.3041309186094,7.12123099381215));
#3310=CARTESIAN_POINT('Ctrl Pts',(-29.6684062584503,6.4093638988078,7.147611935251));
#3311=CARTESIAN_POINT('Ctrl Pts',(-29.9092408455419,1.453451888111,7.17399287668984));
#3312=CARTESIAN_POINT('Ctrl Pts',(-29.9327578066151,0.969518117447553,7.17656891686905));
#3313=CARTESIAN_POINT('Ctrl Pts',(-29.9442772803691,0.485001323942216,7.17914495704825));
#3314=CARTESIAN_POINT('Ctrl Pts',(-29.9439139946354,0.000467253143159512,
7.18172099722745));
#3315=CARTESIAN_POINT('Origin',(0.,0.,0.));
#3316=CARTESIAN_POINT('',(-29.9405522126751,-0.000647462778702312,8.31827900277258));
#3317=CARTESIAN_POINT('',(-29.9414429536414,-0.000755660261115114,8.18172099722746));
#3318=CARTESIAN_POINT('',(-29.942,-3.66683744600701E-15,0.));
#3319=CARTESIAN_POINT('Ctrl Pts',(-29.9405522126751,-0.000647462778702312,
8.31827900277258));
#3320=CARTESIAN_POINT('Ctrl Pts',(-29.9379189524493,3.31376290971224,8.30066353820345));
#3321=CARTESIAN_POINT('Ctrl Pts',(-29.3889117750144,6.62902414767894,8.28304807363433));
#3322=CARTESIAN_POINT('Ctrl Pts',(-28.308908929256,9.7611928082592,8.26543260906521));
#3323=CARTESIAN_POINT('Ctrl Pts',(-26.6914953370153,14.4519324527976,8.23905166762636));
#3324=CARTESIAN_POINT('Ctrl Pts',(-23.8831596420951,18.7320303345989,8.21267072618751));
#3325=CARTESIAN_POINT('Ctrl Pts',(-20.2240233571105,22.0831177385796,8.18628978474866));
#3326=CARTESIAN_POINT('Ctrl Pts',(-16.5648870721259,25.4342051425604,8.15990884330981));
#3327=CARTESIAN_POINT('Ctrl Pts',(-12.0549501970771,27.8562820687206,8.13352790187096));
#3328=CARTESIAN_POINT('Ctrl Pts',(-7.24041757297161,29.056007350872,8.10714696043211));
#3329=CARTESIAN_POINT('Ctrl Pts',(-2.42588494886615,30.2557326330234,8.08076601899326));
#3330=CARTESIAN_POINT('Ctrl Pts',(2.69324342429582,30.233106271166,8.05438507755442));
#3331=CARTESIAN_POINT('Ctrl Pts',(7.49698266055499,28.9908685760234,8.02800413611557));
#3332=CARTESIAN_POINT('Ctrl Pts',(12.3007218968142,27.7486308808807,8.00162319467673));
#3333=CARTESIAN_POINT('Ctrl Pts',(16.7890719961705,25.2867818524528,7.97524225323788));
#3334=CARTESIAN_POINT('Ctrl Pts',(20.4184425225871,21.9034795125507,7.94886131179903));
#3335=CARTESIAN_POINT('Ctrl Pts',(24.0478130490038,18.5201771726486,7.92248037036018));
#3336=CARTESIAN_POINT('Ctrl Pts',(26.8182040024808,14.2154215212724,7.89609942892134));
#3337=CARTESIAN_POINT('Ctrl Pts',(28.394089411769,9.5105676108941,7.86971848748249));
#3338=CARTESIAN_POINT('Ctrl Pts',(29.9699748210572,4.80571370051582,7.84333754604364));
#3339=CARTESIAN_POINT('Ctrl Pts',(30.3513546861567,-0.299238468864401,7.81695660460479));
#3340=CARTESIAN_POINT('Ctrl Pts',(29.4920395515712,-5.18602091140072,7.79057566316595));
#3341=CARTESIAN_POINT('Ctrl Pts',(28.6327244169857,-10.0728033539372,7.7641947217271));
#3342=CARTESIAN_POINT('Ctrl Pts',(26.5327142827149,-14.7414160696301,7.73781378028825));
#3343=CARTESIAN_POINT('Ctrl Pts',(23.4463443497353,-18.6264367617255,7.7114328388494));
#3344=CARTESIAN_POINT('Ctrl Pts',(20.3599744167558,-22.5114574538207,7.68505189741055));
#3345=CARTESIAN_POINT('Ctrl Pts',(16.2872446850673,-25.6128861223189,7.6586709559717));
#3346=CARTESIAN_POINT('Ctrl Pts',(11.7214092194599,-27.5551043495553,7.63229001453286));
#3347=CARTESIAN_POINT('Ctrl Pts',(7.15557375385227,-29.4973225767919,7.60590907309401));
#3348=CARTESIAN_POINT('Ctrl Pts',(2.09663255432607,-30.2803303627664,7.57952813165516));
#3349=CARTESIAN_POINT('Ctrl Pts',(-2.84271884698413,-29.8092965257807,7.55314719021631));
#3350=CARTESIAN_POINT('Ctrl Pts',(-7.78207024829419,-29.3382626887951,7.52676624877747));
#3351=CARTESIAN_POINT('Ctrl Pts',(-12.6018318513882,-27.613187228849,7.50038530733862));
#3352=CARTESIAN_POINT('Ctrl Pts',(-16.7182755037323,-24.8429964776037,7.47400436589977));
#3353=CARTESIAN_POINT('Ctrl Pts',(-20.8347191560764,-22.0728057263583,7.44762342446092));
#3354=CARTESIAN_POINT('Ctrl Pts',(-24.2478448576709,-18.2574996838136,7.42124248302208));
#3355=CARTESIAN_POINT('Ctrl Pts',(-26.5442841218098,-13.8591554672555,7.39486154158323));
#3356=CARTESIAN_POINT('Ctrl Pts',(-28.7664331364674,-9.60309852746331,7.36933402864634));
#3357=CARTESIAN_POINT('Ctrl Pts',(-29.9429771020923,-4.80111603679193,7.34380651570945));
#3358=CARTESIAN_POINT('Ctrl Pts',(-29.9444574641286,0.000166856348513406,
7.31827900277257));
#3359=CARTESIAN_POINT('Ctrl Pts',(-29.9439139946354,0.000467253143159512,
7.18172099722745));
#3360=CARTESIAN_POINT('Ctrl Pts',(-29.9405569115083,-4.4770582937879,7.2055258984871));
#3361=CARTESIAN_POINT('Ctrl Pts',(-28.9224831221916,-8.95605921843658,7.22933079974674));
#3362=CARTESIAN_POINT('Ctrl Pts',(-26.9802262786637,-12.9900962390503,7.25313570100639));
#3363=CARTESIAN_POINT('Ctrl Pts',(-24.8277886991316,-17.4606753539224,7.27951664244523));
#3364=CARTESIAN_POINT('Ctrl Pts',(-21.540325114505,-21.3847765820741,7.30589758388408));
#3365=CARTESIAN_POINT('Ctrl Pts',(-17.5159848945666,-24.2871464672366,7.33227852532293));
#3366=CARTESIAN_POINT('Ctrl Pts',(-13.4916446746282,-27.189516352399,7.35865946676178));
#3367=CARTESIAN_POINT('Ctrl Pts',(-8.73042781937809,-29.0701548945723,7.38504040820063));
#3368=CARTESIAN_POINT('Ctrl Pts',(-3.80897204403852,-29.7012952969297,7.41142134963948));
#3369=CARTESIAN_POINT('Ctrl Pts',(1.11248373130119,-30.3324356992871,7.43780229107832));
#3370=CARTESIAN_POINT('Ctrl Pts',(6.19417842673033,-29.7140779618286,7.46418323251717));
#3371=CARTESIAN_POINT('Ctrl Pts',(10.8206608020058,-27.9211122657322,7.49056417395602));
#3372=CARTESIAN_POINT('Ctrl Pts',(15.4471431772811,-26.1281465696359,7.51694511539486));
#3373=CARTESIAN_POINT('Ctrl Pts',(19.6184132324027,-23.1605729149018,7.54332605683372));
#3374=CARTESIAN_POINT('Ctrl Pts',(22.8292825444764,-19.3777983489392,7.56970699827256));
#3375=CARTESIAN_POINT('Ctrl Pts',(26.0401518565502,-15.5950237829765,7.59608793971141));
#3376=CARTESIAN_POINT('Ctrl Pts',(28.2906204255761,-10.9970483057852,7.62246888115025));
#3377=CARTESIAN_POINT('Ctrl Pts',(29.3081308164959,-6.14073923814123,7.6488498225891));
#3378=CARTESIAN_POINT('Ctrl Pts',(30.3256412074158,-1.28443017049724,7.67523076402795));
#3379=CARTESIAN_POINT('Ctrl Pts',(30.1101934202296,3.83021248759946,7.7016117054668));
#3380=CARTESIAN_POINT('Ctrl Pts',(28.6878806415174,8.58374712149278,7.72799264690565));
#3381=CARTESIAN_POINT('Ctrl Pts',(27.2655678628053,13.3372817553861,7.75437358834449));
#3382=CARTESIAN_POINT('Ctrl Pts',(24.6363900925673,17.7297083650761,7.78075452978334));
#3383=CARTESIAN_POINT('Ctrl Pts',(21.1187707734727,21.229053944187,7.80713547122219));
#3384=CARTESIAN_POINT('Ctrl Pts',(17.601151454378,24.7283995232981,7.83351641266103));
#3385=CARTESIAN_POINT('Ctrl Pts',(13.1950905864265,27.33466407183,7.85989735409989));
#3386=CARTESIAN_POINT('Ctrl Pts',(8.43421244031825,28.7321991998397,7.88627829553874));
#3387=CARTESIAN_POINT('Ctrl Pts',(3.67333429421008,30.1297343278492,7.91265923697758));
#3388=CARTESIAN_POINT('Ctrl Pts',(-1.44236113005495,30.3185400353365,7.93904017841642));
#3389=CARTESIAN_POINT('Ctrl Pts',(-6.2933047158194,29.2757497957188,7.96542111985527));
#3390=CARTESIAN_POINT('Ctrl Pts',(-11.1442483015838,28.2329595561012,7.99180206129412));
#3391=CARTESIAN_POINT('Ctrl Pts',(-15.7304400488477,25.9585733693785,8.01818300273298));
#3392=CARTESIAN_POINT('Ctrl Pts',(-19.4964397810523,22.7280453671557,8.04456394417183));
#3393=CARTESIAN_POINT('Ctrl Pts',(-23.2624395132571,19.4975173649328,8.07094488561067));
#3394=CARTESIAN_POINT('Ctrl Pts',(-26.2082472304025,15.3108475472097,8.09732582704951));
#3395=CARTESIAN_POINT('Ctrl Pts',(-27.9770919886015,10.6750894239353,8.12370676848836));
#3396=CARTESIAN_POINT('Ctrl Pts',(-29.2737119322576,7.27693002710754,8.14304484473472));
#3397=CARTESIAN_POINT('Ctrl Pts',(-29.9379072801643,3.63745930613391,8.16238292098109));
#3398=CARTESIAN_POINT('Ctrl Pts',(-29.9414429536414,-0.000755660261115114,
8.18172099722746));
#3399=CARTESIAN_POINT('Origin',(0.,0.,0.));
#3400=CARTESIAN_POINT('',(-29.9409277424301,0.00070957847954467,9.31827900277257));
#3401=CARTESIAN_POINT('',(-29.9401504153033,0.000543183263298383,9.18172099722747));
#3402=CARTESIAN_POINT('',(-29.942,-3.66683744600701E-15,0.));
#3403=CARTESIAN_POINT('Ctrl Pts',(-29.9409277424301,0.00070957847954467,
9.31827900277257));
#3404=CARTESIAN_POINT('Ctrl Pts',(-29.9422625894,1.5052356127654,9.31028244357513));
#3405=CARTESIAN_POINT('Ctrl Pts',(-29.8308522881128,3.00956574931512,9.3022858843777));
#3406=CARTESIAN_POINT('Ctrl Pts',(-29.6050090205885,4.49651539481342,9.29428932518026));
#3407=CARTESIAN_POINT('Ctrl Pts',(-28.8599438159409,9.40201669254356,9.26790838374141));
#3408=CARTESIAN_POINT('Ctrl Pts',(-26.8694311205138,14.1183549397972,9.24152744230257));
#3409=CARTESIAN_POINT('Ctrl Pts',(-23.8745447454165,18.0743277331144,9.21514650086373));
#3410=CARTESIAN_POINT('Ctrl Pts',(-20.8796583703193,22.0303005264315,9.18876555942488));
#3411=CARTESIAN_POINT('Ctrl Pts',(-16.8803983155517,25.2259078658123,9.16238461798602));
#3412=CARTESIAN_POINT('Ctrl Pts',(-12.3611206292991,27.2741252214042,9.13600367654717));
#3413=CARTESIAN_POINT('Ctrl Pts',(-7.84184294304639,29.3223425769962,9.10962273510832));
#3414=CARTESIAN_POINT('Ctrl Pts',(-2.80254762530887,30.2231699487993,9.08324179366948));
#3415=CARTESIAN_POINT('Ctrl Pts',(2.14644913234073,29.8675068582431,9.05686085223063));
#3416=CARTESIAN_POINT('Ctrl Pts',(7.09544588999046,29.5118437676868,9.03047991079179));
#3417=CARTESIAN_POINT('Ctrl Pts',(11.954144087552,27.8996902147709,9.00409896935293));
#3418=CARTESIAN_POINT('Ctrl Pts',(16.1340999064018,25.2262963990985,8.97771802791409));
#3419=CARTESIAN_POINT('Ctrl Pts',(20.3140557252513,22.5529025834263,8.95133708647524));
#3420=CARTESIAN_POINT('Ctrl Pts',(23.8152691653894,18.8182685049976,8.92495614503639));
#3421=CARTESIAN_POINT('Ctrl Pts',(26.2137033093625,14.474700985293,8.89857520359755));
#3422=CARTESIAN_POINT('Ctrl Pts',(28.6121374533355,10.1311334655884,8.8721942621587));
#3423=CARTESIAN_POINT('Ctrl Pts',(29.9077923011437,5.1786325046077,8.84581332071985));
#3424=CARTESIAN_POINT('Ctrl Pts',(29.9437492595217,0.217002506476741,8.819432379281));
#3425=CARTESIAN_POINT('Ctrl Pts',(29.9797062178996,-4.74462749165422,8.79305143784215));
#3426=CARTESIAN_POINT('Ctrl Pts',(28.7559652868474,-9.71538652693555,8.76667049640331));
#3427=CARTESIAN_POINT('Ctrl Pts',(26.4207354633418,-14.0932589340094,8.74028955496446));
#3428=CARTESIAN_POINT('Ctrl Pts',(24.0855056398362,-18.4711313410833,8.71390861352561));
#3429=CARTESIAN_POINT('Ctrl Pts',(20.6387869238773,-22.2561171199499,8.68752767208676));
#3430=CARTESIAN_POINT('Ctrl Pts',(16.4980162997085,-24.9898112833906,8.66114673064792));
#3431=CARTESIAN_POINT('Ctrl Pts',(12.3572456755397,-27.7235054468313,8.63476578920907));
#3432=CARTESIAN_POINT('Ctrl Pts',(7.52242314316108,-29.4059079948463,8.60838484777022));
#3433=CARTESIAN_POINT('Ctrl Pts',(2.57910090557771,-29.8332607725634,8.58200390633137));
#3434=CARTESIAN_POINT('Ctrl Pts',(-2.36422133200581,-30.2606135502805,8.55562296489252));
#3435=CARTESIAN_POINT('Ctrl Pts',(-7.41604327479374,-29.4329165576998,8.52924202345368));
#3436=CARTESIAN_POINT('Ctrl Pts',(-11.9645316139159,-27.4504133496115,8.50286108201483));
#3437=CARTESIAN_POINT('Ctrl Pts',(-16.5130199530378,-25.4679101415233,8.47648014057599));
#3438=CARTESIAN_POINT('Ctrl Pts',(-20.5581746884937,-22.3306007179276,8.45009919913714));
#3439=CARTESIAN_POINT('Ctrl Pts',(-23.6100814023333,-18.4184490655462,8.42371825769829));
#3440=CARTESIAN_POINT('Ctrl Pts',(-26.6619881161728,-14.5062974131649,8.39733731625944));
#3441=CARTESIAN_POINT('Ctrl Pts',(-28.720646808396,-9.81930353199783,8.37095637482059));
#3442=CARTESIAN_POINT('Ctrl Pts',(-29.536730409727,-4.92511588777664,8.34457543338174));
#3443=CARTESIAN_POINT('Ctrl Pts',(-29.8078868408881,-3.29894615115263,8.33580995651202));
#3444=CARTESIAN_POINT('Ctrl Pts',(-29.9418625262074,-1.64990214708362,8.3270444796423));
#3445=CARTESIAN_POINT('Ctrl Pts',(-29.9405522126751,-0.000647462778702312,
8.31827900277258));
#3446=CARTESIAN_POINT('Ctrl Pts',(-29.9414429536414,-0.000755660261115114,
8.18172099722746));
#3447=CARTESIAN_POINT('Ctrl Pts',(-29.9427306345537,-1.32578185330919,8.18876386241994));
#3448=CARTESIAN_POINT('Ctrl Pts',(-29.8563888800105,-2.65064148395142,8.19580672761242));
#3449=CARTESIAN_POINT('Ctrl Pts',(-29.6810537435469,-3.96361691140366,8.20284959280491));
#3450=CARTESIAN_POINT('Ctrl Pts',(-29.0242889410409,-8.88171869464287,8.22923053424376));
#3451=CARTESIAN_POINT('Ctrl Pts',(-27.1188775367764,-13.6330758322956,8.2556114756826));
#3452=CARTESIAN_POINT('Ctrl Pts',(-24.1955866039863,-17.6422447334993,8.28199241712145));
#3453=CARTESIAN_POINT('Ctrl Pts',(-21.2722956711963,-21.6514136347029,8.30837335856029));
#3454=CARTESIAN_POINT('Ctrl Pts',(-17.3311252098806,-24.9183942994575,8.33475429999914));
#3455=CARTESIAN_POINT('Ctrl Pts',(-12.8493959553069,-27.0475180734098,8.36113524143799));
#3456=CARTESIAN_POINT('Ctrl Pts',(-8.36766670073316,-29.176641847362,8.38751618287684));
#3457=CARTESIAN_POINT('Ctrl Pts',(-3.34537865290124,-30.1679087305121,8.41389712431568));
#3458=CARTESIAN_POINT('Ctrl Pts',(1.60921177115618,-29.9012649870078,8.44027806575453));
#3459=CARTESIAN_POINT('Ctrl Pts',(6.56380219521359,-29.6346212435035,8.46665900719338));
#3460=CARTESIAN_POINT('Ctrl Pts',(11.4506949954963,-28.1100668733447,8.49303994863223));
#3461=CARTESIAN_POINT('Ctrl Pts',(15.6780316651221,-25.5122428150705,8.51942089007108));
#3462=CARTESIAN_POINT('Ctrl Pts',(19.9053683347479,-22.9144187567962,8.54580183150993));
#3463=CARTESIAN_POINT('Ctrl Pts',(23.4731488737166,-19.2433250104065,8.57218277294877));
#3464=CARTESIAN_POINT('Ctrl Pts',(25.9492743289765,-14.9435729377952,8.59856371438762));
#3465=CARTESIAN_POINT('Ctrl Pts',(28.4253997842366,-10.6438208651838,8.62494465582647));
#3466=CARTESIAN_POINT('Ctrl Pts',(29.8098701557877,-5.71541046635096,8.65132559726532));
#3467=CARTESIAN_POINT('Ctrl Pts',(29.9350102765215,-0.755228503328264,8.67770653870417));
#3468=CARTESIAN_POINT('Ctrl Pts',(30.0601503972552,4.20495345969415,8.70408748014301));
#3469=CARTESIAN_POINT('Ctrl Pts',(28.9259602671715,9.19690698690659,8.73046842158186));
#3470=CARTESIAN_POINT('Ctrl Pts',(26.6698032589382,13.6160495180216,8.75684936302071));
#3471=CARTESIAN_POINT('Ctrl Pts',(24.4136462507048,18.0351920491368,8.78323030445955));
#3472=CARTESIAN_POINT('Ctrl Pts',(21.0355223643217,21.8815235841547,8.8096112458984));
#3473=CARTESIAN_POINT('Ctrl Pts',(16.9445609670921,24.6892094644641,8.83599218733725));
#3474=CARTESIAN_POINT('Ctrl Pts',(12.8535995698624,27.4968953447736,8.8623731287761));
#3475=CARTESIAN_POINT('Ctrl Pts',(8.04980066178634,29.2659355703744,8.88875407021495));
#3476=CARTESIAN_POINT('Ctrl Pts',(3.11495913080003,29.782079174583,8.9151350116538));
#3477=CARTESIAN_POINT('Ctrl Pts',(-1.81988240018614,30.2982227787917,8.94151595309265));
#3478=CARTESIAN_POINT('Ctrl Pts',(-6.88576655408233,29.5614697616083,8.96789689453149));
#3479=CARTESIAN_POINT('Ctrl Pts',(-11.4691569277184,27.6610493241861,8.99427783597034));
#3480=CARTESIAN_POINT('Ctrl Pts',(-16.0525473013543,25.760628886764,9.02065877740918));
#3481=CARTESIAN_POINT('Ctrl Pts',(-20.1534438947302,22.696541029103,9.04703971884804));
#3482=CARTESIAN_POINT('Ctrl Pts',(-23.2751813145524,18.8398817703932,9.07342066028689));
#3483=CARTESIAN_POINT('Ctrl Pts',(-26.3969187343747,14.9832225116833,9.09980160172573));
#3484=CARTESIAN_POINT('Ctrl Pts',(-28.5394969806434,10.3339918519245,9.12618254316457));
#3485=CARTESIAN_POINT('Ctrl Pts',(-29.4434253680622,5.4552646996306,9.15256348460342));
#3486=CARTESIAN_POINT('Ctrl Pts',(-29.7764473898943,3.65786171634408,9.1622826554781));
#3487=CARTESIAN_POINT('Ctrl Pts',(-29.9413466896727,1.82930903021698,9.17200182635279));
#3488=CARTESIAN_POINT('Ctrl Pts',(-29.9401504153033,0.000543183263298383,
9.18172099722747));
#3489=CARTESIAN_POINT('Origin',(0.,0.,0.));
#3490=CARTESIAN_POINT('',(-29.9442695282156,-0.000309408406033995,10.3182790027726));
#3491=CARTESIAN_POINT('',(-29.9445344274732,1.97961270401363E-5,10.1817209972275));
#3492=CARTESIAN_POINT('',(-29.942,-3.66683744600701E-15,0.));
#3493=CARTESIAN_POINT('Ctrl Pts',(-29.9442695282156,-0.000309408406033995,
10.3182790027726));
#3494=CARTESIAN_POINT('Ctrl Pts',(-29.9417825498736,4.65643841850563,10.293520407508));
#3495=CARTESIAN_POINT('Ctrl Pts',(-28.8375231958646,9.31432469225605,10.2687618122434));
#3496=CARTESIAN_POINT('Ctrl Pts',(-26.7423602994103,13.4729868782482,10.2440032169788));
#3497=CARTESIAN_POINT('Ctrl Pts',(-24.5099085352651,17.9041519916212,10.2176222755399));
#3498=CARTESIAN_POINT('Ctrl Pts',(-21.1524375046418,21.7685245838654,10.1912413341011));
#3499=CARTESIAN_POINT('Ctrl Pts',(-17.0765752782382,24.5980850183827,10.1648603926622));
#3500=CARTESIAN_POINT('Ctrl Pts',(-13.0007130518347,27.4276454529,10.1384794512234));
#3501=CARTESIAN_POINT('Ctrl Pts',(-8.20645962965083,29.2223937296903,10.1120985097845));
#3502=CARTESIAN_POINT('Ctrl Pts',(-3.27445383231021,29.7649653435879,10.0857175683457));
#3503=CARTESIAN_POINT('Ctrl Pts',(1.65755196503042,30.3075369574856,10.0593366269068));
#3504=CARTESIAN_POINT('Ctrl Pts',(6.72731013752781,29.5979319084906,10.032955685468));
#3505=CARTESIAN_POINT('Ctrl Pts',(11.3208150941333,27.7220914688875,10.0065747440292));
#3506=CARTESIAN_POINT('Ctrl Pts',(15.9143200507387,25.8462510292845,9.9801938025903));
#3507=CARTESIAN_POINT('Ctrl Pts',(20.0315717914522,22.8041751990733,9.95381286115145));
#3508=CARTESIAN_POINT('Ctrl Pts',(23.1739241279274,18.9642940896303,9.92743191971261));
#3509=CARTESIAN_POINT('Ctrl Pts',(26.3162764644027,15.1244129801872,9.90105097827376));
#3510=CARTESIAN_POINT('Ctrl Pts',(28.4837293966398,10.4867265915123,9.87467003683491));
#3511=CARTESIAN_POINT('Ctrl Pts',(29.413779630902,5.61291168910194,9.84828909539606));
#3512=CARTESIAN_POINT('Ctrl Pts',(30.3438298651642,0.739096786691532,9.82190815395722));
#3513=CARTESIAN_POINT('Ctrl Pts',(30.0364774014517,-4.3708466294544,9.79552721251837));
#3514=CARTESIAN_POINT('Ctrl Pts',(28.5289461318557,-9.09804607652654,9.76914627107952));
#3515=CARTESIAN_POINT('Ctrl Pts',(27.0214148622595,-13.825245523599,9.74276532964067));
#3516=CARTESIAN_POINT('Ctrl Pts',(24.3137047867798,-18.1697010015975,9.71638438820183));
#3517=CARTESIAN_POINT('Ctrl Pts',(20.7337505067753,-21.6052493558329,9.69000344676297));
#3518=CARTESIAN_POINT('Ctrl Pts',(17.153796226771,-25.040797710068,9.66362250532413));
#3519=CARTESIAN_POINT('Ctrl Pts',(12.701597742242,-27.5674389405401,9.63724156388528));
#3520=CARTESIAN_POINT('Ctrl Pts',(7.91636711596272,-28.8791679501025,9.61086062244643));
#3521=CARTESIAN_POINT('Ctrl Pts',(3.13113648968342,-30.1908969596649,9.58447968100758));
#3522=CARTESIAN_POINT('Ctrl Pts',(-1.98712627834619,-30.2877137483178,9.55809873956874));
#3523=CARTESIAN_POINT('Ctrl Pts',(-6.81854113682999,-29.1578926976947,9.53171779812989));
#3524=CARTESIAN_POINT('Ctrl Pts',(-11.6499559953138,-28.0280716470717,9.50533685669104));
#3525=CARTESIAN_POINT('Ctrl Pts',(-16.1945229442518,-25.6716127571727,9.47895591525219));
#3526=CARTESIAN_POINT('Ctrl Pts',(-19.9018430453513,-22.3739101008994,9.45257497381335));
#3527=CARTESIAN_POINT('Ctrl Pts',(-23.6091631464508,-19.076207444626,9.4261940323745));
#3528=CARTESIAN_POINT('Ctrl Pts',(-26.4792363997118,-14.8372610219781,9.39981309093566));
#3529=CARTESIAN_POINT('Ctrl Pts',(-28.1644641694081,-10.1704556365508,9.37343214949681));
#3530=CARTESIAN_POINT('Ctrl Pts',(-29.3388677271339,-6.91824667915452,9.3550477672554));
#3531=CARTESIAN_POINT('Ctrl Pts',(-29.9378588803955,-3.45825083481015,9.33666338501398));
#3532=CARTESIAN_POINT('Ctrl Pts',(-29.9409277424301,0.00070957847954467,
9.31827900277257));
#3533=CARTESIAN_POINT('Ctrl Pts',(-29.9401504153033,0.000543183263298383,
9.18172099722747));
#3534=CARTESIAN_POINT('Ctrl Pts',(-29.9380996180356,-3.13454697518854,9.19838276779164));
#3535=CARTESIAN_POINT('Ctrl Pts',(-29.4479115993726,-6.27026359063134,9.21504453835581));
#3536=CARTESIAN_POINT('Ctrl Pts',(-28.4797995451394,-9.25074203598616,9.23170630891997));
#3537=CARTESIAN_POINT('Ctrl Pts',(-26.946966806229,-13.96979797448,9.25808725035882));
#3538=CARTESIAN_POINT('Ctrl Pts',(-24.2160227998396,-18.2996862066387,9.28446819179766));
#3539=CARTESIAN_POINT('Ctrl Pts',(-20.6177160216014,-21.7160078375444,9.3108491332365));
#3540=CARTESIAN_POINT('Ctrl Pts',(-17.0194092433628,-25.1323294684503,9.33723007467535));
#3541=CARTESIAN_POINT('Ctrl Pts',(-12.5537396932753,-27.6350844981028,9.3636110161142));
#3542=CARTESIAN_POINT('Ctrl Pts',(-7.76155093393826,-28.9211607209594,9.38999195755305));
#3543=CARTESIAN_POINT('Ctrl Pts',(-2.96936217460149,-30.207236943816,9.4163728989919));
#3544=CARTESIAN_POINT('Ctrl Pts',(2.149345793985,-30.2766343598769,9.44275384043075));
#3545=CARTESIAN_POINT('Ctrl Pts',(6.97463900165499,-29.1209481498161,9.46913478186959));
#3546=CARTESIAN_POINT('Ctrl Pts',(11.799932209325,-27.9652619397554,9.49551572330844));
#3547=CARTESIAN_POINT('Ctrl Pts',(16.3318106560787,-25.584492103573,9.52189666474728));
#3548=CARTESIAN_POINT('Ctrl Pts',(20.0214121260897,-22.2669770472993,9.54827760618613));
#3549=CARTESIAN_POINT('Ctrl Pts',(23.7110135961009,-18.9494619910254,9.57465854762498));
#3550=CARTESIAN_POINT('Ctrl Pts',(26.5583380893693,-14.6952017146604,9.60103948906384));
#3551=CARTESIAN_POINT('Ctrl Pts',(28.218542104704,-10.0194357043067,9.62742043050268));
#3552=CARTESIAN_POINT('Ctrl Pts',(29.8787461200386,-5.34366969395315,9.65380137194153));
#3553=CARTESIAN_POINT('Ctrl Pts',(30.3518296574395,-0.246397949611168,9.68018231338037));
#3554=CARTESIAN_POINT('Ctrl Pts',(29.5804968998057,4.65504173002497,9.70656325481922));
#3555=CARTESIAN_POINT('Ctrl Pts',(28.8091641421718,9.55648140966139,9.73294419625807));
#3556=CARTESIAN_POINT('Ctrl Pts',(26.793415089503,14.2620890245922,9.75932513769692));
#3557=CARTESIAN_POINT('Ctrl Pts',(23.7773799638688,18.2019617734325,9.78570607913577));
#3558=CARTESIAN_POINT('Ctrl Pts',(20.7613448382347,22.1418345222726,9.81208702057462));
#3559=CARTESIAN_POINT('Ctrl Pts',(16.7450236396354,25.3159724050223,9.83846796201347));
#3560=CARTESIAN_POINT('Ctrl Pts',(12.2148387155438,27.3399510881227,9.86484890345232));
#3561=CARTESIAN_POINT('Ctrl Pts',(7.68465379145227,29.363929771223,9.89122984489116));
#3562=CARTESIAN_POINT('Ctrl Pts',(2.64060514186846,30.2377492546739,9.91761078633));
#3563=CARTESIAN_POINT('Ctrl Pts',(-2.30641535888342,29.8555800235064,9.94399172776885));
#3564=CARTESIAN_POINT('Ctrl Pts',(-7.25343585963531,29.4734107923388,9.97037266920769));
#3565=CARTESIAN_POINT('Ctrl Pts',(-12.1034282115555,27.8352528465527,9.99675361064655));
#3566=CARTESIAN_POINT('Ctrl Pts',(-16.2690029733136,25.1395058145939,10.0231345520854));
#3567=CARTESIAN_POINT('Ctrl Pts',(-20.4345777350718,22.443758782635,10.0495154935242));
#3568=CARTESIAN_POINT('Ctrl Pts',(-23.9157349066678,18.6904226645036,10.0758964349631));
#3569=CARTESIAN_POINT('Ctrl Pts',(-26.2908666137314,14.3340693121901,10.1022773764019));
#3570=CARTESIAN_POINT('Ctrl Pts',(-28.6659983207948,9.97771595987693,10.1286583178408));
#3571=CARTESIAN_POINT('Ctrl Pts',(-29.9351045633258,5.01834537338184,10.1550392592796));
#3572=CARTESIAN_POINT('Ctrl Pts',(-29.944482087237,0.0565939469041785,10.1814202007185));
#3573=CARTESIAN_POINT('Ctrl Pts',(-29.9445177281998,0.0377359200342701,
10.1815204662215));
#3574=CARTESIAN_POINT('Ctrl Pts',(-29.9445351721739,0.0188778587727352,
10.1816207317245));
#3575=CARTESIAN_POINT('Ctrl Pts',(-29.9445344274732,1.97961270401363E-5,
10.1817209972275));
#3576=CARTESIAN_POINT('Origin',(0.,0.,0.));
#3577=CARTESIAN_POINT('',(-29.9396876088595,-0.000327338752471595,11.3182790027726));
#3578=CARTESIAN_POINT('',(-29.9402283572227,-0.000567386780031022,11.1817209972275));
#3579=CARTESIAN_POINT('',(-29.942,-3.66683744600701E-15,0.));
#3580=CARTESIAN_POINT('Ctrl Pts',(-29.9396876088595,-0.000327338752471595,
11.3182790027726));
#3581=CARTESIAN_POINT('Ctrl Pts',(-29.9385869757083,2.84849318179641,11.3031393128797));
#3582=CARTESIAN_POINT('Ctrl Pts',(-29.5350733245231,5.69761902562173,11.2879996229867));
#3583=CARTESIAN_POINT('Ctrl Pts',(-28.7334512225134,8.42994606438056,11.2728599330938));
#3584=CARTESIAN_POINT('Ctrl Pts',(-27.336623025979,13.1910316685863,11.246478991655));
#3585=CARTESIAN_POINT('Ctrl Pts',(-24.7310127378187,17.5974794759927,11.2200980502161));
#3586=CARTESIAN_POINT('Ctrl Pts',(-21.2321895095757,21.1156183531145,11.1937171087773));
#3587=CARTESIAN_POINT('Ctrl Pts',(-17.7333662813325,24.6337572302366,11.1673361673384));
#3588=CARTESIAN_POINT('Ctrl Pts',(-13.3413301130065,27.2635871770741,11.1409552258996));
#3589=CARTESIAN_POINT('Ctrl Pts',(-8.58800672406706,28.6866057649263,11.1145742844607));
#3590=CARTESIAN_POINT('Ctrl Pts',(-3.83468333512785,30.1096243527784,11.0881933430219));
#3591=CARTESIAN_POINT('Ctrl Pts',(1.27992727442483,30.3258315816453,11.061812401583));
#3592=CARTESIAN_POINT('Ctrl Pts',(6.13638737137947,29.3090422878895,11.0354314601442));
#3593=CARTESIAN_POINT('Ctrl Pts',(10.9928474683341,28.2922529941338,11.0090505187054));
#3594=CARTESIAN_POINT('Ctrl Pts',(15.5911570526907,26.0424671777554,10.9826695772665));
#3595=CARTESIAN_POINT('Ctrl Pts',(19.3744083394815,22.8321595846725,10.9562886358277));
#3596=CARTESIAN_POINT('Ctrl Pts',(23.1576596262722,19.6218519915897,10.9299076943888));
#3597=CARTESIAN_POINT('Ctrl Pts',(26.1258526154971,15.4510226218025,10.90352675295));
#3598=CARTESIAN_POINT('Ctrl Pts',(27.9195052512699,10.8248065261803,10.8771458115111));
#3599=CARTESIAN_POINT('Ctrl Pts',(29.7131578870427,6.19859043055804,10.8507648700723));
#3600=CARTESIAN_POINT('Ctrl Pts',(30.3322701693633,1.11698760910073,10.8243839286334));
#3601=CARTESIAN_POINT('Ctrl Pts',(29.701860533057,-3.80456182493537,10.7980029871946));
#3602=CARTESIAN_POINT('Ctrl Pts',(29.0714508967506,-8.72611125897148,10.7716220457557));
#3603=CARTESIAN_POINT('Ctrl Pts',(27.1915193418173,-13.4876073055864,10.7452411043169));
#3604=CARTESIAN_POINT('Ctrl Pts',(24.2897470408581,-17.5123784362961,10.718860162878));
#3605=CARTESIAN_POINT('Ctrl Pts',(21.3879747398988,-21.5371495670059,10.6924792214392));
#3606=CARTESIAN_POINT('Ctrl Pts',(17.4643616929136,-24.8251957818105,10.6660982800003));
#3607=CARTESIAN_POINT('Ctrl Pts',(12.994102231859,-26.9782971477616,10.6397173385615));
#3608=CARTESIAN_POINT('Ctrl Pts',(8.52384277080431,-29.1313985137126,10.6133363971226));
#3609=CARTESIAN_POINT('Ctrl Pts',(3.50693689568018,-30.1495550308101,10.5869554556838));
#3610=CARTESIAN_POINT('Ctrl Pts',(-1.44901081903845,-29.9094563215588,10.560574514245));
#3611=CARTESIAN_POINT('Ctrl Pts',(-6.40495853375708,-29.6693576123074,10.5341935728061));
#3612=CARTESIAN_POINT('Ctrl Pts',(-11.2999480880702,-28.1710036767072,10.5078126313673));
#3613=CARTESIAN_POINT('Ctrl Pts',(-15.5411403657498,-25.5958622815678,10.4814316899284));
#3614=CARTESIAN_POINT('Ctrl Pts',(-19.7823326434293,-23.0207208864284,10.4550507484896));
#3615=CARTESIAN_POINT('Ctrl Pts',(-23.3697276444753,-19.3687920317499,10.4286698070507));
#3616=CARTESIAN_POINT('Ctrl Pts',(-25.8688508805597,-15.0823659922536,10.4022888656119));
#3617=CARTESIAN_POINT('Ctrl Pts',(-28.3679741166441,-10.7959399527573,10.375907924173));
#3618=CARTESIAN_POINT('Ctrl Pts',(-29.778825587767,-5.87501672844321,10.3495269827342));
#3619=CARTESIAN_POINT('Ctrl Pts',(-29.9305350744949,-0.915576299035297,
10.3231460412953));
#3620=CARTESIAN_POINT('Ctrl Pts',(-29.9398647379552,-0.610586076236484,
10.3215236951211));
#3621=CARTESIAN_POINT('Ctrl Pts',(-29.944432491411,-0.305450186414765,10.3199013489468));
#3622=CARTESIAN_POINT('Ctrl Pts',(-29.9442695282156,-0.000309408406033995,
10.3182790027726));
#3623=CARTESIAN_POINT('Ctrl Pts',(-29.9445344274732,1.97961270401363E-5,
10.1817209972275));
#3624=CARTESIAN_POINT('Ctrl Pts',(-29.9443392333405,-4.94288298070293,10.2080016731633));
#3625=CARTESIAN_POINT('Ctrl Pts',(-28.6945439509503,-9.88588085227302,10.2342823490992));
#3626=CARTESIAN_POINT('Ctrl Pts',(-26.3448603067989,-14.2345897644764,10.260563025035));
#3627=CARTESIAN_POINT('Ctrl Pts',(-23.9862121971586,-18.5998897829174,10.2869439664739));
#3628=CARTESIAN_POINT('Ctrl Pts',(-20.5192671725869,-22.3663575533388,10.3133249079127));
#3629=CARTESIAN_POINT('Ctrl Pts',(-16.3639118542037,-25.0778308307465,10.3397058493516));
#3630=CARTESIAN_POINT('Ctrl Pts',(-12.2085565358207,-27.789304108154,10.3660867907904));
#3631=CARTESIAN_POINT('Ctrl Pts',(-7.36479092362581,-29.445782892548,10.3924677322293));
#3632=CARTESIAN_POINT('Ctrl Pts',(-2.41925032968494,-29.8466486927763,10.4188486736681));
#3633=CARTESIAN_POINT('Ctrl Pts',(2.52629026425635,-30.2475144930046,10.445229615107));
#3634=CARTESIAN_POINT('Ctrl Pts',(7.57360583994408,-29.3927673090671,10.4716105565458));
#3635=CARTESIAN_POINT('Ctrl Pts',(12.1114088610078,-27.3859267827325,10.4979914979847));
#3636=CARTESIAN_POINT('Ctrl Pts',(16.649211882071,-25.3790862563982,10.5243724394235));
#3637=CARTESIAN_POINT('Ctrl Pts',(20.6775023485103,-22.220152387667,10.5507533808623));
#3638=CARTESIAN_POINT('Ctrl Pts',(23.7084082978761,-18.2917081304314,10.5771343223012));
#3639=CARTESIAN_POINT('Ctrl Pts',(26.7393142472421,-14.3632638731953,10.60351526374));
#3640=CARTESIAN_POINT('Ctrl Pts',(28.7728356795343,-9.66530922745448,10.6298962051789));
#3641=CARTESIAN_POINT('Ctrl Pts',(29.5626899346214,-4.76682013265855,10.6562771466177));
#3642=CARTESIAN_POINT('Ctrl Pts',(30.3525441897085,0.131668962137105,10.6826580880566));
#3643=CARTESIAN_POINT('Ctrl Pts',(29.8987312675906,5.23069250598789,10.7090390294954));
#3644=CARTESIAN_POINT('Ctrl Pts',(28.2562130938645,9.91270053728074,10.7354199709343));
#3645=CARTESIAN_POINT('Ctrl Pts',(26.6136949201384,14.5947085685736,10.7618009123731));
#3646=CARTESIAN_POINT('Ctrl Pts',(23.7824714948042,18.8597010873084,10.788181853812));
#3647=CARTESIAN_POINT('Ctrl Pts',(20.1054362959163,22.191138810312,10.8145627952508));
#3648=CARTESIAN_POINT('Ctrl Pts',(16.4284010970285,25.5225765333155,10.8409437366897));
#3649=CARTESIAN_POINT('Ctrl Pts',(11.9055541245871,27.9204594605877,10.8673246781285));
#3650=CARTESIAN_POINT('Ctrl Pts',(7.08466377977581,29.0943765954045,10.8937056195674));
#3651=CARTESIAN_POINT('Ctrl Pts',(2.2637734349645,30.2682937302212,10.9200865610062));
#3652=CARTESIAN_POINT('Ctrl Pts',(-2.85516028221665,30.2182450725824,10.9464675024451));
#3653=CARTESIAN_POINT('Ctrl Pts',(-7.65217606086981,28.9502920862836,10.9728484438839));
#3654=CARTESIAN_POINT('Ctrl Pts',(-12.449191839523,27.6823390999849,10.9992293853228));
#3655=CARTESIAN_POINT('Ctrl Pts',(-16.924289679648,25.1964817850262,11.0256103267616));
#3656=CARTESIAN_POINT('Ctrl Pts',(-20.535484145089,21.7937858407961,11.0519912682005));
#3657=CARTESIAN_POINT('Ctrl Pts',(-24.14667861053,18.391089896566,11.0783722096393));
#3658=CARTESIAN_POINT('Ctrl Pts',(-26.8939697012867,14.0715553230646,11.1047531510781));
#3659=CARTESIAN_POINT('Ctrl Pts',(-28.4446291031937,9.35832706894953,11.131134092517));
#3660=CARTESIAN_POINT('Ctrl Pts',(-29.4357873045854,6.3457023537137,11.1479963940871));
#3661=CARTESIAN_POINT('Ctrl Pts',(-29.9380527256022,3.17223115586778,11.1648586956573));
#3662=CARTESIAN_POINT('Ctrl Pts',(-29.9402283572227,-0.000567386780031022,
11.1817209972275));
#3663=CARTESIAN_POINT('Origin',(0.,0.,0.));
#3664=CARTESIAN_POINT('',(-29.9423296533365,0.000751256081126806,12.3182790027726));
#3665=CARTESIAN_POINT('',(-29.9413309339296,0.000748976216113613,12.1817209972275));
#3666=CARTESIAN_POINT('',(-29.942,-3.66683744600701E-15,0.));
#3667=CARTESIAN_POINT('Ctrl Pts',(-29.9423296533365,0.000751256081126806,
12.3182790027726));
#3668=CARTESIAN_POINT('Ctrl Pts',(-29.943392157693,1.03932867839404,12.3127582182513));
#3669=CARTESIAN_POINT('Ctrl Pts',(-29.8904022660952,2.07779821029426,12.3072374337301));
#3670=CARTESIAN_POINT('Ctrl Pts',(-29.7825413597755,3.11053692442071,12.3017166492089));
#3671=CARTESIAN_POINT('Ctrl Pts',(-29.2671305078899,8.04545503873302,12.2753357077701));
#3672=CARTESIAN_POINT('Ctrl Pts',(-27.4988035910313,12.8495165670938,12.2489547663312));
#3673=CARTESIAN_POINT('Ctrl Pts',(-24.6917251860513,16.9408948152523,12.2225738248924));
#3674=CARTESIAN_POINT('Ctrl Pts',(-21.8846467810714,21.0322730634108,12.1961928834535));
#3675=CARTESIAN_POINT('Ctrl Pts',(-18.0388168879701,24.4109680313669,12.1698119420147));
#3676=CARTESIAN_POINT('Ctrl Pts',(-13.6200094107961,26.6677811873194,12.1434310005758));
#3677=CARTESIAN_POINT('Ctrl Pts',(-9.20120193362214,28.924594343272,12.117050059137));
#3678=CARTESIAN_POINT('Ctrl Pts',(-4.20941687237551,30.0595256872209,12.0906691176981));
#3679=CARTESIAN_POINT('Ctrl Pts',(0.750783615808678,29.9351220770378,12.0642881762593));
#3680=CARTESIAN_POINT('Ctrl Pts',(5.71098410399259,29.8107184668547,12.0379072348204));
#3681=CARTESIAN_POINT('Ctrl Pts',(10.6396000191139,28.4269799025398,12.0115262933816));
#3682=CARTESIAN_POINT('Ctrl Pts',(14.9397197087724,25.9514929209909,11.9851453519427));
#3683=CARTESIAN_POINT('Ctrl Pts',(19.2398393984313,23.4760059394417,11.9587644105039));
#3684=CARTESIAN_POINT('Ctrl Pts',(22.9114628626272,19.9087705406585,11.932383469065));
#3685=CARTESIAN_POINT('Ctrl Pts',(25.5099145845924,15.681819654993,11.9060025276262));
#3686=CARTESIAN_POINT('Ctrl Pts',(28.1083663065573,11.454868769328,11.8796215861873));
#3687=CARTESIAN_POINT('Ctrl Pts',(29.6336462862917,6.56820239678107,11.8532406447485));
#3688=CARTESIAN_POINT('Ctrl Pts',(29.9010257056536,1.61365162125073,11.8268597033096));
#3689=CARTESIAN_POINT('Ctrl Pts',(30.1684051250155,-3.3408991542799,11.8004787618708));
#3690=CARTESIAN_POINT('Ctrl Pts',(29.1778839840046,-8.36333433279457,11.774097820432));
#3691=CARTESIAN_POINT('Ctrl Pts',(27.0494257005868,-12.8453796780538,11.7477168789931));
#3692=CARTESIAN_POINT('Ctrl Pts',(24.9209674171689,-17.3274250233132,11.7213359375543));
#3693=CARTESIAN_POINT('Ctrl Pts',(21.654571991344,-21.2690805353178,11.6949549961154));
#3694=CARTESIAN_POINT('Ctrl Pts',(17.6458371983497,-24.1929667336245,11.6685740546766));
#3695=CARTESIAN_POINT('Ctrl Pts',(13.6371024053555,-27.1168529319311,11.6421931132377));
#3696=CARTESIAN_POINT('Ctrl Pts',(8.88602824519215,-29.0229698165398,11.6158121717989));
#3697=CARTESIAN_POINT('Ctrl Pts',(3.96802403691774,-29.6804648724943,11.58943123036));
#3698=CARTESIAN_POINT('Ctrl Pts',(-0.949980171356665,-30.3379599284487,
11.5630502889212));
#3699=CARTESIAN_POINT('Ctrl Pts',(-6.03491442774192,-29.7468331557489,11.5366693474823));
#3700=CARTESIAN_POINT('Ctrl Pts',(-10.6709351441805,-27.978676754872,11.5102884060435));
#3701=CARTESIAN_POINT('Ctrl Pts',(-15.3069558606187,-26.2105203539952,11.4839074646046));
#3702=CARTESIAN_POINT('Ctrl Pts',(-19.4940630371102,-23.2653343249415,11.4575265231658));
#3703=CARTESIAN_POINT('Ctrl Pts',(-22.7251501945664,-19.4998143180729,11.4311455817269));
#3704=CARTESIAN_POINT('Ctrl Pts',(-25.956237352023,-15.7342943112038,11.4047646402881));
#3705=CARTESIAN_POINT('Ctrl Pts',(-28.231304490444,-11.1484403265197,11.3783836988492));
#3706=CARTESIAN_POINT('Ctrl Pts',(-29.2748150072002,-6.29765163367491,11.3520027574104));
#3707=CARTESIAN_POINT('Ctrl Pts',(-29.7194679865822,-4.23066945190354,11.3407615058644));
#3708=CARTESIAN_POINT('Ctrl Pts',(-29.9405048312861,-2.11558255911948,11.3295202543185));
#3709=CARTESIAN_POINT('Ctrl Pts',(-29.9396876088595,-0.000327338752471595,
11.3182790027726));
#3710=CARTESIAN_POINT('Ctrl Pts',(-29.9402283572227,-0.000567386780031022,
11.1817209972275));
#3711=CARTESIAN_POINT('Ctrl Pts',(-29.9414564845811,-1.79158782237899,11.1912396370962));
#3712=CARTESIAN_POINT('Ctrl Pts',(-29.783330206223,-3.58239391533063,11.2007582769649));
#3713=CARTESIAN_POINT('Ctrl Pts',(-29.4638354447333,-5.34393218832024,11.2102769168335));
#3714=CARTESIAN_POINT('Ctrl Pts',(-28.5783546713089,-10.2260412567462,11.2366578582724));
#3715=CARTESIAN_POINT('Ctrl Pts',(-26.453365411403,-14.8833374588693,11.2630387997112));
#3716=CARTESIAN_POINT('Ctrl Pts',(-23.3462281232677,-18.7517690569191,11.2894197411501));
#3717=CARTESIAN_POINT('Ctrl Pts',(-20.2390908351324,-22.6202006549689,11.3158006825889));
#3718=CARTESIAN_POINT('Ctrl Pts',(-16.1498055187676,-25.6997676489454,11.3421816240278));
#3719=CARTESIAN_POINT('Ctrl Pts',(-11.5736313092663,-27.6174993195412,11.3685625654666));
#3720=CARTESIAN_POINT('Ctrl Pts',(-6.99745709976497,-29.535230990137,11.3949435069055));
#3721=CARTESIAN_POINT('Ctrl Pts',(-1.9343939971271,-30.2911273373521,11.4213244483443));
#3722=CARTESIAN_POINT('Ctrl Pts',(3.00236325698947,-29.793640684226,11.4477053897832));
#3723=CARTESIAN_POINT('Ctrl Pts',(7.93912051110632,-29.2961540310999,11.474086331222));
#3724=CARTESIAN_POINT('Ctrl Pts',(12.7495719167018,-27.5452843776325,11.5004672726609));
#3725=CARTESIAN_POINT('Ctrl Pts',(16.8511168924452,-24.7530820267868,11.5268482140997));
#3726=CARTESIAN_POINT('Ctrl Pts',(20.9526618681883,-21.9608796759412,11.5532291555386));
#3727=CARTESIAN_POINT('Ctrl Pts',(24.3453004140792,-18.1273446277173,11.5796100969774));
#3728=CARTESIAN_POINT('Ctrl Pts',(26.618145271849,-13.7167617400912,11.6059910384163));
#3729=CARTESIAN_POINT('Ctrl Pts',(28.8909901296188,-9.30617885246502,11.6323719798551));
#3730=CARTESIAN_POINT('Ctrl Pts',(30.0440412992674,-4.31854812543662,11.658752921294));
#3731=CARTESIAN_POINT('Ctrl Pts',(29.9376511209183,0.64207142115854,11.6851338627328));
#3732=CARTESIAN_POINT('Ctrl Pts',(29.8312609425691,5.6026909677537,11.7115148041716));
#3733=CARTESIAN_POINT('Ctrl Pts',(28.4654294162222,10.5362993339156,11.7378957456105));
#3734=CARTESIAN_POINT('Ctrl Pts',(26.0055743320508,14.845380224429,11.7642766870493));
#3735=CARTESIAN_POINT('Ctrl Pts',(23.5457192478794,19.1544611149423,11.7906576284882));
#3736=CARTESIAN_POINT('Ctrl Pts',(19.9918406058836,22.8390145298071,11.817038569927));
#3737=CARTESIAN_POINT('Ctrl Pts',(15.7743536806876,25.4527989876214,11.8434195113659));
#3738=CARTESIAN_POINT('Ctrl Pts',(11.5568667554916,28.0665834454358,11.8698004528047));
#3739=CARTESIAN_POINT('Ctrl Pts',(6.6757715470954,29.6095989461997,11.8961813942436));
#3740=CARTESIAN_POINT('Ctrl Pts',(1.72222440781868,29.8949686977056,11.9225623356824));
#3741=CARTESIAN_POINT('Ctrl Pts',(-3.23132273145804,30.1803384492116,11.9489432771213));
#3742=CARTESIAN_POINT('Ctrl Pts',(-8.25732180161528,29.2080624514597,11.9753242185601));
#3743=CARTESIAN_POINT('Ctrl Pts',(-12.7470669384516,27.0958944272803,12.001705159999));
#3744=CARTESIAN_POINT('Ctrl Pts',(-17.2368120752882,24.9837264031009,12.0280861014378));
#3745=CARTESIAN_POINT('Ctrl Pts',(-21.1903032788038,21.7316663524939,12.0544670428767));
#3746=CARTESIAN_POINT('Ctrl Pts',(-24.1287276311971,17.7335758731055,12.0808479843155));
#3747=CARTESIAN_POINT('Ctrl Pts',(-27.0671519835902,13.7354853937174,12.1072289257544));
#3748=CARTESIAN_POINT('Ctrl Pts',(-28.9905094848612,8.99136448554793,12.1336098671932));
#3749=CARTESIAN_POINT('Ctrl Pts',(-29.6658595845567,4.07578034946072,12.1599908086321));
#3750=CARTESIAN_POINT('Ctrl Pts',(-29.8512899777861,2.72611193345288,12.1672342048305));
#3751=CARTESIAN_POINT('Ctrl Pts',(-29.9426352250562,1.36351719761317,12.174477601029));
#3752=CARTESIAN_POINT('Ctrl Pts',(-29.9413309339296,0.000748976216113613,
12.1817209972275));
#3753=CARTESIAN_POINT('Origin',(0.,0.,0.));
#3754=CARTESIAN_POINT('',(-29.9431524153655,-0.00065733995669337,13.3182790027726));
#3755=CARTESIAN_POINT('',(-29.9439983243604,-0.000436203602092809,13.1817209972275));
#3756=CARTESIAN_POINT('',(-29.942,-3.66683744600701E-15,0.));
#3757=CARTESIAN_POINT('Ctrl Pts',(-29.9431524153655,-0.00065733995669337,
13.3182790027726));
#3758=CARTESIAN_POINT('Ctrl Pts',(-29.9391312739718,4.19088460371722,13.2959961821842));
#3759=CARTESIAN_POINT('Ctrl Pts',(-29.050762050895,8.38407732620527,13.2737133615958));
#3760=CARTESIAN_POINT('Ctrl Pts',(-27.3417644902013,12.210779023768,13.2514305410074));
#3761=CARTESIAN_POINT('Ctrl Pts',(-25.3184584913504,16.7412644256011,13.2250495995686));
#3762=CARTESIAN_POINT('Ctrl Pts',(-22.1449170051832,20.7580568883428,13.1986686581297));
#3763=CARTESIAN_POINT('Ctrl Pts',(-18.2054921348241,23.7746769890524,13.1722877166909));
#3764=CARTESIAN_POINT('Ctrl Pts',(-14.266067264465,26.791297089762,13.145906775252));
#3765=CARTESIAN_POINT('Ctrl Pts',(-9.56075900991399,28.8077448284395,13.1195258338132));
#3766=CARTESIAN_POINT('Ctrl Pts',(-4.65943391659621,29.5798053641635,13.0931448923743));
#3767=CARTESIAN_POINT('Ctrl Pts',(0.241891176721568,30.3518658998875,13.0667639509355));
#3768=CARTESIAN_POINT('Ctrl Pts',(5.33923310880611,29.8795392326582,13.0403830094966));
#3769=CARTESIAN_POINT('Ctrl Pts',(10.0152455804265,28.2200295139582,13.0140020680578));
#3770=CARTESIAN_POINT('Ctrl Pts',(14.6912580520468,26.5605197952582,12.9876211266189));
#3771=CARTESIAN_POINT('Ctrl Pts',(18.945941063203,23.7138270250875,12.9612401851801));
#3772=CARTESIAN_POINT('Ctrl Pts',(22.2640039297828,20.0247181957584,12.9348592437412));
#3773=CARTESIAN_POINT('Ctrl Pts',(25.5820667963626,16.3356093664294,12.9084783023024));
#3774=CARTESIAN_POINT('Ctrl Pts',(27.9635095183659,11.804084477942,12.8820973608635));
#3775=CARTESIAN_POINT('Ctrl Pts',(29.1199121956081,6.97896292618021,12.8557164194247));
#3776=CARTESIAN_POINT('Ctrl Pts',(30.2763148728503,2.15384137441842,12.8293354779859));
#3777=CARTESIAN_POINT('Ctrl Pts',(30.2076775053313,-2.96487684061777,12.802954536547));
#3778=CARTESIAN_POINT('Ctrl Pts',(28.922312861822,-7.75725650780035,12.7765735951082));
#3779=CARTESIAN_POINT('Ctrl Pts',(27.6369482183127,-12.5496361749827,12.7501926536693));
#3780=CARTESIAN_POINT('Ctrl Pts',(25.1348562988131,-17.0156772943114,12.7238117122305));
#3781=CARTESIAN_POINT('Ctrl Pts',(21.719068998656,-20.6144913019105,12.6974307707916));
#3782=CARTESIAN_POINT('Ctrl Pts',(18.3032816984985,-24.21330530951,12.6710498293528));
#3783=CARTESIAN_POINT('Ctrl Pts',(13.9737990176832,-26.9448922053797,12.6446688879139));
#3784=CARTESIAN_POINT('Ctrl Pts',(9.25497073423118,-28.4784256326337,12.6182879464751));
#3785=CARTESIAN_POINT('Ctrl Pts',(4.53614245077919,-30.0119590598877,12.5919070050362));
#3786=CARTESIAN_POINT('Ctrl Pts',(-0.572031435309498,-30.347439018526,12.5655260635974));
#3787=CARTESIAN_POINT('Ctrl Pts',(-5.45089275151641,-29.4442350557183,12.5391451221585));
#3788=CARTESIAN_POINT('Ctrl Pts',(-10.3297540677231,-28.5410310929106,12.5127641807197));
#3789=CARTESIAN_POINT('Ctrl Pts',(-14.9793028140479,-26.3991432086571,12.4863832392808));
#3790=CARTESIAN_POINT('Ctrl Pts',(-18.8364255580627,-23.2779784775329,12.460002297842));
#3791=CARTESIAN_POINT('Ctrl Pts',(-22.6935483020774,-20.1568137464088,12.4336213564031));
#3792=CARTESIAN_POINT('Ctrl Pts',(-25.7582450437819,-16.0563721684139,12.4072404149643));
#3793=CARTESIAN_POINT('Ctrl Pts',(-27.6593460211778,-11.4732640292846,12.3808594735254));
#3794=CARTESIAN_POINT('Ctrl Pts',(-29.1626003609312,-7.84927073191526,12.3599993166078));
#3795=CARTESIAN_POINT('Ctrl Pts',(-29.9383150051435,-3.92348956825512,12.3391391596902));
#3796=CARTESIAN_POINT('Ctrl Pts',(-29.9423296533365,0.000751256081126806,
12.3182790027726));
#3797=CARTESIAN_POINT('Ctrl Pts',(-29.9413309339296,0.000748976216113613,
12.1817209972275));
#3798=CARTESIAN_POINT('Ctrl Pts',(-29.9378849080932,-3.59977732036734,12.2008585424678));
#3799=CARTESIAN_POINT('Ctrl Pts',(-29.2876966237258,-7.20151463692052,12.2199960877082));
#3800=CARTESIAN_POINT('Ctrl Pts',(-28.0172430156308,-10.5692622330404,12.2391336329486));
#3801=CARTESIAN_POINT('Ctrl Pts',(-26.265933648889,-15.2116733154494,12.2655145743874));
#3802=CARTESIAN_POINT('Ctrl Pts',(-23.3359722172853,-19.4094481162624,12.2918955158263));
#3803=CARTESIAN_POINT('Ctrl Pts',(-19.5822104986266,-22.6541881853039,12.3182764572651));
#3804=CARTESIAN_POINT('Ctrl Pts',(-15.8284487799679,-25.8989282543454,12.344657398704));
#3805=CARTESIAN_POINT('Ctrl Pts',(-11.2508867742541,-28.1906335916153,12.3710383401428));
#3806=CARTESIAN_POINT('Ctrl Pts',(-6.40391949782506,-29.2517525186622,12.3974192815817));
#3807=CARTESIAN_POINT('Ctrl Pts',(-1.55695222139601,-30.3128714457091,12.4238002230205));
#3808=CARTESIAN_POINT('Ctrl Pts',(3.5594203257483,-30.143403962533,12.4501811644594));
#3809=CARTESIAN_POINT('Ctrl Pts',(8.32554701963969,-28.7638745159872,12.4765621058982));
#3810=CARTESIAN_POINT('Ctrl Pts',(13.0916737135311,-27.3843450694414,12.5029430473371));
#3811=CARTESIAN_POINT('Ctrl Pts',(17.5075545541695,-24.7947536595259,12.5293239887759));
#3812=CARTESIAN_POINT('Ctrl Pts',(21.0383759600581,-21.3087293687571,12.5557049302148));
#3813=CARTESIAN_POINT('Ctrl Pts',(24.5691973659467,-17.8227050779884,12.5820858716536));
#3814=CARTESIAN_POINT('Ctrl Pts',(27.2149593370855,-13.4402479063662,12.6084668130925));
#3815=CARTESIAN_POINT('Ctrl Pts',(28.6552298947507,-8.69212344750527,12.6348477545313));
#3816=CARTESIAN_POINT('Ctrl Pts',(30.095500452416,-3.94399898864431,12.6612286959702));
#3817=CARTESIAN_POINT('Ctrl Pts',(30.3302795966078,1.16979275745549,12.687609637409));
#3818=CARTESIAN_POINT('Ctrl Pts',(29.3311328927258,6.02991323129488,12.7139905788478));
#3819=CARTESIAN_POINT('Ctrl Pts',(28.3319861888438,10.8900337051343,12.7403715202867));
#3820=CARTESIAN_POINT('Ctrl Pts',(26.098913636888,15.4964829067133,12.7667524617256));
#3821=CARTESIAN_POINT('Ctrl Pts',(22.9023658156566,19.2913672504966,12.7931334031644));
#3822=CARTESIAN_POINT('Ctrl Pts',(19.7058179944251,23.0862515942798,12.8195143446033));
#3823=CARTESIAN_POINT('Ctrl Pts',(15.545794903918,26.0695710802674,12.8458952860421));
#3824=CARTESIAN_POINT('Ctrl Pts',(10.9261228312191,27.880011661131,12.8722762274809));
#3825=CARTESIAN_POINT('Ctrl Pts',(6.30645075852001,29.6904522419946,12.8986571689198));
#3826=CARTESIAN_POINT('Ctrl Pts',(1.22712970362919,30.3280139177341,12.9250381103586));
#3827=CARTESIAN_POINT('Ctrl Pts',(-3.69667656817689,29.7154806910132,12.9514190517975));
#3828=CARTESIAN_POINT('Ctrl Pts',(-8.62048283998268,29.1029474642924,12.9777999932363));
#3829=CARTESIAN_POINT('Ctrl Pts',(-13.3887743287037,27.2403193351114,13.0041809346752));
#3830=CARTESIAN_POINT('Ctrl Pts',(-17.4240565002403,24.3531818336767,13.030561876114));
#3831=CARTESIAN_POINT('Ctrl Pts',(-21.4593386717768,21.466044332242,13.0569428175529));
#3832=CARTESIAN_POINT('Ctrl Pts',(-24.7616115261289,17.5543974585537,13.0833237589917));
#3833=CARTESIAN_POINT('Ctrl Pts',(-26.9309321218875,13.0919863043762,13.1097047004306));
#3834=CARTESIAN_POINT('Ctrl Pts',(-28.9049131772879,9.03139927220754,13.1337101326962));
#3835=CARTESIAN_POINT('Ctrl Pts',(-29.9407921692254,4.51477086310564,13.1577155649618));
#3836=CARTESIAN_POINT('Ctrl Pts',(-29.9439983243604,-0.000436203602092809,
13.1817209972275));
#3837=CARTESIAN_POINT('Origin',(0.,0.,0.));
#3838=CARTESIAN_POINT('',(-29.93948282882,9.10556961786213E-5,14.3182790027726));
#3839=CARTESIAN_POINT('',(-29.9395503654909,-0.000204866595549516,14.1817209972275));
#3840=CARTESIAN_POINT('',(-29.942,-3.66683744600701E-15,0.));
#3841=CARTESIAN_POINT('Ctrl Pts',(-29.93948282882,9.10556961786213E-5,14.3182790027726));
#3842=CARTESIAN_POINT('Ctrl Pts',(-29.9397367699783,2.38309414006379,14.3056150875559));
#3843=CARTESIAN_POINT('Ctrl Pts',(-29.6586121365491,4.76603831348105,14.2929511723392));
#3844=CARTESIAN_POINT('Ctrl Pts',(-29.0954282271916,7.08034364146723,14.2802872571225));
#3845=CARTESIAN_POINT('Ctrl Pts',(-27.9222269321865,11.9014082399358,14.2539063156836));
#3846=CARTESIAN_POINT('Ctrl Pts',(-25.5250156038283,16.424611209111,14.2275253742448));
#3847=CARTESIAN_POINT('Ctrl Pts',(-22.1941239005458,20.1021410325404,14.2011444328059));
#3848=CARTESIAN_POINT('Ctrl Pts',(-18.8632321972631,23.77967085597,14.1747634913671));
#3849=CARTESIAN_POINT('Ctrl Pts',(-14.598660119056,26.6115275336539,14.1483825499282));
#3850=CARTESIAN_POINT('Ctrl Pts',(-9.91689602895023,28.2547408934486,14.1220016084894));
#3851=CARTESIAN_POINT('Ctrl Pts',(-5.23513193884473,29.8979542532431,14.0956206670505));
#3852=CARTESIAN_POINT('Ctrl Pts',(-0.13617583684052,30.3525242951487,14.0692397256117));
#3853=CARTESIAN_POINT('Ctrl Pts',(4.76243048342665,29.5633973977189,14.0428587841729));
#3854=CARTESIAN_POINT('Ctrl Pts',(9.66103680369382,28.774270500289,14.016477842734));
#3855=CARTESIAN_POINT('Ctrl Pts',(14.3592933422241,26.7414466635238,13.9900969012951));
#3856=CARTESIAN_POINT('Ctrl Pts',(18.2881875969048,23.7111240607724,13.9637159598563));
#3857=CARTESIAN_POINT('Ctrl Pts',(22.2170818515857,20.6808014580208,13.9373350184174));
#3858=CARTESIAN_POINT('Ctrl Pts',(25.376613822417,16.6529800892829,13.9109540769786));
#3859=CARTESIAN_POINT('Ctrl Pts',(27.3841281185138,12.1154751039216,13.8845731355398));
#3860=CARTESIAN_POINT('Ctrl Pts',(29.3916424146106,7.57797011856063,13.8581921941009));
#3861=CARTESIAN_POINT('Ctrl Pts',(30.2471390359731,2.53078151657627,13.8318112526621));
#3862=CARTESIAN_POINT('Ctrl Pts',(29.847007575405,-2.414818543626,13.8054303112232));
#3863=CARTESIAN_POINT('Ctrl Pts',(29.4468761148369,-7.36041860382798,13.7790493697844));
#3864=CARTESIAN_POINT('Ctrl Pts',(27.7911165723387,-12.2044301222472,13.7526684283455));
#3865=CARTESIAN_POINT('Ctrl Pts',(25.0802603306572,-16.360188004769,13.7262874869067));
#3866=CARTESIAN_POINT('Ctrl Pts',(22.3694040889754,-20.5159458872913,13.6999065454678));
#3867=CARTESIAN_POINT('Ctrl Pts',(18.6034511481103,-23.9834501339154,13.673525604029));
#3868=CARTESIAN_POINT('Ctrl Pts',(14.2385014013195,-26.3427463953466,13.6471446625901));
#3869=CARTESIAN_POINT('Ctrl Pts',(9.87355165452899,-28.7020426567776,13.6207637211513));
#3870=CARTESIAN_POINT('Ctrl Pts',(4.90960510181278,-29.9531309330158,13.5943827797124));
#3871=CARTESIAN_POINT('Ctrl Pts',(-0.0521476608812091,-29.9444901513849,
13.5680018382736));
#3872=CARTESIAN_POINT('Ctrl Pts',(-5.0139004235752,-29.9358493697541,13.5416208968348));
#3873=CARTESIAN_POINT('Ctrl Pts',(-9.97345939624715,-28.6674795302541,13.5152399553959));
#3874=CARTESIAN_POINT('Ctrl Pts',(-14.3301653689811,-26.2929947001588,13.488859013957));
#3875=CARTESIAN_POINT('Ctrl Pts',(-18.6868713417151,-23.9185098700634,13.4624780725182));
#3876=CARTESIAN_POINT('Ctrl Pts',(-22.4407243145112,-20.4379100493725,13.4360971310794));
#3877=CARTESIAN_POINT('Ctrl Pts',(-25.1370898383781,-16.2727356108993,13.4097161896405));
#3878=CARTESIAN_POINT('Ctrl Pts',(-27.833455362245,-12.1075611724264,13.3833352482017));
#3879=CARTESIAN_POINT('Ctrl Pts',(-29.4723334371829,-7.25781211617114,13.3569543067628));
#3880=CARTESIAN_POINT('Ctrl Pts',(-29.8552372188848,-2.31084841758143,13.330573365324));
#3881=CARTESIAN_POINT('Ctrl Pts',(-29.9147190222599,-1.54236731061685,13.3264752444735));
#3882=CARTESIAN_POINT('Ctrl Pts',(-29.9438919592362,-0.771540243529977,
13.322377123623));
#3883=CARTESIAN_POINT('Ctrl Pts',(-29.9431524153655,-0.00065733995669337,
13.3182790027726));
#3884=CARTESIAN_POINT('Ctrl Pts',(-29.9439983243604,-0.000436203602092809,
13.1817209972275));
#3885=CARTESIAN_POINT('Ctrl Pts',(-29.9443155963366,-0.447248228783471,
13.1840965064007));
#3886=CARTESIAN_POINT('Ctrl Pts',(-29.9345204013497,-0.894046335444384,
13.1864720155739));
#3887=CARTESIAN_POINT('Ctrl Pts',(-29.9145210965715,-1.34038722407553,13.1888475247471));
#3888=CARTESIAN_POINT('Ctrl Pts',(-29.6924211383317,-6.29717416368252,13.215228466186));
#3889=CARTESIAN_POINT('Ctrl Pts',(-28.2118528846869,-11.1975726082298,13.2416094076248));
#3890=CARTESIAN_POINT('Ctrl Pts',(-25.6521300533207,-15.4480883631343,13.2679903490637));
#3891=CARTESIAN_POINT('Ctrl Pts',(-23.0924072219543,-19.6986041180393,13.2943712905025));
#3892=CARTESIAN_POINT('Ctrl Pts',(-19.4535298128662,-23.2992371833012,13.3207522319414));
#3893=CARTESIAN_POINT('Ctrl Pts',(-15.1762074217216,-25.8139097898898,13.3471331733802));
#3894=CARTESIAN_POINT('Ctrl Pts',(-10.8988850305772,-28.3285823964782,13.3735141148191));
#3895=CARTESIAN_POINT('Ctrl Pts',(-5.98311765737651,-29.7572945443934,13.3998950562579));
#3896=CARTESIAN_POINT('Ctrl Pts',(-1.02426084941417,-29.927012882345,13.4262759976967));
#3897=CARTESIAN_POINT('Ctrl Pts',(3.93459595854816,-30.0967312202966,13.4526569391356));
#3898=CARTESIAN_POINT('Ctrl Pts',(8.93654220127192,-29.0074557482845,13.4790378805744));
#3899=CARTESIAN_POINT('Ctrl Pts',(13.3757850865451,-26.7911101611382,13.5054188220133));
#3900=CARTESIAN_POINT('Ctrl Pts',(17.8150279718183,-24.5747645739919,13.5317997634521));
#3901=CARTESIAN_POINT('Ctrl Pts',(21.6915674996407,-21.2313488717115,13.558180704891));
#3902=CARTESIAN_POINT('Ctrl Pts',(24.5359104786181,-17.1657888642767,13.5845616463298));
#3903=CARTESIAN_POINT('Ctrl Pts',(27.3802534575956,-13.1002288568416,13.6109425877687));
#3904=CARTESIAN_POINT('Ctrl Pts',(29.1923998877277,-8.31252454425214,13.6373235292075));
#3905=CARTESIAN_POINT('Ctrl Pts',(29.7528781488619,-3.38252157519519,13.6637044706464));
#3906=CARTESIAN_POINT('Ctrl Pts',(30.3133564099961,1.54748139386149,13.6900854120852));
#3907=CARTESIAN_POINT('Ctrl Pts',(29.6221665021322,6.61978301938625,13.7164663535241));
#3908=CARTESIAN_POINT('Ctrl Pts',(27.7630194137368,11.2200696691313,13.7428472949629));
#3909=CARTESIAN_POINT('Ctrl Pts',(25.9038723253415,15.8203563188761,13.7692282364018));
#3910=CARTESIAN_POINT('Ctrl Pts',(22.8767680564149,19.9486279928418,13.7956091778406));
#3911=CARTESIAN_POINT('Ctrl Pts',(19.048323491346,23.1049038629621,13.8219901192795));
#3912=CARTESIAN_POINT('Ctrl Pts',(15.2198789262768,26.2611797330828,13.8483710607183));
#3913=CARTESIAN_POINT('Ctrl Pts',(10.5900940650653,28.4454597993576,13.8747520021572));
#3914=CARTESIAN_POINT('Ctrl Pts',(5.71968870802821,29.3932028100195,13.901132943596));
#3915=CARTESIAN_POINT('Ctrl Pts',(0.849283350991675,30.3409458206814,13.9275138850349));
#3916=CARTESIAN_POINT('Ctrl Pts',(-4.26174250187026,30.0521517757306,13.9538948264737));
#3917=CARTESIAN_POINT('Ctrl Pts',(-8.99438527230513,28.5617969308835,13.9802757679125));
#3918=CARTESIAN_POINT('Ctrl Pts',(-13.7270280427405,27.0714420860363,14.0066567093514));
#3919=CARTESIAN_POINT('Ctrl Pts',(-18.0812877307486,24.3795264412925,14.0330376507903));
#3920=CARTESIAN_POINT('Ctrl Pts',(-21.5298137798831,20.8120717121396,14.0594185922291));
#3921=CARTESIAN_POINT('Ctrl Pts',(-24.9783398290172,17.2446169829872,14.0857995336679));
#3922=CARTESIAN_POINT('Ctrl Pts',(-27.5211322392777,12.8016231694259,14.1121804751068));
#3923=CARTESIAN_POINT('Ctrl Pts',(-28.8502298212642,8.02118754349534,14.1385614165456));
#3924=CARTESIAN_POINT('Ctrl Pts',(-29.5750370898844,5.41423487440176,14.1529479434396));
#3925=CARTESIAN_POINT('Ctrl Pts',(-29.9388995119777,2.70692923325958,14.1673344703335));
#3926=CARTESIAN_POINT('Ctrl Pts',(-29.9395503654909,-0.000204866595549516,
14.1817209972275));
#3927=CARTESIAN_POINT('Origin',(0.,0.,0.));
#3928=CARTESIAN_POINT('',(-29.943700013206,0.000534777989762425,15.3182790027726));
#3929=CARTESIAN_POINT('',(-29.9427720061164,0.000712232671952951,15.1817209972275));
#3930=CARTESIAN_POINT('',(-29.942,-3.66683744600701E-15,0.));
#3931=CARTESIAN_POINT('Ctrl Pts',(-29.943700013206,0.000534777989762425,
15.3182790027726));
#3932=CARTESIAN_POINT('Ctrl Pts',(-29.9441761137335,0.573290427191762,15.3152339929276));
#3933=CARTESIAN_POINT('Ctrl Pts',(-29.9280778763709,1.146019329831,15.3121889830825));
#3934=CARTESIAN_POINT('Ctrl Pts',(-29.8952240823828,1.71778545489146,15.3091439732375));
#3935=CARTESIAN_POINT('Ctrl Pts',(-29.6105898580753,6.67137491098886,15.2827630317987));
#3936=CARTESIAN_POINT('Ctrl Pts',(-28.0682991407805,11.5526991776725,15.2563820903598));
#3937=CARTESIAN_POINT('Ctrl Pts',(-25.4551409431535,15.7705741610481,15.230001148921));
#3938=CARTESIAN_POINT('Ctrl Pts',(-22.8419827455266,19.9884491444236,15.2036202074821));
#3939=CARTESIAN_POINT('Ctrl Pts',(-19.1579570675676,23.5428748444911,15.1772392660433));
#3940=CARTESIAN_POINT('Ctrl Pts',(-14.8492414757145,26.003369731649,15.1508583246044));
#3941=CARTESIAN_POINT('Ctrl Pts',(-10.5405258838613,28.463864618807,15.1244773831656));
#3942=CARTESIAN_POINT('Ctrl Pts',(-5.60712037811412,29.8304286930555,15.0980964417268));
#3943=CARTESIAN_POINT('Ctrl Pts',(-0.646516684976038,29.9375554443073,15.0717155002879));
#3944=CARTESIAN_POINT('Ctrl Pts',(4.31408700816205,30.044682195559,15.0453345588491));
#3945=CARTESIAN_POINT('Ctrl Pts',(9.301888888691,28.8923716238141,15.0189536174102));
#3946=CARTESIAN_POINT('Ctrl Pts',(13.7128092081325,26.6201816940884,14.9925726759714));
#3947=CARTESIAN_POINT('Ctrl Pts',(18.123729527574,24.3479917643626,14.9661917345325));
#3948=CARTESIAN_POINT('Ctrl Pts',(21.9577682859281,20.9559224766561,14.9398107930937));
#3949=CARTESIAN_POINT('Ctrl Pts',(24.7505796201716,16.854792145573,14.9134298516548));
#3950=CARTESIAN_POINT('Ctrl Pts',(27.5433909544151,12.7536618144899,14.887048910216));
#3951=CARTESIAN_POINT('Ctrl Pts',(29.294974864548,7.9434704400301,14.8606679687771));
#3952=CARTESIAN_POINT('Ctrl Pts',(29.7931945429713,3.00678711078558,14.8342870273383));
#3953=CARTESIAN_POINT('Ctrl Pts',(30.2914142213946,-1.92989621845895,14.8079060858994));
#3954=CARTESIAN_POINT('Ctrl Pts',(29.5362696681084,-6.99307150248825,14.7815251444606));
#3955=CARTESIAN_POINT('Ctrl Pts',(27.6192175092457,-11.5695304131974,14.7551442030217));
#3956=CARTESIAN_POINT('Ctrl Pts',(25.7021653503829,-16.1459893239068,14.7287632615829));
#3957=CARTESIAN_POINT('Ctrl Pts',(22.6232055859436,-20.2357318612959,14.702382320144));
#3958=CARTESIAN_POINT('Ctrl Pts',(18.755235392806,-23.3434435155861,14.6760013787052));
#3959=CARTESIAN_POINT('Ctrl Pts',(14.8872651996687,-26.4511551698762,14.6496204372663));
#3960=CARTESIAN_POINT('Ctrl Pts',(10.2302845778332,-28.5768359410674,14.6232394958275));
#3961=CARTESIAN_POINT('Ctrl Pts',(5.34830704469463,-29.4630416209968,14.5968585543886));
#3962=CARTESIAN_POINT('Ctrl Pts',(0.466329511556058,-30.3492473009263,14.5704776129498));
#3963=CARTESIAN_POINT('Ctrl Pts',(-4.64064493288561,-29.9959778895941,14.5440966715109));
#3964=CARTESIAN_POINT('Ctrl Pts',(-9.35410338218823,-28.446018345636,14.5177157300721));
#3965=CARTESIAN_POINT('Ctrl Pts',(-14.0675618314908,-26.8960588016779,14.4913347886333));
#3966=CARTESIAN_POINT('Ctrl Pts',(-18.3875042856544,-24.149409125094,14.4649538471944));
#3967=CARTESIAN_POINT('Ctrl Pts',(-21.7907363970167,-20.5387199474713,14.4385729057556));
#3968=CARTESIAN_POINT('Ctrl Pts',(-25.193968508379,-16.9280307698486,14.4121919643167));
#3969=CARTESIAN_POINT('Ctrl Pts',(-27.6804902769399,-12.4533020911871,14.3858110228779));
#3970=CARTESIAN_POINT('Ctrl Pts',(-28.9491555303944,-7.65647463797529,14.359430081439));
#3971=CARTESIAN_POINT('Ctrl Pts',(-29.6088103266081,-5.16231770610951,14.3457130552169));
#3972=CARTESIAN_POINT('Ctrl Pts',(-29.9392077703197,-2.58107876709668,14.3319960289947));
#3973=CARTESIAN_POINT('Ctrl Pts',(-29.93948282882,9.10556961786213E-5,14.3182790027726));
#3974=CARTESIAN_POINT('Ctrl Pts',(-29.9395503654909,-0.000204866595549516,
14.1817209972275));
#3975=CARTESIAN_POINT('Ctrl Pts',(-29.9400929986715,-2.25721163839653,14.1937154117724));
#3976=CARTESIAN_POINT('Ctrl Pts',(-29.6881679117819,-4.51409917215173,14.2057098263173));
#3977=CARTESIAN_POINT('Ctrl Pts',(-29.1824614914883,-6.71261138793893,14.2177042408622));
#3978=CARTESIAN_POINT('Ctrl Pts',(-28.0701928260138,-11.5480972551411,14.244085182301));
#3979=CARTESIAN_POINT('Ctrl Pts',(-25.7302527413528,-16.1011915512456,14.2704661237399));
#3980=CARTESIAN_POINT('Ctrl Pts',(-22.4460346945137,-19.8204625788697,14.2968470651787));
#3981=CARTESIAN_POINT('Ctrl Pts',(-19.1618166476744,-23.5397336064941,14.3232280066176));
#3982=CARTESIAN_POINT('Ctrl Pts',(-14.9333206386568,-26.4251813656381,14.3496089480564));
#3983=CARTESIAN_POINT('Ctrl Pts',(-10.2726658066635,-28.1273451923976,14.3759898894953));
#3984=CARTESIAN_POINT('Ctrl Pts',(-5.61201097467,-29.8295090191573,14.4023708309341));
#3985=CARTESIAN_POINT('Ctrl Pts',(-0.519197319700577,-30.3483889135324,
14.428751772373));
#3986=CARTESIAN_POINT('Ctrl Pts',(4.38897728506702,-29.6211425967813,14.4551327138118));
#3987=CARTESIAN_POINT('Ctrl Pts',(9.29715188983462,-28.8938962800302,14.4815136552507));
#3988=CARTESIAN_POINT('Ctrl Pts',(14.0206874444006,-26.9205237521529,14.5078945966895));
#3989=CARTESIAN_POINT('Ctrl Pts',(17.9875098692248,-23.9400229542961,14.5342755381283));
#3990=CARTESIAN_POINT('Ctrl Pts',(21.9543322940487,-20.9595221564397,14.5606564795672));
#3991=CARTESIAN_POINT('Ctrl Pts',(25.1644415891311,-16.9718930886039,14.587037421006));
#3992=CARTESIAN_POINT('Ctrl Pts',(27.22905687223,-12.4600831536773,14.6134183624449));
#3993=CARTESIAN_POINT('Ctrl Pts',(29.293672155329,-7.94827321875015,14.6397993038837));
#3994=CARTESIAN_POINT('Ctrl Pts',(30.2127934264442,-2.91228241673267,14.6661802453226));
#3995=CARTESIAN_POINT('Ctrl Pts',(29.8751046069552,2.03797327538119,14.6925611867614));
#3996=CARTESIAN_POINT('Ctrl Pts',(29.5374157874663,6.98822896749476,14.7189421282003));
#3997=CARTESIAN_POINT('Ctrl Pts',(27.9429168773732,11.8527495497041,14.7453230696391));
#3998=CARTESIAN_POINT('Ctrl Pts',(25.2847198974877,16.0423860461365,14.771704011078));
#3999=CARTESIAN_POINT('Ctrl Pts',(22.6265229176024,20.2320225425687,14.7980849525168));
#4000=CARTESIAN_POINT('Ctrl Pts',(18.9046278679241,23.7467749532247,14.8244658939557));
#4001=CARTESIAN_POINT('Ctrl Pts',(14.569798728124,26.1609666367595,14.8508468353945));
#4002=CARTESIAN_POINT('Ctrl Pts',(10.2349695883237,28.5751583202943,14.8772277768334));
#4003=CARTESIAN_POINT('Ctrl Pts',(5.28720635840166,29.8887892767083,14.9036087182722));
#4004=CARTESIAN_POINT('Ctrl Pts',(0.32573964916504,29.9427638007691,14.9299896597111));
#4005=CARTESIAN_POINT('Ctrl Pts',(-4.63572706007186,29.9967383248299,14.9563706011499));
#4006=CARTESIAN_POINT('Ctrl Pts',(-9.6108972486227,28.791056416537,14.9827515425888));
#4007=CARTESIAN_POINT('Ctrl Pts',(-13.9972210101109,26.4717399190495,15.0091324840276));
#4008=CARTESIAN_POINT('Ctrl Pts',(-18.3835447715991,24.1524234215619,15.0355134254665));
#4009=CARTESIAN_POINT('Ctrl Pts',(-22.1810221060247,20.7194723348796,15.0618943669053));
#4010=CARTESIAN_POINT('Ctrl Pts',(-24.9297351561875,16.5886562261696,15.0882753083441));
#4011=CARTESIAN_POINT('Ctrl Pts',(-27.6784482063501,12.4578401174598,15.114656249783));
#4012=CARTESIAN_POINT('Ctrl Pts',(-29.3783969722501,7.62915898672217,15.1410371912219));
#4013=CARTESIAN_POINT('Ctrl Pts',(-29.8236982517218,2.68742124311296,15.1674181326607));
#4014=CARTESIAN_POINT('Ctrl Pts',(-29.904174074346,1.79433957359204,15.1721857541829));
#4015=CARTESIAN_POINT('Ctrl Pts',(-29.9436724700537,0.897565417423259,15.1769533757052));
#4016=CARTESIAN_POINT('Ctrl Pts',(-29.9427720061164,0.000712232671952951,
15.1817209972275));
#4017=CARTESIAN_POINT('Origin',(0.,0.,0.));
#4018=CARTESIAN_POINT('',(-29.9417107655367,-0.000764801829318263,16.3182790027726));
#4019=CARTESIAN_POINT('',(-29.9427233854071,-0.000717768748690673,16.1817209972274));
#4020=CARTESIAN_POINT('',(-29.942,-3.66683744600701E-15,0.));
#4021=CARTESIAN_POINT('Ctrl Pts',(-29.9417107655367,-0.000764801829318262,
16.3182790027726));
#4022=CARTESIAN_POINT('Ctrl Pts',(-29.9379867313638,3.72558505966497,16.2984719568604));
#4023=CARTESIAN_POINT('Ctrl Pts',(-29.2404135920658,7.45329021067663,16.2786649109482));
#4024=CARTESIAN_POINT('Ctrl Pts',(-27.8816337029694,10.9219829628684,16.2588578650361));
#4025=CARTESIAN_POINT('Ctrl Pts',(-26.0718790913283,15.5419238046626,16.2324769235972));
#4026=CARTESIAN_POINT('Ctrl Pts',(-23.0891773373357,19.7023898254238,16.2060959821584));
#4027=CARTESIAN_POINT('Ctrl Pts',(-19.2947676737156,22.8995010914879,16.1797150407195));
#4028=CARTESIAN_POINT('Ctrl Pts',(-15.5003580100955,26.096612357552,16.1533340992807));
#4029=CARTESIAN_POINT('Ctrl Pts',(-10.894240436848,28.3303688689191,16.1269531578418));
#4030=CARTESIAN_POINT('Ctrl Pts',(-6.03426837564032,29.3302372128988,16.100572216403));
#4031=CARTESIAN_POINT('Ctrl Pts',(-1.17429631443265,30.3301055568784,16.0741912749641));
#4032=CARTESIAN_POINT('Ctrl Pts',(3.93953023473497,30.0960857334707,16.0478103335253));
#4033=CARTESIAN_POINT('Ctrl Pts',(8.68786849737179,28.6565202141258,16.0214293920864));
#4034=CARTESIAN_POINT('Ctrl Pts',(13.4362067600086,27.2169546947808,15.9950484506476));
#4035=CARTESIAN_POINT('Ctrl Pts',(17.8190567361144,24.5718434794989,15.9686675092087));
#4036=CARTESIAN_POINT('Ctrl Pts',(21.3056052589378,21.0415397334254,15.9422865677699));
#4037=CARTESIAN_POINT('Ctrl Pts',(24.7921537817609,17.5112359873521,15.915905626331));
#4038=CARTESIAN_POINT('Ctrl Pts',(27.3824008513019,13.0957397104868,15.8895246848922));
#4039=CARTESIAN_POINT('Ctrl Pts',(28.7626379771937,8.32981790906237,15.8631437434533));
#4040=CARTESIAN_POINT('Ctrl Pts',(30.1428751030856,3.56389610763769,15.8367628020145));
#4041=CARTESIAN_POINT('Ctrl Pts',(30.3131022853287,-1.55245121834672,15.8103818605756));
#4042=CARTESIAN_POINT('Ctrl Pts',(29.2527030688316,-6.39957599938718,15.7840009191368));
#4043=CARTESIAN_POINT('Ctrl Pts',(28.1923038523344,-11.2467007804279,15.7576199776979));
#4044=CARTESIAN_POINT('Ctrl Pts',(25.9012782370969,-15.8246030165245,15.7312390362591));
#4045=CARTESIAN_POINT('Ctrl Pts',(22.6570955794771,-19.5788464856094,15.7048580948202));
#4046=CARTESIAN_POINT('Ctrl Pts',(19.4129129218576,-23.3330899546938,15.6784771533814));
#4047=CARTESIAN_POINT('Ctrl Pts',(15.2155732218561,-26.2636746567667,15.6520962119426));
#4048=CARTESIAN_POINT('Ctrl Pts',(10.5734222339704,-28.0156733288229,15.6257152705037));
#4049=CARTESIAN_POINT('Ctrl Pts',(5.93127124608405,-29.7676720008794,15.5993343290649));
#4050=CARTESIAN_POINT('Ctrl Pts',(0.844308970313513,-30.3410846429189,15.572953387626));
#4051=CARTESIAN_POINT('Ctrl Pts',(-4.07137538898302,-29.6664644379271,15.5465724461872));
#4052=CARTESIAN_POINT('Ctrl Pts',(-8.98705974827926,-28.9918442329353,15.5201915047483));
#4053=CARTESIAN_POINT('Ctrl Pts',(-13.7314661911014,-27.0691911809123,15.4938105633095));
#4054=CARTESIAN_POINT('Ctrl Pts',(-17.7299929350804,-24.1313605154573,15.4674296218706));
#4055=CARTESIAN_POINT('Ctrl Pts',(-21.7285196790594,-21.1935298500022,15.4410486804318));
#4056=CARTESIAN_POINT('Ctrl Pts',(-24.9811667241952,-17.2405215711153,15.4146677389929));
#4057=CARTESIAN_POINT('Ctrl Pts',(-27.094001381103,-12.7510901089162,15.3882867975541));
#4058=CARTESIAN_POINT('Ctrl Pts',(-28.962962924306,-8.77984951691654,15.3649508659602));
#4059=CARTESIAN_POINT('Ctrl Pts',(-29.9400513388482,-4.38887193334907,15.3416149343664));
#4060=CARTESIAN_POINT('Ctrl Pts',(-29.943700013206,0.000534777989762425,
15.3182790027726));
#4061=CARTESIAN_POINT('Ctrl Pts',(-29.9427720061164,0.000712232671952951,
15.1817209972275));
#4062=CARTESIAN_POINT('Ctrl Pts',(-29.9386898836031,-4.06504145809255,15.203334317144));
#4063=CARTESIAN_POINT('Ctrl Pts',(-29.1043584445522,-8.13241928941981,15.2249476370606));
#4064=CARTESIAN_POINT('Ctrl Pts',(-27.4936806960106,-11.8647685242275,15.2465609569772));
#4065=CARTESIAN_POINT('Ctrl Pts',(-25.5277080677845,-16.4204261914778,15.2729418984161));
#4066=CARTESIAN_POINT('Ctrl Pts',(-22.4051090182888,-20.4769471694975,15.2993228398549));
#4067=CARTESIAN_POINT('Ctrl Pts',(-18.5040659400082,-23.5430404586051,15.3257037812938));
#4068=CARTESIAN_POINT('Ctrl Pts',(-14.6030228617276,-26.6091337477126,15.3520847227326));
#4069=CARTESIAN_POINT('Ctrl Pts',(-9.9235357546622,-28.684799347908,15.3784656641715));
#4070=CARTESIAN_POINT('Ctrl Pts',(-5.03234392850228,-29.5186504592089,15.4048466056103));
#4071=CARTESIAN_POINT('Ctrl Pts',(-0.141152102342647,-30.3525015705098,
15.4312275470492));
#4072=CARTESIAN_POINT('Ctrl Pts',(4.96174444291133,-29.9445381929163,15.457608488488));
#4073=CARTESIAN_POINT('Ctrl Pts',(9.65832668096264,-28.3441693487653,15.4839894299269));
#4074=CARTESIAN_POINT('Ctrl Pts',(14.3549089190145,-26.7438005046141,15.5103703713657));
#4075=CARTESIAN_POINT('Ctrl Pts',(18.6451768498634,-23.9510261939052,15.5367513128046));
#4076=CARTESIAN_POINT('Ctrl Pts',(22.0095300493851,-20.3040832679761,15.5631322542434));
#4077=CARTESIAN_POINT('Ctrl Pts',(25.3738832489063,-16.6571403420475,15.5895131956823));
#4078=CARTESIAN_POINT('Ctrl Pts',(27.8123217171004,-12.1560288008992,15.6158941371211));
#4079=CARTESIAN_POINT('Ctrl Pts',(29.0295227182554,-7.34588463685449,15.6422750785599));
#4080=CARTESIAN_POINT('Ctrl Pts',(30.2467237194106,-2.53574047280951,15.6686560199988));
#4081=CARTESIAN_POINT('Ctrl Pts',(30.2426872535264,2.58343631413253,15.6950369614376));
#4082=CARTESIAN_POINT('Ctrl Pts',(29.017902182702,7.39165497455156,15.7214179028765));
#4083=CARTESIAN_POINT('Ctrl Pts',(27.7931171118776,12.1998736349709,15.7477988443153));
#4084=CARTESIAN_POINT('Ctrl Pts',(25.3475834361129,16.6971341688677,15.7741797857542));
#4085=CARTESIAN_POINT('Ctrl Pts',(21.9774832017551,20.3387669848569,15.800560727193));
#4086=CARTESIAN_POINT('Ctrl Pts',(18.6073829673976,23.9803998008457,15.8269416686319));
#4087=CARTESIAN_POINT('Ctrl Pts',(14.3127161744473,26.7664048989269,15.8533226100707));
#4088=CARTESIAN_POINT('Ctrl Pts',(9.61361599944721,28.3593652566968,15.8797035515096));
#4089=CARTESIAN_POINT('Ctrl Pts',(4.91451582444659,29.9523256144669,15.9060844929484));
#4090=CARTESIAN_POINT('Ctrl Pts',(-0.189017732603742,30.3522412319253,15.9324654343873));
#4091=CARTESIAN_POINT('Ctrl Pts',(-5.07888849600772,29.510677762346,15.9588463758261));
#4092=CARTESIAN_POINT('Ctrl Pts',(-9.96875925941141,28.6691142927667,15.985227317265));
#4093=CARTESIAN_POINT('Ctrl Pts',(-14.6449672291686,26.5860717361499,16.0116082587038));
#4094=CARTESIAN_POINT('Ctrl Pts',(-18.5411702365484,23.5138303261445,16.0379892001427));
#4095=CARTESIAN_POINT('Ctrl Pts',(-22.4373732439282,20.4415889161391,16.0643701415815));
#4096=CARTESIAN_POINT('Ctrl Pts',(-25.5535712889305,16.3801486527453,16.0907510830204));
#4097=CARTESIAN_POINT('Ctrl Pts',(-27.5123572137949,11.8213963172067,16.1171320244592));
#4098=CARTESIAN_POINT('Ctrl Pts',(-29.1109351247102,8.1009689379719,16.1386616820486));
#4099=CARTESIAN_POINT('Ctrl Pts',(-29.938642064306,4.0493168951683,16.160191339638));
#4100=CARTESIAN_POINT('Ctrl Pts',(-29.9427233854071,-0.000717768748690673,
16.1817209972274));
#4101=CARTESIAN_POINT('Origin',(0.,0.,0.));
#4102=CARTESIAN_POINT('',(-29.9399826774282,0.000480000264875269,17.3182790027725));
#4103=CARTESIAN_POINT('',(-29.9395624364276,0.000218889790717568,17.1817209972274));
#4104=CARTESIAN_POINT('',(-29.942,-3.66683744600701E-15,0.));
#4105=CARTESIAN_POINT('Ctrl Pts',(-29.9399826774282,0.000480000264875269,
17.3182790027725));
#4106=CARTESIAN_POINT('Ctrl Pts',(-29.9410881032233,1.91752027543939,17.3080908622321));
#4107=CARTESIAN_POINT('Ctrl Pts',(-29.7597845366796,3.83435429491379,17.2979027216916));
#4108=CARTESIAN_POINT('Ctrl Pts',(-29.3940519852366,5.7153270943319,17.2877145811511));
#4109=CARTESIAN_POINT('Ctrl Pts',(-28.4470323614333,10.5858756573758,17.2613336397123));
#4110=CARTESIAN_POINT('Ctrl Pts',(-26.2634393346205,15.2159792006455,17.2349526982734));
#4111=CARTESIAN_POINT('Ctrl Pts',(-23.1077318605957,19.0448910493262,17.2085717568346));
#4112=CARTESIAN_POINT('Ctrl Pts',(-19.9520243865707,22.8738028980072,17.1821908153957));
#4113=CARTESIAN_POINT('Ctrl Pts',(-15.8242024653335,25.9015230520992,17.1558098739569));
#4114=CARTESIAN_POINT('Ctrl Pts',(-11.2241919761643,27.7613538876766,17.129428932518));
#4115=CARTESIAN_POINT('Ctrl Pts',(-6.62418148699504,29.6211847232539,17.1030479910792));
#4116=CARTESIAN_POINT('Ctrl Pts',(-1.55198242989373,30.3131262403167,17.0766670496403));
#4117=CARTESIAN_POINT('Ctrl Pts',(3.37810373404049,29.753379647452,17.0502861082015));
#4118=CARTESIAN_POINT('Ctrl Pts',(8.30818989797416,29.1936330545874,17.0239051667626));
#4119=CARTESIAN_POINT('Ctrl Pts',(13.0961631687409,27.3821983517955,16.9975242253238));
#4120=CARTESIAN_POINT('Ctrl Pts',(17.1621454554474,24.5384592689049,16.9711432838849));
#4121=CARTESIAN_POINT('Ctrl Pts',(21.2281277421544,21.6947201860139,16.9447623424461));
#4122=CARTESIAN_POINT('Ctrl Pts',(24.572119044801,17.8186767230237,16.9183814010072));
#4123=CARTESIAN_POINT('Ctrl Pts',(26.7891237725459,13.3797628798041,16.8920004595684));
#4124=CARTESIAN_POINT('Ctrl Pts',(29.0061285002906,8.94084903658479,16.8656195181295));
#4125=CARTESIAN_POINT('Ctrl Pts',(30.0961466531336,3.93906481313673,16.8392385766907));
#4126=CARTESIAN_POINT('Ctrl Pts',(29.9271646253595,-1.01981708631968,16.8128576352518));
#4127=CARTESIAN_POINT('Ctrl Pts',(29.7581825975854,-5.97869898577581,16.786476693813));
#4128=CARTESIAN_POINT('Ctrl Pts',(28.3302003891941,-10.8946785612397,16.7600957523742));
#4129=CARTESIAN_POINT('Ctrl Pts',(25.8161629284557,-15.1723743210545,16.7337148109353));
#4130=CARTESIAN_POINT('Ctrl Pts',(23.302125467717,-19.4500700808698,16.7073338694965));
#4131=CARTESIAN_POINT('Ctrl Pts',(19.7020327546308,-23.0894820250361,16.6809529280576));
#4132=CARTESIAN_POINT('Ctrl Pts',(15.4518971253832,-25.6498359477126,16.6545719866188));
#4133=CARTESIAN_POINT('Ctrl Pts',(11.2017614961358,-28.210189870389,16.6281910451799));
#4134=CARTESIAN_POINT('Ctrl Pts',(6.3015829507269,-29.6914857715758,16.6018101037411));
#4135=CARTESIAN_POINT('Ctrl Pts',(1.34482904621249,-29.9143217399544,16.5754291623022));
#4136=CARTESIAN_POINT('Ctrl Pts',(-3.61192485830193,-30.137157708333,16.5490482208634));
#4137=CARTESIAN_POINT('Ctrl Pts',(-8.62525412192202,-29.1015337439033,16.5226672794245));
#4138=CARTESIAN_POINT('Ctrl Pts',(-13.0879873359121,-26.9328757666981,16.4962863379857));
#4139=CARTESIAN_POINT('Ctrl Pts',(-17.5507205499024,-24.7642177894928,16.4699053965468));
#4140=CARTESIAN_POINT('Ctrl Pts',(-21.4628577142629,-21.4625257995118,16.443524455108));
#4141=CARTESIAN_POINT('Ctrl Pts',(-24.3505943588709,-17.4276723703628,16.4171435136691));
#4142=CARTESIAN_POINT('Ctrl Pts',(-27.2383310034785,-13.3928189412142,16.3907625722303));
#4143=CARTESIAN_POINT('Ctrl Pts',(-29.101667128334,-8.62480407289756,16.3643816307914));
#4144=CARTESIAN_POINT('Ctrl Pts',(-29.7149314561171,-3.70108880732584,16.3380006893526));
#4145=CARTESIAN_POINT('Ctrl Pts',(-29.8677514618182,-2.4741428382437,16.3314267938259));
#4146=CARTESIAN_POINT('Ctrl Pts',(-29.9429467606315,-1.23752846633256,16.3248528982992));
#4147=CARTESIAN_POINT('Ctrl Pts',(-29.9417107655367,-0.000764801829318262,
16.3182790027726));
#4148=CARTESIAN_POINT('Ctrl Pts',(-29.9427233854071,-0.000717768748690673,
16.1817209972274));
#4149=CARTESIAN_POINT('Ctrl Pts',(-29.9436430306481,-0.913313227971272,
16.1865722810769));
#4150=CARTESIAN_POINT('Ctrl Pts',(-29.9027441256074,-1.82582656682415,16.1914235649263));
#4151=CARTESIAN_POINT('Ctrl Pts',(-29.819423111727,-2.73444978593616,16.1962748487757));
#4152=CARTESIAN_POINT('Ctrl Pts',(-29.366329280068,-7.67547914585704,16.2226557902146));
#4153=CARTESIAN_POINT('Ctrl Pts',(-27.6587678120235,-12.5014734580155,16.2490367316535));
#4154=CARTESIAN_POINT('Ctrl Pts',(-24.9035438949181,-16.6279497178592,16.2754176730923));
#4155=CARTESIAN_POINT('Ctrl Pts',(-22.1483199778127,-20.7544259777029,16.3017986145311));
#4156=CARTESIAN_POINT('Ctrl Pts',(-18.3454336116463,-24.1813841852318,16.32817955597));
#4157=CARTESIAN_POINT('Ctrl Pts',(-13.9554577490693,-26.4937805789759,16.3545604974088));
#4158=CARTESIAN_POINT('Ctrl Pts',(-9.56548188649225,-28.8061769727199,16.3809414388477));
#4159=CARTESIAN_POINT('Ctrl Pts',(-4.58841652750438,-30.0040115526791,16.4073223802865));
#4160=CARTESIAN_POINT('Ctrl Pts',(0.37295889465996,-29.9422128774718,16.4337033217254));
#4161=CARTESIAN_POINT('Ctrl Pts',(5.3343343168243,-29.8804142022645,16.4600842631642));
#4162=CARTESIAN_POINT('Ctrl Pts',(10.2800198021653,-28.5589822718908,16.4864652046031));
#4163=CARTESIAN_POINT('Ctrl Pts',(14.61103637862,-26.1379575771922,16.5128461460419));
#4164=CARTESIAN_POINT('Ctrl Pts',(18.9420529550748,-23.7169328824935,16.5392270874808));
#4165=CARTESIAN_POINT('Ctrl Pts',(22.6584006226434,-20.19631542347,16.5656080289196));
#4166=CARTESIAN_POINT('Ctrl Pts',(25.3099872526579,-16.002492168435,16.5919889703585));
#4167=CARTESIAN_POINT('Ctrl Pts',(27.9615738826728,-11.8086689133995,16.6183699117973));
#4168=CARTESIAN_POINT('Ctrl Pts',(29.5483994751331,-6.9416398623531,16.6447508532362));
#4169=CARTESIAN_POINT('Ctrl Pts',(29.8782813361641,-1.9908577903151,16.671131794675));
#4170=CARTESIAN_POINT('Ctrl Pts',(30.2081631971951,2.95992428172206,16.6975127361139));
#4171=CARTESIAN_POINT('Ctrl Pts',(29.281101326797,7.99445937475005,16.7238936775527));
#4172=CARTESIAN_POINT('Ctrl Pts',(27.2093734997214,12.5030078050951,16.7502746189916));
#4173=CARTESIAN_POINT('Ctrl Pts',(25.1376456726455,17.0115562354408,16.7766555604304));
#4174=CARTESIAN_POINT('Ctrl Pts',(21.9212518888917,20.9941180031035,16.8030365018692));
#4175=CARTESIAN_POINT('Ctrl Pts',(17.949734156106,23.9683594315014,16.8294174433081));
#4176=CARTESIAN_POINT('Ctrl Pts',(13.9782164233205,26.9426008598991,16.8557983847469));
#4177=CARTESIAN_POINT('Ctrl Pts',(9.25157474150295,28.9085219490322,16.8821793261858));
#4178=CARTESIAN_POINT('Ctrl Pts',(4.3422593736944,29.6280271769592,16.9085602676246));
#4179=CARTESIAN_POINT('Ctrl Pts',(-0.56705599411414,30.3475324048862,16.9349412090635));
#4180=CARTESIAN_POINT('Ctrl Pts',(-5.65904504791385,29.8206217716072,16.9613221505023));
#4181=CARTESIAN_POINT('Ctrl Pts',(-10.3170097755764,28.1111102369249,16.9877030919412));
#4182=CARTESIAN_POINT('Ctrl Pts',(-14.974974503239,26.4015987022426,17.01408403338));
#4183=CARTESIAN_POINT('Ctrl Pts',(-19.1989149047646,23.5094862661569,17.0404649748189));
#4184=CARTESIAN_POINT('Ctrl Pts',(-22.4772635914488,19.7850406334916,17.0668459162577));
#4185=CARTESIAN_POINT('Ctrl Pts',(-25.7556122781329,16.0605950008263,17.0932268576966));
#4186=CARTESIAN_POINT('Ctrl Pts',(-28.0883692499757,11.5038161715813,17.1196077991354));
#4187=CARTESIAN_POINT('Ctrl Pts',(-29.1930109794349,6.66658232531529,17.1459887405743));
#4188=CARTESIAN_POINT('Ctrl Pts',(-29.6917465518345,4.48261577144509,17.157899492792));
#4189=CARTESIAN_POINT('Ctrl Pts',(-29.940138277171,2.2414801625333,17.1698102450097));
#4190=CARTESIAN_POINT('Ctrl Pts',(-29.9395624364276,0.000218889790717568,
17.1817209972274));
#4191=CARTESIAN_POINT('Origin',(0.,0.,-11.848589891905));
#4192=CARTESIAN_POINT('',(-29.363021552424,0.000470750376707176,17.651410108095));
#4193=CARTESIAN_POINT('',(-29.3669783049361,0.000570604036308209,17.848589891905));
#4194=CARTESIAN_POINT('',(-29.365,2.32932791513647E-12,-11.848589891905));
#4195=CARTESIAN_POINT('',(17.0499494369459,-23.9086981601719,18.));
#4196=CARTESIAN_POINT('Ctrl Pts',(-29.363021552424,0.000470750376706935,
17.651410108095));
#4197=CARTESIAN_POINT('Ctrl Pts',(-29.3612984708331,-2.98771427455019,17.6676029089933));
#4198=CARTESIAN_POINT('Ctrl Pts',(-28.168623327443,-10.8455255763027,17.7101766513306));
#4199=CARTESIAN_POINT('Ctrl Pts',(-21.2664134293068,-22.0063199001649,17.7791313351066));
#4200=CARTESIAN_POINT('Ctrl Pts',(-8.19316972509397,-29.4858667915403,17.8582741594232));
#4201=CARTESIAN_POINT('Ctrl Pts',(5.81439386948187,-29.7994396871477,17.9318970477209));
#4202=CARTESIAN_POINT('Ctrl Pts',(13.9140176885362,-26.1400632871254,17.9791389945799));
#4203=CARTESIAN_POINT('Ctrl Pts',(17.0499494369459,-23.9086981601719,18.));
#4204=CARTESIAN_POINT('',(-17.0491548275311,-23.9087754740152,18.));
#4205=CARTESIAN_POINT('Origin',(0.,0.,18.));
#4206=CARTESIAN_POINT('Ctrl Pts',(-29.3669783049361,0.000570604036307862,
17.848589891905));
#4207=CARTESIAN_POINT('Ctrl Pts',(-29.3639428004279,-4.44338556857291,17.8726789864978));
#4208=CARTESIAN_POINT('Ctrl Pts',(-27.2202886441513,-13.7579301906685,17.9231490225295));
#4209=CARTESIAN_POINT('Ctrl Pts',(-21.0121860309689,-21.0827699076833,17.9736190585612));
#4210=CARTESIAN_POINT('Ctrl Pts',(-17.0491548275311,-23.9087754740152,18.));
#4211=CARTESIAN_POINT('Origin',(0.,0.,-11.848589891905));
#4212=CARTESIAN_POINT('',(-29.3647163392554,-0.000750063644435712,16.651410108095));
#4213=CARTESIAN_POINT('',(-29.3626094097154,0.000214671657901011,16.848589891905));
#4214=CARTESIAN_POINT('',(-29.365,2.32932791513647E-12,-11.848589891905));
#4215=CARTESIAN_POINT('Ctrl Pts',(-29.3647163392554,-0.000750063644435195,
16.651410108095));
#4216=CARTESIAN_POINT('Ctrl Pts',(-29.3659285159959,-1.21368056288172,16.6579840036216));
#4217=CARTESIAN_POINT('Ctrl Pts',(-28.9962397460868,-7.2933484838655,16.6909388405872));
#4218=CARTESIAN_POINT('Ctrl Pts',(-24.886003760963,-17.8108638306356,16.7502746189916));
#4219=CARTESIAN_POINT('Ctrl Pts',(-13.3757598395713,-27.5250631445542,16.8294174433081));
#4220=CARTESIAN_POINT('Ctrl Pts',(1.37439851586948,-30.5720637840049,16.9085602676247));
#4221=CARTESIAN_POINT('Ctrl Pts',(15.7916461599077,-26.213812417528,16.9877030919412));
#4222=CARTESIAN_POINT('Ctrl Pts',(26.3837965693429,-15.5059774291739,17.0668459162577));
#4223=CARTESIAN_POINT('Ctrl Pts',(30.5851890163486,-1.04224018047607,17.1459887405743));
#4224=CARTESIAN_POINT('Ctrl Pts',(27.3781504359356,13.6739504936513,17.2251315648908));
#4225=CARTESIAN_POINT('Ctrl Pts',(17.5394985821303,25.0779999516732,17.3042743892074));
#4226=CARTESIAN_POINT('Ctrl Pts',(3.4523799765521,30.4075818146899,17.3834172135239));
#4227=CARTESIAN_POINT('Ctrl Pts',(-11.4709843924051,28.3717596269388,17.4625600378404));
#4228=CARTESIAN_POINT('Ctrl Pts',(-23.6158134669953,19.4636370240824,17.541702862157));
#4229=CARTESIAN_POINT('Ctrl Pts',(-28.7258794041378,8.62822304749516,17.6046528855752));
#4230=CARTESIAN_POINT('Ctrl Pts',(-29.364105676012,1.88056852876493,17.6412219675545));
#4231=CARTESIAN_POINT('Ctrl Pts',(-29.363021552424,0.000470750376706935,
17.651410108095));
#4232=CARTESIAN_POINT('Ctrl Pts',(-29.3626094097154,0.000214671657901289,
16.848589891905));
#4233=CARTESIAN_POINT('Ctrl Pts',(-29.3619233109952,-2.67018770790549,16.8630600811261));
#4234=CARTESIAN_POINT('Ctrl Pts',(-28.3425860158607,-10.2095768355525,16.9039112117861));
#4235=CARTESIAN_POINT('Ctrl Pts',(-21.9696317000353,-21.3043510949182,16.9711432838849));
#4236=CARTESIAN_POINT('Ctrl Pts',(-9.14610574551831,-29.2042584167363,17.0502861082015));
#4237=CARTESIAN_POINT('Ctrl Pts',(5.89281510903395,-30.0302340611888,17.129428932518));
#4238=CARTESIAN_POINT('Ctrl Pts',(19.5043630014444,-23.5821889685758,17.2085717568346));
#4239=CARTESIAN_POINT('Ctrl Pts',(28.3915061784298,-11.4220229135515,17.2877145811511));
#4240=CARTESIAN_POINT('Ctrl Pts',(30.4015834197661,3.50486293603539,17.3668574054677));
#4241=CARTESIAN_POINT('Ctrl Pts',(25.0476933133022,17.5827050604151,17.4460002297842));
#4242=CARTESIAN_POINT('Ctrl Pts',(13.6266985184479,27.4017783353235,17.5251430541007));
#4243=CARTESIAN_POINT('Ctrl Pts',(-1.0950290987276,30.583203021617,17.6042858784173));
#4244=CARTESIAN_POINT('Ctrl Pts',(-15.5514482745506,26.3572732054382,17.6834287027338));
#4245=CARTESIAN_POINT('Ctrl Pts',(-26.2410806415571,15.7458721866132,17.7625715270504));
#4246=CARTESIAN_POINT('Ctrl Pts',(-29.2553579233429,5.71271935335967,17.8176252567741));
#4247=CARTESIAN_POINT('Ctrl Pts',(-29.3672671041439,0.42337051039423,17.846298045059));
#4248=CARTESIAN_POINT('Ctrl Pts',(-29.3669783049361,0.000570604036307862,
17.848589891905));
#4249=CARTESIAN_POINT('Origin',(0.,0.,-11.848589891905));
#4250=CARTESIAN_POINT('',(-29.3666672529489,0.00052447250253368,15.651410108095));
#4251=CARTESIAN_POINT('',(-29.3657094453436,-0.00070393691817161,15.848589891905));
#4252=CARTESIAN_POINT('',(-29.365,2.32932791513647E-12,-11.848589891905));
#4253=CARTESIAN_POINT('Ctrl Pts',(-29.3666672529489,0.000524472502533291,
15.651410108095));
#4254=CARTESIAN_POINT('Ctrl Pts',(-29.363088890698,-4.30429578260615,15.6747460396888));
#4255=CARTESIAN_POINT('Ctrl Pts',(-27.3215308765542,-13.4789368306813,15.7244629127215));
#4256=CARTESIAN_POINT('Ctrl Pts',(-18.1198316710696,-24.6619495075423,15.8005607271931));
#4257=CARTESIAN_POINT('Ctrl Pts',(-4.16089487391427,-30.3187566886916,15.8797035515096));
#4258=CARTESIAN_POINT('Ctrl Pts',(10.8059056632574,-28.6316687620177,15.9588463758261));
#4259=CARTESIAN_POINT('Ctrl Pts',(23.1552691283452,-20.0093369428628,16.0379892001427));
#4260=CARTESIAN_POINT('Ctrl Pts',(29.8958977294518,-6.5402868630782,16.1171320244592));
#4261=CARTESIAN_POINT('Ctrl Pts',(29.3950573173315,8.5129700229882,16.1962748487758));
#4262=CARTESIAN_POINT('Ctrl Pts',(21.7740628750369,21.5041912009461,16.2754176730923));
#4263=CARTESIAN_POINT('Ctrl Pts',(8.87889325894403,29.2866062871216,16.3545604974089));
#4264=CARTESIAN_POINT('Ctrl Pts',(-6.16694702724008,29.9751366572742,16.4337033217254));
#4265=CARTESIAN_POINT('Ctrl Pts',(-19.7190119399129,23.4030045395505,16.5128461460419));
#4266=CARTESIAN_POINT('Ctrl Pts',(-27.7657423480978,12.1789026337309,16.5854150748318));
#4267=CARTESIAN_POINT('Ctrl Pts',(-29.3610640694172,3.65379083819092,16.6316030621828));
#4268=CARTESIAN_POINT('Ctrl Pts',(-29.3647163392554,-0.000750063644435195,
16.651410108095));
#4269=CARTESIAN_POINT('Ctrl Pts',(-29.3657094453436,-0.000703936918172027,
15.848589891905));
#4270=CARTESIAN_POINT('Ctrl Pts',(-29.3666113684785,-0.895713143387498,
15.8534411757545));
#4271=CARTESIAN_POINT('Ctrl Pts',(-29.1083811141759,-6.65720116642245,15.8846734010428));
#4272=CARTESIAN_POINT('Ctrl Pts',(-25.4511112915284,-16.9935572463816,15.9422865677699));
#4273=CARTESIAN_POINT('Ctrl Pts',(-14.2623037827641,-27.0763133512596,16.0214293920864));
#4274=CARTESIAN_POINT('Ctrl Pts',(0.381159339272905,-30.6005681545964,16.100572216403));
#4275=CARTESIAN_POINT('Ctrl Pts',(14.9322969663889,-26.7126666815392,16.1797150407195));
#4276=CARTESIAN_POINT('Ctrl Pts',(25.8664913346498,-16.3543474292288,16.258857865036));
#4277=CARTESIAN_POINT('Ctrl Pts',(30.5352309167684,-2.03463183735244,16.3380006893526));
#4278=CARTESIAN_POINT('Ctrl Pts',(27.8076403926641,12.7779180597931,16.4171435136692));
#4279=CARTESIAN_POINT('Ctrl Pts',(18.3444044571965,24.4953644201638,16.4962863379857));
#4280=CARTESIAN_POINT('Ctrl Pts',(4.4377349307884,30.2794743108584,16.5754291623022));
#4281=CARTESIAN_POINT('Ctrl Pts',(-10.5438553335387,28.729204047058,16.6545719866188));
#4282=CARTESIAN_POINT('Ctrl Pts',(-22.9714830695748,20.2200648760953,16.7337148109353));
#4283=CARTESIAN_POINT('Ctrl Pts',(-28.5800119692757,9.26443338003898,16.7983874460307));
#4284=CARTESIAN_POINT('Ctrl Pts',(-29.3631741536677,2.19828551776241,16.8366791396873));
#4285=CARTESIAN_POINT('Ctrl Pts',(-29.3626094097154,0.000214671657901289,
16.848589891905));
#4286=CARTESIAN_POINT('Origin',(0.,0.,-11.848589891905));
#4287=CARTESIAN_POINT('',(-29.3625313361933,8.93010009211894E-5,14.651410108095));
#4288=CARTESIAN_POINT('',(-29.3657571291032,0.000698507530838555,14.848589891905));
#4289=CARTESIAN_POINT('',(-29.365,2.32932791513647E-12,-11.848589891905));
#4290=CARTESIAN_POINT('Ctrl Pts',(-29.3625313361933,8.93010009209161E-5,
14.651410108095));
#4291=CARTESIAN_POINT('Ctrl Pts',(-29.3622615782327,-2.53133985691535,14.6651271343171));
#4292=CARTESIAN_POINT('Ctrl Pts',(-28.4150472255877,-9.9314775310236,14.7052251019781));
#4293=CARTESIAN_POINT('Ctrl Pts',(-22.2698608481316,-20.9903156504408,14.771704011078));
#4294=CARTESIAN_POINT('Ctrl Pts',(-9.55977700271247,-29.0714760024099,14.8508468353945));
#4295=CARTESIAN_POINT('Ctrl Pts',(5.46590310159214,-30.1108611066553,14.929989659711));
#4296=CARTESIAN_POINT('Ctrl Pts',(19.1676166771918,-23.8567081596881,15.0091324840276));
#4297=CARTESIAN_POINT('Ctrl Pts',(28.2264958585515,-11.8239158000834,15.0882753083441));
#4298=CARTESIAN_POINT('Ctrl Pts',(30.4482732756164,3.07289892994698,15.1674181326607));
#4299=CARTESIAN_POINT('Ctrl Pts',(25.2947837103516,17.2253873787156,15.2465609569772));
#4300=CARTESIAN_POINT('Ctrl Pts',(14.0143199999381,27.2054937143147,15.3257037812938));
#4301=CARTESIAN_POINT('Ctrl Pts',(-0.660731989414643,30.5958083164746,15.4048466056103));
#4302=CARTESIAN_POINT('Ctrl Pts',(-15.1757396050983,26.5751195808884,15.4839894299269));
#4303=CARTESIAN_POINT('Ctrl Pts',(-26.0148365959406,16.117330119682,15.5631322542434));
#4304=CARTESIAN_POINT('Ctrl Pts',(-29.2145641119684,5.99024616876715,15.6189391469661));
#4305=CARTESIAN_POINT('Ctrl Pts',(-29.3671341787384,0.562242782529142,15.64836509825));
#4306=CARTESIAN_POINT('Ctrl Pts',(-29.3666672529489,0.000524472502533291,
15.651410108095));
#4307=CARTESIAN_POINT('Ctrl Pts',(-29.3657571291032,0.000698507530838832,
14.848589891905));
#4308=CARTESIAN_POINT('Ctrl Pts',(-29.3617536714988,-3.98670571160363,14.8702032118216));
#4309=CARTESIAN_POINT('Ctrl Pts',(-27.5447506968387,-12.8446214902491,14.918197473177));
#4310=CARTESIAN_POINT('Ctrl Pts',(-18.9109246287359,-24.0606937463043,14.9925726759714));
#4311=CARTESIAN_POINT('Ctrl Pts',(-5.1429927371812,-30.1676926458171,15.0717155002879));
#4312=CARTESIAN_POINT('Ctrl Pts',(9.87068942012897,-28.967387597754,15.1508583246045));
#4313=CARTESIAN_POINT('Ctrl Pts',(22.493465232303,-20.7505198901226,15.230001148921));
#4314=CARTESIAN_POINT('Ctrl Pts',(29.6678101944153,-7.50740248923113,15.3091439732375));
#4315=CARTESIAN_POINT('Ctrl Pts',(29.6559341519975,7.55417920356128,15.3882867975541));
#4316=CARTESIAN_POINT('Ctrl Pts',(22.4607137536785,20.7859662162401,15.4674296218706));
#4317=CARTESIAN_POINT('Ctrl Pts',(9.82499566120005,28.982917626149,15.5465724461872));
#4318=CARTESIAN_POINT('Ctrl Pts',(-5.19056070471858,30.15954464906,15.6257152705037));
#4319=CARTESIAN_POINT('Ctrl Pts',(-18.948844757079,24.0308413551862,15.7048580948203));
#4320=CARTESIAN_POINT('Ctrl Pts',(-27.5552803653039,12.8137994346285,15.7791496352873));
#4321=CARTESIAN_POINT('Ctrl Pts',(-29.3617067737069,3.97128417028538,15.8270602343156));
#4322=CARTESIAN_POINT('Ctrl Pts',(-29.3657094453436,-0.000703936918172027,
15.848589891905));
#4323=CARTESIAN_POINT('Origin',(0.,0.,-11.848589891905));
#4324=CARTESIAN_POINT('',(-29.3661302076417,-0.000644672627151449,13.651410108095));
#4325=CARTESIAN_POINT('',(-29.3625975713927,-0.000200918692034868,13.848589891905));
#4326=CARTESIAN_POINT('',(-29.365,2.32932791513647E-12,-11.848589891905));
#4327=CARTESIAN_POINT('Ctrl Pts',(-29.3661302076417,-0.000644672627150289,
13.651410108095));
#4328=CARTESIAN_POINT('Ctrl Pts',(-29.3668555000659,-0.756672207976478,
13.6555082289454));
#4329=CARTESIAN_POINT('Ctrl Pts',(-29.1540679603788,-6.37908846529833,13.6859872912348));
#4330=CARTESIAN_POINT('Ctrl Pts',(-25.6897923332368,-16.6305328590352,13.7428472949629));
#4331=CARTESIAN_POINT('Ctrl Pts',(-14.6452502973518,-26.8711126868279,13.8219901192795));
#4332=CARTESIAN_POINT('Ctrl Pts',(-0.0532942590935007,-30.6028955006259,
13.901132943596));
#4333=CARTESIAN_POINT('Ctrl Pts',(14.5515708655317,-26.9219582988625,13.9802757679125));
#4334=CARTESIAN_POINT('Ctrl Pts',(25.6317132850594,-16.7199081149627,14.0594185922291));
#4335=CARTESIAN_POINT('Ctrl Pts',(30.5032695236678,-2.46791443667702,14.1385614165456));
#4336=CARTESIAN_POINT('Ctrl Pts',(27.9862374329945,12.3818644655943,14.2177042408622));
#4337=CARTESIAN_POINT('Ctrl Pts',(18.6902996542767,24.2324730915692,14.2968470651787));
#4338=CARTESIAN_POINT('Ctrl Pts',(4.86714456237161,30.2134234589406,14.3759898894953));
#4339=CARTESIAN_POINT('Ctrl Pts',(-10.1349440691849,28.8759928316722,14.4551327138118));
#4340=CARTESIAN_POINT('Ctrl Pts',(-22.6821178461417,20.5441374439042,14.5342755381284));
#4341=CARTESIAN_POINT('Ctrl Pts',(-28.5127314249671,9.54258395553548,14.5997013362227));
#4342=CARTESIAN_POINT('Ctrl Pts',(-29.3627803837556,2.33717051042041,14.6387461928783));
#4343=CARTESIAN_POINT('Ctrl Pts',(-29.3625313361933,8.93010009209161E-5,
14.651410108095));
#4344=CARTESIAN_POINT('Ctrl Pts',(-29.3625975713927,-0.000200918692033758,
13.848589891905));
#4345=CARTESIAN_POINT('Ctrl Pts',(-29.3631297477121,-2.21371383880295,13.8605843064499));
#4346=CARTESIAN_POINT('Ctrl Pts',(-28.5726441189976,-9.29533156527144,13.8989596624337));
#4347=CARTESIAN_POINT('Ctrl Pts',(-22.9395675360282,-20.2562655770301,13.9637159598563));
#4348=CARTESIAN_POINT('Ctrl Pts',(-10.4985363452461,-28.7457960139344,14.0428587841728));
#4349=CARTESIAN_POINT('Ctrl Pts',(4.48548005093675,-30.2724383322492,14.1220016084894));
#4350=CARTESIAN_POINT('Ctrl Pts',(18.3830107663022,-24.4664049061811,14.2011444328059));
#4351=CARTESIAN_POINT('Ctrl Pts',(27.8277565531673,-12.7340495948788,14.2802872571225));
#4352=CARTESIAN_POINT('Ctrl Pts',(30.5319843395175,2.08278327212302,14.359430081439));
#4353=CARTESIAN_POINT('Ctrl Pts',(25.8406684125703,16.3951184765091,14.4385729057556));
#4354=CARTESIAN_POINT('Ctrl Pts',(14.8901526019575,26.7361816525396,14.5177157300721));
#4355=CARTESIAN_POINT('Ctrl Pts',(0.332901859186349,30.6011311918257,14.5968585543887));
#4356=CARTESIAN_POINT('Ctrl Pts',(-14.3049853146952,27.0537880714243,14.6760013787052));
#4357=CARTESIAN_POINT('Ctrl Pts',(-25.4778784339328,16.9533997880343,14.7551442030217));
#4358=CARTESIAN_POINT('Ctrl Pts',(-29.1135561185797,6.62630723945136,14.8126737074217));
#4359=CARTESIAN_POINT('Ctrl Pts',(-29.3666402405693,0.880268802440906,14.8438222703828));
#4360=CARTESIAN_POINT('Ctrl Pts',(-29.3657571291032,0.000698507530838832,
14.848589891905));
#4361=CARTESIAN_POINT('Origin',(0.,0.,-11.848589891905));
#4362=CARTESIAN_POINT('',(-29.3653233007223,0.000736778934229375,12.651410108095));
#4363=CARTESIAN_POINT('',(-29.3669598154713,-0.00042779769885648,12.848589891905));
#4364=CARTESIAN_POINT('',(-29.365,2.32932791513647E-12,-11.848589891905));
#4365=CARTESIAN_POINT('Ctrl Pts',(-29.3653233007223,0.000736778934230103,
12.651410108095));
#4366=CARTESIAN_POINT('Ctrl Pts',(-29.3613860171679,-3.84788161017279,12.6722702650126));
#4367=CARTESIAN_POINT('Ctrl Pts',(-27.6385116690788,-12.567102928923,12.7195113633691));
#4368=CARTESIAN_POINT('Ctrl Pts',(-19.2505920135712,-23.7898037072043,12.7931334031644));
#4369=CARTESIAN_POINT('Ctrl Pts',(-5.57074441462997,-30.0916410314751,12.8722762274809));
#4370=CARTESIAN_POINT('Ctrl Pts',(9.4584646727712,-29.1045958455744,12.9514190517975));
#4371=CARTESIAN_POINT('Ctrl Pts',(22.1966176607617,-21.067753029743,13.030561876114));
#4372=CARTESIAN_POINT('Ctrl Pts',(29.5582430581411,-7.92781941117093,13.1097047004306));
#4373=CARTESIAN_POINT('Ctrl Pts',(29.7601871130333,7.13241307675952,13.1888475247471));
#4374=CARTESIAN_POINT('Ctrl Pts',(22.7535343645568,20.4650122702435,13.2679903490637));
#4375=CARTESIAN_POINT('Ctrl Pts',(10.2354560842881,28.8405182347144,13.3471331733802));
#4376=CARTESIAN_POINT('Ctrl Pts',(-4.76188335552844,30.2301921960252,13.4262759976968));
#4377=CARTESIAN_POINT('Ctrl Pts',(-18.6057859233152,24.2974233917106,13.5054188220133));
#4378=CARTESIAN_POINT('Ctrl Pts',(-27.4594519384608,13.0912239226688,13.5804635254794));
#4379=CARTESIAN_POINT('Ctrl Pts',(-29.3621865560142,4.11012378559128,13.6291272875066));
#4380=CARTESIAN_POINT('Ctrl Pts',(-29.3661302076417,-0.000644672627150289,
13.651410108095));
#4381=CARTESIAN_POINT('Ctrl Pts',(-29.3669598154713,-0.000427797698856688,
12.848589891905));
#4382=CARTESIAN_POINT('Ctrl Pts',(-29.3672709734294,-0.43862949162298,12.8509654010782));
#4383=CARTESIAN_POINT('Ctrl Pts',(-29.2509813796793,-5.74306400075108,12.8797218516903));
#4384=CARTESIAN_POINT('Ctrl Pts',(-26.2161570099039,-15.7877536558956,12.9348592437412));
#4385=CARTESIAN_POINT('Ctrl Pts',(-15.5098947243652,-26.3814938831425,13.0140020680578));
#4386=CARTESIAN_POINT('Ctrl Pts',(-1.04678181466905,-30.585033949624,13.0931448923743));
#4387=CARTESIAN_POINT('Ctrl Pts',(13.6698855506624,-27.3801804760117,13.1722877166909));
#4388=CARTESIAN_POINT('Ctrl Pts',(25.0753945247967,-17.5432221468285,13.2514305410074));
#4389=CARTESIAN_POINT('Ctrl Pts',(30.4070704236175,-3.45689486683526,13.3305733653239));
#4390=CARTESIAN_POINT('Ctrl Pts',(28.3734596116058,11.4667712777291,13.4097161896405));
#4391=CARTESIAN_POINT('Ctrl Pts',(19.4671490588335,23.6129236095053,13.488859013957));
#4392=CARTESIAN_POINT('Ctrl Pts',(5.8454505300645,30.0394867127877,13.5680018382736));
#4393=CARTESIAN_POINT('Ctrl Pts',(-9.19214958041255,29.1898002726723,13.6471446625901));
#4394=CARTESIAN_POINT('Ctrl Pts',(-22.0032011873546,21.2696777449959,13.7262874869067));
#4395=CARTESIAN_POINT('Ctrl Pts',(-28.3507426705279,10.1786868220792,13.7934358966783));
#4396=CARTESIAN_POINT('Ctrl Pts',(-29.3619592602102,2.65476511037123,13.8342033650111));
#4397=CARTESIAN_POINT('Ctrl Pts',(-29.3625975713927,-0.000200918692033758,
13.848589891905));
#4398=CARTESIAN_POINT('Origin',(0.,0.,-11.848589891905));
#4399=CARTESIAN_POINT('',(-29.3627321700006,-0.000321030739937015,11.651410108095));
#4400=CARTESIAN_POINT('',(-29.3643438272274,0.000734543004381472,11.848589891905));
#4401=CARTESIAN_POINT('',(-29.365,2.32932791513647E-12,-11.848589891905));
#4402=CARTESIAN_POINT('Ctrl Pts',(-29.3627321700006,-0.000321030739937195,
11.651410108095));
#4403=CARTESIAN_POINT('Ctrl Pts',(-29.3635336440692,-2.07481403541878,11.6626513596409));
#4404=CARTESIAN_POINT('Ctrl Pts',(-28.6380237954693,-9.01716961154722,11.7002735526257));
#4405=CARTESIAN_POINT('Ctrl Pts',(-23.2248200962673,-19.9285670532605,11.7642766870493));
#4406=CARTESIAN_POINT('Ctrl Pts',(-10.90556264142,-28.5938587248092,11.8434195113659));
#4407=CARTESIAN_POINT('Ctrl Pts',(4.05527108098543,-30.3330649582268,11.9225623356824));
#4408=CARTESIAN_POINT('Ctrl Pts',(18.0338255576271,-24.7249102942228,12.001705159999));
#4409=CARTESIAN_POINT('Ctrl Pts',(27.6441757359064,-13.1278178378058,12.0808479843155));
#4410=CARTESIAN_POINT('Ctrl Pts',(30.5584753791284,1.6491318332645,12.1599908086321));
#4411=CARTESIAN_POINT('Ctrl Pts',(26.0708145744158,16.0266241213399,12.2391336329486));
#4412=CARTESIAN_POINT('Ctrl Pts',(15.2682072309413,26.5221021273449,12.3182764572652));
#4413=CARTESIAN_POINT('Ctrl Pts',(0.767291492425517,30.5933214454713,12.3974192815817));
#4414=CARTESIAN_POINT('Ctrl Pts',(-13.9194797643552,27.2541398027894,12.4765621058982));
#4415=CARTESIAN_POINT('Ctrl Pts',(-25.2346352126471,17.313383233352,12.5557049302148));
#4416=CARTESIAN_POINT('Ctrl Pts',(-29.0660651354562,6.90443400835465,12.6139875976137));
#4417=CARTESIAN_POINT('Ctrl Pts',(-29.3663653299932,1.0193002017587,12.6458893235738));
#4418=CARTESIAN_POINT('Ctrl Pts',(-29.3653233007223,0.000736778934230103,
12.651410108095));
#4419=CARTESIAN_POINT('Ctrl Pts',(-29.3643438272274,0.000734543004381472,
11.848589891905));
#4420=CARTESIAN_POINT('Ctrl Pts',(-29.3609642083416,-3.53040748822899,11.8677274371454));
#4421=CARTESIAN_POINT('Ctrl Pts',(-27.8442983045477,-11.9320233182552,11.9132459238246));
#4422=CARTESIAN_POINT('Ctrl Pts',(-20.0127749222344,-23.152297807759,11.9851453519427));
#4423=CARTESIAN_POINT('Ctrl Pts',(-6.54472586427719,-29.89492627903,12.0642881762593));
#4424=CARTESIAN_POINT('Ctrl Pts',(8.50860522718888,-29.3963210445632,12.1434310005758));
#4425=CARTESIAN_POINT('Ctrl Pts',(21.5009578641553,-21.7772556763013,12.2225738248924));
#4426=CARTESIAN_POINT('Ctrl Pts',(29.2852875965534,-8.8832417649376,12.3017166492089));
#4427=CARTESIAN_POINT('Ctrl Pts',(29.97605203138,6.16249612406985,12.3808594735254));
#4428=CARTESIAN_POINT('Ctrl Pts',(23.4059322509865,19.7155367497162,12.460002297842));
#4429=CARTESIAN_POINT('Ctrl Pts',(11.1663612751587,28.4930242294463,12.5391451221585));
#4430=CARTESIAN_POINT('Ctrl Pts',(-3.77795735187323,30.3688506880752,12.6182879464751));
#4431=CARTESIAN_POINT('Ctrl Pts',(-17.8071684499592,24.8886481284532,12.6974307707916));
#4432=CARTESIAN_POINT('Ctrl Pts',(-27.2314492085092,13.7252888326399,12.7741980859349));
#4433=CARTESIAN_POINT('Ctrl Pts',(-29.3638154448365,4.42776856573203,12.8245844596394));
#4434=CARTESIAN_POINT('Ctrl Pts',(-29.3669598154713,-0.000427797698856688,
12.848589891905));
#4435=CARTESIAN_POINT('Origin',(0.,0.,-11.848589891905));
#4436=CARTESIAN_POINT('',(-29.3672257930683,-0.000303445923510715,10.651410108095));
#4437=CARTESIAN_POINT('',(-29.363262497824,-0.000556452899588278,10.848589891905));
#4438=CARTESIAN_POINT('',(-29.365,2.32932791513647E-12,-11.848589891905));
#4439=CARTESIAN_POINT('Ctrl Pts',(-29.3672257930683,-0.000303445923508401,
10.651410108095));
#4440=CARTESIAN_POINT('Ctrl Pts',(-29.3673856158668,-0.299563981165857,
10.6530324542692));
#4441=CARTESIAN_POINT('Ctrl Pts',(-29.2900610757134,-5.46501185240276,10.6810357418823));
#4442=CARTESIAN_POINT('Ctrl Pts',(-26.4376429926435,-15.4139899537339,10.7354199709343));
#4443=CARTESIAN_POINT('Ctrl Pts',(-15.8828516421277,-26.1586520488813,10.8145627952508));
#4444=CARTESIAN_POINT('Ctrl Pts',(-1.4808709866199,-30.5670913634463,10.8937056195674));
#4445=CARTESIAN_POINT('Ctrl Pts',(13.2798104330936,-27.5714832419545,10.9728484438839));
#4446=CARTESIAN_POINT('Ctrl Pts',(24.8238185612801,-17.8974323671562,11.0519912682004));
#4447=CARTESIAN_POINT('Ctrl Pts',(30.3549310564992,-3.88821473885687,11.131134092517));
#4448=CARTESIAN_POINT('Ctrl Pts',(28.5333861860485,11.0628172749125,11.2102769168335));
#4449=CARTESIAN_POINT('Ctrl Pts',(19.8004037070635,23.3341823584541,11.2894197411501));
#4450=CARTESIAN_POINT('Ctrl Pts',(6.27131136741038,29.9534757087265,11.3685625654666));
#4451=CARTESIAN_POINT('Ctrl Pts',(-8.77683577201095,29.3173533445882,11.4477053897832));
#4452=CARTESIAN_POINT('Ctrl Pts',(-21.6990328947369,21.5798986265787,11.5268482140997));
#4453=CARTESIAN_POINT('Ctrl Pts',(-28.2763412591408,10.4567593940322,11.5947497868703));
#4454=CARTESIAN_POINT('Ctrl Pts',(-29.3616527466992,2.79360103812325,11.6362704182021));
#4455=CARTESIAN_POINT('Ctrl Pts',(-29.3627321700006,-0.000321030739937195,
11.651410108095));
#4456=CARTESIAN_POINT('Ctrl Pts',(-29.363262497824,-0.000556452899586751,
10.848589891905));
#4457=CARTESIAN_POINT('Ctrl Pts',(-29.3644669584439,-1.75706286834907,10.8581085317737));
#4458=CARTESIAN_POINT('Ctrl Pts',(-28.779585658306,-8.38093972687526,10.8940081130813));
#4459=CARTESIAN_POINT('Ctrl Pts',(-23.8595539940123,-19.1640741251434,10.9562886358277));
#4460=CARTESIAN_POINT('Ctrl Pts',(-11.8281068647238,-28.2247398901009,11.0354314601442));
#4461=CARTESIAN_POINT('Ctrl Pts',(3.06837780653699,-30.4487292264148,11.1145742844607));
#4462=CARTESIAN_POINT('Ctrl Pts',(17.2216313158524,-25.2973411387053,11.1937171087773));
#4463=CARTESIAN_POINT('Ctrl Pts',(27.2034125161821,-14.0183594383082,11.2728599330938));
#4464=CARTESIAN_POINT('Ctrl Pts',(30.5959060967777,0.656188985229457,11.3520027574104));
#4465=CARTESIAN_POINT('Ctrl Pts',(26.577372655006,15.1717934544378,11.4311455817269));
#4466=CARTESIAN_POINT('Ctrl Pts',(16.1211927416193,26.012443146593,11.5102884060435));
#4467=CARTESIAN_POINT('Ctrl Pts',(1.76009186713994,30.5522851925418,11.58943123036));
#4468=CARTESIAN_POINT('Ctrl Pts',(-13.0273434439786,27.6916661950813,11.6685740546765));
#4469=CARTESIAN_POINT('Ctrl Pts',(-24.6592587326599,18.1234933890494,11.7477168789931));
#4470=CARTESIAN_POINT('Ctrl Pts',(-28.9497634599798,7.54060738370294,11.8077221580693));
#4471=CARTESIAN_POINT('Ctrl Pts',(-29.3656229838947,1.33724141700438,11.8413464957066));
#4472=CARTESIAN_POINT('Ctrl Pts',(-29.3643438272274,0.000734543004381472,
11.848589891905));
#4473=CARTESIAN_POINT('Origin',(0.,0.,-11.848589891905));
#4474=CARTESIAN_POINT('',(-29.3639484054659,0.000695904486277542,9.65141010809498));
#4475=CARTESIAN_POINT('',(-29.367485587561,1.94146473785507E-5,9.84858989190503));
#4476=CARTESIAN_POINT('',(-29.365,2.32932791513647E-12,-11.848589891905));
#4477=CARTESIAN_POINT('Ctrl Pts',(-29.3639484054659,0.000695904486276711,
9.65141010809498));
#4478=CARTESIAN_POINT('Ctrl Pts',(-29.3609386822131,-3.39160830152124,9.66979449033639));
#4479=CARTESIAN_POINT('Ctrl Pts',(-27.9305228932143,-11.6542222961881,9.71455981401667));
#4480=CARTESIAN_POINT('Ctrl Pts',(-20.3394353988885,-22.8658571008114,9.78570607913575));
#4481=CARTESIAN_POINT('Ctrl Pts',(-6.96846400864428,-29.7990027125156,9.86484890345232));
#4482=CARTESIAN_POINT('Ctrl Pts',(8.09042846846375,-29.5141494964187,9.94399172776884));
#4483=CARTESIAN_POINT('Ctrl Pts',(21.1896344498474,-22.0802954052279,10.0231345520854));
#4484=CARTESIAN_POINT('Ctrl Pts',(29.1562271657441,-9.298089629586,10.1022773764019));
#4485=CARTESIAN_POINT('Ctrl Pts',(30.0605159671187,5.73632574832412,10.1814202007185));
#4486=CARTESIAN_POINT('Ctrl Pts',(23.6834614595567,19.3812720582003,10.260563025035));
#4487=CARTESIAN_POINT('Ctrl Pts',(11.569731845698,28.3316317623769,10.3397058493516));
#4488=CARTESIAN_POINT('Ctrl Pts',(-3.34645098130605,30.4194233858894,10.4188486736681));
#4489=CARTESIAN_POINT('Ctrl Pts',(-17.4520469744691,25.138936129065,10.4979914979846));
#4490=CARTESIAN_POINT('Ctrl Pts',(-27.1278635349019,14.0022919160011,10.575511976127));
#4491=CARTESIAN_POINT('Ctrl Pts',(-29.3647867402658,4.56670610378128,10.6266515128304));
#4492=CARTESIAN_POINT('Ctrl Pts',(-29.3672257930683,-0.000303445923508401,
10.651410108095));
#4493=CARTESIAN_POINT('Ctrl Pts',(-29.367485587561,1.94146473795503E-5,
9.84858989190503));
#4494=CARTESIAN_POINT('Ctrl Pts',(-29.3672941549349,-4.84763071031571,9.87487056784089));
#4495=CARTESIAN_POINT('Ctrl Pts',(-26.9111958668488,-14.5616124971256,9.92753218521559));
#4496=CARTESIAN_POINT('Ctrl Pts',(-16.7237138426446,-25.6292303664491,10.0065747440292));
#4497=CARTESIAN_POINT('Ctrl Pts',(-2.47244366676187,-30.5029027500968,10.0857175683457));
#4498=CARTESIAN_POINT('Ctrl Pts',(12.3777088160444,-27.9880756453957,10.1648603926622));
#4499=CARTESIAN_POINT('Ctrl Pts',(24.2296976157573,-18.6938975956365,10.2440032169788));
#4500=CARTESIAN_POINT('Ctrl Pts',(30.2127004404777,-4.87163072914411,10.3231460412953));
#4501=CARTESIAN_POINT('Ctrl Pts',(28.8774974021377,10.1306563290199,10.4022888656119));
#4502=CARTESIAN_POINT('Ctrl Pts',(20.5475051619793,22.6790671211496,10.4814316899284));
#4503=CARTESIAN_POINT('Ctrl Pts',(7.24043803095186,29.7340900480765,10.560574514245));
#4504=CARTESIAN_POINT('Ctrl Pts',(-7.8204285048533,29.5868374766154,10.6397173385615));
#4505=CARTESIAN_POINT('Ctrl Pts',(-20.9870087007594,22.2729773416449,10.718860162878));
#4506=CARTESIAN_POINT('Ctrl Pts',(-28.0978945684257,11.0926122696838,10.7884843473259));
#4507=CARTESIAN_POINT('Ctrl Pts',(-29.3611287919077,3.1111003904919,10.8317275903349));
#4508=CARTESIAN_POINT('Ctrl Pts',(-29.363262497824,-0.000556452899586751,
10.848589891905));
#4509=CARTESIAN_POINT('Origin',(0.,0.,-11.848589891905));
#4510=CARTESIAN_POINT('',(-29.3635801123908,-0.00063498578903717,8.651410108095));
#4511=CARTESIAN_POINT('',(-29.3631860578914,0.00053271580398917,8.84858989190504));
#4512=CARTESIAN_POINT('',(-29.365,2.32932791513647E-12,-11.848589891905));
#4513=CARTESIAN_POINT('Ctrl Pts',(-29.3635801123908,-0.000634985789034065,
8.651410108095));
#4514=CARTESIAN_POINT('Ctrl Pts',(-29.3648651754084,-1.6181075595855,8.66017558496472));
#4515=CARTESIAN_POINT('Ctrl Pts',(-28.8380227845159,-8.10276396362091,8.69532200327329));
#4516=CARTESIAN_POINT('Ctrl Pts',(-24.1292087547352,-18.8234252507533,8.75684936302072));
#4517=CARTESIAN_POINT('Ctrl Pts',(-12.2276021012056,-28.0539801125416,8.83599218733724));
#4518=CARTESIAN_POINT('Ctrl Pts',(2.63580896184712,-30.4892204625984,8.9151350116538));
#4519=CARTESIAN_POINT('Ctrl Pts',(16.8607669135502,-25.5392754867325,8.99427783597032));
#4520=CARTESIAN_POINT('Ctrl Pts',(27.0016621537614,-14.4031348752421,9.0734206602869));
#4521=CARTESIAN_POINT('Ctrl Pts',(30.6021383183813,0.221773855407363,9.1525634846034));
#4522=CARTESIAN_POINT('Ctrl Pts',(26.7900778742673,14.7929638947364,9.23170630891997));
#4523=CARTESIAN_POINT('Ctrl Pts',(16.4888488979477,25.780960325809,9.3108491332365));
#4524=CARTESIAN_POINT('Ctrl Pts',(2.19364424514685,30.5242195350843,9.38999195755306));
#4525=CARTESIAN_POINT('Ctrl Pts',(-12.6329111291139,27.8738158439815,9.46913478186959));
#4526=CARTESIAN_POINT('Ctrl Pts',(-24.3994869932761,18.4717375405032,9.54827760618615));
#4527=CARTESIAN_POINT('Ctrl Pts',(-28.8955303498394,7.81877295877235,9.60903604826126));
#4528=CARTESIAN_POINT('Ctrl Pts',(-29.3652575291472,1.47622883471068,9.64341354889754));
#4529=CARTESIAN_POINT('Ctrl Pts',(-29.3639484054659,0.000695904486276711,
9.65141010809498));
#4530=CARTESIAN_POINT('Ctrl Pts',(-29.3631860578914,0.000532715803989031,
8.84858989190504));
#4531=CARTESIAN_POINT('Ctrl Pts',(-29.3611747806968,-3.07414240619735,8.86525166246921));
#4532=CARTESIAN_POINT('Ctrl Pts',(-28.1192640820616,-11.0186042541832,8.90829437447222));
#4533=CARTESIAN_POINT('Ctrl Pts',(-21.0710486530508,-22.1934891922822,8.97771802791411));
#4534=CARTESIAN_POINT('Ctrl Pts',(-7.93220826112859,-29.5570655845478,9.05686085223062));
#4535=CARTESIAN_POINT('Ctrl Pts',(7.12799407981787,-29.7612458453147,9.13600367654719));
#4536=CARTESIAN_POINT('Ctrl Pts',(20.4616335082717,-22.7565728535812,9.21514650086371));
#4537=CARTESIAN_POINT('Ctrl Pts',(28.8389981210059,-10.2397383386392,9.29428932518027));
#4538=CARTESIAN_POINT('Ctrl Pts',(30.2308989368275,4.75739459562735,9.3734321494968));
#4539=CARTESIAN_POINT('Ctrl Pts',(24.3001857982647,18.6021779379994,9.45257497381335));
#4540=CARTESIAN_POINT('Ctrl Pts',(12.4834128375199,27.9410890588614,9.5317177981299));
#4541=CARTESIAN_POINT('Ctrl Pts',(-2.35712773375379,30.5120304587214,9.61086062244643));
#4542=CARTESIAN_POINT('Ctrl Pts',(-16.626718149972,25.6922614307999,9.69000344676299));
#4543=CARTESIAN_POINT('Ctrl Pts',(-26.8689378090382,14.6492400786258,9.76914627107952));
#4544=CARTESIAN_POINT('Ctrl Pts',(-29.3629679574851,4.90315315104692,9.82200841946021));
#4545=CARTESIAN_POINT('Ctrl Pts',(-29.3674863179109,0.018514071301885,9.84848962640204));
#4546=CARTESIAN_POINT('Ctrl Pts',(-29.367485587561,1.94146473795503E-5,
9.84858989190503));
#4547=CARTESIAN_POINT('Origin',(0.,0.,-11.848589891905));
#4548=CARTESIAN_POINT('',(-29.3674101073454,0.000163640927477872,7.651410108095));
#4549=CARTESIAN_POINT('',(-29.3644536882533,-0.000741098240895077,7.84858989190504));
#4550=CARTESIAN_POINT('',(-29.365,2.32932791513647E-12,-11.848589891905));
#4551=CARTESIAN_POINT('Ctrl Pts',(-29.3674101073454,0.000163640927478559,
7.651410108095));
#4552=CARTESIAN_POINT('Ctrl Pts',(-29.3659582727585,-4.70859569903178,7.67693762103188));
#4553=CARTESIAN_POINT('Ctrl Pts',(-27.019639839975,-14.2849314424916,7.7288460754076));
#4554=CARTESIAN_POINT('Ctrl Pts',(-17.0858690732368,-25.3892325861278,7.8071354712222));
#4555=CARTESIAN_POINT('Ctrl Pts',(-2.90522321041748,-30.4647293012417,7.88627829553872));
#4556=CARTESIAN_POINT('Ctrl Pts',(11.9791340460213,-28.1609730088954,7.96542111985528));
#4557=CARTESIAN_POINT('Ctrl Pts',(23.9618715289252,-19.0359860824589,8.04456394417181));
#4558=CARTESIAN_POINT('Ctrl Pts',(30.1404966300726,-5.3000486972166,8.12370676848836));
#4559=CARTESIAN_POINT('Ctrl Pts',(29.0184052795973,9.71968149320345,8.2028495928049));
#4560=CARTESIAN_POINT('Ctrl Pts',(20.8673936221743,22.3850829062016,8.28199241712146));
#4561=CARTESIAN_POINT('Ctrl Pts',(7.66182278512964,29.628306143105,8.36113524143798));
#4562=CARTESIAN_POINT('Ctrl Pts',(-7.3996164652113,29.6948771586625,8.44027806575454));
#4563=CARTESIAN_POINT('Ctrl Pts',(-20.6686996596349,22.5686709329569,8.51942089007107));
#4564=CARTESIAN_POINT('Ctrl Pts',(-28.0162204460361,11.3705409475527,8.5897982375179));
#4565=CARTESIAN_POINT('Ctrl Pts',(-29.3609975966426,3.24990474396169,8.63379464352587));
#4566=CARTESIAN_POINT('Ctrl Pts',(-29.3635801123908,-0.000634985789034065,
8.651410108095));
#4567=CARTESIAN_POINT('Ctrl Pts',(-29.3644536882533,-0.000741098240893828,
7.84858989190504));
#4568=CARTESIAN_POINT('Ctrl Pts',(-29.365716554795,-1.30023325503967,7.85563275709752));
#4569=CARTESIAN_POINT('Ctrl Pts',(-28.963854867595,-7.46654675295075,7.88905656372885));
#4570=CARTESIAN_POINT('Ctrl Pts',(-24.7275877690605,-18.030154103351,7.94886131179903));
#4571=CARTESIAN_POINT('Ctrl Pts',(-13.1319224230719,-27.6422261647213,8.02800413611557));
#4572=CARTESIAN_POINT('Ctrl Pts',(1.64459436183758,-30.5587199216883,8.10714696043212));
#4573=CARTESIAN_POINT('Ctrl Pts',(16.0227528429314,-26.0731939969293,8.18628978474866));
#4574=CARTESIAN_POINT('Ctrl Pts',(26.5198347539746,-15.2721451829487,8.2654326090652));
#4575=CARTESIAN_POINT('Ctrl Pts',(30.5932071867379,-0.77183411203902,8.34457543338175));
#4576=CARTESIAN_POINT('Ctrl Pts',(27.2562063347668,13.915432803323,8.42371825769829));
#4577=CARTESIAN_POINT('Ctrl Pts',(17.3171299948122,25.2320641765583,8.50286108201484));
#4578=CARTESIAN_POINT('Ctrl Pts',(3.18344938540189,30.436913507742,8.58200390633138));
#4579=CARTESIAN_POINT('Ctrl Pts',(-11.721335349669,28.2692474517412,8.66114673064792));
#4580=CARTESIAN_POINT('Ctrl Pts',(-23.7869450415213,19.2541242194711,8.74028955496446));
#4581=CARTESIAN_POINT('Ctrl Pts',(-28.763673506192,8.45500469908202,8.80277060871684));
#4582=CARTESIAN_POINT('Ctrl Pts',(-29.3643592793479,1.7940571662672,8.83887072103036));
#4583=CARTESIAN_POINT('Ctrl Pts',(-29.3631860578914,0.000532715803989031,
8.84858989190504));
#4584=CARTESIAN_POINT('Origin',(0.,0.,-11.848589891905));
#4585=CARTESIAN_POINT('',(-29.3629324494441,0.000434275211939744,6.65141010809499));
#4586=CARTESIAN_POINT('',(-29.3668771108299,0.000458248900803426,6.84858989190503));
#4587=CARTESIAN_POINT('',(-29.365,2.32932791513647E-12,-11.848589891905));
#4588=CARTESIAN_POINT('Ctrl Pts',(-29.3629324494441,0.00043427521194031,
6.65141010809499));
#4589=CARTESIAN_POINT('Ctrl Pts',(-29.3613847063521,-2.93532875056726,6.66731871566019));
#4590=CARTESIAN_POINT('Ctrl Pts',(-28.1981180899395,-10.7406113903261,6.70960826466424));
#4591=CARTESIAN_POINT('Ctrl Pts',(-21.3839909388157,-21.8921215241677,6.77827875510712));
#4592=CARTESIAN_POINT('Ctrl Pts',(-8.35101020917084,-29.4414789334132,6.85742157942368));
#4593=CARTESIAN_POINT('Ctrl Pts',(6.70477586340027,-29.8594379371388,6.93656440374021));
#4594=CARTESIAN_POINT('Ctrl Pts',(20.1365121384135,-23.0447593218027,7.01570722805676));
#4595=CARTESIAN_POINT('Ctrl Pts',(28.6907254166578,-10.6481138407809,7.0948500523733));
#4596=CARTESIAN_POINT('Ctrl Pts',(30.2953899323448,4.32774793021309,7.17399287668984));
#4597=CARTESIAN_POINT('Ctrl Pts',(24.561819302075,18.2553303413687,7.25313570100638));
#4598=CARTESIAN_POINT('Ctrl Pts',(12.8788152413845,27.7610549381425,7.33227852532294));
#4599=CARTESIAN_POINT('Ctrl Pts',(-1.92373191987906,30.5424181884919,7.41142134963947));
#4600=CARTESIAN_POINT('Ctrl Pts',(-16.2603072875007,25.9257104090965,7.49056417395603));
#4601=CARTESIAN_POINT('Ctrl Pts',(-26.6582649747537,15.0292036327978,7.56970699827255));
#4602=CARTESIAN_POINT('Ctrl Pts',(-29.3279041262687,5.18116419043442,7.62332230965222));
#4603=CARTESIAN_POINT('Ctrl Pts',(-29.3674586446635,0.157585534691594,7.65055667959303));
#4604=CARTESIAN_POINT('Ctrl Pts',(-29.3674101073454,0.000163640927478559,
7.651410108095));
#4605=CARTESIAN_POINT('Ctrl Pts',(-29.3668771108299,0.000458248900803496,
6.84858989190503));
#4606=CARTESIAN_POINT('Ctrl Pts',(-29.3635847206749,-4.39078273986573,6.87239479316468));
#4607=CARTESIAN_POINT('Ctrl Pts',(-27.2586274114986,-13.6515120043667,6.92258063586319));
#4608=CARTESIAN_POINT('Ctrl Pts',(-17.9011181225329,-24.8211608074703,6.9991474200005));
#4609=CARTESIAN_POINT('Ctrl Pts',(-3.89272192778087,-30.3543533922262,7.07829024431707));
#4610=CARTESIAN_POINT('Ctrl Pts',(11.0585803965068,-28.5350285347882,7.1574330686336));
#4611=CARTESIAN_POINT('Ctrl Pts',(23.3312420592529,-19.8038682544529,7.23657589295015));
#4612=CARTESIAN_POINT('Ctrl Pts',(29.9525441963292,-6.2757589209693,7.31571871726669));
#4613=CARTESIAN_POINT('Ctrl Pts',(29.3186562525655,8.77248251130075,7.39486154158324));
#4614=CARTESIAN_POINT('Ctrl Pts',(21.583120360871,21.6958283860132,7.47400436589977));
#4615=CARTESIAN_POINT('Ctrl Pts',(8.61965993196937,29.3639492664795,7.55314719021632));
#4616=CARTESIAN_POINT('Ctrl Pts',(-6.43167893653077,29.9194511969147,7.63229001453286));
#4617=CARTESIAN_POINT('Ctrl Pts',(-19.9251183185098,23.2277789265476,7.7114328388494));
#4618=CARTESIAN_POINT('Ctrl Pts',(-27.820958028989,12.0059759524295,7.78353279797346));
#4619=CARTESIAN_POINT('Ctrl Pts',(-29.3609861492893,3.56736331990677,7.82925181565868));
#4620=CARTESIAN_POINT('Ctrl Pts',(-29.3644536882533,-0.000741098240893828,
7.84858989190504));
#4621=CARTESIAN_POINT('Origin',(0.,0.,-11.848589891905));
#4622=CARTESIAN_POINT('',(-29.3648785464162,-0.000751079129135225,5.651410108095));
#4623=CARTESIAN_POINT('',(-29.3625723883262,0.000167842754594805,5.84858989190503));
#4624=CARTESIAN_POINT('',(-29.365,2.32932791513647E-12,-11.848589891905));
#4625=CARTESIAN_POINT('Ctrl Pts',(-29.3648785464162,-0.000751079129133608,
5.651410108095));
#4626=CARTESIAN_POINT('Ctrl Pts',(-29.3660519761572,-1.16122744621619,5.65769981028851));
#4627=CARTESIAN_POINT('Ctrl Pts',(-29.0154772220564,-7.18839329261777,5.69037045392087));
#4628=CARTESIAN_POINT('Ctrl Pts',(-24.9810575739326,-17.6772966199062,5.74942203899206));
#4629=CARTESIAN_POINT('Ctrl Pts',(-13.5230167240317,-27.453015717437,5.82856486330862));
#4630=CARTESIAN_POINT('Ctrl Pts',(1.2106075339476,-30.5789876009497,5.90770768762515));
#4631=CARTESIAN_POINT('Ctrl Pts',(15.6509950066135,-26.2980305080673,5.9868505119417));
#4632=CARTESIAN_POINT('Ctrl Pts',(26.3003541451596,-15.6470899894987,6.06599333625824));
#4633=CARTESIAN_POINT('Ctrl Pts',(30.5791670200623,-1.20606702111485,6.14513616057479));
#4634=CARTESIAN_POINT('Ctrl Pts',(27.4510074591645,13.5270929167052,6.22427898489132));
#4635=CARTESIAN_POINT('Ctrl Pts',(17.673587130255,24.9836820995139,6.30342180920787));
#4636=CARTESIAN_POINT('Ctrl Pts',(3.61522047505618,30.3886530503907,6.38256463352441));
#4637=CARTESIAN_POINT('Ctrl Pts',(-11.3188351219151,28.4327983987364,6.46170745784095));
#4638=CARTESIAN_POINT('Ctrl Pts',(-23.511210420715,19.5898707972551,6.5408502821575));
#4639=CARTESIAN_POINT('Ctrl Pts',(-28.7025777812995,8.73318007132944,6.60408449890884));
#4640=CARTESIAN_POINT('Ctrl Pts',(-29.3639512992928,1.93299125443702,6.64093777422134));
#4641=CARTESIAN_POINT('Ctrl Pts',(-29.3629324494441,0.00043427521194031,
6.65141010809499));
#4642=CARTESIAN_POINT('Ctrl Pts',(-29.3625723883262,0.000167842754594666,
5.84858989190503));
#4643=CARTESIAN_POINT('Ctrl Pts',(-29.3620471437327,-2.61779755504945,5.86277588779299));
#4644=CARTESIAN_POINT('Ctrl Pts',(-28.3701838010242,-10.1046441964016,5.90334282511979));
#4645=CARTESIAN_POINT('Ctrl Pts',(-22.083441496485,-21.186355645521,5.97029070388546));
#4646=CARTESIAN_POINT('Ctrl Pts',(-9.30241877180507,-29.1548462328503,6.04943352820199));
#4647=CARTESIAN_POINT('Ctrl Pts',(5.73186217223154,-30.0613673991341,6.12857635251855));
#4648=CARTESIAN_POINT('Ctrl Pts',(19.3777552282764,-23.686339020207,6.20771917683508));
#4649=CARTESIAN_POINT('Ctrl Pts',(28.3299135351255,-11.5739385240933,6.28686200115163));
#4650=CARTESIAN_POINT('Ctrl Pts',(30.4199199551812,3.34193413872021,6.36600482546817));
#4651=CARTESIAN_POINT('Ctrl Pts',(25.1415272144797,17.4483140500954,6.44514764978472));
#4652=CARTESIAN_POINT('Ctrl Pts',(13.7732825510818,27.3283139186311,6.52429047410125));
#4653=CARTESIAN_POINT('Ctrl Pts',(-0.931165617775127,30.5887721960109,6.60343329841781));
#4654=CARTESIAN_POINT('Ctrl Pts',(-15.4100642136338,26.4399314446703,6.68257612273434));
#4655=CARTESIAN_POINT('Ctrl Pts',(-26.1562934143641,15.8867356209156,6.7617189470509));
#4656=CARTESIAN_POINT('Ctrl Pts',(-29.2402396022736,5.81709920852747,6.81705687010778));
#4657=CARTESIAN_POINT('Ctrl Pts',(-29.3672333958333,0.475655062373438,6.84601385172583));
#4658=CARTESIAN_POINT('Ctrl Pts',(-29.3668771108299,0.000458248900803496,
6.84858989190503));
#4659=CARTESIAN_POINT('Origin',(0.,0.,-11.848589891905));
#4660=CARTESIAN_POINT('',(-29.3665302419695,0.000560958372685105,4.65141010809499));
#4661=CARTESIAN_POINT('',(-29.3658706132353,-0.000684309181100407,4.84858989190503));
#4662=CARTESIAN_POINT('',(-29.365,2.32932791513647E-12,-11.848589891905));
#4663=CARTESIAN_POINT('Ctrl Pts',(-29.3665302419695,0.000560958372685244,
4.65141010809499));
#4664=CARTESIAN_POINT('Ctrl Pts',(-29.3628173414556,-4.25189109091175,4.67446184635567));
#4665=CARTESIAN_POINT('Ctrl Pts',(-27.3592038169182,-13.3743322642867,4.72389452605518));
#4666=CARTESIAN_POINT('Ctrl Pts',(-18.2516830956454,-24.564529661209,4.79970814719355));
#4667=CARTESIAN_POINT('Ctrl Pts',(-4.32324949281816,-30.2960322009852,4.8788509715101));
#4668=CARTESIAN_POINT('Ctrl Pts',(10.652373845602,-28.6891440226755,4.95799379582664));
#4669=CARTESIAN_POINT('Ctrl Pts',(23.0477490236176,-20.1330901315376,5.03713662014318));
#4670=CARTESIAN_POINT('Ctrl Pts',(29.8604331619074,-6.70034213182747,5.11627944445973));
#4671=CARTESIAN_POINT('Ctrl Pts',(29.4402386149734,8.35538171442295,5.19542226877626));
#4672=CARTESIAN_POINT('Ctrl Pts',(21.8889460959647,21.3872413393648,5.27456509309281));
#4673=CARTESIAN_POINT('Ctrl Pts',(9.03565106409607,29.2386227984182,5.35370791740935));
#4674=CARTESIAN_POINT('Ctrl Pts',(-6.00628495748157,30.007742239459,5.4328507417259));
#4675=CARTESIAN_POINT('Ctrl Pts',(-19.593361626859,23.5083013733322,5.51199356604244));
#4676=CARTESIAN_POINT('Ctrl Pts',(-27.7318503827519,12.2836797698315,5.58484668816546));
#4677=CARTESIAN_POINT('Ctrl Pts',(-29.3611302516737,3.70616661146616,5.63131886884966));
#4678=CARTESIAN_POINT('Ctrl Pts',(-29.3648785464162,-0.000751079129133608,
5.651410108095));
#4679=CARTESIAN_POINT('Ctrl Pts',(-29.3658706132353,-0.000684309181099019,
4.84858989190503));
#4680=CARTESIAN_POINT('Ctrl Pts',(-29.36670768929,-0.843249587328889,4.85315698242131));
#4681=CARTESIAN_POINT('Ctrl Pts',(-29.1258582379238,-6.55225810473136,4.88410501437643));
#4682=CARTESIAN_POINT('Ctrl Pts',(-25.5417787720507,-16.8569745514074,4.9414339877704));
#4683=CARTESIAN_POINT('Ctrl Pts',(-14.4071440436569,-26.9995232249108,5.02057681208694));
#4684=CARTESIAN_POINT('Ctrl Pts',(0.217229916023351,-30.6021709202266,5.09971963640347));
#4685=CARTESIAN_POINT('Ctrl Pts',(14.7889858302492,-26.7922741098971,5.17886246072003));
#4686=CARTESIAN_POINT('Ctrl Pts',(25.7785117142645,-16.4926767889481,5.25800528503656));
#4687=CARTESIAN_POINT('Ctrl Pts',(30.5238934861053,-2.19817658891935,5.33714810935311));
#4688=CARTESIAN_POINT('Ctrl Pts',(27.8756913340754,12.6287721697135,5.41629093366966));
#4689=CARTESIAN_POINT('Ctrl Pts',(18.4753602831478,24.3967439687156,5.4954337579862));
#4690=CARTESIAN_POINT('Ctrl Pts',(4.59987514221587,30.2552673520365,5.57457658230274));
#4691=CARTESIAN_POINT('Ctrl Pts',(-10.3898047825101,28.7852741944298,5.65371940661929));
#4692=CARTESIAN_POINT('Ctrl Pts',(-22.8628367688891,20.342830401552,5.73286223093582));
#4693=CARTESIAN_POINT('Ctrl Pts',(-28.5548766091885,9.36939064829904,5.79781905936441));
#4694=CARTESIAN_POINT('Ctrl Pts',(-29.3630239131447,2.25069334216079,5.83639494635414));
#4695=CARTESIAN_POINT('Ctrl Pts',(-29.3625723883262,0.000167842754594666,
5.84858989190503));
#4696=CARTESIAN_POINT('Origin',(0.,0.,-11.848589891905));
#4697=CARTESIAN_POINT('',(-29.3625187366783,4.1177454230378E-5,3.65141010809499));
#4698=CARTESIAN_POINT('',(-29.3655944941826,0.000715757492567581,3.84858989190503));
#4699=CARTESIAN_POINT('',(-29.365,2.32932791513647E-12,-11.848589891905));
#4700=CARTESIAN_POINT('Ctrl Pts',(-29.3625187366783,4.11774542301291E-5,
3.65141010809499));
#4701=CARTESIAN_POINT('Ctrl Pts',(-29.36239698962,-2.47894413941982,3.66484294098398));
#4702=CARTESIAN_POINT('Ctrl Pts',(-28.4418247038504,-9.82653459404392,3.70465671531181));
#4703=CARTESIAN_POINT('Ctrl Pts',(-22.3819841791537,-20.8707172254428,3.77085143107849));
#4704=CARTESIAN_POINT('Ctrl Pts',(-9.71537260853773,-29.0198481797814,3.84999425539504));
#4705=CARTESIAN_POINT('Ctrl Pts',(5.30452402925354,-30.1397093238032,3.92913707971158));
#4706=CARTESIAN_POINT('Ctrl Pts',(19.039543834267,-23.9590447197569,4.00827990402812));
#4707=CARTESIAN_POINT('Ctrl Pts',(28.1627514117563,-11.9749524516762,4.08742272834466));
#4708=CARTESIAN_POINT('Ctrl Pts',(30.4642975853778,2.90974671231478,4.16656555266121));
#4709=CARTESIAN_POINT('Ctrl Pts',(25.3866953229785,17.0896387872461,4.24570837697775));
#4710=CARTESIAN_POINT('Ctrl Pts',(14.1598558243262,27.1300301572736,4.32485120129429));
#4711=CARTESIAN_POINT('Ctrl Pts',(-0.496824052806115,30.5989087903612,4.40399402561084));
#4712=CARTESIAN_POINT('Ctrl Pts',(-15.0331618008621,26.6560330801375,4.48313684992738));
#4713=CARTESIAN_POINT('Ctrl Pts',(-25.9281245235989,16.2564575473574,4.56227967424392));
#4714=CARTESIAN_POINT('Ctrl Pts',(-29.1986262838725,6.09517594420281,4.6183707602998));
#4715=CARTESIAN_POINT('Ctrl Pts',(-29.3670664705199,0.614713206564286,4.64808090491682));
#4716=CARTESIAN_POINT('Ctrl Pts',(-29.3665302419695,0.000560958372685244,
4.65141010809499));
#4717=CARTESIAN_POINT('Ctrl Pts',(-29.3655944941826,0.00071575749256772,
3.84858989190503));
#4718=CARTESIAN_POINT('Ctrl Pts',(-29.3616006417621,-3.93432098203454,3.86991901848847));
#4719=CARTESIAN_POINT('Ctrl Pts',(-27.5804022814799,-12.7399165046591,3.91762908651075));
#4720=CARTESIAN_POINT('Ctrl Pts',(-19.0395438400293,-23.9590447270082,3.99172009597188));
#4721=CARTESIAN_POINT('Ctrl Pts',(-5.30452403085882,-30.1397093329253,4.07086292028843));
#4722=CARTESIAN_POINT('Ctrl Pts',(9.71537261147839,-29.0198481885642,4.15000574460496));
#4723=CARTESIAN_POINT('Ctrl Pts',(22.381984185928,-20.8707172317591,4.22914856892151));
#4724=CARTESIAN_POINT('Ctrl Pts',(29.6271681650829,-7.66622204120619,4.30829139323805));
#4725=CARTESIAN_POINT('Ctrl Pts',(29.6959755671513,7.39520716290844,4.3874342175546));
#4726=CARTESIAN_POINT('Ctrl Pts',(22.5717396683415,20.6653483447969,4.46657704187114));
#4727=CARTESIAN_POINT('Ctrl Pts',(9.98011306389923,28.9298703263421,4.54571986618768));
#4728=CARTESIAN_POINT('Ctrl Pts',(-5.02892479056089,30.1869171880479,4.62486269050423));
#4729=CARTESIAN_POINT('Ctrl Pts',(-18.8198422403362,24.1320034791153,4.70400551482077));
#4730=CARTESIAN_POINT('Ctrl Pts',(-27.519395119966,12.9184937920479,4.77858124862104));
#4731=CARTESIAN_POINT('Ctrl Pts',(-29.3618724765217,4.02367065040715,4.82677604098246));
#4732=CARTESIAN_POINT('Ctrl Pts',(-29.3658706132353,-0.000684309181099019,
4.84858989190503));
#4733=CARTESIAN_POINT('Origin',(0.,0.,-11.848589891905));
#4734=CARTESIAN_POINT('',(-29.366282391139,-0.000616372709863365,2.65141010809499));
#4735=CARTESIAN_POINT('',(-29.3626409987853,-0.000247091972266356,2.84858989190503));
#4736=CARTESIAN_POINT('',(-29.365,2.32932791513647E-12,-11.848589891905));
#4737=CARTESIAN_POINT('Ctrl Pts',(-29.366282391139,-0.000616372709865073,
2.65141010809499));
#4738=CARTESIAN_POINT('Ctrl Pts',(-29.3669381132481,-0.704204954256001,
2.65522403561229));
#4739=CARTESIAN_POINT('Ctrl Pts',(-29.1707815883217,-6.27415173450067,2.68541890456844));
#4740=CARTESIAN_POINT('Ctrl Pts',(-25.7785117064624,-16.4926767839567,2.74199471496343));
#4741=CARTESIAN_POINT('Ctrl Pts',(-14.7889858257732,-26.7922741017884,2.82113753927997));
#4742=CARTESIAN_POINT('Ctrl Pts',(-0.217229915957278,-30.6021709109648,
2.90028036359653));
#4743=CARTESIAN_POINT('Ctrl Pts',(14.4071440392969,-26.9995232167391,2.97942318791306));
#4744=CARTESIAN_POINT('Ctrl Pts',(25.5417787643206,-16.8569745463053,3.05856601222961));
#4745=CARTESIAN_POINT('Ctrl Pts',(30.4896115027332,-2.63128176231354,3.13770883654614));
#4746=CARTESIAN_POINT('Ctrl Pts',(28.052164196374,12.2317675419357,3.2168516608627));
#4747=CARTESIAN_POINT('Ctrl Pts',(18.8198422346403,24.1320034718117,3.29599448517923));
#4748=CARTESIAN_POINT('Ctrl Pts',(5.02892478903872,30.1869171789117,3.37513730949578));
#4749=CARTESIAN_POINT('Ctrl Pts',(-9.98011306087886,28.9298703175863,3.45428013381232));
#4750=CARTESIAN_POINT('Ctrl Pts',(-22.5717396615102,20.6653483385423,3.53342295812886));
#4751=CARTESIAN_POINT('Ctrl Pts',(-28.4867860822018,9.64753502987348,3.59913294955642));
#4752=CARTESIAN_POINT('Ctrl Pts',(-29.3626360904888,2.38957220502444,3.63846199954513));
#4753=CARTESIAN_POINT('Ctrl Pts',(-29.3625187366783,4.11774542301291E-5,
3.65141010809499));
#4754=CARTESIAN_POINT('Ctrl Pts',(-29.3626409987853,-0.000247091972264968,
2.84858989190503));
#4755=CARTESIAN_POINT('Ctrl Pts',(-29.3632811343726,-2.16130431951983,2.86030011311678));
#4756=CARTESIAN_POINT('Ctrl Pts',(-28.5975646306595,-9.19037315746782,2.89839127576737));
#4757=CARTESIAN_POINT('Ctrl Pts',(-23.0477490305931,-20.1330901376309,2.96286337985682));
#4758=CARTESIAN_POINT('Ctrl Pts',(-10.6523738488258,-28.6891440313585,3.04200620417336));
#4759=CARTESIAN_POINT('Ctrl Pts',(4.32324949412681,-30.2960322101544,3.12114902848991));
#4760=CARTESIAN_POINT('Ctrl Pts',(18.2516831011694,-24.5645296686435,3.20029185280645));
#4761=CARTESIAN_POINT('Ctrl Pts',(27.7591423386803,-12.8829371840457,3.27943467712299));
#4762=CARTESIAN_POINT('Ctrl Pts',(30.5427035050248,1.91919682974977,3.35857750143953));
#4763=CARTESIAN_POINT('Ctrl Pts',(25.9281245314459,16.2564575522778,3.43772032575608));
#4764=CARTESIAN_POINT('Ctrl Pts',(15.0331618054116,26.6560330882052,3.51686315007262));
#4765=CARTESIAN_POINT('Ctrl Pts',(0.496824052956329,30.598908799622,3.59600597438916));
#4766=CARTESIAN_POINT('Ctrl Pts',(-14.1598558286119,27.1300301654846,3.67514879870571));
#4767=CARTESIAN_POINT('Ctrl Pts',(-25.3866953306621,17.0896387924181,3.75429162302225));
#4768=CARTESIAN_POINT('Ctrl Pts',(-29.0958750956148,6.73125189334284,3.81210532075536));
#4769=CARTESIAN_POINT('Ctrl Pts',(-29.3665404402301,0.932731280002289,3.84353807704962));
#4770=CARTESIAN_POINT('Ctrl Pts',(-29.3655944941826,0.00071575749256772,
3.84858989190503));
#4771=CARTESIAN_POINT('Origin',(0.,0.,-11.848589891905));
#4772=CARTESIAN_POINT('',(-29.3651584200225,0.00074498051368806,1.65141010809499));
#4773=CARTESIAN_POINT('',(-29.3670689176912,-0.000382629106372434,1.84858989190503));
#4774=CARTESIAN_POINT('',(-29.365,2.32932791513647E-12,-11.848589891905));
#4775=CARTESIAN_POINT('Ctrl Pts',(-29.3651584200225,0.000744980513688875,
1.65141010809499));
#4776=CARTESIAN_POINT('Ctrl Pts',(-29.361278004579,-3.79550223099742,1.67198607167945));
#4777=CARTESIAN_POINT('Ctrl Pts',(-27.6732894907873,-12.4623603987495,1.71894297670276));
#4778=CARTESIAN_POINT('Ctrl Pts',(-19.3777552224116,-23.6863390130384,1.79228082316492));
#4779=CARTESIAN_POINT('Ctrl Pts',(-5.7318621704966,-30.061367390036,1.87142364748146));
#4780=CARTESIAN_POINT('Ctrl Pts',(9.3024187689898,-29.1548462240264,1.950566471798));
#4781=CARTESIAN_POINT('Ctrl Pts',(22.0834414898014,-21.1863556391089,2.02970929611455));
#4782=CARTESIAN_POINT('Ctrl Pts',(29.5153504726471,-8.0860459915273,2.10885212043109));
#4783=CARTESIAN_POINT('Ctrl Pts',(29.7979676765358,6.97288861580441,2.18799494474763));
#4784=CARTESIAN_POINT('Ctrl Pts',(22.8628367619694,20.3428303953954,2.26713776906418));
#4785=CARTESIAN_POINT('Ctrl Pts',(10.3898047793651,28.7852741857181,2.34628059338072));
#4786=CARTESIAN_POINT('Ctrl Pts',(-4.59987514082397,30.2552673428795,2.42542341769726));
#4787=CARTESIAN_POINT('Ctrl Pts',(-18.4753602775563,24.3967439613318,2.50456624201381));
#4788=CARTESIAN_POINT('Ctrl Pts',(-27.4226852373974,13.1958759032299,2.57989513881304));
#4789=CARTESIAN_POINT('Ctrl Pts',(-29.3624024825938,4.16251815010631,2.62884309417344));
#4790=CARTESIAN_POINT('Ctrl Pts',(-29.366282391139,-0.000616372709865073,
2.65141010809499));
#4791=CARTESIAN_POINT('Ctrl Pts',(-29.3670689176912,-0.000382629106371185,
1.84858989190503));
#4792=CARTESIAN_POINT('Ctrl Pts',(-29.3673191817621,-0.386156034908376,
1.85068120774509));
#4793=CARTESIAN_POINT('Ctrl Pts',(-29.2659619008975,-5.63814338848848,1.879153465024));
#4794=CARTESIAN_POINT('Ctrl Pts',(-26.3003541531194,-15.6470899942346,1.93400666374176));
#4795=CARTESIAN_POINT('Ctrl Pts',(-15.65099501135,-26.2980305160267,2.0131494880583));
#4796=CARTESIAN_POINT('Ctrl Pts',(-1.2106075343137,-30.5789876102045,2.09229231237485));
#4797=CARTESIAN_POINT('Ctrl Pts',(13.5230167281246,-27.4530157257457,2.17143513669139));
#4798=CARTESIAN_POINT('Ctrl Pts',(24.9810575814933,-17.6772966252562,2.25057796100793));
#4799=CARTESIAN_POINT('Ctrl Pts',(30.3881159211176,-3.61973267409312,2.32972078532447));
#4800=CARTESIAN_POINT('Ctrl Pts',(28.4344787631845,11.3146131764718,2.40886360964102));
#4801=CARTESIAN_POINT('Ctrl Pts',(19.593361632789,23.5083013804471,2.48800643395756));
#4802=CARTESIAN_POINT('Ctrl Pts',(6.0062849592991,30.0077422485411,2.56714925827411));
#4803=CARTESIAN_POINT('Ctrl Pts',(-9.03565106683119,29.2386228072673,2.64629208259065));
#4804=CARTESIAN_POINT('Ctrl Pts',(-21.8889461025897,21.3872413458375,2.72543490690719));
#4805=CARTESIAN_POINT('Ctrl Pts',(-28.3229256315483,10.2836166564118,2.79286751001198));
#4806=CARTESIAN_POINT('Ctrl Pts',(-29.3618390284433,2.70715402426692,2.83391917167793));
#4807=CARTESIAN_POINT('Ctrl Pts',(-29.3626409987853,-0.000247091972264968,
2.84858989190503));
#4808=CARTESIAN_POINT('Origin',(0.,0.,-11.848589891905));
#4809=CARTESIAN_POINT('',(-29.362798992345,-0.000364175743340402,0.651410108094988));
#4810=CARTESIAN_POINT('',(-29.3641911833378,0.000722525928577578,0.848589891905028));
#4811=CARTESIAN_POINT('',(-29.365,2.32932791513647E-12,-11.848589891905));
#4812=CARTESIAN_POINT('Ctrl Pts',(-29.362798992345,-0.000364175743340495,
0.651410108094988));
#4813=CARTESIAN_POINT('Ctrl Pts',(-29.3636877414937,-2.02239814999586,0.662367166307763));
#4814=CARTESIAN_POINT('Ctrl Pts',(-28.6621405174702,-8.91220739520112,0.699705165959386));
#4815=CARTESIAN_POINT('Ctrl Pts',(-23.3312420521913,-19.8038682484595,0.763424107049856));
#4816=CARTESIAN_POINT('Ctrl Pts',(-11.0585803931596,-28.535028526152,0.8425669313664));
#4817=CARTESIAN_POINT('Ctrl Pts',(3.89272192660286,-30.3543533830393,0.921709755682941));
#4818=CARTESIAN_POINT('Ctrl Pts',(17.9011181171152,-24.8211607999581,1.00085257999949));
#4819=CARTESIAN_POINT('Ctrl Pts',(27.5734547813334,-13.2757163543835,1.07999540431603));
#4820=CARTESIAN_POINT('Ctrl Pts',(30.566871140393,1.48540970337847,1.15913822863257));
#4821=CARTESIAN_POINT('Ctrl Pts',(26.1562934064476,15.8867356161078,1.23828105294911));
#4822=CARTESIAN_POINT('Ctrl Pts',(15.4100642089697,26.4399314366682,1.31742387726566));
#4823=CARTESIAN_POINT('Ctrl Pts',(0.931165617493168,30.5887721867532,1.3965667015822));
#4824=CARTESIAN_POINT('Ctrl Pts',(-13.7732825469136,27.3283139103599,1.47570952589875));
#4825=CARTESIAN_POINT('Ctrl Pts',(-25.1415272068708,17.4483140448142,1.55485235021529));
#4826=CARTESIAN_POINT('Ctrl Pts',(-29.0476159156067,7.00938424179228,1.61341921094737));
#4827=CARTESIAN_POINT('Ctrl Pts',(-29.3662531792362,1.07175829671322,1.6456051302406));
#4828=CARTESIAN_POINT('Ctrl Pts',(-29.3651584200225,0.000744980513688875,
1.65141010809499));
#4829=CARTESIAN_POINT('Ctrl Pts',(-29.3641911833378,0.000722525928577994,
0.848589891905028));
#4830=CARTESIAN_POINT('Ctrl Pts',(-29.3609442747293,-3.47803384647853,0.867443243812252));
#4831=CARTESIAN_POINT('Ctrl Pts',(-27.8771000979642,-11.8272082165423,0.912677537158325));
#4832=CARTESIAN_POINT('Ctrl Pts',(-20.1365121445077,-23.0447593287773,0.984292771943241));
#4833=CARTESIAN_POINT('Ctrl Pts',(-6.70477586542938,-29.859437946176,1.06343559625979));
#4834=CARTESIAN_POINT('Ctrl Pts',(8.35101021169863,-29.4414789423236,1.14257842057633));
#4835=CARTESIAN_POINT('Ctrl Pts',(21.383990945288,-21.8921215307932,1.22172124489288));
#4836=CARTESIAN_POINT('Ctrl Pts',(29.2372808326473,-9.03999244358599,1.30086406920941));
#4837=CARTESIAN_POINT('Ctrl Pts',(30.0086337567436,6.00182921456513,1.38000689352596));
#4838=CARTESIAN_POINT('Ctrl Pts',(23.5112104278307,19.5898708031841,1.4591497178425));
#4839=CARTESIAN_POINT('Ctrl Pts',(11.3188351253406,28.4327984073417,1.53829254215905));
#4840=CARTESIAN_POINT('Ctrl Pts',(-3.6152204761505,30.3886530595879,1.61743536647559));
#4841=CARTESIAN_POINT('Ctrl Pts',(-17.673587135604,24.9836821070753,1.69657819079213));
#4842=CARTESIAN_POINT('Ctrl Pts',(-27.1926432482074,13.8298284706771,1.77362969926861));
#4843=CARTESIAN_POINT('Ctrl Pts',(-29.36416222112,4.48018956060935,1.82430026630624));
#4844=CARTESIAN_POINT('Ctrl Pts',(-29.3670689176912,-0.000382629106371185,
1.84858989190503));
#4845=CARTESIAN_POINT('Origin',(0.,0.,-11.848589891905));
#4846=CARTESIAN_POINT('',(-29.3673052356547,-0.000253020766936441,-0.348589891905013));
#4847=CARTESIAN_POINT('',(-29.3633768532194,-0.000588123108979932,-0.151410108094973));
#4848=CARTESIAN_POINT('',(-29.365,2.32932791513647E-12,-11.848589891905));
#4849=CARTESIAN_POINT('Ctrl Pts',(-29.3673052356547,-0.000253020766933162,
-0.348589891905013));
#4850=CARTESIAN_POINT('Ctrl Pts',(-29.3674178401673,-0.247088863905253,
-0.347251739063924));
#4851=CARTESIAN_POINT('Ctrl Pts',(-29.3042892551822,-5.36009878111092,-0.319532644783987));
#4852=CARTESIAN_POINT('Ctrl Pts',(-26.5198347459482,-15.2721451783266,-0.265432609065203));
#4853=CARTESIAN_POINT('Ctrl Pts',(-16.022752838082,-26.0731939890382,-0.18628978474866));
#4854=CARTESIAN_POINT('Ctrl Pts',(-1.64459436133952,-30.5587199124397,-0.107146960432117));
#4855=CARTESIAN_POINT('Ctrl Pts',(13.1319224190978,-27.642226156355,-0.0280041361155729));
#4856=CARTESIAN_POINT('Ctrl Pts',(24.7275877615769,-18.0301540978938,0.0511386882009694));
#4857=CARTESIAN_POINT('Ctrl Pts',(30.3336667679184,-4.05076705244435,0.130281512517512));
#4858=CARTESIAN_POINT('Ctrl Pts',(28.5922391047905,10.9098082602204,0.209424336834055));
#4859=CARTESIAN_POINT('Ctrl Pts',(19.9251183124792,23.2277789195177,0.288567161150598));
#4860=CARTESIAN_POINT('Ctrl Pts',(6.43167893458408,29.9194511878596,0.367709985467141));
#4861=CARTESIAN_POINT('Ctrl Pts',(-8.61965992936076,29.3639492575923,0.446852809783684));
#4862=CARTESIAN_POINT('Ctrl Pts',(-21.5831203543389,21.6958283794467,0.525995634100228));
#4863=CARTESIAN_POINT('Ctrl Pts',(-28.2476972808473,10.5616763393312,0.594181400203995));
#4864=CARTESIAN_POINT('Ctrl Pts',(-29.3615479299868,2.84598520858862,0.635986224868915));
#4865=CARTESIAN_POINT('Ctrl Pts',(-29.362798992345,-0.000364175743340495,
0.651410108094988));
#4866=CARTESIAN_POINT('Ctrl Pts',(-29.3633768532194,-0.000588123108978406,
-0.151410108094973));
#4867=CARTESIAN_POINT('Ctrl Pts',(-29.3646185082936,-1.70463237318574,-0.142175661559436));
#4868=CARTESIAN_POINT('Ctrl Pts',(-28.8018817394455,-8.27597459574767,-0.10656027358505));
#4869=CARTESIAN_POINT('Ctrl Pts',(-23.9618715361772,-19.0359860882203,-0.0445639441718177));
#4870=CARTESIAN_POINT('Ctrl Pts',(-11.9791340496467,-28.1609730174185,0.0345788801447258));
#4871=CARTESIAN_POINT('Ctrl Pts',(2.90522321129692,-30.464729310462,0.113721704461269));
#4872=CARTESIAN_POINT('Ctrl Pts',(17.085869078408,-25.3892325938118,0.192864528777812));
#4873=CARTESIAN_POINT('Ctrl Pts',(27.1279273501659,-14.163884055982,0.272007353094356));
#4874=CARTESIAN_POINT('Ctrl Pts',(30.5989822328763,0.492280590007607,0.351150177410899));
#4875=CARTESIAN_POINT('Ctrl Pts',(26.6582649828217,15.0292036373469,0.430293001727443));
#4876=CARTESIAN_POINT('Ctrl Pts',(16.2603072924217,25.9257104169432,0.509435826043985));
#4877=CARTESIAN_POINT('Ctrl Pts',(1.92373192046111,30.5424181977357,0.588578650360529));
#4878=CARTESIAN_POINT('Ctrl Pts',(-12.8788152452825,27.7610549465444,0.66772147467707));
#4879=CARTESIAN_POINT('Ctrl Pts',(-24.561819309509,18.2553303468935,0.746864298993616));
#4880=CARTESIAN_POINT('Ctrl Pts',(-28.929542491115,7.64556751607033,0.807153771402933));
#4881=CARTESIAN_POINT('Ctrl Pts',(-29.3654875785556,1.38968774446702,0.841062302373404));
#4882=CARTESIAN_POINT('Ctrl Pts',(-29.3641911833378,0.000722525928577994,
0.848589891905028));
#4883=CARTESIAN_POINT('Origin',(0.,0.,-11.848589891905));
#4884=CARTESIAN_POINT('',(-29.3638076256183,0.00067580769228541,-1.34858989190502));
#4885=CARTESIAN_POINT('',(-29.3674706082606,7.43008739026788E-5,-1.15141010809498));
#4886=CARTESIAN_POINT('',(-29.365,2.32932791513647E-12,-11.848589891905));
#4887=CARTESIAN_POINT('Ctrl Pts',(-29.3638076256183,0.000675807692285535,
-1.34858989190502));
#4888=CARTESIAN_POINT('Ctrl Pts',(-29.3609509972777,-3.33923471829685,-1.33048970299677));
#4889=CARTESIAN_POINT('Ctrl Pts',(-27.9624703437188,-11.5493808703921,-1.28600857264967));
#4890=CARTESIAN_POINT('Ctrl Pts',(-20.4616335020791,-22.7565728466937,-1.21514650086372));
#4891=CARTESIAN_POINT('Ctrl Pts',(-7.1279940776607,-29.7612458363073,-1.13600367654718));
#4892=CARTESIAN_POINT('Ctrl Pts',(7.93220825872792,-29.5570655756022,-1.05686085223063));
#4893=CARTESIAN_POINT('Ctrl Pts',(21.0710486466737,-22.1934891855652,-0.97771802791409));
#4894=CARTESIAN_POINT('Ctrl Pts',(29.1059999582123,-9.45414299303898,-0.898575203597548));
#4895=CARTESIAN_POINT('Ctrl Pts',(30.0908135316808,5.57521248939396,-0.819432379281003));
#4896=CARTESIAN_POINT('Ctrl Pts',(23.7869450343219,19.2541242136441,-0.740289554964462));
#4897=CARTESIAN_POINT('Ctrl Pts',(11.7213353461211,28.2692474431855,-0.661146730647918));
#4898=CARTESIAN_POINT('Ctrl Pts',(-3.18344938443887,30.4369134985301,-0.582003906331375));
#4899=CARTESIAN_POINT('Ctrl Pts',(-17.3171299895714,25.2320641689215,-0.502861082014832));
#4900=CARTESIAN_POINT('Ctrl Pts',(-27.0881556743843,14.1067752556109,-0.425056410539377));
#4901=CARTESIAN_POINT('Ctrl Pts',(-29.3651979046251,4.61914294676084,-0.373632680502771));
#4902=CARTESIAN_POINT('Ctrl Pts',(-29.3673052356547,-0.000253020766933162,
-0.348589891905013));
#4903=CARTESIAN_POINT('Ctrl Pts',(-29.3674706082606,7.43008739037543E-5,
-1.15141010809498));
#4904=CARTESIAN_POINT('Ctrl Pts',(-29.3667674145236,-4.79516155930369,-1.12541362549228));
#4905=CARTESIAN_POINT('Ctrl Pts',(-26.9523998716828,-14.4572318580319,-1.07303620145073));
#4906=CARTESIAN_POINT('Ctrl Pts',(-16.8607669186528,-25.5392754944622,-0.994277835970334));
#4907=CARTESIAN_POINT('Ctrl Pts',(-2.63580896264439,-30.4892204718261,-0.915135011653789));
#4908=CARTESIAN_POINT('Ctrl Pts',(12.2276021049067,-28.053980121032,-0.835992187337248));
#4909=CARTESIAN_POINT('Ctrl Pts',(24.1292087620382,-18.8234252564499,-0.756849363020706));
#4910=CARTESIAN_POINT('Ctrl Pts',(30.1861701389097,-5.03340701831026,-0.677706538704163));
#4911=CARTESIAN_POINT('Ctrl Pts',(28.9313518975007,9.97581732241329,-0.59856371438762));
#4912=CARTESIAN_POINT('Ctrl Pts',(20.6686996658905,22.5686709397873,-0.519420890071076));
#4913=CARTESIAN_POINT('Ctrl Pts',(7.39961646745077,29.6948771676498,-0.440278065754533));
#4914=CARTESIAN_POINT('Ctrl Pts',(-7.66182278744864,29.6283061520721,-0.36113524143799));
#4915=CARTESIAN_POINT('Ctrl Pts',(-20.8673936284902,22.3850829129764,-0.281992417121446));
#4916=CARTESIAN_POINT('Ctrl Pts',(-28.0673388836388,11.1974904225366,-0.212084039340441));
#4917=CARTESIAN_POINT('Ctrl Pts',(-29.3610713514962,3.16347654893302,-0.168556602998283));
#4918=CARTESIAN_POINT('Ctrl Pts',(-29.3633768532194,-0.000588123108978406,
-0.151410108094973));
#4919=CARTESIAN_POINT('Origin',(0.,0.,-11.848589891905));
#4920=CARTESIAN_POINT('',(-29.363711486495,-0.000659897248687473,-2.34858989190502));
#4921=CARTESIAN_POINT('',(-29.3630840079399,0.000497220655794051,-2.15141010809498));
#4922=CARTESIAN_POINT('',(-29.365,2.32932791513647E-12,-11.848589891905));
#4923=CARTESIAN_POINT('Ctrl Pts',(-29.363711486495,-0.000659897248686536,
-2.34858989190502));
#4924=CARTESIAN_POINT('Ctrl Pts',(-29.3650121428656,-1.56567086918508,-2.34010860836845));
#4925=CARTESIAN_POINT('Ctrl Pts',(-28.8595303280008,-7.99779978223635,-2.30524638339304));
#4926=CARTESIAN_POINT('Ctrl Pts',(-24.2296976084243,-18.6938975899784,-2.24400321697878));
#4927=CARTESIAN_POINT('Ctrl Pts',(-12.3777088122987,-27.9880756369249,-2.16486039266224));
#4928=CARTESIAN_POINT('Ctrl Pts',(2.47244366601314,-30.502902740865,-2.08571756834569));
#4929=CARTESIAN_POINT('Ctrl Pts',(16.7237138375828,-25.6292303586925,-2.00657474402915));
#4930=CARTESIAN_POINT('Ctrl Pts',(26.9241186818557,-14.547573217057,-1.92743191971261));
#4931=CARTESIAN_POINT('Ctrl Pts',(30.6028872499053,0.0578383079414691,-1.84828909539607));
#4932=CARTESIAN_POINT('Ctrl Pts',(26.8689378009062,14.6492400741922,-1.76914627107952));
#4933=CARTESIAN_POINT('Ctrl Pts',(16.6267181449396,25.6922614230242,-1.69000344676298));
#4934=CARTESIAN_POINT('Ctrl Pts',(2.35712773304004,30.5120304494869,-1.61086062244644));
#4935=CARTESIAN_POINT('Ctrl Pts',(-12.4834128337422,27.9410890504047,-1.53171779812989));
#4936=CARTESIAN_POINT('Ctrl Pts',(-24.3001857909102,18.6021779323693,-1.45257497381335));
#4937=CARTESIAN_POINT('Ctrl Pts',(-28.8745279734801,7.92373590155126,-1.39153233840506));
#4938=CARTESIAN_POINT('Ctrl Pts',(-29.3651145198435,1.52866939274508,-1.35687064443561));
#4939=CARTESIAN_POINT('Ctrl Pts',(-29.3638076256183,0.000675807692285535,
-1.34858989190502));
#4940=CARTESIAN_POINT('Ctrl Pts',(-29.3630840079399,0.000497220655792663,
-2.15141010809498));
#4941=CARTESIAN_POINT('Ctrl Pts',(-29.361247316946,-3.02176445620707,-2.13503253086396));
#4942=CARTESIAN_POINT('Ctrl Pts',(-28.1492789244277,-10.9137138016936,-2.0922740121941));
#4943=CARTESIAN_POINT('Ctrl Pts',(-21.1896344562603,-22.0802954119107,-2.02313455208539));
#4944=CARTESIAN_POINT('Ctrl Pts',(-8.09042847091235,-29.5141495053513,-1.94399172776885));
#4945=CARTESIAN_POINT('Ctrl Pts',(6.9684640107534,-29.7990027215344,-1.86484890345231));
#4946=CARTESIAN_POINT('Ctrl Pts',(20.3394354050444,-22.8658571077317,-1.78570607913577));
#4947=CARTESIAN_POINT('Ctrl Pts',(28.7837311542445,-10.394078829187,-1.70656325481922));
#4948=CARTESIAN_POINT('Ctrl Pts',(30.2559500277369,4.59538265939466,-1.62742043050268));
#4949=CARTESIAN_POINT('Ctrl Pts',(24.3994870006605,18.471737546094,-1.54827760618614));
#4950=CARTESIAN_POINT('Ctrl Pts',(12.6329111329368,27.8738158524178,-1.46913478186959));
#4951=CARTESIAN_POINT('Ctrl Pts',(-2.19364424581107,30.5242195443225,-1.38999195755305));
#4952=CARTESIAN_POINT('Ctrl Pts',(-16.4888489029382,25.7809603336116,-1.31084913323651));
#4953=CARTESIAN_POINT('Ctrl Pts',(-26.7900778823754,14.7929638992136,-1.23170630891996));
#4954=CARTESIAN_POINT('Ctrl Pts',(-29.3499696831495,5.00805349287574,-1.17855996720612));
#4955=CARTESIAN_POINT('Ctrl Pts',(-29.3674810077077,0.0709904638807884,
-1.15179456693112));
#4956=CARTESIAN_POINT('Ctrl Pts',(-29.3674706082606,7.43008739037543E-5,
-1.15141010809498));
#4957=CARTESIAN_POINT('Origin',(0.,0.,-11.848589891905));
#4958=CARTESIAN_POINT('',(-29.3673535119834,0.000216504032067794,-3.34858989190502));
#4959=CARTESIAN_POINT('',(-29.3646120066159,-0.000747607529945071,-3.15141010809498));
#4960=CARTESIAN_POINT('',(-29.365,2.32932791513647E-12,-11.848589891905));
#4961=CARTESIAN_POINT('Ctrl Pts',(-29.3673535119834,0.000216504032067855,
-3.34858989190502));
#4962=CARTESIAN_POINT('Ctrl Pts',(-29.3655033077622,-4.65614716783456,-3.32334657230129));
#4963=CARTESIAN_POINT('Ctrl Pts',(-27.0599314995121,-14.1804867774759,-3.27172231125872));
#4964=CARTESIAN_POINT('Ctrl Pts',(-17.2216313106404,-25.2973411310488,-3.1937171087773));
#4965=CARTESIAN_POINT('Ctrl Pts',(-3.06837780560882,-30.4487292171994,-3.11457428446075));
#4966=CARTESIAN_POINT('Ctrl Pts',(11.8281068611434,-28.2247398815588,-3.03543146014421));
#4967=CARTESIAN_POINT('Ctrl Pts',(23.8595539867908,-19.1640741193437,-2.95628863582767));
#4968=CARTESIAN_POINT('Ctrl Pts',(30.1116723755008,-5.46143205128331,-2.87714581151113));
#4969=CARTESIAN_POINT('Ctrl Pts',(29.0700562051609,9.56409355501449,-2.79800298719458));
#4970=CARTESIAN_POINT('Ctrl Pts',(20.9870086944077,22.2729773349038,-2.71886016287804));
#4971=CARTESIAN_POINT('Ctrl Pts',(7.82042850248647,29.5868374676609,-2.6397173385615));
#4972=CARTESIAN_POINT('Ctrl Pts',(-7.24043802876051,29.7340900390774,-2.56057451424495));
#4973=CARTESIAN_POINT('Ctrl Pts',(-20.5475051557606,22.6790671142857,-2.48143168992841));
#4974=CARTESIAN_POINT('Ctrl Pts',(-27.9848197989995,11.4753976938313,-2.41077014914843));
#4975=CARTESIAN_POINT('Ctrl Pts',(-29.3609664651805,3.30227896692356,-2.3664895498073));
#4976=CARTESIAN_POINT('Ctrl Pts',(-29.363711486495,-0.000659897248686536,
-2.34858989190502));
#4977=CARTESIAN_POINT('Ctrl Pts',(-29.3646120066159,-0.000747607529943822,
-3.15141010809498));
#4978=CARTESIAN_POINT('Ctrl Pts',(-29.3658461948278,-1.2477833970941,-3.14465143623565));
#4979=CARTESIAN_POINT('Ctrl Pts',(-28.9835751477497,-7.3615889512499,-3.11151182293747));
#4980=CARTESIAN_POINT('Ctrl Pts',(-24.8238185687928,-17.8974323725733,-3.05199126820045));
#4981=CARTESIAN_POINT('Ctrl Pts',(-13.2798104371123,-27.5714832502994,-2.97284844388391));
#4982=CARTESIAN_POINT('Ctrl Pts',(1.48087098706869,-30.5670913726975,-2.89370561956737));
#4983=CARTESIAN_POINT('Ctrl Pts',(15.8828516469353,-26.158652056798,-2.81456279525083));
#4984=CARTESIAN_POINT('Ctrl Pts',(26.4376430006453,-15.4139899583983,-2.73541997093428));
#4985=CARTESIAN_POINT('Ctrl Pts',(30.5886335953342,-0.935707559855919,-2.65627714661774));
#4986=CARTESIAN_POINT('Ctrl Pts',(27.3303587335508,13.7692245737587,-2.5771343223012));
#4987=CARTESIAN_POINT('Ctrl Pts',(17.4520469797509,25.1389361366734,-2.49799149798465));
#4988=CARTESIAN_POINT('Ctrl Pts',(3.34645098231865,30.4194233950961,-2.41884867366811));
#4989=CARTESIAN_POINT('Ctrl Pts',(-11.5697318492,28.3316317709514,-2.33970584935157));
#4990=CARTESIAN_POINT('Ctrl Pts',(-23.6834614667248,19.3812720640658,-2.26056302503502));
#4991=CARTESIAN_POINT('Ctrl Pts',(-28.7408675603621,8.55996976327889,-2.19779777794949));
#4992=CARTESIAN_POINT('Ctrl Pts',(-29.3642058520742,1.84648358717347,-2.16141347230281));
#4993=CARTESIAN_POINT('Ctrl Pts',(-29.3630840079399,0.000497220655792663,
-2.15141010809498));
#4994=CARTESIAN_POINT('Origin',(0.,0.,-11.848589891905));
#4995=CARTESIAN_POINT('',(-29.3628512684195,0.00039374449042525,-4.34858989190502));
#4996=CARTESIAN_POINT('',(-29.3667525205803,0.000499246551944055,-4.15141010809498));
#4997=CARTESIAN_POINT('',(-29.365,2.32932791513647E-12,-11.848589891905));
#4998=CARTESIAN_POINT('Ctrl Pts',(-29.3628512684195,0.000393744490424647,
-4.34858989190502));
#4999=CARTESIAN_POINT('Ctrl Pts',(-29.3614779343092,-2.88294727299346,-4.33296547767298));
#5000=CARTESIAN_POINT('Ctrl Pts',(-28.2272971097024,-10.6357040050143,-4.29096012200209));
#5001=CARTESIAN_POINT('Ctrl Pts',(-21.5009578576482,-21.77725566971,-4.22257382489236));
#5002=CARTESIAN_POINT('Ctrl Pts',(-8.50860522461392,-29.3963210356663,-4.14343100057581));
#5003=CARTESIAN_POINT('Ctrl Pts',(6.54472586229636,-29.8949262699822,-4.06428817625927));
#5004=CARTESIAN_POINT('Ctrl Pts',(20.0127749161775,-23.1522978007519,-3.98514535194272));
#5005=CARTESIAN_POINT('Ctrl Pts',(28.6332729536836,-10.8016541909161,-3.90600252762619));
#5006=CARTESIAN_POINT('Ctrl Pts',(30.3181385269195,4.16539668732813,-3.82685970330964));
#5007=CARTESIAN_POINT('Ctrl Pts',(24.6592587251966,18.1234933835643,-3.74771687899309));
#5008=CARTESIAN_POINT('Ctrl Pts',(13.0273434400359,27.6916661867002,-3.66857405467656));
#5009=CARTESIAN_POINT('Ctrl Pts',(-1.76009186660687,30.552285183295,-3.58943123036001));
#5010=CARTESIAN_POINT('Ctrl Pts',(-16.12119273674,26.0124431387205,-3.51028840604347));
#5011=CARTESIAN_POINT('Ctrl Pts',(-26.5773726469621,15.1717934498461,-3.43114558172693));
#5012=CARTESIAN_POINT('Ctrl Pts',(-29.3141585020073,5.28607231192667,-3.37724607701411));
#5013=CARTESIAN_POINT('Ctrl Pts',(-29.3674368937554,0.210061368675162,-3.34972751374014));
#5014=CARTESIAN_POINT('Ctrl Pts',(-29.3673535119834,0.000216504032067855,
-3.34858989190502));
#5015=CARTESIAN_POINT('Ctrl Pts',(-29.3667525205803,0.000499246551944055,
-4.15141010809498));
#5016=CARTESIAN_POINT('Ctrl Pts',(-29.363277051293,-4.33837053562582,-4.12788940016849));
#5017=CARTESIAN_POINT('Ctrl Pts',(-27.2968562507983,-13.5469384984692,-4.07798775080315));
#5018=CARTESIAN_POINT('Ctrl Pts',(-18.0338255630847,-24.7249103017061,-4.00170515999898));
#5019=CARTESIAN_POINT('Ctrl Pts',(-4.05527108221238,-30.3330649674072,-3.92256233568243));
#5020=CARTESIAN_POINT('Ctrl Pts',(10.905562644721,-28.5938587334631,-3.84341951136589));
#5021=CARTESIAN_POINT('Ctrl Pts',(23.2248201032967,-19.9285670592916,-3.76427668704934));
#5022=CARTESIAN_POINT('Ctrl Pts',(29.9184958637614,-6.43612143431674,-3.6851338627328));
#5023=CARTESIAN_POINT('Ctrl Pts',(29.3652288269256,8.61529975157434,-3.60599103841626));
#5024=CARTESIAN_POINT('Ctrl Pts',(21.6990329013038,21.5798986331102,-3.52684821409971));
#5025=CARTESIAN_POINT('Ctrl Pts',(8.77683577466705,29.3173533534612,-3.44770538978317));
#5026=CARTESIAN_POINT('Ctrl Pts',(-6.2713113693084,29.9534757177921,-3.36856256546663));
#5027=CARTESIAN_POINT('Ctrl Pts',(-19.8004037130562,23.3341823655162,-3.28941974115008));
#5028=CARTESIAN_POINT('Ctrl Pts',(-27.7876033210469,12.110772422735,-3.21703558869287));
#5029=CARTESIAN_POINT('Ctrl Pts',(-29.3610288212934,3.61973774039706,-3.1710323776745));
#5030=CARTESIAN_POINT('Ctrl Pts',(-29.3646120066159,-0.000747607529943822,
-3.15141010809498));
#5031=CARTESIAN_POINT('Origin',(0.,0.,-11.848589891905));
#5032=CARTESIAN_POINT('',(-29.3650422962356,-0.00074870694713593,-5.34858989190502));
#5033=CARTESIAN_POINT('',(-29.3625445158721,0.000120410525965564,-5.15141010809498));
#5034=CARTESIAN_POINT('',(-29.365,2.32932791513647E-12,-11.848589891905));
#5035=CARTESIAN_POINT('Ctrl Pts',(-29.3650422962356,-0.000748706947134997,
-5.34858989190501));
#5036=CARTESIAN_POINT('Ctrl Pts',(-29.366171420223,-1.10877243291797,-5.34258438304466));
#5037=CARTESIAN_POINT('Ctrl Pts',(-29.03442287862,-7.0834398389288,-5.31019793274546));
#5038=CARTESIAN_POINT('Ctrl Pts',(-25.0753945172076,-17.5432221415188,-5.25143054100742));
#5039=CARTESIAN_POINT('Ctrl Pts',(-13.6698855465255,-27.3801804677247,-5.17228771669087));
#5040=CARTESIAN_POINT('Ctrl Pts',(1.04678181435178,-30.5850339403674,-5.09314489237433));
#5041=CARTESIAN_POINT('Ctrl Pts',(15.5098947196708,-26.3814938751582,-5.01400206805779));
#5042=CARTESIAN_POINT('Ctrl Pts',(26.2161570019694,-15.7877536511175,-4.93485924374124));
#5043=CARTESIAN_POINT('Ctrl Pts',(30.5722674910943,-1.36985902678482,-4.85571641942471));
#5044=CARTESIAN_POINT('Ctrl Pts',(27.5230767678647,13.3798467304564,-4.77657359510815));
#5045=CARTESIAN_POINT('Ctrl Pts',(17.8071684445697,24.8886481209206,-4.69743077079162));
#5046=CARTESIAN_POINT('Ctrl Pts',(3.77795735072987,30.368850678884,-4.61828794647507));
#5047=CARTESIAN_POINT('Ctrl Pts',(-11.166361271779,28.4930242208228,-4.53914512215853));
#5048=CARTESIAN_POINT('Ctrl Pts',(-23.4059322439023,19.7155367437495,-4.46000229784198));
#5049=CARTESIAN_POINT('Ctrl Pts',(-28.6789758330458,8.83814388437885,-4.39648388775748));
#5050=CARTESIAN_POINT('Ctrl Pts',(-29.3637967314302,1.98541127157787,-4.35934641911182));
#5051=CARTESIAN_POINT('Ctrl Pts',(-29.3628512684195,0.000393744490424647,
-4.34858989190502));
#5052=CARTESIAN_POINT('Ctrl Pts',(-29.3625445158721,0.000120410525967785,
-5.15141010809498));
#5053=CARTESIAN_POINT('Ctrl Pts',(-29.3621756819059,-2.56540528073153,-5.13750830554018));
#5054=CARTESIAN_POINT('Ctrl Pts',(-28.3974714296407,-9.99970726972192,-5.09722556154653));
#5055=CARTESIAN_POINT('Ctrl Pts',(-22.196617667479,-21.0677530361199,-5.03056187611403));
#5056=CARTESIAN_POINT('Ctrl Pts',(-9.45846467563325,-29.1045958543831,-4.95141905179749));
#5057=CARTESIAN_POINT('Ctrl Pts',(5.57074441631632,-30.0916410405824,-4.87227622748094));
#5058=CARTESIAN_POINT('Ctrl Pts',(19.2505920193976,-23.7898037144043,-4.7931334031644));
#5059=CARTESIAN_POINT('Ctrl Pts',(28.2675067058638,-11.7255327597992,-4.71399057884786));
#5060=CARTESIAN_POINT('Ctrl Pts',(30.4373858644567,3.17892994659332,-4.63484775453131));
#5061=CARTESIAN_POINT('Ctrl Pts',(25.2346352202842,17.3133832385923,-4.55570493021478));
#5062=CARTESIAN_POINT('Ctrl Pts',(13.9194797685675,27.2541398110382,-4.47656210589823));
#5063=CARTESIAN_POINT('Ctrl Pts',(-0.767291492658223,30.5933214547305,-4.39741928158169));
#5064=CARTESIAN_POINT('Ctrl Pts',(-15.2682072355629,26.5221021353716,-4.31827645726514));
#5065=CARTESIAN_POINT('Ctrl Pts',(-26.0708145823066,16.0266241261898,-4.2391336329486));
#5066=CARTESIAN_POINT('Ctrl Pts',(-29.2247731860074,5.92202454192476,-4.18351151655855));
#5067=CARTESIAN_POINT('Ctrl Pts',(-29.3671751547016,0.528127105183446,-4.15427034160734));
#5068=CARTESIAN_POINT('Ctrl Pts',(-29.3667525205803,0.000499246551944055,
-4.15141010809498));
#5069=CARTESIAN_POINT('Origin',(0.,0.,-11.848589891905));
#5070=CARTESIAN_POINT('',(-29.36638688864,0.000594518969433947,-6.34858989190502));
#5071=CARTESIAN_POINT('',(-29.3660290466851,-0.000661353591007163,-6.15141010809498));
#5072=CARTESIAN_POINT('',(-29.365,2.32932791513647E-12,-11.848589891905));
#5073=CARTESIAN_POINT('Ctrl Pts',(-29.36638688864,0.000594518969433896,
-6.34858989190502));
#5074=CARTESIAN_POINT('Ctrl Pts',(-29.3625668680304,-4.19949049658054,-6.32582234697751));
#5075=CARTESIAN_POINT('Ctrl Pts',(-27.396541058552,-13.269709672717,-6.27667386061113));
#5076=CARTESIAN_POINT('Ctrl Pts',(-18.3830107607387,-24.4664048987759,-6.20114443280595));
#5077=CARTESIAN_POINT('Ctrl Pts',(-4.48548004957967,-30.272438323087,-6.12200160848938));
#5078=CARTESIAN_POINT('Ctrl Pts',(10.4985363420681,-28.7457960052346,-6.04285878417285));
#5079=CARTESIAN_POINT('Ctrl Pts',(22.9395675290852,-20.2562655708999,-5.9637159598563));
#5080=CARTESIAN_POINT('Ctrl Pts',(29.824111704352,-6.86020512423781,-5.88457313553977));
#5081=CARTESIAN_POINT('Ctrl Pts',(29.4845750807064,8.19755363571806,-5.80543031122322));
#5082=CARTESIAN_POINT('Ctrl Pts',(22.0032011806954,21.2696777385585,-5.72628748690668));
#5083=CARTESIAN_POINT('Ctrl Pts',(9.19214957763062,29.1898002638379,-5.64714466259013));
#5084=CARTESIAN_POINT('Ctrl Pts',(-5.84545052829539,30.0394867036961,-5.56800183827359));
#5085=CARTESIAN_POINT('Ctrl Pts',(-19.4671490529418,23.6129236023588,-5.48885901395705));
#5086=CARTESIAN_POINT('Ctrl Pts',(-27.6976317262219,12.3884445409826,-5.41572169850085));
#5087=CARTESIAN_POINT('Ctrl Pts',(-29.361211415254,3.75854351105861,-5.36896532448351));
#5088=CARTESIAN_POINT('Ctrl Pts',(-29.3650422962356,-0.000748706947134997,
-5.34858989190501));
#5089=CARTESIAN_POINT('Ctrl Pts',(-29.3660290466851,-0.00066135359100522,
-6.15141010809498));
#5090=CARTESIAN_POINT('Ctrl Pts',(-29.3667989521663,-0.790784569534368,
-6.14712721091187));
#5091=CARTESIAN_POINT('Ctrl Pts',(-29.1430468428796,-6.44731736940504,-6.1164633722899));
#5092=CARTESIAN_POINT('Ctrl Pts',(-25.6317132928166,-16.7199081200235,-6.0594185922291));
#5093=CARTESIAN_POINT('Ctrl Pts',(-14.5515708699354,-26.9219583070107,-5.98027576791254));
#5094=CARTESIAN_POINT('Ctrl Pts',(0.0532942591103112,-30.6028955098881,
-5.90113294359601));
#5095=CARTESIAN_POINT('Ctrl Pts',(14.645250301785,-26.8711126949601,-5.82199011927946));
#5096=CARTESIAN_POINT('Ctrl Pts',(25.6897923410124,-16.6305328640678,-5.74284729496292));
#5097=CARTESIAN_POINT('Ctrl Pts',(30.5116801259079,-2.36165826517197,-5.66370447064637));
#5098=CARTESIAN_POINT('Ctrl Pts',(27.9429423416279,12.47926388693,-5.58456164632983));
#5099=CARTESIAN_POINT('Ctrl Pts',(18.6057859289461,24.2974233990645,-5.50541882201328));
#5100=CARTESIAN_POINT('Ctrl Pts',(4.76188335696933,30.2301922051745,-5.42627599769675));
#5101=CARTESIAN_POINT('Ctrl Pts',(-10.2354560873863,28.8405182434429,-5.3471331733802));
#5102=CARTESIAN_POINT('Ctrl Pts',(-22.7535343714435,20.465012276437,-5.26799034906366));
#5103=CARTESIAN_POINT('Ctrl Pts',(-28.5294362112659,9.47434569487915,-5.20274932730192));
#5104=CARTESIAN_POINT('Ctrl Pts',(-29.362875604612,2.30309883980401,-5.16388924697902));
#5105=CARTESIAN_POINT('Ctrl Pts',(-29.3625445158721,0.000120410525967785,
-5.15141010809498));
#5106=CARTESIAN_POINT('Origin',(0.,0.,-11.848589891905));
#5107=CARTESIAN_POINT('',(-29.3625154480879,-7.11047455767689E-6,-7.34858989190502));
#5108=CARTESIAN_POINT('',(-29.3654304173844,0.000729607961020284,-7.15141010809499));
#5109=CARTESIAN_POINT('',(-29.365,2.32932791513647E-12,-11.848589891905));
#5110=CARTESIAN_POINT('Ctrl Pts',(-29.3625154480879,-7.11047456025682E-6,
-7.34858989190502));
#5111=CARTESIAN_POINT('Ctrl Pts',(-29.3625360236476,-2.42654625600739,-7.3354412523492));
#5112=CARTESIAN_POINT('Ctrl Pts',(-28.4682940051297,-9.7215884069222,-7.29591167135453));
#5113=CARTESIAN_POINT('Ctrl Pts',(-22.4934652254954,-20.7505198838423,-7.23000114892099));
#5114=CARTESIAN_POINT('Ctrl Pts',(-9.87068941714171,-28.9673875889869,-7.15085832460446));
#5115=CARTESIAN_POINT('Ctrl Pts',(5.14299273562455,-30.1676926366868,-7.07171550028789));
#5116=CARTESIAN_POINT('Ctrl Pts',(18.9109246230124,-24.0606937390222,-6.99257267597138));
#5117=CARTESIAN_POINT('Ctrl Pts',(28.0981987924757,-12.1256454640073,-6.91342985165481));
#5118=CARTESIAN_POINT('Ctrl Pts',(30.4794476763266,2.74651099512754,-6.83428702733829));
#5119=CARTESIAN_POINT('Ctrl Pts',(25.4778784262217,16.9533997829034,-6.75514420302172));
#5120=CARTESIAN_POINT('Ctrl Pts',(14.3049853103659,27.0537880632362,-6.6760013787052));
#5121=CARTESIAN_POINT('Ctrl Pts',(-0.332901859085275,30.6011311825642,-6.59685855438864));
#5122=CARTESIAN_POINT('Ctrl Pts',(-14.8901525974507,26.736181644448,-6.51771573007211));
#5123=CARTESIAN_POINT('Ctrl Pts',(-25.8406684047495,16.3951184715471,-6.43857290575555));
#5124=CARTESIAN_POINT('Ctrl Pts',(-29.1824021410387,6.20010834169211,-6.38219762636654));
#5125=CARTESIAN_POINT('Ctrl Pts',(-29.3669931573083,0.667182532336995,-6.35220328841636));
#5126=CARTESIAN_POINT('Ctrl Pts',(-29.36638688864,0.000594518969433896,
-6.34858989190502));
#5127=CARTESIAN_POINT('Ctrl Pts',(-29.3654304173844,0.000729607961020562,
-7.15141010809499));
#5128=CARTESIAN_POINT('Ctrl Pts',(-29.3614650749748,-3.88193849405655,-7.13036517484471));
#5129=CARTESIAN_POINT('Ctrl Pts',(-27.6157234575537,-12.6351969164626,-7.08293930015558));
#5130=CARTESIAN_POINT('Ctrl Pts',(-19.1676166829925,-23.8567081669086,-7.00913248402761));
#5131=CARTESIAN_POINT('Ctrl Pts',(-5.46590310324608,-30.1108611157686,-6.92998965971106));
#5132=CARTESIAN_POINT('Ctrl Pts',(9.55977700560619,-29.0714760112083,-6.85084683539452));
#5133=CARTESIAN_POINT('Ctrl Pts',(22.269860854872,-20.9903156567932,-6.77170401107798));
#5134=CARTESIAN_POINT('Ctrl Pts',(29.5856759396249,-7.82482159941564,-6.69256118676143));
#5135=CARTESIAN_POINT('Ctrl Pts',(29.7351648116475,7.23602290566703,-6.61341836244489));
#5136=CARTESIAN_POINT('Ctrl Pts',(22.6821178530062,20.5441374501223,-6.53427553812835));
#5137=CARTESIAN_POINT('Ctrl Pts',(10.134944072252,28.8759928404116,-6.4551327138118));
#5138=CARTESIAN_POINT('Ctrl Pts',(-4.86714456384464,30.2134234680848,-6.37598988949527));
#5139=CARTESIAN_POINT('Ctrl Pts',(-18.6902996599335,24.2324730989032,-6.29684706517871));
#5140=CARTESIAN_POINT('Ctrl Pts',(-27.4831779906204,13.0231726202202,-6.2219871380453));
#5141=CARTESIAN_POINT('Ctrl Pts',(-29.3620566409349,4.07605985798247,-6.17350815235071));
#5142=CARTESIAN_POINT('Ctrl Pts',(-29.3660290466851,-0.00066135359100522,
-6.15141010809498));
#5143=CARTESIAN_POINT('Origin',(0.,0.,-11.848589891905));
#5144=CARTESIAN_POINT('',(-29.3664296967921,-0.000584951215173048,-8.34858989190502));
#5145=CARTESIAN_POINT('',(-29.3626933843697,-0.000292273720841063,-8.15141010809498));
#5146=CARTESIAN_POINT('',(-29.365,2.32932791513647E-12,-11.848589891905));
#5147=CARTESIAN_POINT('Ctrl Pts',(-29.3664296967921,-0.000584951215171839,
-8.34858989190502));
#5148=CARTESIAN_POINT('Ctrl Pts',(-29.3670153153225,-0.651736456512411,
-8.34506015772088));
#5149=CARTESIAN_POINT('Ctrl Pts',(-29.1872080551919,-6.16921752464333,-8.31514948209789));
#5150=CARTESIAN_POINT('Ctrl Pts',(-25.8664913268221,-16.354347424275,-8.25885786503605));
#5151=CARTESIAN_POINT('Ctrl Pts',(-14.9322969618696,-26.7126666734564,-8.17971504071951));
#5152=CARTESIAN_POINT('Ctrl Pts',(-0.381159339158189,-30.6005681453339,
-8.10057221640296));
#5153=CARTESIAN_POINT('Ctrl Pts',(14.2623037784475,-27.0763133430657,-8.02142939208643));
#5154=CARTESIAN_POINT('Ctrl Pts',(25.4511112838253,-16.9935572412383,-7.94228656776988));
#5155=CARTESIAN_POINT('Ctrl Pts',(30.475078536576,-2.79457357946168,-7.86314374345334));
#5156=CARTESIAN_POINT('Ctrl Pts',(28.1172859607286,12.0813196093724,-7.78400091913679));
#5157=CARTESIAN_POINT('Ctrl Pts',(18.9488447513439,24.0308413479133,-7.70485809482025));
#5158=CARTESIAN_POINT('Ctrl Pts',(5.19056070314768,30.1595446399321,-7.62571527050371));
#5159=CARTESIAN_POINT('Ctrl Pts',(-9.82499565822623,28.9829176173773,-7.54657244618716));
#5160=CARTESIAN_POINT('Ctrl Pts',(-22.4607137468804,20.7859662099495,-7.46742962187063));
#5161=CARTESIAN_POINT('Ctrl Pts',(-28.4605337977524,9.75248333761359,-7.4014354371099));
#5162=CARTESIAN_POINT('Ctrl Pts',(-29.3624947416097,2.44197164849303,-7.36182219378804));
#5163=CARTESIAN_POINT('Ctrl Pts',(-29.3625154480879,-7.11047456025682E-6,
-7.34858989190502));
#5164=CARTESIAN_POINT('Ctrl Pts',(-29.3626933843697,-0.000292273720844116,
-8.15141010809498));
#5165=CARTESIAN_POINT('Ctrl Pts',(-29.363433834244,-2.1088924107022,-8.13998408021639));
#5166=CARTESIAN_POINT('Ctrl Pts',(-28.6221812775016,-9.08541311601536,-8.10217711089896));
#5167=CARTESIAN_POINT('Ctrl Pts',(-23.1552691353528,-20.0093369489193,-8.03798920014266));
#5168=CARTESIAN_POINT('Ctrl Pts',(-10.8059056665273,-28.6316687706833,-7.95884637582613));
#5169=CARTESIAN_POINT('Ctrl Pts',(4.16089487517396,-30.3187566978675,-7.87970355150958));
#5170=CARTESIAN_POINT('Ctrl Pts',(18.1198316765538,-24.6619495150062,-7.80056072719304));
#5171=CARTESIAN_POINT('Ctrl Pts',(27.6897315338768,-13.0314550779629,-7.72141790287649));
#5172=CARTESIAN_POINT('Ctrl Pts',(30.5525462017437,1.75555531313689,-7.64227507855995));
#5173=CARTESIAN_POINT('Ctrl Pts',(26.0148366038139,16.1173301245604,-7.56313225424341));
#5174=CARTESIAN_POINT('Ctrl Pts',(15.1757396096909,26.5751195889317,-7.48398942992687));
#5175=CARTESIAN_POINT('Ctrl Pts',(0.660731989614051,30.5958083257346,-7.40484660561032));
#5176=CARTESIAN_POINT('Ctrl Pts',(-14.0143200041801,27.2054937225482,-7.32570378129379));
#5177=CARTESIAN_POINT('Ctrl Pts',(-25.2947837180076,17.2253873839283,-7.24656095697723));
#5178=CARTESIAN_POINT('Ctrl Pts',(-29.0779046522185,6.83619872958624,-7.18846306591097));
#5179=CARTESIAN_POINT('Ctrl Pts',(-29.3664358422682,0.985192164315121,-7.15674611628356));
#5180=CARTESIAN_POINT('Ctrl Pts',(-29.3654304173844,0.000729607961020562,
-7.15141010809499));
#5181=CARTESIAN_POINT('Origin',(0.,0.,-11.848589891905));
#5182=CARTESIAN_POINT('',(-29.3649947043133,0.000756259789810541,-9.34858989190502));
#5183=CARTESIAN_POINT('',(-29.3671676403562,-0.00033524078379088,-9.15141010809498));
#5184=CARTESIAN_POINT('',(-29.365,2.32932791513647E-12,-11.848589891905));
#5185=CARTESIAN_POINT('Ctrl Pts',(-29.3649947043133,0.00075625978981031,
-9.34858989190502));
#5186=CARTESIAN_POINT('Ctrl Pts',(-29.3611865786448,-3.74311869140057,-9.32829812165372));
#5187=CARTESIAN_POINT('Ctrl Pts',(-27.7077380985537,-12.3576141523312,-9.28162540996357));
#5188=CARTESIAN_POINT('Ctrl Pts',(-19.5043629969541,-23.5821889568419,-9.20857175683456));
#5189=CARTESIAN_POINT('Ctrl Pts',(-5.89281510648793,-30.0302340547045,-9.12942893251803));
#5190=CARTESIAN_POINT('Ctrl Pts',(9.14610574233797,-29.2042584064299,-9.05028610820148));
#5191=CARTESIAN_POINT('Ctrl Pts',(21.9696316936077,-21.3043510892939,-8.97114328388494));
#5192=CARTESIAN_POINT('Ctrl Pts',(29.4716108513784,-8.24404010303593,-8.8920004595684));
#5193=CARTESIAN_POINT('Ctrl Pts',(29.8348931679668,6.81316383302042,-8.81285763525185));
#5194=CARTESIAN_POINT('Ctrl Pts',(22.971483062588,20.2200648701174,-8.73371481093531));
#5195=CARTESIAN_POINT('Ctrl Pts',(10.5438553303663,28.7292040382845,-8.65457198661877));
#5196=CARTESIAN_POINT('Ctrl Pts',(-4.43773492945531,30.2794743017375,-8.57542916230223));
#5197=CARTESIAN_POINT('Ctrl Pts',(-18.3444044516392,24.4953644127264,-8.49628633798568));
#5198=CARTESIAN_POINT('Ctrl Pts',(-27.3855843399742,13.3005108660078,-8.42067324785328));
#5199=CARTESIAN_POINT('Ctrl Pts',(-29.3626384508476,4.21491605410548,-8.37144109915973));
#5200=CARTESIAN_POINT('Ctrl Pts',(-29.3664296967921,-0.000584951215171839,
-8.34858989190502));
#5201=CARTESIAN_POINT('Ctrl Pts',(-29.3671676403562,-0.000335240783792823,
-9.15141010809498));
#5202=CARTESIAN_POINT('Ctrl Pts',(-29.3673614045668,-0.333681823260363,
-9.14960298558807));
#5203=CARTESIAN_POINT('Ctrl Pts',(-29.2806581577947,-5.5332254775193,-9.12141492164232));
#5204=CARTESIAN_POINT('Ctrl Pts',(-26.383796577335,-15.5059774337213,-9.06684591625772));
#5205=CARTESIAN_POINT('Ctrl Pts',(-15.7916461646832,-26.2138124255426,-8.98770309194119));
#5206=CARTESIAN_POINT('Ctrl Pts',(-1.37439851628644,-30.5720637932133,-8.90856026762463));
#5207=CARTESIAN_POINT('Ctrl Pts',(13.375759843621,-27.5250631529088,-8.82941744330811));
#5208=CARTESIAN_POINT('Ctrl Pts',(24.8860037684949,-17.8108638360121,-8.75027461899155));
#5209=CARTESIAN_POINT('Ctrl Pts',(30.3682893863177,-3.7824666029988,-8.67113179467501));
#5210=CARTESIAN_POINT('Ctrl Pts',(28.4946819444614,11.162130382925,-8.59198897035847));
#5211=CARTESIAN_POINT('Ctrl Pts',(19.7190119458808,23.4030045466315,-8.51284614604193));
#5212=CARTESIAN_POINT('Ctrl Pts',(6.16694702910626,29.9751366663476,-8.43370332172538));
#5213=CARTESIAN_POINT('Ctrl Pts',(-8.87889326163159,29.2866062959845,-8.35456049740884));
#5214=CARTESIAN_POINT('Ctrl Pts',(-21.7740628816272,21.5041912074544,-8.27541767309229));
#5215=CARTESIAN_POINT('Ctrl Pts',(-28.294797185924,10.3885419006276,-8.20770087665434));
#5216=CARTESIAN_POINT('Ctrl Pts',(-29.3617242493403,2.75954107490872,-8.16636502165524));
#5217=CARTESIAN_POINT('Ctrl Pts',(-29.3626933843697,-0.000292273720844116,
-8.15141010809498));
#5218=CARTESIAN_POINT('Origin',(0.,0.,17.5));
#5219=CARTESIAN_POINT('',(-26.,-3.18408167778312E-15,18.));
#5220=CARTESIAN_POINT('Origin',(0.,0.,18.));
#5221=CARTESIAN_POINT('',(-25.,3.06161699786838E-15,17.));
#5222=CARTESIAN_POINT('',(-25.5,-3.12284933782575E-15,17.5));
#5223=CARTESIAN_POINT('Origin',(0.,0.,17.));
#5224=CARTESIAN_POINT('Origin',(0.,0.,18.));
#5225=CARTESIAN_POINT('',(-12.4557957265619,27.2286768472726,18.));
#5226=CARTESIAN_POINT('Ctrl Pts',(-12.4557957265619,27.2286768472726,18.));
#5227=CARTESIAN_POINT('Ctrl Pts',(-12.9713906848446,26.9877109561691,18.));
#5228=CARTESIAN_POINT('Ctrl Pts',(-13.4793523763069,26.732397495507,18.));
#5229=CARTESIAN_POINT('Ctrl Pts',(-13.9790453135073,26.4629972674491,18.));
#5230=CARTESIAN_POINT('Ctrl Pts',(-14.3925871035959,26.2400438409197,18.));
#5231=CARTESIAN_POINT('Ctrl Pts',(-14.8004655185558,26.0074412918024,18.));
#5232=CARTESIAN_POINT('Ctrl Pts',(-15.2023121376175,25.76531173328,18.));
#5233=CARTESIAN_POINT('Ctrl Pts',(-15.6834503141661,25.4754056627797,18.));
#5234=CARTESIAN_POINT('Ctrl Pts',(-16.1559424471039,25.1718431006145,18.));
#5235=CARTESIAN_POINT('Ctrl Pts',(-16.6193610699524,24.8551742266615,18.));
#5236=CARTESIAN_POINT('Ctrl Pts',(-17.0873070135972,24.5354116885615,18.));
#5237=CARTESIAN_POINT('Ctrl Pts',(-17.5460016865145,24.202285217244,18.));
#5238=CARTESIAN_POINT('Ctrl Pts',(-17.9949762032228,23.8563167205952,18.));
#5239=CARTESIAN_POINT('Ctrl Pts',(-18.4441797919994,23.5101717067587,18.));
#5240=CARTESIAN_POINT('Ctrl Pts',(-18.8836536600053,23.1511712027808,18.));
#5241=CARTESIAN_POINT('Ctrl Pts',(-19.3128939819694,22.7797985021618,18.));
#5242=CARTESIAN_POINT('Ctrl Pts',(-19.7404713233809,22.4098645889708,18.));
#5243=CARTESIAN_POINT('Ctrl Pts',(-20.1578945890801,22.0276537856543,18.));
#5244=CARTESIAN_POINT('Ctrl Pts',(-20.5646267470677,21.6336101971031,18.));
#5245=CARTESIAN_POINT('Ctrl Pts',(-20.805926625825,21.3998380001543,18.));
#5246=CARTESIAN_POINT('Ctrl Pts',(-21.0434628628741,21.1619004871916,18.));
#5247=CARTESIAN_POINT('Ctrl Pts',(-21.2771160604759,20.9198855782887,18.));
#5248=CARTESIAN_POINT('Ctrl Pts',(-21.3793393344267,20.8140040556437,18.));
#5249=CARTESIAN_POINT('Ctrl Pts',(-21.4808192971886,20.7073420510183,18.));
#5250=CARTESIAN_POINT('Ctrl Pts',(-21.5815456000215,20.5999067350652,18.));
#5251=CARTESIAN_POINT('Ctrl Pts',(-21.628510518152,20.549813654349,18.));
#5252=CARTESIAN_POINT('Ctrl Pts',(-21.6753115868308,20.4995524534654,18.));
#5253=CARTESIAN_POINT('Ctrl Pts',(-21.7219477406136,20.4491238511554,18.));
#5254=CARTESIAN_POINT('Ctrl Pts',(-21.7632005895908,20.404516323594,18.));
#5255=CARTESIAN_POINT('Ctrl Pts',(-21.8043269282012,20.3597749965024,18.));
#5256=CARTESIAN_POINT('Ctrl Pts',(-21.8453079996714,20.3149202177099,18.));
#5257=CARTESIAN_POINT('Ctrl Pts',(-22.2277527657875,19.8963251256571,18.));
#5258=CARTESIAN_POINT('Ctrl Pts',(-22.5978495257015,19.4675307009041,18.));
#5259=CARTESIAN_POINT('Ctrl Pts',(-22.9551751217746,19.0290898917667,18.));
#5260=CARTESIAN_POINT('Ctrl Pts',(-23.3132367660802,18.5897459467046,18.));
#5261=CARTESIAN_POINT('Ctrl Pts',(-23.6584749303656,18.1407154743014,18.));
#5262=CARTESIAN_POINT('Ctrl Pts',(-23.9904295752423,17.6825151697855,18.));
#5263=CARTESIAN_POINT('Ctrl Pts',(-24.3213195424924,17.2257844504079,18.));
#5264=CARTESIAN_POINT('Ctrl Pts',(-24.6390113809602,16.7599422433619,18.));
#5265=CARTESIAN_POINT('Ctrl Pts',(-24.9430104796037,16.2854665210102,18.));
#5266=CARTESIAN_POINT('Ctrl Pts',(-25.1462925490066,15.9681879265951,18.));
#5267=CARTESIAN_POINT('Ctrl Pts',(-25.3434510975714,15.6470481659364,18.));
#5268=CARTESIAN_POINT('Ctrl Pts',(-25.5343273775513,15.3221829581447,18.));
#5269=CARTESIAN_POINT('Ctrl Pts',(-25.8202593643443,14.8355360352607,18.));
#5270=CARTESIAN_POINT('Ctrl Pts',(-26.0920962305817,14.3405300436744,18.));
#5271=CARTESIAN_POINT('Ctrl Pts',(-26.3496547592818,13.8378324764941,18.));
#5272=CARTESIAN_POINT('Ctrl Pts',(-26.6072620153304,13.3350398042528,18.));
#5273=CARTESIAN_POINT('Ctrl Pts',(-26.8505856766299,12.8245521661729,18.));
#5274=CARTESIAN_POINT('Ctrl Pts',(-27.0793934489906,12.3070202816901,18.));
#5275=CARTESIAN_POINT('Ctrl Pts',(-27.2712826207261,11.8729932220516,18.));
#5276=CARTESIAN_POINT('Ctrl Pts',(-27.4529615208717,11.4340112879103,18.));
#5277=CARTESIAN_POINT('Ctrl Pts',(-27.62426542882,10.9904527204632,18.));
#5278=CARTESIAN_POINT('Ctrl Pts',(-27.6646387900998,10.8859136559036,18.));
#5279=CARTESIAN_POINT('Ctrl Pts',(-27.7044357456719,10.7811203621791,18.));
#5280=CARTESIAN_POINT('Ctrl Pts',(-27.7436539283114,10.676077769848,18.));
#5281=CARTESIAN_POINT('Ctrl Pts',(-27.760872723893,10.6299586790852,18.));
#5282=CARTESIAN_POINT('Ctrl Pts',(-27.777980821426,10.5837891610321,18.));
#5283=CARTESIAN_POINT('Ctrl Pts',(-27.7949751852353,10.5375773381662,18.));
#5284=CARTESIAN_POINT('Ctrl Pts',(-27.9888796344214,10.0103038162362,18.));
#5285=CARTESIAN_POINT('Ctrl Pts',(-28.1677062457744,9.47827785214517,18.));
#5286=CARTESIAN_POINT('Ctrl Pts',(-28.3313710159122,8.94219006701318,18.));
#5287=CARTESIAN_POINT('Ctrl Pts',(-28.4961220693979,8.40254413535078,18.));
#5288=CARTESIAN_POINT('Ctrl Pts',(-28.6455095186573,7.85878182583535,18.));
#5289=CARTESIAN_POINT('Ctrl Pts',(-28.7794007618036,7.31158341559754,18.));
#5290=CARTESIAN_POINT('Ctrl Pts',(-28.9135580646162,6.76329764950992,18.));
#5291=CARTESIAN_POINT('Ctrl Pts',(-29.0321576568816,6.21156163155445,18.));
#5292=CARTESIAN_POINT('Ctrl Pts',(-29.1350168925395,5.65704261339599,18.));
#5293=CARTESIAN_POINT('Ctrl Pts',(-29.2375413673098,5.10432830706118,18.));
#5294=CARTESIAN_POINT('Ctrl Pts',(-29.324427878391,4.54884860150448,18.));
#5295=CARTESIAN_POINT('Ctrl Pts',(-29.3954448917376,3.99125454586978,18.));
#5296=CARTESIAN_POINT('Ctrl Pts',(-29.4657104252339,3.43956077634573,18.));
#5297=CARTESIAN_POINT('Ctrl Pts',(-29.5204405785271,2.88579670427614,18.));
#5298=CARTESIAN_POINT('Ctrl Pts',(-29.5593604194603,2.33059045330891,18.));
#5299=CARTESIAN_POINT('Ctrl Pts',(-29.583864054442,1.98103683266129,18.));
#5300=CARTESIAN_POINT('Ctrl Pts',(-29.6020996829416,1.63091152608717,18.));
#5301=CARTESIAN_POINT('Ctrl Pts',(-29.6139880805133,1.28037201616522,18.));
#5302=CARTESIAN_POINT('Ctrl Pts',(-29.633108626849,0.716586451158064,18.));
#5303=CARTESIAN_POINT('Ctrl Pts',(-29.6358129054339,0.151728652534362,18.));
#5304=CARTESIAN_POINT('Ctrl Pts',(-29.6221848952477,-0.413512676457611,
18.));
#5305=CARTESIAN_POINT('Ctrl Pts',(-29.619261192911,-0.53477743718072,18.));
#5306=CARTESIAN_POINT('Ctrl Pts',(-29.6155855996616,-0.65605980023148,18.));
#5307=CARTESIAN_POINT('Ctrl Pts',(-29.6111586445102,-0.777352874861413,
18.));
#5308=CARTESIAN_POINT('Ctrl Pts',(-29.6094816372079,-0.823300792766931,
18.));
#5309=CARTESIAN_POINT('Ctrl Pts',(-29.6076971508223,-0.869240757868503,
18.));
#5310=CARTESIAN_POINT('Ctrl Pts',(-29.6058054025707,-0.915171110147526,
18.));
#5311=CARTESIAN_POINT('Ctrl Pts',(-29.5828503067142,-1.47250512030278,18.));
#5312=CARTESIAN_POINT('Ctrl Pts',(-29.544103860507,-2.02848578175284,18.));
#5313=CARTESIAN_POINT('Ctrl Pts',(-29.489841234364,-2.58246073322983,18.));
#5314=CARTESIAN_POINT('Ctrl Pts',(-29.4351232409392,-3.14108459475469,18.));
#5315=CARTESIAN_POINT('Ctrl Pts',(-29.3646275024119,-3.69766941872366,18.));
#5316=CARTESIAN_POINT('Ctrl Pts',(-29.2785828109941,-4.25155026553236,18.));
#5317=CARTESIAN_POINT('Ctrl Pts',(-29.1921576424941,-4.80788029270296,18.));
#5318=CARTESIAN_POINT('Ctrl Pts',(-29.0900456241961,-5.36148287142654,18.));
#5319=CARTESIAN_POINT('Ctrl Pts',(-28.9724260490098,-5.91168086101895,18.));
#5320=CARTESIAN_POINT('Ctrl Pts',(-28.8548035197313,-6.46189266919164,18.));
#5321=CARTESIAN_POINT('Ctrl Pts',(-28.7216725404862,-7.00870021162969,18.));
#5322=CARTESIAN_POINT('Ctrl Pts',(-28.5731615175599,-7.55141553527261,18.));
#5323=CARTESIAN_POINT('Ctrl Pts',(-28.4258369124526,-8.08979524046802,18.));
#5324=CARTESIAN_POINT('Ctrl Pts',(-28.2633768480806,-8.62414830766692,18.));
#5325=CARTESIAN_POINT('Ctrl Pts',(-28.08585879861,-9.15378547447388,18.));
#5326=CARTESIAN_POINT('Ctrl Pts',(-27.9098184453464,-9.67901383420574,18.));
#5327=CARTESIAN_POINT('Ctrl Pts',(-27.7189695977557,-10.1996049120967,18.));
#5328=CARTESIAN_POINT('Ctrl Pts',(-27.5133429588643,-10.7148624599844,18.));
#5329=CARTESIAN_POINT('Ctrl Pts',(-27.3626799279103,-11.0923926491917,18.));
#5330=CARTESIAN_POINT('Ctrl Pts',(-27.2040824785097,-11.4670590553558,18.));
#5331=CARTESIAN_POINT('Ctrl Pts',(-27.0375478960655,-11.8385774583115,18.));
#5332=CARTESIAN_POINT('Ctrl Pts',(-27.0107206423476,-11.8984257991827,18.));
#5333=CARTESIAN_POINT('Ctrl Pts',(-26.9836858339537,-11.9581957549282,18.));
#5334=CARTESIAN_POINT('Ctrl Pts',(-26.9564545708841,-12.0178619556417,18.));
#5335=CARTESIAN_POINT('Ctrl Pts',(-26.8146432971212,-12.328583492948,18.));
#5336=CARTESIAN_POINT('Ctrl Pts',(-26.6674489954023,-12.6366174966239,18.));
#5337=CARTESIAN_POINT('Ctrl Pts',(-26.5149077823981,-12.9418138525735,18.));
#5338=CARTESIAN_POINT('Ctrl Pts',(-26.2664368126529,-13.4389413699968,18.));
#5339=CARTESIAN_POINT('Ctrl Pts',(-26.0037817040911,-13.9285411706188,18.));
#5340=CARTESIAN_POINT('Ctrl Pts',(-25.7274563641231,-14.4101540942564,18.));
#5341=CARTESIAN_POINT('Ctrl Pts',(-25.4482999653028,-14.8967013266004,18.));
#5342=CARTESIAN_POINT('Ctrl Pts',(-25.1551915328055,-15.3750975967988,18.));
#5343=CARTESIAN_POINT('Ctrl Pts',(-24.8486140757816,-15.8448445215934,18.));
#5344=CARTESIAN_POINT('Ctrl Pts',(-24.5417651762037,-16.3150073585891,18.));
#5345=CARTESIAN_POINT('Ctrl Pts',(-24.2214230644374,-16.7765059098147,18.));
#5346=CARTESIAN_POINT('Ctrl Pts',(-23.8880298143207,-17.2288096660849,18.));
#5347=CARTESIAN_POINT('Ctrl Pts',(-23.6506951661996,-17.5507938478302,18.));
#5348=CARTESIAN_POINT('Ctrl Pts',(-23.4067457365822,-17.8681177783604,18.));
#5349=CARTESIAN_POINT('Ctrl Pts',(-23.1563293623362,-18.1805789481755,18.));
#5350=CARTESIAN_POINT('Ctrl Pts',(-23.086867063725,-18.2672516793315,18.));
#5351=CARTESIAN_POINT('Ctrl Pts',(-23.0169071210051,-18.3535501928715,18.));
#5352=CARTESIAN_POINT('Ctrl Pts',(-22.9464525685492,-18.4394700274477,18.));
#5353=CARTESIAN_POINT('Ctrl Pts',(-22.9087102969695,-18.4854969996961,18.));
#5354=CARTESIAN_POINT('Ctrl Pts',(-22.8708260858928,-18.5314153010138,18.));
#5355=CARTESIAN_POINT('Ctrl Pts',(-22.8328003958748,-18.5772242380893,18.));
#5356=CARTESIAN_POINT('Ctrl Pts',(-22.7953906174992,-18.6222911963169,18.));
#5357=CARTESIAN_POINT('Ctrl Pts',(-22.7578489175432,-18.6672462500672,18.));
#5358=CARTESIAN_POINT('Ctrl Pts',(-22.7201794610165,-18.7120845617986,18.));
#5359=CARTESIAN_POINT('Ctrl Pts',(-22.3595495299368,-19.1413457925251,18.));
#5360=CARTESIAN_POINT('Ctrl Pts',(-21.9871100062027,-19.5600350177712,18.));
#5361=CARTESIAN_POINT('Ctrl Pts',(-21.6033549530121,-19.9676721014769,18.));
#5362=CARTESIAN_POINT('Ctrl Pts',(-21.2190421777621,-20.3759016156715,18.));
#5363=CARTESIAN_POINT('Ctrl Pts',(-20.8233806286989,-20.7730472177785,18.));
#5364=CARTESIAN_POINT('Ctrl Pts',(-20.4168258789812,-21.158594131255,18.));
#5365=CARTESIAN_POINT('Ctrl Pts',(-20.0117053241214,-21.542780958787,18.));
#5366=CARTESIAN_POINT('Ctrl Pts',(-19.5957679377143,-21.9154511332096,18.));
#5367=CARTESIAN_POINT('Ctrl Pts',(-19.1694293011706,-22.2760576360524,18.));
#5368=CARTESIAN_POINT('Ctrl Pts',(-18.7477285585106,-22.6327413072524,18.));
#5369=CARTESIAN_POINT('Ctrl Pts',(-18.3158512683675,-22.9776226292124,18.));
#5370=CARTESIAN_POINT('Ctrl Pts',(-17.8741704844575,-23.31013072405,18.));
#5371=CARTESIAN_POINT('Ctrl Pts',(-17.6028382381484,-23.514396274137,18.));
#5372=CARTESIAN_POINT('Ctrl Pts',(-17.3278057426357,-23.7139915112696,18.));
#5373=CARTESIAN_POINT('Ctrl Pts',(-17.0491548275311,-23.9087754740152,18.));
#5374=CARTESIAN_POINT('',(12.4549852079972,27.2286009091281,18.));
#5375=CARTESIAN_POINT('Ctrl Pts',(17.0499494369465,-23.9086981601714,18.));
#5376=CARTESIAN_POINT('Ctrl Pts',(17.5111347083415,-23.5870212648014,18.));
#5377=CARTESIAN_POINT('Ctrl Pts',(17.9624035458093,-23.2525678760199,18.));
#5378=CARTESIAN_POINT('Ctrl Pts',(18.4031767694635,-22.9057206357281,18.));
#5379=CARTESIAN_POINT('Ctrl Pts',(18.7628047877402,-22.6227270712898,18.));
#5380=CARTESIAN_POINT('Ctrl Pts',(19.1154457315965,-22.3314819570573,18.));
#5381=CARTESIAN_POINT('Ctrl Pts',(19.4607744263798,-22.032169713096,18.));
#5382=CARTESIAN_POINT('Ctrl Pts',(19.8791544919431,-21.6695404901438,18.));
#5383=CARTESIAN_POINT('Ctrl Pts',(20.2868025553174,-21.2950711751488,18.));
#5384=CARTESIAN_POINT('Ctrl Pts',(20.6834065856565,-20.9093811389086,18.));
#5385=CARTESIAN_POINT('Ctrl Pts',(21.0845088187601,-20.5193166842193,18.));
#5386=CARTESIAN_POINT('Ctrl Pts',(21.4743154254314,-20.1177752100733,18.));
#5387=CARTESIAN_POINT('Ctrl Pts',(21.8524696201865,-19.7053564542985,18.));
#5388=CARTESIAN_POINT('Ctrl Pts',(22.2312510357697,-19.2922536452007,18.));
#5389=CARTESIAN_POINT('Ctrl Pts',(22.5983416575863,-18.8682370417684,18.));
#5390=CARTESIAN_POINT('Ctrl Pts',(22.9533441610214,-18.4338741126643,18.));
#5391=CARTESIAN_POINT('Ctrl Pts',(23.3073662738732,-18.0007107393979,18.));
#5392=CARTESIAN_POINT('Ctrl Pts',(23.6493672210973,-17.5572576897509,18.));
#5393=CARTESIAN_POINT('Ctrl Pts',(23.9789101223126,-17.1040488672719,18.));
#5394=CARTESIAN_POINT('Ctrl Pts',(24.1738693725743,-16.8359282313346,18.));
#5395=CARTESIAN_POINT('Ctrl Pts',(24.3644675172435,-16.5643925913359,18.));
#5396=CARTESIAN_POINT('Ctrl Pts',(24.5506063940892,-16.2895486189071,18.));
#5397=CARTESIAN_POINT('Ctrl Pts',(24.6320421527093,-16.1693043809694,18.));
#5398=CARTESIAN_POINT('Ctrl Pts',(24.7126243028782,-16.0484268741282,18.));
#5399=CARTESIAN_POINT('Ctrl Pts',(24.7923442589876,-15.9269248849076,18.));
#5400=CARTESIAN_POINT('Ctrl Pts',(24.8322858651822,-15.8660494800258,18.));
#5401=CARTESIAN_POINT('Ctrl Pts',(24.8720110355743,-15.8050173131566,18.));
#5402=CARTESIAN_POINT('Ctrl Pts',(24.9115186687218,-15.7438294817997,18.));
#5403=CARTESIAN_POINT('Ctrl Pts',(24.9372127222751,-15.7040355662842,18.));
#5404=CARTESIAN_POINT('Ctrl Pts',(24.9628148995369,-15.6641755580421,18.));
#5405=CARTESIAN_POINT('Ctrl Pts',(24.9883168658532,-15.6242624485892,18.));
#5406=CARTESIAN_POINT('Ctrl Pts',(25.2912824791507,-15.1500911814009,18.));
#5407=CARTESIAN_POINT('Ctrl Pts',(25.5803899718786,-14.6679929962821,18.));
#5408=CARTESIAN_POINT('Ctrl Pts',(25.8553274384082,-14.1785978556174,18.));
#5409=CARTESIAN_POINT('Ctrl Pts',(26.1311109434763,-13.6876967465056,18.));
#5410=CARTESIAN_POINT('Ctrl Pts',(26.3926373800762,-13.1894532985356,18.));
#5411=CARTESIAN_POINT('Ctrl Pts',(26.6395531931319,-12.6844677750647,18.));
#5412=CARTESIAN_POINT('Ctrl Pts',(26.8860505495553,-12.1803380677481,18.));
#5413=CARTESIAN_POINT('Ctrl Pts',(27.1179870342945,-11.6694886925586,18.));
#5414=CARTESIAN_POINT('Ctrl Pts',(27.3349680770459,-11.1524877800681,18.));
#5415=CARTESIAN_POINT('Ctrl Pts',(27.4772964609272,-10.8133618204597,18.));
#5416=CARTESIAN_POINT('Ctrl Pts',(27.6131891087897,-10.4715884682436,18.));
#5417=CARTESIAN_POINT('Ctrl Pts',(27.7425237671289,-10.1273225794152,18.));
#5418=CARTESIAN_POINT('Ctrl Pts',(27.9394830288665,-9.6030520074291,18.));
#5419=CARTESIAN_POINT('Ctrl Pts',(28.1212359469729,-9.07300152656275,18.));
#5420=CARTESIAN_POINT('Ctrl Pts',(28.2877333506415,-8.53785531226177,18.));
#5421=CARTESIAN_POINT('Ctrl Pts',(28.454571650631,-8.0016134089496,18.));
#5422=CARTESIAN_POINT('Ctrl Pts',(28.6060919884325,-7.46025439408704,18.));
#5423=CARTESIAN_POINT('Ctrl Pts',(28.7421940399598,-6.91445526750317,18.));
#5424=CARTESIAN_POINT('Ctrl Pts',(28.8566917737342,-6.45529420131296,18.));
#5425=CARTESIAN_POINT('Ctrl Pts',(28.9602767501054,-5.99299040837583,18.));
#5426=CARTESIAN_POINT('Ctrl Pts',(29.0528607686547,-5.52794460230511,18.));
#5427=CARTESIAN_POINT('Ctrl Pts',(29.0749214515072,-5.41713467851508,18.));
#5428=CARTESIAN_POINT('Ctrl Pts',(29.0963574249918,-5.30616907300512,18.));
#5429=CARTESIAN_POINT('Ctrl Pts',(29.1171672745499,-5.19505321065532,18.));
#5430=CARTESIAN_POINT('Ctrl Pts',(29.1256621007024,-5.14969440444151,18.));
#5431=CARTESIAN_POINT('Ctrl Pts',(29.1340530300637,-5.1043081449995,18.));
#5432=CARTESIAN_POINT('Ctrl Pts',(29.1423385134778,-5.0589027600809,18.));
#5433=CARTESIAN_POINT('Ctrl Pts',(29.2428508174186,-4.50808398205834,18.));
#5434=CARTESIAN_POINT('Ctrl Pts',(29.3277236377961,-3.9551508067914,18.));
#5435=CARTESIAN_POINT('Ctrl Pts',(29.3970066508517,-3.40080294188979,18.));
#5436=CARTESIAN_POINT('Ctrl Pts',(29.4668183481682,-2.8422249637426,18.));
#5437=CARTESIAN_POINT('Ctrl Pts',(29.5208015109056,-2.282210152259,18.));
#5438=CARTESIAN_POINT('Ctrl Pts',(29.5589574028567,-1.72145585171879,18.));
#5439=CARTESIAN_POINT('Ctrl Pts',(29.5972557601072,-1.15860782396311,18.));
#5440=CARTESIAN_POINT('Ctrl Pts',(29.6196085174513,-0.595014279968745,18.));
#5441=CARTESIAN_POINT('Ctrl Pts',(29.6259658431426,-0.031369136316269,18.));
#5442=CARTESIAN_POINT('Ctrl Pts',(29.6323084674531,0.530972572170956,18.));
#5443=CARTESIAN_POINT('Ctrl Pts',(29.6227295910866,1.09336614182928,18.));
#5444=CARTESIAN_POINT('Ctrl Pts',(29.5971281293458,1.65512618164346,18.));
#5445=CARTESIAN_POINT('Ctrl Pts',(29.5717679199368,2.21159254249379,18.));
#5446=CARTESIAN_POINT('Ctrl Pts',(29.5306856578234,2.76743773287433,18.));
#5447=CARTESIAN_POINT('Ctrl Pts',(29.4737323532379,3.3219919569736,18.));
#5448=CARTESIAN_POINT('Ctrl Pts',(29.4383837302405,3.66618143538895,18.));
#5449=CARTESIAN_POINT('Ctrl Pts',(29.3969202883162,4.00987351164389,18.));
#5450=CARTESIAN_POINT('Ctrl Pts',(29.3492964567779,4.35290612130245,18.));
#5451=CARTESIAN_POINT('Ctrl Pts',(29.271789579846,4.91118514677414,18.));
#5452=CARTESIAN_POINT('Ctrl Pts',(29.1779680885018,5.46771851417297,18.));
#5453=CARTESIAN_POINT('Ctrl Pts',(29.0680452754859,6.02185573439855,18.));
#5454=CARTESIAN_POINT('Ctrl Pts',(29.0440248653485,6.14294618811773,18.));
#5455=CARTESIAN_POINT('Ctrl Pts',(29.0192354127519,6.26392214944595,18.));
#5456=CARTESIAN_POINT('Ctrl Pts',(28.993678838533,6.3847766991854,18.));
#5457=CARTESIAN_POINT('Ctrl Pts',(28.9842497928843,6.42936573747296,18.));
#5458=CARTESIAN_POINT('Ctrl Pts',(28.9747183552158,6.47392863741323,18.));
#5459=CARTESIAN_POINT('Ctrl Pts',(28.9650848606171,6.51846458583878,18.));
#5460=CARTESIAN_POINT('Ctrl Pts',(28.8469595212715,7.06456174372317,18.));
#5461=CARTESIAN_POINT('Ctrl Pts',(28.7134886536349,7.60663096551351,18.));
#5462=CARTESIAN_POINT('Ctrl Pts',(28.5650695537426,8.14407901513063,18.));
#5463=CARTESIAN_POINT('Ctrl Pts',(28.4152788255062,8.68649393881502,18.));
#5464=CARTESIAN_POINT('Ctrl Pts',(28.2502621845162,9.22420233577124,18.));
#5465=CARTESIAN_POINT('Ctrl Pts',(28.0703744317174,9.75659188728273,18.));
#5466=CARTESIAN_POINT('Ctrl Pts',(27.8894950385174,10.291916263318,18.));
#5467=CARTESIAN_POINT('Ctrl Pts',(27.6935799802532,10.8218634638431,18.));
#5468=CARTESIAN_POINT('Ctrl Pts',(27.4829380079654,11.3458014871478,18.));
#5469=CARTESIAN_POINT('Ctrl Pts',(27.2720367355419,11.8703844778301,18.));
#5470=CARTESIAN_POINT('Ctrl Pts',(27.0463720906933,12.3889439614759,18.));
#5471=CARTESIAN_POINT('Ctrl Pts',(26.8062045261803,12.900828992964,18.));
#5472=CARTESIAN_POINT('Ctrl Pts',(26.5675618357291,13.409463959404,18.));
#5473=CARTESIAN_POINT('Ctrl Pts',(26.3145995777219,13.9115093994196,18.));
#5474=CARTESIAN_POINT('Ctrl Pts',(26.0475276145872,14.4063035152863,18.));
#5475=CARTESIAN_POINT('Ctrl Pts',(25.782485386431,14.8973372179957,18.));
#5476=CARTESIAN_POINT('Ctrl Pts',(25.5035468835282,15.3812298137557,18.));
#5477=CARTESIAN_POINT('Ctrl Pts',(25.2108754513561,15.8573052298718,18.));
#5478=CARTESIAN_POINT('Ctrl Pts',(24.9950444844144,16.2083877275208,18.));
#5479=CARTESIAN_POINT('Ctrl Pts',(24.7717442040874,16.5552184030575,18.));
#5480=CARTESIAN_POINT('Ctrl Pts',(24.5410264148822,16.8975137821038,18.));
#5481=CARTESIAN_POINT('Ctrl Pts',(24.5033505956996,16.953410030297,18.));
#5482=CARTESIAN_POINT('Ctrl Pts',(24.465474544327,17.0091887741972,18.));
#5483=CARTESIAN_POINT('Ctrl Pts',(24.4274144093099,17.0648256201491,18.));
#5484=CARTESIAN_POINT('Ctrl Pts',(24.2324032960173,17.3498956353835,18.));
#5485=CARTESIAN_POINT('Ctrl Pts',(24.0324856874064,17.631352224885,18.));
#5486=CARTESIAN_POINT('Ctrl Pts',(23.8277275552308,17.9090525448102,18.));
#5487=CARTESIAN_POINT('Ctrl Pts',(23.4958014077685,18.3592226863448,18.));
#5488=CARTESIAN_POINT('Ctrl Pts',(23.1511574357661,18.7995234722607,18.));
#5489=CARTESIAN_POINT('Ctrl Pts',(22.7943902855495,19.2296025541773,18.));
#5490=CARTESIAN_POINT('Ctrl Pts',(22.4334266382596,19.6647404695864,18.));
#5491=CARTESIAN_POINT('Ctrl Pts',(22.0600526422595,20.0894151660716,18.));
#5492=CARTESIAN_POINT('Ctrl Pts',(21.6748404410807,20.5032312550842,18.));
#5493=CARTESIAN_POINT('Ctrl Pts',(21.2888337636486,20.9179008140932,18.));
#5494=CARTESIAN_POINT('Ctrl Pts',(20.8909396300751,21.3216672608216,18.));
#5495=CARTESIAN_POINT('Ctrl Pts',(20.4816951844419,21.7140971522553,18.));
#5496=CARTESIAN_POINT('Ctrl Pts',(20.1876057496861,21.9961033863885,18.));
#5497=CARTESIAN_POINT('Ctrl Pts',(19.8876541003541,22.2722546015947,18.));
#5498=CARTESIAN_POINT('Ctrl Pts',(19.5820289386151,22.5423771676059,18.));
#5499=CARTESIAN_POINT('Ctrl Pts',(19.5060068781645,22.6095682127592,18.));
#5500=CARTESIAN_POINT('Ctrl Pts',(19.4296337411882,22.6763861925853,18.));
#5501=CARTESIAN_POINT('Ctrl Pts',(19.3529123558395,22.7428283240382,18.));
#5502=CARTESIAN_POINT('Ctrl Pts',(19.2931226971741,22.7946072686247,18.));
#5503=CARTESIAN_POINT('Ctrl Pts',(19.2331215388894,22.8461579512032,18.));
#5504=CARTESIAN_POINT('Ctrl Pts',(19.1729102075702,22.8974790352927,18.));
#5505=CARTESIAN_POINT('Ctrl Pts',(19.129637950672,22.9343621117231,18.));
#5506=CARTESIAN_POINT('Ctrl Pts',(19.0862639344179,22.9711208049713,18.));
#5507=CARTESIAN_POINT('Ctrl Pts',(19.0427909323347,23.0077529075831,18.));
#5508=CARTESIAN_POINT('Ctrl Pts',(18.6091068627866,23.3731925730191,18.));
#5509=CARTESIAN_POINT('Ctrl Pts',(18.1655050381489,23.7260965293514,18.));
#5510=CARTESIAN_POINT('Ctrl Pts',(17.7125692355301,24.0660857228689,18.));
#5511=CARTESIAN_POINT('Ctrl Pts',(17.258168371466,24.4071746419025,18.));
#5512=CARTESIAN_POINT('Ctrl Pts',(16.7943726769194,24.7352654475684,18.));
#5513=CARTESIAN_POINT('Ctrl Pts',(16.3217348372903,25.0499382344414,18.));
#5514=CARTESIAN_POINT('Ctrl Pts',(15.8502990856566,25.3638106952552,18.));
#5515=CARTESIAN_POINT('Ctrl Pts',(15.3700657114191,25.6643336025534,18.));
#5516=CARTESIAN_POINT('Ctrl Pts',(14.8815524837518,25.951048660521,18.));
#5517=CARTESIAN_POINT('Ctrl Pts',(14.3977717396578,26.2349861595093,18.));
#5518=CARTESIAN_POINT('Ctrl Pts',(13.9058703806118,26.5053822787874,18.));
#5519=CARTESIAN_POINT('Ctrl Pts',(13.4063271521115,26.7617471701421,18.));
#5520=CARTESIAN_POINT('Ctrl Pts',(13.0921970884681,26.9229582826997,18.));
#5521=CARTESIAN_POINT('Ctrl Pts',(12.775044718834,27.0786200828426,18.));
#5522=CARTESIAN_POINT('Ctrl Pts',(12.4549852079972,27.2286009091281,18.));
#5523=CARTESIAN_POINT('Origin',(0.,0.,18.));
#5524=CARTESIAN_POINT('Origin',(0.,0.,0.));
#5525=CARTESIAN_POINT('',(-25.,-2.22044604925031E-15,5.));
#5526=CARTESIAN_POINT('',(-25.,-3.06161699786838E-15,0.));
#5527=CARTESIAN_POINT('Origin',(0.,0.,5.));
#5528=CARTESIAN_POINT('Origin',(0.,0.,-9.5));
#5529=CARTESIAN_POINT('',(-26.,3.18408167778312E-15,-10.));
#5530=CARTESIAN_POINT('Origin',(0.,0.,-10.));
#5531=CARTESIAN_POINT('',(-25.,-3.06161699786838E-15,-9.));
#5532=CARTESIAN_POINT('',(-25.5,3.12284933782575E-15,-9.5));
#5533=CARTESIAN_POINT('Origin',(0.,0.,-9.));
#5534=CARTESIAN_POINT('Origin',(0.,0.,0.));
#5535=CARTESIAN_POINT('',(-25.,-3.06161699786838E-15,0.));
#5536=CARTESIAN_POINT('Origin',(0.,0.,0.));
#5537=CARTESIAN_POINT('',(-25.,-3.06161699786838E-15,0.));
#5538=CARTESIAN_POINT('Origin',(0.,0.,-10.));
#5539=CARTESIAN_POINT('',(-17.0499494526816,-23.9086981279945,-10.));
#5540=CARTESIAN_POINT('Ctrl Pts',(-17.0499494526815,-23.9086981279945,-10.));
#5541=CARTESIAN_POINT('Ctrl Pts',(-17.511134724827,-23.5870212311266,-10.));
#5542=CARTESIAN_POINT('Ctrl Pts',(-17.9624035627929,-23.252567841591,-10.));
#5543=CARTESIAN_POINT('Ctrl Pts',(-18.4031767866352,-22.9057206014992,-10.));
#5544=CARTESIAN_POINT('Ctrl Pts',(-18.7628048041246,-22.6227270379643,-10.));
#5545=CARTESIAN_POINT('Ctrl Pts',(-19.115445747023,-22.331481925314,-10.));
#5546=CARTESIAN_POINT('Ctrl Pts',(-19.4607744406507,-22.0321696837251,-10.));
#5547=CARTESIAN_POINT('Ctrl Pts',(-19.8791545116147,-21.6695404577525,-10.));
#5548=CARTESIAN_POINT('Ctrl Pts',(-20.2868025797487,-21.2950711405136,-10.));
#5549=CARTESIAN_POINT('Ctrl Pts',(-20.6834066143015,-20.9093811024897,-10.));
#5550=CARTESIAN_POINT('Ctrl Pts',(-21.0845088469881,-20.5193166505464,-10.));
#5551=CARTESIAN_POINT('Ctrl Pts',(-21.4743154529474,-20.1177751798848,-10.));
#5552=CARTESIAN_POINT('Ctrl Pts',(-21.8524696468001,-19.7053564279903,-10.));
#5553=CARTESIAN_POINT('Ctrl Pts',(-22.2312510597148,-19.2922536247037,-10.));
#5554=CARTESIAN_POINT('Ctrl Pts',(-22.5983416787816,-18.8682370275806,-10.));
#5555=CARTESIAN_POINT('Ctrl Pts',(-22.9533441794969,-18.4338741049306,-10.));
#5556=CARTESIAN_POINT('Ctrl Pts',(-23.3073662889924,-18.0007107388886,-10.));
#5557=CARTESIAN_POINT('Ctrl Pts',(-23.649367232934,-17.5572576966475,-10.));
#5558=CARTESIAN_POINT('Ctrl Pts',(-23.9789101310543,-17.1040488814014,-10.));
#5559=CARTESIAN_POINT('Ctrl Pts',(-24.1738693795989,-16.8359282495863,-10.));
#5560=CARTESIAN_POINT('Ctrl Pts',(-24.3644675226104,-16.5643926136471,-10.));
#5561=CARTESIAN_POINT('Ctrl Pts',(-24.5506063978839,-16.2895486451377,-10.));
#5562=CARTESIAN_POINT('Ctrl Pts',(-24.6320421558161,-16.1693044089148,-10.));
#5563=CARTESIAN_POINT('Ctrl Pts',(-24.7126243053144,-16.0484269037602,-10.));
#5564=CARTESIAN_POINT('Ctrl Pts',(-24.7923442607701,-15.9269249161951,-10.));
#5565=CARTESIAN_POINT('Ctrl Pts',(-24.8322858698227,-15.8660495072878,-10.));
#5566=CARTESIAN_POINT('Ctrl Pts',(-24.8720110430426,-15.8050173363603,-10.));
#5567=CARTESIAN_POINT('Ctrl Pts',(-24.9115186789882,-15.7438295009109,-10.));
#5568=CARTESIAN_POINT('Ctrl Pts',(-24.9372127286725,-15.7040355915442,-10.));
#5569=CARTESIAN_POINT('Ctrl Pts',(-24.9628149020912,-15.6641755894692,-10.));
#5570=CARTESIAN_POINT('Ctrl Pts',(-24.9883168645949,-15.6242624861945,-10.));
#5571=CARTESIAN_POINT('Ctrl Pts',(-25.29128247755,-15.1500912220491,-10.));
#5572=CARTESIAN_POINT('Ctrl Pts',(-25.5803899700565,-14.6679930392785,-10.));
#5573=CARTESIAN_POINT('Ctrl Pts',(-25.8553274365918,-14.1785978999257,-10.));
#5574=CARTESIAN_POINT('Ctrl Pts',(-26.1311109403925,-13.6876967943958,-10.));
#5575=CARTESIAN_POINT('Ctrl Pts',(-26.3926373760854,-13.189453349032,-10.));
#5576=CARTESIAN_POINT('Ctrl Pts',(-26.6395531887027,-12.6844678268451,-10.));
#5577=CARTESIAN_POINT('Ctrl Pts',(-26.8860505440858,-12.1803381220425,-10.));
#5578=CARTESIAN_POINT('Ctrl Pts',(-27.1179870283229,-11.6694887480824,-10.));
#5579=CARTESIAN_POINT('Ctrl Pts',(-27.3349680712258,-11.1524878351776,-10.));
#5580=CARTESIAN_POINT('Ctrl Pts',(-27.4772964537568,-10.8133618787513,-10.));
#5581=CARTESIAN_POINT('Ctrl Pts',(-27.6131891006809,-10.4715885290647,-10.));
#5582=CARTESIAN_POINT('Ctrl Pts',(-27.7425237585295,-10.1273226420084,-10.));
#5583=CARTESIAN_POINT('Ctrl Pts',(-27.9394830222607,-9.60305206542558,-10.));
#5584=CARTESIAN_POINT('Ctrl Pts',(-28.1212359429771,-9.07300157804212,-10.));
#5585=CARTESIAN_POINT('Ctrl Pts',(-28.287733349662,-8.53785535588239,-10.));
#5586=CARTESIAN_POINT('Ctrl Pts',(-28.4545716516487,-8.00161344799042,-10.));
#5587=CARTESIAN_POINT('Ctrl Pts',(-28.6060919920437,-7.46025442726401,-10.));
#5588=CARTESIAN_POINT('Ctrl Pts',(-28.742194046554,-6.91445529409287,-10.));
#5589=CARTESIAN_POINT('Ctrl Pts',(-28.8566917835489,-6.45529421951022,-10.));
#5590=CARTESIAN_POINT('Ctrl Pts',(-28.9602767632804,-5.99299041762982,-10.));
#5591=CARTESIAN_POINT('Ctrl Pts',(-29.0528607852041,-5.52794460241264,-10.));
#5592=CARTESIAN_POINT('Ctrl Pts',(-29.0749214684834,-5.41713467833827,-10.));
#5593=CARTESIAN_POINT('Ctrl Pts',(-29.096357442417,-5.30616907253747,-10.));
#5594=CARTESIAN_POINT('Ctrl Pts',(-29.1171672924446,-5.19505320989525,-10.));
#5595=CARTESIAN_POINT('Ctrl Pts',(-29.1256621197849,-5.14969439824251,-10.));
#5596=CARTESIAN_POINT('Ctrl Pts',(-29.1340530503131,-5.10430813335536,-10.));
#5597=CARTESIAN_POINT('Ctrl Pts',(-29.1423385348727,-5.0589027429865,-10.));
#5598=CARTESIAN_POINT('Ctrl Pts',(-29.2428508423623,-4.50808395555229,-10.));
#5599=CARTESIAN_POINT('Ctrl Pts',(-29.3277236663242,-3.95515077079919,-10.));
#5600=CARTESIAN_POINT('Ctrl Pts',(-29.397006682793,-3.40080289690055,-10.));
#5601=CARTESIAN_POINT('Ctrl Pts',(-29.4668183836765,-2.84222490866518,-10.));
#5602=CARTESIAN_POINT('Ctrl Pts',(-29.5208015497495,-2.28221008758417,-10.));
#5603=CARTESIAN_POINT('Ctrl Pts',(-29.5589574445953,-1.72145577851396,-10.));
#5604=CARTESIAN_POINT('Ctrl Pts',(-29.5972558045693,-1.15860774487473,-10.));
#5605=CARTESIAN_POINT('Ctrl Pts',(-29.6196085643446,-0.595014196077564,
-10.));
#5606=CARTESIAN_POINT('Ctrl Pts',(-29.6259658919647,-0.0313690492743357,
-10.));
#5607=CARTESIAN_POINT('Ctrl Pts',(-29.6323085181468,0.530972657675582,-10.));
#5608=CARTESIAN_POINT('Ctrl Pts',(-29.6227296434167,1.09336622415092,-10.));
#5609=CARTESIAN_POINT('Ctrl Pts',(-29.5971281828708,1.65512625858533,-10.));
#5610=CARTESIAN_POINT('Ctrl Pts',(-29.5717679750924,2.21159260429482,-10.));
#5611=CARTESIAN_POINT('Ctrl Pts',(-29.5306857147308,2.76743777739954,-10.));
#5612=CARTESIAN_POINT('Ctrl Pts',(-29.4737324118251,3.3219919815792,-10.));
#5613=CARTESIAN_POINT('Ctrl Pts',(-29.4383837858748,3.6661814865359,-10.));
#5614=CARTESIAN_POINT('Ctrl Pts',(-29.3969203395878,4.00987358820024,-10.));
#5615=CARTESIAN_POINT('Ctrl Pts',(-29.3492965022152,4.35290622195852,-10.));
#5616=CARTESIAN_POINT('Ctrl Pts',(-29.2717896218962,4.91118524265568,-10.));
#5617=CARTESIAN_POINT('Ctrl Pts',(-29.1779681258387,5.467718602085,-10.));
#5618=CARTESIAN_POINT('Ctrl Pts',(-29.0680453070906,6.02185581191768,-10.));
#5619=CARTESIAN_POINT('Ctrl Pts',(-29.0440248965842,6.14294625891165,-10.));
#5620=CARTESIAN_POINT('Ctrl Pts',(-29.0192354436265,6.26392221340685,-10.));
#5621=CARTESIAN_POINT('Ctrl Pts',(-28.9936788690574,6.38477675621534,-10.));
#5622=CARTESIAN_POINT('Ctrl Pts',(-28.9842498225101,6.42936579558437,-10.));
#5623=CARTESIAN_POINT('Ctrl Pts',(-28.9747183839272,6.47392869659117,-10.));
#5624=CARTESIAN_POINT('Ctrl Pts',(-28.9650848883993,6.51846464606594,-10.));
#5625=CARTESIAN_POINT('Ctrl Pts',(-28.8469595467263,7.06456177490195,-10.));
#5626=CARTESIAN_POINT('Ctrl Pts',(-28.7134886768546,7.60663096579207,-10.));
#5627=CARTESIAN_POINT('Ctrl Pts',(-28.5650695750909,8.14407898348843,-10.));
#5628=CARTESIAN_POINT('Ctrl Pts',(-28.4152788441466,8.68649387792371,-10.));
#5629=CARTESIAN_POINT('Ctrl Pts',(-28.2502622006525,9.22420224453946,-10.));
#5630=CARTESIAN_POINT('Ctrl Pts',(-28.0703744458392,9.75659176544841,-10.));
#5631=CARTESIAN_POINT('Ctrl Pts',(-27.8894950483585,10.2919161173864,-10.));
#5632=CARTESIAN_POINT('Ctrl Pts',(-27.6935799859346,10.8218632934131,-10.));
#5633=CARTESIAN_POINT('Ctrl Pts',(-27.4829380099094,11.345801292636,-10.));
#5634=CARTESIAN_POINT('Ctrl Pts',(-27.2720367296232,11.8703842694568,-10.));
#5635=CARTESIAN_POINT('Ctrl Pts',(-27.0463720767583,12.3889437394228,-10.));
#5636=CARTESIAN_POINT('Ctrl Pts',(-26.806204504398,12.9008287581867,-10.));
#5637=CARTESIAN_POINT('Ctrl Pts',(-26.5675617974844,13.4094637304512,-10.));
#5638=CARTESIAN_POINT('Ctrl Pts',(-26.3145995221418,13.9115091767566,-10.));
#5639=CARTESIAN_POINT('Ctrl Pts',(-26.0475275411341,14.4063033000767,-10.));
#5640=CARTESIAN_POINT('Ctrl Pts',(-25.7824852893901,14.897337021022,-10.));
#5641=CARTESIAN_POINT('Ctrl Pts',(-25.5035467617564,15.3812296358482,-10.));
#5642=CARTESIAN_POINT('Ctrl Pts',(-25.2108753040482,15.8573050724987,-10.));
#5643=CARTESIAN_POINT('Ctrl Pts',(-24.9950443413735,16.2083875477174,-10.));
#5644=CARTESIAN_POINT('Ctrl Pts',(-24.7717440664739,16.5552182025323,-10.));
#5645=CARTESIAN_POINT('Ctrl Pts',(-24.5410262839737,16.8975135629169,-10.));
#5646=CARTESIAN_POINT('Ctrl Pts',(-24.5033504734423,16.953409796852,-10.));
#5647=CARTESIAN_POINT('Ctrl Pts',(-24.4654744308367,17.0091885265943,-10.));
#5648=CARTESIAN_POINT('Ctrl Pts',(-24.4274143046956,17.0648253585012,-10.));
#5649=CARTESIAN_POINT('Ctrl Pts',(-24.2324031901363,17.3498953701059,-10.));
#5650=CARTESIAN_POINT('Ctrl Pts',(-24.0324855807612,17.631351957221,-10.));
#5651=CARTESIAN_POINT('Ctrl Pts',(-23.8277274483939,17.9090522761808,-10.));
#5652=CARTESIAN_POINT('Ctrl Pts',(-23.4958012786244,18.3592224459826,-10.));
#5653=CARTESIAN_POINT('Ctrl Pts',(-23.1511572841326,18.7995232625921,-10.));
#5654=CARTESIAN_POINT('Ctrl Pts',(-22.7943901110274,19.2296023767238,-10.));
#5655=CARTESIAN_POINT('Ctrl Pts',(-22.4334264530302,19.664740309718,-10.));
#5656=CARTESIAN_POINT('Ctrl Pts',(-22.0600524467709,20.0894150260671,-10.));
#5657=CARTESIAN_POINT('Ctrl Pts',(-21.6748402354901,20.5032311363341,-10.));
#5658=CARTESIAN_POINT('Ctrl Pts',(-21.2888335587511,20.9179007050221,-10.));
#5659=CARTESIAN_POINT('Ctrl Pts',(-20.8909394266939,21.3216671634379,-10.));
#5660=CARTESIAN_POINT('Ctrl Pts',(-20.4816949830657,21.7140970677069,-10.));
#5661=CARTESIAN_POINT('Ctrl Pts',(-20.1876055557163,21.9961033053433,-10.));
#5662=CARTESIAN_POINT('Ctrl Pts',(-19.8876539142806,22.2722545248836,-10.));
#5663=CARTESIAN_POINT('Ctrl Pts',(-19.5820287607904,22.5423770957529,-10.));
#5664=CARTESIAN_POINT('Ctrl Pts',(-19.5060064333021,22.6095683799456,-10.));
#5665=CARTESIAN_POINT('Ctrl Pts',(-19.4296330268257,22.6763865962016,-10.));
#5666=CARTESIAN_POINT('Ctrl Pts',(-19.3529113695403,22.7428289614423,-10.));
#5667=CARTESIAN_POINT('Ctrl Pts',(-19.2931238919402,22.7946060158501,-10.));
#5668=CARTESIAN_POINT('Ctrl Pts',(-19.2331249301703,22.8461548249168,-10.));
#5669=CARTESIAN_POINT('Ctrl Pts',(-19.1729158106711,22.8974740523039,-10.));
#5670=CARTESIAN_POINT('Ctrl Pts',(-19.1296420224383,22.9343584544792,-10.));
#5671=CARTESIAN_POINT('Ctrl Pts',(-19.0862664662845,22.971118465731,-10.));
#5672=CARTESIAN_POINT('Ctrl Pts',(-19.0427919178424,23.0077518768237,-10.));
#5673=CARTESIAN_POINT('Ctrl Pts',(-18.6091078585535,23.3731915880483,-10.));
#5674=CARTESIAN_POINT('Ctrl Pts',(-18.1655060432524,23.7260955900397,-10.));
#5675=CARTESIAN_POINT('Ctrl Pts',(-17.7125702487918,24.066084828232,-10.));
#5676=CARTESIAN_POINT('Ctrl Pts',(-17.2581694094938,24.4071737796382,-10.));
#5677=CARTESIAN_POINT('Ctrl Pts',(-16.7943737392109,24.7352646176364,-10.));
#5678=CARTESIAN_POINT('Ctrl Pts',(-16.3217359230139,25.0499374359918,-10.));
#5679=CARTESIAN_POINT('Ctrl Pts',(-15.8503002063692,25.3638099204738,-10.));
#5680=CARTESIAN_POINT('Ctrl Pts',(-15.3700668667261,25.6643328512531,-10.));
#5681=CARTESIAN_POINT('Ctrl Pts',(-14.8815536728923,25.9510479317465,-10.));
#5682=CARTESIAN_POINT('Ctrl Pts',(-14.3977729803343,26.2349854424601,-10.));
#5683=CARTESIAN_POINT('Ctrl Pts',(-13.905871672686,26.5053815735348,-10.));
#5684=CARTESIAN_POINT('Ctrl Pts',(-13.4063284950223,26.7617464760724,-10.));
#5685=CARTESIAN_POINT('Ctrl Pts',(-13.0921979928786,26.9229578371059,-10.));
#5686=CARTESIAN_POINT('Ctrl Pts',(-12.7750451754701,27.0786198688616,-10.));
#5687=CARTESIAN_POINT('Ctrl Pts',(-12.4549852079979,27.2286009091277,-10.));
#5688=CARTESIAN_POINT('',(17.0491548275312,-23.9087754740152,-10.));
#5689=CARTESIAN_POINT('Ctrl Pts',(12.4557957045967,27.2286768764515,-9.99999999999999));
#5690=CARTESIAN_POINT('Ctrl Pts',(12.9713906610912,26.9877109870531,-9.99999999999999));
#5691=CARTESIAN_POINT('Ctrl Pts',(13.4793523511791,26.732397527452,-9.99999999999999));
#5692=CARTESIAN_POINT('Ctrl Pts',(13.9790452875185,26.462997299615,-9.99999999999999));
#5693=CARTESIAN_POINT('Ctrl Pts',(14.3925870793292,26.2400438719558,-9.99999999999999));
#5694=CARTESIAN_POINT('Ctrl Pts',(14.800465496295,26.0074413210201,-9.99999999999999));
#5695=CARTESIAN_POINT('Ctrl Pts',(15.2023121176979,25.7653117598809,-9.99999999999999));
#5696=CARTESIAN_POINT('Ctrl Pts',(15.683450289509,25.4754056907912,-9.99999999999999));
#5697=CARTESIAN_POINT('Ctrl Pts',(16.1559424184619,25.1718431293192,-9.99999999999999));
#5698=CARTESIAN_POINT('Ctrl Pts',(16.6193610379173,24.8551742556432,-9.99999999999999));
#5699=CARTESIAN_POINT('Ctrl Pts',(17.0873069832928,24.535411714299,-9.99999999999999));
#5700=CARTESIAN_POINT('Ctrl Pts',(17.5460016583426,24.2022852390172,-9.99999999999999));
#5701=CARTESIAN_POINT('Ctrl Pts',(17.9949761774137,23.8563167380057,-9.99999999999999));
#5702=CARTESIAN_POINT('Ctrl Pts',(18.444179769973,23.5101717187109,-9.99999999999999));
#5703=CARTESIAN_POINT('Ctrl Pts',(18.8836536419307,23.1511712087945,-10.));
#5704=CARTESIAN_POINT('Ctrl Pts',(19.3128939678363,22.7797985020855,-10.));
#5705=CARTESIAN_POINT('Ctrl Pts',(19.740471313402,22.409864582631,-10.));
#5706=CARTESIAN_POINT('Ctrl Pts',(20.1578945832346,22.0276537728875,-10.));
#5707=CARTESIAN_POINT('Ctrl Pts',(20.5646267451576,21.6336101780712,-10.));
#5708=CARTESIAN_POINT('Ctrl Pts',(20.8059266262034,21.3998379774504,-10.));
#5709=CARTESIAN_POINT('Ctrl Pts',(21.043462865473,21.1619004608741,-10.));
#5710=CARTESIAN_POINT('Ctrl Pts',(21.2771160651888,20.9198855484857,-10.));
#5711=CARTESIAN_POINT('Ctrl Pts',(21.3793393400645,20.8140040243157,-10.));
#5712=CARTESIAN_POINT('Ctrl Pts',(21.4808193037302,20.7073420181907,-10.));
#5713=CARTESIAN_POINT('Ctrl Pts',(21.5815456074442,20.5999067007673,-10.));
#5714=CARTESIAN_POINT('Ctrl Pts',(21.6285105239678,20.5498136215177,-10.));
#5715=CARTESIAN_POINT('Ctrl Pts',(21.6753115910495,20.4995524221209,-10.));
#5716=CARTESIAN_POINT('Ctrl Pts',(21.7219477432431,20.44912382132,-10.));
#5717=CARTESIAN_POINT('Ctrl Pts',(21.7632006042495,20.4045162805661,-10.));
#5718=CARTESIAN_POINT('Ctrl Pts',(21.8043269548128,20.3597749402127,-10.));
#5719=CARTESIAN_POINT('Ctrl Pts',(21.8453080381492,20.3149201481001,-10.));
#5720=CARTESIAN_POINT('Ctrl Pts',(22.2277528054959,19.8963250516013,-10.));
#5721=CARTESIAN_POINT('Ctrl Pts',(22.597849566318,19.4675306230317,-10.));
#5722=CARTESIAN_POINT('Ctrl Pts',(22.9551751628063,19.0290898110225,-10.));
#5723=CARTESIAN_POINT('Ctrl Pts',(23.3132368085963,18.5897458617719,-10.));
#5724=CARTESIAN_POINT('Ctrl Pts',(23.6584749737939,18.140715386072,-10.));
#5725=CARTESIAN_POINT('Ctrl Pts',(23.990429618835,17.682515079473,-10.));
#5726=CARTESIAN_POINT('Ctrl Pts',(24.3213195863929,17.2257843578205,-10.));
#5727=CARTESIAN_POINT('Ctrl Pts',(24.639011424414,16.7599421496973,-10.));
#5728=CARTESIAN_POINT('Ctrl Pts',(24.9430105216788,16.2854664277901,-10.));
#5729=CARTESIAN_POINT('Ctrl Pts',(25.1462925839314,15.9681878433933,-10.));
#5730=CARTESIAN_POINT('Ctrl Pts',(25.3434511253041,15.64704809367,-10.));
#5731=CARTESIAN_POINT('Ctrl Pts',(25.534327398012,15.3221828978151,-10.));
#5732=CARTESIAN_POINT('Ctrl Pts',(25.8202593819984,14.8355359790485,-10.));
#5733=CARTESIAN_POINT('Ctrl Pts',(26.0920962444523,14.3405299933535,-10.));
#5734=CARTESIAN_POINT('Ctrl Pts',(26.349654768707,13.8378324333119,-10.));
#5735=CARTESIAN_POINT('Ctrl Pts',(26.6072620226808,13.3350397635821,-10.));
#5736=CARTESIAN_POINT('Ctrl Pts',(26.8505856809809,12.8245521291187,-10.));
#5737=CARTESIAN_POINT('Ctrl Pts',(27.0793934497276,12.3070202488464,-10.));
#5738=CARTESIAN_POINT('Ctrl Pts',(27.2712826165266,11.8729931970495,-10.));
#5739=CARTESIAN_POINT('Ctrl Pts',(27.4529615115058,11.4340112712669,-10.));
#5740=CARTESIAN_POINT('Ctrl Pts',(27.6242654142468,10.9904527123788,-10.));
#5741=CARTESIAN_POINT('Ctrl Pts',(27.6646387753022,10.8859136472397,-10.));
#5742=CARTESIAN_POINT('Ctrl Pts',(27.7044357306185,10.7811203529352,-10.));
#5743=CARTESIAN_POINT('Ctrl Pts',(27.7436539129741,10.6760777600181,-10.));
#5744=CARTESIAN_POINT('Ctrl Pts',(27.7608727074623,10.6299586715924,-10.));
#5745=CARTESIAN_POINT('Ctrl Pts',(27.7779808039099,10.5837891558784,-10.));
#5746=CARTESIAN_POINT('Ctrl Pts',(27.7949751666395,10.5375773353601,-10.));
#5747=CARTESIAN_POINT('Ctrl Pts',(27.9888796098489,10.0103038229669,-10.));
#5748=CARTESIAN_POINT('Ctrl Pts',(28.1677062152375,9.47827786850175,-10.));
#5749=CARTESIAN_POINT('Ctrl Pts',(28.3313709797335,8.94219009256467,-10.));
#5750=CARTESIAN_POINT('Ctrl Pts',(28.4961220274487,8.40254417045709,-10.));
#5751=CARTESIAN_POINT('Ctrl Pts',(28.6455094712808,7.85878187006651,-10.));
#5752=CARTESIAN_POINT('Ctrl Pts',(28.7794007096581,7.31158346799323,-10.));
#5753=CARTESIAN_POINT('Ctrl Pts',(28.9135580088667,6.76329770528669,-10.));
#5754=CARTESIAN_POINT('Ctrl Pts',(29.0321575979158,6.21156168968989,-10.));
#5755=CARTESIAN_POINT('Ctrl Pts',(29.1350168310565,5.65704267235595,-10.));
#5756=CARTESIAN_POINT('Ctrl Pts',(29.2375413043217,5.10432836143099,-10.));
#5757=CARTESIAN_POINT('Ctrl Pts',(29.3244278142859,4.54884864970588,-10.));
#5758=CARTESIAN_POINT('Ctrl Pts',(29.3954448272063,3.99125458583105,-10.));
#5759=CARTESIAN_POINT('Ctrl Pts',(29.4657103616432,3.43956079745693,-10.));
#5760=CARTESIAN_POINT('Ctrl Pts',(29.5204405159506,2.88579670442878,-10.));
#5761=CARTESIAN_POINT('Ctrl Pts',(29.5593603582492,2.3305904299472,-10.));
#5762=CARTESIAN_POINT('Ctrl Pts',(29.5838639903372,1.98103684803695,-10.));
#5763=CARTESIAN_POINT('Ctrl Pts',(29.6020996180023,1.63091157936233,-10.));
#5764=CARTESIAN_POINT('Ctrl Pts',(29.6139880169048,1.28037210631408,-10.));
#5765=CARTESIAN_POINT('Ctrl Pts',(29.6331085673883,0.716586541427777,-10.));
#5766=CARTESIAN_POINT('Ctrl Pts',(29.6358128522756,0.15172874004734,-10.));
#5767=CARTESIAN_POINT('Ctrl Pts',(29.6221848500941,-0.413512593889434,-10.));
#5768=CARTESIAN_POINT('Ctrl Pts',(29.6192611491278,-0.53477737006331,-10.));
#5769=CARTESIAN_POINT('Ctrl Pts',(29.6155855571487,-0.656059748670455,-10.));
#5770=CARTESIAN_POINT('Ctrl Pts',(29.6111586031633,-0.777352838951694,-10.));
#5771=CARTESIAN_POINT('Ctrl Pts',(29.6094815967028,-0.823300751822242,-10.));
#5772=CARTESIAN_POINT('Ctrl Pts',(29.6076971111956,-0.869240711898525,-10.));
#5773=CARTESIAN_POINT('Ctrl Pts',(29.6058053638581,-0.915171059170038,-10.));
#5774=CARTESIAN_POINT('Ctrl Pts',(29.5828502754115,-1.47250509797628,-10.));
#5775=CARTESIAN_POINT('Ctrl Pts',(29.5441038368368,-2.02848578988279,-10.));
#5776=CARTESIAN_POINT('Ctrl Pts',(29.4898412181254,-2.58246077285594,-10.));
#5777=CARTESIAN_POINT('Ctrl Pts',(29.435123232661,-3.1410846613777,-10.));
#5778=CARTESIAN_POINT('Ctrl Pts',(29.3646275021589,-3.69766951343593,-10.));
#5779=CARTESIAN_POINT('Ctrl Pts',(29.2785828183918,-4.25155038866852,-10.));
#5780=CARTESIAN_POINT('Ctrl Pts',(29.1921576589049,-4.80788043583612,-10.));
#5781=CARTESIAN_POINT('Ctrl Pts',(29.0900456497249,-5.36148303497757,-10.));
#5782=CARTESIAN_POINT('Ctrl Pts',(28.9724260833069,-5.91168104468081,-10.));
#5783=CARTESIAN_POINT('Ctrl Pts',(28.8548035652456,-6.46189286151039,-10.));
#5784=CARTESIAN_POINT('Ctrl Pts',(28.7216725975141,-7.00870041243855,-10.));
#5785=CARTESIAN_POINT('Ctrl Pts',(28.573161585935,-7.55141574371586,-10.));
#5786=CARTESIAN_POINT('Ctrl Pts',(28.4258369978672,-8.08979543535191,-10.));
#5787=CARTESIAN_POINT('Ctrl Pts',(28.2633769515588,-8.62414848846709,-10.));
#5788=CARTESIAN_POINT('Ctrl Pts',(28.0858589207153,-9.15378564006779,-10.));
#5789=CARTESIAN_POINT('Ctrl Pts',(27.9098185898334,-9.67901397305542,-10.));
#5790=CARTESIAN_POINT('Ctrl Pts',(27.718969765836,-10.1996050233056,-10.));
#5791=CARTESIAN_POINT('Ctrl Pts',(27.5133431513013,-10.7148625421147,-10.));
#5792=CARTESIAN_POINT('Ctrl Pts',(27.362680117704,-11.092392761358,-10.));
#5793=CARTESIAN_POINT('Ctrl Pts',(27.2040826639129,-11.4670591960062,-10.));
#5794=CARTESIAN_POINT('Ctrl Pts',(27.0375480751522,-11.8385776255649,-10.));
#5795=CARTESIAN_POINT('Ctrl Pts',(27.0107208113164,-11.8984259910233,-10.));
#5796=CARTESIAN_POINT('Ctrl Pts',(26.9836859926117,-11.9581959712588,-10.));
#5797=CARTESIAN_POINT('Ctrl Pts',(26.9564547190476,-12.0178621963401,-10.));
#5798=CARTESIAN_POINT('Ctrl Pts',(26.8146434479749,-12.3285837349036,-10.));
#5799=CARTESIAN_POINT('Ctrl Pts',(26.6674491482937,-12.6366177387558,-10.));
#5800=CARTESIAN_POINT('Ctrl Pts',(26.5149079365726,-12.9418140936462,-10.));
#5801=CARTESIAN_POINT('Ctrl Pts',(26.2664369826816,-13.4389415818057,-10.));
#5802=CARTESIAN_POINT('Ctrl Pts',(26.0037818895453,-13.9285413507164,-10.));
#5803=CARTESIAN_POINT('Ctrl Pts',(25.7274565649661,-14.4101542410402,-10.));
#5804=CARTESIAN_POINT('Ctrl Pts',(25.448300171175,-14.8967014580599,-10.));
#5805=CARTESIAN_POINT('Ctrl Pts',(25.1551917426183,-15.3750977106837,-10.));
#5806=CARTESIAN_POINT('Ctrl Pts',(24.8486142889117,-15.8448446164585,-10.));
#5807=CARTESIAN_POINT('Ctrl Pts',(24.5417653835649,-16.3150074483445,-10.));
#5808=CARTESIAN_POINT('Ctrl Pts',(24.221423264605,-16.7765059925004,-10.));
#5809=CARTESIAN_POINT('Ctrl Pts',(23.8880300063744,-17.2288097405029,-10.));
#5810=CARTESIAN_POINT('Ctrl Pts',(23.6506953507565,-17.5507939186969,-10.));
#5811=CARTESIAN_POINT('Ctrl Pts',(23.4067459130797,-17.8681178450012,-10.));
#5812=CARTESIAN_POINT('Ctrl Pts',(23.1563295303975,-18.1805790101856,-10.));
#5813=CARTESIAN_POINT('Ctrl Pts',(23.0868676499036,-18.2672512154246,-10.));
#5814=CARTESIAN_POINT('Ctrl Pts',(23.0169081312962,-18.3535492075468,-10.));
#5815=CARTESIAN_POINT('Ctrl Pts',(22.9464540088975,-18.4394685252911,-10.));
#5816=CARTESIAN_POINT('Ctrl Pts',(22.9087121734634,-18.4854949697419,-10.));
#5817=CARTESIAN_POINT('Ctrl Pts',(22.8708284017853,-18.5314127457637,-10.));
#5818=CARTESIAN_POINT('Ctrl Pts',(22.8328031544048,-18.5772211600686,-10.));
#5819=CARTESIAN_POINT('Ctrl Pts',(22.7953926009649,-18.6222890623021,-10.));
#5820=CARTESIAN_POINT('Ctrl Pts',(22.7578501198548,-18.6672450560824,-10.));
#5821=CARTESIAN_POINT('Ctrl Pts',(22.7201798770792,-18.7120843026803,-10.));
#5822=CARTESIAN_POINT('Ctrl Pts',(22.3595499536162,-19.1413455146421,-10.));
#5823=CARTESIAN_POINT('Ctrl Pts',(21.987110437806,-19.5600347215845,-10.));
#5824=CARTESIAN_POINT('Ctrl Pts',(21.6033553933124,-19.9676717882596,-10.));
#5825=CARTESIAN_POINT('Ctrl Pts',(21.2190426089426,-20.375901304338,-10.));
#5826=CARTESIAN_POINT('Ctrl Pts',(20.8233810504809,-20.7730469085781,-10.));
#5827=CARTESIAN_POINT('Ctrl Pts',(20.4168262916196,-21.1585938251815,-10.));
#5828=CARTESIAN_POINT('Ctrl Pts',(20.0117057166747,-21.542780666236,-10.));
#5829=CARTESIAN_POINT('Ctrl Pts',(19.5957683098479,-21.9154508545453,-10.));
#5830=CARTESIAN_POINT('Ctrl Pts',(19.1694296531081,-22.2760573723345,-10.));
#5831=CARTESIAN_POINT('Ctrl Pts',(18.7477288747263,-22.6327410716361,-10.));
#5832=CARTESIAN_POINT('Ctrl Pts',(18.3158515483206,-22.9776224218528,-10.));
#5833=CARTESIAN_POINT('Ctrl Pts',(17.8741707281861,-23.3101305457158,-10.));
#5834=CARTESIAN_POINT('Ctrl Pts',(17.6028384021255,-23.5143961569196,-10.));
#5835=CARTESIAN_POINT('Ctrl Pts',(17.3278058253081,-23.7139914534795,-10.));
#5836=CARTESIAN_POINT('Ctrl Pts',(17.0491548275312,-23.9087754740152,-10.));
#5837=CARTESIAN_POINT('Origin',(0.,0.,-10.));
#5838=CARTESIAN_POINT('Ctrl Pts',(-12.2149702970028,26.7038897099905,-10.3331311053224));
#5839=CARTESIAN_POINT('Ctrl Pts',(-16.6413094162468,24.679180895911,-10.3067501638836));
#5840=CARTESIAN_POINT('Ctrl Pts',(-24.4635339459949,18.3887293918412,-10.2539882810059));
#5841=CARTESIAN_POINT('Ctrl Pts',(-30.2718483125931,4.48896384766648,-10.1748454566893));
#5842=CARTESIAN_POINT('Ctrl Pts',(-28.7473142343308,-10.4937471127571,-10.0957026323728));
#5843=CARTESIAN_POINT('Ctrl Pts',(-20.2596927074714,-22.9368316395479,-10.0165598080563));
#5844=CARTESIAN_POINT('Ctrl Pts',(-6.86462234510954,-29.8229501533219,-9.93741698373968));
#5845=CARTESIAN_POINT('Ctrl Pts',(8.19316971922354,-29.4858667568527,-9.85827415942318));
#5846=CARTESIAN_POINT('Ctrl Pts',(21.2664134399243,-22.0063199322604,-9.77913133510659));
#5847=CARTESIAN_POINT('Ctrl Pts',(29.1884334563041,-9.19650428131785,-9.69998851079009));
#5848=CARTESIAN_POINT('Ctrl Pts',(30.0403551809907,5.84100086607095,-9.62084568647352));
#5849=CARTESIAN_POINT('Ctrl Pts',(23.6158134736253,19.4636370347545,-9.54170286215699));
#5850=CARTESIAN_POINT('Ctrl Pts',(11.4709843961326,28.3717596328236,-9.46256003784043));
#5851=CARTESIAN_POINT('Ctrl Pts',(-3.45237997772345,30.4075818254121,-9.38341721352391));
#5852=CARTESIAN_POINT('Ctrl Pts',(-17.5394985873767,25.0779999584127,-9.30427438920734));
#5853=CARTESIAN_POINT('Ctrl Pts',(-27.3781504442523,13.6739504982637,-9.22513156489082));
#5854=CARTESIAN_POINT('Ctrl Pts',(-30.5851890255905,-1.04224018105523,-9.14598874057426));
#5855=CARTESIAN_POINT('Ctrl Pts',(-26.383796577335,-15.5059774337213,-9.06684591625772));
#5856=CARTESIAN_POINT('Ctrl Pts',(-15.7916461646832,-26.2138124255426,-8.98770309194119));
#5857=CARTESIAN_POINT('Ctrl Pts',(-1.37439851628644,-30.5720637932133,-8.90856026762463));
#5858=CARTESIAN_POINT('Ctrl Pts',(13.375759843621,-27.5250631529088,-8.82941744330811));
#5859=CARTESIAN_POINT('Ctrl Pts',(24.8860037684949,-17.8108638360121,-8.75027461899155));
#5860=CARTESIAN_POINT('Ctrl Pts',(30.3682893863177,-3.7824666029988,-8.67113179467501));
#5861=CARTESIAN_POINT('Ctrl Pts',(28.4946819444614,11.162130382925,-8.59198897035847));
#5862=CARTESIAN_POINT('Ctrl Pts',(19.7190119458808,23.4030045466315,-8.51284614604193));
#5863=CARTESIAN_POINT('Ctrl Pts',(6.16694702910626,29.9751366663476,-8.43370332172538));
#5864=CARTESIAN_POINT('Ctrl Pts',(-8.87889326163159,29.2866062959845,-8.35456049740884));
#5865=CARTESIAN_POINT('Ctrl Pts',(-21.7740628816272,21.5041912074544,-8.27541767309229));
#5866=CARTESIAN_POINT('Ctrl Pts',(-29.3950573262282,8.51297002556397,-8.19627484877575));
#5867=CARTESIAN_POINT('Ctrl Pts',(-29.8958977384997,-6.54028686505819,-8.11713202445922));
#5868=CARTESIAN_POINT('Ctrl Pts',(-23.1552691353528,-20.0093369489193,-8.03798920014266));
#5869=CARTESIAN_POINT('Ctrl Pts',(-10.8059056665273,-28.6316687706833,-7.95884637582613));
#5870=CARTESIAN_POINT('Ctrl Pts',(4.16089487517396,-30.3187566978675,-7.87970355150958));
#5871=CARTESIAN_POINT('Ctrl Pts',(18.1198316765538,-24.6619495150062,-7.80056072719304));
#5872=CARTESIAN_POINT('Ctrl Pts',(27.6897315338768,-13.0314550779629,-7.72141790287649));
#5873=CARTESIAN_POINT('Ctrl Pts',(30.5525462017437,1.75555531313689,-7.64227507855995));
#5874=CARTESIAN_POINT('Ctrl Pts',(26.0148366038139,16.1173301245604,-7.56313225424341));
#5875=CARTESIAN_POINT('Ctrl Pts',(15.1757396096909,26.5751195889317,-7.48398942992687));
#5876=CARTESIAN_POINT('Ctrl Pts',(0.660731989614051,30.5958083257346,-7.40484660561032));
#5877=CARTESIAN_POINT('Ctrl Pts',(-14.0143200041801,27.2054937225482,-7.32570378129379));
#5878=CARTESIAN_POINT('Ctrl Pts',(-25.2947837180076,17.2253873839283,-7.24656095697723));
#5879=CARTESIAN_POINT('Ctrl Pts',(-30.4482732848317,3.07289893087612,-7.1674181326607));
#5880=CARTESIAN_POINT('Ctrl Pts',(-28.226495867094,-11.8239158036626,-7.08827530834415));
#5881=CARTESIAN_POINT('Ctrl Pts',(-19.1676166829925,-23.8567081669086,-7.00913248402761));
#5882=CARTESIAN_POINT('Ctrl Pts',(-5.46590310324608,-30.1108611157686,-6.92998965971106));
#5883=CARTESIAN_POINT('Ctrl Pts',(9.55977700560619,-29.0714760112083,-6.85084683539452));
#5884=CARTESIAN_POINT('Ctrl Pts',(22.269860854872,-20.9903156567932,-6.77170401107798));
#5885=CARTESIAN_POINT('Ctrl Pts',(29.5856759396249,-7.82482159941564,-6.69256118676143));
#5886=CARTESIAN_POINT('Ctrl Pts',(29.7351648116475,7.23602290566703,-6.61341836244489));
#5887=CARTESIAN_POINT('Ctrl Pts',(22.6821178530062,20.5441374501223,-6.53427553812835));
#5888=CARTESIAN_POINT('Ctrl Pts',(10.134944072252,28.8759928404116,-6.4551327138118));
#5889=CARTESIAN_POINT('Ctrl Pts',(-4.86714456384464,30.2134234680848,-6.37598988949527));
#5890=CARTESIAN_POINT('Ctrl Pts',(-18.6902996599335,24.2324730989032,-6.29684706517871));
#5891=CARTESIAN_POINT('Ctrl Pts',(-27.9862374414647,12.3818644693415,-6.21770424086218));
#5892=CARTESIAN_POINT('Ctrl Pts',(-30.5032695328998,-2.46791443742432,-6.13856141654563));
#5893=CARTESIAN_POINT('Ctrl Pts',(-25.6317132928166,-16.7199081200235,-6.0594185922291));
#5894=CARTESIAN_POINT('Ctrl Pts',(-14.5515708699354,-26.9219583070107,-5.98027576791254));
#5895=CARTESIAN_POINT('Ctrl Pts',(0.0532942591103112,-30.6028955098881,
-5.90113294359601));
#5896=CARTESIAN_POINT('Ctrl Pts',(14.645250301785,-26.8711126949601,-5.82199011927946));
#5897=CARTESIAN_POINT('Ctrl Pts',(25.6897923410124,-16.6305328640678,-5.74284729496292));
#5898=CARTESIAN_POINT('Ctrl Pts',(30.5116801259079,-2.36165826517197,-5.66370447064637));
#5899=CARTESIAN_POINT('Ctrl Pts',(27.9429423416279,12.47926388693,-5.58456164632983));
#5900=CARTESIAN_POINT('Ctrl Pts',(18.6057859289461,24.2974233990645,-5.50541882201328));
#5901=CARTESIAN_POINT('Ctrl Pts',(4.76188335696933,30.2301922051745,-5.42627599769675));
#5902=CARTESIAN_POINT('Ctrl Pts',(-10.2354560873863,28.8405182434429,-5.3471331733802));
#5903=CARTESIAN_POINT('Ctrl Pts',(-22.7535343714435,20.465012276437,-5.26799034906366));
#5904=CARTESIAN_POINT('Ctrl Pts',(-29.7601871220405,7.13241307891767,-5.18884752474711));
#5905=CARTESIAN_POINT('Ctrl Pts',(-29.5582430670868,-7.92781941357095,-5.10970470043058));
#5906=CARTESIAN_POINT('Ctrl Pts',(-22.196617667479,-21.0677530361199,-5.03056187611403));
#5907=CARTESIAN_POINT('Ctrl Pts',(-9.45846467563325,-29.1045958543831,-4.95141905179749));
#5908=CARTESIAN_POINT('Ctrl Pts',(5.57074441631632,-30.0916410405824,-4.87227622748094));
#5909=CARTESIAN_POINT('Ctrl Pts',(19.2505920193976,-23.7898037144043,-4.7931334031644));
#5910=CARTESIAN_POINT('Ctrl Pts',(28.2675067058638,-11.7255327597992,-4.71399057884786));
#5911=CARTESIAN_POINT('Ctrl Pts',(30.4373858644567,3.17892994659332,-4.63484775453131));
#5912=CARTESIAN_POINT('Ctrl Pts',(25.2346352202842,17.3133832385923,-4.55570493021478));
#5913=CARTESIAN_POINT('Ctrl Pts',(13.9194797685675,27.2541398110382,-4.47656210589823));
#5914=CARTESIAN_POINT('Ctrl Pts',(-0.767291492658223,30.5933214547305,-4.39741928158169));
#5915=CARTESIAN_POINT('Ctrl Pts',(-15.2682072355629,26.5221021353716,-4.31827645726514));
#5916=CARTESIAN_POINT('Ctrl Pts',(-26.0708145823066,16.0266241261898,-4.2391336329486));
#5917=CARTESIAN_POINT('Ctrl Pts',(-30.5584753883771,1.64913183376271,-4.15999080863206));
#5918=CARTESIAN_POINT('Ctrl Pts',(-27.6441757442726,-13.1278178417796,-4.08084798431551));
#5919=CARTESIAN_POINT('Ctrl Pts',(-18.0338255630847,-24.7249103017061,-4.00170515999898));
#5920=CARTESIAN_POINT('Ctrl Pts',(-4.05527108221238,-30.3330649674072,-3.92256233568243));
#5921=CARTESIAN_POINT('Ctrl Pts',(10.905562644721,-28.5938587334631,-3.84341951136589));
#5922=CARTESIAN_POINT('Ctrl Pts',(23.2248201032967,-19.9285670592916,-3.76427668704934));
#5923=CARTESIAN_POINT('Ctrl Pts',(29.9184958637614,-6.43612143431674,-3.6851338627328));
#5924=CARTESIAN_POINT('Ctrl Pts',(29.3652288269256,8.61529975157434,-3.60599103841626));
#5925=CARTESIAN_POINT('Ctrl Pts',(21.6990329013038,21.5798986331102,-3.52684821409971));
#5926=CARTESIAN_POINT('Ctrl Pts',(8.77683577466705,29.3173533534612,-3.44770538978317));
#5927=CARTESIAN_POINT('Ctrl Pts',(-6.2713113693084,29.9534757177921,-3.36856256546663));
#5928=CARTESIAN_POINT('Ctrl Pts',(-19.8004037130562,23.3341823655162,-3.28941974115008));
#5929=CARTESIAN_POINT('Ctrl Pts',(-28.5333861946843,11.0628172782605,-3.21027691683354));
#5930=CARTESIAN_POINT('Ctrl Pts',(-30.3549310656862,-3.88821474003405,-3.131134092517));
#5931=CARTESIAN_POINT('Ctrl Pts',(-24.8238185687928,-17.8974323725733,-3.05199126820045));
#5932=CARTESIAN_POINT('Ctrl Pts',(-13.2798104371123,-27.5714832502994,-2.97284844388391));
#5933=CARTESIAN_POINT('Ctrl Pts',(1.48087098706869,-30.5670913726975,-2.89370561956737));
#5934=CARTESIAN_POINT('Ctrl Pts',(15.8828516469353,-26.158652056798,-2.81456279525083));
#5935=CARTESIAN_POINT('Ctrl Pts',(26.4376430006453,-15.4139899583983,-2.73541997093428));
#5936=CARTESIAN_POINT('Ctrl Pts',(30.5886335953342,-0.935707559855919,-2.65627714661774));
#5937=CARTESIAN_POINT('Ctrl Pts',(27.3303587335508,13.7692245737587,-2.5771343223012));
#5938=CARTESIAN_POINT('Ctrl Pts',(17.4520469797509,25.1389361366734,-2.49799149798465));
#5939=CARTESIAN_POINT('Ctrl Pts',(3.34645098231865,30.4194233950961,-2.41884867366811));
#5940=CARTESIAN_POINT('Ctrl Pts',(-11.5697318492,28.3316317709514,-2.33970584935157));
#5941=CARTESIAN_POINT('Ctrl Pts',(-23.6834614667248,19.3812720640658,-2.26056302503502));
#5942=CARTESIAN_POINT('Ctrl Pts',(-30.0605159762167,5.73632575005972,-2.18142020071848));
#5943=CARTESIAN_POINT('Ctrl Pts',(-29.1562271745682,-9.29808963240042,-2.10227737640194));
#5944=CARTESIAN_POINT('Ctrl Pts',(-21.1896344562603,-22.0802954119107,-2.02313455208539));
#5945=CARTESIAN_POINT('Ctrl Pts',(-8.09042847091235,-29.5141495053513,-1.94399172776885));
#5946=CARTESIAN_POINT('Ctrl Pts',(6.9684640107534,-29.7990027215344,-1.86484890345231));
#5947=CARTESIAN_POINT('Ctrl Pts',(20.3394354050444,-22.8658571077317,-1.78570607913577));
#5948=CARTESIAN_POINT('Ctrl Pts',(28.7837311542445,-10.394078829187,-1.70656325481922));
#5949=CARTESIAN_POINT('Ctrl Pts',(30.2559500277369,4.59538265939466,-1.62742043050268));
#5950=CARTESIAN_POINT('Ctrl Pts',(24.3994870006605,18.471737546094,-1.54827760618614));
#5951=CARTESIAN_POINT('Ctrl Pts',(12.6329111329368,27.8738158524178,-1.46913478186959));
#5952=CARTESIAN_POINT('Ctrl Pts',(-2.19364424581107,30.5242195443225,-1.38999195755305));
#5953=CARTESIAN_POINT('Ctrl Pts',(-16.4888489029382,25.7809603336116,-1.31084913323651));
#5954=CARTESIAN_POINT('Ctrl Pts',(-26.7900778823754,14.7929638992136,-1.23170630891996));
#5955=CARTESIAN_POINT('Ctrl Pts',(-30.6021383276432,0.221773855474324,-1.15256348460342));
#5956=CARTESIAN_POINT('Ctrl Pts',(-27.0016621619334,-14.4031348796015,-1.07342066028687));
#5957=CARTESIAN_POINT('Ctrl Pts',(-16.8607669186528,-25.5392754944622,-0.994277835970334));
#5958=CARTESIAN_POINT('Ctrl Pts',(-2.63580896264439,-30.4892204718261,-0.915135011653789));
#5959=CARTESIAN_POINT('Ctrl Pts',(12.2276021049067,-28.053980121032,-0.835992187337248));
#5960=CARTESIAN_POINT('Ctrl Pts',(24.1292087620382,-18.8234252564499,-0.756849363020706));
#5961=CARTESIAN_POINT('Ctrl Pts',(30.1861701389097,-5.03340701831026,-0.677706538704163));
#5962=CARTESIAN_POINT('Ctrl Pts',(28.9313518975007,9.97581732241329,-0.59856371438762));
#5963=CARTESIAN_POINT('Ctrl Pts',(20.6686996658905,22.5686709397873,-0.519420890071076));
#5964=CARTESIAN_POINT('Ctrl Pts',(7.39961646745077,29.6948771676498,-0.440278065754533));
#5965=CARTESIAN_POINT('Ctrl Pts',(-7.66182278744864,29.6283061520721,-0.36113524143799));
#5966=CARTESIAN_POINT('Ctrl Pts',(-20.8673936284902,22.3850829129764,-0.281992417121446));
#5967=CARTESIAN_POINT('Ctrl Pts',(-29.01840528838,9.71968149614471,-0.202849592804903));
#5968=CARTESIAN_POINT('Ctrl Pts',(-30.1404966391946,-5.30004869882098,-0.12370676848836));
#5969=CARTESIAN_POINT('Ctrl Pts',(-23.9618715361772,-19.0359860882203,-0.0445639441718177));
#5970=CARTESIAN_POINT('Ctrl Pts',(-11.9791340496467,-28.1609730174185,0.0345788801447258));
#5971=CARTESIAN_POINT('Ctrl Pts',(2.90522321129692,-30.464729310462,0.113721704461269));
#5972=CARTESIAN_POINT('Ctrl Pts',(17.085869078408,-25.3892325938118,0.192864528777812));
#5973=CARTESIAN_POINT('Ctrl Pts',(27.1279273501659,-14.163884055982,0.272007353094356));
#5974=CARTESIAN_POINT('Ctrl Pts',(30.5989822328763,0.492280590007607,0.351150177410899));
#5975=CARTESIAN_POINT('Ctrl Pts',(26.6582649828217,15.0292036373469,0.430293001727443));
#5976=CARTESIAN_POINT('Ctrl Pts',(16.2603072924217,25.9257104169432,0.509435826043985));
#5977=CARTESIAN_POINT('Ctrl Pts',(1.92373192046111,30.5424181977357,0.588578650360529));
#5978=CARTESIAN_POINT('Ctrl Pts',(-12.8788152452825,27.7610549465444,0.66772147467707));
#5979=CARTESIAN_POINT('Ctrl Pts',(-24.561819309509,18.2553303468935,0.746864298993616));
#5980=CARTESIAN_POINT('Ctrl Pts',(-30.2953899415139,4.32774793152248,0.826007123310156));
#5981=CARTESIAN_POINT('Ctrl Pts',(-28.690725425341,-10.6481138440039,0.905149947626702));
#5982=CARTESIAN_POINT('Ctrl Pts',(-20.1365121445077,-23.0447593287773,0.984292771943241));
#5983=CARTESIAN_POINT('Ctrl Pts',(-6.70477586542938,-29.859437946176,1.06343559625979));
#5984=CARTESIAN_POINT('Ctrl Pts',(8.35101021169863,-29.4414789423236,1.14257842057633));
#5985=CARTESIAN_POINT('Ctrl Pts',(21.383990945288,-21.8921215307932,1.22172124489288));
#5986=CARTESIAN_POINT('Ctrl Pts',(29.2372808326473,-9.03999244358599,1.30086406920941));
#5987=CARTESIAN_POINT('Ctrl Pts',(30.0086337567436,6.00182921456513,1.38000689352596));
#5988=CARTESIAN_POINT('Ctrl Pts',(23.5112104278307,19.5898708031841,1.4591497178425));
#5989=CARTESIAN_POINT('Ctrl Pts',(11.3188351253406,28.4327984073417,1.53829254215905));
#5990=CARTESIAN_POINT('Ctrl Pts',(-3.6152204761505,30.3886530595879,1.61743536647559));
#5991=CARTESIAN_POINT('Ctrl Pts',(-17.673587135604,24.9836821070753,1.69657819079213));
#5992=CARTESIAN_POINT('Ctrl Pts',(-27.4510074674727,13.5270929207992,1.77572101510867));
#5993=CARTESIAN_POINT('Ctrl Pts',(-30.5791670293172,-1.20606702148,1.85486383942522));
#5994=CARTESIAN_POINT('Ctrl Pts',(-26.3003541531194,-15.6470899942346,1.93400666374176));
#5995=CARTESIAN_POINT('Ctrl Pts',(-15.65099501135,-26.2980305160267,2.0131494880583));
#5996=CARTESIAN_POINT('Ctrl Pts',(-1.2106075343137,-30.5789876102045,2.09229231237485));
#5997=CARTESIAN_POINT('Ctrl Pts',(13.5230167281246,-27.4530157257457,2.17143513669139));
#5998=CARTESIAN_POINT('Ctrl Pts',(24.9810575814933,-17.6772966252562,2.25057796100793));
#5999=CARTESIAN_POINT('Ctrl Pts',(30.3881159211176,-3.61973267409312,2.32972078532447));
#6000=CARTESIAN_POINT('Ctrl Pts',(28.4344787631845,11.3146131764718,2.40886360964102));
#6001=CARTESIAN_POINT('Ctrl Pts',(19.593361632789,23.5083013804471,2.48800643395756));
#6002=CARTESIAN_POINT('Ctrl Pts',(6.0062849592991,30.0077422485411,2.56714925827411));
#6003=CARTESIAN_POINT('Ctrl Pts',(-9.03565106683119,29.2386228072673,2.64629208259065));
#6004=CARTESIAN_POINT('Ctrl Pts',(-21.8889461025897,21.3872413458375,2.72543490690719));
#6005=CARTESIAN_POINT('Ctrl Pts',(-29.4402386238836,8.35538171695158,2.80457773122373));
#6006=CARTESIAN_POINT('Ctrl Pts',(-29.8604331709448,-6.70034213385537,2.88372055554028));
#6007=CARTESIAN_POINT('Ctrl Pts',(-23.0477490305931,-20.1330901376309,2.96286337985682));
#6008=CARTESIAN_POINT('Ctrl Pts',(-10.6523738488258,-28.6891440313585,3.04200620417336));
#6009=CARTESIAN_POINT('Ctrl Pts',(4.32324949412681,-30.2960322101544,3.12114902848991));
#6010=CARTESIAN_POINT('Ctrl Pts',(18.2516831011694,-24.5645296686435,3.20029185280645));
#6011=CARTESIAN_POINT('Ctrl Pts',(27.7591423386803,-12.8829371840457,3.27943467712299));
#6012=CARTESIAN_POINT('Ctrl Pts',(30.5427035050248,1.91919682974977,3.35857750143953));
#6013=CARTESIAN_POINT('Ctrl Pts',(25.9281245314459,16.2564575522778,3.43772032575608));
#6014=CARTESIAN_POINT('Ctrl Pts',(15.0331618054116,26.6560330882052,3.51686315007262));
#6015=CARTESIAN_POINT('Ctrl Pts',(0.496824052956329,30.598908799622,3.59600597438916));
#6016=CARTESIAN_POINT('Ctrl Pts',(-14.1598558286119,27.1300301654846,3.67514879870571));
#6017=CARTESIAN_POINT('Ctrl Pts',(-25.3866953306621,17.0896387924181,3.75429162302225));
#6018=CARTESIAN_POINT('Ctrl Pts',(-30.4642975945979,2.90974671319502,3.83343444733879));
#6019=CARTESIAN_POINT('Ctrl Pts',(-28.1627514202797,-11.9749524553007,3.91257727165534));
#6020=CARTESIAN_POINT('Ctrl Pts',(-19.0395438400293,-23.9590447270082,3.99172009597188));
#6021=CARTESIAN_POINT('Ctrl Pts',(-5.30452403085882,-30.1397093329253,4.07086292028843));
#6022=CARTESIAN_POINT('Ctrl Pts',(9.71537261147839,-29.0198481885642,4.15000574460496));
#6023=CARTESIAN_POINT('Ctrl Pts',(22.381984185928,-20.8707172317591,4.22914856892151));
#6024=CARTESIAN_POINT('Ctrl Pts',(29.6271681650829,-7.66622204120619,4.30829139323805));
#6025=CARTESIAN_POINT('Ctrl Pts',(29.6959755671513,7.39520716290844,4.3874342175546));
#6026=CARTESIAN_POINT('Ctrl Pts',(22.5717396683415,20.6653483447969,4.46657704187114));
#6027=CARTESIAN_POINT('Ctrl Pts',(9.98011306389923,28.9298703263421,4.54571986618768));
#6028=CARTESIAN_POINT('Ctrl Pts',(-5.02892479056089,30.1869171880479,4.62486269050423));
#6029=CARTESIAN_POINT('Ctrl Pts',(-18.8198422403362,24.1320034791153,4.70400551482077));
#6030=CARTESIAN_POINT('Ctrl Pts',(-28.0521642048641,12.2317675456377,4.78314833913731));
#6031=CARTESIAN_POINT('Ctrl Pts',(-30.489611511961,-2.63128176311008,4.86229116345385));
#6032=CARTESIAN_POINT('Ctrl Pts',(-25.5417787720507,-16.8569745514074,4.9414339877704));
#6033=CARTESIAN_POINT('Ctrl Pts',(-14.4071440436569,-26.9995232249108,5.02057681208694));
#6034=CARTESIAN_POINT('Ctrl Pts',(0.217229916023351,-30.6021709202266,5.09971963640347));
#6035=CARTESIAN_POINT('Ctrl Pts',(14.7889858302492,-26.7922741098971,5.17886246072003));
#6036=CARTESIAN_POINT('Ctrl Pts',(25.7785117142645,-16.4926767889481,5.25800528503656));
#6037=CARTESIAN_POINT('Ctrl Pts',(30.5238934861053,-2.19817658891935,5.33714810935311));
#6038=CARTESIAN_POINT('Ctrl Pts',(27.8756913340754,12.6287721697135,5.41629093366966));
#6039=CARTESIAN_POINT('Ctrl Pts',(18.4753602831478,24.3967439687156,5.4954337579862));
#6040=CARTESIAN_POINT('Ctrl Pts',(4.59987514221587,30.2552673520365,5.57457658230274));
#6041=CARTESIAN_POINT('Ctrl Pts',(-10.3898047825101,28.7852741944298,5.65371940661929));
#6042=CARTESIAN_POINT('Ctrl Pts',(-22.8628367688891,20.342830401552,5.73286223093582));
#6043=CARTESIAN_POINT('Ctrl Pts',(-29.7979676855543,6.97288861791462,5.81200505525238));
#6044=CARTESIAN_POINT('Ctrl Pts',(-29.51535048158,-8.08604599397458,5.8911478795689));
#6045=CARTESIAN_POINT('Ctrl Pts',(-22.083441496485,-21.186355645521,5.97029070388546));
#6046=CARTESIAN_POINT('Ctrl Pts',(-9.30241877180507,-29.1548462328503,6.04943352820199));
#6047=CARTESIAN_POINT('Ctrl Pts',(5.73186217223154,-30.0613673991341,6.12857635251855));
#6048=CARTESIAN_POINT('Ctrl Pts',(19.3777552282764,-23.686339020207,6.20771917683508));
#6049=CARTESIAN_POINT('Ctrl Pts',(28.3299135351255,-11.5739385240933,6.28686200115163));
#6050=CARTESIAN_POINT('Ctrl Pts',(30.4199199551812,3.34193413872021,6.36600482546817));
#6051=CARTESIAN_POINT('Ctrl Pts',(25.1415272144797,17.4483140500954,6.44514764978472));
#6052=CARTESIAN_POINT('Ctrl Pts',(13.7732825510818,27.3283139186311,6.52429047410125));
#6053=CARTESIAN_POINT('Ctrl Pts',(-0.931165617775127,30.5887721960109,6.60343329841781));
#6054=CARTESIAN_POINT('Ctrl Pts',(-15.4100642136338,26.4399314446703,6.68257612273434));
#6055=CARTESIAN_POINT('Ctrl Pts',(-26.1562934143641,15.8867356209156,6.7617189470509));
#6056=CARTESIAN_POINT('Ctrl Pts',(-30.5668711496442,1.48540970382762,6.84086177136742));
#6057=CARTESIAN_POINT('Ctrl Pts',(-27.5734547896785,-13.2757163584018,6.92000459568399));
#6058=CARTESIAN_POINT('Ctrl Pts',(-17.9011181225329,-24.8211608074703,6.9991474200005));
#6059=CARTESIAN_POINT('Ctrl Pts',(-3.89272192778087,-30.3543533922262,7.07829024431707));
#6060=CARTESIAN_POINT('Ctrl Pts',(11.0585803965068,-28.5350285347882,7.1574330686336));
#6061=CARTESIAN_POINT('Ctrl Pts',(23.3312420592529,-19.8038682544529,7.23657589295015));
#6062=CARTESIAN_POINT('Ctrl Pts',(29.9525441963292,-6.2757589209693,7.31571871726669));
#6063=CARTESIAN_POINT('Ctrl Pts',(29.3186562525655,8.77248251130075,7.39486154158324));
#6064=CARTESIAN_POINT('Ctrl Pts',(21.583120360871,21.6958283860132,7.47400436589977));
#6065=CARTESIAN_POINT('Ctrl Pts',(8.61965993196937,29.3639492664795,7.55314719021632));
#6066=CARTESIAN_POINT('Ctrl Pts',(-6.43167893653077,29.9194511969147,7.63229001453286));
#6067=CARTESIAN_POINT('Ctrl Pts',(-19.9251183185098,23.2277789265476,7.7114328388494));
#6068=CARTESIAN_POINT('Ctrl Pts',(-28.5922391134441,10.9098082635221,7.79057566316595));
#6069=CARTESIAN_POINT('Ctrl Pts',(-30.3336667770989,-4.05076705367076,7.86971848748249));
#6070=CARTESIAN_POINT('Ctrl Pts',(-24.7275877690605,-18.030154103351,7.94886131179903));
#6071=CARTESIAN_POINT('Ctrl Pts',(-13.1319224230719,-27.6422261647213,8.02800413611557));
#6072=CARTESIAN_POINT('Ctrl Pts',(1.64459436183758,-30.5587199216883,8.10714696043212));
#6073=CARTESIAN_POINT('Ctrl Pts',(16.0227528429314,-26.0731939969293,8.18628978474866));
#6074=CARTESIAN_POINT('Ctrl Pts',(26.5198347539746,-15.2721451829487,8.2654326090652));
#6075=CARTESIAN_POINT('Ctrl Pts',(30.5932071867379,-0.77183411203902,8.34457543338175));
#6076=CARTESIAN_POINT('Ctrl Pts',(27.2562063347668,13.915432803323,8.42371825769829));
#6077=CARTESIAN_POINT('Ctrl Pts',(17.3171299948122,25.2320641765583,8.50286108201484));
#6078=CARTESIAN_POINT('Ctrl Pts',(3.18344938540189,30.436913507742,8.58200390633138));
#6079=CARTESIAN_POINT('Ctrl Pts',(-11.721335349669,28.2692474517412,8.66114673064792));
#6080=CARTESIAN_POINT('Ctrl Pts',(-23.7869450415213,19.2541242194711,8.74028955496446));
#6081=CARTESIAN_POINT('Ctrl Pts',(-30.0908135407881,5.57521249108087,8.81943237928101));
#6082=CARTESIAN_POINT('Ctrl Pts',(-29.1059999670212,-9.45414299590059,8.89857520359754));
#6083=CARTESIAN_POINT('Ctrl Pts',(-21.0710486530508,-22.1934891922822,8.97771802791411));
#6084=CARTESIAN_POINT('Ctrl Pts',(-7.93220826112859,-29.5570655845478,9.05686085223062));
#6085=CARTESIAN_POINT('Ctrl Pts',(7.12799407981787,-29.7612458453147,9.13600367654719));
#6086=CARTESIAN_POINT('Ctrl Pts',(20.4616335082717,-22.7565728535812,9.21514650086371));
#6087=CARTESIAN_POINT('Ctrl Pts',(28.8389981210059,-10.2397383386392,9.29428932518027));
#6088=CARTESIAN_POINT('Ctrl Pts',(30.2308989368275,4.75739459562735,9.3734321494968));
#6089=CARTESIAN_POINT('Ctrl Pts',(24.3001857982647,18.6021779379994,9.45257497381335));
#6090=CARTESIAN_POINT('Ctrl Pts',(12.4834128375199,27.9410890588614,9.5317177981299));
#6091=CARTESIAN_POINT('Ctrl Pts',(-2.35712773375379,30.5120304587214,9.61086062244643));
#6092=CARTESIAN_POINT('Ctrl Pts',(-16.626718149972,25.6922614307999,9.69000344676299));
#6093=CARTESIAN_POINT('Ctrl Pts',(-26.8689378090382,14.6492400786258,9.76914627107952));
#6094=CARTESIAN_POINT('Ctrl Pts',(-30.6028872591674,0.0578383079590217,
9.84828909539607));
#6095=CARTESIAN_POINT('Ctrl Pts',(-26.9241186900045,-14.5475732214596,9.9274319197126));
#6096=CARTESIAN_POINT('Ctrl Pts',(-16.7237138426446,-25.6292303664491,10.0065747440292));
#6097=CARTESIAN_POINT('Ctrl Pts',(-2.47244366676187,-30.5029027500968,10.0857175683457));
#6098=CARTESIAN_POINT('Ctrl Pts',(12.3777088160444,-27.9880756453957,10.1648603926622));
#6099=CARTESIAN_POINT('Ctrl Pts',(24.2296976157573,-18.6938975956365,10.2440032169788));
#6100=CARTESIAN_POINT('Ctrl Pts',(30.2127004404777,-4.87163072914411,10.3231460412953));
#6101=CARTESIAN_POINT('Ctrl Pts',(28.8774974021377,10.1306563290199,10.4022888656119));
#6102=CARTESIAN_POINT('Ctrl Pts',(20.5475051619793,22.6790671211496,10.4814316899284));
#6103=CARTESIAN_POINT('Ctrl Pts',(7.24043803095186,29.7340900480765,10.560574514245));
#6104=CARTESIAN_POINT('Ctrl Pts',(-7.8204285048533,29.5868374766154,10.6397173385615));
#6105=CARTESIAN_POINT('Ctrl Pts',(-20.9870087007594,22.2729773416449,10.718860162878));
#6106=CARTESIAN_POINT('Ctrl Pts',(-29.0700562139589,9.56409355790943,10.7980029871946));
#6107=CARTESIAN_POINT('Ctrl Pts',(-30.1116723846143,-5.46143205293582,10.8771458115111));
#6108=CARTESIAN_POINT('Ctrl Pts',(-23.8595539940123,-19.1640741251434,10.9562886358277));
#6109=CARTESIAN_POINT('Ctrl Pts',(-11.8281068647238,-28.2247398901009,11.0354314601442));
#6110=CARTESIAN_POINT('Ctrl Pts',(3.06837780653699,-30.4487292264148,11.1145742844607));
#6111=CARTESIAN_POINT('Ctrl Pts',(17.2216313158524,-25.2973411387053,11.1937171087773));
#6112=CARTESIAN_POINT('Ctrl Pts',(27.2034125161821,-14.0183594383082,11.2728599330938));
#6113=CARTESIAN_POINT('Ctrl Pts',(30.5959060967777,0.656188985229457,11.3520027574104));
#6114=CARTESIAN_POINT('Ctrl Pts',(26.577372655006,15.1717934544378,11.4311455817269));
#6115=CARTESIAN_POINT('Ctrl Pts',(16.1211927416193,26.012443146593,11.5102884060435));
#6116=CARTESIAN_POINT('Ctrl Pts',(1.76009186713994,30.5522851925418,11.58943123036));
#6117=CARTESIAN_POINT('Ctrl Pts',(-13.0273434439786,27.6916661950813,11.6685740546765));
#6118=CARTESIAN_POINT('Ctrl Pts',(-24.6592587326599,18.1234933890494,11.7477168789931));
#6119=CARTESIAN_POINT('Ctrl Pts',(-30.3181385360954,4.16539668858857,11.8268597033096));
#6120=CARTESIAN_POINT('Ctrl Pts',(-28.6332729623495,-10.8016541941853,11.9060025276262));
#6121=CARTESIAN_POINT('Ctrl Pts',(-20.0127749222344,-23.152297807759,11.9851453519427));
#6122=CARTESIAN_POINT('Ctrl Pts',(-6.54472586427719,-29.89492627903,12.0642881762593));
#6123=CARTESIAN_POINT('Ctrl Pts',(8.50860522718888,-29.3963210445632,12.1434310005758));
#6124=CARTESIAN_POINT('Ctrl Pts',(21.5009578641553,-21.7772556763013,12.2225738248924));
#6125=CARTESIAN_POINT('Ctrl Pts',(29.2852875965534,-8.8832417649376,12.3017166492089));
#6126=CARTESIAN_POINT('Ctrl Pts',(29.97605203138,6.16249612406985,12.3808594735254));
#6127=CARTESIAN_POINT('Ctrl Pts',(23.4059322509865,19.7155367497162,12.460002297842));
#6128=CARTESIAN_POINT('Ctrl Pts',(11.1663612751587,28.4930242294463,12.5391451221585));
#6129=CARTESIAN_POINT('Ctrl Pts',(-3.77795735187323,30.3688506880752,12.6182879464751));
#6130=CARTESIAN_POINT('Ctrl Pts',(-17.8071684499592,24.8886481284532,12.6974307707916));
#6131=CARTESIAN_POINT('Ctrl Pts',(-27.5230767761947,13.3798467345059,12.7765735951081));
#6132=CARTESIAN_POINT('Ctrl Pts',(-30.5722675003471,-1.36985902719934,12.8557164194247));
#6133=CARTESIAN_POINT('Ctrl Pts',(-26.2161570099039,-15.7877536558956,12.9348592437412));
#6134=CARTESIAN_POINT('Ctrl Pts',(-15.5098947243652,-26.3814938831425,13.0140020680578));
#6135=CARTESIAN_POINT('Ctrl Pts',(-1.04678181466905,-30.585033949624,13.0931448923743));
#6136=CARTESIAN_POINT('Ctrl Pts',(13.6698855506624,-27.3801804760117,13.1722877166909));
#6137=CARTESIAN_POINT('Ctrl Pts',(25.0753945247967,-17.5432221468285,13.2514305410074));
#6138=CARTESIAN_POINT('Ctrl Pts',(30.4070704236175,-3.45689486683526,13.3305733653239));
#6139=CARTESIAN_POINT('Ctrl Pts',(28.3734596116058,11.4667712777291,13.4097161896405));
#6140=CARTESIAN_POINT('Ctrl Pts',(19.4671490588335,23.6129236095053,13.488859013957));
#6141=CARTESIAN_POINT('Ctrl Pts',(5.8454505300645,30.0394867127877,13.5680018382736));
#6142=CARTESIAN_POINT('Ctrl Pts',(-9.19214958041255,29.1898002726723,13.6471446625901));
#6143=CARTESIAN_POINT('Ctrl Pts',(-22.0032011873546,21.2696777449959,13.7262874869067));
#6144=CARTESIAN_POINT('Ctrl Pts',(-29.4845750896298,8.19755363819942,13.8054303112232));
#6145=CARTESIAN_POINT('Ctrl Pts',(-29.8241117133785,-6.86020512631368,13.8845731355397));
#6146=CARTESIAN_POINT('Ctrl Pts',(-22.9395675360282,-20.2562655770301,13.9637159598563));
#6147=CARTESIAN_POINT('Ctrl Pts',(-10.4985363452461,-28.7457960139344,14.0428587841728));
#6148=CARTESIAN_POINT('Ctrl Pts',(4.48548005093675,-30.2724383322492,14.1220016084894));
#6149=CARTESIAN_POINT('Ctrl Pts',(18.3830107663022,-24.4664049061811,14.2011444328059));
#6150=CARTESIAN_POINT('Ctrl Pts',(27.8277565531673,-12.7340495948788,14.2802872571225));
#6151=CARTESIAN_POINT('Ctrl Pts',(30.5319843395175,2.08278327212302,14.359430081439));
#6152=CARTESIAN_POINT('Ctrl Pts',(25.8406684125703,16.3951184765091,14.4385729057556));
#6153=CARTESIAN_POINT('Ctrl Pts',(14.8901526019575,26.7361816525396,14.5177157300721));
#6154=CARTESIAN_POINT('Ctrl Pts',(0.332901859186349,30.6011311918257,14.5968585543887));
#6155=CARTESIAN_POINT('Ctrl Pts',(-14.3049853146952,27.0537880714243,14.6760013787052));
#6156=CARTESIAN_POINT('Ctrl Pts',(-25.4778784339328,16.9533997880343,14.7551442030217));
#6157=CARTESIAN_POINT('Ctrl Pts',(-30.4794476855513,2.74651099595852,14.8342870273383));
#6158=CARTESIAN_POINT('Ctrl Pts',(-28.0981988009797,-12.1256454676773,14.9134298516548));
#6159=CARTESIAN_POINT('Ctrl Pts',(-18.9109246287359,-24.0606937463043,14.9925726759714));
#6160=CARTESIAN_POINT('Ctrl Pts',(-5.1429927371812,-30.1676926458171,15.0717155002879));
#6161=CARTESIAN_POINT('Ctrl Pts',(9.87068942012897,-28.967387597754,15.1508583246045));
#6162=CARTESIAN_POINT('Ctrl Pts',(22.493465232303,-20.7505198901226,15.230001148921));
#6163=CARTESIAN_POINT('Ctrl Pts',(29.6678101944153,-7.50740248923113,15.3091439732375));
#6164=CARTESIAN_POINT('Ctrl Pts',(29.6559341519975,7.55417920356128,15.3882867975541));
#6165=CARTESIAN_POINT('Ctrl Pts',(22.4607137536785,20.7859662162401,15.4674296218706));
#6166=CARTESIAN_POINT('Ctrl Pts',(9.82499566120005,28.982917626149,15.5465724461872));
#6167=CARTESIAN_POINT('Ctrl Pts',(-5.19056070471858,30.15954464906,15.6257152705037));
#6168=CARTESIAN_POINT('Ctrl Pts',(-18.948844757079,24.0308413551862,15.7048580948203));
#6169=CARTESIAN_POINT('Ctrl Pts',(-28.1172859692384,12.0813196130288,15.7840009191368));
#6170=CARTESIAN_POINT('Ctrl Pts',(-30.4750785457993,-2.79457358030721,15.8631437434533));
#6171=CARTESIAN_POINT('Ctrl Pts',(-25.4511112915284,-16.9935572463816,15.9422865677699));
#6172=CARTESIAN_POINT('Ctrl Pts',(-14.2623037827641,-27.0763133512596,16.0214293920864));
#6173=CARTESIAN_POINT('Ctrl Pts',(0.381159339272905,-30.6005681545964,16.100572216403));
#6174=CARTESIAN_POINT('Ctrl Pts',(14.9322969663889,-26.7126666815392,16.1797150407195));
#6175=CARTESIAN_POINT('Ctrl Pts',(25.8664913346498,-16.3543474292288,16.258857865036));
#6176=CARTESIAN_POINT('Ctrl Pts',(30.5352309167684,-2.03463183735244,16.3380006893526));
#6177=CARTESIAN_POINT('Ctrl Pts',(27.8076403926641,12.7779180597931,16.4171435136692));
#6178=CARTESIAN_POINT('Ctrl Pts',(18.3444044571965,24.4953644201638,16.4962863379857));
#6179=CARTESIAN_POINT('Ctrl Pts',(4.4377349307884,30.2794743108584,16.5754291623022));
#6180=CARTESIAN_POINT('Ctrl Pts',(-10.5438553335387,28.729204047058,16.6545719866188));
#6181=CARTESIAN_POINT('Ctrl Pts',(-22.9714830695748,20.2200648760953,16.7337148109353));
#6182=CARTESIAN_POINT('Ctrl Pts',(-29.834893176932,6.81316383533854,16.8128576352518));
#6183=CARTESIAN_POINT('Ctrl Pts',(-29.4716108604178,-8.24404010599031,16.8920004595684));
#6184=CARTESIAN_POINT('Ctrl Pts',(-21.9696317000353,-21.3043510949182,16.9711432838849));
#6185=CARTESIAN_POINT('Ctrl Pts',(-9.14610574551831,-29.2042584167363,17.0502861082015));
#6186=CARTESIAN_POINT('Ctrl Pts',(5.89281510903395,-30.0302340611888,17.129428932518));
#6187=CARTESIAN_POINT('Ctrl Pts',(19.5043630014444,-23.5821889685758,17.2085717568346));
#6188=CARTESIAN_POINT('Ctrl Pts',(28.3915061784298,-11.4220229135515,17.2877145811511));
#6189=CARTESIAN_POINT('Ctrl Pts',(30.4015834197661,3.50486293603539,17.3668574054677));
#6190=CARTESIAN_POINT('Ctrl Pts',(25.0476933133022,17.5827050604151,17.4460002297842));
#6191=CARTESIAN_POINT('Ctrl Pts',(13.6266985184479,27.4017783353235,17.5251430541007));
#6192=CARTESIAN_POINT('Ctrl Pts',(-1.0950290987276,30.583203021617,17.6042858784173));
#6193=CARTESIAN_POINT('Ctrl Pts',(-15.5514482745506,26.3572732054382,17.6834287027338));
#6194=CARTESIAN_POINT('Ctrl Pts',(-26.2410806415571,15.7458721866132,17.7625715270504));
#6195=CARTESIAN_POINT('Ctrl Pts',(-30.5742732980923,1.3226522520516,17.8417143513669));
#6196=CARTESIAN_POINT('Ctrl Pts',(-27.5021988925396,-13.4253088548608,17.9208571756834));
#6197=CARTESIAN_POINT('Ctrl Pts',(-21.0121860309689,-21.0827699076833,17.9736190585612));
#6198=CARTESIAN_POINT('Ctrl Pts',(-17.0491548275311,-23.9087754740152,18.));
#6199=CARTESIAN_POINT('Ctrl Pts',(-12.2949752673345,26.8787934430363,-10.2220874035483));
#6200=CARTESIAN_POINT('Ctrl Pts',(-16.7503057898568,24.8408232976016,-10.1957064621094));
#6201=CARTESIAN_POINT('Ctrl Pts',(-24.6237639146293,18.5091709249485,-10.1429445792317));
#6202=CARTESIAN_POINT('Ctrl Pts',(-30.4701212733328,4.51836542709892,-10.0638017549152));
#6203=CARTESIAN_POINT('Ctrl Pts',(-28.9356018819068,-10.5624785059583,-9.98465893059865));
#6204=CARTESIAN_POINT('Ctrl Pts',(-20.3923885777502,-23.0870620936715,-9.90551610628211));
#6205=CARTESIAN_POINT('Ctrl Pts',(-6.90958388768434,-30.0182829444958,-9.82637328196556));
#6206=CARTESIAN_POINT('Ctrl Pts',(8.24683291154993,-29.6789917369164,-9.74723045764902));
#6207=CARTESIAN_POINT('Ctrl Pts',(21.4057030767349,-22.1504557697189,-9.66808763333247));
#6208=CARTESIAN_POINT('Ctrl Pts',(29.3796103233714,-9.25673906161549,-9.58894480901592));
#6209=CARTESIAN_POINT('Ctrl Pts',(30.2371119201862,5.87925794649239,-9.5098019846994));
#6210=CARTESIAN_POINT('Ctrl Pts',(23.7704910872729,19.5911189414353,-9.43065916038284));
#6211=CARTESIAN_POINT('Ctrl Pts',(11.5461164467208,28.557587492613,-9.3515163360663));
#6212=CARTESIAN_POINT('Ctrl Pts',(-3.47499219461597,30.6067438063788,-9.27237351174977));
#6213=CARTESIAN_POINT('Ctrl Pts',(-17.6543778732035,25.2422545242338,-9.19323068743321));
#6214=CARTESIAN_POINT('Ctrl Pts',(-27.5574704148106,13.7635114204215,-9.11408786311668));
#6215=CARTESIAN_POINT('Ctrl Pts',(-30.7855142888604,-1.04906659100436,-9.03494503880012));
#6216=CARTESIAN_POINT('Ctrl Pts',(-26.5566037812072,-15.6075376695946,-8.9558022144836));
#6217=CARTESIAN_POINT('Ctrl Pts',(-15.8950774585934,-26.3855062761531,-8.87665939016704));
#6218=CARTESIAN_POINT('Ctrl Pts',(-1.38340047943865,-30.7723030895262,-8.7975165658505));
#6219=CARTESIAN_POINT('Ctrl Pts',(13.4633676923044,-27.7053453646033,-8.71837374153395));
#6220=CARTESIAN_POINT('Ctrl Pts',(25.0490008077642,-17.9275204956793,-8.63923091721742));
#6221=CARTESIAN_POINT('Ctrl Pts',(30.5671940117323,-3.80724080391741,-8.56008809290087));
#6222=CARTESIAN_POINT('Ctrl Pts',(28.6813149143457,11.2352395177334,-8.48094526858434));
#6223=CARTESIAN_POINT('Ctrl Pts',(19.8481664937299,23.556288315556,-8.40180244426777));
#6224=CARTESIAN_POINT('Ctrl Pts',(6.20733897457188,30.1714662407443,-8.32265961995125));
#6225=CARTESIAN_POINT('Ctrl Pts',(-8.93704776996877,29.4784261703564,-8.2435167956347));
#6226=CARTESIAN_POINT('Ctrl Pts',(-21.9166774940649,21.6450382285873,-8.16437397131816));
#6227=CARTESIAN_POINT('Ctrl Pts',(-29.5875875274568,8.56872782912547,-8.08523114700162));
#6228=CARTESIAN_POINT('Ctrl Pts',(-30.0917083179323,-6.58312409215554,-8.00608832268507));
#6229=CARTESIAN_POINT('Ctrl Pts',(-23.3069302999035,-20.1403930522115,-7.92694549836853));
#6230=CARTESIAN_POINT('Ctrl Pts',(-10.8766816194143,-28.8191989696808,-7.84780267405198));
#6231=CARTESIAN_POINT('Ctrl Pts',(4.1881476856964,-30.5173368966832,-7.76865984973544));
#6232=CARTESIAN_POINT('Ctrl Pts',(18.2385119975411,-24.823479055504,-7.6895170254189));
#6233=CARTESIAN_POINT('Ctrl Pts',(27.8710922818766,-13.1168078173917,-7.61037420110235));
#6234=CARTESIAN_POINT('Ctrl Pts',(30.752657662762,1.76705375704041,-7.53123137678582));
#6235=CARTESIAN_POINT('Ctrl Pts',(26.1852272130471,16.2228945661504,-7.45208855246926));
#6236=CARTESIAN_POINT('Ctrl Pts',(15.2751368712244,26.7491799102077,-7.37294572815274));
#6237=CARTESIAN_POINT('Ctrl Pts',(0.665059617266079,30.7962031427384,-7.29380290383618));
#6238=CARTESIAN_POINT('Ctrl Pts',(-14.1061102606353,27.3836828351869,-7.21466007951965));
#6239=CARTESIAN_POINT('Ctrl Pts',(-25.4604581627013,17.3382093207071,-7.13551725520309));
#6240=CARTESIAN_POINT('Ctrl Pts',(-30.6477017845803,3.09302564275664,-7.05637443088656));
#6241=CARTESIAN_POINT('Ctrl Pts',(-28.4113722859068,-11.9013594658309,-6.97723160657001));
#6242=CARTESIAN_POINT('Ctrl Pts',(-19.2931597311347,-24.0129635799549,-6.89808878225347));
#6243=CARTESIAN_POINT('Ctrl Pts',(-5.50170338805875,-30.3080796510294,-6.81894595793692));
#6244=CARTESIAN_POINT('Ctrl Pts',(9.62239113049678,-29.2618868365499,-6.73980313362039));
#6245=CARTESIAN_POINT('Ctrl Pts',(22.4157228188117,-21.1277969228578,-6.66066030930384));
#6246=CARTESIAN_POINT('Ctrl Pts',(29.779454644627,-7.87607220459031,-6.58151748498729));
#6247=CARTESIAN_POINT('Ctrl Pts',(29.9299226310052,7.28341702810953,-6.50237466067076));
#6248=CARTESIAN_POINT('Ctrl Pts',(22.8306799961606,20.6786963616237,-6.42323183635421));
#6249=CARTESIAN_POINT('Ctrl Pts',(10.2013253961601,29.0651233003573,-6.34408901203766));
#6250=CARTESIAN_POINT('Ctrl Pts',(-4.89902313145164,30.4113137608492,-6.26494618772113));
#6251=CARTESIAN_POINT('Ctrl Pts',(-18.8127164021298,24.3911896773477,-6.18580336340457));
#6252=CARTESIAN_POINT('Ctrl Pts',(-28.1695402282712,12.4629625543498,-6.10666053908805));
#6253=CARTESIAN_POINT('Ctrl Pts',(-30.7030582441828,-2.48407865367263,-6.02751771477149));
#6254=CARTESIAN_POINT('Ctrl Pts',(-25.7995945411276,-16.8294192952917,-5.94837489045496));
#6255=CARTESIAN_POINT('Ctrl Pts',(-14.6468799838687,-27.0982903342898,-5.86923206613841));
#6256=CARTESIAN_POINT('Ctrl Pts',(0.0536433230470503,-30.803336746158,-5.79008924182186));
#6257=CARTESIAN_POINT('Ctrl Pts',(14.7411729923365,-27.0471116963222,-5.71094641750532));
#6258=CARTESIAN_POINT('Ctrl Pts',(25.8580539924201,-16.7394586539828,-5.63180359318878));
#6259=CARTESIAN_POINT('Ctrl Pts',(30.711523924451,-2.37712653032894,-5.55266076887223));
#6260=CARTESIAN_POINT('Ctrl Pts',(28.1259615564655,12.5609999135236,-5.47351794455569));
#6261=CARTESIAN_POINT('Ctrl Pts',(18.72764912755,24.4565653855707,-5.39437512023915));
#6262=CARTESIAN_POINT('Ctrl Pts',(4.7930724902569,30.4281923289317,-5.3152322959226));
#6263=CARTESIAN_POINT('Ctrl Pts',(-10.3024957396074,29.0294163537383,-5.23608947160607));
#6264=CARTESIAN_POINT('Ctrl Pts',(-22.9025642747562,20.5990529380353,-5.15694664728952));
#6265=CARTESIAN_POINT('Ctrl Pts',(-29.9551088312114,7.17912858316348,-5.07780382297298));
#6266=CARTESIAN_POINT('Ctrl Pts',(-29.7518420937025,-7.97974462841441,-4.99866099865644));
#6267=CARTESIAN_POINT('Ctrl Pts',(-22.3419999070401,-21.2057414974609,-4.91951817433989));
#6268=CARTESIAN_POINT('Ctrl Pts',(-9.52041523035077,-29.2952236063325,-4.84037535002335));
#6269=CARTESIAN_POINT('Ctrl Pts',(5.60723138525005,-30.288733689205,-4.76123252570681));
#6270=CARTESIAN_POINT('Ctrl Pts',(19.3766785350363,-23.9456209201845,-4.68208970139026));
#6271=CARTESIAN_POINT('Ctrl Pts',(28.4526517353125,-11.8023320378785,-4.60294687707373));
#6272=CARTESIAN_POINT('Ctrl Pts',(30.6367430543516,3.19975113484673,-4.52380405275717));
#6273=CARTESIAN_POINT('Ctrl Pts',(25.3999157075094,17.4267815259942,-4.44466122844064));
#6274=CARTESIAN_POINT('Ctrl Pts',(14.010648845433,27.4326475432701,-4.36551840412409));
#6275=CARTESIAN_POINT('Ctrl Pts',(-0.772317058141704,30.7936999833573,-4.28637557980755));
#6276=CARTESIAN_POINT('Ctrl Pts',(-15.3682101366915,26.6958152057174,-4.20723275549101));
#6277=CARTESIAN_POINT('Ctrl Pts',(-26.2415718331607,16.1315944663999,-4.12808993117446));
#6278=CARTESIAN_POINT('Ctrl Pts',(-30.7586256840702,1.65993323075552,-4.04894710685792));
#6279=CARTESIAN_POINT('Ctrl Pts',(-27.8252381133566,-13.2138017329733,-3.96980428254138));
#6280=CARTESIAN_POINT('Ctrl Pts',(-18.1519425657511,-24.886852219455,-3.89066145822483));
#6281=CARTESIAN_POINT('Ctrl Pts',(-4.08183208356818,-30.5317388817746,-3.81151863390829));
#6282=CARTESIAN_POINT('Ctrl Pts',(10.9769913256451,-28.7811412862664,-3.73237580959174));
#6283=CARTESIAN_POINT('Ctrl Pts',(23.3769368091211,-20.0590941402066,-3.65323298527521));
#6284=CARTESIAN_POINT('Ctrl Pts',(30.1144544552069,-6.47827640415156,-3.57409016095865));
#6285=CARTESIAN_POINT('Ctrl Pts',(29.5575636590175,8.67172778899597,-3.49494733664212));
#6286=CARTESIAN_POINT('Ctrl Pts',(21.8411560863206,21.7212415187599,-3.41580451232557));
#6287=CARTESIAN_POINT('Ctrl Pts',(8.83432183224105,29.5093746132937,-3.33666168800903));
#6288=CARTESIAN_POINT('Ctrl Pts',(-6.31238687484327,30.1496634184467,-3.25751886369249));
#6289=CARTESIAN_POINT('Ctrl Pts',(-19.9300913564234,23.4870153665367,-3.17837603937595));
#6290=CARTESIAN_POINT('Ctrl Pts',(-28.7202726676321,11.1352759373167,-3.0992332150594));
#6291=CARTESIAN_POINT('Ctrl Pts',(-30.5537481974746,-3.91368156454167,-3.02009039074286));
#6292=CARTESIAN_POINT('Ctrl Pts',(-24.98640831071,-18.0146560342905,-2.94094756642631));
#6293=CARTESIAN_POINT('Ctrl Pts',(-13.3667898414169,-27.7520695019076,-2.86180474210978));
#6294=CARTESIAN_POINT('Ctrl Pts',(1.490570318013,-30.7672981009119,-2.78266191779323));
#6295=CARTESIAN_POINT('Ctrl Pts',(15.9868803137187,-26.329984620925,-2.70351909347669));
#6296=CARTESIAN_POINT('Ctrl Pts',(26.6108028849903,-15.5149476995414,-2.62437626916014));
#6297=CARTESIAN_POINT('Ctrl Pts',(30.788981419666,-0.941836208042933,-2.5452334448436));
#6298=CARTESIAN_POINT('Ctrl Pts',(27.5093656804747,13.8594095170478,-2.46609062052706));
#6299=CARTESIAN_POINT('Ctrl Pts',(17.5663534796353,25.3035898190715,-2.38694779621052));
#6300=CARTESIAN_POINT('Ctrl Pts',(3.36836939104556,30.6186629353534,-2.30780497189397));
#6301=CARTESIAN_POINT('Ctrl Pts',(-11.6455106706654,28.5171968033805,-2.22866214757743));
#6302=CARTESIAN_POINT('Ctrl Pts',(-23.8385821576415,19.5082145009915,-2.14951932326089));
#6303=CARTESIAN_POINT('Ctrl Pts',(-30.257404763529,5.77389723490883,-2.07037649894434));
#6304=CARTESIAN_POINT('Ctrl Pts',(-29.3471930986243,-9.35898977109044,-1.9912336746278));
#6305=CARTESIAN_POINT('Ctrl Pts',(-21.3284212101199,-22.2249157700771,-1.91209085031125));
#6306=CARTESIAN_POINT('Ctrl Pts',(-8.14341873401146,-29.7074597302743,-1.83294802599471));
#6307=CARTESIAN_POINT('Ctrl Pts',(7.01410569001111,-29.9941786630784,-1.75380520167817));
#6308=CARTESIAN_POINT('Ctrl Pts',(20.4726535698518,-23.0156226965979,-1.67466237736163));
#6309=CARTESIAN_POINT('Ctrl Pts',(28.9722573234482,-10.4621574203038,-1.59551955304508));
#6310=CARTESIAN_POINT('Ctrl Pts',(30.4541188587262,4.62548125516595,-1.51637672872854));
#6311=CARTESIAN_POINT('Ctrl Pts',(24.559297477979,18.5927227616465,-1.437233904412));
#6312=CARTESIAN_POINT('Ctrl Pts',(12.7156535101853,28.0563823062102,-1.35809108009545));
#6313=CARTESIAN_POINT('Ctrl Pts',(-2.20801206157626,30.7241454728891,-1.27894825577891));
#6314=CARTESIAN_POINT('Ctrl Pts',(-16.5968466986927,25.9498191123447,-1.19980543146237));
#6315=CARTESIAN_POINT('Ctrl Pts',(-26.9655461261819,14.8898540765204,-1.12066260714582));
#6316=CARTESIAN_POINT('Ctrl Pts',(-30.8025746045607,0.223226418214629,-1.04151978282928));
#6317=CARTESIAN_POINT('Ctrl Pts',(-27.1785162293315,-14.4974717752884,-0.962376958512737));
#6318=CARTESIAN_POINT('Ctrl Pts',(-16.9712006834756,-25.7065512985409,-0.883234134196194));
#6319=CARTESIAN_POINT('Ctrl Pts',(-2.65307284562805,-30.6889171653075,-0.804091309879651));
#6320=CARTESIAN_POINT('Ctrl Pts',(12.3076898103898,-28.2377266052801,-0.72494848556311));
#6321=CARTESIAN_POINT('Ctrl Pts',(24.2872489851575,-18.9467139376801,-0.645805661246568));
#6322=CARTESIAN_POINT('Ctrl Pts',(30.3838819292514,-5.06637456300137,-0.566662836930024));
#6323=CARTESIAN_POINT('Ctrl Pts',(29.1208449452884,10.0411564063004,-0.487520012613482));
#6324=CARTESIAN_POINT('Ctrl Pts',(20.8040744284448,22.7164900343132,-0.408377188296938));
#6325=CARTESIAN_POINT('Ctrl Pts',(7.44808208640439,29.8893711131147,-0.329234363980395));
#6326=CARTESIAN_POINT('Ctrl Pts',(-7.71200579157329,29.8223640741987,-0.250091539663851));
#6327=CARTESIAN_POINT('Ctrl Pts',(-21.0040697863157,22.5316995522951,-0.170948715347308));
#6328=CARTESIAN_POINT('Ctrl Pts',(-29.208468513891,9.78334295506151,-0.0918058910307645));
#6329=CARTESIAN_POINT('Ctrl Pts',(-30.3379092796489,-5.33476267917426,-0.0126630667142219));
#6330=CARTESIAN_POINT('Ctrl Pts',(-24.1188157427312,-19.1606669892125,0.0664797576023208));
#6331=CARTESIAN_POINT('Ctrl Pts',(-12.0575943521229,-28.345420278115,0.145622581918864));
#6332=CARTESIAN_POINT('Ctrl Pts',(2.92425168956375,-30.6642655930221,0.224765406235408));
#6333=CARTESIAN_POINT('Ctrl Pts',(17.1977772055236,-25.5555256547873,0.303908230551951));
#6334=CARTESIAN_POINT('Ctrl Pts',(27.3056084226563,-14.2566539192012,0.383051054868494));
#6335=CARTESIAN_POINT('Ctrl Pts',(30.7993978381703,0.495504903537738,0.462193879185038));
#6336=CARTESIAN_POINT('Ctrl Pts',(26.8328698854278,15.1276411252718,0.541336703501581));
#6337=CARTESIAN_POINT('Ctrl Pts',(16.3668081983497,26.0955172721629,0.620479527818123));
#6338=CARTESIAN_POINT('Ctrl Pts',(1.9363318786665,30.7424633228857,0.699622352134667));
#6339=CARTESIAN_POINT('Ctrl Pts',(-12.9631682323592,27.9428828448833,0.778765176451208));
#6340=CARTESIAN_POINT('Ctrl Pts',(-24.7226930224506,18.3748981499488,0.857908000767754));
#6341=CARTESIAN_POINT('Ctrl Pts',(-30.4938170939771,4.35609358742222,0.937050825084296));
#6342=CARTESIAN_POINT('Ctrl Pts',(-28.8786424305107,-10.7178563003067,1.01619364940084));
#6343=CARTESIAN_POINT('Ctrl Pts',(-20.2684012132106,-23.1956966820062,1.09533647371738));
#6344=CARTESIAN_POINT('Ctrl Pts',(-6.74869045393443,-30.0550097231775,1.17447929803393));
#6345=CARTESIAN_POINT('Ctrl Pts',(8.40570721938523,-29.634313193413,1.25362212235047));
#6346=CARTESIAN_POINT('Ctrl Pts',(21.5240506850624,-22.035509397565,1.33276494666701));
#6347=CARTESIAN_POINT('Ctrl Pts',(29.4287776376923,-9.09920211087642,1.41190777098355));
#6348=CARTESIAN_POINT('Ctrl Pts',(30.2051827286221,6.04113968004905,1.4910505953001));
#6349=CARTESIAN_POINT('Ctrl Pts',(23.6652029179477,19.7181795091656,1.57019341961664));
#6350=CARTESIAN_POINT('Ctrl Pts',(11.3929706366332,28.6190260556877,1.64933624393318));
#6351=CARTESIAN_POINT('Ctrl Pts',(-3.63889925717939,30.5876910619193,1.72847906824973));
#6352=CARTESIAN_POINT('Ctrl Pts',(-17.7893446675552,25.1473189147917,1.80762189256627));
#6353=CARTESIAN_POINT('Ctrl Pts',(-27.6308046331317,13.6156919629163,1.88676471688281));
#6354=CARTESIAN_POINT('Ctrl Pts',(-30.7794528500325,-1.21396645585651,1.96590754119936));
#6355=CARTESIAN_POINT('Ctrl Pts',(-26.4726148301878,-15.7495744817387,2.0450503655159));
#6356=CARTESIAN_POINT('Ctrl Pts',(-15.7535050757299,-26.4702759738592,2.12419318983244));
#6357=CARTESIAN_POINT('Ctrl Pts',(-1.21853670790239,-30.7792722557699,2.20333601414898));
#6358=CARTESIAN_POINT('Ctrl Pts',(13.6115890722091,-27.6328260449892,2.28247883846553));
#6359=CARTESIAN_POINT('Ctrl Pts',(25.1446771992301,-17.7930784534277,2.36162166278207));
#6360=CARTESIAN_POINT('Ctrl Pts',(30.5871504053277,-3.64344100887885,2.44076448709861));
#6361=CARTESIAN_POINT('Ctrl Pts',(28.6207174174368,11.3887210350656,2.51990731141516));
#6362=CARTESIAN_POINT('Ctrl Pts',(19.7216932028226,23.6622748170385,2.5990501357317));
#6363=CARTESIAN_POINT('Ctrl Pts',(6.04562460878561,30.2042853812661,2.67819296004825));
#6364=CARTESIAN_POINT('Ctrl Pts',(-9.09483229920037,29.4301284019071,2.75733578436479));
#6365=CARTESIAN_POINT('Ctrl Pts',(-22.0323131711088,21.5273223749146,2.83647860868133));
#6366=CARTESIAN_POINT('Ctrl Pts',(-29.6330647512005,8.41010735689345,2.91562143299787));
#6367=CARTESIAN_POINT('Ctrl Pts',(-30.0560114664171,-6.74422768253843,2.99476425731442));
#6368=CARTESIAN_POINT('Ctrl Pts',(-23.1987059656138,-20.2649567930531,3.07390708163095));
#6369=CARTESIAN_POINT('Ctrl Pts',(-10.7221442070842,-28.8770506787969,3.1530499059475));
#6370=CARTESIAN_POINT('Ctrl Pts',(4.35156568639778,-30.4944635693151,3.23219273026404));
#6371=CARTESIAN_POINT('Ctrl Pts',(18.3712270156864,-24.7254211337527,3.31133555458059));
#6372=CARTESIAN_POINT('Ctrl Pts',(27.9409577099207,-12.9673171687803,3.39047837889713));
#6373=CARTESIAN_POINT('Ctrl Pts',(30.7427504988656,1.93176708425648,3.46962120321368));
#6374=CARTESIAN_POINT('Ctrl Pts',(26.0979471985059,16.3629332433802,3.54876402753021));
#6375=CARTESIAN_POINT('Ctrl Pts',(15.1316252183377,26.8306233724653,3.62790685184676));
#6376=CARTESIAN_POINT('Ctrl Pts',(0.500078125021189,30.7993239239467,3.7070496761633));
#6377=CARTESIAN_POINT('Ctrl Pts',(-14.2525993079593,27.3077250108843,3.78619250047985));
#6378=CARTESIAN_POINT('Ctrl Pts',(-25.5529717732047,17.2015716102083,3.86533532479638));
#6379=CARTESIAN_POINT('Ctrl Pts',(-30.6638310495282,2.92880481925677,3.94447814911294));
#6380=CARTESIAN_POINT('Ctrl Pts',(-28.3472103290657,-12.0533853693902,4.02362097342947));
#6381=CARTESIAN_POINT('Ctrl Pts',(-19.1642480433972,-24.1159704186761,4.10276379774602));
#6382=CARTESIAN_POINT('Ctrl Pts',(-5.33926732350658,-30.3371168167223,4.18190662206257));
#6383=CARTESIAN_POINT('Ctrl Pts',(9.77900584828894,-29.2099208647071,4.2610494463791));
#6384=CARTESIAN_POINT('Ctrl Pts',(22.5285805293673,-21.0074151583465,4.34019227069566));
#6385=CARTESIAN_POINT('Ctrl Pts',(29.8212186336822,-7.71643385933181,4.41933509501218));
#6386=CARTESIAN_POINT('Ctrl Pts',(29.8904767068555,7.44364390203098,4.49847791932874));
#6387=CARTESIAN_POINT('Ctrl Pts',(22.7195788622643,20.8007011570444,4.57762074364527));
#6388=CARTESIAN_POINT('Ctrl Pts',(10.045480283808,29.1193536702129,4.65676356796182));
#6389=CARTESIAN_POINT('Ctrl Pts',(-5.06186297779234,30.3846338713727,4.73590639227836));
#6390=CARTESIAN_POINT('Ctrl Pts',(-18.9431074537158,24.2900620069256,4.81504921659491));
#6391=CARTESIAN_POINT('Ctrl Pts',(-28.23589879532,12.3118825337055,4.89419204091145));
#6392=CARTESIAN_POINT('Ctrl Pts',(-30.6893107666566,-2.64851599408023,4.973334865228));
#6393=CARTESIAN_POINT('Ctrl Pts',(-25.7090709719653,-16.9673834771826,5.05247768954453));
#6394=CARTESIAN_POINT('Ctrl Pts',(-14.5015071983557,-27.1763632828117,5.13162051386108));
#6395=CARTESIAN_POINT('Ctrl Pts',(0.218652717107924,-30.8026074106173,5.21076333817762));
#6396=CARTESIAN_POINT('Ctrl Pts',(14.8858499522091,-26.9677567384392,5.28990616249417));
#6397=CARTESIAN_POINT('Ctrl Pts',(25.9473544551593,-16.6006996563892,5.3690489868107));
#6398=CARTESIAN_POINT('Ctrl Pts',(30.723817279073,-2.21257409038715,5.44819181112725));
#6399=CARTESIAN_POINT('Ctrl Pts',(28.058270071799,12.7114874377983,5.52733463544379));
#6400=CARTESIAN_POINT('Ctrl Pts',(18.5963692267131,24.5565364798678,5.60647745976033));
#6401=CARTESIAN_POINT('Ctrl Pts',(4.63000316261492,30.4534317116724,5.68562028407689));
#6402=CARTESIAN_POINT('Ctrl Pts',(-10.4578553797007,28.973810470157,5.76476310839342));
#6403=CARTESIAN_POINT('Ctrl Pts',(-23.0125825752987,20.4760708027291,5.84390593270997));
#6404=CARTESIAN_POINT('Ctrl Pts',(-29.993136847874,7.01855927723168,5.9230487570265));
#6405=CARTESIAN_POINT('Ctrl Pts',(-29.708668572594,-8.13900755295664,6.00219158134306));
#6406=CARTESIAN_POINT('Ctrl Pts',(-22.2280824607108,-21.3251209239984,6.08133440565959));
#6407=CARTESIAN_POINT('Ctrl Pts',(-9.36334726526476,-29.345803112087,6.16047722997615));
#6408=CARTESIAN_POINT('Ctrl Pts',(5.76940442177326,-30.2582617630514,6.23962005429267));
#6409=CARTESIAN_POINT('Ctrl Pts',(19.504674630816,-23.8414785583722,6.31876287860923));
#6410=CARTESIAN_POINT('Ctrl Pts',(28.5154673135439,-11.6497448982167,6.39790570292576));
#6411=CARTESIAN_POINT('Ctrl Pts',(30.6191627477818,3.36382296326237,6.47704852724231));
#6412=CARTESIAN_POINT('Ctrl Pts',(25.306197867783,17.5625961002334,6.55619135155886));
#6413=CARTESIAN_POINT('Ctrl Pts',(13.8634940730975,27.5073074725336,6.63533417587539));
#6414=CARTESIAN_POINT('Ctrl Pts',(-0.937264517388714,30.7891209281421,6.71447700019194));
#6415=CARTESIAN_POINT('Ctrl Pts',(-15.5109962421401,26.6131063177457,6.79361982450848));
#6416=CARTESIAN_POINT('Ctrl Pts',(-26.327610529979,15.9907897267476,6.87276264882502));
#6417=CARTESIAN_POINT('Ctrl Pts',(-30.7670764354532,1.49513876222033,6.95190547314157));
#6418=CARTESIAN_POINT('Ctrl Pts',(-27.7540539543716,-13.3626689475248,7.03104829745812));
#6419=CARTESIAN_POINT('Ctrl Pts',(-18.0183659249814,-24.9837331417221,7.11019112177465));
#6420=CARTESIAN_POINT('Ctrl Pts',(-3.91821827322985,-30.5531667403994,7.1893339460912));
#6421=CARTESIAN_POINT('Ctrl Pts',(11.1310113050577,-28.7219257646488,7.26847677040774));
#6422=CARTESIAN_POINT('Ctrl Pts',(23.48405580201,-19.9335785896912,7.34761959472429));
#6423=CARTESIAN_POINT('Ctrl Pts',(30.1487257957535,-6.31686355684418,7.42676241904082));
#6424=CARTESIAN_POINT('Ctrl Pts',(29.5106860460581,8.82994005609921,7.50590524335737));
#6425=CARTESIAN_POINT('Ctrl Pts',(21.7244843480238,21.8379305822642,7.58504806767392));
#6426=CARTESIAN_POINT('Ctrl Pts',(8.67611652747131,29.5562757177736,7.66419089199044));
#6427=CARTESIAN_POINT('Ctrl Pts',(-6.47380480912716,30.1154160455511,7.74333371630702));
#6428=CARTESIAN_POINT('Ctrl Pts',(-20.0556228110437,23.379915011917,7.82247654062353));
#6429=CARTESIAN_POINT('Ctrl Pts',(-28.7795110581454,10.9812647521769,7.90161936494009));
#6430=CARTESIAN_POINT('Ctrl Pts',(-30.5323446331677,-4.07729855477717,7.98076218925663));
#6431=CARTESIAN_POINT('Ctrl Pts',(-24.8895472235443,-18.1482470588835,8.05990501357317));
#6432=CARTESIAN_POINT('Ctrl Pts',(-13.2179331982363,-27.8232757645515,8.13904783788971));
#6433=CARTESIAN_POINT('Ctrl Pts',(1.65536603953529,-30.7588718190129,8.21819066220627));
#6434=CARTESIAN_POINT('Ctrl Pts',(16.127697827214,-26.2439668323482,8.29733348652279));
#6435=CARTESIAN_POINT('Ctrl Pts',(26.6935329735448,-15.372173876638,8.37647631083935));
#6436=CARTESIAN_POINT('Ctrl Pts',(30.7935849669383,-0.776889430532053,8.45561913515588));
#6437=CARTESIAN_POINT('Ctrl Pts',(27.4347276022071,14.0065753735882,8.53476195947244));
#6438=CARTESIAN_POINT('Ctrl Pts',(17.4305528225209,25.3973278240965,8.61390478378897));
#6439=CARTESIAN_POINT('Ctrl Pts',(3.20430017483803,30.6362676038197,8.69304760810552));
#6440=CARTESIAN_POINT('Ctrl Pts',(-11.7981071357722,28.4544038826357,8.77219043242205));
#6441=CARTESIAN_POINT('Ctrl Pts',(-23.9427435237162,19.3802338701281,8.85133325673861));
#6442=CARTESIAN_POINT('Ctrl Pts',(-30.2879007694961,5.61172872477579,8.93047608105514));
#6443=CARTESIAN_POINT('Ctrl Pts',(-29.2966369155537,-9.51606524470742,9.00961890537169));
#6444=CARTESIAN_POINT('Ctrl Pts',(-21.2090586998503,-22.3388509411209,9.08876172968823));
#6445=CARTESIAN_POINT('Ctrl Pts',(-7.98416222181503,-29.7506568989502,9.16790455400477));
#6446=CARTESIAN_POINT('Ctrl Pts',(7.1746806407357,-29.9561744888557,9.24704737832131));
#6447=CARTESIAN_POINT('Ctrl Pts',(20.5956520397919,-22.9056226581844,9.32619020263786));
#6448=CARTESIAN_POINT('Ctrl Pts',(29.0278862748832,-10.3068060385245,9.4053330269544));
#6449=CARTESIAN_POINT('Ctrl Pts',(30.4289036894985,4.78855432866188,9.48447585127095));
#6450=CARTESIAN_POINT('Ctrl Pts',(24.4593458777879,18.7240175051738,9.56361867558748));
#6451=CARTESIAN_POINT('Ctrl Pts',(12.565176038692,28.1240961351649,9.64276149990404));
#6452=CARTESIAN_POINT('Ctrl Pts',(-2.37256632507427,30.7118765518559,9.72190432422057));
#6453=CARTESIAN_POINT('Ctrl Pts',(-16.7356189544732,25.8605392541222,9.80104714853712));
#6454=CARTESIAN_POINT('Ctrl Pts',(-27.0449225654468,14.7451889012078,9.88018997285366));
#6455=CARTESIAN_POINT('Ctrl Pts',(-30.8033284413973,0.0582171342680357,
9.95933279717021));
#6456=CARTESIAN_POINT('Ctrl Pts',(-27.1004648672464,-14.6428561518051,10.0384756214867));
#6457=CARTESIAN_POINT('Ctrl Pts',(-16.8332499444348,-25.7970953522194,10.1176184458033));
#6458=CARTESIAN_POINT('Ctrl Pts',(-2.48863754831836,-30.7026890590452,10.1967612701198));
#6459=CARTESIAN_POINT('Ctrl Pts',(12.4587796825732,-28.1713904719738,10.2759040944364));
#6460=CARTESIAN_POINT('Ctrl Pts',(24.3883960154882,-18.8163379034029,10.3550469187529));
#6461=CARTESIAN_POINT('Ctrl Pts',(30.4105859975939,-4.90353868000074,10.4341897430695));
#6462=CARTESIAN_POINT('Ctrl Pts',(29.0666377165826,10.1970095692928,10.513332567386));
#6463=CARTESIAN_POINT('Ctrl Pts',(20.6820861311429,22.8276092827808,10.5924753917025));
#6464=CARTESIAN_POINT('Ctrl Pts',(7.28786107134979,29.9288408280043,10.6716182160191));
#6465=CARTESIAN_POINT('Ctrl Pts',(-7.87165033636814,29.7806237893915,10.7507610403356));
#6466=CARTESIAN_POINT('Ctrl Pts',(-21.1244683070973,22.4188597177857,10.8299038646522));
#6467=CARTESIAN_POINT('Ctrl Pts',(-29.2604577399871,9.62673595512736,10.9090466889687));
#6468=CARTESIAN_POINT('Ctrl Pts',(-30.3088962334811,-5.49720305349823,10.9881895132853));
#6469=CARTESIAN_POINT('Ctrl Pts',(-24.0158280465072,-19.2895939704264,11.0673323376018));
#6470=CARTESIAN_POINT('Ctrl Pts',(-11.9055779772835,-28.4096048077079,11.1464751619184));
#6471=CARTESIAN_POINT('Ctrl Pts',(3.08847490619502,-30.6481607124657,11.2256179862349));
#6472=CARTESIAN_POINT('Ctrl Pts',(17.334428651334,-25.4630323338586,11.3047608105514));
#6473=CARTESIAN_POINT('Ctrl Pts',(27.3815879974448,-14.1101761520367,11.383903634868));
#6474=CARTESIAN_POINT('Ctrl Pts',(30.7963015541571,0.660486857350253,11.4630464591845));
#6475=CARTESIAN_POINT('Ctrl Pts',(26.7514477332957,15.271164869651,11.5421892835011));
#6476=CARTESIAN_POINT('Ctrl Pts',(16.2267824823755,26.182818079286,11.6213321078176));
#6477=CARTESIAN_POINT('Ctrl Pts',(1.77162002432634,30.7523949440157,11.7004749321341));
#6478=CARTESIAN_POINT('Ctrl Pts',(-13.1126692532433,27.8730396146234,11.7796177564507));
#6479=CARTESIAN_POINT('Ctrl Pts',(-24.820770649213,18.2421976933287,11.8587605807672));
#6480=CARTESIAN_POINT('Ctrl Pts',(-30.5167146861076,4.19267898485185,11.9379034050838));
#6481=CARTESIAN_POINT('Ctrl Pts',(-28.8208136683972,-10.8724023010023,12.0170462294003));
#6482=CARTESIAN_POINT('Ctrl Pts',(-20.1438535433835,-23.3039395108645,12.0961890537169));
#6483=CARTESIAN_POINT('Ctrl Pts',(-6.58759216569824,-30.0907304956485,12.1753318780334));
#6484=CARTESIAN_POINT('Ctrl Pts',(8.56433444242345,-29.5888595228277,12.25447470235));
#6485=CARTESIAN_POINT('Ctrl Pts',(21.6417837077062,-21.9198912007377,12.3336175266665));
#6486=CARTESIAN_POINT('Ctrl Pts',(29.477098833777,-8.94142475487311,12.412760350983));
#6487=CARTESIAN_POINT('Ctrl Pts',(30.1723876011865,6.20285891723168,12.4919031752996));
#6488=CARTESIAN_POINT('Ctrl Pts',(23.5592351956351,19.8446685359082,12.5710459996161));
#6489=CARTESIAN_POINT('Ctrl Pts',(11.2394981212427,28.679646341716,12.6501888239327));
#6490=CARTESIAN_POINT('Ctrl Pts',(-3.80270201833594,30.5677589898746,12.7293316482492));
#6491=CARTESIAN_POINT('Ctrl Pts',(-17.9238009057811,25.0516624876123,12.8084744725658));
#6492=CARTESIAN_POINT('Ctrl Pts',(-27.7033459776234,13.4674813512924,12.8876172968823));
#6493=CARTESIAN_POINT('Ctrl Pts',(-30.7725081308903,-1.3788312578446,12.9667601211988));
#6494=CARTESIAN_POINT('Ctrl Pts',(-26.3878662169499,-15.8911594548564,13.0459029455154));
#6495=CARTESIAN_POINT('Ctrl Pts',(-15.6114806175028,-26.5542860049493,13.1250457698319));
#6496=CARTESIAN_POINT('Ctrl Pts',(-1.05363797117126,-30.7853581971856,13.2041885941485));
#6497=CARTESIAN_POINT('Ctrl Pts',(13.7594198484402,-27.5595137427652,13.283331418465));
#6498=CARTESIAN_POINT('Ctrl Pts',(25.2396320256857,-17.6581258210293,13.3624742427815));
#6499=CARTESIAN_POINT('Ctrl Pts',(30.6062290550316,-3.47953665511111,13.4416170670981));
#6500=CARTESIAN_POINT('Ctrl Pts',(28.5592986058267,11.5418757334558,13.5207598914146));
#6501=CARTESIAN_POINT('Ctrl Pts',(19.5946539683851,23.7675822952728,13.5999027157312));
#6502=CARTESIAN_POINT('Ctrl Pts',(5.88373675466121,30.2362377637358,13.6790455400477));
#6503=CARTESIAN_POINT('Ctrl Pts',(-9.25235583851916,29.3809860920415,13.7581883643643));
#6504=CARTESIAN_POINT('Ctrl Pts',(-22.1473165978217,21.4089887621804,13.8373311886808));
#6505=CARTESIAN_POINT('Ctrl Pts',(-29.6776916095994,8.25124554408784,13.9164740129974));
#6506=CARTESIAN_POINT('Ctrl Pts',(-30.0194521124774,-6.90513773722105,13.9956168373139));
#6507=CARTESIAN_POINT('Ctrl Pts',(-23.0898159095828,-20.3889390004701,14.0747596616304));
#6508=CARTESIAN_POINT('Ctrl Pts',(-10.5672991067105,-28.9340737175503,14.153902485947));
#6509=CARTESIAN_POINT('Ctrl Pts',(4.51485881238055,-30.4707151574686,14.2330453102635));
#6510=CARTESIAN_POINT('Ctrl Pts',(18.5034148438566,-24.6266536788795,14.3121881345801));
#6511=CARTESIAN_POINT('Ctrl Pts',(28.0100213301827,-12.8174544035087,14.3913309588966));
#6512=CARTESIAN_POINT('Ctrl Pts',(30.7319611255315,2.09642497651051,14.4704737832132));
#6513=CARTESIAN_POINT('Ctrl Pts',(26.0099182641402,16.5025023616439,14.5496166075297));
#6514=CARTESIAN_POINT('Ctrl Pts',(14.9876793407205,26.9112968896532,14.6287594318462));
#6515=CARTESIAN_POINT('Ctrl Pts',(0.335082282283563,30.801560872258,14.7079022561628));
#6516=CARTESIAN_POINT('Ctrl Pts',(-14.3986793555214,27.2309835503641,14.7870450804793));
#6517=CARTESIAN_POINT('Ctrl Pts',(-25.6447521027719,17.0644402747554,14.8661879047959));
#6518=CARTESIAN_POINT('Ctrl Pts',(-30.6790803697509,2.76449994930054,14.9453307291124));
#6519=CARTESIAN_POINT('Ctrl Pts',(-28.2822349064132,-12.2050653829375,15.024473553429));
#6520=CARTESIAN_POINT('Ctrl Pts',(-19.0347864087549,-24.2182852133753,15.1036163777455));
#6521=CARTESIAN_POINT('Ctrl Pts',(-5.17667804065305,-30.3652834132459,15.1827592020621));
#6522=CARTESIAN_POINT('Ctrl Pts',(9.93533994280809,-29.1571166702769,15.2619020263786));
#6523=CARTESIAN_POINT('Ctrl Pts',(22.6407917484394,-20.8864305544804,15.3410448506951));
#6524=CARTESIAN_POINT('Ctrl Pts',(29.8621268580419,-7.55657407940409,15.4201876750117));
#6525=CARTESIAN_POINT('Ctrl Pts',(29.8501730305457,7.60365716939882,15.4993304993282));
#6526=CARTESIAN_POINT('Ctrl Pts',(22.6078257559019,20.9221090450814,15.5784733236448));
#6527=CARTESIAN_POINT('Ctrl Pts',(9.88934690129892,29.1727484164355,15.6576161479613));
#6528=CARTESIAN_POINT('Ctrl Pts',(-5.22455756636366,30.3570820491679,15.7367589722779));
#6529=CARTESIAN_POINT('Ctrl Pts',(-19.0729549043613,24.1882372966351,15.8159017965944));
#6530=CARTESIAN_POINT('Ctrl Pts',(-28.3014470908032,12.1604492051363,15.8950446209109));
#6531=CARTESIAN_POINT('Ctrl Pts',(-30.6746826132371,-2.81287733143767,15.9741874452275));
#6532=CARTESIAN_POINT('Ctrl Pts',(-25.6178096423452,-17.1048607543124,16.053330269544));
#6533=CARTESIAN_POINT('Ctrl Pts',(-14.3557182703361,-27.2536563650933,16.1324730938606));
#6534=CARTESIAN_POINT('Ctrl Pts',(0.383655836676421,-30.800994147277,16.2116159181771));
#6535=CARTESIAN_POINT('Ctrl Pts',(15.0300997400947,-26.8876279015318,16.2907587424937));
#6536=CARTESIAN_POINT('Ctrl Pts',(26.0359103198373,-16.4614642743013,16.3699015668102));
#6537=CARTESIAN_POINT('Ctrl Pts',(30.7352289670434,-2.0479581620037,16.4490443911267));
#6538=CARTESIAN_POINT('Ctrl Pts',(27.989773413909,12.8616101957883,16.5281872154433));
#6539=CARTESIAN_POINT('Ctrl Pts',(18.464555673177,24.6558028703646,16.6073300397598));
#6540=CARTESIAN_POINT('Ctrl Pts',(4.46680097375409,30.4777972199607,16.6864728640764));
#6541=CARTESIAN_POINT('Ctrl Pts',(-10.6129149229303,28.9173730774814,16.7656156883929));
#6542=CARTESIAN_POINT('Ctrl Pts',(-23.1219404818133,20.3525011940873,16.8447585127095));
#6543=CARTESIAN_POINT('Ctrl Pts',(-30.0303041918941,6.85778833767112,16.923901337026));
#6544=CARTESIAN_POINT('Ctrl Pts',(-29.6646424679603,-8.29803648650178,17.0030441613425));
#6545=CARTESIAN_POINT('Ctrl Pts',(-22.1135272388391,-21.4438892137873,17.0821869856591));
#6546=CARTESIAN_POINT('Ctrl Pts',(-9.20601042813553,-29.3955389332974,17.1613298099756));
#6547=CARTESIAN_POINT('Ctrl Pts',(5.93141155966014,-30.2269245096059,17.2404726342922));
#6548=CARTESIAN_POINT('Ctrl Pts',(19.632111652921,-23.7366463502078,17.3196154586087));
#6549=CARTESIAN_POINT('Ctrl Pts',(28.5774633731055,-11.4968342787949,17.3987582829253));
#6550=CARTESIAN_POINT('Ctrl Pts',(30.6007061126908,3.52781890304933,17.4779011072418));
#6551=CARTESIAN_POINT('Ctrl Pts',(25.2117493782522,17.6978673377278,17.5570439315584));
#6552=CARTESIAN_POINT('Ctrl Pts',(13.7159499520724,27.5812530626006,17.6361867558749));
#6553=CARTESIAN_POINT('Ctrl Pts',(-1.1022012627547,30.7835152770625,17.7153295801914));
#6554=CARTESIAN_POINT('Ctrl Pts',(-15.6533063329469,26.5299066879234,17.794472404508));
#6555=CARTESIAN_POINT('Ctrl Pts',(-26.4129530920955,15.8490036725281,17.8736152288245));
#6556=CARTESIAN_POINT('Ctrl Pts',(-30.7745270661041,1.33131529024257,17.9527580531411));
#6557=CARTESIAN_POINT('Ctrl Pts',(-27.6823313491035,-13.5132412370534,18.0319008774576));
#6558=CARTESIAN_POINT('Ctrl Pts',(-21.1498105424607,-21.2208567257403,18.0846627603353));
#6559=CARTESIAN_POINT('Ctrl Pts',(-17.1608224855762,-24.0653719147725,18.1110437017741));
#6560=CARTESIAN_POINT('Ctrl Pts',(-12.3749802376662,27.053697176082,-10.1110437017741));
#6561=CARTESIAN_POINT('Ctrl Pts',(-16.8593021634669,25.0024656992923,-10.0846627603353));
#6562=CARTESIAN_POINT('Ctrl Pts',(-24.7839938832636,18.6296124580558,-10.0319008774576));
#6563=CARTESIAN_POINT('Ctrl Pts',(-30.6683942340725,4.54776700653139,-9.95275805314105));
#6564=CARTESIAN_POINT('Ctrl Pts',(-29.1238895294828,-10.6312098991595,-9.87361522882451));
#6565=CARTESIAN_POINT('Ctrl Pts',(-20.525084448029,-23.2372925477951,-9.79447240450797));
#6566=CARTESIAN_POINT('Ctrl Pts',(-6.95454543025916,-30.2136157356697,-9.71532958019142));
#6567=CARTESIAN_POINT('Ctrl Pts',(8.30049610387634,-29.87211671698,-9.63618675587488));
#6568=CARTESIAN_POINT('Ctrl Pts',(21.5449927135456,-22.2945916071775,-9.55704393155834));
#6569=CARTESIAN_POINT('Ctrl Pts',(29.5707871904386,-9.31697384191311,-9.47790110724179));
#6570=CARTESIAN_POINT('Ctrl Pts',(30.4338686593818,5.91751502691379,-9.39875828292526));
#6571=CARTESIAN_POINT('Ctrl Pts',(23.9251687009204,19.7186008481163,-9.3196154586087));
#6572=CARTESIAN_POINT('Ctrl Pts',(11.621248497309,28.7434153524023,-9.24047263429217));
#6573=CARTESIAN_POINT('Ctrl Pts',(-3.49760441150851,30.8059057873455,-9.16132980997561));
#6574=CARTESIAN_POINT('Ctrl Pts',(-17.7692571590304,25.4065090900548,-9.0821869856591));
#6575=CARTESIAN_POINT('Ctrl Pts',(-27.7367903853689,13.8530723425794,-9.00304416134252));
#6576=CARTESIAN_POINT('Ctrl Pts',(-30.9858395521304,-1.05589300095351,-8.92390133702601));
#6577=CARTESIAN_POINT('Ctrl Pts',(-26.7294109850794,-15.7090979054679,-8.84475851270943));
#6578=CARTESIAN_POINT('Ctrl Pts',(-15.9985087525037,-26.5572001267637,-8.76561568839292));
#6579=CARTESIAN_POINT('Ctrl Pts',(-1.39240244259086,-30.9725423858391,-8.68647286407636));
#6580=CARTESIAN_POINT('Ctrl Pts',(13.5509755409879,-27.8856275762978,-8.60733003975982));
#6581=CARTESIAN_POINT('Ctrl Pts',(25.2119978470334,-18.0441771553464,-8.52818721544328));
#6582=CARTESIAN_POINT('Ctrl Pts',(30.766098637147,-3.83201500483609,-8.44904439112673));
#6583=CARTESIAN_POINT('Ctrl Pts',(28.8679478842299,11.3083486525419,-8.3699015668102));
#6584=CARTESIAN_POINT('Ctrl Pts',(19.9773210415791,23.7095720844805,-8.29075874249364));
#6585=CARTESIAN_POINT('Ctrl Pts',(6.2477309200375,30.367795815141,-8.21161591817711));
#6586=CARTESIAN_POINT('Ctrl Pts',(-8.99520227830594,29.6702460447282,-8.13247309386056));
#6587=CARTESIAN_POINT('Ctrl Pts',(-22.0592921065026,21.7858852497201,-8.05333026954402));
#6588=CARTESIAN_POINT('Ctrl Pts',(-29.7801177286854,8.62448563268694,-7.97418744522748));
#6589=CARTESIAN_POINT('Ctrl Pts',(-30.2875188973649,-6.62596131925288,-7.89504462091093));
#6590=CARTESIAN_POINT('Ctrl Pts',(-23.4585914644542,-20.2714491555037,-7.81590179659439));
#6591=CARTESIAN_POINT('Ctrl Pts',(-10.9474575723014,-29.0067291686783,-7.73675897227785));
#6592=CARTESIAN_POINT('Ctrl Pts',(4.21540049621888,-30.7159170954989,-7.65761614796129));
#6593=CARTESIAN_POINT('Ctrl Pts',(18.3571923185284,-24.9850085960019,-7.57847332364478));
#6594=CARTESIAN_POINT('Ctrl Pts',(28.0524530298765,-13.2021605568205,-7.4993304993282));
#6595=CARTESIAN_POINT('Ctrl Pts',(30.9527691237803,1.77855220094394,-7.42018767501168));
#6596=CARTESIAN_POINT('Ctrl Pts',(26.3556178222803,16.3284590077404,-7.34104485069513));
#6597=CARTESIAN_POINT('Ctrl Pts',(15.3745341327578,26.9232402314838,-7.26190202637859));
#6598=CARTESIAN_POINT('Ctrl Pts',(0.669387244918103,30.9965979597421,-7.18275920206205));
#6599=CARTESIAN_POINT('Ctrl Pts',(-14.1979005170904,27.5618719478257,-7.10361637774551));
#6600=CARTESIAN_POINT('Ctrl Pts',(-25.626132607395,17.4510312574858,-7.02447355342895));
#6601=CARTESIAN_POINT('Ctrl Pts',(-30.8471302843288,3.11315235463716,-6.94533072911243));
#6602=CARTESIAN_POINT('Ctrl Pts',(-28.5962487047196,-11.9788031279992,-6.86618790479587));
#6603=CARTESIAN_POINT('Ctrl Pts',(-19.4187027792769,-24.1692189930011,-6.78704508047933));
#6604=CARTESIAN_POINT('Ctrl Pts',(-5.5375036728714,-30.5052981862901,-6.70790225616279));
#6605=CARTESIAN_POINT('Ctrl Pts',(9.68500525538735,-29.4522976618915,-6.62875943184624));
#6606=CARTESIAN_POINT('Ctrl Pts',(22.5615847827513,-21.2652781889225,-6.5496166075297));
#6607=CARTESIAN_POINT('Ctrl Pts',(29.9732333496291,-7.92732280976497,-6.47047378321316));
#6608=CARTESIAN_POINT('Ctrl Pts',(30.124680450363,7.33081115055203,-6.39133095889661));
#6609=CARTESIAN_POINT('Ctrl Pts',(22.9792421393149,20.8132552731252,-6.31218813458007));
#6610=CARTESIAN_POINT('Ctrl Pts',(10.2677067200683,29.254253760303,-6.23304531026353));
#6611=CARTESIAN_POINT('Ctrl Pts',(-4.93090169905867,30.6092040536137,-6.15390248594699));
#6612=CARTESIAN_POINT('Ctrl Pts',(-18.9351331443261,24.5499062557922,-6.07475966163044));
#6613=CARTESIAN_POINT('Ctrl Pts',(-28.3528430150778,12.5440606393582,-5.99561683731391));
#6614=CARTESIAN_POINT('Ctrl Pts',(-30.9028469554659,-2.50024286992095,-5.91647401299734));
#6615=CARTESIAN_POINT('Ctrl Pts',(-25.9674757894385,-16.9389304705599,-5.83733118868082));
#6616=CARTESIAN_POINT('Ctrl Pts',(-14.7421890978019,-27.2746223615688,-5.75818836436426));
#6617=CARTESIAN_POINT('Ctrl Pts',(0.0539923869838029,-31.003777982428,-5.67904554004773));
#6618=CARTESIAN_POINT('Ctrl Pts',(14.8370956828879,-27.2231106976842,-5.59990271573118));
#6619=CARTESIAN_POINT('Ctrl Pts',(26.0263156438279,-16.8483844438979,-5.52075989141464));
#6620=CARTESIAN_POINT('Ctrl Pts',(30.911367722994,-2.39259479548589,-5.4416170670981));
#6621=CARTESIAN_POINT('Ctrl Pts',(28.3089807713031,12.6427359401171,-5.36247424278156));
#6622=CARTESIAN_POINT('Ctrl Pts',(18.8495123261537,24.6157073720769,-5.28333141846501));
#6623=CARTESIAN_POINT('Ctrl Pts',(4.82426162354449,30.6261924526888,-5.20418859414847));
#6624=CARTESIAN_POINT('Ctrl Pts',(-10.3695353918286,29.2183144640336,-5.12504576983192));
#6625=CARTESIAN_POINT('Ctrl Pts',(-23.0515941780688,20.7330935996336,-5.04590294551539));
#6626=CARTESIAN_POINT('Ctrl Pts',(-30.1500305403824,7.22584408740929,-4.96676012119883));
#6627=CARTESIAN_POINT('Ctrl Pts',(-29.9454411203182,-8.03166984325784,-4.88761729688231));
#6628=CARTESIAN_POINT('Ctrl Pts',(-22.4873821466012,-21.343729958802,-4.80847447256575));
#6629=CARTESIAN_POINT('Ctrl Pts',(-9.5823657850683,-29.4858513582819,-4.72933164824921));
#6630=CARTESIAN_POINT('Ctrl Pts',(5.64371835418379,-30.4858263378277,-4.65018882393267));
#6631=CARTESIAN_POINT('Ctrl Pts',(19.502765050675,-24.1014381259648,-4.57104599961612));
#6632=CARTESIAN_POINT('Ctrl Pts',(28.6377967647612,-11.8791313159579,-4.49190317529959));
#6633=CARTESIAN_POINT('Ctrl Pts',(30.8361002442465,3.22057232310017,-4.41276035098304));
#6634=CARTESIAN_POINT('Ctrl Pts',(25.5651961947346,17.5401798133961,-4.3336175266665));
#6635=CARTESIAN_POINT('Ctrl Pts',(14.1018179222985,27.611155275502,-4.25447470234995));
#6636=CARTESIAN_POINT('Ctrl Pts',(-0.777342623625131,30.9940785119841,-4.17533187803341));
#6637=CARTESIAN_POINT('Ctrl Pts',(-15.4682130378201,26.8695282760632,-4.09618905371686));
#6638=CARTESIAN_POINT('Ctrl Pts',(-26.4123290840148,16.23656480661,-4.01704622940032));
#6639=CARTESIAN_POINT('Ctrl Pts',(-30.9587759797635,1.67073462774833,-3.93790340508378));
#6640=CARTESIAN_POINT('Ctrl Pts',(-28.0063004824404,-13.299785624167,-3.85876058076723));
#6641=CARTESIAN_POINT('Ctrl Pts',(-18.2700595684176,-25.0487941372038,-3.7796177564507));
#6642=CARTESIAN_POINT('Ctrl Pts',(-4.10839308492388,-30.730412796142,-3.70047493213415));
#6643=CARTESIAN_POINT('Ctrl Pts',(11.0484200065691,-28.9684238390697,-3.62133210781761));
#6644=CARTESIAN_POINT('Ctrl Pts',(23.5290535149456,-20.1896212211217,-3.54218928350106));
#6645=CARTESIAN_POINT('Ctrl Pts',(30.3104130466523,-6.52043137398639,-3.46304645918452));
#6646=CARTESIAN_POINT('Ctrl Pts',(29.7498984911094,8.72815582641763,-3.38390363486798));
#6647=CARTESIAN_POINT('Ctrl Pts',(21.9832792713374,21.8625844044095,-3.30476081055144));
#6648=CARTESIAN_POINT('Ctrl Pts',(8.89180788981505,29.7013958731263,-3.22561798623489));
#6649=CARTESIAN_POINT('Ctrl Pts',(-6.35346238037811,30.3458511191013,-3.14647516191835));
#6650=CARTESIAN_POINT('Ctrl Pts',(-20.0597789997906,23.6398483675572,-3.06733233760181));
#6651=CARTESIAN_POINT('Ctrl Pts',(-28.9071591405798,11.2077345963729,-2.98818951328526));
#6652=CARTESIAN_POINT('Ctrl Pts',(-30.752565329263,-3.93914838904933,-2.90904668896872));
#6653=CARTESIAN_POINT('Ctrl Pts',(-25.1489980526271,-18.1318796960077,-2.82990386465218));
#6654=CARTESIAN_POINT('Ctrl Pts',(-13.4537692457215,-27.9326557535158,-2.75076104033563));
#6655=CARTESIAN_POINT('Ctrl Pts',(1.50026964895735,-30.9675048291263,-2.67161821601909));
#6656=CARTESIAN_POINT('Ctrl Pts',(16.0909089805021,-26.5013171850521,-2.59247539170255));
#6657=CARTESIAN_POINT('Ctrl Pts',(26.7839627693354,-15.6159054406844,-2.513332567386));
#6658=CARTESIAN_POINT('Ctrl Pts',(30.9893292439977,-0.947964856229962,-2.43418974306946));
#6659=CARTESIAN_POINT('Ctrl Pts',(27.6883726273986,13.949594460337,-2.35504691875292));
#6660=CARTESIAN_POINT('Ctrl Pts',(17.6806599795197,25.4682435014696,-2.27590409443638));
#6661=CARTESIAN_POINT('Ctrl Pts',(3.39028779977247,30.8179024756107,-2.19676127011983));
#6662=CARTESIAN_POINT('Ctrl Pts',(-11.7212894921307,28.7027618358096,-2.11761844580329));
#6663=CARTESIAN_POINT('Ctrl Pts',(-23.9937028485581,19.6351569379171,-2.03847562148675));
#6664=CARTESIAN_POINT('Ctrl Pts',(-30.4542935508413,5.81146871975796,-1.95933279717021));
#6665=CARTESIAN_POINT('Ctrl Pts',(-29.5381590226804,-9.41988990978045,-1.88018997285366));
#6666=CARTESIAN_POINT('Ctrl Pts',(-21.4672079639795,-22.3695361282436,-1.80104714853712));
#6667=CARTESIAN_POINT('Ctrl Pts',(-8.19640899711056,-29.9007699551972,-1.72190432422058));
#6668=CARTESIAN_POINT('Ctrl Pts',(7.05974736926878,-30.1893546046225,-1.64276149990403));
#6669=CARTESIAN_POINT('Ctrl Pts',(20.6058717346593,-23.1653882854639,-1.56361867558749));
#6670=CARTESIAN_POINT('Ctrl Pts',(29.1607834926519,-10.5302360114207,-1.48447585127095));
#6671=CARTESIAN_POINT('Ctrl Pts',(30.6522876897155,4.65557985093727,-1.4053330269544));
#6672=CARTESIAN_POINT('Ctrl Pts',(24.7191079552976,18.713707977199,-1.32619020263786));
#6673=CARTESIAN_POINT('Ctrl Pts',(12.7983958874338,28.2389487600027,-1.24704737832132));
#6674=CARTESIAN_POINT('Ctrl Pts',(-2.22237987734145,30.9240714014557,-1.16790455400477));
#6675=CARTESIAN_POINT('Ctrl Pts',(-16.7048444944473,26.1186778910778,-1.08876172968823));
#6676=CARTESIAN_POINT('Ctrl Pts',(-27.1410143699884,14.9867442538272,-1.00961890537168));
#6677=CARTESIAN_POINT('Ctrl Pts',(-31.0030108814782,0.224678980954949,-0.930476081055143));
#6678=CARTESIAN_POINT('Ctrl Pts',(-27.3553702967296,-14.5918086709752,-0.851333256738599));
#6679=CARTESIAN_POINT('Ctrl Pts',(-17.0816344482983,-25.8738271026195,-0.772190432422056));
#6680=CARTESIAN_POINT('Ctrl Pts',(-2.67033672861171,-30.8886138587889,-0.693047608105512));
#6681=CARTESIAN_POINT('Ctrl Pts',(12.3877775158729,-28.4214730895281,-0.613904783788973));
#6682=CARTESIAN_POINT('Ctrl Pts',(24.4452892082768,-19.0700026189102,-0.534761959472428));
#6683=CARTESIAN_POINT('Ctrl Pts',(30.5815937195931,-5.09934210769247,-0.455619135155887));
#6684=CARTESIAN_POINT('Ctrl Pts',(29.3103379930761,10.1064954901875,-0.376476310839342));
#6685=CARTESIAN_POINT('Ctrl Pts',(20.939449190999,22.864309128839,-0.2973334865228));
#6686=CARTESIAN_POINT('Ctrl Pts',(7.496547705358,30.0838650585797,-0.218190662206256));
#6687=CARTESIAN_POINT('Ctrl Pts',(-7.76218879569792,30.0164219963253,-0.139047837889713));
#6688=CARTESIAN_POINT('Ctrl Pts',(-21.1407459441412,22.6783161916139,-0.0599050135731694));
#6689=CARTESIAN_POINT('Ctrl Pts',(-29.3985317394021,9.84700441397829,0.0192378107433737));
#6690=CARTESIAN_POINT('Ctrl Pts',(-30.5353219201031,-5.36947665952752,0.0983806350599165));
#6691=CARTESIAN_POINT('Ctrl Pts',(-24.2757599492852,-19.2853478902046,0.177523459376459));
#6692=CARTESIAN_POINT('Ctrl Pts',(-12.1360546545992,-28.5298675388114,0.256666283693003));
#6693=CARTESIAN_POINT('Ctrl Pts',(2.94328016783064,-30.8638018755823,0.335809108009545));
#6694=CARTESIAN_POINT('Ctrl Pts',(17.3096853326391,-25.7218187157627,0.414951932326089));
#6695=CARTESIAN_POINT('Ctrl Pts',(27.4832894951468,-14.3494237824205,0.494094756642633));
#6696=CARTESIAN_POINT('Ctrl Pts',(30.9998134434642,0.498729217067845,0.573237580959176));
#6697=CARTESIAN_POINT('Ctrl Pts',(27.007474788034,15.2260786131968,0.652380405275719));
#6698=CARTESIAN_POINT('Ctrl Pts',(16.4733091042777,26.2653241273825,0.731523229592262));
#6699=CARTESIAN_POINT('Ctrl Pts',(1.94893183687193,30.9425084480358,0.810666053908805));
#6700=CARTESIAN_POINT('Ctrl Pts',(-13.0475212194361,28.124710743222,0.889808878225348));
#6701=CARTESIAN_POINT('Ctrl Pts',(-24.8835667353921,18.4944659530041,0.96895170254189));
#6702=CARTESIAN_POINT('Ctrl Pts',(-30.6922442464405,4.38443924332195,1.04809452685844));
#6703=CARTESIAN_POINT('Ctrl Pts',(-29.0665594356803,-10.7875987566095,1.12723735117498));
#6704=CARTESIAN_POINT('Ctrl Pts',(-20.4002902819135,-23.3466340352352,1.20638017549152));
#6705=CARTESIAN_POINT('Ctrl Pts',(-6.79260504243945,-30.2505815001789,1.28552299980806));
#6706=CARTESIAN_POINT('Ctrl Pts',(8.46040422707183,-29.8271474445024,1.36466582412461));
#6707=CARTESIAN_POINT('Ctrl Pts',(21.6641104248369,-22.1788972643369,1.44380864844115));
#6708=CARTESIAN_POINT('Ctrl Pts',(29.6202744427373,-9.15841177816682,1.52295147275769));
#6709=CARTESIAN_POINT('Ctrl Pts',(30.4017317005007,6.08045014553297,1.60209429707424));
#6710=CARTESIAN_POINT('Ctrl Pts',(23.8191954080646,19.8464882151471,1.68123712139078));
#6711=CARTESIAN_POINT('Ctrl Pts',(11.4671061479258,28.8052537040336,1.76037994570732));
#6712=CARTESIAN_POINT('Ctrl Pts',(-3.6625780382083,30.7867290642506,1.83952277002386));
#6713=CARTESIAN_POINT('Ctrl Pts',(-17.9051021995064,25.3109557225082,1.91866559434041));
#6714=CARTESIAN_POINT('Ctrl Pts',(-27.8106017987907,13.7042910050333,1.99780841865695));
#6715=CARTESIAN_POINT('Ctrl Pts',(-30.9797386707478,-1.22186589023297,2.07695124297349));
#6716=CARTESIAN_POINT('Ctrl Pts',(-26.6448755072563,-15.8520589692428,2.15609406729004));
#6717=CARTESIAN_POINT('Ctrl Pts',(-15.8560151401098,-26.6425214316916,2.23523689160658));
#6718=CARTESIAN_POINT('Ctrl Pts',(-1.22646588149113,-30.9795569013354,2.31437971592312));
#6719=CARTESIAN_POINT('Ctrl Pts',(13.7001614162937,-27.8126363642327,2.39352254023966));
#6720=CARTESIAN_POINT('Ctrl Pts',(25.3082968169669,-17.9088602815993,2.47266536455621));
#6721=CARTESIAN_POINT('Ctrl Pts',(30.7861848895378,-3.6671493436646,2.55180818887275));
#6722=CARTESIAN_POINT('Ctrl Pts',(28.8069560716891,11.4628288936595,2.6309510131893));
#6723=CARTESIAN_POINT('Ctrl Pts',(19.8500247728564,23.8162482536299,2.71009383750584));
#6724=CARTESIAN_POINT('Ctrl Pts',(6.08496425827211,30.4008285139911,2.78923666182239));
#6725=CARTESIAN_POINT('Ctrl Pts',(-9.15401353156954,29.6216339965468,2.86837948613892));
#6726=CARTESIAN_POINT('Ctrl Pts',(-22.175680239628,21.6674034039917,2.94752231045547));
#6727=CARTESIAN_POINT('Ctrl Pts',(-29.8258908785174,8.46483299683532,3.02666513477201));
#6728=CARTESIAN_POINT('Ctrl Pts',(-30.2515897618894,-6.78811323122151,3.10580795908855));
#6729=CARTESIAN_POINT('Ctrl Pts',(-23.3496629006346,-20.3968234484753,3.1849507834051));
#6730=CARTESIAN_POINT('Ctrl Pts',(-10.7919145653426,-29.0649573262355,3.26409360772164));
#6731=CARTESIAN_POINT('Ctrl Pts',(4.37988187866877,-30.6928949284757,3.34323643203818));
#6732=CARTESIAN_POINT('Ctrl Pts',(18.4907709302035,-24.8863125988621,3.42237925635473));
#6733=CARTESIAN_POINT('Ctrl Pts',(28.122773081161,-13.0516971535148,3.50152208067127));
#6734=CARTESIAN_POINT('Ctrl Pts',(30.9427974927063,1.94433733876315,3.58066490498782));
#6735=CARTESIAN_POINT('Ctrl Pts',(26.2677698655658,16.4694089344826,3.65980772930435));
#6736=CARTESIAN_POINT('Ctrl Pts',(15.2300886312637,27.0052136567254,3.7389505536209));
#6737=CARTESIAN_POINT('Ctrl Pts',(0.503332197086064,30.9997390482714,3.81809337793744));
#6738=CARTESIAN_POINT('Ctrl Pts',(-14.3453427873067,27.4854198562839,3.89723620225399));
#6739=CARTESIAN_POINT('Ctrl Pts',(-25.7192482157473,17.3135044279984,3.97637902657052));
#6740=CARTESIAN_POINT('Ctrl Pts',(-30.8633645044585,2.94786292531855,4.05552185088708));
#6741=CARTESIAN_POINT('Ctrl Pts',(-28.5316692378516,-12.1318182834796,4.13466467520361));
#6742=CARTESIAN_POINT('Ctrl Pts',(-19.2889522467651,-24.272896110344,4.21380749952016));
#6743=CARTESIAN_POINT('Ctrl Pts',(-5.37401061615432,-30.5345243005193,4.2929503238367));
#6744=CARTESIAN_POINT('Ctrl Pts',(9.84263908509946,-29.3999935408499,4.37209314815324));
#6745=CARTESIAN_POINT('Ctrl Pts',(22.6751768728065,-21.144113084934,4.45123597246979));
#6746=CARTESIAN_POINT('Ctrl Pts',(30.0152691022814,-7.76664567745739,4.53037879678633));
#6747=CARTESIAN_POINT('Ctrl Pts',(30.0849778465598,7.49208064115351,4.60952162110287));
#6748=CARTESIAN_POINT('Ctrl Pts',(22.8674180561871,20.936053969292,4.68866444541942));
#6749=CARTESIAN_POINT('Ctrl Pts',(10.1108475037169,29.3088370140837,4.76780726973596));
#6750=CARTESIAN_POINT('Ctrl Pts',(-5.09480116502382,30.5823505546976,4.8469500940525));
#6751=CARTESIAN_POINT('Ctrl Pts',(-19.0663726670954,24.4481205347359,4.92609291836905));
#6752=CARTESIAN_POINT('Ctrl Pts',(-28.4196333857758,12.3919975217733,5.00523574268558));
#6753=CARTESIAN_POINT('Ctrl Pts',(-30.889010021352,-2.6657502250504,5.08437856700214));
#6754=CARTESIAN_POINT('Ctrl Pts',(-25.8763631718799,-17.0777924029577,5.16352139131867));
#6755=CARTESIAN_POINT('Ctrl Pts',(-14.5958703530545,-27.3532033407125,5.24266421563522));
#6756=CARTESIAN_POINT('Ctrl Pts',(0.220075518192527,-31.003043901008,5.32180703995175));
#6757=CARTESIAN_POINT('Ctrl Pts',(14.982714074169,-27.1432393669812,5.4009498642683));
#6758=CARTESIAN_POINT('Ctrl Pts',(26.1161971960542,-16.7087225238302,5.48009268858484));
#6759=CARTESIAN_POINT('Ctrl Pts',(30.9237410720406,-2.22697159185494,5.55923551290139));
#6760=CARTESIAN_POINT('Ctrl Pts',(28.2408488095226,12.794202705883,5.63837833721793));
#6761=CARTESIAN_POINT('Ctrl Pts',(18.7173781702782,24.71632899102,5.71752116153448));
#6762=CARTESIAN_POINT('Ctrl Pts',(4.66013118301402,30.6515960713083,5.79666398585102));
#6763=CARTESIAN_POINT('Ctrl Pts',(-10.5259059768913,29.1623467458842,5.87580681016756));
#6764=CARTESIAN_POINT('Ctrl Pts',(-23.1623283817082,20.6093112039061,5.9549496344841));
#6765=CARTESIAN_POINT('Ctrl Pts',(-30.1883060101939,7.06422993654873,6.03409245880064));
#6766=CARTESIAN_POINT('Ctrl Pts',(-29.9019866636078,-8.19196911193871,6.11323528311719));
#6767=CARTESIAN_POINT('Ctrl Pts',(-22.3727234249366,-21.4638862024758,6.19237810743373));
#6768=CARTESIAN_POINT('Ctrl Pts',(-9.42427575872441,-29.5367599913237,6.27152093175027));
#6769=CARTESIAN_POINT('Ctrl Pts',(5.80694667131499,-30.4551561269688,6.35066375606682));
#6770=CARTESIAN_POINT('Ctrl Pts',(19.6315940333554,-23.9966180965373,6.42980658038336));
#6771=CARTESIAN_POINT('Ctrl Pts',(28.7010210919623,-11.7255512723401,6.50894940469991));
#6772=CARTESIAN_POINT('Ctrl Pts',(30.8184055403822,3.38571178780454,6.58809222901645));
#6773=CARTESIAN_POINT('Ctrl Pts',(25.4708685210863,17.6768781503714,6.667235053333));
#6774=CARTESIAN_POINT('Ctrl Pts',(13.9537055951132,27.6863010264362,6.74637787764953));
#6775=CARTESIAN_POINT('Ctrl Pts',(-0.943363417002257,30.9894696602733,6.82552070196608));
#6776=CARTESIAN_POINT('Ctrl Pts',(-15.6119282706465,26.786281190821,6.90466352628261));
#6777=CARTESIAN_POINT('Ctrl Pts',(-26.4989276455938,16.0948438325796,6.98380635059917));
#6778=CARTESIAN_POINT('Ctrl Pts',(-30.9672817212622,1.50486782061305,7.0629491749157));
#6779=CARTESIAN_POINT('Ctrl Pts',(-27.9346531190648,-13.4496215366479,7.14209199923226));
#6780=CARTESIAN_POINT('Ctrl Pts',(-18.1356137274299,-25.1463054759739,7.22123482354879));
#6781=CARTESIAN_POINT('Ctrl Pts',(-3.94371461867883,-30.7519800885725,7.30037764786534));
#6782=CARTESIAN_POINT('Ctrl Pts',(11.2034422136085,-28.9088229945094,7.37952047218188));
#6783=CARTESIAN_POINT('Ctrl Pts',(23.6368695447671,-20.0632889249295,7.45866329649843));
#6784=CARTESIAN_POINT('Ctrl Pts',(30.3449073951777,-6.35796819271906,7.53780612081496));
#6785=CARTESIAN_POINT('Ctrl Pts',(29.7027158395507,8.88739760089768,7.61694894513151));
#6786=CARTESIAN_POINT('Ctrl Pts',(21.8658483351765,21.9800327785152,7.69609176944804));
#6787=CARTESIAN_POINT('Ctrl Pts',(8.73257312297332,29.7486021690678,7.7752345937646));
#6788=CARTESIAN_POINT('Ctrl Pts',(-6.5159306817236,30.3113808941875,7.85437741808113));
#6789=CARTESIAN_POINT('Ctrl Pts',(-20.1861273035777,23.5320510972864,7.93352024239769));
#6790=CARTESIAN_POINT('Ctrl Pts',(-28.9667830028467,11.0527212408318,8.01266306671422));
#6791=CARTESIAN_POINT('Ctrl Pts',(-30.7310224892366,-4.10383005588359,8.09180589103076));
#6792=CARTESIAN_POINT('Ctrl Pts',(-25.0515066780281,-18.266340014416,8.17094871534732));
#6793=CARTESIAN_POINT('Ctrl Pts',(-13.3039439734007,-28.0043253643817,8.25009153966384));
#6794=CARTESIAN_POINT('Ctrl Pts',(1.66613771723302,-30.9590237163376,8.3292343639804));
#6795=CARTESIAN_POINT('Ctrl Pts',(16.2326428114966,-26.4147396677671,8.40837718829693));
#6796=CARTESIAN_POINT('Ctrl Pts',(26.8672311931151,-15.4722025703273,8.48752001261349));
#6797=CARTESIAN_POINT('Ctrl Pts',(30.9939627471386,-0.781944749025089,8.56666283693003));
#6798=CARTESIAN_POINT('Ctrl Pts',(27.6132488696475,14.0977179438535,8.64580566124656));
#6799=CARTESIAN_POINT('Ctrl Pts',(17.5439756502297,25.5625914716346,8.72494848556312));
#6800=CARTESIAN_POINT('Ctrl Pts',(3.22515096427415,30.8356216998974,8.80409130987965));
#6801=CARTESIAN_POINT('Ctrl Pts',(-11.8748789218754,28.6395603135303,8.88323413419621));
#6802=CARTESIAN_POINT('Ctrl Pts',(-24.0985420059111,19.5063435207852,8.96237695851274));
#6803=CARTESIAN_POINT('Ctrl Pts',(-30.4849879982041,5.64824495847069,9.04151978282929));
#6804=CARTESIAN_POINT('Ctrl Pts',(-29.4872738640862,-9.57798749351423,9.12066260714582));
#6805=CARTESIAN_POINT('Ctrl Pts',(-21.3470687466499,-22.4842126899596,9.19980543146237));
#6806=CARTESIAN_POINT('Ctrl Pts',(-8.03611618250144,-29.9442482133527,9.27894825577891));
#6807=CARTESIAN_POINT('Ctrl Pts',(7.22136720165352,-30.1511031323967,9.35809108009545));
#6808=CARTESIAN_POINT('Ctrl Pts',(20.7296705713121,-23.0546724627876,9.437233904412));
#6809=CARTESIAN_POINT('Ctrl Pts',(29.2167744287605,-10.3738737384097,9.51637672872853));
#6810=CARTESIAN_POINT('Ctrl Pts',(30.6269084421694,4.81971406169641,9.5955195530451));
#6811=CARTESIAN_POINT('Ctrl Pts',(24.6185059573111,18.8458570723482,9.67466237736161));
#6812=CARTESIAN_POINT('Ctrl Pts',(12.646939239864,28.3071032114685,9.75380520167819));
#6813=CARTESIAN_POINT('Ctrl Pts',(-2.38800491639476,30.9117226449904,9.8329480259947));
#6814=CARTESIAN_POINT('Ctrl Pts',(-16.8445197589744,26.0288170774444,9.91209085031126));
#6815=CARTESIAN_POINT('Ctrl Pts',(-27.2209073218554,14.8411377237899,9.9912336746278));
#6816=CARTESIAN_POINT('Ctrl Pts',(-31.0037696236271,0.0585959605770134,
10.0703764989443));
#6817=CARTESIAN_POINT('Ctrl Pts',(-27.2768110444884,-14.7381390821505,10.1495193232609));
#6818=CARTESIAN_POINT('Ctrl Pts',(-16.9427860462249,-25.9649603379898,10.2286621475774));
#6819=CARTESIAN_POINT('Ctrl Pts',(-2.50483142987488,-30.9024753679936,10.307804971894));
#6820=CARTESIAN_POINT('Ctrl Pts',(12.5398505491021,-28.3547052985518,10.3869477962105));
#6821=CARTESIAN_POINT('Ctrl Pts',(24.5470944152191,-18.9387782111693,10.4660906205271));
#6822=CARTESIAN_POINT('Ctrl Pts',(30.6084715547101,-4.93544663085737,10.5452334448436));
#6823=CARTESIAN_POINT('Ctrl Pts',(29.2557780310277,10.2633628095658,10.6243762691602));
#6824=CARTESIAN_POINT('Ctrl Pts',(20.8166671003064,22.9761514444121,10.7035190934767));
#6825=CARTESIAN_POINT('Ctrl Pts',(7.33528411174776,30.1235916079322,10.7826619177932));
#6826=CARTESIAN_POINT('Ctrl Pts',(-7.92287216788301,29.9744101021675,10.8618047421098));
#6827=CARTESIAN_POINT('Ctrl Pts',(-21.2619279134352,22.5647420939266,10.9409475664263));
#6828=CARTESIAN_POINT('Ctrl Pts',(-29.4508592660154,9.68937835234526,11.0200903907428));
#6829=CARTESIAN_POINT('Ctrl Pts',(-30.5061200823479,-5.53297405406064,11.0992332150594));
#6830=CARTESIAN_POINT('Ctrl Pts',(-24.1721020990022,-19.4151138157094,11.1783760393759));
#6831=CARTESIAN_POINT('Ctrl Pts',(-11.9830490898431,-28.5944697253149,11.2575188636925));
#6832=CARTESIAN_POINT('Ctrl Pts',(3.10857200585302,-30.8475921985164,11.336661688009));
#6833=CARTESIAN_POINT('Ctrl Pts',(17.4472259868156,-25.628723529012,11.4158045123256));
#6834=CARTESIAN_POINT('Ctrl Pts',(27.5597634787075,-14.201992865765,11.4949473366421));
#6835=CARTESIAN_POINT('Ctrl Pts',(30.9966970115366,0.664784729471028,11.5740901609586));
#6836=CARTESIAN_POINT('Ctrl Pts',(26.9255228115855,15.3705362848643,11.6532329852752));
#6837=CARTESIAN_POINT('Ctrl Pts',(16.3323722231316,26.353193011979,11.7323758095918));
#6838=CARTESIAN_POINT('Ctrl Pts',(1.78314818151278,30.9525046954896,11.8115186339083));
#6839=CARTESIAN_POINT('Ctrl Pts',(-13.1979950625081,28.0544130341656,11.8906614582248));
#6840=CARTESIAN_POINT('Ctrl Pts',(-24.9822825657661,18.3609019976079,11.9698042825413));
#6841=CARTESIAN_POINT('Ctrl Pts',(-30.7152908361199,4.21996128111517,12.048947106858));
#6842=CARTESIAN_POINT('Ctrl Pts',(-29.0083543744449,-10.9431504078194,12.1280899311744));
#6843=CARTESIAN_POINT('Ctrl Pts',(-20.2749321645326,-23.45558121397,12.207232755491));
#6844=CARTESIAN_POINT('Ctrl Pts',(-6.63045846711928,-30.2865347122669,12.2863755798075));
#6845=CARTESIAN_POINT('Ctrl Pts',(8.62006365765802,-29.7813980010923,12.3655184041241));
#6846=CARTESIAN_POINT('Ctrl Pts',(21.7826095512571,-22.0625267251741,12.4446612284406));
#6847=CARTESIAN_POINT('Ctrl Pts',(29.6689100710006,-8.99960774480861,12.5238040527572));
#6848=CARTESIAN_POINT('Ctrl Pts',(30.368723170993,6.24322171039348,12.6029468770737));
#6849=CARTESIAN_POINT('Ctrl Pts',(23.7125381402837,19.9738003221002,12.6820897013903));
#6850=CARTESIAN_POINT('Ctrl Pts',(11.3126349673266,28.8662684539856,12.7612325257068));
#6851=CARTESIAN_POINT('Ctrl Pts',(-3.82744668479863,30.7666672916741,12.8403753500234));
#6852=CARTESIAN_POINT('Ctrl Pts',(-18.0404333616029,25.2146768467713,12.9195181743399));
#6853=CARTESIAN_POINT('Ctrl Pts',(-27.8836151790522,13.5551159680789,12.9986609986564));
#6854=CARTESIAN_POINT('Ctrl Pts',(-30.9727487614334,-1.3878034884899,13.077803822973));
#6855=CARTESIAN_POINT('Ctrl Pts',(-26.5595754239958,-15.9945652538172,13.1569466472895));
#6856=CARTESIAN_POINT('Ctrl Pts',(-15.7130665106405,-26.7270781267562,13.2360894716061));
#6857=CARTESIAN_POINT('Ctrl Pts',(-1.06049412767346,-30.9856824447471,13.3152322959226));
#6858=CARTESIAN_POINT('Ctrl Pts',(13.848954146218,-27.7388470095188,13.3943751202392));
#6859=CARTESIAN_POINT('Ctrl Pts',(25.4038695265746,-17.7730294952301,13.4735179445557));
#6860=CARTESIAN_POINT('Ctrl Pts',(30.8053876864457,-3.50217844338697,13.5526607688723));
#6861=CARTESIAN_POINT('Ctrl Pts',(28.7451376000477,11.6169801891826,13.6318035931888));
#6862=CARTESIAN_POINT('Ctrl Pts',(19.7221588779367,23.9222409810403,13.7109464175053));
#6863=CARTESIAN_POINT('Ctrl Pts',(5.9220229792579,30.4329888146839,13.7900892418218));
#6864=CARTESIAN_POINT('Ctrl Pts',(-9.31256209662573,29.5721719114108,13.8692320661384));
#6865=CARTESIAN_POINT('Ctrl Pts',(-22.2914320082889,21.5482997793647,13.9483748904549));
#6866=CARTESIAN_POINT('Ctrl Pts',(-29.8708081295689,8.30493744997626,14.0275177147715));
#6867=CARTESIAN_POINT('Ctrl Pts',(-30.2147925115763,-6.95007034812842,14.106660539088));
#6868=CARTESIAN_POINT('Ctrl Pts',(-23.2400642831373,-20.5216124239101,14.1858033634046));
#6869=CARTESIAN_POINT('Ctrl Pts',(-10.6360618681749,-29.1223514211661,14.2649461877211));
#6870=CARTESIAN_POINT('Ctrl Pts',(4.54423757382435,-30.6689919826881,14.3440890120377));
#6871=CARTESIAN_POINT('Ctrl Pts',(18.623818921411,-24.7869024515778,14.4232318363542));
#6872=CARTESIAN_POINT('Ctrl Pts',(28.1922861071982,-12.9008592121385,14.5023746606708));
#6873=CARTESIAN_POINT('Ctrl Pts',(30.9319379115454,2.11006668089802,14.5815174849873));
#6874=CARTESIAN_POINT('Ctrl Pts',(26.1791681157101,16.6098862467786,14.6606603093038));
#6875=CARTESIAN_POINT('Ctrl Pts',(15.0852060794835,27.0864121267667,14.7398031336204));
#6876=CARTESIAN_POINT('Ctrl Pts',(0.337262705380801,31.0019905526903,14.8189459579369));
#6877=CARTESIAN_POINT('Ctrl Pts',(-14.4923733963475,27.4081790293041,14.8980887822535));
#6878=CARTESIAN_POINT('Ctrl Pts',(-25.811625771611,17.1754807614765,14.97723160657));
#6879=CARTESIAN_POINT('Ctrl Pts',(-30.8787130539505,2.7824889026426,15.0563744308866));
#6880=CARTESIAN_POINT('Ctrl Pts',(-28.4662710118467,-12.2844852981978,15.1355172552031));
#6881=CARTESIAN_POINT('Ctrl Pts',(-19.158648188774,-24.3758766804462,15.2146600795196));
#6882=CARTESIAN_POINT('Ctrl Pts',(-5.2103633441249,-30.5628741806746,15.2938029038362));
#6883=CARTESIAN_POINT('Ctrl Pts',(9.9999904654872,-29.3468457427998,15.3729457281527));
#6884=CARTESIAN_POINT('Ctrl Pts',(22.7881182645758,-21.0223412188382,15.4520885524693));
#6885=CARTESIAN_POINT('Ctrl Pts',(30.0564435216684,-7.60574566957703,15.5312313767858));
#6886=CARTESIAN_POINT('Ctrl Pts',(30.0444119090939,7.65313513523633,15.6103742011024));
#6887=CARTESIAN_POINT('Ctrl Pts',(22.7549377581253,21.0582518739227,15.6895170254189));
#6888=CARTESIAN_POINT('Ctrl Pts',(9.95369814139782,29.362579206722,15.7686598497355));
#6889=CARTESIAN_POINT('Ctrl Pts',(-5.25855442800877,30.5546194492758,15.847802674052));
#6890=CARTESIAN_POINT('Ctrl Pts',(-19.1970650516436,24.345633238084,15.9269454983685));
#6891=CARTESIAN_POINT('Ctrl Pts',(-28.485608212368,12.2395787972439,16.0060883226851));
#6892=CARTESIAN_POINT('Ctrl Pts',(-30.8742866806748,-2.83118108256812,16.0852311470016));
#6893=CARTESIAN_POINT('Ctrl Pts',(-25.7845079931621,-17.2161642622432,16.1643739713181));
#6894=CARTESIAN_POINT('Ctrl Pts',(-14.4491327579081,-27.4309993789269,16.2435167956347));
#6895=CARTESIAN_POINT('Ctrl Pts',(0.386152334079912,-31.0014201399577,16.3226596199512));
#6896=CARTESIAN_POINT('Ctrl Pts',(15.1279025138004,-27.0625891215243,16.4018024442678));
#6897=CARTESIAN_POINT('Ctrl Pts',(26.2053293050248,-16.5685811193739,16.4809452685843));
#6898=CARTESIAN_POINT('Ctrl Pts',(30.9352270173184,-2.06128448665491,16.5600880929009));
#6899=CARTESIAN_POINT('Ctrl Pts',(28.1719064351538,12.9453023317835,16.6392309172174));
#6900=CARTESIAN_POINT('Ctrl Pts',(18.5847068891575,24.8162413205654,16.7183737415339));
#6901=CARTESIAN_POINT('Ctrl Pts',(4.49586701671978,30.6761201290629,16.7975165658505));
#6902=CARTESIAN_POINT('Ctrl Pts',(-10.6819745123219,29.1055421079048,16.876659390167));
#6903=CARTESIAN_POINT('Ctrl Pts',(-23.2723978940517,20.4849375120793,16.9558022144836));
#6904=CARTESIAN_POINT('Ctrl Pts',(-30.2257152068563,6.90241284000372,17.0349450388001));
#6905=CARTESIAN_POINT('Ctrl Pts',(-29.8576740755029,-8.35203286701326,17.1140878631167));
#6906=CARTESIAN_POINT('Ctrl Pts',(-22.2574227776429,-21.5834273326563,17.1932306874332));
#6907=CARTESIAN_POINT('Ctrl Pts',(-9.26591511075274,-29.5868194498587,17.2723735117498));
#6908=CARTESIAN_POINT('Ctrl Pts',(5.97000801028635,-30.423614958023,17.3515163360663));
#6909=CARTESIAN_POINT('Ctrl Pts',(19.7598603043976,-23.8911037318397,17.4306591603829));
#6910=CARTESIAN_POINT('Ctrl Pts',(28.7634205677812,-11.5716456440383,17.5098019846994));
#6911=CARTESIAN_POINT('Ctrl Pts',(30.7998288056155,3.5507748700633,17.588944809016));
#6912=CARTESIAN_POINT('Ctrl Pts',(25.3758054432023,17.8130296150404,17.6680876333324));
#6913=CARTESIAN_POINT('Ctrl Pts',(13.8052013856968,27.7607277898779,17.7472304576491));
#6914=CARTESIAN_POINT('Ctrl Pts',(-1.10937342678178,30.9838275325079,17.8263732819655));
#6915=CARTESIAN_POINT('Ctrl Pts',(-15.7551643913431,26.7025401704088,17.9055161062821));
#6916=CARTESIAN_POINT('Ctrl Pts',(-26.5848255426339,15.9521351584429,17.9846589305986));
#6917=CARTESIAN_POINT('Ctrl Pts',(-30.9747808341159,1.33997832843356,18.0638017549152));
#6918=CARTESIAN_POINT('Ctrl Pts',(-27.8624638056674,-13.601173619246,18.1429445792317));
#6919=CARTESIAN_POINT('Ctrl Pts',(-21.2874350539525,-21.3589435437973,18.1957064621094));
#6920=CARTESIAN_POINT('Ctrl Pts',(-17.2724901436213,-24.2219683555297,18.2220874035483));
#6921=CARTESIAN_POINT('Ctrl Pts',(-12.4549852079979,27.2286009091277,-10.));
#6922=CARTESIAN_POINT('Ctrl Pts',(-16.9682985370769,25.164108100983,-9.97361905856115));
#6923=CARTESIAN_POINT('Ctrl Pts',(-24.9442238518979,18.7500539911632,-9.92085717568345));
#6924=CARTESIAN_POINT('Ctrl Pts',(-30.8666671948122,4.57716858596384,-9.84171435136692));
#6925=CARTESIAN_POINT('Ctrl Pts',(-29.3121771770588,-10.6999412923607,-9.76257152705036));
#6926=CARTESIAN_POINT('Ctrl Pts',(-20.6577803183078,-23.3875230019187,-9.68342870273384));
#6927=CARTESIAN_POINT('Ctrl Pts',(-6.99950697283395,-30.4089485268437,-9.60428587841727));
#6928=CARTESIAN_POINT('Ctrl Pts',(8.3541592962027,-30.0652416970436,-9.52514305410076));
#6929=CARTESIAN_POINT('Ctrl Pts',(21.6842823503563,-22.4387274446361,-9.44600022978418));
#6930=CARTESIAN_POINT('Ctrl Pts',(29.7619640575058,-9.37720862221076,-9.36685740546767));
#6931=CARTESIAN_POINT('Ctrl Pts',(30.6306253985773,5.95577210733523,-9.28771458115111));
#6932=CARTESIAN_POINT('Ctrl Pts',(24.079846314568,19.8460827547971,-9.20857175683457));
#6933=CARTESIAN_POINT('Ctrl Pts',(11.6963805478972,28.9292432121916,-9.12942893251802));
#6934=CARTESIAN_POINT('Ctrl Pts',(-3.52021662840103,31.0050677683122,-9.05028610820149));
#6935=CARTESIAN_POINT('Ctrl Pts',(-17.8841364448573,25.5707636558758,-8.97114328388494));
#6936=CARTESIAN_POINT('Ctrl Pts',(-27.9161103559272,13.9426332647373,-8.8920004595684));
#6937=CARTESIAN_POINT('Ctrl Pts',(-31.1861648154003,-1.06271941090267,-8.81285763525185));
#6938=CARTESIAN_POINT('Ctrl Pts',(-26.9022181889516,-15.8106581413412,-8.73371481093531));
#6939=CARTESIAN_POINT('Ctrl Pts',(-16.1019400464139,-26.7288939773743,-8.65457198661876));
#6940=CARTESIAN_POINT('Ctrl Pts',(-1.40140440574312,-31.172781682152,-8.57542916230222));
#6941=CARTESIAN_POINT('Ctrl Pts',(13.6385833896714,-28.0659097879923,-8.49628633798569));
#6942=CARTESIAN_POINT('Ctrl Pts',(25.3749948863026,-18.1608338150136,-8.41714351366914));
#6943=CARTESIAN_POINT('Ctrl Pts',(30.9650032625617,-3.85678920575474,-8.3380006893526));
#6944=CARTESIAN_POINT('Ctrl Pts',(29.0545808541141,11.3814577873503,-8.25885786503605));
#6945=CARTESIAN_POINT('Ctrl Pts',(20.1064755894283,23.8628558534051,-8.17971504071951));
#6946=CARTESIAN_POINT('Ctrl Pts',(6.28812286550309,30.5641253895378,-8.10057221640296));
#6947=CARTESIAN_POINT('Ctrl Pts',(-9.0533567866431,29.8620659190999,-8.02142939208643));
#6948=CARTESIAN_POINT('Ctrl Pts',(-22.2019067189403,21.926732270853,-7.94228656776987));
#6949=CARTESIAN_POINT('Ctrl Pts',(-29.972647929914,8.68024343624843,-7.86314374345335));
#6950=CARTESIAN_POINT('Ctrl Pts',(-30.4833294767975,-6.66879854635022,-7.78400091913679));
#6951=CARTESIAN_POINT('Ctrl Pts',(-23.610252629005,-20.4025052587959,-7.70485809482025));
#6952=CARTESIAN_POINT('Ctrl Pts',(-11.0182335251884,-29.1942593676758,-7.62571527050372));
#6953=CARTESIAN_POINT('Ctrl Pts',(4.24265330674135,-30.9144972943146,-7.54657244618716));
#6954=CARTESIAN_POINT('Ctrl Pts',(18.4758726395156,-25.1465381364998,-7.46742962187063));
#6955=CARTESIAN_POINT('Ctrl Pts',(28.2338137778763,-13.2875132962494,-7.38828679755406));
#6956=CARTESIAN_POINT('Ctrl Pts',(31.1528805847986,1.79005064484748,-7.30914397323755));
#6957=CARTESIAN_POINT('Ctrl Pts',(26.5260084315135,16.4340234493304,-7.23000114892098));
#6958=CARTESIAN_POINT('Ctrl Pts',(15.4739313942913,27.0973005527599,-7.15085832460446));
#6959=CARTESIAN_POINT('Ctrl Pts',(0.673714872570149,31.1969927767459,-7.0717155002879));
#6960=CARTESIAN_POINT('Ctrl Pts',(-14.2896907735455,27.7400610604644,-6.99257267597137));
#6961=CARTESIAN_POINT('Ctrl Pts',(-25.7918070520887,17.5638531942646,-6.91342985165482));
#6962=CARTESIAN_POINT('Ctrl Pts',(-31.0465587840774,3.13327906651768,-6.83428702733828));
#6963=CARTESIAN_POINT('Ctrl Pts',(-28.7811251235324,-12.0562467901675,-6.75514420302173));
#6964=CARTESIAN_POINT('Ctrl Pts',(-19.544245827419,-24.3254744060473,-6.6760013787052));
#6965=CARTESIAN_POINT('Ctrl Pts',(-5.57330395768407,-30.7025167215509,-6.59685855438864));
#6966=CARTESIAN_POINT('Ctrl Pts',(9.74761938027796,-29.6427084872331,-6.51771573007212));
#6967=CARTESIAN_POINT('Ctrl Pts',(22.7074467466909,-21.4027594549872,-6.43857290575555));
#6968=CARTESIAN_POINT('Ctrl Pts',(30.1670120546313,-7.97857341493962,-6.35943008143902));
#6969=CARTESIAN_POINT('Ctrl Pts',(30.3194382697207,7.37820527299451,-6.28028725712248));
#6970=CARTESIAN_POINT('Ctrl Pts',(23.1278042824693,20.9478141846266,-6.20114443280593));
#6971=CARTESIAN_POINT('Ctrl Pts',(10.3340880439764,29.4433842202488,-6.12200160848939));
#6972=CARTESIAN_POINT('Ctrl Pts',(-4.96278026666567,30.8070943463781,-6.04285878417285));
#6973=CARTESIAN_POINT('Ctrl Pts',(-19.0575498865224,24.7086228342366,-5.96371595985631));
#6974=CARTESIAN_POINT('Ctrl Pts',(-28.5361458018844,12.6251587243665,-5.88457313553976));
#6975=CARTESIAN_POINT('Ctrl Pts',(-31.102635666749,-2.51640708616929,-5.80543031122322));
#6976=CARTESIAN_POINT('Ctrl Pts',(-26.1353570377495,-17.0484416458281,-5.72628748690668));
#6977=CARTESIAN_POINT('Ctrl Pts',(-14.8374982117352,-27.4509543888479,-5.64714466259012));
#6978=CARTESIAN_POINT('Ctrl Pts',(0.0543414509205555,-31.204219218698,-5.5680018382736));
#6979=CARTESIAN_POINT('Ctrl Pts',(14.9330183734394,-27.3991096990463,-5.48885901395704));
#6980=CARTESIAN_POINT('Ctrl Pts',(26.1945772952356,-16.9573102338129,-5.40971618964051));
#6981=CARTESIAN_POINT('Ctrl Pts',(31.111211521537,-2.40806306064287,-5.33057336532396));
#6982=CARTESIAN_POINT('Ctrl Pts',(28.4919999861408,12.7244719667107,-5.25143054100741));
#6983=CARTESIAN_POINT('Ctrl Pts',(18.9713755247575,24.774849358583,-5.17228771669088));
#6984=CARTESIAN_POINT('Ctrl Pts',(4.85545075683208,30.824192576446,-5.09314489237432));
#6985=CARTESIAN_POINT('Ctrl Pts',(-10.4365750440497,29.4072125743289,-5.01400206805779));
#6986=CARTESIAN_POINT('Ctrl Pts',(-23.2006240813814,20.8671342612319,-4.93485924374124));
#6987=CARTESIAN_POINT('Ctrl Pts',(-30.3449522495534,7.27255959165508,-4.85571641942471));
#6988=CARTESIAN_POINT('Ctrl Pts',(-30.1390401469339,-8.08359505810125,-4.77657359510816));
#6989=CARTESIAN_POINT('Ctrl Pts',(-22.6327643861623,-21.4817184201431,-4.69743077079162));
#6990=CARTESIAN_POINT('Ctrl Pts',(-9.6443163397858,-29.6764791102312,-4.61828794647507));
#6991=CARTESIAN_POINT('Ctrl Pts',(5.6802053231175,-30.6829189864504,-4.53914512215853));
#6992=CARTESIAN_POINT('Ctrl Pts',(19.6288515663138,-24.257255331745,-4.46000229784199));
#6993=CARTESIAN_POINT('Ctrl Pts',(28.8229417942099,-11.9559305940373,-4.38085947352544));
#6994=CARTESIAN_POINT('Ctrl Pts',(31.0354574341414,3.24139351135359,-4.3017166492089));
#6995=CARTESIAN_POINT('Ctrl Pts',(25.7304766819598,17.6535781007979,-4.22257382489236));
#6996=CARTESIAN_POINT('Ctrl Pts',(14.1929869991639,27.7896630077339,-4.14343100057582));
#6997=CARTESIAN_POINT('Ctrl Pts',(-0.782368189108599,31.1944570406109,-4.06428817625927));
#6998=CARTESIAN_POINT('Ctrl Pts',(-15.5682159389486,27.0432413464089,-3.98514535194273));
#6999=CARTESIAN_POINT('Ctrl Pts',(-26.5830863348689,16.3415351468201,-3.90600252762618));
#7000=CARTESIAN_POINT('Ctrl Pts',(-31.1589262754567,1.68153602474109,-3.82685970330964));
#7001=CARTESIAN_POINT('Ctrl Pts',(-28.1873628515243,-13.3857695153607,-3.7477168789931));
#7002=CARTESIAN_POINT('Ctrl Pts',(-18.388176571084,-25.2107360549527,-3.66857405467656));
#7003=CARTESIAN_POINT('Ctrl Pts',(-4.13495408627965,-30.9290867105094,-3.58943123036001));
#7004=CARTESIAN_POINT('Ctrl Pts',(11.1198486874932,-29.155706391873,-3.51028840604347));
#7005=CARTESIAN_POINT('Ctrl Pts',(23.68117022077,-20.3201483020367,-3.43114558172693));
#7006=CARTESIAN_POINT('Ctrl Pts',(30.5063716380978,-6.5625863438212,-3.35200275741038));
#7007=CARTESIAN_POINT('Ctrl Pts',(29.9422333232013,8.78458386383924,-3.27285993309384));
#7008=CARTESIAN_POINT('Ctrl Pts',(22.1254024563541,22.0039272900592,-3.1937171087773));
#7009=CARTESIAN_POINT('Ctrl Pts',(8.94929394738908,29.8934171329588,-3.11457428446075));
#7010=CARTESIAN_POINT('Ctrl Pts',(-6.39453788591298,30.5420388197559,-3.03543146014421));
#7011=CARTESIAN_POINT('Ctrl Pts',(-20.1894666431578,23.7926813685777,-2.95628863582767));
#7012=CARTESIAN_POINT('Ctrl Pts',(-29.0940456135276,11.2801932554291,-2.87714581151112));
#7013=CARTESIAN_POINT('Ctrl Pts',(-30.9513824610514,-3.96461521355696,-2.79800298719458));
#7014=CARTESIAN_POINT('Ctrl Pts',(-25.3115877945443,-18.2491033577249,-2.71886016287804));
#7015=CARTESIAN_POINT('Ctrl Pts',(-13.540748650026,-28.113242005124,-2.6397173385615));
#7016=CARTESIAN_POINT('Ctrl Pts',(1.50996897990165,-31.1677115573406,-2.56057451424495));
#7017=CARTESIAN_POINT('Ctrl Pts',(16.1949376472855,-26.6726497491791,-2.48143168992841));
#7018=CARTESIAN_POINT('Ctrl Pts',(26.9571226536803,-15.7168631818274,-2.40228886561187));
#7019=CARTESIAN_POINT('Ctrl Pts',(31.1896770683296,-0.954093504416969,-2.32314604129532));
#7020=CARTESIAN_POINT('Ctrl Pts',(27.8673795743224,14.0397794036262,-2.24400321697878));
#7021=CARTESIAN_POINT('Ctrl Pts',(17.7949664794041,25.6328971838677,-2.16486039266224));
#7022=CARTESIAN_POINT('Ctrl Pts',(3.41220620849937,31.0171420158681,-2.0857175683457));
#7023=CARTESIAN_POINT('Ctrl Pts',(-11.7970683135961,28.8883268682386,-2.00657474402915));
#7024=CARTESIAN_POINT('Ctrl Pts',(-24.1488235394747,19.7620993748428,-1.92743191971261));
#7025=CARTESIAN_POINT('Ctrl Pts',(-30.6511823381536,5.84904020460707,-1.84828909539606));
#7026=CARTESIAN_POINT('Ctrl Pts',(-29.7291249467366,-9.48079004847045,-1.76914627107953));
#7027=CARTESIAN_POINT('Ctrl Pts',(-21.6059947178391,-22.5141564864101,-1.69000344676298));
#7028=CARTESIAN_POINT('Ctrl Pts',(-8.24939926020965,-30.0940801801202,-1.61086062244644));
#7029=CARTESIAN_POINT('Ctrl Pts',(7.10538904852648,-30.3845305461666,-1.53171779812989));
#7030=CARTESIAN_POINT('Ctrl Pts',(20.7390898994667,-23.31515387433,-1.45257497381335));
#7031=CARTESIAN_POINT('Ctrl Pts',(29.3493096618556,-10.5983146025375,-1.37343214949681));
#7032=CARTESIAN_POINT('Ctrl Pts',(30.8504565207048,4.68567844670853,-1.29428932518026));
#7033=CARTESIAN_POINT('Ctrl Pts',(24.8789184326162,18.8346931927516,-1.21514650086372));
#7034=CARTESIAN_POINT('Ctrl Pts',(12.8811382646822,28.4215152137951,-1.13600367654718));
#7035=CARTESIAN_POINT('Ctrl Pts',(-2.23674769310663,31.1239973300223,-1.05686085223063));
#7036=CARTESIAN_POINT('Ctrl Pts',(-16.8128422902018,26.2875366698109,-0.97771802791409));
#7037=CARTESIAN_POINT('Ctrl Pts',(-27.3164826137948,15.0836344311341,-0.898575203597548));
#7038=CARTESIAN_POINT('Ctrl Pts',(-31.2034471583958,0.226131543695261,-0.819432379281005));
#7039=CARTESIAN_POINT('Ctrl Pts',(-27.5322243641277,-14.686145566662,-0.74028955496446));
#7040=CARTESIAN_POINT('Ctrl Pts',(-17.1920682131211,-26.0411029066981,-0.661146730647918));
#7041=CARTESIAN_POINT('Ctrl Pts',(-2.68760061159534,-31.0883105522703,-0.582003906331374));
#7042=CARTESIAN_POINT('Ctrl Pts',(12.4678652213559,-28.6052195737762,-0.502861082014834));
#7043=CARTESIAN_POINT('Ctrl Pts',(24.6033294313962,-19.1932913001404,-0.42371825769829));
#7044=CARTESIAN_POINT('Ctrl Pts',(30.7793055099347,-5.13230965238359,-0.344575433381748));
#7045=CARTESIAN_POINT('Ctrl Pts',(29.4998310408639,10.1718345740746,-0.265432609065205));
#7046=CARTESIAN_POINT('Ctrl Pts',(21.0748239535533,23.0121282233649,-0.186289784748661));
#7047=CARTESIAN_POINT('Ctrl Pts',(7.5450133243116,30.2783590040446,-0.107146960432118));
#7048=CARTESIAN_POINT('Ctrl Pts',(-7.81237179982254,30.2104799184519,-0.0280041361155744));
#7049=CARTESIAN_POINT('Ctrl Pts',(-21.2774221019668,22.8249328309327,0.0511386882009687));
#7050=CARTESIAN_POINT('Ctrl Pts',(-29.5885949649131,9.91066587289505,0.130281512517512));
#7051=CARTESIAN_POINT('Ctrl Pts',(-30.7327345605573,-5.40419063988077,0.209424336834055));
#7052=CARTESIAN_POINT('Ctrl Pts',(-24.4327041558392,-19.4100287911968,0.288567161150598));
#7053=CARTESIAN_POINT('Ctrl Pts',(-12.2145149570754,-28.7143147995078,0.367709985467141));
#7054=CARTESIAN_POINT('Ctrl Pts',(2.96230864609752,-31.0633381581424,0.446852809783684));
#7055=CARTESIAN_POINT('Ctrl Pts',(17.4215934597546,-25.8881117767381,0.525995634100227));
#7056=CARTESIAN_POINT('Ctrl Pts',(27.6609705676373,-14.4421936456397,0.605138458416771));
#7057=CARTESIAN_POINT('Ctrl Pts',(31.2002290487581,0.501953530597927,0.684281282733314));
#7058=CARTESIAN_POINT('Ctrl Pts',(27.1820796906401,15.3245161011218,0.763424107049858));
#7059=CARTESIAN_POINT('Ctrl Pts',(16.5798100102057,26.4351309826021,0.8425669313664));
#7060=CARTESIAN_POINT('Ctrl Pts',(1.96153179507732,31.1425535731859,0.921709755682943));
#7061=CARTESIAN_POINT('Ctrl Pts',(-13.1318742065128,28.3065386415607,1.00085257999949));
#7062=CARTESIAN_POINT('Ctrl Pts',(-25.0444404483337,18.6140337560594,1.07999540431603));
#7063=CARTESIAN_POINT('Ctrl Pts',(-30.8906713989037,4.41278489922167,1.15913822863257));
#7064=CARTESIAN_POINT('Ctrl Pts',(-29.25447644085,-10.8573412129122,1.23828105294911));
#7065=CARTESIAN_POINT('Ctrl Pts',(-20.5321793506163,-23.4975713884642,1.31742387726566));
#7066=CARTESIAN_POINT('Ctrl Pts',(-6.83651963094451,-30.4461532771804,1.3965667015822));
#7067=CARTESIAN_POINT('Ctrl Pts',(8.51510123475845,-30.0199816955918,1.47570952589875));
#7068=CARTESIAN_POINT('Ctrl Pts',(21.8041701646114,-22.3222851311088,1.55485235021529));
#7069=CARTESIAN_POINT('Ctrl Pts',(29.8117712477823,-9.21762144545719,1.63399517453183));
#7070=CARTESIAN_POINT('Ctrl Pts',(30.5982806723792,6.11976061101686,1.71313799884837));
#7071=CARTESIAN_POINT('Ctrl Pts',(23.9731878981817,19.9747969211286,1.79228082316492));
#7072=CARTESIAN_POINT('Ctrl Pts',(11.5412416592184,28.9914813523795,1.87142364748146));
#7073=CARTESIAN_POINT('Ctrl Pts',(-3.6862568192372,30.985767066582,1.950566471798));
#7074=CARTESIAN_POINT('Ctrl Pts',(-18.0208597314576,25.4745925302246,2.02970929611455));
#7075=CARTESIAN_POINT('Ctrl Pts',(-27.9903989644498,13.7928900471503,2.10885212043109));
#7076=CARTESIAN_POINT('Ctrl Pts',(-31.1800244914631,-1.22976532460945,2.18799494474763));
#7077=CARTESIAN_POINT('Ctrl Pts',(-26.8171361843248,-15.9545434567469,2.26713776906418));
#7078=CARTESIAN_POINT('Ctrl Pts',(-15.9585252044897,-26.8147668895241,2.34628059338072));
#7079=CARTESIAN_POINT('Ctrl Pts',(-1.23439505507983,-31.1798415469008,2.42542341769726));
#7080=CARTESIAN_POINT('Ctrl Pts',(13.7887337603783,-27.9924466834761,2.5045662420138));
#7081=CARTESIAN_POINT('Ctrl Pts',(25.4719164347037,-18.0246421097708,2.58370906633035));
#7082=CARTESIAN_POINT('Ctrl Pts',(30.9852193737478,-3.69085767845035,2.66285189064689));
#7083=CARTESIAN_POINT('Ctrl Pts',(28.9931947259414,11.5369367522533,2.74199471496344));
#7084=CARTESIAN_POINT('Ctrl Pts',(19.9783563428901,23.9702216902213,2.82113753927997));
#7085=CARTESIAN_POINT('Ctrl Pts',(6.12430390775862,30.5973716467161,2.90028036359652));
#7086=CARTESIAN_POINT('Ctrl Pts',(-9.21319476393871,29.8131395911866,2.97942318791306));
#7087=CARTESIAN_POINT('Ctrl Pts',(-22.3190473081472,21.8074844330688,3.05856601222961));
#7088=CARTESIAN_POINT('Ctrl Pts',(-30.0187170058343,8.51955863677721,3.13770883654615));
#7089=CARTESIAN_POINT('Ctrl Pts',(-30.4471680573618,-6.8319987799046,3.21685166086269));
#7090=CARTESIAN_POINT('Ctrl Pts',(-23.5006198356553,-20.5286901038974,3.29599448517924));
#7091=CARTESIAN_POINT('Ctrl Pts',(-10.861684923601,-29.2528639736739,3.37513730949577));
#7092=CARTESIAN_POINT('Ctrl Pts',(4.40819807093977,-30.8913262876364,3.45428013381233));
#7093=CARTESIAN_POINT('Ctrl Pts',(18.6103148447205,-25.0472040639714,3.53342295812886));
#7094=CARTESIAN_POINT('Ctrl Pts',(28.3045884524014,-13.1360771382494,3.61256578244541));
#7095=CARTESIAN_POINT('Ctrl Pts',(31.142844486547,1.95690759326988,3.69170860676195));
#7096=CARTESIAN_POINT('Ctrl Pts',(26.4375925326257,16.5758846255849,3.77085143107849));
#7097=CARTESIAN_POINT('Ctrl Pts',(15.3285520441898,27.1798039409856,3.84999425539504));
#7098=CARTESIAN_POINT('Ctrl Pts',(0.506586269150934,31.2001541725959,3.92913707971158));
#7099=CARTESIAN_POINT('Ctrl Pts',(-14.4380862666541,27.6631147016836,4.00827990402812));
#7100=CARTESIAN_POINT('Ctrl Pts',(-25.8855246582899,17.4254372457886,4.08742272834467));
#7101=CARTESIAN_POINT('Ctrl Pts',(-31.0628979593888,2.96692103138033,4.16656555266121));
#7102=CARTESIAN_POINT('Ctrl Pts',(-28.7161281466376,-12.2102511975691,4.24570837697775));
#7103=CARTESIAN_POINT('Ctrl Pts',(-19.413656450133,-24.4298218020119,4.3248512012943));
#7104=CARTESIAN_POINT('Ctrl Pts',(-5.40875390880209,-30.7319317843163,4.40399402561084));
#7105=CARTESIAN_POINT('Ctrl Pts',(9.90627232191001,-29.5900662169927,4.48313684992738));
#7106=CARTESIAN_POINT('Ctrl Pts',(22.8217732162458,-21.2808110115215,4.56227967424392));
#7107=CARTESIAN_POINT('Ctrl Pts',(30.2093195708807,-7.81685749558298,4.64142249856047));
#7108=CARTESIAN_POINT('Ctrl Pts',(30.279478986264,7.54051738027603,4.72056532287701));
#7109=CARTESIAN_POINT('Ctrl Pts',(23.01525725011,21.0714067815396,4.79970814719356));
#7110=CARTESIAN_POINT('Ctrl Pts',(10.1762147236257,29.4983203579545,4.87885097151009));
#7111=CARTESIAN_POINT('Ctrl Pts',(-5.12773935225525,30.7800672380224,4.95799379582665));
#7112=CARTESIAN_POINT('Ctrl Pts',(-19.189637880475,24.6061790625463,5.03713662014317));
#7113=CARTESIAN_POINT('Ctrl Pts',(-28.6033679762317,12.472112509841,5.11627944445973));
#7114=CARTESIAN_POINT('Ctrl Pts',(-31.0887092760475,-2.68298445602053,5.19542226877626));
#7115=CARTESIAN_POINT('Ctrl Pts',(-26.0436553717944,-17.1882013287329,5.27456509309282));
#7116=CARTESIAN_POINT('Ctrl Pts',(-14.6902335077532,-27.5300433986133,5.35370791740934));
#7117=CARTESIAN_POINT('Ctrl Pts',(0.221498319277098,-31.2034803913988,5.4328507417259));
#7118=CARTESIAN_POINT('Ctrl Pts',(15.0795781961289,-27.3187219955232,5.51199356604244));
#7119=CARTESIAN_POINT('Ctrl Pts',(26.285039936949,-16.8167453912713,5.59113639035898));
#7120=CARTESIAN_POINT('Ctrl Pts',(31.1236648650082,-2.24136909332272,5.67027921467554));
#7121=CARTESIAN_POINT('Ctrl Pts',(28.4234275472462,12.8769179739678,5.74942203899206));
#7122=CARTESIAN_POINT('Ctrl Pts',(18.8383871138434,24.8761215021721,5.82856486330862));
#7123=CARTESIAN_POINT('Ctrl Pts',(4.69025920341309,30.8497604309442,5.90770768762515));
#7124=CARTESIAN_POINT('Ctrl Pts',(-10.593956574082,29.3508830216113,5.9868505119417));
#7125=CARTESIAN_POINT('Ctrl Pts',(-23.3120741881178,20.7425516050832,6.06599333625824));
#7126=CARTESIAN_POINT('Ctrl Pts',(-30.3834751725137,7.10990059586576,6.1451361605748));
#7127=CARTESIAN_POINT('Ctrl Pts',(-30.0953047546217,-8.24493067092076,6.22427898489132));
#7128=CARTESIAN_POINT('Ctrl Pts',(-22.5173643891624,-21.6026514809532,6.30342180920788));
#7129=CARTESIAN_POINT('Ctrl Pts',(-9.4852042521841,-29.7277168705604,6.38256463352441));
#7130=CARTESIAN_POINT('Ctrl Pts',(5.84448892085673,-30.6520504908862,6.46170745784096));
#7131=CARTESIAN_POINT('Ctrl Pts',(19.7585134358949,-24.1517576347024,6.5408502821575));
#7132=CARTESIAN_POINT('Ctrl Pts',(28.8865748703807,-11.8013576464635,6.61999310647405));
#7133=CARTESIAN_POINT('Ctrl Pts',(31.0176483329827,3.40760061234672,6.69913593079058));
#7134=CARTESIAN_POINT('Ctrl Pts',(25.6355391743896,17.7911602005093,6.77827875510714));
#7135=CARTESIAN_POINT('Ctrl Pts',(14.0439171171289,27.8652945803389,6.85742157942367));
#7136=CARTESIAN_POINT('Ctrl Pts',(-0.949462316615828,31.1898183924045,6.93656440374022));
#7137=CARTESIAN_POINT('Ctrl Pts',(-15.7128602991529,26.9594560638964,7.01570722805676));
#7138=CARTESIAN_POINT('Ctrl Pts',(-26.6702447612086,16.1988979384116,7.0948500523733));
#7139=CARTESIAN_POINT('Ctrl Pts',(-31.1674870070713,1.51459687900577,7.17399287668985));
#7140=CARTESIAN_POINT('Ctrl Pts',(-28.1152522837579,-13.536574125771,7.25313570100639));
#7141=CARTESIAN_POINT('Ctrl Pts',(-18.2528615298784,-25.3088778102257,7.33227852532293));
#7142=CARTESIAN_POINT('Ctrl Pts',(-3.96921096412779,-30.9507934367457,7.41142134963948));
#7143=CARTESIAN_POINT('Ctrl Pts',(11.2758731221593,-29.0957202243701,7.49056417395601));
#7144=CARTESIAN_POINT('Ctrl Pts',(23.7896832875243,-20.1929992601678,7.56970699827257));
#7145=CARTESIAN_POINT('Ctrl Pts',(30.541088994602,-6.39907282859394,7.6488498225891));
#7146=CARTESIAN_POINT('Ctrl Pts',(29.8947456330433,8.94485514569615,7.72799264690565));
#7147=CARTESIAN_POINT('Ctrl Pts',(22.0072123223292,22.1221349747662,7.80713547122218));
#7148=CARTESIAN_POINT('Ctrl Pts',(8.78902971847527,29.9409286203619,7.88627829553874));
#7149=CARTESIAN_POINT('Ctrl Pts',(-6.55805655431999,30.5073457428238,7.96542111985526));
#7150=CARTESIAN_POINT('Ctrl Pts',(-20.3166317961117,23.6841871826558,8.04456394417183));
#7151=CARTESIAN_POINT('Ctrl Pts',(-29.1540549475479,11.1241777294867,8.12370676848835));
#7152=CARTESIAN_POINT('Ctrl Pts',(-30.9297003453055,-4.13036155699,8.20284959280491));
#7153=CARTESIAN_POINT('Ctrl Pts',(-25.2134661325118,-18.3844329699485,8.28199241712144));
#7154=CARTESIAN_POINT('Ctrl Pts',(-13.3899547485652,-28.1853749642119,8.36113524143799));
#7155=CARTESIAN_POINT('Ctrl Pts',(1.67690939493077,-31.1591756136622,8.44027806575453));
#7156=CARTESIAN_POINT('Ctrl Pts',(16.3375877957791,-26.585512503186,8.51942089007108));
#7157=CARTESIAN_POINT('Ctrl Pts',(27.0409294126854,-15.5722312640166,8.59856371438762));
#7158=CARTESIAN_POINT('Ctrl Pts',(31.1943405273389,-0.787000067518143,8.67770653870416));
#7159=CARTESIAN_POINT('Ctrl Pts',(27.7917701370879,14.1888605141187,8.75684936302071));
#7160=CARTESIAN_POINT('Ctrl Pts',(17.6573984779385,25.7278551191728,8.83599218733724));
#7161=CARTESIAN_POINT('Ctrl Pts',(3.24600175371028,31.0349757959751,8.9151350116538));
#7162=CARTESIAN_POINT('Ctrl Pts',(-11.9516507079786,28.8247167444248,8.99427783597033));
#7163=CARTESIAN_POINT('Ctrl Pts',(-24.254340488106,19.6324531714422,9.07342066028689));
#7164=CARTESIAN_POINT('Ctrl Pts',(-30.6820752269122,5.6847611921656,9.15256348460341));
#7165=CARTESIAN_POINT('Ctrl Pts',(-29.6779108126187,-9.63990974232104,9.23170630891997));
#7166=CARTESIAN_POINT('Ctrl Pts',(-21.4850787934495,-22.6295744387984,9.3108491332365));
#7167=CARTESIAN_POINT('Ctrl Pts',(-8.08807014318785,-30.1378395277552,9.38999195755305));
#7168=CARTESIAN_POINT('Ctrl Pts',(7.26805376257136,-30.3460317759377,9.46913478186959));
#7169=CARTESIAN_POINT('Ctrl Pts',(20.8636891028323,-23.2037222673907,9.54827760618613));
#7170=CARTESIAN_POINT('Ctrl Pts',(29.4056625826378,-10.440941438295,9.62742043050269));
#7171=CARTESIAN_POINT('Ctrl Pts',(30.8249131948404,4.85087379473099,9.70656325481922));
#7172=CARTESIAN_POINT('Ctrl Pts',(24.7776660368344,18.9676966395226,9.78570607913577));
#7173=CARTESIAN_POINT('Ctrl Pts',(12.7287024410359,28.4901102877721,9.86484890345232));
#7174=CARTESIAN_POINT('Ctrl Pts',(-2.40344350771522,31.1115687381249,9.94399172776884));
#7175=CARTESIAN_POINT('Ctrl Pts',(-16.9534205634756,26.1970949007666,10.0231345520854));
#7176=CARTESIAN_POINT('Ctrl Pts',(-27.396892078264,14.9370865463719,10.1022773764019));
#7177=CARTESIAN_POINT('Ctrl Pts',(-31.204210805857,0.0589747868860059,10.1814202007185));
#7178=CARTESIAN_POINT('Ctrl Pts',(-27.4531572217304,-14.833422012496,10.260563025035));
#7179=CARTESIAN_POINT('Ctrl Pts',(-17.0523221480151,-26.1328253237602,10.3397058493516));
#7180=CARTESIAN_POINT('Ctrl Pts',(-2.52102531143136,-31.1022616769419,10.4188486736681));
#7181=CARTESIAN_POINT('Ctrl Pts',(12.6209214156309,-28.5380201251299,10.4979914979847));
#7182=CARTESIAN_POINT('Ctrl Pts',(24.70579281495,-19.0612185189358,10.5771343223012));
#7183=CARTESIAN_POINT('Ctrl Pts',(30.8063571118264,-4.96735458171399,10.6562771466177));
#7184=CARTESIAN_POINT('Ctrl Pts',(29.4449183454727,10.3297160498387,10.7354199709343));
#7185=CARTESIAN_POINT('Ctrl Pts',(20.9512480694699,23.1246936060433,10.8145627952508));
#7186=CARTESIAN_POINT('Ctrl Pts',(7.3827071521457,30.31834238786,10.8937056195674));
#7187=CARTESIAN_POINT('Ctrl Pts',(-7.97409399939785,30.1681964149436,10.9728484438839));
#7188=CARTESIAN_POINT('Ctrl Pts',(-21.3993875197732,22.7106244700675,11.0519912682005));
#7189=CARTESIAN_POINT('Ctrl Pts',(-29.6412607920435,9.75202074956319,11.131134092517));
#7190=CARTESIAN_POINT('Ctrl Pts',(-30.7033439312148,-5.56874505462304,11.2102769168336));
#7191=CARTESIAN_POINT('Ctrl Pts',(-24.3283761514971,-19.5406336609925,11.2894197411501));
#7192=CARTESIAN_POINT('Ctrl Pts',(-12.0605202024028,-28.7793346429219,11.3685625654666));
#7193=CARTESIAN_POINT('Ctrl Pts',(3.12866910551107,-31.0470236845672,11.4477053897832));
#7194=CARTESIAN_POINT('Ctrl Pts',(17.5600233222971,-25.7944147241653,11.5268482140997));
#7195=CARTESIAN_POINT('Ctrl Pts',(27.7379389599702,-14.2938095794934,11.6059910384163));
#7196=CARTESIAN_POINT('Ctrl Pts',(31.197092468916,0.669082601591781,11.6851338627328));
#7197=CARTESIAN_POINT('Ctrl Pts',(27.0995978898753,15.4699077000775,11.7642766870493));
#7198=CARTESIAN_POINT('Ctrl Pts',(16.4379619638878,26.5235679446719,11.8434195113659));
#7199=CARTESIAN_POINT('Ctrl Pts',(1.79467633869921,31.1526144469636,11.9225623356824));
#7200=CARTESIAN_POINT('Ctrl Pts',(-13.2833208717728,28.2357864537076,12.001705159999));
#7201=CARTESIAN_POINT('Ctrl Pts',(-25.1437944823192,18.4796063018871,12.0808479843155));
#7202=CARTESIAN_POINT('Ctrl Pts',(-30.9138669861321,4.24724357737846,12.1599908086321));
#7203=CARTESIAN_POINT('Ctrl Pts',(-29.1958950804927,-11.0138985146364,12.2391336329486));
#7204=CARTESIAN_POINT('Ctrl Pts',(-20.4060107856817,-23.6072229170755,12.3182764572651));
#7205=CARTESIAN_POINT('Ctrl Pts',(-6.67332476854032,-30.4823389288853,12.3974192815817));
#7206=CARTESIAN_POINT('Ctrl Pts',(8.67579287289261,-29.9739364793568,12.4765621058982));
#7207=CARTESIAN_POINT('Ctrl Pts',(21.923435394808,-22.2051622496105,12.5557049302148));
#7208=CARTESIAN_POINT('Ctrl Pts',(29.8607213082242,-9.05779073474411,12.6348477545313));
#7209=CARTESIAN_POINT('Ctrl Pts',(30.5650587407995,6.28358450355528,12.7139905788478));
#7210=CARTESIAN_POINT('Ctrl Pts',(23.8658410849323,20.1029321082923,12.7931334031644));
#7211=CARTESIAN_POINT('Ctrl Pts',(11.3857718134105,29.0528905662552,12.8722762274809));
#7212=CARTESIAN_POINT('Ctrl Pts',(-3.85219135126135,30.9655755934735,12.9514190517975));
#7213=CARTESIAN_POINT('Ctrl Pts',(-18.1570658174248,25.3776912059303,13.030561876114));
#7214=CARTESIAN_POINT('Ctrl Pts',(-28.0638843804809,13.6427505848654,13.1097047004306));
#7215=CARTESIAN_POINT('Ctrl Pts',(-31.1729893919766,-1.39677571913516,13.1888475247471));
#7216=CARTESIAN_POINT('Ctrl Pts',(-26.7312846310418,-16.097971052778,13.2679903490637));
#7217=CARTESIAN_POINT('Ctrl Pts',(-15.8146524037781,-26.899870248563,13.3471331733802));
#7218=CARTESIAN_POINT('Ctrl Pts',(-1.06735028417569,-31.1860066923087,13.4262759976967));
#7219=CARTESIAN_POINT('Ctrl Pts',(13.9384884439958,-27.9181802762724,13.5054188220133));
#7220=CARTESIAN_POINT('Ctrl Pts',(25.5681070274635,-17.8879331694309,13.5845616463298));
#7221=CARTESIAN_POINT('Ctrl Pts',(31.0045463178598,-3.52482023166285,13.6637044706464));
#7222=CARTESIAN_POINT('Ctrl Pts',(28.9309765942687,11.6920846449094,13.7428472949629));
#7223=CARTESIAN_POINT('Ctrl Pts',(19.8496637874882,24.0768996668077,13.8219901192795));
#7224=CARTESIAN_POINT('Ctrl Pts',(5.9603092038546,30.6297398656322,13.901132943596));
#7225=CARTESIAN_POINT('Ctrl Pts',(-9.37276835473233,29.7633577307799,13.9802757679125));
#7226=CARTESIAN_POINT('Ctrl Pts',(-22.435547418756,21.6876107965492,14.0594185922291));
#7227=CARTESIAN_POINT('Ctrl Pts',(-30.0639246495385,8.35862935586464,14.1385614165456));
#7228=CARTESIAN_POINT('Ctrl Pts',(-30.4101329106752,-6.99500295903577,14.2177042408622));
#7229=CARTESIAN_POINT('Ctrl Pts',(-23.3903126566919,-20.6542858473502,14.2968470651787));
#7230=CARTESIAN_POINT('Ctrl Pts',(-10.7048246296393,-29.310629124782,14.3759898894953));
#7231=CARTESIAN_POINT('Ctrl Pts',(4.57361633526815,-30.8672688079075,14.4551327138118));
#7232=CARTESIAN_POINT('Ctrl Pts',(18.7442229989655,-24.9471512242762,14.5342755381283));
#7233=CARTESIAN_POINT('Ctrl Pts',(28.3745508842137,-12.9842640207683,14.6134183624449));
#7234=CARTESIAN_POINT('Ctrl Pts',(31.1319146975594,2.12370838528551,14.6925611867614));
#7235=CARTESIAN_POINT('Ctrl Pts',(26.3484179672801,16.7172701319134,14.771704011078));
#7236=CARTESIAN_POINT('Ctrl Pts',(15.1827328182465,27.2615273638802,14.8508468353945));
#7237=CARTESIAN_POINT('Ctrl Pts',(0.339443128478012,31.2024202331226,14.9299896597111));
#7238=CARTESIAN_POINT('Ctrl Pts',(-14.5860674371737,27.585374508244,15.0091324840276));
#7239=CARTESIAN_POINT('Ctrl Pts',(-25.9784994404501,17.2865212481976,15.0882753083441));
#7240=CARTESIAN_POINT('Ctrl Pts',(-31.0783457381501,2.80047785598462,15.1674181326607));
#7241=CARTESIAN_POINT('Ctrl Pts',(-28.6503071172802,-12.363905213458,15.2465609569772));
#7242=CARTESIAN_POINT('Ctrl Pts',(-19.282509968793,-24.5334681475172,15.3257037812938));
#7243=CARTESIAN_POINT('Ctrl Pts',(-5.24404864759673,-30.7604649481034,15.4048466056103));
#7244=CARTESIAN_POINT('Ctrl Pts',(10.0646409881663,-29.5365748153227,15.4839894299269));
#7245=CARTESIAN_POINT('Ctrl Pts',(22.9354447807123,-21.158251883196,15.5631322542434));
#7246=CARTESIAN_POINT('Ctrl Pts',(30.2507601852949,-7.65491725974996,15.6422750785599));
#7247=CARTESIAN_POINT('Ctrl Pts',(30.2386507876421,7.70261310107384,15.7214179028765));
#7248=CARTESIAN_POINT('Ctrl Pts',(22.9020497603487,21.1943947027639,15.800560727193));
#7249=CARTESIAN_POINT('Ctrl Pts',(10.0180493814967,29.5524099970085,15.8797035515096));
#7250=CARTESIAN_POINT('Ctrl Pts',(-5.29255128965386,30.7521568493837,15.9588463758261));
#7251=CARTESIAN_POINT('Ctrl Pts',(-19.3211751989259,24.503029179533,16.0379892001427));
#7252=CARTESIAN_POINT('Ctrl Pts',(-28.6697693339328,12.3187083893515,16.1171320244592));
#7253=CARTESIAN_POINT('Ctrl Pts',(-31.0738907481125,-2.84948483369862,16.1962748487757));
#7254=CARTESIAN_POINT('Ctrl Pts',(-25.951206343979,-17.327467770174,16.2754176730923));
#7255=CARTESIAN_POINT('Ctrl Pts',(-14.54254724548,-27.6083423927607,16.3545604974088));
#7256=CARTESIAN_POINT('Ctrl Pts',(0.38864883148341,-31.2018461326383,16.4337033217254));
#7257=CARTESIAN_POINT('Ctrl Pts',(15.2257052875062,-27.237550341517,16.5128461460419));
#7258=CARTESIAN_POINT('Ctrl Pts',(26.3747482902123,-16.6756979644464,16.5919889703585));
#7259=CARTESIAN_POINT('Ctrl Pts',(31.1352250675934,-2.07461081130619,16.671131794675));
#7260=CARTESIAN_POINT('Ctrl Pts',(28.3540394563987,13.0289944677788,16.7502746189916));
#7261=CARTESIAN_POINT('Ctrl Pts',(18.704858105138,24.9766797707661,16.8294174433081));
#7262=CARTESIAN_POINT('Ctrl Pts',(4.52493305968548,30.8744430381652,16.9085602676246));
#7263=CARTESIAN_POINT('Ctrl Pts',(-10.7510341017135,29.2937111383283,16.9877030919412));
#7264=CARTESIAN_POINT('Ctrl Pts',(-23.4228553062902,20.6173738300713,17.0668459162577));
#7265=CARTESIAN_POINT('Ctrl Pts',(-30.4211262218184,6.94703734233629,17.1459887405742));
#7266=CARTESIAN_POINT('Ctrl Pts',(-30.0507056830454,-8.40602924752472,17.2251315648908));
#7267=CARTESIAN_POINT('Ctrl Pts',(-22.4013183164466,-21.7229654515253,17.3042743892074));
#7268=CARTESIAN_POINT('Ctrl Pts',(-9.32581979336995,-29.7780999664198,17.3834172135239));
#7269=CARTESIAN_POINT('Ctrl Pts',(6.00860446091253,-30.6203054064401,17.4625600378404));
#7270=CARTESIAN_POINT('Ctrl Pts',(19.8876089558743,-24.0455611134717,17.541702862157));
#7271=CARTESIAN_POINT('Ctrl Pts',(28.9493777624569,-11.6464570092817,17.6208456864735));
#7272=CARTESIAN_POINT('Ctrl Pts',(30.9989514985403,3.57373083707722,17.6999885107901));
#7273=CARTESIAN_POINT('Ctrl Pts',(25.5398615081523,17.9281918923532,17.7791313351066));
#7274=CARTESIAN_POINT('Ctrl Pts',(13.8944528193212,27.940202517155,17.8582741594232));
#7275=CARTESIAN_POINT('Ctrl Pts',(-1.11654559080888,31.1841397879535,17.9374169837397));
#7276=CARTESIAN_POINT('Ctrl Pts',(-15.8570224497394,26.875173652894,18.0165598080563));
#7277=CARTESIAN_POINT('Ctrl Pts',(-26.7566979931722,16.0552666443579,18.0957026323728));
#7278=CARTESIAN_POINT('Ctrl Pts',(-31.1750346021277,1.3486413666245,18.1748454566893));
#7279=CARTESIAN_POINT('Ctrl Pts',(-28.0425962622312,-13.6891060014385,18.2539882810059));
#7280=CARTESIAN_POINT('Ctrl Pts',(-21.4250595654442,-21.4970303618544,18.3067501638836));
#7281=CARTESIAN_POINT('Ctrl Pts',(-17.3841578016664,-24.3785647962869,18.3331311053224));
#7282=CARTESIAN_POINT('Ctrl Pts',(-29.9395624364276,0.000218889790717568,
17.1817209972274));
#7283=CARTESIAN_POINT('Ctrl Pts',(-29.9388628563873,-2.72265487315368,17.1961911864486));
#7284=CARTESIAN_POINT('Ctrl Pts',(-29.5707009550837,-5.4457141089438,17.2106613756697));
#7285=CARTESIAN_POINT('Ctrl Pts',(-28.8375445450745,-8.06667418321466,17.2251315648908));
#7286=CARTESIAN_POINT('Ctrl Pts',(-27.5009098941792,-12.8450079821916,17.2515125063297));
#7287=CARTESIAN_POINT('Ctrl Pts',(-24.9511141053129,-17.2839867168585,17.2778934477685));
#7288=CARTESIAN_POINT('Ctrl Pts',(-21.4969664570337,-20.845998503341,17.3042743892074));
#7289=CARTESIAN_POINT('Ctrl Pts',(-18.0428188087542,-24.4080102898237,17.3306553306462));
#7290=CARTESIAN_POINT('Ctrl Pts',(-13.6843193010617,-27.093055128122,17.3570362720851));
#7291=CARTESIAN_POINT('Ctrl Pts',(-8.94933217150155,-28.5759451206077,17.3834172135239));
#7292=CARTESIAN_POINT('Ctrl Pts',(-4.21434504194197,-30.0588351130933,17.4097981549627));
#7293=CARTESIAN_POINT('Ctrl Pts',(0.897129709485119,-30.3395702597666,17.4361790964016));
#7294=CARTESIAN_POINT('Ctrl Pts',(5.76603450102546,-29.3841471176087,17.4625600378404));
#7295=CARTESIAN_POINT('Ctrl Pts',(10.6349392925664,-28.4287239754507,17.4889409792793));
#7296=CARTESIAN_POINT('Ctrl Pts',(15.2612741242205,-26.2371425444611,17.5153219207181));
#7297=CARTESIAN_POINT('Ctrl Pts',(19.0847363411446,-23.0748344782679,17.541702862157));
#7298=CARTESIAN_POINT('Ctrl Pts',(22.9081985580686,-19.9125264120749,17.5680838035958));
#7299=CARTESIAN_POINT('Ctrl Pts',(25.9287881602627,-15.7794917106783,17.5944647450347));
#7300=CARTESIAN_POINT('Ctrl Pts',(27.7806785840404,-11.1762763855868,17.6208456864735));
#7301=CARTESIAN_POINT('Ctrl Pts',(29.632569007818,-6.5730610604954,17.6472266279124));
#7302=CARTESIAN_POINT('Ctrl Pts',(30.3157602531791,-1.49966511170909,17.6736075693512));
#7303=CARTESIAN_POINT('Ctrl Pts',(29.7475075441284,3.42944303856339,17.6999885107901));
#7304=CARTESIAN_POINT('Ctrl Pts',(29.1792548350776,8.35855118883586,17.7263694522289));
#7305=CARTESIAN_POINT('Ctrl Pts',(27.359558171615,13.1433715405945,17.7527503936678));
#7306=CARTESIAN_POINT('Ctrl Pts',(24.5088083917451,17.2044501539408,17.7791313351066));
#7307=CARTESIAN_POINT('Ctrl Pts',(21.6580586118753,21.2655287672871,17.8055122765455));
#7308=CARTESIAN_POINT('Ctrl Pts',(17.7762557155982,24.6028656422211,17.8318932179843));
#7309=CARTESIAN_POINT('Ctrl Pts',(13.3335211991047,26.8121902914878,17.8582741594232));
#7310=CARTESIAN_POINT('Ctrl Pts',(8.89078668261117,29.0215149407545,17.884655100862));
#7311=CARTESIAN_POINT('Ctrl Pts',(3.88712054590114,30.102827364354,17.9110360423009));
#7312=CARTESIAN_POINT('Ctrl Pts',(-1.07145866560891,29.9253225536438,17.9374169837397));
#7313=CARTESIAN_POINT('Ctrl Pts',(-4.99250704999252,29.7849587676545,17.9582779891598));
#7314=CARTESIAN_POINT('Ctrl Pts',(-8.88536248504779,28.8574539126494,17.9791389945799));
#7315=CARTESIAN_POINT('Ctrl Pts',(-12.4557957265619,27.2286768472726,18.));
#7316=CARTESIAN_POINT('Ctrl Pts',(-17.0499494526816,-23.9086981279945,-10.));
#7317=CARTESIAN_POINT('Ctrl Pts',(-13.9140177028654,-26.1400632625737,-9.9791389945799));
#7318=CARTESIAN_POINT('Ctrl Pts',(-5.81439385634241,-29.7994397618548,-9.93189704772093));
#7319=CARTESIAN_POINT('Ctrl Pts',(8.19316971922354,-29.4858667568527,-9.85827415942318));
#7320=CARTESIAN_POINT('Ctrl Pts',(21.2664134399243,-22.0063199322604,-9.77913133510659));
#7321=CARTESIAN_POINT('Ctrl Pts',(29.1884334563041,-9.19650428131785,-9.69998851079009));
#7322=CARTESIAN_POINT('Ctrl Pts',(30.0403551809907,5.84100086607095,-9.62084568647352));
#7323=CARTESIAN_POINT('Ctrl Pts',(23.6158134736253,19.4636370347545,-9.54170286215699));
#7324=CARTESIAN_POINT('Ctrl Pts',(11.4709843961326,28.3717596328236,-9.46256003784043));
#7325=CARTESIAN_POINT('Ctrl Pts',(-3.45237997772345,30.4075818254121,-9.38341721352391));
#7326=CARTESIAN_POINT('Ctrl Pts',(-17.5394985873767,25.0779999584127,-9.30427438920734));
#7327=CARTESIAN_POINT('Ctrl Pts',(-27.1534977437492,13.9343469982274,-9.22693868739772));
#7328=CARTESIAN_POINT('Ctrl Pts',(-29.3645327738154,4.53261619337141,-9.17598392702692));
#7329=CARTESIAN_POINT('Ctrl Pts',(-29.3671676403562,-0.000335240783792823,
-9.15141010809498));
#7330=CARTESIAN_POINT('Origin',(0.,0.,-11.848589891905));
#7331=CARTESIAN_POINT('Ctrl Pts',(17.0491548275312,-23.9087754740152,-10.));
#7332=CARTESIAN_POINT('Ctrl Pts',(21.012186030969,-21.0827699076832,-9.97361905856115));
#7333=CARTESIAN_POINT('Ctrl Pts',(27.5021992122376,-13.4253093538975,-9.92085717568346));
#7334=CARTESIAN_POINT('Ctrl Pts',(30.5742730998981,1.32265255896494,-9.84171435136691));
#7335=CARTESIAN_POINT('Ctrl Pts',(26.2410807365154,15.7458719938861,-9.76257152705037));
#7336=CARTESIAN_POINT('Ctrl Pts',(15.5514482139813,26.3572733124526,-9.68342870273382));
#7337=CARTESIAN_POINT('Ctrl Pts',(1.09502912872403,30.5832029429641,-9.60428587841728));
#7338=CARTESIAN_POINT('Ctrl Pts',(-13.6266985307787,27.4017783682725,-9.52514305410075));
#7339=CARTESIAN_POINT('Ctrl Pts',(-25.0476932968012,17.5827050309096,-9.44600022978419));
#7340=CARTESIAN_POINT('Ctrl Pts',(-29.0288764242638,7.11434163044911,-9.38714917571896));
#7341=CARTESIAN_POINT('Ctrl Pts',(-29.3661374498112,1.12422134934247,-9.35467906309257));
#7342=CARTESIAN_POINT('Ctrl Pts',(-29.3649947043133,0.00075625978981031,
-9.34858989190502));
#7343=CARTESIAN_POINT('Ctrl Pts',(17.3841578016666,-24.3785647962868,-10.3331311053224));
#7344=CARTESIAN_POINT('Ctrl Pts',(21.4250595654444,-21.4970303618543,-10.3067501638836));
#7345=CARTESIAN_POINT('Ctrl Pts',(28.0425965882111,-13.6891065102809,-10.2539882810059));
#7346=CARTESIAN_POINT('Ctrl Pts',(31.1750344000391,1.34864167956852,-10.1748454566893));
#7347=CARTESIAN_POINT('Ctrl Pts',(26.7566980899963,16.055266447844,-10.0957026323728));
#7348=CARTESIAN_POINT('Ctrl Pts',(15.8570223879798,26.8751737620111,-10.0165598080562));
#7349=CARTESIAN_POINT('Ctrl Pts',(1.11654562139462,31.1841397077552,-9.9374169837397));
#7350=CARTESIAN_POINT('Ctrl Pts',(-13.8944528318943,27.9402025507514,-9.85827415942316));
#7351=CARTESIAN_POINT('Ctrl Pts',(-25.5398614913272,17.9281918622678,-9.77913133510661));
#7352=CARTESIAN_POINT('Ctrl Pts',(-30.9989514940839,3.57373085029665,-9.69998851079008));
#7353=CARTESIAN_POINT('Ctrl Pts',(-28.9493777510304,-11.6464570139753,-9.62084568647352));
#7354=CARTESIAN_POINT('Ctrl Pts',(-19.8876089512957,-24.0455611015072,-9.54170286215698));
#7355=CARTESIAN_POINT('Ctrl Pts',(-6.00860445831639,-30.6203053998285,-9.46256003784045));
#7356=CARTESIAN_POINT('Ctrl Pts',(9.32581979012718,-29.778099955911,-9.38341721352389));
#7357=CARTESIAN_POINT('Ctrl Pts',(22.4013183098929,-21.7229654457905,-9.30427438920735));
#7358=CARTESIAN_POINT('Ctrl Pts',(30.0507056738284,-8.40602924451218,-9.22513156489082));
#7359=CARTESIAN_POINT('Ctrl Pts',(30.4211262126771,6.9470373399727,-9.14598874057426));
#7360=CARTESIAN_POINT('Ctrl Pts',(23.4228552991659,20.617373823976,-9.06684591625774));
#7361=CARTESIAN_POINT('Ctrl Pts',(10.7510340984787,29.2937111293824,-8.98770309194118));
#7362=CARTESIAN_POINT('Ctrl Pts',(-4.52493305832633,30.8744430288651,-8.90856026762464));
#7363=CARTESIAN_POINT('Ctrl Pts',(-18.7048580994716,24.9766797631824,-8.82941744330809));
#7364=CARTESIAN_POINT('Ctrl Pts',(-28.3540394478203,13.0289944638486,-8.75027461899156));
#7365=CARTESIAN_POINT('Ctrl Pts',(-31.1352250581686,-2.07461081068564,-8.67113179467501));
#7366=CARTESIAN_POINT('Ctrl Pts',(-26.3747482822307,-16.6756979593953,-8.59198897035847));
#7367=CARTESIAN_POINT('Ctrl Pts',(-15.2257052828979,-27.2375503332754,-8.51284614604192));
#7368=CARTESIAN_POINT('Ctrl Pts',(-0.38864883136632,-31.2018461231938,-8.43370332172539));
#7369=CARTESIAN_POINT('Ctrl Pts',(14.5425472410786,-27.6083423844057,-8.35456049740884));
#7370=CARTESIAN_POINT('Ctrl Pts',(25.9512063361246,-17.3274677649295,-8.27541767309229));
#7371=CARTESIAN_POINT('Ctrl Pts',(31.0738907387079,-2.84948483283639,-8.19627484877575));
#7372=CARTESIAN_POINT('Ctrl Pts',(28.6697693252557,12.3187083856234,-8.1171320244592));
#7373=CARTESIAN_POINT('Ctrl Pts',(19.3211751930781,24.5030291721171,-8.03798920014267));
#7374=CARTESIAN_POINT('Ctrl Pts',(5.29255128805199,30.7521568400765,-7.95884637582612));
#7375=CARTESIAN_POINT('Ctrl Pts',(-10.0180493784646,29.5524099880643,-7.87970355150958));
#7376=CARTESIAN_POINT('Ctrl Pts',(-22.9020497534171,21.1943946963497,-7.80056072719304));
#7377=CARTESIAN_POINT('Ctrl Pts',(-30.2386507784903,7.70261309874282,-7.72141790287649));
#7378=CARTESIAN_POINT('Ctrl Pts',(-30.2507601761394,-7.65491725743301,-7.64227507855996));
#7379=CARTESIAN_POINT('Ctrl Pts',(-22.9354447737709,-21.1582518767923,-7.5631322542434));
#7380=CARTESIAN_POINT('Ctrl Pts',(-10.0646409851203,-29.5365748063833,-7.48398942992687));
#7381=CARTESIAN_POINT('Ctrl Pts',(5.24404864600961,-30.7604649387937,-7.40484660561032));
#7382=CARTESIAN_POINT('Ctrl Pts',(19.2825099629572,-24.533468140092,-7.32570378129378));
#7383=CARTESIAN_POINT('Ctrl Pts',(28.6503071086092,-12.3639052097159,-7.24656095697723));
#7384=CARTESIAN_POINT('Ctrl Pts',(31.0783457287441,2.80047785513741,-7.1674181326607));
#7385=CARTESIAN_POINT('Ctrl Pts',(25.9784994325875,17.2865212429659,-7.08827530834414));
#7386=CARTESIAN_POINT('Ctrl Pts',(14.5860674327592,27.5853744998951,-7.00913248402762));
#7387=CARTESIAN_POINT('Ctrl Pts',(-0.339443128375008,31.2024202236791,-6.92998965971105));
#7388=CARTESIAN_POINT('Ctrl Pts',(-15.1827328136513,27.2615273556295,-6.85084683539452));
#7389=CARTESIAN_POINT('Ctrl Pts',(-26.3484179593056,16.7172701268538,-6.77170401107798));
#7390=CARTESIAN_POINT('Ctrl Pts',(-31.1319146881373,2.12370838464267,-6.69256118676144));
#7391=CARTESIAN_POINT('Ctrl Pts',(-28.3745508756259,-12.9842640168387,-6.61341836244488));
#7392=CARTESIAN_POINT('Ctrl Pts',(-18.7442229932926,-24.9471512167257,-6.53427553812836));
#7393=CARTESIAN_POINT('Ctrl Pts',(-4.57361633388433,-30.8672687985654,-6.4551327138118));
#7394=CARTESIAN_POINT('Ctrl Pts',(10.7048246263989,-29.3106291159112,-6.37598988949526));
#7395=CARTESIAN_POINT('Ctrl Pts',(23.3903126496125,-20.6542858410994,-6.29684706517872));
#7396=CARTESIAN_POINT('Ctrl Pts',(30.4101329014714,-6.99500295691902,-6.21770424086218));
#7397=CARTESIAN_POINT('Ctrl Pts',(30.0639246404396,8.35862935333462,-6.13856141654563));
#7398=CARTESIAN_POINT('Ctrl Pts',(22.435547411966,21.6876107899853,-6.05941859222909));
#7399=CARTESIAN_POINT('Ctrl Pts',(9.37276835189559,29.763357721772,-5.98027576791255));
#7400=CARTESIAN_POINT('Ctrl Pts',(-5.96030920205079,30.6297398563619,-5.901132943596));
#7401=CARTESIAN_POINT('Ctrl Pts',(-19.8496637814808,24.0768996595207,-5.82199011927946));
#7402=CARTESIAN_POINT('Ctrl Pts',(-28.9309765855128,11.6920846413705,-5.74284729496292));
#7403=CARTESIAN_POINT('Ctrl Pts',(-31.0045463084761,-3.5248202305962,-5.66370447064637));
#7404=CARTESIAN_POINT('Ctrl Pts',(-25.5681070197252,-17.887933164017,-5.58456164632983));
#7405=CARTESIAN_POINT('Ctrl Pts',(-13.9384884397775,-27.9181802678227,-5.50541882201328));
#7406=CARTESIAN_POINT('Ctrl Pts',(1.06735028385232,-31.1860066828701,-5.42627599769675));
#7407=CARTESIAN_POINT('Ctrl Pts',(15.8146523989915,-26.8998702404218,-5.3471331733802));
#7408=CARTESIAN_POINT('Ctrl Pts',(26.7312846229514,-16.097971047906,-5.26799034906366));
#7409=CARTESIAN_POINT('Ctrl Pts',(31.172989382542,-1.39677571871238,-5.18884752474712));
#7410=CARTESIAN_POINT('Ctrl Pts',(28.0638843719873,13.6427505807365,-5.10970470043057));
#7411=CARTESIAN_POINT('Ctrl Pts',(18.1570658119293,25.3776911982498,-5.03056187611403));
#7412=CARTESIAN_POINT('Ctrl Pts',(3.85219135009543,30.9655755841016,-4.95141905179748));
#7413=CARTESIAN_POINT('Ctrl Pts',(-11.3857718099645,29.0528905574622,-4.87227622748095));
#7414=CARTESIAN_POINT('Ctrl Pts',(-23.865841077709,20.1029321022083,-4.7931334031644));
#7415=CARTESIAN_POINT('Ctrl Pts',(-30.5650587315489,6.28358450165387,-4.71399057884786));
#7416=CARTESIAN_POINT('Ctrl Pts',(-29.8607212991868,-9.05779073200241,-4.63484775453131));
#7417=CARTESIAN_POINT('Ctrl Pts',(-21.9234353881731,-22.2051622428898,-4.55570493021477));
#7418=CARTESIAN_POINT('Ctrl Pts',(-8.67579287026693,-29.9739364702851,-4.47656210589823));
#7419=CARTESIAN_POINT('Ctrl Pts',(6.67332476652065,-30.4823389196597,-4.39741928158169));
#7420=CARTESIAN_POINT('Ctrl Pts',(20.4060107795058,-23.6072229099306,-4.31827645726514));
#7421=CARTESIAN_POINT('Ctrl Pts',(29.1958950716566,-11.0138985113028,-4.2391336329486));
#7422=CARTESIAN_POINT('Ctrl Pts',(30.9138669767759,4.24724357609332,-4.15999080863205));
#7423=CARTESIAN_POINT('Ctrl Pts',(25.1437944747092,18.4796062962944,-4.08084798431551));
#7424=CARTESIAN_POINT('Ctrl Pts',(13.2833208677526,28.2357864451619,-4.00170515999897));
#7425=CARTESIAN_POINT('Ctrl Pts',(-1.79467633815577,31.1526144375352,-3.92256233568242));
#7426=CARTESIAN_POINT('Ctrl Pts',(-16.4379619589126,26.5235679366446,-3.84341951136589));
#7427=CARTESIAN_POINT('Ctrl Pts',(-27.0995978816734,15.4699076953956,-3.76427668704934));
#7428=CARTESIAN_POINT('Ctrl Pts',(-31.1970924594741,0.669082601389336,-3.6851338627328));
#7429=CARTESIAN_POINT('Ctrl Pts',(-27.7379389515752,-14.2938095751674,-3.60599103841626));
#7430=CARTESIAN_POINT('Ctrl Pts',(-17.5600233169826,-25.7944147163583,-3.52684821409971));
#7431=CARTESIAN_POINT('Ctrl Pts',(-3.12866910456454,-31.0470236751706,-3.44770538978317));
#7432=CARTESIAN_POINT('Ctrl Pts',(12.0605201987521,-28.779334634212,-3.36856256546662));
#7433=CARTESIAN_POINT('Ctrl Pts',(24.3283761441339,-19.5406336550788,-3.28941974115008));
#7434=CARTESIAN_POINT('Ctrl Pts',(30.7033439219222,-5.56874505293797,-3.21027691683354));
#7435=CARTESIAN_POINT('Ctrl Pts',(29.6412607830726,9.75202074661146,-3.131134092517));
#7436=CARTESIAN_POINT('Ctrl Pts',(21.3993875132966,22.7106244631939,-3.05199126820045));
#7437=CARTESIAN_POINT('Ctrl Pts',(7.97409399698446,30.1681964058131,-2.97284844388391));
#7438=CARTESIAN_POINT('Ctrl Pts',(-7.38270714991142,30.318342378684,-2.89370561956736));
#7439=CARTESIAN_POINT('Ctrl Pts',(-20.951248063129,23.1246935990445,-2.81456279525083));
#7440=CARTESIAN_POINT('Ctrl Pts',(-29.4449183365611,10.3297160467123,-2.73541997093428));
#7441=CARTESIAN_POINT('Ctrl Pts',(-30.8063571025028,-4.9673545802105,-2.65627714661774));
#7442=CARTESIAN_POINT('Ctrl Pts',(-24.7057928074728,-19.0612185131666,-2.5771343223012));
#7443=CARTESIAN_POINT('Ctrl Pts',(-12.6209214118116,-28.5380201164926,-2.49799149798465));
#7444=CARTESIAN_POINT('Ctrl Pts',(2.52102531066805,-31.1022616675288,-2.41884867366811));
#7445=CARTESIAN_POINT('Ctrl Pts',(17.052322142854,-26.1328253158512,-2.33970584935157));
#7446=CARTESIAN_POINT('Ctrl Pts',(27.4531572134216,-14.8334220080067,-2.26056302503502));
#7447=CARTESIAN_POINT('Ctrl Pts',(31.2042107964129,0.0589747868681983,-2.18142020071848));
#7448=CARTESIAN_POINT('Ctrl Pts',(27.3968920699722,14.9370865418513,-2.10227737640194));
#7449=CARTESIAN_POINT('Ctrl Pts',(16.9534205583443,26.1970948928382,-2.02313455208539));
#7450=CARTESIAN_POINT('Ctrl Pts',(2.40344350698735,31.1115687287089,-1.94399172776885));
#7451=CARTESIAN_POINT('Ctrl Pts',(-12.7287024371841,28.4901102791492,-1.8648489034523));
#7452=CARTESIAN_POINT('Ctrl Pts',(-24.7776660293354,18.9676966337817,-1.78570607913577));
#7453=CARTESIAN_POINT('Ctrl Pts',(-30.824913185511,4.85087379326289,-1.70656325481922));
#7454=CARTESIAN_POINT('Ctrl Pts',(-29.4056625737382,-10.4409414351347,-1.62742043050268));
#7455=CARTESIAN_POINT('Ctrl Pts',(-20.863689096518,-23.203722260368,-1.54827760618614));
#7456=CARTESIAN_POINT('Ctrl Pts',(-7.26805376037171,-30.3460317667534,-1.46913478186959));
#7457=CARTESIAN_POINT('Ctrl Pts',(8.08807014074009,-30.1378395186338,-1.38999195755305));
#7458=CARTESIAN_POINT('Ctrl Pts',(21.4850787869472,-22.6295744319493,-1.3108491332365));
#7459=CARTESIAN_POINT('Ctrl Pts',(29.6779108036368,-9.63990973940311,-1.23170630891996));
#7460=CARTESIAN_POINT('Ctrl Pts',(30.682075217626,5.68476119044562,-1.15256348460342));
#7461=CARTESIAN_POINT('Ctrl Pts',(24.254340480765,19.6324531655009,-1.07342066028688));
#7462=CARTESIAN_POINT('Ctrl Pts',(11.9516507043609,28.8247167357011,-0.994277835970331));
#7463=CARTESIAN_POINT('Ctrl Pts',(-3.24600175272842,31.0349757865822,-0.915135011653792));
#7464=CARTESIAN_POINT('Ctrl Pts',(-17.6573984725949,25.7278551113859,-0.835992187337245));
#7465=CARTESIAN_POINT('Ctrl Pts',(-27.7917701286769,14.1888605098239,-0.756849363020704));
#7466=CARTESIAN_POINT('Ctrl Pts',(-31.1943405178978,-0.787000067280349,
-0.67770653870416));
#7467=CARTESIAN_POINT('Ctrl Pts',(-27.0409294045012,-15.5722312593038,-0.598563714387619));
#7468=CARTESIAN_POINT('Ctrl Pts',(-16.3375877908343,-26.5855124951399,-0.519420890071075));
#7469=CARTESIAN_POINT('Ctrl Pts',(-1.67690939442282,-31.1591756042319,-0.440278065754532));
#7470=CARTESIAN_POINT('Ctrl Pts',(13.3899547445131,-28.1853749556813,-0.361135241437988));
#7471=CARTESIAN_POINT('Ctrl Pts',(25.2134661248812,-18.3844329643839,-0.281992417121445));
#7472=CARTESIAN_POINT('Ctrl Pts',(30.9297003359445,-4.1303615557394,-0.202849592804903));
#7473=CARTESIAN_POINT('Ctrl Pts',(29.1540549387242,11.1241777261203,-0.12370676848836));
#7474=CARTESIAN_POINT('Ctrl Pts',(20.3166317899625,23.6841871754878,-0.0445639441718179));
#7475=CARTESIAN_POINT('Ctrl Pts',(6.55805655233492,30.5073457335907,0.0345788801447261));
#7476=CARTESIAN_POINT('Ctrl Pts',(-8.78902971581546,29.9409286113002,0.113721704461269));
#7477=CARTESIAN_POINT('Ctrl Pts',(-22.0072123156689,22.1221349680706,0.192864528777813));
#7478=CARTESIAN_POINT('Ctrl Pts',(-29.8947456239957,8.94485514298875,0.272007353094355));
#7479=CARTESIAN_POINT('Ctrl Pts',(-30.5410889853586,-6.39907282665764,0.351150177410898));
#7480=CARTESIAN_POINT('Ctrl Pts',(-23.7896832803239,-20.1929992540567,0.430293001727442));
#7481=CARTESIAN_POINT('Ctrl Pts',(-11.2758731187462,-29.0957202155642,0.509435826043984));
#7482=CARTESIAN_POINT('Ctrl Pts',(3.96921096292674,-30.9507934273783,0.588578650360527));
#7483=CARTESIAN_POINT('Ctrl Pts',(18.2528615243543,-25.3088778025658,0.66772147467707));
#7484=CARTESIAN_POINT('Ctrl Pts',(28.1152522752489,-13.5365741216738,0.746864298993613));
#7485=CARTESIAN_POINT('Ctrl Pts',(31.1674869976383,1.51459687854793,0.826007123310157));
#7486=CARTESIAN_POINT('Ctrl Pts',(26.6702447531365,16.1988979335092,0.905149947626699));
#7487=CARTESIAN_POINT('Ctrl Pts',(15.7128602943971,26.9594560557371,0.984292771943242));
#7488=CARTESIAN_POINT('Ctrl Pts',(0.949462316328251,31.1898183829649,1.06343559625979));
#7489=CARTESIAN_POINT('Ctrl Pts',(-14.0439171128789,27.8652945719052,1.14257842057633));
#7490=CARTESIAN_POINT('Ctrl Pts',(-25.6355391666312,17.7911601951243,1.22172124489287));
#7491=CARTESIAN_POINT('Ctrl Pts',(-31.0176483235951,3.40760061131498,1.30086406920941));
#7492=CARTESIAN_POINT('Ctrl Pts',(-28.8865748616379,-11.801357642892,1.38000689352596));
#7493=CARTESIAN_POINT('Ctrl Pts',(-19.7585134299148,-24.151757627393,1.4591497178425));
#7494=CARTESIAN_POINT('Ctrl Pts',(-5.84448891908762,-30.6520504816093,1.53829254215904));
#7495=CARTESIAN_POINT('Ctrl Pts',(9.48520424931359,-29.7277168615631,1.61743536647559));
#7496=CARTESIAN_POINT('Ctrl Pts',(22.5173643823475,-21.602651474415,1.69657819079213));
#7497=CARTESIAN_POINT('Ctrl Pts',(30.0953047455133,-8.24493066842529,1.77572101510868));
#7498=CARTESIAN_POINT('Ctrl Pts',(30.383475163318,7.10990059371417,1.85486383942521));
#7499=CARTESIAN_POINT('Ctrl Pts',(23.3120741810621,20.7425515988058,1.93400666374176));
#7500=CARTESIAN_POINT('Ctrl Pts',(10.5939565708752,29.3508830127284,2.0131494880583));
#7501=CARTESIAN_POINT('Ctrl Pts',(-4.69025920199398,30.8497604216073,2.09229231237485));
#7502=CARTESIAN_POINT('Ctrl Pts',(-18.8383871081421,24.8761214946431,2.17143513669139));
#7503=CARTESIAN_POINT('Ctrl Pts',(-28.4234275386439,12.8769179700703,2.25057796100793));
#7504=CARTESIAN_POINT('Ctrl Pts',(-31.1236648555885,-2.24136909264462,2.32972078532447));
#7505=CARTESIAN_POINT('Ctrl Pts',(-26.2850399289936,-16.8167453861819,2.40886360964102));
#7506=CARTESIAN_POINT('Ctrl Pts',(-15.0795781915648,-27.3187219872552,2.48800643395756));
#7507=CARTESIAN_POINT('Ctrl Pts',(-0.221498319209647,-31.203480381955,2.56714925827411));
#7508=CARTESIAN_POINT('Ctrl Pts',(14.6902335033076,-27.530043390281,2.64629208259064));
#7509=CARTESIAN_POINT('Ctrl Pts',(26.0436553639124,-17.1882013235305,2.72543490690719));
#7510=CARTESIAN_POINT('Ctrl Pts',(31.0887092666384,-2.68298445520828,2.80457773122373));
#7511=CARTESIAN_POINT('Ctrl Pts',(28.6033679675747,12.4721125060664,2.88372055554028));
#7512=CARTESIAN_POINT('Ctrl Pts',(19.1896378746671,24.6061790550991,2.96286337985682));
#7513=CARTESIAN_POINT('Ctrl Pts',(5.12773935070308,30.7800672287069,3.04200620417336));
#7514=CARTESIAN_POINT('Ctrl Pts',(-10.1762147205461,29.4983203490266,3.12114902848991));
#7515=CARTESIAN_POINT('Ctrl Pts',(-23.0152572431445,21.071406775162,3.20029185280645));
#7516=CARTESIAN_POINT('Ctrl Pts',(-30.2794789770999,7.54051737799364,3.27943467712299));
#7517=CARTESIAN_POINT('Ctrl Pts',(-30.2093195617377,-7.8168574932176,3.35857750143953));
#7518=CARTESIAN_POINT('Ctrl Pts',(-22.8217732093383,-21.2808110050812,3.43772032575608));
#7519=CARTESIAN_POINT('Ctrl Pts',(-9.90627231891146,-29.5900662080372,3.51686315007262));
#7520=CARTESIAN_POINT('Ctrl Pts',(5.40875390716535,-30.7319317750151,3.59600597438916));
#7521=CARTESIAN_POINT('Ctrl Pts',(19.4136564442576,-24.429821794618,3.67514879870571));
#7522=CARTESIAN_POINT('Ctrl Pts',(28.7161281379468,-12.2102511938732,3.75429162302225));
#7523=CARTESIAN_POINT('Ctrl Pts',(31.0628979499875,2.96692103048295,3.83343444733879));
#7524=CARTESIAN_POINT('Ctrl Pts',(25.8855246504553,17.425437240515,3.91257727165534));
#7525=CARTESIAN_POINT('Ctrl Pts',(14.4380862622841,27.6631146933114,3.99172009597188));
#7526=CARTESIAN_POINT('Ctrl Pts',(-0.506586268997838,31.2001541631532,4.07086292028842));
#7527=CARTESIAN_POINT('Ctrl Pts',(-15.328552039551,27.1798039327593,4.15000574460496));
#7528=CARTESIAN_POINT('Ctrl Pts',(-26.4375925246245,16.5758846205677,4.22914856892151));
#7529=CARTESIAN_POINT('Ctrl Pts',(-31.1428444771216,1.95690759267718,4.30829139323805));
#7530=CARTESIAN_POINT('Ctrl Pts',(-28.3045884438347,-13.1360771342739,4.38743421755459));
#7531=CARTESIAN_POINT('Ctrl Pts',(-18.6103148390878,-25.047204056391,4.46657704187115));
#7532=CARTESIAN_POINT('Ctrl Pts',(-4.40819806960534,-30.891326278287,4.54571986618767));
#7533=CARTESIAN_POINT('Ctrl Pts',(10.8616849203138,-29.2528639648204,4.62486269050423));
#7534=CARTESIAN_POINT('Ctrl Pts',(23.5006198285428,-20.5286900976842,4.70400551482076));
#7535=CARTESIAN_POINT('Ctrl Pts',(30.4471680481468,-6.83199877783679,4.78314833913731));
#7536=CARTESIAN_POINT('Ctrl Pts',(30.018716996749,8.519558634199,4.86229116345385));
#7537=CARTESIAN_POINT('Ctrl Pts',(22.319047301392,21.807484426469,4.9414339877704));
#7538=CARTESIAN_POINT('Ctrl Pts',(9.21319476114978,29.8131395821638,5.02057681208694));
#7539=CARTESIAN_POINT('Ctrl Pts',(-6.12430390590547,30.5973716374555,5.09971963640348));
#7540=CARTESIAN_POINT('Ctrl Pts',(-19.9783563368437,23.9702216829665,5.17886246072002));
#7541=CARTESIAN_POINT('Ctrl Pts',(-28.9931947171666,11.5369367487614,5.25800528503657));
#7542=CARTESIAN_POINT('Ctrl Pts',(-30.98521936437,-3.69085767733355,5.33714810935311));
#7543=CARTESIAN_POINT('Ctrl Pts',(-25.4719164269943,-18.0246421043158,5.41629093366966));
#7544=CARTESIAN_POINT('Ctrl Pts',(-13.7887337562049,-27.9924466750043,5.4954337579862));
#7545=CARTESIAN_POINT('Ctrl Pts',(1.23439505470666,-31.1798415374642,5.57457658230275));
#7546=CARTESIAN_POINT('Ctrl Pts',(15.9585251996603,-26.8147668814082,5.65371940661928));
#7547=CARTESIAN_POINT('Ctrl Pts',(26.8171361762087,-15.9545434519179,5.73286223093584));
#7548=CARTESIAN_POINT('Ctrl Pts',(31.1800244820264,-1.22976532423701,5.81200505525236));
#7549=CARTESIAN_POINT('Ctrl Pts',(27.9903989559783,13.792890042976,5.89114787956892));
#7550=CARTESIAN_POINT('Ctrl Pts',(18.0208597260035,25.4745925225147,5.97029070388544));
#7551=CARTESIAN_POINT('Ctrl Pts',(3.68625681812127,30.9857670572041,6.04943352820201));
#7552=CARTESIAN_POINT('Ctrl Pts',(-11.5412416557256,28.9914813436051,6.12857635251853));
#7553=CARTESIAN_POINT('Ctrl Pts',(-23.9731878909263,19.9747969150829,6.20771917683509));
#7554=CARTESIAN_POINT('Ctrl Pts',(-30.5982806631186,6.11976060916446,6.28686200115163));
#7555=CARTESIAN_POINT('Ctrl Pts',(-29.8117712387596,-9.21762144266785,6.36600482546817));
#7556=CARTESIAN_POINT('Ctrl Pts',(-21.8041701580119,-22.3222851243532,6.44514764978471));
#7557=CARTESIAN_POINT('Ctrl Pts',(-8.51510123218092,-30.0199816865062,6.52429047410127));
#7558=CARTESIAN_POINT('Ctrl Pts',(6.83651962887563,-30.4461532679657,6.60343329841779));
#7559=CARTESIAN_POINT('Ctrl Pts',(20.5321793444024,-23.4975713813525,6.68257612273435));
#7560=CARTESIAN_POINT('Ctrl Pts',(29.2544764319962,-10.8573412096258,6.76171894705088));
#7561=CARTESIAN_POINT('Ctrl Pts',(30.8906713895545,4.41278489788666,6.84086177136743));
#7562=CARTESIAN_POINT('Ctrl Pts',(25.0444404407537,18.6140337504261,6.92000459568397));
#7563=CARTESIAN_POINT('Ctrl Pts',(13.1318742025382,28.3065386329938,6.99914742000052));
#7564=CARTESIAN_POINT('Ctrl Pts',(-1.9615317944839,31.1425535637605,7.07829024431706));
#7565=CARTESIAN_POINT('Ctrl Pts',(-16.5798100051881,26.4351309746013,7.1574330686336));
#7566=CARTESIAN_POINT('Ctrl Pts',(-27.1820796824136,15.3245160964833,7.23657589295015));
#7567=CARTESIAN_POINT('Ctrl Pts',(-31.2002290393153,0.501953530445621,7.31571871726668));
#7568=CARTESIAN_POINT('Ctrl Pts',(-27.6609705592654,-14.4421936412689,7.39486154158324));
#7569=CARTESIAN_POINT('Ctrl Pts',(-17.4215934544817,-25.8881117689031,7.47400436589977));
#7570=CARTESIAN_POINT('Ctrl Pts',(-2.96230864520071,-31.063338148741,7.55314719021632));
#7571=CARTESIAN_POINT('Ctrl Pts',(12.2145149533789,-28.7143147908172,7.63229001453286));
#7572=CARTESIAN_POINT('Ctrl Pts',(24.4327041484447,-19.4100287853221,7.71143283884941));
#7573=CARTESIAN_POINT('Ctrl Pts',(30.7327345512561,-5.40419063824479,7.79057566316595));
#7574=CARTESIAN_POINT('Ctrl Pts',(29.5885949559578,9.91066586989608,7.86971848748249));
#7575=CARTESIAN_POINT('Ctrl Pts',(21.2774220955268,22.8249328240249,7.94886131179904));
#7576=CARTESIAN_POINT('Ctrl Pts',(7.81237179745783,30.2104799093086,8.02800413611557));
#7577=CARTESIAN_POINT('Ctrl Pts',(-7.54501332202816,30.2783589948808,8.10714696043211));
#7578=CARTESIAN_POINT('Ctrl Pts',(-21.0748239471749,23.0121282164002,8.18628978474867));
#7579=CARTESIAN_POINT('Ctrl Pts',(-29.4998310319357,10.171834570996,8.26543260906521));
#7580=CARTESIAN_POINT('Ctrl Pts',(-30.7793055006193,-5.13230965083057,8.34457543338174));
#7581=CARTESIAN_POINT('Ctrl Pts',(-24.6033294239496,-19.1932912943319,8.4237182576983));
#7582=CARTESIAN_POINT('Ctrl Pts',(-12.467865217582,-28.605219565119,8.50286108201484));
#7583=CARTESIAN_POINT('Ctrl Pts',(2.68760061078248,-31.0883105428613,8.58200390633138));
#7584=CARTESIAN_POINT('Ctrl Pts',(17.1920682079183,-26.0411028988164,8.66114673064792));
#7585=CARTESIAN_POINT('Ctrl Pts',(27.5322243557951,-14.6861455622168,8.74028955496447));
#7586=CARTESIAN_POINT('Ctrl Pts',(31.2034471489519,0.226131543627056,8.819432379281));
#7587=CARTESIAN_POINT('Ctrl Pts',(27.3164826055274,15.0836344265691,8.89857520359755));
#7588=CARTESIAN_POINT('Ctrl Pts',(16.8128422851131,26.2875366618551,8.97771802791409));
#7589=CARTESIAN_POINT('Ctrl Pts',(2.23674769242929,31.1239973206025,9.05686085223064));
#7590=CARTESIAN_POINT('Ctrl Pts',(-12.8811382607842,28.421515205193,9.13600367654717));
#7591=CARTESIAN_POINT('Ctrl Pts',(-24.8789184250868,18.8346931870508,9.21514650086374));
#7592=CARTESIAN_POINT('Ctrl Pts',(-30.8504565113679,4.68567844528999,9.29428932518026));
#7593=CARTESIAN_POINT('Ctrl Pts',(-29.3493096529728,-10.5983145993302,9.37343214949682));
#7594=CARTESIAN_POINT('Ctrl Pts',(-20.7390898931898,-23.3151538672738,9.45257497381335));
#7595=CARTESIAN_POINT('Ctrl Pts',(-7.1053890463758,-30.3845305369706,9.5317177981299));
#7596=CARTESIAN_POINT('Ctrl Pts',(8.24939925771302,-30.0940801710121,9.61086062244643));
#7597=CARTESIAN_POINT('Ctrl Pts',(21.6059947113003,-22.5141564795959,9.69000344676298));
#7598=CARTESIAN_POINT('Ctrl Pts',(29.7291249377391,-9.48079004560062,9.76914627107952));
#7599=CARTESIAN_POINT('Ctrl Pts',(30.6511823288768,5.84904020283746,9.84828909539607));
#7600=CARTESIAN_POINT('Ctrl Pts',(24.1488235321657,19.7620993688621,9.9274319197126));
#7601=CARTESIAN_POINT('Ctrl Pts',(11.7970683100252,28.8883268594956,10.0065747440292));
#7602=CARTESIAN_POINT('Ctrl Pts',(-3.41220620746698,31.0171420064806,10.0857175683457));
#7603=CARTESIAN_POINT('Ctrl Pts',(-17.7949664740185,25.6328971761097,10.1648603926622));
#7604=CARTESIAN_POINT('Ctrl Pts',(-27.8673795658885,14.0397793993767,10.2440032169788));
#7605=CARTESIAN_POINT('Ctrl Pts',(-31.1896770588899,-0.954093504128836,
10.3231460412953));
#7606=CARTESIAN_POINT('Ctrl Pts',(-26.9571226455212,-15.7168631770714,10.4022888656119));
#7607=CARTESIAN_POINT('Ctrl Pts',(-16.1949376423834,-26.672649741107,10.4814316899284));
#7608=CARTESIAN_POINT('Ctrl Pts',(-1.50996897944395,-31.1677115479077,10.560574514245));
#7609=CARTESIAN_POINT('Ctrl Pts',(13.5407486459284,-28.1132419966151,10.6397173385615));
#7610=CARTESIAN_POINT('Ctrl Pts',(25.311587786884,-18.2491033522013,10.718860162878));
#7611=CARTESIAN_POINT('Ctrl Pts',(30.9513824516839,-3.96461521235657,10.7980029871946));
#7612=CARTESIAN_POINT('Ctrl Pts',(29.094045604722,11.2801932520153,10.8771458115111));
#7613=CARTESIAN_POINT('Ctrl Pts',(20.1894666370473,23.7926813613769,10.9562886358277));
#7614=CARTESIAN_POINT('Ctrl Pts',(6.39453788397752,30.5420388105122,11.0354314601442));
#7615=CARTESIAN_POINT('Ctrl Pts',(-8.94929394468083,29.8934171239115,11.1145742844608));
#7616=CARTESIAN_POINT('Ctrl Pts',(-22.1254024496582,22.0039272833993,11.1937171087773));
#7617=CARTESIAN_POINT('Ctrl Pts',(-29.9422333141393,8.78458386117998,11.2728599330938));
#7618=CARTESIAN_POINT('Ctrl Pts',(-30.5063716288649,-6.56258634183556,11.3520027574104));
#7619=CARTESIAN_POINT('Ctrl Pts',(-23.6811702136024,-20.3201482958872,11.4311455817269));
#7620=CARTESIAN_POINT('Ctrl Pts',(-11.1198486841273,-29.1557063830491,11.5102884060435));
#7621=CARTESIAN_POINT('Ctrl Pts',(4.13495408502868,-30.9290867011485,11.58943123036));
#7622=CARTESIAN_POINT('Ctrl Pts',(18.3881765655192,-25.2107360473222,11.6685740546766));
#7623=CARTESIAN_POINT('Ctrl Pts',(28.1873628429937,-13.3857695113088,11.7477168789931));
#7624=CARTESIAN_POINT('Ctrl Pts',(31.1589262660263,1.68153602423318,11.8268597033096));
#7625=CARTESIAN_POINT('Ctrl Pts',(26.583086326823,16.341535141875,11.9060025276262));
#7626=CARTESIAN_POINT('Ctrl Pts',(15.5682159342361,27.0432413382245,11.9851453519427));
#7627=CARTESIAN_POINT('Ctrl Pts',(0.782368188871199,31.1944570311698,12.0642881762593));
#7628=CARTESIAN_POINT('Ctrl Pts',(-14.1929869948688,27.789662999323,12.1434310005758));
#7629=CARTESIAN_POINT('Ctrl Pts',(-25.7304766741726,17.6535780954546,12.2225738248923));
#7630=CARTESIAN_POINT('Ctrl Pts',(-31.0354574247485,3.24139351037217,12.3017166492089));
#7631=CARTESIAN_POINT('Ctrl Pts',(-28.8229417854864,-11.9559305904191,12.3808594735254));
#7632=CARTESIAN_POINT('Ctrl Pts',(-19.6288515603728,-24.2572553244036,12.460002297842));
#7633=CARTESIAN_POINT('Ctrl Pts',(-5.68020532139789,-30.6829189771642,12.5391451221585));
#7634=CARTESIAN_POINT('Ctrl Pts',(9.64431633686759,-29.6764791012494,12.6182879464751));
#7635=CARTESIAN_POINT('Ctrl Pts',(22.632764379313,-21.4817184136409,12.6974307707916));
#7636=CARTESIAN_POINT('Ctrl Pts',(30.1390401378124,-8.08359505565396,12.7765735951082));
#7637=CARTESIAN_POINT('Ctrl Pts',(30.3449522403692,7.2725595894546,12.8557164194247));
#7638=CARTESIAN_POINT('Ctrl Pts',(23.2006240743592,20.8671342549168,12.9348592437412));
#7639=CARTESIAN_POINT('Ctrl Pts',(10.4365750408907,29.4072125654288,13.0140020680578));
#7640=CARTESIAN_POINT('Ctrl Pts',(-4.85545075536298,30.8241925671169,13.0931448923743));
#7641=CARTESIAN_POINT('Ctrl Pts',(-18.971375519016,24.7748493510846,13.1722877166909));
#7642=CARTESIAN_POINT('Ctrl Pts',(-28.4919999775178,12.7244719628591,13.2514305410074));
#7643=CARTESIAN_POINT('Ctrl Pts',(-31.1112115121211,-2.40806305991484,13.330573365324));
#7644=CARTESIAN_POINT('Ctrl Pts',(-26.1945772873072,-16.9573102286816,13.4097161896405));
#7645=CARTESIAN_POINT('Ctrl Pts',(-14.933018368919,-27.3991096907543,13.488859013957));
#7646=CARTESIAN_POINT('Ctrl Pts',(-0.0543414509033394,-31.2042192092539,
13.5680018382736));
#7647=CARTESIAN_POINT('Ctrl Pts',(14.8374982072451,-27.4509543805394,13.6471446625901));
#7648=CARTESIAN_POINT('Ctrl Pts',(26.1353570298399,-17.0484416406679,13.7262874869067));
#7649=CARTESIAN_POINT('Ctrl Pts',(31.1026356573357,-2.51640708540717,13.8054303112232));
#7650=CARTESIAN_POINT('Ctrl Pts',(28.5361457932477,12.6251587205457,13.8845731355398));
#7651=CARTESIAN_POINT('Ctrl Pts',(19.0575498807543,24.7086228267586,13.9637159598563));
#7652=CARTESIAN_POINT('Ctrl Pts',(4.9627802651636,30.8070943370542,14.0428587841729));
#7653=CARTESIAN_POINT('Ctrl Pts',(-10.3340880408491,29.4433842113376,14.1220016084894));
#7654=CARTESIAN_POINT('Ctrl Pts',(-23.12780427547,20.9478141782863,14.2011444328059));
#7655=CARTESIAN_POINT('Ctrl Pts',(-30.3194382605446,7.37820527076074,14.2802872571225));
#7656=CARTESIAN_POINT('Ctrl Pts',(-30.1670120455009,-7.97857341252561,14.359430081439));
#7657=CARTESIAN_POINT('Ctrl Pts',(-22.707446739818,-21.40275944851,14.4385729057556));
#7658=CARTESIAN_POINT('Ctrl Pts',(-9.74761937732728,-29.6427084782618,14.5177157300721));
#7659=CARTESIAN_POINT('Ctrl Pts',(5.57330395599773,-30.7025167122585,14.5968585543886));
#7660=CARTESIAN_POINT('Ctrl Pts',(19.5442458215044,-24.3254743986848,14.6760013787052));
#7661=CARTESIAN_POINT('Ctrl Pts',(28.781125114822,-12.0562467865178,14.7551442030217));
#7662=CARTESIAN_POINT('Ctrl Pts',(31.0465587746809,3.13327906557036,14.8342870273383));
#7663=CARTESIAN_POINT('Ctrl Pts',(25.7918070442822,17.5638531889496,14.9134298516548));
#7664=CARTESIAN_POINT('Ctrl Pts',(14.28969076922,27.7400610520692,14.9925726759714));
#7665=CARTESIAN_POINT('Ctrl Pts',(-0.673714872366914,31.196992767304,15.0717155002879));
#7666=CARTESIAN_POINT('Ctrl Pts',(-15.4739313896085,27.0973005445585,15.1508583246045));
#7667=CARTESIAN_POINT('Ctrl Pts',(-26.5260084234857,16.4340234443561,15.230001148921));
#7668=CARTESIAN_POINT('Ctrl Pts',(-31.1528805753701,1.79005064430521,15.3091439732376));
#7669=CARTESIAN_POINT('Ctrl Pts',(-28.2338137693311,-13.2875132922282,15.3882867975541));
#7670=CARTESIAN_POINT('Ctrl Pts',(-18.4758726339235,-25.1465381288893,15.4674296218706));
#7671=CARTESIAN_POINT('Ctrl Pts',(-4.24265330545682,-30.9144972849584,15.5465724461872));
#7672=CARTESIAN_POINT('Ctrl Pts',(11.0182335218544,-29.1942593588399,15.6257152705037));
#7673=CARTESIAN_POINT('Ctrl Pts',(23.6102526218598,-20.4025052526203,15.7048580948202));
#7674=CARTESIAN_POINT('Ctrl Pts',(30.4833294675717,-6.66879854433122,15.7840009191368));
#7675=CARTESIAN_POINT('Ctrl Pts',(29.9726479208425,8.68024343362215,15.8631437434533));
#7676=CARTESIAN_POINT('Ctrl Pts',(22.2019067122204,21.9267322642168,15.9422865677699));
#7677=CARTESIAN_POINT('Ctrl Pts',(9.05335678390267,29.8620659100629,16.0214293920864));
#7678=CARTESIAN_POINT('Ctrl Pts',(-6.28812286360035,30.5641253802862,16.100572216403));
#7679=CARTESIAN_POINT('Ctrl Pts',(-20.1064755833431,23.8628558461849,16.1797150407195));
#7680=CARTESIAN_POINT('Ctrl Pts',(-29.054580845321,11.3814577839012,16.2588578650361));
#7681=CARTESIAN_POINT('Ctrl Pts',(-30.9650032531898,-3.85678920458076,16.3380006893526));
#7682=CARTESIAN_POINT('Ctrl Pts',(-25.3749948786226,-18.1608338095315,16.4171435136691));
#7683=CARTESIAN_POINT('Ctrl Pts',(-13.638583385542,-28.0659097794736,16.4962863379857));
#7684=CARTESIAN_POINT('Ctrl Pts',(1.40140440531807,-31.1727816727627,16.5754291623022));
#7685=CARTESIAN_POINT('Ctrl Pts',(16.1019400415446,-26.7288939692022,16.6545719866188));
#7686=CARTESIAN_POINT('Ctrl Pts',(26.9022181808025,-15.8106581367043,16.7337148109353));
#7687=CARTESIAN_POINT('Ctrl Pts',(31.1861648059768,-1.06271941031204,16.8128576352518));
#7688=CARTESIAN_POINT('Ctrl Pts',(27.9161103474471,13.9426332600344,16.8920004595684));
#7689=CARTESIAN_POINT('Ctrl Pts',(17.8841364395077,25.5707636490039,16.9711432838849));
#7690=CARTESIAN_POINT('Ctrl Pts',(3.52021662720659,31.0050677573795,17.0502861082015));
#7691=CARTESIAN_POINT('Ctrl Pts',(-11.6963805440965,28.929243206191,17.129428932518));
#7692=CARTESIAN_POINT('Ctrl Pts',(-24.0798463078077,19.8460827439154,17.2085717568346));
#7693=CARTESIAN_POINT('Ctrl Pts',(-30.6306253882461,5.95577211410611,17.2877145811511));
#7694=CARTESIAN_POINT('Ctrl Pts',(-29.7619640506273,-9.37720863434815,17.3668574054676));
#7695=CARTESIAN_POINT('Ctrl Pts',(-21.6842823395302,-22.4387274119101,17.4460002297842));
#7696=CARTESIAN_POINT('Ctrl Pts',(-8.35415930218839,-30.0652417324127,17.5251430541007));
#7697=CARTESIAN_POINT('Ctrl Pts',(6.99950698768533,-30.4089484423055,17.6042858784173));
#7698=CARTESIAN_POINT('Ctrl Pts',(20.6577802783213,-23.3875231207537,17.6834287027338));
#7699=CARTESIAN_POINT('Ctrl Pts',(29.3121772349327,-10.6999410810703,17.7625715270504));
#7700=CARTESIAN_POINT('Ctrl Pts',(30.8666670556175,4.57716824042404,17.8417143513669));
#7701=CARTESIAN_POINT('Ctrl Pts',(24.9442240756595,18.7500545525142,17.9208571756835));
#7702=CARTESIAN_POINT('Ctrl Pts',(16.9682985370762,25.1641081009834,17.9736190585612));
#7703=CARTESIAN_POINT('Ctrl Pts',(12.4549852079972,27.2286009091281,18.));
#7704=CARTESIAN_POINT('Ctrl Pts',(17.2724901436214,-24.2219683555296,-10.2220874035483));
#7705=CARTESIAN_POINT('Ctrl Pts',(21.2874350539526,-21.3589435437972,-10.1957064621094));
#7706=CARTESIAN_POINT('Ctrl Pts',(27.8624641295533,-13.6011741248198,-10.1429445792317));
#7707=CARTESIAN_POINT('Ctrl Pts',(30.9747806333254,1.33997863936735,-10.0638017549152));
#7708=CARTESIAN_POINT('Ctrl Pts',(26.584825638836,15.9521349631913,-9.98465893059867));
#7709=CARTESIAN_POINT('Ctrl Pts',(15.7551643299803,26.702540278825,-9.90551610628209));
#7710=CARTESIAN_POINT('Ctrl Pts',(1.10937345717108,30.9838274528248,-9.82637328196556));
#7711=CARTESIAN_POINT('Ctrl Pts',(-13.8052013981891,27.7607278232585,-9.74723045764902));
#7712=CARTESIAN_POINT('Ctrl Pts',(-25.3758054264852,17.8130295851484,-9.66808763333248));
#7713=CARTESIAN_POINT('Ctrl Pts',(-30.7998288011878,3.55077488319783,-9.58894480901592));
#7714=CARTESIAN_POINT('Ctrl Pts',(-28.7634205564281,-11.5716456487017,-9.50980198469939));
#7715=CARTESIAN_POINT('Ctrl Pts',(-19.7598602998485,-23.8911037199521,-9.43065916038285));
#7716=CARTESIAN_POINT('Ctrl Pts',(-5.9700080077069,-30.4236149514538,-9.35151633606629));
#7717=CARTESIAN_POINT('Ctrl Pts',(9.26591510753078,-29.5868194394173,-9.27237351174976));
#7718=CARTESIAN_POINT('Ctrl Pts',(22.2574227711311,-21.5834273269583,-9.19323068743321));
#7719=CARTESIAN_POINT('Ctrl Pts',(29.8576740663451,-8.35203286402011,-9.11408786311668));
#7720=CARTESIAN_POINT('Ctrl Pts',(30.2257151977736,6.90241283765529,-9.03494503880013));
#7721=CARTESIAN_POINT('Ctrl Pts',(23.2723978869733,20.4849375060231,-8.95580221448358));
#7722=CARTESIAN_POINT('Ctrl Pts',(10.6819745091079,29.1055420990164,-8.87665939016705));
#7723=CARTESIAN_POINT('Ctrl Pts',(-4.49586701536932,30.6761201198226,-8.79751656585049));
#7724=CARTESIAN_POINT('Ctrl Pts',(-18.5847068835275,24.8162413130304,-8.71837374153397));
#7725=CARTESIAN_POINT('Ctrl Pts',(-28.1719064266305,12.9453023278786,-8.63923091721741));
#7726=CARTESIAN_POINT('Ctrl Pts',(-30.9352270079541,-2.06128448603836,-8.56008809290088));
#7727=CARTESIAN_POINT('Ctrl Pts',(-26.2053292970946,-16.5685811143552,-8.48094526858432));
#7728=CARTESIAN_POINT('Ctrl Pts',(-15.1279025092218,-27.0625891133358,-8.40180244426779));
#7729=CARTESIAN_POINT('Ctrl Pts',(-0.386152333963625,-31.0014201305738,
-8.32265961995123));
#7730=CARTESIAN_POINT('Ctrl Pts',(14.4491327535349,-27.4309993706257,-8.24351679563472));
#7731=CARTESIAN_POINT('Ctrl Pts',(25.7845079853582,-17.2161642570324,-8.16437397131814));
#7732=CARTESIAN_POINT('Ctrl Pts',(30.8742866713306,-2.83118108171149,-8.08523114700163));
#7733=CARTESIAN_POINT('Ctrl Pts',(28.4856082037467,12.2395787935397,-8.00608832268505));
#7734=CARTESIAN_POINT('Ctrl Pts',(19.1970650458334,24.3456332307158,-7.92694549836854));
#7735=CARTESIAN_POINT('Ctrl Pts',(5.25855442641722,30.5546194400283,-7.84780267405197));
#7736=CARTESIAN_POINT('Ctrl Pts',(-9.95369813838511,29.3625791978353,-7.76865984973545));
#7737=CARTESIAN_POINT('Ctrl Pts',(-22.7549377512382,21.0582518675496,-7.68951702541888));
#7738=CARTESIAN_POINT('Ctrl Pts',(-30.0444119000008,7.65313513292034,-7.61037420110237));
#7739=CARTESIAN_POINT('Ctrl Pts',(-30.0564435125717,-7.60574566727495,-7.5312313767858));
#7740=CARTESIAN_POINT('Ctrl Pts',(-22.7881182576791,-21.0223412124756,-7.45208855246928));
#7741=CARTESIAN_POINT('Ctrl Pts',(-9.99999046246074,-29.3468457339178,-7.37294572815272));
#7742=CARTESIAN_POINT('Ctrl Pts',(5.21036334254792,-30.5628741714247,-7.29380290383619));
#7743=CARTESIAN_POINT('Ctrl Pts',(19.1586481829756,-24.3758766730688,-7.21466007951963));
#7744=CARTESIAN_POINT('Ctrl Pts',(28.4662710032314,-12.2844852944797,-7.1355172552031));
#7745=CARTESIAN_POINT('Ctrl Pts',(30.8787130446049,2.78248890180081,-7.05637443088655));
#7746=CARTESIAN_POINT('Ctrl Pts',(25.8116257637989,17.1754807562784,-6.97723160657002));
#7747=CARTESIAN_POINT('Ctrl Pts',(14.4923733919614,27.4081790210088,-6.89808878225346));
#7748=CARTESIAN_POINT('Ctrl Pts',(-0.33726270527842,31.0019905433075,-6.81894595793693));
#7749=CARTESIAN_POINT('Ctrl Pts',(-15.0852060749178,27.086412118569,-6.73980313362038));
#7750=CARTESIAN_POINT('Ctrl Pts',(-26.1791681077869,16.6098862417516,-6.66066030930384));
#7751=CARTESIAN_POINT('Ctrl Pts',(-30.9319379021838,2.11006668025934,-6.58151748498729));
#7752=CARTESIAN_POINT('Ctrl Pts',(-28.1922860986656,-12.9008592082341,-6.50237466067076));
#7753=CARTESIAN_POINT('Ctrl Pts',(-18.6238189157746,-24.7869024440758,-6.42323183635421));
#7754=CARTESIAN_POINT('Ctrl Pts',(-4.54423757244943,-30.6689919734059,-6.34408901203767));
#7755=CARTESIAN_POINT('Ctrl Pts',(10.6360618649553,-29.1223514123524,-6.26494618772112));
#7756=CARTESIAN_POINT('Ctrl Pts',(23.2400642761034,-20.5216124176996,-6.18580336340459));
#7757=CARTESIAN_POINT('Ctrl Pts',(30.2147925024316,-6.9500703460253,-6.10666053908804));
#7758=CARTESIAN_POINT('Ctrl Pts',(29.8708081205285,8.30493744746244,-6.02751771477149));
#7759=CARTESIAN_POINT('Ctrl Pts',(22.2914320015424,21.548299772843,-5.94837489045495));
#7760=CARTESIAN_POINT('Ctrl Pts',(9.31256209380727,29.5721719024606,-5.86923206613841));
#7761=CARTESIAN_POINT('Ctrl Pts',(-5.92202297746566,30.4329888054733,-5.79008924182186));
#7762=CARTESIAN_POINT('Ctrl Pts',(-19.7221588719678,23.9222409738001,-5.71094641750533));
#7763=CARTESIAN_POINT('Ctrl Pts',(-28.7451375913481,11.6169801856665,-5.63180359318877));
#7764=CARTESIAN_POINT('Ctrl Pts',(-30.8053876771222,-3.50217844232718,-5.55266076887224));
#7765=CARTESIAN_POINT('Ctrl Pts',(-25.403869518886,-17.7730294898509,-5.47351794455569));
#7766=CARTESIAN_POINT('Ctrl Pts',(-13.8489541420268,-27.7388470011234,-5.39437512023915));
#7767=CARTESIAN_POINT('Ctrl Pts',(1.06049412735213,-30.9856824353692,-5.31523229592261));
#7768=CARTESIAN_POINT('Ctrl Pts',(15.7130665058846,-26.7270781186673,-5.23608947160606));
#7769=CARTESIAN_POINT('Ctrl Pts',(26.5595754159574,-15.9945652489765,-5.15694664728952));
#7770=CARTESIAN_POINT('Ctrl Pts',(30.9727487520594,-1.38780348806986,-5.07780382297298));
#7771=CARTESIAN_POINT('Ctrl Pts',(27.8836151706131,13.5551159639765,-4.99866099865643));
#7772=CARTESIAN_POINT('Ctrl Pts',(18.0404333561428,25.2146768391401,-4.91951817433989));
#7773=CARTESIAN_POINT('Ctrl Pts',(3.82744668364027,30.7666672823624,-4.84037535002334));
#7774=CARTESIAN_POINT('Ctrl Pts',(-11.3126349639027,28.8662684452491,-4.7612325257068));
#7775=CARTESIAN_POINT('Ctrl Pts',(-23.7125381331068,19.9738003160554,-4.68208970139026));
#7776=CARTESIAN_POINT('Ctrl Pts',(-30.3687231618018,6.24322170850432,-4.60294687707372));
#7777=CARTESIAN_POINT('Ctrl Pts',(-29.6689100620213,-8.99960774208451,-4.52380405275718));
#7778=CARTESIAN_POINT('Ctrl Pts',(-21.7826095446648,-22.0625267184966,-4.44466122844064));
#7779=CARTESIAN_POINT('Ctrl Pts',(-8.62006365504927,-29.7813979920788,-4.36551840412409));
#7780=CARTESIAN_POINT('Ctrl Pts',(6.63045846511255,-30.2865347031006,-4.28637557980755));
#7781=CARTESIAN_POINT('Ctrl Pts',(20.2749321583964,-23.455581206871,-4.207232755491));
#7782=CARTESIAN_POINT('Ctrl Pts',(29.0083543656656,-10.9431504045073,-4.12808993117446));
#7783=CARTESIAN_POINT('Ctrl Pts',(30.7152908268237,4.21996127983829,-4.04894710685791));
#7784=CARTESIAN_POINT('Ctrl Pts',(24.982282558205,18.360901992051,-3.96980428254138));
#7785=CARTESIAN_POINT('Ctrl Pts',(13.1979950585137,28.0544130256747,-3.89066145822483));
#7786=CARTESIAN_POINT('Ctrl Pts',(-1.78314818097281,30.9525046861218,-3.81151863390829));
#7787=CARTESIAN_POINT('Ctrl Pts',(-16.3323722181884,26.3531930040032,-3.73237580959175));
#7788=CARTESIAN_POINT('Ctrl Pts',(-26.9255228034363,15.3705362802125,-3.6532329852752));
#7789=CARTESIAN_POINT('Ctrl Pts',(-30.9966970021553,0.664784729269897,-3.57409016095866));
#7790=CARTESIAN_POINT('Ctrl Pts',(-27.5597634703664,-14.2019928614668,-3.49494733664212));
#7791=CARTESIAN_POINT('Ctrl Pts',(-17.4472259815352,-25.6287235212551,-3.41580451232557));
#7792=CARTESIAN_POINT('Ctrl Pts',(-3.10857200491264,-30.8475921891802,-3.33666168800903));
#7793=CARTESIAN_POINT('Ctrl Pts',(11.9830490862159,-28.5944697166609,-3.25751886369249));
#7794=CARTESIAN_POINT('Ctrl Pts',(24.1721020916862,-19.4151138098338,-3.17837603937595));
#7795=CARTESIAN_POINT('Ctrl Pts',(30.506120073115,-5.53297405238642,-3.0992332150594));
#7796=CARTESIAN_POINT('Ctrl Pts',(29.4508592571021,9.68937834941248,-3.02009039074286));
#7797=CARTESIAN_POINT('Ctrl Pts',(21.2619279070003,22.5647420870972,-2.94094756642632));
#7798=CARTESIAN_POINT('Ctrl Pts',(7.92287216548514,29.9744100930957,-2.86180474210977));
#7799=CARTESIAN_POINT('Ctrl Pts',(-7.33528410952777,30.1235915988151,-2.78266191779323));
#7800=CARTESIAN_POINT('Ctrl Pts',(-20.8166670940062,22.9761514374582,-2.70351909347669));
#7801=CARTESIAN_POINT('Ctrl Pts',(-29.2557780221733,10.2633628064594,-2.62437626916014));
#7802=CARTESIAN_POINT('Ctrl Pts',(-30.6084715454464,-4.93544662936347,-2.5452334448436));
#7803=CARTESIAN_POINT('Ctrl Pts',(-24.54709440779,-18.9387782054372,-2.46609062052706));
#7804=CARTESIAN_POINT('Ctrl Pts',(-12.5398505453073,-28.35470528997,-2.38694779621051));
#7805=CARTESIAN_POINT('Ctrl Pts',(2.50483142911643,-30.9024753586409,-2.30780497189397));
#7806=CARTESIAN_POINT('Ctrl Pts',(16.9427860410969,-25.9649603301316,-2.22866214757743));
#7807=CARTESIAN_POINT('Ctrl Pts',(27.276811036233,-14.7381390776902,-2.14951932326088));
#7808=CARTESIAN_POINT('Ctrl Pts',(31.0037696142437,0.0585959605592953,-2.07037649894434));
#7809=CARTESIAN_POINT('Ctrl Pts',(27.2209073136169,14.8411377192983,-1.9912336746278));
#7810=CARTESIAN_POINT('Ctrl Pts',(16.8445197538761,26.0288170695669,-1.91209085031125));
#7811=CARTESIAN_POINT('Ctrl Pts',(2.38800491567159,30.9117226356349,-1.83294802599471));
#7812=CARTESIAN_POINT('Ctrl Pts',(-12.6469392360368,28.307103202901,-1.75380520167817));
#7813=CARTESIAN_POINT('Ctrl Pts',(-24.6185059498604,18.8458570666443,-1.67466237736162));
#7814=CARTESIAN_POINT('Ctrl Pts',(-30.6269084329,4.81971406023777,-1.59551955304509));
#7815=CARTESIAN_POINT('Ctrl Pts',(-29.2167744199181,-10.3738737352697,-1.51637672872854));
#7816=CARTESIAN_POINT('Ctrl Pts',(-20.7296705650384,-23.0546724558099,-1.437233904412));
#7817=CARTESIAN_POINT('Ctrl Pts',(-7.22136719946804,-30.1511031232714,-1.35809108009545));
#7818=CARTESIAN_POINT('Ctrl Pts',(8.03611618006936,-29.94424820429,-1.27894825577891));
#7819=CARTESIAN_POINT('Ctrl Pts',(21.3470687401893,-22.4842126831546,-1.19980543146237));
#7820=CARTESIAN_POINT('Ctrl Pts',(29.487273855162,-9.57798749061509,-1.12066260714582));
#7821=CARTESIAN_POINT('Ctrl Pts',(30.4849879889776,5.64824495676176,-1.04151978282928));
#7822=CARTESIAN_POINT('Ctrl Pts',(24.0985419986173,19.5063435148819,-0.962376958512737));
#7823=CARTESIAN_POINT('Ctrl Pts',(11.8748789182809,28.6395603048626,-0.883234134196196));
#7824=CARTESIAN_POINT('Ctrl Pts',(-3.22515096329856,30.8356216905648,-0.804091309879651));
#7825=CARTESIAN_POINT('Ctrl Pts',(-17.5439756449204,25.5625914638977,-0.724948485563109));
#7826=CARTESIAN_POINT('Ctrl Pts',(-27.6132488612905,14.0977179395863,-0.645805661246564));
#7827=CARTESIAN_POINT('Ctrl Pts',(-30.9939627377581,-0.781944748788793,
-0.566662836930023));
#7828=CARTESIAN_POINT('Ctrl Pts',(-26.8672311849835,-15.4722025656448,-0.487520012613479));
#7829=CARTESIAN_POINT('Ctrl Pts',(-16.2326428065835,-26.4147396597727,-0.408377188296936));
#7830=CARTESIAN_POINT('Ctrl Pts',(-1.6661377167284,-30.9590237069679,-0.329234363980394));
#7831=CARTESIAN_POINT('Ctrl Pts',(13.3039439693747,-28.0043253559058,-0.250091539663849));
#7832=CARTESIAN_POINT('Ctrl Pts',(25.0515066704464,-18.2663400088873,-0.170948715347308));
#7833=CARTESIAN_POINT('Ctrl Pts',(30.7310224799358,-4.10383005464102,-0.0918058910307643));
#7834=CARTESIAN_POINT('Ctrl Pts',(28.9667829940796,11.052721237487,-0.0126630667142219));
#7835=CARTESIAN_POINT('Ctrl Pts',(20.1861272974681,23.5320510901644,0.0664797576023207));
#7836=CARTESIAN_POINT('Ctrl Pts',(6.51593067975131,30.3113808850137,0.145622581918864));
#7837=CARTESIAN_POINT('Ctrl Pts',(-8.73257312033057,29.7486021600642,0.224765406235407));
#7838=CARTESIAN_POINT('Ctrl Pts',(-21.8658483285589,21.9800327718626,0.303908230551951));
#7839=CARTESIAN_POINT('Ctrl Pts',(-29.7027158305612,8.88739759820769,0.383051054868494));
#7840=CARTESIAN_POINT('Ctrl Pts',(-30.3449073859937,-6.35796819079517,0.462193879185036));
#7841=CARTESIAN_POINT('Ctrl Pts',(-23.636869537613,-20.0632889188577,0.54133670350158));
#7842=CARTESIAN_POINT('Ctrl Pts',(-11.2034422102174,-28.9088229857602,0.620479527818122));
#7843=CARTESIAN_POINT('Ctrl Pts',(3.94371461748545,-30.7519800792653,0.699622352134666));
#7844=CARTESIAN_POINT('Ctrl Pts',(18.1356137219413,-25.1463054683632,0.778765176451208));
#7845=CARTESIAN_POINT('Ctrl Pts',(27.9346531106105,-13.449621532577,0.857908000767752));
#7846=CARTESIAN_POINT('Ctrl Pts',(30.9672817118898,1.5048678201581,0.937050825084295));
#7847=CARTESIAN_POINT('Ctrl Pts',(26.4989276375736,16.0948438277088,1.01619364940084));
#7848=CARTESIAN_POINT('Ctrl Pts',(15.6119282659213,26.7862811827141,1.09533647371738));
#7849=CARTESIAN_POINT('Ctrl Pts',(0.943363416716567,30.9894696508944,1.17447929803392));
#7850=CARTESIAN_POINT('Ctrl Pts',(-13.9537055908905,27.6863010180567,1.25362212235047));
#7851=CARTESIAN_POINT('Ctrl Pts',(-25.4708685133777,17.676878145021,1.33276494666701));
#7852=CARTESIAN_POINT('Ctrl Pts',(-30.8184055310549,3.38571178677945,1.41190777098355));
#7853=CARTESIAN_POINT('Ctrl Pts',(-28.7010210832757,-11.7255512687915,1.4910505953001));
#7854=CARTESIAN_POINT('Ctrl Pts',(-19.6315940274137,-23.9966180892748,1.57019341961664));
#7855=CARTESIAN_POINT('Ctrl Pts',(-5.80694666955728,-30.4551561177515,1.64933624393318));
#7856=CARTESIAN_POINT('Ctrl Pts',(9.42427575587235,-29.5367599823842,1.72847906824972));
#7857=CARTESIAN_POINT('Ctrl Pts',(22.3727234181654,-21.4638861959797,1.80762189256627));
#7858=CARTESIAN_POINT('Ctrl Pts',(29.901986654558,-8.19196910945931,1.88676471688281));
#7859=CARTESIAN_POINT('Ctrl Pts',(30.1883060010573,7.06422993441094,1.96590754119935));
#7860=CARTESIAN_POINT('Ctrl Pts',(23.1623283746979,20.609311197669,2.0450503655159));
#7861=CARTESIAN_POINT('Ctrl Pts',(10.5259059737052,29.1623467370583,2.12419318983244));
#7862=CARTESIAN_POINT('Ctrl Pts',(-4.66013118160397,30.6515960620313,2.20333601414898));
#7863=CARTESIAN_POINT('Ctrl Pts',(-18.7173781646135,24.7163289835393,2.28247883846553));
#7864=CARTESIAN_POINT('Ctrl Pts',(-28.2408488009755,12.7942027020106,2.36162166278207));
#7865=CARTESIAN_POINT('Ctrl Pts',(-30.9237410626815,-2.22697159118115,2.44076448709861));
#7866=CARTESIAN_POINT('Ctrl Pts',(-26.1161971881499,-16.7087225187735,2.51990731141516));
#7867=CARTESIAN_POINT('Ctrl Pts',(-14.9827140696343,-27.1432393587663,2.5990501357317));
#7868=CARTESIAN_POINT('Ctrl Pts',(-0.220075518125524,-31.0030438916249,
2.67819296004824));
#7869=CARTESIAN_POINT('Ctrl Pts',(14.5958703486374,-27.3532033324337,2.75733578436478));
#7870=CARTESIAN_POINT('Ctrl Pts',(25.8763631640485,-17.0777923977888,2.83647860868133));
#7871=CARTESIAN_POINT('Ctrl Pts',(30.8890100120033,-2.66575022424335,2.91562143299787));
#7872=CARTESIAN_POINT('Ctrl Pts',(28.4196333771745,12.3919975180228,2.99476425731441));
#7873=CARTESIAN_POINT('Ctrl Pts',(19.0663726613249,24.4481205273367,3.07390708163096));
#7874=CARTESIAN_POINT('Ctrl Pts',(5.09480116348162,30.5823505454418,3.1530499059475));
#7875=CARTESIAN_POINT('Ctrl Pts',(-10.110847500657,29.3088370052132,3.23219273026404));
#7876=CARTESIAN_POINT('Ctrl Pts',(-22.8674180492664,20.9360539629554,3.31133555458059));
#7877=CARTESIAN_POINT('Ctrl Pts',(-30.0849778374545,7.4920806388858,3.39047837889713));
#7878=CARTESIAN_POINT('Ctrl Pts',(-30.0152690931972,-7.76664567510715,3.46962120321367));
#7879=CARTESIAN_POINT('Ctrl Pts',(-22.6751768659434,-21.1441130785351,3.54876402753021));
#7880=CARTESIAN_POINT('Ctrl Pts',(-9.84263908212021,-29.3999935319519,3.62790685184676));
#7881=CARTESIAN_POINT('Ctrl Pts',(5.37401061452809,-30.5345242912778,3.7070496761633));
#7882=CARTESIAN_POINT('Ctrl Pts',(19.2889522409274,-24.2728961029977,3.78619250047984));
#7883=CARTESIAN_POINT('Ctrl Pts',(28.5316692292166,-12.1318182798075,3.86533532479639));
#7884=CARTESIAN_POINT('Ctrl Pts',(30.8633644951176,2.94786292442687,3.94447814911293));
#7885=CARTESIAN_POINT('Ctrl Pts',(25.719248207963,17.3135044227587,4.02362097342948));
#7886=CARTESIAN_POINT('Ctrl Pts',(14.3453427829648,27.4854198479654,4.10276379774601));
#7887=CARTESIAN_POINT('Ctrl Pts',(-0.503332196933947,30.9997390388892,4.18190662206256));
#7888=CARTESIAN_POINT('Ctrl Pts',(-15.2300886266546,27.005213648552,4.26104944637911));
#7889=CARTESIAN_POINT('Ctrl Pts',(-26.267769857616,16.4694089294976,4.34019227069565));
#7890=CARTESIAN_POINT('Ctrl Pts',(-30.9427974833414,1.94433733817432,4.41933509501219));
#7891=CARTESIAN_POINT('Ctrl Pts',(-28.1227730726494,-13.0516971495649,4.49847791932873));
#7892=CARTESIAN_POINT('Ctrl Pts',(-18.490770924607,-24.8863125913303,4.57762074364527));
#7893=CARTESIAN_POINT('Ctrl Pts',(-4.37988187734294,-30.6928949191864,4.65676356796182));
#7894=CARTESIAN_POINT('Ctrl Pts',(10.7919145620765,-29.0649573174388,4.73590639227836));
#7895=CARTESIAN_POINT('Ctrl Pts',(23.3496628935677,-20.396823442302,4.81504921659491));
#7896=CARTESIAN_POINT('Ctrl Pts',(30.2515897527337,-6.78811322916701,4.89419204091144));
#7897=CARTESIAN_POINT('Ctrl Pts',(29.8258908694905,8.46483299427365,4.97333486522799));
#7898=CARTESIAN_POINT('Ctrl Pts',(22.1756802329162,21.6674033974343,5.05247768954453));
#7899=CARTESIAN_POINT('Ctrl Pts',(9.15401352879856,29.621633987582,5.13162051386108));
#7900=CARTESIAN_POINT('Ctrl Pts',(-6.08496425643085,30.40082850479,5.21076333817762));
#7901=CARTESIAN_POINT('Ctrl Pts',(-19.8500247668488,23.8162482464217,5.28990616249416));
#7902=CARTESIAN_POINT('Ctrl Pts',(-28.8069560629707,11.46282889019,5.36904898681072));
#7903=CARTESIAN_POINT('Ctrl Pts',(-30.7861848802202,-3.66714934255494,5.44819181112724));
#7904=CARTESIAN_POINT('Ctrl Pts',(-25.3082968093071,-17.9088602761793,5.5273346354438));
#7905=CARTESIAN_POINT('Ctrl Pts',(-13.7001614121471,-27.8126363558152,5.60647745976032));
#7906=CARTESIAN_POINT('Ctrl Pts',(1.22646588112032,-30.9795568919593,5.68562028407689));
#7907=CARTESIAN_POINT('Ctrl Pts',(15.8560151353113,-26.6425214236279,5.76476310839341));
#7908=CARTESIAN_POINT('Ctrl Pts',(26.6448754991924,-15.8520589644448,5.84390593270998));
#7909=CARTESIAN_POINT('Ctrl Pts',(30.9797386613716,-1.22186588986296,5.9230487570265));
#7910=CARTESIAN_POINT('Ctrl Pts',(27.8106017903737,13.7042910008857,6.00219158134306));
#7911=CARTESIAN_POINT('Ctrl Pts',(17.9051021940873,25.3109557148477,6.08133440565959));
#7912=CARTESIAN_POINT('Ctrl Pts',(3.66257803709959,30.786729054933,6.16047722997614));
#7913=CARTESIAN_POINT('Ctrl Pts',(-11.4671061444554,28.8052536953155,6.23962005429267));
#7914=CARTESIAN_POINT('Ctrl Pts',(-23.8191954008558,19.8464882091403,6.31876287860923));
#7915=CARTESIAN_POINT('Ctrl Pts',(-30.4017316912995,6.08045014369249,6.39790570292576));
#7916=CARTESIAN_POINT('Ctrl Pts',(-29.6202744337725,-9.15841177539535,6.47704852724231));
#7917=CARTESIAN_POINT('Ctrl Pts',(-21.6641104182798,-22.1788972576247,6.55619135155885));
#7918=CARTESIAN_POINT('Ctrl Pts',(-8.46040422451088,-29.8271474354752,6.6353341758754));
#7919=CARTESIAN_POINT('Ctrl Pts',(6.79260504038384,-30.2505814910234,6.71447700019193));
#7920=CARTESIAN_POINT('Ctrl Pts',(20.4002902757395,-23.3466340281692,6.79361982450849));
#7921=CARTESIAN_POINT('Ctrl Pts',(29.0665594268834,-10.7875987533442,6.87276264882502));
#7922=CARTESIAN_POINT('Ctrl Pts',(30.6922442371513,4.38443924199548,6.95190547314157));
#7923=CARTESIAN_POINT('Ctrl Pts',(24.8835667278608,18.494465947407,7.03104829745811));
#7924=CARTESIAN_POINT('Ctrl Pts',(13.047521215487,28.12471073471,7.11019112177465));
#7925=CARTESIAN_POINT('Ctrl Pts',(-1.94893183628228,30.942508438671,7.18933394609119));
#7926=CARTESIAN_POINT('Ctrl Pts',(-16.4733090992923,26.265324119433,7.26847677040775));
#7927=CARTESIAN_POINT('Ctrl Pts',(-27.0074747798603,15.2260786085881,7.34761959472427));
#7928=CARTESIAN_POINT('Ctrl Pts',(-30.999813434082,0.498729216916513,7.42676241904084));
#7929=CARTESIAN_POINT('Ctrl Pts',(-27.4832894868288,-14.3494237780777,7.50590524335736));
#7930=CARTESIAN_POINT('Ctrl Pts',(-17.3096853274001,-25.721818707978,7.58504806767392));
#7931=CARTESIAN_POINT('Ctrl Pts',(-2.94328016693963,-30.8638018662412,7.66419089199044));
#7932=CARTESIAN_POINT('Ctrl Pts',(12.1360546509263,-28.5298675301766,7.74333371630702));
#7933=CARTESIAN_POINT('Ctrl Pts',(24.2757599419382,-19.2853478843677,7.82247654062352));
#7934=CARTESIAN_POINT('Ctrl Pts',(30.5353219108616,-5.36947665790205,7.90161936494011));
#7935=CARTESIAN_POINT('Ctrl Pts',(29.3985317305043,9.84700441099852,7.98076218925661));
#7936=CARTESIAN_POINT('Ctrl Pts',(21.1407459377426,22.6783161847505,8.05990501357318));
#7937=CARTESIAN_POINT('Ctrl Pts',(7.76218879334845,30.0164219872407,8.13904783788971));
#7938=CARTESIAN_POINT('Ctrl Pts',(-7.49654770308921,30.0838650494747,8.21819066220626));
#7939=CARTESIAN_POINT('Ctrl Pts',(-20.9394491846615,22.8643091219191,8.2973334865228));
#7940=CARTESIAN_POINT('Ctrl Pts',(-29.3103379842053,10.1064954871287,8.37647631083934));
#7941=CARTESIAN_POINT('Ctrl Pts',(-30.5815937103375,-5.09934210614939,8.45561913515589));
#7942=CARTESIAN_POINT('Ctrl Pts',(-24.4452892008781,-19.070002613139,8.53476195947243));
#7943=CARTESIAN_POINT('Ctrl Pts',(-12.3877775121232,-28.4214730809265,8.61390478378897));
#7944=CARTESIAN_POINT('Ctrl Pts',(2.67033672780404,-30.8886138494403,8.69304760810552));
#7945=CARTESIAN_POINT('Ctrl Pts',(17.0816344431289,-25.8738270947884,8.77219043242205));
#7946=CARTESIAN_POINT('Ctrl Pts',(27.3553702884506,-14.5918086665586,8.85133325673862));
#7947=CARTESIAN_POINT('Ctrl Pts',(31.003010872095,0.224678980887161,8.93047608105513));
#7948=CARTESIAN_POINT('Ctrl Pts',(27.141014361774,14.9867442492915,9.00961890537169));
#7949=CARTESIAN_POINT('Ctrl Pts',(16.7048444893913,26.1186778831731,9.08876172968823));
#7950=CARTESIAN_POINT('Ctrl Pts',(2.22237987666846,30.9240713920964,9.16790455400477));
#7951=CARTESIAN_POINT('Ctrl Pts',(-12.7983958835608,28.2389487514559,9.24704737832132));
#7952=CARTESIAN_POINT('Ctrl Pts',(-24.7191079478166,18.7137079715349,9.32619020263786));
#7953=CARTESIAN_POINT('Ctrl Pts',(-30.6522876804385,4.65557984952786,9.4053330269544));
#7954=CARTESIAN_POINT('Ctrl Pts',(-29.1607834838262,-10.530236008234,9.48447585127095));
#7955=CARTESIAN_POINT('Ctrl Pts',(-20.6058717284227,-23.165388278453,9.56361867558749));
#7956=CARTESIAN_POINT('Ctrl Pts',(-7.05974736713197,-30.1893545954856,9.64276149990403));
#7957=CARTESIAN_POINT('Ctrl Pts',(8.19640899462995,-29.9007699461476,9.72190432422057));
#7958=CARTESIAN_POINT('Ctrl Pts',(21.4672079574826,-22.3695361214733,9.80104714853712));
#7959=CARTESIAN_POINT('Ctrl Pts',(29.5381590137408,-9.41988990692905,9.88018997285366));
#7960=CARTESIAN_POINT('Ctrl Pts',(30.4542935416241,5.81146871799966,9.95933279717021));
#7961=CARTESIAN_POINT('Ctrl Pts',(23.993702841296,19.6351569319749,10.0384756214867));
#7962=CARTESIAN_POINT('Ctrl Pts',(11.7212894885828,28.7027618271227,10.1176184458033));
#7963=CARTESIAN_POINT('Ctrl Pts',(-3.39028779874668,30.8179024662836,10.1967612701198));
#7964=CARTESIAN_POINT('Ctrl Pts',(-17.6806599741687,25.4682434937615,10.2759040944364));
#7965=CARTESIAN_POINT('Ctrl Pts',(-27.6883726190188,13.9495944561148,10.3550469187529));
#7966=CARTESIAN_POINT('Ctrl Pts',(-30.9893292346187,-0.947964855943655,
10.4341897430695));
#7967=CARTESIAN_POINT('Ctrl Pts',(-26.7839627612287,-15.6159054359589,10.513332567386));
#7968=CARTESIAN_POINT('Ctrl Pts',(-16.0909089756315,-26.5013171770318,10.5924753917026));
#7969=CARTESIAN_POINT('Ctrl Pts',(-1.50026964850262,-30.9675048197539,10.6716182160191));
#7970=CARTESIAN_POINT('Ctrl Pts',(13.4537692416502,-27.9326557450616,10.7507610403356));
#7971=CARTESIAN_POINT('Ctrl Pts',(25.148998045016,-18.1318796905196,10.8299038646522));
#7972=CARTESIAN_POINT('Ctrl Pts',(30.7525653199557,-3.93914838785668,10.9090466889687));
#7973=CARTESIAN_POINT('Ctrl Pts',(28.9071591318309,11.2077345929811,10.9881895132853));
#7974=CARTESIAN_POINT('Ctrl Pts',(20.0597789937193,23.6398483604026,11.0673323376018));
#7975=CARTESIAN_POINT('Ctrl Pts',(6.35346237845516,30.345851109917,11.1464751619184));
#7976=CARTESIAN_POINT('Ctrl Pts',(-8.89180788712422,29.7013958641371,11.2256179862349));
#7977=CARTESIAN_POINT('Ctrl Pts',(-21.9832792646844,21.8625843977924,11.3047608105514));
#7978=CARTESIAN_POINT('Ctrl Pts',(-29.7498984821056,8.72815582377546,11.383903634868));
#7979=CARTESIAN_POINT('Ctrl Pts',(-30.3104130374787,-6.52043137201347,11.4630464591845));
#7980=CARTESIAN_POINT('Ctrl Pts',(-23.5290535078241,-20.1896212150116,11.5421892835011));
#7981=CARTESIAN_POINT('Ctrl Pts',(-11.0484200032248,-28.9684238303025,11.6213321078176));
#7982=CARTESIAN_POINT('Ctrl Pts',(4.10839308368092,-30.7304127868413,11.7004749321342));
#7983=CARTESIAN_POINT('Ctrl Pts',(18.2700595628886,-25.0487941296224,11.7796177564507));
#7984=CARTESIAN_POINT('Ctrl Pts',(28.0063004739645,-13.2997856201412,11.8587605807673));
#7985=CARTESIAN_POINT('Ctrl Pts',(30.9587759703937,1.67073462724363,11.9379034050838));
#7986=CARTESIAN_POINT('Ctrl Pts',(26.4123290760205,16.2365648016967,12.0170462294003));
#7987=CARTESIAN_POINT('Ctrl Pts',(15.4682130331379,26.8695282679313,12.0961890537169));
#7988=CARTESIAN_POINT('Ctrl Pts',(0.777342623389289,30.9940785026036,12.1753318780334));
#7989=CARTESIAN_POINT('Ctrl Pts',(-14.1018179180309,27.6111552671452,12.25447470235));
#7990=CARTESIAN_POINT('Ctrl Pts',(-25.5651961869974,17.5401798080871,12.3336175266665));
#7991=CARTESIAN_POINT('Ctrl Pts',(-30.8361002349139,3.22057232212509,12.412760350983));
#7992=CARTESIAN_POINT('Ctrl Pts',(-28.6377967560938,-11.8791313123629,12.4919031752996));
#7993=CARTESIAN_POINT('Ctrl Pts',(-19.5027650447723,-24.1014381186705,12.5710459996161));
#7994=CARTESIAN_POINT('Ctrl Pts',(-5.64371835247525,-30.4858263286012,12.6501888239327));
#7995=CARTESIAN_POINT('Ctrl Pts',(9.58236578216879,-29.4858513493577,12.7293316482492));
#7996=CARTESIAN_POINT('Ctrl Pts',(22.4873821397959,-21.3437299523416,12.8084744725658));
#7997=CARTESIAN_POINT('Ctrl Pts',(29.9454411112552,-8.03166984082628,12.8876172968823));
#7998=CARTESIAN_POINT('Ctrl Pts',(30.1500305312573,7.22584408522293,12.9667601211988));
#7999=CARTESIAN_POINT('Ctrl Pts',(23.0515941710917,20.733093593359,13.0459029455154));
#8000=CARTESIAN_POINT('Ctrl Pts',(10.3695353886898,29.2183144551907,13.1250457698319));
#8001=CARTESIAN_POINT('Ctrl Pts',(-4.82426162208478,30.6261924434196,13.2041885941485));
#8002=CARTESIAN_POINT('Ctrl Pts',(-18.8495123204491,24.6157073646266,13.283331418465));
#8003=CARTESIAN_POINT('Ctrl Pts',(-28.3089807627356,12.6427359362903,13.3624742427816));
#8004=CARTESIAN_POINT('Ctrl Pts',(-30.9113677136385,-2.39259479476254,13.4416170670981));
#8005=CARTESIAN_POINT('Ctrl Pts',(-26.0263156359504,-16.8483844387994,13.5207598914146));
#8006=CARTESIAN_POINT('Ctrl Pts',(-14.8370956783966,-27.2231106894455,13.5999027157312));
#8007=CARTESIAN_POINT('Ctrl Pts',(-0.0539923869667274,-31.0037779730446,
13.6790455400477));
#8008=CARTESIAN_POINT('Ctrl Pts',(14.7421890933407,-27.2746223533138,13.7581883643643));
#8009=CARTESIAN_POINT('Ctrl Pts',(25.9674757815797,-16.9389304654329,13.8373311886808));
#8010=CARTESIAN_POINT('Ctrl Pts',(30.9028469461131,-2.50024286916377,13.9164740129974));
#8011=CARTESIAN_POINT('Ctrl Pts',(28.3528430064966,12.5440606355619,13.9956168373139));
#8012=CARTESIAN_POINT('Ctrl Pts',(18.9351331385951,24.5499062483622,14.0747596616305));
#8013=CARTESIAN_POINT('Ctrl Pts',(4.93090169756626,30.6092040443497,14.153902485947));
#8014=CARTESIAN_POINT('Ctrl Pts',(-10.2677067169611,29.2542537514491,14.2330453102635));
#8015=CARTESIAN_POINT('Ctrl Pts',(-22.9792421323606,20.8132552668256,14.3121881345801));
#8016=CARTESIAN_POINT('Ctrl Pts',(-30.1246804412458,7.3308111483326,14.3913309588966));
#8017=CARTESIAN_POINT('Ctrl Pts',(-29.9732333405574,-7.9273228073664,14.4704737832131));
#8018=CARTESIAN_POINT('Ctrl Pts',(-22.5615847759225,-21.265278182487,14.5496166075297));
#8019=CARTESIAN_POINT('Ctrl Pts',(-9.68500525245567,-29.4522976529778,14.6287594318462));
#8020=CARTESIAN_POINT('Ctrl Pts',(5.53750367119586,-30.5052981770575,14.7079022561628));
#8021=CARTESIAN_POINT('Ctrl Pts',(19.4187027734002,-24.1692189856859,14.7870450804793));
#8022=CARTESIAN_POINT('Ctrl Pts',(28.5962486960652,-11.978803124373,14.8661879047959));
#8023=CARTESIAN_POINT('Ctrl Pts',(30.8471302749927,3.11315235369588,14.9453307291124));
#8024=CARTESIAN_POINT('Ctrl Pts',(25.6261325996387,17.451031252205,15.024473553429));
#8025=CARTESIAN_POINT('Ctrl Pts',(14.1979005127927,27.5618719394843,15.1036163777455));
#8026=CARTESIAN_POINT('Ctrl Pts',(-0.669387244716153,30.9965979503609,15.1827592020621));
#8027=CARTESIAN_POINT('Ctrl Pts',(-15.3745341281051,26.9232402233351,15.2619020263786));
#8028=CARTESIAN_POINT('Ctrl Pts',(-26.355617814304,16.3284590027982,15.3410448506951));
#8029=CARTESIAN_POINT('Ctrl Pts',(-30.9527691144124,1.77855220040517,15.4201876750117));
#8030=CARTESIAN_POINT('Ctrl Pts',(-28.0524530213861,-13.2021605528252,15.4993304993282));
#8031=CARTESIAN_POINT('Ctrl Pts',(-18.3571923129722,-24.9850085884403,15.5784733236448));
#8032=CARTESIAN_POINT('Ctrl Pts',(-4.21540049494262,-30.7159170862028,15.6576161479613));
#8033=CARTESIAN_POINT('Ctrl Pts',(10.9474575689887,-29.0067291598992,15.7367589722779));
#8034=CARTESIAN_POINT('Ctrl Pts',(23.458591457355,-20.2714491493678,15.8159017965944));
#8035=CARTESIAN_POINT('Ctrl Pts',(30.2875188881984,-6.62596131724687,15.8950446209109));
#8036=CARTESIAN_POINT('Ctrl Pts',(29.7801177196721,8.62448563007748,15.9741874452275));
#8037=CARTESIAN_POINT('Ctrl Pts',(22.0592920998259,21.7858852431266,16.053330269544));
#8038=CARTESIAN_POINT('Ctrl Pts',(8.99520227558311,29.6702460357491,16.1324730938606));
#8039=CARTESIAN_POINT('Ctrl Pts',(-6.24773091814692,30.3677958059489,16.2116159181771));
#8040=CARTESIAN_POINT('Ctrl Pts',(-19.977321035533,23.7095720773068,16.2907587424937));
#8041=CARTESIAN_POINT('Ctrl Pts',(-28.8679478754932,11.3083486491149,16.3699015668102));
#8042=CARTESIAN_POINT('Ctrl Pts',(-30.7660986278353,-3.83201500366962,16.4490443911267));
#8043=CARTESIAN_POINT('Ctrl Pts',(-25.2119978394027,-18.0441771498996,16.5281872154433));
#8044=CARTESIAN_POINT('Ctrl Pts',(-13.5509755368851,-27.8856275678338,16.6073300397598));
#8045=CARTESIAN_POINT('Ctrl Pts',(1.39240244216854,-30.97254237651,16.6864728640764));
#8046=CARTESIAN_POINT('Ctrl Pts',(15.9985087476657,-26.5572001186441,16.7656156883929));
#8047=CARTESIAN_POINT('Ctrl Pts',(26.7294109769826,-15.7090979008608,16.8447585127095));
#8048=CARTESIAN_POINT('Ctrl Pts',(30.9858395427674,-1.05589300036672,16.923901337026));
#8049=CARTESIAN_POINT('Ctrl Pts',(27.7367903769433,13.8530723379067,17.0030441613425));
#8050=CARTESIAN_POINT('Ctrl Pts',(17.7692571537153,25.406509083227,17.0821869856591));
#8051=CARTESIAN_POINT('Ctrl Pts',(3.49760441032175,30.8059057764829,17.1613298099756));
#8052=CARTESIAN_POINT('Ctrl Pts',(-11.6212484935327,28.7434153464403,17.2404726342922));
#8053=CARTESIAN_POINT('Ctrl Pts',(-23.9251686942036,19.7186008373044,17.3196154586087));
#8054=CARTESIAN_POINT('Ctrl Pts',(-30.4338686491168,5.91751503364125,17.3987582829252));
#8055=CARTESIAN_POINT('Ctrl Pts',(-29.5707871836043,-9.31697385397257,17.4779011072418));
#8056=CARTESIAN_POINT('Ctrl Pts',(-21.544992702789,-22.2945915746616,17.5570439315583));
#8057=CARTESIAN_POINT('Ctrl Pts',(-8.30049610982359,-29.8721167521219,17.6361867558749));
#8058=CARTESIAN_POINT('Ctrl Pts',(6.95454544501509,-30.2136156516746,17.7153295801914));
#8059=CARTESIAN_POINT('Ctrl Pts',(20.5250844082993,-23.2372926658668,17.794472404508));
#8060=CARTESIAN_POINT('Ctrl Pts',(29.1238895869849,-10.6312096892262,17.8736152288245));
#8061=CARTESIAN_POINT('Ctrl Pts',(30.6683940957719,4.54776666321111,17.9527580531411));
#8062=CARTESIAN_POINT('Ctrl Pts',(24.7839941055878,18.629613015801,18.0319008774576));
#8063=CARTESIAN_POINT('Ctrl Pts',(16.8593021634662,25.0024656992927,18.0846627603353));
#8064=CARTESIAN_POINT('Ctrl Pts',(12.3749802376655,27.0536971760823,18.1110437017741));
#8065=CARTESIAN_POINT('Ctrl Pts',(17.1608224855763,-24.0653719147724,-10.1110437017741));
#8066=CARTESIAN_POINT('Ctrl Pts',(21.1498105424608,-21.2208567257402,-10.0846627603353));
#8067=CARTESIAN_POINT('Ctrl Pts',(27.6823316708955,-13.5132417393587,-10.0319008774576));
#8068=CARTESIAN_POINT('Ctrl Pts',(30.7745268666118,1.33131559916616,-9.95275805314105));
#8069=CARTESIAN_POINT('Ctrl Pts',(26.4129531876757,15.8490034785387,-9.87361522882451));
#8070=CARTESIAN_POINT('Ctrl Pts',(15.6533062719809,26.5299067956388,-9.79447240450796));
#8071=CARTESIAN_POINT('Ctrl Pts',(1.10220129294753,30.7835151978944,-9.71532958019142));
#8072=CARTESIAN_POINT('Ctrl Pts',(-13.7159499644839,27.5812530957655,-9.63618675587487));
#8073=CARTESIAN_POINT('Ctrl Pts',(-25.2117493616432,17.697867308029,-9.55704393155835));
#8074=CARTESIAN_POINT('Ctrl Pts',(-30.6007061082917,3.52781891609898,-9.47790110724178));
#8075=CARTESIAN_POINT('Ctrl Pts',(-28.5774633618258,-11.4968342834281,-9.39875828292526));
#8076=CARTESIAN_POINT('Ctrl Pts',(-19.6321116484013,-23.736646338397,-9.3196154586087));
#8077=CARTESIAN_POINT('Ctrl Pts',(-5.93141155709742,-30.2269245030792,-9.24047263429217));
#8078=CARTESIAN_POINT('Ctrl Pts',(9.20601042493438,-29.3955389229236,-9.16132980997562));
#8079=CARTESIAN_POINT('Ctrl Pts',(22.1135272323694,-21.4438892081261,-9.08218698565907));
#8080=CARTESIAN_POINT('Ctrl Pts',(29.6646424588618,-8.29803648352801,-9.00304416134254));
#8081=CARTESIAN_POINT('Ctrl Pts',(30.0303041828702,6.85778833533784,-8.92390133702598));
#8082=CARTESIAN_POINT('Ctrl Pts',(23.1219404747806,20.3525011880702,-8.84475851270946));
#8083=CARTESIAN_POINT('Ctrl Pts',(10.6129149197371,28.9173730686505,-8.7656156883929));
#8084=CARTESIAN_POINT('Ctrl Pts',(-4.46680097241232,30.47779721078,-8.68647286407637));
#8085=CARTESIAN_POINT('Ctrl Pts',(-18.4645556675833,24.6558028628784,-8.60733003975981));
#8086=CARTESIAN_POINT('Ctrl Pts',(-27.9897734054408,12.8616101919086,-8.52818721544329));
#8087=CARTESIAN_POINT('Ctrl Pts',(-30.7352289577397,-2.04795816139109,-8.44904439112672));
#8088=CARTESIAN_POINT('Ctrl Pts',(-26.0359103119583,-16.4614642693151,-8.3699015668102));
#8089=CARTESIAN_POINT('Ctrl Pts',(-15.0300997355457,-26.8876278933961,-8.29075874249364));
#8090=CARTESIAN_POINT('Ctrl Pts',(-0.383655836560913,-30.8009941379538,
-8.21161591817712));
#8091=CARTESIAN_POINT('Ctrl Pts',(14.3557182659912,-27.2536563568457,-8.13247309386055));
#8092=CARTESIAN_POINT('Ctrl Pts',(25.6178096345917,-17.1048607491354,-8.05333026954403));
#8093=CARTESIAN_POINT('Ctrl Pts',(30.6746826039533,-2.81287733058659,-7.97418744522747));
#8094=CARTESIAN_POINT('Ctrl Pts',(28.3014470822377,12.1604492014561,-7.89504462091094));
#8095=CARTESIAN_POINT('Ctrl Pts',(19.0729548985887,24.1882372893145,-7.81590179659438));
#8096=CARTESIAN_POINT('Ctrl Pts',(5.22455756478244,30.3570820399802,-7.73675897227785));
#8097=CARTESIAN_POINT('Ctrl Pts',(-9.88934689830567,29.1727484076063,-7.6576161479613));
#8098=CARTESIAN_POINT('Ctrl Pts',(-22.6078257490593,20.9221090387495,-7.57847332364477));
#8099=CARTESIAN_POINT('Ctrl Pts',(-29.8501730215114,7.60365716709782,-7.4993304993282));
#8100=CARTESIAN_POINT('Ctrl Pts',(-29.862126849004,-7.55657407711686,-7.42018767501168));
#8101=CARTESIAN_POINT('Ctrl Pts',(-22.6407917415872,-20.886430548159,-7.34104485069513));
#8102=CARTESIAN_POINT('Ctrl Pts',(-9.93533993980123,-29.1571166614524,-7.26190202637859));
#8103=CARTESIAN_POINT('Ctrl Pts',(5.17667803908623,-30.3652834040558,-7.18275920206204));
#8104=CARTESIAN_POINT('Ctrl Pts',(19.034786402994,-24.2182852060455,-7.10361637774551));
#8105=CARTESIAN_POINT('Ctrl Pts',(28.2822348978535,-12.2050653792435,-7.02447355342895));
#8106=CARTESIAN_POINT('Ctrl Pts',(30.6790803604657,2.76449994846418,-6.94533072911242));
#8107=CARTESIAN_POINT('Ctrl Pts',(25.6447520950103,17.0644402695909,-6.86618790479587));
#8108=CARTESIAN_POINT('Ctrl Pts',(14.3986793511636,27.2309835421225,-6.78704508047933));
#8109=CARTESIAN_POINT('Ctrl Pts',(-0.335082282181815,30.8015608629358,-6.70790225616278));
#8110=CARTESIAN_POINT('Ctrl Pts',(-14.9876793361843,26.9112968815085,-6.62875943184625));
#8111=CARTESIAN_POINT('Ctrl Pts',(-26.0099182562682,16.5025023566493,-6.5496166075297));
#8112=CARTESIAN_POINT('Ctrl Pts',(-30.7319611162304,2.096424975876,-6.47047378321316));
#8113=CARTESIAN_POINT('Ctrl Pts',(-28.0100213217053,-12.8174543996295,-6.39133095889661));
#8114=CARTESIAN_POINT('Ctrl Pts',(-18.5034148382567,-24.6266536714259,-6.31218813458007));
#8115=CARTESIAN_POINT('Ctrl Pts',(-4.51485881101454,-30.4707151482464,-6.23304531026353));
#8116=CARTESIAN_POINT('Ctrl Pts',(10.5672991035117,-28.9340737087935,-6.15390248594699));
#8117=CARTESIAN_POINT('Ctrl Pts',(23.0898159025943,-20.3889389942997,-6.07475966163044));
#8118=CARTESIAN_POINT('Ctrl Pts',(30.0194521033918,-6.90513773513155,-5.99561683731391));
#8119=CARTESIAN_POINT('Ctrl Pts',(29.6776916006174,8.25124554159023,-5.91647401299734));
#8120=CARTESIAN_POINT('Ctrl Pts',(22.1473165911189,21.4089887557008,-5.83733118868082));
#8121=CARTESIAN_POINT('Ctrl Pts',(9.25235583571894,29.3809860831492,-5.75818836436426));
#8122=CARTESIAN_POINT('Ctrl Pts',(-5.88373675288053,30.2362377545847,-5.67904554004774));
#8123=CARTESIAN_POINT('Ctrl Pts',(-19.5946539624548,23.7675822880794,-5.59990271573117));
#8124=CARTESIAN_POINT('Ctrl Pts',(-28.5592985971833,11.5418757299624,-5.52075989141465));
#8125=CARTESIAN_POINT('Ctrl Pts',(-30.6062290457684,-3.47953665405812,-5.44161706709808));
#8126=CARTESIAN_POINT('Ctrl Pts',(-25.2396320180469,-17.6581258156849,-5.36247424278157));
#8127=CARTESIAN_POINT('Ctrl Pts',(-13.7594198442762,-27.5595137344241,-5.283331418465));
#8128=CARTESIAN_POINT('Ctrl Pts',(1.05363797085194,-30.7853581878683,-5.20418859414848));
#8129=CARTESIAN_POINT('Ctrl Pts',(15.6114806127777,-26.5542859969128,-5.12504576983192));
#8130=CARTESIAN_POINT('Ctrl Pts',(26.3878662089634,-15.8911594500471,-5.04590294551538));
#8131=CARTESIAN_POINT('Ctrl Pts',(30.7725081215768,-1.37883125742731,-4.96676012119884));
#8132=CARTESIAN_POINT('Ctrl Pts',(27.7033459692389,13.4674813472164,-4.88761729688229));
#8133=CARTESIAN_POINT('Ctrl Pts',(17.9238009003563,25.0516624800304,-4.80847447256576));
#8134=CARTESIAN_POINT('Ctrl Pts',(3.80270201718505,30.5677589806232,-4.7293316482492));
#8135=CARTESIAN_POINT('Ctrl Pts',(-11.2394981178408,28.679646333036,-4.65018882393267));
#8136=CARTESIAN_POINT('Ctrl Pts',(-23.5592351885046,19.8446685299024,-4.57104599961612));
#8137=CARTESIAN_POINT('Ctrl Pts',(-30.1723875920546,6.20285891535474,-4.49190317529958));
#8138=CARTESIAN_POINT('Ctrl Pts',(-29.4770988248558,-8.94142475216659,-4.41276035098304));
#8139=CARTESIAN_POINT('Ctrl Pts',(-21.6417837011564,-21.9198911941033,-4.33361752666649));
#8140=CARTESIAN_POINT('Ctrl Pts',(-8.56433443983164,-29.5888595138726,-4.25447470234995));
#8141=CARTESIAN_POINT('Ctrl Pts',(6.5875921637045,-30.0907304865414,-4.17533187803341));
#8142=CARTESIAN_POINT('Ctrl Pts',(20.1438535372869,-23.3039395038114,-4.09618905371686));
#8143=CARTESIAN_POINT('Ctrl Pts',(28.8208136596747,-10.8724022977117,-4.01704622940032));
#8144=CARTESIAN_POINT('Ctrl Pts',(30.5167146768716,4.19267898358321,-3.93790340508378));
#8145=CARTESIAN_POINT('Ctrl Pts',(24.8207706417009,18.2421976878077,-3.85876058076723));
#8146=CARTESIAN_POINT('Ctrl Pts',(13.1126692492748,27.8730396061875,-3.77961775645069));
#8147=CARTESIAN_POINT('Ctrl Pts',(-1.77162002378982,30.7523949347084,-3.70047493213415));
#8148=CARTESIAN_POINT('Ctrl Pts',(-16.2267824774642,26.1828180713619,-3.62133210781761));
#8149=CARTESIAN_POINT('Ctrl Pts',(-26.7514477251992,15.2711648650293,-3.54218928350106));
#8150=CARTESIAN_POINT('Ctrl Pts',(-30.7963015448366,0.660486857150455,-3.46304645918452));
#8151=CARTESIAN_POINT('Ctrl Pts',(-27.3815879891576,-14.1101761477661,-3.38390363486798));
#8152=CARTESIAN_POINT('Ctrl Pts',(-17.3344286460879,-25.463032326152,-3.30476081055144));
#8153=CARTESIAN_POINT('Ctrl Pts',(-3.08847490526072,-30.6481607031898,-3.22561798623489));
#8154=CARTESIAN_POINT('Ctrl Pts',(11.9055779736796,-28.4096047991099,-3.14647516191835));
#8155=CARTESIAN_POINT('Ctrl Pts',(24.0158280392385,-19.2895939645888,-3.06733233760181));
#8156=CARTESIAN_POINT('Ctrl Pts',(30.3088962243079,-5.49720305183484,-2.98818951328526));
#8157=CARTESIAN_POINT('Ctrl Pts',(29.2604577311315,9.62673595221346,-2.90904668896872));
#8158=CARTESIAN_POINT('Ctrl Pts',(21.124468300704,22.4188597110006,-2.82990386465217));
#8159=CARTESIAN_POINT('Ctrl Pts',(7.87165033398583,29.7806237803783,-2.75076104033563));
#8160=CARTESIAN_POINT('Ctrl Pts',(-7.28786106914417,29.9288408189463,-2.67161821601909));
#8161=CARTESIAN_POINT('Ctrl Pts',(-20.6820861248834,22.8276092758719,-2.59247539170255));
#8162=CARTESIAN_POINT('Ctrl Pts',(-29.0666377077856,10.1970095662066,-2.51333256738601));
#8163=CARTESIAN_POINT('Ctrl Pts',(-30.41058598839,-4.9035386785165,-2.43418974306946));
#8164=CARTESIAN_POINT('Ctrl Pts',(-24.3883960081072,-18.8163378977078,-2.35504691875292));
#8165=CARTESIAN_POINT('Ctrl Pts',(-12.458779678803,-28.1713904634475,-2.27590409443638));
#8166=CARTESIAN_POINT('Ctrl Pts',(2.48863754756477,-30.702689049753,-2.19676127011983));
#8167=CARTESIAN_POINT('Ctrl Pts',(16.8332499393399,-25.797095344412,-2.11761844580329));
#8168=CARTESIAN_POINT('Ctrl Pts',(27.1004648590443,-14.6428561473735,-2.03847562148674));
#8169=CARTESIAN_POINT('Ctrl Pts',(30.8033284320745,0.0582171342503721,-1.9593327971702));
#8170=CARTESIAN_POINT('Ctrl Pts',(27.0449225572615,14.7451888967453,-1.88018997285366));
#8171=CARTESIAN_POINT('Ctrl Pts',(16.7356189494079,25.8605392462955,-1.80104714853711));
#8172=CARTESIAN_POINT('Ctrl Pts',(2.37256632435582,30.7118765425609,-1.72190432422057));
#8173=CARTESIAN_POINT('Ctrl Pts',(-12.5651760348895,28.1240961266529,-1.64276149990403));
#8174=CARTESIAN_POINT('Ctrl Pts',(-24.4593458703853,18.7240174995068,-1.56361867558748));
#8175=CARTESIAN_POINT('Ctrl Pts',(-30.428903680289,4.78855432721271,-1.48447585127095));
#8176=CARTESIAN_POINT('Ctrl Pts',(-29.0278862660979,-10.3068060354047,-1.4053330269544));
#8177=CARTESIAN_POINT('Ctrl Pts',(-20.5956520335587,-22.9056226512518,-1.32619020263786));
#8178=CARTESIAN_POINT('Ctrl Pts',(-7.17468063856437,-29.9561744797894,-1.24704737832132));
#8179=CARTESIAN_POINT('Ctrl Pts',(7.98416221939865,-29.7506568899461,-1.16790455400477));
#8180=CARTESIAN_POINT('Ctrl Pts',(21.2090586934315,-22.3388509343599,-1.08876172968823));
#8181=CARTESIAN_POINT('Ctrl Pts',(29.2966369066872,-9.51606524182704,-1.00961890537169));
#8182=CARTESIAN_POINT('Ctrl Pts',(30.2879007603292,5.61172872307786,-0.93047608105514));
#8183=CARTESIAN_POINT('Ctrl Pts',(23.9427435164696,19.380233864263,-0.851333256738601));
#8184=CARTESIAN_POINT('Ctrl Pts',(11.798107132201,28.4544038740241,-0.772190432422056));
#8185=CARTESIAN_POINT('Ctrl Pts',(-3.20430017386871,30.6362675945475,-0.693047608105514));
#8186=CARTESIAN_POINT('Ctrl Pts',(-17.4305528172459,25.3973278164096,-0.613904783788971));
#8187=CARTESIAN_POINT('Ctrl Pts',(-27.4347275939042,14.0065753693487,-0.534761959472426));
#8188=CARTESIAN_POINT('Ctrl Pts',(-30.7935849576184,-0.776889430297282,
-0.455619135155885));
#8189=CARTESIAN_POINT('Ctrl Pts',(-26.6935329654658,-15.3721738719857,-0.376476310839341));
#8190=CARTESIAN_POINT('Ctrl Pts',(-16.1276978223328,-26.2439668244055,-0.297333486522798));
#8191=CARTESIAN_POINT('Ctrl Pts',(-1.65536603903395,-30.7588718097037,-0.218190662206255));
#8192=CARTESIAN_POINT('Ctrl Pts',(13.2179331942362,-27.8232757561305,-0.139047837889711));
#8193=CARTESIAN_POINT('Ctrl Pts',(24.8895472160116,-18.1482470533905,-0.0599050135731688));
#8194=CARTESIAN_POINT('Ctrl Pts',(30.5323446239271,-4.0772985535427,0.0192378107433738));
#8195=CARTESIAN_POINT('Ctrl Pts',(28.779511049435,10.9812647488537,0.0983806350599164));
#8196=CARTESIAN_POINT('Ctrl Pts',(20.0556228049736,23.379915004841,0.177523459376459));
#8197=CARTESIAN_POINT('Ctrl Pts',(6.47380480716769,30.1154160364367,0.256666283693003));
#8198=CARTESIAN_POINT('Ctrl Pts',(-8.67611652484566,29.5562757088282,0.335809108009545));
#8199=CARTESIAN_POINT('Ctrl Pts',(-21.7244843414489,21.8379305756547,0.41495193232609));
#8200=CARTESIAN_POINT('Ctrl Pts',(-29.5106860371267,8.82994005342662,0.494094756642632));
#8201=CARTESIAN_POINT('Ctrl Pts',(-30.1487257866288,-6.31686355493269,0.573237580959175));
#8202=CARTESIAN_POINT('Ctrl Pts',(-23.4840557949021,-19.9335785836586,0.652380405275718));
#8203=CARTESIAN_POINT('Ctrl Pts',(-11.1310113016885,-28.7219257559561,0.731523229592261));
#8204=CARTESIAN_POINT('Ctrl Pts',(3.91821827204418,-30.5531667311522,0.810666053908802));
#8205=CARTESIAN_POINT('Ctrl Pts',(18.0183659195282,-24.9837331341607,0.889808878225348));
#8206=CARTESIAN_POINT('Ctrl Pts',(27.754053945972,-13.3626689434803,0.968951702541889));
#8207=CARTESIAN_POINT('Ctrl Pts',(30.7670764261414,1.49513876176829,1.04809452685843));
#8208=CARTESIAN_POINT('Ctrl Pts',(26.3276105220106,15.9907897219082,1.12723735117498));
#8209=CARTESIAN_POINT('Ctrl Pts',(15.5109962374455,26.6131063096912,1.20638017549152));
#8210=CARTESIAN_POINT('Ctrl Pts',(0.93726451710486,30.7891209188237,1.28552299980806));
#8211=CARTESIAN_POINT('Ctrl Pts',(-13.863494068902,27.5073074642083,1.3646658241246));
#8212=CARTESIAN_POINT('Ctrl Pts',(-25.3061978601242,17.5625960949176,1.44380864844115));
#8213=CARTESIAN_POINT('Ctrl Pts',(-30.6191627385147,3.36382296224394,1.52295147275769));
#8214=CARTESIAN_POINT('Ctrl Pts',(-28.5154673049135,-11.649744894691,1.60209429707423));
#8215=CARTESIAN_POINT('Ctrl Pts',(-19.5046746249127,-23.8414785511566,1.68123712139078));
#8216=CARTESIAN_POINT('Ctrl Pts',(-5.76940442002694,-30.2582617538937,1.76037994570732));
#8217=CARTESIAN_POINT('Ctrl Pts',(9.36334726243106,-29.3458031032053,1.83952277002387));
#8218=CARTESIAN_POINT('Ctrl Pts',(22.2280824539834,-21.3251209175443,1.9186655943404));
#8219=CARTESIAN_POINT('Ctrl Pts',(29.7086685636025,-8.13900755049331,1.99780841865695));
#8220=CARTESIAN_POINT('Ctrl Pts',(29.9931368387965,7.01855927510767,2.07695124297349));
#8221=CARTESIAN_POINT('Ctrl Pts',(23.0125825683337,20.4760707965322,2.15609406729004));
#8222=CARTESIAN_POINT('Ctrl Pts',(10.4578553765351,28.9738104613882,2.23523689160658));
#8223=CARTESIAN_POINT('Ctrl Pts',(-4.63000316121397,30.4534317024555,2.31437971592312));
#8224=CARTESIAN_POINT('Ctrl Pts',(-18.5963692210849,24.5565364724355,2.39352254023966));
#8225=CARTESIAN_POINT('Ctrl Pts',(-28.0582700633072,12.711487433951,2.47266536455621));
#8226=CARTESIAN_POINT('Ctrl Pts',(-30.7238172697743,-2.21257408971769,2.55180818887275));
#8227=CARTESIAN_POINT('Ctrl Pts',(-25.9473544473061,-16.6006996513651,2.63095101318929));
#8228=CARTESIAN_POINT('Ctrl Pts',(-14.8858499477037,-26.9677567302774,2.71009383750584));
#8229=CARTESIAN_POINT('Ctrl Pts',(-0.218652717041397,-30.8026074012948,
2.78923666182238));
#8230=CARTESIAN_POINT('Ctrl Pts',(14.5015071939671,-27.1763632745864,2.86837948613893));
#8231=CARTESIAN_POINT('Ctrl Pts',(25.7090709641846,-16.967383472047,2.94752231045547));
#8232=CARTESIAN_POINT('Ctrl Pts',(30.6893107573682,-2.64851599327847,3.02666513477201));
#8233=CARTESIAN_POINT('Ctrl Pts',(28.2358987867743,12.3118825299793,3.10580795908855));
#8234=CARTESIAN_POINT('Ctrl Pts',(18.9431074479826,24.2900619995741,3.1849507834051));
#8235=CARTESIAN_POINT('Ctrl Pts',(5.06186297626018,30.3846338621768,3.26409360772164));
#8236=CARTESIAN_POINT('Ctrl Pts',(-10.0454802807679,29.1193536613997,3.34323643203818));
#8237=CARTESIAN_POINT('Ctrl Pts',(-22.7195788553883,20.8007011507489,3.42237925635473));
#8238=CARTESIAN_POINT('Ctrl Pts',(-29.8904766978092,7.44364389977795,3.50152208067127));
#8239=CARTESIAN_POINT('Ctrl Pts',(-29.8212186246566,-7.71643385699673,3.58066490498781));
#8240=CARTESIAN_POINT('Ctrl Pts',(-22.5285805225486,-21.0074151519889,3.65980772930435));
#8241=CARTESIAN_POINT('Ctrl Pts',(-9.77900584532895,-29.2099208558666,3.7389505536209));
#8242=CARTESIAN_POINT('Ctrl Pts',(5.3392673218908,-30.3371168075405,3.81809337793744));
#8243=CARTESIAN_POINT('Ctrl Pts',(19.1642480375972,-24.1159704113772,3.89723620225399));
#8244=CARTESIAN_POINT('Ctrl Pts',(28.3472103204864,-12.0533853657419,3.97637902657052));
#8245=CARTESIAN_POINT('Ctrl Pts',(30.6638310402477,2.92880481837083,4.05552185088707));
#8246=CARTESIAN_POINT('Ctrl Pts',(25.5529717654707,17.2015716050025,4.13466467520361));
#8247=CARTESIAN_POINT('Ctrl Pts',(14.2525993036455,27.3077250026195,4.21380749952016));
#8248=CARTESIAN_POINT('Ctrl Pts',(-0.50007812487005,30.7993239146252,4.2929503238367));
#8249=CARTESIAN_POINT('Ctrl Pts',(-15.1316252137583,26.8306233643448,4.37209314815324));
#8250=CARTESIAN_POINT('Ctrl Pts',(-26.0979471906075,16.3629332384275,4.45123597246979));
#8251=CARTESIAN_POINT('Ctrl Pts',(-30.7427504895612,1.93176708367147,4.53037879678633));
#8252=CARTESIAN_POINT('Ctrl Pts',(-27.9409577014641,-12.9673171648558,4.60952162110287));
#8253=CARTESIAN_POINT('Ctrl Pts',(-18.3712270101262,-24.7254211262696,4.68866444541941));
#8254=CARTESIAN_POINT('Ctrl Pts',(-4.35156568508058,-30.4944635600859,4.76780726973596));
#8255=CARTESIAN_POINT('Ctrl Pts',(10.7221442038393,-28.8770506700571,4.8469500940525));
#8256=CARTESIAN_POINT('Ctrl Pts',(23.1987059585926,-20.2649567869198,4.92609291836904));
#8257=CARTESIAN_POINT('Ctrl Pts',(30.0560114573206,-6.74422768049722,5.00523574268558));
#8258=CARTESIAN_POINT('Ctrl Pts',(29.6330647422319,8.41010735434828,5.08437856700213));
#8259=CARTESIAN_POINT('Ctrl Pts',(22.0323131644405,21.5273223683996,5.16352139131867));
#8260=CARTESIAN_POINT('Ctrl Pts',(9.0948322964473,29.4301283930001,5.24266421563522));
#8261=CARTESIAN_POINT('Ctrl Pts',(-6.0456246069562,30.2042853721245,5.32180703995176));
#8262=CARTESIAN_POINT('Ctrl Pts',(-19.7216931968539,23.6622748098769,5.4009498642683));
#8263=CARTESIAN_POINT('Ctrl Pts',(-28.6207174087747,11.3887210316186,5.48009268858485));
#8264=CARTESIAN_POINT('Ctrl Pts',(-30.5871503960704,-3.64344100777634,5.55923551290138));
#8265=CARTESIAN_POINT('Ctrl Pts',(-25.1446771916198,-17.7930784480428,5.63837833721793));
#8266=CARTESIAN_POINT('Ctrl Pts',(-13.6115890680894,-27.6328260366261,5.71752116153447));
#8267=CARTESIAN_POINT('Ctrl Pts',(1.21853670753396,-30.7792722464545,5.79666398585102));
#8268=CARTESIAN_POINT('Ctrl Pts',(15.7535050709625,-26.4702759658476,5.87580681016756));
#8269=CARTESIAN_POINT('Ctrl Pts',(26.472614822176,-15.7495744769718,5.9549496344841));
#8270=CARTESIAN_POINT('Ctrl Pts',(30.7794528407169,-1.21396645548891,6.03409245880065));
#8271=CARTESIAN_POINT('Ctrl Pts',(27.6308046247691,13.6156919587955,6.11323528311718));
#8272=CARTESIAN_POINT('Ctrl Pts',(17.7893446621711,25.1473189071808,6.19237810743374));
#8273=CARTESIAN_POINT('Ctrl Pts',(3.6388992560779,30.5876910526619,6.27152093175027));
#8274=CARTESIAN_POINT('Ctrl Pts',(-11.3929706331853,28.6190260470259,6.35066375606682));
#8275=CARTESIAN_POINT('Ctrl Pts',(-23.6652029107854,19.7181795031977,6.42980658038335));
#8276=CARTESIAN_POINT('Ctrl Pts',(-30.2051827194805,6.04113967822051,6.50894940469991));
#8277=CARTESIAN_POINT('Ctrl Pts',(-29.4287776287855,-9.09920210812284,6.58809222901644));
#8278=CARTESIAN_POINT('Ctrl Pts',(-21.5240506785478,-22.0355093908963,6.66723505333299));
#8279=CARTESIAN_POINT('Ctrl Pts',(-8.40570721684085,-29.6343131844441,6.74637787764953));
#8280=CARTESIAN_POINT('Ctrl Pts',(6.74869045189205,-30.0550097140811,6.82552070196607));
#8281=CARTESIAN_POINT('Ctrl Pts',(20.2684012070765,-23.1956966749859,6.90466352628262));
#8282=CARTESIAN_POINT('Ctrl Pts',(28.8786424217706,-10.7178562970626,6.98380635059917));
#8283=CARTESIAN_POINT('Ctrl Pts',(30.493817084748,4.3560935861043,7.06294917491569));
#8284=CARTESIAN_POINT('Ctrl Pts',(24.7226930149679,18.3748981443878,7.14209199923226));
#8285=CARTESIAN_POINT('Ctrl Pts',(12.9631682284357,27.9428828364263,7.22123482354879));
#8286=CARTESIAN_POINT('Ctrl Pts',(-1.93633187808066,30.7424633135814,7.30037764786534));
#8287=CARTESIAN_POINT('Ctrl Pts',(-16.3668081933965,26.0955172642648,7.37952047218187));
#8288=CARTESIAN_POINT('Ctrl Pts',(-26.832869877307,15.1276411206929,7.45866329649843));
#8289=CARTESIAN_POINT('Ctrl Pts',(-30.7993978288487,0.495504903387425,7.53780612081496));
#8290=CARTESIAN_POINT('Ctrl Pts',(-27.3056084143921,-14.2566539148865,7.61694894513151));
#8291=CARTESIAN_POINT('Ctrl Pts',(-17.1977772003184,-25.5555256470529,7.69609176944805));
#8292=CARTESIAN_POINT('Ctrl Pts',(-2.92425168867856,-30.6642655837415,7.7752345937646));
#8293=CARTESIAN_POINT('Ctrl Pts',(12.0575943484738,-28.345420269536,7.85437741808113));
#8294=CARTESIAN_POINT('Ctrl Pts',(24.1188157354317,-19.1606669834134,7.93352024239769));
#8295=CARTESIAN_POINT('Ctrl Pts',(30.3379092704671,-5.33476267755931,8.01266306671421));
#8296=CARTESIAN_POINT('Ctrl Pts',(29.2084685050508,9.78334295210097,8.09180589103077));
#8297=CARTESIAN_POINT('Ctrl Pts',(21.0040697799585,22.5316995454761,8.17094871534732));
#8298=CARTESIAN_POINT('Ctrl Pts',(7.71200578923905,29.8223640651728,8.25009153966385));
#8299=CARTESIAN_POINT('Ctrl Pts',(-7.44808208415027,29.8893711040686,8.32923436398038));
#8300=CARTESIAN_POINT('Ctrl Pts',(-20.8040744221482,22.716490027438,8.40837718829695));
#8301=CARTESIAN_POINT('Ctrl Pts',(-29.120844936475,10.0411564032614,8.48752001261348));
#8302=CARTESIAN_POINT('Ctrl Pts',(-30.3838819200556,-5.06637456146821,8.56666283693003));
#8303=CARTESIAN_POINT('Ctrl Pts',(-24.2872489778066,-18.9467139319461,8.64580566124657));
#8304=CARTESIAN_POINT('Ctrl Pts',(-12.3076898066644,-28.237726596734,8.72494848556312));
#8305=CARTESIAN_POINT('Ctrl Pts',(2.65307284482557,-30.6889171560194,8.80409130987964));
#8306=CARTESIAN_POINT('Ctrl Pts',(16.9712006783396,-25.7065512907604,8.88323413419621));
#8307=CARTESIAN_POINT('Ctrl Pts',(27.1785162211059,-14.4974717709003,8.96237695851274));
#8308=CARTESIAN_POINT('Ctrl Pts',(30.8025745952382,0.223226418147255,9.04151978282929));
#8309=CARTESIAN_POINT('Ctrl Pts',(26.9655461180206,14.889854072014,9.12066260714582));
#8310=CARTESIAN_POINT('Ctrl Pts',(16.5968466936695,25.949819104491,9.19980543146237));
#8311=CARTESIAN_POINT('Ctrl Pts',(2.20801206090767,30.7241454635904,9.27894825577891));
#8312=CARTESIAN_POINT('Ctrl Pts',(-12.7156535063373,28.0563822977187,9.35809108009545));
#8313=CARTESIAN_POINT('Ctrl Pts',(-24.5592974705463,18.5927227560191,9.437233904412));
#8314=CARTESIAN_POINT('Ctrl Pts',(-30.4541188495092,4.62548125376568,9.51637672872854));
#8315=CARTESIAN_POINT('Ctrl Pts',(-28.9722573146795,-10.4621574171376,9.59551955304509));
#8316=CARTESIAN_POINT('Ctrl Pts',(-20.4726535636556,-23.0156226896322,9.67466237736163));
#8317=CARTESIAN_POINT('Ctrl Pts',(-7.01410568788812,-29.9941786540006,9.75380520167818));
#8318=CARTESIAN_POINT('Ctrl Pts',(8.14341873154686,-29.7074597212832,9.8329480259947));
#8319=CARTESIAN_POINT('Ctrl Pts',(21.328421203665,-22.2249157633505,9.91209085031126));
#8320=CARTESIAN_POINT('Ctrl Pts',(29.3471930897424,-9.35898976825754,9.99123367462779));
#8321=CARTESIAN_POINT('Ctrl Pts',(30.2574047543713,5.7738972331619,10.0703764989443));
#8322=CARTESIAN_POINT('Ctrl Pts',(23.8385821504263,19.5082144950876,10.1495193232609));
#8323=CARTESIAN_POINT('Ctrl Pts',(11.6455106671404,28.5171967947498,10.2286621475774));
#8324=CARTESIAN_POINT('Ctrl Pts',(-3.36836939002637,30.6186629260865,10.307804971894));
#8325=CARTESIAN_POINT('Ctrl Pts',(-17.5663534743189,25.3035898114132,10.3869477962105));
#8326=CARTESIAN_POINT('Ctrl Pts',(-27.5093656721491,13.859409512853,10.4660906205271));
#8327=CARTESIAN_POINT('Ctrl Pts',(-30.7889814103476,-0.94183620775844,10.5452334448436));
#8328=CARTESIAN_POINT('Ctrl Pts',(-26.6108028769361,-15.5149476948464,10.6243762691602));
#8329=CARTESIAN_POINT('Ctrl Pts',(-15.9868803088796,-26.3299846129565,10.7035190934767));
#8330=CARTESIAN_POINT('Ctrl Pts',(-1.49057031756126,-30.7672980916001,10.7826619177932));
#8331=CARTESIAN_POINT('Ctrl Pts',(13.3667898373719,-27.7520694935081,10.8618047421098));
#8332=CARTESIAN_POINT('Ctrl Pts',(24.9864083031481,-18.0146560288379,10.9409475664263));
#8333=CARTESIAN_POINT('Ctrl Pts',(30.5537481882274,-3.91368156335678,11.0200903907429));
#8334=CARTESIAN_POINT('Ctrl Pts',(28.7202726589397,11.1352759339468,11.0992332150594));
#8335=CARTESIAN_POINT('Ctrl Pts',(19.9300913503914,23.4870153594284,11.178376039376));
#8336=CARTESIAN_POINT('Ctrl Pts',(6.31238687293276,30.1496634093217,11.2575188636925));
#8337=CARTESIAN_POINT('Ctrl Pts',(-8.83432182956757,29.5093746043626,11.3366616880091));
#8338=CARTESIAN_POINT('Ctrl Pts',(-21.8411560797106,21.7212415121856,11.4158045123256));
#8339=CARTESIAN_POINT('Ctrl Pts',(-29.5575636500719,8.67172778637093,11.4949473366421));
#8340=CARTESIAN_POINT('Ctrl Pts',(-30.1144544460925,-6.47827640219137,11.5740901609587));
#8341=CARTESIAN_POINT('Ctrl Pts',(-23.3769368020457,-20.059094134136,11.6532329852752));
#8342=CARTESIAN_POINT('Ctrl Pts',(-10.9769913223224,-28.7811412775559,11.7323758095918));
#8343=CARTESIAN_POINT('Ctrl Pts',(4.08183208233318,-30.531738872534,11.8115186339083));
#8344=CARTESIAN_POINT('Ctrl Pts',(18.1519425602578,-24.8868522119226,11.8906614582248));
#8345=CARTESIAN_POINT('Ctrl Pts',(27.8252381049355,-13.2138017289735,11.9698042825414));
#8346=CARTESIAN_POINT('Ctrl Pts',(30.758625674761,1.65993323025406,12.0489471068579));
#8347=CARTESIAN_POINT('Ctrl Pts',(26.2415718252182,16.1315944615183,12.1280899311745));
#8348=CARTESIAN_POINT('Ctrl Pts',(15.3682101320396,26.6958151976381,12.207232755491));
#8349=CARTESIAN_POINT('Ctrl Pts',(0.772317057907402,30.7936999740375,12.2863755798075));
#8350=CARTESIAN_POINT('Ctrl Pts',(-14.0106488411931,27.4326475349673,12.3655184041241));
#8351=CARTESIAN_POINT('Ctrl Pts',(-25.3999156998222,17.4267815207196,12.4446612284406));
#8352=CARTESIAN_POINT('Ctrl Pts',(-30.6367430450793,3.19975113387798,12.5238040527572));
#8353=CARTESIAN_POINT('Ctrl Pts',(-28.4526517267011,-11.8023320343067,12.6029468770737));
#8354=CARTESIAN_POINT('Ctrl Pts',(-19.3766785291717,-23.9456209129374,12.6820897013903));
#8355=CARTESIAN_POINT('Ctrl Pts',(-5.60723138355262,-30.2887336800381,12.7612325257068));
#8356=CARTESIAN_POINT('Ctrl Pts',(9.52041522747,-29.2952235974661,12.8403753500233));
#8357=CARTESIAN_POINT('Ctrl Pts',(22.3419999002788,-21.2057414910423,12.9195181743399));
#8358=CARTESIAN_POINT('Ctrl Pts',(29.7518420846982,-7.97974462599862,12.9986609986564));
#8359=CARTESIAN_POINT('Ctrl Pts',(29.9551088221453,7.17912858099123,13.077803822973));
#8360=CARTESIAN_POINT('Ctrl Pts',(22.9025642678242,20.5990529318012,13.1569466472895));
#8361=CARTESIAN_POINT('Ctrl Pts',(10.302495736489,29.0294163449525,13.2360894716061));
#8362=CARTESIAN_POINT('Ctrl Pts',(-4.79307248880662,30.4281923197224,13.3152322959226));
#8363=CARTESIAN_POINT('Ctrl Pts',(-18.7276491218821,24.4565653781686,13.3943751202391));
#8364=CARTESIAN_POINT('Ctrl Pts',(-28.1259615479534,12.5609999097215,13.4735179445557));
#8365=CARTESIAN_POINT('Ctrl Pts',(-30.711523915156,-2.3771265296102,13.5526607688722));
#8366=CARTESIAN_POINT('Ctrl Pts',(-25.8580539845936,-16.7394586489174,13.6318035931888));
#8367=CARTESIAN_POINT('Ctrl Pts',(-14.7411729878742,-27.0471116881366,13.7109464175053));
#8368=CARTESIAN_POINT('Ctrl Pts',(-0.0536433230301262,-30.8033367368353,
13.7900892418219));
#8369=CARTESIAN_POINT('Ctrl Pts',(14.6468799794362,-27.0982903260881,13.8692320661384));
#8370=CARTESIAN_POINT('Ctrl Pts',(25.7995945333195,-16.8294192901978,13.9483748904549));
#8371=CARTESIAN_POINT('Ctrl Pts',(30.7030582348905,-2.48407865292039,14.0275177147715));
#8372=CARTESIAN_POINT('Ctrl Pts',(28.1695402197455,12.4629625505781,14.106660539088));
#8373=CARTESIAN_POINT('Ctrl Pts',(18.8127163964359,24.3911896699657,14.1858033634046));
#8374=CARTESIAN_POINT('Ctrl Pts',(4.8990231299689,30.4113137516451,14.2649461877211));
#8375=CARTESIAN_POINT('Ctrl Pts',(-10.2013253930729,29.0651232915607,14.3440890120377));
#8376=CARTESIAN_POINT('Ctrl Pts',(-22.8306799892512,20.6786963553649,14.4232318363542));
#8377=CARTESIAN_POINT('Ctrl Pts',(-29.929922621947,7.28341702590451,14.5023746606707));
#8378=CARTESIAN_POINT('Ctrl Pts',(-29.779454635614,-7.87607220220724,14.5815174849873));
#8379=CARTESIAN_POINT('Ctrl Pts',(-22.415722812027,-21.1277969164638,14.6606603093038));
#8380=CARTESIAN_POINT('Ctrl Pts',(-9.62239112758409,-29.2618868276939,14.7398031336204));
#8381=CARTESIAN_POINT('Ctrl Pts',(5.50170338639401,-30.3080796418564,14.8189459579369));
#8382=CARTESIAN_POINT('Ctrl Pts',(19.293159725296,-24.012963572687,14.8980887822535));
#8383=CARTESIAN_POINT('Ctrl Pts',(28.4113722773083,-11.9013594622282,14.97723160657));
#8384=CARTESIAN_POINT('Ctrl Pts',(30.6477017753046,3.09302564182143,15.0563744308866));
#8385=CARTESIAN_POINT('Ctrl Pts',(25.4604581549951,17.3382093154603,15.1355172552031));
#8386=CARTESIAN_POINT('Ctrl Pts',(14.1061102563654,27.3836828268995,15.2146600795196));
#8387=CARTESIAN_POINT('Ctrl Pts',(-0.665059617065414,30.7962031334177,15.2938029038362));
#8388=CARTESIAN_POINT('Ctrl Pts',(-15.2751368666017,26.7491799021118,15.3729457281527));
#8389=CARTESIAN_POINT('Ctrl Pts',(-26.1852272051223,16.2228945612401,15.4520885524693));
#8390=CARTESIAN_POINT('Ctrl Pts',(-30.7526576534546,1.76705375650518,15.5312313767858));
#8391=CARTESIAN_POINT('Ctrl Pts',(-27.8710922734412,-13.1168078134222,15.6103742011023));
#8392=CARTESIAN_POINT('Ctrl Pts',(-18.2385119920209,-24.8234790479913,15.6895170254189));
#8393=CARTESIAN_POINT('Ctrl Pts',(-4.18814768442844,-30.5173368874472,15.7686598497354));
#8394=CARTESIAN_POINT('Ctrl Pts',(10.876681616123,-28.8191989609584,15.847802674052));
#8395=CARTESIAN_POINT('Ctrl Pts',(23.3069302928501,-20.1403930461153,15.9269454983685));
#8396=CARTESIAN_POINT('Ctrl Pts',(30.0917083088251,-6.58312409016254,16.0060883226851));
#8397=CARTESIAN_POINT('Ctrl Pts',(29.5875875185018,8.56872782653285,16.0852311470016));
#8398=CARTESIAN_POINT('Ctrl Pts',(21.9166774874314,21.6450382220363,16.1643739713182));
#8399=CARTESIAN_POINT('Ctrl Pts',(8.93704776726357,29.4784261614353,16.2435167956347));
#8400=CARTESIAN_POINT('Ctrl Pts',(-6.20733897269349,30.1714662316115,16.3226596199512));
#8401=CARTESIAN_POINT('Ctrl Pts',(-19.848166487723,23.5562883084287,16.4018024442678));
#8402=CARTESIAN_POINT('Ctrl Pts',(-28.6813149056654,11.2352395143287,16.4809452685843));
#8403=CARTESIAN_POINT('Ctrl Pts',(-30.5671940024809,-3.80724080275848,16.5600880929009));
#8404=CARTESIAN_POINT('Ctrl Pts',(-25.0490008001828,-17.9275204902676,16.6392309172174));
#8405=CARTESIAN_POINT('Ctrl Pts',(-13.4633676882282,-27.705345356194,16.718373741534));
#8406=CARTESIAN_POINT('Ctrl Pts',(1.38340047901902,-30.7723030802574,16.7975165658505));
#8407=CARTESIAN_POINT('Ctrl Pts',(15.8950774537867,-26.3855062680861,16.876659390167));
#8408=CARTESIAN_POINT('Ctrl Pts',(26.5566037731628,-15.6075376650173,16.9558022144836));
#8409=CARTESIAN_POINT('Ctrl Pts',(30.785514279558,-1.04906659042143,17.0349450388001));
#8410=CARTESIAN_POINT('Ctrl Pts',(27.5574704064395,13.7635114157791,17.1140878631167));
#8411=CARTESIAN_POINT('Ctrl Pts',(17.6543778679228,25.24225451745,17.1932306874332));
#8412=CARTESIAN_POINT('Ctrl Pts',(3.47499219343693,30.6067437955864,17.2723735117498));
#8413=CARTESIAN_POINT('Ctrl Pts',(-11.5461164429689,28.5575874866895,17.3515163360663));
#8414=CARTESIAN_POINT('Ctrl Pts',(-23.7704910805994,19.5911189306934,17.4306591603828));
#8415=CARTESIAN_POINT('Ctrl Pts',(-30.2371119099877,5.87925795317636,17.5098019846994));
#8416=CARTESIAN_POINT('Ctrl Pts',(-29.3796103165813,-9.25673907359693,17.588944809016));
#8417=CARTESIAN_POINT('Ctrl Pts',(-21.4057030660479,-22.1504557374133,17.6680876333325));
#8418=CARTESIAN_POINT('Ctrl Pts',(-8.24683291745878,-29.6789917718311,17.747230457649));
#8419=CARTESIAN_POINT('Ctrl Pts',(6.90958390234487,-30.0182828610437,17.8263732819655));
#8420=CARTESIAN_POINT('Ctrl Pts',(20.3923885382774,-23.0870622109798,17.9055161062821));
#8421=CARTESIAN_POINT('Ctrl Pts',(28.9356019390371,-10.5624782973823,17.9846589305986));
#8422=CARTESIAN_POINT('Ctrl Pts',(30.4701211359264,4.51836508599823,18.0638017549152));
#8423=CARTESIAN_POINT('Ctrl Pts',(24.6237641355161,18.5091714790877,18.1429445792317));
#8424=CARTESIAN_POINT('Ctrl Pts',(16.7503057898562,24.840823297602,18.1957064621094));
#8425=CARTESIAN_POINT('Ctrl Pts',(12.2949752673339,26.8787934430366,18.2220874035483));
#8426=CARTESIAN_POINT('Ctrl Pts',(17.0491548275312,-23.9087754740152,-10.));
#8427=CARTESIAN_POINT('Ctrl Pts',(21.012186030969,-21.0827699076832,-9.97361905856115));
#8428=CARTESIAN_POINT('Ctrl Pts',(27.5021992122376,-13.4253093538975,-9.92085717568346));
#8429=CARTESIAN_POINT('Ctrl Pts',(30.5742730998981,1.32265255896494,-9.84171435136691));
#8430=CARTESIAN_POINT('Ctrl Pts',(26.2410807365154,15.7458719938861,-9.76257152705037));
#8431=CARTESIAN_POINT('Ctrl Pts',(15.5514482139813,26.3572733124526,-9.68342870273382));
#8432=CARTESIAN_POINT('Ctrl Pts',(1.09502912872403,30.5832029429641,-9.60428587841728));
#8433=CARTESIAN_POINT('Ctrl Pts',(-13.6266985307787,27.4017783682725,-9.52514305410075));
#8434=CARTESIAN_POINT('Ctrl Pts',(-25.0476932968012,17.5827050309096,-9.44600022978419));
#8435=CARTESIAN_POINT('Ctrl Pts',(-30.4015834153956,3.50486294900015,-9.36685740546766));
#8436=CARTESIAN_POINT('Ctrl Pts',(-28.3915061672235,-11.4220229181546,-9.28771458115111));
#8437=CARTESIAN_POINT('Ctrl Pts',(-19.5043629969541,-23.5821889568419,-9.20857175683456));
#8438=CARTESIAN_POINT('Ctrl Pts',(-5.89281510648793,-30.0302340547045,-9.12942893251803));
#8439=CARTESIAN_POINT('Ctrl Pts',(9.14610574233797,-29.2042584064299,-9.05028610820148));
#8440=CARTESIAN_POINT('Ctrl Pts',(21.9696316936077,-21.3043510892939,-8.97114328388494));
#8441=CARTESIAN_POINT('Ctrl Pts',(29.4716108513784,-8.24404010303593,-8.8920004595684));
#8442=CARTESIAN_POINT('Ctrl Pts',(29.8348931679668,6.81316383302042,-8.81285763525185));
#8443=CARTESIAN_POINT('Ctrl Pts',(22.971483062588,20.2200648701174,-8.73371481093531));
#8444=CARTESIAN_POINT('Ctrl Pts',(10.5438553303663,28.7292040382845,-8.65457198661877));
#8445=CARTESIAN_POINT('Ctrl Pts',(-4.43773492945531,30.2794743017375,-8.57542916230223));
#8446=CARTESIAN_POINT('Ctrl Pts',(-18.3444044516392,24.4953644127264,-8.49628633798568));
#8447=CARTESIAN_POINT('Ctrl Pts',(-27.807640384251,12.7779180559387,-8.41714351366914));
#8448=CARTESIAN_POINT('Ctrl Pts',(-30.5352309075252,-2.03463183674379,-8.3380006893526));
#8449=CARTESIAN_POINT('Ctrl Pts',(-25.8664913268221,-16.354347424275,-8.25885786503605));
#8450=CARTESIAN_POINT('Ctrl Pts',(-14.9322969618696,-26.7126666734564,-8.17971504071951));
#8451=CARTESIAN_POINT('Ctrl Pts',(-0.381159339158189,-30.6005681453339,
-8.10057221640296));
#8452=CARTESIAN_POINT('Ctrl Pts',(14.2623037784475,-27.0763133430657,-8.02142939208643));
#8453=CARTESIAN_POINT('Ctrl Pts',(25.4511112838253,-16.9935572412383,-7.94228656776988));
#8454=CARTESIAN_POINT('Ctrl Pts',(30.475078536576,-2.79457357946168,-7.86314374345334));
#8455=CARTESIAN_POINT('Ctrl Pts',(28.1172859607286,12.0813196093724,-7.78400091913679));
#8456=CARTESIAN_POINT('Ctrl Pts',(18.9488447513439,24.0308413479133,-7.70485809482025));
#8457=CARTESIAN_POINT('Ctrl Pts',(5.19056070314768,30.1595446399321,-7.62571527050371));
#8458=CARTESIAN_POINT('Ctrl Pts',(-9.82499565822623,28.9829176173773,-7.54657244618716));
#8459=CARTESIAN_POINT('Ctrl Pts',(-22.4607137468804,20.7859662099495,-7.46742962187063));
#8460=CARTESIAN_POINT('Ctrl Pts',(-29.655934143022,7.55417920127532,-7.38828679755407));
#8461=CARTESIAN_POINT('Ctrl Pts',(-29.6678101854363,-7.50740248695879,-7.30914397323755));
#8462=CARTESIAN_POINT('Ctrl Pts',(-22.4934652254954,-20.7505198838423,-7.23000114892099));
#8463=CARTESIAN_POINT('Ctrl Pts',(-9.87068941714171,-28.9673875889869,-7.15085832460446));
#8464=CARTESIAN_POINT('Ctrl Pts',(5.14299273562455,-30.1676926366868,-7.07171550028789));
#8465=CARTESIAN_POINT('Ctrl Pts',(18.9109246230124,-24.0606937390222,-6.99257267597138));
#8466=CARTESIAN_POINT('Ctrl Pts',(28.0981987924757,-12.1256454640073,-6.91342985165481));
#8467=CARTESIAN_POINT('Ctrl Pts',(30.4794476763266,2.74651099512754,-6.83428702733829));
#8468=CARTESIAN_POINT('Ctrl Pts',(25.4778784262217,16.9533997829034,-6.75514420302172));
#8469=CARTESIAN_POINT('Ctrl Pts',(14.3049853103659,27.0537880632362,-6.6760013787052));
#8470=CARTESIAN_POINT('Ctrl Pts',(-0.332901859085275,30.6011311825642,-6.59685855438864));
#8471=CARTESIAN_POINT('Ctrl Pts',(-14.8901525974507,26.736181644448,-6.51771573007211));
#8472=CARTESIAN_POINT('Ctrl Pts',(-25.8406684047495,16.3951184715471,-6.43857290575555));
#8473=CARTESIAN_POINT('Ctrl Pts',(-30.5319843302768,2.08278327149267,-6.35943008143903));
#8474=CARTESIAN_POINT('Ctrl Pts',(-27.8277565447451,-12.7340495910249,-6.28028725712247));
#8475=CARTESIAN_POINT('Ctrl Pts',(-18.3830107607387,-24.4664048987759,-6.20114443280595));
#8476=CARTESIAN_POINT('Ctrl Pts',(-4.48548004957967,-30.272438323087,-6.12200160848938));
#8477=CARTESIAN_POINT('Ctrl Pts',(10.4985363420681,-28.7457960052346,-6.04285878417285));
#8478=CARTESIAN_POINT('Ctrl Pts',(22.9395675290852,-20.2562655708999,-5.9637159598563));
#8479=CARTESIAN_POINT('Ctrl Pts',(29.824111704352,-6.86020512423781,-5.88457313553977));
#8480=CARTESIAN_POINT('Ctrl Pts',(29.4845750807064,8.19755363571806,-5.80543031122322));
#8481=CARTESIAN_POINT('Ctrl Pts',(22.0032011806954,21.2696777385585,-5.72628748690668));
#8482=CARTESIAN_POINT('Ctrl Pts',(9.19214957763062,29.1898002638379,-5.64714466259013));
#8483=CARTESIAN_POINT('Ctrl Pts',(-5.84545052829539,30.0394867036961,-5.56800183827359));
#8484=CARTESIAN_POINT('Ctrl Pts',(-19.4671490529418,23.6129236023588,-5.48885901395705));
#8485=CARTESIAN_POINT('Ctrl Pts',(-28.3734596030186,11.4667712742584,-5.4097161896405));
#8486=CARTESIAN_POINT('Ctrl Pts',(-30.4070704144145,-3.45689486578907,-5.33057336532396));
#8487=CARTESIAN_POINT('Ctrl Pts',(-25.0753945172076,-17.5432221415188,-5.25143054100742));
#8488=CARTESIAN_POINT('Ctrl Pts',(-13.6698855465255,-27.3801804677247,-5.17228771669087));
#8489=CARTESIAN_POINT('Ctrl Pts',(1.04678181435178,-30.5850339403674,-5.09314489237433));
#8490=CARTESIAN_POINT('Ctrl Pts',(15.5098947196708,-26.3814938751582,-5.01400206805779));
#8491=CARTESIAN_POINT('Ctrl Pts',(26.2161570019694,-15.7877536511175,-4.93485924374124));
#8492=CARTESIAN_POINT('Ctrl Pts',(30.5722674910943,-1.36985902678482,-4.85571641942471));
#8493=CARTESIAN_POINT('Ctrl Pts',(27.5230767678647,13.3798467304564,-4.77657359510815));
#8494=CARTESIAN_POINT('Ctrl Pts',(17.8071684445697,24.8886481209206,-4.69743077079162));
#8495=CARTESIAN_POINT('Ctrl Pts',(3.77795735072987,30.368850678884,-4.61828794647507));
#8496=CARTESIAN_POINT('Ctrl Pts',(-11.166361271779,28.4930242208228,-4.53914512215853));
#8497=CARTESIAN_POINT('Ctrl Pts',(-23.4059322439023,19.7155367437495,-4.46000229784198));
#8498=CARTESIAN_POINT('Ctrl Pts',(-29.9760520223076,6.16249612220517,-4.38085947352544));
#8499=CARTESIAN_POINT('Ctrl Pts',(-29.2852875876902,-8.88324176224868,-4.3017166492089));
#8500=CARTESIAN_POINT('Ctrl Pts',(-21.5009578576482,-21.77725566971,-4.22257382489236));
#8501=CARTESIAN_POINT('Ctrl Pts',(-8.50860522461392,-29.3963210356663,-4.14343100057581));
#8502=CARTESIAN_POINT('Ctrl Pts',(6.54472586229636,-29.8949262699822,-4.06428817625927));
#8503=CARTESIAN_POINT('Ctrl Pts',(20.0127749161775,-23.1522978007519,-3.98514535194272));
#8504=CARTESIAN_POINT('Ctrl Pts',(28.6332729536836,-10.8016541909161,-3.90600252762619));
#8505=CARTESIAN_POINT('Ctrl Pts',(30.3181385269195,4.16539668732813,-3.82685970330964));
#8506=CARTESIAN_POINT('Ctrl Pts',(24.6592587251966,18.1234933835643,-3.74771687899309));
#8507=CARTESIAN_POINT('Ctrl Pts',(13.0273434400359,27.6916661867002,-3.66857405467656));
#8508=CARTESIAN_POINT('Ctrl Pts',(-1.76009186660687,30.552285183295,-3.58943123036001));
#8509=CARTESIAN_POINT('Ctrl Pts',(-16.12119273674,26.0124431387205,-3.51028840604347));
#8510=CARTESIAN_POINT('Ctrl Pts',(-26.5773726469621,15.1717934498461,-3.43114558172693));
#8511=CARTESIAN_POINT('Ctrl Pts',(-30.5959060875178,0.656188985031034,-3.35200275741038));
#8512=CARTESIAN_POINT('Ctrl Pts',(-27.2034125079489,-14.0183594340655,-3.27285993309384));
#8513=CARTESIAN_POINT('Ctrl Pts',(-17.2216313106404,-25.2973411310488,-3.1937171087773));
#8514=CARTESIAN_POINT('Ctrl Pts',(-3.06837780560882,-30.4487292171994,-3.11457428446075));
#8515=CARTESIAN_POINT('Ctrl Pts',(11.8281068611434,-28.2247398815588,-3.03543146014421));
#8516=CARTESIAN_POINT('Ctrl Pts',(23.8595539867908,-19.1640741193437,-2.95628863582767));
#8517=CARTESIAN_POINT('Ctrl Pts',(30.1116723755008,-5.46143205128331,-2.87714581151113));
#8518=CARTESIAN_POINT('Ctrl Pts',(29.0700562051609,9.56409355501449,-2.79800298719458));
#8519=CARTESIAN_POINT('Ctrl Pts',(20.9870086944077,22.2729773349038,-2.71886016287804));
#8520=CARTESIAN_POINT('Ctrl Pts',(7.82042850248647,29.5868374676609,-2.6397173385615));
#8521=CARTESIAN_POINT('Ctrl Pts',(-7.24043802876051,29.7340900390774,-2.56057451424495));
#8522=CARTESIAN_POINT('Ctrl Pts',(-20.5475051557606,22.6790671142857,-2.48143168992841));
#8523=CARTESIAN_POINT('Ctrl Pts',(-28.8774973933978,10.1306563259538,-2.40228886561187));
#8524=CARTESIAN_POINT('Ctrl Pts',(-30.2127004313337,-4.87163072766949,-2.32314604129532));
#8525=CARTESIAN_POINT('Ctrl Pts',(-24.2296976084243,-18.6938975899784,-2.24400321697878));
#8526=CARTESIAN_POINT('Ctrl Pts',(-12.3777088122987,-27.9880756369249,-2.16486039266224));
#8527=CARTESIAN_POINT('Ctrl Pts',(2.47244366601314,-30.502902740865,-2.08571756834569));
#8528=CARTESIAN_POINT('Ctrl Pts',(16.7237138375828,-25.6292303586925,-2.00657474402915));
#8529=CARTESIAN_POINT('Ctrl Pts',(26.9241186818557,-14.547573217057,-1.92743191971261));
#8530=CARTESIAN_POINT('Ctrl Pts',(30.6028872499053,0.0578383079414691,-1.84828909539607));
#8531=CARTESIAN_POINT('Ctrl Pts',(26.8689378009062,14.6492400741922,-1.76914627107952));
#8532=CARTESIAN_POINT('Ctrl Pts',(16.6267181449396,25.6922614230242,-1.69000344676298));
#8533=CARTESIAN_POINT('Ctrl Pts',(2.35712773304004,30.5120304494869,-1.61086062244644));
#8534=CARTESIAN_POINT('Ctrl Pts',(-12.4834128337422,27.9410890504047,-1.53171779812989));
#8535=CARTESIAN_POINT('Ctrl Pts',(-24.3001857909102,18.6021779323693,-1.45257497381335));
#8536=CARTESIAN_POINT('Ctrl Pts',(-30.2308989276779,4.75739459418763,-1.3734321494968));
#8537=CARTESIAN_POINT('Ctrl Pts',(-28.8389981122778,-10.2397383355397,-1.29428932518027));
#8538=CARTESIAN_POINT('Ctrl Pts',(-20.4616335020791,-22.7565728466937,-1.21514650086372));
#8539=CARTESIAN_POINT('Ctrl Pts',(-7.1279940776607,-29.7612458363073,-1.13600367654718));
#8540=CARTESIAN_POINT('Ctrl Pts',(7.93220825872792,-29.5570655756022,-1.05686085223063));
#8541=CARTESIAN_POINT('Ctrl Pts',(21.0710486466737,-22.1934891855652,-0.97771802791409));
#8542=CARTESIAN_POINT('Ctrl Pts',(29.1059999582123,-9.45414299303898,-0.898575203597548));
#8543=CARTESIAN_POINT('Ctrl Pts',(30.0908135316808,5.57521248939396,-0.819432379281003));
#8544=CARTESIAN_POINT('Ctrl Pts',(23.7869450343219,19.2541242136441,-0.740289554964462));
#8545=CARTESIAN_POINT('Ctrl Pts',(11.7213353461211,28.2692474431855,-0.661146730647918));
#8546=CARTESIAN_POINT('Ctrl Pts',(-3.18344938443887,30.4369134985301,-0.582003906331375));
#8547=CARTESIAN_POINT('Ctrl Pts',(-17.3171299895714,25.2320641689215,-0.502861082014832));
#8548=CARTESIAN_POINT('Ctrl Pts',(-27.2562063265178,13.915432799111,-0.423718257698288));
#8549=CARTESIAN_POINT('Ctrl Pts',(-30.5932071774787,-0.771834111805705,
-0.344575433381746));
#8550=CARTESIAN_POINT('Ctrl Pts',(-26.5198347459482,-15.2721451783266,-0.265432609065203));
#8551=CARTESIAN_POINT('Ctrl Pts',(-16.022752838082,-26.0731939890382,-0.18628978474866));
#8552=CARTESIAN_POINT('Ctrl Pts',(-1.64459436133952,-30.5587199124397,-0.107146960432117));
#8553=CARTESIAN_POINT('Ctrl Pts',(13.1319224190978,-27.642226156355,-0.0280041361155729));
#8554=CARTESIAN_POINT('Ctrl Pts',(24.7275877615769,-18.0301540978938,0.0511386882009694));
#8555=CARTESIAN_POINT('Ctrl Pts',(30.3336667679184,-4.05076705244435,0.130281512517512));
#8556=CARTESIAN_POINT('Ctrl Pts',(28.5922391047905,10.9098082602204,0.209424336834055));
#8557=CARTESIAN_POINT('Ctrl Pts',(19.9251183124792,23.2277789195177,0.288567161150598));
#8558=CARTESIAN_POINT('Ctrl Pts',(6.43167893458408,29.9194511878596,0.367709985467141));
#8559=CARTESIAN_POINT('Ctrl Pts',(-8.61965992936076,29.3639492575923,0.446852809783684));
#8560=CARTESIAN_POINT('Ctrl Pts',(-21.5831203543389,21.6958283794467,0.525995634100228));
#8561=CARTESIAN_POINT('Ctrl Pts',(-29.3186562436922,8.77248250864556,0.60513845841677));
#8562=CARTESIAN_POINT('Ctrl Pts',(-29.9525441872639,-6.27575891907021,0.684281282733313));
#8563=CARTESIAN_POINT('Ctrl Pts',(-23.3312420521913,-19.8038682484595,0.763424107049856));
#8564=CARTESIAN_POINT('Ctrl Pts',(-11.0585803931596,-28.535028526152,0.8425669313664));
#8565=CARTESIAN_POINT('Ctrl Pts',(3.89272192660286,-30.3543533830393,0.921709755682941));
#8566=CARTESIAN_POINT('Ctrl Pts',(17.9011181171152,-24.8211607999581,1.00085257999949));
#8567=CARTESIAN_POINT('Ctrl Pts',(27.5734547813334,-13.2757163543835,1.07999540431603));
#8568=CARTESIAN_POINT('Ctrl Pts',(30.566871140393,1.48540970337847,1.15913822863257));
#8569=CARTESIAN_POINT('Ctrl Pts',(26.1562934064476,15.8867356161078,1.23828105294911));
#8570=CARTESIAN_POINT('Ctrl Pts',(15.4100642089697,26.4399314366682,1.31742387726566));
#8571=CARTESIAN_POINT('Ctrl Pts',(0.931165617493168,30.5887721867532,1.3965667015822));
#8572=CARTESIAN_POINT('Ctrl Pts',(-13.7732825469136,27.3283139103599,1.47570952589875));
#8573=CARTESIAN_POINT('Ctrl Pts',(-25.1415272068708,17.4483140448142,1.55485235021529));
#8574=CARTESIAN_POINT('Ctrl Pts',(-30.4199199459746,3.34193413770843,1.63399517453183));
#8575=CARTESIAN_POINT('Ctrl Pts',(-28.3299135265513,-11.5739385205906,1.71313799884837));
#8576=CARTESIAN_POINT('Ctrl Pts',(-19.3777552224116,-23.6863390130384,1.79228082316492));
#8577=CARTESIAN_POINT('Ctrl Pts',(-5.7318621704966,-30.061367390036,1.87142364748146));
#8578=CARTESIAN_POINT('Ctrl Pts',(9.3024187689898,-29.1548462240264,1.950566471798));
#8579=CARTESIAN_POINT('Ctrl Pts',(22.0834414898014,-21.1863556391089,2.02970929611455));
#8580=CARTESIAN_POINT('Ctrl Pts',(29.5153504726471,-8.0860459915273,2.10885212043109));
#8581=CARTESIAN_POINT('Ctrl Pts',(29.7979676765358,6.97288861580441,2.18799494474763));
#8582=CARTESIAN_POINT('Ctrl Pts',(22.8628367619694,20.3428303953954,2.26713776906418));
#8583=CARTESIAN_POINT('Ctrl Pts',(10.3898047793651,28.7852741857181,2.34628059338072));
#8584=CARTESIAN_POINT('Ctrl Pts',(-4.59987514082397,30.2552673428795,2.42542341769726));
#8585=CARTESIAN_POINT('Ctrl Pts',(-18.4753602775563,24.3967439613318,2.50456624201381));
#8586=CARTESIAN_POINT('Ctrl Pts',(-27.8756913256388,12.6287721658912,2.58370906633035));
#8587=CARTESIAN_POINT('Ctrl Pts',(-30.5238934768672,-2.19817658825421,2.66285189064689));
#8588=CARTESIAN_POINT('Ctrl Pts',(-25.7785117064624,-16.4926767839567,2.74199471496343));
#8589=CARTESIAN_POINT('Ctrl Pts',(-14.7889858257732,-26.7922741017884,2.82113753927997));
#8590=CARTESIAN_POINT('Ctrl Pts',(-0.217229915957278,-30.6021709109648,
2.90028036359653));
#8591=CARTESIAN_POINT('Ctrl Pts',(14.4071440392969,-26.9995232167391,2.97942318791306));
#8592=CARTESIAN_POINT('Ctrl Pts',(25.5417787643206,-16.8569745463053,3.05856601222961));
#8593=CARTESIAN_POINT('Ctrl Pts',(30.4896115027332,-2.63128176231354,3.13770883654614));
#8594=CARTESIAN_POINT('Ctrl Pts',(28.052164196374,12.2317675419357,3.2168516608627));
#8595=CARTESIAN_POINT('Ctrl Pts',(18.8198422346403,24.1320034718117,3.29599448517923));
#8596=CARTESIAN_POINT('Ctrl Pts',(5.02892478903872,30.1869171789117,3.37513730949578));
#8597=CARTESIAN_POINT('Ctrl Pts',(-9.98011306087886,28.9298703175863,3.45428013381232));
#8598=CARTESIAN_POINT('Ctrl Pts',(-22.5717396615102,20.6653483385423,3.53342295812886));
#8599=CARTESIAN_POINT('Ctrl Pts',(-29.6959755581637,7.39520716067013,3.61256578244541));
#8600=CARTESIAN_POINT('Ctrl Pts',(-29.6271681561161,-7.66622203888632,3.69170860676195));
#8601=CARTESIAN_POINT('Ctrl Pts',(-22.3819841791537,-20.8707172254428,3.77085143107849));
#8602=CARTESIAN_POINT('Ctrl Pts',(-9.71537260853773,-29.0198481797814,3.84999425539504));
#8603=CARTESIAN_POINT('Ctrl Pts',(5.30452402925354,-30.1397093238032,3.92913707971158));
#8604=CARTESIAN_POINT('Ctrl Pts',(19.039543834267,-23.9590447197569,4.00827990402812));
#8605=CARTESIAN_POINT('Ctrl Pts',(28.1627514117563,-11.9749524516762,4.08742272834466));
#8606=CARTESIAN_POINT('Ctrl Pts',(30.4642975853778,2.90974671231478,4.16656555266121));
#8607=CARTESIAN_POINT('Ctrl Pts',(25.3866953229785,17.0896387872461,4.24570837697775));
#8608=CARTESIAN_POINT('Ctrl Pts',(14.1598558243262,27.1300301572736,4.32485120129429));
#8609=CARTESIAN_POINT('Ctrl Pts',(-0.496824052806115,30.5989087903612,4.40399402561084));
#8610=CARTESIAN_POINT('Ctrl Pts',(-15.0331618008621,26.6560330801375,4.48313684992738));
#8611=CARTESIAN_POINT('Ctrl Pts',(-25.9281245235989,16.2564575473574,4.56227967424392));
#8612=CARTESIAN_POINT('Ctrl Pts',(-30.542703495781,1.91919682916859,4.64142249856047));
#8613=CARTESIAN_POINT('Ctrl Pts',(-27.7591423302787,-12.8829371801467,4.72056532287701));
#8614=CARTESIAN_POINT('Ctrl Pts',(-18.2516830956454,-24.564529661209,4.79970814719355));
#8615=CARTESIAN_POINT('Ctrl Pts',(-4.32324949281816,-30.2960322009852,4.8788509715101));
#8616=CARTESIAN_POINT('Ctrl Pts',(10.652373845602,-28.6891440226755,4.95799379582664));
#8617=CARTESIAN_POINT('Ctrl Pts',(23.0477490236176,-20.1330901315376,5.03713662014318));
#8618=CARTESIAN_POINT('Ctrl Pts',(29.8604331619074,-6.70034213182747,5.11627944445973));
#8619=CARTESIAN_POINT('Ctrl Pts',(29.4402386149734,8.35538171442295,5.19542226877626));
#8620=CARTESIAN_POINT('Ctrl Pts',(21.8889460959647,21.3872413393648,5.27456509309281));
#8621=CARTESIAN_POINT('Ctrl Pts',(9.03565106409607,29.2386227984182,5.35370791740935));
#8622=CARTESIAN_POINT('Ctrl Pts',(-6.00628495748157,30.007742239459,5.4328507417259));
#8623=CARTESIAN_POINT('Ctrl Pts',(-19.593361626859,23.5083013733322,5.51199356604244));
#8624=CARTESIAN_POINT('Ctrl Pts',(-28.4344787545788,11.3146131730472,5.59113639035898));
#8625=CARTESIAN_POINT('Ctrl Pts',(-30.3881159119205,-3.61973267299773,5.67027921467553));
#8626=CARTESIAN_POINT('Ctrl Pts',(-24.9810575739326,-17.6772966199062,5.74942203899206));
#8627=CARTESIAN_POINT('Ctrl Pts',(-13.5230167240317,-27.453015717437,5.82856486330862));
#8628=CARTESIAN_POINT('Ctrl Pts',(1.2106075339476,-30.5789876009497,5.90770768762515));
#8629=CARTESIAN_POINT('Ctrl Pts',(15.6509950066135,-26.2980305080673,5.9868505119417));
#8630=CARTESIAN_POINT('Ctrl Pts',(26.3003541451596,-15.6470899894987,6.06599333625824));
#8631=CARTESIAN_POINT('Ctrl Pts',(30.5791670200623,-1.20606702111485,6.14513616057479));
#8632=CARTESIAN_POINT('Ctrl Pts',(27.4510074591645,13.5270929167052,6.22427898489132));
#8633=CARTESIAN_POINT('Ctrl Pts',(17.673587130255,24.9836820995139,6.30342180920787));
#8634=CARTESIAN_POINT('Ctrl Pts',(3.61522047505618,30.3886530503907,6.38256463352441));
#8635=CARTESIAN_POINT('Ctrl Pts',(-11.3188351219151,28.4327983987364,6.46170745784095));
#8636=CARTESIAN_POINT('Ctrl Pts',(-23.511210420715,19.5898707972551,6.5408502821575));
#8637=CARTESIAN_POINT('Ctrl Pts',(-30.0086337476614,6.00182921274853,6.61999310647404));
#8638=CARTESIAN_POINT('Ctrl Pts',(-29.2372808237985,-9.03999244085035,6.69913593079059));
#8639=CARTESIAN_POINT('Ctrl Pts',(-21.3839909388157,-21.8921215241677,6.77827875510712));
#8640=CARTESIAN_POINT('Ctrl Pts',(-8.35101020917084,-29.4414789334132,6.85742157942368));
#8641=CARTESIAN_POINT('Ctrl Pts',(6.70477586340027,-29.8594379371388,6.93656440374021));
#8642=CARTESIAN_POINT('Ctrl Pts',(20.1365121384135,-23.0447593218027,7.01570722805676));
#8643=CARTESIAN_POINT('Ctrl Pts',(28.6907254166578,-10.6481138407809,7.0948500523733));
#8644=CARTESIAN_POINT('Ctrl Pts',(30.2953899323448,4.32774793021309,7.17399287668984));
#8645=CARTESIAN_POINT('Ctrl Pts',(24.561819302075,18.2553303413687,7.25313570100638));
#8646=CARTESIAN_POINT('Ctrl Pts',(12.8788152413845,27.7610549381425,7.33227852532294));
#8647=CARTESIAN_POINT('Ctrl Pts',(-1.92373191987906,30.5424181884919,7.41142134963947));
#8648=CARTESIAN_POINT('Ctrl Pts',(-16.2603072875007,25.9257104090965,7.49056417395603));
#8649=CARTESIAN_POINT('Ctrl Pts',(-26.6582649747537,15.0292036327978,7.56970699827255));
#8650=CARTESIAN_POINT('Ctrl Pts',(-30.5989822236154,0.492280589858302,7.64884982258911));
#8651=CARTESIAN_POINT('Ctrl Pts',(-27.1279273419554,-14.1638840516953,7.72799264690564));
#8652=CARTESIAN_POINT('Ctrl Pts',(-17.0858690732368,-25.3892325861278,7.8071354712222));
#8653=CARTESIAN_POINT('Ctrl Pts',(-2.90522321041748,-30.4647293012417,7.88627829553872));
#8654=CARTESIAN_POINT('Ctrl Pts',(11.9791340460213,-28.1609730088954,7.96542111985528));
#8655=CARTESIAN_POINT('Ctrl Pts',(23.9618715289252,-19.0359860824589,8.04456394417181));
#8656=CARTESIAN_POINT('Ctrl Pts',(30.1404966300726,-5.3000486972166,8.12370676848836));
#8657=CARTESIAN_POINT('Ctrl Pts',(29.0184052795973,9.71968149320345,8.2028495928049));
#8658=CARTESIAN_POINT('Ctrl Pts',(20.8673936221743,22.3850829062016,8.28199241712146));
#8659=CARTESIAN_POINT('Ctrl Pts',(7.66182278512964,29.628306143105,8.36113524143798));
#8660=CARTESIAN_POINT('Ctrl Pts',(-7.3996164652113,29.6948771586625,8.44027806575454));
#8661=CARTESIAN_POINT('Ctrl Pts',(-20.6686996596349,22.5686709329569,8.51942089007107));
#8662=CARTESIAN_POINT('Ctrl Pts',(-28.9313518887446,9.97581731939409,8.59856371438763));
#8663=CARTESIAN_POINT('Ctrl Pts',(-30.1861701297737,-5.03340701678705,8.67770653870416));
#8664=CARTESIAN_POINT('Ctrl Pts',(-24.1292087547352,-18.8234252507533,8.75684936302072));
#8665=CARTESIAN_POINT('Ctrl Pts',(-12.2276021012056,-28.0539801125416,8.83599218733724));
#8666=CARTESIAN_POINT('Ctrl Pts',(2.63580896184712,-30.4892204625984,8.9151350116538));
#8667=CARTESIAN_POINT('Ctrl Pts',(16.8607669135502,-25.5392754867325,8.99427783597032));
#8668=CARTESIAN_POINT('Ctrl Pts',(27.0016621537614,-14.4031348752421,9.0734206602869));
#8669=CARTESIAN_POINT('Ctrl Pts',(30.6021383183813,0.221773855407363,9.1525634846034));
#8670=CARTESIAN_POINT('Ctrl Pts',(26.7900778742673,14.7929638947364,9.23170630891997));
#8671=CARTESIAN_POINT('Ctrl Pts',(16.4888488979477,25.780960325809,9.3108491332365));
#8672=CARTESIAN_POINT('Ctrl Pts',(2.19364424514685,30.5242195350843,9.38999195755306));
#8673=CARTESIAN_POINT('Ctrl Pts',(-12.6329111291139,27.8738158439815,9.46913478186959));
#8674=CARTESIAN_POINT('Ctrl Pts',(-24.3994869932761,18.4717375405032,9.54827760618615));
#8675=CARTESIAN_POINT('Ctrl Pts',(-30.2559500185799,4.59538265800354,9.62742043050267));
#8676=CARTESIAN_POINT('Ctrl Pts',(-28.7837311455329,-10.3940788260414,9.70656325481923));
#8677=CARTESIAN_POINT('Ctrl Pts',(-20.3394353988885,-22.8658571008114,9.78570607913575));
#8678=CARTESIAN_POINT('Ctrl Pts',(-6.96846400864428,-29.7990027125156,9.86484890345232));
#8679=CARTESIAN_POINT('Ctrl Pts',(8.09042846846375,-29.5141494964187,9.94399172776884));
#8680=CARTESIAN_POINT('Ctrl Pts',(21.1896344498474,-22.0802954052279,10.0231345520854));
#8681=CARTESIAN_POINT('Ctrl Pts',(29.1562271657441,-9.298089629586,10.1022773764019));
#8682=CARTESIAN_POINT('Ctrl Pts',(30.0605159671187,5.73632574832412,10.1814202007185));
#8683=CARTESIAN_POINT('Ctrl Pts',(23.6834614595567,19.3812720582003,10.260563025035));
#8684=CARTESIAN_POINT('Ctrl Pts',(11.569731845698,28.3316317623769,10.3397058493516));
#8685=CARTESIAN_POINT('Ctrl Pts',(-3.34645098130605,30.4194233858894,10.4188486736681));
#8686=CARTESIAN_POINT('Ctrl Pts',(-17.4520469744691,25.138936129065,10.4979914979846));
#8687=CARTESIAN_POINT('Ctrl Pts',(-27.3303587252794,13.7692245695911,10.5771343223012));
#8688=CARTESIAN_POINT('Ctrl Pts',(-30.5886335860765,-0.935707559573222,
10.6562771466177));
#8689=CARTESIAN_POINT('Ctrl Pts',(-26.4376429926435,-15.4139899537339,10.7354199709343));
#8690=CARTESIAN_POINT('Ctrl Pts',(-15.8828516421277,-26.1586520488813,10.8145627952508));
#8691=CARTESIAN_POINT('Ctrl Pts',(-1.4808709866199,-30.5670913634463,10.8937056195674));
#8692=CARTESIAN_POINT('Ctrl Pts',(13.2798104330936,-27.5714832419545,10.9728484438839));
#8693=CARTESIAN_POINT('Ctrl Pts',(24.8238185612801,-17.8974323671562,11.0519912682004));
#8694=CARTESIAN_POINT('Ctrl Pts',(30.3549310564992,-3.88821473885687,11.131134092517));
#8695=CARTESIAN_POINT('Ctrl Pts',(28.5333861860485,11.0628172749125,11.2102769168335));
#8696=CARTESIAN_POINT('Ctrl Pts',(19.8004037070635,23.3341823584541,11.2894197411501));
#8697=CARTESIAN_POINT('Ctrl Pts',(6.27131136741038,29.9534757087265,11.3685625654666));
#8698=CARTESIAN_POINT('Ctrl Pts',(-8.77683577201095,29.3173533445882,11.4477053897832));
#8699=CARTESIAN_POINT('Ctrl Pts',(-21.6990328947369,21.5798986265787,11.5268482140997));
#8700=CARTESIAN_POINT('Ctrl Pts',(-29.3652288180382,8.6152997489664,11.6059910384163));
#8701=CARTESIAN_POINT('Ctrl Pts',(-29.9184958547064,-6.43612143236927,11.6851338627328));
#8702=CARTESIAN_POINT('Ctrl Pts',(-23.2248200962673,-19.9285670532605,11.7642766870493));
#8703=CARTESIAN_POINT('Ctrl Pts',(-10.90556264142,-28.5938587248092,11.8434195113659));
#8704=CARTESIAN_POINT('Ctrl Pts',(4.05527108098543,-30.3330649582268,11.9225623356824));
#8705=CARTESIAN_POINT('Ctrl Pts',(18.0338255576271,-24.7249102942228,12.001705159999));
#8706=CARTESIAN_POINT('Ctrl Pts',(27.6441757359064,-13.1278178378058,12.0808479843155));
#8707=CARTESIAN_POINT('Ctrl Pts',(30.5584753791284,1.6491318332645,12.1599908086321));
#8708=CARTESIAN_POINT('Ctrl Pts',(26.0708145744158,16.0266241213399,12.2391336329486));
#8709=CARTESIAN_POINT('Ctrl Pts',(15.2682072309413,26.5221021273449,12.3182764572652));
#8710=CARTESIAN_POINT('Ctrl Pts',(0.767291492425517,30.5933214454713,12.3974192815817));
#8711=CARTESIAN_POINT('Ctrl Pts',(-13.9194797643552,27.2541398027894,12.4765621058982));
#8712=CARTESIAN_POINT('Ctrl Pts',(-25.2346352126471,17.313383233352,12.5557049302148));
#8713=CARTESIAN_POINT('Ctrl Pts',(-30.4373858552448,3.17892994563091,12.6348477545314));
#8714=CARTESIAN_POINT('Ctrl Pts',(-28.2675066973084,-11.7255327562506,12.7139905788478));
#8715=CARTESIAN_POINT('Ctrl Pts',(-19.2505920135712,-23.7898037072043,12.7931334031644));
#8716=CARTESIAN_POINT('Ctrl Pts',(-5.57074441462997,-30.0916410314751,12.8722762274809));
#8717=CARTESIAN_POINT('Ctrl Pts',(9.4584646727712,-29.1045958455744,12.9514190517975));
#8718=CARTESIAN_POINT('Ctrl Pts',(22.1966176607617,-21.067753029743,13.030561876114));
#8719=CARTESIAN_POINT('Ctrl Pts',(29.5582430581411,-7.92781941117093,13.1097047004306));
#8720=CARTESIAN_POINT('Ctrl Pts',(29.7601871130333,7.13241307675952,13.1888475247471));
#8721=CARTESIAN_POINT('Ctrl Pts',(22.7535343645568,20.4650122702435,13.2679903490637));
#8722=CARTESIAN_POINT('Ctrl Pts',(10.2354560842881,28.8405182347144,13.3471331733802));
#8723=CARTESIAN_POINT('Ctrl Pts',(-4.76188335552844,30.2301921960252,13.4262759976968));
#8724=CARTESIAN_POINT('Ctrl Pts',(-18.6057859233152,24.2974233917106,13.5054188220133));
#8725=CARTESIAN_POINT('Ctrl Pts',(-27.9429423331711,12.4792638831528,13.5845616463298));
#8726=CARTESIAN_POINT('Ctrl Pts',(-30.5116801166734,-2.3616582644579,13.6637044706464));
#8727=CARTESIAN_POINT('Ctrl Pts',(-25.6897923332368,-16.6305328590352,13.7428472949629));
#8728=CARTESIAN_POINT('Ctrl Pts',(-14.6452502973518,-26.8711126868279,13.8219901192795));
#8729=CARTESIAN_POINT('Ctrl Pts',(-0.0532942590935007,-30.6028955006259,
13.901132943596));
#8730=CARTESIAN_POINT('Ctrl Pts',(14.5515708655317,-26.9219582988625,13.9802757679125));
#8731=CARTESIAN_POINT('Ctrl Pts',(25.6317132850594,-16.7199081149627,14.0594185922291));
#8732=CARTESIAN_POINT('Ctrl Pts',(30.5032695236678,-2.46791443667702,14.1385614165456));
#8733=CARTESIAN_POINT('Ctrl Pts',(27.9862374329945,12.3818644655943,14.2177042408622));
#8734=CARTESIAN_POINT('Ctrl Pts',(18.6902996542767,24.2324730915692,14.2968470651787));
#8735=CARTESIAN_POINT('Ctrl Pts',(4.86714456237161,30.2134234589406,14.3759898894953));
#8736=CARTESIAN_POINT('Ctrl Pts',(-10.1349440691849,28.8759928316722,14.4551327138118));
#8737=CARTESIAN_POINT('Ctrl Pts',(-22.6821178461417,20.5441374439042,14.5342755381284));
#8738=CARTESIAN_POINT('Ctrl Pts',(-29.7351648026482,7.23602290347639,14.6134183624449));
#8739=CARTESIAN_POINT('Ctrl Pts',(-29.5856759306705,-7.82482159704805,14.6925611867614));
#8740=CARTESIAN_POINT('Ctrl Pts',(-22.2698608481316,-20.9903156504408,14.771704011078));
#8741=CARTESIAN_POINT('Ctrl Pts',(-9.55977700271247,-29.0714760024099,14.8508468353945));
#8742=CARTESIAN_POINT('Ctrl Pts',(5.46590310159214,-30.1108611066553,14.929989659711));
#8743=CARTESIAN_POINT('Ctrl Pts',(19.1676166771918,-23.8567081596881,15.0091324840276));
#8744=CARTESIAN_POINT('Ctrl Pts',(28.2264958585515,-11.8239158000834,15.0882753083441));
#8745=CARTESIAN_POINT('Ctrl Pts',(30.4482732756164,3.07289892994698,15.1674181326607));
#8746=CARTESIAN_POINT('Ctrl Pts',(25.2947837103516,17.2253873787156,15.2465609569772));
#8747=CARTESIAN_POINT('Ctrl Pts',(14.0143199999381,27.2054937143147,15.3257037812938));
#8748=CARTESIAN_POINT('Ctrl Pts',(-0.660731989414643,30.5958083164746,15.4048466056103));
#8749=CARTESIAN_POINT('Ctrl Pts',(-15.1757396050983,26.5751195808884,15.4839894299269));
#8750=CARTESIAN_POINT('Ctrl Pts',(-26.0148365959406,16.117330119682,15.5631322542434));
#8751=CARTESIAN_POINT('Ctrl Pts',(-30.5525461924969,1.75555531260518,15.64227507856));
#8752=CARTESIAN_POINT('Ctrl Pts',(-27.6897315254962,-13.0314550740192,15.7214179028765));
#8753=CARTESIAN_POINT('Ctrl Pts',(-18.1198316710696,-24.6619495075423,15.8005607271931));
#8754=CARTESIAN_POINT('Ctrl Pts',(-4.16089487391427,-30.3187566886916,15.8797035515096));
#8755=CARTESIAN_POINT('Ctrl Pts',(10.8059056632574,-28.6316687620177,15.9588463758261));
#8756=CARTESIAN_POINT('Ctrl Pts',(23.1552691283452,-20.0093369428628,16.0379892001427));
#8757=CARTESIAN_POINT('Ctrl Pts',(29.8958977294518,-6.5402868630782,16.1171320244592));
#8758=CARTESIAN_POINT('Ctrl Pts',(29.3950573173315,8.5129700229882,16.1962748487758));
#8759=CARTESIAN_POINT('Ctrl Pts',(21.7740628750369,21.5041912009461,16.2754176730923));
#8760=CARTESIAN_POINT('Ctrl Pts',(8.87889325894403,29.2866062871216,16.3545604974089));
#8761=CARTESIAN_POINT('Ctrl Pts',(-6.16694702724008,29.9751366572742,16.4337033217254));
#8762=CARTESIAN_POINT('Ctrl Pts',(-19.7190119399129,23.4030045395505,16.5128461460419));
#8763=CARTESIAN_POINT('Ctrl Pts',(-28.4946819358376,11.1621303795424,16.5919889703585));
#8764=CARTESIAN_POINT('Ctrl Pts',(-30.3682893771264,-3.78246660184733,16.671131794675));
#8765=CARTESIAN_POINT('Ctrl Pts',(-24.886003760963,-17.8108638306356,16.7502746189916));
#8766=CARTESIAN_POINT('Ctrl Pts',(-13.3757598395713,-27.5250631445542,16.8294174433081));
#8767=CARTESIAN_POINT('Ctrl Pts',(1.37439851586948,-30.5720637840049,16.9085602676247));
#8768=CARTESIAN_POINT('Ctrl Pts',(15.7916461599077,-26.213812417528,16.9877030919412));
#8769=CARTESIAN_POINT('Ctrl Pts',(26.3837965693429,-15.5059774291739,17.0668459162577));
#8770=CARTESIAN_POINT('Ctrl Pts',(30.5851890163486,-1.04224018047607,17.1459887405743));
#8771=CARTESIAN_POINT('Ctrl Pts',(27.3781504359356,13.6739504936513,17.2251315648908));
#8772=CARTESIAN_POINT('Ctrl Pts',(17.5394985821303,25.0779999516732,17.3042743892074));
#8773=CARTESIAN_POINT('Ctrl Pts',(3.4523799765521,30.4075818146899,17.3834172135239));
#8774=CARTESIAN_POINT('Ctrl Pts',(-11.4709843924051,28.3717596269388,17.4625600378404));
#8775=CARTESIAN_POINT('Ctrl Pts',(-23.6158134669953,19.4636370240824,17.541702862157));
#8776=CARTESIAN_POINT('Ctrl Pts',(-30.0403551708585,5.8410008727115,17.6208456864735));
#8777=CARTESIAN_POINT('Ctrl Pts',(-29.1884334495583,-9.19650429322131,17.6999885107901));
#8778=CARTESIAN_POINT('Ctrl Pts',(-21.2664134293068,-22.0063199001649,17.7791313351066));
#8779=CARTESIAN_POINT('Ctrl Pts',(-8.19316972509397,-29.4858667915403,17.8582741594232));
#8780=CARTESIAN_POINT('Ctrl Pts',(6.86462235967464,-29.8229500704128,17.9374169837397));
#8781=CARTESIAN_POINT('Ctrl Pts',(20.2596926682554,-22.9368317560929,18.0165598080563));
#8782=CARTESIAN_POINT('Ctrl Pts',(28.7473142910893,-10.4937469055383,18.0957026323728));
#8783=CARTESIAN_POINT('Ctrl Pts',(30.2718481760808,4.48896350878533,18.1748454566893));
#8784=CARTESIAN_POINT('Ctrl Pts',(24.4635341654445,18.3887299423745,18.2539882810059));
#8785=CARTESIAN_POINT('Ctrl Pts',(16.6413094162462,24.6791808959114,18.3067501638836));
#8786=CARTESIAN_POINT('Ctrl Pts',(12.2149702970022,26.7038897099908,18.3331311053224));
#8787=CARTESIAN_POINT('Ctrl Pts',(12.4549852079972,27.2286009091281,18.));
#8788=CARTESIAN_POINT('Ctrl Pts',(16.968298537076,25.1641081009835,17.9736190585612));
#8789=CARTESIAN_POINT('Ctrl Pts',(20.9562613063673,21.9570813267492,17.9472381171223));
#8790=CARTESIAN_POINT('Ctrl Pts',(23.9373165210061,17.9914202209505,17.9208571756835));
#8791=CARTESIAN_POINT('Ctrl Pts',(26.9183717356451,14.0257591151515,17.8944762342446));
#8792=CARTESIAN_POINT('Ctrl Pts',(28.8925193956315,9.30146367778742,17.8680952928058));
#8793=CARTESIAN_POINT('Ctrl Pts',(29.6205115888437,4.39313107219006,17.8417143513669));
#8794=CARTESIAN_POINT('Ctrl Pts',(30.348503782056,-0.515201533407576,17.8153334099281));
#8795=CARTESIAN_POINT('Ctrl Pts',(29.8303405084944,-5.60757130723831,17.7889524684892));
#8796=CARTESIAN_POINT('Ctrl Pts',(28.128859378945,-10.2683532007682,17.7625715270504));
#8797=CARTESIAN_POINT('Ctrl Pts',(26.4273782493956,-14.929135094298,17.7361905856115));
#8798=CARTESIAN_POINT('Ctrl Pts',(23.5425792638584,-19.1583291075259,17.7098096441727));
#8799=CARTESIAN_POINT('Ctrl Pts',(19.823800889317,-22.4431636677319,17.6834287027338));
#8800=CARTESIAN_POINT('Ctrl Pts',(16.1050225147757,-25.7279982279378,17.657047761295));
#8801=CARTESIAN_POINT('Ctrl Pts',(11.5522647512298,-28.0684733351219,17.6306668198561));
#8802=CARTESIAN_POINT('Ctrl Pts',(6.71694148781149,-29.181426437065,17.6042858784173));
#8803=CARTESIAN_POINT('Ctrl Pts',(1.88161822439317,-30.294379539008,17.5779049369784));
#8804=CARTESIAN_POINT('Ctrl Pts',(-3.23627053889797,-30.1798106357102,17.5515239955396));
#8805=CARTESIAN_POINT('Ctrl Pts',(-8.01690209343389,-28.8514404639775,17.5251430541007));
#8806=CARTESIAN_POINT('Ctrl Pts',(-12.7975336479695,-27.5230702922448,17.4987621126619));
#8807=CARTESIAN_POINT('Ctrl Pts',(-17.2409079937498,-24.9808988520774,17.472381171223));
#8808=CARTESIAN_POINT('Ctrl Pts',(-20.8088754518228,-21.5328933357335,17.4460002297842));
#8809=CARTESIAN_POINT('Ctrl Pts',(-24.3768429098959,-18.0848878193894,17.4196192883454));
#8810=CARTESIAN_POINT('Ctrl Pts',(-27.0694034802616,-13.7310482268688,17.3932383469065));
#8811=CARTESIAN_POINT('Ctrl Pts',(-28.5604606550476,-8.99863163919943,17.3668574054677));
#8812=CARTESIAN_POINT('Ctrl Pts',(-29.4756816684964,-6.09384221953801,17.3506646045693));
#8813=CARTESIAN_POINT('Ctrl Pts',(-29.9382257385897,-3.04642059623987,17.3344718036709));
#8814=CARTESIAN_POINT('Ctrl Pts',(-29.9399826774282,0.000480000264875269,
17.3182790027725));
#8815=CARTESIAN_POINT('Origin',(0.,0.,0.));
#8816=CARTESIAN_POINT('Origin',(12.25,12.25,0.));
#8817=CARTESIAN_POINT('',(11.15,12.25,5.));
#8818=CARTESIAN_POINT('Origin',(12.25,12.25,5.));
#8819=CARTESIAN_POINT('',(11.15,12.25,0.));
#8820=CARTESIAN_POINT('',(11.15,12.25,0.));
#8821=CARTESIAN_POINT('Origin',(12.25,12.25,0.));
#8822=CARTESIAN_POINT('Origin',(12.25,-12.25,0.));
#8823=CARTESIAN_POINT('',(11.15,-12.25,5.));
#8824=CARTESIAN_POINT('Origin',(12.25,-12.25,5.));
#8825=CARTESIAN_POINT('',(11.15,-12.25,0.));
#8826=CARTESIAN_POINT('',(11.15,-12.25,0.));
#8827=CARTESIAN_POINT('Origin',(12.25,-12.25,0.));
#8828=CARTESIAN_POINT('Origin',(-12.25,12.25,0.));
#8829=CARTESIAN_POINT('',(-13.35,12.25,5.));
#8830=CARTESIAN_POINT('Origin',(-12.25,12.25,5.));
#8831=CARTESIAN_POINT('',(-13.35,12.25,0.));
#8832=CARTESIAN_POINT('',(-13.35,12.25,0.));
#8833=CARTESIAN_POINT('Origin',(-12.25,12.25,0.));
#8834=CARTESIAN_POINT('Origin',(-7.79422863405995,-4.5,0.));
#8835=CARTESIAN_POINT('',(-7.79422863405995,-4.5,0.));
#8836=CARTESIAN_POINT('',(-11.9,-4.5,0.));
#8837=CARTESIAN_POINT('',(-11.9,-4.5,0.));
#8838=CARTESIAN_POINT('',(-11.9,-4.5,5.));
#8839=CARTESIAN_POINT('',(-11.9,-4.5,0.));
#8840=CARTESIAN_POINT('',(-7.79422863405995,-4.5,5.));
#8841=CARTESIAN_POINT('',(-11.9,-4.5,5.));
#8842=CARTESIAN_POINT('',(-7.79422863405995,-4.5,0.));
#8843=CARTESIAN_POINT('Origin',(0.,0.,0.));
#8844=CARTESIAN_POINT('',(-5.65685424949238,7.,0.));
#8845=CARTESIAN_POINT('Origin',(0.,0.,0.));
#8846=CARTESIAN_POINT('',(-5.65685424949238,7.,5.));
#8847=CARTESIAN_POINT('Origin',(0.,0.,5.));
#8848=CARTESIAN_POINT('',(-5.65685424949238,7.,0.));
#8849=CARTESIAN_POINT('Origin',(-11.9,7.,0.));
#8850=CARTESIAN_POINT('',(-11.9,7.,0.));
#8851=CARTESIAN_POINT('',(-5.65685424949238,7.,0.));
#8852=CARTESIAN_POINT('',(-11.9,7.,5.));
#8853=CARTESIAN_POINT('',(-5.65685424949238,7.,5.));
#8854=CARTESIAN_POINT('',(-11.9,7.,0.));
#8855=CARTESIAN_POINT('Origin',(-11.9,-4.5,0.));
#8856=CARTESIAN_POINT('',(-11.9,7.,0.));
#8857=CARTESIAN_POINT('',(-11.9,7.,5.));
#8858=CARTESIAN_POINT('Origin',(-12.25,-12.25,0.));
#8859=CARTESIAN_POINT('',(-13.35,-12.25,5.));
#8860=CARTESIAN_POINT('Origin',(-12.25,-12.25,5.));
#8861=CARTESIAN_POINT('',(-13.35,-12.25,0.));
#8862=CARTESIAN_POINT('',(-13.35,-12.25,0.));
#8863=CARTESIAN_POINT('Origin',(-12.25,-12.25,0.));
#8864=CARTESIAN_POINT('Origin',(0.,0.,5.));
#8865=CARTESIAN_POINT('Origin',(0.,0.,0.));
#8866=UNCERTAINTY_MEASURE_WITH_UNIT(LENGTH_MEASURE(0.01),#8870,
'DISTANCE_ACCURACY_VALUE',
'Maximum model space distance between geometric entities at asserted c
onnectivities');
#8867=UNCERTAINTY_MEASURE_WITH_UNIT(LENGTH_MEASURE(0.01),#8870,
'DISTANCE_ACCURACY_VALUE',
'Maximum model space distance between geometric entities at asserted c
onnectivities');
#8868=(
GEOMETRIC_REPRESENTATION_CONTEXT(3)
GLOBAL_UNCERTAINTY_ASSIGNED_CONTEXT((#8866))
GLOBAL_UNIT_ASSIGNED_CONTEXT((#8870,#8872,#8873))
REPRESENTATION_CONTEXT('','3D')
);
#8869=(
GEOMETRIC_REPRESENTATION_CONTEXT(3)
GLOBAL_UNCERTAINTY_ASSIGNED_CONTEXT((#8867))
GLOBAL_UNIT_ASSIGNED_CONTEXT((#8870,#8872,#8873))
REPRESENTATION_CONTEXT('','3D')
);
#8870=(
LENGTH_UNIT()
NAMED_UNIT(*)
SI_UNIT(.MILLI.,.METRE.)
);
#8871=(
LENGTH_UNIT()
NAMED_UNIT(*)
SI_UNIT($,.METRE.)
);
#8872=(
NAMED_UNIT(*)
PLANE_ANGLE_UNIT()
SI_UNIT($,.RADIAN.)
);
#8873=(
NAMED_UNIT(*)
SI_UNIT($,.STERADIAN.)
SOLID_ANGLE_UNIT()
);
#8874=SHAPE_DEFINITION_REPRESENTATION(#8875,#8876);
#8875=PRODUCT_DEFINITION_SHAPE('',$,#8878);
#8876=SHAPE_REPRESENTATION('',(#1428),#8868);
#8877=PRODUCT_DEFINITION_CONTEXT('part definition',#8882,'design');
#8878=PRODUCT_DEFINITION('2026-08-03-19-32-33-806',
'camearaHolderCamera',#8879,#8877);
#8879=PRODUCT_DEFINITION_FORMATION('',$,#8884);
#8880=PRODUCT_RELATED_PRODUCT_CATEGORY('camearaHolderCamera',
'camearaHolderCamera',(#8884));
#8881=APPLICATION_PROTOCOL_DEFINITION('international standard',
'automotive_design',2009,#8882);
#8882=APPLICATION_CONTEXT(
'Core Data for Automotive Mechanical Design Process');
#8883=PRODUCT_CONTEXT('part definition',#8882,'mechanical');
#8884=PRODUCT('2026-08-03-19-32-33-806','camearaHolderCamera',$,(#8883));
#8885=PRESENTATION_STYLE_ASSIGNMENT((#8886));
#8886=SURFACE_STYLE_USAGE(.BOTH.,#8887);
#8887=SURFACE_SIDE_STYLE('',(#8888));
#8888=SURFACE_STYLE_FILL_AREA(#8889);
#8889=FILL_AREA_STYLE('Steel - Satin',(#8890));
#8890=FILL_AREA_STYLE_COLOUR('Steel - Satin',#8891);
#8891=COLOUR_RGB('Steel - Satin',0.627450980392157,0.627450980392157,0.627450980392157);
ENDSEC;
END-ISO-10303-21;
